model,train_dataset,layer_type,layer,num_samples,eval_dataset,split_seed,train_size,test_size,train_hall,train_not_hall,test_hall,test_not_hall,fit_time_s,model_params,precision,recall,accuracy,f1,auroc,total_runtime_s,num_splits,created_at_utc
Qwen2.5-7B,belief_bank_facts,mlp,0,27416,belief_bank_facts,2,4978,8225,2489,2489,1067,7158,11.0118,3585,0.8565539983511954,0.9737582005623243,0.9754407294832826,0.9114035087719298,0.9852610497610109,40.463,10,2026-09-18T18:11:20.653599+00:00
Qwen2.5-7B,belief_bank_facts,mlp,0,27416,belief_bank_facts,4,4978,8225,2489,2489,1067,7158,11.559,3585,0.8550124275062138,0.9671977507029054,0.9744680851063829,0.9076517150395779,0.9889067042911203,52.791,10,2026-09-18T18:11:20.653599+00:00
Qwen2.5-7B,belief_bank_facts,mlp,0,27416,belief_bank_facts,24,4978,8225,2489,2489,1067,7158,11.4101,3585,0.8768177929854577,0.9606373008434864,0.977386018237082,0.9168157423971377,0.9855319468743136,64.942,10,2026-09-18T18:11:20.653599+00:00
Qwen2.5-7B,belief_bank_facts,mlp,0,27416,belief_bank_facts,42,4978,8225,2489,2489,1067,7158,13.3521,3585,0.833998403830806,0.979381443298969,0.9720364741641337,0.9008620689655172,0.9926319651261537,79.031,10,2026-09-18T18:11:20.653599+00:00
Qwen2.5-7B,belief_bank_facts,mlp,0,27416,belief_bank_facts,64,4978,8225,2489,2489,1067,7158,11.4302,3585,0.8365695792880259,0.9690721649484536,0.9714285714285714,0.8979591836734694,0.9897918007077106,91.226,10,2026-09-18T18:11:20.653599+00:00
Qwen2.5-7B,belief_bank_facts,mlp,0,27416,belief_bank_facts,67,4978,8225,2489,2489,1067,7158,11.5009,3585,0.8474714518760196,0.9737582005623243,0.9738601823708206,0.9062363715656345,0.9914022572053525,103.492,10,2026-09-18T18:11:20.653599+00:00
Qwen2.5-7B,belief_bank_facts,mlp,0,27416,belief_bank_facts,104,4978,8225,2489,2489,1067,7158,12.0826,3585,0.8234362628661916,0.9746954076850984,0.9696048632218845,0.8927038626609443,0.9897636504518574,116.307,10,2026-09-18T18:11:20.653599+00:00
Qwen2.5-7B,belief_bank_facts,mlp,0,27416,belief_bank_facts,123,4978,8225,2489,2489,1067,7158,12.0356,3585,0.8294820717131474,0.9756326148078726,0.9708206686930091,0.896640826873385,0.9889927262357504,129.093,10,2026-09-18T18:11:20.653599+00:00
Qwen2.5-7B,belief_bank_facts,mlp,0,27416,belief_bank_facts,420,4978,8225,2489,2489,1067,7158,10.4067,3585,0.8461538461538461,0.9690721649484536,0.9731306990881459,0.9034512887723897,0.9851555190344174,140.24,10,2026-09-18T18:11:20.653599+00:00
Qwen2.5-7B,belief_bank_facts,mlp,0,27416,belief_bank_facts,511,4978,8225,2489,2489,1067,7158,11.9635,3585,0.841000807102502,0.9765698219306467,0.9730091185410334,0.9037294015611448,0.9904882249443737,152.96,10,2026-09-18T18:11:20.653599+00:00
Qwen2.5-7B,belief_bank_facts,mlp,0,27416,belief_bank_facts,mean,0,0,0,0,0,0,11.67525,3585.0,0.8446496641673406,0.9719775070290535,0.9731185410334346,0.9037453970281131,0.9887925844632062,4936.843,10,2026-09-18T18:11:20.653599+00:00
Qwen2.5-7B,belief_bank_facts,mlp,0,27416,belief_bank_facts,std,0,0,0,0,0,0,0.7358227466584599,0.0,0.014718115128208562,0.005208882186163165,0.0021826671319699056,0.006820673556090499,0.0025050479921855137,4936.843,10,2026-09-18T18:11:20.653599+00:00
Qwen2.5-7B,belief_bank_facts,mlp,0,27416,belief_bank_constraints,2,4978,25686,2489,2489,10018,15668,8.9288,3585,0.3117254528122021,0.03264124575763625,0.594604064470918,0.05909460558416915,0.5834188147318997,163.361,10,2026-09-18T18:11:20.653599+00:00
Qwen2.5-7B,belief_bank_facts,mlp,0,27416,belief_bank_constraints,4,4978,25686,2489,2489,10018,15668,9.937,3585,0.4,0.10461169894190457,0.5895818733940668,0.1658490267447381,0.6363047599335239,174.766,10,2026-09-18T18:11:20.653599+00:00
Qwen2.5-7B,belief_bank_facts,mlp,0,27416,belief_bank_constraints,24,4978,25686,2489,2489,10018,15668,9.816,3585,0.40437746681019016,0.11249750449191455,0.5892314879701005,0.1760249902381882,0.5884300013868322,186.016,10,2026-09-18T18:11:20.653599+00:00
Qwen2.5-7B,belief_bank_facts,mlp,0,27416,belief_bank_constraints,42,4978,25686,2489,2489,10018,15668,11.9226,3585,0.4632445250383596,0.3315032940706728,0.5894650782527446,0.38645487868738,0.6269135966289529,199.379,10,2026-09-18T18:11:20.653599+00:00
Qwen2.5-7B,belief_bank_facts,mlp,0,27416,belief_bank_constraints,64,4978,25686,2489,2489,10018,15668,9.6584,3585,0.3995726495726496,0.07466560191655021,0.5953437670326248,0.12582001682085786,0.65614564195477,210.519,10,2026-09-18T18:11:20.653599+00:00
Qwen2.5-7B,belief_bank_facts,mlp,0,27416,belief_bank_constraints,67,4978,25686,2489,2489,10018,15668,9.709,3585,0.470990990990991,0.13046516270712716,0.6037140854940435,0.20433049323848979,0.6630646149160258,221.707,10,2026-09-18T18:11:20.653599+00:00
Qwen2.5-7B,belief_bank_facts,mlp,0,27416,belief_bank_constraints,104,4978,25686,2489,2489,10018,15668,10.5041,3585,0.5011441647597255,0.37163106408464763,0.6106439305458227,0.42677824267782427,0.6599784352933675,233.705,10,2026-09-18T18:11:20.653599+00:00
Qwen2.5-7B,belief_bank_facts,mlp,0,27416,belief_bank_constraints,123,4978,25686,2489,2489,10018,15668,10.4689,3585,0.4421613394216134,0.2899780395288481,0.5803939889433933,0.3502531950807813,0.6304321929487862,245.639,10,2026-09-18T18:11:20.653599+00:00
Qwen2.5-7B,belief_bank_facts,mlp,0,27416,belief_bank_constraints,420,4978,25686,2489,2489,10018,15668,10.3142,3585,0.5623368146214099,0.3439808344979038,0.6397259207350308,0.426854948594079,0.6931979865397251,257.42,10,2026-09-18T18:11:20.653599+00:00
Qwen2.5-7B,belief_bank_facts,mlp,0,27416,belief_bank_constraints,511,4978,25686,2489,2489,10018,15668,11.9669,3585,0.4773162066138289,0.34867238969854264,0.5970567624386826,0.40297646515920627,0.6470707653464,270.859,10,2026-09-18T18:11:20.653599+00:00
Qwen2.5-7B,belief_bank_facts,mlp,0,27416,belief_bank_constraints,mean,0,0,0,0,0,0,10.32259,3585.0,0.443286961064097,0.21406468356957475,0.5989760959277427,0.2724436862825714,0.6384956809680283,4936.843,10,2026-09-18T18:11:20.653599+00:00
Qwen2.5-7B,belief_bank_facts,mlp,0,27416,belief_bank_constraints,std,0,0,0,0,0,0,0.9210762698604279,0.0,0.06515556698102033,0.12688993864397677,0.015729241569084666,0.1326907665881132,0.03191635128974751,4936.843,10,2026-09-18T18:11:20.653599+00:00
Qwen2.5-7B,belief_bank_facts,mlp,0,27416,halu_eval,2,4978,10000,2489,2489,2812,7188,8.9552,3585,0.2882633827594873,0.40789473684210525,0.5503,0.3378000294507436,0.5060890315453843,280.619,10,2026-09-18T18:11:20.653599+00:00
Qwen2.5-7B,belief_bank_facts,mlp,0,27416,halu_eval,4,4978,10000,2489,2489,2812,7188,9.84,3585,0.28994082840236685,0.4007823613086771,0.5555,0.33646812957157785,0.5092155380272637,291.262,10,2026-09-18T18:11:20.653599+00:00
Qwen2.5-7B,belief_bank_facts,mlp,0,27416,halu_eval,24,4978,10000,2489,2489,2812,7188,9.8305,3585,0.28891887333445776,0.6091749644381224,0.4685,0.3919460016016474,0.5096635741487907,301.898,10,2026-09-18T18:11:20.653599+00:00
Qwen2.5-7B,belief_bank_facts,mlp,0,27416,halu_eval,42,4978,10000,2489,2489,2812,7188,11.5528,3585,0.28697880270207315,0.43812233285917496,0.5359,0.34679802955665023,0.506211751686666,314.249,10,2026-09-18T18:11:20.653599+00:00
Qwen2.5-7B,belief_bank_facts,mlp,0,27416,halu_eval,64,4978,10000,2489,2489,2812,7188,8.8698,3585,0.2935656836461126,0.31152204836415365,0.5956,0.3022774327122153,0.5045454442009008,323.914,10,2026-09-18T18:11:20.653599+00:00
Qwen2.5-7B,belief_bank_facts,mlp,0,27416,halu_eval,67,4978,10000,2489,2489,2812,7188,9.1766,3585,0.2779291553133515,0.25391180654338547,0.6047,0.2653781824939602,0.49834675363791875,333.856,10,2026-09-18T18:11:20.653599+00:00
Qwen2.5-7B,belief_bank_facts,mlp,0,27416,halu_eval,104,4978,10000,2489,2489,2812,7188,9.6841,3585,0.2866770347330223,0.19665718349928876,0.6365,0.23328411727483653,0.5063611630257795,344.339,10,2026-09-18T18:11:20.653599+00:00
Qwen2.5-7B,belief_bank_facts,mlp,0,27416,halu_eval,123,4978,10000,2489,2489,2812,7188,9.6439,3585,0.28360839609037014,0.6294452347083926,0.4487,0.39103059759195846,0.5020804292122718,354.787,10,2026-09-18T18:11:20.653599+00:00
Qwen2.5-7B,belief_bank_facts,mlp,0,27416,halu_eval,420,4978,10000,2489,2489,2812,7188,9.5017,3585,0.2850516235223702,0.6774537695590327,0.4315,0.40126382306477093,0.506111616405088,365.068,10,2026-09-18T18:11:20.653599+00:00
Qwen2.5-7B,belief_bank_facts,mlp,0,27416,halu_eval,511,4978,10000,2489,2489,2812,7188,11.8076,3585,0.281545528235612,0.3705547652916074,0.5571,0.31997543374788884,0.5007352076837404,377.671,10,2026-09-18T18:11:20.653599+00:00
Qwen2.5-7B,belief_bank_facts,mlp,0,27416,halu_eval,mean,0,0,0,0,0,0,9.88622,3585.0,0.2862479308739224,0.42955192034139406,0.53843,0.3326221777066249,0.5049360509573804,4936.843,10,2026-09-18T18:11:20.653599+00:00
Qwen2.5-7B,belief_bank_facts,mlp,0,27416,halu_eval,std,0,0,0,0,0,0,0.955265749202807,0.0,0.004228642737628531,0.1541260516740018,0.06514660466977538,0.05230261959658628,0.003411835763724141,4936.843,10,2026-09-18T18:11:20.653599+00:00
Qwen2.5-7B,belief_bank_facts,mlp,1,27416,belief_bank_facts,2,4978,8225,2489,2489,1067,7158,17.0207,3585,0.8239095315024233,0.9559512652296157,0.9677811550151976,0.8850325379609545,0.982671619016794,396.165,10,2026-09-18T18:11:20.653599+00:00
Qwen2.5-7B,belief_bank_facts,mlp,1,27416,belief_bank_facts,4,4978,8225,2489,2489,1067,7158,16.5177,3585,0.8118022328548644,0.9540768509840675,0.9653495440729484,0.8772080999569152,0.9828122393646368,413.429,10,2026-09-18T18:11:20.653599+00:00
Qwen2.5-7B,belief_bank_facts,mlp,1,27416,belief_bank_facts,24,4978,8225,2489,2489,1067,7158,16.6131,3585,0.8262295081967214,0.9447047797563262,0.9670516717325228,0.8815041539134237,0.9818509408601094,430.788,10,2026-09-18T18:11:20.653599+00:00
Qwen2.5-7B,belief_bank_facts,mlp,1,27416,belief_bank_facts,42,4978,8225,2489,2489,1067,7158,15.8186,3585,0.7626112759643917,0.9634489222118088,0.9563525835866261,0.8513457556935817,0.9860902384601626,447.352,10,2026-09-18T18:11:20.653599+00:00
Qwen2.5-7B,belief_bank_facts,mlp,1,27416,belief_bank_facts,64,4978,8225,2489,2489,1067,7158,15.6758,3585,0.7792307692307693,0.9493908153701968,0.9585410334346505,0.8559357836924377,0.9846814163532823,463.792,10,2026-09-18T18:11:20.653599+00:00
Qwen2.5-7B,belief_bank_facts,mlp,1,27416,belief_bank_facts,67,4978,8225,2489,2489,1067,7158,18.8548,3585,0.7814871016691958,0.9653233364573571,0.9604863221884499,0.8637316561844863,0.9867725221031881,483.418,10,2026-09-18T18:11:20.653599+00:00
Qwen2.5-7B,belief_bank_facts,mlp,1,27416,belief_bank_facts,104,4978,8225,2489,2489,1067,7158,17.0423,3585,0.7929961089494163,0.9550140581068416,0.961823708206687,0.8664965986394558,0.9842983110108351,501.23,10,2026-09-18T18:11:20.653599+00:00
Qwen2.5-7B,belief_bank_facts,mlp,1,27416,belief_bank_facts,123,4978,8225,2489,2489,1067,7158,17.8481,3585,0.7575534266764923,0.9634489222118088,0.955258358662614,0.8481848184818482,0.9846985683696392,519.845,10,2026-09-18T18:11:20.653599+00:00
Qwen2.5-7B,belief_bank_facts,mlp,1,27416,belief_bank_facts,420,4978,8225,2489,2489,1067,7158,17.1823,3585,0.7882986913010007,0.9597000937207123,0.961337386018237,0.8655959425190194,0.9842688514407564,537.791,10,2026-09-18T18:11:20.653599+00:00
Qwen2.5-7B,belief_bank_facts,mlp,1,27416,belief_bank_facts,511,4978,8225,2489,2489,1067,7158,16.2639,3585,0.8034591194968553,0.9578256794751641,0.9641337386018237,0.8738777255237281,0.9852060585635305,554.821,10,2026-09-18T18:11:20.653599+00:00
Qwen2.5-7B,belief_bank_facts,mlp,1,27416,belief_bank_facts,mean,0,0,0,0,0,0,16.88373,3585.0,0.7927577765842131,0.9568884723523899,0.9618115501519757,0.866891307256585,0.9843350765542935,4936.843,10,2026-09-18T18:11:20.653599+00:00
Qwen2.5-7B,belief_bank_facts,mlp,1,27416,belief_bank_facts,std,0,0,0,0,0,0,0.9018414661679736,0.0,0.022463536549947444,0.006188406380213383,0.004079548252427534,0.011921926616724367,0.0014592879441520652,4936.843,10,2026-09-18T18:11:20.653599+00:00
Qwen2.5-7B,belief_bank_facts,mlp,1,27416,belief_bank_constraints,2,4978,25686,2489,2489,10018,15668,18.0339,3585,0.45778997940974603,0.8655420243561589,0.5477302810869734,0.5988466452570876,0.6330796932129265,574.273,10,2026-09-18T18:11:20.653599+00:00
Qwen2.5-7B,belief_bank_facts,mlp,1,27416,belief_bank_constraints,4,4978,25686,2489,2489,10018,15668,17.2585,3585,0.46423654363076117,0.7068277101217808,0.567507591684186,0.5604052075501563,0.5882094384817566,592.993,10,2026-09-18T18:11:20.653599+00:00
Qwen2.5-7B,belief_bank_facts,mlp,1,27416,belief_bank_constraints,24,4978,25686,2489,2489,10018,15668,16.3144,3585,0.4336105400859652,0.9264324216410461,0.4993381608658413,0.5907326077270703,0.6399181562541523,610.751,10,2026-09-18T18:11:20.653599+00:00
Qwen2.5-7B,belief_bank_facts,mlp,1,27416,belief_bank_constraints,42,4978,25686,2489,2489,10018,15668,16.0016,3585,0.47903458213256483,0.6637053304052705,0.5873238339951725,0.5564482383463051,0.5845253435315029,628.204,10,2026-09-18T18:11:20.653599+00:00
Qwen2.5-7B,belief_bank_facts,mlp,1,27416,belief_bank_constraints,64,4978,25686,2489,2489,10018,15668,16.2436,3585,0.46404183328206705,0.7529446995408265,0.5644709180098108,0.5742016518859666,0.6029273488471326,645.912,10,2026-09-18T18:11:20.653599+00:00
Qwen2.5-7B,belief_bank_facts,mlp,1,27416,belief_bank_constraints,67,4978,25686,2489,2489,10018,15668,18.799,3585,0.40708446866485015,0.9693551607107207,0.43739780425134317,0.5733770259498716,0.6193134206781126,666.175,10,2026-09-18T18:11:20.653599+00:00
Qwen2.5-7B,belief_bank_facts,mlp,1,27416,belief_bank_constraints,104,4978,25686,2489,2489,10018,15668,17.0135,3585,0.4309874256750171,0.8827111199840287,0.4997274780035817,0.5791852239979041,0.5592815144891353,684.674,10,2026-09-18T18:11:20.653599+00:00
Qwen2.5-7B,belief_bank_facts,mlp,1,27416,belief_bank_constraints,123,4978,25686,2489,2489,10018,15668,17.7783,3585,0.4448989773010726,0.8901976442403673,0.5239819356848089,0.5932874297308984,0.5889129876408831,703.927,10,2026-09-18T18:11:20.653599+00:00
Qwen2.5-7B,belief_bank_facts,mlp,1,27416,belief_bank_constraints,420,4978,25686,2489,2489,10018,15668,16.5339,3585,0.3348331458567679,0.1782790976242763,0.5413844117418048,0.23267326732673269,0.5882911907405067,721.929,10,2026-09-18T18:11:20.653599+00:00
Qwen2.5-7B,belief_bank_facts,mlp,1,27416,belief_bank_constraints,511,4978,25686,2489,2489,10018,15668,15.511,3585,0.4630501423253777,0.8443801157915751,0.5574242778167094,0.5981050696457612,0.6105780147177511,738.882,10,2026-09-18T18:11:20.653599+00:00
Qwen2.5-7B,belief_bank_facts,mlp,1,27416,belief_bank_constraints,mean,0,0,0,0,0,0,16.94877,3585.0,0.43795676383641896,0.7680375324416051,0.5326286693140232,0.5457262367417755,0.6015037108593859,4936.843,10,2026-09-18T18:11:20.653599+00:00
Qwen2.5-7B,belief_bank_facts,mlp,1,27416,belief_bank_constraints,std,0,0,0,0,0,0,0.9708358028523673,0.0,0.039729980834908626,0.21718674561775975,0.04180430955924642,0.10529979812263593,0.02335611542315159,4936.843,10,2026-09-18T18:11:20.653599+00:00
Qwen2.5-7B,belief_bank_facts,mlp,1,27416,halu_eval,2,4978,10000,2489,2489,2812,7188,17.0479,3585,0.283847022752945,0.6255334281650071,0.4509,0.3904983904983905,0.5046373915431995,756.729,10,2026-09-18T18:11:20.653599+00:00
Qwen2.5-7B,belief_bank_facts,mlp,1,27416,halu_eval,4,4978,10000,2489,2489,2812,7188,16.7059,3585,0.28319801843952114,0.7318634423897582,0.4037,0.40837384661176707,0.5014038729002265,774.249,10,2026-09-18T18:11:20.653599+00:00
Qwen2.5-7B,belief_bank_facts,mlp,1,27416,halu_eval,24,4978,10000,2489,2489,2812,7188,15.5268,3585,0.2811711256940939,0.7923186344238976,0.372,0.4150521609538003,0.4966892772528262,790.581,10,2026-09-18T18:11:20.653599+00:00
Qwen2.5-7B,belief_bank_facts,mlp,1,27416,halu_eval,42,4978,10000,2489,2489,2812,7188,15.2611,3585,0.28098752863324,0.7852062588904695,0.3746,0.4138706654170572,0.49355015491284265,806.629,10,2026-09-18T18:11:20.653599+00:00
Qwen2.5-7B,belief_bank_facts,mlp,1,27416,halu_eval,64,4978,10000,2489,2489,2812,7188,15.4377,3585,0.2823027718550107,0.7062588904694168,0.4125,0.4033715852543922,0.5013432178334207,822.85,10,2026-09-18T18:11:20.653599+00:00
Qwen2.5-7B,belief_bank_facts,mlp,1,27416,halu_eval,67,4978,10000,2489,2489,2812,7188,17.8825,3585,0.2832906139387282,0.8253911806543386,0.3637,0.4218082689686506,0.5041459420276089,841.518,10,2026-09-18T18:11:20.653599+00:00
Qwen2.5-7B,belief_bank_facts,mlp,1,27416,halu_eval,104,4978,10000,2489,2489,2812,7188,17.3958,3585,0.2796788140827671,0.8051209103840683,0.3621,0.4151462363619694,0.49860555188788647,859.694,10,2026-09-18T18:11:20.653599+00:00
Qwen2.5-7B,belief_bank_facts,mlp,1,27416,halu_eval,123,4978,10000,2489,2489,2812,7188,17.838,3585,0.28158356978786653,0.7411095305832148,0.3955,0.4081073142073827,0.5025350948435475,878.329,10,2026-09-18T18:11:20.653599+00:00
Qwen2.5-7B,belief_bank_facts,mlp,1,27416,halu_eval,420,4978,10000,2489,2489,2812,7188,17.1925,3585,0.28321461752864663,0.6504267425320057,0.4388,0.3946062567421791,0.49861977564947424,896.306,10,2026-09-18T18:11:20.653599+00:00
Qwen2.5-7B,belief_bank_facts,mlp,1,27416,halu_eval,511,4978,10000,2489,2489,2812,7188,16.4928,3585,0.28292505457191364,0.8296586059743954,0.3608,0.4219569542412733,0.5050021877382169,913.59,10,2026-09-18T18:11:20.653599+00:00
Qwen2.5-7B,belief_bank_facts,mlp,1,27416,halu_eval,mean,0,0,0,0,0,0,16.678099999999997,3585.0,0.28221991372847327,0.7492887624466572,0.39346,0.40927916792568625,0.500653246658925,4936.843,10,2026-09-18T18:11:20.653599+00:00
Qwen2.5-7B,belief_bank_facts,mlp,1,27416,halu_eval,std,0,0,0,0,0,0,0.9284116457692677,0.0,0.0012539914934319482,0.06769117240993157,0.030949352174157063,0.01005803525928333,0.0035505139980229307,4936.843,10,2026-09-18T18:11:20.653599+00:00
Qwen2.5-7B,belief_bank_facts,mlp,2,27416,belief_bank_facts,2,4978,8225,2489,2489,1067,7158,8.9294,3585,0.8541666666666666,0.9606373008434864,0.9736170212765958,0.9042787825319806,0.9878026905359888,923.978,10,2026-09-18T18:11:20.653599+00:00
Qwen2.5-7B,belief_bank_facts,mlp,2,27416,belief_bank_facts,4,4978,8225,2489,2489,1067,7158,9.3911,3585,0.8356275303643724,0.9671977507029054,0.971063829787234,0.896611642050391,0.9882947308220162,934.111,10,2026-09-18T18:11:20.653599+00:00
Qwen2.5-7B,belief_bank_facts,mlp,2,27416,belief_bank_facts,24,4978,8225,2489,2489,1067,7158,9.5632,3585,0.8584667228306655,0.9550140581068416,0.9737386018237082,0.904170363797693,0.9891914801352155,944.442,10,2026-09-18T18:11:20.653599+00:00
Qwen2.5-7B,belief_bank_facts,mlp,2,27416,belief_bank_facts,42,4978,8225,2489,2489,1067,7158,10.8768,3585,0.7888719512195121,0.9700093720712277,0.9624316109422493,0.8701134930643127,0.9926953359346788,956.088,10,2026-09-18T18:11:20.653599+00:00
Qwen2.5-7B,belief_bank_facts,mlp,2,27416,belief_bank_facts,64,4978,8225,2489,2489,1067,7158,10.7014,3585,0.8202068416865553,0.9662605435801312,0.9681458966565349,0.887263339070568,0.9884320778842949,967.515,10,2026-09-18T18:11:20.653599+00:00
Qwen2.5-7B,belief_bank_facts,mlp,2,27416,belief_bank_facts,67,4978,8225,2489,2489,1067,7158,10.7349,3585,0.8198412698412698,0.9681349578256795,0.9682674772036474,0.8878384185646756,0.9917813036736999,979.002,10,2026-09-18T18:11:20.653599+00:00
Qwen2.5-7B,belief_bank_facts,mlp,2,27416,belief_bank_facts,104,4978,8225,2489,2489,1067,7158,9.9191,3585,0.8092621664050236,0.9662605435801312,0.9660790273556231,0.8808201623237932,0.9885052685495129,989.652,10,2026-09-18T18:11:20.653599+00:00
Qwen2.5-7B,belief_bank_facts,mlp,2,27416,belief_bank_facts,123,4978,8225,2489,2489,1067,7158,10.4439,3585,0.8073610023492561,0.9662605435801312,0.9657142857142857,0.8796928327645052,0.9912248451277669,1000.865,10,2026-09-18T18:11:20.653599+00:00
Qwen2.5-7B,belief_bank_facts,mlp,2,27416,belief_bank_facts,420,4978,8225,2489,2489,1067,7158,10.3435,3585,0.8240887480190174,0.9746954076850984,0.969726443768997,0.8930871618720481,0.9885831727459434,1011.974,10,2026-09-18T18:11:20.653599+00:00
Qwen2.5-7B,belief_bank_facts,mlp,2,27416,belief_bank_facts,511,4978,8225,2489,2489,1067,7158,11.2956,3585,0.8153117600631413,0.9681349578256795,0.9674164133738602,0.8851756640959726,0.9905853760599227,1024.0,10,2026-09-18T18:11:20.653599+00:00
Qwen2.5-7B,belief_bank_facts,mlp,2,27416,belief_bank_facts,mean,0,0,0,0,0,0,10.219890000000001,3585.0,0.823320465944548,0.9662605435801312,0.9686200607902735,0.8889051860135941,0.989709628146904,4936.843,10,2026-09-18T18:11:20.653599+00:00
Qwen2.5-7B,belief_bank_facts,mlp,2,27416,belief_bank_facts,std,0,0,0,0,0,0,0.7088866996213147,0.0,0.02015882145976597,0.005012086956746377,0.0033669032026924957,0.010331298474428052,0.0016287249223286375,4936.843,10,2026-09-18T18:11:20.653599+00:00
Qwen2.5-7B,belief_bank_facts,mlp,2,27416,belief_bank_constraints,2,4978,25686,2489,2489,10018,15668,8.9299,3585,0.4526180533247671,0.9845278498702336,0.5295881024682707,0.6201389543839794,0.7849085680750396,1034.386,10,2026-09-18T18:11:20.653599+00:00
Qwen2.5-7B,belief_bank_facts,mlp,2,27416,belief_bank_constraints,4,4978,25686,2489,2489,10018,15668,9.2616,3585,0.545535771268109,0.8532641245757636,0.6655376469672195,0.6655506676528984,0.7611428768273274,1045.072,10,2026-09-18T18:11:20.653599+00:00
Qwen2.5-7B,belief_bank_facts,mlp,2,27416,belief_bank_constraints,24,4978,25686,2489,2489,10018,15668,8.7988,3585,0.5113535456044653,0.8047514473946895,0.6239196449427704,0.6253490536766987,0.7169150418192873,1055.294,10,2026-09-18T18:11:20.653599+00:00
Qwen2.5-7B,belief_bank_facts,mlp,2,27416,belief_bank_constraints,42,4978,25686,2489,2489,10018,15668,10.0666,3585,0.6294101305676452,0.678478738271112,0.7187962314101066,0.6530239707931018,0.7862108353037038,1066.821,10,2026-09-18T18:11:20.653599+00:00
Qwen2.5-7B,belief_bank_facts,mlp,2,27416,belief_bank_constraints,64,4978,25686,2489,2489,10018,15668,9.7508,3585,0.6078579207506074,0.7242962667199042,0.7102312543798178,0.660988385333637,0.7824492757560262,1078.017,10,2026-09-18T18:11:20.653599+00:00
Qwen2.5-7B,belief_bank_facts,mlp,2,27416,belief_bank_constraints,67,4978,25686,2489,2489,10018,15668,10.0364,3585,0.5706035042180402,0.8777201038131364,0.6946975005839757,0.6915998112317131,0.8056002514340665,1089.517,10,2026-09-18T18:11:20.653599+00:00
Qwen2.5-7B,belief_bank_facts,mlp,2,27416,belief_bank_constraints,104,4978,25686,2489,2489,10018,15668,9.1093,3585,0.5382508985110388,0.6278698342982632,0.644787043525656,0.5796166605234058,0.7086788712663389,1100.093,10,2026-09-18T18:11:20.653599+00:00
Qwen2.5-7B,belief_bank_facts,mlp,2,27416,belief_bank_constraints,123,4978,25686,2489,2489,10018,15668,9.6633,3585,0.5139848634419217,0.6236773807147136,0.6232188740948377,0.5635428880671056,0.6813026060367315,1111.233,10,2026-09-18T18:11:20.653599+00:00
Qwen2.5-7B,belief_bank_facts,mlp,2,27416,belief_bank_constraints,420,4978,25686,2489,2489,10018,15668,9.5032,3585,0.6380082847239834,0.7533439808344979,0.7370941368839057,0.690895775163638,0.797360564106895,1122.206,10,2026-09-18T18:11:20.653599+00:00
Qwen2.5-7B,belief_bank_facts,mlp,2,27416,belief_bank_constraints,511,4978,25686,2489,2489,10018,15668,10.375,3585,0.5651049589291147,0.7416650029946097,0.676633185392821,0.6414573081239748,0.7580946904711169,1134.007,10,2026-09-18T18:11:20.653599+00:00
Qwen2.5-7B,belief_bank_facts,mlp,2,27416,belief_bank_constraints,mean,0,0,0,0,0,0,9.54949,3585.0,0.5572727931339692,0.7669594729486924,0.6624503620649381,0.6392163474950152,0.7582663581096533,4936.843,10,2026-09-18T18:11:20.653599+00:00
Qwen2.5-7B,belief_bank_facts,mlp,2,27416,belief_bank_constraints,std,0,0,0,0,0,0,0.49655283596008193,0.0,0.05473074797762159,0.10900940746384599,0.05767861318324713,0.040758833211188554,0.03993111848723585,4936.843,10,2026-09-18T18:11:20.653599+00:00
Qwen2.5-7B,belief_bank_facts,mlp,2,27416,halu_eval,2,4978,10000,2489,2489,2812,7188,9.1026,3585,0.29244469979890836,0.3620199146514936,0.5743,0.3235340854918163,0.5094599640937836,1143.863,10,2026-09-18T18:11:20.653599+00:00
Qwen2.5-7B,belief_bank_facts,mlp,2,27416,halu_eval,4,4978,10000,2489,2489,2812,7188,9.2971,3585,0.28116266070430407,0.17887624466571836,0.6405,0.21864811997391873,0.5028033426186049,1153.951,10,2026-09-18T18:11:20.653599+00:00
Qwen2.5-7B,belief_bank_facts,mlp,2,27416,halu_eval,24,4978,10000,2489,2489,2812,7188,9.569,3585,0.278330658105939,0.308321479374111,0.5807,0.29255947359541085,0.49831847927357986,1164.293,10,2026-09-18T18:11:20.653599+00:00
Qwen2.5-7B,belief_bank_facts,mlp,2,27416,halu_eval,42,4978,10000,2489,2489,2812,7188,11.0192,3585,0.2860364978470371,0.49608819345661453,0.5101,0.3628560280920796,0.5041678342519658,1176.09,10,2026-09-18T18:11:20.653599+00:00
Qwen2.5-7B,belief_bank_facts,mlp,2,27416,halu_eval,64,4978,10000,2489,2489,2812,7188,10.5764,3585,0.28188433550363845,0.26173541963015645,0.6049,0.27143647427623085,0.5050417421639195,1187.459,10,2026-09-18T18:11:20.653599+00:00
Qwen2.5-7B,belief_bank_facts,mlp,2,27416,halu_eval,67,4978,10000,2489,2489,2812,7188,10.8494,3585,0.29051321928460344,0.33214793741109533,0.5841,0.30993860959017755,0.5063877552757046,1199.085,10,2026-09-18T18:11:20.653599+00:00
Qwen2.5-7B,belief_bank_facts,mlp,2,27416,halu_eval,104,4978,10000,2489,2489,2812,7188,9.9073,3585,0.2828969738184291,0.2958748221906117,0.5911,0.2892403963149661,0.5044324209544753,1209.748,10,2026-09-18T18:11:20.653599+00:00
Qwen2.5-7B,belief_bank_facts,mlp,2,27416,halu_eval,123,4978,10000,2489,2489,2812,7188,10.3243,3585,0.28413845568657287,0.265647226173542,0.6053,0.27458187833118913,0.5058647166409006,1220.865,10,2026-09-18T18:11:20.653599+00:00
Qwen2.5-7B,belief_bank_facts,mlp,2,27416,halu_eval,420,4978,10000,2489,2489,2812,7188,10.4549,3585,0.28505434782608696,0.37304409672830724,0.5606,0.32316697473813927,0.5014936186516012,1232.095,10,2026-09-18T18:11:20.653599+00:00
Qwen2.5-7B,belief_bank_facts,mlp,2,27416,halu_eval,511,4978,10000,2489,2489,2812,7188,11.1793,3585,0.28762243989314334,0.34459459459459457,0.5757,0.31354149813945964,0.5074680932580062,1244.032,10,2026-09-18T18:11:20.653599+00:00
Qwen2.5-7B,belief_bank_facts,mlp,2,27416,halu_eval,mean,0,0,0,0,0,0,10.227949999999998,3585.0,0.2850084288468663,0.3218349928876245,0.58273,0.29795035385433877,0.5045437967182541,4936.843,10,2026-09-18T18:11:20.653599+00:00
Qwen2.5-7B,belief_bank_facts,mlp,2,27416,halu_eval,std,0,0,0,0,0,0,0.6906139576492785,0.0,0.004096956689252228,0.07955407437321681,0.03209311608429445,0.036786946875958494,0.002989218468465979,4936.843,10,2026-09-18T18:11:20.653599+00:00
Qwen2.5-7B,belief_bank_facts,mlp,3,27416,belief_bank_facts,2,4978,8225,2489,2489,1067,7158,8.7072,3585,0.8554817275747508,0.9653233364573571,0.9743465045592705,0.9070893879348305,0.9864089255427042,1254.27,10,2026-09-18T18:11:20.653599+00:00
Qwen2.5-7B,belief_bank_facts,mlp,3,27416,belief_bank_facts,4,4978,8225,2489,2489,1067,7158,9.0532,3585,0.8433931484502447,0.9690721649484536,0.9726443768996961,0.9018752725686873,0.9914975752809855,1264.075,10,2026-09-18T18:11:20.653599+00:00
Qwen2.5-7B,belief_bank_facts,mlp,3,27416,belief_bank_facts,24,4978,8225,2489,2489,1067,7158,8.7989,3585,0.8612521150592216,0.9540768509840675,0.9741033434650456,0.9052912405513561,0.9883387237800005,1273.643,10,2026-09-18T18:11:20.653599+00:00
Qwen2.5-7B,belief_bank_facts,mlp,3,27416,belief_bank_facts,42,4978,8225,2489,2489,1067,7158,9.2707,3585,0.8280507131537242,0.979381443298969,0.9709422492401216,0.8973808501502791,0.9940820306311445,1283.662,10,2026-09-18T18:11:20.653599+00:00
Qwen2.5-7B,belief_bank_facts,mlp,3,27416,belief_bank_facts,64,4978,8225,2489,2489,1067,7158,9.614,3585,0.8369652945924132,0.971883786316776,0.9717933130699088,0.8993928881179531,0.9913625849843132,1294.04,10,2026-09-18T18:11:20.653599+00:00
Qwen2.5-7B,belief_bank_facts,mlp,3,27416,belief_bank_facts,67,4978,8225,2489,2489,1067,7158,8.5267,3585,0.8363047001620746,0.9671977507029054,0.9711854103343465,0.8970013037809648,0.9925160908171771,1303.33,10,2026-09-18T18:11:20.653599+00:00
Qwen2.5-7B,belief_bank_facts,mlp,3,27416,belief_bank_facts,104,4978,8225,2489,2489,1067,7158,8.3598,3585,0.8392857142857143,0.9690721649484536,0.9719148936170213,0.8995215311004785,0.991182554278276,1312.444,10,2026-09-18T18:11:20.653599+00:00
Qwen2.5-7B,belief_bank_facts,mlp,3,27416,belief_bank_facts,123,4978,8225,2489,2489,1067,7158,7.4007,3585,0.8227848101265823,0.9746954076850984,0.969483282674772,0.8923208923208923,0.9938488417675428,1320.577,10,2026-09-18T18:11:20.653599+00:00
Qwen2.5-7B,belief_bank_facts,mlp,3,27416,belief_bank_facts,420,4978,8225,2489,2489,1067,7158,8.6735,3585,0.8399353274050121,0.9737582005623243,0.9725227963525835,0.9019097222222222,0.9905369314335707,1330.011,10,2026-09-18T18:11:20.653599+00:00
Qwen2.5-7B,belief_bank_facts,mlp,3,27416,belief_bank_facts,511,4978,8225,2489,2489,1067,7158,8.8068,3585,0.8237154150197629,0.9765698219306467,0.9698480243161094,0.8936535162950258,0.991743071698309,1339.588,10,2026-09-18T18:11:20.653599+00:00
Qwen2.5-7B,belief_bank_facts,mlp,3,27416,belief_bank_facts,mean,0,0,0,0,0,0,8.72115,3585.0,0.8387168965829501,0.9701030927835053,0.9718784194528874,0.8995436605042688,0.9911517330214024,4936.843,10,2026-09-18T18:11:20.653599+00:00
Qwen2.5-7B,belief_bank_facts,mlp,3,27416,belief_bank_facts,std,0,0,0,0,0,0,0.5601127087470881,0.0,0.011891598659248005,0.006751144691078534,0.001525387744656038,0.004461323448500805,0.0022141010236464997,4936.843,10,2026-09-18T18:11:20.653599+00:00
Qwen2.5-7B,belief_bank_facts,mlp,3,27416,belief_bank_constraints,2,4978,25686,2489,2489,10018,15668,7.887,3585,0.4703989076367892,0.9628668396885606,0.562718990889979,0.6320272572402045,0.7671003624418093,1348.911,10,2026-09-18T18:11:20.653599+00:00
Qwen2.5-7B,belief_bank_facts,mlp,3,27416,belief_bank_constraints,4,4978,25686,2489,2489,10018,15668,8.2425,3585,0.5631724338470485,0.7733080455180675,0.677645409950946,0.6517203667872465,0.7516000558198714,1358.555,10,2026-09-18T18:11:20.653599+00:00
Qwen2.5-7B,belief_bank_facts,mlp,3,27416,belief_bank_constraints,24,4978,25686,2489,2489,10018,15668,7.9394,3585,0.6663649295228242,0.5143741265721701,0.7101533909522697,0.5805870091825812,0.7784807935453227,1367.951,10,2026-09-18T18:11:20.653599+00:00
Qwen2.5-7B,belief_bank_facts,mlp,3,27416,belief_bank_constraints,42,4978,25686,2489,2489,10018,15668,8.3627,3585,0.5714073523950984,0.7680175683769216,0.6848477769991435,0.6552825448196568,0.7525539171181941,1377.762,10,2026-09-18T18:11:20.653599+00:00
Qwen2.5-7B,belief_bank_facts,mlp,3,27416,belief_bank_constraints,64,4978,25686,2489,2489,10018,15668,9.8176,3585,0.5024636058230683,0.8957875823517668,0.6134080822237795,0.6438051510151374,0.7152067496275405,1389.032,10,2026-09-18T18:11:20.653599+00:00
Qwen2.5-7B,belief_bank_facts,mlp,3,27416,belief_bank_constraints,67,4978,25686,2489,2489,10018,15668,8.5523,3585,0.5375621729862412,0.83070473148333,0.6552596745308729,0.6527314796658692,0.7488248877320797,1399.054,10,2026-09-18T18:11:20.653599+00:00
Qwen2.5-7B,belief_bank_facts,mlp,3,27416,belief_bank_constraints,104,4978,25686,2489,2489,10018,15668,9.1454,3585,0.5520458943876141,0.797264923138351,0.6686132523553687,0.6523727844482562,0.7539677495494069,1409.625,10,2026-09-18T18:11:20.653599+00:00
Qwen2.5-7B,belief_bank_facts,mlp,3,27416,belief_bank_constraints,123,4978,25686,2489,2489,10018,15668,8.3307,3585,0.6131386861313869,0.6791774805350369,0.7077396246982792,0.6444707553871655,0.772492663575745,1419.437,10,2026-09-18T18:11:20.653599+00:00
Qwen2.5-7B,belief_bank_facts,mlp,3,27416,belief_bank_constraints,420,4978,25686,2489,2489,10018,15668,9.5036,3585,0.6675969857661178,0.4775404272309842,0.7034960678969088,0.5567970204841713,0.7789881901624817,1430.378,10,2026-09-18T18:11:20.653599+00:00
Qwen2.5-7B,belief_bank_facts,mlp,3,27416,belief_bank_constraints,511,4978,25686,2489,2489,10018,15668,9.6376,3585,0.5146856356126663,0.8955879417049312,0.6299151288639726,0.6536976320582878,0.7490156791046476,1441.491,10,2026-09-18T18:11:20.653599+00:00
Qwen2.5-7B,belief_bank_facts,mlp,3,27416,belief_bank_constraints,mean,0,0,0,0,0,0,8.741880000000002,3585.0,0.5658836604108856,0.7594629666600119,0.661379739936152,0.6323492001088576,0.7568231048677099,4936.843,10,2026-09-18T18:11:20.653599+00:00
Qwen2.5-7B,belief_bank_facts,mlp,3,27416,belief_bank_constraints,std,0,0,0,0,0,0,0.6837759118307696,0.0,0.06282296942486681,0.15206952577074387,0.04498025990648588,0.03292270950395014,0.017949961658986196,4936.843,10,2026-09-18T18:11:20.653599+00:00
Qwen2.5-7B,belief_bank_facts,mlp,3,27416,halu_eval,2,4978,10000,2489,2489,2812,7188,8.7135,3585,0.27601908065915004,0.4527027027027027,0.5122,0.34294181034482757,0.49912799683525017,1450.997,10,2026-09-18T18:11:20.653599+00:00
Qwen2.5-7B,belief_bank_facts,mlp,3,27416,halu_eval,4,4978,10000,2489,2489,2812,7188,8.9259,3585,0.2765642354683451,0.265647226173542,0.5981,0.2709958280428079,0.49999272732885774,1460.727,10,2026-09-18T18:11:20.653599+00:00
Qwen2.5-7B,belief_bank_facts,mlp,3,27416,halu_eval,24,4978,10000,2489,2489,2812,7188,8.8949,3585,0.27385707944962273,0.2194167852062589,0.6169,0.24363277393879565,0.4923307456476774,1470.425,10,2026-09-18T18:11:20.653599+00:00
Qwen2.5-7B,belief_bank_facts,mlp,3,27416,halu_eval,42,4978,10000,2489,2489,2812,7188,9.1881,3585,0.2736280487804878,0.3830014224751067,0.5406,0.31920569057498516,0.4992103709675759,1480.415,10,2026-09-18T18:11:20.653599+00:00
Qwen2.5-7B,belief_bank_facts,mlp,3,27416,halu_eval,64,4978,10000,2489,2489,2812,7188,9.6499,3585,0.28034763106251753,0.35561877667140823,0.5621,0.31352876626430476,0.49897210440824796,1490.873,10,2026-09-18T18:11:20.653599+00:00
Qwen2.5-7B,belief_bank_facts,mlp,3,27416,halu_eval,67,4978,10000,2489,2489,2812,7188,8.6387,3585,0.27662255828607435,0.31223328591749644,0.577,0.2933511526896091,0.49447247308814835,1500.286,10,2026-09-18T18:11:20.653599+00:00
Qwen2.5-7B,belief_bank_facts,mlp,3,27416,halu_eval,104,4978,10000,2489,2489,2812,7188,9.1624,3585,0.2738346216912626,0.41571834992887624,0.5257,0.33017935319870073,0.49172439287543407,1510.229,10,2026-09-18T18:11:20.653599+00:00
Qwen2.5-7B,belief_bank_facts,mlp,3,27416,halu_eval,123,4978,10000,2489,2489,2812,7188,8.3267,3585,0.2769187517570987,0.35028449502133713,0.5601,0.30931072381849584,0.49976304450043574,1519.334,10,2026-09-18T18:11:20.653599+00:00
Qwen2.5-7B,belief_bank_facts,mlp,3,27416,halu_eval,420,4978,10000,2489,2489,2812,7188,9.48,3585,0.2759695290858726,0.2834281650071124,0.5894,0.27964912280701754,0.5023684418316919,1529.56,10,2026-09-18T18:11:20.653599+00:00
Qwen2.5-7B,belief_bank_facts,mlp,3,27416,halu_eval,511,4978,10000,2489,2489,2812,7188,9.5149,3585,0.2794571252313387,0.32219061166429586,0.5758,0.2993062438057483,0.4994137089158397,1539.855,10,2026-09-18T18:11:20.653599+00:00
Qwen2.5-7B,belief_bank_facts,mlp,3,27416,halu_eval,mean,0,0,0,0,0,0,9.0495,3585.0,0.276321866147177,0.3360241820768136,0.56579,0.30021014654852923,0.4977376006399159,4936.843,10,2026-09-18T18:11:20.653599+00:00
Qwen2.5-7B,belief_bank_facts,mlp,3,27416,halu_eval,std,0,0,0,0,0,0,0.4046769748824365,0.0,0.0021511879199525323,0.0669575385541284,0.030982396614852126,0.028054018072426173,0.0033929649031290824,4936.843,10,2026-09-18T18:11:20.653599+00:00
Qwen2.5-7B,belief_bank_facts,mlp,4,27416,belief_bank_facts,2,4978,8225,2489,2489,1067,7158,7.2486,3585,0.8576158940397351,0.9709465791940018,0.9753191489361702,0.9107692307692308,0.9875929383970276,1548.519,10,2026-09-18T18:11:20.653599+00:00
Qwen2.5-7B,belief_bank_facts,mlp,4,27416,belief_bank_facts,4,4978,8225,2489,2489,1067,7158,6.1613,3585,0.8603491271820449,0.9700093720712277,0.9756838905775076,0.9118942731277533,0.9903084561011817,1555.379,10,2026-09-18T18:11:20.653599+00:00
Qwen2.5-7B,belief_bank_facts,mlp,4,27416,belief_bank_facts,24,4978,8225,2489,2489,1067,7158,5.922,3585,0.8607172643869891,0.9671977507029054,0.9754407294832826,0.910856134157105,0.9908683188641018,1562.041,10,2026-09-18T18:11:20.653599+00:00
Qwen2.5-7B,belief_bank_facts,mlp,4,27416,belief_bank_facts,42,4978,8225,2489,2489,1067,7158,8.3901,3585,0.8562037797863599,0.9765698219306467,0.9756838905775076,0.9124343257443083,0.9941412116341473,1571.175,10,2026-09-18T18:11:20.653599+00:00
Qwen2.5-7B,belief_bank_facts,mlp,4,27416,belief_bank_facts,64,4978,8225,2489,2489,1067,7158,7.8357,3585,0.8469721767594108,0.9700093720712277,0.9733738601823708,0.9043250327653998,0.9919545259457636,1579.754,10,2026-09-18T18:11:20.653599+00:00
Qwen2.5-7B,belief_bank_facts,mlp,4,27416,belief_bank_facts,67,4978,8225,2489,2489,1067,7158,7.1911,3585,0.851639344262295,0.9737582005623243,0.9745896656534955,0.9086139046786182,0.9933314007855362,1587.686,10,2026-09-18T18:11:20.653599+00:00
Qwen2.5-7B,belief_bank_facts,mlp,4,27416,belief_bank_facts,104,4978,8225,2489,2489,1067,7158,7.4835,3585,0.8553820870994249,0.9756326148078726,0.9754407294832826,0.9115586690017513,0.9937393830982723,1595.92,10,2026-09-18T18:11:20.653599+00:00
Qwen2.5-7B,belief_bank_facts,mlp,4,27416,belief_bank_facts,123,4978,8225,2489,2489,1067,7158,6.6482,3585,0.8349282296650717,0.9812558575445174,0.9724012158054711,0.902197328737613,0.994446674643009,1603.31,10,2026-09-18T18:11:20.653599+00:00
Qwen2.5-7B,belief_bank_facts,mlp,4,27416,belief_bank_facts,420,4978,8225,2489,2489,1067,7158,7.79,3585,0.8522167487684729,0.9728209934395501,0.9745896656534955,0.9085339168490153,0.9899201135018316,1611.867,10,2026-09-18T18:11:20.653599+00:00
Qwen2.5-7B,belief_bank_facts,mlp,4,27416,belief_bank_facts,511,4978,8225,2489,2489,1067,7158,8.0456,3585,0.8445344129554656,0.9775070290534208,0.9737386018237082,0.9061685490877498,0.9932287505502394,1620.682,10,2026-09-18T18:11:20.653599+00:00
Qwen2.5-7B,belief_bank_facts,mlp,4,27416,belief_bank_facts,mean,0,0,0,0,0,0,7.271610000000001,3585.0,0.8520559064905269,0.9735707591377694,0.9746261398176292,0.9087351364918546,0.991953177352111,4936.843,10,2026-09-18T18:11:20.653599+00:00
Qwen2.5-7B,belief_bank_facts,mlp,4,27416,belief_bank_facts,std,0,0,0,0,0,0,0.7701811662849205,0.0,0.007608891526760489,0.004015798554007236,0.0010655478961510236,0.0033031372114864957,0.002115400686835373,4936.843,10,2026-09-18T18:11:20.653599+00:00
Qwen2.5-7B,belief_bank_facts,mlp,4,27416,belief_bank_constraints,2,4978,25686,2489,2489,10018,15668,8.0684,3585,0.4647186147186147,0.4286284687562388,0.5845986140309897,0.44594454252778065,0.6110636098831141,1630.228,10,2026-09-18T18:11:20.653599+00:00
Qwen2.5-7B,belief_bank_facts,mlp,4,27416,belief_bank_constraints,4,4978,25686,2489,2489,10018,15668,7.1014,3585,0.4903515332834705,0.32721102016370535,0.6049599003348127,0.39250434053762795,0.6147773362045842,1638.811,10,2026-09-18T18:11:20.653599+00:00
Qwen2.5-7B,belief_bank_facts,mlp,4,27416,belief_bank_constraints,24,4978,25686,2489,2489,10018,15668,6.7638,3585,0.41164241164241167,0.03952884807346776,0.6033637000700771,0.07213114754098361,0.5830042240026161,1646.998,10,2026-09-18T18:11:20.653599+00:00
Qwen2.5-7B,belief_bank_facts,mlp,4,27416,belief_bank_constraints,42,4978,25686,2489,2489,10018,15668,9.2355,3585,0.37880633373934225,0.03104412058295069,0.6022346803706299,0.057385367653842605,0.5476686322546401,1657.678,10,2026-09-18T18:11:20.653599+00:00
Qwen2.5-7B,belief_bank_facts,mlp,4,27416,belief_bank_constraints,64,4978,25686,2489,2489,10018,15668,8.6523,3585,0.2939841089670829,0.0258534637652226,0.5958498793116873,0.047527296082209375,0.5530838593161872,1667.849,10,2026-09-18T18:11:20.653599+00:00
Qwen2.5-7B,belief_bank_facts,mlp,4,27416,belief_bank_constraints,67,4978,25686,2489,2489,10018,15668,7.9124,3585,0.44003346969133506,0.472449590736674,0.5597601806431519,0.45566573601617405,0.5846755327263109,1677.195,10,2026-09-18T18:11:20.653599+00:00
Qwen2.5-7B,belief_bank_facts,mlp,4,27416,belief_bank_constraints,104,4978,25686,2489,2489,10018,15668,8.4274,3585,0.3616636528028933,0.019964064683569576,0.6040255392042357,0.03783937186642702,0.5755544729723924,1687.081,10,2026-09-18T18:11:20.653599+00:00
Qwen2.5-7B,belief_bank_facts,mlp,4,27416,belief_bank_constraints,123,4978,25686,2489,2489,10018,15668,7.4902,3585,0.4519846350832266,0.0352365741665003,0.607062212878611,0.06537642374293916,0.560452877442508,1696.026,10,2026-09-18T18:11:20.653599+00:00
Qwen2.5-7B,belief_bank_facts,mlp,4,27416,belief_bank_constraints,420,4978,25686,2489,2489,10018,15668,7.6516,3585,0.5052659065192793,0.5794569774406069,0.6146928287783229,0.5398242432696332,0.6526278674897821,1705.099,10,2026-09-18T18:11:20.653599+00:00
Qwen2.5-7B,belief_bank_facts,mlp,4,27416,belief_bank_constraints,511,4978,25686,2489,2489,10018,15668,8.1269,3585,0.45709115153824176,0.4790377320822519,0.5749046173012536,0.46780718428620166,0.6015458108516745,1714.671,10,2026-09-18T18:11:20.653599+00:00
Qwen2.5-7B,belief_bank_facts,mlp,4,27416,belief_bank_constraints,mean,0,0,0,0,0,0,7.94299,3585.0,0.42555418179858984,0.24384108604511878,0.5951452152923772,0.2582005653523819,0.588445422314381,4936.843,10,2026-09-18T18:11:20.653599+00:00
Qwen2.5-7B,belief_bank_facts,mlp,4,27416,belief_bank_constraints,std,0,0,0,0,0,0,0.696242186957958,0.0,0.061449890260038845,0.22124548936368113,0.016095421897474357,0.20508452714009537,0.030663860066377856,4936.843,10,2026-09-18T18:11:20.653599+00:00
Qwen2.5-7B,belief_bank_facts,mlp,4,27416,halu_eval,2,4978,10000,2489,2489,2812,7188,8.0791,3585,0.27280858676207514,0.21692745376955902,0.6172,0.24167987321711568,0.4946774684138492,1723.53,10,2026-09-18T18:11:20.653599+00:00
Qwen2.5-7B,belief_bank_facts,mlp,4,27416,halu_eval,4,4978,10000,2489,2489,2812,7188,7.0933,3585,0.29042601923957856,0.22546230440967283,0.6273,0.25385385385385384,0.506315696462652,1731.411,10,2026-09-18T18:11:20.653599+00:00
Qwen2.5-7B,belief_bank_facts,mlp,4,27416,halu_eval,24,4978,10000,2489,2489,2812,7188,6.7604,3585,0.2773228907084372,0.27702702702702703,0.5937,0.27717487991460593,0.49542514353383343,1738.963,10,2026-09-18T18:11:20.653599+00:00
Qwen2.5-7B,belief_bank_facts,mlp,4,27416,halu_eval,42,4978,10000,2489,2489,2812,7188,9.1129,3585,0.2849557522123894,0.22901849217638692,0.6216,0.2539432176656151,0.5042714821842315,1748.87,10,2026-09-18T18:11:20.653599+00:00
Qwen2.5-7B,belief_bank_facts,mlp,4,27416,halu_eval,64,4978,10000,2489,2489,2812,7188,7.8832,3585,0.27555555555555555,0.11024182076813656,0.6683,0.15748031496062992,0.5030111084856934,1757.549,10,2026-09-18T18:11:20.653599+00:00
Qwen2.5-7B,belief_bank_facts,mlp,4,27416,halu_eval,67,4978,10000,2489,2489,2812,7188,7.0862,3585,0.2794446932377967,0.22190611664295876,0.6203,0.24737363726461845,0.5026568502427391,1765.429,10,2026-09-18T18:11:20.653599+00:00
Qwen2.5-7B,belief_bank_facts,mlp,4,27416,halu_eval,104,4978,10000,2489,2489,2812,7188,7.5036,3585,0.2811791383219955,0.22048364153627312,0.6223,0.24715965716563684,0.5031242306800254,1773.737,10,2026-09-18T18:11:20.653599+00:00
Qwen2.5-7B,belief_bank_facts,mlp,4,27416,halu_eval,123,4978,10000,2489,2489,2812,7188,6.7239,3585,0.2670316301703163,0.15611664295874822,0.6422,0.19703770197486534,0.4998786651294119,1781.262,10,2026-09-18T18:11:20.653599+00:00
Qwen2.5-7B,belief_bank_facts,mlp,4,27416,halu_eval,420,4978,10000,2489,2489,2812,7188,6.7996,3585,0.28383067314365024,0.29089615931721197,0.5942,0.2873199859501229,0.4990186593983492,1788.836,10,2026-09-18T18:11:20.653599+00:00
Qwen2.5-7B,belief_bank_facts,mlp,4,27416,halu_eval,511,4978,10000,2489,2489,2812,7188,7.3148,3585,0.2784234461849419,0.3918918918918919,0.5434,0.3255539143279173,0.503308051153693,1796.94,10,2026-09-18T18:11:20.653599+00:00
Qwen2.5-7B,belief_bank_facts,mlp,4,27416,halu_eval,mean,0,0,0,0,0,0,7.4357,3585.0,0.27909783855367365,0.23399715504978663,0.61505,0.2488577036294981,0.5011687355684478,4936.843,10,2026-09-18T18:11:20.653599+00:00
Qwen2.5-7B,belief_bank_facts,mlp,4,27416,halu_eval,std,0,0,0,0,0,0,0.7108549373817417,0.0,0.006251365905519122,0.07219306416592436,0.031423979697040284,0.04393869494565214,0.0036268472061874693,4936.843,10,2026-09-18T18:11:20.653599+00:00
Qwen2.5-7B,belief_bank_facts,mlp,5,27416,belief_bank_facts,2,4978,8225,2489,2489,1067,7158,6.2511,3585,0.8579734219269103,0.9681349578256795,0.9750759878419453,0.9097313958608543,0.9847209576428992,1804.603,10,2026-09-18T18:11:20.653599+00:00
Qwen2.5-7B,belief_bank_facts,mlp,5,27416,belief_bank_facts,4,4978,8225,2489,2489,1067,7158,6.7708,3585,0.8759558198810535,0.9662605435801312,0.977872340425532,0.9188948306595366,0.9898784773094536,1812.139,10,2026-09-18T18:11:20.653599+00:00
Qwen2.5-7B,belief_bank_facts,mlp,5,27416,belief_bank_facts,24,4978,8225,2489,2489,1067,7158,6.4042,3585,0.8689771766694844,0.9634489222118088,0.9764133738601823,0.9137777777777778,0.9884401956324943,1819.307,10,2026-09-18T18:11:20.653599+00:00
Qwen2.5-7B,belief_bank_facts,mlp,5,27416,belief_bank_facts,42,4978,8225,2489,2489,1067,7158,7.7088,3585,0.829093799682035,0.9775070290534208,0.9709422492401216,0.8972043010752688,0.9944495551343056,1827.762,10,2026-09-18T18:11:20.653599+00:00
Qwen2.5-7B,belief_bank_facts,mlp,5,27416,belief_bank_facts,64,4978,8225,2489,2489,1067,7158,7.53,3585,0.8403908794788274,0.9671977507029054,0.9719148936170213,0.8993464052287582,0.9907415772470515,1836.049,10,2026-09-18T18:11:20.653599+00:00
Qwen2.5-7B,belief_bank_facts,mlp,5,27416,belief_bank_facts,67,4978,8225,2489,2489,1067,7158,8.2758,3585,0.8480392156862745,0.9728209934395501,0.9738601823708206,0.9061545176778699,0.9919606797226246,1845.074,10,2026-09-18T18:11:20.653599+00:00
Qwen2.5-7B,belief_bank_facts,mlp,5,27416,belief_bank_facts,104,4978,8225,2489,2489,1067,7158,6.9342,3585,0.851639344262295,0.9737582005623243,0.9745896656534955,0.9086139046786182,0.9929744817276033,1852.779,10,2026-09-18T18:11:20.653599+00:00
Qwen2.5-7B,belief_bank_facts,mlp,5,27416,belief_bank_facts,123,4978,8225,2489,2489,1067,7158,6.5962,3585,0.8252581413820492,0.9737582005623243,0.9698480243161094,0.8933791917454859,0.9925702964261222,1860.138,10,2026-09-18T18:11:20.653599+00:00
Qwen2.5-7B,belief_bank_facts,mlp,5,27416,belief_bank_facts,420,4978,8225,2489,2489,1067,7158,7.1294,3585,0.8442088091353996,0.9700093720712277,0.972887537993921,0.9027474923680767,0.989959785722871,1868.016,10,2026-09-18T18:11:20.653599+00:00
Qwen2.5-7B,belief_bank_facts,mlp,5,27416,belief_bank_facts,511,4978,8225,2489,2489,1067,7158,6.5081,3585,0.8293650793650794,0.979381443298969,0.9711854103343465,0.8981521272024066,0.993314903426292,1875.281,10,2026-09-18T18:11:20.653599+00:00
Qwen2.5-7B,belief_bank_facts,mlp,5,27416,belief_bank_facts,mean,0,0,0,0,0,0,7.010860000000001,3585.0,0.8470901687469409,0.9712277413308341,0.9734589665653495,0.9048001944274654,0.9909010909991716,4936.843,10,2026-09-18T18:11:20.653599+00:00
Qwen2.5-7B,belief_bank_facts,mlp,5,27416,belief_bank_facts,std,0,0,0,0,0,0,0.6167851509237233,0.0,0.016186957839029514,0.004834571837499124,0.002439531174077232,0.0076566454568981765,0.002698764636095168,4936.843,10,2026-09-18T18:11:20.653599+00:00
Qwen2.5-7B,belief_bank_facts,mlp,5,27416,belief_bank_constraints,2,4978,25686,2489,2489,10018,15668,7.197,3585,0.4061587797557867,0.9861249750449191,0.43225881803316984,0.5753472525552547,0.7122087919814286,1883.921,10,2026-09-18T18:11:20.653599+00:00
Qwen2.5-7B,belief_bank_facts,mlp,5,27416,belief_bank_constraints,4,4978,25686,2489,2489,10018,15668,7.5996,3585,0.5123024604920984,0.5112796965462169,0.6195592930000778,0.5117905675459632,0.6393844793948376,1892.977,10,2026-09-18T18:11:20.653599+00:00
Qwen2.5-7B,belief_bank_facts,mlp,5,27416,belief_bank_constraints,24,4978,25686,2489,2489,10018,15668,6.2919,3585,0.5435062151735962,0.5062886803753244,0.6415946429961847,0.5242377260981912,0.6719974380554624,1900.76,10,2026-09-18T18:11:20.653599+00:00
Qwen2.5-7B,belief_bank_facts,mlp,5,27416,belief_bank_constraints,42,4978,25686,2489,2489,10018,15668,7.7895,3585,0.6170454545454546,0.054202435615891394,0.6180020244491162,0.09965131216737017,0.6861860101905923,1909.998,10,2026-09-18T18:11:20.653599+00:00
Qwen2.5-7B,belief_bank_facts,mlp,5,27416,belief_bank_constraints,64,4978,25686,2489,2489,10018,15668,7.5421,3585,0.4955370650529501,0.6539229387103214,0.6053881491863272,0.5638178844995266,0.6524130575686257,1918.996,10,2026-09-18T18:11:20.653599+00:00
Qwen2.5-7B,belief_bank_facts,mlp,5,27416,belief_bank_constraints,67,4978,25686,2489,2489,10018,15668,8.2657,3585,0.4800420168067227,0.27370732681173887,0.6011056606711828,0.3486331849968214,0.6060003214535511,1928.721,10,2026-09-18T18:11:20.653599+00:00
Qwen2.5-7B,belief_bank_facts,mlp,5,27416,belief_bank_constraints,104,4978,25686,2489,2489,10018,15668,6.9281,3585,0.5419161676646707,0.07226991415452186,0.6143424433543565,0.12753214726087722,0.6546874675877014,1937.114,10,2026-09-18T18:11:20.653599+00:00
Qwen2.5-7B,belief_bank_facts,mlp,5,27416,belief_bank_constraints,123,4978,25686,2489,2489,10018,15668,6.5066,3585,0.46823844332338105,0.9079656618087443,0.5619403566144981,0.6178508354843092,0.6935749758170805,1945.077,10,2026-09-18T18:11:20.653599+00:00
Qwen2.5-7B,belief_bank_facts,mlp,5,27416,belief_bank_constraints,420,4978,25686,2489,2489,10018,15668,6.3049,3585,0.43997165131112687,0.9295268516669994,0.5110566067118274,0.5972485007856845,0.6797511001769447,1952.805,10,2026-09-18T18:11:20.653599+00:00
Qwen2.5-7B,belief_bank_facts,mlp,5,27416,belief_bank_constraints,511,4978,25686,2489,2489,10018,15668,5.6525,3585,0.5238150422992236,0.4511878618486724,0.6259830257727945,0.48479648200782965,0.6649403807382097,1959.934,10,2026-09-18T18:11:20.653599+00:00
Qwen2.5-7B,belief_bank_facts,mlp,5,27416,belief_bank_constraints,mean,0,0,0,0,0,0,7.00779,3585.0,0.5028533296425011,0.5346476342583351,0.5831231020789536,0.44509058934018275,0.6661144022964434,4936.843,10,2026-09-18T18:11:20.653599+00:00
Qwen2.5-7B,belief_bank_facts,mlp,5,27416,belief_bank_constraints,std,0,0,0,0,0,0,0.7723885362303096,0.0,0.05641196575267034,0.32161790169663707,0.061640978299559133,0.18050664947734243,0.028548356249555158,4936.843,10,2026-09-18T18:11:20.653599+00:00
Qwen2.5-7B,belief_bank_facts,mlp,5,27416,halu_eval,2,4978,10000,2489,2489,2812,7188,6.2696,3585,0.28746928746928746,0.1248221906116643,0.6669,0.17406397222910985,0.497178203596796,1967.012,10,2026-09-18T18:11:20.653599+00:00
Qwen2.5-7B,belief_bank_facts,mlp,5,27416,halu_eval,4,4978,10000,2489,2489,2812,7188,6.8448,3585,0.28880407124681934,0.08072546230440968,0.6856,0.12618121178432462,0.4937035241682241,1974.649,10,2026-09-18T18:11:20.653599+00:00
Qwen2.5-7B,belief_bank_facts,mlp,5,27416,halu_eval,24,4978,10000,2489,2489,2812,7188,5.4503,3585,0.28848728246318606,0.15327169274537697,0.6556,0.20018578727357175,0.49954177224408314,1980.866,10,2026-09-18T18:11:20.653599+00:00
Qwen2.5-7B,belief_bank_facts,mlp,5,27416,halu_eval,42,4978,10000,2489,2489,2812,7188,6.9712,3585,0.28523862375138737,0.09139402560455193,0.6801,0.1384325343388096,0.49911639519318984,1988.618,10,2026-09-18T18:11:20.653599+00:00
Qwen2.5-7B,belief_bank_facts,mlp,5,27416,halu_eval,64,4978,10000,2489,2489,2812,7188,6.6681,3585,0.2802721088435374,0.0732574679943101,0.6865,0.11615449675782351,0.4990490364057054,1996.043,10,2026-09-18T18:11:20.653599+00:00
Qwen2.5-7B,belief_bank_facts,mlp,5,27416,halu_eval,67,4978,10000,2489,2489,2812,7188,7.3599,3585,0.28706896551724137,0.11842105263157894,0.6694,0.16767371601208458,0.499918170081161,2004.197,10,2026-09-18T18:11:20.653599+00:00
Qwen2.5-7B,belief_bank_facts,mlp,5,27416,halu_eval,104,4978,10000,2489,2489,2812,7188,7.0566,3585,0.30414263240692185,0.20625889046941678,0.6441,0.24581479126933672,0.5092925689726279,2012.021,10,2026-09-18T18:11:20.653599+00:00
Qwen2.5-7B,belief_bank_facts,mlp,5,27416,halu_eval,123,4978,10000,2489,2489,2812,7188,6.5247,3585,0.28998505231689087,0.1379800853485064,0.6626,0.1869879518072289,0.5042917170311512,2019.332,10,2026-09-18T18:11:20.653599+00:00
Qwen2.5-7B,belief_bank_facts,mlp,5,27416,halu_eval,420,4978,10000,2489,2489,2812,7188,7.1294,3585,0.2874732334047109,0.19096728307254623,0.6394,0.22948717948717948,0.5016471363288426,2027.265,10,2026-09-18T18:11:20.653599+00:00
Qwen2.5-7B,belief_bank_facts,mlp,5,27416,halu_eval,511,4978,10000,2489,2489,2812,7188,6.5814,3585,0.2869352869352869,0.08357041251778094,0.6839,0.12944092536491325,0.5017409142074154,2034.658,10,2026-09-18T18:11:20.653599+00:00
Qwen2.5-7B,belief_bank_facts,mlp,5,27416,halu_eval,mean,0,0,0,0,0,0,6.685599999999999,3585.0,0.2885876544355269,0.12606685633001422,0.6674100000000001,0.17144225663243823,0.5005479438229197,4936.843,10,2026-09-18T18:11:20.653599+00:00
Qwen2.5-7B,belief_bank_facts,mlp,5,27416,halu_eval,std,0,0,0,0,0,0,0.5130562074470982,0.0,0.005760735105919219,0.04408819549894982,0.016195706221094532,0.04236563893963453,0.003962600031350748,4936.843,10,2026-09-18T18:11:20.653599+00:00
Qwen2.5-7B,belief_bank_facts,mlp,6,27416,belief_bank_facts,2,4978,8225,2489,2489,1067,7158,5.8601,3585,0.8672268907563025,0.9671977507029054,0.9765349544072949,0.9144882587505538,0.9881127361446405,2042.029,10,2026-09-18T18:11:20.653599+00:00
Qwen2.5-7B,belief_bank_facts,mlp,6,27416,belief_bank_facts,4,4978,8225,2489,2489,1067,7158,6.1554,3585,0.8812553011026294,0.9737582005623243,0.9795744680851064,0.92520035618878,0.991096794196491,2048.946,10,2026-09-18T18:11:20.653599+00:00
Qwen2.5-7B,belief_bank_facts,mlp,6,27416,belief_bank_facts,24,4978,8225,2489,2489,1067,7158,6.1835,3585,0.8795900939368061,0.9653233364573571,0.9783586626139817,0.9204647006255585,0.9908799717607106,2055.899,10,2026-09-18T18:11:20.653599+00:00
Qwen2.5-7B,belief_bank_facts,mlp,6,27416,belief_bank_facts,42,4978,8225,2489,2489,1067,7158,6.6269,3585,0.8291139240506329,0.9821930646672915,0.9714285714285714,0.8991848991848992,0.995646399268041,2063.299,10,2026-09-18T18:11:20.653599+00:00
Qwen2.5-7B,belief_bank_facts,mlp,6,27416,belief_bank_facts,64,4978,8225,2489,2489,1067,7158,6.9744,3585,0.8611803823773898,0.9709465791940018,0.9759270516717325,0.9127753303964757,0.9915873942368701,2071.017,10,2026-09-18T18:11:20.653599+00:00
Qwen2.5-7B,belief_bank_facts,mlp,6,27416,belief_bank_facts,67,4978,8225,2489,2489,1067,7158,6.1449,3585,0.8686192468619247,0.9728209934395501,0.977386018237082,0.9177718832891246,0.9932897645931581,2077.933,10,2026-09-18T18:11:20.653599+00:00
Qwen2.5-7B,belief_bank_facts,mlp,6,27416,belief_bank_facts,104,4978,8225,2489,2489,1067,7158,6.0335,3585,0.8444084278768234,0.9765698219306467,0.9736170212765958,0.9056931768796176,0.9922212332535437,2084.736,10,2026-09-18T18:11:20.653599+00:00
Qwen2.5-7B,belief_bank_facts,mlp,6,27416,belief_bank_facts,123,4978,8225,2489,2489,1067,7158,6.1849,3585,0.8379032258064516,0.9737582005623243,0.9721580547112462,0.9007368877329865,0.9928624044298814,2091.686,10,2026-09-18T18:11:20.653599+00:00
Qwen2.5-7B,belief_bank_facts,mlp,6,27416,belief_bank_facts,420,4978,8225,2489,2489,1067,7158,6.5165,3585,0.8536184210526315,0.9728209934395501,0.9748328267477203,0.9093298291721419,0.9888833984979024,2098.971,10,2026-09-18T18:11:20.653599+00:00
Qwen2.5-7B,belief_bank_facts,mlp,6,27416,belief_bank_facts,511,4978,8225,2489,2489,1067,7158,6.6579,3585,0.8524857375713122,0.9803186504217432,0.9754407294832826,0.911944202266783,0.993443870877526,2106.398,10,2026-09-18T18:11:20.653599+00:00
Qwen2.5-7B,belief_bank_facts,mlp,6,27416,belief_bank_facts,mean,0,0,0,0,0,0,6.3338,3585.0,0.8575401651392905,0.9735707591377695,0.9755258358662614,0.9117589524486922,0.9918023967258766,4936.843,10,2026-09-18T18:11:20.653599+00:00
Qwen2.5-7B,belief_bank_facts,mlp,6,27416,belief_bank_facts,std,0,0,0,0,0,0,0.325812663965046,0.0,0.016387395544489463,0.004955690371659704,0.002476217007537078,0.007895696149530295,0.0021097680240381544,4936.843,10,2026-09-18T18:11:20.653599+00:00
Qwen2.5-7B,belief_bank_facts,mlp,6,27416,belief_bank_constraints,2,4978,25686,2489,2489,10018,15668,5.8494,3585,0.6061776061776062,0.031343581553204235,0.6142645799268084,0.059605163249810175,0.7289075349843858,2113.708,10,2026-09-18T18:11:20.653599+00:00
Qwen2.5-7B,belief_bank_facts,mlp,6,27416,belief_bank_constraints,4,4978,25686,2489,2489,10018,15668,6.0764,3585,0.5527950310559007,0.008884008784188461,0.6106439305458227,0.017486983004224382,0.7170915940788327,2121.252,10,2026-09-18T18:11:20.653599+00:00
Qwen2.5-7B,belief_bank_facts,mlp,6,27416,belief_bank_constraints,24,4978,25686,2489,2489,10018,15668,5.3515,3585,0.7419818094782192,0.1547215012976642,0.6493420540372187,0.2560502188816387,0.8036338331111225,2128.063,10,2026-09-18T18:11:20.653599+00:00
Qwen2.5-7B,belief_bank_facts,mlp,6,27416,belief_bank_constraints,42,4978,25686,2489,2489,10018,15668,5.7821,3585,0.36363636363636365,0.0003992812936713915,0.6098652962703418,0.0007976867085452188,0.7438131531739167,2135.305,10,2026-09-18T18:11:20.653599+00:00
Qwen2.5-7B,belief_bank_facts,mlp,6,27416,belief_bank_constraints,64,4978,25686,2489,2489,10018,15668,6.0441,3585,0.44,0.0010980235575963266,0.6098652962703418,0.002190580503833516,0.7060258091473133,2142.807,10,2026-09-18T18:11:20.653599+00:00
Qwen2.5-7B,belief_bank_facts,mlp,6,27416,belief_bank_constraints,67,4978,25686,2489,2489,10018,15668,5.3441,3585,0.4472934472934473,0.015671790776602117,0.6085416180020244,0.03028257305429646,0.7606161602503291,2149.607,10,2026-09-18T18:11:20.653599+00:00
Qwen2.5-7B,belief_bank_facts,mlp,6,27416,belief_bank_constraints,104,4978,25686,2489,2489,10018,15668,5.1667,3585,0.46153846153846156,0.0005989219405070872,0.6099431596978899,0.0011962914963612801,0.7130843827549014,2156.228,10,2026-09-18T18:11:20.653599+00:00
Qwen2.5-7B,belief_bank_facts,mlp,6,27416,belief_bank_constraints,123,4978,25686,2489,2489,10018,15668,5.3485,3585,0.0,0.0,0.6099431596978899,0.0,0.7257178462479561,2163.033,10,2026-09-18T18:11:20.653599+00:00
Qwen2.5-7B,belief_bank_facts,mlp,6,27416,belief_bank_constraints,420,4978,25686,2489,2489,10018,15668,5.6503,3585,0.8502415458937198,0.03513675384308245,0.6212722884061357,0.06748466257668712,0.7979185653212525,2170.135,10,2026-09-18T18:11:20.653599+00:00
Qwen2.5-7B,belief_bank_facts,mlp,6,27416,belief_bank_constraints,511,4978,25686,2489,2489,10018,15668,5.7516,3585,0.0,0.0,0.6099431596978899,0.0,0.7530540508320662,2177.344,10,2026-09-18T18:11:20.653599+00:00
Qwen2.5-7B,belief_bank_facts,mlp,6,27416,belief_bank_constraints,mean,0,0,0,0,0,0,5.63647,3585.0,0.4463664265073718,0.02478538630465163,0.6153624542552363,0.04350941594753969,0.7449862929902076,4936.843,10,2026-09-18T18:11:20.653599+00:00
Qwen2.5-7B,belief_bank_facts,mlp,6,27416,belief_bank_constraints,std,0,0,0,0,0,0,0.3016608660399954,0.0,0.26324362211678287,0.045098619960377034,0.01186624074669359,0.07481154447226215,0.03239704005725471,4936.843,10,2026-09-18T18:11:20.653599+00:00
Qwen2.5-7B,belief_bank_facts,mlp,6,27416,halu_eval,2,4978,10000,2489,2489,2812,7188,5.9715,3585,0.29250510352872555,0.3566856330014225,0.5765,0.3214228489024195,0.5074118413730486,2184.106,10,2026-09-18T18:11:20.653599+00:00
Qwen2.5-7B,belief_bank_facts,mlp,6,27416,halu_eval,4,4978,10000,2489,2489,2812,7188,6.0937,3585,0.2878581173260573,0.07503556187766713,0.6877,0.11904090267983075,0.5078925550407626,2190.99,10,2026-09-18T18:11:20.653599+00:00
Qwen2.5-7B,belief_bank_facts,mlp,6,27416,halu_eval,24,4978,10000,2489,2489,2812,7188,6.1826,3585,0.28714147599097645,0.31685633001422475,0.5867,0.30126796280642437,0.5089629487584413,2197.966,10,2026-09-18T18:11:20.653599+00:00
Qwen2.5-7B,belief_bank_facts,mlp,6,27416,halu_eval,42,4978,10000,2489,2489,2812,7188,6.706,3585,0.2998396579369321,0.19950213371266004,0.6439,0.2395900064061499,0.5142056788578404,2205.465,10,2026-09-18T18:11:20.653599+00:00
Qwen2.5-7B,belief_bank_facts,mlp,6,27416,halu_eval,64,4978,10000,2489,2489,2812,7188,6.8967,3585,0.30442477876106194,0.06116642958748222,0.6967,0.10186556114894878,0.5177675066552362,2213.153,10,2026-09-18T18:11:20.653599+00:00
Qwen2.5-7B,belief_bank_facts,mlp,6,27416,halu_eval,67,4978,10000,2489,2489,2812,7188,6.2124,3585,0.2848443843031123,0.29943100995732574,0.5916,0.2919556171983356,0.5078221041311939,2220.159,10,2026-09-18T18:11:20.653599+00:00
Qwen2.5-7B,belief_bank_facts,mlp,6,27416,halu_eval,104,4978,10000,2489,2489,2812,7188,6.0114,3585,0.2920353982300885,0.23470839260312945,0.6248,0.26025236593059936,0.5148643998097033,2226.964,10,2026-09-18T18:11:20.653599+00:00
Qwen2.5-7B,belief_bank_facts,mlp,6,27416,halu_eval,123,4978,10000,2489,2489,2812,7188,6.1131,3585,0.2865853658536585,0.10028449502133713,0.6768,0.14857744994731295,0.5034306970840448,2233.87,10,2026-09-18T18:11:20.653599+00:00
Qwen2.5-7B,belief_bank_facts,mlp,6,27416,halu_eval,420,4978,10000,2489,2489,2812,7188,6.5862,3585,0.2827064963109592,0.5586770981507824,0.4773,0.37543314613454415,0.5070735137430726,2241.249,10,2026-09-18T18:11:20.653599+00:00
Qwen2.5-7B,belief_bank_facts,mlp,6,27416,halu_eval,511,4978,10000,2489,2489,2812,7188,6.5918,3585,0.2914272030651341,0.43278805120910385,0.5446,0.34831139095592445,0.5156087601748133,2248.622,10,2026-09-18T18:11:20.653599+00:00
Qwen2.5-7B,belief_bank_facts,mlp,6,27416,halu_eval,mean,0,0,0,0,0,0,6.33654,3585.0,0.29093679813067064,0.2635135135135135,0.61066,0.25077172521104896,0.5105040005628158,4936.843,10,2026-09-18T18:11:20.653599+00:00
Qwen2.5-7B,belief_bank_facts,mlp,6,27416,halu_eval,std,0,0,0,0,0,0,0.3106031042987176,0.0,0.006424691572421609,0.15382820356477872,0.06578028884095903,0.09191118489642869,0.004464089632494785,4936.843,10,2026-09-18T18:11:20.653599+00:00
Qwen2.5-7B,belief_bank_facts,mlp,7,27416,belief_bank_facts,2,4978,8225,2489,2489,1067,7158,4.8459,3585,0.8798977853492334,0.9681349578256795,0.9787234042553191,0.9219098616688978,0.9877727072402196,2254.909,10,2026-09-18T18:11:20.653599+00:00
Qwen2.5-7B,belief_bank_facts,mlp,7,27416,belief_bank_facts,4,4978,8225,2489,2489,1067,7158,5.1425,3585,0.8727885425442291,0.9709465791940018,0.977872340425532,0.9192546583850931,0.9920672579005986,2260.794,10,2026-09-18T18:11:20.653599+00:00
Qwen2.5-7B,belief_bank_facts,mlp,7,27416,belief_bank_facts,24,4978,8225,2489,2489,1067,7158,4.8298,3585,0.8810949529512404,0.9653233364573571,0.9786018237082067,0.9212880143112702,0.9924675152594027,2266.366,10,2026-09-18T18:11:20.653599+00:00
Qwen2.5-7B,belief_bank_facts,mlp,7,27416,belief_bank_facts,42,4978,8225,2489,2489,1067,7158,5.8676,3585,0.8442292171105731,0.9803186504217432,0.9739817629179331,0.9071986123156982,0.9956804414379098,2272.975,10,2026-09-18T18:11:20.653599+00:00
Qwen2.5-7B,belief_bank_facts,mlp,7,27416,belief_bank_facts,64,4978,8225,2489,2489,1067,7158,5.3337,3585,0.8719460825610783,0.9700093720712277,0.977629179331307,0.9183673469387755,0.9930643006834882,2279.059,10,2026-09-18T18:11:20.653599+00:00
Qwen2.5-7B,belief_bank_facts,mlp,7,27416,belief_bank_facts,67,4978,8225,2489,2489,1067,7158,5.7473,3585,0.8756302521008403,0.9765698219306467,0.9789665653495441,0.923349579087284,0.9954129485415942,2285.533,10,2026-09-18T18:11:20.653599+00:00
Qwen2.5-7B,belief_bank_facts,mlp,7,27416,belief_bank_facts,104,4978,8225,2489,2489,1067,7158,4.3045,3585,0.8766778523489933,0.979381443298969,0.9794528875379939,0.9251881363435148,0.9942226509789873,2290.594,10,2026-09-18T18:11:20.653599+00:00
Qwen2.5-7B,belief_bank_facts,mlp,7,27416,belief_bank_facts,123,4978,8225,2489,2489,1067,7158,4.6252,3585,0.8217665615141956,0.9765698219306467,0.969483282674772,0.8925053533190578,0.9941684453700422,2295.98,10,2026-09-18T18:11:20.653599+00:00
Qwen2.5-7B,belief_bank_facts,mlp,7,27416,belief_bank_facts,420,4978,8225,2489,2489,1067,7158,3.971,3585,0.8504901960784313,0.9756326148078726,0.9745896656534955,0.9087734613705806,0.9911769242271052,2300.713,10,2026-09-18T18:11:20.653599+00:00
Qwen2.5-7B,belief_bank_facts,mlp,7,27416,belief_bank_facts,511,4978,8225,2489,2489,1067,7158,4.7157,3585,0.8594905505341003,0.9803186504217432,0.9766565349544073,0.9159369527145359,0.9945016658404894,2306.178,10,2026-09-18T18:11:20.653599+00:00
Qwen2.5-7B,belief_bank_facts,mlp,7,27416,belief_bank_facts,mean,0,0,0,0,0,0,4.93832,3585.0,0.8634011993092916,0.9743205248359889,0.9765957446808511,0.9153771976454708,0.9930534857479838,4936.843,10,2026-09-18T18:11:20.653599+00:00
Qwen2.5-7B,belief_bank_facts,mlp,7,27416,belief_bank_facts,std,0,0,0,0,0,0,0.5675722329360379,0.0,0.01831709011785028,0.005085158375351631,0.0029407667897384613,0.009462218085034106,0.002233819537939146,4936.843,10,2026-09-18T18:11:20.653599+00:00
Qwen2.5-7B,belief_bank_facts,mlp,7,27416,belief_bank_constraints,2,4978,25686,2489,2489,10018,15668,3.9902,3585,0.0,0.0,0.6099820914116639,0.0,0.6353001029089687,2311.611,10,2026-09-18T18:11:20.653599+00:00
Qwen2.5-7B,belief_bank_facts,mlp,7,27416,belief_bank_constraints,4,4978,25686,2489,2489,10018,15668,4.3041,3585,0.0,0.0,0.6099820914116639,0.0,0.6086084427657482,2317.357,10,2026-09-18T18:11:20.653599+00:00
Qwen2.5-7B,belief_bank_facts,mlp,7,27416,belief_bank_constraints,24,4978,25686,2489,2489,10018,15668,3.963,3585,0.0,0.0,0.6099820914116639,0.0,0.7407271009706144,2322.782,10,2026-09-18T18:11:20.653599+00:00
Qwen2.5-7B,belief_bank_facts,mlp,7,27416,belief_bank_constraints,42,4978,25686,2489,2489,10018,15668,4.9588,3585,0.0,0.0,0.6099820914116639,0.0,0.6276791066353732,2329.201,10,2026-09-18T18:11:20.653599+00:00
Qwen2.5-7B,belief_bank_facts,mlp,7,27416,belief_bank_constraints,64,4978,25686,2489,2489,10018,15668,5.4379,3585,0.0,0.0,0.6099820914116639,0.0,0.5701093724428528,2336.097,10,2026-09-18T18:11:20.653599+00:00
Qwen2.5-7B,belief_bank_facts,mlp,7,27416,belief_bank_constraints,67,4978,25686,2489,2489,10018,15668,5.7574,3585,0.0,0.0,0.6099820914116639,0.0,0.6308166362584622,2343.308,10,2026-09-18T18:11:20.653599+00:00
Qwen2.5-7B,belief_bank_facts,mlp,7,27416,belief_bank_constraints,104,4978,25686,2489,2489,10018,15668,5.1509,3585,0.7741935483870968,0.004791375524056698,0.6113057696799813,0.009523809523809525,0.672753136771478,2349.937,10,2026-09-18T18:11:20.653599+00:00
Qwen2.5-7B,belief_bank_facts,mlp,7,27416,belief_bank_constraints,123,4978,25686,2489,2489,10018,15668,5.5383,3585,0.0,0.0,0.6099820914116639,0.0,0.6372955664740918,2356.906,10,2026-09-18T18:11:20.653599+00:00
Qwen2.5-7B,belief_bank_facts,mlp,7,27416,belief_bank_constraints,420,4978,25686,2489,2489,10018,15668,4.8333,3585,0.0,0.0,0.6099820914116639,0.0,0.6794523113437936,2363.185,10,2026-09-18T18:11:20.653599+00:00
Qwen2.5-7B,belief_bank_facts,mlp,7,27416,belief_bank_constraints,511,4978,25686,2489,2489,10018,15668,5.5781,3585,0.0,0.0,0.6098652962703418,0.0,0.5755022055525991,2370.218,10,2026-09-18T18:11:20.653599+00:00
Qwen2.5-7B,belief_bank_facts,mlp,7,27416,belief_bank_constraints,mean,0,0,0,0,0,0,4.9512,3585.0,0.07741935483870968,0.0004791375524056698,0.6101027797243634,0.0009523809523809525,0.6378243982123982,4936.843,10,2026-09-18T18:11:20.653599+00:00
Qwen2.5-7B,belief_bank_facts,mlp,7,27416,belief_bank_constraints,std,0,0,0,0,0,0,0.6322311491851693,0.0,0.23225806451612907,0.0014374126572170094,0.00040250572354061343,0.002857142857142857,0.047982815703205194,4936.843,10,2026-09-18T18:11:20.653599+00:00
Qwen2.5-7B,belief_bank_facts,mlp,7,27416,halu_eval,2,4978,10000,2489,2489,2812,7188,4.8575,3585,0.28726186029137096,0.5469416785206259,0.491,0.3766838109233407,0.5094382945022168,2375.866,10,2026-09-18T18:11:20.653599+00:00
Qwen2.5-7B,belief_bank_facts,mlp,7,27416,halu_eval,4,4978,10000,2489,2489,2812,7188,5.1083,3585,0.28505665722379603,0.28627311522048365,0.5974,0.28566359119943224,0.5071971986264447,2381.762,10,2026-09-18T18:11:20.653599+00:00
Qwen2.5-7B,belief_bank_facts,mlp,7,27416,halu_eval,24,4978,10000,2489,2489,2812,7188,4.8873,3585,0.2839069979484842,0.885846372688478,0.3396,0.43000172622130156,0.5071222208501445,2387.437,10,2026-09-18T18:11:20.653599+00:00
Qwen2.5-7B,belief_bank_facts,mlp,7,27416,halu_eval,42,4978,10000,2489,2489,2812,7188,5.8225,3585,0.2853717026378897,0.5078236130867709,0.504,0.3654042988741044,0.5108795202372216,2394.045,10,2026-09-18T18:11:20.653599+00:00
Qwen2.5-7B,belief_bank_facts,mlp,7,27416,halu_eval,64,4978,10000,2489,2489,2812,7188,5.3466,3585,0.2857471793690997,0.44132290184921763,0.5327,0.346890286512928,0.5119673535234558,2400.175,10,2026-09-18T18:11:20.653599+00:00
Qwen2.5-7B,belief_bank_facts,mlp,7,27416,halu_eval,67,4978,10000,2489,2489,2812,7188,5.8223,3585,0.2810077519379845,0.30938833570412516,0.5832,0.2945159106296547,0.507383319638943,2406.785,10,2026-09-18T18:11:20.653599+00:00
Qwen2.5-7B,belief_bank_facts,mlp,7,27416,halu_eval,104,4978,10000,2489,2489,2812,7188,5.1507,3585,0.28746038931643275,0.6774537695590327,0.4371,0.4036444538616379,0.5154742652326345,2412.719,10,2026-09-18T18:11:20.653599+00:00
Qwen2.5-7B,belief_bank_facts,mlp,7,27416,halu_eval,123,4978,10000,2489,2489,2812,7188,5.5358,3585,0.2923644621061595,0.3662873399715505,0.5725,0.32517758484609316,0.510548687911178,2419.017,10,2026-09-18T18:11:20.653599+00:00
Qwen2.5-7B,belief_bank_facts,mlp,7,27416,halu_eval,420,4978,10000,2489,2489,2812,7188,4.8418,3585,0.28421633554083886,0.5494310099573257,0.4842,0.37463627546071776,0.511173148150347,2424.646,10,2026-09-18T18:11:20.653599+00:00
Qwen2.5-7B,belief_bank_facts,mlp,7,27416,halu_eval,511,4978,10000,2489,2489,2812,7188,5.5102,3585,0.2893942910187979,0.44345661450924606,0.5373,0.3502317090296307,0.5109603854139704,2430.944,10,2026-09-18T18:11:20.653599+00:00
Qwen2.5-7B,belief_bank_facts,mlp,7,27416,halu_eval,mean,0,0,0,0,0,0,5.2883,3585.0,0.28617876273908543,0.5014224751066857,0.5079,0.3552849647558841,0.5102144394086556,4936.843,10,2026-09-18T18:11:20.653599+00:00
Qwen2.5-7B,belief_bank_facts,mlp,7,27416,halu_eval,std,0,0,0,0,0,0,0.35798129001387774,0.0,0.00298774639562916,0.17075901256682688,0.07316620804715795,0.04289346492566558,0.0024505363836179145,4936.843,10,2026-09-18T18:11:20.653599+00:00
Qwen2.5-7B,belief_bank_facts,mlp,8,27416,belief_bank_facts,2,4978,8225,2489,2489,1067,7158,3.7312,3585,0.8819503849443969,0.9662605435801312,0.9788449848024317,0.9221824686940966,0.992787773519015,2436.13,10,2026-09-18T18:11:20.653599+00:00
Qwen2.5-7B,belief_bank_facts,mlp,8,27416,belief_bank_facts,4,4978,8225,2489,2489,1067,7158,4.5352,3585,0.8843537414965986,0.9746954076850984,0.9801823708206687,0.927329469460544,0.9962088806594125,2441.406,10,2026-09-18T18:11:20.653599+00:00
Qwen2.5-7B,belief_bank_facts,mlp,8,27416,belief_bank_facts,24,4978,8225,2489,2489,1067,7158,3.8716,3585,0.9102112676056338,0.9690721649484536,0.9835866261398176,0.9387199273717658,0.9940379067417375,2446.004,10,2026-09-18T18:11:20.653599+00:00
Qwen2.5-7B,belief_bank_facts,mlp,8,27416,belief_bank_facts,42,4978,8225,2489,2489,1067,7158,4.4323,3585,0.8652423993426458,0.9868791002811621,0.9783586626139817,0.9220665499124343,0.9977423494805819,2451.135,10,2026-09-18T18:11:20.653599+00:00
Qwen2.5-7B,belief_bank_facts,mlp,8,27416,belief_bank_facts,64,4978,8225,2489,2489,1067,7158,4.1933,3585,0.8863247863247863,0.971883786316776,0.9801823708206687,0.9271345552078677,0.9940271703650866,2456.071,10,2026-09-18T18:11:20.653599+00:00
Qwen2.5-7B,belief_bank_facts,mlp,8,27416,belief_bank_facts,67,4978,8225,2489,2489,1067,7158,4.6458,3585,0.8870967741935484,0.979381443298969,0.9811550151975684,0.9309576837416481,0.996940787311593,2461.457,10,2026-09-18T18:11:20.653599+00:00
Qwen2.5-7B,belief_bank_facts,mlp,8,27416,belief_bank_facts,104,4978,8225,2489,2489,1067,7158,4.0123,3585,0.8940170940170941,0.9803186504217432,0.982370820668693,0.9351810460438087,0.9965088445485262,2466.196,10,2026-09-18T18:11:20.653599+00:00
Qwen2.5-7B,belief_bank_facts,mlp,8,27416,belief_bank_facts,123,4978,8225,2489,2489,1067,7158,4.1497,3585,0.8629232039636664,0.979381443298969,0.9771428571428571,0.9174714661984197,0.9952556999030845,2471.047,10,2026-09-18T18:11:20.653599+00:00
Qwen2.5-7B,belief_bank_facts,mlp,8,27416,belief_bank_facts,420,4978,8225,2489,2489,1067,7158,5.5562,3585,0.8804713804713805,0.9803186504217432,0.9801823708206687,0.9277161862527716,0.9954035214791689,2477.346,10,2026-09-18T18:11:20.653599+00:00
Qwen2.5-7B,belief_bank_facts,mlp,8,27416,belief_bank_facts,511,4978,8225,2489,2489,1067,7158,4.5723,3585,0.8694214876033057,0.985941893158388,0.9789665653495441,0.9240228370663153,0.9955332745189384,2482.66,10,2026-09-18T18:11:20.653599+00:00
Qwen2.5-7B,belief_bank_facts,mlp,8,27416,belief_bank_facts,mean,0,0,0,0,0,0,4.36999,3585.0,0.8822012519963056,0.9774133083411435,0.9800972644376902,0.9272782189949671,0.9954446208527147,4936.843,10,2026-09-18T18:11:20.653599+00:00
Qwen2.5-7B,belief_bank_facts,mlp,8,27416,belief_bank_facts,std,0,0,0,0,0,0,0.4918745743581385,0.0,0.013399259561909084,0.006472159951497468,0.001818879118058216,0.0060582091879297474,0.0014257217131189999,4936.843,10,2026-09-18T18:11:20.653599+00:00
Qwen2.5-7B,belief_bank_facts,mlp,8,27416,belief_bank_constraints,2,4978,25686,2489,2489,10018,15668,4.5821,3585,0.9523396880415944,0.10970253543621482,0.650626800591762,0.19674185463659147,0.8280587538804928,2488.685,10,2026-09-18T18:11:20.653599+00:00
Qwen2.5-7B,belief_bank_facts,mlp,8,27416,belief_bank_constraints,4,4978,25686,2489,2489,10018,15668,5.4409,3585,0.8961038961038961,0.006887602315831503,0.6123569259518804,0.013670133729569094,0.7358332038327946,2495.563,10,2026-09-18T18:11:20.653599+00:00
Qwen2.5-7B,belief_bank_facts,mlp,8,27416,belief_bank_constraints,24,4978,25686,2489,2489,10018,15668,4.7498,3585,0.6666666666666666,0.00019964064683569574,0.6100210231254379,0.00039916176030336295,0.8286190295303532,2501.737,10,2026-09-18T18:11:20.653599+00:00
Qwen2.5-7B,belief_bank_facts,mlp,8,27416,belief_bank_constraints,42,4978,25686,2489,2489,10018,15668,5.3031,3585,0.0,0.0,0.6099820914116639,0.0,0.7955518463497897,2508.475,10,2026-09-18T18:11:20.653599+00:00
Qwen2.5-7B,belief_bank_facts,mlp,8,27416,belief_bank_constraints,64,4978,25686,2489,2489,10018,15668,5.0518,3585,0.0,0.0,0.6099820914116639,0.0,0.7745697902060692,2514.963,10,2026-09-18T18:11:20.653599+00:00
Qwen2.5-7B,belief_bank_facts,mlp,8,27416,belief_bank_constraints,67,4978,25686,2489,2489,10018,15668,5.4356,3585,0.0,0.0,0.6099820914116639,0.0,0.8060993020834135,2521.858,10,2026-09-18T18:11:20.653599+00:00
Qwen2.5-7B,belief_bank_facts,mlp,8,27416,belief_bank_constraints,104,4978,25686,2489,2489,10018,15668,4.9243,3585,0.0,0.0,0.6099820914116639,0.0,0.7926663076159111,2528.249,10,2026-09-18T18:11:20.653599+00:00
Qwen2.5-7B,belief_bank_facts,mlp,8,27416,belief_bank_constraints,123,4978,25686,2489,2489,10018,15668,5.036,3585,0.0,0.0,0.6098263645565678,0.0,0.7775248616824666,2534.743,10,2026-09-18T18:11:20.653599+00:00
Qwen2.5-7B,belief_bank_facts,mlp,8,27416,belief_bank_constraints,420,4978,25686,2489,2489,10018,15668,5.4637,3585,0.9090909090909091,0.014973048512677181,0.6152378727711594,0.029460866149464793,0.7676817100676531,2541.632,10,2026-09-18T18:11:20.653599+00:00
Qwen2.5-7B,belief_bank_facts,mlp,8,27416,belief_bank_constraints,511,4978,25686,2489,2489,10018,15668,4.6335,3585,0.0,0.0,0.6099820914116639,0.0,0.8054474182876236,2547.643,10,2026-09-18T18:11:20.653599+00:00
Qwen2.5-7B,belief_bank_facts,mlp,8,27416,belief_bank_constraints,mean,0,0,0,0,0,0,5.06208,3585.0,0.34242011599030664,0.013176282691155922,0.6147979444055127,0.02402720162759287,0.7912052223536568,4936.843,10,2026-09-18T18:11:20.653599+00:00
Qwen2.5-7B,belief_bank_facts,mlp,8,27416,belief_bank_constraints,std,0,0,0,0,0,0,0.32152148233049704,0.0,0.4252444521824797,0.03251180267129665,0.012055524986806206,0.05830031535582595,0.026994413044100454,4936.843,10,2026-09-18T18:11:20.653599+00:00
Qwen2.5-7B,belief_bank_facts,mlp,8,27416,halu_eval,2,4978,10000,2489,2489,2812,7188,4.5825,3585,0.3003194888178914,0.033428165007112376,0.7063,0.06016,0.4980324456122936,2552.998,10,2026-09-18T18:11:20.653599+00:00
Qwen2.5-7B,belief_bank_facts,mlp,8,27416,halu_eval,4,4978,10000,2489,2489,2812,7188,5.4335,3585,0.2901915264074289,0.17780938833570412,0.6465,0.2205071664829107,0.49873252678915625,2559.2,10,2026-09-18T18:11:20.653599+00:00
Qwen2.5-7B,belief_bank_facts,mlp,8,27416,halu_eval,24,4978,10000,2489,2489,2812,7188,4.7486,3585,0.28593576965669987,0.45910384068278803,0.5255,0.3523952504435649,0.5029903046883102,2564.703,10,2026-09-18T18:11:20.653599+00:00
Qwen2.5-7B,belief_bank_facts,mlp,8,27416,halu_eval,42,4978,10000,2489,2489,2812,7188,5.2624,3585,0.28463598733869006,0.41571834992887624,0.5419,0.337910102615985,0.5040290845497989,2570.711,10,2026-09-18T18:11:20.653599+00:00
Qwen2.5-7B,belief_bank_facts,mlp,8,27416,halu_eval,64,4978,10000,2489,2489,2812,7188,4.1947,3585,0.2737226277372263,0.08001422475106686,0.6816,0.12383048981838195,0.5031178980139968,2575.676,10,2026-09-18T18:11:20.653599+00:00
Qwen2.5-7B,belief_bank_facts,mlp,8,27416,halu_eval,67,4978,10000,2489,2489,2812,7188,4.5926,3585,0.2971014492753623,0.13122332859174965,0.6684,0.1820424272323631,0.5029588887279337,2581.065,10,2026-09-18T18:11:20.653599+00:00
Qwen2.5-7B,belief_bank_facts,mlp,8,27416,halu_eval,104,4978,10000,2489,2489,2812,7188,4.0527,3585,0.2729173928197978,0.27844950213371267,0.5885,0.2756556944199965,0.4969094858191818,2585.918,10,2026-09-18T18:11:20.653599+00:00
Qwen2.5-7B,belief_bank_facts,mlp,8,27416,halu_eval,123,4978,10000,2489,2489,2812,7188,4.2245,3585,0.2849357726741923,0.2603129445234708,0.6083,0.2720683887753206,0.501194598077561,2590.951,10,2026-09-18T18:11:20.653599+00:00
Qwen2.5-7B,belief_bank_facts,mlp,8,27416,halu_eval,420,4978,10000,2489,2489,2812,7188,4.5973,3585,0.2839888510374729,0.3261024182076814,0.5793,0.30359212050984935,0.504311481875514,2596.355,10,2026-09-18T18:11:20.653599+00:00
Qwen2.5-7B,belief_bank_facts,mlp,8,27416,halu_eval,511,4978,10000,2489,2489,2812,7188,3.7507,3585,0.3100358422939068,0.06152204836415363,0.6976,0.1026706231454006,0.5006545898767584,2600.91,10,2026-09-18T18:11:20.653599+00:00
Qwen2.5-7B,belief_bank_facts,mlp,8,27416,halu_eval,mean,0,0,0,0,0,0,4.543950000000001,3585.0,0.28837847080586687,0.2223684210526316,0.62439,0.22308322634437724,0.5012931304030503,4936.843,10,2026-09-18T18:11:20.653599+00:00
Qwen2.5-7B,belief_bank_facts,mlp,8,27416,halu_eval,std,0,0,0,0,0,0,0.49504003524967566,0.0,0.010935903012623918,0.1417395848127662,0.06158862638507211,0.0970243089871274,0.0024980664026919295,4936.843,10,2026-09-18T18:11:20.653599+00:00
Qwen2.5-7B,belief_bank_facts,mlp,9,27416,belief_bank_facts,2,4978,8225,2489,2489,1067,7158,3.5497,3585,0.8708053691275168,0.9728209934395501,0.9777507598784194,0.9189907038512616,0.9937371572640883,2605.951,10,2026-09-18T18:11:20.653599+00:00
Qwen2.5-7B,belief_bank_facts,mlp,9,27416,belief_bank_facts,4,4978,8225,2489,2489,1067,7158,3.5007,3585,0.8907996560619088,0.9709465791940018,0.980790273556231,0.9291479820627803,0.9958122893804403,2610.186,10,2026-09-18T18:11:20.653599+00:00
Qwen2.5-7B,belief_bank_facts,mlp,9,27416,belief_bank_facts,24,4978,8225,2489,2489,1067,7158,4.6481,3585,0.9125441696113075,0.9681349578256795,0.9838297872340426,0.9395179627103228,0.9953368773850795,2615.555,10,2026-09-18T18:11:20.653599+00:00
Qwen2.5-7B,belief_bank_facts,mlp,9,27416,belief_bank_facts,42,4978,8225,2489,2489,1067,7158,5.1252,3585,0.8688118811881188,0.9868791002811621,0.9789665653495441,0.9240895129442738,0.99809088892747,2621.439,10,2026-09-18T18:11:20.653599+00:00
Qwen2.5-7B,belief_bank_facts,mlp,9,27416,belief_bank_facts,64,4978,8225,2489,2489,1067,7158,5.0288,3585,0.8924268502581756,0.971883786316776,0.9811550151975684,0.9304620906235981,0.9941879541520057,2627.25,10,2026-09-18T18:11:20.653599+00:00
Qwen2.5-7B,belief_bank_facts,mlp,9,27416,belief_bank_facts,67,4978,8225,2489,2489,1067,7158,5.0831,3585,0.8883205456095482,0.9765698219306467,0.9810334346504559,0.9303571428571429,0.9974160683755312,2633.112,10,2026-09-18T18:11:20.653599+00:00
Qwen2.5-7B,belief_bank_facts,mlp,9,27416,belief_bank_facts,104,4978,8225,2489,2489,1067,7158,4.4928,3585,0.8920308483290489,0.9756326148078726,0.9815197568389058,0.9319606087735004,0.9950657184089318,2638.38,10,2026-09-18T18:11:20.653599+00:00
Qwen2.5-7B,belief_bank_facts,mlp,9,27416,belief_bank_facts,123,4978,8225,2489,2489,1067,7158,4.7141,3585,0.8596201486374897,0.9756326148078726,0.9761702127659575,0.9139596136962248,0.9951349811314727,2643.845,10,2026-09-18T18:11:20.653599+00:00
Qwen2.5-7B,belief_bank_facts,mlp,9,27416,belief_bank_facts,420,4978,8225,2489,2489,1067,7158,4.4422,3585,0.8769874476987448,0.9821930646672915,0.9798176291793314,0.9266136162687887,0.9943510947045311,2649.054,10,2026-09-18T18:11:20.653599+00:00
Qwen2.5-7B,belief_bank_facts,mlp,9,27416,belief_bank_facts,511,4978,8225,2489,2489,1067,7158,4.4496,3585,0.8657829328914665,0.979381443298969,0.977629179331307,0.9190853122251539,0.995798934375338,2654.253,10,2026-09-18T18:11:20.653599+00:00
Qwen2.5-7B,belief_bank_facts,mlp,9,27416,belief_bank_facts,mean,0,0,0,0,0,0,4.50343,3585.0,0.8818129849413324,0.9760074976569821,0.9798662613981763,0.9264184546013047,0.9954931964104888,4936.843,10,2026-09-18T18:11:20.653599+00:00
Qwen2.5-7B,belief_bank_facts,mlp,9,27416,belief_bank_facts,std,0,0,0,0,0,0,0.5464218407970165,0.0,0.0153216834923278,0.005321488122428639,0.0021511168928482908,0.007150233531270847,0.0013064439307816514,4936.843,10,2026-09-18T18:11:20.653599+00:00
Qwen2.5-7B,belief_bank_facts,mlp,9,27416,belief_bank_constraints,2,4978,25686,2489,2489,10018,15668,4.4377,3585,0.8,0.000798562587342783,0.6102156816943082,0.0015955325089748703,0.6785560499653088,2660.094,10,2026-09-18T18:11:20.653599+00:00
Qwen2.5-7B,belief_bank_facts,mlp,9,27416,belief_bank_constraints,4,4978,25686,2489,2489,10018,15668,4.3676,3585,0.0,0.0,0.6099431596978899,0.0,0.5784786962227246,2665.829,10,2026-09-18T18:11:20.653599+00:00
Qwen2.5-7B,belief_bank_facts,mlp,9,27416,belief_bank_constraints,24,4978,25686,2489,2489,10018,15668,4.5876,3585,0.0,0.0,0.6099820914116639,0.0,0.6235390096651658,2671.829,10,2026-09-18T18:11:20.653599+00:00
Qwen2.5-7B,belief_bank_facts,mlp,9,27416,belief_bank_constraints,42,4978,25686,2489,2489,10018,15668,5.1564,3585,0.0,0.0,0.6099042279841158,0.0,0.5745591430446896,2678.427,10,2026-09-18T18:11:20.653599+00:00
Qwen2.5-7B,belief_bank_facts,mlp,9,27416,belief_bank_constraints,64,4978,25686,2489,2489,10018,15668,5.0048,3585,0.0,0.0,0.6099820914116639,0.0,0.6186065745431519,2684.879,10,2026-09-18T18:11:20.653599+00:00
Qwen2.5-7B,belief_bank_facts,mlp,9,27416,belief_bank_constraints,67,4978,25686,2489,2489,10018,15668,5.0609,3585,0.0,0.0,0.6099820914116639,0.0,0.6129633305442086,2691.337,10,2026-09-18T18:11:20.653599+00:00
Qwen2.5-7B,belief_bank_facts,mlp,9,27416,belief_bank_constraints,104,4978,25686,2489,2489,10018,15668,4.5069,3585,0.0,0.0,0.6099820914116639,0.0,0.6689419664975778,2697.282,10,2026-09-18T18:11:20.653599+00:00
Qwen2.5-7B,belief_bank_facts,mlp,9,27416,belief_bank_constraints,123,4978,25686,2489,2489,10018,15668,4.7035,3585,0.0,0.0,0.6099820914116639,0.0,0.7069711588326613,2703.451,10,2026-09-18T18:11:20.653599+00:00
Qwen2.5-7B,belief_bank_facts,mlp,9,27416,belief_bank_constraints,420,4978,25686,2489,2489,10018,15668,3.5602,3585,0.0,0.0,0.6099820914116639,0.0,0.6598750090021775,2708.392,10,2026-09-18T18:11:20.653599+00:00
Qwen2.5-7B,belief_bank_facts,mlp,9,27416,belief_bank_constraints,511,4978,25686,2489,2489,10018,15668,3.5959,3585,0.0,0.0,0.6099820914116639,0.0,0.6065720967002821,2713.446,10,2026-09-18T18:11:20.653599+00:00
Qwen2.5-7B,belief_bank_facts,mlp,9,27416,belief_bank_constraints,mean,0,0,0,0,0,0,4.498150000000001,3585.0,0.08,7.98562587342783e-05,0.6099937709257961,0.00015955325089748703,0.6329063035017948,4936.843,10,2026-09-18T18:11:20.653599+00:00
Qwen2.5-7B,belief_bank_facts,mlp,9,27416,belief_bank_constraints,std,0,0,0,0,0,0,0.5264431692975036,0.0,0.24,0.00023956877620283492,7.796069607763644e-05,0.0004786597526924611,0.04164802379366088,4936.843,10,2026-09-18T18:11:20.653599+00:00
Qwen2.5-7B,belief_bank_facts,mlp,9,27416,halu_eval,2,4978,10000,2489,2489,2812,7188,3.5608,3585,0.30687830687830686,0.061877667140825036,0.6969,0.10298905001479727,0.5084103741734881,2717.788,10,2026-09-18T18:11:20.653599+00:00
Qwen2.5-7B,belief_bank_facts,mlp,9,27416,halu_eval,4,4978,10000,2489,2489,2812,7188,3.5448,3585,0.2988095238095238,0.08926031294452347,0.685,0.13745892661555312,0.5111558075296982,2722.138,10,2026-09-18T18:11:20.653599+00:00
Qwen2.5-7B,belief_bank_facts,mlp,9,27416,halu_eval,24,4978,10000,2489,2489,2812,7188,3.7066,3585,0.2861111111111111,0.10988620199146515,0.6726,0.15878725590955806,0.5143055915066284,2726.653,10,2026-09-18T18:11:20.653599+00:00
Qwen2.5-7B,belief_bank_facts,mlp,9,27416,halu_eval,42,4978,10000,2489,2489,2812,7188,4.2879,3585,0.2848378615249781,0.11557610241820768,0.6697,0.1644320769036175,0.5123427124075134,2731.708,10,2026-09-18T18:11:20.653599+00:00
Qwen2.5-7B,belief_bank_facts,mlp,9,27416,halu_eval,64,4978,10000,2489,2489,2812,7188,4.1603,3585,0.2838038632986627,0.20376955903271693,0.6315,0.237217967294556,0.511571116631085,2736.647,10,2026-09-18T18:11:20.653599+00:00
Qwen2.5-7B,belief_bank_facts,mlp,9,27416,halu_eval,67,4978,10000,2489,2489,2812,7188,4.1871,3585,0.2905982905982906,0.09672830725462304,0.6796,0.14514407684098185,0.50623507865567,2741.646,10,2026-09-18T18:11:20.653599+00:00
Qwen2.5-7B,belief_bank_facts,mlp,9,27416,halu_eval,104,4978,10000,2489,2489,2812,7188,4.554,3585,0.28674698795180725,0.08463726884779517,0.6834,0.13069741900054915,0.510596182906393,2746.994,10,2026-09-18T18:11:20.653599+00:00
Qwen2.5-7B,belief_bank_facts,mlp,9,27416,halu_eval,123,4978,10000,2489,2489,2812,7188,4.7123,3585,0.3089430894308943,0.05405405405405406,0.7,0.09200968523002422,0.50455363214018,2752.515,10,2026-09-18T18:11:20.653599+00:00
Qwen2.5-7B,belief_bank_facts,mlp,9,27416,halu_eval,420,4978,10000,2489,2489,2812,7188,4.4376,3585,0.30333333333333334,0.06472261735419631,0.6952,0.10668229777256741,0.5078930250433193,2757.758,10,2026-09-18T18:11:20.653599+00:00
Qwen2.5-7B,belief_bank_facts,mlp,9,27416,halu_eval,511,4978,10000,2489,2489,2812,7188,4.496,3585,0.2876142975893599,0.12304409672830725,0.6677,0.17235367372353674,0.508439563805964,2763.046,10,2026-09-18T18:11:20.653599+00:00
Qwen2.5-7B,belief_bank_facts,mlp,9,27416,halu_eval,mean,0,0,0,0,0,0,4.16474,3585.0,0.2937676665526268,0.1003556187766714,0.6781599999999999,0.14477724293057415,0.5095503084799939,4936.843,10,2026-09-18T18:11:20.653599+00:00
Qwen2.5-7B,belief_bank_facts,mlp,9,27416,halu_eval,std,0,0,0,0,0,0,0.40127054763588127,0.0,0.009240915056100165,0.04099894313618347,0.01893120175794449,0.04015241815948268,0.002817848435104179,4936.843,10,2026-09-18T18:11:20.653599+00:00
Qwen2.5-7B,belief_bank_facts,mlp,10,27416,belief_bank_facts,2,4978,8225,2489,2489,1067,7158,4.8351,3585,0.8782755705832629,0.9737582005623243,0.9790881458966565,0.9235555555555556,0.9935738857801405,2769.326,10,2026-09-18T18:11:20.653599+00:00
Qwen2.5-7B,belief_bank_facts,mlp,10,27416,belief_bank_facts,4,4978,8225,2489,2489,1067,7158,4.9755,3585,0.8962264150943396,0.979381443298969,0.9826139817629179,0.9359605911330049,0.9966464534736499,2775.057,10,2026-09-18T18:11:20.653599+00:00
Qwen2.5-7B,belief_bank_facts,mlp,10,27416,belief_bank_facts,24,4978,8225,2489,2489,1067,7158,4.5788,3585,0.9235555555555556,0.9737582005623243,0.9861398176291793,0.947992700729927,0.9954731769959776,2780.388,10,2026-09-18T18:11:20.653599+00:00
Qwen2.5-7B,belief_bank_facts,mlp,10,27416,belief_bank_facts,42,4978,8225,2489,2489,1067,7158,4.6798,3585,0.8476343223736968,0.9906279287722587,0.9756838905775076,0.9135695764909249,0.9979896789378214,2785.788,10,2026-09-18T18:11:20.653599+00:00
Qwen2.5-7B,belief_bank_facts,mlp,10,27416,belief_bank_facts,64,4978,8225,2489,2489,1067,7158,5.1031,3585,0.8772226926333616,0.9709465791940018,0.9786018237082067,0.9217081850533808,0.9938704454522672,2791.607,10,2026-09-18T18:11:20.653599+00:00
Qwen2.5-7B,belief_bank_facts,mlp,10,27416,belief_bank_facts,67,4978,8225,2489,2489,1067,7158,5.1667,3585,0.8878504672897196,0.979381443298969,0.9812765957446808,0.9313725490196079,0.9972575104227959,2797.526,10,2026-09-18T18:11:20.653599+00:00
Qwen2.5-7B,belief_bank_facts,mlp,10,27416,belief_bank_facts,104,4978,8225,2489,2489,1067,7158,4.6982,3585,0.9022491349480969,0.9775070290534208,0.9833434650455927,0.9383715699505173,0.9974922704634686,2802.968,10,2026-09-18T18:11:20.653599+00:00
Qwen2.5-7B,belief_bank_facts,mlp,10,27416,belief_bank_facts,123,4978,8225,2489,2489,1067,7158,4.9361,3585,0.8617283950617284,0.9812558575445174,0.9771428571428571,0.9176161262050833,0.9964364394718437,2808.626,10,2026-09-18T18:11:20.653599+00:00
Qwen2.5-7B,belief_bank_facts,mlp,10,27416,belief_bank_facts,420,4978,8225,2489,2489,1067,7158,4.7869,3585,0.8773109243697479,0.9784442361761949,0.9794528875379939,0.9251218431546301,0.9957542867602408,2814.16,10,2026-09-18T18:11:20.653599+00:00
Qwen2.5-7B,belief_bank_facts,mlp,10,27416,belief_bank_facts,511,4978,8225,2489,2489,1067,7158,4.9157,3585,0.8696013289036545,0.9812558575445174,0.9784802431610943,0.9220607661822986,0.9961673753984571,2819.83,10,2026-09-18T18:11:20.653599+00:00
Qwen2.5-7B,belief_bank_facts,mlp,10,27416,belief_bank_facts,mean,0,0,0,0,0,0,4.867590000000001,3585.0,0.8821654806813163,0.97863167760075,0.9801823708206687,0.9277329463474929,0.9960661523156663,4936.843,10,2026-09-18T18:11:20.653599+00:00
Qwen2.5-7B,belief_bank_facts,mlp,10,27416,belief_bank_facts,std,0,0,0,0,0,0,0.17846812292395522,0.0,0.020439136380797192,0.0051640027418766365,0.002986529069301409,0.01000134856811029,0.0013827006498165425,4936.843,10,2026-09-18T18:11:20.653599+00:00
Qwen2.5-7B,belief_bank_facts,mlp,10,27416,belief_bank_constraints,2,4978,25686,2489,2489,10018,15668,4.8393,3585,0.9235127478753541,0.03254142543421841,0.621622673830102,0.06286761160929515,0.7028556920239509,2826.102,10,2026-09-18T18:11:20.653599+00:00
Qwen2.5-7B,belief_bank_facts,mlp,10,27416,belief_bank_constraints,4,4978,25686,2489,2489,10018,15668,4.9578,3585,0.7777777777777778,0.0006987422639249351,0.6101767499805342,0.0013962301785180014,0.6193034437425451,2832.556,10,2026-09-18T18:11:20.653599+00:00
Qwen2.5-7B,belief_bank_facts,mlp,10,27416,belief_bank_constraints,24,4978,25686,2489,2489,10018,15668,3.7159,3585,0.6666666666666666,0.0005989219405070872,0.610098886552986,0.0011967687244440013,0.6939611647719324,2837.74,10,2026-09-18T18:11:20.653599+00:00
Qwen2.5-7B,belief_bank_facts,mlp,10,27416,belief_bank_constraints,42,4978,25686,2489,2489,10018,15668,3.8283,3585,0.6111111111111112,0.0010980235575963266,0.6101378182667601,0.00219210840972499,0.6951628376045915,2843.039,10,2026-09-18T18:11:20.653599+00:00
Qwen2.5-7B,belief_bank_facts,mlp,10,27416,belief_bank_constraints,64,4978,25686,2489,2489,10018,15668,4.2272,3585,0.0,0.0,0.6099820914116639,0.0,0.5960061078213414,2848.762,10,2026-09-18T18:11:20.653599+00:00
Qwen2.5-7B,belief_bank_facts,mlp,10,27416,belief_bank_constraints,67,4978,25686,2489,2489,10018,15668,4.3474,3585,0.9822485207100592,0.033140347374725494,0.6226738301020011,0.06411741985322518,0.7409312140368425,2854.582,10,2026-09-18T18:11:20.653599+00:00
Qwen2.5-7B,belief_bank_facts,mlp,10,27416,belief_bank_constraints,104,4978,25686,2489,2489,10018,15668,3.8147,3585,0.0,0.0,0.6099820914116639,0.0,0.6830497356481591,2859.847,10,2026-09-18T18:11:20.653599+00:00
Qwen2.5-7B,belief_bank_facts,mlp,10,27416,belief_bank_constraints,123,4978,25686,2489,2489,10018,15668,4.0635,3585,0.4444444444444444,0.0003992812936713915,0.6099431596978899,0.0007978458162960008,0.6876458856060623,2865.325,10,2026-09-18T18:11:20.653599+00:00
Qwen2.5-7B,belief_bank_facts,mlp,10,27416,belief_bank_constraints,420,4978,25686,2489,2489,10018,15668,3.9363,3585,0.6363636363636364,0.0006987422639249351,0.610098886552986,0.001395951739954133,0.6700195265066153,2870.697,10,2026-09-18T18:11:20.653599+00:00
Qwen2.5-7B,belief_bank_facts,mlp,10,27416,belief_bank_constraints,511,4978,25686,2489,2489,10018,15668,4.0356,3585,0.8913480885311871,0.08844080654821322,0.6402709647278674,0.16091536505630222,0.7570010947361383,2876.181,10,2026-09-18T18:11:20.653599+00:00
Qwen2.5-7B,belief_bank_facts,mlp,10,27416,belief_bank_constraints,mean,0,0,0,0,0,0,4.1766000000000005,3585.0,0.5933472993480237,0.015761629067678178,0.6154987152534456,0.029487930138775965,0.6845936702498179,4936.843,10,2026-09-18T18:11:20.653599+00:00
Qwen2.5-7B,belief_bank_facts,mlp,10,27416,belief_bank_constraints,std,0,0,0,0,0,0,0.4044902248509844,0.0,0.3342017711613714,0.02738140613247262,0.009538127653645603,0.05027178819495054,0.04613500619382628,4936.843,10,2026-09-18T18:11:20.653599+00:00
Qwen2.5-7B,belief_bank_facts,mlp,10,27416,halu_eval,2,4978,10000,2489,2489,2812,7188,4.9098,3585,0.2610789980732177,0.09637268847795163,0.6692,0.14077922077922078,0.4942792525633445,2881.896,10,2026-09-18T18:11:20.653599+00:00
Qwen2.5-7B,belief_bank_facts,mlp,10,27416,halu_eval,4,4978,10000,2489,2489,2812,7188,4.9606,3585,0.28488111260655,0.22581792318634425,0.6229,0.25193414005157705,0.5027728419263654,2887.609,10,2026-09-18T18:11:20.653599+00:00
Qwen2.5-7B,belief_bank_facts,mlp,10,27416,halu_eval,24,4978,10000,2489,2489,2812,7188,4.5906,3585,0.2840872111942727,0.3104551920341394,0.5861,0.29668649107901446,0.49916473124561167,2892.933,10,2026-09-18T18:11:20.653599+00:00
Qwen2.5-7B,belief_bank_facts,mlp,10,27416,halu_eval,42,4978,10000,2489,2489,2812,7188,4.7237,3585,0.28335949764521196,0.5135135135135135,0.498,0.3651997976732423,0.5028265953766788,2898.405,10,2026-09-18T18:11:20.653599+00:00
Qwen2.5-7B,belief_bank_facts,mlp,10,27416,halu_eval,64,4978,10000,2489,2489,2812,7188,5.0713,3585,0.28171641791044777,0.16109530583214793,0.6486,0.20497737556561085,0.4969499060390678,2904.243,10,2026-09-18T18:11:20.653599+00:00
Qwen2.5-7B,belief_bank_facts,mlp,10,27416,halu_eval,67,4978,10000,2489,2489,2812,7188,5.1726,3585,0.29081632653061223,0.08108108108108109,0.686,0.12680756395995552,0.49816983478074334,2910.17,10,2026-09-18T18:11:20.653599+00:00
Qwen2.5-7B,belief_bank_facts,mlp,10,27416,halu_eval,104,4978,10000,2489,2489,2812,7188,4.6959,3585,0.2824293487800597,0.5721906116642959,0.4709,0.3781878011517217,0.49997983936401036,2915.625,10,2026-09-18T18:11:20.653599+00:00
Qwen2.5-7B,belief_bank_facts,mlp,10,27416,halu_eval,123,4978,10000,2489,2489,2812,7188,4.905,3585,0.29210134128166915,0.06970128022759602,0.6909,0.1125466551823141,0.4993489722478827,2921.326,10,2026-09-18T18:11:20.653599+00:00
Qwen2.5-7B,belief_bank_facts,mlp,10,27416,halu_eval,420,4978,10000,2489,2489,2812,7188,4.8431,3585,0.27720504009163804,0.3442389758179232,0.5632,0.30710659898477155,0.49277343858224276,2926.961,10,2026-09-18T18:11:20.653599+00:00
Qwen2.5-7B,belief_bank_facts,mlp,10,27416,halu_eval,511,4978,10000,2489,2489,2812,7188,4.9045,3585,0.278816199376947,0.12731152204836416,0.662,0.1748046875,0.5004144680441799,2932.675,10,2026-09-18T18:11:20.653599+00:00
Qwen2.5-7B,belief_bank_facts,mlp,10,27416,halu_eval,mean,0,0,0,0,0,0,4.8777099999999995,3585.0,0.2816491493490626,0.25017780938833567,0.60978,0.23590303319274283,0.4986679880170127,4936.843,10,2026-09-18T18:11:20.653599+00:00
Qwen2.5-7B,belief_bank_facts,mlp,10,27416,halu_eval,std,0,0,0,0,0,0,0.16559110151212836,0.0,0.008149359173493256,0.1714542274679007,0.0740537615519968,0.09318838052923484,0.003111786542160937,4936.843,10,2026-09-18T18:11:20.653599+00:00
Qwen2.5-7B,belief_bank_facts,mlp,11,27416,belief_bank_facts,2,4978,8225,2489,2489,1067,7158,4.4023,3585,0.8927958833619211,0.9756326148078726,0.9816413373860182,0.9323779668607255,0.9963026275579744,2938.669,10,2026-09-18T18:11:20.653599+00:00
Qwen2.5-7B,belief_bank_facts,mlp,11,27416,belief_bank_facts,4,4978,8225,2489,2489,1067,7158,4.9279,3585,0.9011177987962167,0.9821930646672915,0.98370820668693,0.9399103139013453,0.9984962526117546,2944.365,10,2026-09-18T18:11:20.653599+00:00
Qwen2.5-7B,belief_bank_facts,mlp,11,27416,belief_bank_facts,24,4978,8225,2489,2489,1067,7158,4.1908,3585,0.9193976970770593,0.9728209934395501,0.9854103343465046,0.9453551912568307,0.9970884779562548,2949.32,10,2026-09-18T18:11:20.653599+00:00
Qwen2.5-7B,belief_bank_facts,mlp,11,27416,belief_bank_facts,42,4978,8225,2489,2489,1067,7158,4.7336,3585,0.8792672772689425,0.9896907216494846,0.9810334346504559,0.9312169312169312,0.9987023386708836,2954.801,10,2026-09-18T18:11:20.653599+00:00
Qwen2.5-7B,belief_bank_facts,mlp,11,27416,belief_bank_facts,64,4978,8225,2489,2489,1067,7158,5.0457,3585,0.8929794520547946,0.9775070290534208,0.9818844984802432,0.9333333333333333,0.9966886133917182,2960.601,10,2026-09-18T18:11:20.653599+00:00
Qwen2.5-7B,belief_bank_facts,mlp,11,27416,belief_bank_facts,67,4978,8225,2489,2489,1067,7158,4.8444,3585,0.9177602799650044,0.9831302717900656,0.9863829787234043,0.9493212669683257,0.9978944917936113,2966.199,10,2026-09-18T18:11:20.653599+00:00
Qwen2.5-7B,belief_bank_facts,mlp,11,27416,belief_bank_facts,104,4978,8225,2489,2489,1067,7158,3.4813,3585,0.9026701119724375,0.9821930646672915,0.983951367781155,0.940754039497307,0.9976255586516473,2970.435,10,2026-09-18T18:11:20.653599+00:00
Qwen2.5-7B,belief_bank_facts,mlp,11,27416,belief_bank_facts,123,4978,8225,2489,2489,1067,7158,4.0338,3585,0.872393661384487,0.9803186504217432,0.9788449848024317,0.9232127096204766,0.997329129910943,2975.23,10,2026-09-18T18:11:20.653599+00:00
Qwen2.5-7B,belief_bank_facts,mlp,11,27416,belief_bank_facts,420,4978,8225,2489,2489,1067,7158,4.0254,3585,0.8780487804878049,0.9784442361761949,0.9795744680851064,0.925531914893617,0.9974252335751113,2980.017,10,2026-09-18T18:11:20.653599+00:00
Qwen2.5-7B,belief_bank_facts,mlp,11,27416,belief_bank_facts,511,4978,8225,2489,2489,1067,7158,3.673,3585,0.8820556023588879,0.9812558575445174,0.9805471124620061,0.9290150842945873,0.9979239513636899,2984.449,10,2026-09-18T18:11:20.653599+00:00
Qwen2.5-7B,belief_bank_facts,mlp,11,27416,belief_bank_facts,mean,0,0,0,0,0,0,4.33582,3585.0,0.8938486544727556,0.9803186504217433,0.9822978723404254,0.9350028751843478,0.997547667548359,4936.843,10,2026-09-18T18:11:20.653599+00:00
Qwen2.5-7B,belief_bank_facts,mlp,11,27416,belief_bank_facts,std,0,0,0,0,0,0,0.5151633445811145,0.0,0.015552129143064437,0.004395891058878588,0.0023601662239606464,0.008111209867063826,0.0007115282913843971,4936.843,10,2026-09-18T18:11:20.653599+00:00
Qwen2.5-7B,belief_bank_facts,mlp,11,27416,belief_bank_constraints,2,4978,25686,2489,2489,10018,15668,3.5171,3585,0.6628884826325412,0.1809742463565582,0.6446702483843338,0.284325256802321,0.6958722066427991,2989.443,10,2026-09-18T18:11:20.653599+00:00
Qwen2.5-7B,belief_bank_facts,mlp,11,27416,belief_bank_constraints,4,4978,25686,2489,2489,10018,15668,4.0398,3585,0.452991452991453,0.03703333998802156,0.6069843494510628,0.06846913352403802,0.6253382792770307,2994.844,10,2026-09-18T18:11:20.653599+00:00
Qwen2.5-7B,belief_bank_facts,mlp,11,27416,belief_bank_constraints,24,4978,25686,2489,2489,10018,15668,3.3281,3585,0.78125,0.004991016170892394,0.6113836331075294,0.00991866693116445,0.7473278568324272,2999.615,10,2026-09-18T18:11:20.653599+00:00
Qwen2.5-7B,belief_bank_facts,mlp,11,27416,belief_bank_constraints,42,4978,25686,2489,2489,10018,15668,3.8546,3585,0.6756756756756757,0.027450588939908167,0.6155493264813517,0.05275779376498801,0.7012099627359545,3004.935,10,2026-09-18T18:11:20.653599+00:00
Qwen2.5-7B,belief_bank_facts,mlp,11,27416,belief_bank_constraints,64,4978,25686,2489,2489,10018,15668,5.1173,3585,0.5476190476190477,0.011479337193052505,0.6107607256871448,0.02248728979272585,0.5613948377729889,3011.488,10,2026-09-18T18:11:20.653599+00:00
Qwen2.5-7B,belief_bank_facts,mlp,11,27416,belief_bank_constraints,67,4978,25686,2489,2489,10018,15668,4.851,3585,0.47484909456740443,0.0471151926532242,0.6080355057229619,0.08572466400290592,0.5994267313984178,3017.758,10,2026-09-18T18:11:20.653599+00:00
Qwen2.5-7B,belief_bank_facts,mlp,11,27416,belief_bank_constraints,104,4978,25686,2489,2489,10018,15668,4.365,3585,0.6666666666666666,0.0019964064683569574,0.6103714085494043,0.003980891719745223,0.5639824955366274,3023.593,10,2026-09-18T18:11:20.653599+00:00
Qwen2.5-7B,belief_bank_facts,mlp,11,27416,belief_bank_constraints,123,4978,25686,2489,2489,10018,15668,4.9421,3585,0.8432835820895522,0.03383908963865043,0.6207272444132991,0.06506717850287908,0.7656322780343352,3030.022,10,2026-09-18T18:11:20.653599+00:00
Qwen2.5-7B,belief_bank_facts,mlp,11,27416,belief_bank_constraints,420,4978,25686,2489,2489,10018,15668,4.879,3585,0.7717391304347826,0.007087242962667199,0.6119286771003659,0.014045499505440158,0.6819923078973549,3036.387,10,2026-09-18T18:11:20.653599+00:00
Qwen2.5-7B,belief_bank_facts,mlp,11,27416,belief_bank_constraints,511,4978,25686,2489,2489,10018,15668,4.5283,3585,0.7783985102420856,0.08344979037732082,0.6332632562485401,0.15073927154706093,0.7283643016733781,3042.392,10,2026-09-18T18:11:20.653599+00:00
Qwen2.5-7B,belief_bank_facts,mlp,11,27416,belief_bank_constraints,mean,0,0,0,0,0,0,4.34223,3585.0,0.6655361642919209,0.04354162507486524,0.6173674375145993,0.07575156460932687,0.6670541257801313,4936.843,10,2026-09-18T18:11:20.653599+00:00
Qwen2.5-7B,belief_bank_facts,mlp,11,27416,belief_bank_constraints,std,0,0,0,0,0,0,0.598434046574892,0.0,0.12827828057398274,0.05143699326680128,0.011685832986629006,0.0812719070349696,0.07088161705143126,4936.843,10,2026-09-18T18:11:20.653599+00:00
Qwen2.5-7B,belief_bank_facts,mlp,11,27416,halu_eval,2,4978,10000,2489,2489,2812,7188,4.403,3585,0.2844638949671772,0.1386913229018492,0.6597,0.18646904135787712,0.5101589815806493,3047.573,10,2026-09-18T18:11:20.653599+00:00
Qwen2.5-7B,belief_bank_facts,mlp,11,27416,halu_eval,4,4978,10000,2489,2489,2812,7188,4.8886,3585,0.2832618025751073,0.07041251778093884,0.6885,0.11278837937909428,0.5026733745431575,3053.244,10,2026-09-18T18:11:20.653599+00:00
Qwen2.5-7B,belief_bank_facts,mlp,11,27416,halu_eval,24,4978,10000,2489,2489,2812,7188,4.2351,3585,0.28317373461012313,0.2208392603129445,0.6237,0.24815184815184815,0.5052543070044827,3058.281,10,2026-09-18T18:11:20.653599+00:00
Qwen2.5-7B,belief_bank_facts,mlp,11,27416,halu_eval,42,4978,10000,2489,2489,2812,7188,4.7225,3585,0.27959747434885557,0.5039118065433855,0.4954,0.3596446700507614,0.5011412651558509,3063.769,10,2026-09-18T18:11:20.653599+00:00
Qwen2.5-7B,belief_bank_facts,mlp,11,27416,halu_eval,64,4978,10000,2489,2489,2812,7188,5.05,3585,0.279508970727101,0.10526315789473684,0.6721,0.15293205889950917,0.5065557193473238,3069.598,10,2026-09-18T18:11:20.653599+00:00
Qwen2.5-7B,belief_bank_facts,mlp,11,27416,halu_eval,67,4978,10000,2489,2489,2812,7188,4.8871,3585,0.29106438896189224,0.15753911806543386,0.6552,0.20443008767881865,0.5094761420765287,3075.273,10,2026-09-18T18:11:20.653599+00:00
Qwen2.5-7B,belief_bank_facts,mlp,11,27416,halu_eval,104,4978,10000,2489,2489,2812,7188,4.3447,3585,0.2825795644891122,0.5999288762446657,0.4592,0.38419494420405376,0.5067410982505218,3080.417,10,2026-09-18T18:11:20.653599+00:00
Qwen2.5-7B,belief_bank_facts,mlp,11,27416,halu_eval,123,4978,10000,2489,2489,2812,7188,4.9122,3585,0.2856466129796305,0.21443812233285917,0.6283,0.2449725776965265,0.5102302488104482,3086.125,10,2026-09-18T18:11:20.653599+00:00
Qwen2.5-7B,belief_bank_facts,mlp,11,27416,halu_eval,420,4978,10000,2489,2489,2812,7188,4.8906,3585,0.2842911877394636,0.26386913229018494,0.6062,0.2736997417926964,0.5037655862742629,3091.811,10,2026-09-18T18:11:20.653599+00:00
Qwen2.5-7B,belief_bank_facts,mlp,11,27416,halu_eval,511,4978,10000,2489,2489,2812,7188,4.5062,3585,0.2644230769230769,0.019559032716927455,0.709,0.03642384105960265,0.5037375592796909,3097.122,10,2026-09-18T18:11:20.653599+00:00
Qwen2.5-7B,belief_bank_facts,mlp,11,27416,halu_eval,mean,0,0,0,0,0,0,4.684,3585.0,0.281801070832154,0.22944523470839262,0.6197299999999999,0.22037071902707878,0.5059734282322916,4936.843,10,2026-09-18T18:11:20.653599+00:00
Qwen2.5-7B,belief_bank_facts,mlp,11,27416,halu_eval,std,0,0,0,0,0,0,0.27212448621908336,0.0,0.006562139893889338,0.1767048051986824,0.0773284430206635,0.10090512946210564,0.0030572492295250758,4936.843,10,2026-09-18T18:11:20.653599+00:00
Qwen2.5-7B,belief_bank_facts,mlp,12,27416,belief_bank_facts,2,4978,8225,2489,2489,1067,7158,3.215,3585,0.8733333333333333,0.9821930646672915,0.979209726443769,0.9245699161887958,0.9964586978136809,3101.746,10,2026-09-18T18:11:20.653599+00:00
Qwen2.5-7B,belief_bank_facts,mlp,12,27416,belief_bank_facts,4,4978,8225,2489,2489,1067,7158,3.3327,3585,0.9019776440240757,0.9831302717900656,0.983951367781155,0.9408071748878923,0.9984572350478279,3105.851,10,2026-09-18T18:11:20.653599+00:00
Qwen2.5-7B,belief_bank_facts,mlp,12,27416,belief_bank_facts,24,4978,8225,2489,2489,1067,7158,3.4817,3585,0.9070373588184187,0.9784442361761949,0.98419452887538,0.9413886384129847,0.9974971149261036,3110.085,10,2026-09-18T18:11:20.653599+00:00
Qwen2.5-7B,belief_bank_facts,mlp,12,27416,belief_bank_facts,42,4978,8225,2489,2489,1067,7158,3.9956,3585,0.8949152542372881,0.9896907216494846,0.9835866261398176,0.9399198931909212,0.9986858413116395,3114.86,10,2026-09-18T18:11:20.653599+00:00
Qwen2.5-7B,belief_bank_facts,mlp,12,27416,belief_bank_facts,64,4978,8225,2489,2489,1067,7158,3.2775,3585,0.8974137931034483,0.9756326148078726,0.982370820668693,0.9348899865289627,0.9970622916717402,3118.899,10,2026-09-18T18:11:20.653599+00:00
Qwen2.5-7B,belief_bank_facts,mlp,12,27416,belief_bank_facts,67,4978,8225,2489,2489,1067,7158,3.8817,3585,0.9144851657940664,0.9821930646672915,0.985775075987842,0.94713059195662,0.9981071244238691,3123.552,10,2026-09-18T18:11:20.653599+00:00
Qwen2.5-7B,belief_bank_facts,mlp,12,27416,belief_bank_facts,104,4978,8225,2489,2489,1067,7158,3.6104,3585,0.894468085106383,0.9850046860356139,0.9829787234042553,0.9375557537912578,0.9977174725102932,3127.924,10,2026-09-18T18:11:20.653599+00:00
Qwen2.5-7B,belief_bank_facts,mlp,12,27416,belief_bank_facts,123,4978,8225,2489,2489,1067,7158,3.3688,3585,0.8711554447215295,0.9821930646672915,0.9788449848024317,0.9233480176211454,0.9974989479660197,3132.067,10,2026-09-18T18:11:20.653599+00:00
Qwen2.5-7B,belief_bank_facts,mlp,12,27416,belief_bank_facts,420,4978,8225,2489,2489,1067,7158,4.4506,3585,0.8869198312236287,0.9850046860356139,0.9817629179331308,0.933392539964476,0.9979194996953226,3137.279,10,2026-09-18T18:11:20.653599+00:00
Qwen2.5-7B,belief_bank_facts,mlp,12,27416,belief_bank_facts,511,4978,8225,2489,2489,1067,7158,4.1548,3585,0.8967576791808873,0.9850046860356139,0.9833434650455927,0.9388119696292988,0.9982374011893286,3142.174,10,2026-09-18T18:11:20.653599+00:00
Qwen2.5-7B,belief_bank_facts,mlp,12,27416,belief_bank_facts,mean,0,0,0,0,0,0,3.6768799999999997,3585.0,0.8938463589543059,0.9828491096532334,0.9826018237082067,0.9361814482172355,0.9977641626555827,4936.843,10,2026-09-18T18:11:20.653599+00:00
Qwen2.5-7B,belief_bank_facts,mlp,12,27416,belief_bank_facts,std,0,0,0,0,0,0,0.3999136576812549,0.0,0.0129323264331051,0.003655107778819123,0.0020607454424833665,0.007072133727314211,0.0006353142992736113,4936.843,10,2026-09-18T18:11:20.653599+00:00
Qwen2.5-7B,belief_bank_facts,mlp,12,27416,belief_bank_constraints,2,4978,25686,2489,2489,10018,15668,4.095,3585,0.6636167922497309,0.24615691754841285,0.657323055360897,0.35910878112712974,0.7200472134584605,3147.721,10,2026-09-18T18:11:20.653599+00:00
Qwen2.5-7B,belief_bank_facts,mlp,12,27416,belief_bank_constraints,4,4978,25686,2489,2489,10018,15668,4.2263,3585,0.5,0.04032741066081054,0.6099820914116639,0.07463513763162756,0.6377658968006172,3153.408,10,2026-09-18T18:11:20.653599+00:00
Qwen2.5-7B,belief_bank_facts,mlp,12,27416,belief_bank_constraints,24,4978,25686,2489,2489,10018,15668,4.3331,3585,0.7951280449718926,0.12707127171092034,0.6467725609281321,0.21912384886823308,0.7648080340758093,3159.164,10,2026-09-18T18:11:20.653599+00:00
Qwen2.5-7B,belief_bank_facts,mlp,12,27416,belief_bank_constraints,42,4978,25686,2489,2489,10018,15668,4.8348,3585,0.6802973977695167,0.03653423837093232,0.6175348438838277,0.06934444865479349,0.7521946263893744,3165.471,10,2026-09-18T18:11:20.653599+00:00
Qwen2.5-7B,belief_bank_facts,mlp,12,27416,belief_bank_constraints,64,4978,25686,2489,2489,10018,15668,4.1445,3585,0.7368421052631579,0.011179876222798962,0.6127851748033949,0.022025565388397245,0.6987917854576084,3171.013,10,2026-09-18T18:11:20.653599+00:00
Qwen2.5-7B,belief_bank_facts,mlp,12,27416,belief_bank_constraints,67,4978,25686,2489,2489,10018,15668,4.7253,3585,0.4229722373434948,0.0775603912956678,0.5989644164136105,0.13108393083087305,0.6323542183681322,3177.212,10,2026-09-18T18:11:20.653599+00:00
Qwen2.5-7B,belief_bank_facts,mlp,12,27416,belief_bank_constraints,104,4978,25686,2489,2489,10018,15668,4.501,3585,0.8571428571428571,0.0017967658215212617,0.6105660671182745,0.0035860145432812032,0.6180241661511705,3183.157,10,2026-09-18T18:11:20.653599+00:00
Qwen2.5-7B,belief_bank_facts,mlp,12,27416,belief_bank_constraints,123,4978,25686,2489,2489,10018,15668,4.2288,3585,0.7475106685633002,0.10491115991215812,0.637078564198396,0.18399859943977592,0.7400974136266234,3188.876,10,2026-09-18T18:11:20.653599+00:00
Qwen2.5-7B,belief_bank_facts,mlp,12,27416,belief_bank_constraints,420,4978,25686,2489,2489,10018,15668,4.385,3585,0.5764192139737991,0.0658814134557796,0.616795141322121,0.11824778285407149,0.6946774781650369,3194.689,10,2026-09-18T18:11:20.653599+00:00
Qwen2.5-7B,belief_bank_facts,mlp,12,27416,belief_bank_constraints,511,4978,25686,2489,2489,10018,15668,4.1788,3585,0.8678571428571429,0.04851267718107407,0.6260219574865685,0.09188882586500284,0.7336276002659089,3200.269,10,2026-09-18T18:11:20.653599+00:00
Qwen2.5-7B,belief_bank_facts,mlp,12,27416,belief_bank_constraints,mean,0,0,0,0,0,0,4.365260000000001,3585.0,0.6847786460134893,0.07599321221800759,0.6233823872926887,0.12730429352031855,0.6992388432758742,4936.843,10,2026-09-18T18:11:20.653599+00:00
Qwen2.5-7B,belief_bank_facts,mlp,12,27416,belief_bank_constraints,std,0,0,0,0,0,0,0.23757522682300036,0.0,0.1403372628254019,0.06767254096089309,0.01738842012534625,0.09962538014206215,0.05025727537943234,4936.843,10,2026-09-18T18:11:20.653599+00:00
Qwen2.5-7B,belief_bank_facts,mlp,12,27416,halu_eval,2,4978,10000,2489,2489,2812,7188,4.0927,3585,0.33024691358024694,0.03805120910384068,0.7078,0.06823979591836735,0.503285342609106,3205.164,10,2026-09-18T18:11:20.653599+00:00
Qwen2.5-7B,belief_bank_facts,mlp,12,27416,halu_eval,4,4978,10000,2489,2489,2812,7188,4.2199,3585,0.2758893280632411,0.12411095305832148,0.6621,0.17120431689968113,0.5066731705125739,3210.174,10,2026-09-18T18:11:20.653599+00:00
Qwen2.5-7B,belief_bank_facts,mlp,12,27416,halu_eval,24,4978,10000,2489,2489,2812,7188,4.3527,3585,0.28924418604651164,0.1415362731152205,0.6608,0.19006685768863418,0.49966256290118427,3215.329,10,2026-09-18T18:11:20.653599+00:00
Qwen2.5-7B,belief_bank_facts,mlp,12,27416,halu_eval,42,4978,10000,2489,2489,2812,7188,4.8156,3585,0.28263403263403264,0.172475106685633,0.6442,0.2142226148409894,0.49882645308958895,3220.94,10,2026-09-18T18:11:20.653599+00:00
Qwen2.5-7B,belief_bank_facts,mlp,12,27416,halu_eval,64,4978,10000,2489,2489,2812,7188,3.2798,3585,0.3076923076923077,0.044096728307254626,0.7033,0.07713841368584759,0.4997744482466827,3225.02,10,2026-09-18T18:11:20.653599+00:00
Qwen2.5-7B,belief_bank_facts,mlp,12,27416,halu_eval,67,4978,10000,2489,2489,2812,7188,3.8542,3585,0.2864864864864865,0.05654338549075391,0.6951,0.09444609444609445,0.5055186463372255,3229.691,10,2026-09-18T18:11:20.653599+00:00
Qwen2.5-7B,belief_bank_facts,mlp,12,27416,halu_eval,104,4978,10000,2489,2489,2812,7188,3.622,3585,0.2879581151832461,0.11735419630156473,0.6702,0.1667508842849924,0.5101406762179103,3234.125,10,2026-09-18T18:11:20.653599+00:00
Qwen2.5-7B,belief_bank_facts,mlp,12,27416,halu_eval,123,4978,10000,2489,2489,2812,7188,3.3961,3585,0.3105590062111801,0.03556187766714083,0.7066,0.06381620931716656,0.4957402678796889,3238.328,10,2026-09-18T18:11:20.653599+00:00
Qwen2.5-7B,belief_bank_facts,mlp,12,27416,halu_eval,420,4978,10000,2489,2489,2812,7188,3.5065,3585,0.287012987012987,0.07859174964438122,0.686,0.12339475153545505,0.5016775875471289,3242.631,10,2026-09-18T18:11:20.653599+00:00
Qwen2.5-7B,belief_bank_facts,mlp,12,27416,halu_eval,511,4978,10000,2489,2489,2812,7188,3.2949,3585,0.35,0.0024893314366998577,0.7182,0.0049435028248587575,0.49613930005042395,3246.685,10,2026-09-18T18:11:20.653599+00:00
Qwen2.5-7B,belief_bank_facts,mlp,12,27416,halu_eval,mean,0,0,0,0,0,0,3.8434399999999997,3585.0,0.300772336291024,0.08108108108108107,0.68543,0.11742234414420867,0.5017438455391513,4936.843,10,2026-09-18T18:11:20.653599+00:00
Qwen2.5-7B,belief_bank_facts,mlp,12,27416,halu_eval,std,0,0,0,0,0,0,0.4888427931349709,0.0,0.022526536260180148,0.05220284995115972,0.02349131967344533,0.06332750307726055,0.004422782508925145,4936.843,10,2026-09-18T18:11:20.653599+00:00
Qwen2.5-7B,belief_bank_facts,mlp,13,27416,belief_bank_facts,2,4978,8225,2489,2489,1067,7158,3.2265,3585,0.8712374581939799,0.9765698219306467,0.9782370820668693,0.9209014582412727,0.9966815430948994,3251.41,10,2026-09-18T18:11:20.653599+00:00
Qwen2.5-7B,belief_bank_facts,mlp,13,27416,belief_bank_facts,4,4978,8225,2489,2489,1067,7158,2.9506,3585,0.8998287671232876,0.9850046860356139,0.9838297872340426,0.9404921700223714,0.9983361234819483,3255.112,10,2026-09-18T18:11:20.653599+00:00
Qwen2.5-7B,belief_bank_facts,mlp,13,27416,belief_bank_facts,24,4978,8225,2489,2489,1067,7158,3.7025,3585,0.9161518093556928,0.9728209934395501,0.9849240121580547,0.9436363636363636,0.9974896518350169,3259.576,10,2026-09-18T18:11:20.653599+00:00
Qwen2.5-7B,belief_bank_facts,mlp,13,27416,belief_bank_facts,42,4978,8225,2489,2489,1067,7158,3.5021,3585,0.8797996661101837,0.9878163074039362,0.9809118541033435,0.9306843267108168,0.9984859090293714,3263.84,10,2026-09-18T18:11:20.653599+00:00
Qwen2.5-7B,belief_bank_facts,mlp,13,27416,belief_bank_facts,64,4978,8225,2489,2489,1067,7158,4.2329,3585,0.8952299829642248,0.9850046860356139,0.9831003039513678,0.9379741186970103,0.9973369857962974,3268.818,10,2026-09-18T18:11:20.653599+00:00
Qwen2.5-7B,belief_bank_facts,mlp,13,27416,belief_bank_facts,67,4978,8225,2489,2489,1067,7158,3.9071,3585,0.9149305555555556,0.9878163074039362,0.9865045592705167,0.949977467327625,0.998836412447598,3273.47,10,2026-09-18T18:11:20.653599+00:00
Qwen2.5-7B,belief_bank_facts,mlp,13,27416,belief_bank_facts,104,4978,8225,2489,2489,1067,7158,3.9462,3585,0.8981164383561644,0.9831302717900656,0.9833434650455927,0.9387024608501119,0.9983625716293081,3278.18,10,2026-09-18T18:11:20.653599+00:00
Qwen2.5-7B,belief_bank_facts,mlp,13,27416,belief_bank_facts,123,4978,8225,2489,2489,1067,7158,3.9315,3585,0.8643092105263158,0.9850046860356139,0.9779939209726444,0.92071835304424,0.9976479479249072,3282.84,10,2026-09-18T18:11:20.653599+00:00
Qwen2.5-7B,belief_bank_facts,mlp,13,27416,belief_bank_facts,420,4978,8225,2489,2489,1067,7158,4.1122,3585,0.8853288364249579,0.9840674789128397,0.9813981762917933,0.9320905459387483,0.9977626438510807,3287.726,10,2026-09-18T18:11:20.653599+00:00
Qwen2.5-7B,belief_bank_facts,mlp,13,27416,belief_bank_facts,511,4978,8225,2489,2489,1067,7158,3.8685,3585,0.8923728813559322,0.9868791002811621,0.9828571428571429,0.9372496662216289,0.9983556322639118,3292.34,10,2026-09-18T18:11:20.653599+00:00
Qwen2.5-7B,belief_bank_facts,mlp,13,27416,belief_bank_facts,mean,0,0,0,0,0,0,3.73801,3585.0,0.8917305605966295,0.9834114339268979,0.9823100303951368,0.935242693069019,0.9979295421354341,4936.843,10,2026-09-18T18:11:20.653599+00:00
Qwen2.5-7B,belief_bank_facts,mlp,13,27416,belief_bank_facts,std,0,0,0,0,0,0,0.3807763476110352,0.0,0.01615203415982049,0.004668194716180795,0.0025832647752324876,0.008865241742620565,0.0006225441388839847,4936.843,10,2026-09-18T18:11:20.653599+00:00
Qwen2.5-7B,belief_bank_facts,mlp,13,27416,belief_bank_constraints,2,4978,25686,2489,2489,10018,15668,4.1276,3585,0.4134290320902897,0.7934717508484728,0.4803784162578837,0.5436142930415455,0.5170125036104274,3297.929,10,2026-09-18T18:11:20.653599+00:00
Qwen2.5-7B,belief_bank_facts,mlp,13,27416,belief_bank_constraints,4,4978,25686,2489,2489,10018,15668,3.8267,3585,0.6238532110091743,0.04072669195448193,0.6162890290430585,0.07646176911544228,0.6192976652747546,3303.224,10,2026-09-18T18:11:20.653599+00:00
Qwen2.5-7B,belief_bank_facts,mlp,13,27416,belief_bank_constraints,24,4978,25686,2489,2489,10018,15668,3.656,3585,0.8131487889273357,0.16420443202235976,0.6593085727633731,0.27323312017274315,0.7061518077774023,3308.363,10,2026-09-18T18:11:20.653599+00:00
Qwen2.5-7B,belief_bank_facts,mlp,13,27416,belief_bank_constraints,42,4978,25686,2489,2489,10018,15668,3.526,3585,0.5548336798336798,0.2131163904971052,0.626411274624309,0.30794749747584016,0.6777351953616501,3313.401,10,2026-09-18T18:11:20.653599+00:00
Qwen2.5-7B,belief_bank_facts,mlp,13,27416,belief_bank_constraints,64,4978,25686,2489,2489,10018,15668,4.2272,3585,0.6073100066859817,0.2720103813136355,0.6474733317760648,0.3757325060324026,0.6342053349159157,3319.047,10,2026-09-18T18:11:20.653599+00:00
Qwen2.5-7B,belief_bank_facts,mlp,13,27416,belief_bank_constraints,67,4978,25686,2489,2489,10018,15668,3.8971,3585,0.5871456986573844,0.4714513875024955,0.6645643541228685,0.5229764145720297,0.6958369433360518,3324.35,10,2026-09-18T18:11:20.653599+00:00
Qwen2.5-7B,belief_bank_facts,mlp,13,27416,belief_bank_constraints,104,4978,25686,2489,2489,10018,15668,3.9585,3585,0.8978583196046128,0.05440207626272709,0.6287861091645254,0.10258823529411765,0.7273439656970784,3329.749,10,2026-09-18T18:11:20.653599+00:00
Qwen2.5-7B,belief_bank_facts,mlp,13,27416,belief_bank_constraints,123,4978,25686,2489,2489,10018,15668,3.9088,3585,0.497131931166348,0.3892992613296067,0.6082301642918321,0.43665677657728263,0.6465970010682329,3335.075,10,2026-09-18T18:11:20.653599+00:00
Qwen2.5-7B,belief_bank_facts,mlp,13,27416,belief_bank_constraints,420,4978,25686,2489,2489,10018,15668,3.2397,3585,0.7841726618705036,0.07616290676781792,0.6315113291287082,0.13884086980256574,0.6231409388553757,3339.815,10,2026-09-18T18:11:20.653599+00:00
Qwen2.5-7B,belief_bank_facts,mlp,13,27416,belief_bank_constraints,511,4978,25686,2489,2489,10018,15668,2.9642,3585,0.52768,0.16460371331603113,0.6167172778945729,0.25093205508635774,0.5737793429575042,3344.201,10,2026-09-18T18:11:20.653599+00:00
Qwen2.5-7B,belief_bank_facts,mlp,13,27416,belief_bank_constraints,mean,0,0,0,0,0,0,3.73318,3585.0,0.6306563329845309,0.26394489918147335,0.6179669859067196,0.3028983537170327,0.6421100698854393,4936.843,10,2026-09-18T18:11:20.653599+00:00
Qwen2.5-7B,belief_bank_facts,mlp,13,27416,belief_bank_constraints,std,0,0,0,0,0,0,0.37424366340661,0.0,0.14564403046629054,0.22150246185671507,0.049145368195703136,0.1585853682684585,0.06066566420669273,4936.843,10,2026-09-18T18:11:20.653599+00:00
Qwen2.5-7B,belief_bank_facts,mlp,13,27416,halu_eval,2,4978,10000,2489,2489,2812,7188,3.0758,3585,0.28093067127810095,0.6354907539118065,0.4401,0.3896217159053745,0.505102174597935,3348.037,10,2026-09-18T18:11:20.653599+00:00
Qwen2.5-7B,belief_bank_facts,mlp,13,27416,halu_eval,4,4978,10000,2489,2489,2812,7188,2.924,3585,0.27667161961367015,0.3310810810810811,0.5685,0.301440828881334,0.5013130881958313,3351.733,10,2026-09-18T18:11:20.653599+00:00
Qwen2.5-7B,belief_bank_facts,mlp,13,27416,halu_eval,24,4978,10000,2489,2489,2812,7188,2.7725,3585,0.2885699641209636,0.40042674253200566,0.5538,0.33541852844801906,0.5033763252093144,3355.28,10,2026-09-18T18:11:20.653599+00:00
Qwen2.5-7B,belief_bank_facts,mlp,13,27416,halu_eval,42,4978,10000,2489,2489,2812,7188,2.5814,3585,0.2800807537012113,0.7400426742532006,0.392,0.4063659441515329,0.49780014066434414,3358.625,10,2026-09-18T18:11:20.653599+00:00
Qwen2.5-7B,belief_bank_facts,mlp,13,27416,halu_eval,64,4978,10000,2489,2489,2812,7188,3.2058,3585,0.27790973871733965,0.29125177809388336,0.5879,0.28442437923250563,0.4982927033438852,3362.596,10,2026-09-18T18:11:20.653599+00:00
Qwen2.5-7B,belief_bank_facts,mlp,13,27416,halu_eval,67,4978,10000,2489,2489,2812,7188,2.9843,3585,0.28187059577194107,0.4694167852062589,0.5145,0.352234823215477,0.4987216919933729,3366.352,10,2026-09-18T18:11:20.653599+00:00
Qwen2.5-7B,belief_bank_facts,mlp,13,27416,halu_eval,104,4978,10000,2489,2489,2812,7188,3.9451,3585,0.2806576844028317,0.4370554765291607,0.5267,0.3418161590877486,0.5023797466300322,3371.069,10,2026-09-18T18:11:20.653599+00:00
Qwen2.5-7B,belief_bank_facts,mlp,13,27416,halu_eval,123,4978,10000,2489,2489,2812,7188,3.915,3585,0.2836004932182491,0.2453769559032717,0.6135,0.2631077216396568,0.5023459806568715,3375.761,10,2026-09-18T18:11:20.653599+00:00
Qwen2.5-7B,belief_bank_facts,mlp,13,27416,halu_eval,420,4978,10000,2489,2489,2812,7188,3.9852,3585,0.27779048490393415,0.8637980085348507,0.3302,0.4203876773970232,0.5021009361659349,3380.522,10,2026-09-18T18:11:20.653599+00:00
Qwen2.5-7B,belief_bank_facts,mlp,13,27416,halu_eval,511,4978,10000,2489,2489,2812,7188,3.8541,3585,0.2811193309745899,0.3108108108108108,0.5827,0.2952204019591285,0.5004901631928036,3385.149,10,2026-09-18T18:11:20.653599+00:00
Qwen2.5-7B,belief_bank_facts,mlp,13,27416,halu_eval,mean,0,0,0,0,0,0,3.32432,3585.0,0.2809201336702831,0.472475106685633,0.5109899999999999,0.33900381799178003,0.5011922950650324,4936.843,10,2026-09-18T18:11:20.653599+00:00
Qwen2.5-7B,belief_bank_facts,mlp,13,27416,halu_eval,std,0,0,0,0,0,0,0.5157338670283347,0.0,0.003229982836758734,0.1970528021181622,0.08878852910145543,0.05097654510811416,0.0022394108434770415,4936.843,10,2026-09-18T18:11:20.653599+00:00
Qwen2.5-7B,belief_bank_facts,mlp,14,27416,belief_bank_facts,2,4978,8225,2489,2489,1067,7158,2.9076,3585,0.9,0.9868791002811621,0.9840729483282675,0.9414394278050962,0.9983998870847413,3389.536,10,2026-09-18T18:11:20.653599+00:00
Qwen2.5-7B,belief_bank_facts,mlp,14,27416,belief_bank_facts,4,4978,8225,2489,2489,1067,7158,2.4138,3585,0.9126297577854672,0.9887535145267105,0.9862613981762918,0.9491677912730544,0.9990686847912416,3392.687,10,2026-09-18T18:11:20.653599+00:00
Qwen2.5-7B,belief_bank_facts,mlp,14,27416,belief_bank_facts,24,4978,8225,2489,2489,1067,7158,2.4646,3585,0.945045045045045,0.9831302717900656,0.9903951367781155,0.9637115296279284,0.9988009300320807,3395.888,10,2026-09-18T18:11:20.653599+00:00
Qwen2.5-7B,belief_bank_facts,mlp,14,27416,belief_bank_facts,42,4978,8225,2489,2489,1067,7158,2.8367,3585,0.910025706940874,0.9953139643861293,0.9866261398176291,0.9507609668755596,0.9989080319357451,3399.448,10,2026-09-18T18:11:20.653599+00:00
Qwen2.5-7B,belief_bank_facts,mlp,14,27416,belief_bank_facts,64,4978,8225,2489,2489,1067,7158,3.0692,3585,0.9060344827586206,0.9850046860356139,0.9848024316109423,0.9438706780422093,0.9979809065325091,3403.246,10,2026-09-18T18:11:20.653599+00:00
Qwen2.5-7B,belief_bank_facts,mlp,14,27416,belief_bank_facts,67,4978,8225,2489,2489,1067,7158,2.968,3585,0.925764192139738,0.993439550140581,0.9888145896656535,0.9584086799276673,0.9989685222529736,3406.943,10,2026-09-18T18:11:20.653599+00:00
Qwen2.5-7B,belief_bank_facts,mlp,14,27416,belief_bank_facts,104,4978,8225,2489,2489,1067,7158,2.9781,3585,0.9069767441860465,0.9868791002811621,0.9851671732522796,0.9452423698384201,0.9983908528165837,3410.648,10,2026-09-18T18:11:20.653599+00:00
Qwen2.5-7B,belief_bank_facts,mlp,14,27416,belief_bank_facts,123,4978,8225,2489,2489,1067,7158,2.8672,3585,0.9045571797076526,0.985941893158388,0.9846808510638297,0.9434977578475336,0.9984610320590825,3414.24,10,2026-09-18T18:11:20.653599+00:00
Qwen2.5-7B,belief_bank_facts,mlp,14,27416,belief_bank_facts,420,4978,8225,2489,2489,1067,7158,2.6461,3585,0.9026473099914603,0.9906279287722587,0.9849240121580547,0.9445933869526363,0.9981433924279216,3417.624,10,2026-09-18T18:11:20.653599+00:00
Qwen2.5-7B,belief_bank_facts,mlp,14,27416,belief_bank_facts,511,4978,8225,2489,2489,1067,7158,2.6661,3585,0.9041095890410958,0.9896907216494846,0.9850455927051672,0.9449664429530201,0.9988561830924064,3421.025,10,2026-09-18T18:11:20.653599+00:00
Qwen2.5-7B,belief_bank_facts,mlp,14,27416,belief_bank_facts,mean,0,0,0,0,0,0,2.78174,3585.0,0.9117790007596,0.9885660731021556,0.9860790273556231,0.9485659031143125,0.9985978423025286,4936.843,10,2026-09-18T18:11:20.653599+00:00
Qwen2.5-7B,belief_bank_facts,mlp,14,27416,belief_bank_facts,std,0,0,0,0,0,0,0.2120793445859355,0.0,0.013019913490218754,0.003600632185997848,0.001930988471035693,0.006853842637223714,0.00035372035057601236,4936.843,10,2026-09-18T18:11:20.653599+00:00
Qwen2.5-7B,belief_bank_facts,mlp,14,27416,belief_bank_constraints,2,4978,25686,2489,2489,10018,15668,2.8377,3585,0.4168548106981591,0.9583749251347574,0.46087362765708945,0.5809984871406959,0.6143928228142624,3425.278,10,2026-09-18T18:11:20.653599+00:00
Qwen2.5-7B,belief_bank_facts,mlp,14,27416,belief_bank_constraints,4,4978,25686,2489,2489,10018,15668,2.4136,3585,0.48712995056537306,0.8557596326612098,0.5923460250720237,0.6208494767715538,0.7453511876223003,3429.091,10,2026-09-18T18:11:20.653599+00:00
Qwen2.5-7B,belief_bank_facts,mlp,14,27416,belief_bank_constraints,24,4978,25686,2489,2489,10018,15668,1.6146,3585,0.583602466236054,0.7936713914953084,0.6986685353889278,0.6726165299044075,0.8071448670921828,3432.119,10,2026-09-18T18:11:20.653599+00:00
Qwen2.5-7B,belief_bank_facts,mlp,14,27416,belief_bank_constraints,42,4978,25686,2489,2489,10018,15668,1.9383,3585,0.586132952108649,0.8185266520263526,0.7038075216071011,0.6831056314561813,0.8141956362642214,3435.471,10,2026-09-18T18:11:20.653599+00:00
Qwen2.5-7B,belief_bank_facts,mlp,14,27416,belief_bank_constraints,64,4978,25686,2489,2489,10018,15668,2.0987,3585,0.5385081408557365,0.7098223198243162,0.6495756443198629,0.6124101106661499,0.7307983171776633,3438.987,10,2026-09-18T18:11:20.653599+00:00
Qwen2.5-7B,belief_bank_facts,mlp,14,27416,belief_bank_constraints,67,4978,25686,2489,2489,10018,15668,2.0679,3585,0.4671539913830663,0.963266120982232,0.5571517558202912,0.6291768541157294,0.7899627205367841,3442.468,10,2026-09-18T18:11:20.653599+00:00
Qwen2.5-7B,belief_bank_facts,mlp,14,27416,belief_bank_constraints,104,4978,25686,2489,2489,10018,15668,2.1494,3585,0.4558069693988505,0.8787183070473148,0.5435256559993771,0.6002522927960179,0.7025126536339771,3446.037,10,2026-09-18T18:11:20.653599+00:00
Qwen2.5-7B,belief_bank_facts,mlp,14,27416,belief_bank_constraints,123,4978,25686,2489,2489,10018,15668,1.9675,3585,0.4963742434981735,0.9087642243960871,0.6048041734797166,0.6420536690292323,0.8067673490245002,3449.427,10,2026-09-18T18:11:20.653599+00:00
Qwen2.5-7B,belief_bank_facts,mlp,14,27416,belief_bank_constraints,420,4978,25686,2489,2489,10018,15668,1.6852,3585,0.4566330191838492,0.952784987023358,0.5393988943393289,0.6173797742634456,0.7771835498247652,3452.535,10,2026-09-18T18:11:20.653599+00:00
Qwen2.5-7B,belief_bank_facts,mlp,14,27416,belief_bank_constraints,511,4978,25686,2489,2489,10018,15668,1.7763,3585,0.4990597754857827,0.8742263924935116,0.6086973448571206,0.6353973954365727,0.7614007449343289,3455.719,10,2026-09-18T18:11:20.653599+00:00
Qwen2.5-7B,belief_bank_facts,mlp,14,27416,belief_bank_constraints,mean,0,0,0,0,0,0,2.05492,3585.0,0.49872563194136943,0.8713914953084447,0.5958849178540839,0.6294240221579986,0.7549709848924986,4936.843,10,2026-09-18T18:11:20.653599+00:00
Qwen2.5-7B,belief_bank_facts,mlp,14,27416,belief_bank_constraints,std,0,0,0,0,0,0,0.3437809878396419,0.0,0.05280176573004035,0.07698991094992011,0.07142209685231994,0.02940517015524218,0.05819162534707544,4936.843,10,2026-09-18T18:11:20.653599+00:00
Qwen2.5-7B,belief_bank_facts,mlp,14,27416,halu_eval,2,4978,10000,2489,2489,2812,7188,2.8973,3585,0.25328330206378985,0.04800853485064011,0.6925,0.08071748878923767,0.4982043923371575,3459.374,10,2026-09-18T18:11:20.653599+00:00
Qwen2.5-7B,belief_bank_facts,mlp,14,27416,halu_eval,4,4978,10000,2489,2489,2812,7188,2.4145,3585,0.28032596041909197,0.42816500711237554,0.5301,0.33882088082172507,0.5007056717335912,3462.551,10,2026-09-18T18:11:20.653599+00:00
Qwen2.5-7B,belief_bank_facts,mlp,14,27416,halu_eval,24,4978,10000,2489,2489,2812,7188,2.4646,3585,0.29533678756476683,0.10135135135135136,0.6793,0.15091342335186655,0.49698673939733595,3465.78,10,2026-09-18T18:11:20.653599+00:00
Qwen2.5-7B,belief_bank_facts,mlp,14,27416,halu_eval,42,4978,10000,2489,2489,2812,7188,2.8268,3585,0.27569946557686265,0.31187766714082504,0.5761,0.29267478725179374,0.5019518958814715,3469.348,10,2026-09-18T18:11:20.653599+00:00
Qwen2.5-7B,belief_bank_facts,mlp,14,27416,halu_eval,64,4978,10000,2489,2489,2812,7188,3.069,3585,0.28247941445562674,0.4391891891891892,0.5286,0.3438195991091314,0.5029947078701582,3473.163,10,2026-09-18T18:11:20.653599+00:00
Qwen2.5-7B,belief_bank_facts,mlp,14,27416,halu_eval,67,4978,10000,2489,2489,2812,7188,2.9586,3585,0.2731333758774729,0.15220483641536273,0.6477,0.1954784197305321,0.4984172540214408,3476.869,10,2026-09-18T18:11:20.653599+00:00
Qwen2.5-7B,belief_bank_facts,mlp,14,27416,halu_eval,104,4978,10000,2489,2489,2812,7188,2.979,3585,0.2847222222222222,0.1603840682788051,0.6506,0.2051865332120109,0.5032883852572368,3480.595,10,2026-09-18T18:11:20.653599+00:00
Qwen2.5-7B,belief_bank_facts,mlp,14,27416,halu_eval,123,4978,10000,2489,2489,2812,7188,2.8775,3585,0.3333333333333333,0.007823613086770981,0.7166,0.015288394718554551,0.49530091443697455,3484.235,10,2026-09-18T18:11:20.653599+00:00
Qwen2.5-7B,belief_bank_facts,mlp,14,27416,halu_eval,420,4978,10000,2489,2489,2812,7188,2.6446,3585,0.2682926829268293,0.08997155049786629,0.6751,0.1347536617842876,0.5032400986787684,3487.65,10,2026-09-18T18:11:20.653599+00:00
Qwen2.5-7B,belief_bank_facts,mlp,14,27416,halu_eval,511,4978,10000,2489,2489,2812,7188,2.6749,3585,0.28223718280683585,0.5814366998577525,0.4665,0.3800116211504939,0.5011670905594989,3491.1,10,2026-09-18T18:11:20.653599+00:00
Qwen2.5-7B,belief_bank_facts,mlp,14,27416,halu_eval,mean,0,0,0,0,0,0,2.78068,3585.0,0.28288437272468314,0.23204125177809387,0.61631,0.21376648099196335,0.5002257150173633,4936.843,10,2026-09-18T18:11:20.653599+00:00
Qwen2.5-7B,belief_bank_facts,mlp,14,27416,halu_eval,std,0,0,0,0,0,0,0.21045609898503775,0.0,0.01986582970277913,0.18513229685748714,0.08039479398568045,0.11580741343769105,0.002689440952811479,4936.843,10,2026-09-18T18:11:20.653599+00:00
Qwen2.5-7B,belief_bank_facts,mlp,15,27416,belief_bank_facts,2,4978,8225,2489,2489,1067,7158,2.6443,3585,0.9016253207869974,0.9878163074039362,0.9844376899696049,0.9427549194991055,0.9982252245670294,3495.21,10,2026-09-18T18:11:20.653599+00:00
Qwen2.5-7B,belief_bank_facts,mlp,15,27416,belief_bank_facts,4,4978,8225,2489,2489,1067,7158,2.6462,3585,0.903862660944206,0.9868791002811621,0.9846808510638297,0.9435483870967742,0.9988480653442069,3498.605,10,2026-09-18T18:11:20.653599+00:00
Qwen2.5-7B,belief_bank_facts,mlp,15,27416,belief_bank_facts,24,4978,8225,2489,2489,1067,7158,2.8886,3585,0.9326241134751773,0.985941893158388,0.9889361702127659,0.9585421412300683,0.9988988667361651,3502.213,10,2026-09-18T18:11:20.653599+00:00
Qwen2.5-7B,belief_bank_facts,mlp,15,27416,belief_bank_facts,42,4978,8225,2489,2489,1067,7158,2.8252,3585,0.9075342465753424,0.993439550140581,0.9860182370820668,0.9485458612975392,0.998882369376921,3505.764,10,2026-09-18T18:11:20.653599+00:00
Qwen2.5-7B,belief_bank_facts,mlp,15,27416,belief_bank_facts,64,4978,8225,2489,2489,1067,7158,2.7844,3585,0.8985382631126397,0.979381443298969,0.9829787234042553,0.9372197309417041,0.9982131788761528,3509.298,10,2026-09-18T18:11:20.653599+00:00
Qwen2.5-7B,belief_bank_facts,mlp,15,27416,belief_bank_facts,67,4978,8225,2489,2489,1067,7158,3.1506,3585,0.9265734265734266,0.993439550140581,0.9889361702127659,0.9588421528720036,0.9990481285578977,3513.216,10,2026-09-18T18:11:20.653599+00:00
Qwen2.5-7B,belief_bank_facts,mlp,15,27416,belief_bank_facts,104,4978,8225,2489,2489,1067,7158,2.0803,3585,0.9229422066549913,0.9878163074039362,0.9877203647416414,0.9542779538252603,0.9987029933279965,3516.071,10,2026-09-18T18:11:20.653599+00:00
Qwen2.5-7B,belief_bank_facts,mlp,15,27416,belief_bank_facts,123,4978,8225,2489,2489,1067,7158,2.2318,3585,0.9106529209621993,0.993439550140581,0.9865045592705167,0.9502465262214254,0.9984323580775392,3519.081,10,2026-09-18T18:11:20.653599+00:00
Qwen2.5-7B,belief_bank_facts,mlp,15,27416,belief_bank_facts,420,4978,8225,2489,2489,1067,7158,1.9148,3585,0.898981324278438,0.9925023430178069,0.9845592705167173,0.9434298440979956,0.99829396356388,3521.732,10,2026-09-18T18:11:20.653599+00:00
Qwen2.5-7B,belief_bank_facts,mlp,15,27416,belief_bank_facts,511,4978,8225,2489,2489,1067,7158,2.0189,3585,0.9083904109589042,0.9943767572633552,0.9862613981762918,0.9494407158836689,0.9989604045047742,3524.484,10,2026-09-18T18:11:20.653599+00:00
Qwen2.5-7B,belief_bank_facts,mlp,15,27416,belief_bank_facts,mean,0,0,0,0,0,0,2.51851,3585.0,0.9111724894322324,0.9895032802249297,0.9861033434650455,0.9486848232965546,0.9986505552932563,4936.843,10,2026-09-18T18:11:20.653599+00:00
Qwen2.5-7B,belief_bank_facts,mlp,15,27416,belief_bank_facts,std,0,0,0,0,0,0,0.40270274756946967,0.0,0.011445366790495574,0.004549076325964992,0.001892169893993046,0.006747300609041594,0.0003095479587611292,4936.843,10,2026-09-18T18:11:20.653599+00:00
Qwen2.5-7B,belief_bank_facts,mlp,15,27416,belief_bank_constraints,2,4978,25686,2489,2489,10018,15668,1.8005,3585,0.42154910883579827,0.8877021361549211,0.48111811881959043,0.5716397763064859,0.6047573105963516,3527.719,10,2026-09-18T18:11:20.653599+00:00
Qwen2.5-7B,belief_bank_facts,mlp,15,27416,belief_bank_constraints,4,4978,25686,2489,2489,10018,15668,1.7442,3585,0.4948035176188426,0.803154322220004,0.6034026317838511,0.6123520681913315,0.7184840328001887,3530.915,10,2026-09-18T18:11:20.653599+00:00
Qwen2.5-7B,belief_bank_facts,mlp,15,27416,belief_bank_constraints,24,4978,25686,2489,2489,10018,15668,1.9148,3585,0.5373635600335852,0.8305050908364943,0.6550260842482286,0.6525234304537076,0.7708904288848875,3534.291,10,2026-09-18T18:11:20.653599+00:00
Qwen2.5-7B,belief_bank_facts,mlp,15,27416,belief_bank_constraints,42,4978,25686,2489,2489,10018,15668,1.9395,3585,0.5976099092812281,0.6838690357356758,0.6971112668379662,0.6378363280886323,0.7371590723116567,3537.717,10,2026-09-18T18:11:20.653599+00:00
Qwen2.5-7B,belief_bank_facts,mlp,15,27416,belief_bank_constraints,64,4978,25686,2489,2489,10018,15668,2.8494,3585,0.6042047531992687,0.3958874026751847,0.6632406758545512,0.4783500180919069,0.7034480646095644,3542.015,10,2026-09-18T18:11:20.653599+00:00
Qwen2.5-7B,belief_bank_facts,mlp,15,27416,belief_bank_constraints,67,4978,25686,2489,2489,10018,15668,3.152,3585,0.48759861513139224,0.8575563984827311,0.5929689324924083,0.6217027897383942,0.7095055170797236,3546.627,10,2026-09-18T18:11:20.653599+00:00
Qwen2.5-7B,belief_bank_facts,mlp,15,27416,belief_bank_constraints,104,4978,25686,2489,2489,10018,15668,2.909,3585,0.5491440501043842,0.6564184467957677,0.6558047185237094,0.5980084572363934,0.7010486880571826,3550.958,10,2026-09-18T18:11:20.653599+00:00
Qwen2.5-7B,belief_bank_facts,mlp,15,27416,belief_bank_constraints,123,4978,25686,2489,2489,10018,15668,3.1323,3585,0.5193508962520369,0.7635256538231184,0.632173168262867,0.618200921361028,0.6924606234690245,3555.528,10,2026-09-18T18:11:20.653599+00:00
Qwen2.5-7B,belief_bank_facts,mlp,15,27416,belief_bank_constraints,420,4978,25686,2489,2489,10018,15668,2.8891,3585,0.555596196049744,0.45488121381513275,0.6454878143735887,0.5002195389681668,0.6795599169898574,3559.861,10,2026-09-18T18:11:20.653599+00:00
Qwen2.5-7B,belief_bank_facts,mlp,15,27416,belief_bank_constraints,511,4978,25686,2489,2489,10018,15668,2.8992,3585,0.5776420169599709,0.6323617488520663,0.6762827999688547,0.6037645937574458,0.7063962872955818,3564.222,10,2026-09-18T18:11:20.653599+00:00
Qwen2.5-7B,belief_bank_facts,mlp,15,27416,belief_bank_constraints,mean,0,0,0,0,0,0,2.523,3585.0,0.5344862623466251,0.6965861449391098,0.6302616211165615,0.5894597922193492,0.7023709942094019,4936.843,10,2026-09-18T18:11:20.653599+00:00
Qwen2.5-7B,belief_bank_facts,mlp,15,27416,belief_bank_constraints,std,0,0,0,0,0,0,0.5600795729179917,0.0,0.053041014743949434,0.15841390474806682,0.057906472635264473,0.054416446114510596,0.04047438475725755,4936.843,10,2026-09-18T18:11:20.653599+00:00
Qwen2.5-7B,belief_bank_facts,mlp,15,27416,halu_eval,2,4978,10000,2489,2489,2812,7188,2.6492,3585,0.2795989201696876,0.7734708392603129,0.3759,0.4107260881880842,0.5049922187366173,3567.674,10,2026-09-18T18:11:20.653599+00:00
Qwen2.5-7B,belief_bank_facts,mlp,15,27416,halu_eval,4,4978,10000,2489,2489,2812,7188,2.659,3585,0.28067467754382097,0.9054054054054054,0.3209,0.42851131869056636,0.49816951320004654,3571.13,10,2026-09-18T18:11:20.653599+00:00
Qwen2.5-7B,belief_bank_facts,mlp,15,27416,halu_eval,24,4978,10000,2489,2489,2812,7188,2.8909,3585,0.28264680105170903,0.688122332859175,0.4212,0.40070407951956927,0.502229098442085,3574.819,10,2026-09-18T18:11:20.653599+00:00
Qwen2.5-7B,belief_bank_facts,mlp,15,27416,halu_eval,42,4978,10000,2489,2489,2812,7188,2.8373,3585,0.28052977369903015,0.9566145092460882,0.2979,0.43383598096927667,0.5001250701540658,3578.451,10,2026-09-18T18:11:20.653599+00:00
Qwen2.5-7B,belief_bank_facts,mlp,15,27416,halu_eval,64,4978,10000,2489,2489,2812,7188,2.7861,3585,0.2799887101326559,0.705547652916074,0.407,0.4008890684986866,0.5012981717988967,3582.031,10,2026-09-18T18:11:20.653599+00:00
Qwen2.5-7B,belief_bank_facts,mlp,15,27416,halu_eval,67,4978,10000,2489,2489,2812,7188,3.1426,3585,0.2819415576476342,0.8200568990042674,0.3621,0.4196160494950414,0.5020205904656964,3585.969,10,2026-09-18T18:11:20.653599+00:00
Qwen2.5-7B,belief_bank_facts,mlp,15,27416,halu_eval,104,4978,10000,2489,2489,2812,7188,2.9694,3585,0.28333944505561665,0.8243243243243243,0.3643,0.4217229145820067,0.5091982963545216,3589.736,10,2026-09-18T18:11:20.653599+00:00
Qwen2.5-7B,belief_bank_facts,mlp,15,27416,halu_eval,123,4978,10000,2489,2489,2812,7188,3.1177,3585,0.2829611908559277,0.7571123755334281,0.3922,0.4119582043343653,0.5039463640997996,3593.651,10,2026-09-18T18:11:20.653599+00:00
Qwen2.5-7B,belief_bank_facts,mlp,15,27416,halu_eval,420,4978,10000,2489,2489,2812,7188,2.8133,3585,0.2793427230046948,0.21159317211948792,0.6248,0.24079320113314448,0.4996170963380567,3597.221,10,2026-09-18T18:11:20.653599+00:00
Qwen2.5-7B,belief_bank_facts,mlp,15,27416,halu_eval,511,4978,10000,2489,2489,2812,7188,2.9094,3585,0.28071818891491024,0.6394025604551921,0.4379,0.39014863838559183,0.4990440395364172,3600.893,10,2026-09-18T18:11:20.653599+00:00
Qwen2.5-7B,belief_bank_facts,mlp,15,27416,halu_eval,mean,0,0,0,0,0,0,2.87749,3585.0,0.2811741988075688,0.7281650071123755,0.40042,0.3958905543796333,0.5020640459126202,4936.843,10,2026-09-18T18:11:20.653599+00:00
Qwen2.5-7B,belief_bank_facts,mlp,15,27416,halu_eval,std,0,0,0,0,0,0,0.1586100907887011,0.0,0.0013694147980774353,0.19519857314441386,0.08514804519188918,0.05324354966084183,0.003125148858190684,4936.843,10,2026-09-18T18:11:20.653599+00:00
Qwen2.5-7B,belief_bank_facts,mlp,16,27416,belief_bank_facts,2,4978,8225,2489,2489,1067,7158,1.9882,3585,0.9103448275862069,0.9896907216494846,0.9860182370820668,0.9483610237988325,0.9984078739015181,3604.325,10,2026-09-18T18:11:20.653599+00:00
Qwen2.5-7B,belief_bank_facts,mlp,16,27416,belief_bank_facts,4,4978,8225,2489,2489,1067,7158,1.9851,3585,0.9100346020761245,0.985941893158388,0.985531914893617,0.9464687359424202,0.9988988667361651,3607.08,10,2026-09-18T18:11:20.653599+00:00
Qwen2.5-7B,belief_bank_facts,mlp,16,27416,belief_bank_facts,24,4978,8225,2489,2489,1067,7158,1.8455,3585,0.935656836461126,0.9812558575445174,0.9888145896656535,0.9579139981701739,0.9984856471665261,3609.668,10,2026-09-18T18:11:20.653599+00:00
Qwen2.5-7B,belief_bank_facts,mlp,16,27416,belief_bank_facts,42,4978,8225,2489,2489,1067,7158,1.9824,3585,0.8952702702702703,0.993439550140581,0.9840729483282675,0.941803642825411,0.9987913720382331,3612.396,10,2026-09-18T18:11:20.653599+00:00
Qwen2.5-7B,belief_bank_facts,mlp,16,27416,belief_bank_facts,64,4978,8225,2489,2489,1067,7158,2.0195,3585,0.9202453987730062,0.9840674789128397,0.9868693009118541,0.9510869565217391,0.9982062395107565,3615.195,10,2026-09-18T18:11:20.653599+00:00
Qwen2.5-7B,belief_bank_facts,mlp,16,27416,belief_bank_facts,67,4978,8225,2489,2489,1067,7158,2.1006,3585,0.9264448336252189,0.9915651358950328,0.9886930091185411,0.9578995020371208,0.9990745767052575,3618.08,10,2026-09-18T18:11:20.653599+00:00
Qwen2.5-7B,belief_bank_facts,mlp,16,27416,belief_bank_facts,104,4978,8225,2489,2489,1067,7158,1.9199,3585,0.9205933682373473,0.9887535145267105,0.9874772036474164,0.9534568459105287,0.99903398796426,3620.782,10,2026-09-18T18:11:20.653599+00:00
Qwen2.5-7B,belief_bank_facts,mlp,16,27416,belief_bank_facts,123,4978,8225,2489,2489,1067,7158,1.8702,3585,0.9067579127459366,0.993439550140581,0.9858966565349544,0.9481216457960644,0.9986627973812668,3623.437,10,2026-09-18T18:11:20.653599+00:00
Qwen2.5-7B,belief_bank_facts,mlp,16,27416,belief_bank_facts,420,4978,8225,2489,2489,1067,7158,3.0024,3585,0.9071367153912295,0.9887535145267105,0.9854103343465046,0.9461883408071748,0.9984788387325524,3627.226,10,2026-09-18T18:11:20.653599+00:00
Qwen2.5-7B,belief_bank_facts,mlp,16,27416,belief_bank_facts,511,4978,8225,2489,2489,1067,7158,2.9132,3585,0.9123711340206185,0.9953139643861293,0.9869908814589665,0.9520394441954281,0.9990105512396195,3630.92,10,2026-09-18T18:11:20.653599+00:00
Qwen2.5-7B,belief_bank_facts,mlp,16,27416,belief_bank_facts,mean,0,0,0,0,0,0,2.1627,3585.0,0.9144855899187085,0.9892221180880976,0.9865775075987842,0.9503340136004894,0.9987050751376154,4936.843,10,2026-09-18T18:11:20.653599+00:00
Qwen2.5-7B,belief_bank_facts,mlp,16,27416,belief_bank_facts,std,0,0,0,0,0,0,0.4040214127988763,0.0,0.010890845393871576,0.004238207705565124,0.0014159828193595749,0.0049152999853305495,0.0002865863840375406,4936.843,10,2026-09-18T18:11:20.653599+00:00
Qwen2.5-7B,belief_bank_facts,mlp,16,27416,belief_bank_constraints,2,4978,25686,2489,2489,10018,15668,2.8197,3585,0.5001811594202898,0.8268117388700339,0.6102156816943082,0.6232974640680262,0.674584745415872,3635.228,10,2026-09-18T18:11:20.653599+00:00
Qwen2.5-7B,belief_bank_facts,mlp,16,27416,belief_bank_constraints,4,4978,25686,2489,2489,10018,15668,2.8853,3585,0.5750442593928267,0.8754242363745258,0.6990967842404423,0.6941311488384978,0.8009077151043873,3639.566,10,2026-09-18T18:11:20.653599+00:00
Qwen2.5-7B,belief_bank_facts,mlp,16,27416,belief_bank_constraints,24,4978,25686,2489,2489,10018,15668,2.8217,3585,0.5560277744522926,0.9272309842283889,0.6828622595966675,0.6951803622212244,0.8324663741593954,3643.803,10,2026-09-18T18:11:20.653599+00:00
Qwen2.5-7B,belief_bank_facts,mlp,16,27416,belief_bank_constraints,42,4978,25686,2489,2489,10018,15668,2.8685,3585,0.5499404761904761,0.9222399680574965,0.6753095071245037,0.6890148407785815,0.8114182064828623,3648.143,10,2026-09-18T18:11:20.653599+00:00
Qwen2.5-7B,belief_bank_facts,mlp,16,27416,belief_bank_constraints,64,4978,25686,2489,2489,10018,15668,2.8494,3585,0.7480583443834059,0.39419045717708123,0.7119442497858756,0.5163103876577106,0.812559278669852,3652.458,10,2026-09-18T18:11:20.653599+00:00
Qwen2.5-7B,belief_bank_facts,mlp,16,27416,belief_bank_constraints,67,4978,25686,2489,2489,10018,15668,3.0018,3585,0.5271454620316453,0.8945897384707526,0.6459160632251032,0.6633850253525297,0.7523322010679475,3656.941,10,2026-09-18T18:11:20.653599+00:00
Qwen2.5-7B,belief_bank_facts,mlp,16,27416,belief_bank_constraints,104,4978,25686,2489,2489,10018,15668,2.8918,3585,0.5602031993082577,0.5173687362747055,0.6533520205559449,0.5379346133886871,0.7165777946390396,3661.31,10,2026-09-18T18:11:20.653599+00:00
Qwen2.5-7B,belief_bank_facts,mlp,16,27416,belief_bank_constraints,123,4978,25686,2489,2489,10018,15668,2.7658,3585,0.5010137658734394,0.9373128368935916,0.6114614965350774,0.652990264255911,0.7887506789540379,3665.538,10,2026-09-18T18:11:20.653599+00:00
Qwen2.5-7B,belief_bank_facts,mlp,16,27416,belief_bank_constraints,420,4978,25686,2489,2489,10018,15668,2.9175,3585,0.5112987902305409,0.894390097823917,0.6253990500661839,0.6506426548544042,0.7744370192372138,3669.87,10,2026-09-18T18:11:20.653599+00:00
Qwen2.5-7B,belief_bank_facts,mlp,16,27416,belief_bank_constraints,511,4978,25686,2489,2489,10018,15668,2.9116,3585,0.5649765658287175,0.7941704931123977,0.6812271276181577,0.6602489626556016,0.7941608474671555,3674.174,10,2026-09-18T18:11:20.653599+00:00
Qwen2.5-7B,belief_bank_facts,mlp,16,27416,belief_bank_constraints,mean,0,0,0,0,0,0,2.87331,3585.0,0.5593889797111891,0.798372928728289,0.6596784240442265,0.6383135724071174,0.7758194861197764,4936.843,10,2026-09-18T18:11:20.653599+00:00
Qwen2.5-7B,belief_bank_facts,mlp,16,27416,belief_bank_constraints,std,0,0,0,0,0,0,0.061729287214417054,0.0,0.06799942299042894,0.17855499659816337,0.03421641081681869,0.05965182218922295,0.04612006743179587,4936.843,10,2026-09-18T18:11:20.653599+00:00
Qwen2.5-7B,belief_bank_facts,mlp,16,27416,halu_eval,2,4978,10000,2489,2489,2812,7188,2.8936,3585,0.2716049382716049,0.14082503556187767,0.6522,0.18548009367681498,0.5022089872800487,3677.831,10,2026-09-18T18:11:20.653599+00:00
Qwen2.5-7B,belief_bank_facts,mlp,16,27416,halu_eval,4,4978,10000,2489,2489,2812,7188,2.8837,3585,0.2826051910365952,0.6233997155049786,0.4491,0.3889073765945646,0.5000718361802625,3681.474,10,2026-09-18T18:11:20.653599+00:00
Qwen2.5-7B,belief_bank_facts,mlp,16,27416,halu_eval,24,4978,10000,2489,2489,2812,7188,2.7519,3585,0.2735562310030395,0.25604551920341395,0.5996,0.26451138868479057,0.4974122401331126,3684.982,10,2026-09-18T18:11:20.653599+00:00
Qwen2.5-7B,belief_bank_facts,mlp,16,27416,halu_eval,42,4978,10000,2489,2489,2812,7188,2.8776,3585,0.28543220710838085,0.46266002844950216,0.5232,0.3530529172320217,0.504036827223498,3688.624,10,2026-09-18T18:11:20.653599+00:00
Qwen2.5-7B,belief_bank_facts,mlp,16,27416,halu_eval,64,4978,10000,2489,2489,2812,7188,2.0178,3585,0.2782701169797944,0.27916073968705546,0.5937,0.2787147168471507,0.4966195189786043,3691.413,10,2026-09-18T18:11:20.653599+00:00
Qwen2.5-7B,belief_bank_facts,mlp,16,27416,halu_eval,67,4978,10000,2489,2489,2812,7188,2.1018,3585,0.27055702917771884,0.21763869132290184,0.615,0.24122979897516753,0.4971106221765215,3694.328,10,2026-09-18T18:11:20.653599+00:00
Qwen2.5-7B,belief_bank_facts,mlp,16,27416,halu_eval,104,4978,10000,2489,2489,2812,7188,1.9315,3585,0.2708333333333333,0.027738264580369845,0.7056,0.05032258064516129,0.5034840052687781,3697.061,10,2026-09-18T18:11:20.653599+00:00
Qwen2.5-7B,belief_bank_facts,mlp,16,27416,halu_eval,123,4978,10000,2489,2489,2812,7188,1.8696,3585,0.2870420995079278,0.37339971550497864,0.563,0.32457496136012365,0.505691607278133,3699.739,10,2026-09-18T18:11:20.653599+00:00
Qwen2.5-7B,belief_bank_facts,mlp,16,27416,halu_eval,420,4978,10000,2489,2489,2812,7188,2.1022,3585,0.27024567788899,0.10561877667140825,0.6683,0.15187931475326003,0.49506670474182113,3702.653,10,2026-09-18T18:11:20.653599+00:00
Qwen2.5-7B,belief_bank_facts,mlp,16,27416,halu_eval,511,4978,10000,2489,2489,2812,7188,2.0108,3585,0.2820874471086037,0.07112375533428165,0.6879,0.1136040897472309,0.49748850423219987,3705.48,10,2026-09-18T18:11:20.653599+00:00
Qwen2.5-7B,belief_bank_facts,mlp,16,27416,halu_eval,mean,0,0,0,0,0,0,2.34405,3585.0,0.27722342714159887,0.2557610241820768,0.60576,0.23522772385162863,0.4999190853492979,4936.843,10,2026-09-18T18:11:20.653599+00:00
Qwen2.5-7B,belief_bank_facts,mlp,16,27416,halu_eval,std,0,0,0,0,0,0,0.4212144305457733,0.0,0.006296720718620874,0.17766358175439279,0.07499241561651418,0.10328205147486258,0.0035037928585251875,4936.843,10,2026-09-18T18:11:20.653599+00:00
Qwen2.5-7B,belief_bank_facts,mlp,17,27416,belief_bank_facts,2,4978,8225,2489,2489,1067,7158,1.734,3585,0.9024807527801539,0.9887535145267105,0.9846808510638297,0.943649373881932,0.9981024108926565,3708.681,10,2026-09-18T18:11:20.653599+00:00
Qwen2.5-7B,belief_bank_facts,mlp,17,27416,belief_bank_facts,4,4978,8225,2489,2489,1067,7158,2.0322,3585,0.9172473867595818,0.9868791002811621,0.9867477203647417,0.9507900677200903,0.9988314370535403,3711.493,10,2026-09-18T18:11:20.653599+00:00
Qwen2.5-7B,belief_bank_facts,mlp,17,27416,belief_bank_facts,24,4978,8225,2489,2489,1067,7158,2.7069,3585,0.9366071428571429,0.9831302717900656,0.9891793313069909,0.959304983996342,0.9986282314857077,3714.987,10,2026-09-18T18:11:20.653599+00:00
Qwen2.5-7B,belief_bank_facts,mlp,17,27416,belief_bank_facts,42,4978,8225,2489,2489,1067,7158,2.7914,3585,0.8981324278438031,0.9915651358950328,0.9843161094224924,0.9425389755011135,0.9984389046486678,3718.568,10,2026-09-18T18:11:20.653599+00:00
Qwen2.5-7B,belief_bank_facts,mlp,17,27416,belief_bank_facts,64,4978,8225,2489,2489,1067,7158,2.8915,3585,0.9089332176929749,0.9821930646672915,0.9849240121580547,0.9441441441441442,0.9977623819882356,3722.248,10,2026-09-18T18:11:20.653599+00:00
Qwen2.5-7B,belief_bank_facts,mlp,17,27416,belief_bank_facts,67,4978,8225,2489,2489,1067,7158,3.1741,3585,0.9251101321585903,0.9840674789128397,0.9875987841945288,0.9536784741144414,0.9988144159686058,3726.191,10,2026-09-18T18:11:20.653599+00:00
Qwen2.5-7B,belief_bank_facts,mlp,17,27416,belief_bank_facts,104,4978,8225,2489,2489,1067,7158,2.9163,3585,0.9139878366637706,0.985941893158388,0.9861398176291793,0.9486023444544635,0.9985762517109463,3729.874,10,2026-09-18T18:11:20.653599+00:00
Qwen2.5-7B,belief_bank_facts,mlp,17,27416,belief_bank_facts,123,4978,8225,2489,2489,1067,7158,3.2065,3585,0.923278116826504,0.9925023430178069,0.9883282674772036,0.9566395663956639,0.9986871506258653,3733.839,10,2026-09-18T18:11:20.653599+00:00
Qwen2.5-7B,belief_bank_facts,mlp,17,27416,belief_bank_facts,420,4978,8225,2489,2489,1067,7158,3.0719,3585,0.9024807527801539,0.9887535145267105,0.9846808510638297,0.943649373881932,0.9978933134108081,3737.672,10,2026-09-18T18:11:20.653599+00:00
Qwen2.5-7B,belief_bank_facts,mlp,17,27416,belief_bank_facts,511,4978,8225,2489,2489,1067,7158,2.8024,3585,0.9058219178082192,0.9915651358950328,0.985531914893617,0.9467561521252796,0.9987988351293198,3741.231,10,2026-09-18T18:11:20.653599+00:00
Qwen2.5-7B,belief_bank_facts,mlp,17,27416,belief_bank_facts,mean,0,0,0,0,0,0,2.7327199999999996,3585.0,0.9134079684170896,0.9875351452671041,0.9862127659574469,0.9489753456215404,0.9984533332914353,4936.843,10,2026-09-18T18:11:20.653599+00:00
Qwen2.5-7B,belief_bank_facts,mlp,17,27416,belief_bank_facts,std,0,0,0,0,0,0,0.4572061674999584,0.0,0.011564433932495644,0.0035079601260005425,0.0016094619568022314,0.0056339826994179125,0.0003751631941615063,4936.843,10,2026-09-18T18:11:20.653599+00:00
Qwen2.5-7B,belief_bank_facts,mlp,17,27416,belief_bank_constraints,2,4978,25686,2489,2489,10018,15668,2.7094,3585,0.4750551876379691,0.6444400079856258,0.5835863894728646,0.5469332429684852,0.6193062342264394,3745.363,10,2026-09-18T18:11:20.653599+00:00
Qwen2.5-7B,belief_bank_facts,mlp,17,27416,belief_bank_constraints,4,4978,25686,2489,2489,10018,15668,2.9301,3585,0.5068579338115012,0.8041525254541825,0.6184692050144047,0.6217968508799012,0.7299559287028561,3749.772,10,2026-09-18T18:11:20.653599+00:00
Qwen2.5-7B,belief_bank_facts,mlp,17,27416,belief_bank_constraints,24,4978,25686,2489,2489,10018,15668,2.6467,3585,0.7434114612537849,0.6617089239369136,0.778984660904773,0.700184842883549,0.8533152324794182,3753.887,10,2026-09-18T18:11:20.653599+00:00
Qwen2.5-7B,belief_bank_facts,mlp,17,27416,belief_bank_constraints,42,4978,25686,2489,2489,10018,15668,2.781,3585,0.6852043074199734,0.46366540227590336,0.7077396246982792,0.5530749538608085,0.7722900540579166,3758.164,10,2026-09-18T18:11:20.653599+00:00
Qwen2.5-7B,belief_bank_facts,mlp,17,27416,belief_bank_constraints,64,4978,25686,2489,2489,10018,15668,2.9621,3585,0.5733446109231513,0.47364743461768816,0.657245191933349,0.5187493167158631,0.6707650953838362,3762.616,10,2026-09-18T18:11:20.653599+00:00
Qwen2.5-7B,belief_bank_facts,mlp,17,27416,belief_bank_constraints,67,4978,25686,2489,2489,10018,15668,3.155,3585,0.47602319616371136,0.8521661010181673,0.5765008175659893,0.6108328563251287,0.6878711311724675,3767.267,10,2026-09-18T18:11:20.653599+00:00
Qwen2.5-7B,belief_bank_facts,mlp,17,27416,belief_bank_constraints,104,4978,25686,2489,2489,10018,15668,2.8434,3585,0.6291451171280803,0.4128568576562188,0.6760881413999844,0.49855351976856316,0.7138505107451978,3771.61,10,2026-09-18T18:11:20.653599+00:00
Qwen2.5-7B,belief_bank_facts,mlp,17,27416,belief_bank_constraints,123,4978,25686,2489,2489,10018,15668,3.2057,3585,0.584131736526946,0.3894989019764424,0.6537413376936853,0.4673613606419931,0.7011538026548383,3776.32,10,2026-09-18T18:11:20.653599+00:00
Qwen2.5-7B,belief_bank_facts,mlp,17,27416,belief_bank_constraints,420,4978,25686,2489,2489,10018,15668,2.245,3585,0.5799735624586914,0.5255540027949691,0.6665109398115705,0.5514243820695434,0.6891581622316492,3780.023,10,2026-09-18T18:11:20.653599+00:00
Qwen2.5-7B,belief_bank_facts,mlp,17,27416,belief_bank_constraints,511,4978,25686,2489,2489,10018,15668,1.8996,3585,0.8240723647775522,0.4455979237372729,0.7466713384723196,0.5784256559766764,0.8132674690790175,3783.392,10,2026-09-18T18:11:20.653599+00:00
Qwen2.5-7B,belief_bank_facts,mlp,17,27416,belief_bank_constraints,mean,0,0,0,0,0,0,2.7378,3585.0,0.6077219478101361,0.5673288081453384,0.666553764696722,0.5647336982090512,0.7250933620733637,4936.843,10,2026-09-18T18:11:20.653599+00:00
Qwen2.5-7B,belief_bank_facts,mlp,17,27416,belief_bank_constraints,std,0,0,0,0,0,0,0.3805036767233662,0.0,0.1092284153615918,0.1560904875218223,0.061969964190646924,0.06365649218935919,0.06632157095305902,4936.843,10,2026-09-18T18:11:20.653599+00:00
Qwen2.5-7B,belief_bank_facts,mlp,17,27416,halu_eval,2,4978,10000,2489,2489,2812,7188,1.7475,3585,0.2853964401294498,0.501778093883357,0.5066,0.36384734399174834,0.5052339484726797,3785.952,10,2026-09-18T18:11:20.653599+00:00
Qwen2.5-7B,belief_bank_facts,mlp,17,27416,halu_eval,4,4978,10000,2489,2489,2812,7188,2.0329,3585,0.2840865932396506,0.7980085348506402,0.3777,0.41900849593875455,0.5031896599833292,3788.802,10,2026-09-18T18:11:20.653599+00:00
Qwen2.5-7B,belief_bank_facts,mlp,17,27416,halu_eval,24,4978,10000,2489,2489,2812,7188,1.7965,3585,0.2817936250675311,0.9274537695590327,0.3149,0.4322532526725781,0.5115360890721139,3791.385,10,2026-09-18T18:11:20.653599+00:00
Qwen2.5-7B,belief_bank_facts,mlp,17,27416,halu_eval,42,4978,10000,2489,2489,2812,7188,1.8826,3585,0.28380006022282445,0.6703413940256046,0.4316,0.3987730061349693,0.5103847064928033,3794.081,10,2026-09-18T18:11:20.653599+00:00
Qwen2.5-7B,belief_bank_facts,mlp,17,27416,halu_eval,64,4978,10000,2489,2489,2812,7188,1.9906,3585,0.2823030573532694,0.8997155049786629,0.3286,0.42976048921352134,0.5082586870325206,3796.872,10,2026-09-18T18:11:20.653599+00:00
Qwen2.5-7B,belief_bank_facts,mlp,17,27416,halu_eval,67,4978,10000,2489,2489,2812,7188,2.2728,3585,0.2818943298969072,0.6223328591749644,0.448,0.38802660753880264,0.502077906040651,3799.952,10,2026-09-18T18:11:20.653599+00:00
Qwen2.5-7B,belief_bank_facts,mlp,17,27416,halu_eval,104,4978,10000,2489,2489,2812,7188,2.9131,3585,0.2904365904365904,0.4967994310099573,0.5172,0.3665704539490947,0.5122230101773859,3803.681,10,2026-09-18T18:11:20.653599+00:00
Qwen2.5-7B,belief_bank_facts,mlp,17,27416,halu_eval,123,4978,10000,2489,2489,2812,7188,3.2156,3585,0.28772399933009546,0.6109530583214794,0.4653,0.39121029261072526,0.5150028031941968,3807.704,10,2026-09-18T18:11:20.653599+00:00
Qwen2.5-7B,belief_bank_facts,mlp,17,27416,halu_eval,420,4978,10000,2489,2489,2812,7188,3.0767,3585,0.2839297056955325,0.47688477951635844,0.5147,0.35593895155938954,0.5070607247261321,3811.6,10,2026-09-18T18:11:20.653599+00:00
Qwen2.5-7B,belief_bank_facts,mlp,17,27416,halu_eval,511,4978,10000,2489,2489,2812,7188,2.8018,3585,0.2839366515837104,0.44630156472261734,0.5278,0.34706858407079644,0.5066818037174332,3815.217,10,2026-09-18T18:11:20.653599+00:00
Qwen2.5-7B,belief_bank_facts,mlp,17,27416,halu_eval,mean,0,0,0,0,0,0,2.37301,3585.0,0.2845301052955561,0.6450568990042674,0.44323999999999997,0.38924574776803805,0.5081649338909245,4936.843,10,2026-09-18T18:11:20.653599+00:00
Qwen2.5-7B,belief_bank_facts,mlp,17,27416,halu_eval,std,0,0,0,0,0,0,0.540072066394847,0.0,0.002582165295581333,0.16751316310052147,0.07503016993183477,0.029189945183053755,0.003915867644409668,4936.843,10,2026-09-18T18:11:20.653599+00:00
Qwen2.5-7B,belief_bank_facts,mlp,18,27416,belief_bank_facts,2,4978,8225,2489,2489,1067,7158,2.5098,3585,0.9005102040816326,0.9925023430178069,0.9848024316109423,0.944271065537227,0.9983122939630401,3819.681,10,2026-09-18T18:11:20.653599+00:00
Qwen2.5-7B,belief_bank_facts,mlp,18,27416,belief_bank_facts,4,4978,8225,2489,2489,1067,7158,2.5629,3585,0.9140625,0.9868791002811621,0.9862613981762918,0.9490761604326273,0.9991575872271684,3823.03,10,2026-09-18T18:11:20.653599+00:00
Qwen2.5-7B,belief_bank_facts,mlp,18,27416,belief_bank_facts,24,4978,8225,2489,2489,1067,7158,2.4692,3585,0.926678445229682,0.9831302717900656,0.9877203647416414,0.9540700318326512,0.9991031197553782,3826.279,10,2026-09-18T18:11:20.653599+00:00
Qwen2.5-7B,belief_bank_facts,mlp,18,27416,belief_bank_facts,42,4978,8225,2489,2489,1067,7158,2.6635,3585,0.9178910976663786,0.9953139643861293,0.9878419452887538,0.9550359712230215,0.998883547759724,3829.742,10,2026-09-18T18:11:20.653599+00:00
Qwen2.5-7B,belief_bank_facts,mlp,18,27416,belief_bank_facts,64,4978,8225,2489,2489,1067,7158,2.8111,3585,0.9192982456140351,0.9821930646672915,0.9865045592705167,0.9497054825555052,0.998167483809675,3833.328,10,2026-09-18T18:11:20.653599+00:00
Qwen2.5-7B,belief_bank_facts,mlp,18,27416,belief_bank_facts,67,4978,8225,2489,2489,1067,7158,2.9116,3585,0.9224062772449869,0.9915651358950328,0.9880851063829788,0.955736224028907,0.999101941372575,3836.998,10,2026-09-18T18:11:20.653599+00:00
Qwen2.5-7B,belief_bank_facts,mlp,18,27416,belief_bank_facts,104,4978,8225,2489,2489,1067,7158,2.6525,3585,0.926251097453907,0.9887535145267105,0.9883282674772036,0.956482320942883,0.9986076752523637,3840.432,10,2026-09-18T18:11:20.653599+00:00
Qwen2.5-7B,belief_bank_facts,mlp,18,27416,belief_bank_facts,123,4978,8225,2489,2489,1067,7158,2.6699,3585,0.8711001642036125,0.9943767572633552,0.9801823708206687,0.9286652078774617,0.9982812632158904,3843.886,10,2026-09-18T18:11:20.653599+00:00
Qwen2.5-7B,belief_bank_facts,mlp,18,27416,belief_bank_facts,420,4978,8225,2489,2489,1067,7158,2.62,3585,0.9043552519214346,0.9925023430178069,0.9854103343465046,0.9463806970509383,0.9980957333901053,3847.297,10,2026-09-18T18:11:20.653599+00:00
Qwen2.5-7B,belief_bank_facts,mlp,18,27416,belief_bank_facts,511,4978,8225,2489,2489,1067,7158,2.6702,3585,0.9157986111111112,0.9887535145267105,0.9867477203647417,0.9508787742226228,0.9990261320789056,3850.76,10,2026-09-18T18:11:20.653599+00:00
Qwen2.5-7B,belief_bank_facts,mlp,18,27416,belief_bank_facts,mean,0,0,0,0,0,0,2.65407,3585.0,0.9118351894526778,0.9895970009372069,0.9861884498480242,0.9490301935703844,0.9986736777824825,4936.843,10,2026-09-18T18:11:20.653599+00:00
Qwen2.5-7B,belief_bank_facts,mlp,18,27416,belief_bank_facts,std,0,0,0,0,0,0,0.12491827768585355,0.0,0.01580024189346147,0.0042630048418159745,0.0022863608992907377,0.007811859792126775,0.0004061359070005511,4936.843,10,2026-09-18T18:11:20.653599+00:00
Qwen2.5-7B,belief_bank_facts,mlp,18,27416,belief_bank_constraints,2,4978,25686,2489,2489,10018,15668,2.4528,3585,0.44218919898513953,0.608903972848872,0.5478860079420697,0.512325200520724,0.5830729540031925,3854.703,10,2026-09-18T18:11:20.653599+00:00
Qwen2.5-7B,belief_bank_facts,mlp,18,27416,belief_bank_constraints,4,4978,25686,2489,2489,10018,15668,2.5684,3585,0.547276828875282,0.8475743661409463,0.6670949155181811,0.6651000665805037,0.7616456130815438,3858.764,10,2026-09-18T18:11:20.653599+00:00
Qwen2.5-7B,belief_bank_facts,mlp,18,27416,belief_bank_constraints,24,4978,25686,2489,2489,10018,15668,1.6179,3585,0.6555816817825552,0.5844479936114994,0.718173323989722,0.6179745633014935,0.7967623620857488,3861.87,10,2026-09-18T18:11:20.653599+00:00
Qwen2.5-7B,belief_bank_facts,mlp,18,27416,belief_bank_constraints,42,4978,25686,2489,2489,10018,15668,1.7547,3585,0.5981996726677578,0.6567179077660211,0.6940745931635911,0.6260944042634183,0.7595195191927444,3865.089,10,2026-09-18T18:11:20.653599+00:00
Qwen2.5-7B,belief_bank_facts,mlp,18,27416,belief_bank_constraints,64,4978,25686,2489,2489,10018,15668,1.8528,3585,0.559546696347263,0.5520063885006987,0.6558047185237094,0.5557509672880759,0.6818605053156042,3868.387,10,2026-09-18T18:11:20.653599+00:00
Qwen2.5-7B,belief_bank_facts,mlp,18,27416,belief_bank_constraints,67,4978,25686,2489,2489,10018,15668,2.0063,3585,0.4899519588605454,0.7227989618686365,0.5984193724207739,0.5840222607573496,0.6435088591874937,3871.876,10,2026-09-18T18:11:20.653599+00:00
Qwen2.5-7B,belief_bank_facts,mlp,18,27416,belief_bank_constraints,104,4978,25686,2489,2489,10018,15668,1.8094,3585,0.47840642785403414,0.4279297264923138,0.5949155181811103,0.45176247431371513,0.6394970034280394,3875.143,10,2026-09-18T18:11:20.653599+00:00
Qwen2.5-7B,belief_bank_facts,mlp,18,27416,belief_bank_constraints,123,4978,25686,2489,2489,10018,15668,1.7716,3585,0.4889927089969562,0.6895587941704932,0.5978743284279374,0.5722095671981777,0.636923979777427,3878.374,10,2026-09-18T18:11:20.653599+00:00
Qwen2.5-7B,belief_bank_facts,mlp,18,27416,belief_bank_constraints,420,4978,25686,2489,2489,10018,15668,1.6597,3585,0.4906758589511754,0.8667398682371731,0.5971346258662307,0.6266147073681172,0.6623281565227523,3881.546,10,2026-09-18T18:11:20.653599+00:00
Qwen2.5-7B,belief_bank_facts,mlp,18,27416,belief_bank_constraints,511,4978,25686,2489,2489,10018,15668,1.7788,3585,0.570914766558089,0.8397883809143541,0.6913493731994083,0.6797285287226307,0.7851920856983853,3884.774,10,2026-09-18T18:11:20.653599+00:00
Qwen2.5-7B,belief_bank_facts,mlp,18,27416,belief_bank_constraints,mean,0,0,0,0,0,0,1.92724,3585.0,0.5321735799878798,0.6796466360551008,0.6362726777232733,0.5891582740314205,0.6950311038292931,4936.843,10,2026-09-18T18:11:20.653599+00:00
Qwen2.5-7B,belief_bank_facts,mlp,18,27416,belief_bank_constraints,std,0,0,0,0,0,0,0.3092369162955807,0.0,0.0619876511094018,0.136035223550912,0.053268604005568904,0.06616523251466677,0.07068740391552045,4936.843,10,2026-09-18T18:11:20.653599+00:00
Qwen2.5-7B,belief_bank_facts,mlp,18,27416,halu_eval,2,4978,10000,2489,2489,2812,7188,2.5123,3585,0.2735632183908046,0.08463726884779517,0.6794,0.12927756653992395,0.506232877064746,3888.079,10,2026-09-18T18:11:20.653599+00:00
Qwen2.5-7B,belief_bank_facts,mlp,18,27416,halu_eval,4,4978,10000,2489,2489,2812,7188,2.5671,3585,0.2841163310961969,0.04516358463726885,0.6995,0.07793801779687021,0.5003022363810081,3891.466,10,2026-09-18T18:11:20.653599+00:00
Qwen2.5-7B,belief_bank_facts,mlp,18,27416,halu_eval,24,4978,10000,2489,2489,2812,7188,2.4708,3585,0.2463768115942029,0.00604551920341394,0.7153,0.011801457827143353,0.4949075965078513,3894.754,10,2026-09-18T18:11:20.653599+00:00
Qwen2.5-7B,belief_bank_facts,mlp,18,27416,halu_eval,42,4978,10000,2489,2489,2812,7188,2.6619,3585,0.6,0.0010668563300142249,0.7189,0.002129925452609159,0.5005397113570824,3898.223,10,2026-09-18T18:11:20.653599+00:00
Qwen2.5-7B,belief_bank_facts,mlp,18,27416,halu_eval,64,4978,10000,2489,2489,2812,7188,2.8201,3585,0.27050359712230215,0.20056899004267426,0.6231,0.23034510925056156,0.5022210094507125,3901.839,10,2026-09-18T18:11:20.653599+00:00
Qwen2.5-7B,belief_bank_facts,mlp,18,27416,halu_eval,67,4978,10000,2489,2489,2812,7188,2.9141,3585,0.27474207107374854,0.25568990042674256,0.6009,0.26487382575059865,0.5028526681500937,3905.572,10,2026-09-18T18:11:20.653599+00:00
Qwen2.5-7B,belief_bank_facts,mlp,18,27416,halu_eval,104,4978,10000,2489,2489,2812,7188,2.6522,3585,0.2926829268292683,0.004267425320056899,0.7171,0.008412197686645636,0.5075917781413783,3909.047,10,2026-09-18T18:11:20.653599+00:00
Qwen2.5-7B,belief_bank_facts,mlp,18,27416,halu_eval,123,4978,10000,2489,2489,2812,7188,2.6864,3585,0.27506112469437655,0.08001422475106686,0.682,0.12396694214876033,0.5015397283761224,3912.562,10,2026-09-18T18:11:20.653599+00:00
Qwen2.5-7B,belief_bank_facts,mlp,18,27416,halu_eval,420,4978,10000,2489,2489,2812,7188,2.6223,3585,0.2824874511991076,0.36024182076813654,0.5628,0.3166614567052204,0.5012613384406285,3916.014,10,2026-09-18T18:11:20.653599+00:00
Qwen2.5-7B,belief_bank_facts,mlp,18,27416,halu_eval,511,4978,10000,2489,2489,2812,7188,2.6682,3585,0.3333333333333333,0.0021337126600284497,0.7182,0.004240282685512367,0.49789072747292584,3919.48,10,2026-09-18T18:11:20.653599+00:00
Qwen2.5-7B,belief_bank_facts,mlp,18,27416,halu_eval,mean,0,0,0,0,0,0,2.65754,3585.0,0.3132866865333341,0.10398293029871979,0.67172,0.11696467818438457,0.5015339671342549,4936.843,10,2026-09-18T18:11:20.653599+00:00
Qwen2.5-7B,belief_bank_facts,mlp,18,27416,halu_eval,std,0,0,0,0,0,0,0.12594863397433093,0.0,0.09780724339149313,0.11954951250151355,0.053408085530189164,0.11183537646428028,0.0034749082858465093,4936.843,10,2026-09-18T18:11:20.653599+00:00
Qwen2.5-7B,belief_bank_facts,mlp,19,27416,belief_bank_facts,2,4978,8225,2489,2489,1067,7158,2.3671,3585,0.9096385542168675,0.9906279287722587,0.9860182370820668,0.9484073575594437,0.998843744607262,3923.415,10,2026-09-18T18:11:20.653599+00:00
Qwen2.5-7B,belief_bank_facts,mlp,19,27416,belief_bank_facts,4,4978,8225,2489,2489,1067,7158,2.6198,3585,0.9230769230769231,0.9896907216494846,0.9879635258358662,0.9552238805970149,0.9992090432762394,3926.823,10,2026-09-18T18:11:20.653599+00:00
Qwen2.5-7B,belief_bank_facts,mlp,19,27416,belief_bank_facts,24,4978,8225,2489,2489,1067,7158,2.5493,3585,0.926056338028169,0.985941893158388,0.9879635258358662,0.9550612800726282,0.9990549369918715,3930.159,10,2026-09-18T18:11:20.653599+00:00
Qwen2.5-7B,belief_bank_facts,mlp,19,27416,belief_bank_facts,42,4978,8225,2489,2489,1067,7158,2.5596,3585,0.9069171648163963,0.9953139643861293,0.9861398176291793,0.9490616621983914,0.9986444669821066,3933.508,10,2026-09-18T18:11:20.653599+00:00
Qwen2.5-7B,belief_bank_facts,mlp,19,27416,belief_bank_facts,64,4978,8225,2489,2489,1067,7158,2.751,3585,0.9211908931698775,0.985941893158388,0.9872340425531915,0.95246717971933,0.9981632940041526,3937.044,10,2026-09-18T18:11:20.653599+00:00
Qwen2.5-7B,belief_bank_facts,mlp,19,27416,belief_bank_facts,67,4978,8225,2489,2489,1067,7158,2.821,3585,0.9280701754385965,0.9915651358950328,0.9889361702127659,0.9587675577707295,0.9990829563163021,3940.621,10,2026-09-18T18:11:20.653599+00:00
Qwen2.5-7B,belief_bank_facts,mlp,19,27416,belief_bank_facts,104,4978,8225,2489,2489,1067,7158,1.6481,3585,0.9229422066549913,0.9878163074039362,0.9877203647416414,0.9542779538252603,0.9986617499298863,3943.016,10,2026-09-18T18:11:20.653599+00:00
Qwen2.5-7B,belief_bank_facts,mlp,19,27416,belief_bank_facts,123,4978,8225,2489,2489,1067,7158,1.4265,3585,0.8848080133555927,0.993439550140581,0.982370820668693,0.9359823399558499,0.9985881664704004,3945.224,10,2026-09-18T18:11:20.653599+00:00
Qwen2.5-7B,belief_bank_facts,mlp,19,27416,belief_bank_facts,420,4978,8225,2489,2489,1067,7158,1.4726,3585,0.9106529209621993,0.993439550140581,0.9865045592705167,0.9502465262214254,0.9983081041575178,3947.459,10,2026-09-18T18:11:20.653599+00:00
Qwen2.5-7B,belief_bank_facts,mlp,19,27416,belief_bank_facts,511,4978,8225,2489,2489,1067,7158,1.6359,3585,0.9107296137339056,0.9943767572633552,0.9866261398176291,0.9507168458781362,0.9990362137984437,3949.852,10,2026-09-18T18:11:20.653599+00:00
Qwen2.5-7B,belief_bank_facts,mlp,19,27416,belief_bank_facts,mean,0,0,0,0,0,0,2.1850899999999998,3585.0,0.9144082803453519,0.9908153701968134,0.9867477203647417,0.9510212583798209,0.9987592676534183,4936.843,10,2026-09-18T18:11:20.653599+00:00
Qwen2.5-7B,belief_bank_facts,mlp,19,27416,belief_bank_facts,std,0,0,0,0,0,0,0.5378393300047888,0.0,0.012243283645832888,0.0032411652232034803,0.0017047309662085001,0.005867027831203135,0.0003300039315006545,4936.843,10,2026-09-18T18:11:20.653599+00:00
Qwen2.5-7B,belief_bank_facts,mlp,19,27416,belief_bank_constraints,2,4978,25686,2489,2489,10018,15668,1.5056,3585,0.4281144873986654,0.774905170692753,0.5084871136027408,0.5515257006855885,0.5756217376503758,3952.846,10,2026-09-18T18:11:20.653599+00:00
Qwen2.5-7B,belief_bank_facts,mlp,19,27416,belief_bank_constraints,4,4978,25686,2489,2489,10018,15668,1.7164,3585,0.5087142197599261,0.879916150928329,0.6217394689714241,0.6447012360125796,0.7299403134607897,3956.041,10,2026-09-18T18:11:20.653599+00:00
Qwen2.5-7B,belief_bank_facts,mlp,19,27416,belief_bank_constraints,24,4978,25686,2489,2489,10018,15668,1.5858,3585,0.5998028143766245,0.667997604312238,0.6966830179864517,0.6320661157024794,0.7616099420328576,3959.127,10,2026-09-18T18:11:20.653599+00:00
Qwen2.5-7B,belief_bank_facts,mlp,19,27416,belief_bank_constraints,42,4978,25686,2489,2489,10018,15668,1.6694,3585,0.45791517474406174,0.9063685366340587,0.5450050611227907,0.6084363587630247,0.7097772070013573,3962.283,10,2026-09-18T18:11:20.653599+00:00
Qwen2.5-7B,belief_bank_facts,mlp,19,27416,belief_bank_constraints,64,4978,25686,2489,2489,10018,15668,2.8169,3585,0.555462746408286,0.6638051507286884,0.6616834073035895,0.6048203728967713,0.717018264239508,3966.577,10,2026-09-18T18:11:20.653599+00:00
Qwen2.5-7B,belief_bank_facts,mlp,19,27416,belief_bank_constraints,67,4978,25686,2489,2489,10018,15668,2.8217,3585,0.551970035294965,0.7649231383509683,0.6661605543876041,0.6412284004853354,0.7444856534214925,3970.912,10,2026-09-18T18:11:20.653599+00:00
Qwen2.5-7B,belief_bank_facts,mlp,19,27416,belief_bank_constraints,104,4978,25686,2489,2489,10018,15668,2.4865,3585,0.44046112751300437,0.3127370732681174,0.5770069298450518,0.3657696573463312,0.5922037103700957,3974.842,10,2026-09-18T18:11:20.653599+00:00
Qwen2.5-7B,belief_bank_facts,mlp,19,27416,belief_bank_constraints,123,4978,25686,2489,2489,10018,15668,2.3235,3585,0.5347715892934413,0.8635456178878019,0.6537802694074594,0.6605077304829166,0.7449652152803534,3978.587,10,2026-09-18T18:11:20.653599+00:00
Qwen2.5-7B,belief_bank_facts,mlp,19,27416,belief_bank_constraints,420,4978,25686,2489,2489,10018,15668,2.4168,3585,0.4215911095431293,0.9542822918746257,0.4715409172311765,0.5848167859546094,0.7143606596204443,3982.481,10,2026-09-18T18:11:20.653599+00:00
Qwen2.5-7B,belief_bank_facts,mlp,19,27416,belief_bank_constraints,511,4978,25686,2489,2489,10018,15668,2.5273,3585,0.5305994087678471,0.8420842483529647,0.6478626489138052,0.6510012732955203,0.7607248171060791,3986.435,10,2026-09-18T18:11:20.653599+00:00
Qwen2.5-7B,belief_bank_facts,mlp,19,27416,belief_bank_constraints,mean,0,0,0,0,0,0,2.18699,3585.0,0.5029402713099951,0.7630564983030544,0.6049949388772093,0.5944873631625157,0.7050707520183355,4936.843,10,2026-09-18T18:11:20.653599+00:00
Qwen2.5-7B,belief_bank_facts,mlp,19,27416,belief_bank_constraints,std,0,0,0,0,0,0,0.48904848931368755,0.0,0.058740076910809826,0.17576226971980677,0.07166965708451638,0.08259733059081441,0.06309109704824752,4936.843,10,2026-09-18T18:11:20.653599+00:00
Qwen2.5-7B,belief_bank_facts,mlp,19,27416,halu_eval,2,4978,10000,2489,2489,2812,7188,2.3679,3585,0.28360849056603776,0.34210526315789475,0.572,0.31012250161186333,0.5056863383021014,3989.597,10,2026-09-18T18:11:20.653599+00:00
Qwen2.5-7B,belief_bank_facts,mlp,19,27416,halu_eval,4,4978,10000,2489,2489,2812,7188,2.6184,3585,0.28106796116504856,0.8236130867709816,0.358,0.4191096634093377,0.5033536166647272,3993.011,10,2026-09-18T18:11:20.653599+00:00
Qwen2.5-7B,belief_bank_facts,mlp,19,27416,halu_eval,24,4978,10000,2489,2489,2812,7188,2.5376,3585,0.31521739130434784,0.030938833570412518,0.7086,0.056347150259067356,0.5077603359004378,3996.328,10,2026-09-18T18:11:20.653599+00:00
Qwen2.5-7B,belief_bank_facts,mlp,19,27416,halu_eval,42,4978,10000,2489,2489,2812,7188,2.5647,3585,0.2127659574468085,0.0035561877667140826,0.7161,0.006995452955578874,0.5012425630753325,3999.651,10,2026-09-18T18:11:20.653599+00:00
Qwen2.5-7B,belief_bank_facts,mlp,19,27416,halu_eval,64,4978,10000,2489,2489,2812,7188,2.7483,3585,0.28326974216672446,0.8712660028449503,0.3439,0.4275368641479801,0.5071712495379133,4003.205,10,2026-09-18T18:11:20.653599+00:00
Qwen2.5-7B,belief_bank_facts,mlp,19,27416,halu_eval,67,4978,10000,2489,2489,2812,7188,2.8187,3585,0.2840512223515716,0.08677098150782361,0.6817,0.13293380550258785,0.5016379836474731,4006.804,10,2026-09-18T18:11:20.653599+00:00
Qwen2.5-7B,belief_bank_facts,mlp,19,27416,halu_eval,104,4978,10000,2489,2489,2812,7188,2.5336,3585,0.2854950115118956,0.26458036984352773,0.607,0.27464008859357697,0.5032964989855861,4010.088,10,2026-09-18T18:11:20.653599+00:00
Qwen2.5-7B,belief_bank_facts,mlp,19,27416,halu_eval,123,4978,10000,2489,2489,2812,7188,2.3147,3585,0.21904761904761905,0.008179231863442389,0.7129,0.01576962632841961,0.503770756302388,4013.193,10,2026-09-18T18:11:20.653599+00:00
Qwen2.5-7B,belief_bank_facts,mlp,19,27416,halu_eval,420,4978,10000,2489,2489,2812,7188,2.365,3585,0.2839506172839506,0.02453769559032717,0.7083,0.04517184942716858,0.506643906669168,4016.341,10,2026-09-18T18:11:20.653599+00:00
Qwen2.5-7B,belief_bank_facts,mlp,19,27416,halu_eval,511,4978,10000,2489,2489,2812,7188,2.5227,3585,0.3010752688172043,0.049786628733997154,0.7003,0.08544400366188587,0.5009821569218811,4019.635,10,2026-09-18T18:11:20.653599+00:00
Qwen2.5-7B,belief_bank_facts,mlp,19,27416,halu_eval,mean,0,0,0,0,0,0,2.5391600000000003,3585.0,0.2749549281661208,0.2505334281650071,0.6108800000000001,0.17740710058974662,0.5041545406007009,4936.843,10,2026-09-18T18:11:20.653599+00:00
Qwen2.5-7B,belief_bank_facts,mlp,19,27416,halu_eval,std,0,0,0,0,0,0,0.15464853183913513,0.0,0.031229122978004977,0.3175623606766112,0.13794343623384187,0.1567788953422662,0.002388458401169267,4936.843,10,2026-09-18T18:11:20.653599+00:00
Qwen2.5-7B,belief_bank_facts,mlp,20,27416,belief_bank_facts,2,4978,8225,2489,2489,1067,7158,1.7451,3585,0.9072164948453608,0.9896907216494846,0.985531914893617,0.94666069027342,0.9983281366651714,4022.971,10,2026-09-18T18:11:20.653599+00:00
Qwen2.5-7B,belief_bank_facts,mlp,20,27416,belief_bank_facts,4,4978,8225,2489,2489,1067,7158,1.9552,3585,0.9280701754385965,0.9915651358950328,0.9889361702127659,0.9587675577707295,0.9993758499085967,4025.681,10,2026-09-18T18:11:20.653599+00:00
Qwen2.5-7B,belief_bank_facts,mlp,20,27416,belief_bank_facts,24,4978,8225,2489,2489,1067,7158,1.8055,3585,0.9236842105263158,0.9868791002811621,0.9877203647416414,0.9542365201631173,0.9990282269816667,4028.263,10,2026-09-18T18:11:20.653599+00:00
Qwen2.5-7B,belief_bank_facts,mlp,20,27416,belief_bank_facts,42,4978,8225,2489,2489,1067,7158,1.776,3585,0.9116638078902229,0.9962511715089035,0.9869908814589665,0.9520824003582624,0.998750914228658,4030.826,10,2026-09-18T18:11:20.653599+00:00
Qwen2.5-7B,belief_bank_facts,mlp,20,27416,belief_bank_facts,64,4978,8225,2489,2489,1067,7158,1.7558,3585,0.9244288224956063,0.985941893158388,0.9877203647416414,0.9541950113378684,0.9987611268796187,4033.348,10,2026-09-18T18:11:20.653599+00:00
Qwen2.5-7B,belief_bank_facts,mlp,20,27416,belief_bank_facts,67,4978,8225,2489,2489,1067,7158,2.1381,3585,0.926829268292683,0.9971883786316776,0.9894224924012158,0.9607223476297968,0.9993191566026228,4036.275,10,2026-09-18T18:11:20.653599+00:00
Qwen2.5-7B,belief_bank_facts,mlp,20,27416,belief_bank_facts,104,4978,8225,2489,2489,1067,7158,1.7667,3585,0.9268722466960353,0.985941893158388,0.9880851063829788,0.9554950045413261,0.9988385073503592,4038.827,10,2026-09-18T18:11:20.653599+00:00
Qwen2.5-7B,belief_bank_facts,mlp,20,27416,belief_bank_facts,123,4978,8225,2489,2489,1067,7158,1.7971,3585,0.8880534670008354,0.9962511715089035,0.9832218844984802,0.9390459363957597,0.9986905548428522,4041.415,10,2026-09-18T18:11:20.653599+00:00
Qwen2.5-7B,belief_bank_facts,mlp,20,27416,belief_bank_facts,420,4978,8225,2489,2489,1067,7158,2.6886,3585,0.9151515151515152,0.9906279287722587,0.9868693009118541,0.9513951395139514,0.9986807349861593,4044.895,10,2026-09-18T18:11:20.653599+00:00
Qwen2.5-7B,belief_bank_facts,mlp,20,27416,belief_bank_facts,511,4978,8225,2489,2489,1067,7158,2.5863,3585,0.91458153580673,0.993439550140581,0.987112462006079,0.9523809523809523,0.999111761229268,4048.276,10,2026-09-18T18:11:20.653599+00:00
Qwen2.5-7B,belief_bank_facts,mlp,20,27416,belief_bank_facts,mean,0,0,0,0,0,0,2.00144,3585.0,0.9166551544143902,0.9913776944704781,0.987161094224924,0.9524981560365184,0.9988884969674972,4936.843,10,2026-09-18T18:11:20.653599+00:00
Qwen2.5-7B,belief_bank_facts,mlp,20,27416,belief_bank_facts,std,0,0,0,0,0,0,0.33870145615276004,0.0,0.01177565709756635,0.004102355881581897,0.001674283767547918,0.005816068336148651,0.00030436046443718207,4936.843,10,2026-09-18T18:11:20.653599+00:00
Qwen2.5-7B,belief_bank_facts,mlp,20,27416,belief_bank_constraints,2,4978,25686,2489,2489,10018,15668,2.5951,3585,0.4088725875469391,0.9347175084847275,0.4474811181188196,0.5688942891859052,0.6391462370541297,4052.379,10,2026-09-18T18:11:20.653599+00:00
Qwen2.5-7B,belief_bank_facts,mlp,20,27416,belief_bank_constraints,4,4978,25686,2489,2489,10018,15668,2.8532,3585,0.4963184410120135,0.8948891994410062,0.6048041734797166,0.6385100245717745,0.7587386678958727,4056.675,10,2026-09-18T18:11:20.653599+00:00
Qwen2.5-7B,belief_bank_facts,mlp,20,27416,belief_bank_constraints,24,4978,25686,2489,2489,10018,15668,2.763,3585,0.4812512841586193,0.9352166101018168,0.5815619403566145,0.6354880282167809,0.7969447628937303,4060.882,10,2026-09-18T18:11:20.653599+00:00
Qwen2.5-7B,belief_bank_facts,mlp,20,27416,belief_bank_constraints,42,4978,25686,2489,2489,10018,15668,2.6622,3585,0.526787519374621,0.7802954681573169,0.640932803862026,0.628957637687573,0.74791676361156,4065.016,10,2026-09-18T18:11:20.653599+00:00
Qwen2.5-7B,belief_bank_facts,mlp,20,27416,belief_bank_constraints,64,4978,25686,2489,2489,10018,15668,2.5917,3585,0.6733080328905756,0.6375524056697943,0.7379895663007086,0.6549425758818704,0.7788570947581563,4069.072,10,2026-09-18T18:11:20.653599+00:00
Qwen2.5-7B,belief_bank_facts,mlp,20,27416,belief_bank_constraints,67,4978,25686,2489,2489,10018,15668,3.0341,3585,0.4881308929561841,0.8785186664004792,0.5933193179163747,0.6275670279520822,0.7473708417521425,4073.574,10,2026-09-18T18:11:20.653599+00:00
Qwen2.5-7B,belief_bank_facts,mlp,20,27416,belief_bank_constraints,104,4978,25686,2489,2489,10018,15668,2.7221,3585,0.5693683299682722,0.3940906368536634,0.6474344000622907,0.465785747994337,0.6750191689679026,4077.754,10,2026-09-18T18:11:20.653599+00:00
Qwen2.5-7B,belief_bank_facts,mlp,20,27416,belief_bank_constraints,123,4978,25686,2489,2489,10018,15668,2.6923,3585,0.4780559338011941,0.9111599121581154,0.5773573152690181,0.6270953558669964,0.7556275905310701,4081.924,10,2026-09-18T18:11:20.653599+00:00
Qwen2.5-7B,belief_bank_facts,mlp,20,27416,belief_bank_constraints,420,4978,25686,2489,2489,10018,15668,2.6224,3585,0.4476427498121713,0.9515871431423438,0.523164369695554,0.6088650443890912,0.7799573672673844,4086.003,10,2026-09-18T18:11:20.653599+00:00
Qwen2.5-7B,belief_bank_facts,mlp,20,27416,belief_bank_constraints,511,4978,25686,2489,2489,10018,15668,2.582,3585,0.5843323111235015,0.8368935915352366,0.7041968387448415,0.6881720430107527,0.8168190160442886,4090.062,10,2026-09-18T18:11:20.653599+00:00
Qwen2.5-7B,belief_bank_facts,mlp,20,27416,belief_bank_constraints,mean,0,0,0,0,0,0,2.71181,3585.0,0.5154068082644091,0.81549211419445,0.6058241843805964,0.6144277774757163,0.7496397510776236,4936.843,10,2026-09-18T18:11:20.653599+00:00
Qwen2.5-7B,belief_bank_facts,mlp,20,27416,belief_bank_constraints,std,0,0,0,0,0,0,0.13502684510866725,0.0,0.0723439181030176,0.1665645969477267,0.0797311076947343,0.05731149460832096,0.05140762381897669,4936.843,10,2026-09-18T18:11:20.653599+00:00
Qwen2.5-7B,belief_bank_facts,mlp,20,27416,halu_eval,2,4978,10000,2489,2489,2812,7188,2.6488,3585,0.29097658480868077,0.36237553342816503,0.5724,0.32277478618942035,0.5126240707802081,4093.529,10,2026-09-18T18:11:20.653599+00:00
Qwen2.5-7B,belief_bank_facts,mlp,20,27416,halu_eval,4,4978,10000,2489,2489,2812,7188,2.8451,3585,0.2939687895402784,0.24786628733997154,0.6211,0.26895620297125217,0.5138615133013692,4097.144,10,2026-09-18T18:11:20.653599+00:00
Qwen2.5-7B,belief_bank_facts,mlp,20,27416,halu_eval,24,4978,10000,2489,2489,2812,7188,2.695,3585,0.0,0.0,0.7184,0.0,0.5123527556200432,4100.611,10,2026-09-18T18:11:20.653599+00:00
Qwen2.5-7B,belief_bank_facts,mlp,20,27416,halu_eval,42,4978,10000,2489,2489,2812,7188,2.6768,3585,0.28125,0.006401137980085348,0.716,0.012517385257301807,0.509801829111424,4104.094,10,2026-09-18T18:11:20.653599+00:00
Qwen2.5-7B,belief_bank_facts,mlp,20,27416,halu_eval,64,4978,10000,2489,2489,2812,7188,1.7467,3585,0.29528718703976436,0.2852062588904694,0.6076,0.2901591895803184,0.5115062810152213,4106.65,10,2026-09-18T18:11:20.653599+00:00
Qwen2.5-7B,belief_bank_facts,mlp,20,27416,halu_eval,67,4978,10000,2489,2489,2812,7188,2.1444,3585,0.2947409733124019,0.2670697012802276,0.6142,0.2802238805970149,0.5121476613464355,4109.572,10,2026-09-18T18:11:20.653599+00:00
Qwen2.5-7B,belief_bank_facts,mlp,20,27416,halu_eval,104,4978,10000,2489,2489,2812,7188,1.7665,3585,0.2982456140350877,0.01209103840682788,0.7142,0.02323991797676008,0.513210782392972,4112.127,10,2026-09-18T18:11:20.653599+00:00
Qwen2.5-7B,belief_bank_facts,mlp,20,27416,halu_eval,123,4978,10000,2489,2489,2812,7188,1.7957,3585,0.45454545454545453,0.0017780938833570413,0.7187,0.003542330853701736,0.5063821399819994,4114.707,10,2026-09-18T18:11:20.653599+00:00
Qwen2.5-7B,belief_bank_facts,mlp,20,27416,halu_eval,420,4978,10000,2489,2489,2812,7188,1.7864,3585,0.282319391634981,0.10561877667140825,0.673,0.15372670807453417,0.5054311021767748,4117.289,10,2026-09-18T18:11:20.653599+00:00
Qwen2.5-7B,belief_bank_facts,mlp,20,27416,halu_eval,511,4978,10000,2489,2489,2812,7188,1.6786,3585,0.29404761904761906,0.2635135135135135,0.615,0.2779444861215304,0.5119263643531062,4119.776,10,2026-09-18T18:11:20.653599+00:00
Qwen2.5-7B,belief_bank_facts,mlp,20,27416,halu_eval,mean,0,0,0,0,0,0,2.1784,3585.0,0.27853816139642673,0.15519203413940258,0.6570600000000001,0.16330848876218343,0.5109244500079555,4936.843,10,2026-09-18T18:11:20.653599+00:00
Qwen2.5-7B,belief_bank_facts,mlp,20,27416,halu_eval,std,0,0,0,0,0,0,0.45696268994306305,0.0,0.10495167124372037,0.13614768145688566,0.0539145842977575,0.13196079729341317,0.002714604176550906,4936.843,10,2026-09-18T18:11:20.653599+00:00
Qwen2.5-7B,belief_bank_facts,mlp,21,27416,belief_bank_facts,2,4978,8225,2489,2489,1067,7158,1.6921,3585,0.9088564058469476,0.9906279287722587,0.9858966565349544,0.9479820627802691,0.9986506207589676,4123.008,10,2026-09-18T18:11:20.653599+00:00
Qwen2.5-7B,belief_bank_facts,mlp,21,27416,belief_bank_facts,4,4978,8225,2489,2489,1067,7158,2.0133,3585,0.9205933682373473,0.9887535145267105,0.9874772036474164,0.9534568459105287,0.9991721206150739,4125.778,10,2026-09-18T18:11:20.653599+00:00
Qwen2.5-7B,belief_bank_facts,mlp,21,27416,belief_bank_facts,24,4978,8225,2489,2489,1067,7158,2.7234,3585,0.9175347222222222,0.9906279287722587,0.9872340425531915,0.9526813880126183,0.9991480292333206,4129.282,10,2026-09-18T18:11:20.653599+00:00
Qwen2.5-7B,belief_bank_facts,mlp,21,27416,belief_bank_facts,42,4978,8225,2489,2489,1067,7158,2.7351,3585,0.9052092228864219,0.993439550140581,0.9856534954407294,0.9472743521000894,0.9983993633590509,4132.801,10,2026-09-18T18:11:20.653599+00:00
Qwen2.5-7B,belief_bank_facts,mlp,21,27416,belief_bank_facts,64,4978,8225,2489,2489,1067,7158,3.0479,3585,0.9219982471516214,0.985941893158388,0.987355623100304,0.9528985507246377,0.9982377939835965,4136.633,10,2026-09-18T18:11:20.653599+00:00
Qwen2.5-7B,belief_bank_facts,mlp,21,27416,belief_bank_facts,67,4978,8225,2489,2489,1067,7158,2.9878,3585,0.9178910976663786,0.9953139643861293,0.9878419452887538,0.9550359712230215,0.9992182084758195,4140.407,10,2026-09-18T18:11:20.653599+00:00
Qwen2.5-7B,belief_bank_facts,mlp,21,27416,belief_bank_facts,104,4978,8225,2489,2489,1067,7158,2.8186,3585,0.9199303742384682,0.9906279287722587,0.9875987841945288,0.953971119133574,0.9986190662861276,4144.013,10,2026-09-18T18:11:20.653599+00:00
Qwen2.5-7B,belief_bank_facts,mlp,21,27416,belief_bank_facts,123,4978,8225,2489,2489,1067,7158,2.8912,3585,0.8805970149253731,0.9953139643861293,0.9818844984802432,0.9344478662560493,0.9985846313219909,4147.7,10,2026-09-18T18:11:20.653599+00:00
Qwen2.5-7B,belief_bank_facts,mlp,21,27416,belief_bank_facts,420,4978,8225,2489,2489,1067,7158,2.7188,3585,0.9157254561251086,0.9878163074039362,0.9866261398176291,0.9504057709648331,0.9978696148233224,4151.206,10,2026-09-18T18:11:20.653599+00:00
Qwen2.5-7B,belief_bank_facts,mlp,21,27416,belief_bank_facts,511,4978,8225,2489,2489,1067,7158,2.8075,3585,0.9175347222222222,0.9906279287722587,0.9872340425531915,0.9526813880126183,0.9989024018845746,4154.772,10,2026-09-18T18:11:20.653599+00:00
Qwen2.5-7B,belief_bank_facts,mlp,21,27416,belief_bank_facts,mean,0,0,0,0,0,0,2.64357,3585.0,0.912587063152211,0.9909090909090909,0.9864802431610942,0.9500835315118239,0.9986801850741844,4936.843,10,2026-09-18T18:11:20.653599+00:00
Qwen2.5-7B,belief_bank_facts,mlp,21,27416,belief_bank_facts,std,0,0,0,0,0,0,0.4151808956346619,0.0,0.01176966436520071,0.002905342080599802,0.0016783400779805354,0.00573870039870545,0.0004177395293727612,4936.843,10,2026-09-18T18:11:20.653599+00:00
Qwen2.5-7B,belief_bank_facts,mlp,21,27416,belief_bank_constraints,2,4978,25686,2489,2489,10018,15668,2.6591,3585,0.46955294117647056,0.49800359353164303,0.5847932725998598,0.48335997674756576,0.6164958537996427,4158.879,10,2026-09-18T18:11:20.653599+00:00
Qwen2.5-7B,belief_bank_facts,mlp,21,27416,belief_bank_constraints,4,4978,25686,2489,2489,10018,15668,2.9184,3585,0.5428074750108648,0.872729087642244,0.6636689247060655,0.6693205741626794,0.7799183196057665,4163.231,10,2026-09-18T18:11:20.653599+00:00
Qwen2.5-7B,belief_bank_facts,mlp,21,27416,belief_bank_constraints,24,4978,25686,2489,2489,10018,15668,2.6668,3585,0.6401900237529691,0.672589339189459,0.7248695787588569,0.6559898748965585,0.7820411897848616,4167.336,10,2026-09-18T18:11:20.653599+00:00
Qwen2.5-7B,belief_bank_facts,mlp,21,27416,belief_bank_constraints,42,4978,25686,2489,2489,10018,15668,2.7271,3585,0.560645941523796,0.7866839688560591,0.6763606633964027,0.6547040498442368,0.7608594675104343,4171.524,10,2026-09-18T18:11:20.653599+00:00
Qwen2.5-7B,belief_bank_facts,mlp,21,27416,belief_bank_constraints,64,4978,25686,2489,2489,10018,15668,3.1249,3585,0.5215719264511477,0.8664404072669195,0.6379350619014249,0.6511627906976745,0.804647632474464,4176.081,10,2026-09-18T18:11:20.653599+00:00
Qwen2.5-7B,belief_bank_facts,mlp,21,27416,belief_bank_constraints,67,4978,25686,2489,2489,10018,15668,2.9779,3585,0.6485148514851485,0.549211419444999,0.7080900101222456,0.5947465138903902,0.7617322646145287,4180.458,10,2026-09-18T18:11:20.653599+00:00
Qwen2.5-7B,belief_bank_facts,mlp,21,27416,belief_bank_constraints,104,4978,25686,2489,2489,10018,15668,2.7546,3585,0.4476795931341386,0.35146735875424234,0.5779412909756287,0.3937818039478835,0.6120317421492985,4184.63,10,2026-09-18T18:11:20.653599+00:00
Qwen2.5-7B,belief_bank_facts,mlp,21,27416,belief_bank_constraints,123,4978,25686,2489,2489,10018,15668,2.8972,3585,0.5055373845182762,0.8794170493112398,0.6174959121700537,0.6420112953179086,0.7612876092882187,4188.941,10,2026-09-18T18:11:20.653599+00:00
Qwen2.5-7B,belief_bank_facts,mlp,21,27416,belief_bank_constraints,420,4978,25686,2489,2489,10018,15668,1.8742,3585,0.5209603658536586,0.8187262926731883,0.6356770225025306,0.6367518049840851,0.7408734930686164,4192.274,10,2026-09-18T18:11:20.653599+00:00
Qwen2.5-7B,belief_bank_facts,mlp,21,27416,belief_bank_constraints,511,4978,25686,2489,2489,10018,15668,1.9033,3585,0.6801635195639478,0.6975444200439209,0.7541072958031613,0.6887443327419672,0.8213973718891393,4195.621,10,2026-09-18T18:11:20.653599+00:00
Qwen2.5-7B,belief_bank_facts,mlp,21,27416,belief_bank_constraints,mean,0,0,0,0,0,0,2.6503500000000004,3585.0,0.5537624022470418,0.6992812936713915,0.6580939032936229,0.6070573017230949,0.744128494418497,4936.843,10,2026-09-18T18:11:20.653599+00:00
Qwen2.5-7B,belief_bank_facts,mlp,21,27416,belief_bank_constraints,std,0,0,0,0,0,0,0.4053234196293128,0.0,0.07441441041896252,0.172367404858865,0.055584570248315354,0.08955554503196203,0.06854620405793299,4936.843,10,2026-09-18T18:11:20.653599+00:00
Qwen2.5-7B,belief_bank_facts,mlp,21,27416,halu_eval,2,4978,10000,2489,2489,2812,7188,1.6979,3585,0.27706422018348625,0.1073968705547653,0.6702,0.15479241414659148,0.502041047945406,4198.136,10,2026-09-18T18:11:20.653599+00:00
Qwen2.5-7B,belief_bank_facts,mlp,21,27416,halu_eval,4,4978,10000,2489,2489,2812,7188,2.0166,3585,0.30985915492957744,0.007823613086770981,0.7161,0.015261879986125564,0.4991156530838896,4200.937,10,2026-09-18T18:11:20.653599+00:00
Qwen2.5-7B,belief_bank_facts,mlp,21,27416,halu_eval,24,4978,10000,2489,2489,2812,7188,1.8281,3585,0.2857142857142857,0.0007112375533428165,0.7185,0.001418942887548776,0.49673719277664447,4203.55,10,2026-09-18T18:11:20.653599+00:00
Qwen2.5-7B,belief_bank_facts,mlp,21,27416,halu_eval,42,4978,10000,2489,2489,2812,7188,1.8232,3585,0.2545454545454545,0.004978662873399715,0.7161,0.009766306243460064,0.48663297886235235,4206.176,10,2026-09-18T18:11:20.653599+00:00
Qwen2.5-7B,belief_bank_facts,mlp,21,27416,halu_eval,64,4978,10000,2489,2489,2812,7188,2.1491,3585,0.3435114503816794,0.016002844950213372,0.7147,0.03058103975535168,0.4969342970067862,4209.137,10,2026-09-18T18:11:20.653599+00:00
Qwen2.5-7B,belief_bank_facts,mlp,21,27416,halu_eval,67,4978,10000,2489,2489,2812,7188,2.0855,3585,0.35,0.004978662873399715,0.7176,0.009817671809256662,0.4988423589655906,4211.995,10,2026-09-18T18:11:20.653599+00:00
Qwen2.5-7B,belief_bank_facts,mlp,21,27416,halu_eval,104,4978,10000,2489,2489,2812,7188,2.8129,3585,0.3269230769230769,0.01209103840682788,0.7152,0.023319615912208505,0.49733938973680647,4215.567,10,2026-09-18T18:11:20.653599+00:00
Qwen2.5-7B,belief_bank_facts,mlp,21,27416,halu_eval,123,4978,10000,2489,2489,2812,7188,2.8981,3585,0.2413793103448276,0.0024893314366998577,0.7173,0.004927842309046111,0.4936313664072648,4219.26,10,2026-09-18T18:11:20.653599+00:00
Qwen2.5-7B,belief_bank_facts,mlp,21,27416,halu_eval,420,4978,10000,2489,2489,2812,7188,2.7165,3585,0.27722772277227725,0.00995732574679943,0.7143,0.01922416752488843,0.49120647479480184,4222.781,10,2026-09-18T18:11:20.653599+00:00
Qwen2.5-7B,belief_bank_facts,mlp,21,27416,halu_eval,511,4978,10000,2489,2489,2812,7188,2.7982,3585,0.32075471698113206,0.03627311522048364,0.7074,0.06517571884984026,0.5000879646890543,4226.391,10,2026-09-18T18:11:20.653599+00:00
Qwen2.5-7B,belief_bank_facts,mlp,21,27416,halu_eval,mean,0,0,0,0,0,0,2.28261,3585.0,0.29869793927757976,0.020270270270270275,0.71074,0.033428559942431754,0.49625687242685973,4936.843,10,2026-09-18T18:11:20.653599+00:00
Qwen2.5-7B,belief_bank_facts,mlp,21,27416,halu_eval,std,0,0,0,0,0,0,0.44733547467197365,0.0,0.03518567204655209,0.030593964169989083,0.013822677020027629,0.04396981024448395,0.004357429319057236,4936.843,10,2026-09-18T18:11:20.653599+00:00
Qwen2.5-7B,belief_bank_facts,mlp,22,27416,belief_bank_facts,2,4978,8225,2489,2489,1067,7158,2.8532,3585,0.9001706484641638,0.9887535145267105,0.9843161094224924,0.9423849933005806,0.9987168720587892,4230.784,10,2026-09-18T18:11:20.653599+00:00
Qwen2.5-7B,belief_bank_facts,mlp,22,27416,belief_bank_facts,4,4978,8225,2489,2489,1067,7158,2.9264,3585,0.9153713298791019,0.993439550140581,0.9872340425531915,0.952808988764045,0.9991311390798088,4234.475,10,2026-09-18T18:11:20.653599+00:00
Qwen2.5-7B,belief_bank_facts,mlp,22,27416,belief_bank_facts,24,4978,8225,2489,2489,1067,7158,2.8351,3585,0.918189730200174,0.9887535145267105,0.987112462006079,0.9521660649819494,0.9991545758044492,4238.069,10,2026-09-18T18:11:20.653599+00:00
Qwen2.5-7B,belief_bank_facts,mlp,22,27416,belief_bank_facts,42,4978,8225,2489,2489,1067,7158,2.7474,3585,0.9127052722558341,0.9896907216494846,0.9863829787234043,0.9496402877697842,0.9983636190806886,4241.578,10,2026-09-18T18:11:20.653599+00:00
Qwen2.5-7B,belief_bank_facts,mlp,22,27416,belief_bank_facts,64,4978,8225,2489,2489,1067,7158,3.0392,3585,0.9159369527145359,0.9803186504217432,0.985775075987842,0.9470348574015391,0.998177565529213,4245.371,10,2026-09-18T18:11:20.653599+00:00
Qwen2.5-7B,belief_bank_facts,mlp,22,27416,belief_bank_facts,67,4978,8225,2489,2489,1067,7158,3.2485,3585,0.9305799648506151,0.9925023430178069,0.9894224924012158,0.9605442176870749,0.9993867172166703,4249.388,10,2026-09-18T18:11:20.653599+00:00
Qwen2.5-7B,belief_bank_facts,mlp,22,27416,belief_bank_facts,104,4978,8225,2489,2489,1067,7158,2.9385,3585,0.9328621908127208,0.9896907216494846,0.9894224924012158,0.9604365620736699,0.9989410266542333,4253.11,10,2026-09-18T18:11:20.653599+00:00
Qwen2.5-7B,belief_bank_facts,mlp,22,27416,belief_bank_facts,123,4978,8225,2489,2489,1067,7158,3.0188,3585,0.8854515050167224,0.9925023430178069,0.982370820668693,0.9359257622624835,0.9984899679034711,4256.907,10,2026-09-18T18:11:20.653599+00:00
Qwen2.5-7B,belief_bank_facts,mlp,22,27416,belief_bank_facts,420,4978,8225,2489,2489,1067,7158,3.1193,3585,0.9103448275862069,0.9896907216494846,0.9860182370820668,0.9483610237988325,0.9986533703188415,4260.813,10,2026-09-18T18:11:20.653599+00:00
Qwen2.5-7B,belief_bank_facts,mlp,22,27416,belief_bank_facts,511,4978,8225,2489,2489,1067,7158,2.8662,3585,0.9095607235142119,0.9896907216494846,0.9858966565349544,0.947935368043088,0.9989460020482912,4264.434,10,2026-09-18T18:11:20.653599+00:00
Qwen2.5-7B,belief_bank_facts,mlp,22,27416,belief_bank_facts,mean,0,0,0,0,0,0,2.95926,3585.0,0.9131173145294287,0.9895032802249297,0.9863951367781155,0.949723812608305,0.9987960855694455,4936.843,10,2026-09-18T18:11:20.653599+00:00
Qwen2.5-7B,belief_bank_facts,mlp,22,27416,belief_bank_facts,std,0,0,0,0,0,0,0.14174907548199386,0.0,0.012988778316857815,0.003451162631588008,0.002020908621120278,0.007098342917377539,0.00036373746951698496,4936.843,10,2026-09-18T18:11:20.653599+00:00
Qwen2.5-7B,belief_bank_facts,mlp,22,27416,belief_bank_constraints,2,4978,25686,2489,2489,10018,15668,2.783,3585,0.44102540372958215,0.9513875024955081,0.5107451530016351,0.6026747605046002,0.7278061284428902,4268.645,10,2026-09-18T18:11:20.653599+00:00
Qwen2.5-7B,belief_bank_facts,mlp,22,27416,belief_bank_constraints,4,4978,25686,2489,2489,10018,15668,2.9245,3585,0.6006611049897687,0.7618287083250149,0.7095694152456591,0.6717127266326351,0.7903243271123975,4273.003,10,2026-09-18T18:11:20.653599+00:00
Qwen2.5-7B,belief_bank_facts,mlp,22,27416,belief_bank_constraints,24,4978,25686,2489,2489,10018,15668,1.9975,3585,0.6559139784946236,0.7550409263326013,0.7499805341431129,0.7019953596287704,0.8215125207610727,4276.429,10,2026-09-18T18:11:20.653599+00:00
Qwen2.5-7B,belief_bank_facts,mlp,22,27416,belief_bank_constraints,42,4978,25686,2489,2489,10018,15668,1.8472,3585,0.6042892536388975,0.7790976242763027,0.7148641283189286,0.6806488183483038,0.7998312063050359,4279.729,10,2026-09-18T18:11:20.653599+00:00
Qwen2.5-7B,belief_bank_facts,mlp,22,27416,belief_bank_constraints,64,4978,25686,2489,2489,10018,15668,2.0636,3585,0.5955035474062471,0.6451387502495508,0.6906875340652495,0.6193282545158354,0.7381990499816694,4283.23,10,2026-09-18T18:11:20.653599+00:00
Qwen2.5-7B,belief_bank_facts,mlp,22,27416,belief_bank_constraints,67,4978,25686,2489,2489,10018,15668,2.3452,3585,0.6386084082981458,0.6944499900179677,0.7275558670092658,0.6653596021423106,0.7941627523865263,4287.034,10,2026-09-18T18:11:20.653599+00:00
Qwen2.5-7B,belief_bank_facts,mlp,22,27416,belief_bank_constraints,104,4978,25686,2489,2489,10018,15668,2.1053,3585,0.654296087131908,0.48572569375124774,0.6993303745230866,0.5575479805213406,0.7533375270441212,4290.612,10,2026-09-18T18:11:20.653599+00:00
Qwen2.5-7B,belief_bank_facts,mlp,22,27416,belief_bank_constraints,123,4978,25686,2489,2489,10018,15668,2.113,3585,0.5621828247544981,0.8514673587542424,0.6834462353032781,0.677225993410345,0.8144125995724927,4294.229,10,2026-09-18T18:11:20.653599+00:00
Qwen2.5-7B,belief_bank_facts,mlp,22,27416,belief_bank_constraints,420,4978,25686,2489,2489,10018,15668,2.1523,3585,0.5276236429433052,0.8732281892593332,0.6456435412286848,0.6577938190841417,0.7876198321703599,4297.839,10,2026-09-18T18:11:20.653599+00:00
Qwen2.5-7B,belief_bank_facts,mlp,22,27416,belief_bank_constraints,511,4978,25686,2489,2489,10018,15668,1.9796,3585,0.7755534620819595,0.32870832501497305,0.7010823016429183,0.4617218171620864,0.8043707183592382,4301.295,10,2026-09-18T18:11:20.653599+00:00
Qwen2.5-7B,belief_bank_facts,mlp,22,27416,belief_bank_constraints,mean,0,0,0,0,0,0,2.2311199999999998,3585.0,0.6055657713468936,0.7126073068476741,0.683290508448182,0.629600913195037,0.7831576662135804,4936.843,10,2026-09-18T18:11:20.653599+00:00
Qwen2.5-7B,belief_bank_facts,mlp,22,27416,belief_bank_constraints,std,0,0,0,0,0,0,0.3358057974484658,0.0,0.08369870853756106,0.17733495801755142,0.0631761150946811,0.06940279718856436,0.030565766356232378,4936.843,10,2026-09-18T18:11:20.653599+00:00
Qwen2.5-7B,belief_bank_facts,mlp,22,27416,halu_eval,2,4978,10000,2489,2489,2812,7188,2.849,3585,0.2722558340535869,0.1120199146514936,0.6661,0.15873015873015872,0.49454804455188867,4304.94,10,2026-09-18T18:11:20.653599+00:00
Qwen2.5-7B,belief_bank_facts,mlp,22,27416,halu_eval,4,4978,10000,2489,2489,2812,7188,2.9345,3585,0.28177641653905056,0.13086770981507823,0.6618,0.1787275376396309,0.49524394517969333,4308.693,10,2026-09-18T18:11:20.653599+00:00
Qwen2.5-7B,belief_bank_facts,mlp,22,27416,halu_eval,24,4978,10000,2489,2489,2812,7188,2.8438,3585,0.3333333333333333,0.0007112375533428165,0.7186,0.0014194464158978,0.4995056562581385,4312.355,10,2026-09-18T18:11:20.653599+00:00
Qwen2.5-7B,belief_bank_facts,mlp,22,27416,halu_eval,42,4978,10000,2489,2489,2812,7188,2.7472,3585,0.3076923076923077,0.011379800853485065,0.7148,0.02194787379972565,0.49851429718093454,4315.873,10,2026-09-18T18:11:20.653599+00:00
Qwen2.5-7B,belief_bank_facts,mlp,22,27416,halu_eval,64,4978,10000,2489,2489,2812,7188,3.0419,3585,0.2802208261945555,0.5234708392603129,0.4879,0.3650340979541227,0.4976383360999168,4319.687,10,2026-09-18T18:11:20.653599+00:00
Qwen2.5-7B,belief_bank_facts,mlp,22,27416,halu_eval,67,4978,10000,2489,2489,2812,7188,3.2349,3585,0.3026151930261519,0.0864153627311522,0.6871,0.13443983402489626,0.49681748900292966,4323.722,10,2026-09-18T18:11:20.653599+00:00
Qwen2.5-7B,belief_bank_facts,mlp,22,27416,halu_eval,104,4978,10000,2489,2489,2812,7188,2.9404,3585,0.28269298554811423,0.2852062588904694,0.5955,0.28394406089573376,0.503231317052049,4327.46,10,2026-09-18T18:11:20.653599+00:00
Qwen2.5-7B,belief_bank_facts,mlp,22,27416,halu_eval,123,4978,10000,2489,2489,2812,7188,3.0222,3585,0.32142857142857145,0.009601706970128023,0.7158,0.018646408839779006,0.4877465880782813,4331.295,10,2026-09-18T18:11:20.653599+00:00
Qwen2.5-7B,belief_bank_facts,mlp,22,27416,halu_eval,420,4978,10000,2489,2489,2812,7188,3.133,3585,0.3644067796610169,0.015291607396870554,0.7156,0.029351535836177476,0.502019477301746,4335.241,10,2026-09-18T18:11:20.653599+00:00
Qwen2.5-7B,belief_bank_facts,mlp,22,27416,halu_eval,511,4978,10000,2489,2489,2812,7188,2.8821,3585,0.30952380952380953,0.04623044096728307,0.7028,0.08044554455445545,0.4962535106717296,4338.936,10,2026-09-18T18:11:20.653599+00:00
Qwen2.5-7B,belief_bank_facts,mlp,22,27416,halu_eval,mean,0,0,0,0,0,0,2.9629000000000003,3585.0,0.3055946057000498,0.12211948790896159,0.6666000000000001,0.12726864986905778,0.4971518661377308,4936.843,10,2026-09-18T18:11:20.653599+00:00
Qwen2.5-7B,belief_bank_facts,mlp,22,27416,halu_eval,std,0,0,0,0,0,0,0.13935618393167923,0.0,0.027119793335163938,0.15683378318886643,0.06970779009551228,0.1163092024801832,0.004099813610230638,4936.843,10,2026-09-18T18:11:20.653599+00:00
Qwen2.5-7B,belief_bank_facts,mlp,23,27416,belief_bank_facts,2,4978,8225,2489,2489,1067,7158,2.4836,3585,0.9010238907849829,0.9896907216494846,0.9845592705167173,0.9432782492184011,0.9987439748632617,4343.174,10,2026-09-18T18:11:20.653599+00:00
Qwen2.5-7B,belief_bank_facts,mlp,23,27416,belief_bank_facts,4,4978,8225,2489,2489,1067,7158,2.9164,3585,0.918918918918919,0.9878163074039362,0.987112462006079,0.952122854561879,0.9991205336345804,4346.875,10,2026-09-18T18:11:20.653599+00:00
Qwen2.5-7B,belief_bank_facts,mlp,23,27416,belief_bank_facts,24,4978,8225,2489,2489,1067,7158,2.945,3585,0.9236842105263158,0.9868791002811621,0.9877203647416414,0.9542365201631173,0.9991382093766277,4350.579,10,2026-09-18T18:11:20.653599+00:00
Qwen2.5-7B,belief_bank_facts,mlp,23,27416,belief_bank_facts,42,4978,8225,2489,2489,1067,7158,2.7236,3585,0.9155172413793103,0.9953139643861293,0.9874772036474164,0.9537494387067804,0.9988496365212778,4354.049,10,2026-09-18T18:11:20.653599+00:00
Qwen2.5-7B,belief_bank_facts,mlp,23,27416,belief_bank_facts,64,4978,8225,2489,2489,1067,7158,2.788,3585,0.9079061685490878,0.979381443298969,0.9844376899696049,0.9422903516681695,0.9985065961941378,4357.629,10,2026-09-18T18:11:20.653599+00:00
Qwen2.5-7B,belief_bank_facts,mlp,23,27416,belief_bank_facts,67,4978,8225,2489,2489,1067,7158,2.9866,3585,0.9155900086132644,0.9962511715089035,0.9875987841945288,0.9542190305206463,0.9993059325289431,4361.355,10,2026-09-18T18:11:20.653599+00:00
Qwen2.5-7B,belief_bank_facts,mlp,23,27416,belief_bank_facts,104,4978,8225,2489,2489,1067,7158,1.8064,3585,0.9286971830985915,0.9887535145267105,0.9886930091185411,0.9577848388561053,0.9990540204719136,4363.905,10,2026-09-18T18:11:20.653599+00:00
Qwen2.5-7B,belief_bank_facts,mlp,23,27416,belief_bank_facts,123,4978,8225,2489,2489,1067,7158,2.0682,3585,0.8780082987551867,0.9915651358950328,0.9810334346504559,0.9313380281690141,0.9985135355595341,4366.74,10,2026-09-18T18:11:20.653599+00:00
Qwen2.5-7B,belief_bank_facts,mlp,23,27416,belief_bank_facts,420,4978,8225,2489,2489,1067,7158,1.8044,3585,0.9049657534246576,0.9906279287722587,0.9852887537993921,0.9458612975391499,0.9983828659998067,4369.322,10,2026-09-18T18:11:20.653599+00:00
Qwen2.5-7B,belief_bank_facts,mlp,23,27416,belief_bank_facts,511,4978,8225,2489,2489,1067,7158,1.7766,3585,0.910025706940874,0.9953139643861293,0.9866261398176291,0.9507609668755596,0.998908686592858,4371.888,10,2026-09-18T18:11:20.653599+00:00
Qwen2.5-7B,belief_bank_facts,mlp,23,27416,belief_bank_facts,mean,0,0,0,0,0,0,2.42988,3585.0,0.910433738099119,0.9901593252108716,0.9860547112462006,0.9485641576278823,0.9988523991742941,4936.843,10,2026-09-18T18:11:20.653599+00:00
Qwen2.5-7B,belief_bank_facts,mlp,23,27416,belief_bank_facts,std,0,0,0,0,0,0,0.4865115020223057,0.0,0.013453490864199513,0.004765032359469986,0.002150326502168221,0.007515970588083455,0.00029491161411248967,4936.843,10,2026-09-18T18:11:20.653599+00:00
Qwen2.5-7B,belief_bank_facts,mlp,23,27416,belief_bank_constraints,2,4978,25686,2489,2489,10018,15668,1.6466,3585,0.608324439701174,0.28448792174086646,0.6494977808923149,0.38767598449296065,0.6723535815261914,4375.038,10,2026-09-18T18:11:20.653599+00:00
Qwen2.5-7B,belief_bank_facts,mlp,23,27416,belief_bank_constraints,4,4978,25686,2489,2489,10018,15668,2.0034,3585,0.66158940397351,0.3988820123777201,0.6859767966985907,0.4976958525345622,0.7381437754650768,4378.541,10,2026-09-18T18:11:20.653599+00:00
Qwen2.5-7B,belief_bank_facts,mlp,23,27416,belief_bank_constraints,24,4978,25686,2489,2489,10018,15668,1.9779,3585,0.6853760140320105,0.3120383310041924,0.6758156194035662,0.42883599698196034,0.7450646023779612,4382.035,10,2026-09-18T18:11:20.653599+00:00
Qwen2.5-7B,belief_bank_facts,mlp,23,27416,belief_bank_constraints,42,4978,25686,2489,2489,10018,15668,1.8399,3585,0.5198637911464246,0.045717708125374325,0.6113447013937554,0.08404440774382971,0.7190743857890111,4385.361,10,2026-09-18T18:11:20.653599+00:00
Qwen2.5-7B,belief_bank_facts,mlp,23,27416,belief_bank_constraints,64,4978,25686,2489,2489,10018,15668,2.855,3585,0.6694162436548223,0.10531044120582951,0.6307716265670015,0.18199068483698463,0.7145851215578106,4389.65,10,2026-09-18T18:11:20.653599+00:00
Qwen2.5-7B,belief_bank_facts,mlp,23,27416,belief_bank_constraints,67,4978,25686,2489,2489,10018,15668,2.9883,3585,0.6,0.0350369335196646,0.6145371019232266,0.06620767707252664,0.6480386618867758,4394.083,10,2026-09-18T18:11:20.653599+00:00
Qwen2.5-7B,belief_bank_facts,mlp,23,27416,belief_bank_constraints,104,4978,25686,2489,2489,10018,15668,2.6476,3585,0.27287066246056785,0.03453783190257537,0.5875574242778168,0.06131490342016658,0.5547927567498747,4398.191,10,2026-09-18T18:11:20.653599+00:00
Qwen2.5-7B,belief_bank_facts,mlp,23,27416,belief_bank_constraints,123,4978,25686,2489,2489,10018,15668,2.9646,3585,0.5401801801801802,0.14963066480335396,0.618663863583275,0.2343469084655671,0.6396437331873346,4402.627,10,2026-09-18T18:11:20.653599+00:00
Qwen2.5-7B,belief_bank_facts,mlp,23,27416,belief_bank_constraints,420,4978,25686,2489,2489,10018,15668,2.7532,3585,0.6358192705498095,0.11659013775204631,0.6294090165849101,0.19704765921552087,0.7049997775258046,4406.863,10,2026-09-18T18:11:20.653599+00:00
Qwen2.5-7B,belief_bank_facts,mlp,23,27416,belief_bank_constraints,511,4978,25686,2489,2489,10018,15668,2.6632,3585,0.2579338284942606,0.038131363545617886,0.5820680526356771,0.06644056004869989,0.701575618061602,4411.025,10,2026-09-18T18:11:20.653599+00:00
Qwen2.5-7B,belief_bank_facts,mlp,23,27416,belief_bank_constraints,mean,0,0,0,0,0,0,2.43397,3585.0,0.545137383419276,0.1520363345977241,0.6285641983960135,0.22056006348127782,0.6838272014127442,4936.843,10,2026-09-18T18:11:20.653599+00:00
Qwen2.5-7B,belief_bank_facts,mlp,23,27416,belief_bank_constraints,std,0,0,0,0,0,0,0.48295643913297187,0.0,0.1487202994804195,0.12621217469574242,0.03226056230157361,0.15553596822472593,0.05446699708378527,4936.843,10,2026-09-18T18:11:20.653599+00:00
Qwen2.5-7B,belief_bank_facts,mlp,23,27416,halu_eval,2,4978,10000,2489,2489,2812,7188,2.489,3585,0.2816968541468065,0.6305120910384068,0.444,0.38941357346804306,0.5000665177302774,4414.342,10,2026-09-18T18:11:20.653599+00:00
Qwen2.5-7B,belief_bank_facts,mlp,23,27416,halu_eval,4,4978,10000,2489,2489,2812,7188,2.9119,3585,0.27903284894370495,0.8125889046941679,0.3569,0.4154167802927007,0.4899921366098547,4418.071,10,2026-09-18T18:11:20.653599+00:00
Qwen2.5-7B,belief_bank_facts,mlp,23,27416,halu_eval,24,4978,10000,2489,2489,2812,7188,2.9378,3585,0.2765877489665539,0.5234708392603129,0.481,0.36193754610277845,0.490746268080751,4421.843,10,2026-09-18T18:11:20.653599+00:00
Qwen2.5-7B,belief_bank_facts,mlp,23,27416,halu_eval,42,4978,10000,2489,2489,2812,7188,2.7488,3585,0.28104575163398693,0.06116642958748222,0.692,0.10046728971962617,0.49661405210675924,4425.423,10,2026-09-18T18:11:20.653599+00:00
Qwen2.5-7B,belief_bank_facts,mlp,23,27416,halu_eval,64,4978,10000,2489,2489,2812,7188,2.7813,3585,0.2732335537765402,0.27916073968705546,0.5885,0.27616534740545295,0.4948313324087641,4428.992,10,2026-09-18T18:11:20.653599+00:00
Qwen2.5-7B,belief_bank_facts,mlp,23,27416,halu_eval,67,4978,10000,2489,2489,2812,7188,2.9821,3585,0.2719056974459725,0.2460881934566145,0.6027,0.2583535560948292,0.49362021003078466,4432.758,10,2026-09-18T18:11:20.653599+00:00
Qwen2.5-7B,belief_bank_facts,mlp,23,27416,halu_eval,104,4978,10000,2489,2489,2812,7188,2.701,3585,0.27607076350093107,0.4217638691322902,0.5264,0.3337084974676421,0.49531800768785655,4436.243,10,2026-09-18T18:11:20.653599+00:00
Qwen2.5-7B,belief_bank_facts,mlp,23,27416,halu_eval,123,4978,10000,2489,2489,2812,7188,2.9528,3585,0.2765404602821084,0.2649359886201991,0.5984,0.2706138757718852,0.49051129153932077,4439.98,10,2026-09-18T18:11:20.653599+00:00
Qwen2.5-7B,belief_bank_facts,mlp,23,27416,halu_eval,420,4978,10000,2489,2489,2812,7188,2.7011,3585,0.27609108159392787,0.2069701280227596,0.6244,0.23658536585365852,0.4926750348890319,4443.466,10,2026-09-18T18:11:20.653599+00:00
Qwen2.5-7B,belief_bank_facts,mlp,23,27416,halu_eval,511,4978,10000,2489,2489,2812,7188,2.6705,3585,0.28142131979695434,0.49288762446657186,0.5035,0.358278402481582,0.49877450543857277,4446.921,10,2026-09-18T18:11:20.653599+00:00
Qwen2.5-7B,belief_bank_facts,mlp,23,27416,halu_eval,mean,0,0,0,0,0,0,2.78763,3585.0,0.2773626080087486,0.39395448079658607,0.5417799999999999,0.3000940234658198,0.49431493565219736,4936.843,10,2026-09-18T18:11:20.653599+00:00
Qwen2.5-7B,belief_bank_facts,mlp,23,27416,halu_eval,std,0,0,0,0,0,0,0.14917544067305452,0.0,0.0032094083493416545,0.21352956432401002,0.09361068101450817,0.0875702038658401,0.003295281796849335,4936.843,10,2026-09-18T18:11:20.653599+00:00
Qwen2.5-7B,belief_bank_facts,mlp,24,27416,belief_bank_facts,2,4978,8225,2489,2489,1067,7158,1.9797,3585,0.8963466440101954,0.9887535145267105,0.98370820668693,0.9402852049910874,0.9985885592646682,4450.56,10,2026-09-18T18:11:20.653599+00:00
Qwen2.5-7B,belief_bank_facts,mlp,24,27416,belief_bank_facts,4,4978,8225,2489,2489,1067,7158,2.0396,3585,0.916162489196197,0.993439550140581,0.987355623100304,0.9532374100719424,0.9992205652414258,4453.361,10,2026-09-18T18:11:20.653599+00:00
Qwen2.5-7B,belief_bank_facts,mlp,24,27416,belief_bank_facts,24,4978,8225,2489,2489,1067,7158,1.8579,3585,0.918848167539267,0.9868791002811621,0.9869908814589665,0.9516493447808405,0.9989784730410892,4455.978,10,2026-09-18T18:11:20.653599+00:00
Qwen2.5-7B,belief_bank_facts,mlp,24,27416,belief_bank_facts,42,4978,8225,2489,2489,1067,7158,1.9082,3585,0.9042735042735043,0.9915651358950328,0.9852887537993921,0.94590970049173,0.9988416497045008,4458.645,10,2026-09-18T18:11:20.653599+00:00
Qwen2.5-7B,belief_bank_facts,mlp,24,27416,belief_bank_facts,64,4978,8225,2489,2489,1067,7158,2.1803,3585,0.9080659150043365,0.9812558575445174,0.9846808510638297,0.9432432432432433,0.9986266603086368,4461.584,10,2026-09-18T18:11:20.653599+00:00
Qwen2.5-7B,belief_bank_facts,mlp,24,27416,belief_bank_facts,67,4978,8225,2489,2489,1067,7158,2.2609,3585,0.926251097453907,0.9887535145267105,0.9883282674772036,0.956482320942883,0.9992061627849428,4464.605,10,2026-09-18T18:11:20.653599+00:00
Qwen2.5-7B,belief_bank_facts,mlp,24,27416,belief_bank_facts,104,4978,8225,2489,2489,1067,7158,1.9189,3585,0.9269366197183099,0.9868791002811621,0.9882066869300912,0.9559691330004539,0.9988938913421073,4467.283,10,2026-09-18T18:11:20.653599+00:00
Qwen2.5-7B,belief_bank_facts,mlp,24,27416,belief_bank_facts,123,4978,8225,2489,2489,1067,7158,2.0898,3585,0.8807339449541285,0.9896907216494846,0.9812765957446808,0.9320388349514563,0.998365321189182,4470.13,10,2026-09-18T18:11:20.653599+00:00
Qwen2.5-7B,belief_bank_facts,mlp,24,27416,belief_bank_facts,420,4978,8225,2489,2489,1067,7158,2.7991,3585,0.9006849315068494,0.985941893158388,0.9840729483282675,0.9413870246085011,0.9984869564807519,4473.689,10,2026-09-18T18:11:20.653599+00:00
Qwen2.5-7B,belief_bank_facts,mlp,24,27416,belief_bank_facts,511,4978,8225,2489,2489,1067,7158,2.88,3585,0.9056603773584906,0.9896907216494846,0.9852887537993921,0.9458128078817734,0.998719097892973,4477.328,10,2026-09-18T18:11:20.653599+00:00
Qwen2.5-7B,belief_bank_facts,mlp,24,27416,belief_bank_facts,mean,0,0,0,0,0,0,2.1914399999999996,3585.0,0.9083963691015186,0.9882849109653234,0.9855197568389057,0.9466015024963912,0.9987927337250279,4936.843,10,2026-09-18T18:11:20.653599+00:00
Qwen2.5-7B,belief_bank_facts,mlp,24,27416,belief_bank_facts,std,0,0,0,0,0,0,0.34529496434208246,0.0,0.013514990376469726,0.0031713072756679693,0.002117352367862904,0.007392126012023517,0.0002742187354376057,4936.843,10,2026-09-18T18:11:20.653599+00:00
Qwen2.5-7B,belief_bank_facts,mlp,24,27416,belief_bank_constraints,2,4978,25686,2489,2489,10018,15668,2.8168,3585,0.5196993025994022,0.5727690157716111,0.6269173869033715,0.5449451540908875,0.6679820973766241,4481.596,10,2026-09-18T18:11:20.653599+00:00
Qwen2.5-7B,belief_bank_facts,mlp,24,27416,belief_bank_constraints,4,4978,25686,2489,2489,10018,15668,2.9172,3585,0.5489827014430403,0.6113994809343182,0.65253445456669,0.5785123966942148,0.6950559773617597,4485.962,10,2026-09-18T18:11:20.653599+00:00
Qwen2.5-7B,belief_bank_facts,mlp,24,27416,belief_bank_constraints,24,4978,25686,2489,2489,10018,15668,2.8067,3585,0.486138986452584,0.7737073268117388,0.5927742739235381,0.5971034589014714,0.692529945969606,4490.22,10,2026-09-18T18:11:20.653599+00:00
Qwen2.5-7B,belief_bank_facts,mlp,24,27416,belief_bank_constraints,42,4978,25686,2489,2489,10018,15668,2.7961,3585,0.6069937369519833,0.4643641445398283,0.6738301020010901,0.5261848207216379,0.6952544967182636,4494.463,10,2026-09-18T18:11:20.653599+00:00
Qwen2.5-7B,belief_bank_facts,mlp,24,27416,belief_bank_constraints,64,4978,25686,2489,2489,10018,15668,3.0178,3585,0.5277965121880721,0.5468157316829707,0.6324456902592852,0.5371378143844683,0.6538694162098726,4498.932,10,2026-09-18T18:11:20.653599+00:00
Qwen2.5-7B,belief_bank_facts,mlp,24,27416,belief_bank_constraints,67,4978,25686,2489,2489,10018,15668,3.1714,3585,0.5741255390512697,0.5980235575963266,0.6702094526201043,0.5858309294480027,0.7088055707028855,4503.566,10,2026-09-18T18:11:20.653599+00:00
Qwen2.5-7B,belief_bank_facts,mlp,24,27416,belief_bank_constraints,104,4978,25686,2489,2489,10018,15668,2.9101,3585,0.4769357495881384,0.17338790177680174,0.6034415634976251,0.2543191800878477,0.6363142717884422,4507.965,10,2026-09-18T18:11:20.653599+00:00
Qwen2.5-7B,belief_bank_facts,mlp,24,27416,belief_bank_constraints,123,4978,25686,2489,2489,10018,15668,2.9902,3585,0.5316364796936088,0.6651028149331204,0.6408549404344779,0.5909272316083544,0.6908531582136072,4512.446,10,2026-09-18T18:11:20.653599+00:00
Qwen2.5-7B,belief_bank_facts,mlp,24,27416,belief_bank_constraints,420,4978,25686,2489,2489,10018,15668,2.9493,3585,0.5142628632364703,0.5776602116190857,0.6224791715331309,0.5441211038503126,0.6692308006935486,4517.028,10,2026-09-18T18:11:20.653599+00:00
Qwen2.5-7B,belief_bank_facts,mlp,24,27416,belief_bank_constraints,511,4978,25686,2489,2489,10018,15668,3.0499,3585,0.6159188034188035,0.1150928329007786,0.6268784551895974,0.19394449116904963,0.6734781337936875,4521.764,10,2026-09-18T18:11:20.653599+00:00
Qwen2.5-7B,belief_bank_facts,mlp,24,27416,belief_bank_constraints,mean,0,0,0,0,0,0,2.9425499999999998,3585.0,0.5402490674623373,0.509832301856658,0.6342365490928911,0.4953026580956246,0.6783373868828296,4936.843,10,2026-09-18T18:11:20.653599+00:00
Qwen2.5-7B,belief_bank_facts,mlp,24,27416,belief_bank_constraints,std,0,0,0,0,0,0,0.11370422375620001,0.0,0.04434855924251939,0.1982027789639005,0.02481314541180468,0.13822734114012447,0.021048708815431562,4936.843,10,2026-09-18T18:11:20.653599+00:00
Qwen2.5-7B,belief_bank_facts,mlp,24,27416,halu_eval,2,4978,10000,2489,2489,2812,7188,3.0271,3585,0.2755102040816326,0.3840682788051209,0.5428,0.32085561497326204,0.4923493725911132,4525.695,10,2026-09-18T18:11:20.653599+00:00
Qwen2.5-7B,belief_bank_facts,mlp,24,27416,halu_eval,4,4978,10000,2489,2489,2812,7188,2.964,3585,0.27393225331369664,0.3307254623044097,0.5653,0.2996616723054616,0.4904789108368539,4529.512,10,2026-09-18T18:11:20.653599+00:00
Qwen2.5-7B,belief_bank_facts,mlp,24,27416,halu_eval,24,4978,10000,2489,2489,2812,7188,2.8391,3585,0.2813953488372093,0.0860597439544808,0.6812,0.1318082788671024,0.49345402702148594,4533.14,10,2026-09-18T18:11:20.653599+00:00
Qwen2.5-7B,belief_bank_facts,mlp,24,27416,halu_eval,42,4978,10000,2489,2489,2812,7188,2.7996,3585,0.2732919254658385,0.031294452347083924,0.7042,0.05615826419910657,0.4900669907012716,4536.73,10,2026-09-18T18:11:20.653599+00:00
Qwen2.5-7B,belief_bank_facts,mlp,24,27416,halu_eval,64,4978,10000,2489,2489,2812,7188,2.2113,3585,0.2623780267437658,0.2581792318634424,0.5873,0.26026169564438073,0.494453499827039,4539.729,10,2026-09-18T18:11:20.653599+00:00
Qwen2.5-7B,belief_bank_facts,mlp,24,27416,halu_eval,67,4978,10000,2489,2489,2812,7188,2.2724,3585,0.2685838307107976,0.17603129445234708,0.6335,0.21267454350161116,0.4893026428590087,4542.789,10,2026-09-18T18:11:20.653599+00:00
Qwen2.5-7B,belief_bank_facts,mlp,24,27416,halu_eval,104,4978,10000,2489,2489,2812,7188,2.0006,3585,0.2513888888888889,0.0643669985775249,0.683,0.10249150622876557,0.4910482818289689,4545.579,10,2026-09-18T18:11:20.653599+00:00
Qwen2.5-7B,belief_bank_facts,mlp,24,27416,halu_eval,123,4978,10000,2489,2489,2812,7188,2.1116,3585,0.271864406779661,0.1426031294452347,0.6515,0.18707721017028225,0.4931719265394909,4548.479,10,2026-09-18T18:11:20.653599+00:00
Qwen2.5-7B,belief_bank_facts,mlp,24,27416,halu_eval,420,4978,10000,2489,2489,2812,7188,1.8985,3585,0.2768729641693811,0.2720483641536273,0.5955,0.27443946188340806,0.49812246347041184,4551.168,10,2026-09-18T18:11:20.653599+00:00
Qwen2.5-7B,belief_bank_facts,mlp,24,27416,halu_eval,511,4978,10000,2489,2489,2812,7188,1.9894,3585,0.25465116279069766,0.07788051209103841,0.6766,0.119281045751634,0.49097063245918793,4553.944,10,2026-09-18T18:11:20.653599+00:00
Qwen2.5-7B,belief_bank_facts,mlp,24,27416,halu_eval,mean,0,0,0,0,0,0,2.4113599999999997,3585.0,0.26898690117815693,0.182325746799431,0.63209,0.19647092935250146,0.49234187481348324,4936.843,10,2026-09-18T18:11:20.653599+00:00
Qwen2.5-7B,belief_bank_facts,mlp,24,27416,halu_eval,std,0,0,0,0,0,0,0.42157180456002985,0.0,0.00932215609537999,0.11620869117503757,0.05323713835284539,0.08676309406659401,0.0024745998023090036,4936.843,10,2026-09-18T18:11:20.653599+00:00
Qwen2.5-7B,belief_bank_facts,mlp,25,27416,belief_bank_facts,2,4978,8225,2489,2489,1067,7158,1.9354,3585,0.9110535405872193,0.9887535145267105,0.9860182370820668,0.9483146067415731,0.998201787842389,4557.485,10,2026-09-18T18:11:20.653599+00:00
Qwen2.5-7B,belief_bank_facts,mlp,25,27416,belief_bank_facts,4,4978,8225,2489,2489,1067,7158,2.0853,3585,0.9130434782608695,0.9840674789128397,0.985775075987842,0.9472259810554804,0.9988042033176452,4560.325,10,2026-09-18T18:11:20.653599+00:00
Qwen2.5-7B,belief_bank_facts,mlp,25,27416,belief_bank_facts,24,4978,8225,2489,2489,1067,7158,3.0762,3585,0.9109766637856526,0.9878163074039362,0.9858966565349544,0.947841726618705,0.9986711769923114,4564.158,10,2026-09-18T18:11:20.653599+00:00
Qwen2.5-7B,belief_bank_facts,mlp,25,27416,belief_bank_facts,42,4978,8225,2489,2489,1067,7158,2.8759,3585,0.9064377682403434,0.9896907216494846,0.9854103343465046,0.946236559139785,0.9985790012708204,4567.788,10,2026-09-18T18:11:20.653599+00:00
Qwen2.5-7B,belief_bank_facts,mlp,25,27416,belief_bank_facts,64,4978,8225,2489,2489,1067,7158,2.9667,3585,0.9056277056277057,0.9803186504217432,0.98419452887538,0.9414941494149415,0.9982782517931713,4571.507,10,2026-09-18T18:11:20.653599+00:00
Qwen2.5-7B,belief_bank_facts,mlp,25,27416,belief_bank_facts,67,4978,8225,2489,2489,1067,7158,2.7255,3585,0.9176776429809359,0.9925023430178069,0.9874772036474164,0.9536244934714093,0.9988470178928264,4574.986,10,2026-09-18T18:11:20.653599+00:00
Qwen2.5-7B,belief_bank_facts,mlp,25,27416,belief_bank_facts,104,4978,8225,2489,2489,1067,7158,2.7056,3585,0.9211218229623137,0.9850046860356139,0.987112462006079,0.9519927536231884,0.99869094763712,4578.446,10,2026-09-18T18:11:20.653599+00:00
Qwen2.5-7B,belief_bank_facts,mlp,25,27416,belief_bank_facts,123,4978,8225,2489,2489,1067,7158,2.8063,3585,0.8720066061106524,0.9896907216494846,0.9798176291793314,0.9271290605794557,0.9982844055700321,4582.005,10,2026-09-18T18:11:20.653599+00:00
Qwen2.5-7B,belief_bank_facts,mlp,25,27416,belief_bank_facts,420,4978,8225,2489,2489,1067,7158,2.8965,3585,0.9047210300429185,0.9878163074039362,0.9849240121580547,0.9444444444444444,0.9986138290292247,4585.656,10,2026-09-18T18:11:20.653599+00:00
Qwen2.5-7B,belief_bank_facts,mlp,25,27416,belief_bank_facts,511,4978,8225,2489,2489,1067,7158,2.7557,3585,0.9032534246575342,0.9887535145267105,0.9848024316109423,0.9440715883668904,0.9987299652010466,4589.166,10,2026-09-18T18:11:20.653599+00:00
Qwen2.5-7B,belief_bank_facts,mlp,25,27416,belief_bank_facts,mean,0,0,0,0,0,0,2.68291,3585.0,0.9065919683256144,0.9874414245548266,0.9851428571428572,0.9452375363455874,0.9985700586546586,4936.843,10,2026-09-18T18:11:20.653599+00:00
Qwen2.5-7B,belief_bank_facts,mlp,25,27416,belief_bank_facts,std,0,0,0,0,0,0,0.35451949861749493,0.0,0.012753466837425344,0.0032788857890414247,0.0020138378097816993,0.006936096943842776,0.00022052379624213855,4936.843,10,2026-09-18T18:11:20.653599+00:00
Qwen2.5-7B,belief_bank_facts,mlp,25,27416,belief_bank_constraints,2,4978,25686,2489,2489,10018,15668,2.8457,3585,0.5926656151419558,0.6001197843881014,0.6831737133068597,0.5963694077968456,0.7309774178243267,4593.467,10,2026-09-18T18:11:20.653599+00:00
Qwen2.5-7B,belief_bank_facts,mlp,25,27416,belief_bank_constraints,4,4978,25686,2489,2489,10018,15668,2.9666,3585,0.5967074317968015,0.6331603114394091,0.6900256949310909,0.6143936458736924,0.7427502718746797,4597.883,10,2026-09-18T18:11:20.653599+00:00
Qwen2.5-7B,belief_bank_facts,mlp,25,27416,belief_bank_constraints,24,4978,25686,2489,2489,10018,15668,3.0364,3585,0.69396803173492,0.5937312836893591,0.739430039710348,0.6399483565549519,0.7868562461962136,4602.37,10,2026-09-18T18:11:20.653599+00:00
Qwen2.5-7B,belief_bank_facts,mlp,25,27416,belief_bank_constraints,42,4978,25686,2489,2489,10018,15668,2.886,3585,0.6075524475524475,0.6504292273906968,0.699797555088375,0.6282601359494769,0.7429569651828648,4606.706,10,2026-09-18T18:11:20.653599+00:00
Qwen2.5-7B,belief_bank_facts,mlp,25,27416,belief_bank_constraints,64,4978,25686,2489,2489,10018,15668,2.9563,3585,0.524343964473153,0.6482331802755041,0.6334579148174103,0.5797437843146007,0.6797595767495965,4611.113,10,2026-09-18T18:11:20.653599+00:00
Qwen2.5-7B,belief_bank_facts,mlp,25,27416,belief_bank_constraints,67,4978,25686,2489,2489,10018,15668,2.7151,3585,0.712168615181953,0.43172289878219205,0.7103091178073658,0.5375675843639302,0.7328810375177119,4615.279,10,2026-09-18T18:11:20.653599+00:00
Qwen2.5-7B,belief_bank_facts,mlp,25,27416,belief_bank_constraints,104,4978,25686,2489,2489,10018,15668,2.7048,3585,0.7588325652841782,0.0986224795368337,0.6362220664953672,0.1745583038869258,0.720666700883011,4619.438,10,2026-09-18T18:11:20.653599+00:00
Qwen2.5-7B,belief_bank_facts,mlp,25,27416,belief_bank_constraints,123,4978,25686,2489,2489,10018,15668,2.7955,3585,0.5595203558650034,0.5775603912956678,0.6579070310675076,0.5683972690210718,0.6851681142949584,4623.682,10,2026-09-18T18:11:20.653599+00:00
Qwen2.5-7B,belief_bank_facts,mlp,25,27416,belief_bank_constraints,420,4978,25686,2489,2489,10018,15668,2.0058,3585,0.5108355254916698,0.8141345577959672,0.6234524643774819,0.6277709359605911,0.7710687013057376,4627.147,10,2026-09-18T18:11:20.653599+00:00
Qwen2.5-7B,belief_bank_facts,mlp,25,27416,belief_bank_constraints,511,4978,25686,2489,2489,10018,15668,1.8842,3585,0.962135922330097,0.09892194050708725,0.6470450829245503,0.17939898624185374,0.8379344547697729,4630.493,10,2026-09-18T18:11:20.653599+00:00
Qwen2.5-7B,belief_bank_facts,mlp,25,27416,belief_bank_constraints,mean,0,0,0,0,0,0,2.67964,3585.0,0.6518730474852179,0.5146636055100818,0.6720820680526357,0.514640840996394,0.7431019486598873,4936.843,10,2026-09-18T18:11:20.653599+00:00
Qwen2.5-7B,belief_bank_facts,mlp,25,27416,belief_bank_constraints,std,0,0,0,0,0,0,0.3818931766868846,0.0,0.12896056885284407,0.22590228622638733,0.03630508057730676,0.17138755273065495,0.04451215966128362,4936.843,10,2026-09-18T18:11:20.653599+00:00
Qwen2.5-7B,belief_bank_facts,mlp,25,27416,halu_eval,2,4978,10000,2489,2489,2812,7188,1.9578,3585,0.2769261799112545,0.48826458036984355,0.4976,0.3534105534105534,0.49639859303992506,4633.242,10,2026-09-18T18:11:20.653599+00:00
Qwen2.5-7B,belief_bank_facts,mlp,25,27416,halu_eval,4,4978,10000,2489,2489,2812,7188,2.1077,3585,0.2761568481694852,0.5284495021337127,0.4779,0.36274868790430853,0.49583117626896733,4636.149,10,2026-09-18T18:11:20.653599+00:00
Qwen2.5-7B,belief_bank_facts,mlp,25,27416,halu_eval,24,4978,10000,2489,2489,2812,7188,2.1472,3585,0.2739294710327456,0.30938833570412516,0.5752,0.2905811623246493,0.49061647316414037,4639.1,10,2026-09-18T18:11:20.653599+00:00
Qwen2.5-7B,belief_bank_facts,mlp,25,27416,halu_eval,42,4978,10000,2489,2489,2812,7188,2.0428,3585,0.2778348749571771,0.2884068278805121,0.5891,0.2830221601814692,0.49915909121492985,4641.997,10,2026-09-18T18:11:20.653599+00:00
Qwen2.5-7B,belief_bank_facts,mlp,25,27416,halu_eval,64,4978,10000,2489,2489,2812,7188,2.1179,3585,0.28099696356275305,0.7898293029871978,0.3726,0.4145203434117208,0.502932420162892,4644.976,10,2026-09-18T18:11:20.653599+00:00
Qwen2.5-7B,belief_bank_facts,mlp,25,27416,halu_eval,67,4978,10000,2489,2489,2812,7188,1.8455,3585,0.28106239767145713,0.5494310099573257,0.4781,0.37188590684799616,0.5005604656805123,4647.652,10,2026-09-18T18:11:20.653599+00:00
Qwen2.5-7B,belief_bank_facts,mlp,25,27416,halu_eval,104,4978,10000,2489,2489,2812,7188,2.7731,3585,0.2787902287708414,0.5113798008534851,0.4906,0.36085319949811795,0.5000476928910282,4651.257,10,2026-09-18T18:11:20.653599+00:00
Qwen2.5-7B,belief_bank_facts,mlp,25,27416,halu_eval,123,4978,10000,2489,2489,2812,7188,2.8126,3585,0.27257799671592775,0.3541963015647226,0.5526,0.30807299721620784,0.49180251224777183,4654.888,10,2026-09-18T18:11:20.653599+00:00
Qwen2.5-7B,belief_bank_facts,mlp,25,27416,halu_eval,420,4978,10000,2489,2489,2812,7188,2.8934,3585,0.27938826751883133,0.8705547652916074,0.3322,0.4230171073094868,0.4994010188468057,4658.572,10,2026-09-18T18:11:20.653599+00:00
Qwen2.5-7B,belief_bank_facts,mlp,25,27416,halu_eval,511,4978,10000,2489,2489,2812,7188,2.7827,3585,0.28544423440453687,0.2147937411095306,0.628,0.24512987012987014,0.502028135243582,4662.146,10,2026-09-18T18:11:20.653599+00:00
Qwen2.5-7B,belief_bank_facts,mlp,25,27416,halu_eval,mean,0,0,0,0,0,0,2.34807,3585.0,0.278310746271501,0.4904694167852062,0.49939,0.341324198823438,0.4978777578760554,4936.843,10,2026-09-18T18:11:20.653599+00:00
Qwen2.5-7B,belief_bank_facts,mlp,25,27416,halu_eval,std,0,0,0,0,0,0,0.39139601952498193,0.0,0.003548347530115021,0.20189833166363053,0.08842546522354294,0.055031691040588984,0.00393260996500863,4936.843,10,2026-09-18T18:11:20.653599+00:00
Qwen2.5-7B,belief_bank_facts,mlp,26,27416,belief_bank_facts,2,4978,8225,2489,2489,1067,7158,3.1012,3585,0.8783333333333333,0.9878163074039362,0.9806686930091185,0.9298632554036171,0.9976565893987969,4666.757,10,2026-09-18T18:11:20.653599+00:00
Qwen2.5-7B,belief_bank_facts,mlp,26,27416,belief_bank_facts,4,4978,8225,2489,2489,1067,7158,3.3434,3585,0.9010238907849829,0.9896907216494846,0.9845592705167173,0.9432782492184011,0.9989006997760811,4670.857,10,2026-09-18T18:11:20.653599+00:00
Qwen2.5-7B,belief_bank_facts,mlp,26,27416,belief_bank_facts,24,4978,8225,2489,2489,1067,7158,3.3834,3585,0.9032534246575342,0.9887535145267105,0.9848024316109423,0.9440715883668904,0.9982197254472814,4674.999,10,2026-09-18T18:11:20.653599+00:00
Qwen2.5-7B,belief_bank_facts,mlp,26,27416,belief_bank_facts,42,4978,8225,2489,2489,1067,7158,3.0309,3585,0.8954468802698144,0.9953139643861293,0.9843161094224924,0.9427430093209055,0.9984836831951875,4678.786,10,2026-09-18T18:11:20.653599+00:00
Qwen2.5-7B,belief_bank_facts,mlp,26,27416,belief_bank_facts,64,4978,8225,2489,2489,1067,7158,3.2522,3585,0.8990509059534081,0.9765698219306467,0.9827355623100303,0.9362084456424079,0.9977470630117946,4682.797,10,2026-09-18T18:11:20.653599+00:00
Qwen2.5-7B,belief_bank_facts,mlp,26,27416,belief_bank_facts,67,4978,8225,2489,2489,1067,7158,3.4839,3585,0.9110535405872193,0.9887535145267105,0.9860182370820668,0.9483146067415731,0.9986844010659913,4687.039,10,2026-09-18T18:11:20.653599+00:00
Qwen2.5-7B,belief_bank_facts,mlp,26,27416,belief_bank_facts,104,4978,8225,2489,2489,1067,7158,3.4944,3585,0.9265486725663716,0.9812558575445174,0.9874772036474164,0.9531178880291307,0.9985812271050042,4691.29,10,2026-09-18T18:11:20.653599+00:00
Qwen2.5-7B,belief_bank_facts,mlp,26,27416,belief_bank_facts,123,4978,8225,2489,2489,1067,7158,3.0915,3585,0.875,0.9906279287722587,0.9804255319148936,0.9292307692307692,0.9976403539023979,4695.139,10,2026-09-18T18:11:20.653599+00:00
Qwen2.5-7B,belief_bank_facts,mlp,26,27416,belief_bank_facts,420,4978,8225,2489,2489,1067,7158,3.1316,3585,0.8871103622577927,0.9868791002811621,0.9820060790273556,0.9343389529724934,0.9976538398389229,4699.031,10,2026-09-18T18:11:20.653599+00:00
Qwen2.5-7B,belief_bank_facts,mlp,26,27416,belief_bank_facts,511,4978,8225,2489,2489,1067,7158,2.9705,3585,0.8938879456706282,0.9868791002811621,0.9831003039513678,0.9380846325167038,0.9984948123661063,4702.757,10,2026-09-18T18:11:20.653599+00:00
Qwen2.5-7B,belief_bank_facts,mlp,26,27416,belief_bank_facts,mean,0,0,0,0,0,0,3.2283,3585.0,0.8970708956081085,0.9872539831302717,0.9836109422492401,0.9399251397442893,0.9982062395107564,4936.843,10,2026-09-18T18:11:20.653599+00:00
Qwen2.5-7B,belief_bank_facts,mlp,26,27416,belief_bank_facts,std,0,0,0,0,0,0,0.17990634785910148,0.0,0.01439592117923412,0.004873477038425484,0.0021439584141186357,0.00738123549142297,0.00046371226123359207,4936.843,10,2026-09-18T18:11:20.653599+00:00
Qwen2.5-7B,belief_bank_facts,mlp,26,27416,belief_bank_constraints,2,4978,25686,2489,2489,10018,15668,3.1107,3585,0.4304465556014503,0.9362148133359952,0.4919800669625477,0.5897443958876977,0.7002823944217234,4707.329,10,2026-09-18T18:11:20.653599+00:00
Qwen2.5-7B,belief_bank_facts,mlp,26,27416,belief_bank_constraints,4,4978,25686,2489,2489,10018,15668,3.3323,3585,0.6060938786714246,0.6612098223198243,0.7002647356536634,0.6324533346063875,0.7574533761108994,4712.119,10,2026-09-18T18:11:20.653599+00:00
Qwen2.5-7B,belief_bank_facts,mlp,26,27416,belief_bank_constraints,24,4978,25686,2489,2489,10018,15668,2.5047,3585,0.5176864244741873,0.8648432820922339,0.6330296659658958,0.6476788517604845,0.7849511994060423,4716.082,10,2026-09-18T18:11:20.653599+00:00
Qwen2.5-7B,belief_bank_facts,mlp,26,27416,belief_bank_constraints,42,4978,25686,2489,2489,10018,15668,2.1587,3585,0.4464004579934163,0.9340187662208026,0.5225025305613953,0.6040866393363246,0.7626231106703873,4719.696,10,2026-09-18T18:11:20.653599+00:00
Qwen2.5-7B,belief_bank_facts,mlp,26,27416,belief_bank_constraints,64,4978,25686,2489,2489,10018,15668,2.3703,3585,0.4217658168083097,0.891694949091635,0.48096239196449425,0.5726649144175908,0.6797559580398886,4723.522,10,2026-09-18T18:11:20.653599+00:00
Qwen2.5-7B,belief_bank_facts,mlp,26,27416,belief_bank_constraints,67,4978,25686,2489,2489,10018,15668,2.6318,3585,0.4413743043793854,0.9104611698941905,0.5156505489371642,0.5945311736140534,0.716547360525881,4727.611,10,2026-09-18T18:11:20.653599+00:00
Qwen2.5-7B,belief_bank_facts,mlp,26,27416,belief_bank_constraints,104,4978,25686,2489,2489,10018,15668,2.602,3585,0.4947527570259694,0.5553004591734877,0.6053881491863272,0.5232809707459317,0.6217900388440455,4731.67,10,2026-09-18T18:11:20.653599+00:00
Qwen2.5-7B,belief_bank_facts,mlp,26,27416,belief_bank_constraints,123,4978,25686,2489,2489,10018,15668,2.2095,3585,0.4123102139406487,0.9541824715512078,0.45168574320641597,0.5758086862237215,0.667939227134329,4735.337,10,2026-09-18T18:11:20.653599+00:00
Qwen2.5-7B,belief_bank_facts,mlp,26,27416,belief_bank_constraints,420,4978,25686,2489,2489,10018,15668,2.2594,3585,0.49344405594405594,0.7888800159712518,0.6018064315191155,0.6071291388184682,0.7169913851263794,4739.054,10,2026-09-18T18:11:20.653599+00:00
Qwen2.5-7B,belief_bank_facts,mlp,26,27416,belief_bank_constraints,511,4978,25686,2489,2489,10018,15668,2.0881,3585,0.753757225433526,0.3254142543421841,0.6954372031456825,0.4545771456459597,0.7707623851741361,4742.602,10,2026-09-18T18:11:20.653599+00:00
Qwen2.5-7B,belief_bank_facts,mlp,26,27416,belief_bank_constraints,mean,0,0,0,0,0,0,2.5267500000000003,3585.0,0.5018031690272374,0.7822220003992812,0.5698707467102702,0.5801955251056621,0.7179096435453711,4936.843,10,2026-09-18T18:11:20.653599+00:00
Qwen2.5-7B,belief_bank_facts,mlp,26,27416,belief_bank_constraints,std,0,0,0,0,0,0,0.39135246070518076,0.0,0.10047741072234052,0.1965800891775418,0.08494873547897056,0.0528894818249875,0.049351927018658655,4936.843,10,2026-09-18T18:11:20.653599+00:00
Qwen2.5-7B,belief_bank_facts,mlp,26,27416,halu_eval,2,4978,10000,2489,2489,2812,7188,3.1527,3585,0.27893809763462507,0.7884068278805121,0.3674,0.4120817843866171,0.5017301783595387,4746.539,10,2026-09-18T18:11:20.653599+00:00
Qwen2.5-7B,belief_bank_facts,mlp,26,27416,halu_eval,4,4978,10000,2489,2489,2812,7188,3.345,3585,0.28615863141524106,0.06543385490753911,0.6913,0.1065123010130246,0.5049768818110791,4750.666,10,2026-09-18T18:11:20.653599+00:00
Qwen2.5-7B,belief_bank_facts,mlp,26,27416,halu_eval,24,4978,10000,2489,2489,2812,7188,3.3855,3585,0.28689883913764513,0.06152204836415363,0.6931,0.10131771595900439,0.5040092949684594,4754.835,10,2026-09-18T18:11:20.653599+00:00
Qwen2.5-7B,belief_bank_facts,mlp,26,27416,halu_eval,42,4978,10000,2489,2489,2812,7188,3.0534,3585,0.3203125,0.043741109530583216,0.705,0.0769712140175219,0.49963394221917196,4758.672,10,2026-09-18T18:11:20.653599+00:00
Qwen2.5-7B,belief_bank_facts,mlp,26,27416,halu_eval,64,4978,10000,2489,2489,2812,7188,3.2347,3585,0.2824547600314713,0.5106685633001422,0.4976,0.3637284701114488,0.5006387334747101,4762.69,10,2026-09-18T18:11:20.653599+00:00
Qwen2.5-7B,belief_bank_facts,mlp,26,27416,halu_eval,67,4978,10000,2489,2489,2812,7188,3.4967,3585,0.2846961740435109,0.5398293029871978,0.4892,0.37278978388998035,0.5005641762270134,4766.97,10,2026-09-18T18:11:20.653599+00:00
Qwen2.5-7B,belief_bank_facts,mlp,26,27416,halu_eval,104,4978,10000,2489,2489,2812,7188,3.4966,3585,0.2800170612070804,0.466927453769559,0.5125,0.35008665511265163,0.503746143010597,4771.249,10,2026-09-18T18:11:20.653599+00:00
Qwen2.5-7B,belief_bank_facts,mlp,26,27416,halu_eval,123,4978,10000,2489,2489,2812,7188,3.0735,3585,0.28634361233480177,0.09246088193456614,0.68,0.13978494623655913,0.5074005613116852,4775.107,10,2026-09-18T18:11:20.653599+00:00
Qwen2.5-7B,belief_bank_facts,mlp,26,27416,halu_eval,420,4978,10000,2489,2489,2812,7188,3.1636,3585,0.28217054263565894,0.1941678520625889,0.6345,0.23004002527912365,0.5022650660061696,4779.053,10,2026-09-18T18:11:20.653599+00:00
Qwen2.5-7B,belief_bank_facts,mlp,26,27416,halu_eval,511,4978,10000,2489,2489,2812,7188,2.973,3585,0.27680525164113784,0.17994310099573257,0.6372,0.21810344827586206,0.49852087721673,4782.809,10,2026-09-18T18:11:20.653599+00:00
Qwen2.5-7B,belief_bank_facts,mlp,26,27416,halu_eval,mean,0,0,0,0,0,0,3.2374700000000005,3585.0,0.28647954700811723,0.2943100995732575,0.59078,0.23714163442817937,0.5023485854605154,4936.843,10,2026-09-18T18:11:20.653599+00:00
Qwen2.5-7B,belief_bank_facts,mlp,26,27416,halu_eval,std,0,0,0,0,0,0,0.17640488683707153,0.0,0.011726644871160857,0.24783660134359276,0.10985158897348732,0.12200131739332276,0.0025624066066460126,4936.843,10,2026-09-18T18:11:20.653599+00:00
Qwen2.5-7B,belief_bank_facts,mlp,27,27416,belief_bank_facts,2,4978,8225,2489,2489,1067,7158,4.2491,3585,0.8418940609951846,0.9831302717900656,0.9738601823708206,0.9070471249459576,0.9969567609451468,4788.558,10,2026-09-18T18:11:20.653599+00:00
Qwen2.5-7B,belief_bank_facts,mlp,27,27416,belief_bank_facts,4,4978,8225,2489,2489,1067,7158,4.7321,3585,0.8802698145025295,0.9784442361761949,0.9799392097264438,0.9267643142476698,0.9974607159906285,4794.039,10,2026-09-18T18:11:20.653599+00:00
Qwen2.5-7B,belief_bank_facts,mlp,27,27416,belief_bank_facts,24,4978,8225,2489,2489,1067,7158,4.309,3585,0.8697095435684647,0.9821930646672915,0.9786018237082067,0.9225352112676056,0.9968825228285482,4799.095,10,2026-09-18T18:11:20.653599+00:00
Qwen2.5-7B,belief_bank_facts,mlp,27,27416,belief_bank_facts,42,4978,8225,2489,2489,1067,7158,3.9871,3585,0.8776019983347211,0.9878163074039362,0.9805471124620061,0.9294532627865961,0.9979179285182518,4803.832,10,2026-09-18T18:11:20.653599+00:00
Qwen2.5-7B,belief_bank_facts,mlp,27,27416,belief_bank_facts,64,4978,8225,2489,2489,1067,7158,4.1686,3585,0.8608119304059652,0.9737582005623243,0.9761702127659575,0.9138082673702727,0.9962256398815018,4808.749,10,2026-09-18T18:11:20.653599+00:00
Qwen2.5-7B,belief_bank_facts,mlp,27,27416,belief_bank_facts,67,4978,8225,2489,2489,1067,7158,5.004,3585,0.8758333333333334,0.9850046860356139,0.9799392097264438,0.9272165857962065,0.9977795340045925,4814.499,10,2026-09-18T18:11:20.653599+00:00
Qwen2.5-7B,belief_bank_facts,mlp,27,27416,belief_bank_facts,104,4978,8225,2489,2489,1067,7158,3.1572,3585,0.8920308483290489,0.9756326148078726,0.9815197568389058,0.9319606087735004,0.9965386969128728,4818.406,10,2026-09-18T18:11:20.653599+00:00
Qwen2.5-7B,belief_bank_facts,mlp,27,27416,belief_bank_facts,123,4978,8225,2489,2489,1067,7158,3.1037,3585,0.8281004709576139,0.9887535145267105,0.9719148936170213,0.9013242204186245,0.9964143120614288,4822.259,10,2026-09-18T18:11:20.653599+00:00
Qwen2.5-7B,belief_bank_facts,mlp,27,27416,belief_bank_facts,420,4978,8225,2489,2489,1067,7158,3.7544,3585,0.8587848932676518,0.9803186504217432,0.9765349544072949,0.9155361050328228,0.9973534831555415,4826.76,10,2026-09-18T18:11:20.653599+00:00
Qwen2.5-7B,belief_bank_facts,mlp,27,27416,belief_bank_facts,511,4978,8225,2489,2489,1067,7158,3.0704,3585,0.8639736191261336,0.9821930646672915,0.977629179331307,0.9192982456140351,0.996893913862312,4830.578,10,2026-09-18T18:11:20.653599+00:00
Qwen2.5-7B,belief_bank_facts,mlp,27,27416,belief_bank_facts,mean,0,0,0,0,0,0,3.9535599999999995,3585.0,0.8649010512820647,0.9817244611059044,0.9776656534954409,0.9194943946253291,0.9970423508160824,4936.843,10,2026-09-18T18:11:20.653599+00:00
Qwen2.5-7B,belief_bank_facts,mlp,27,27416,belief_bank_facts,std,0,0,0,0,0,0,0.6439475835811483,0.0,0.01792977400517344,0.004615209841516446,0.002923019882313165,0.009536479492741787,0.0005433165689510733,4936.843,10,2026-09-18T18:11:20.653599+00:00
Qwen2.5-7B,belief_bank_facts,mlp,27,27416,belief_bank_constraints,2,4978,25686,2489,2489,10018,15668,3.3521,3585,0.4427295341474446,0.7816929526851667,0.5311064393054582,0.5652927163791237,0.628152909139347,4835.384,10,2026-09-18T18:11:20.653599+00:00
Qwen2.5-7B,belief_bank_facts,mlp,27,27416,belief_bank_constraints,4,4978,25686,2489,2489,10018,15668,3.8549,3585,0.4530445969125214,0.6327610301457377,0.5588258195125749,0.5280299875052061,0.594780562972353,4840.682,10,2026-09-18T18:11:20.653599+00:00
Qwen2.5-7B,belief_bank_facts,mlp,27,27416,belief_bank_constraints,24,4978,25686,2489,2489,10018,15668,3.4528,3585,0.5168758716875872,0.36993411858654424,0.6194035661449817,0.43123109145915756,0.6174764731627059,4845.579,10,2026-09-18T18:11:20.653599+00:00
Qwen2.5-7B,belief_bank_facts,mlp,27,27416,belief_bank_constraints,42,4978,25686,2489,2489,10018,15668,3.0906,3585,0.4645279706328306,0.5810541026152924,0.5753717978665421,0.5162978402589915,0.6043359570847532,4850.113,10,2026-09-18T18:11:20.653599+00:00
Qwen2.5-7B,belief_bank_facts,mlp,27,27416,belief_bank_constraints,64,4978,25686,2489,2489,10018,15668,4.2224,3585,0.40498545907769007,0.48652425633859053,0.5209452620104337,0.4420260282047794,0.507883594824185,4855.778,10,2026-09-18T18:11:20.653599+00:00
Qwen2.5-7B,belief_bank_facts,mlp,27,27416,belief_bank_constraints,67,4978,25686,2489,2489,10018,15668,5.027,3585,0.43418467583497056,0.7059293272110202,0.5265124970801215,0.537672013989204,0.5583383341183215,4862.248,10,2026-09-18T18:11:20.653599+00:00
Qwen2.5-7B,belief_bank_facts,mlp,27,27416,belief_bank_constraints,104,4978,25686,2489,2489,10018,15668,4.0429,3585,0.44349801249290177,0.5457177081253743,0.5557502141244257,0.48932647124636386,0.5678805976660953,4867.733,10,2026-09-18T18:11:20.653599+00:00
Qwen2.5-7B,belief_bank_facts,mlp,27,27416,belief_bank_constraints,123,4978,25686,2489,2489,10018,15668,3.9927,3585,0.44113372093023256,0.4241365542024356,0.5658335279919022,0.43246819338422393,0.5620990781821213,4873.169,10,2026-09-18T18:11:20.653599+00:00
Qwen2.5-7B,belief_bank_facts,mlp,27,27416,belief_bank_constraints,420,4978,25686,2489,2489,10018,15668,4.5955,3585,0.4643921828420007,0.5597923737272908,0.5765008175659893,0.5076491355119037,0.5969293183936006,4879.207,10,2026-09-18T18:11:20.653599+00:00
Qwen2.5-7B,belief_bank_facts,mlp,27,27416,belief_bank_constraints,511,4978,25686,2489,2489,10018,15668,3.9319,3585,0.5208812890496547,0.15811539229387103,0.614926419060967,0.24259131633356307,0.6018300834347039,4884.593,10,2026-09-18T18:11:20.653599+00:00
Qwen2.5-7B,belief_bank_facts,mlp,27,27416,belief_bank_constraints,mean,0,0,0,0,0,0,3.9562800000000005,3585.0,0.45862533136078343,0.5245657815931324,0.5645176360663396,0.46925847942725163,0.5839706908978186,4936.843,10,2026-09-18T18:11:20.653599+00:00
Qwen2.5-7B,belief_bank_facts,mlp,27,27416,belief_bank_constraints,std,0,0,0,0,0,0,0.5489528719298226,0.0,0.03410311153135121,0.16891494995509007,0.03222602467697257,0.08738739118716975,0.03358081242227227,4936.843,10,2026-09-18T18:11:20.653599+00:00
Qwen2.5-7B,belief_bank_facts,mlp,27,27416,halu_eval,2,4978,10000,2489,2489,2812,7188,4.2339,3585,0.2863564251718667,0.38513513513513514,0.5572,0.32848043676069155,0.5081379458493729,4889.607,10,2026-09-18T18:11:20.653599+00:00
Qwen2.5-7B,belief_bank_facts,mlp,27,27416,halu_eval,4,4978,10000,2489,2489,2812,7188,4.6863,3585,0.29588677576293676,0.23790896159317212,0.6265,0.2637492607924305,0.5081778713297253,4895.065,10,2026-09-18T18:11:20.653599+00:00
Qwen2.5-7B,belief_bank_facts,mlp,27,27416,halu_eval,24,4978,10000,2489,2489,2812,7188,4.366,3585,0.2914798206278027,0.3236130867709815,0.5886,0.30670711156049885,0.5054596981218105,4900.202,10,2026-09-18T18:11:20.653599+00:00
Qwen2.5-7B,belief_bank_facts,mlp,27,27416,halu_eval,42,4978,10000,2489,2489,2812,7188,3.9726,3585,0.28959397687550414,0.3830014224751067,0.5623,0.3298116674322462,0.5084690008082065,4904.946,10,2026-09-18T18:11:20.653599+00:00
Qwen2.5-7B,belief_bank_facts,mlp,27,27416,halu_eval,64,4978,10000,2489,2489,2812,7188,4.173,3585,0.28654701641356034,0.6642958748221907,0.4405,0.4003858107383989,0.5083639428682702,4909.891,10,2026-09-18T18:11:20.653599+00:00
Qwen2.5-7B,belief_bank_facts,mlp,27,27416,halu_eval,67,4978,10000,2489,2489,2812,7188,5.0404,3585,0.29015544041450775,0.49786628733997157,0.5163,0.36663611365719523,0.5078340768279043,4915.705,10,2026-09-18T18:11:20.653599+00:00
Qwen2.5-7B,belief_bank_facts,mlp,27,27416,halu_eval,104,4978,10000,2489,2489,2812,7188,4.0371,3585,0.2867647058823529,0.36059743954480794,0.568,0.31947069943289225,0.5060798046530847,4920.53,10,2026-09-18T18:11:20.653599+00:00
Qwen2.5-7B,belief_bank_facts,mlp,27,27416,halu_eval,123,4978,10000,2489,2489,2812,7188,4.0182,3585,0.28899554336647243,0.29978662873399714,0.5957,0.2942921975912027,0.508040234791509,4925.369,10,2026-09-18T18:11:20.653599+00:00
Qwen2.5-7B,belief_bank_facts,mlp,27,27416,halu_eval,420,4978,10000,2489,2489,2812,7188,4.804,3585,0.28620900387044207,0.4996443812233286,0.5089,0.3639424944955317,0.507257507375577,4931.071,10,2026-09-18T18:11:20.653599+00:00
Qwen2.5-7B,belief_bank_facts,mlp,27,27416,halu_eval,511,4978,10000,2489,2489,2812,7188,4.205,3585,0.28551778345450973,0.5167140825035562,0.5005,0.3678015441083407,0.505202235668583,4936.166,10,2026-09-18T18:11:20.653599+00:00
Qwen2.5-7B,belief_bank_facts,mlp,27,27416,halu_eval,mean,0,0,0,0,0,0,4.35365,3585.0,0.28875064918399557,0.4168563300142248,0.5464499999999999,0.33412773365694287,0.5073022318294044,4936.843,10,2026-09-18T18:11:20.653599+00:00
Qwen2.5-7B,belief_bank_facts,mlp,27,27416,halu_eval,std,0,0,0,0,0,0,0.3481738423546491,0.0,0.003042383128517602,0.12014724442740417,0.052054975746800604,0.03876469006406352,0.0011866967990772713,4936.843,10,2026-09-18T18:11:20.653599+00:00
