model,train_dataset,layer_type,layer,num_samples,eval_dataset,split_seed,train_size,test_size,train_hall,train_not_hall,test_hall,test_not_hall,fit_time_s,model_params,precision,recall,accuracy,f1,auroc,total_runtime_s,num_splits,created_at_utc
Qwen2.5-7B,belief_bank_facts,hidden,0,27416,belief_bank_facts,2,4978,8225,2489,2489,1067,7158,11.7552,3585,0.8547854785478548,0.9709465791940018,0.9748328267477203,0.9091706888986397,0.9842252512770395,44.24,10,2026-09-18T18:11:20.969447+00:00
Qwen2.5-7B,belief_bank_facts,hidden,0,27416,belief_bank_facts,4,4978,8225,2489,2489,1067,7158,11.2998,3585,0.8528678304239401,0.9615745079662605,0.9734954407294832,0.9039647577092511,0.9857871322169073,56.249,10,2026-09-18T18:11:20.969447+00:00
Qwen2.5-7B,belief_bank_facts,hidden,0,27416,belief_bank_facts,24,4978,8225,2489,2489,1067,7158,10.531,3585,0.8508333333333333,0.9568884723523898,0.9726443768996961,0.9007498897220997,0.9849680252372935,67.484,10,2026-09-18T18:11:20.969447+00:00
Qwen2.5-7B,belief_bank_facts,hidden,0,27416,belief_bank_facts,42,4978,8225,2489,2489,1067,7158,11.656,3585,0.8293650793650794,0.979381443298969,0.9711854103343465,0.8981521272024066,0.9915397351990538,79.847,10,2026-09-18T18:11:20.969447+00:00
Qwen2.5-7B,belief_bank_facts,hidden,0,27416,belief_bank_facts,64,4978,8225,2489,2489,1067,7158,12.0171,3585,0.8362903225806452,0.971883786316776,0.9716717325227964,0.8990030342436064,0.9861995661980107,92.571,10,2026-09-18T18:11:20.969447+00:00
Qwen2.5-7B,belief_bank_facts,hidden,0,27416,belief_bank_facts,67,4978,8225,2489,2489,1067,7158,12.1676,3585,0.8508196721311475,0.9728209934395501,0.9743465045592705,0.9077393965894185,0.991097972579294,105.455,10,2026-09-18T18:11:20.969447+00:00
Qwen2.5-7B,belief_bank_facts,hidden,0,27416,belief_bank_facts,104,4978,8225,2489,2489,1067,7158,12.0438,3585,0.8133858267716535,0.9681349578256795,0.9670516717325228,0.8840393667094566,0.9871831230443755,118.207,10,2026-09-18T18:11:20.969447+00:00
Qwen2.5-7B,belief_bank_facts,hidden,0,27416,belief_bank_facts,123,4978,8225,2489,2489,1067,7158,11.1987,3585,0.797847809377402,0.9728209934395501,0.9644984802431611,0.8766891891891891,0.9871532706800289,130.119,10,2026-09-18T18:11:20.969447+00:00
Qwen2.5-7B,belief_bank_facts,hidden,0,27416,belief_bank_facts,420,4978,8225,2489,2489,1067,7158,9.1213,3585,0.8336012861736335,0.971883786316776,0.9711854103343465,0.8974469926438771,0.9851790866904804,139.951,10,2026-09-18T18:11:20.969447+00:00
Qwen2.5-7B,belief_bank_facts,hidden,0,27416,belief_bank_facts,511,4978,8225,2489,2489,1067,7158,10.5723,3585,0.8222748815165877,0.9756326148078726,0.969483282674772,0.8924132018859837,0.9891065056419659,151.236,10,2026-09-18T18:11:20.969447+00:00
Qwen2.5-7B,belief_bank_facts,hidden,0,27416,belief_bank_facts,mean,0,0,0,0,0,0,11.23628,3585.0,0.8342071520221277,0.9701968134957826,0.9710395136778116,0.8969368644793928,0.987243966876445,4517.426,10,2026-09-18T18:11:20.969447+00:00
Qwen2.5-7B,belief_bank_facts,hidden,0,27416,belief_bank_facts,std,0,0,0,0,0,0,0.8939488226962434,0.0,0.018028186190405707,0.0062421090179369115,0.0030900599577654586,0.009659581166011524,0.002419863390024036,4517.426,10,2026-09-18T18:11:20.969447+00:00
Qwen2.5-7B,belief_bank_facts,hidden,0,27416,belief_bank_constraints,2,4978,25686,2489,2489,10018,15668,9.7944,3585,0.3558823529411765,0.012078259133559593,0.606166783461808,0.023363583703417647,0.5826890968225537,162.401,10,2026-09-18T18:11:20.969447+00:00
Qwen2.5-7B,belief_bank_facts,hidden,0,27416,belief_bank_constraints,4,4978,25686,2489,2489,10018,15668,10.0462,3585,0.41467065868263475,0.02765022958674386,0.6055438760414233,0.05184353359535841,0.6563899621987546,173.817,10,2026-09-18T18:11:20.969447+00:00
Qwen2.5-7B,belief_bank_facts,hidden,0,27416,belief_bank_constraints,24,4978,25686,2489,2489,10018,15668,9.2111,3585,0.4816969696969697,0.19834298263126374,0.6041034026317839,0.2809870607367602,0.6442755478229562,184.397,10,2026-09-18T18:11:20.969447+00:00
Qwen2.5-7B,belief_bank_facts,hidden,0,27416,belief_bank_constraints,42,4978,25686,2489,2489,10018,15668,10.1669,3585,0.5015610365282548,0.3207226991415452,0.6107607256871448,0.3912566975158305,0.6414927791705847,195.93,10,2026-09-18T18:11:20.969447+00:00
Qwen2.5-7B,belief_bank_facts,hidden,0,27416,belief_bank_constraints,64,4978,25686,2489,2489,10018,15668,10.7001,3585,0.46688382193268185,0.04292273906967459,0.6076072568714475,0.07861778956028888,0.6541120800022303,207.997,10,2026-09-18T18:11:20.969447+00:00
Qwen2.5-7B,belief_bank_facts,hidden,0,27416,belief_bank_constraints,67,4978,25686,2489,2489,10018,15668,10.7204,3585,0.5880569869657472,0.38730285486124977,0.6552207428170989,0.46701974000962926,0.7034575637225473,220.082,10,2026-09-18T18:11:20.969447+00:00
Qwen2.5-7B,belief_bank_facts,hidden,0,27416,belief_bank_constraints,104,4978,25686,2489,2489,10018,15668,10.6113,3585,0.5067805123053741,0.1007187063286085,0.611033247683563,0.16804063618952453,0.6585524597975367,232.06,10,2026-09-18T18:11:20.969447+00:00
Qwen2.5-7B,belief_bank_facts,hidden,0,27416,belief_bank_constraints,123,4978,25686,2489,2489,10018,15668,9.8342,3585,0.4710067591604411,0.13216210820523058,0.6036362220664954,0.20640735832878634,0.6204239823003301,243.268,10,2026-09-18T18:11:20.969447+00:00
Qwen2.5-7B,belief_bank_facts,hidden,0,27416,belief_bank_constraints,420,4978,25686,2489,2489,10018,15668,9.1803,3585,0.5509138381201044,0.10531044120582951,0.6175737755976018,0.17682058158049108,0.7002126259533963,253.816,10,2026-09-18T18:11:20.969447+00:00
Qwen2.5-7B,belief_bank_facts,hidden,0,27416,belief_bank_constraints,511,4978,25686,2489,2489,10018,15668,10.8425,3585,0.36185819070904646,0.02954681573168297,0.6011835240987309,0.05463270579549649,0.6609108901398978,266.026,10,2026-09-18T18:11:20.969447+00:00
Qwen2.5-7B,belief_bank_facts,hidden,0,27416,belief_bank_constraints,mean,0,0,0,0,0,0,10.11074,3585.0,0.46993111270424315,0.13567578358953883,0.6122829556957099,0.18989896870155834,0.6522516987930789,4517.426,10,2026-09-18T18:11:20.969447+00:00
Qwen2.5-7B,belief_bank_facts,hidden,0,27416,belief_bank_constraints,std,0,0,0,0,0,0,0.5799999124137863,0.0,0.07124586062064825,0.12265988440675009,0.014983586626250538,0.14284013984965824,0.03329998653050849,4517.426,10,2026-09-18T18:11:20.969447+00:00
Qwen2.5-7B,belief_bank_facts,hidden,0,27416,halu_eval,2,4978,10000,2489,2489,2812,7188,9.6641,3585,0.28090923053294425,0.6504267425320057,0.4335,0.3923629732918588,0.4917586535881281,276.425,10,2026-09-18T18:11:20.969447+00:00
Qwen2.5-7B,belief_bank_facts,hidden,0,27416,halu_eval,4,4978,10000,2489,2489,2812,7188,9.8258,3585,0.28171788810086684,0.7628022759601707,0.3864,0.4114713216957606,0.5018862192084009,286.982,10,2026-09-18T18:11:20.969447+00:00
Qwen2.5-7B,belief_bank_facts,hidden,0,27416,halu_eval,24,4978,10000,2489,2489,2812,7188,9.2003,3585,0.2801520562147218,0.8648648648648649,0.3371,0.4232141303402071,0.49789592223802753,296.916,10,2026-09-18T18:11:20.969447+00:00
Qwen2.5-7B,belief_bank_facts,hidden,0,27416,halu_eval,42,4978,10000,2489,2489,2812,7188,10.4294,3585,0.2730067636810822,0.47368421052631576,0.4973,0.34637888441034975,0.4917344113509872,308.08,10,2026-09-18T18:11:20.969447+00:00
Qwen2.5-7B,belief_bank_facts,hidden,0,27416,halu_eval,64,4978,10000,2489,2489,2812,7188,9.8017,3585,0.27950687146321745,0.4918207681365576,0.5006,0.3564432989690722,0.49666535659638195,318.615,10,2026-09-18T18:11:20.969447+00:00
Qwen2.5-7B,belief_bank_facts,hidden,0,27416,halu_eval,67,4978,10000,2489,2489,2812,7188,9.741,3585,0.27193581427108227,0.5665007112375533,0.4516,0.3674740484429066,0.4857864547835772,329.089,10,2026-09-18T18:11:20.969447+00:00
Qwen2.5-7B,belief_bank_facts,hidden,0,27416,halu_eval,104,4978,10000,2489,2489,2812,7188,9.4486,3585,0.27804295942720764,0.4971550497866287,0.4956,0.3566326530612245,0.48977133435605885,339.274,10,2026-09-18T18:11:20.969447+00:00
Qwen2.5-7B,belief_bank_facts,hidden,0,27416,halu_eval,123,4978,10000,2489,2489,2812,7188,8.6839,3585,0.2769165727170237,0.6987908961593172,0.4022,0.39664917238595077,0.4895926344365629,348.687,10,2026-09-18T18:11:20.969447+00:00
Qwen2.5-7B,belief_bank_facts,hidden,0,27416,halu_eval,420,4978,10000,2489,2489,2812,7188,8.0989,3585,0.2787377911344853,0.7916073968705548,0.3654,0.4122985738099648,0.49090277893217005,357.516,10,2026-09-18T18:11:20.969447+00:00
Qwen2.5-7B,belief_bank_facts,hidden,0,27416,halu_eval,511,4978,10000,2489,2489,2812,7188,9.3377,3585,0.2779905039056517,0.645448079658606,0.4289,0.3886093565999358,0.49117711200348935,367.589,10,2026-09-18T18:11:20.969447+00:00
Qwen2.5-7B,belief_bank_facts,hidden,0,27416,halu_eval,mean,0,0,0,0,0,0,9.42314,3585.0,0.27789164514482834,0.6443100995732575,0.42986,0.3851534413007231,0.49271708774937845,4517.426,10,2026-09-18T18:11:20.969447+00:00
Qwen2.5-7B,belief_bank_facts,hidden,0,27416,halu_eval,std,0,0,0,0,0,0,0.6192569631421191,0.0,0.0030413444009378043,0.12940759617240227,0.05456574383255487,0.025549779766632606,0.0044777556973809775,4517.426,10,2026-09-18T18:11:20.969447+00:00
Qwen2.5-7B,belief_bank_facts,hidden,1,27416,belief_bank_facts,2,4978,8225,2489,2489,1067,7158,9.5077,3585,0.8474159146841673,0.9681349578256795,0.9732522796352584,0.9037620297462817,0.9871685896564699,378.542,10,2026-09-18T18:11:20.969447+00:00
Qwen2.5-7B,belief_bank_facts,hidden,1,27416,belief_bank_facts,4,4978,8225,2489,2489,1067,7158,9.7812,3585,0.8499170812603648,0.9606373008434864,0.972887537993921,0.9018917729872415,0.9886864776383533,389.026,10,2026-09-18T18:11:20.969447+00:00
Qwen2.5-7B,belief_bank_facts,hidden,1,27416,belief_bank_facts,24,4978,8225,2489,2489,1067,7158,8.2743,3585,0.8493377483443708,0.9615745079662605,0.972887537993921,0.901978021978022,0.9859454283067974,398.003,10,2026-09-18T18:11:20.969447+00:00
Qwen2.5-7B,belief_bank_facts,hidden,1,27416,belief_bank_facts,42,4978,8225,2489,2489,1067,7158,10.6006,3585,0.8076027928626842,0.9756326148078726,0.9666869300911854,0.8837011884550084,0.9925774976543635,409.305,10,2026-09-18T18:11:20.969447+00:00
Qwen2.5-7B,belief_bank_facts,hidden,1,27416,belief_bank_facts,64,4978,8225,2489,2489,1067,7158,10.3481,3585,0.8060985144644254,0.9662605435801312,0.9654711246200608,0.8789428815004262,0.9868051240274087,420.354,10,2026-09-18T18:11:20.969447+00:00
Qwen2.5-7B,belief_bank_facts,hidden,1,27416,belief_bank_facts,67,4978,8225,2489,2489,1067,7158,10.2788,3585,0.8233890214797136,0.9700093720712277,0.9691185410334346,0.8907056798623064,0.989932551986976,431.333,10,2026-09-18T18:11:20.969447+00:00
Qwen2.5-7B,belief_bank_facts,hidden,1,27416,belief_bank_facts,104,4978,8225,2489,2489,1067,7158,9.6746,3585,0.8353510895883777,0.9700093720712277,0.971306990881459,0.8976582827406765,0.9877645894920201,441.713,10,2026-09-18T18:11:20.969447+00:00
Qwen2.5-7B,belief_bank_facts,hidden,1,27416,belief_bank_facts,123,4978,8225,2489,2489,1067,7158,9.4842,3585,0.7702001482579689,0.9737582005623243,0.9589057750759878,0.8600993377483444,0.9866503630859279,451.902,10,2026-09-18T18:11:20.969447+00:00
Qwen2.5-7B,belief_bank_facts,hidden,1,27416,belief_bank_facts,420,4978,8225,2489,2489,1067,7158,8.918,3585,0.8202068416865553,0.9662605435801312,0.9681458966565349,0.887263339070568,0.9862590090638585,461.519,10,2026-09-18T18:11:20.969447+00:00
Qwen2.5-7B,belief_bank_facts,hidden,1,27416,belief_bank_facts,511,4978,8225,2489,2489,1067,7158,9.9254,3585,0.8180392156862745,0.9775070290534208,0.9688753799392097,0.8906917164816396,0.9901271160809189,472.142,10,2026-09-18T18:11:20.969447+00:00
Qwen2.5-7B,belief_bank_facts,hidden,1,27416,belief_bank_facts,mean,0,0,0,0,0,0,9.67929,3585.0,0.8227558368314902,0.9689784442361763,0.9687537993920973,0.8896694250570514,0.9881916746993094,4517.426,10,2026-09-18T18:11:20.969447+00:00
Qwen2.5-7B,belief_bank_facts,hidden,1,27416,belief_bank_facts,std,0,0,0,0,0,0,0.6593611718170855,0.0,0.023472148167107864,0.0053090942973827715,0.004165087637287367,0.012634427184929816,0.0020140741883732083,4517.426,10,2026-09-18T18:11:20.969447+00:00
Qwen2.5-7B,belief_bank_facts,hidden,1,27416,belief_bank_constraints,2,4978,25686,2489,2489,10018,15668,10.6798,3585,0.5417420522098734,0.20922339788380914,0.6225570349606789,0.30186505364729604,0.6161289051675327,484.175,10,2026-09-18T18:11:20.969447+00:00
Qwen2.5-7B,belief_bank_facts,hidden,1,27416,belief_bank_constraints,4,4978,25686,2489,2489,10018,15668,10.963,3585,0.48665678280207564,0.13106408464763425,0.6071790080199331,0.2065114815979868,0.6361219195287644,496.5,10,2026-09-18T18:11:20.969447+00:00
Qwen2.5-7B,belief_bank_facts,hidden,1,27416,belief_bank_constraints,24,4978,25686,2489,2489,10018,15668,8.4541,3585,0.37920937042459735,0.0258534637652226,0.6035583586389472,0.04840669096346136,0.6435516593491429,506.316,10,2026-09-18T18:11:20.969447+00:00
Qwen2.5-7B,belief_bank_facts,hidden,1,27416,belief_bank_constraints,42,4978,25686,2489,2489,10018,15668,10.6613,3585,0.5106382978723404,0.021561189858255142,0.6103324768356303,0.04137534718896657,0.7016860715302702,518.335,10,2026-09-18T18:11:20.969447+00:00
Qwen2.5-7B,belief_bank_facts,hidden,1,27416,belief_bank_constraints,64,4978,25686,2489,2489,10018,15668,10.3988,3585,0.5307879772542649,0.326112996606109,0.6247372109320253,0.4040066777963272,0.6521511630099776,530.095,10,2026-09-18T18:11:20.969447+00:00
Qwen2.5-7B,belief_bank_facts,hidden,1,27416,belief_bank_constraints,67,4978,25686,2489,2489,10018,15668,10.0561,3585,0.544405997693195,0.0471151926532242,0.612979833372265,0.08672485071198897,0.6732073995172233,541.516,10,2026-09-18T18:11:20.969447+00:00
Qwen2.5-7B,belief_bank_facts,hidden,1,27416,belief_bank_constraints,104,4978,25686,2489,2489,10018,15668,9.6646,3585,0.5294705294705294,0.5290477141145937,0.6329518025383477,0.5292590373477132,0.6590519309307581,552.541,10,2026-09-18T18:11:20.969447+00:00
Qwen2.5-7B,belief_bank_facts,hidden,1,27416,belief_bank_constraints,123,4978,25686,2489,2489,10018,15668,9.7337,3585,0.554064039408867,0.4490916350568976,0.6441641361052713,0.4960855662145771,0.668867674642116,563.638,10,2026-09-18T18:11:20.969447+00:00
Qwen2.5-7B,belief_bank_facts,hidden,1,27416,belief_bank_constraints,420,4978,25686,2489,2489,10018,15668,7.9777,3585,0.6245568203022952,0.3340986224795368,0.6619559293000078,0.4353254861156272,0.688175701658893,572.976,10,2026-09-18T18:11:20.969447+00:00
Qwen2.5-7B,belief_bank_facts,hidden,1,27416,belief_bank_constraints,511,4978,25686,2489,2489,10018,15668,8.9453,3585,0.4920368818105616,0.0585945298462767,0.6092423888499572,0.10471857996610472,0.6377360870423027,583.275,10,2026-09-18T18:11:20.969447+00:00
Qwen2.5-7B,belief_bank_facts,hidden,1,27416,belief_bank_constraints,mean,0,0,0,0,0,0,9.753440000000001,3585.0,0.51935687492486,0.21317628269115593,0.6229658179553065,0.2654278771550049,0.657667851237698,4517.426,10,2026-09-18T18:11:20.969447+00:00
Qwen2.5-7B,belief_bank_facts,hidden,1,27416,belief_bank_constraints,std,0,0,0,0,0,0,0.9568902802307065,0.0,0.059301046574483054,0.17687389656924718,0.017737386637176496,0.18186201443067454,0.024604570910441336,4517.426,10,2026-09-18T18:11:20.969447+00:00
Qwen2.5-7B,belief_bank_facts,hidden,1,27416,halu_eval,2,4978,10000,2489,2489,2812,7188,9.4874,3585,0.2812939521800281,0.2844950213371266,0.5944,0.2828854314002829,0.4984368209699903,593.523,10,2026-09-18T18:11:20.969447+00:00
Qwen2.5-7B,belief_bank_facts,hidden,1,27416,halu_eval,4,4978,10000,2489,2489,2812,7188,9.8981,3585,0.2808166409861325,0.2592460881934566,0.605,0.26960059171597633,0.5067882469280633,604.208,10,2026-09-18T18:11:20.969447+00:00
Qwen2.5-7B,belief_bank_facts,hidden,1,27416,halu_eval,24,4978,10000,2489,2489,2812,7188,7.5209,3585,0.28216123499142365,0.3509957325746799,0.5664,0.3128367670364501,0.4994458669855164,612.519,10,2026-09-18T18:11:20.969447+00:00
Qwen2.5-7B,belief_bank_facts,hidden,1,27416,halu_eval,42,4978,10000,2489,2489,2812,7188,9.3231,3585,0.2867501647989453,0.30938833570412516,0.5894,0.2976394115634622,0.5026201158323775,622.637,10,2026-09-18T18:11:20.969447+00:00
Qwen2.5-7B,belief_bank_facts,hidden,1,27416,halu_eval,64,4978,10000,2489,2489,2812,7188,9.2863,3585,0.27898467871026755,0.43385490753911804,0.5255,0.3395963813500348,0.4997783566889972,632.707,10,2026-09-18T18:11:20.969447+00:00
Qwen2.5-7B,belief_bank_facts,hidden,1,27416,halu_eval,67,4978,10000,2489,2489,2812,7188,9.2143,3585,0.2810320781032078,0.28662873399715505,0.5932,0.28380281690140846,0.5028121737192777,642.706,10,2026-09-18T18:11:20.969447+00:00
Qwen2.5-7B,belief_bank_facts,hidden,1,27416,halu_eval,104,4978,10000,2489,2489,2812,7188,9.5636,3585,0.2825836216839677,0.3485064011379801,0.568,0.31210191082802546,0.5031795672968461,653.047,10,2026-09-18T18:11:20.969447+00:00
Qwen2.5-7B,belief_bank_facts,hidden,1,27416,halu_eval,123,4978,10000,2489,2489,2812,7188,9.4909,3585,0.28297872340425534,0.3783783783783784,0.5556,0.32379793061472917,0.5037108680818592,663.312,10,2026-09-18T18:11:20.969447+00:00
Qwen2.5-7B,belief_bank_facts,hidden,1,27416,halu_eval,420,4978,10000,2489,2489,2812,7188,8.7049,3585,0.2792121373436252,0.37304409672830724,0.5529,0.319378900898158,0.5024603644370141,672.796,10,2026-09-18T18:11:20.969447+00:00
Qwen2.5-7B,belief_bank_facts,hidden,1,27416,halu_eval,511,4978,10000,2489,2489,2812,7188,9.6913,3585,0.28388998035363455,0.20554765291607396,0.6308,0.23844884488448845,0.5014830312255846,683.265,10,2026-09-18T18:11:20.969447+00:00
Qwen2.5-7B,belief_bank_facts,hidden,1,27416,halu_eval,mean,0,0,0,0,0,0,9.218079999999999,3585.0,0.2819703212555488,0.32300853485064007,0.57812,0.2980088987193016,0.5020715412165526,4517.426,10,2026-09-18T18:11:20.969447+00:00
Qwen2.5-7B,belief_bank_facts,hidden,1,27416,halu_eval,std,0,0,0,0,0,0,0.6412630954608255,0.0,0.002171447653507594,0.063359860030769,0.02875627931426458,0.028381065879635365,0.0022994233401029207,4517.426,10,2026-09-18T18:11:20.969447+00:00
Qwen2.5-7B,belief_bank_facts,hidden,2,27416,belief_bank_facts,2,4978,8225,2489,2489,1067,7158,7.7087,3585,0.8610648918469218,0.9700093720712277,0.97580547112462,0.9122961657117673,0.9879240639647134,692.385,10,2026-09-18T18:11:20.969447+00:00
Qwen2.5-7B,belief_bank_facts,hidden,2,27416,belief_bank_facts,4,4978,8225,2489,2489,1067,7158,8.8168,3585,0.8548922056384743,0.9662605435801312,0.9743465045592705,0.9071711394632644,0.9906653751591143,701.896,10,2026-09-18T18:11:20.969447+00:00
Qwen2.5-7B,belief_bank_facts,hidden,2,27416,belief_bank_facts,24,4978,8225,2489,2489,1067,7158,8.7963,3585,0.8560732113144759,0.9643861293345829,0.9743465045592705,0.9070074922873512,0.9890084380064591,711.384,10,2026-09-18T18:11:20.969447+00:00
Qwen2.5-7B,belief_bank_facts,hidden,2,27416,belief_bank_facts,42,4978,8225,2489,2489,1067,7158,8.3328,3585,0.8104524180967239,0.9737582005623243,0.9670516717325228,0.8846317581949766,0.9943728293206782,720.413,10,2026-09-18T18:11:20.969447+00:00
Qwen2.5-7B,belief_bank_facts,hidden,2,27416,belief_bank_facts,64,4978,8225,2489,2489,1067,7158,8.7367,3585,0.8236233040702314,0.9671977507029054,0.9688753799392097,0.8896551724137931,0.9899934350984724,729.85,10,2026-09-18T18:11:20.969447+00:00
Qwen2.5-7B,belief_bank_facts,hidden,2,27416,belief_bank_facts,67,4978,8225,2489,2489,1067,7158,8.5453,3585,0.8376413570274637,0.971883786316776,0.9719148936170213,0.8997830802603037,0.9932754930680977,739.099,10,2026-09-18T18:11:20.969447+00:00
Qwen2.5-7B,belief_bank_facts,hidden,2,27416,belief_bank_facts,104,4978,8225,2489,2489,1067,7158,6.9731,3585,0.8187549251379038,0.9737582005623243,0.9686322188449848,0.889554794520548,0.9900515686500944,746.768,10,2026-09-18T18:11:20.969447+00:00
Qwen2.5-7B,belief_bank_facts,hidden,2,27416,belief_bank_facts,123,4978,8225,2489,2489,1067,7158,8.6558,3585,0.8066511987625676,0.9775070290534208,0.9666869300911854,0.8838983050847458,0.9915622554037362,756.125,10,2026-09-18T18:11:20.969447+00:00
Qwen2.5-7B,belief_bank_facts,hidden,2,27416,belief_bank_facts,420,4978,8225,2489,2489,1067,7158,8.2026,3585,0.83266291230893,0.9700093720712277,0.9708206686930091,0.8961038961038961,0.9905646888951561,765.03,10,2026-09-18T18:11:20.969447+00:00
Qwen2.5-7B,belief_bank_facts,hidden,2,27416,belief_bank_facts,511,4978,8225,2489,2489,1067,7158,7.9398,3585,0.815480844409695,0.9775070290534208,0.9683890577507599,0.8891730605285593,0.9922582868461318,773.669,10,2026-09-18T18:11:20.969447+00:00
Qwen2.5-7B,belief_bank_facts,hidden,2,27416,belief_bank_facts,mean,0,0,0,0,0,0,8.270790000000002,3585.0,0.8317297268613387,0.9712277413308341,0.9706869300911855,0.8959274864569207,0.9909676434412654,4517.426,10,2026-09-18T18:11:20.969447+00:00
Qwen2.5-7B,belief_bank_facts,hidden,2,27416,belief_bank_facts,std,0,0,0,0,0,0,0.5597269199350698,0.0,0.018987411515203906,0.004275349476272558,0.0031065911576160232,0.009643063432661447,0.0018462031286544495,4517.426,10,2026-09-18T18:11:20.969447+00:00
Qwen2.5-7B,belief_bank_facts,hidden,2,27416,belief_bank_constraints,2,4978,25686,2489,2489,10018,15668,7.677,3585,0.4773908122845825,0.9263326013176283,0.5757611150042825,0.6300709508775503,0.7367806240826762,782.696,10,2026-09-18T18:11:20.969447+00:00
Qwen2.5-7B,belief_bank_facts,hidden,2,27416,belief_bank_constraints,4,4978,25686,2489,2489,10018,15668,9.0375,3585,0.47909736083388776,0.8625474146536235,0.5806275792260376,0.6160262351179867,0.7028700394434261,793.087,10,2026-09-18T18:11:20.969447+00:00
Qwen2.5-7B,belief_bank_facts,hidden,2,27416,belief_bank_constraints,24,4978,25686,2489,2489,10018,15668,8.7862,3585,0.5693108974358975,0.7092233978838092,0.6773339562407538,0.6316116988176727,0.7339655578090659,803.234,10,2026-09-18T18:11:20.969447+00:00
Qwen2.5-7B,belief_bank_facts,hidden,2,27416,belief_bank_constraints,42,4978,25686,2489,2489,10018,15668,8.3161,3585,0.6351819757365684,0.21950489119584748,0.6464221755041657,0.32626112759643916,0.7517555201760141,812.916,10,2026-09-18T18:11:20.969447+00:00
Qwen2.5-7B,belief_bank_facts,hidden,2,27416,belief_bank_constraints,64,4978,25686,2489,2489,10018,15668,8.7261,3585,0.5367703870197373,0.7628269115591935,0.6507435957330842,0.6301381158524015,0.728270622962915,822.997,10,2026-09-18T18:11:20.969447+00:00
Qwen2.5-7B,belief_bank_facts,hidden,2,27416,belief_bank_constraints,67,4978,25686,2489,2489,10018,15668,8.5315,3585,0.6175180751451937,0.5200638850069874,0.6871836798255859,0.5646166350582498,0.7407827641162426,832.886,10,2026-09-18T18:11:20.969447+00:00
Qwen2.5-7B,belief_bank_facts,hidden,2,27416,belief_bank_constraints,104,4978,25686,2489,2489,10018,15668,7.0026,3585,0.6012207527975585,0.29496905569974047,0.648719146616834,0.39576776267327396,0.7114624617735561,841.25,10,2026-09-18T18:11:20.969447+00:00
Qwen2.5-7B,belief_bank_facts,hidden,2,27416,belief_bank_constraints,123,4978,25686,2489,2489,10018,15668,8.4649,3585,0.5467869222096956,0.7261928528648433,0.6584520750603442,0.6238477039831926,0.7311216310513426,851.076,10,2026-09-18T18:11:20.969447+00:00
Qwen2.5-7B,belief_bank_facts,hidden,2,27416,belief_bank_constraints,420,4978,25686,2489,2489,10018,15668,8.1715,3585,0.555712,0.8667398682371731,0.6777622050922681,0.6772218539172483,0.7736701872549758,860.61,10,2026-09-18T18:11:20.969447+00:00
Qwen2.5-7B,belief_bank_facts,hidden,2,27416,belief_bank_constraints,511,4978,25686,2489,2489,10018,15668,8.1209,3585,0.5528482607965048,0.32840886404471953,0.6344701393755353,0.4120483436658526,0.6861805247873205,870.103,10,2026-09-18T18:11:20.969447+00:00
Qwen2.5-7B,belief_bank_facts,hidden,2,27416,belief_bank_constraints,mean,0,0,0,0,0,0,8.28343,3585.0,0.5571837444259625,0.6216809742463566,0.6437475667678891,0.5507610427559868,0.7296859933457535,4517.426,10,2026-09-18T18:11:20.969447+00:00
Qwen2.5-7B,belief_bank_facts,hidden,2,27416,belief_bank_constraints,std,0,0,0,0,0,0,0.562149494440758,0.0,0.04982011475530928,0.24783311820459156,0.03627827907842751,0.11771893267122409,0.023582711288702856,4517.426,10,2026-09-18T18:11:20.969447+00:00
Qwen2.5-7B,belief_bank_facts,hidden,2,27416,halu_eval,2,4978,10000,2489,2489,2812,7188,6.709,3585,0.2739841986455982,0.3453058321479374,0.5586,0.30553807426054125,0.49490272332344654,877.56,10,2026-09-18T18:11:20.969447+00:00
Qwen2.5-7B,belief_bank_facts,hidden,2,27416,halu_eval,4,4978,10000,2489,2489,2812,7188,7.9171,3585,0.28611369990680335,0.5458748221906117,0.4893,0.3754433166197872,0.5010795711360249,886.227,10,2026-09-18T18:11:20.969447+00:00
Qwen2.5-7B,belief_bank_facts,hidden,2,27416,halu_eval,24,4978,10000,2489,2489,2812,7188,7.7269,3585,0.28457772337821297,0.3307254623044097,0.578,0.3059210526315789,0.49774502668031356,894.708,10,2026-09-18T18:11:20.969447+00:00
Qwen2.5-7B,belief_bank_facts,hidden,2,27416,halu_eval,42,4978,10000,2489,2489,2812,7188,7.2129,3585,0.2752374641042633,0.44310099573257467,0.5153,0.3395557977926148,0.4930665222818812,902.674,10,2026-09-18T18:11:20.969447+00:00
Qwen2.5-7B,belief_bank_facts,hidden,2,27416,halu_eval,64,4978,10000,2489,2489,2812,7188,7.6349,3585,0.28170354508684275,0.42105263157894735,0.5353,0.3375623663578047,0.5020434721691202,911.059,10,2026-09-18T18:11:20.969447+00:00
Qwen2.5-7B,belief_bank_facts,hidden,2,27416,halu_eval,67,4978,10000,2489,2489,2812,7188,7.1418,3585,0.28231080660230456,0.6447368421052632,0.4392,0.3926792289365389,0.49854890421130205,918.95,10,2026-09-18T18:11:20.969447+00:00
Qwen2.5-7B,belief_bank_facts,hidden,2,27416,halu_eval,104,4978,10000,2489,2489,2812,7188,5.9431,3585,0.27938931297709924,0.39046941678520625,0.5454,0.32571937110649657,0.49873947787960177,925.646,10,2026-09-18T18:11:20.969447+00:00
Qwen2.5-7B,belief_bank_facts,hidden,2,27416,halu_eval,123,4978,10000,2489,2489,2812,7188,7.5843,3585,0.2851313440448865,0.39758179231863444,0.5503,0.3320956482994208,0.500811818100501,933.98,10,2026-09-18T18:11:20.969447+00:00
Qwen2.5-7B,belief_bank_facts,hidden,2,27416,halu_eval,420,4978,10000,2489,2489,2812,7188,8.0015,3585,0.2771436932982148,0.3367709815078236,0.5665,0.3040616471343715,0.4950234645065943,942.735,10,2026-09-18T18:11:20.969447+00:00
Qwen2.5-7B,belief_bank_facts,hidden,2,27416,halu_eval,511,4978,10000,2489,2489,2812,7188,7.941,3585,0.27936359382311654,0.42460881934566147,0.5302,0.3370025402201524,0.494109779536148,951.427,10,2026-09-18T18:11:20.969447+00:00
Qwen2.5-7B,belief_bank_facts,hidden,2,27416,halu_eval,mean,0,0,0,0,0,0,7.38125,3585.0,0.28049553818673423,0.42802275960170694,0.5308099999999999,0.3355579043359307,0.4976070759824934,4517.426,10,2026-09-18T18:11:20.969447+00:00
Qwen2.5-7B,belief_bank_facts,hidden,2,27416,halu_eval,std,0,0,0,0,0,0,0.6177443164449188,0.0,0.003978164591696777,0.09386923899192422,0.039041322979632746,0.02784979565002976,0.0030171989083881633,4517.426,10,2026-09-18T18:11:20.969447+00:00
Qwen2.5-7B,belief_bank_facts,hidden,3,27416,belief_bank_facts,2,4978,8225,2489,2489,1067,7158,7.8292,3585,0.8589211618257261,0.9700093720712277,0.9754407294832826,0.9110915492957746,0.9878219374551069,960.689,10,2026-09-18T18:11:20.969447+00:00
Qwen2.5-7B,belief_bank_facts,hidden,3,27416,belief_bank_facts,4,4978,8225,2489,2489,1067,7158,6.2883,3585,0.8646616541353384,0.9700093720712277,0.9764133738601823,0.9143109540636042,0.9903163119865361,967.677,10,2026-09-18T18:11:20.969447+00:00
Qwen2.5-7B,belief_bank_facts,hidden,3,27416,belief_bank_facts,24,4978,8225,2489,2489,1067,7158,7.366,3585,0.869602032176122,0.9625117150890347,0.9764133738601823,0.9137010676156584,0.9880881210371968,975.737,10,2026-09-18T18:11:20.969447+00:00
Qwen2.5-7B,belief_bank_facts,hidden,3,27416,belief_bank_facts,42,4978,8225,2489,2489,1067,7158,7.4257,3585,0.837620578778135,0.9765698219306467,0.9724012158054711,0.9017741237559498,0.9945485392897703,983.864,10,2026-09-18T18:11:20.969447+00:00
Qwen2.5-7B,belief_bank_facts,hidden,3,27416,belief_bank_facts,64,4978,8225,2489,2489,1067,7158,7.4777,3585,0.8459657701711492,0.9728209934395501,0.9734954407294832,0.9049694856146469,0.9922251611962211,992.041,10,2026-09-18T18:11:20.969447+00:00
Qwen2.5-7B,belief_bank_facts,hidden,3,27416,belief_bank_facts,67,4978,8225,2489,2489,1067,7158,7.5882,3585,0.8654970760233918,0.9709465791940018,0.9766565349544073,0.9151943462897526,0.9935281907136626,1000.326,10,2026-09-18T18:11:20.969447+00:00
Qwen2.5-7B,belief_bank_facts,hidden,3,27416,belief_bank_facts,104,4978,8225,2489,2489,1067,7158,7.1451,3585,0.8411290322580646,0.9775070290534208,0.9731306990881459,0.9042045947117469,0.9916333511661931,1008.166,10,2026-09-18T18:11:20.969447+00:00
Qwen2.5-7B,belief_bank_facts,hidden,3,27416,belief_bank_facts,123,4978,8225,2489,2489,1067,7158,6.6923,3585,0.814756671899529,0.9728209934395501,0.9677811550151976,0.8868005126014523,0.9922650952801055,1015.581,10,2026-09-18T18:11:20.969447+00:00
Qwen2.5-7B,belief_bank_facts,hidden,3,27416,belief_bank_facts,420,4978,8225,2489,2489,1067,7158,6.6238,3585,0.8341384863123994,0.9709465791940018,0.9711854103343465,0.8973581637072325,0.9894077788453054,1022.939,10,2026-09-18T18:11:20.969447+00:00
Qwen2.5-7B,belief_bank_facts,hidden,3,27416,belief_bank_facts,511,4978,8225,2489,2489,1067,7158,6.813,3585,0.8353413654618473,0.9746954076850984,0.9717933130699088,0.8996539792387543,0.9919674881565983,1030.489,10,2026-09-18T18:11:20.969447+00:00
Qwen2.5-7B,belief_bank_facts,hidden,3,27416,belief_bank_facts,mean,0,0,0,0,0,0,7.124930000000001,3585.0,0.8467633829041702,0.971883786316776,0.9734711246200607,0.9049058776894574,0.9911801975126696,4517.426,10,2026-09-18T18:11:20.969447+00:00
Qwen2.5-7B,belief_bank_facts,hidden,3,27416,belief_bank_facts,std,0,0,0,0,0,0,0.47112591108959395,0.0,0.01664622439511353,0.003998262231996545,0.0027021533021441137,0.00855911410105554,0.0021137535129668395,4517.426,10,2026-09-18T18:11:20.969447+00:00
Qwen2.5-7B,belief_bank_facts,hidden,3,27416,belief_bank_constraints,2,4978,25686,2489,2489,10018,15668,7.6187,3585,0.5186179326099372,0.9064683569574765,0.6353655687923382,0.6597646033129904,0.7481319685327197,1039.51,10,2026-09-18T18:11:20.969447+00:00
Qwen2.5-7B,belief_bank_facts,hidden,3,27416,belief_bank_constraints,4,4978,25686,2489,2489,10018,15668,6.0698,3585,0.5551294343240653,0.23118386903573568,0.6278906797477225,0.32642706131078225,0.638674925598564,1046.994,10,2026-09-18T18:11:20.969447+00:00
Qwen2.5-7B,belief_bank_facts,hidden,3,27416,belief_bank_constraints,24,4978,25686,2489,2489,10018,15668,7.2175,3585,0.575,0.21581153922938712,0.6319395779802227,0.3138336478443896,0.7013861773342066,1055.626,10,2026-09-18T18:11:20.969447+00:00
Qwen2.5-7B,belief_bank_facts,hidden,3,27416,belief_bank_constraints,42,4978,25686,2489,2489,10018,15668,7.4899,3585,0.3944954128440367,0.008584547813934917,0.6081912325780581,0.016803438843298164,0.630643626257011,1064.53,10,2026-09-18T18:11:20.969447+00:00
Qwen2.5-7B,belief_bank_facts,hidden,3,27416,belief_bank_constraints,64,4978,25686,2489,2489,10018,15668,7.3492,3585,0.41886409736308317,0.16490317428628468,0.5850657945962782,0.23664231485460535,0.5869035302449973,1073.293,10,2026-09-18T18:11:20.969447+00:00
Qwen2.5-7B,belief_bank_facts,hidden,3,27416,belief_bank_constraints,67,4978,25686,2489,2489,10018,15668,7.4096,3585,0.46788990825688076,0.020363345977240967,0.6088920034259908,0.039028123206428164,0.633954541768651,1082.117,10,2026-09-18T18:11:20.969447+00:00
Qwen2.5-7B,belief_bank_facts,hidden,3,27416,belief_bank_constraints,104,4978,25686,2489,2489,10018,15668,6.9655,3585,0.4798657718120805,0.028548612497504493,0.6090477302810869,0.053891087243263615,0.6111778795614918,1090.492,10,2026-09-18T18:11:20.969447+00:00
Qwen2.5-7B,belief_bank_facts,hidden,3,27416,belief_bank_constraints,123,4978,25686,2489,2489,10018,15668,6.5226,3585,0.570566037735849,0.301856658015572,0.6391030133146461,0.39482961222091656,0.663887979680996,1098.426,10,2026-09-18T18:11:20.969447+00:00
Qwen2.5-7B,belief_bank_facts,hidden,3,27416,belief_bank_constraints,420,4978,25686,2489,2489,10018,15668,6.6347,3585,0.5659540137152077,0.5601916550209622,0.6609047730281087,0.5630580917026187,0.6999758266368941,1106.467,10,2026-09-18T18:11:20.969447+00:00
Qwen2.5-7B,belief_bank_facts,hidden,3,27416,belief_bank_constraints,511,4978,25686,2489,2489,10018,15668,6.5842,3585,0.5056398288603656,0.12976642044320225,0.6111111111111112,0.20652950988958615,0.6604000786840006,1114.456,10,2026-09-18T18:11:20.969447+00:00
Qwen2.5-7B,belief_bank_facts,hidden,3,27416,belief_bank_constraints,mean,0,0,0,0,0,0,6.9861699999999995,3585.0,0.5052022437521506,0.25676781792773007,0.6217511484855563,0.2810807490428879,0.6575136534299533,4517.426,10,2026-09-18T18:11:20.969447+00:00
Qwen2.5-7B,belief_bank_facts,hidden,3,27416,belief_bank_constraints,std,0,0,0,0,0,0,0.48565469636357883,0.0,0.06103462260355283,0.26695997029560026,0.020323816714172962,0.20653336341387515,0.04555567827415711,4517.426,10,2026-09-18T18:11:20.969447+00:00
Qwen2.5-7B,belief_bank_facts,hidden,3,27416,halu_eval,2,4978,10000,2489,2489,2812,7188,7.7185,3585,0.2709904474610357,0.3833570412517781,0.5366,0.31752577319587627,0.48991176617263954,1122.96,10,2026-09-18T18:11:20.969447+00:00
Qwen2.5-7B,belief_bank_facts,hidden,3,27416,halu_eval,4,4978,10000,2489,2489,2812,7188,6.2158,3585,0.2833626338500879,0.6305120910384068,0.4477,0.3910023155805491,0.5061845657493009,1129.953,10,2026-09-18T18:11:20.969447+00:00
Qwen2.5-7B,belief_bank_facts,hidden,3,27416,halu_eval,24,4978,10000,2489,2489,2812,7188,6.3319,3585,0.27500674036128336,0.3627311522048364,0.5519,0.3128354546848643,0.4986854770595215,1137.057,10,2026-09-18T18:11:20.969447+00:00
Qwen2.5-7B,belief_bank_facts,hidden,3,27416,halu_eval,42,4978,10000,2489,2489,2812,7188,6.5658,3585,0.28087167070217917,0.33001422475106684,0.574,0.30346631785480704,0.5022047077830841,1144.399,10,2026-09-18T18:11:20.969447+00:00
Qwen2.5-7B,belief_bank_facts,hidden,3,27416,halu_eval,64,4978,10000,2489,2489,2812,7188,6.4554,3585,0.2792248385080225,0.47652916073968704,0.5069,0.35212192878728155,0.4969261585414603,1151.632,10,2026-09-18T18:11:20.969447+00:00
Qwen2.5-7B,belief_bank_facts,hidden,3,27416,halu_eval,67,4978,10000,2489,2489,2812,7188,6.5364,3585,0.2762480411909559,0.4388335704125178,0.5189,0.33905756285204014,0.5015425978654167,1158.946,10,2026-09-18T18:11:20.969447+00:00
Qwen2.5-7B,belief_bank_facts,hidden,3,27416,halu_eval,104,4978,10000,2489,2489,2812,7188,6.1233,3585,0.2920866395024662,0.484352773826458,0.5249,0.36441471571906353,0.5105356515244706,1165.845,10,2026-09-18T18:11:20.969447+00:00
Qwen2.5-7B,belief_bank_facts,hidden,3,27416,halu_eval,123,4978,10000,2489,2489,2812,7188,5.4779,3585,0.28617021276595744,0.5739687055476529,0.4776,0.3819214387127307,0.508510979457623,1172.101,10,2026-09-18T18:11:20.969447+00:00
Qwen2.5-7B,belief_bank_facts,hidden,3,27416,halu_eval,420,4978,10000,2489,2489,2812,7188,5.7797,3585,0.2840369722707969,0.4043385490753912,0.5459,0.33367571533382245,0.5007574956997239,1178.665,10,2026-09-18T18:11:20.969447+00:00
Qwen2.5-7B,belief_bank_facts,hidden,3,27416,halu_eval,511,4978,10000,2489,2489,2812,7188,5.9912,3585,0.271953296035028,0.39758179231863444,0.5313,0.32298136645962733,0.4918919364184499,1185.44,10,2026-09-18T18:11:20.969447+00:00
Qwen2.5-7B,belief_bank_facts,hidden,3,27416,halu_eval,mean,0,0,0,0,0,0,6.31959,3585.0,0.2799951492647813,0.448221906116643,0.52157,0.3419002589180663,0.5007151336271691,4517.426,10,2026-09-18T18:11:20.969447+00:00
Qwen2.5-7B,belief_bank_facts,hidden,3,27416,halu_eval,std,0,0,0,0,0,0,0.569230744865384,0.0,0.00630915683587527,0.09012002884035374,0.034935513449783434,0.028237890954422064,0.006348820282722032,4517.426,10,2026-09-18T18:11:20.969447+00:00
Qwen2.5-7B,belief_bank_facts,hidden,4,27416,belief_bank_facts,2,4978,8225,2489,2489,1067,7158,6.1809,3585,0.8625,0.9700093720712277,0.976048632218845,0.9131010145566828,0.986496911458673,1193.127,10,2026-09-18T18:11:20.969447+00:00
Qwen2.5-7B,belief_bank_facts,hidden,4,27416,belief_bank_facts,4,4978,8225,2489,2489,1067,7158,6.0907,3585,0.872895622895623,0.971883786316776,0.9779939209726444,0.9197339246119733,0.9909226554044693,1199.955,10,2026-09-18T18:11:20.969447+00:00
Qwen2.5-7B,belief_bank_facts,hidden,4,27416,belief_bank_facts,24,4978,8225,2489,2489,1067,7158,6.2305,3585,0.8735144312393888,0.9643861293345829,0.9772644376899696,0.9167037861915367,0.9905421686904737,1206.918,10,2026-09-18T18:11:20.969447+00:00
Qwen2.5-7B,belief_bank_facts,hidden,4,27416,belief_bank_facts,42,4978,8225,2489,2489,1067,7158,6.4224,3585,0.8497156783103168,0.9803186504217432,0.9749544072948328,0.9103568320278503,0.9957127814992853,1214.076,10,2026-09-18T18:11:20.969447+00:00
Qwen2.5-7B,belief_bank_facts,hidden,4,27416,belief_bank_facts,64,4978,8225,2489,2489,1067,7158,7.3796,3585,0.8600993377483444,0.9737582005623243,0.976048632218845,0.9134065934065934,0.9922809379822368,1222.194,10,2026-09-18T18:11:20.969447+00:00
Qwen2.5-7B,belief_bank_facts,hidden,4,27416,belief_bank_facts,67,4978,8225,2489,2489,1067,7158,6.6951,3585,0.8716442953020134,0.9737582005623243,0.9779939209726444,0.9198760513501549,0.9947454601493194,1229.619,10,2026-09-18T18:11:20.969447+00:00
Qwen2.5-7B,belief_bank_facts,hidden,4,27416,belief_bank_facts,104,4978,8225,2489,2489,1067,7158,6.2315,3585,0.8547990155865464,0.9765698219306467,0.9754407294832826,0.9116360454943132,0.992708167214091,1236.582,10,2026-09-18T18:11:20.969447+00:00
Qwen2.5-7B,belief_bank_facts,hidden,4,27416,belief_bank_facts,123,4978,8225,2489,2489,1067,7158,6.4437,3585,0.8161822466614297,0.9737582005623243,0.9681458966565349,0.888034188034188,0.9946531534964058,1243.76,10,2026-09-18T18:11:20.969447+00:00
Qwen2.5-7B,belief_bank_facts,hidden,4,27416,belief_bank_facts,420,4978,8225,2489,2489,1067,7158,6.7552,3585,0.8458401305057096,0.971883786316776,0.9733738601823708,0.9044919319668556,0.9915693257005552,1251.252,10,2026-09-18T18:11:20.969447+00:00
Qwen2.5-7B,belief_bank_facts,hidden,4,27416,belief_bank_facts,511,4978,8225,2489,2489,1067,7158,6.6833,3585,0.8477732793522267,0.9812558575445174,0.9747112462006079,0.9096437880104257,0.9935508418497677,1258.669,10,2026-09-18T18:11:20.969447+00:00
Qwen2.5-7B,belief_bank_facts,hidden,4,27416,belief_bank_facts,mean,0,0,0,0,0,0,6.51129,3585.0,0.8554964037601598,0.9737582005623242,0.9751975683890576,0.9106984155650574,0.9923182403445278,4517.426,10,2026-09-18T18:11:20.969447+00:00
Qwen2.5-7B,belief_bank_facts,hidden,4,27416,belief_bank_facts,std,0,0,0,0,0,0,0.36503105470630853,0.0,0.01640356745578133,0.00464839616406271,0.002734346234260132,0.00877118193027605,0.0025315942989741443,4517.426,10,2026-09-18T18:11:20.969447+00:00
Qwen2.5-7B,belief_bank_facts,hidden,4,27416,belief_bank_constraints,2,4978,25686,2489,2489,10018,15668,6.1573,3585,0.5893931667516573,0.5768616490317429,0.6782293856575566,0.5830600817232507,0.7386242101465257,1266.217,10,2026-09-18T18:11:20.969447+00:00
Qwen2.5-7B,belief_bank_facts,hidden,4,27416,belief_bank_constraints,4,4978,25686,2489,2489,10018,15668,6.0765,3585,0.5927195724513462,0.5867438610501098,0.6815775130421241,0.5897165788813644,0.7334913889744439,1273.679,10,2026-09-18T18:11:20.969447+00:00
Qwen2.5-7B,belief_bank_facts,hidden,4,27416,belief_bank_constraints,24,4978,25686,2489,2489,10018,15668,6.2372,3585,0.5460009246417014,0.11788780195647834,0.617729502452698,0.1939085460963796,0.7398475251567858,1281.303,10,2026-09-18T18:11:20.969447+00:00
Qwen2.5-7B,belief_bank_facts,hidden,4,27416,belief_bank_constraints,42,4978,25686,2489,2489,10018,15668,6.2183,3585,0.4507042253521127,0.006388500698742264,0.6094370474188274,0.012598425196850394,0.724260684864767,1288.915,10,2026-09-18T18:11:20.969447+00:00
Qwen2.5-7B,belief_bank_facts,hidden,4,27416,belief_bank_constraints,64,4978,25686,2489,2489,10018,15668,7.2969,3585,0.23275862068965517,0.0053902974645637855,0.605154558903683,0.01053658536585366,0.7155673464047584,1297.61,10,2026-09-18T18:11:20.969447+00:00
Qwen2.5-7B,belief_bank_facts,hidden,4,27416,belief_bank_constraints,67,4978,25686,2489,2489,10018,15668,6.8527,3585,0.3541666666666667,0.018666400479137552,0.6039866074904617,0.03546368291295278,0.7015949348359576,1305.862,10,2026-09-18T18:11:20.969447+00:00
Qwen2.5-7B,belief_bank_facts,hidden,4,27416,belief_bank_constraints,104,4978,25686,2489,2489,10018,15668,6.2885,3585,0.2459016393442623,0.004491914553803154,0.6063614420306782,0.008822664444662289,0.6673673499521132,1313.552,10,2026-09-18T18:11:20.969447+00:00
Qwen2.5-7B,belief_bank_facts,hidden,4,27416,belief_bank_constraints,123,4978,25686,2489,2489,10018,15668,6.5418,3585,0.5979821497865735,0.30764623677380715,0.6493031223234447,0.40627471658317954,0.7205810623339057,1321.492,10,2026-09-18T18:11:20.969447+00:00
Qwen2.5-7B,belief_bank_facts,hidden,4,27416,belief_bank_constraints,420,4978,25686,2489,2489,10018,15668,6.8831,3585,0.5965901968158456,0.47504491914553804,0.6699758623374601,0.5289247013059183,0.7302151060437396,1329.771,10,2026-09-18T18:11:20.969447+00:00
Qwen2.5-7B,belief_bank_facts,hidden,4,27416,belief_bank_constraints,511,4978,25686,2489,2489,10018,15668,6.8328,3585,0.531688241639698,0.39359153523657414,0.6282799968854629,0.4523345187564529,0.7053198039801015,1337.998,10,2026-09-18T18:11:20.969447+00:00
Qwen2.5-7B,belief_bank_facts,hidden,4,27416,belief_bank_constraints,mean,0,0,0,0,0,0,6.5385100000000005,3585.0,0.4737905404139518,0.2492713116390497,0.6350035038542396,0.2821640501266865,0.7176869412693099,4517.426,10,2026-09-18T18:11:20.969447+00:00
Qwen2.5-7B,belief_bank_facts,hidden,4,27416,belief_bank_constraints,std,0,0,0,0,0,0,0.38650121720377534,0.0,0.13836562557088672,0.23350375698461892,0.03022544554014397,0.24087174361558467,0.020823637857603845,4517.426,10,2026-09-18T18:11:20.969447+00:00
Qwen2.5-7B,belief_bank_facts,hidden,4,27416,halu_eval,2,4978,10000,2489,2489,2812,7188,6.2028,3585,0.27736256435808004,0.5938833570412517,0.4507,0.3781274765085475,0.49067156241119425,1344.96,10,2026-09-18T18:11:20.969447+00:00
Qwen2.5-7B,belief_bank_facts,hidden,4,27416,halu_eval,4,4978,10000,2489,2489,2812,7188,5.9716,3585,0.28197262859839545,0.42496443812233287,0.534,0.33900709219858155,0.5032798510002843,1351.692,10,2026-09-18T18:11:20.969447+00:00
Qwen2.5-7B,belief_bank_facts,hidden,4,27416,halu_eval,24,4978,10000,2489,2489,2812,7188,6.3639,3585,0.27537109966676765,0.3232574679943101,0.5705,0.29739898576803536,0.49127774202460084,1358.836,10,2026-09-18T18:11:20.969447+00:00
Qwen2.5-7B,belief_bank_facts,hidden,4,27416,halu_eval,42,4978,10000,2489,2489,2812,7188,6.5086,3585,0.2761411460019424,0.3033428165007112,0.5805,0.2891035417725809,0.4958940081897203,1366.121,10,2026-09-18T18:11:20.969447+00:00
Qwen2.5-7B,belief_bank_facts,hidden,4,27416,halu_eval,64,4978,10000,2489,2489,2812,7188,6.4666,3585,0.2787794729542302,0.35739687055476527,0.5593,0.3132304815334268,0.4961903819072565,1373.364,10,2026-09-18T18:11:20.969447+00:00
Qwen2.5-7B,belief_bank_facts,hidden,4,27416,halu_eval,67,4978,10000,2489,2489,2812,7188,5.952,3585,0.27727614747930773,0.5241820768136558,0.482,0.3626968503937008,0.49616737651894927,1380.088,10,2026-09-18T18:11:20.969447+00:00
Qwen2.5-7B,belief_bank_facts,hidden,4,27416,halu_eval,104,4978,10000,2489,2489,2812,7188,5.337,3585,0.2824345969033636,0.5643669985775249,0.4743,0.37646779741430436,0.5023790539946853,1386.204,10,2026-09-18T18:11:20.969447+00:00
Qwen2.5-7B,belief_bank_facts,hidden,4,27416,halu_eval,123,4978,10000,2489,2489,2812,7188,5.5689,3585,0.28020176544766706,0.39509246088193456,0.5445,0.32787369042349124,0.5013546215796677,1392.544,10,2026-09-18T18:11:20.969447+00:00
Qwen2.5-7B,belief_bank_facts,hidden,4,27416,halu_eval,420,4978,10000,2489,2489,2812,7188,5.9214,3585,0.2787928221859706,0.6077524893314367,0.4476,0.38224110937150524,0.4966741134861247,1399.239,10,2026-09-18T18:11:20.969447+00:00
Qwen2.5-7B,belief_bank_facts,hidden,4,27416,halu_eval,511,4978,10000,2489,2489,2812,7188,5.649,3585,0.274984857662023,0.484352773826458,0.4959,0.35080489375402446,0.4944832584099784,1405.664,10,2026-09-18T18:11:20.969447+00:00
Qwen2.5-7B,belief_bank_facts,hidden,4,27416,halu_eval,mean,0,0,0,0,0,0,5.99418,3585.0,0.2783317101257748,0.4578591749644382,0.51393,0.34169519191381986,0.49683719695224615,4517.426,10,2026-09-18T18:11:20.969447+00:00
Qwen2.5-7B,belief_bank_facts,hidden,4,27416,halu_eval,std,0,0,0,0,0,0,0.375167639329407,0.0,0.002466147865151397,0.10701516792064573,0.047265569921455516,0.032312549059376555,0.004109427470427467,4517.426,10,2026-09-18T18:11:20.969447+00:00
Qwen2.5-7B,belief_bank_facts,hidden,5,27416,belief_bank_facts,2,4978,8225,2489,2489,1067,7158,5.3442,3585,0.8761662425784563,0.9681349578256795,0.9781155015197568,0.9198575244879786,0.9864233279991871,1412.505,10,2026-09-18T18:11:20.969447+00:00
Qwen2.5-7B,belief_bank_facts,hidden,5,27416,belief_bank_facts,4,4978,8225,2489,2489,1067,7158,4.7289,3585,0.8818027210884354,0.971883786316776,0.9794528875379939,0.9246544806063308,0.9909221316787791,1417.966,10,2026-09-18T18:11:20.969447+00:00
Qwen2.5-7B,belief_bank_facts,hidden,5,27416,belief_bank_facts,24,4978,8225,2489,2489,1067,7158,5.8003,3585,0.8776550552251486,0.9681349578256795,0.9783586626139817,0.9206773618538324,0.9898115713525191,1424.498,10,2026-09-18T18:11:20.969447+00:00
Qwen2.5-7B,belief_bank_facts,hidden,5,27416,belief_bank_facts,42,4978,8225,2489,2489,1067,7158,6.8983,3585,0.8442292171105731,0.9803186504217432,0.9739817629179331,0.9071986123156982,0.9957922568727867,1432.128,10,2026-09-18T18:11:20.969447+00:00
Qwen2.5-7B,belief_bank_facts,hidden,5,27416,belief_bank_facts,64,4978,8225,2489,2489,1067,7158,7.1398,3585,0.862876254180602,0.9671977507029054,0.97580547112462,0.9120636323464427,0.9917574741547919,1440.001,10,2026-09-18T18:11:20.969447+00:00
Qwen2.5-7B,belief_bank_facts,hidden,5,27416,belief_bank_facts,67,4978,8225,2489,2489,1067,7158,5.9014,3585,0.8734283319362951,0.9765698219306467,0.9786018237082067,0.9221238938053097,0.9937189577963508,1446.633,10,2026-09-18T18:11:20.969447+00:00
Qwen2.5-7B,belief_bank_facts,hidden,5,27416,belief_bank_facts,104,4978,8225,2489,2489,1067,7158,5.8009,3585,0.858560794044665,0.9728209934395501,0.9756838905775076,0.9121265377855887,0.9924601830997385,1453.168,10,2026-09-18T18:11:20.969447+00:00
Qwen2.5-7B,belief_bank_facts,hidden,5,27416,belief_bank_facts,123,4978,8225,2489,2489,1067,7158,6.0819,3585,0.8173228346456692,0.9728209934395501,0.9682674772036474,0.8883183568677792,0.9932269175103233,1459.985,10,2026-09-18T18:11:20.969447+00:00
Qwen2.5-7B,belief_bank_facts,hidden,5,27416,belief_bank_facts,420,4978,8225,2489,2489,1067,7158,5.6595,3585,0.8406148867313916,0.9737582005623243,0.9726443768996961,0.9023013460703431,0.9900536635528555,1466.373,10,2026-09-18T18:11:20.969447+00:00
Qwen2.5-7B,belief_bank_facts,hidden,5,27416,belief_bank_facts,511,4978,8225,2489,2489,1067,7158,5.6079,3585,0.8392,0.9831302717900656,0.9733738601823708,0.9054812257229176,0.9930225335596875,1472.712,10,2026-09-18T18:11:20.969447+00:00
Qwen2.5-7B,belief_bank_facts,hidden,5,27416,belief_bank_facts,mean,0,0,0,0,0,0,5.896310000000001,3585.0,0.8571856337541236,0.973477038425492,0.9754285714285714,0.9114802971862221,0.9917189017577019,4517.426,10,2026-09-18T18:11:20.969447+00:00
Qwen2.5-7B,belief_bank_facts,hidden,5,27416,belief_bank_facts,std,0,0,0,0,0,0,0.6640762568410347,0.0,0.02009563472462888,0.004995410673378224,0.003280625274879438,0.01057079659731734,0.0024536884651162887,4517.426,10,2026-09-18T18:11:20.969447+00:00
Qwen2.5-7B,belief_bank_facts,hidden,5,27416,belief_bank_constraints,2,4978,25686,2489,2489,10018,15668,6.3003,3585,0.5403386454183267,0.10830505090836494,0.6162890290430585,0.18044237485448195,0.6852048174404275,1480.423,10,2026-09-18T18:11:20.969447+00:00
Qwen2.5-7B,belief_bank_facts,hidden,5,27416,belief_bank_constraints,4,4978,25686,2489,2489,10018,15668,5.6633,3585,0.6533883896040806,0.2685166699940108,0.6591528459082768,0.3806154934559604,0.6491982990739212,1487.492,10,2026-09-18T18:11:20.969447+00:00
Qwen2.5-7B,belief_bank_facts,hidden,5,27416,belief_bank_constraints,24,4978,25686,2489,2489,10018,15668,5.7749,3585,0.41796875,0.010680774605709722,0.6083469594331542,0.020829277788592563,0.7213977630665619,1494.673,10,2026-09-18T18:11:20.969447+00:00
Qwen2.5-7B,belief_bank_facts,hidden,5,27416,belief_bank_constraints,42,4978,25686,2489,2489,10018,15668,6.8842,3585,0.0,0.0,0.6099042279841158,0.0,0.6527002544258731,1502.963,10,2026-09-18T18:11:20.969447+00:00
Qwen2.5-7B,belief_bank_facts,hidden,5,27416,belief_bank_constraints,64,4978,25686,2489,2489,10018,15668,7.1468,3585,0.08695652173913043,0.00019964064683569574,0.6092423888499572,0.0003983666965441689,0.6370812152626166,1511.516,10,2026-09-18T18:11:20.969447+00:00
Qwen2.5-7B,belief_bank_facts,hidden,5,27416,belief_bank_constraints,67,4978,25686,2489,2489,10018,15668,5.7056,3585,0.357487922705314,0.007386703932920743,0.6076851202989956,0.014474327628361858,0.7108434521715903,1518.622,10,2026-09-18T18:11:20.969447+00:00
Qwen2.5-7B,belief_bank_facts,hidden,5,27416,belief_bank_constraints,104,4978,25686,2489,2489,10018,15668,5.7862,3585,0.5142857142857142,0.0017967658215212617,0.6100210231254379,0.0035810205908683975,0.5949950607160877,1525.808,10,2026-09-18T18:11:20.969447+00:00
Qwen2.5-7B,belief_bank_facts,hidden,5,27416,belief_bank_constraints,123,4978,25686,2489,2489,10018,15668,6.2479,3585,0.6178196692157212,0.3467758035536035,0.6615666121622674,0.44421712166741256,0.6837946037189224,1533.447,10,2026-09-18T18:11:20.969447+00:00
Qwen2.5-7B,belief_bank_facts,hidden,5,27416,belief_bank_constraints,420,4978,25686,2489,2489,10018,15668,5.6443,3585,0.5474020783373301,0.6835695747654222,0.6561551039476757,0.6079545454545454,0.7117015068562063,1540.481,10,2026-09-18T18:11:20.969447+00:00
Qwen2.5-7B,belief_bank_facts,hidden,5,27416,belief_bank_constraints,511,4978,25686,2489,2489,10018,15668,5.5629,3585,0.44339622641509435,0.01407466560191655,0.6085805497157984,0.02728328173374613,0.6849927725192941,1547.438,10,2026-09-18T18:11:20.969447+00:00
Qwen2.5-7B,belief_bank_facts,hidden,5,27416,belief_bank_constraints,mean,0,0,0,0,0,0,6.0716399999999995,3585.0,0.41790439177207117,0.14413056498303053,0.6246943860468737,0.16797958098705135,0.6731909745251501,4517.426,10,2026-09-18T18:11:20.969447+00:00
Qwen2.5-7B,belief_bank_facts,hidden,5,27416,belief_bank_constraints,std,0,0,0,0,0,0,0.5302140213159211,0.0,0.20614037665220614,0.21540330005495953,0.02257521447011455,0.21531245054048026,0.03746298196928177,4517.426,10,2026-09-18T18:11:20.969447+00:00
Qwen2.5-7B,belief_bank_facts,hidden,5,27416,halu_eval,2,4978,10000,2489,2489,2812,7188,6.2933,3585,0.2802853437094682,0.7684921763869133,0.38,0.41075841094848886,0.5003266765139623,1554.492,10,2026-09-18T18:11:20.969447+00:00
Qwen2.5-7B,belief_bank_facts,hidden,5,27416,halu_eval,4,4978,10000,2489,2489,2812,7188,5.6581,3585,0.28750672163470153,0.5704125177809388,0.4817,0.38231438445953997,0.5108294031224793,1560.91,10,2026-09-18T18:11:20.969447+00:00
Qwen2.5-7B,belief_bank_facts,hidden,5,27416,halu_eval,24,4978,10000,2489,2489,2812,7188,5.8004,3585,0.28390501319261213,0.38264580369843526,0.555,0.325961829748561,0.5029293033038311,1567.47,10,2026-09-18T18:11:20.969447+00:00
Qwen2.5-7B,belief_bank_facts,hidden,5,27416,halu_eval,42,4978,10000,2489,2489,2812,7188,6.8979,3585,0.28842643300474624,0.2809388335704125,0.6029,0.28463339938749777,0.503640070854617,1575.131,10,2026-09-18T18:11:20.969447+00:00
Qwen2.5-7B,belief_bank_facts,hidden,5,27416,halu_eval,64,4978,10000,2489,2489,2812,7188,7.3007,3585,0.2855436081242533,0.3399715504978663,0.5752,0.3103896103896104,0.502151374861374,1583.19,10,2026-09-18T18:11:20.969447+00:00
Qwen2.5-7B,belief_bank_facts,hidden,5,27416,halu_eval,67,4978,10000,2489,2489,2812,7188,6.0402,3585,0.27914469830111305,0.6778093883357041,0.4172,0.3954356846473029,0.500026518038995,1589.988,10,2026-09-18T18:11:20.969447+00:00
Qwen2.5-7B,belief_bank_facts,hidden,5,27416,halu_eval,104,4978,10000,2489,2489,2812,7188,5.0312,3585,0.2822065624311826,0.9114509246088194,0.3232,0.43097360013452163,0.5012364530420941,1595.786,10,2026-09-18T18:11:20.969447+00:00
Qwen2.5-7B,belief_bank_facts,hidden,5,27416,halu_eval,123,4978,10000,2489,2489,2812,7188,5.3647,3585,0.28506530380465644,0.35704125177809387,0.5674,0.31701926113040735,0.5040927822647355,1601.918,10,2026-09-18T18:11:20.969447+00:00
Qwen2.5-7B,belief_bank_facts,hidden,5,27416,halu_eval,420,4978,10000,2489,2489,2812,7188,4.7887,3585,0.28098142500693096,0.7208392603129445,0.4028,0.4043486933971674,0.5054250168805129,1607.474,10,2026-09-18T18:11:20.969447+00:00
Qwen2.5-7B,belief_bank_facts,hidden,5,27416,halu_eval,511,4978,10000,2489,2489,2812,7188,4.6894,3585,0.28300803673938,0.5259601706970128,0.492,0.3680019905449117,0.5026540302273981,1612.932,10,2026-09-18T18:11:20.969447+00:00
Qwen2.5-7B,belief_bank_facts,hidden,5,27416,halu_eval,mean,0,0,0,0,0,0,5.78646,3585.0,0.2836073145949044,0.553556187766714,0.47973999999999994,0.3629836864788009,0.5033311629109999,4517.426,10,2026-09-18T18:11:20.969447+00:00
Qwen2.5-7B,belief_bank_facts,hidden,5,27416,halu_eval,std,0,0,0,0,0,0,0.8254409648181994,0.0,0.002907917443507348,0.20162375371727959,0.0905910282533541,0.04738814039398682,0.00296024735798151,4517.426,10,2026-09-18T18:11:20.969447+00:00
Qwen2.5-7B,belief_bank_facts,hidden,6,27416,belief_bank_facts,2,4978,8225,2489,2489,1067,7158,5.614,3585,0.891961970613656,0.9671977507029054,0.9805471124620061,0.9280575539568345,0.9868131108441855,1619.974,10,2026-09-18T18:11:20.969447+00:00
Qwen2.5-7B,belief_bank_facts,hidden,6,27416,belief_bank_facts,4,4978,8225,2489,2489,1067,7158,4.949,3585,0.8664440734557596,0.9728209934395501,0.9770212765957447,0.9165562913907285,0.9907516589665898,1625.65,10,2026-09-18T18:11:20.969447+00:00
Qwen2.5-7B,belief_bank_facts,hidden,6,27416,belief_bank_facts,24,4978,8225,2489,2489,1067,7158,5.3911,3585,0.8678451178451179,0.9662605435801312,0.9765349544072949,0.9144124168514413,0.9905398119248674,1631.767,10,2026-09-18T18:11:20.969447+00:00
Qwen2.5-7B,belief_bank_facts,hidden,6,27416,belief_bank_facts,42,4978,8225,2489,2489,1067,7158,6.5299,3585,0.8464025869037995,0.9812558575445174,0.9744680851063829,0.9088541666666666,0.9960926135561682,1639.022,10,2026-09-18T18:11:20.969447+00:00
Qwen2.5-7B,belief_bank_facts,hidden,6,27416,belief_bank_facts,64,4978,8225,2489,2489,1067,7158,6.6838,3585,0.8571428571428571,0.9728209934395501,0.9754407294832826,0.9113257243195786,0.9917632351373851,1646.43,10,2026-09-18T18:11:20.969447+00:00
Qwen2.5-7B,belief_bank_facts,hidden,6,27416,belief_bank_facts,67,4978,8225,2489,2489,1067,7158,6.7652,3585,0.8657718120805369,0.9671977507029054,0.9762917933130699,0.9136786188579017,0.9931423358113414,1653.919,10,2026-09-18T18:11:20.969447+00:00
Qwen2.5-7B,belief_bank_facts,hidden,6,27416,belief_bank_facts,104,4978,8225,2489,2489,1067,7158,6.5029,3585,0.8531583264971287,0.9746954076850984,0.9749544072948328,0.9098862642169728,0.9928367418710572,1661.144,10,2026-09-18T18:11:20.969447+00:00
Qwen2.5-7B,belief_bank_facts,hidden,6,27416,belief_bank_facts,123,4978,8225,2489,2489,1067,7158,6.4834,3585,0.8375101050929669,0.9709465791940018,0.9717933130699088,0.8993055555555556,0.9937567969774743,1668.352,10,2026-09-18T18:11:20.969447+00:00
Qwen2.5-7B,belief_bank_facts,hidden,6,27416,belief_bank_facts,420,4978,8225,2489,2489,1067,7158,6.6856,3585,0.8457792207792207,0.9765698219306467,0.9738601823708206,0.9064810787298826,0.9917517131721987,1675.761,10,2026-09-18T18:11:20.969447+00:00
Qwen2.5-7B,belief_bank_facts,hidden,6,27416,belief_bank_facts,511,4978,8225,2489,2489,1067,7158,7.1282,3585,0.8449111470113085,0.9803186504217432,0.9741033434650456,0.9075921908893709,0.9943596052469983,1683.615,10,2026-09-18T18:11:20.969447+00:00
Qwen2.5-7B,belief_bank_facts,hidden,6,27416,belief_bank_facts,mean,0,0,0,0,0,0,6.2733099999999995,3585.0,0.8576927217422352,0.973008434864105,0.9755015197568389,0.9116149861434932,0.9921807623508266,4517.426,10,2026-09-18T18:11:20.969447+00:00
Qwen2.5-7B,belief_bank_facts,hidden,6,27416,belief_bank_facts,std,0,0,0,0,0,0,0.666389278800312,0.0,0.015100592143837716,0.005043532913617128,0.0022188033472381064,0.007152726591038075,0.0024040362656568945,4517.426,10,2026-09-18T18:11:20.969447+00:00
Qwen2.5-7B,belief_bank_facts,hidden,6,27416,belief_bank_constraints,2,4978,25686,2489,2489,10018,15668,6.5624,3585,0.5863557858376511,0.47444599720503094,0.6644864906953204,0.5244979033325977,0.6947227311492874,1691.572,10,2026-09-18T18:11:20.969447+00:00
Qwen2.5-7B,belief_bank_facts,hidden,6,27416,belief_bank_constraints,4,4978,25686,2489,2489,10018,15668,6.0675,3585,0.6520342612419701,0.060790576961469354,0.6210386981234914,0.11121256391526661,0.731676179201155,1699.031,10,2026-09-18T18:11:20.969447+00:00
Qwen2.5-7B,belief_bank_facts,hidden,6,27416,belief_bank_constraints,24,4978,25686,2489,2489,10018,15668,6.2694,3585,0.8503649635036497,0.046516270712717106,0.6249318695008954,0.08820745788377815,0.7770109475652531,1706.692,10,2026-09-18T18:11:20.969447+00:00
Qwen2.5-7B,belief_bank_facts,hidden,6,27416,belief_bank_constraints,42,4978,25686,2489,2489,10018,15668,7.4378,3585,0.48,0.0011978438810141745,0.6099431596978899,0.002389724186000199,0.6206401619795626,1715.527,10,2026-09-18T18:11:20.969447+00:00
Qwen2.5-7B,belief_bank_facts,hidden,6,27416,belief_bank_constraints,64,4978,25686,2489,2489,10018,15668,6.6632,3585,0.6666666666666666,0.0005989219405070872,0.610098886552986,0.0011967687244440013,0.6873426211680349,1723.58,10,2026-09-18T18:11:20.969447+00:00
Qwen2.5-7B,belief_bank_facts,hidden,6,27416,belief_bank_constraints,67,4978,25686,2489,2489,10018,15668,6.7528,3585,0.6508648302370276,0.4056697943701338,0.683329440161956,0.4998155208461444,0.7653553129513672,1731.717,10,2026-09-18T18:11:20.969447+00:00
Qwen2.5-7B,belief_bank_facts,hidden,6,27416,belief_bank_constraints,104,4978,25686,2489,2489,10018,15668,6.5106,3585,0.2265625,0.0028947893791175885,0.6072568714474811,0.005716538537354623,0.647677160432131,1739.619,10,2026-09-18T18:11:20.969447+00:00
Qwen2.5-7B,belief_bank_facts,hidden,6,27416,belief_bank_constraints,123,4978,25686,2489,2489,10018,15668,6.2792,3585,0.5238095238095238,0.020862447594330206,0.6107217939733707,0.04012671594508976,0.6570219749459908,1747.289,10,2026-09-18T18:11:20.969447+00:00
Qwen2.5-7B,belief_bank_facts,hidden,6,27416,belief_bank_constraints,420,4978,25686,2489,2489,10018,15668,6.6318,3585,0.6156315731207793,0.555100818526652,0.6913104414856343,0.583801375255892,0.7400643865295723,1755.312,10,2026-09-18T18:11:20.969447+00:00
Qwen2.5-7B,belief_bank_facts,hidden,6,27416,belief_bank_constraints,511,4978,25686,2489,2489,10018,15668,7.2972,3585,0.6058073031236252,0.13745258534637653,0.6287082457369774,0.22406639004149378,0.7200177222485358,1763.999,10,2026-09-18T18:11:20.969447+00:00
Qwen2.5-7B,belief_bank_facts,hidden,6,27416,belief_bank_constraints,mean,0,0,0,0,0,0,6.64719,3585.0,0.5858097407540893,0.1705530045917349,0.6351825897376002,0.20810309586680611,0.704152919817089,4517.426,10,2026-09-18T18:11:20.969447+00:00
Qwen2.5-7B,belief_bank_facts,hidden,6,27416,belief_bank_constraints,std,0,0,0,0,0,0,0.41221989386733876,0.0,0.1518331355845276,0.20787460577805514,0.03052640642164975,0.224649321936163,0.049101540730030487,4517.426,10,2026-09-18T18:11:20.969447+00:00
Qwen2.5-7B,belief_bank_facts,hidden,6,27416,halu_eval,2,4978,10000,2489,2489,2812,7188,6.5256,3585,0.28118417973320853,0.854551920341394,0.3448,0.4231378763866878,0.4943954174058075,1771.281,10,2026-09-18T18:11:20.969447+00:00
Qwen2.5-7B,belief_bank_facts,hidden,6,27416,halu_eval,4,4978,10000,2489,2489,2812,7188,6.0709,3585,0.27947336923997607,0.6642958748221907,0.424,0.3934288121314238,0.49586979068955606,1778.09,10,2026-09-18T18:11:20.969447+00:00
Qwen2.5-7B,belief_bank_facts,hidden,6,27416,halu_eval,24,4978,10000,2489,2489,2812,7188,6.3734,3585,0.27972560975609756,0.783072546230441,0.372,0.4122051666042681,0.5006825426604004,1785.208,10,2026-09-18T18:11:20.969447+00:00
Qwen2.5-7B,belief_bank_facts,hidden,6,27416,halu_eval,42,4978,10000,2489,2489,2812,7188,7.592,3585,0.2771167442662528,0.5714793741109531,0.4603,0.37324352572291253,0.4891801948244704,1793.542,10,2026-09-18T18:11:20.969447+00:00
Qwen2.5-7B,belief_bank_facts,hidden,6,27416,halu_eval,64,4978,10000,2489,2489,2812,7188,6.8651,3585,0.27173180592991913,0.5736130867709816,0.4478,0.3687700045724737,0.48700428088223535,1801.15,10,2026-09-18T18:11:20.969447+00:00
Qwen2.5-7B,belief_bank_facts,hidden,6,27416,halu_eval,67,4978,10000,2489,2489,2812,7188,6.7659,3585,0.2737065159809288,0.5512091038406828,0.4625,0.36578171091445427,0.4884425629170159,1808.658,10,2026-09-18T18:11:20.969447+00:00
Qwen2.5-7B,belief_bank_facts,hidden,6,27416,halu_eval,104,4978,10000,2489,2489,2812,7188,6.635,3585,0.2815750371471025,0.9434566145092461,0.3072,0.43370933464116396,0.4992081199026986,1816.033,10,2026-09-18T18:11:20.969447+00:00
Qwen2.5-7B,belief_bank_facts,hidden,6,27416,halu_eval,123,4978,10000,2489,2489,2812,7188,6.6342,3585,0.27928118393234674,0.4697724039829303,0.51,0.3503049588968443,0.48879457009509286,1823.409,10,2026-09-18T18:11:20.969447+00:00
Qwen2.5-7B,belief_bank_facts,hidden,6,27416,halu_eval,420,4978,10000,2489,2489,2812,7188,5.8951,3585,0.2760073742428233,0.7453769559032717,0.3786,0.40284451278108785,0.4875614565448499,1830.048,10,2026-09-18T18:11:20.969447+00:00
Qwen2.5-7B,belief_bank_facts,hidden,6,27416,halu_eval,511,4978,10000,2489,2489,2812,7188,6.3698,3585,0.27736510161177297,0.7037695590327169,0.4011,0.39790891726148586,0.48882413078221887,1837.171,10,2026-09-18T18:11:20.969447+00:00
Qwen2.5-7B,belief_bank_facts,hidden,6,27416,halu_eval,mean,0,0,0,0,0,0,6.572699999999999,3585.0,0.2777166921840428,0.6860597439544808,0.41083,0.3921334819912802,0.4919963066704346,4517.426,10,2026-09-18T18:11:20.969447+00:00
Qwen2.5-7B,belief_bank_facts,hidden,6,27416,halu_eval,std,0,0,0,0,0,0,0.44311537323816685,0.0,0.003029608756783887,0.14110205593817673,0.058508410506524625,0.025669398006135068,0.0048340683818234404,4517.426,10,2026-09-18T18:11:20.969447+00:00
Qwen2.5-7B,belief_bank_facts,hidden,7,27416,belief_bank_facts,2,4978,8225,2489,2489,1067,7158,5.089,3585,0.8818493150684932,0.9653233364573571,0.9787234042553191,0.9217002237136466,0.9891981576377668,1843.695,10,2026-09-18T18:11:20.969447+00:00
Qwen2.5-7B,belief_bank_facts,hidden,7,27416,belief_bank_facts,4,4978,8225,2489,2489,1067,7158,5.3176,3585,0.8692372170997485,0.971883786316776,0.977386018237082,0.9176991150442478,0.9929285247982805,1849.727,10,2026-09-18T18:11:20.969447+00:00
Qwen2.5-7B,belief_bank_facts,hidden,7,27416,belief_bank_facts,24,4978,8225,2489,2489,1067,7158,4.7259,3585,0.8839590443686007,0.9709465791940018,0.9796960486322188,0.925413130861992,0.9923302991285468,1855.164,10,2026-09-18T18:11:20.969447+00:00
Qwen2.5-7B,belief_bank_facts,hidden,7,27416,belief_bank_facts,42,4978,8225,2489,2489,1067,7158,5.1293,3585,0.8598360655737705,0.9831302717900656,0.9770212765957447,0.9173589855706166,0.9967665175881489,1861.011,10,2026-09-18T18:11:20.969447+00:00
Qwen2.5-7B,belief_bank_facts,hidden,7,27416,belief_bank_facts,64,4978,8225,2489,2489,1067,7158,5.4401,3585,0.8778625954198473,0.9700093720712277,0.9786018237082067,0.9216384683882458,0.9919478484432123,1867.166,10,2026-09-18T18:11:20.969447+00:00
Qwen2.5-7B,belief_bank_facts,hidden,7,27416,belief_bank_facts,67,4978,8225,2489,2489,1067,7158,5.0283,3585,0.8836023789294817,0.9746954076850984,0.9800607902735562,0.9269162210338681,0.9942375771611607,1872.914,10,2026-09-18T18:11:20.969447+00:00
Qwen2.5-7B,belief_bank_facts,hidden,7,27416,belief_bank_facts,104,4978,8225,2489,2489,1067,7158,5.5759,3585,0.8656716417910447,0.9784442361761949,0.9775075987841946,0.9186097668279807,0.9949647702821284,1879.206,10,2026-09-18T18:11:20.969447+00:00
Qwen2.5-7B,belief_bank_facts,hidden,7,27416,belief_bank_facts,123,4978,8225,2489,2489,1067,7158,5.6763,3585,0.8441558441558441,0.9746954076850984,0.9733738601823708,0.9047411918225315,0.9943546298529404,1885.601,10,2026-09-18T18:11:20.969447+00:00
Qwen2.5-7B,belief_bank_facts,hidden,7,27416,belief_bank_facts,420,4978,8225,2489,2489,1067,7158,5.8689,3585,0.8590272052761748,0.9765698219306467,0.9761702127659575,0.9140350877192982,0.9913985911255205,1892.184,10,2026-09-18T18:11:20.969447+00:00
Qwen2.5-7B,belief_bank_facts,hidden,7,27416,belief_bank_facts,511,4978,8225,2489,2489,1067,7158,6.2107,3585,0.8572600492206727,0.979381443298969,0.9761702127659575,0.9142607174103237,0.9945587519407311,1899.112,10,2026-09-18T18:11:20.969447+00:00
Qwen2.5-7B,belief_bank_facts,hidden,7,27416,belief_bank_facts,mean,0,0,0,0,0,0,5.4062,3585.0,0.8682461356903678,0.9745079662605434,0.9774711246200608,0.9182372908392752,0.9932685667958436,4517.426,10,2026-09-18T18:11:20.969447+00:00
Qwen2.5-7B,belief_bank_facts,hidden,7,27416,belief_bank_facts,std,0,0,0,0,0,0,0.4189234727250313,0.0,0.012745967806153153,0.004920114244950955,0.001867795375631222,0.006059641489616929,0.0020420864143512528,4517.426,10,2026-09-18T18:11:20.969447+00:00
Qwen2.5-7B,belief_bank_facts,hidden,7,27416,belief_bank_constraints,2,4978,25686,2489,2489,10018,15668,6.0067,3585,0.47843137254901963,0.04871231782790976,0.6082690960056062,0.08842181554629462,0.6256918998445127,1906.501,10,2026-09-18T18:11:20.969447+00:00
Qwen2.5-7B,belief_bank_facts,hidden,7,27416,belief_bank_constraints,4,4978,25686,2489,2489,10018,15668,6.0468,3585,0.4868421052631579,0.0036933519664603715,0.6099042279841158,0.007331087774915791,0.6607487107836989,1913.923,10,2026-09-18T18:11:20.969447+00:00
Qwen2.5-7B,belief_bank_facts,hidden,7,27416,belief_bank_constraints,24,4978,25686,2489,2489,10018,15668,5.6348,3585,0.3684210526315789,0.0006987422639249351,0.6097874328427937,0.0013948390953472153,0.7314573555702875,1920.932,10,2026-09-18T18:11:20.969447+00:00
Qwen2.5-7B,belief_bank_facts,hidden,7,27416,belief_bank_constraints,42,4978,25686,2489,2489,10018,15668,6.2074,3585,0.0,0.0,0.6098652962703418,0.0,0.6858906457526313,1928.514,10,2026-09-18T18:11:20.969447+00:00
Qwen2.5-7B,belief_bank_facts,hidden,7,27416,belief_bank_constraints,64,4978,25686,2489,2489,10018,15668,6.3397,3585,0.0,0.0,0.6099820914116639,0.0,0.5892672421196608,1936.226,10,2026-09-18T18:11:20.969447+00:00
Qwen2.5-7B,belief_bank_facts,hidden,7,27416,belief_bank_constraints,67,4978,25686,2489,2489,10018,15668,5.9363,3585,0.6363636363636364,0.0006987422639249351,0.610098886552986,0.001395951739954133,0.6981862823073688,1943.538,10,2026-09-18T18:11:20.969447+00:00
Qwen2.5-7B,belief_bank_facts,hidden,7,27416,belief_bank_constraints,104,4978,25686,2489,2489,10018,15668,5.5632,3585,0.2,9.982032341784787e-05,0.6098652962703418,0.00019954105557218397,0.5949714562804057,1950.473,10,2026-09-18T18:11:20.969447+00:00
Qwen2.5-7B,belief_bank_facts,hidden,7,27416,belief_bank_constraints,123,4978,25686,2489,2489,10018,15668,5.6745,3585,0.0,0.0,0.6099820914116639,0.0,0.6476261799478324,1957.517,10,2026-09-18T18:11:20.969447+00:00
Qwen2.5-7B,belief_bank_facts,hidden,7,27416,belief_bank_constraints,420,4978,25686,2489,2489,10018,15668,5.8566,3585,0.5352112676056338,0.011379516869634657,0.6105660671182745,0.022285211611768156,0.6053919195129644,1964.749,10,2026-09-18T18:11:20.969447+00:00
Qwen2.5-7B,belief_bank_facts,hidden,7,27416,belief_bank_constraints,511,4978,25686,2489,2489,10018,15668,5.9664,3585,0.0,0.0,0.6097485011290197,0.0,0.5217186483273176,1972.088,10,2026-09-18T18:11:20.969447+00:00
Qwen2.5-7B,belief_bank_facts,hidden,7,27416,belief_bank_constraints,mean,0,0,0,0,0,0,5.92324,3585.0,0.2705269434413027,0.006528249151527251,0.6098068986996807,0.01210284468238521,0.636095034044668,4517.426,10,2026-09-18T18:11:20.969447+00:00
Qwen2.5-7B,belief_bank_facts,hidden,7,27416,belief_bank_constraints,std,0,0,0,0,0,0,0.23613359439097167,0.0,0.2451953084990423,0.014459703443906954,0.0005574852850798295,0.026282957499078,0.058469243473078615,4517.426,10,2026-09-18T18:11:20.969447+00:00
Qwen2.5-7B,belief_bank_facts,hidden,7,27416,halu_eval,2,4978,10000,2489,2489,2812,7188,5.9597,3585,0.28174830790409544,0.8733997155049786,0.3383,0.4260560326134097,0.5043819822590362,1978.792,10,2026-09-18T18:11:20.969447+00:00
Qwen2.5-7B,belief_bank_facts,hidden,7,27416,halu_eval,4,4978,10000,2489,2489,2812,7188,6.271,3585,0.279839518555667,0.49608819345661453,0.4993,0.357829934590227,0.501232816706523,1985.806,10,2026-09-18T18:11:20.969447+00:00
Qwen2.5-7B,belief_bank_facts,hidden,7,27416,halu_eval,24,4978,10000,2489,2489,2812,7188,5.7365,3585,0.2819302386572253,0.7645803698435277,0.3862,0.41195631347001344,0.5036369787325327,1992.283,10,2026-09-18T18:11:20.969447+00:00
Qwen2.5-7B,belief_bank_facts,hidden,7,27416,halu_eval,42,4978,10000,2489,2489,2812,7188,6.3418,3585,0.28325451679398567,0.8307254623044097,0.3613,0.4224613437019622,0.5002362628642174,1999.367,10,2026-09-18T18:11:20.969447+00:00
Qwen2.5-7B,belief_bank_facts,hidden,7,27416,halu_eval,64,4978,10000,2489,2489,2812,7188,6.4725,3585,0.2828360504460166,0.6539829302987198,0.4364,0.394889413785699,0.5054599949655305,2006.578,10,2026-09-18T18:11:20.969447+00:00
Qwen2.5-7B,belief_bank_facts,hidden,7,27416,halu_eval,67,4978,10000,2489,2489,2812,7188,6.0581,3585,0.2799865229110512,0.5910384068278806,0.4576,0.37997256515775035,0.5008774947735717,2013.375,10,2026-09-18T18:11:20.969447+00:00
Qwen2.5-7B,belief_bank_facts,hidden,7,27416,halu_eval,104,4978,10000,2489,2489,2812,7188,5.7161,3585,0.2808432208270937,0.8669985775248933,0.3383,0.4242582441486122,0.5025395474993488,2019.833,10,2026-09-18T18:11:20.969447+00:00
Qwen2.5-7B,belief_bank_facts,hidden,7,27416,halu_eval,123,4978,10000,2489,2489,2812,7188,5.6775,3585,0.283461148893069,0.6966571834992887,0.4195,0.40296204875038566,0.5018660338354346,2026.248,10,2026-09-18T18:11:20.969447+00:00
Qwen2.5-7B,belief_bank_facts,hidden,7,27416,halu_eval,420,4978,10000,2489,2489,2812,7188,5.9681,3585,0.28064213733302085,0.8517069701280228,0.3444,0.4221752159351313,0.5012634658206225,2032.953,10,2026-09-18T18:11:20.969447+00:00
Qwen2.5-7B,belief_bank_facts,hidden,7,27416,halu_eval,511,4978,10000,2489,2489,2812,7188,6.2917,3585,0.2814627196454013,0.6322901849217639,0.4427,0.3895278781903823,0.4984170066516741,2039.987,10,2026-09-18T18:11:20.969447+00:00
Qwen2.5-7B,belief_bank_facts,hidden,7,27416,halu_eval,mean,0,0,0,0,0,0,6.0493,3585.0,0.2816004381966626,0.72574679943101,0.4024,0.40320889903435725,0.5019911584108491,4517.426,10,2026-09-18T18:11:20.969447+00:00
Qwen2.5-7B,belief_bank_facts,hidden,7,27416,halu_eval,std,0,0,0,0,0,0,0.2709914205283997,0.0,0.001227674115851997,0.12480697203712794,0.05389101966005097,0.021511820544836226,0.001974159606510205,4517.426,10,2026-09-18T18:11:20.969447+00:00
Qwen2.5-7B,belief_bank_facts,hidden,8,27416,belief_bank_facts,2,4978,8225,2489,2489,1067,7158,4.2889,3585,0.8797629127857748,0.9737582005623243,0.9793313069908814,0.9243772241992882,0.9929841706528737,2045.686,10,2026-09-18T18:11:20.969447+00:00
Qwen2.5-7B,belief_bank_facts,hidden,8,27416,belief_bank_facts,4,4978,8225,2489,2489,1067,7158,4.6865,3585,0.8935622317596567,0.9756326148078726,0.9817629179331308,0.9327956989247311,0.9966088761553716,2051.086,10,2026-09-18T18:11:20.969447+00:00
Qwen2.5-7B,belief_bank_facts,hidden,8,27416,belief_bank_facts,24,4978,8225,2489,2489,1067,7158,4.0808,3585,0.9135802469135802,0.9709465791940018,0.9843161094224924,0.9413902771467515,0.9945760348885105,2055.881,10,2026-09-18T18:11:20.969447+00:00
Qwen2.5-7B,belief_bank_facts,hidden,8,27416,belief_bank_facts,42,4978,8225,2489,2489,1067,7158,4.3438,3585,0.8524193548387097,0.9906279287722587,0.9765349544072949,0.9163415691374079,0.9977602870854744,2060.936,10,2026-09-18T18:11:20.969447+00:00
Qwen2.5-7B,belief_bank_facts,hidden,8,27416,belief_bank_facts,64,4978,8225,2489,2489,1067,7158,4.6235,3585,0.8899398108340498,0.9700093720712277,0.9805471124620061,0.9282511210762332,0.9934073410106282,2066.273,10,2026-09-18T18:11:20.969447+00:00
Qwen2.5-7B,belief_bank_facts,hidden,8,27416,belief_bank_facts,67,4978,8225,2489,2489,1067,7158,4.6252,3585,0.8969957081545065,0.979381443298969,0.9827355623100303,0.9363799283154122,0.997004158120118,2071.608,10,2026-09-18T18:11:20.969447+00:00
Qwen2.5-7B,belief_bank_facts,hidden,8,27416,belief_bank_facts,104,4978,8225,2489,2489,1067,7158,4.1101,3585,0.8968185726569218,0.9775070290534208,0.9824924012158055,0.9354260089686098,0.9962566706286515,2076.423,10,2026-09-18T18:11:20.969447+00:00
Qwen2.5-7B,belief_bank_facts,hidden,8,27416,belief_bank_facts,123,4978,8225,2489,2489,1067,7158,4.1111,3585,0.8640132669983416,0.9765698219306467,0.9770212765957447,0.9168499780026397,0.9953443404761662,2081.246,10,2026-09-18T18:11:20.969447+00:00
Qwen2.5-7B,belief_bank_facts,hidden,8,27416,belief_bank_facts,420,4978,8225,2489,2489,1067,7158,4.9312,3585,0.8761506276150628,0.9812558575445174,0.9795744680851064,0.9257294429708223,0.9950024785318293,2086.881,10,2026-09-18T18:11:20.969447+00:00
Qwen2.5-7B,belief_bank_facts,hidden,8,27416,belief_bank_facts,511,4978,8225,2489,2489,1067,7158,4.4675,3585,0.8715824357912179,0.985941893158388,0.9793313069908814,0.9252418645558487,0.996349631938678,2092.056,10,2026-09-18T18:11:20.969447+00:00
Qwen2.5-7B,belief_bank_facts,hidden,8,27416,belief_bank_facts,mean,0,0,0,0,0,0,4.42686,3585.0,0.8834825168347822,0.9781630740393628,0.9803647416413372,0.9282783113297745,0.9955293989488302,4517.426,10,2026-09-18T18:11:20.969447+00:00
Qwen2.5-7B,belief_bank_facts,hidden,8,27416,belief_bank_facts,std,0,0,0,0,0,0,0.27334230261706643,0.0,0.01721279490447036,0.006117744674926935,0.0023739360717041406,0.007829973138023121,0.0014738000390878828,4517.426,10,2026-09-18T18:11:20.969447+00:00
Qwen2.5-7B,belief_bank_facts,hidden,8,27416,belief_bank_constraints,2,4978,25686,2489,2489,10018,15668,5.1103,3585,0.8174296745725317,0.14793371930525054,0.6547924939655844,0.25052827318062715,0.7593490830622827,2098.54,10,2026-09-18T18:11:20.969447+00:00
Qwen2.5-7B,belief_bank_facts,hidden,8,27416,belief_bank_constraints,4,4978,25686,2489,2489,10018,15668,5.6442,3585,0.0,0.0,0.6095927742739236,0.0,0.6358840275912854,2105.556,10,2026-09-18T18:11:20.969447+00:00
Qwen2.5-7B,belief_bank_facts,hidden,8,27416,belief_bank_constraints,24,4978,25686,2489,2489,10018,15668,5.0195,3585,0.6896551724137931,0.0019964064683569574,0.6104103402631784,0.003981287946650741,0.7777601096683106,2111.945,10,2026-09-18T18:11:20.969447+00:00
Qwen2.5-7B,belief_bank_facts,hidden,8,27416,belief_bank_constraints,42,4978,25686,2489,2489,10018,15668,5.1002,3585,0.0,0.0,0.6099820914116639,0.0,0.7790891827439738,2118.407,10,2026-09-18T18:11:20.969447+00:00
Qwen2.5-7B,belief_bank_facts,hidden,8,27416,belief_bank_constraints,64,4978,25686,2489,2489,10018,15668,5.523,3585,0.0,0.0,0.6098263645565678,0.0,0.7255153641494836,2125.301,10,2026-09-18T18:11:20.969447+00:00
Qwen2.5-7B,belief_bank_facts,hidden,8,27416,belief_bank_constraints,67,4978,25686,2489,2489,10018,15668,5.6739,3585,0.7272727272727273,0.008784188460770613,0.6121233356692362,0.017358713877108196,0.7769202632096538,2132.338,10,2026-09-18T18:11:20.969447+00:00
Qwen2.5-7B,belief_bank_facts,hidden,8,27416,belief_bank_constraints,104,4978,25686,2489,2489,10018,15668,5.0282,3585,0.0,0.0,0.6099820914116639,0.0,0.7438610883356092,2138.728,10,2026-09-18T18:11:20.969447+00:00
Qwen2.5-7B,belief_bank_facts,hidden,8,27416,belief_bank_constraints,123,4978,25686,2489,2489,10018,15668,4.9882,3585,0.08333333333333333,9.982032341784787e-05,0.6095927742739236,0.00019940179461615153,0.7230401348545301,2145.084,10,2026-09-18T18:11:20.969447+00:00
Qwen2.5-7B,belief_bank_facts,hidden,8,27416,belief_bank_constraints,420,4978,25686,2489,2489,10018,15668,4.948,3585,0.6708860759493671,0.005290477141145937,0.611033247683563,0.010498167772605725,0.6885617823072925,2151.397,10,2026-09-18T18:11:20.969447+00:00
Qwen2.5-7B,belief_bank_facts,hidden,8,27416,belief_bank_constraints,511,4978,25686,2489,2489,10018,15668,4.4653,3585,0.3695652173913043,0.0033938909962068276,0.6090477302810869,0.006726013847675569,0.7126023808153747,2157.23,10,2026-09-18T18:11:20.969447+00:00
Qwen2.5-7B,belief_bank_facts,hidden,8,27416,belief_bank_constraints,mean,0,0,0,0,0,0,5.150080000000001,3585.0,0.3358142200933057,0.016749850269514872,0.6146383243790392,0.02892918584192835,0.7322583416737796,4517.426,10,2026-09-18T18:11:20.969447+00:00
Qwen2.5-7B,belief_bank_facts,hidden,8,27416,belief_bank_constraints,std,0,0,0,0,0,0,0.3506497876799584,0.0,0.33743744110982693,0.0438172063021438,0.013409850086336718,0.07407300714782457,0.043406169372321696,4517.426,10,2026-09-18T18:11:20.969447+00:00
Qwen2.5-7B,belief_bank_facts,hidden,8,27416,halu_eval,2,4978,10000,2489,2489,2812,7188,5.0728,3585,0.2862116991643454,0.43847795163584635,0.5346,0.3463483146067416,0.5059886488940395,2163.033,10,2026-09-18T18:11:20.969447+00:00
Qwen2.5-7B,belief_bank_facts,hidden,8,27416,halu_eval,4,4978,10000,2489,2489,2812,7188,5.4447,3585,0.27956989247311825,0.45305832147937414,0.5179,0.345772832134618,0.5049592938206636,2169.21,10,2026-09-18T18:11:20.969447+00:00
Qwen2.5-7B,belief_bank_facts,hidden,8,27416,halu_eval,24,4978,10000,2489,2489,2812,7188,4.9903,3585,0.28264975715056667,0.7450213371266002,0.3966,0.40982003129890454,0.5059593108397036,2174.934,10,2026-09-18T18:11:20.969447+00:00
Qwen2.5-7B,belief_bank_facts,hidden,8,27416,halu_eval,42,4978,10000,2489,2489,2812,7188,5.2921,3585,0.2873641304347826,0.6017069701280228,0.4684,0.3889655172413793,0.5074638879719716,2180.954,10,2026-09-18T18:11:20.969447+00:00
Qwen2.5-7B,belief_bank_facts,hidden,8,27416,halu_eval,64,4978,10000,2489,2489,2812,7188,5.6549,3585,0.28916201117318435,0.4601706970128023,0.5301,0.35515301221353096,0.5092004484714923,2187.343,10,2026-09-18T18:11:20.969447+00:00
Qwen2.5-7B,belief_bank_facts,hidden,8,27416,halu_eval,67,4978,10000,2489,2489,2812,7188,5.7758,3585,0.285078318219291,0.6148648648648649,0.4581,0.3895460177988059,0.5064151638458598,2193.858,10,2026-09-18T18:11:20.969447+00:00
Qwen2.5-7B,belief_bank_facts,hidden,8,27416,halu_eval,104,4978,10000,2489,2489,2812,7188,5.1011,3585,0.283686837180287,0.6468705547652916,0.4414,0.39440589765828277,0.5058865841282808,2199.69,10,2026-09-18T18:11:20.969447+00:00
Qwen2.5-7B,belief_bank_facts,hidden,8,27416,halu_eval,123,4978,10000,2489,2489,2812,7188,5.082,3585,0.284375,0.3883357041251778,0.5532,0.32832230907997595,0.5073951933877467,2205.507,10,2026-09-18T18:11:20.969447+00:00
Qwen2.5-7B,belief_bank_facts,hidden,8,27416,halu_eval,420,4978,10000,2489,2489,2812,7188,5.0303,3585,0.28159913851123974,0.7439544807965861,0.3943,0.4085538521628747,0.5049511306183612,2211.269,10,2026-09-18T18:11:20.969447+00:00
Qwen2.5-7B,belief_bank_facts,hidden,8,27416,halu_eval,511,4978,10000,2489,2489,2812,7188,4.457,3585,0.2907231555880205,0.283072546230441,0.6042,0.28684684684684686,0.5046777622891321,2216.461,10,2026-09-18T18:11:20.969447+00:00
Qwen2.5-7B,belief_bank_facts,hidden,8,27416,halu_eval,mean,0,0,0,0,0,0,5.1901,3585.0,0.28504199398948354,0.5375533428165007,0.48988,0.3653734631041961,0.506289742426725,4517.426,10,2026-09-18T18:11:20.969447+00:00
Qwen2.5-7B,belief_bank_facts,hidden,8,27416,halu_eval,std,0,0,0,0,0,0,0.3564500357693908,0.0,0.0032528950631938187,0.1475321001535186,0.06568066382124954,0.03770098035871014,0.0013270800199556784,4517.426,10,2026-09-18T18:11:20.969447+00:00
Qwen2.5-7B,belief_bank_facts,hidden,9,27416,belief_bank_facts,2,4978,8225,2489,2489,1067,7158,4.5655,3585,0.8820033955857386,0.9737582005623243,0.9796960486322188,0.9256124721603564,0.993614474521138,2222.463,10,2026-09-18T18:11:20.969447+00:00
Qwen2.5-7B,belief_bank_facts,hidden,9,27416,belief_bank_facts,4,4978,8225,2489,2489,1067,7158,4.3116,3585,0.8967297762478486,0.9765698219306467,0.982370820668693,0.9349484073575595,0.9971092960524438,2227.463,10,2026-09-18T18:11:20.969447+00:00
Qwen2.5-7B,belief_bank_facts,hidden,9,27416,belief_bank_facts,24,4978,8225,2489,2489,1067,7158,4.2697,3585,0.9254658385093167,0.9775070290534208,0.9868693009118541,0.95077484047402,0.9954388729632635,2232.428,10,2026-09-18T18:11:20.969447+00:00
Qwen2.5-7B,belief_bank_facts,hidden,9,27416,belief_bank_facts,42,4978,8225,2489,2489,1067,7158,4.6317,3585,0.8699588477366255,0.9906279287722587,0.9795744680851064,0.9263803680981595,0.9983514424583894,2237.758,10,2026-09-18T18:11:20.969447+00:00
Qwen2.5-7B,belief_bank_facts,hidden,9,27416,belief_bank_facts,64,4978,8225,2489,2489,1067,7158,4.3002,3585,0.8962834917891098,0.971883786316776,0.9817629179331308,0.9325539568345323,0.9933321863740716,2242.764,10,2026-09-18T18:11:20.969447+00:00
Qwen2.5-7B,belief_bank_facts,hidden,9,27416,belief_bank_facts,67,4978,8225,2489,2489,1067,7158,3.4346,3585,0.8946917808219178,0.979381443298969,0.982370820668693,0.9351230425055929,0.9972465121832997,2246.901,10,2026-09-18T18:11:20.969447+00:00
Qwen2.5-7B,belief_bank_facts,hidden,9,27416,belief_bank_facts,104,4978,8225,2489,2489,1067,7158,3.504,3585,0.9008620689655172,0.979381443298969,0.9833434650455927,0.9384822631342613,0.9965081898914133,2251.114,10,2026-09-18T18:11:20.969447+00:00
Qwen2.5-7B,belief_bank_facts,hidden,9,27416,belief_bank_facts,123,4978,8225,2489,2489,1067,7158,3.9799,3585,0.8715596330275229,0.979381443298969,0.9786018237082067,0.9223300970873787,0.9961354281313494,2255.797,10,2026-09-18T18:11:20.969447+00:00
Qwen2.5-7B,belief_bank_facts,hidden,9,27416,belief_bank_facts,420,4978,8225,2489,2489,1067,7158,4.2624,3585,0.8870967741935484,0.979381443298969,0.9811550151975684,0.9309576837416481,0.9953112148262554,2260.768,10,2026-09-18T18:11:20.969447+00:00
Qwen2.5-7B,belief_bank_facts,hidden,9,27416,belief_bank_facts,511,4978,8225,2489,2489,1067,7158,3.6271,3585,0.8645320197044335,0.9868791002811621,0.9782370820668693,0.9216630196936543,0.9955935029733217,2265.101,10,2026-09-18T18:11:20.969447+00:00
Qwen2.5-7B,belief_bank_facts,hidden,9,27416,belief_bank_facts,mean,0,0,0,0,0,0,4.08867,3585.0,0.888918362658158,0.9794751640112462,0.9813981762917934,0.9318826151087162,0.9958641120374946,4517.426,10,2026-09-18T18:11:20.969447+00:00
Qwen2.5-7B,belief_bank_facts,hidden,9,27416,belief_bank_facts,std,0,0,0,0,0,0,0.40916616196846006,0.0,0.017127706079270884,0.005309094297382775,0.0024461570995665386,0.008288288898453022,0.0014888936867274672,4517.426,10,2026-09-18T18:11:20.969447+00:00
Qwen2.5-7B,belief_bank_facts,hidden,9,27416,belief_bank_constraints,2,4978,25686,2489,2489,10018,15668,4.5058,3585,0.9827586206896551,0.0056897584348173285,0.6121622673830102,0.01131401349741961,0.7092544372389082,2270.977,10,2026-09-18T18:11:20.969447+00:00
Qwen2.5-7B,belief_bank_facts,hidden,9,27416,belief_bank_constraints,4,4978,25686,2489,2489,10018,15668,4.2438,3585,0.0,0.0,0.6099042279841158,0.0,0.5448429296502956,2276.589,10,2026-09-18T18:11:20.969447+00:00
Qwen2.5-7B,belief_bank_facts,hidden,9,27416,belief_bank_constraints,24,4978,25686,2489,2489,10018,15668,5.1101,3585,0.9333333333333333,0.0013974845278498702,0.6104882036907264,0.002790790391707366,0.6319393728001366,2283.064,10,2026-09-18T18:11:20.969447+00:00
Qwen2.5-7B,belief_bank_facts,hidden,9,27416,belief_bank_constraints,42,4978,25686,2489,2489,10018,15668,5.4018,3585,1.0,0.00019964064683569574,0.610059954839212,0.0003992015968063872,0.619351984146178,2289.833,10,2026-09-18T18:11:20.969447+00:00
Qwen2.5-7B,belief_bank_facts,hidden,9,27416,belief_bank_constraints,64,4978,25686,2489,2489,10018,15668,5.1798,3585,1.0,9.982032341784787e-05,0.6100210231254379,0.00019962072063080147,0.476525901577314,2296.382,10,2026-09-18T18:11:20.969447+00:00
Qwen2.5-7B,belief_bank_facts,hidden,9,27416,belief_bank_constraints,67,4978,25686,2489,2489,10018,15668,4.2034,3585,1.0,0.0002994609702535436,0.610098886552986,0.0005987426404550444,0.7064070096343814,2301.953,10,2026-09-18T18:11:20.969447+00:00
Qwen2.5-7B,belief_bank_facts,hidden,9,27416,belief_bank_constraints,104,4978,25686,2489,2489,10018,15668,4.3846,3585,1.0,0.00019964064683569574,0.610059954839212,0.0003992015968063872,0.6708649666749965,2307.7,10,2026-09-18T18:11:20.969447+00:00
Qwen2.5-7B,belief_bank_facts,hidden,9,27416,belief_bank_constraints,123,4978,25686,2489,2489,10018,15668,4.9998,3585,0.5714285714285714,0.0003992812936713915,0.6100210231254379,0.0007980049875311721,0.6774020447136946,2314.064,10,2026-09-18T18:11:20.969447+00:00
Qwen2.5-7B,belief_bank_facts,hidden,9,27416,belief_bank_constraints,420,4978,25686,2489,2489,10018,15668,5.1394,3585,0.4,0.00019964064683569574,0.6099431596978899,0.00039908211114436795,0.6425281761147525,2320.569,10,2026-09-18T18:11:20.969447+00:00
Qwen2.5-7B,belief_bank_facts,hidden,9,27416,belief_bank_constraints,511,4978,25686,2489,2489,10018,15668,4.4846,3585,0.551063829787234,0.0258534637652226,0.6118508136728179,0.04938977879481312,0.6137588987766875,2326.422,10,2026-09-18T18:11:20.969447+00:00
Qwen2.5-7B,belief_bank_facts,hidden,9,27416,belief_bank_constraints,mean,0,0,0,0,0,0,4.76531,3585.0,0.7438584355238793,0.003433819125573967,0.6104609514910846,0.0066288436337314256,0.6292875721327345,4517.426,10,2026-09-18T18:11:20.969447+00:00
Qwen2.5-7B,belief_bank_facts,hidden,9,27416,belief_bank_constraints,std,0,0,0,0,0,0,0.42065778121889047,0.0,0.33073763822632607,0.007649806536932893,0.0007902370731530525,0.014619313000716361,0.06882951129017387,4517.426,10,2026-09-18T18:11:20.969447+00:00
Qwen2.5-7B,belief_bank_facts,hidden,9,27416,halu_eval,2,4978,10000,2489,2489,2812,7188,4.4875,3585,0.2824956672443674,0.17389758179231862,0.6435,0.21527624917455426,0.5049555832741625,2331.646,10,2026-09-18T18:11:20.969447+00:00
Qwen2.5-7B,belief_bank_facts,hidden,9,27416,halu_eval,4,4978,10000,2489,2489,2812,7188,4.2257,3585,0.286261369076113,0.21266002844950213,0.6295,0.2440318302387268,0.507199227058532,2336.607,10,2026-09-18T18:11:20.969447+00:00
Qwen2.5-7B,belief_bank_facts,hidden,9,27416,halu_eval,24,4978,10000,2489,2489,2812,7188,5.0607,3585,0.2862618519265685,0.5046230440967283,0.5069,0.36529797914789547,0.504397566554341,2342.401,10,2026-09-18T18:11:20.969447+00:00
Qwen2.5-7B,belief_bank_facts,hidden,9,27416,halu_eval,42,4978,10000,2489,2489,2812,7188,5.2737,3585,0.2788156503348608,0.28129445234708395,0.5933,0.28004956629491945,0.5043440852107709,2348.408,10,2026-09-18T18:11:20.969447+00:00
Qwen2.5-7B,belief_bank_facts,hidden,9,27416,halu_eval,64,4978,10000,2489,2489,2812,7188,5.3135,3585,0.27300995024875624,0.15611664295874822,0.6458,0.19864253393665157,0.5042981981190399,2354.456,10,2026-09-18T18:11:20.969447+00:00
Qwen2.5-7B,belief_bank_facts,hidden,9,27416,halu_eval,67,4978,10000,2489,2489,2812,7188,4.4464,3585,0.28252032520325204,0.14829302987197723,0.6546,0.19449626865671643,0.5061761057032782,2359.639,10,2026-09-18T18:11:20.969447+00:00
Qwen2.5-7B,belief_bank_facts,hidden,9,27416,halu_eval,104,4978,10000,2489,2489,2812,7188,4.4663,3585,0.2990692027519223,0.2628022759601707,0.6195,0.27976528487601743,0.5066782415927922,2364.839,10,2026-09-18T18:11:20.969447+00:00
Qwen2.5-7B,belief_bank_facts,hidden,9,27416,halu_eval,123,4978,10000,2489,2489,2812,7188,5.0716,3585,0.2706299911268855,0.10846372688477951,0.6671,0.15486164001015487,0.5033591082735489,2370.643,10,2026-09-18T18:11:20.969447+00:00
Qwen2.5-7B,belief_bank_facts,hidden,9,27416,halu_eval,420,4978,10000,2489,2489,2812,7188,5.2426,3585,0.2838107928047968,0.4544807965860597,0.5241,0.349419002050581,0.5063012748052507,2376.619,10,2026-09-18T18:11:20.969447+00:00
Qwen2.5-7B,belief_bank_facts,hidden,9,27416,halu_eval,511,4978,10000,2489,2489,2812,7188,4.5573,3585,0.27714033539276256,0.1116642958748222,0.6683,0.15918884664131813,0.500949949378251,2381.906,10,2026-09-18T18:11:20.969447+00:00
Qwen2.5-7B,belief_bank_facts,hidden,9,27416,halu_eval,mean,0,0,0,0,0,0,4.8145299999999995,3585.0,0.2820015136110285,0.24142958748221907,0.6152599999999999,0.24410292010275353,0.5048659339969968,4517.426,10,2026-09-18T18:11:20.969447+00:00
Qwen2.5-7B,belief_bank_facts,hidden,9,27416,halu_eval,std,0,0,0,0,0,0,0.3932374881671381,0.0,0.007585052551092352,0.13136496479097096,0.054344718234617784,0.06991175839620536,0.00175877750158184,4517.426,10,2026-09-18T18:11:20.969447+00:00
Qwen2.5-7B,belief_bank_facts,hidden,10,27416,belief_bank_facts,2,4978,8225,2489,2489,1067,7158,4.6951,3585,0.883304940374787,0.971883786316776,0.9796960486322188,0.925479696564034,0.9940070069260104,2387.99,10,2026-09-18T18:11:20.969447+00:00
Qwen2.5-7B,belief_bank_facts,hidden,10,27416,belief_bank_facts,4,4978,8225,2489,2489,1067,7158,5.391,3585,0.8929794520547946,0.9775070290534208,0.9818844984802432,0.9333333333333333,0.9973911914052425,2394.07,10,2026-09-18T18:11:20.969447+00:00
Qwen2.5-7B,belief_bank_facts,hidden,10,27416,belief_bank_facts,24,4978,8225,2489,2489,1067,7158,4.8268,3585,0.9168877099911583,0.971883786316776,0.9849240121580547,0.9435850773430391,0.9965060949886522,2399.584,10,2026-09-18T18:11:20.969447+00:00
Qwen2.5-7B,belief_bank_facts,hidden,10,27416,belief_bank_facts,42,4978,8225,2489,2489,1067,7158,5.3403,3585,0.8691358024691358,0.9896907216494846,0.9793313069908814,0.9255039439088519,0.998141166593738,2405.613,10,2026-09-18T18:11:20.969447+00:00
Qwen2.5-7B,belief_bank_facts,hidden,10,27416,belief_bank_facts,64,4978,8225,2489,2489,1067,7158,4.8942,3585,0.8967013888888888,0.9681349578256795,0.9813981762917933,0.9310500225326723,0.992996085412328,2411.207,10,2026-09-18T18:11:20.969447+00:00
Qwen2.5-7B,belief_bank_facts,hidden,10,27416,belief_bank_facts,67,4978,8225,2489,2489,1067,7158,4.3492,3585,0.8883205456095482,0.9765698219306467,0.9810334346504559,0.9303571428571429,0.9966340149885056,2416.251,10,2026-09-18T18:11:20.969447+00:00
Qwen2.5-7B,belief_bank_facts,hidden,10,27416,belief_bank_facts,104,4978,8225,2489,2489,1067,7158,3.6856,3585,0.9006050129645635,0.9765698219306467,0.9829787234042553,0.9370503597122302,0.9964258340266152,2420.637,10,2026-09-18T18:11:20.969447+00:00
Qwen2.5-7B,belief_bank_facts,hidden,10,27416,belief_bank_facts,123,4978,8225,2489,2489,1067,7158,4.1997,3585,0.8611570247933884,0.9765698219306467,0.9765349544072949,0.9152393500219587,0.9965104157255971,2425.538,10,2026-09-18T18:11:20.969447+00:00
Qwen2.5-7B,belief_bank_facts,hidden,10,27416,belief_bank_facts,420,4978,8225,2489,2489,1067,7158,4.3511,3585,0.8799328295549959,0.9821930646672915,0.9803039513677811,0.9282550930026572,0.9960268859820368,2430.584,10,2026-09-18T18:11:20.969447+00:00
Qwen2.5-7B,belief_bank_facts,hidden,10,27416,belief_bank_facts,511,4978,8225,2489,2489,1067,7158,4.0992,3585,0.8689883913764511,0.9821930646672915,0.9784802431610943,0.9221293444786626,0.9962299606184467,2435.382,10,2026-09-18T18:11:20.969447+00:00
Qwen2.5-7B,belief_bank_facts,hidden,10,27416,belief_bank_facts,mean,0,0,0,0,0,0,4.58322,3585.0,0.885801309807771,0.9773195876288658,0.9806565349544073,0.9291983363754582,0.9960868656667172,4517.426,10,2026-09-18T18:11:20.969447+00:00
Qwen2.5-7B,belief_bank_facts,hidden,10,27416,belief_bank_facts,std,0,0,0,0,0,0,0.5186487478052946,0.0,0.01603316240908139,0.005879807738091161,0.002243449376455806,0.007507948004194219,0.0014350486551692968,4517.426,10,2026-09-18T18:11:20.969447+00:00
Qwen2.5-7B,belief_bank_facts,hidden,10,27416,belief_bank_constraints,2,4978,25686,2489,2489,10018,15668,3.7264,3585,0.7652975691533948,0.1822719105609902,0.659269641049599,0.2944211544663012,0.6693399290009154,2440.464,10,2026-09-18T18:11:20.969447+00:00
Qwen2.5-7B,belief_bank_facts,hidden,10,27416,belief_bank_constraints,4,4978,25686,2489,2489,10018,15668,4.542,3585,0.7,0.0006987422639249351,0.6101378182667601,0.0013960909453530116,0.6030756713483765,2446.368,10,2026-09-18T18:11:20.969447+00:00
Qwen2.5-7B,belief_bank_facts,hidden,10,27416,belief_bank_constraints,24,4978,25686,2489,2489,10018,15668,4.7467,3585,1.0,0.0002994609702535436,0.610098886552986,0.0005987426404550444,0.7286438278853999,2452.475,10,2026-09-18T18:11:20.969447+00:00
Qwen2.5-7B,belief_bank_facts,hidden,10,27416,belief_bank_constraints,42,4978,25686,2489,2489,10018,15668,5.2118,3585,0.7647058823529411,0.0025953284088640447,0.6106828622595967,0.005173099880620772,0.6708519699006941,2459.051,10,2026-09-18T18:11:20.969447+00:00
Qwen2.5-7B,belief_bank_facts,hidden,10,27416,belief_bank_constraints,64,4978,25686,2489,2489,10018,15668,5.7042,3585,0.0,0.0,0.6099820914116639,0.0,0.5581368841166319,2466.116,10,2026-09-18T18:11:20.969447+00:00
Qwen2.5-7B,belief_bank_facts,hidden,10,27416,belief_bank_constraints,67,4978,25686,2489,2489,10018,15668,5.1209,3585,0.9772727272727273,0.004292273906967459,0.6116172233901737,0.008547008547008548,0.7193794659528601,2472.607,10,2026-09-18T18:11:20.969447+00:00
Qwen2.5-7B,belief_bank_facts,hidden,10,27416,belief_bank_constraints,104,4978,25686,2489,2489,10018,15668,4.5564,3585,1.0,0.0002994609702535436,0.610098886552986,0.0005987426404550444,0.7111929443519409,2478.524,10,2026-09-18T18:11:20.969447+00:00
Qwen2.5-7B,belief_bank_facts,hidden,10,27416,belief_bank_constraints,123,4978,25686,2489,2489,10018,15668,4.9081,3585,0.9290780141843972,0.013076462367738071,0.6146928287783229,0.025789939954719954,0.7617426684049385,2484.794,10,2026-09-18T18:11:20.969447+00:00
Qwen2.5-7B,belief_bank_facts,hidden,10,27416,belief_bank_constraints,420,4978,25686,2489,2489,10018,15668,5.221,3585,0.8571428571428571,0.0011978438810141745,0.6103714085494043,0.0023923444976076554,0.6926588561319775,2491.369,10,2026-09-18T18:11:20.969447+00:00
Qwen2.5-7B,belief_bank_facts,hidden,10,27416,belief_bank_constraints,511,4978,25686,2489,2489,10018,15668,5.1192,3585,0.79004329004329,0.036434418047514475,0.6204157907031067,0.06965648854961833,0.6387448660830215,2497.842,10,2026-09-18T18:11:20.969447+00:00
Qwen2.5-7B,belief_bank_facts,hidden,10,27416,belief_bank_constraints,mean,0,0,0,0,0,0,4.885669999999999,3585.0,0.7783540340149607,0.024116590137752046,0.61673674375146,0.040857361212213957,0.6753767083176756,4517.426,10,2026-09-18T18:11:20.969447+00:00
Qwen2.5-7B,belief_bank_facts,hidden,10,27416,belief_bank_constraints,std,0,0,0,0,0,0,0.5088141370874045,0.0,0.27914434452250725,0.053789099859217496,0.01451699084419478,0.08695741810222228,0.05846845929077391,4517.426,10,2026-09-18T18:11:20.969447+00:00
Qwen2.5-7B,belief_bank_facts,hidden,10,27416,halu_eval,2,4978,10000,2489,2489,2812,7188,4.6555,3585,0.28225979028461373,0.4690611664295875,0.5153,0.352438209752839,0.5043756495930074,2503.225,10,2026-09-18T18:11:20.969447+00:00
Qwen2.5-7B,belief_bank_facts,hidden,10,27416,halu_eval,4,4978,10000,2489,2489,2812,7188,5.4417,3585,0.28505864354920957,0.39758179231863444,0.5502,0.33204633204633205,0.504378642767185,2509.394,10,2026-09-18T18:11:20.969447+00:00
Qwen2.5-7B,belief_bank_facts,hidden,10,27416,halu_eval,24,4978,10000,2489,2489,2812,7188,4.7272,3585,0.2812146359864202,0.5302275960170697,0.4868,0.36751294059649986,0.5065517366940792,2514.848,10,2026-09-18T18:11:20.969447+00:00
Qwen2.5-7B,belief_bank_facts,hidden,10,27416,halu_eval,42,4978,10000,2489,2489,2812,7188,5.2806,3585,0.287531017369727,0.32965860597439545,0.5818,0.3071570576540755,0.5063965369024239,2520.851,10,2026-09-18T18:11:20.969447+00:00
Qwen2.5-7B,belief_bank_facts,hidden,10,27416,halu_eval,64,4978,10000,2489,2489,2812,7188,5.7936,3585,0.3002493765586035,0.21408250355618777,0.6387,0.24994810047747562,0.5036891490163391,2527.373,10,2026-09-18T18:11:20.969447+00:00
Qwen2.5-7B,belief_bank_facts,hidden,10,27416,halu_eval,67,4978,10000,2489,2489,2812,7188,5.1298,3585,0.2888342048600431,0.33392603129445236,0.5815,0.30974764967837703,0.5044691801018135,2533.229,10,2026-09-18T18:11:20.969447+00:00
Qwen2.5-7B,belief_bank_facts,hidden,10,27416,halu_eval,104,4978,10000,2489,2489,2812,7188,4.6558,3585,0.2886087348041423,0.45590327169274536,0.531,0.3534601599117728,0.5099275424268834,2538.611,10,2026-09-18T18:11:20.969447+00:00
Qwen2.5-7B,belief_bank_facts,hidden,10,27416,halu_eval,123,4978,10000,2489,2489,2812,7188,5.2093,3585,0.28194174757281554,0.2581792318634424,0.6065,0.26953777612771485,0.4983857391131576,2544.543,10,2026-09-18T18:11:20.969447+00:00
Qwen2.5-7B,belief_bank_facts,hidden,10,27416,halu_eval,420,4978,10000,2489,2489,2812,7188,5.3112,3585,0.278790949003715,0.587126600284495,0.4568,0.378062743302038,0.5020024087878406,2550.58,10,2026-09-18T18:11:20.969447+00:00
Qwen2.5-7B,belief_bank_facts,hidden,10,27416,halu_eval,511,4978,10000,2489,2489,2812,7188,5.1907,3585,0.28382949932341,0.2983641536273115,0.591,0.2909153952843273,0.5038935011806464,2556.495,10,2026-09-18T18:11:20.969447+00:00
Qwen2.5-7B,belief_bank_facts,hidden,10,27416,halu_eval,mean,0,0,0,0,0,0,5.13954,3585.0,0.28583185993127,0.3874110953058322,0.5539600000000001,0.3210826364831452,0.5044070086583375,4517.426,10,2026-09-18T18:11:20.969447+00:00
Qwen2.5-7B,belief_bank_facts,hidden,10,27416,halu_eval,std,0,0,0,0,0,0,0.3484770127282429,0.0,0.005752131620339002,0.11515781622974018,0.053696577172106616,0.04062467881341958,0.0028610632156992333,4517.426,10,2026-09-18T18:11:20.969447+00:00
Qwen2.5-7B,belief_bank_facts,hidden,11,27416,belief_bank_facts,2,4978,8225,2489,2489,1067,7158,5.0076,3585,0.8868085106382979,0.9765698219306467,0.980790273556231,0.9295272078501338,0.9960689149686826,2562.911,10,2026-09-18T18:11:20.969447+00:00
Qwen2.5-7B,belief_bank_facts,hidden,11,27416,belief_bank_facts,4,4978,8225,2489,2489,1067,7158,5.2402,3585,0.9050086355785838,0.9821930646672915,0.9843161094224924,0.9420224719101123,0.9982313783438903,2568.842,10,2026-09-18T18:11:20.969447+00:00
Qwen2.5-7B,belief_bank_facts,hidden,11,27416,belief_bank_facts,24,4978,8225,2489,2489,1067,7158,5.1389,3585,0.92,0.9700093720712277,0.9851671732522796,0.9443430656934306,0.9963357532078853,2574.675,10,2026-09-18T18:11:20.969447+00:00
Qwen2.5-7B,belief_bank_facts,hidden,11,27416,belief_bank_facts,42,4978,8225,2489,2489,1067,7158,5.3205,3585,0.8875838926174496,0.9915651358950328,0.9826139817629179,0.936697653829128,0.998500704280122,2580.692,10,2026-09-18T18:11:20.969447+00:00
Qwen2.5-7B,belief_bank_facts,hidden,11,27416,belief_bank_facts,64,4978,8225,2489,2489,1067,7158,5.2597,3585,0.9024390243902439,0.9709465791940018,0.9826139817629179,0.9354401805869075,0.996158472061722,2586.646,10,2026-09-18T18:11:20.969447+00:00
Qwen2.5-7B,belief_bank_facts,hidden,11,27416,belief_bank_facts,67,4978,8225,2489,2489,1067,7158,5.299,3585,0.9079861111111112,0.9803186504217432,0.9845592705167173,0.9427670121676431,0.9978198608827449,2592.642,10,2026-09-18T18:11:20.969447+00:00
Qwen2.5-7B,belief_bank_facts,hidden,11,27416,belief_bank_facts,104,4978,8225,2489,2489,1067,7158,4.249,3585,0.9042277825711821,0.9821930646672915,0.98419452887538,0.9415992812219227,0.9969974806175669,2597.589,10,2026-09-18T18:11:20.969447+00:00
Qwen2.5-7B,belief_bank_facts,hidden,11,27416,belief_bank_facts,123,4978,8225,2489,2489,1067,7158,3.8151,3585,0.8667218543046358,0.9812558575445174,0.9779939209726444,0.9204395604395604,0.9973085736775992,2602.101,10,2026-09-18T18:11:20.969447+00:00
Qwen2.5-7B,belief_bank_facts,hidden,11,27416,belief_bank_facts,420,4978,8225,2489,2489,1067,7158,3.4942,3585,0.8704318936877077,0.9821930646672915,0.9787234042553191,0.9229414354909732,0.9968782020916033,2606.296,10,2026-09-18T18:11:20.969447+00:00
Qwen2.5-7B,belief_bank_facts,hidden,11,27416,belief_bank_facts,511,4978,8225,2489,2489,1067,7158,4.2499,3585,0.8803347280334728,0.985941893158388,0.980790273556231,0.9301503094606542,0.9972487380174836,2611.248,10,2026-09-18T18:11:20.969447+00:00
Qwen2.5-7B,belief_bank_facts,hidden,11,27416,belief_bank_facts,mean,0,0,0,0,0,0,4.70741,3585.0,0.8931542432932684,0.9803186504217433,0.982176291793313,0.9345928178650466,0.99715480781493,4517.426,10,2026-09-18T18:11:20.969447+00:00
Qwen2.5-7B,belief_bank_facts,hidden,11,27416,belief_bank_facts,std,0,0,0,0,0,0,0.6541097712922502,0.0,0.016554907021953284,0.006145678092129345,0.002385706521368711,0.008079536644854323,0.0007993225278013133,4517.426,10,2026-09-18T18:11:20.969447+00:00
Qwen2.5-7B,belief_bank_facts,hidden,11,27416,belief_bank_constraints,2,4978,25686,2489,2489,10018,15668,4.0078,3585,0.542572463768116,0.11958474745458175,0.6173012536011835,0.19597578930148862,0.6514977278835294,2616.61,10,2026-09-18T18:11:20.969447+00:00
Qwen2.5-7B,belief_bank_facts,hidden,11,27416,belief_bank_constraints,4,4978,25686,2489,2489,10018,15668,4.0889,3585,0.3380281690140845,0.011978438810141745,0.6055049443276493,0.023136990263183263,0.6121907742474064,2622.055,10,2026-09-18T18:11:20.969447+00:00
Qwen2.5-7B,belief_bank_facts,hidden,11,27416,belief_bank_constraints,24,4978,25686,2489,2489,10018,15668,4.1492,3585,0.45871559633027525,0.004991016170892394,0.6096317059876976,0.009874592673052237,0.7197356157945568,2627.564,10,2026-09-18T18:11:20.969447+00:00
Qwen2.5-7B,belief_bank_facts,hidden,11,27416,belief_bank_constraints,42,4978,25686,2489,2489,10018,15668,4.4513,3585,0.591260634184068,0.1526252745058894,0.628357860313011,0.24262139003490954,0.6593455560945112,2633.365,10,2026-09-18T18:11:20.969447+00:00
Qwen2.5-7B,belief_bank_facts,hidden,11,27416,belief_bank_constraints,64,4978,25686,2489,2489,10018,15668,5.1598,3585,0.32558139534883723,0.008384907167099222,0.6064782371720003,0.01634877384196185,0.5369036398256435,2639.878,10,2026-09-18T18:11:20.969447+00:00
Qwen2.5-7B,belief_bank_facts,hidden,11,27416,belief_bank_constraints,67,4978,25686,2489,2489,10018,15668,5.1791,3585,0.47765308131521955,0.24216410461169893,0.6011445923849568,0.32138835530237797,0.6179418723601576,2646.406,10,2026-09-18T18:11:20.969447+00:00
Qwen2.5-7B,belief_bank_facts,hidden,11,27416,belief_bank_constraints,104,4978,25686,2489,2489,10018,15668,5.0591,3585,0.33405172413793105,0.01547215012976642,0.6039866074904617,0.029574508681549323,0.5630354384319101,2652.82,10,2026-09-18T18:11:20.969447+00:00
Qwen2.5-7B,belief_bank_facts,hidden,11,27416,belief_bank_constraints,123,4978,25686,2489,2489,10018,15668,4.605,3585,0.6374951380785686,0.16360551008185267,0.6375068130499104,0.26038605131463977,0.6951810394595829,2658.779,10,2026-09-18T18:11:20.969447+00:00
Qwen2.5-7B,belief_bank_facts,hidden,11,27416,belief_bank_constraints,420,4978,25686,2489,2489,10018,15668,4.3642,3585,0.5745598275242544,0.15961269714513876,0.6261387526278906,0.24982423248183735,0.6734575173419017,2664.489,10,2026-09-18T18:11:20.969447+00:00
Qwen2.5-7B,belief_bank_facts,hidden,11,27416,belief_bank_constraints,511,4978,25686,2489,2489,10018,15668,4.9883,3585,0.5564053537284895,0.029047714114593733,0.6122790625243323,0.05521297789583531,0.614216022086973,2670.824,10,2026-09-18T18:11:20.969447+00:00
Qwen2.5-7B,belief_bank_facts,hidden,11,27416,belief_bank_constraints,mean,0,0,0,0,0,0,4.605269999999999,3585.0,0.48363233834298447,0.0907466560191655,0.6148329829479093,0.1404343661790835,0.6343505203526172,4517.426,10,2026-09-18T18:11:20.969447+00:00
Qwen2.5-7B,belief_bank_facts,hidden,11,27416,belief_bank_constraints,std,0,0,0,0,0,0,0.43622102665965107,0.0,0.1102301683073915,0.08213021190068247,0.01151669847267794,0.11763515181647655,0.054024562802868874,4517.426,10,2026-09-18T18:11:20.969447+00:00
Qwen2.5-7B,belief_bank_facts,hidden,11,27416,halu_eval,2,4978,10000,2489,2489,2812,7188,4.9185,3585,0.2815208275090858,0.3581081081081081,0.5625,0.31522930035999375,0.5036277023662799,2676.486,10,2026-09-18T18:11:20.969447+00:00
Qwen2.5-7B,belief_bank_facts,hidden,11,27416,halu_eval,4,4978,10000,2489,2489,2812,7188,5.2237,3585,0.2812119572568646,0.7393314366998578,0.3953,0.4074473297403234,0.5024927698764576,2682.459,10,2026-09-18T18:11:20.969447+00:00
Qwen2.5-7B,belief_bank_facts,hidden,11,27416,halu_eval,24,4978,10000,2489,2489,2812,7188,5.1035,3585,0.28747553816046967,0.5224039829302988,0.5016,0.37086594294370107,0.5087584976462272,2688.315,10,2026-09-18T18:11:20.969447+00:00
Qwen2.5-7B,belief_bank_facts,hidden,11,27416,halu_eval,42,4978,10000,2489,2489,2812,7188,5.3858,3585,0.28370255881847845,0.5874822190611664,0.4669,0.38262883613202087,0.5073556884359977,2694.447,10,2026-09-18T18:11:20.969447+00:00
Qwen2.5-7B,belief_bank_facts,hidden,11,27416,halu_eval,64,4978,10000,2489,2489,2812,7188,5.1833,3585,0.28267868641339344,0.46834992887624466,0.5163,0.35256324454557625,0.5102111518644556,2700.377,10,2026-09-18T18:11:20.969447+00:00
Qwen2.5-7B,belief_bank_facts,hidden,11,27416,halu_eval,67,4978,10000,2489,2489,2812,7188,5.1642,3585,0.28520208604954367,0.6223328591749644,0.4552,0.3911488600804649,0.5064961774444685,2706.292,10,2026-09-18T18:11:20.969447+00:00
Qwen2.5-7B,belief_bank_facts,hidden,11,27416,halu_eval,104,4978,10000,2489,2489,2812,7188,5.1136,3585,0.2881158066775625,0.4388335704125178,0.5373,0.3478505990133897,0.5106448158025348,2712.152,10,2026-09-18T18:11:20.969447+00:00
Qwen2.5-7B,belief_bank_facts,hidden,11,27416,halu_eval,123,4978,10000,2489,2489,2812,7188,4.5295,3585,0.291866028708134,0.30369843527738266,0.597,0.2976646915301499,0.5064057885317002,2717.447,10,2026-09-18T18:11:20.969447+00:00
Qwen2.5-7B,belief_bank_facts,hidden,11,27416,halu_eval,420,4978,10000,2489,2489,2812,7188,4.4492,3585,0.285086434222092,0.6920341394025604,0.4254,0.403818219547624,0.5052923030006546,2722.662,10,2026-09-18T18:11:20.969447+00:00
Qwen2.5-7B,belief_bank_facts,hidden,11,27416,halu_eval,511,4978,10000,2489,2489,2812,7188,5.2957,3585,0.2814404432132964,0.3613086770981508,0.561,0.31641233260666457,0.5062141511734034,2728.726,10,2026-09-18T18:11:20.969447+00:00
Qwen2.5-7B,belief_bank_facts,hidden,11,27416,halu_eval,mean,0,0,0,0,0,0,5.036700000000001,3585.0,0.28483003670289203,0.5093883357041251,0.5018499999999999,0.3585629356499908,0.5067499046142179,4517.426,10,2026-09-18T18:11:20.969447+00:00
Qwen2.5-7B,belief_bank_facts,hidden,11,27416,halu_eval,std,0,0,0,0,0,0,0.29806438901687,0.0,0.003300523125647359,0.1410821036875293,0.06188009776979995,0.03707279676866784,0.0024903364495529293,4517.426,10,2026-09-18T18:11:20.969447+00:00
Qwen2.5-7B,belief_bank_facts,hidden,12,27416,belief_bank_facts,2,4978,8225,2489,2489,1067,7158,4.7457,3585,0.8782535684298909,0.9803186504217432,0.9798176291793314,0.9264836138175376,0.9969333242205063,2734.91,10,2026-09-18T18:11:20.969447+00:00
Qwen2.5-7B,belief_bank_facts,hidden,12,27416,belief_bank_facts,4,4978,8225,2489,2489,1067,7158,4.4947,3585,0.8931623931623932,0.979381443298969,0.9821276595744681,0.9342869915064819,0.9980839495620736,2740.098,10,2026-09-18T18:11:20.969447+00:00
Qwen2.5-7B,belief_bank_facts,hidden,12,27416,belief_bank_facts,24,4978,8225,2489,2489,1067,7158,5.0287,3585,0.9110723626852659,0.979381443298969,0.9849240121580547,0.9439927732610659,0.9969710324702072,2745.823,10,2026-09-18T18:11:20.969447+00:00
Qwen2.5-7B,belief_bank_facts,hidden,12,27416,belief_bank_facts,42,4978,8225,2489,2489,1067,7158,5.5129,3585,0.8896377422072451,0.9896907216494846,0.9827355623100303,0.9370008873114463,0.9985250575247205,2752.032,10,2026-09-18T18:11:20.969447+00:00
Qwen2.5-7B,belief_bank_facts,hidden,12,27416,belief_bank_facts,64,4978,8225,2489,2489,1067,7158,5.0687,3585,0.9012987012987013,0.9756326148078726,0.9829787234042553,0.936993699369937,0.9961316311200948,2757.799,10,2026-09-18T18:11:20.969447+00:00
Qwen2.5-7B,belief_bank_facts,hidden,12,27416,belief_bank_facts,67,4978,8225,2489,2489,1067,7158,5.3804,3585,0.9163763066202091,0.985941893158388,0.9865045592705167,0.9498871331828442,0.997421043769589,2763.874,10,2026-09-18T18:11:20.969447+00:00
Qwen2.5-7B,belief_bank_facts,hidden,12,27416,belief_bank_facts,104,4978,8225,2489,2489,1067,7158,4.5246,3585,0.8958155422715628,0.9831302717900656,0.9829787234042553,0.9374441465594281,0.9977195674130543,2769.096,10,2026-09-18T18:11:20.969447+00:00
Qwen2.5-7B,belief_bank_facts,hidden,12,27416,belief_bank_facts,123,4978,8225,2489,2489,1067,7158,4.9881,3585,0.8696013289036545,0.9812558575445174,0.9784802431610943,0.9220607661822986,0.9979771095212545,2774.786,10,2026-09-18T18:11:20.969447+00:00
Qwen2.5-7B,belief_bank_facts,hidden,12,27416,belief_bank_facts,420,4978,8225,2489,2489,1067,7158,4.0071,3585,0.8987993138936535,0.9821930646672915,0.9833434650455927,0.9386475593372146,0.9975291931246338,2779.494,10,2026-09-18T18:11:20.969447+00:00
Qwen2.5-7B,belief_bank_facts,hidden,12,27416,belief_bank_facts,511,4978,8225,2489,2489,1067,7158,3.333,3585,0.8905852417302799,0.9840674789128397,0.9822492401215805,0.9349955476402493,0.9978789109543252,2783.525,10,2026-09-18T18:11:20.969447+00:00
Qwen2.5-7B,belief_bank_facts,hidden,12,27416,belief_bank_facts,mean,0,0,0,0,0,0,4.70839,3585.0,0.8944602501202856,0.982099343955014,0.982613981762918,0.9361793118168503,0.9975170819680461,4517.426,10,2026-09-18T18:11:20.969447+00:00
Qwen2.5-7B,belief_bank_facts,hidden,12,27416,belief_bank_facts,std,0,0,0,0,0,0,0.6224012201948192,0.0,0.01320713338650446,0.0037123340806632455,0.0021578406503706613,0.007458598238151953,0.0006548806564667348,4517.426,10,2026-09-18T18:11:20.969447+00:00
Qwen2.5-7B,belief_bank_facts,hidden,12,27416,belief_bank_constraints,2,4978,25686,2489,2489,10018,15668,3.8465,3585,0.5721745184497563,0.49221401477340787,0.6584131433465701,0.5291908134792874,0.6904065024034094,2788.717,10,2026-09-18T18:11:20.969447+00:00
Qwen2.5-7B,belief_bank_facts,hidden,12,27416,belief_bank_constraints,4,4978,25686,2489,2489,10018,15668,3.5144,3585,0.3907542579075426,0.08015571970453184,0.5925017519271198,0.13302410337115878,0.6214738094865545,2793.578,10,2026-09-18T18:11:20.969447+00:00
Qwen2.5-7B,belief_bank_facts,hidden,12,27416,belief_bank_constraints,24,4978,25686,2489,2489,10018,15668,4.0286,3585,0.7890604553781733,0.3009582751048113,0.6959822471385191,0.43572512464773466,0.7926856562451055,2798.96,10,2026-09-18T18:11:20.969447+00:00
Qwen2.5-7B,belief_bank_facts,hidden,12,27416,belief_bank_constraints,42,4978,25686,2489,2489,10018,15668,4.3496,3585,0.6760259179265659,0.06248752245957277,0.6226738301020011,0.11440058479532164,0.7183382459441272,2804.667,10,2026-09-18T18:11:20.969447+00:00
Qwen2.5-7B,belief_bank_facts,hidden,12,27416,belief_bank_constraints,64,4978,25686,2489,2489,10018,15668,4.0793,3585,0.6868250539956804,0.03174286284687562,0.6167172778945729,0.060681232706802785,0.6577373772907006,2810.117,10,2026-09-18T18:11:20.969447+00:00
Qwen2.5-7B,belief_bank_facts,hidden,12,27416,belief_bank_constraints,67,4978,25686,2489,2489,10018,15668,4.522,3585,0.6260002623638987,0.47634258334997004,0.6847699135715954,0.54101241426223,0.7042109752611243,2816.007,10,2026-09-18T18:11:20.969447+00:00
Qwen2.5-7B,belief_bank_facts,hidden,12,27416,belief_bank_constraints,104,4978,25686,2489,2489,10018,15668,4.4649,3585,0.3548387096774194,0.0010980235575963266,0.6096317059876976,0.0021892725644342722,0.6242713651551792,2821.841,10,2026-09-18T18:11:20.969447+00:00
Qwen2.5-7B,belief_bank_facts,hidden,12,27416,belief_bank_constraints,123,4978,25686,2489,2489,10018,15668,4.8683,3585,0.5758015267175572,0.7529446995408265,0.687300474966908,0.6525651007872654,0.7788699258872962,2828.083,10,2026-09-18T18:11:20.969447+00:00
Qwen2.5-7B,belief_bank_facts,hidden,12,27416,belief_bank_constraints,420,4978,25686,2489,2489,10018,15668,4.8172,3585,0.7231890874882408,0.30694749450988223,0.6838744841547925,0.4309740714786265,0.7429144453437986,2834.276,10,2026-09-18T18:11:20.969447+00:00
Qwen2.5-7B,belief_bank_facts,hidden,12,27416,belief_bank_constraints,511,4978,25686,2489,2489,10018,15668,4.1326,3585,0.7784431137724551,0.025953284088640446,0.6172233901736355,0.05023183925811438,0.6844736405794563,2839.786,10,2026-09-18T18:11:20.969447+00:00
Qwen2.5-7B,belief_bank_facts,hidden,12,27416,belief_bank_constraints,mean,0,0,0,0,0,0,4.26234,3585.0,0.6173112903677289,0.2530844479936115,0.6469088219263412,0.29499945573509756,0.7015381943596752,4517.426,10,2026-09-18T18:11:20.969447+00:00
Qwen2.5-7B,belief_bank_facts,hidden,12,27416,belief_bank_constraints,std,0,0,0,0,0,0,0.4035384695416286,0.0,0.14106975239395583,0.24339061218811903,0.0370158887641494,0.23257685920786803,0.055680813485050204,4517.426,10,2026-09-18T18:11:20.969447+00:00
Qwen2.5-7B,belief_bank_facts,hidden,12,27416,halu_eval,2,4978,10000,2489,2489,2812,7188,4.6794,3585,0.2836063154788254,0.6834992887624467,0.4255,0.4008760037543018,0.503888059045778,2845.215,10,2026-09-18T18:11:20.969447+00:00
Qwen2.5-7B,belief_bank_facts,hidden,12,27416,halu_eval,4,4978,10000,2489,2489,2812,7188,4.2964,3585,0.284769307094427,0.612375533428165,0.4585,0.3887571960717914,0.5065045385425844,2850.26,10,2026-09-18T18:11:20.969447+00:00
Qwen2.5-7B,belief_bank_facts,hidden,12,27416,halu_eval,24,4978,10000,2489,2489,2812,7188,4.9413,3585,0.28711547035220686,0.6870554765291608,0.4323,0.40498899486427,0.5067553962230397,2855.947,10,2026-09-18T18:11:20.969447+00:00
Qwen2.5-7B,belief_bank_facts,hidden,12,27416,halu_eval,42,4978,10000,2489,2489,2812,7188,5.4344,3585,0.2835608646188851,0.7091038406827881,0.4144,0.4051198699715563,0.5039870316894524,2862.124,10,2026-09-18T18:11:20.969447+00:00
Qwen2.5-7B,belief_bank_facts,hidden,12,27416,halu_eval,64,4978,10000,2489,2489,2812,7188,4.9911,3585,0.2871851040525739,0.46621621621621623,0.5245,0.35542903619357463,0.5135099266518957,2867.861,10,2026-09-18T18:11:20.969447+00:00
Qwen2.5-7B,belief_bank_facts,hidden,12,27416,halu_eval,67,4978,10000,2489,2489,2812,7188,5.3953,3585,0.28396706224267376,0.8339260312944523,0.362,0.42366757000903343,0.5057575313209703,2874.002,10,2026-09-18T18:11:20.969447+00:00
Qwen2.5-7B,belief_bank_facts,hidden,12,27416,halu_eval,104,4978,10000,2489,2489,2812,7188,4.4378,3585,0.286107831562377,0.2585348506401138,0.6101,0.27162338875396974,0.5092804231170807,2879.183,10,2026-09-18T18:11:20.969447+00:00
Qwen2.5-7B,belief_bank_facts,hidden,12,27416,halu_eval,123,4978,10000,2489,2489,2812,7188,4.9212,3585,0.2806923625981442,0.5593883357041252,0.473,0.37381178707224333,0.5037684805005339,2884.848,10,2026-09-18T18:11:20.969447+00:00
Qwen2.5-7B,belief_bank_facts,hidden,12,27416,halu_eval,420,4978,10000,2489,2489,2812,7188,4.9006,3585,0.28308237378210804,0.5682788051209103,0.4739,0.3779117890504907,0.5068128107459009,2890.489,10,2026-09-18T18:11:20.969447+00:00
Qwen2.5-7B,belief_bank_facts,hidden,12,27416,halu_eval,511,4978,10000,2489,2489,2812,7188,4.1355,3585,0.2841375770020534,0.3936699857752489,0.5506,0.3300536672629696,0.504413225060576,2895.37,10,2026-09-18T18:11:20.969447+00:00
Qwen2.5-7B,belief_bank_facts,hidden,12,27416,halu_eval,mean,0,0,0,0,0,0,4.8133,3585.0,0.2844224268784275,0.5772048364153627,0.47248,0.3732239303004201,0.5064677422897812,4517.426,10,2026-09-18T18:11:20.969447+00:00
Qwen2.5-7B,belief_bank_facts,hidden,12,27416,halu_eval,std,0,0,0,0,0,0,0.4095458045200804,0.0,0.0018775443732796503,0.15995528989936203,0.0688087756031162,0.042546647456525775,0.002872748694358785,4517.426,10,2026-09-18T18:11:20.969447+00:00
Qwen2.5-7B,belief_bank_facts,hidden,13,27416,belief_bank_facts,2,4978,8225,2489,2489,1067,7158,4.0201,3585,0.8774139378673383,0.979381443298969,0.9795744680851064,0.9255978742249779,0.9966236714061224,2900.811,10,2026-09-18T18:11:20.969447+00:00
Qwen2.5-7B,belief_bank_facts,hidden,13,27416,belief_bank_facts,4,4978,8225,2489,2489,1067,7158,4.4538,3585,0.8937977909940527,0.985941893158388,0.9829787234042553,0.9376114081996435,0.9980289583645933,2905.961,10,2026-09-18T18:11:20.969447+00:00
Qwen2.5-7B,belief_bank_facts,hidden,13,27416,belief_bank_facts,24,4978,8225,2489,2489,1067,7158,4.4118,3585,0.9090909090909091,0.9746954076850984,0.9840729483282675,0.9407507914970602,0.9970032416001601,2911.064,10,2026-09-18T18:11:20.969447+00:00
Qwen2.5-7B,belief_bank_facts,hidden,13,27416,belief_bank_facts,42,4978,8225,2489,2489,1067,7158,3.9798,3585,0.8865546218487395,0.9887535145267105,0.9821276595744681,0.9348692955250333,0.9986250891315659,2915.75,10,2026-09-18T18:11:20.969447+00:00
Qwen2.5-7B,belief_bank_facts,hidden,13,27416,belief_bank_facts,64,4978,8225,2489,2489,1067,7158,4.1431,3585,0.9028620988725065,0.9756326148078726,0.9832218844984802,0.9378378378378378,0.9965347689701956,2920.602,10,2026-09-18T18:11:20.969447+00:00
Qwen2.5-7B,belief_bank_facts,hidden,13,27416,belief_bank_facts,67,4978,8225,2489,2489,1067,7158,4.3434,3585,0.9061154177433247,0.985941893158388,0.9849240121580547,0.9443447037701975,0.9984451893569513,2925.655,10,2026-09-18T18:11:20.969447+00:00
Qwen2.5-7B,belief_bank_facts,hidden,13,27416,belief_bank_facts,104,4978,8225,2489,2489,1067,7158,4.1422,3585,0.8924914675767918,0.9803186504217432,0.9821276595744681,0.9343456900401965,0.9981007087841629,2930.51,10,2026-09-18T18:11:20.969447+00:00
Qwen2.5-7B,belief_bank_facts,hidden,13,27416,belief_bank_facts,123,4978,8225,2489,2489,1067,7158,4.2241,3585,0.8704318936877077,0.9821930646672915,0.9787234042553191,0.9229414354909732,0.9973059550491478,2935.444,10,2026-09-18T18:11:20.969447+00:00
Qwen2.5-7B,belief_bank_facts,hidden,13,27416,belief_bank_facts,420,4978,8225,2489,2489,1067,7158,4.5463,3585,0.8814129520605551,0.9821930646672915,0.9805471124620061,0.9290780141843972,0.9975183258165604,2940.703,10,2026-09-18T18:11:20.969447+00:00
Qwen2.5-7B,belief_bank_facts,hidden,13,27416,belief_bank_facts,511,4978,8225,2489,2489,1067,7158,4.0823,3585,0.8925549915397631,0.9887535145267105,0.9831003039513678,0.938194753223655,0.9980753080881839,2945.495,10,2026-09-18T18:11:20.969447+00:00
Qwen2.5-7B,belief_bank_facts,hidden,13,27416,belief_bank_facts,mean,0,0,0,0,0,0,4.2346900000000005,3585.0,0.8912726081281688,0.9823805060918461,0.9821398176291792,0.9345571803993972,0.9976261216567643,4517.426,10,2026-09-18T18:11:20.969447+00:00
Qwen2.5-7B,belief_bank_facts,hidden,13,27416,belief_bank_facts,std,0,0,0,0,0,0,0.1842801044605738,0.0,0.011947778656936242,0.004738228550989525,0.001872853519874888,0.0064252431256636424,0.0007039992950454915,4517.426,10,2026-09-18T18:11:20.969447+00:00
Qwen2.5-7B,belief_bank_facts,hidden,13,27416,belief_bank_constraints,2,4978,25686,2489,2489,10018,15668,3.1108,3585,0.4379292622529552,0.9356158913954882,0.5065405279140388,0.596607364501448,0.6065686977889633,2949.972,10,2026-09-18T18:11:20.969447+00:00
Qwen2.5-7B,belief_bank_facts,hidden,13,27416,belief_bank_constraints,4,4978,25686,2489,2489,10018,15668,3.444,3585,0.6923694779116466,0.2581353563585546,0.6659269641049599,0.3760634043481422,0.6954818956717836,2954.782,10,2026-09-18T18:11:20.969447+00:00
Qwen2.5-7B,belief_bank_facts,hidden,13,27416,belief_bank_constraints,24,4978,25686,2489,2489,10018,15668,3.4235,3585,0.534493771957841,0.6681972449590736,0.6436190921124348,0.5939135835329606,0.7109903603179837,2959.564,10,2026-09-18T18:11:20.969447+00:00
Qwen2.5-7B,belief_bank_facts,hidden,13,27416,belief_bank_constraints,42,4978,25686,2489,2489,10018,15668,3.0209,3585,0.6070175438596491,0.5871431423437812,0.6907264657790236,0.596914958392531,0.7289633446622733,2963.952,10,2026-09-18T18:11:20.969447+00:00
Qwen2.5-7B,belief_bank_facts,hidden,13,27416,belief_bank_constraints,64,4978,25686,2489,2489,10018,15668,3.1722,3585,0.44207464857004364,0.728289079656618,0.5355446546756988,0.5501847522811251,0.6069165048483319,2968.489,10,2026-09-18T18:11:20.969447+00:00
Qwen2.5-7B,belief_bank_facts,hidden,13,27416,belief_bank_constraints,67,4978,25686,2489,2489,10018,15668,3.2831,3585,0.50990387416254,0.6989419045717709,0.620571517558203,0.5896421052631579,0.6960070418052202,2973.135,10,2026-09-18T18:11:20.969447+00:00
Qwen2.5-7B,belief_bank_facts,hidden,13,27416,belief_bank_constraints,104,4978,25686,2489,2489,10018,15668,3.1931,3585,0.752297410192147,0.35955280495108805,0.7040411118897454,0.486559502904228,0.739222437651543,2977.693,10,2026-09-18T18:11:20.969447+00:00
Qwen2.5-7B,belief_bank_facts,hidden,13,27416,belief_bank_constraints,123,4978,25686,2489,2489,10018,15668,3.3735,3585,0.4834187112429226,0.8948891994410062,0.5860390874406292,0.6277351818786542,0.7339850434140681,2982.433,10,2026-09-18T18:11:20.969447+00:00
Qwen2.5-7B,belief_bank_facts,hidden,13,27416,belief_bank_constraints,420,4978,25686,2489,2489,10018,15668,4.4861,3585,0.5558694520853468,0.7463565581952486,0.6684964572140466,0.6371809621202438,0.7555122314171994,2988.279,10,2026-09-18T18:11:20.969447+00:00
Qwen2.5-7B,belief_bank_facts,hidden,13,27416,belief_bank_constraints,511,4978,25686,2489,2489,10018,15668,4.012,3585,0.5861676714821977,0.5143741265721701,0.6689636377793351,0.5479291828380031,0.7034996567067713,2993.653,10,2026-09-18T18:11:20.969447+00:00
Qwen2.5-7B,belief_bank_facts,hidden,13,27416,belief_bank_constraints,mean,0,0,0,0,0,0,3.45192,3585.0,0.5601541823717289,0.6391495308444799,0.6290469516468116,0.5602730998060494,0.6977147214284138,4517.426,10,2026-09-18T18:11:20.969447+00:00
Qwen2.5-7B,belief_bank_facts,hidden,13,27416,belief_bank_constraints,std,0,0,0,0,0,0,0.43198499464680484,0.0,0.09759340634447766,0.20463940989090257,0.06310514021324168,0.07398920889741556,0.04911718526338928,4517.426,10,2026-09-18T18:11:20.969447+00:00
Qwen2.5-7B,belief_bank_facts,hidden,13,27416,halu_eval,2,4978,10000,2489,2489,2812,7188,3.9713,3585,0.2812610697839178,0.8470839260312945,0.3483,0.4223029873238188,0.509185729970371,2998.364,10,2026-09-18T18:11:20.969447+00:00
Qwen2.5-7B,belief_bank_facts,hidden,13,27416,halu_eval,4,4978,10000,2489,2489,2812,7188,4.3439,3585,0.2800626713670192,0.7628022759601707,0.3819,0.40970298920828957,0.5002099921949892,3003.443,10,2026-09-18T18:11:20.969447+00:00
Qwen2.5-7B,belief_bank_facts,hidden,13,27416,halu_eval,24,4978,10000,2489,2489,2812,7188,4.3153,3585,0.28890925756186986,0.5604551920341394,0.4885,0.38127494859078265,0.5080522569621726,3008.495,10,2026-09-18T18:11:20.969447+00:00
Qwen2.5-7B,belief_bank_facts,hidden,13,27416,halu_eval,42,4978,10000,2489,2489,2812,7188,3.8006,3585,0.2826693449391809,0.9007823613086771,0.3293,0.43030663382315465,0.5059296759416476,3013.035,10,2026-09-18T18:11:20.969447+00:00
Qwen2.5-7B,belief_bank_facts,hidden,13,27416,halu_eval,64,4978,10000,2489,2489,2812,7188,4.0812,3585,0.2845907757931218,0.7592460881934566,0.3956,0.41400038782237736,0.50875684026879,3017.851,10,2026-09-18T18:11:20.969447+00:00
Qwen2.5-7B,belief_bank_facts,hidden,13,27416,halu_eval,67,4978,10000,2489,2489,2812,7188,4.2937,3585,0.2835502039230919,0.519203413940256,0.4959,0.3667880919482477,0.5048978966445578,3022.884,10,2026-09-18T18:11:20.969447+00:00
Qwen2.5-7B,belief_bank_facts,hidden,13,27416,halu_eval,104,4978,10000,2489,2489,2812,7188,4.0824,3585,0.28107395421311276,0.8339260312944523,0.3535,0.42043926490363065,0.5090460650000672,3027.7,10,2026-09-18T18:11:20.969447+00:00
Qwen2.5-7B,belief_bank_facts,hidden,13,27416,halu_eval,123,4978,10000,2489,2489,2812,7188,4.2323,3585,0.28033295711060946,0.7066145092460882,0.4074,0.4014141414141414,0.5065964364109299,3032.666,10,2026-09-18T18:11:20.969447+00:00
Qwen2.5-7B,belief_bank_facts,hidden,13,27416,halu_eval,420,4978,10000,2489,2489,2812,7188,4.4549,3585,0.28247110621904237,0.7300853485064012,0.4026,0.40734126984126984,0.5080361779273342,3037.857,10,2026-09-18T18:11:20.969447+00:00
Qwen2.5-7B,belief_bank_facts,hidden,13,27416,halu_eval,511,4978,10000,2489,2489,2812,7188,3.9919,3585,0.2804693414080242,0.527027027027027,0.4868,0.36610671936758893,0.5022360990064838,3042.588,10,2026-09-18T18:11:20.969447+00:00
Qwen2.5-7B,belief_bank_facts,hidden,13,27416,halu_eval,mean,0,0,0,0,0,0,4.156750000000001,3585.0,0.28253906823189906,0.7147226173541964,0.40898,0.40196774342433017,0.5062947170327343,4517.426,10,2026-09-18T18:11:20.969447+00:00
Qwen2.5-7B,belief_bank_facts,hidden,13,27416,halu_eval,std,0,0,0,0,0,0,0.19317492720329937,0.0,0.002547466942209976,0.12969147167400324,0.05830867516930907,0.021779404173521335,0.002894532921486816,4517.426,10,2026-09-18T18:11:20.969447+00:00
Qwen2.5-7B,belief_bank_facts,hidden,14,27416,belief_bank_facts,2,4978,8225,2489,2489,1067,7158,2.8924,3585,0.890770533446232,0.985941893158388,0.9824924012158055,0.9359430604982206,0.9977962932266818,3046.943,10,2026-09-18T18:11:20.969447+00:00
Qwen2.5-7B,belief_bank_facts,hidden,14,27416,belief_bank_facts,4,4978,8225,2489,2489,1067,7158,2.6602,3585,0.9100346020761245,0.985941893158388,0.985531914893617,0.9464687359424202,0.9987270847097499,3050.29,10,2026-09-18T18:11:20.969447+00:00
Qwen2.5-7B,belief_bank_facts,hidden,14,27416,belief_bank_facts,24,4978,8225,2489,2489,1067,7158,2.7526,3585,0.9285083848190644,0.985941893158388,0.9883282674772036,0.9563636363636364,0.9984648290703372,3053.732,10,2026-09-18T18:11:20.969447+00:00
Qwen2.5-7B,belief_bank_facts,hidden,14,27416,belief_bank_facts,42,4978,8225,2489,2489,1067,7158,3.2445,3585,0.8946037099494097,0.9943767572633552,0.9840729483282675,0.941855304039059,0.9987516998171935,3057.669,10,2026-09-18T18:11:20.969447+00:00
Qwen2.5-7B,belief_bank_facts,hidden,14,27416,belief_bank_facts,64,4978,8225,2489,2489,1067,7158,3.024,3585,0.8917306052855924,0.9803186504217432,0.9820060790273556,0.9339285714285714,0.996890509645325,3061.384,10,2026-09-18T18:11:20.969447+00:00
Qwen2.5-7B,belief_bank_facts,hidden,14,27416,belief_bank_facts,67,4978,8225,2489,2489,1067,7158,3.3752,3585,0.9136442141623489,0.9915651358950328,0.9867477203647417,0.9510112359550562,0.9989388008200497,3065.451,10,2026-09-18T18:11:20.969447+00:00
Qwen2.5-7B,belief_bank_facts,hidden,14,27416,belief_bank_facts,104,4978,8225,2489,2489,1067,7158,3.235,3585,0.9060344827586206,0.9850046860356139,0.9848024316109423,0.9438706780422093,0.9979002527762044,3069.38,10,2026-09-18T18:11:20.969447+00:00
Qwen2.5-7B,belief_bank_facts,hidden,14,27416,belief_bank_facts,123,4978,8225,2489,2489,1067,7158,3.1847,3585,0.896845694799659,0.985941893158388,0.9834650455927052,0.9392857142857143,0.9980966499100632,3073.255,10,2026-09-18T18:11:20.969447+00:00
Qwen2.5-7B,belief_bank_facts,hidden,14,27416,belief_bank_facts,420,4978,8225,2489,2489,1067,7158,3.0015,3585,0.8965224766751484,0.9906279287722587,0.983951367781155,0.9412288512911843,0.9974058557245705,3076.951,10,2026-09-18T18:11:20.969447+00:00
Qwen2.5-7B,belief_bank_facts,hidden,14,27416,belief_bank_facts,511,4978,8225,2489,2489,1067,7158,3.0231,3585,0.909404659188956,0.9878163074039362,0.9856534954407294,0.9469901168014375,0.998929242826202,3080.685,10,2026-09-18T18:11:20.969447+00:00
Qwen2.5-7B,belief_bank_facts,hidden,14,27416,belief_bank_facts,mean,0,0,0,0,0,0,3.03932,3585.0,0.9038099363161157,0.9873477038425491,0.9847051671732523,0.9436945904647509,0.9981901218526378,4517.426,10,2026-09-18T18:11:20.969447+00:00
Qwen2.5-7B,belief_bank_facts,hidden,14,27416,belief_bank_facts,std,0,0,0,0,0,0,0.21535881128943848,0.0,0.011331464914624593,0.0037546814665436142,0.0018324410972032185,0.006457459152389465,0.0006586281429326823,4517.426,10,2026-09-18T18:11:20.969447+00:00
Qwen2.5-7B,belief_bank_facts,hidden,14,27416,belief_bank_constraints,2,4978,25686,2489,2489,10018,15668,2.8754,3585,0.4323406731981764,0.8897983629466959,0.5013626099820914,0.5819297558427993,0.6299952018967339,3084.934,10,2026-09-18T18:11:20.969447+00:00
Qwen2.5-7B,belief_bank_facts,hidden,14,27416,belief_bank_constraints,4,4978,25686,2489,2489,10018,15668,2.6898,3585,0.5197923426346528,0.7995607905769615,0.6337304368138286,0.6300141576215196,0.7297751907174693,3088.984,10,2026-09-18T18:11:20.969447+00:00
Qwen2.5-7B,belief_bank_facts,hidden,14,27416,belief_bank_constraints,24,4978,25686,2489,2489,10018,15668,1.8103,3585,0.6148983427302238,0.7185066879616689,0.7147084014638324,0.6626772233474498,0.7920112574491267,3092.156,10,2026-09-18T18:11:20.969447+00:00
Qwen2.5-7B,belief_bank_facts,hidden,14,27416,belief_bank_constraints,42,4978,25686,2489,2489,10018,15668,2.3038,3585,0.5678637127089499,0.70872429626672,0.6760492096862104,0.6305226233293371,0.7605447544432786,3095.825,10,2026-09-18T18:11:20.969447+00:00
Qwen2.5-7B,belief_bank_facts,hidden,14,27416,belief_bank_constraints,64,4978,25686,2489,2489,10018,15668,2.0927,3585,0.7925995757718596,0.3356957476542224,0.7066495367126061,0.4716359301591754,0.7780247150737556,3099.292,10,2026-09-18T18:11:20.969447+00:00
Qwen2.5-7B,belief_bank_facts,hidden,14,27416,belief_bank_constraints,67,4978,25686,2489,2489,10018,15668,2.435,3585,0.5397572903459518,0.89239369135556,0.661255158452075,0.6726609232158308,0.7851717240853113,3103.097,10,2026-09-18T18:11:20.969447+00:00
Qwen2.5-7B,belief_bank_facts,hidden,14,27416,belief_bank_constraints,104,4978,25686,2489,2489,10018,15668,2.2936,3585,0.5791082203589061,0.7376721900578957,0.6885852215214514,0.6488432328021423,0.7663972401375252,3106.757,10,2026-09-18T18:11:20.969447+00:00
Qwen2.5-7B,belief_bank_facts,hidden,14,27416,belief_bank_constraints,123,4978,25686,2489,2489,10018,15668,2.183,3585,0.5385313370924881,0.829407067278898,0.6562718990889979,0.65304358077573,0.7625506217988117,3110.306,10,2026-09-18T18:11:20.969447+00:00
Qwen2.5-7B,belief_bank_facts,hidden,14,27416,belief_bank_constraints,420,4978,25686,2489,2489,10018,15668,2.0721,3585,0.5294611616515046,0.755240566979437,0.6427625944094059,0.622511107454336,0.7435791347848573,3113.743,10,2026-09-18T18:11:20.969447+00:00
Qwen2.5-7B,belief_bank_facts,hidden,14,27416,belief_bank_constraints,511,4978,25686,2489,2489,10018,15668,2.153,3585,0.660211910851297,0.5411259732481534,0.712411430351164,0.5947665807230238,0.7473071193322532,3117.262,10,2026-09-18T18:11:20.969447+00:00
Qwen2.5-7B,belief_bank_facts,hidden,14,27416,belief_bank_constraints,mean,0,0,0,0,0,0,2.2908699999999995,3585.0,0.5774564567344009,0.7208125374326213,0.6593786498481663,0.6168605115271344,0.7495356959719123,4517.426,10,2026-09-18T18:11:20.969447+00:00
Qwen2.5-7B,belief_bank_facts,hidden,14,27416,belief_bank_constraints,std,0,0,0,0,0,0,0.2950409837632731,0.0,0.0917907140537918,0.16069024352182892,0.05929206652738418,0.055439196810935634,0.043796664065777834,4517.426,10,2026-09-18T18:11:20.969447+00:00
Qwen2.5-7B,belief_bank_facts,hidden,14,27416,halu_eval,2,4978,10000,2489,2489,2812,7188,2.8648,3585,0.29497568881685576,0.3236130867709815,0.5923,0.30863150754620994,0.5122201406880917,3120.87,10,2026-09-18T18:11:20.969447+00:00
Qwen2.5-7B,belief_bank_facts,hidden,14,27416,halu_eval,4,4978,10000,2489,2489,2812,7188,2.6832,3585,0.2861912393162393,0.7620910384068279,0.3986,0.4161165048543689,0.5077555616639396,3124.296,10,2026-09-18T18:11:20.969447+00:00
Qwen2.5-7B,belief_bank_facts,hidden,14,27416,halu_eval,24,4978,10000,2489,2489,2812,7188,2.7241,3585,0.29435483870967744,0.10384068278805121,0.678,0.15352260778128285,0.5087531049853122,3127.779,10,2026-09-18T18:11:20.969447+00:00
Qwen2.5-7B,belief_bank_facts,hidden,14,27416,halu_eval,42,4978,10000,2489,2489,2812,7188,3.1876,3585,0.2807319169839126,0.8129445234708392,0.3617,0.41734367868553174,0.5046355610069255,3131.724,10,2026-09-18T18:11:20.969447+00:00
Qwen2.5-7B,belief_bank_facts,hidden,14,27416,halu_eval,64,4978,10000,2489,2489,2812,7188,2.9959,3585,0.2993421052631579,0.06472261735419631,0.6944,0.1064327485380117,0.5118575213470214,3135.478,10,2026-09-18T18:11:20.969447+00:00
Qwen2.5-7B,belief_bank_facts,hidden,14,27416,halu_eval,67,4978,10000,2489,2489,2812,7188,3.258,3585,0.2943159922928709,0.21728307254623044,0.6334,0.25,0.5036025448610019,3139.495,10,2026-09-18T18:11:20.969447+00:00
Qwen2.5-7B,belief_bank_facts,hidden,14,27416,halu_eval,104,4978,10000,2489,2489,2812,7188,3.1972,3585,0.2856026262310458,0.6497155049786629,0.4445,0.39678575306765124,0.5125782578994071,3143.453,10,2026-09-18T18:11:20.969447+00:00
Qwen2.5-7B,belief_bank_facts,hidden,14,27416,halu_eval,123,4978,10000,2489,2489,2812,7188,3.1672,3585,0.2942708333333333,0.16073968705547653,0.6556,0.20791168353265868,0.5061237869976118,3147.381,10,2026-09-18T18:11:20.969447+00:00
Qwen2.5-7B,belief_bank_facts,hidden,14,27416,halu_eval,420,4978,10000,2489,2489,2812,7188,2.9855,3585,0.26136363636363635,0.04907539118065434,0.6936,0.08263473053892216,0.5125167370384178,3151.127,10,2026-09-18T18:11:20.969447+00:00
Qwen2.5-7B,belief_bank_facts,hidden,14,27416,halu_eval,511,4978,10000,2489,2489,2812,7188,3.046,3585,0.2824278022515908,0.20519203413940257,0.6299,0.2376930998970134,0.5071198708373605,3154.934,10,2026-09-18T18:11:20.969447+00:00
Qwen2.5-7B,belief_bank_facts,hidden,14,27416,halu_eval,mean,0,0,0,0,0,0,3.01095,3585.0,0.28735766795623197,0.3349217638691323,0.5782,0.2577072314441651,0.508716308732509,4517.426,10,2026-09-18T18:11:20.969447+00:00
Qwen2.5-7B,belief_bank_facts,hidden,14,27416,halu_eval,std,0,0,0,0,0,0,0.19092081211853262,0.0,0.010465018244291845,0.27916385643040004,0.12070345479728407,0.1182547078526393,0.0032326338559283923,4517.426,10,2026-09-18T18:11:20.969447+00:00
Qwen2.5-7B,belief_bank_facts,hidden,15,27416,belief_bank_facts,2,4978,8225,2489,2489,1067,7158,2.9414,3585,0.9020618556701031,0.9840674789128397,0.9840729483282675,0.9412819363514119,0.997963492653307,3159.326,10,2026-09-18T18:11:20.969447+00:00
Qwen2.5-7B,belief_bank_facts,hidden,15,27416,belief_bank_facts,4,4978,8225,2489,2489,1067,7158,2.8409,3585,0.9039451114922813,0.9878163074039362,0.9848024316109423,0.9440214957456337,0.9988819765826532,3162.854,10,2026-09-18T18:11:20.969447+00:00
Qwen2.5-7B,belief_bank_facts,hidden,15,27416,belief_bank_facts,24,4978,8225,2489,2489,1067,7158,3.1107,3585,0.9390681003584229,0.9821930646672915,0.9894224924012158,0.9601465872652314,0.9986033545154188,3166.684,10,2026-09-18T18:11:20.969447+00:00
Qwen2.5-7B,belief_bank_facts,hidden,15,27416,belief_bank_facts,42,4978,8225,2489,2489,1067,7158,3.0823,3585,0.8936708860759494,0.9925023430178069,0.98370820668693,0.9404973357015985,0.9989516320994618,3170.514,10,2026-09-18T18:11:20.969447+00:00
Qwen2.5-7B,belief_bank_facts,hidden,15,27416,belief_bank_facts,64,4978,8225,2489,2489,1067,7158,3.0708,3585,0.9045967042497832,0.9775070290534208,0.98370820668693,0.9396396396396396,0.997727947024099,3174.338,10,2026-09-18T18:11:20.969447+00:00
Qwen2.5-7B,belief_bank_facts,hidden,15,27416,belief_bank_facts,67,4978,8225,2489,2489,1067,7158,2.9998,3585,0.9175347222222222,0.9906279287722587,0.9872340425531915,0.9526813880126183,0.9988195222940861,3178.094,10,2026-09-18T18:11:20.969447+00:00
Qwen2.5-7B,belief_bank_facts,hidden,15,27416,belief_bank_facts,104,4978,8225,2489,2489,1067,7158,2.9205,3585,0.918918918918919,0.9878163074039362,0.987112462006079,0.952122854561879,0.9985385434612455,3181.763,10,2026-09-18T18:11:20.969447+00:00
Qwen2.5-7B,belief_bank_facts,hidden,15,27416,belief_bank_facts,123,4978,8225,2489,2489,1067,7158,2.9505,3585,0.9055793991416309,0.9887535145267105,0.9851671732522796,0.9453405017921147,0.998249839674473,3185.466,10,2026-09-18T18:11:20.969447+00:00
Qwen2.5-7B,belief_bank_facts,hidden,15,27416,belief_bank_facts,420,4978,8225,2489,2489,1067,7158,2.9511,3585,0.9019607843137255,0.9915651358950328,0.9849240121580547,0.9446428571428571,0.9976961306884138,3189.166,10,2026-09-18T18:11:20.969447+00:00
Qwen2.5-7B,belief_bank_facts,hidden,15,27416,belief_bank_facts,511,4978,8225,2489,2489,1067,7158,2.901,3585,0.9050470487596236,0.9915651358950328,0.9854103343465046,0.9463327370304114,0.9990955257328691,3192.819,10,2026-09-18T18:11:20.969447+00:00
Qwen2.5-7B,belief_bank_facts,hidden,15,27416,belief_bank_facts,mean,0,0,0,0,0,0,2.9768999999999997,3585.0,0.9092383531202662,0.9874414245548268,0.9855562310030395,0.9466707333243397,0.9984527964726027,4517.426,10,2026-09-18T18:11:20.969447+00:00
Qwen2.5-7B,belief_bank_facts,hidden,15,27416,belief_bank_facts,std,0,0,0,0,0,0,0.0827126592487511,0.0,0.012164235923158831,0.00457602834704169,0.0017422963275548161,0.006140464018407868,0.0004887945449156447,4517.426,10,2026-09-18T18:11:20.969447+00:00
Qwen2.5-7B,belief_bank_facts,hidden,15,27416,belief_bank_constraints,2,4978,25686,2489,2489,10018,15668,2.9548,3585,0.4559683952592889,0.9101617089239369,0.541423343455579,0.6075628852240547,0.6530972612840416,3197.198,10,2026-09-18T18:11:20.969447+00:00
Qwen2.5-7B,belief_bank_facts,hidden,15,27416,belief_bank_constraints,4,4978,25686,2489,2489,10018,15668,2.8035,3585,0.49353049907578556,0.9061688959872229,0.6007163435334424,0.6390257637617908,0.7656070044050911,3201.427,10,2026-09-18T18:11:20.969447+00:00
Qwen2.5-7B,belief_bank_facts,hidden,15,27416,belief_bank_constraints,24,4978,25686,2489,2489,10018,15668,3.106,3585,0.575951016154247,0.8826112996606109,0.700770847932726,0.6970437524635397,0.8343565511107325,3205.96,10,2026-09-18T18:11:20.969447+00:00
Qwen2.5-7B,belief_bank_facts,hidden,15,27416,belief_bank_constraints,42,4978,25686,2489,2489,10018,15668,3.1333,3585,0.5767343549482902,0.7626272709123577,0.6891302655142879,0.6567805716741887,0.768068020070893,3210.511,10,2026-09-18T18:11:20.969447+00:00
Qwen2.5-7B,belief_bank_facts,hidden,15,27416,belief_bank_constraints,64,4978,25686,2489,2489,10018,15668,2.1543,3585,0.6769076640507597,0.4046715911359553,0.6924783928988554,0.5065283938277004,0.7609926334792931,3214.093,10,2026-09-18T18:11:20.969447+00:00
Qwen2.5-7B,belief_bank_facts,hidden,15,27416,belief_bank_constraints,67,4978,25686,2489,2489,10018,15668,2.0967,3585,0.5912913727618014,0.8702335795567978,0.7147862648913805,0.7041434456021323,0.8091808436415168,3217.621,10,2026-09-18T18:11:20.969447+00:00
Qwen2.5-7B,belief_bank_facts,hidden,15,27416,belief_bank_constraints,104,4978,25686,2489,2489,10018,15668,2.0037,3585,0.5840726510653161,0.834597724096626,0.703690726465779,0.6872148933547035,0.7787137161279214,3221.052,10,2026-09-18T18:11:20.969447+00:00
Qwen2.5-7B,belief_bank_facts,hidden,15,27416,belief_bank_constraints,123,4978,25686,2489,2489,10018,15668,2.0478,3585,0.5137487526333296,0.9250349371131963,0.629292221443588,0.6606073567151411,0.7950371995712797,3224.533,10,2026-09-18T18:11:20.969447+00:00
Qwen2.5-7B,belief_bank_facts,hidden,15,27416,belief_bank_constraints,420,4978,25686,2489,2489,10018,15668,2.0281,3585,0.5274679141177882,0.877919744459972,0.6456435412286848,0.6589989509965533,0.7838825268970793,3227.998,10,2026-09-18T18:11:20.969447+00:00
Qwen2.5-7B,belief_bank_facts,hidden,15,27416,belief_bank_constraints,511,4978,25686,2489,2489,10018,15668,1.9477,3585,0.6209480242921366,0.7858854062687163,0.7293856575566456,0.69374807243248,0.8229756581120538,3231.385,10,2026-09-18T18:11:20.969447+00:00
Qwen2.5-7B,belief_bank_facts,hidden,15,27416,belief_bank_constraints,mean,0,0,0,0,0,0,2.42759,3585.0,0.5616620644358743,0.8159912158115393,0.6647317604920968,0.6511654086052284,0.7771911414699902,4517.426,10,2026-09-18T18:11:20.969447+00:00
Qwen2.5-7B,belief_bank_facts,hidden,15,27416,belief_bank_constraints,std,0,0,0,0,0,0,0.4770231555176332,0.0,0.06155147351640845,0.14607886478363713,0.056383170973152756,0.05583440278290577,0.04757323624389238,4517.426,10,2026-09-18T18:11:20.969447+00:00
Qwen2.5-7B,belief_bank_facts,hidden,15,27416,halu_eval,2,4978,10000,2489,2489,2812,7188,2.0722,3585,0.2746730083234245,0.0821479374110953,0.6809,0.12647139337530797,0.504682932317257,3234.253,10,2026-09-18T18:11:20.969447+00:00
Qwen2.5-7B,belief_bank_facts,hidden,15,27416,halu_eval,4,4978,10000,2489,2489,2812,7188,1.9895,3585,0.28254966414177507,0.7030583214793741,0.4145,0.4030991946171883,0.5007018622391832,3237.033,10,2026-09-18T18:11:20.969447+00:00
Qwen2.5-7B,belief_bank_facts,hidden,15,27416,halu_eval,24,4978,10000,2489,2489,2812,7188,3.1219,3585,0.2862453531598513,0.3833570412517781,0.5578,0.3277591973244147,0.506545898767584,3240.94,10,2026-09-18T18:11:20.969447+00:00
Qwen2.5-7B,belief_bank_facts,hidden,15,27416,halu_eval,42,4978,10000,2489,2489,2812,7188,3.1435,3585,0.28114299208879445,0.846728307254623,0.3481,0.42212569807641165,0.5000492760575355,3244.87,10,2026-09-18T18:11:20.969447+00:00
Qwen2.5-7B,belief_bank_facts,hidden,15,27416,halu_eval,64,4978,10000,2489,2489,2812,7188,3.0808,3585,0.2768595041322314,0.02382645803698435,0.708,0.04387688277668631,0.5009078470439511,3248.735,10,2026-09-18T18:11:20.969447+00:00
Qwen2.5-7B,belief_bank_facts,hidden,15,27416,halu_eval,67,4978,10000,2489,2489,2812,7188,2.981,3585,0.2920353982300885,0.07041251778093884,0.6906,0.11346704871060172,0.4990663275524009,3252.495,10,2026-09-18T18:11:20.969447+00:00
Qwen2.5-7B,belief_bank_facts,hidden,15,27416,halu_eval,104,4978,10000,2489,2489,2812,7188,2.9091,3585,0.2839506172839506,0.5480085348506402,0.4843,0.37407452360723387,0.5055646076398866,3256.186,10,2026-09-18T18:11:20.969447+00:00
Qwen2.5-7B,belief_bank_facts,hidden,15,27416,halu_eval,123,4978,10000,2489,2489,2812,7188,2.8893,3585,0.28254466915374044,0.5117354196301565,0.4973,0.36407337128399747,0.5015386894231021,3259.852,10,2026-09-18T18:11:20.969447+00:00
Qwen2.5-7B,belief_bank_facts,hidden,15,27416,halu_eval,420,4978,10000,2489,2489,2812,7188,2.9496,3585,0.2723849372384937,0.23150782361308678,0.61,0.2502883506343714,0.5005743678614033,3263.584,10,2026-09-18T18:11:20.969447+00:00
Qwen2.5-7B,belief_bank_facts,hidden,15,27416,halu_eval,511,4978,10000,2489,2489,2812,7188,2.9204,3585,0.2938689217758985,0.049431009957325744,0.6993,0.08462709284627093,0.5055052141588914,3267.282,10,2026-09-18T18:11:20.969447+00:00
Qwen2.5-7B,belief_bank_facts,hidden,15,27416,halu_eval,mean,0,0,0,0,0,0,2.80573,3585.0,0.28262550655282487,0.3450213371266003,0.56908,0.2509862753252485,0.5025137023061195,4517.426,10,2026-09-18T18:11:20.969447+00:00
Qwen2.5-7B,belief_bank_facts,hidden,15,27416,halu_eval,std,0,0,0,0,0,0,0.3970201356354612,0.0,0.0065832215741338605,0.28254290250422565,0.12263591480475855,0.13829178956698734,0.0026029277142275604,4517.426,10,2026-09-18T18:11:20.969447+00:00
Qwen2.5-7B,belief_bank_facts,hidden,16,27416,belief_bank_facts,2,4978,8225,2489,2489,1067,7158,2.8534,3585,0.9100346020761245,0.985941893158388,0.985531914893617,0.9464687359424202,0.9981615918956592,3271.54,10,2026-09-18T18:11:20.969447+00:00
Qwen2.5-7B,belief_bank_facts,hidden,16,27416,belief_bank_facts,4,4978,8225,2489,2489,1067,7158,2.7933,3585,0.905254091300603,0.9850046860356139,0.9846808510638297,0.9434470377019749,0.9987184432358601,3275.039,10,2026-09-18T18:11:20.969447+00:00
Qwen2.5-7B,belief_bank_facts,hidden,16,27416,belief_bank_facts,24,4978,8225,2489,2489,1067,7158,2.8333,3585,0.9366071428571429,0.9831302717900656,0.9891793313069909,0.959304983996342,0.9984462368083319,3278.581,10,2026-09-18T18:11:20.969447+00:00
Qwen2.5-7B,belief_bank_facts,hidden,16,27416,belief_bank_facts,42,4978,8225,2489,2489,1067,7158,2.9545,3585,0.8967851099830795,0.993439550140581,0.9843161094224924,0.9426411738550466,0.9986753667978338,3282.247,10,2026-09-18T18:11:20.969447+00:00
Qwen2.5-7B,belief_bank_facts,hidden,16,27416,belief_bank_facts,64,4978,8225,2489,2489,1067,7158,2.9949,3585,0.9157894736842105,0.9784442361761949,0.985531914893617,0.9460806524694155,0.9976586843015581,3285.955,10,2026-09-18T18:11:20.969447+00:00
Qwen2.5-7B,belief_bank_facts,hidden,16,27416,belief_bank_facts,67,4978,8225,2489,2489,1067,7158,3.2056,3585,0.9189895470383276,0.9887535145267105,0.9872340425531915,0.9525959367945824,0.9987344168694139,3289.871,10,2026-09-18T18:11:20.969447+00:00
Qwen2.5-7B,belief_bank_facts,hidden,16,27416,belief_bank_facts,104,4978,8225,2489,2489,1067,7158,2.8329,3585,0.9176062445793582,0.9915651358950328,0.987355623100304,0.9531531531531532,0.9983425391216544,3293.415,10,2026-09-18T18:11:20.969447+00:00
Qwen2.5-7B,belief_bank_facts,hidden,16,27416,belief_bank_facts,123,4978,8225,2489,2489,1067,7158,3.2177,3585,0.9086993970714901,0.9887535145267105,0.9856534954407294,0.9470377019748654,0.9983637500121111,3297.343,10,2026-09-18T18:11:20.969447+00:00
Qwen2.5-7B,belief_bank_facts,hidden,16,27416,belief_bank_facts,420,4978,8225,2489,2489,1067,7158,3.0143,3585,0.9033361847733106,0.9896907216494846,0.9849240121580547,0.9445438282647585,0.9976053952125711,3301.066,10,2026-09-18T18:11:20.969447+00:00
Qwen2.5-7B,belief_bank_facts,hidden,16,27416,belief_bank_facts,511,4978,8225,2489,2489,1067,7158,2.703,3585,0.9137931034482759,0.993439550140581,0.9869908814589665,0.9519533004041311,0.9989414194485011,3304.479,10,2026-09-18T18:11:20.969447+00:00
Qwen2.5-7B,belief_bank_facts,hidden,16,27416,belief_bank_facts,mean,0,0,0,0,0,0,2.94029,3585.0,0.9126894896811922,0.9878163074039362,0.9861398176291795,0.9487226504556692,0.9983647843703494,4517.426,10,2026-09-18T18:11:20.969447+00:00
Qwen2.5-7B,belief_bank_facts,hidden,16,27416,belief_bank_facts,std,0,0,0,0,0,0,0.16261897460013697,0.0,0.010321992160585656,0.004514187283521015,0.0014334135103406288,0.005042151537990956,0.0004259505884072572,4517.426,10,2026-09-18T18:11:20.969447+00:00
Qwen2.5-7B,belief_bank_facts,hidden,16,27416,belief_bank_constraints,2,4978,25686,2489,2489,10018,15668,2.8326,3585,0.5127982988107427,0.6499301257736075,0.622634898388227,0.5732775698877394,0.6539239835490399,3308.679,10,2026-09-18T18:11:20.969447+00:00
Qwen2.5-7B,belief_bank_facts,hidden,16,27416,belief_bank_constraints,4,4978,25686,2489,2489,10018,15668,2.7721,3585,0.5492728014136197,0.8067478538630465,0.6664330763840224,0.653566229985444,0.7585548718459441,3312.812,10,2026-09-18T18:11:20.969447+00:00
Qwen2.5-7B,belief_bank_facts,hidden,16,27416,belief_bank_constraints,24,4978,25686,2489,2489,10018,15668,2.8127,3585,0.725247767638112,0.7377720103813137,0.7887175893482831,0.7314562818546192,0.8535020483680816,3316.99,10,2026-09-18T18:11:20.969447+00:00
Qwen2.5-7B,belief_bank_facts,hidden,16,27416,belief_bank_constraints,42,4978,25686,2489,2489,10018,15668,2.863,3585,0.6594082100437592,0.6317628269115592,0.7291131355602274,0.64528955954323,0.7924288043074674,3321.222,10,2026-09-18T18:11:20.969447+00:00
Qwen2.5-7B,belief_bank_facts,hidden,16,27416,belief_bank_constraints,64,4978,25686,2489,2489,10018,15668,2.9833,3585,0.8149585921325052,0.31433419844280297,0.7047418827376781,0.4536810257887912,0.7852491440859606,3325.576,10,2026-09-18T18:11:20.969447+00:00
Qwen2.5-7B,belief_bank_facts,hidden,16,27416,belief_bank_constraints,67,4978,25686,2489,2489,10018,15668,3.2859,3585,0.5675182481751825,0.7450588939908165,0.6791248150743596,0.6442813983599482,0.7445063718087631,3330.226,10,2026-09-18T18:11:20.969447+00:00
Qwen2.5-7B,belief_bank_facts,hidden,16,27416,belief_bank_constraints,104,4978,25686,2489,2489,10018,15668,1.9125,3585,0.5710032362459547,0.440307446596127,0.6526901814217861,0.4972101673899566,0.7172349408542286,3333.516,10,2026-09-18T18:11:20.969447+00:00
Qwen2.5-7B,belief_bank_facts,hidden,16,27416,belief_bank_constraints,123,4978,25686,2489,2489,10018,15668,2.3267,3585,0.5008580928885552,0.9322220003992813,0.6112279062524333,0.6516187552330449,0.7967948795053763,3337.233,10,2026-09-18T18:11:20.969447+00:00
Qwen2.5-7B,belief_bank_facts,hidden,16,27416,belief_bank_constraints,420,4978,25686,2489,2489,10018,15668,2.1356,3585,0.4998688008396746,0.7606308644440009,0.6098263645565678,0.6032776502256353,0.6879817502862985,3340.766,10,2026-09-18T18:11:20.969447+00:00
Qwen2.5-7B,belief_bank_facts,hidden,16,27416,belief_bank_constraints,511,4978,25686,2489,2489,10018,15668,1.8227,3585,0.7377882909520993,0.622679177480535,0.7665265124970801,0.6753640448221729,0.8126255558478273,3343.987,10,2026-09-18T18:11:20.969447+00:00
Qwen2.5-7B,belief_bank_facts,hidden,16,27416,belief_bank_constraints,mean,0,0,0,0,0,0,2.5747100000000005,3585.0,0.6138722339140206,0.664144539828309,0.6831036362220665,0.6129022683090583,0.7602802350458988,4517.426,10,2026-09-18T18:11:20.969447+00:00
Qwen2.5-7B,belief_bank_facts,hidden,16,27416,belief_bank_constraints,std,0,0,0,0,0,0,0.466510997619563,0.0,0.10696419779715484,0.16997626258602563,0.06009129329205188,0.07971289388244061,0.05750134554581469,4517.426,10,2026-09-18T18:11:20.969447+00:00
Qwen2.5-7B,belief_bank_facts,hidden,16,27416,halu_eval,2,4978,10000,2489,2489,2812,7188,1.9383,3585,0.2795031055900621,0.016002844950213372,0.7117,0.030272452068617558,0.5021204783775076,3346.693,10,2026-09-18T18:11:20.969447+00:00
Qwen2.5-7B,belief_bank_facts,hidden,16,27416,halu_eval,4,4978,10000,2489,2489,2812,7188,1.8371,3585,0.2809623430962343,0.4775960170697013,0.5094,0.35379346680716545,0.5016722443601672,3349.297,10,2026-09-18T18:11:20.969447+00:00
Qwen2.5-7B,belief_bank_facts,hidden,16,27416,halu_eval,24,4978,10000,2489,2489,2812,7188,1.9174,3585,0.29721362229102166,0.13655761024182078,0.6664,0.1871345029239766,0.5089721756507408,3351.98,10,2026-09-18T18:11:20.969447+00:00
Qwen2.5-7B,belief_bank_facts,hidden,16,27416,halu_eval,42,4978,10000,2489,2489,2812,7188,2.0594,3585,0.27823691460055094,0.4310099573257468,0.5256,0.33816964285714285,0.4996483638765732,3354.806,10,2026-09-18T18:11:20.969447+00:00
Qwen2.5-7B,belief_bank_facts,hidden,16,27416,halu_eval,64,4978,10000,2489,2489,2812,7188,2.9891,3585,0.27341772151898736,0.03840682788051209,0.7009,0.06735266604303088,0.49777095103186836,3358.558,10,2026-09-18T18:11:20.969447+00:00
Qwen2.5-7B,belief_bank_facts,hidden,16,27416,halu_eval,67,4978,10000,2489,2489,2812,7188,3.2708,3585,0.26666666666666666,0.011379800853485065,0.7132,0.021828103683492497,0.5008795479426356,3362.593,10,2026-09-18T18:11:20.969447+00:00
Qwen2.5-7B,belief_bank_facts,hidden,16,27416,halu_eval,104,4978,10000,2489,2489,2812,7188,2.8274,3585,0.2795358649789029,0.2827169274537696,0.5934,0.28111739745403114,0.5040693810848016,3366.188,10,2026-09-18T18:11:20.969447+00:00
Qwen2.5-7B,belief_bank_facts,hidden,16,27416,halu_eval,123,4978,10000,2489,2489,2812,7188,3.2097,3585,0.2863808042657187,0.45839260312944524,0.5265,0.352522904416792,0.5055707671470786,3370.162,10,2026-09-18T18:11:20.969447+00:00
Qwen2.5-7B,belief_bank_facts,hidden,16,27416,halu_eval,420,4978,10000,2489,2489,2812,7188,3.0296,3585,0.27710843373493976,0.10633001422475107,0.6707,0.15368799794397328,0.5007427277246493,3373.958,10,2026-09-18T18:11:20.969447+00:00
Qwen2.5-7B,belief_bank_facts,hidden,16,27416,halu_eval,511,4978,10000,2489,2489,2812,7188,2.6668,3585,0.28448275862068967,0.011735419630156473,0.7138,0.022540983606557378,0.5020487164081752,3377.385,10,2026-09-18T18:11:20.969447+00:00
Qwen2.5-7B,belief_bank_facts,hidden,16,27416,halu_eval,mean,0,0,0,0,0,0,2.5745599999999995,3585.0,0.28035082353637736,0.19701280227596013,0.63316,0.18084201178047796,0.5023495353604197,4517.426,10,2026-09-18T18:11:20.969447+00:00
Qwen2.5-7B,belief_bank_facts,hidden,16,27416,halu_eval,std,0,0,0,0,0,0,0.5463897129339095,0.0,0.007680169475653822,0.18647578506522108,0.08125484847072205,0.1344865307283905,0.0030132657669400724,4517.426,10,2026-09-18T18:11:20.969447+00:00
Qwen2.5-7B,belief_bank_facts,hidden,17,27416,belief_bank_facts,2,4978,8225,2489,2489,1067,7158,2.6124,3585,0.8970212765957447,0.9878163074039362,0.98370820668693,0.9402319357716324,0.9980237211076902,3381.457,10,2026-09-18T18:11:20.969447+00:00
Qwen2.5-7B,belief_bank_facts,hidden,17,27416,belief_bank_facts,4,4978,8225,2489,2489,1067,7158,3.0656,3585,0.9036973344797936,0.9850046860356139,0.9844376899696049,0.9426008968609866,0.9987516998171935,3385.235,10,2026-09-18T18:11:20.969447+00:00
Qwen2.5-7B,belief_bank_facts,hidden,17,27416,belief_bank_facts,24,4978,8225,2489,2489,1067,7158,2.8329,3585,0.9297777777777778,0.9803186504217432,0.9878419452887538,0.9543795620437956,0.9984880039321324,3388.776,10,2026-09-18T18:11:20.969447+00:00
Qwen2.5-7B,belief_bank_facts,hidden,17,27416,belief_bank_facts,42,4978,8225,2489,2489,1067,7158,3.2158,3585,0.9072164948453608,0.9896907216494846,0.985531914893617,0.94666069027342,0.9986508826218127,3392.704,10,2026-09-18T18:11:20.969447+00:00
Qwen2.5-7B,belief_bank_facts,hidden,17,27416,belief_bank_facts,64,4978,8225,2489,2489,1067,7158,3.1055,3585,0.9086161879895561,0.9784442361761949,0.9844376899696049,0.9422382671480144,0.9976822519576211,3396.518,10,2026-09-18T18:11:20.969447+00:00
Qwen2.5-7B,belief_bank_facts,hidden,17,27416,belief_bank_facts,67,4978,8225,2489,2489,1067,7158,3.3266,3585,0.9245614035087719,0.9878163074039362,0.9879635258358662,0.9551427276846398,0.9988845952111046,3400.558,10,2026-09-18T18:11:20.969447+00:00
Qwen2.5-7B,belief_bank_facts,hidden,17,27416,belief_bank_facts,104,4978,8225,2489,2489,1067,7158,3.1858,3585,0.910267471958585,0.9887535145267105,0.9858966565349544,0.9478885893980233,0.9983043071462633,3404.455,10,2026-09-18T18:11:20.969447+00:00
Qwen2.5-7B,belief_bank_facts,hidden,17,27416,belief_bank_facts,123,4978,8225,2489,2489,1067,7158,3.176,3585,0.8963466440101954,0.9887535145267105,0.98370820668693,0.9402852049910874,0.9982768115475231,3408.348,10,2026-09-18T18:11:20.969447+00:00
Qwen2.5-7B,belief_bank_facts,hidden,17,27416,belief_bank_facts,420,4978,8225,2489,2489,1067,7158,2.994,3585,0.9048027444253859,0.9887535145267105,0.9850455927051672,0.9449171518137035,0.9976673257754478,3412.054,10,2026-09-18T18:11:20.969447+00:00
Qwen2.5-7B,belief_bank_facts,hidden,17,27416,belief_bank_facts,511,4978,8225,2489,2489,1067,7158,3.1759,3585,0.9104220499569337,0.9906279287722587,0.9861398176291793,0.9488330341113106,0.9990813851392313,3415.946,10,2026-09-18T18:11:20.969447+00:00
Qwen2.5-7B,belief_bank_facts,hidden,17,27416,belief_bank_facts,mean,0,0,0,0,0,0,3.06905,3585.0,0.9092729385548104,0.98659793814433,0.9854711246200608,0.9463178060096613,0.9983810984256019,4517.426,10,2026-09-18T18:11:20.969447+00:00
Qwen2.5-7B,belief_bank_facts,hidden,17,27416,belief_bank_facts,std,0,0,0,0,0,0,0.1989025904808683,0.0,0.010146022549346661,0.0038879978468025623,0.0014490544749619718,0.00507575048757805,0.00045910970022376805,4517.426,10,2026-09-18T18:11:20.969447+00:00
Qwen2.5-7B,belief_bank_facts,hidden,17,27416,belief_bank_constraints,2,4978,25686,2489,2489,10018,15668,2.601,3585,0.4976828214594297,0.6324615691754841,0.6076851202989956,0.557035474086773,0.6244127241886228,3419.917,10,2026-09-18T18:11:20.969447+00:00
Qwen2.5-7B,belief_bank_facts,hidden,17,27416,belief_bank_constraints,4,4978,25686,2489,2489,10018,15668,3.0242,3585,0.5639428918590522,0.7412657217009383,0.6755430974071479,0.6405589579918917,0.7275568643278962,3424.31,10,2026-09-18T18:11:20.969447+00:00
Qwen2.5-7B,belief_bank_facts,hidden,17,27416,belief_bank_constraints,24,4978,25686,2489,2489,10018,15668,2.8228,3585,0.6192778143997656,0.8439808344979037,0.7367826831737133,0.7143762409699632,0.8378968851726836,3428.501,10,2026-09-18T18:11:20.969447+00:00
Qwen2.5-7B,belief_bank_facts,hidden,17,27416,belief_bank_constraints,42,4978,25686,2489,2489,10018,15668,3.1853,3585,0.6298786919831224,0.4768416849670593,0.6866775675465234,0.5427792296329963,0.7266912600464428,3433.058,10,2026-09-18T18:11:20.969447+00:00
Qwen2.5-7B,belief_bank_facts,hidden,17,27416,belief_bank_constraints,64,4978,25686,2489,2489,10018,15668,3.0844,3585,0.6878485719114417,0.4062687163106408,0.6965272911313556,0.5108252274866646,0.7315169113772386,3437.511,10,2026-09-18T18:11:20.969447+00:00
Qwen2.5-7B,belief_bank_facts,hidden,17,27416,belief_bank_constraints,67,4978,25686,2489,2489,10018,15668,3.2055,3585,0.5257357882005107,0.7809942104212417,0.6398037841625789,0.6284337349397591,0.7079018298082088,3442.096,10,2026-09-18T18:11:20.969447+00:00
Qwen2.5-7B,belief_bank_facts,hidden,17,27416,belief_bank_constraints,104,4978,25686,2489,2489,10018,15668,3.1851,3585,0.542852215899293,0.6284687562387702,0.64868021490306,0.5825314581791265,0.6924862220176264,3446.665,10,2026-09-18T18:11:20.969447+00:00
Qwen2.5-7B,belief_bank_facts,hidden,17,27416,belief_bank_constraints,123,4978,25686,2489,2489,10018,15668,3.2864,3585,0.5479092934853848,0.8344979037732082,0.6669002569493109,0.6614970723215698,0.7846399585163351,3451.338,10,2026-09-18T18:11:20.969447+00:00
Qwen2.5-7B,belief_bank_facts,hidden,17,27416,belief_bank_constraints,420,4978,25686,2489,2489,10018,15668,2.0744,3585,0.5489873701517076,0.7332800958275105,0.6610215681694308,0.6278900807726826,0.7388858912777527,3454.8,10,2026-09-18T18:11:20.969447+00:00
Qwen2.5-7B,belief_bank_facts,hidden,17,27416,belief_bank_constraints,511,4978,25686,2489,2489,10018,15668,2.2761,3585,0.7148275018350868,0.5832501497304852,0.7467102701860936,0.6423702726473175,0.7786681891920558,3458.472,10,2026-09-18T18:11:20.969447+00:00
Qwen2.5-7B,belief_bank_facts,hidden,17,27416,belief_bank_constraints,mean,0,0,0,0,0,0,2.8745199999999995,3585.0,0.5878942961184794,0.6661309642643243,0.6766331853928209,0.6108297749028744,0.7350656735924863,4517.426,10,2026-09-18T18:11:20.969447+00:00
Qwen2.5-7B,belief_bank_facts,hidden,17,27416,belief_bank_constraints,std,0,0,0,0,0,0,0.4018056017528875,0.0,0.06824024401010896,0.14003782499359366,0.04031956692103394,0.05839095321905263,0.0546641631052143,4517.426,10,2026-09-18T18:11:20.969447+00:00
Qwen2.5-7B,belief_bank_facts,hidden,17,27416,halu_eval,2,4978,10000,2489,2489,2812,7188,1.7133,3585,0.277807921866522,0.18207681365576103,0.6369,0.21997851772287863,0.504381240149736,3460.939,10,2026-09-18T18:11:20.969447+00:00
Qwen2.5-7B,belief_bank_facts,hidden,17,27416,halu_eval,4,4978,10000,2489,2489,2812,7188,2.1361,3585,0.278757567780995,0.7532005689900427,0.3826,0.4069164265129683,0.5021560254129888,3463.831,10,2026-09-18T18:11:20.969447+00:00
Qwen2.5-7B,belief_bank_facts,hidden,17,27416,halu_eval,24,4978,10000,2489,2489,2812,7188,1.9148,3585,0.2840320301460198,0.6433143669985776,0.4437,0.39407471952946305,0.5102255240479034,3466.5,10,2026-09-18T18:11:20.969447+00:00
Qwen2.5-7B,belief_bank_facts,hidden,17,27416,halu_eval,42,4978,10000,2489,2489,2812,7188,2.2272,3585,0.2813250120019203,0.6251778093883357,0.4455,0.38803664054740095,0.49923879375377483,3469.492,10,2026-09-18T18:11:20.969447+00:00
Qwen2.5-7B,belief_bank_facts,hidden,17,27416,halu_eval,64,4978,10000,2489,2489,2812,7188,2.1867,3585,0.2787746170678337,0.22652916073968707,0.6177,0.24995095154012165,0.5007598951864614,3472.444,10,2026-09-18T18:11:20.969447+00:00
Qwen2.5-7B,belief_bank_facts,hidden,17,27416,halu_eval,67,4978,10000,2489,2489,2812,7188,2.4087,3585,0.2851123595505618,0.14438122332859174,0.6576,0.19169027384324835,0.5045245661925875,3475.621,10,2026-09-18T18:11:20.969447+00:00
Qwen2.5-7B,belief_bank_facts,hidden,17,27416,halu_eval,104,4978,10000,2489,2489,2812,7188,3.1778,3585,0.29733163913595934,0.08321479374110953,0.6869,0.13003612114476243,0.5033054290341654,3479.566,10,2026-09-18T18:11:20.969447+00:00
Qwen2.5-7B,belief_bank_facts,hidden,17,27416,halu_eval,123,4978,10000,2489,2489,2812,7188,3.2682,3585,0.2824833702882483,0.45305832147937414,0.5226,0.3479923518164436,0.5039721400294943,3483.596,10,2026-09-18T18:11:20.969447+00:00
Qwen2.5-7B,belief_bank_facts,hidden,17,27416,halu_eval,420,4978,10000,2489,2489,2812,7188,2.9969,3585,0.2886926661761099,0.4185633001422475,0.5465,0.34170416606183773,0.507052512049876,3487.353,10,2026-09-18T18:11:20.969447+00:00
Qwen2.5-7B,belief_bank_facts,hidden,17,27416,halu_eval,511,4978,10000,2489,2489,2812,7188,3.1789,3585,0.3003194888178914,0.033428165007112376,0.7063,0.06016,0.5060539297754832,3491.303,10,2026-09-18T18:11:20.969447+00:00
Qwen2.5-7B,belief_bank_facts,hidden,17,27416,halu_eval,mean,0,0,0,0,0,0,2.52086,3585.0,0.28546366728320616,0.35629445234708396,0.56463,0.27305401687191244,0.5041670055632471,4517.426,10,2026-09-18T18:11:20.969447+00:00
Qwen2.5-7B,belief_bank_facts,hidden,17,27416,halu_eval,std,0,0,0,0,0,0,0.5502453147460685,0.0,0.007405942641905904,0.2442062621882035,0.1075868491034104,0.1148318578606793,0.002991421460991257,4517.426,10,2026-09-18T18:11:20.969447+00:00
Qwen2.5-7B,belief_bank_facts,hidden,18,27416,belief_bank_facts,2,4978,8225,2489,2489,1067,7158,2.6818,3585,0.9104220499569337,0.9906279287722587,0.9861398176291793,0.9488330341113106,0.9981955031341054,3495.55,10,2026-09-18T18:11:20.969447+00:00
Qwen2.5-7B,belief_bank_facts,hidden,18,27416,belief_bank_facts,4,4978,8225,2489,2489,1067,7158,2.5007,3585,0.9164490861618799,0.9868791002811621,0.9866261398176291,0.9503610108303249,0.9990057067769842,3498.755,10,2026-09-18T18:11:20.969447+00:00
Qwen2.5-7B,belief_bank_facts,hidden,18,27416,belief_bank_facts,24,4978,8225,2489,2489,1067,7158,2.794,3585,0.9300884955752212,0.9850046860356139,0.9884498480243161,0.9567592171142467,0.9990655424371,3502.255,10,2026-09-18T18:11:20.969447+00:00
Qwen2.5-7B,belief_bank_facts,hidden,18,27416,belief_bank_facts,42,4978,8225,2489,2489,1067,7158,2.5412,3585,0.9248908296943231,0.9925023430178069,0.9885714285714285,0.9575045207956601,0.9987523544743063,3505.505,10,2026-09-18T18:11:20.969447+00:00
Qwen2.5-7B,belief_bank_facts,hidden,18,27416,belief_bank_facts,64,4978,8225,2489,2489,1067,7158,2.8744,3585,0.9136125654450262,0.9812558575445174,0.985531914893617,0.9462268413917758,0.9980296130217061,3509.093,10,2026-09-18T18:11:20.969447+00:00
Qwen2.5-7B,belief_bank_facts,hidden,18,27416,belief_bank_facts,67,4978,8225,2489,2489,1067,7158,2.8127,3585,0.922608695652174,0.9943767572633552,0.9884498480243161,0.957149300857014,0.9989838412294146,3512.615,10,2026-09-18T18:11:20.969447+00:00
Qwen2.5-7B,belief_bank_facts,hidden,18,27416,belief_bank_facts,104,4978,8225,2489,2489,1067,7158,2.7026,3585,0.9165942658557776,0.9887535145267105,0.9868693009118541,0.951307484220018,0.9980234592448451,3516.024,10,2026-09-18T18:11:20.969447+00:00
Qwen2.5-7B,belief_bank_facts,hidden,18,27416,belief_bank_facts,123,4978,8225,2489,2489,1067,7158,2.6933,3585,0.8781094527363185,0.9925023430178069,0.9811550151975684,0.9318081830180378,0.998297367780867,3519.429,10,2026-09-18T18:11:20.969447+00:00
Qwen2.5-7B,belief_bank_facts,hidden,18,27416,belief_bank_facts,420,4978,8225,2489,2489,1067,7158,2.9145,3585,0.9103448275862069,0.9896907216494846,0.9860182370820668,0.9483610237988325,0.9978076842604456,3523.053,10,2026-09-18T18:11:20.969447+00:00
Qwen2.5-7B,belief_bank_facts,hidden,18,27416,belief_bank_facts,511,4978,8225,2489,2489,1067,7158,2.6924,3585,0.9088564058469476,0.9906279287722587,0.9858966565349544,0.9479820627802691,0.9989838412294146,3526.453,10,2026-09-18T18:11:20.969447+00:00
Qwen2.5-7B,belief_bank_facts,hidden,18,27416,belief_bank_facts,mean,0,0,0,0,0,0,2.72076,3585.0,0.913197667451081,0.9892221180880976,0.986370820668693,0.949629267891749,0.9985144913589188,4517.426,10,2026-09-18T18:11:20.969447+00:00
Qwen2.5-7B,belief_bank_facts,hidden,18,27416,belief_bank_facts,std,0,0,0,0,0,0,0.12610777295630907,0.0,0.0134117501707351,0.0037312144774872217,0.0020521197304419598,0.0071195633710404195,0.00046548891397733984,4517.426,10,2026-09-18T18:11:20.969447+00:00
Qwen2.5-7B,belief_bank_facts,hidden,18,27416,belief_bank_constraints,2,4978,25686,2489,2489,10018,15668,2.6713,3585,0.41746937248667354,0.4455979237372729,0.5412676166004827,0.4310752740089807,0.5386677480662456,3530.494,10,2026-09-18T18:11:20.969447+00:00
Qwen2.5-7B,belief_bank_facts,hidden,18,27416,belief_bank_constraints,4,4978,25686,2489,2489,10018,15668,2.5505,3585,0.523356401384083,0.7850868436813735,0.6373121544810403,0.6280443983071149,0.7198229553920634,3534.407,10,2026-09-18T18:11:20.969447+00:00
Qwen2.5-7B,belief_bank_facts,hidden,18,27416,belief_bank_constraints,24,4978,25686,2489,2489,10018,15668,2.7827,3585,0.6391018126070881,0.7074266320622878,0.7300864284045784,0.6715307717818733,0.7959546826434909,3538.544,10,2026-09-18T18:11:20.969447+00:00
Qwen2.5-7B,belief_bank_facts,hidden,18,27416,belief_bank_constraints,42,4978,25686,2489,2489,10018,15668,2.5211,3585,0.5716774081170528,0.6552206029147535,0.6740636922837343,0.6106046511627907,0.7350722490683479,3542.427,10,2026-09-18T18:11:20.969447+00:00
Qwen2.5-7B,belief_bank_facts,hidden,18,27416,belief_bank_constraints,64,4978,25686,2489,2489,10018,15668,2.8531,3585,0.5749967477559516,0.4412058295068876,0.6548703573931325,0.4992939847500706,0.6643828254915979,3546.645,10,2026-09-18T18:11:20.969447+00:00
Qwen2.5-7B,belief_bank_facts,hidden,18,27416,belief_bank_constraints,67,4978,25686,2489,2489,10018,15668,2.793,3585,0.487303142189737,0.6455380315432222,0.5968621038698123,0.5553694877409936,0.6369892821973295,3550.803,10,2026-09-18T18:11:20.969447+00:00
Qwen2.5-7B,belief_bank_facts,hidden,18,27416,belief_bank_constraints,104,4978,25686,2489,2489,10018,15668,2.6819,3585,0.4866158217436818,0.324815332401677,0.6030133146461107,0.389583956899132,0.6229931324025231,3554.859,10,2026-09-18T18:11:20.969447+00:00
Qwen2.5-7B,belief_bank_facts,hidden,18,27416,belief_bank_constraints,123,4978,25686,2489,2489,10018,15668,2.6217,3585,0.5012697938452345,0.6698941904571771,0.6113057696799813,0.5734427069982055,0.6736327571820812,3558.847,10,2026-09-18T18:11:20.969447+00:00
Qwen2.5-7B,belief_bank_facts,hidden,18,27416,belief_bank_constraints,420,4978,25686,2489,2489,10018,15668,2.9337,3585,0.4782736520256365,0.8119385106807746,0.5812115549326481,0.6019611470860314,0.6703634695740162,3563.149,10,2026-09-18T18:11:20.969447+00:00
Qwen2.5-7B,belief_bank_facts,hidden,18,27416,belief_bank_constraints,511,4978,25686,2489,2489,10018,15668,2.7722,3585,0.5759141494435612,0.7231982431623079,0.684341664720081,0.6412071864766794,0.7600873762942812,3567.289,10,2026-09-18T18:11:20.969447+00:00
Qwen2.5-7B,belief_bank_facts,hidden,18,27416,belief_bank_constraints,mean,0,0,0,0,0,0,2.71812,3585.0,0.52559783015987,0.6209922140147734,0.6314334657011601,0.5602113565211873,0.6817966478311976,4517.426,10,2026-09-18T18:11:20.969447+00:00
Qwen2.5-7B,belief_bank_facts,hidden,18,27416,belief_bank_constraints,std,0,0,0,0,0,0,0.12534382154697532,0.0,0.06123133612591756,0.1537130593334293,0.05290840814397519,0.08805422375999347,0.07063839473203508,4517.426,10,2026-09-18T18:11:20.969447+00:00
Qwen2.5-7B,belief_bank_facts,hidden,18,27416,halu_eval,2,4978,10000,2489,2489,2812,7188,1.7822,3585,0.28363636363636363,0.027738264580369845,0.7069,0.05053449951409135,0.4971310301822779,3569.811,10,2026-09-18T18:11:20.969447+00:00
Qwen2.5-7B,belief_bank_facts,hidden,18,27416,halu_eval,4,4978,10000,2489,2489,2812,7188,1.6614,3585,0.299039780521262,0.077524893314367,0.6895,0.12312905958768709,0.4922060712852383,3572.222,10,2026-09-18T18:11:20.969447+00:00
Qwen2.5-7B,belief_bank_facts,hidden,18,27416,halu_eval,24,4978,10000,2489,2489,2812,7188,1.8939,3585,0.27197802197802196,0.14082503556187767,0.6524,0.18556701030927836,0.4972454139624204,3574.865,10,2026-09-18T18:11:20.969447+00:00
Qwen2.5-7B,belief_bank_facts,hidden,18,27416,halu_eval,42,4978,10000,2489,2489,2812,7188,1.6326,3585,0.27205882352941174,0.02631578947368421,0.7064,0.04798962386511025,0.4916754136616187,3577.242,10,2026-09-18T18:11:20.969447+00:00
Qwen2.5-7B,belief_bank_facts,hidden,18,27416,halu_eval,64,4978,10000,2489,2489,2812,7188,1.9659,3585,0.2745490981963928,0.04871977240398293,0.6963,0.0827544548474781,0.4922283840381986,3579.954,10,2026-09-18T18:11:20.969447+00:00
Qwen2.5-7B,belief_bank_facts,hidden,18,27416,halu_eval,67,4978,10000,2489,2489,2812,7188,1.8542,3585,0.2504604051565378,0.09672830725462304,0.6646,0.13955874807593638,0.4950596547034689,3582.553,10,2026-09-18T18:11:20.969447+00:00
Qwen2.5-7B,belief_bank_facts,hidden,18,27416,halu_eval,104,4978,10000,2489,2489,2812,7188,1.8045,3585,0.28105906313645623,0.04907539118065434,0.6973,0.08356039963669391,0.49275367373787987,3585.102,10,2026-09-18T18:11:20.969447+00:00
Qwen2.5-7B,belief_bank_facts,hidden,18,27416,halu_eval,123,4978,10000,2489,2489,2812,7188,1.8038,3585,0.2667398463227223,0.1728307254623044,0.6338,0.20975399223133362,0.49646229075486176,3587.654,10,2026-09-18T18:11:20.969447+00:00
Qwen2.5-7B,belief_bank_facts,hidden,18,27416,halu_eval,420,4978,10000,2489,2489,2812,7188,2.946,3585,0.2468220338983051,0.08285917496443812,0.671,0.12406815761448349,0.49167796157021615,3591.342,10,2026-09-18T18:11:20.969447+00:00
Qwen2.5-7B,belief_bank_facts,hidden,18,27416,halu_eval,511,4978,10000,2489,2489,2812,7188,2.775,3585,0.2800390752197981,0.3058321479374111,0.5837,0.29236783953765083,0.49970785630547515,3594.865,10,2026-09-18T18:11:20.969447+00:00
Qwen2.5-7B,belief_bank_facts,hidden,18,27416,halu_eval,mean,0,0,0,0,0,0,2.0119499999999997,3585.0,0.2726382511595271,0.10284495021337126,0.6701900000000001,0.13392837852197434,0.4946147750201656,4517.426,10,2026-09-18T18:11:20.969447+00:00
Qwen2.5-7B,belief_bank_facts,hidden,18,27416,halu_eval,std,0,0,0,0,0,0,0.4360705086336383,0.0,0.01463294086570535,0.0812038637606937,0.036880196582990174,0.07297972147829307,0.002739117423678929,4517.426,10,2026-09-18T18:11:20.969447+00:00
Qwen2.5-7B,belief_bank_facts,hidden,19,27416,belief_bank_facts,2,4978,8225,2489,2489,1067,7158,2.4605,3585,0.9081545064377683,0.9915651358950328,0.9858966565349544,0.9480286738351255,0.9986998509738547,3598.755,10,2026-09-18T18:11:20.969447+00:00
Qwen2.5-7B,belief_bank_facts,hidden,19,27416,belief_bank_facts,4,4978,8225,2489,2489,1067,7158,2.5306,3585,0.9231441048034934,0.9906279287722587,0.9880851063829788,0.9556962025316456,0.9991630863469164,3601.99,10,2026-09-18T18:11:20.969447+00:00
Qwen2.5-7B,belief_bank_facts,hidden,19,27416,belief_bank_facts,24,4978,8225,2489,2489,1067,7158,2.5512,3585,0.9254385964912281,0.9887535145267105,0.9882066869300912,0.9560489352061622,0.9989232199807636,3605.243,10,2026-09-18T18:11:20.969447+00:00
Qwen2.5-7B,belief_bank_facts,hidden,19,27416,belief_bank_facts,42,4978,8225,2489,2489,1067,7158,2.3893,3585,0.9108061749571184,0.9953139643861293,0.9867477203647417,0.9511867442901926,0.9982964512609089,3608.336,10,2026-09-18T18:11:20.969447+00:00
Qwen2.5-7B,belief_bank_facts,hidden,19,27416,belief_bank_facts,64,4978,8225,2489,2489,1067,7158,2.6516,3585,0.9202453987730062,0.9840674789128397,0.9868693009118541,0.9510869565217391,0.9981850286202997,3611.689,10,2026-09-18T18:11:20.969447+00:00
Qwen2.5-7B,belief_bank_facts,hidden,19,27416,belief_bank_facts,67,4978,8225,2489,2489,1067,7158,2.9538,3585,0.9241499564080209,0.993439550140581,0.9885714285714285,0.957542908762421,0.9990000767258136,3615.345,10,2026-09-18T18:11:20.969447+00:00
Qwen2.5-7B,belief_bank_facts,hidden,19,27416,belief_bank_facts,104,4978,8225,2489,2489,1067,7158,2.673,3585,0.9190600522193212,0.9896907216494846,0.987355623100304,0.9530685920577617,0.9983243396539169,3618.722,10,2026-09-18T18:11:20.969447+00:00
Qwen2.5-7B,belief_bank_facts,hidden,19,27416,belief_bank_facts,123,4978,8225,2489,2489,1067,7158,2.6729,3585,0.8783112582781457,0.9943767572633552,0.9813981762917933,0.9327472527472528,0.9984191340038593,3622.099,10,2026-09-18T18:11:20.969447+00:00
Qwen2.5-7B,belief_bank_facts,hidden,19,27416,belief_bank_facts,420,4978,8225,2489,2489,1067,7158,2.5203,3585,0.9190600522193212,0.9896907216494846,0.987355623100304,0.9530685920577617,0.9976736104837314,3625.318,10,2026-09-18T18:11:20.969447+00:00
Qwen2.5-7B,belief_bank_facts,hidden,19,27416,belief_bank_facts,511,4978,8225,2489,2489,1067,7158,2.4704,3585,0.9167389418907199,0.9906279287722587,0.987112462006079,0.9522522522522523,0.9989200776266218,3628.489,10,2026-09-18T18:11:20.969447+00:00
Qwen2.5-7B,belief_bank_facts,hidden,19,27416,belief_bank_facts,mean,0,0,0,0,0,0,2.58736,3585.0,0.9145109042478143,0.9908153701968135,0.9867598784194529,0.9510727110262314,0.9985604875676687,4517.426,10,2026-09-18T18:11:20.969447+00:00
Qwen2.5-7B,belief_bank_facts,hidden,19,27416,belief_bank_facts,std,0,0,0,0,0,0,0.15201430985272407,0.0,0.013155376051051366,0.0030455626634061515,0.0019357287887960119,0.006651790204882739,0.0004369952072199007,4517.426,10,2026-09-18T18:11:20.969447+00:00
Qwen2.5-7B,belief_bank_facts,hidden,19,27416,belief_bank_constraints,2,4978,25686,2489,2489,10018,15668,2.4496,3585,0.4266147273184217,0.6777799960071871,0.5190376080355057,0.5236369245006555,0.5655867625662115,3632.302,10,2026-09-18T18:11:20.969447+00:00
Qwen2.5-7B,belief_bank_facts,hidden,19,27416,belief_bank_constraints,4,4978,25686,2489,2489,10018,15668,2.4696,3585,0.4917517674783975,0.8748253144340188,0.598536167562096,0.6295977011494253,0.7240308967983237,3636.139,10,2026-09-18T18:11:20.969447+00:00
Qwen2.5-7B,belief_bank_facts,hidden,19,27416,belief_bank_constraints,24,4978,25686,2489,2489,10018,15668,2.5409,3585,0.5277051584518269,0.826112996606109,0.643813750681305,0.6440216333994786,0.7572975804644313,3640.041,10,2026-09-18T18:11:20.969447+00:00
Qwen2.5-7B,belief_bank_facts,hidden,19,27416,belief_bank_constraints,42,4978,25686,2489,2489,10018,15668,2.4399,3585,0.4301379713271314,0.955380315432222,0.48894339328817255,0.5932009048932412,0.7193425780493248,3643.844,10,2026-09-18T18:11:20.969447+00:00
Qwen2.5-7B,belief_bank_facts,hidden,19,27416,belief_bank_constraints,64,4978,25686,2489,2489,10018,15668,2.6414,3585,0.5426967309607896,0.5982231982431623,0.646694697500584,0.5691087792602441,0.6808153735326451,3647.852,10,2026-09-18T18:11:20.969447+00:00
Qwen2.5-7B,belief_bank_facts,hidden,19,27416,belief_bank_constraints,67,4978,25686,2489,2489,10018,15668,2.9237,3585,0.47996095544327055,0.8343980834497904,0.5828077551973838,0.6093898082671138,0.686597147855331,3652.146,10,2026-09-18T18:11:20.969447+00:00
Qwen2.5-7B,belief_bank_facts,hidden,19,27416,belief_bank_constraints,104,4978,25686,2489,2489,10018,15668,2.6508,3585,0.48389315602430355,0.42134158514673586,0.5990422798411587,0.45045621898511284,0.6299620664932303,3656.167,10,2026-09-18T18:11:20.969447+00:00
Qwen2.5-7B,belief_bank_facts,hidden,19,27416,belief_bank_constraints,123,4978,25686,2489,2489,10018,15668,2.662,3585,0.45606139561324555,0.9609702535436215,0.5377637623608191,0.6185626626401516,0.703679305256665,3660.192,10,2026-09-18T18:11:20.969447+00:00
Qwen2.5-7B,belief_bank_facts,hidden,19,27416,belief_bank_constraints,420,4978,25686,2489,2489,10018,15668,2.5201,3585,0.44446657041867876,0.8911958474745458,0.5231254379817799,0.5931240657698057,0.6816546147493613,3664.078,10,2026-09-18T18:11:20.969447+00:00
Qwen2.5-7B,belief_bank_facts,hidden,19,27416,belief_bank_constraints,511,4978,25686,2489,2489,10018,15668,2.4092,3585,0.4740953724298812,0.8723298063485726,0.5728023047574554,0.614319356085902,0.7308296559682488,3667.845,10,2026-09-18T18:11:20.969447+00:00
Qwen2.5-7B,belief_bank_facts,hidden,19,27416,belief_bank_constraints,mean,0,0,0,0,0,0,2.57072,3585.0,0.4757383805465946,0.7912557396685965,0.5712567157206261,0.584541805495113,0.6879795981733773,4517.426,10,2026-09-18T18:11:20.969447+00:00
Qwen2.5-7B,belief_bank_facts,hidden,19,27416,belief_bank_constraints,std,0,0,0,0,0,0,0.14693022017270652,0.0,0.03658560605866592,0.16411455578486356,0.05054517773327693,0.05504960551523313,0.05254541507381045,4517.426,10,2026-09-18T18:11:20.969447+00:00
Qwen2.5-7B,belief_bank_facts,hidden,19,27416,halu_eval,2,4978,10000,2489,2489,2812,7188,2.4607,3585,0.3073394495412844,0.02382645803698435,0.7104,0.04422442244224423,0.49960425784716267,3671.037,10,2026-09-18T18:11:20.969447+00:00
Qwen2.5-7B,belief_bank_facts,hidden,19,27416,halu_eval,4,4978,10000,2489,2489,2812,7188,2.531,3585,0.2647058823529412,0.016002844950213372,0.7108,0.030181086519114688,0.4959713854527579,3674.299,10,2026-09-18T18:11:20.969447+00:00
Qwen2.5-7B,belief_bank_facts,hidden,19,27416,halu_eval,24,4978,10000,2489,2489,2812,7188,1.6517,3585,0.0,0.0,0.7188,0.0,0.5003197996344468,3676.744,10,2026-09-18T18:11:20.969447+00:00
Qwen2.5-7B,belief_bank_facts,hidden,19,27416,halu_eval,42,4978,10000,2489,2489,2812,7188,1.5506,3585,0.17647058823529413,0.0010668563300142249,0.7177,0.0021208907741251328,0.49575612428173715,3679.036,10,2026-09-18T18:11:20.969447+00:00
Qwen2.5-7B,belief_bank_facts,hidden,19,27416,halu_eval,64,4978,10000,2489,2489,2812,7188,1.7425,3585,0.21804511278195488,0.010312944523470839,0.7113,0.01969439728353141,0.49535444525449795,3681.513,10,2026-09-18T18:11:20.969447+00:00
Qwen2.5-7B,belief_bank_facts,hidden,19,27416,halu_eval,67,4978,10000,2489,2489,2812,7188,2.034,3585,0.26136363636363635,0.032716927453769556,0.702,0.05815423514538559,0.49637024446465616,3684.281,10,2026-09-18T18:11:20.969447+00:00
Qwen2.5-7B,belief_bank_facts,hidden,19,27416,halu_eval,104,4978,10000,2489,2489,2812,7188,1.7721,3585,0.25892857142857145,0.010312944523470839,0.7134,0.019835841313269494,0.4989654006875692,3686.788,10,2026-09-18T18:11:20.969447+00:00
Qwen2.5-7B,belief_bank_facts,hidden,19,27416,halu_eval,123,4978,10000,2489,2489,2812,7188,1.7321,3585,0.22857142857142856,0.008534850640113799,0.7131,0.0164552622557422,0.4896442605068824,3689.253,10,2026-09-18T18:11:20.969447+00:00
Qwen2.5-7B,belief_bank_facts,hidden,19,27416,halu_eval,420,4978,10000,2489,2489,2812,7188,1.6315,3585,0.08333333333333333,0.00035561877667140827,0.7178,0.000708215297450425,0.496374895016271,3691.622,10,2026-09-18T18:11:20.969447+00:00
Qwen2.5-7B,belief_bank_facts,hidden,19,27416,halu_eval,511,4978,10000,2489,2489,2812,7188,1.5812,3585,0.27299703264094954,0.032716927453769556,0.7035,0.05843124801524294,0.49927634448436664,3693.94,10,2026-09-18T18:11:20.969447+00:00
Qwen2.5-7B,belief_bank_facts,hidden,19,27416,halu_eval,mean,0,0,0,0,0,0,1.8687399999999996,3585.0,0.20717550352493935,0.013584637268847793,0.7118800000000001,0.02498055990461061,0.4967637157630348,4517.426,10,2026-09-18T18:11:20.969447+00:00
Qwen2.5-7B,belief_bank_facts,hidden,19,27416,halu_eval,std,0,0,0,0,0,0,0.3387541326685182,0.0,0.09114113575018089,0.01185742007326273,0.005404960684408356,0.021165171602812356,0.002941034632412859,4517.426,10,2026-09-18T18:11:20.969447+00:00
Qwen2.5-7B,belief_bank_facts,hidden,20,27416,belief_bank_facts,2,4978,8225,2489,2489,1067,7158,2.451,3585,0.9104991394148021,0.9915651358950328,0.9862613981762918,0.949304620906236,0.9986042710353769,3697.854,10,2026-09-18T18:11:20.969447+00:00
Qwen2.5-7B,belief_bank_facts,hidden,20,27416,belief_bank_facts,4,4978,8225,2489,2489,1067,7158,2.5105,3585,0.9174630755864466,0.9896907216494846,0.987112462006079,0.9522091974752029,0.9992673077592841,3701.071,10,2026-09-18T18:11:20.969447+00:00
Qwen2.5-7B,belief_bank_facts,hidden,20,27416,belief_bank_facts,24,4978,8225,2489,2489,1067,7158,2.6313,3585,0.9230096237970253,0.9887535145267105,0.9878419452887538,0.9547511312217195,0.9991637410040293,3704.404,10,2026-09-18T18:11:20.969447+00:00
Qwen2.5-7B,belief_bank_facts,hidden,20,27416,belief_bank_facts,42,4978,8225,2489,2489,1067,7158,2.5309,3585,0.9234116623150566,0.9943767572633552,0.9885714285714285,0.9575812274368231,0.9984424397970771,3707.634,10,2026-09-18T18:11:20.969447+00:00
Qwen2.5-7B,belief_bank_facts,hidden,20,27416,belief_bank_facts,64,4978,8225,2489,2489,1067,7158,2.7237,3585,0.9275618374558304,0.9840674789128397,0.9879635258358662,0.9549795361527967,0.9982711814963524,3711.06,10,2026-09-18T18:11:20.969447+00:00
Qwen2.5-7B,belief_bank_facts,hidden,20,27416,belief_bank_facts,67,4978,8225,2489,2489,1067,7158,2.6425,3585,0.9291338582677166,0.9953139643861293,0.9895440729483282,0.9610859728506788,0.9989843649551049,3714.402,10,2026-09-18T18:11:20.969447+00:00
Qwen2.5-7B,belief_bank_facts,hidden,20,27416,belief_bank_facts,104,4978,8225,2489,2489,1067,7158,2.6218,3585,0.9254385964912281,0.9887535145267105,0.9882066869300912,0.9560489352061622,0.9984775294183266,3717.726,10,2026-09-18T18:11:20.969447+00:00
Qwen2.5-7B,belief_bank_facts,hidden,20,27416,belief_bank_facts,123,4978,8225,2489,2489,1067,7158,2.4812,3585,0.8780082987551867,0.9915651358950328,0.9810334346504559,0.9313380281690141,0.9985063343312927,3720.91,10,2026-09-18T18:11:20.969447+00:00
Qwen2.5-7B,belief_bank_facts,hidden,20,27416,belief_bank_facts,420,4978,8225,2489,2489,1067,7158,2.5323,3585,0.9144338807260155,0.9915651358950328,0.9868693009118541,0.9514388489208633,0.9977805814559731,3724.149,10,2026-09-18T18:11:20.969447+00:00
Qwen2.5-7B,belief_bank_facts,hidden,20,27416,belief_bank_facts,511,4978,8225,2489,2489,1067,7158,2.5616,3585,0.9176062445793582,0.9915651358950328,0.987355623100304,0.9531531531531532,0.9990499615978138,3727.412,10,2026-09-18T18:11:20.969447+00:00
Qwen2.5-7B,belief_bank_facts,hidden,20,27416,belief_bank_facts,mean,0,0,0,0,0,0,2.5686799999999996,3585.0,0.9166566217388666,0.9907216494845363,0.9870759878419454,0.9521890651492649,0.9986547712850632,4517.426,10,2026-09-18T18:11:20.969447+00:00
Qwen2.5-7B,belief_bank_facts,hidden,20,27416,belief_bank_facts,std,0,0,0,0,0,0,0.07994422805931646,0.0,0.014056385157991777,0.0030063758073749468,0.00219724675722734,0.0076292748393423536,0.0004372059704034477,4517.426,10,2026-09-18T18:11:20.969447+00:00
Qwen2.5-7B,belief_bank_facts,hidden,20,27416,belief_bank_constraints,2,4978,25686,2489,2489,10018,15668,2.43,3585,0.43137254901960786,0.8762227989618686,0.5012458148407692,0.5781275726940429,0.6201004645556814,3731.213,10,2026-09-18T18:11:20.969447+00:00
Qwen2.5-7B,belief_bank_facts,hidden,20,27416,belief_bank_constraints,4,4978,25686,2489,2489,10018,15668,2.5005,3585,0.5167510937140226,0.8960870433220204,0.6326403488281555,0.6554947060971157,0.7444768105181926,3735.084,10,2026-09-18T18:11:20.969447+00:00
Qwen2.5-7B,belief_bank_facts,hidden,20,27416,belief_bank_constraints,24,4978,25686,2489,2489,10018,15668,2.6116,3585,0.5134690036466298,0.871431423437812,0.6278128163201744,0.6461880088823094,0.7563115266658387,3739.055,10,2026-09-18T18:11:20.969447+00:00
Qwen2.5-7B,belief_bank_facts,hidden,20,27416,belief_bank_constraints,42,4978,25686,2489,2489,10018,15668,2.4596,3585,0.4771063271773577,0.8716310640846476,0.5773573152690181,0.6166666666666667,0.7230120834833271,3742.878,10,2026-09-18T18:11:20.969447+00:00
Qwen2.5-7B,belief_bank_facts,hidden,20,27416,belief_bank_constraints,64,4978,25686,2489,2489,10018,15668,2.7116,3585,0.5690009030457269,0.6918546616091036,0.6754263022658258,0.6244425424568675,0.7413646819437039,3746.955,10,2026-09-18T18:11:20.969447+00:00
Qwen2.5-7B,belief_bank_facts,hidden,20,27416,belief_bank_constraints,67,4978,25686,2489,2489,10018,15668,2.6912,3585,0.4768266790948164,0.9191455380315432,0.5751382075838979,0.6279109413890689,0.7406877092767356,3751.006,10,2026-09-18T18:11:20.969447+00:00
Qwen2.5-7B,belief_bank_facts,hidden,20,27416,belief_bank_constraints,104,4978,25686,2489,2489,10018,15668,2.6116,3585,0.5038833412585195,0.31732880814533837,0.6118897453865919,0.3894163042812519,0.6574650948690621,3754.984,10,2026-09-18T18:11:20.969447+00:00
Qwen2.5-7B,belief_bank_facts,hidden,20,27416,belief_bank_constraints,123,4978,25686,2489,2489,10018,15668,2.47,3585,0.4302947885593964,0.9791375524056698,0.48625710503776376,0.5978545742670811,0.7015936542714306,3758.81,10,2026-09-18T18:11:20.969447+00:00
Qwen2.5-7B,belief_bank_facts,hidden,20,27416,belief_bank_constraints,420,4978,25686,2489,2489,10018,15668,2.5304,3585,0.43997764009875623,0.9428029546815732,0.509655065015962,0.5999682388438939,0.7072582027866817,3762.702,10,2026-09-18T18:11:20.969447+00:00
Qwen2.5-7B,belief_bank_facts,hidden,20,27416,belief_bank_constraints,511,4978,25686,2489,2489,10018,15668,2.5514,3585,0.5334267159047498,0.8362946695947295,0.6508603908744063,0.6513761467889908,0.7648029882693155,3766.609,10,2026-09-18T18:11:20.969447+00:00
Qwen2.5-7B,belief_bank_facts,hidden,20,27416,belief_bank_constraints,mean,0,0,0,0,0,0,2.5567900000000003,3585.0,0.4892109041519584,0.8201936514274306,0.5848283111422565,0.5987445702367288,0.7157073216639971,4517.426,10,2026-09-18T18:11:20.969447+00:00
Qwen2.5-7B,belief_bank_facts,hidden,20,27416,belief_bank_constraints,std,0,0,0,0,0,0,0.09218926672883336,0.0,0.04407251737709567,0.1827186524348441,0.06319593229485955,0.07370174905470098,0.043618643037650597,4517.426,10,2026-09-18T18:11:20.969447+00:00
Qwen2.5-7B,belief_bank_facts,hidden,20,27416,halu_eval,2,4978,10000,2489,2489,2812,7188,2.4398,3585,0.2884669878152451,0.3620199146514936,0.5695,0.3210850023655575,0.5040112739265933,3769.781,10,2026-09-18T18:11:20.969447+00:00
Qwen2.5-7B,belief_bank_facts,hidden,20,27416,halu_eval,4,4978,10000,2489,2489,2812,7188,2.4506,3585,0.28338430173292556,0.29658605974395447,0.5913,0.2898349261511729,0.5005493587779855,3772.966,10,2026-09-18T18:11:20.969447+00:00
Qwen2.5-7B,belief_bank_facts,hidden,20,27416,halu_eval,24,4978,10000,2489,2489,2812,7188,2.6513,3585,0.3177570093457944,0.01209103840682788,0.7149,0.023295649194929772,0.5021052651368529,3776.349,10,2026-09-18T18:11:20.969447+00:00
Qwen2.5-7B,belief_bank_facts,hidden,20,27416,halu_eval,42,4978,10000,2489,2489,2812,7188,2.5717,3585,0.3641025641025641,0.025248933143669987,0.7135,0.047223145992683735,0.4973396865805266,3779.65,10,2026-09-18T18:11:20.969447+00:00
Qwen2.5-7B,belief_bank_facts,hidden,20,27416,halu_eval,64,4978,10000,2489,2489,2812,7188,1.843,3585,0.2836100070142623,0.4313655761024182,0.5337,0.3422203413739597,0.5010840980027563,3782.221,10,2026-09-18T18:11:20.969447+00:00
Qwen2.5-7B,belief_bank_facts,hidden,20,27416,halu_eval,67,4978,10000,2489,2489,2812,7188,1.8025,3585,0.2812828601472135,0.19025604551920342,0.6356,0.22698345354263894,0.5001781804429858,3784.758,10,2026-09-18T18:11:20.969447+00:00
Qwen2.5-7B,belief_bank_facts,hidden,20,27416,halu_eval,104,4978,10000,2489,2489,2812,7188,1.7324,3585,0.2736077481840194,0.04018492176386913,0.7001,0.07007751937984497,0.505803072095028,3787.224,10,2026-09-18T18:11:20.969447+00:00
Qwen2.5-7B,belief_bank_facts,hidden,20,27416,halu_eval,123,4978,10000,2489,2489,2812,7188,1.5815,3585,0.3333333333333333,0.001422475106685633,0.7184,0.0028328611898017,0.4957473179180411,3789.541,10,2026-09-18T18:11:20.969447+00:00
Qwen2.5-7B,belief_bank_facts,hidden,20,27416,halu_eval,420,4978,10000,2489,2489,2812,7188,1.641,3585,0.2928870292887029,0.024893314366998577,0.7089,0.04588659455916093,0.5060536329317631,3791.917,10,2026-09-18T18:11:20.969447+00:00
Qwen2.5-7B,belief_bank_facts,hidden,20,27416,halu_eval,511,4978,10000,2489,2489,2812,7188,1.621,3585,0.2829929300864101,0.5124466571834992,0.4978,0.3646255060728745,0.5008248297502318,3794.269,10,2026-09-18T18:11:20.969447+00:00
Qwen2.5-7B,belief_bank_facts,hidden,20,27416,halu_eval,mean,0,0,0,0,0,0,2.03348,3585.0,0.30014247710504705,0.18965149359886196,0.6383699999999999,0.17340649998226249,0.5013696715562765,4517.426,10,2026-09-18T18:11:20.969447+00:00
Qwen2.5-7B,belief_bank_facts,hidden,20,27416,halu_eval,std,0,0,0,0,0,0,0.4146344336882792,0.0,0.027567732855437264,0.18634383517161682,0.0802329738947772,0.14063673306976532,0.003153352245091115,4517.426,10,2026-09-18T18:11:20.969447+00:00
Qwen2.5-7B,belief_bank_facts,hidden,21,27416,belief_bank_facts,2,4978,8225,2489,2489,1067,7158,1.6311,3585,0.9191304347826087,0.9906279287722587,0.9874772036474164,0.9535408209291836,0.9988492437270101,3797.33,10,2026-09-18T18:11:20.969447+00:00
Qwen2.5-7B,belief_bank_facts,hidden,21,27416,belief_bank_facts,4,4978,8225,2489,2489,1067,7158,1.802,3585,0.9208006962576153,0.9915651358950328,0.9878419452887538,0.9548736462093863,0.9993522822525337,3799.836,10,2026-09-18T18:11:20.969447+00:00
Qwen2.5-7B,belief_bank_facts,hidden,21,27416,belief_bank_facts,24,4978,8225,2489,2489,1067,7158,2.6121,3585,0.9157986111111112,0.9887535145267105,0.9867477203647417,0.9508787742226228,0.9991874395915149,3803.152,10,2026-09-18T18:11:20.969447+00:00
Qwen2.5-7B,belief_bank_facts,hidden,21,27416,belief_bank_facts,42,4978,8225,2489,2489,1067,7158,2.8333,3585,0.9084687767322498,0.9953139643861293,0.9863829787234043,0.9499105545617174,0.9985261049761012,3806.692,10,2026-09-18T18:11:20.969447+00:00
Qwen2.5-7B,belief_bank_facts,hidden,21,27416,belief_bank_facts,64,4978,8225,2489,2489,1067,7158,2.9645,3585,0.9210526315789473,0.9840674789128397,0.9869908814589665,0.9515178975985501,0.9985537315062639,3810.363,10,2026-09-18T18:11:20.969447+00:00
Qwen2.5-7B,belief_bank_facts,hidden,21,27416,belief_bank_facts,67,4978,8225,2489,2489,1067,7158,2.8441,3585,0.921875,0.9953139643861293,0.9884498480243161,0.957187922487607,0.9991039053439137,3813.911,10,2026-09-18T18:11:20.969447+00:00
Qwen2.5-7B,belief_bank_facts,hidden,21,27416,belief_bank_facts,104,4978,8225,2489,2489,1067,7158,2.6328,3585,0.9270650263620387,0.9887535145267105,0.9884498480243161,0.9569160997732427,0.9983572034409824,3817.244,10,2026-09-18T18:11:20.969447+00:00
Qwen2.5-7B,belief_bank_facts,hidden,21,27416,belief_bank_facts,123,4978,8225,2489,2489,1067,7158,2.4506,3585,0.8878661087866109,0.9943767572633552,0.9829787234042553,0.9381078691423519,0.9985589687631669,3820.4,10,2026-09-18T18:11:20.969447+00:00
Qwen2.5-7B,belief_bank_facts,hidden,21,27416,belief_bank_facts,420,4978,8225,2489,2489,1067,7158,2.5717,3585,0.9118409680207433,0.9887535145267105,0.9861398176291793,0.9487410071942446,0.9981220506060423,3823.679,10,2026-09-18T18:11:20.969447+00:00
Qwen2.5-7B,belief_bank_facts,hidden,21,27416,belief_bank_facts,511,4978,8225,2489,2489,1067,7158,2.6927,3585,0.916955017301038,0.993439550140581,0.9874772036474164,0.9536662168241116,0.9988429590187266,3827.08,10,2026-09-18T18:11:20.969447+00:00
Qwen2.5-7B,belief_bank_facts,hidden,21,27416,belief_bank_facts,mean,0,0,0,0,0,0,2.5034899999999998,3585.0,0.9150853270932963,0.9910965323336457,0.9868936170212766,0.9515340808943018,0.9987453889226255,4517.426,10,2026-09-18T18:11:20.969447+00:00
Qwen2.5-7B,belief_bank_facts,hidden,21,27416,belief_bank_facts,std,0,0,0,0,0,0,0.4197904416491638,0.0,0.010360718516292694,0.0034371360489019883,0.001503671716351648,0.005213326259191099,0.0003703211027627698,4517.426,10,2026-09-18T18:11:20.969447+00:00
Qwen2.5-7B,belief_bank_facts,hidden,21,27416,belief_bank_constraints,2,4978,25686,2489,2489,10018,15668,2.5298,3585,0.4425981873111782,0.49720503094430024,0.5596823172156038,0.46831515607371194,0.5689696317881324,3830.975,10,2026-09-18T18:11:20.969447+00:00
Qwen2.5-7B,belief_bank_facts,hidden,21,27416,belief_bank_constraints,4,4978,25686,2489,2489,10018,15668,2.6816,3585,0.48248008467494846,0.8645438211219805,0.5854940434477925,0.6193285423147056,0.723032387757691,3835.027,10,2026-09-18T18:11:20.969447+00:00
Qwen2.5-7B,belief_bank_facts,hidden,21,27416,belief_bank_constraints,24,4978,25686,2489,2489,10018,15668,2.6008,3585,0.5398200599800067,0.6468356957476542,0.6472008097796464,0.5885024066842248,0.6968775899576831,3838.988,10,2026-09-18T18:11:20.969447+00:00
Qwen2.5-7B,belief_bank_facts,hidden,21,27416,belief_bank_constraints,42,4978,25686,2489,2489,10018,15668,2.8124,3585,0.5198836786623047,0.7138151327610301,0.631277738846064,0.6016068649308038,0.7032462833175495,3843.145,10,2026-09-18T18:11:20.969447+00:00
Qwen2.5-7B,belief_bank_facts,hidden,21,27416,belief_bank_constraints,64,4978,25686,2489,2489,10018,15668,2.9328,3585,0.5186742006615215,0.751347574366141,0.6310830802771938,0.6136975132490827,0.7205778258822657,3847.424,10,2026-09-18T18:11:20.969447+00:00
Qwen2.5-7B,belief_bank_facts,hidden,21,27416,belief_bank_constraints,67,4978,25686,2489,2489,10018,15668,2.7622,3585,0.564108910891089,0.6824715512078259,0.6704819746165226,0.6176709729876231,0.7260479706862089,3851.535,10,2026-09-18T18:11:20.969447+00:00
Qwen2.5-7B,belief_bank_facts,hidden,21,27416,belief_bank_constraints,104,4978,25686,2489,2489,10018,15668,2.6312,3585,0.44489992765854836,0.18416849670592933,0.5921902982169275,0.26050123543946346,0.5732300954528976,3855.516,10,2026-09-18T18:11:20.969447+00:00
Qwen2.5-7B,belief_bank_facts,hidden,21,27416,belief_bank_constraints,123,4978,25686,2489,2489,10018,15668,2.5094,3585,0.44939369051645006,0.9285286484328209,0.5284201510550495,0.6056581046326138,0.7108812065267456,3859.372,10,2026-09-18T18:11:20.969447+00:00
Qwen2.5-7B,belief_bank_facts,hidden,21,27416,belief_bank_constraints,420,4978,25686,2489,2489,10018,15668,2.5609,3585,0.4928258033914384,0.8297065282491515,0.6005606166783461,0.6183603630412141,0.7170390017396819,3863.278,10,2026-09-18T18:11:20.969447+00:00
Qwen2.5-7B,belief_bank_facts,hidden,21,27416,belief_bank_constraints,511,4978,25686,2489,2489,10018,15668,2.6815,3585,0.6250637299887836,0.6118985825514075,0.7054815852993849,0.6184110970996217,0.752079968081961,3867.306,10,2026-09-18T18:11:20.969447+00:00
Qwen2.5-7B,belief_bank_facts,hidden,21,27416,belief_bank_constraints,mean,0,0,0,0,0,0,2.67026,3585.0,0.507974827373627,0.6710521062088242,0.6151872615432532,0.5612052256453064,0.6891981961190817,4517.426,10,2026-09-18T18:11:20.969447+00:00
Qwen2.5-7B,belief_bank_facts,hidden,21,27416,belief_bank_constraints,std,0,0,0,0,0,0,0.12718249250584762,0.0,0.05540310016937433,0.20215709490802233,0.0499808308760063,0.1092091131873464,0.060701359221653935,4517.426,10,2026-09-18T18:11:20.969447+00:00
Qwen2.5-7B,belief_bank_facts,hidden,21,27416,halu_eval,2,4978,10000,2489,2489,2812,7188,2.5292,3585,0.2877059569074778,0.08072546230440968,0.6853,0.12607608997500694,0.5125554504069134,3870.562,10,2026-09-18T18:11:20.969447+00:00
Qwen2.5-7B,belief_bank_facts,hidden,21,27416,halu_eval,4,4978,10000,2489,2489,2812,7188,2.6915,3585,0.2750826901874311,0.35490753911806544,0.5556,0.3099378881987578,0.5035112406800967,3873.976,10,2026-09-18T18:11:20.969447+00:00
Qwen2.5-7B,belief_bank_facts,hidden,21,27416,halu_eval,24,4978,10000,2489,2489,2812,7188,2.6318,3585,0.3211009174311927,0.012446657183499289,0.7149,0.023964395754878465,0.5076461994900621,3877.329,10,2026-09-18T18:11:20.969447+00:00
Qwen2.5-7B,belief_bank_facts,hidden,21,27416,halu_eval,42,4978,10000,2489,2489,2812,7188,2.8029,3585,0.25,0.0007112375533428165,0.7184,0.0014184397163120568,0.5013719127263632,3880.855,10,2026-09-18T18:11:20.969447+00:00
Qwen2.5-7B,belief_bank_facts,hidden,21,27416,halu_eval,64,4978,10000,2489,2489,2812,7188,2.9941,3585,0.2795161290322581,0.6162873399715505,0.4454,0.38459831335996447,0.5034953842780483,3884.574,10,2026-09-18T18:11:20.969447+00:00
Qwen2.5-7B,belief_bank_facts,hidden,21,27416,halu_eval,67,4978,10000,2489,2489,2812,7188,2.8835,3585,0.28892455858747995,0.25604551920341395,0.6136,0.27149321266968324,0.5076718269978967,3888.176,10,2026-09-18T18:11:20.969447+00:00
Qwen2.5-7B,belief_bank_facts,hidden,21,27416,halu_eval,104,4978,10000,2489,2489,2812,7188,1.7722,3585,0.25735294117647056,0.012446657183499289,0.7122,0.023744911804613297,0.5074805854312268,3890.677,10,2026-09-18T18:11:20.969447+00:00
Qwen2.5-7B,belief_bank_facts,hidden,21,27416,halu_eval,123,4978,10000,2489,2489,2812,7188,1.6204,3585,0.3137254901960784,0.005689900426742532,0.7169,0.011177086971707998,0.5018516616519868,3893.02,10,2026-09-18T18:11:20.969447+00:00
Qwen2.5-7B,belief_bank_facts,hidden,21,27416,halu_eval,420,4978,10000,2489,2489,2812,7188,1.6715,3585,0.21929824561403508,0.008890469416785207,0.7124,0.017088174982911826,0.5035662804531973,3895.416,10,2026-09-18T18:11:20.969447+00:00
Qwen2.5-7B,belief_bank_facts,hidden,21,27416,halu_eval,511,4978,10000,2489,2489,2812,7188,1.7921,3585,0.28959627329192544,0.1326458036984353,0.6646,0.18195121951219512,0.5060864341628335,3897.938,10,2026-09-18T18:11:20.969447+00:00
Qwen2.5-7B,belief_bank_facts,hidden,21,27416,halu_eval,mean,0,0,0,0,0,0,2.33892,3585.0,0.2782303202424349,0.1480796586059744,0.65393,0.13514497329460312,0.5055236976278625,4517.426,10,2026-09-18T18:11:20.969447+00:00
Qwen2.5-7B,belief_bank_facts,hidden,21,27416,halu_eval,std,0,0,0,0,0,0,0.5262421111997785,0.0,0.02854557889225468,0.19405828274848336,0.08633137378728548,0.13623610698073618,0.0032469645741468206,4517.426,10,2026-09-18T18:11:20.969447+00:00
Qwen2.5-7B,belief_bank_facts,hidden,22,27416,belief_bank_facts,2,4978,8225,2489,2489,1067,7158,1.5599,3585,0.9079173838209983,0.9887535145267105,0.985531914893617,0.9466128308658591,0.9988450539214878,3900.919,10,2026-09-18T18:11:20.969447+00:00
Qwen2.5-7B,belief_bank_facts,hidden,22,27416,belief_bank_facts,4,4978,8225,2489,2489,1067,7158,1.449,3585,0.9224738675958188,0.9925023430178069,0.9882066869300912,0.9562076749435666,0.9992521197142658,3903.065,10,2026-09-18T18:11:20.969447+00:00
Qwen2.5-7B,belief_bank_facts,hidden,22,27416,belief_bank_facts,24,4978,8225,2489,2489,1067,7158,1.6103,3585,0.9187772925764193,0.985941893158388,0.9868693009118541,0.9511754068716094,0.9991853446887538,3905.374,10,2026-09-18T18:11:20.969447+00:00
Qwen2.5-7B,belief_bank_facts,hidden,22,27416,belief_bank_facts,42,4978,8225,2489,2489,1067,7158,1.5993,3585,0.917169974115617,0.9962511715089035,0.9878419452887538,0.9550763701707098,0.9985170707079435,3907.663,10,2026-09-18T18:11:20.969447+00:00
Qwen2.5-7B,belief_bank_facts,hidden,22,27416,belief_bank_facts,64,4978,8225,2489,2489,1067,7158,2.7613,3585,0.9113814074717637,0.9831302717900656,0.9854103343465046,0.9458972046889089,0.9984176937582111,3911.116,10,2026-09-18T18:11:20.969447+00:00
Qwen2.5-7B,belief_bank_facts,hidden,22,27416,belief_bank_facts,67,4978,8225,2489,2489,1067,7158,2.6908,3585,0.9235447437011295,0.9962511715089035,0.9888145896656535,0.9585211902614968,0.999251726919998,3914.5,10,2026-09-18T18:11:20.969447+00:00
Qwen2.5-7B,belief_bank_facts,hidden,22,27416,belief_bank_facts,104,4978,8225,2489,2489,1067,7158,2.7421,3585,0.9297629499561019,0.9925023430178069,0.9893009118541033,0.9601087941976428,0.9987278702982854,3917.936,10,2026-09-18T18:11:20.969447+00:00
Qwen2.5-7B,belief_bank_facts,hidden,22,27416,belief_bank_facts,123,4978,8225,2489,2489,1067,7158,2.5512,3585,0.8805970149253731,0.9953139643861293,0.9818844984802432,0.9344478662560493,0.9983713440346205,3921.183,10,2026-09-18T18:11:20.969447+00:00
Qwen2.5-7B,belief_bank_facts,hidden,22,27416,belief_bank_facts,420,4978,8225,2489,2489,1067,7158,2.5412,3585,0.9054982817869416,0.9878163074039362,0.9850455927051672,0.9448677722994173,0.9980911507903152,3924.42,10,2026-09-18T18:11:20.969447+00:00
Qwen2.5-7B,belief_bank_facts,hidden,22,27416,belief_bank_facts,511,4978,8225,2489,2489,1067,7158,2.4403,3585,0.9150043365134432,0.9887535145267105,0.9866261398176291,0.9504504504504504,0.9988285565622437,3927.558,10,2026-09-18T18:11:20.969447+00:00
Qwen2.5-7B,belief_bank_facts,hidden,22,27416,belief_bank_facts,mean,0,0,0,0,0,0,2.1945400000000004,3585.0,0.9132127252463607,0.9907216494845359,0.9865531914893617,0.950336556100571,0.9987487931396124,4517.426,10,2026-09-18T18:11:20.969447+00:00
Qwen2.5-7B,belief_bank_facts,hidden,22,27416,belief_bank_facts,std,0,0,0,0,0,0,0.5319149541045072,0.0,0.012926542319041558,0.004304015933722606,0.0020876481003653355,0.007321676188006077,0.0003809470780069695,4517.426,10,2026-09-18T18:11:20.969447+00:00
Qwen2.5-7B,belief_bank_facts,hidden,22,27416,belief_bank_constraints,2,4978,25686,2489,2489,10018,15668,2.4489,3585,0.44994117647058823,0.7635256538231184,0.5437203145682473,0.5662151158486934,0.6293854365690391,3931.362,10,2026-09-18T18:11:20.969447+00:00
Qwen2.5-7B,belief_bank_facts,hidden,22,27416,belief_bank_constraints,4,4978,25686,2489,2489,10018,15668,2.379,3585,0.5988072211476467,0.7416650029946097,0.7054426535856109,0.6626237403014358,0.7706656420281635,3935.085,10,2026-09-18T18:11:20.969447+00:00
Qwen2.5-7B,belief_bank_facts,hidden,22,27416,belief_bank_constraints,24,4978,25686,2489,2489,10018,15668,2.509,3585,0.6216072378924961,0.6995408265122779,0.7167328505800825,0.6582754086041706,0.7797506612172636,3938.941,10,2026-09-18T18:11:20.969447+00:00
Qwen2.5-7B,belief_bank_facts,hidden,22,27416,belief_bank_constraints,42,4978,25686,2489,2489,10018,15668,2.4898,3585,0.6094400302686341,0.6431423437811938,0.7000700770847933,0.6258377853326857,0.7464513454541081,3942.78,10,2026-09-18T18:11:20.969447+00:00
Qwen2.5-7B,belief_bank_facts,hidden,22,27416,belief_bank_constraints,64,4978,25686,2489,2489,10018,15668,2.7416,3585,0.6484236385969702,0.47424635655819525,0.6946585688702017,0.5478235802825021,0.706379283182536,3946.868,10,2026-09-18T18:11:20.969447+00:00
Qwen2.5-7B,belief_bank_facts,hidden,22,27416,belief_bank_constraints,67,4978,25686,2489,2489,10018,15668,2.6818,3585,0.6080165045682288,0.6177879816330605,0.6955929300007786,0.6128632965291875,0.7514205474312692,3950.891,10,2026-09-18T18:11:20.969447+00:00
Qwen2.5-7B,belief_bank_facts,hidden,22,27416,belief_bank_constraints,104,4978,25686,2489,2489,10018,15668,2.731,3585,0.5461354104254045,0.18197244959073666,0.6219730592540683,0.27298592392932014,0.6350700154070388,3954.968,10,2026-09-18T18:11:20.969447+00:00
Qwen2.5-7B,belief_bank_facts,hidden,22,27416,belief_bank_constraints,123,4978,25686,2489,2489,10018,15668,2.5003,3585,0.4913351232609226,0.8037532441605111,0.5989254846998365,0.6098613951374687,0.691172566684028,3958.816,10,2026-09-18T18:11:20.969447+00:00
Qwen2.5-7B,belief_bank_facts,hidden,22,27416,belief_bank_constraints,420,4978,25686,2489,2489,10018,15668,2.5402,3585,0.546526284570327,0.7357756039129567,0.6588413921980846,0.627185705169113,0.7402942892734359,3962.689,10,2026-09-18T18:11:20.969447+00:00
Qwen2.5-7B,belief_bank_facts,hidden,22,27416,belief_bank_constraints,511,4978,25686,2489,2489,10018,15668,2.5403,3585,0.8058455114822547,0.30824515871431424,0.7012380284980145,0.4459205776173285,0.7846158125483906,3966.571,10,2026-09-18T18:11:20.969447+00:00
Qwen2.5-7B,belief_bank_facts,hidden,22,27416,belief_bank_constraints,mean,0,0,0,0,0,0,2.55619,3585.0,0.5926078138683473,0.5969654621680973,0.6637195359339718,0.5629592528751906,0.7235205599795272,4517.426,10,2026-09-18T18:11:20.969447+00:00
Qwen2.5-7B,belief_bank_facts,hidden,22,27416,belief_bank_constraints,std,0,0,0,0,0,0,0.11570959726833377,0.0,0.09212979506633727,0.19860409786080027,0.05442243380826368,0.11393393847821232,0.05359835583756296,4517.426,10,2026-09-18T18:11:20.969447+00:00
Qwen2.5-7B,belief_bank_facts,hidden,22,27416,halu_eval,2,4978,10000,2489,2489,2812,7188,2.4594,3585,0.2805991962002192,0.27311522048364156,0.5987,0.27680663182555415,0.4991810329132401,3969.755,10,2026-09-18T18:11:20.969447+00:00
Qwen2.5-7B,belief_bank_facts,hidden,22,27416,halu_eval,4,4978,10000,2489,2489,2812,7188,2.39,3585,0.2898172323759791,0.27631578947368424,0.6061,0.2829055161114145,0.5018265783576389,3972.869,10,2026-09-18T18:11:20.969447+00:00
Qwen2.5-7B,belief_bank_facts,hidden,22,27416,halu_eval,24,4978,10000,2489,2489,2812,7188,2.5413,3585,0.325,0.004623044096728307,0.7174,0.0091164095371669,0.5028817588346628,3976.131,10,2026-09-18T18:11:20.969447+00:00
Qwen2.5-7B,belief_bank_facts,hidden,22,27416,halu_eval,42,4978,10000,2489,2489,2812,7188,2.5109,3585,0.19607843137254902,0.0035561877667140826,0.7157,0.006985679357317499,0.4971837941535244,3979.371,10,2026-09-18T18:11:20.969447+00:00
Qwen2.5-7B,belief_bank_facts,hidden,22,27416,halu_eval,64,4978,10000,2489,2489,2812,7188,2.762,3585,0.27573843264469866,0.5743243243243243,0.4561,0.3725919944630292,0.49550813609057615,3982.859,10,2026-09-18T18:11:20.969447+00:00
Qwen2.5-7B,belief_bank_facts,hidden,22,27416,halu_eval,67,4978,10000,2489,2489,2812,7188,2.6711,3585,0.29439252336448596,0.15682788051209104,0.6572,0.2046403712296984,0.503513120690324,3986.253,10,2026-09-18T18:11:20.969447+00:00
Qwen2.5-7B,belief_bank_facts,hidden,22,27416,halu_eval,104,4978,10000,2489,2489,2812,7188,2.7824,3585,0.30077120822622105,0.08321479374110953,0.6878,0.13036211699164346,0.4984659363915361,3989.761,10,2026-09-18T18:11:20.969447+00:00
Qwen2.5-7B,belief_bank_facts,hidden,22,27416,halu_eval,123,4978,10000,2489,2489,2812,7188,2.6016,3585,0.26765799256505574,0.025604551920341393,0.7063,0.04673807205452775,0.49592710626451075,3993.087,10,2026-09-18T18:11:20.969447+00:00
Qwen2.5-7B,belief_bank_facts,hidden,22,27416,halu_eval,420,4978,10000,2489,2489,2812,7188,1.6807,3585,0.2833333333333333,0.01209103840682788,0.7136,0.023192360163710776,0.4976656209851887,3995.498,10,2026-09-18T18:11:20.969447+00:00
Qwen2.5-7B,belief_bank_facts,hidden,22,27416,halu_eval,511,4978,10000,2489,2489,2812,7188,1.6208,3585,0.29441624365482233,0.041251778093883355,0.7026,0.07236431690580163,0.49832664247588243,3997.849,10,2026-09-18T18:11:20.969447+00:00
Qwen2.5-7B,belief_bank_facts,hidden,22,27416,halu_eval,mean,0,0,0,0,0,0,2.40202,3585.0,0.2807804593737364,0.14509246088193456,0.65615,0.14257034686398645,0.49904797271570844,4517.426,10,2026-09-18T18:11:20.969447+00:00
Qwen2.5-7B,belief_bank_facts,hidden,22,27416,halu_eval,std,0,0,0,0,0,0,0.39393003388926817,0.0,0.031916279100500385,0.17445049358808776,0.07880306148875182,0.12616734830800033,0.0026625027535308785,4517.426,10,2026-09-18T18:11:20.969447+00:00
Qwen2.5-7B,belief_bank_facts,hidden,23,27416,belief_bank_facts,2,4978,8225,2489,2489,1067,7158,1.8014,3585,0.9058219178082192,0.9915651358950328,0.985531914893617,0.9467561521252796,0.9988099643002383,4001.146,10,2026-09-18T18:11:20.969447+00:00
Qwen2.5-7B,belief_bank_facts,hidden,23,27416,belief_bank_facts,4,4978,8225,2489,2489,1067,7158,1.9329,3585,0.9237510955302366,0.9878163074039362,0.9878419452887538,0.9547101449275363,0.9992214817613837,4003.769,10,2026-09-18T18:11:20.969447+00:00
Qwen2.5-7B,belief_bank_facts,hidden,23,27416,belief_bank_facts,24,4978,8225,2489,2489,1067,7158,1.7715,3585,0.918918918918919,0.9878163074039362,0.987112462006079,0.952122854561879,0.9990606979744646,4006.24,10,2026-09-18T18:11:20.969447+00:00
Qwen2.5-7B,belief_bank_facts,hidden,23,27416,belief_bank_facts,42,4978,8225,2489,2489,1067,7158,1.8009,3585,0.9115120274914089,0.9943767572633552,0.9867477203647417,0.9511429852084267,0.9984883967264002,4008.735,10,2026-09-18T18:11:20.969447+00:00
Qwen2.5-7B,belief_bank_facts,hidden,23,27416,belief_bank_facts,64,4978,8225,2489,2489,1067,7158,1.9332,3585,0.9065743944636678,0.9821930646672915,0.9845592705167173,0.9428699955015745,0.9983142579343789,4011.362,10,2026-09-18T18:11:20.969447+00:00
Qwen2.5-7B,belief_bank_facts,hidden,23,27416,belief_bank_facts,67,4978,8225,2489,2489,1067,7158,1.8411,3585,0.925764192139738,0.993439550140581,0.9888145896656535,0.9584086799276673,0.9991756557634834,4013.902,10,2026-09-18T18:11:20.969447+00:00
Qwen2.5-7B,belief_bank_facts,hidden,23,27416,belief_bank_facts,104,4978,8225,2489,2489,1067,7158,2.7225,3585,0.9278169014084507,0.9878163074039362,0.9884498480243161,0.9568769859282796,0.9988564449552516,4017.32,10,2026-09-18T18:11:20.969447+00:00
Qwen2.5-7B,belief_bank_facts,hidden,23,27416,belief_bank_facts,123,4978,8225,2489,2489,1067,7158,2.5714,3585,0.8775847808105872,0.9943767572633552,0.9812765957446808,0.9323374340949033,0.9982261410869874,4020.585,10,2026-09-18T18:11:20.969447+00:00
Qwen2.5-7B,belief_bank_facts,hidden,23,27416,belief_bank_facts,420,4978,8225,2489,2489,1067,7158,2.581,3585,0.8946474086661003,0.9868791002811621,0.9832218844984802,0.9385026737967914,0.9979828705038477,4023.863,10,2026-09-18T18:11:20.969447+00:00
Qwen2.5-7B,belief_bank_facts,hidden,23,27416,belief_bank_facts,511,4978,8225,2489,2489,1067,7158,2.6114,3585,0.9112833763996555,0.9915651358950328,0.9863829787234043,0.9497307001795332,0.998839162007472,4027.169,10,2026-09-18T18:11:20.969447+00:00
Qwen2.5-7B,belief_bank_facts,hidden,23,27416,belief_bank_facts,mean,0,0,0,0,0,0,2.15673,3585.0,0.9103675013636984,0.989784442361762,0.9859939209726443,0.9483458606251869,0.9986975073013908,4517.426,10,2026-09-18T18:11:20.969447+00:00
Qwen2.5-7B,belief_bank_facts,hidden,23,27416,belief_bank_facts,std,0,0,0,0,0,0,0.38467403356608315,0.0,0.014672470214762673,0.0037359196678528063,0.002271181894971068,0.00790077359843126,0.00040206412822649614,4517.426,10,2026-09-18T18:11:20.969447+00:00
Qwen2.5-7B,belief_bank_facts,hidden,23,27416,belief_bank_constraints,2,4978,25686,2489,2489,10018,15668,2.7012,3585,0.4356062982247036,0.6931523258135356,0.5300552830335591,0.5349974960514657,0.6008066575390236,4031.214,10,2026-09-18T18:11:20.969447+00:00
Qwen2.5-7B,belief_bank_facts,hidden,23,27416,belief_bank_constraints,4,4978,25686,2489,2489,10018,15668,2.7611,3585,0.5574558461882405,0.49780395288480733,0.6500038931713774,0.5259438936933136,0.6801297108656039,4035.319,10,2026-09-18T18:11:20.969447+00:00
Qwen2.5-7B,belief_bank_facts,hidden,23,27416,belief_bank_constraints,24,4978,25686,2489,2489,10018,15668,2.6713,3585,0.6649489956882954,0.6311639049710521,0.7321108775208285,0.647616121267988,0.7837639058476973,4039.337,10,2026-09-18T18:11:20.969447+00:00
Qwen2.5-7B,belief_bank_facts,hidden,23,27416,belief_bank_constraints,42,4978,25686,2489,2489,10018,15668,2.7713,3585,0.5569586950802421,0.6339588740267519,0.6605543876041423,0.5929695158956164,0.7018203715313966,4043.461,10,2026-09-18T18:11:20.969447+00:00
Qwen2.5-7B,belief_bank_facts,hidden,23,27416,belief_bank_constraints,64,4978,25686,2489,2489,10018,15668,2.8415,3585,0.6018437225636524,0.5474146536234777,0.6822393521762828,0.5733403031887089,0.695414853977673,4047.651,10,2026-09-18T18:11:20.969447+00:00
Qwen2.5-7B,belief_bank_facts,hidden,23,27416,belief_bank_constraints,67,4978,25686,2489,2489,10018,15668,2.7419,3585,0.5501604806188791,0.667298862048313,0.6574398505022191,0.6030944111146195,0.7135146588068971,4051.741,10,2026-09-18T18:11:20.969447+00:00
Qwen2.5-7B,belief_bank_facts,hidden,23,27416,belief_bank_constraints,104,4978,25686,2489,2489,10018,15668,2.7314,3585,0.5038198632891033,0.3752245957276902,0.6122011990967843,0.4301161393672407,0.6260840711381245,4055.809,10,2026-09-18T18:11:20.969447+00:00
Qwen2.5-7B,belief_bank_facts,hidden,23,27416,belief_bank_constraints,123,4978,25686,2489,2489,10018,15668,2.5705,3585,0.46796083147225565,0.8157316829706528,0.5664175036985128,0.5947381827444416,0.658033697373831,4059.724,10,2026-09-18T18:11:20.969447+00:00
Qwen2.5-7B,belief_bank_facts,hidden,23,27416,belief_bank_constraints,420,4978,25686,2489,2489,10018,15668,2.5706,3585,0.5241574357765731,0.666001197843881,0.6339250953826987,0.5866268079307161,0.6927808792781622,4063.64,10,2026-09-18T18:11:20.969447+00:00
Qwen2.5-7B,belief_bank_facts,hidden,23,27416,belief_bank_constraints,511,4978,25686,2489,2489,10018,15668,2.5803,3585,0.7115246957766643,0.29766420443202235,0.6790080199330375,0.4197339714265606,0.7548163114920078,4067.566,10,2026-09-18T18:11:20.969447+00:00
Qwen2.5-7B,belief_bank_facts,hidden,23,27416,belief_bank_constraints,mean,0,0,0,0,0,0,2.69411,3585.0,0.5574436864678609,0.5825414254342185,0.6403955462119443,0.550917684268067,0.6907165117850418,4517.426,10,2026-09-18T18:11:20.969447+00:00
Qwen2.5-7B,belief_bank_facts,hidden,23,27416,belief_bank_constraints,std,0,0,0,0,0,0,0.08938771112406892,0.0,0.08009869662292898,0.14775633725095452,0.055612273054990335,0.07086524458325438,0.05184338925243005,4517.426,10,2026-09-18T18:11:20.969447+00:00
Qwen2.5-7B,belief_bank_facts,hidden,23,27416,halu_eval,2,4978,10000,2489,2489,2812,7188,2.7112,3585,0.2820148989003193,0.2827169274537696,0.5959,0.2823654768247203,0.5022383253343845,4071.003,10,2026-09-18T18:11:20.969447+00:00
Qwen2.5-7B,belief_bank_facts,hidden,23,27416,halu_eval,4,4978,10000,2489,2489,2812,7188,2.8634,3585,0.28471001757469244,0.3456614509246088,0.5718,0.31223899775136527,0.5069536630910851,4074.583,10,2026-09-18T18:11:20.969447+00:00
Qwen2.5-7B,belief_bank_facts,hidden,23,27416,halu_eval,24,4978,10000,2489,2489,2812,7188,2.7115,3585,0.22727272727272727,0.005334281650071123,0.7152,0.010423905489923557,0.5052177704899347,4078.02,10,2026-09-18T18:11:20.969447+00:00
Qwen2.5-7B,belief_bank_facts,hidden,23,27416,halu_eval,42,4978,10000,2489,2489,2812,7188,2.8024,3585,0.2222222222222222,0.004978662873399715,0.7153,0.009739130434782608,0.5030332728167937,4081.547,10,2026-09-18T18:11:20.969447+00:00
Qwen2.5-7B,belief_bank_facts,hidden,23,27416,halu_eval,64,4978,10000,2489,2489,2812,7188,2.8842,3585,0.2837795275590551,0.3204125177809388,0.5815,0.3009854685151161,0.5056044094353558,4085.152,10,2026-09-18T18:11:20.969447+00:00
Qwen2.5-7B,belief_bank_facts,hidden,23,27416,halu_eval,67,4978,10000,2489,2489,2812,7188,2.7825,3585,0.28645383951682485,0.2361308677098151,0.6198,0.25886939571150097,0.5085296806119888,4088.657,10,2026-09-18T18:11:20.969447+00:00
Qwen2.5-7B,belief_bank_facts,hidden,23,27416,halu_eval,104,4978,10000,2489,2489,2812,7188,2.762,3585,0.2853697749196141,0.12624466571834994,0.6654,0.17504930966469429,0.5053723518571731,4092.144,10,2026-09-18T18:11:20.969447+00:00
Qwen2.5-7B,belief_bank_facts,hidden,23,27416,halu_eval,123,4978,10000,2489,2489,2812,7188,2.5718,3585,0.28,0.032361308677098154,0.7045,0.058017213898629266,0.4965853819507936,4095.437,10,2026-09-18T18:11:20.969447+00:00
Qwen2.5-7B,belief_bank_facts,hidden,23,27416,halu_eval,420,4978,10000,2489,2489,2812,7188,2.6215,3585,0.2967884828349945,0.0953058321479374,0.6821,0.1442799461641992,0.49904230794805,4098.78,10,2026-09-18T18:11:20.969447+00:00
Qwen2.5-7B,belief_bank_facts,hidden,23,27416,halu_eval,511,4978,10000,2489,2489,2812,7188,2.6617,3585,0.270906949352179,0.08179231863442389,0.6799,0.12564872985523082,0.49785431464326113,4102.167,10,2026-09-18T18:11:20.969447+00:00
Qwen2.5-7B,belief_bank_facts,hidden,23,27416,halu_eval,mean,0,0,0,0,0,0,2.7372199999999998,3585.0,0.2719518440152629,0.15309388335704127,0.6531399999999999,0.16776175743101623,0.5030431478178821,4517.426,10,2026-09-18T18:11:20.969447+00:00
Qwen2.5-7B,belief_bank_facts,hidden,23,27416,halu_eval,std,0,0,0,0,0,0,0.09603853185050253,0.0,0.024384956246692218,0.12500667715857838,0.053098685482787615,0.11144732859894396,0.0038391365463625936,4517.426,10,2026-09-18T18:11:20.969447+00:00
Qwen2.5-7B,belief_bank_facts,hidden,24,27416,belief_bank_facts,2,4978,8225,2489,2489,1067,7158,1.6902,3585,0.8987234042553192,0.9896907216494846,0.98419452887538,0.9420160570918823,0.9986603096842379,4105.251,10,2026-09-18T18:11:20.969447+00:00
Qwen2.5-7B,belief_bank_facts,hidden,24,27416,belief_bank_facts,4,4978,8225,2489,2489,1067,7158,1.8612,3585,0.9167389418907199,0.9906279287722587,0.987112462006079,0.9522522522522523,0.9991219738802286,4107.817,10,2026-09-18T18:11:20.969447+00:00
Qwen2.5-7B,belief_bank_facts,hidden,24,27416,belief_bank_facts,24,4978,8225,2489,2489,1067,7158,1.7114,3585,0.905090595340811,0.9831302717900656,0.9844376899696049,0.9424977538185085,0.9986862341059073,4110.228,10,2026-09-18T18:11:20.969447+00:00
Qwen2.5-7B,belief_bank_facts,hidden,24,27416,belief_bank_facts,42,4978,8225,2489,2489,1067,7158,1.9834,3585,0.9090909090909091,0.993439550140581,0.9862613981762918,0.9493954321540529,0.9986631901755345,4112.912,10,2026-09-18T18:11:20.969447+00:00
Qwen2.5-7B,belief_bank_facts,hidden,24,27416,belief_bank_facts,64,4978,8225,2489,2489,1067,7158,1.8216,3585,0.8984641638225256,0.9868791002811621,0.9838297872340426,0.9405984814649397,0.9984509503395443,4115.437,10,2026-09-18T18:11:20.969447+00:00
Qwen2.5-7B,belief_bank_facts,hidden,24,27416,belief_bank_facts,67,4978,8225,2489,2489,1067,7158,1.9132,3585,0.9282589676290464,0.9943767572633552,0.9893009118541033,0.9601809954751132,0.9990747076366799,4118.052,10,2026-09-18T18:11:20.969447+00:00
Qwen2.5-7B,belief_bank_facts,hidden,24,27416,belief_bank_facts,104,4978,8225,2489,2489,1067,7158,1.9523,3585,0.9312169312169312,0.9896907216494846,0.9891793313069909,0.959563834620627,0.9986574291929413,4120.709,10,2026-09-18T18:11:20.969447+00:00
Qwen2.5-7B,belief_bank_facts,hidden,24,27416,belief_bank_facts,123,4978,8225,2489,2489,1067,7158,1.7007,3585,0.8744838976052849,0.9925023430178069,0.9805471124620061,0.9297629499561019,0.9983509187326991,4123.108,10,2026-09-18T18:11:20.969447+00:00
Qwen2.5-7B,belief_bank_facts,hidden,24,27416,belief_bank_facts,420,4978,8225,2489,2489,1067,7158,2.7117,3585,0.8975234842015372,0.9850046860356139,0.9834650455927052,0.9392314566577301,0.9978834935541151,4126.523,10,2026-09-18T18:11:20.969447+00:00
Qwen2.5-7B,belief_bank_facts,hidden,24,27416,belief_bank_facts,511,4978,8225,2489,2489,1067,7158,2.4703,3585,0.9113597246127366,0.9925023430178069,0.9865045592705167,0.9502018842530283,0.9989024018845745,4129.694,10,2026-09-18T18:11:20.969447+00:00
Qwen2.5-7B,belief_bank_facts,hidden,24,27416,belief_bank_facts,mean,0,0,0,0,0,0,1.9816000000000003,3585.0,0.907095101966582,0.9897844423617619,0.9854832826747719,0.9465701097744235,0.9986451609186462,4517.426,10,2026-09-18T18:11:20.969447+00:00
Qwen2.5-7B,belief_bank_facts,hidden,24,27416,belief_bank_facts,std,0,0,0,0,0,0,0.3247055527705062,0.0,0.01564815879328396,0.0035428412692475666,0.0025780810281442685,0.009038099052047027,0.0003442178585641474,4517.426,10,2026-09-18T18:11:20.969447+00:00
Qwen2.5-7B,belief_bank_facts,hidden,24,27416,belief_bank_constraints,2,4978,25686,2489,2489,10018,15668,2.5697,3585,0.49202214262455224,0.45248552605310444,0.60425912948688,0.4714263428838854,0.6062541216976152,4133.61,10,2026-09-18T18:11:20.969447+00:00
Qwen2.5-7B,belief_bank_facts,hidden,24,27416,belief_bank_constraints,4,4978,25686,2489,2489,10018,15668,2.7517,3585,0.6031856923291882,0.43092433619484927,0.6674842326559215,0.502707423580786,0.6991562812671173,4137.709,10,2026-09-18T18:11:20.969447+00:00
Qwen2.5-7B,belief_bank_facts,hidden,24,27416,belief_bank_constraints,24,4978,25686,2489,2489,10018,15668,2.6104,3585,0.5509988000282346,0.7791974445997205,0.6662384178151523,0.6455240851767624,0.7624749474433383,4141.666,10,2026-09-18T18:11:20.969447+00:00
Qwen2.5-7B,belief_bank_facts,hidden,24,27416,belief_bank_constraints,42,4978,25686,2489,2489,10018,15668,2.8115,3585,0.5956190975865687,0.45328408864044717,0.6667445300942147,0.5147942410157579,0.6856163182503303,4145.827,10,2026-09-18T18:11:20.969447+00:00
Qwen2.5-7B,belief_bank_facts,hidden,24,27416,belief_bank_constraints,64,4978,25686,2489,2489,10018,15668,2.7317,3585,0.593875,0.47424635655819525,0.6684575255002725,0.5273615273615274,0.6797478605398207,4149.902,10,2026-09-18T18:11:20.969447+00:00
Qwen2.5-7B,belief_bank_facts,hidden,24,27416,belief_bank_constraints,67,4978,25686,2489,2489,10018,15668,2.8933,3585,0.5149554696689632,0.6117987622279896,0.6238417815152223,0.5592153284671533,0.6643107889587356,4154.141,10,2026-09-18T18:11:20.969447+00:00
Qwen2.5-7B,belief_bank_facts,hidden,24,27416,belief_bank_constraints,104,4978,25686,2489,2489,10018,15668,2.8628,3585,0.43175649476541295,0.22229986025154722,0.5825741649147396,0.2934897206114918,0.5945329999057607,4158.349,10,2026-09-18T18:11:20.969447+00:00
Qwen2.5-7B,belief_bank_facts,hidden,24,27416,belief_bank_constraints,123,4978,25686,2489,2489,10018,15668,2.5904,3585,0.47908697560669716,0.7626272709123577,0.584014638324379,0.5884844983631812,0.6727955929008662,4162.282,10,2026-09-18T18:11:20.969447+00:00
Qwen2.5-7B,belief_bank_facts,hidden,24,27416,belief_bank_constraints,420,4978,25686,2489,2489,10018,15668,2.7105,3585,0.5118863619636417,0.694250349371132,0.6225570349606789,0.5892819317941114,0.6910429047474567,4166.338,10,2026-09-18T18:11:20.969447+00:00
Qwen2.5-7B,belief_bank_facts,hidden,24,27416,belief_bank_constraints,511,4978,25686,2489,2489,10018,15668,2.469,3585,0.6588306208559374,0.32731084048712317,0.6715331308884217,0.4373457819273091,0.7238322563934318,4170.158,10,2026-09-18T18:11:20.969447+00:00
Qwen2.5-7B,belief_bank_facts,hidden,24,27416,belief_bank_constraints,mean,0,0,0,0,0,0,2.7001,3585.0,0.5432216655429196,0.5208424835296467,0.6357704586155883,0.5129630881181967,0.6779764072104473,4517.426,10,2026-09-18T18:11:20.969447+00:00
Qwen2.5-7B,belief_bank_facts,hidden,24,27416,belief_bank_constraints,std,0,0,0,0,0,0,0.1305635171094897,0.0,0.06578211233345806,0.17596192181446418,0.03472639995490199,0.09336349450268043,0.047163616631075475,4517.426,10,2026-09-18T18:11:20.969447+00:00
Qwen2.5-7B,belief_bank_facts,hidden,24,27416,halu_eval,2,4978,10000,2489,2489,2812,7188,2.5516,3585,0.3088235294117647,0.03733997155049787,0.7058,0.06662436548223351,0.49844641891693997,4173.434,10,2026-09-18T18:11:20.969447+00:00
Qwen2.5-7B,belief_bank_facts,hidden,24,27416,halu_eval,4,4978,10000,2489,2489,2812,7188,2.6918,3585,0.30353817504655495,0.11593172119487909,0.6766,0.16778178075141534,0.502698482574482,4176.846,10,2026-09-18T18:11:20.969447+00:00
Qwen2.5-7B,belief_bank_facts,hidden,24,27416,halu_eval,24,4978,10000,2489,2489,2812,7188,2.621,3585,0.3076923076923077,0.011379800853485065,0.7148,0.02194787379972565,0.4984604200457377,4180.188,10,2026-09-18T18:11:20.969447+00:00
Qwen2.5-7B,belief_bank_facts,hidden,24,27416,halu_eval,42,4978,10000,2489,2489,2812,7188,2.9437,3585,0.2727272727272727,0.003200568990042674,0.7173,0.00632688927943761,0.4978546609609346,4183.857,10,2026-09-18T18:11:20.969447+00:00
Qwen2.5-7B,belief_bank_facts,hidden,24,27416,halu_eval,64,4978,10000,2489,2489,2812,7188,2.7624,3585,0.28182807399347115,0.09210526315789473,0.6787,0.13883677298311445,0.5024322137575586,4187.343,10,2026-09-18T18:11:20.969447+00:00
Qwen2.5-7B,belief_bank_facts,hidden,24,27416,halu_eval,67,4978,10000,2489,2489,2812,7188,2.9239,3585,0.2953020134228188,0.031294452347083924,0.7066,0.05659163987138264,0.499943772852019,4190.989,10,2026-09-18T18:11:20.969447+00:00
Qwen2.5-7B,belief_bank_facts,hidden,24,27416,halu_eval,104,4978,10000,2489,2489,2812,7188,2.8938,3585,0.2899022801302932,0.031650071123755334,0.7059,0.05706957358127605,0.5037222223541528,4194.606,10,2026-09-18T18:11:20.969447+00:00
Qwen2.5-7B,belief_bank_facts,hidden,24,27416,halu_eval,123,4978,10000,2489,2489,2812,7188,2.631,3585,0.29770992366412213,0.027738264580369845,0.7082,0.05074821080026025,0.491242021830283,4197.956,10,2026-09-18T18:11:20.969447+00:00
Qwen2.5-7B,belief_bank_facts,hidden,24,27416,halu_eval,420,4978,10000,2489,2489,2812,7188,2.7426,3585,0.30434782608695654,0.07467994310099574,0.6918,0.11993146773272416,0.4978580251897623,4201.423,10,2026-09-18T18:11:20.969447+00:00
Qwen2.5-7B,belief_bank_facts,hidden,24,27416,halu_eval,511,4978,10000,2489,2489,2812,7188,2.4598,3585,0.281563126252505,0.09992887624466572,0.6752,0.14750656167979004,0.49930605359335256,4204.607,10,2026-09-18T18:11:20.969447+00:00
Qwen2.5-7B,belief_bank_facts,hidden,24,27416,halu_eval,mean,0,0,0,0,0,0,2.7221599999999997,3585.0,0.2943434528428067,0.052524893314366994,0.69809,0.08333651359613597,0.4991964292075223,4517.426,10,2026-09-18T18:11:20.969447+00:00
Qwen2.5-7B,belief_bank_facts,hidden,24,27416,halu_eval,std,0,0,0,0,0,0,0.15448787784159643,0.0,0.011797040396520506,0.03765935683109287,0.015312181425257485,0.05302249408667254,0.0033430003299717154,4517.426,10,2026-09-18T18:11:20.969447+00:00
Qwen2.5-7B,belief_bank_facts,hidden,25,27416,belief_bank_facts,2,4978,8225,2489,2489,1067,7158,3.0438,3585,0.9061962134251291,0.9868791002811621,0.9850455927051672,0.9448183041722745,0.9984856471665262,4209.099,10,2026-09-18T18:11:20.969447+00:00
Qwen2.5-7B,belief_bank_facts,hidden,25,27416,belief_bank_facts,4,4978,8225,2489,2489,1067,7158,2.6811,3585,0.9024807527801539,0.9887535145267105,0.9846808510638297,0.943649373881932,0.9989619756818451,4212.47,10,2026-09-18T18:11:20.969447+00:00
Qwen2.5-7B,belief_bank_facts,hidden,25,27416,belief_bank_facts,24,4978,8225,2489,2489,1067,7158,1.7007,3585,0.9107452339688041,0.9850046860356139,0.985531914893617,0.9464205312922107,0.9981807078833548,4214.866,10,2026-09-18T18:11:20.969447+00:00
Qwen2.5-7B,belief_bank_facts,hidden,25,27416,belief_bank_facts,42,4978,8225,2489,2489,1067,7158,1.8321,3585,0.9089347079037801,0.9915651358950328,0.9860182370820668,0.9484536082474226,0.9986184116290148,4217.398,10,2026-09-18T18:11:20.969447+00:00
Qwen2.5-7B,belief_bank_facts,hidden,25,27416,belief_bank_facts,64,4978,8225,2489,2489,1067,7158,1.8813,3585,0.8972602739726028,0.9821930646672915,0.9831003039513678,0.9378076062639821,0.9984601155391246,4219.975,10,2026-09-18T18:11:20.969447+00:00
Qwen2.5-7B,belief_bank_facts,hidden,25,27416,belief_bank_facts,67,4978,8225,2489,2489,1067,7158,1.7314,3585,0.923951048951049,0.9906279287722587,0.9882066869300912,0.9561284486657621,0.9989378843000917,4222.402,10,2026-09-18T18:11:20.969447+00:00
Qwen2.5-7B,belief_bank_facts,hidden,25,27416,belief_bank_facts,104,4978,8225,2489,2489,1067,7158,1.8729,3585,0.9295774647887324,0.9896907216494846,0.9889361702127659,0.958692691783931,0.99866397576407,4224.973,10,2026-09-18T18:11:20.969447+00:00
Qwen2.5-7B,belief_bank_facts,hidden,25,27416,belief_bank_facts,123,4978,8225,2489,2489,1067,7158,1.6211,3585,0.8665028665028665,0.9915651358950328,0.9790881458966565,0.9248251748251748,0.9981587114043626,4227.29,10,2026-09-18T18:11:20.969447+00:00
Qwen2.5-7B,belief_bank_facts,hidden,25,27416,belief_bank_facts,420,4978,8225,2489,2489,1067,7158,1.6005,3585,0.892948173322005,0.9850046860356139,0.9827355623100303,0.9367201426024956,0.9979053591016848,4229.583,10,2026-09-18T18:11:20.969447+00:00
Qwen2.5-7B,belief_bank_facts,hidden,25,27416,belief_bank_facts,511,4978,8225,2489,2489,1067,7158,1.7716,3585,0.9088564058469476,0.9906279287722587,0.9858966565349544,0.9479820627802691,0.9987748746789888,4232.05,10,2026-09-18T18:11:20.969447+00:00
Qwen2.5-7B,belief_bank_facts,hidden,25,27416,belief_bank_facts,mean,0,0,0,0,0,0,1.97365,3585.0,0.904745314146207,0.988191190253046,0.9849240121580547,0.9445497944515455,0.9985147663149064,4517.426,10,2026-09-18T18:11:20.969447+00:00
Qwen2.5-7B,belief_bank_facts,hidden,25,27416,belief_bank_facts,std,0,0,0,0,0,0,0.4606479572298134,0.0,0.01649504045011966,0.0030856752826906005,0.0026764294395268213,0.009280682552690954,0.00033064620636300376,4517.426,10,2026-09-18T18:11:20.969447+00:00
Qwen2.5-7B,belief_bank_facts,hidden,25,27416,belief_bank_constraints,2,4978,25686,2489,2489,10018,15668,2.9937,3585,0.48100848644640354,0.5827510481133958,0.5920345713618314,0.5270142180094787,0.630817572790728,4236.391,10,2026-09-18T18:11:20.969447+00:00
Qwen2.5-7B,belief_bank_facts,hidden,25,27416,belief_bank_constraints,4,4978,25686,2489,2489,10018,15668,2.6314,3585,0.5836018617973505,0.4881213815132761,0.6645254224090944,0.5316084144153939,0.6931011223453643,4240.374,10,2026-09-18T18:11:20.969447+00:00
Qwen2.5-7B,belief_bank_facts,hidden,25,27416,belief_bank_constraints,24,4978,25686,2489,2489,10018,15668,2.5602,3585,0.5549682167949147,0.8279097624276303,0.6739468971424122,0.66450346512839,0.7926729716482249,4244.281,10,2026-09-18T18:11:20.969447+00:00
Qwen2.5-7B,belief_bank_facts,hidden,25,27416,belief_bank_constraints,42,4978,25686,2489,2489,10018,15668,2.7215,3585,0.5155168723692659,0.7213016570173687,0.6269173869033715,0.601289785729145,0.7071348289953243,4248.345,10,2026-09-18T18:11:20.969447+00:00
Qwen2.5-7B,belief_bank_facts,hidden,25,27416,belief_bank_constraints,64,4978,25686,2489,2489,10018,15668,2.7724,3585,0.504017228526464,0.6074066679976043,0.6137584676477459,0.5509030827033634,0.6547624029109105,4252.462,10,2026-09-18T18:11:20.969447+00:00
Qwen2.5-7B,belief_bank_facts,hidden,25,27416,belief_bank_constraints,67,4978,25686,2489,2489,10018,15668,2.5699,3585,0.48950113681958,0.7306847674186464,0.5977575332866153,0.5862566074002883,0.6701143010235393,4256.38,10,2026-09-18T18:11:20.969447+00:00
Qwen2.5-7B,belief_bank_facts,hidden,25,27416,belief_bank_constraints,104,4978,25686,2489,2489,10018,15668,2.7815,3585,0.5058734369079196,0.13326013176282692,0.6111889745386592,0.2109504621948329,0.6281041138970023,4260.514,10,2026-09-18T18:11:20.969447+00:00
Qwen2.5-7B,belief_bank_facts,hidden,25,27416,belief_bank_constraints,123,4978,25686,2489,2489,10018,15668,2.591,3585,0.5159474671669794,0.7137153124376123,0.6271899088997898,0.598927793600268,0.6973032152031882,4264.459,10,2026-09-18T18:11:20.969447+00:00
Qwen2.5-7B,belief_bank_facts,hidden,25,27416,belief_bank_constraints,420,4978,25686,2489,2489,10018,15668,2.5098,3585,0.4776567363272566,0.8578558594529846,0.5786809935373355,0.6136379864334166,0.7136147785658014,4268.309,10,2026-09-18T18:11:20.969447+00:00
Qwen2.5-7B,belief_bank_facts,hidden,25,27416,belief_bank_constraints,511,4978,25686,2489,2489,10018,15668,2.6718,3585,0.7964071856287425,0.17258933918945898,0.6600872070388538,0.2836984166051358,0.7681612846684495,4272.33,10,2026-09-18T18:11:20.969447+00:00
Qwen2.5-7B,belief_bank_facts,hidden,25,27416,belief_bank_constraints,mean,0,0,0,0,0,0,2.68032,3585.0,0.5424498628784876,0.5835595927330803,0.6246087362765709,0.5168790232219712,0.6955786592048533,4517.426,10,2026-09-18T18:11:20.969447+00:00
Qwen2.5-7B,belief_bank_facts,hidden,25,27416,belief_bank_constraints,std,0,0,0,0,0,0,0.135926898000359,0.0,0.09020196385440965,0.23955137127332654,0.03080186579791149,0.14116249256095673,0.05121007212026551,4517.426,10,2026-09-18T18:11:20.969447+00:00
Qwen2.5-7B,belief_bank_facts,hidden,25,27416,halu_eval,2,4978,10000,2489,2489,2812,7188,2.9948,3585,0.28245125348189415,0.18029871977240397,0.6407,0.2200998480573041,0.5040825906303457,4276.049,10,2026-09-18T18:11:20.969447+00:00
Qwen2.5-7B,belief_bank_facts,hidden,25,27416,halu_eval,4,4978,10000,2489,2489,2812,7188,2.631,3585,0.28619153674832964,0.4569701280227596,0.5268,0.3519583675705286,0.5068894953735916,4279.405,10,2026-09-18T18:11:20.969447+00:00
Qwen2.5-7B,belief_bank_facts,hidden,25,27416,halu_eval,24,4978,10000,2489,2489,2812,7188,2.5503,3585,0.3,0.08001422475106686,0.6888,0.12633352049410443,0.499597925181134,4282.678,10,2026-09-18T18:11:20.969447+00:00
Qwen2.5-7B,belief_bank_facts,hidden,25,27416,halu_eval,42,4978,10000,2489,2489,2812,7188,2.661,3585,0.27976190476190477,0.016714082503556188,0.7114,0.03154362416107383,0.5028913567816125,4286.06,10,2026-09-18T18:11:20.969447+00:00
Qwen2.5-7B,belief_bank_facts,hidden,25,27416,halu_eval,64,4978,10000,2489,2489,2812,7188,2.7925,3585,0.28464354192086455,0.5807254623044097,0.4717,0.3820329863141888,0.5079200872958012,4289.567,10,2026-09-18T18:11:20.969447+00:00
Qwen2.5-7B,belief_bank_facts,hidden,25,27416,halu_eval,67,4978,10000,2489,2489,2812,7188,2.6814,3585,0.2914595571622232,0.22937411095305832,0.6265,0.25671641791044775,0.5066028432878886,4292.97,10,2026-09-18T18:11:20.969447+00:00
Qwen2.5-7B,belief_bank_facts,hidden,25,27416,halu_eval,104,4978,10000,2489,2489,2812,7188,2.8229,3585,0.2948960302457467,0.11095305832147938,0.6754,0.16124031007751938,0.5060657787873103,4296.517,10,2026-09-18T18:11:20.969447+00:00
Qwen2.5-7B,belief_bank_facts,hidden,25,27416,halu_eval,123,4978,10000,2489,2489,2812,7188,2.6114,3585,0.29506008010680906,0.07859174964438122,0.6881,0.12412243751755125,0.49578702076560344,4299.85,10,2026-09-18T18:11:20.969447+00:00
Qwen2.5-7B,belief_bank_facts,hidden,25,27416,halu_eval,420,4978,10000,2489,2489,2812,7188,2.5412,3585,0.29411764705882354,0.16891891891891891,0.6523,0.2145922746781116,0.5021580043711227,4303.109,10,2026-09-18T18:11:20.969447+00:00
Qwen2.5-7B,belief_bank_facts,hidden,25,27416,halu_eval,511,4978,10000,2489,2489,2812,7188,2.7026,3585,0.2678311499272198,0.19630156472261737,0.6231,0.226554483890827,0.4983430678283942,4306.532,10,2026-09-18T18:11:20.969447+00:00
Qwen2.5-7B,belief_bank_facts,hidden,25,27416,halu_eval,mean,0,0,0,0,0,0,2.69891,3585.0,0.28764127014138147,0.20988620199146513,0.63048,0.2095194270671657,0.5030338170302805,4517.426,10,2026-09-18T18:11:20.969447+00:00
Qwen2.5-7B,belief_bank_facts,hidden,25,27416,halu_eval,std,0,0,0,0,0,0,0.13140320734289562,0.0,0.008997115643067133,0.16819586207682077,0.07204070793655487,0.10046094192597561,0.00385855463735747,4517.426,10,2026-09-18T18:11:20.969447+00:00
Qwen2.5-7B,belief_bank_facts,hidden,26,27416,belief_bank_facts,2,4978,8225,2489,2489,1067,7158,2.7922,3585,0.8857142857142857,0.9878163074039362,0.9818844984802432,0.9339831634913602,0.9982000857338955,4311.1,10,2026-09-18T18:11:20.969447+00:00
Qwen2.5-7B,belief_bank_facts,hidden,26,27416,belief_bank_facts,4,4978,8225,2489,2489,1067,7158,2.6101,3585,0.9021459227467811,0.9850046860356139,0.98419452887538,0.9417562724014337,0.9988394238703171,4314.407,10,2026-09-18T18:11:20.969447+00:00
Qwen2.5-7B,belief_bank_facts,hidden,26,27416,belief_bank_facts,24,4978,8225,2489,2489,1067,7158,2.5198,3585,0.9093264248704663,0.9868791002811621,0.985531914893617,0.9465168539325842,0.9982376630521738,4317.62,10,2026-09-18T18:11:20.969447+00:00
Qwen2.5-7B,belief_bank_facts,hidden,26,27416,belief_bank_facts,42,4978,8225,2489,2489,1067,7158,3.0037,3585,0.8950930626057529,0.9915651358950328,0.9838297872340426,0.94086260560249,0.9985673483742115,4321.319,10,2026-09-18T18:11:20.969447+00:00
Qwen2.5-7B,belief_bank_facts,hidden,26,27416,belief_bank_facts,64,4978,8225,2489,2489,1067,7158,1.9211,3585,0.893344709897611,0.9812558575445174,0.982370820668693,0.9352389459580169,0.9981077790809818,4323.942,10,2026-09-18T18:11:20.969447+00:00
Qwen2.5-7B,belief_bank_facts,hidden,26,27416,belief_bank_facts,67,4978,8225,2489,2489,1067,7158,1.7709,3585,0.903862660944206,0.9868791002811621,0.9846808510638297,0.9435483870967742,0.9986807349861593,4326.411,10,2026-09-18T18:11:20.969447+00:00
Qwen2.5-7B,belief_bank_facts,hidden,26,27416,belief_bank_facts,104,4978,8225,2489,2489,1067,7158,1.9128,3585,0.9155787641427328,0.985941893158388,0.9863829787234043,0.9494584837545126,0.99857389494534,4329.028,10,2026-09-18T18:11:20.969447+00:00
Qwen2.5-7B,belief_bank_facts,hidden,26,27416,belief_bank_facts,123,4978,8225,2489,2489,1067,7158,1.6805,3585,0.8559870550161812,0.9915651358950328,0.9772644376899696,0.9188015631784628,0.997789484792708,4331.407,10,2026-09-18T18:11:20.969447+00:00
Qwen2.5-7B,belief_bank_facts,hidden,26,27416,belief_bank_facts,420,4978,8225,2489,2489,1067,7158,1.9129,3585,0.882996632996633,0.9831302717900656,0.9809118541033435,0.9303769401330377,0.9974825815381981,4334.018,10,2026-09-18T18:11:20.969447+00:00
Qwen2.5-7B,belief_bank_facts,hidden,26,27416,belief_bank_facts,511,4978,8225,2489,2489,1067,7158,1.5491,3585,0.8918918918918919,0.9896907216494846,0.9831003039513678,0.938249666814749,0.9983287913222842,4336.271,10,2026-09-18T18:11:20.969447+00:00
Qwen2.5-7B,belief_bank_facts,hidden,26,27416,belief_bank_facts,mean,0,0,0,0,0,0,2.16731,3585.0,0.893594141082654,0.9869728209934395,0.983015197568389,0.937879288236342,0.9982807787696271,4517.426,10,2026-09-18T18:11:20.969447+00:00
Qwen2.5-7B,belief_bank_facts,hidden,26,27416,belief_bank_facts,std,0,0,0,0,0,0,0.4875218506897921,0.0,0.015821828998819013,0.003204371320951965,0.002483965262428177,0.008410043856791142,0.0003948647331698316,4517.426,10,2026-09-18T18:11:20.969447+00:00
Qwen2.5-7B,belief_bank_facts,hidden,26,27416,belief_bank_constraints,2,4978,25686,2489,2489,10018,15668,1.8525,3585,0.4681599266111154,0.6112996606109004,0.5775519738378884,0.5302394043032166,0.6248045259661025,4339.47,10,2026-09-18T18:11:20.969447+00:00
Qwen2.5-7B,belief_bank_facts,hidden,26,27416,belief_bank_constraints,4,4978,25686,2489,2489,10018,15668,1.7211,3585,0.5133604671739516,0.5791575164703534,0.6217394689714241,0.5442776735459662,0.6593944214175016,4342.534,10,2026-09-18T18:11:20.969447+00:00
Qwen2.5-7B,belief_bank_facts,hidden,26,27416,belief_bank_constraints,24,4978,25686,2489,2489,10018,15668,2.4896,3585,0.5272800213960952,0.7871830704731483,0.6417503698512809,0.631536798270201,0.7485538030523868,4346.365,10,2026-09-18T18:11:20.969447+00:00
Qwen2.5-7B,belief_bank_facts,hidden,26,27416,belief_bank_constraints,42,4978,25686,2489,2489,10018,15668,2.9439,3585,0.4727509161839461,0.7983629466959473,0.5740870513119988,0.5938520938520938,0.684705136065269,4350.654,10,2026-09-18T18:11:20.969447+00:00
Qwen2.5-7B,belief_bank_facts,hidden,26,27416,belief_bank_constraints,64,4978,25686,2489,2489,10018,15668,2.7824,3585,0.44032323232323234,0.543920942303853,0.5524799501674064,0.48666994149957576,0.5750567220004758,4354.785,10,2026-09-18T18:11:20.969447+00:00
Qwen2.5-7B,belief_bank_facts,hidden,26,27416,belief_bank_constraints,67,4978,25686,2489,2489,10018,15668,2.6604,3585,0.4755803628060383,0.7484527849870234,0.5800046718056528,0.5816009928637915,0.6679426037472607,4358.796,10,2026-09-18T18:11:20.969447+00:00
Qwen2.5-7B,belief_bank_facts,hidden,26,27416,belief_bank_constraints,104,4978,25686,2489,2489,10018,15668,2.8118,3585,0.47995761963623523,0.2713116390497105,0.6011445923849568,0.34666156495121486,0.6031776641718127,4362.966,10,2026-09-18T18:11:20.969447+00:00
Qwen2.5-7B,belief_bank_facts,hidden,26,27416,belief_bank_constraints,123,4978,25686,2489,2489,10018,15668,2.5098,3585,0.44445912032756574,0.6717907766021162,0.5444989488437281,0.5349761526232114,0.5976563350126016,4366.822,10,2026-09-18T18:11:20.969447+00:00
Qwen2.5-7B,belief_bank_facts,hidden,26,27416,belief_bank_constraints,420,4978,25686,2489,2489,10018,15668,2.8224,3585,0.47363454052141085,0.8015571970453185,0.5751771392976719,0.5954323001631321,0.6838938442842709,4370.986,10,2026-09-18T18:11:20.969447+00:00
Qwen2.5-7B,belief_bank_facts,hidden,26,27416,belief_bank_constraints,511,4978,25686,2489,2489,10018,15668,2.5102,3585,0.6731413261888815,0.10031942503493711,0.6301097874328427,0.1746155850925202,0.7187225873183185,4374.839,10,2026-09-18T18:11:20.969447+00:00
Qwen2.5-7B,belief_bank_facts,hidden,26,27416,belief_bank_constraints,mean,0,0,0,0,0,0,2.5104100000000007,3585.0,0.4968647533168472,0.5913355959273308,0.5898543953904851,0.5019862507164924,0.6563907643036,4517.426,10,2026-09-18T18:11:20.969447+00:00
Qwen2.5-7B,belief_bank_facts,hidden,26,27416,belief_bank_constraints,std,0,0,0,0,0,0,0.3910053898605491,0.0,0.06395145398619673,0.22424891481429965,0.03102286015634727,0.13247655929951901,0.05289060027875867,4517.426,10,2026-09-18T18:11:20.969447+00:00
Qwen2.5-7B,belief_bank_facts,hidden,26,27416,halu_eval,2,4978,10000,2489,2489,2812,7188,2.7622,3585,0.2797806944675195,0.5988620199146515,0.4537,0.38138376174838634,0.49825141732981554,4378.327,10,2026-09-18T18:11:20.969447+00:00
Qwen2.5-7B,belief_bank_facts,hidden,26,27416,halu_eval,4,4978,10000,2489,2489,2812,7188,2.6106,3585,0.27292672224659936,0.22119487908961594,0.6153,0.2443527794146533,0.5018274194148459,4381.661,10,2026-09-18T18:11:20.969447+00:00
Qwen2.5-7B,belief_bank_facts,hidden,26,27416,halu_eval,24,4978,10000,2489,2489,2812,7188,2.4894,3585,0.27768595041322314,0.11948790896159317,0.665,0.1670810542018896,0.4953741111509541,4384.872,10,2026-09-18T18:11:20.969447+00:00
Qwen2.5-7B,belief_bank_facts,hidden,26,27416,halu_eval,42,4978,10000,2489,2489,2812,7188,2.9332,3585,0.3086816720257235,0.034139402560455195,0.7069,0.06147934678194044,0.49926318441277584,4388.522,10,2026-09-18T18:11:20.969447+00:00
Qwen2.5-7B,belief_bank_facts,hidden,26,27416,halu_eval,64,4978,10000,2489,2489,2812,7188,2.7726,3585,0.2796299250279151,0.6233997155049786,0.4425,0.3860808281026319,0.5025166410589484,4392.017,10,2026-09-18T18:11:20.969447+00:00
Qwen2.5-7B,belief_bank_facts,hidden,26,27416,halu_eval,67,4978,10000,2489,2489,2812,7188,2.6001,3585,0.2751031636863824,0.4267425320056899,0.5226,0.3345413994981879,0.498412455047966,4395.338,10,2026-09-18T18:11:20.969447+00:00
Qwen2.5-7B,belief_bank_facts,hidden,26,27416,halu_eval,104,4978,10000,2489,2489,2812,7188,2.8424,3585,0.28898426323319026,0.07183499288762446,0.6893,0.11506693249786386,0.4971171032644102,4398.9,10,2026-09-18T18:11:20.969447+00:00
Qwen2.5-7B,belief_bank_facts,hidden,26,27416,halu_eval,123,4978,10000,2489,2489,2812,7188,2.6216,3585,0.2884199134199134,0.1895448079658606,0.6406,0.22875536480686695,0.5016951755375444,4402.244,10,2026-09-18T18:11:20.969447+00:00
Qwen2.5-7B,belief_bank_facts,hidden,26,27416,halu_eval,420,4978,10000,2489,2489,2812,7188,2.8532,3585,0.26717557251908397,0.13691322901849218,0.6517,0.18104867152598167,0.5001396649703038,4405.822,10,2026-09-18T18:11:20.969447+00:00
Qwen2.5-7B,belief_bank_facts,hidden,26,27416,halu_eval,511,4978,10000,2489,2489,2812,7188,2.5404,3585,0.26594464500601683,0.15718349928876243,0.641,0.1975860527492177,0.4890544567720343,4409.091,10,2026-09-18T18:11:20.969447+00:00
Qwen2.5-7B,belief_bank_facts,hidden,26,27416,halu_eval,mean,0,0,0,0,0,0,2.70257,3585.0,0.2804332522045568,0.2579302987197724,0.60286,0.22973761913276194,0.4983651628959599,4517.426,10,2026-09-18T18:11:20.969447+00:00
Qwen2.5-7B,belief_bank_facts,hidden,26,27416,halu_eval,std,0,0,0,0,0,0,0.1418263871781271,0.0,0.011890930356690388,0.20322429523151037,0.09054410196141989,0.1036477429712849,0.0037613128306847573,4517.426,10,2026-09-18T18:11:20.969447+00:00
Qwen2.5-7B,belief_bank_facts,hidden,27,27416,belief_bank_facts,2,4978,8225,2489,2489,1067,7158,2.7109,3585,0.8802345058626466,0.9850046860356139,0.9806686930091185,0.9296771340114993,0.9978188134313644,4413.222,10,2026-09-18T18:11:20.969447+00:00
Qwen2.5-7B,belief_bank_facts,hidden,27,27416,belief_bank_facts,4,4978,8225,2489,2489,1067,7158,2.8104,3585,0.8945578231292517,0.985941893158388,0.9831003039513678,0.9380294248773964,0.9982724908105781,4416.724,10,2026-09-18T18:11:20.969447+00:00
Qwen2.5-7B,belief_bank_facts,hidden,27,27416,belief_bank_facts,24,4978,8225,2489,2489,1067,7158,3.0036,3585,0.8976982097186701,0.9868791002811621,0.98370820668693,0.9401785714285714,0.9980988757442468,4420.422,10,2026-09-18T18:11:20.969447+00:00
Qwen2.5-7B,belief_bank_facts,hidden,27,27416,belief_bank_facts,42,4978,8225,2489,2489,1067,7158,2.9324,3585,0.8952702702702703,0.993439550140581,0.9840729483282675,0.941803642825411,0.9985297710559331,4424.044,10,2026-09-18T18:11:20.969447+00:00
Qwen2.5-7B,belief_bank_facts,hidden,27,27416,belief_bank_facts,64,4978,8225,2489,2489,1067,7158,2.9739,3585,0.8839966130397968,0.9784442361761949,0.9805471124620061,0.9288256227758007,0.997786080575721,4427.708,10,2026-09-18T18:11:20.969447+00:00
Qwen2.5-7B,belief_bank_facts,hidden,27,27416,belief_bank_facts,67,4978,8225,2489,2489,1067,7158,3.1232,3585,0.9086993970714901,0.9887535145267105,0.9856534954407294,0.9470377019748654,0.9985547789576443,4431.527,10,2026-09-18T18:11:20.969447+00:00
Qwen2.5-7B,belief_bank_facts,hidden,27,27416,belief_bank_facts,104,4978,8225,2489,2489,1067,7158,2.103,3585,0.9082251082251083,0.9831302717900656,0.9849240121580547,0.9441944194419442,0.9981970743111763,4434.323,10,2026-09-18T18:11:20.969447+00:00
Qwen2.5-7B,belief_bank_facts,hidden,27,27416,belief_bank_facts,123,4978,8225,2489,2489,1067,7158,1.9034,3585,0.8418124006359301,0.9925023430178069,0.9748328267477203,0.9109677419354839,0.9969761387956875,4436.916,10,2026-09-18T18:11:20.969447+00:00
Qwen2.5-7B,belief_bank_facts,hidden,27,27416,belief_bank_facts,420,4978,8225,2489,2489,1067,7158,1.9321,3585,0.8779264214046822,0.9840674789128397,0.9801823708206687,0.9279717189571366,0.9974078196959092,4439.543,10,2026-09-18T18:11:20.969447+00:00
Qwen2.5-7B,belief_bank_facts,hidden,27,27416,belief_bank_facts,511,4978,8225,2489,2489,1067,7158,2.0234,3585,0.8850671140939598,0.9887535145267105,0.9818844984802432,0.934041611332448,0.9980980901557116,4442.256,10,2026-09-18T18:11:20.969447+00:00
Qwen2.5-7B,belief_bank_facts,hidden,27,27416,belief_bank_facts,mean,0,0,0,0,0,0,2.55163,3585.0,0.8873487863451807,0.9866916588566073,0.9819574468085106,0.9342727589560557,0.9979739933533972,4517.426,10,2026-09-18T18:11:20.969447+00:00
Qwen2.5-7B,belief_bank_facts,hidden,27,27416,belief_bank_facts,std,0,0,0,0,0,0,0.47232521645578057,0.0,0.018283597955990695,0.0042288712924755355,0.002981178815535934,0.010003798791198214,0.0004681581565330677,4517.426,10,2026-09-18T18:11:20.969447+00:00
Qwen2.5-7B,belief_bank_facts,hidden,27,27416,belief_bank_constraints,2,4978,25686,2489,2489,10018,15668,1.7707,3585,0.4388151936497789,0.8222200039928129,0.5205559448726933,0.5722324498940567,0.6330553879707872,4445.371,10,2026-09-18T18:11:20.969447+00:00
Qwen2.5-7B,belief_bank_facts,hidden,27,27416,belief_bank_constraints,4,4978,25686,2489,2489,10018,15668,1.8107,3585,0.44436363636363635,0.8538630465162708,0.5265903605076695,0.5845291786251195,0.668736260689401,4448.524,10,2026-09-18T18:11:20.969447+00:00
Qwen2.5-7B,belief_bank_facts,hidden,27,27416,belief_bank_constraints,24,4978,25686,2489,2489,10018,15668,2.0628,3585,0.47493764105000597,0.7982631263725295,0.5771237249863739,0.595546619005064,0.6881306525456119,4451.927,10,2026-09-18T18:11:20.969447+00:00
Qwen2.5-7B,belief_bank_facts,hidden,27,27416,belief_bank_constraints,42,4978,25686,2489,2489,10018,15668,2.0437,3585,0.46267455893339465,0.8036534238370933,0.5594097952191855,0.587257011561326,0.6709084931269744,4455.317,10,2026-09-18T18:11:20.969447+00:00
Qwen2.5-7B,belief_bank_facts,hidden,27,27416,belief_bank_constraints,64,4978,25686,2489,2489,10018,15668,2.9323,3585,0.4261079059151715,0.6708923936913556,0.5192322666043759,0.5211895622503975,0.5652196737728101,4459.585,10,2026-09-18T18:11:20.969447+00:00
Qwen2.5-7B,belief_bank_facts,hidden,27,27416,belief_bank_constraints,67,4978,25686,2489,2489,10018,15668,3.0634,3585,0.4480478256269178,0.8453783190257537,0.5335202055594487,0.5856846473029046,0.6626369700737295,4463.988,10,2026-09-18T18:11:20.969447+00:00
Qwen2.5-7B,belief_bank_facts,hidden,27,27416,belief_bank_constraints,104,4978,25686,2489,2489,10018,15668,2.9641,3585,0.4913736623716969,0.4491914553803154,0.6038308806353656,0.4693366708385482,0.6109927710921974,4468.292,10,2026-09-18T18:11:20.969447+00:00
Qwen2.5-7B,belief_bank_facts,hidden,27,27416,belief_bank_constraints,123,4978,25686,2489,2489,10018,15668,2.7519,3585,0.4536858355847163,0.704032741066081,0.5539204235770459,0.5517915819120638,0.617314727032317,4472.385,10,2026-09-18T18:11:20.969447+00:00
Qwen2.5-7B,belief_bank_facts,hidden,27,27416,belief_bank_constraints,420,4978,25686,2489,2489,10018,15668,2.8326,3585,0.44313511907709063,0.8933918945897384,0.5205559448726933,0.5924209829554857,0.6610928832059404,4476.559,10,2026-09-18T18:11:20.969447+00:00
Qwen2.5-7B,belief_bank_facts,hidden,27,27416,belief_bank_constraints,511,4978,25686,2489,2489,10018,15668,2.8427,3585,0.6087707182320442,0.1759832301856658,0.6345090710893093,0.27303701409323217,0.6768696293060034,4480.747,10,2026-09-18T18:11:20.969447+00:00
Qwen2.5-7B,belief_bank_facts,hidden,27,27416,belief_bank_constraints,mean,0,0,0,0,0,0,2.5074899999999998,3585.0,0.46919120968044536,0.7016869634657616,0.5549248617924161,0.5333025718438198,0.6454957448815773,4517.426,10,2026-09-18T18:11:20.969447+00:00
Qwen2.5-7B,belief_bank_facts,hidden,27,27416,belief_bank_constraints,std,0,0,0,0,0,0,0.4916316536798663,0.0,0.04981129350658439,0.21351348427248323,0.03759889309911594,0.0945951042700928,0.036205956262542874,4517.426,10,2026-09-18T18:11:20.969447+00:00
Qwen2.5-7B,belief_bank_facts,hidden,27,27416,halu_eval,2,4978,10000,2489,2489,2812,7188,2.6703,3585,0.2807037078276361,0.8965149359886202,0.3249,0.4275417620622403,0.5063733583552801,4484.138,10,2026-09-18T18:11:20.969447+00:00
Qwen2.5-7B,belief_bank_facts,hidden,27,27416,halu_eval,4,4978,10000,2489,2489,2812,7188,2.7813,3585,0.28464081755335136,0.6735419630156472,0.4322,0.4001690259877456,0.5043877707115779,4487.633,10,2026-09-18T18:11:20.969447+00:00
Qwen2.5-7B,belief_bank_facts,hidden,27,27416,halu_eval,24,4978,10000,2489,2489,2812,7188,2.9635,3585,0.28053204353083433,0.8250355618776671,0.3558,0.4186969861035914,0.5002857862915195,4491.309,10,2026-09-18T18:11:20.969447+00:00
Qwen2.5-7B,belief_bank_facts,hidden,27,27416,halu_eval,42,4978,10000,2489,2489,2812,7188,2.9434,3585,0.2793506983767459,0.5263157894736842,0.485,0.3649815043156597,0.4987615185258186,4494.975,10,2026-09-18T18:11:20.969447+00:00
Qwen2.5-7B,belief_bank_facts,hidden,27,27416,halu_eval,64,4978,10000,2489,2489,2812,7188,2.9241,3585,0.28091334894613584,0.8531294452347084,0.3446,0.4226568005637773,0.5012687347966541,4498.617,10,2026-09-18T18:11:20.969447+00:00
Qwen2.5-7B,belief_bank_facts,hidden,27,27416,halu_eval,67,4978,10000,2489,2489,2812,7188,3.0643,3585,0.2828494094488189,0.8175675675675675,0.3658,0.4202925045703839,0.49963931014311036,4502.402,10,2026-09-18T18:11:20.969447+00:00
Qwen2.5-7B,belief_bank_facts,hidden,27,27416,halu_eval,104,4978,10000,2489,2489,2812,7188,2.9534,3585,0.28304498269896194,0.5817923186344239,0.468,0.3808193668528864,0.505333910595421,4506.069,10,2026-09-18T18:11:20.969447+00:00
Qwen2.5-7B,belief_bank_facts,hidden,27,27416,halu_eval,123,4978,10000,2489,2489,2812,7188,2.7316,3585,0.28239553477145873,0.6657183499288762,0.4303,0.3965681601525262,0.4992603891344116,4509.521,10,2026-09-18T18:11:20.969447+00:00
Qwen2.5-7B,belief_bank_facts,hidden,27,27416,halu_eval,420,4978,10000,2489,2489,2812,7188,2.8824,3585,0.278149726110773,0.6500711237553343,0.4272,0.3895993179880648,0.5016101545487144,4513.122,10,2026-09-18T18:11:20.969447+00:00
Qwen2.5-7B,belief_bank_facts,hidden,27,27416,halu_eval,511,4978,10000,2489,2489,2812,7188,2.9839,3585,0.2822909809084924,0.7624466571834992,0.3881,0.41203036417795713,0.4998037120900885,4516.825,10,2026-09-18T18:11:20.969447+00:00
Qwen2.5-7B,belief_bank_facts,hidden,27,27416,halu_eval,mean,0,0,0,0,0,0,2.8898200000000003,3585.0,0.28148712501732087,0.7252133712660028,0.40219000000000005,0.40333557927748326,0.5016724645192596,4517.426,10,2026-09-18T18:11:20.969447+00:00
Qwen2.5-7B,belief_bank_facts,hidden,27,27416,halu_eval,std,0,0,0,0,0,0,0.11741620671781215,0.0,0.0018236666632452682,0.11729135888267075,0.05144887656693778,0.019444492999875943,0.002586211539502428,4517.426,10,2026-09-18T18:11:20.969447+00:00
