model,train_dataset,layer_type,layer,num_samples,eval_dataset,split_seed,train_size,test_size,train_hall,train_not_hall,test_hall,test_not_hall,fit_time_s,model_params,precision,recall,accuracy,f1,auroc,total_runtime_s,num_splits,created_at_utc
gemma-2-9b-it,belief_bank_facts,hidden,0,27416,belief_bank_facts,2,1258,8225,629,629,270,7955,4.0697,3585,0.136977886977887,0.825925925925926,0.8234650455927052,0.23498419388830347,0.8947342691528737,47.513,10,2026-09-18T18:12:31.394580+00:00
gemma-2-9b-it,belief_bank_facts,hidden,0,27416,belief_bank_facts,4,1258,8225,629,629,270,7955,3.455,3585,0.1296928327645051,0.8444444444444444,0.8088753799392098,0.22485207100591717,0.8872644737761017,51.509,10,2026-09-18T18:12:31.394580+00:00
gemma-2-9b-it,belief_bank_facts,hidden,0,27416,belief_bank_facts,24,1258,8225,629,629,270,7955,3.7162,3585,0.13836858006042296,0.8481481481481481,0.8216413373860182,0.23792207792207792,0.8886221104825757,55.767,10,2026-09-18T18:12:31.394580+00:00
gemma-2-9b-it,belief_bank_facts,hidden,0,27416,belief_bank_facts,42,1258,8225,629,629,270,7955,3.6961,3585,0.1464035646085296,0.8518518518518519,0.8320972644376899,0.2498642042368278,0.9015094163931372,60.003,10,2026-09-18T18:12:31.394580+00:00
gemma-2-9b-it,belief_bank_facts,hidden,0,27416,belief_bank_facts,64,1258,8225,629,629,270,7955,3.5251,3585,0.14146341463414633,0.8592592592592593,0.8241945288753799,0.24293193717277486,0.8898964080359428,64.069,10,2026-09-18T18:12:31.394580+00:00
gemma-2-9b-it,belief_bank_facts,hidden,0,27416,belief_bank_facts,67,1258,8225,629,629,270,7955,3.5754,3585,0.13601868067717454,0.8629629629629629,0.8155623100303951,0.23499747856782652,0.8900090788462881,68.186,10,2026-09-18T18:12:31.394580+00:00
gemma-2-9b-it,belief_bank_facts,hidden,0,27416,belief_bank_facts,104,1258,8225,629,629,270,7955,3.6962,3585,0.1499659168370825,0.8148148148148148,0.8423100303951367,0.2533103051237766,0.8961449821914939,72.423,10,2026-09-18T18:12:31.394580+00:00
gemma-2-9b-it,belief_bank_facts,hidden,0,27416,belief_bank_facts,123,1258,8225,629,629,270,7955,3.6359,3585,0.1469038208168643,0.825925925925926,0.836838905775076,0.2494407158836689,0.8955630048653305,76.601,10,2026-09-18T18:12:31.394580+00:00
gemma-2-9b-it,belief_bank_facts,hidden,0,27416,belief_bank_facts,420,1258,8225,629,629,270,7955,2.2149,3585,0.14521242866201647,0.8481481481481481,0.8311246200607902,0.24796968056307525,0.9062499709011337,79.356,10,2026-09-18T18:12:31.394580+00:00
gemma-2-9b-it,belief_bank_facts,hidden,0,27416,belief_bank_facts,511,1258,8225,629,629,270,7955,2.2145,3585,0.13567534827377348,0.8296296296296296,0.8209118541033434,0.2332118688183238,0.9022678492445935,82.102,10,2026-09-18T18:12:31.394580+00:00
gemma-2-9b-it,belief_bank_facts,hidden,0,27416,belief_bank_facts,mean,0,0,0,0,0,0,3.3799,3585.0,0.14066824743124023,0.8411111111111111,0.8257021276595745,0.24094845331825723,0.895226156388947,2691.634,10,2026-09-18T18:12:31.394580+00:00
gemma-2-9b-it,belief_bank_facts,hidden,0,27416,belief_bank_facts,std,0,0,0,0,0,0,0.6028939641429494,0.0,0.006044991640082476,0.015221275991136677,0.009501688941314708,0.00869913823630993,0.006118944923029664,2691.634,10,2026-09-18T18:12:31.394580+00:00
gemma-2-9b-it,belief_bank_facts,hidden,0,27416,belief_bank_constraints,2,1258,25414,629,629,11520,13894,2.2448,3585,0.6661466458658346,0.07413194444444444,0.5634689541197765,0.13341665364786753,0.5720541340786591,85.52,10,2026-09-18T18:12:31.394580+00:00
gemma-2-9b-it,belief_bank_facts,hidden,0,27416,belief_bank_constraints,4,1258,25414,629,629,11520,13894,2.0235,3585,0.6786941580756014,0.0685763888888889,0.5630754702132683,0.12456638284452853,0.6015673544635574,88.714,10,2026-09-18T18:12:31.394580+00:00
gemma-2-9b-it,belief_bank_facts,hidden,0,27416,belief_bank_constraints,24,1258,25414,629,629,11520,13894,2.205,3585,0.9166666666666666,0.021006944444444446,0.5553631856457071,0.04107264086897488,0.5680177007361291,92.086,10,2026-09-18T18:12:31.394580+00:00
gemma-2-9b-it,belief_bank_facts,hidden,0,27416,belief_bank_constraints,42,1258,25414,629,629,11520,13894,2.2452,3585,0.5753728583754468,0.40520833333333334,0.594829621468482,0.47552590026995367,0.623061813252723,95.501,10,2026-09-18T18:12:31.394580+00:00
gemma-2-9b-it,belief_bank_facts,hidden,0,27416,belief_bank_constraints,64,1258,25414,629,629,11520,13894,2.0136,3585,0.580127705964803,0.3233506944444444,0.5871960336822224,0.4152499860654367,0.6140172760174256,98.683,10,2026-09-18T18:12:31.394580+00:00
gemma-2-9b-it,belief_bank_facts,hidden,0,27416,belief_bank_constraints,67,1258,25414,629,629,11520,13894,2.1123,3585,0.5726953467954345,0.5662326388888889,0.611867474620288,0.5694456569183762,0.6460533523663292,101.965,10,2026-09-18T18:12:31.394580+00:00
gemma-2-9b-it,belief_bank_facts,hidden,0,27416,belief_bank_constraints,104,1258,25414,629,629,11520,13894,2.1828,3585,0.7371879106438897,0.04869791666666667,0.5609113087274731,0.09136063838449637,0.5937002433104617,105.34,10,2026-09-18T18:12:31.394580+00:00
gemma-2-9b-it,belief_bank_facts,hidden,0,27416,belief_bank_constraints,123,1258,25414,629,629,11520,13894,2.2856,3585,0.7874186550976139,0.031510416666666666,0.5571338632249941,0.06059594357733077,0.5928336996985109,108.809,10,2026-09-18T18:12:31.394580+00:00
gemma-2-9b-it,belief_bank_facts,hidden,0,27416,belief_bank_constraints,420,1258,25414,629,629,11520,13894,2.1556,3585,0.5012946979038224,0.7058159722222223,0.5483591721098607,0.5862292718096611,0.5980669613582201,112.141,10,2026-09-18T18:12:31.394580+00:00
gemma-2-9b-it,belief_bank_facts,hidden,0,27416,belief_bank_constraints,511,1258,25414,629,629,11520,13894,2.236,3585,0.8884297520661157,0.018663194444444444,0.5541040371448808,0.03655840843393981,0.5834446236285047,115.553,10,2026-09-18T18:12:31.394580+00:00
gemma-2-9b-it,belief_bank_facts,hidden,0,27416,belief_bank_constraints,mean,0,0,0,0,0,0,2.17044,3585.0,0.6904034397455229,0.22631944444444446,0.5696309120956953,0.25340214828205654,0.5992817158910521,2691.634,10,2026-09-18T18:12:31.394580+00:00
gemma-2-9b-it,belief_bank_facts,hidden,0,27416,belief_bank_constraints,std,0,0,0,0,0,0,0.08933991493168113,0.0,0.13332133729443812,0.24283583136333817,0.01984370355518099,0.21742193114075614,0.022403657310538724,2691.634,10,2026-09-18T18:12:31.394580+00:00
gemma-2-9b-it,belief_bank_facts,hidden,0,27416,halu_eval,2,1258,10000,629,629,2473,7527,2.2475,3585,0.23952569169960475,0.2450465022240194,0.6209,0.242254647211673,0.4960193176514943,118.362,10,2026-09-18T18:12:31.394580+00:00
gemma-2-9b-it,belief_bank_facts,hidden,0,27416,halu_eval,4,1258,10000,629,629,2473,7527,2.0157,3585,0.24619085805934243,0.7448443186413263,0.3729,0.3700652938221999,0.5010457836355773,120.935,10,2026-09-18T18:12:31.394580+00:00
gemma-2-9b-it,belief_bank_facts,hidden,0,27416,halu_eval,24,1258,10000,629,629,2473,7527,2.1865,3585,0.22555317630264096,0.12778002426202992,0.6758,0.16313887454827053,0.49700291781504635,123.679,10,2026-09-18T18:12:31.394580+00:00
gemma-2-9b-it,belief_bank_facts,hidden,0,27416,halu_eval,42,1258,10000,629,629,2473,7527,2.165,3585,0.24629113218070273,0.8928427011726647,0.2978,0.38608148277670923,0.4985805245878284,126.399,10,2026-09-18T18:12:31.394580+00:00
gemma-2-9b-it,belief_bank_facts,hidden,0,27416,halu_eval,64,1258,10000,629,629,2473,7527,2.0339,3585,0.23896663078579117,0.35907804286291956,0.5587,0.286960736791081,0.4988326161148078,128.994,10,2026-09-18T18:12:31.394580+00:00
gemma-2-9b-it,belief_bank_facts,hidden,0,27416,halu_eval,67,1258,10000,629,629,2473,7527,2.1771,3585,0.2484228473998295,0.5891629599676507,0.4576,0.349484288798273,0.503522324349957,131.726,10,2026-09-18T18:12:31.394580+00:00
gemma-2-9b-it,belief_bank_facts,hidden,0,27416,halu_eval,104,1258,10000,629,629,2473,7527,2.277,3585,0.22657952069716775,0.12616255560048525,0.6774,0.16207792207792207,0.4960851810957303,134.56,10,2026-09-18T18:12:31.394580+00:00
gemma-2-9b-it,belief_bank_facts,hidden,0,27416,halu_eval,123,1258,10000,629,629,2473,7527,2.2363,3585,0.21739130434782608,0.052567731500202185,0.7189,0.0846629762292413,0.4994938292238251,137.349,10,2026-09-18T18:12:31.394580+00:00
gemma-2-9b-it,belief_bank_facts,hidden,0,27416,halu_eval,420,1258,10000,629,629,2473,7527,2.1456,3585,0.2383025027203482,0.17711281843914276,0.6565,0.20320111343075853,0.49922774305800105,140.046,10,2026-09-18T18:12:31.394580+00:00
gemma-2-9b-it,belief_bank_facts,hidden,0,27416,halu_eval,511,1258,10000,629,629,2473,7527,2.2352,3585,0.2157622739018088,0.06752931661949049,0.7087,0.10286418232214352,0.493477235826211,142.837,10,2026-09-18T18:12:31.394580+00:00
gemma-2-9b-it,belief_bank_facts,hidden,0,27416,halu_eval,mean,0,0,0,0,0,0,2.17198,3585.0,0.23429859380950627,0.33821269712899316,0.5745200000000001,0.2350791518008272,0.4983287473358479,2691.634,10,2026-09-18T18:12:31.394580+00:00
gemma-2-9b-it,belief_bank_facts,hidden,0,27416,halu_eval,std,0,0,0,0,0,0,0.08326913954160932,0.0,0.011469105819251216,0.28550270332571215,0.1413183484194462,0.10415435701651968,0.0026925908691785034,2691.634,10,2026-09-18T18:12:31.394580+00:00
gemma-2-9b-it,belief_bank_facts,hidden,1,27416,belief_bank_facts,2,1258,8225,629,629,270,7955,1.9217,3585,0.17169540229885058,0.8851851851851852,0.856048632218845,0.28760529482551145,0.9209930861093651,145.992,10,2026-09-18T18:12:31.394580+00:00
gemma-2-9b-it,belief_bank_facts,hidden,1,27416,belief_bank_facts,4,1258,8225,629,629,270,7955,1.8208,3585,0.14736164736164736,0.8481481481481481,0.8339209726443769,0.25109649122807015,0.914705868659357,148.336,10,2026-09-18T18:12:31.394580+00:00
gemma-2-9b-it,belief_bank_facts,hidden,1,27416,belief_bank_facts,24,1258,8225,629,629,270,7955,1.9414,3585,0.1673758865248227,0.8740740740740741,0.8531306990881459,0.28095238095238095,0.9238061317131084,150.798,10,2026-09-18T18:12:31.394580+00:00
gemma-2-9b-it,belief_bank_facts,hidden,1,27416,belief_bank_facts,42,1258,8225,629,629,270,7955,1.9634,3585,0.16596045197740114,0.8703703703703703,0.8521580547112462,0.27876631079478054,0.9229708778545989,153.281,10,2026-09-18T18:12:31.394580+00:00
gemma-2-9b-it,belief_bank_facts,hidden,1,27416,belief_bank_facts,64,1258,8225,629,629,270,7955,1.933,3585,0.15225806451612903,0.8740740740740741,0.8361094224924012,0.25934065934065936,0.9224540819889658,155.729,10,2026-09-18T18:12:31.394580+00:00
gemma-2-9b-it,belief_bank_facts,hidden,1,27416,belief_bank_facts,67,1258,8225,629,629,270,7955,1.9431,3585,0.1434010152284264,0.837037037037037,0.8305167173252279,0.24485373781148428,0.9029080243033732,158.187,10,2026-09-18T18:12:31.394580+00:00
gemma-2-9b-it,belief_bank_facts,hidden,1,27416,belief_bank_facts,104,1258,8225,629,629,270,7955,2.003,3585,0.17005267118133935,0.837037037037037,0.8605471124620061,0.28267667292057536,0.9215955490374095,160.71,10,2026-09-18T18:12:31.394580+00:00
gemma-2-9b-it,belief_bank_facts,hidden,1,27416,belief_bank_facts,123,1258,8225,629,629,270,7955,1.9935,3585,0.16024759284731774,0.8629629629629629,0.8470516717325228,0.2703016241299304,0.9111208883301907,163.218,10,2026-09-18T18:12:31.394580+00:00
gemma-2-9b-it,belief_bank_facts,hidden,1,27416,belief_bank_facts,420,1258,8225,629,629,270,7955,1.964,3585,0.16677966101694916,0.9111111111111111,0.8476595744680852,0.2819484240687679,0.9320683474171845,165.698,10,2026-09-18T18:12:31.394580+00:00
gemma-2-9b-it,belief_bank_facts,hidden,1,27416,belief_bank_facts,511,1258,8225,629,629,270,7955,1.8912,3585,0.1563517915309446,0.8888888888888888,0.8389057750759878,0.2659279778393352,0.9306003678096701,168.107,10,2026-09-18T18:12:31.394580+00:00
gemma-2-9b-it,belief_bank_facts,hidden,1,27416,belief_bank_facts,mean,0,0,0,0,0,0,1.93751,3585.0,0.16014841844838282,0.868888888888889,0.8456048632218846,0.27034695739114956,0.9203223223223225,2691.634,10,2026-09-18T18:12:31.394580+00:00
gemma-2-9b-it,belief_bank_facts,hidden,1,27416,belief_bank_facts,std,0,0,0,0,0,0,0.04987820064918143,0.0,0.009391886875953258,0.022357612255980108,0.009682186544522079,0.013888770175750438,0.008299658084541306,2691.634,10,2026-09-18T18:12:31.394580+00:00
gemma-2-9b-it,belief_bank_facts,hidden,1,27416,belief_bank_constraints,2,1258,25414,629,629,11520,13894,1.9031,3585,0.6024195765740995,0.19019097222222223,0.5760210907373888,0.28910734314178266,0.5982484445723973,171.164,10,2026-09-18T18:12:31.394580+00:00
gemma-2-9b-it,belief_bank_facts,hidden,1,27416,belief_bank_constraints,4,1258,25414,629,629,11520,13894,1.8326,3585,0.4528430507658994,0.9802951388888889,0.45415912489179194,0.6195073783531735,0.5589052697357373,174.138,10,2026-09-18T18:12:31.394580+00:00
gemma-2-9b-it,belief_bank_facts,hidden,1,27416,belief_bank_constraints,24,1258,25414,629,629,11520,13894,1.9432,3585,0.5074691180695202,0.30668402777777776,0.5507987723302117,0.38231793095985284,0.5510501010628089,177.227,10,2026-09-18T18:12:31.394580+00:00
gemma-2-9b-it,belief_bank_facts,hidden,1,27416,belief_bank_constraints,42,1258,25414,629,629,11520,13894,1.9133,3585,0.6561351947097722,0.07751736111111111,0.5634296057291257,0.13865383122428382,0.6255112993418421,180.287,10,2026-09-18T18:12:31.394580+00:00
gemma-2-9b-it,belief_bank_facts,hidden,1,27416,belief_bank_constraints,64,1258,25414,629,629,11520,13894,2.0036,3585,0.4978789769182782,0.6927951388888889,0.5440308491382703,0.5793829401088929,0.5887949796974714,183.441,10,2026-09-18T18:12:31.394580+00:00
gemma-2-9b-it,belief_bank_facts,hidden,1,27416,belief_bank_constraints,67,1258,25414,629,629,11520,13894,1.8626,3585,0.4870836355520839,0.7578125,0.5284882348311954,0.5930102231430221,0.5850185006917454,186.459,10,2026-09-18T18:12:31.394580+00:00
gemma-2-9b-it,belief_bank_facts,hidden,1,27416,belief_bank_constraints,104,1258,25414,629,629,11520,13894,1.9837,3585,0.45267588695129285,0.9802083333333333,0.4538049893759345,0.6193336075689017,0.5459956642205668,189.595,10,2026-09-18T18:12:31.394580+00:00
gemma-2-9b-it,belief_bank_facts,hidden,1,27416,belief_bank_constraints,123,1258,25414,629,629,11520,13894,1.9414,3585,0.46253727919247534,0.8750868055555555,0.4824506177697332,0.605192856070839,0.5587824149462998,192.694,10,2026-09-18T18:12:31.394580+00:00
gemma-2-9b-it,belief_bank_facts,hidden,1,27416,belief_bank_constraints,420,1258,25414,629,629,11520,13894,1.9232,3585,0.4835705045278137,0.6489583333333333,0.5267175572519084,0.5541882876204596,0.5530238497233019,195.774,10,2026-09-18T18:12:31.394580+00:00
gemma-2-9b-it,belief_bank_facts,hidden,1,27416,belief_bank_constraints,511,1258,25414,629,629,11520,13894,1.8827,3585,0.4595941293712629,0.8807291666666667,0.476509010781459,0.6040004762471722,0.5606747748078706,198.811,10,2026-09-18T18:12:31.394580+00:00
gemma-2-9b-it,belief_bank_facts,hidden,1,27416,belief_bank_constraints,mean,0,0,0,0,0,0,1.9189399999999999,3585.0,0.5062207352632498,0.6390277777777778,0.5156409852837018,0.49846948744383807,0.5726005298800041,2691.634,10,2026-09-18T18:12:31.394580+00:00
gemma-2-9b-it,belief_bank_facts,hidden,1,27416,belief_bank_constraints,std,0,0,0,0,0,0,0.04969624130656161,0.0,0.06517474959267328,0.3148509423097863,0.04300689186302406,0.1603638032104661,0.02439270712074415,2691.634,10,2026-09-18T18:12:31.394580+00:00
gemma-2-9b-it,belief_bank_facts,hidden,1,27416,halu_eval,2,1258,10000,629,629,2473,7527,1.9135,3585,0.24870763928776565,0.8754549130610595,0.3152,0.3873680443728753,0.5053832621218419,201.269,10,2026-09-18T18:12:31.394580+00:00
gemma-2-9b-it,belief_bank_facts,hidden,1,27416,halu_eval,4,1258,10000,629,629,2473,7527,1.8227,3585,0.24497347970889355,0.8030731904569349,0.3392,0.37542533081285445,0.4931241196606625,203.636,10,2026-09-18T18:12:31.394580+00:00
gemma-2-9b-it,belief_bank_facts,hidden,1,27416,halu_eval,24,1258,10000,629,629,2473,7527,2.0139,3585,0.24181818181818182,0.1613424989890821,0.6675,0.1935483870967742,0.49402592774114007,206.196,10,2026-09-18T18:12:31.394580+00:00
gemma-2-9b-it,belief_bank_facts,hidden,1,27416,halu_eval,42,1258,10000,629,629,2473,7527,1.9038,3585,0.24806554392353208,0.881520420541852,0.3099,0.38717698250599414,0.5054083503995404,208.647,10,2026-09-18T18:12:31.394580+00:00
gemma-2-9b-it,belief_bank_facts,hidden,1,27416,halu_eval,64,1258,10000,629,629,2473,7527,1.9621,3585,0.24378017081321945,0.530934088152042,0.4767,0.3341392034610001,0.4931795072715982,211.153,10,2026-09-18T18:12:31.394580+00:00
gemma-2-9b-it,belief_bank_facts,hidden,1,27416,halu_eval,67,1258,10000,629,629,2473,7527,1.8517,3585,0.2429090909090909,0.405175899716943,0.5406,0.30372840254622613,0.4976917172850873,213.554,10,2026-09-18T18:12:31.394580+00:00
gemma-2-9b-it,belief_bank_facts,hidden,1,27416,halu_eval,104,1258,10000,629,629,2473,7527,1.9842,3585,0.2347616173808087,0.15729882733522038,0.6648,0.18837772397094432,0.49919169544700404,216.085,10,2026-09-18T18:12:31.394580+00:00
gemma-2-9b-it,belief_bank_facts,hidden,1,27416,halu_eval,123,1258,10000,629,629,2473,7527,1.9337,3585,0.24661547787431803,0.9870602507076426,0.2511,0.39463260851992565,0.4968239422322797,218.56,10,2026-09-18T18:12:31.394580+00:00
gemma-2-9b-it,belief_bank_facts,hidden,1,27416,halu_eval,420,1258,10000,629,629,2473,7527,1.9538,3585,0.2422571064913025,0.23089365143550344,0.6312,0.23643892339544514,0.49781237739581635,221.06,10,2026-09-18T18:12:31.394580+00:00
gemma-2-9b-it,belief_bank_facts,hidden,1,27416,halu_eval,511,1258,10000,629,629,2473,7527,1.9034,3585,0.24922930993597345,0.42498989082086536,0.5412,0.3142002989536622,0.4993412312520861,223.509,10,2026-09-18T18:12:31.394580+00:00
gemma-2-9b-it,belief_bank_facts,hidden,1,27416,halu_eval,mean,0,0,0,0,0,0,1.9242800000000002,3585.0,0.2443117618143086,0.5457743631217145,0.47374,0.3115035905635702,0.4981982130807057,2691.634,10,2026-09-18T18:12:31.394580+00:00
gemma-2-9b-it,belief_bank_facts,hidden,1,27416,halu_eval,std,0,0,0,0,0,0,0.05529071893184245,0.0,0.0040894591295934915,0.30245307310244296,0.15083714529253064,0.07600428288259105,0.004201670288733188,2691.634,10,2026-09-18T18:12:31.394580+00:00
gemma-2-9b-it,belief_bank_facts,hidden,2,27416,belief_bank_facts,2,1258,8225,629,629,270,7955,2.0743,3585,0.1686746987951807,0.8814814814814815,0.8534954407294832,0.28316478286734087,0.9233047000488861,226.915,10,2026-09-18T18:12:31.394580+00:00
gemma-2-9b-it,belief_bank_facts,hidden,2,27416,belief_bank_facts,4,1258,8225,629,629,270,7955,1.9428,3585,0.14722753346080306,0.8555555555555555,0.8325835866261398,0.25122349102773245,0.9136327024699118,229.374,10,2026-09-18T18:12:31.394580+00:00
gemma-2-9b-it,belief_bank_facts,hidden,2,27416,belief_bank_facts,24,1258,8225,629,629,270,7955,1.9029,3585,0.17452135493372606,0.8777777777777778,0.8596960486322188,0.29115479115479115,0.9241441441441443,231.794,10,2026-09-18T18:12:31.394580+00:00
gemma-2-9b-it,belief_bank_facts,hidden,2,27416,belief_bank_facts,42,1258,8225,629,629,270,7955,1.932,3585,0.1634078212290503,0.8666666666666667,0.8499696048632219,0.27497062279670975,0.9233968852573504,234.245,10,2026-09-18T18:12:31.394580+00:00
gemma-2-9b-it,belief_bank_facts,hidden,2,27416,belief_bank_facts,64,1258,8225,629,629,270,7955,1.9331,3585,0.15344262295081967,0.8666666666666667,0.8386626139817629,0.2607242339832869,0.9195581628139767,236.698,10,2026-09-18T18:12:31.394580+00:00
gemma-2-9b-it,belief_bank_facts,hidden,2,27416,belief_bank_facts,67,1258,8225,629,629,270,7955,1.9533,3585,0.14267185473411154,0.8148148148148148,0.8331914893617022,0.24282560706401765,0.9069627767302186,239.168,10,2026-09-18T18:12:31.394580+00:00
gemma-2-9b-it,belief_bank_facts,hidden,2,27416,belief_bank_facts,104,1258,8225,629,629,270,7955,1.943,3585,0.1696969696969697,0.8296296296296296,0.8611550151975684,0.28176100628930817,0.920107549409875,241.628,10,2026-09-18T18:12:31.394580+00:00
gemma-2-9b-it,belief_bank_facts,hidden,2,27416,belief_bank_facts,123,1258,8225,629,629,270,7955,1.8523,3585,0.1592797783933518,0.8518518518518519,0.8475379939209726,0.26837806301050177,0.9142779989291618,243.997,10,2026-09-18T18:12:31.394580+00:00
gemma-2-9b-it,belief_bank_facts,hidden,2,27416,belief_bank_facts,420,1258,8225,629,629,270,7955,2.034,3585,0.17337031900138697,0.9259259259259259,0.8526443768996961,0.29205607476635514,0.9389761854878134,246.546,10,2026-09-18T18:12:31.394580+00:00
gemma-2-9b-it,belief_bank_facts,hidden,2,27416,belief_bank_facts,511,1258,8225,629,629,270,7955,1.9125,3585,0.15606936416184972,0.9,0.8369604863221884,0.2660098522167488,0.928034546174081,248.977,10,2026-09-18T18:12:31.394580+00:00
gemma-2-9b-it,belief_bank_facts,hidden,2,27416,belief_bank_facts,mean,0,0,0,0,0,0,1.94802,3585.0,0.16083623173572498,0.867037037037037,0.8465896656534954,0.27122685251767925,0.9212395651465419,2691.634,10,2026-09-18T18:12:31.394580+00:00
gemma-2-9b-it,belief_bank_facts,hidden,2,27416,belief_bank_facts,std,0,0,0,0,0,0,0.060298072937698385,0.0,0.010420679157533724,0.030606579172043083,0.010059025180566115,0.015655288354165738,0.008320924735690544,2691.634,10,2026-09-18T18:12:31.394580+00:00
gemma-2-9b-it,belief_bank_facts,hidden,2,27416,belief_bank_constraints,2,1258,25414,629,629,11520,13894,2.004,3585,0.5397166708828738,0.37039930555555556,0.5714173290312426,0.4393081437249048,0.5766509487008782,252.126,10,2026-09-18T18:12:31.394580+00:00
gemma-2-9b-it,belief_bank_facts,hidden,2,27416,belief_bank_constraints,4,1258,25414,629,629,11520,13894,1.9312,3585,0.48732280742192,0.7341145833333333,0.5293932478161644,0.5857865207453072,0.5849467208567247,255.204,10,2026-09-18T18:12:31.394580+00:00
gemma-2-9b-it,belief_bank_facts,hidden,2,27416,belief_bank_constraints,24,1258,25414,629,629,11520,13894,1.0122,3585,0.4880470480409379,0.5546875,0.5343904934288187,0.5192378011619876,0.5593343961922013,257.365,10,2026-09-18T18:12:31.394580+00:00
gemma-2-9b-it,belief_bank_facts,hidden,2,27416,belief_bank_constraints,42,1258,25414,629,629,11520,13894,1.0121,3585,0.5256396531420618,0.4262152777777778,0.56555441882427,0.47073486410047455,0.5797929736856837,259.527,10,2026-09-18T18:12:31.394580+00:00
gemma-2-9b-it,belief_bank_facts,hidden,2,27416,belief_bank_constraints,64,1258,25414,629,629,11520,13894,1.0223,3585,0.48223870401093005,0.8578993055555556,0.5180609113087274,0.6174173798962954,0.5945025793008172,261.703,10,2026-09-18T18:12:31.394580+00:00
gemma-2-9b-it,belief_bank_facts,hidden,2,27416,belief_bank_constraints,67,1258,25414,629,629,11520,13894,1.0625,3585,0.4927651364693866,0.7538194444444445,0.5366727000865664,0.5959578629516522,0.5904439603725828,263.918,10,2026-09-18T18:12:31.394580+00:00
gemma-2-9b-it,belief_bank_facts,hidden,2,27416,belief_bank_constraints,104,1258,25414,629,629,11520,13894,1.0725,3585,0.7038007863695938,0.046614583333333334,0.5589438891949319,0.08743792233167792,0.6046996642735474,266.152,10,2026-09-18T18:12:31.394580+00:00
gemma-2-9b-it,belief_bank_facts,hidden,2,27416,belief_bank_constraints,123,1258,25414,629,629,11520,13894,0.9218,3585,0.4741927409261577,0.8222222222222222,0.5061383489415283,0.6014923003651373,0.5736469572947155,268.233,10,2026-09-18T18:12:31.394580+00:00
gemma-2-9b-it,belief_bank_facts,hidden,2,27416,belief_bank_constraints,420,1258,25414,629,629,11520,13894,1.0727,3585,0.48489062416430445,0.7869791666666667,0.5244746989848115,0.6000595691167224,0.5796281843281672,270.466,10,2026-09-18T18:12:31.394580+00:00
gemma-2-9b-it,belief_bank_facts,hidden,2,27416,belief_bank_constraints,511,1258,25414,629,629,11520,13894,0.9807,3585,0.5545822102425876,0.21432291666666667,0.5658298575588259,0.3091660405709992,0.5599663636281849,272.618,10,2026-09-18T18:12:31.394580+00:00
gemma-2-9b-it,belief_bank_facts,hidden,2,27416,belief_bank_constraints,mean,0,0,0,0,0,0,1.2092,3585.0,0.5233196381670753,0.5567274305555555,0.5410875895175887,0.4826598404965159,0.5803612748633503,2691.634,10,2026-09-18T18:12:31.394580+00:00
gemma-2-9b-it,belief_bank_facts,hidden,2,27416,belief_bank_constraints,std,0,0,0,0,0,0,0.3819988350767578,0.0,0.06548009448177777,0.2671574498535898,0.021629404827345038,0.16099533638802946,0.013538137064821622,2691.634,10,2026-09-18T18:12:31.394580+00:00
gemma-2-9b-it,belief_bank_facts,hidden,2,27416,halu_eval,2,1258,10000,629,629,2473,7527,1.9947,3585,0.24738430583501006,0.9943388596845936,0.2505,0.3961975348425038,0.5020105004380778,275.166,10,2026-09-18T18:12:31.394580+00:00
gemma-2-9b-it,belief_bank_facts,hidden,2,27416,halu_eval,4,1258,10000,629,629,2473,7527,1.9338,3585,0.24068417837507636,0.3186413263243025,0.5829,0.27423003306072735,0.49590343881852805,277.651,10,2026-09-18T18:12:31.394580+00:00
gemma-2-9b-it,belief_bank_facts,hidden,2,27416,halu_eval,24,1258,10000,629,629,2473,7527,1.8943,3585,0.24150122382376937,0.35907804286291956,0.5626,0.288780487804878,0.4931275578828738,280.094,10,2026-09-18T18:12:31.394580+00:00
gemma-2-9b-it,belief_bank_facts,hidden,2,27416,halu_eval,42,1258,10000,629,629,2473,7527,1.9241,3585,0.2462564862861379,0.6716538617064295,0.4104,0.360381861575179,0.49212442969160597,282.566,10,2026-09-18T18:12:31.394580+00:00
gemma-2-9b-it,belief_bank_facts,hidden,2,27416,halu_eval,64,1258,10000,629,629,2473,7527,1.9544,3585,0.24060588406641423,0.33400727860897694,0.5746,0.27971554351506944,0.4922411412190142,285.066,10,2026-09-18T18:12:31.394580+00:00
gemma-2-9b-it,belief_bank_facts,hidden,2,27416,halu_eval,67,1258,10000,629,629,2473,7527,1.9142,3585,0.2412014563106796,0.32147189648200564,0.5821,0.2756110244409776,0.501230131440549,287.528,10,2026-09-18T18:12:31.394580+00:00
gemma-2-9b-it,belief_bank_facts,hidden,2,27416,halu_eval,104,1258,10000,629,629,2473,7527,1.9243,3585,0.24132637396377035,0.31783259199353014,0.5842,0.2743455497382199,0.4984226618383282,290.0,10,2026-09-18T18:12:31.394580+00:00
gemma-2-9b-it,belief_bank_facts,hidden,2,27416,halu_eval,123,1258,10000,629,629,2473,7527,1.8221,3585,0.24678787878787878,0.8232915487262434,0.3349,0.37974447449407817,0.5039309624319964,292.37,10,2026-09-18T18:12:31.394580+00:00
gemma-2-9b-it,belief_bank_facts,hidden,2,27416,halu_eval,420,1258,10000,629,629,2473,7527,1.9744,3585,0.24257932446264074,0.1916700363930449,0.6521,0.21414050146826294,0.49229561555217505,294.894,10,2026-09-18T18:12:31.394580+00:00
gemma-2-9b-it,belief_bank_facts,hidden,2,27416,halu_eval,511,1258,10000,629,629,2473,7527,1.8939,3585,0.24372636644895154,0.286696320258795,0.6036,0.26347082868821997,0.4951914313485604,297.336,10,2026-09-18T18:12:31.394580+00:00
gemma-2-9b-it,belief_bank_facts,hidden,2,27416,halu_eval,mean,0,0,0,0,0,0,1.92302,3585.0,0.24320534783603293,0.46186817630408417,0.51379,0.3006617839628116,0.4966477870661709,2691.634,10,2026-09-18T18:12:31.394580+00:00
gemma-2-9b-it,belief_bank_facts,hidden,2,27416,halu_eval,std,0,0,0,0,0,0,0.04562575588414943,0.0,0.0025265529783980423,0.2548999110900446,0.1263679267061069,0.055150132516610835,0.004240744330672211,2691.634,10,2026-09-18T18:12:31.394580+00:00
gemma-2-9b-it,belief_bank_facts,hidden,3,27416,belief_bank_facts,2,1258,8225,629,629,270,7955,2.195,3585,0.1717314487632509,0.9,0.8542249240121581,0.2884272997032641,0.9352259235980166,300.707,10,2026-09-18T18:12:31.394580+00:00
gemma-2-9b-it,belief_bank_facts,hidden,3,27416,belief_bank_facts,4,1258,8225,629,629,270,7955,2.1745,3585,0.1546118115461181,0.8629629629629629,0.8406079027355623,0.2622397298818233,0.9238000791489164,303.398,10,2026-09-18T18:12:31.394580+00:00
gemma-2-9b-it,belief_bank_facts,hidden,3,27416,belief_bank_facts,24,1258,8225,629,629,270,7955,2.2252,3585,0.1800878477306003,0.9111111111111111,0.8609118541033435,0.30073349633251834,0.9386586586586587,306.138,10,2026-09-18T18:12:31.394580+00:00
gemma-2-9b-it,belief_bank_facts,hidden,3,27416,belief_bank_facts,42,1258,8225,629,629,270,7955,2.1445,3585,0.17132867132867133,0.9074074074074074,0.8528875379939209,0.28823529411764703,0.9307912563726517,308.796,10,2026-09-18T18:12:31.394580+00:00
gemma-2-9b-it,belief_bank_facts,hidden,3,27416,belief_bank_facts,64,1258,8225,629,629,270,7955,2.0335,3585,0.15904572564612326,0.8888888888888888,0.8420668693009119,0.26981450252951095,0.9313150359661988,311.342,10,2026-09-18T18:12:31.394580+00:00
gemma-2-9b-it,belief_bank_facts,hidden,3,27416,belief_bank_facts,67,1258,8225,629,629,270,7955,2.0922,3585,0.15227422544495714,0.8555555555555555,0.8389057750759878,0.25853385562395076,0.9143315408431688,313.952,10,2026-09-18T18:12:31.394580+00:00
gemma-2-9b-it,belief_bank_facts,hidden,3,27416,belief_bank_facts,104,1258,8225,629,629,270,7955,2.1247,3585,0.18189167340339532,0.8333333333333334,0.8714893617021277,0.298606502986065,0.9231873734199316,316.596,10,2026-09-18T18:12:31.394580+00:00
gemma-2-9b-it,belief_bank_facts,hidden,3,27416,belief_bank_facts,123,1258,8225,629,629,270,7955,1.9735,3585,0.16678805535324107,0.8481481481481481,0.8559270516717326,0.2787583688374924,0.9167260283539352,319.083,10,2026-09-18T18:12:31.394580+00:00
gemma-2-9b-it,belief_bank_facts,hidden,3,27416,belief_bank_facts,420,1258,8225,629,629,270,7955,1.9432,3585,0.18617021276595744,0.9074074074074074,0.8667477203647417,0.308953341740227,0.9450445794631841,321.54,10,2026-09-18T18:12:31.394580+00:00
gemma-2-9b-it,belief_bank_facts,hidden,3,27416,belief_bank_facts,511,1258,8225,629,629,270,7955,2.054,3585,0.1664364640883978,0.8925925925925926,0.849726443768997,0.28055878928987193,0.9371590194846008,324.11,10,2026-09-18T18:12:31.394580+00:00
gemma-2-9b-it,belief_bank_facts,hidden,3,27416,belief_bank_facts,mean,0,0,0,0,0,0,2.09603,3585.0,0.16903661360707128,0.8807407407407408,0.8533495440729484,0.2834861181042371,0.9296239495309262,2691.634,10,2026-09-18T18:12:31.394580+00:00
gemma-2-9b-it,belief_bank_facts,hidden,3,27416,belief_bank_facts,std,0,0,0,0,0,0,0.08937035358551512,0.0,0.010927696137151858,0.026800077800186003,0.010415245663308542,0.015854040108984124,0.009420003610403519,2691.634,10,2026-09-18T18:12:31.394580+00:00
gemma-2-9b-it,belief_bank_facts,hidden,3,27416,belief_bank_constraints,2,1258,25414,629,629,11520,13894,2.2548,3585,0.6179043743641912,0.26362847222222224,0.5923113244668293,0.3695771219957408,0.6354089101460663,327.517,10,2026-09-18T18:12:31.394580+00:00
gemma-2-9b-it,belief_bank_facts,hidden,3,27416,belief_bank_constraints,4,1258,25414,629,629,11520,13894,2.1848,3585,0.4570666666666667,0.9671006944444445,0.4643503580703549,0.6207549798022008,0.6040782054703868,330.849,10,2026-09-18T18:12:31.394580+00:00
gemma-2-9b-it,belief_bank_facts,hidden,3,27416,belief_bank_constraints,24,1258,25414,629,629,11520,13894,2.1854,3585,0.6796174536760311,0.09869791666666666,0.5703549224836704,0.17236413249450466,0.6114746585756442,334.172,10,2026-09-18T18:12:31.394580+00:00
gemma-2-9b-it,belief_bank_facts,hidden,3,27416,belief_bank_constraints,42,1258,25414,629,629,11520,13894,2.1627,3585,0.48787505137690096,0.8243055555555555,0.5281340993153381,0.6129615285308546,0.6092403401798139,337.484,10,2026-09-18T18:12:31.394580+00:00
gemma-2-9b-it,belief_bank_facts,hidden,3,27416,belief_bank_constraints,64,1258,25414,629,629,11520,13894,2.024,3585,0.8073654390934845,0.024739583333333332,0.5552451404737546,0.048008085572306916,0.6344661789461478,340.653,10,2026-09-18T18:12:31.394580+00:00
gemma-2-9b-it,belief_bank_facts,hidden,3,27416,belief_bank_constraints,67,1258,25414,629,629,11520,13894,2.1339,3585,0.646969696969697,0.22239583333333332,0.5925080664200835,0.3310077519379845,0.6324103729827424,343.923,10,2026-09-18T18:12:31.394580+00:00
gemma-2-9b-it,belief_bank_facts,hidden,3,27416,belief_bank_constraints,104,1258,25414,629,629,11520,13894,2.0943,3585,0.9110169491525424,0.018663194444444444,0.5543401274887857,0.0365770670296019,0.6418852799669723,347.16,10,2026-09-18T18:12:31.394580+00:00
gemma-2-9b-it,belief_bank_facts,hidden,3,27416,belief_bank_constraints,123,1258,25414,629,629,11520,13894,1.9734,3585,0.46472601327670804,0.9783854166666667,0.4793814432989691,0.6301400497581975,0.6467978377707004,350.273,10,2026-09-18T18:12:31.394580+00:00
gemma-2-9b-it,belief_bank_facts,hidden,3,27416,belief_bank_constraints,420,1258,25414,629,629,11520,13894,2.0139,3585,0.6434842883548983,0.2417534722222222,0.5955772408908475,0.3514639071176174,0.6349470457371686,353.431,10,2026-09-18T18:12:31.394580+00:00
gemma-2-9b-it,belief_bank_facts,hidden,3,27416,belief_bank_constraints,511,1258,25414,629,629,11520,13894,2.044,3585,0.5160545922067646,0.6794270833333333,0.5658692059494767,0.586577734477461,0.6095907049955616,356.615,10,2026-09-18T18:12:31.394580+00:00
gemma-2-9b-it,belief_bank_facts,hidden,3,27416,belief_bank_constraints,mean,0,0,0,0,0,0,2.10712,3585.0,0.6232080525137885,0.4319097222222223,0.5498071928858109,0.375943235871647,0.6260299534771203,2691.634,10,2026-09-18T18:12:31.394580+00:00
gemma-2-9b-it,belief_bank_facts,hidden,3,27416,belief_bank_constraints,std,0,0,0,0,0,0,0.08683666046089059,0.0,0.14263596921858196,0.36827554435140347,0.04380360616234371,0.2217899110782774,0.01485910921780673,2691.634,10,2026-09-18T18:12:31.394580+00:00
gemma-2-9b-it,belief_bank_facts,hidden,3,27416,halu_eval,2,1258,10000,629,629,2473,7527,2.185,3585,0.2494371904547501,0.22401940962393854,0.6414,0.23604601619088197,0.5001613278328225,359.334,10,2026-09-18T18:12:31.394580+00:00
gemma-2-9b-it,belief_bank_facts,hidden,3,27416,halu_eval,4,1258,10000,629,629,2473,7527,2.1726,3585,0.24142661179698216,0.2846744844318641,0.6019,0.2612729634440527,0.4976206159242014,362.04,10,2026-09-18T18:12:31.394580+00:00
gemma-2-9b-it,belief_bank_facts,hidden,3,27416,halu_eval,24,1258,10000,629,629,2473,7527,2.1653,3585,0.24254534276052875,0.31904569348968864,0.5852,0.27558505064617533,0.494414527434354,364.739,10,2026-09-18T18:12:31.394580+00:00
gemma-2-9b-it,belief_bank_facts,hidden,3,27416,halu_eval,42,1258,10000,629,629,2473,7527,2.1247,3585,0.2473230220107079,0.6724625960372018,0.4129,0.36163966510818746,0.49966453158439555,367.395,10,2026-09-18T18:12:31.394580+00:00
gemma-2-9b-it,belief_bank_facts,hidden,3,27416,halu_eval,64,1258,10000,629,629,2473,7527,2.0338,3585,0.24168514412416853,0.3085321471896482,0.5896,0.27104795737122556,0.49267680157874566,369.96,10,2026-09-18T18:12:31.394580+00:00
gemma-2-9b-it,belief_bank_facts,hidden,3,27416,halu_eval,67,1258,10000,629,629,2473,7527,2.0841,3585,0.24585718589936728,0.32996360695511523,0.584,0.281767955801105,0.5009056223582433,372.577,10,2026-09-18T18:12:31.394580+00:00
gemma-2-9b-it,belief_bank_facts,hidden,3,27416,halu_eval,104,1258,10000,629,629,2473,7527,2.175,3585,0.2507134121483897,0.49737161342498987,0.5081,0.33337850657270635,0.509471711247784,375.285,10,2026-09-18T18:12:31.394580+00:00
gemma-2-9b-it,belief_bank_facts,hidden,3,27416,halu_eval,123,1258,10000,629,629,2473,7527,1.943,3585,0.24714651758676917,0.8580671249494541,0.3185,0.3837598336196763,0.5029700867683725,377.761,10,2026-09-18T18:12:31.394580+00:00
gemma-2-9b-it,belief_bank_facts,hidden,3,27416,halu_eval,420,1258,10000,629,629,2473,7527,1.9431,3585,0.24811827956989246,0.3732308936514355,0.5653,0.29807847569836915,0.49777428834038145,380.24,10,2026-09-18T18:12:31.394580+00:00
gemma-2-9b-it,belief_bank_facts,hidden,3,27416,halu_eval,511,1258,10000,629,629,2473,7527,2.0419,3585,0.2438568376068376,0.3691872219975738,0.5609,0.2937107929869712,0.5001967844993769,382.816,10,2026-09-18T18:12:31.394580+00:00
gemma-2-9b-it,belief_bank_facts,hidden,3,27416,halu_eval,mean,0,0,0,0,0,0,2.0868499999999996,3585.0,0.2458109543958394,0.423655479175091,0.53678,0.29962872174393507,0.4995856297568677,2691.634,10,2026-09-18T18:12:31.394580+00:00
gemma-2-9b-it,belief_bank_facts,hidden,3,27416,halu_eval,std,0,0,0,0,0,0,0.08862459308792336,0.0,0.0031194103046864033,0.18807099473706054,0.0936804440638493,0.043963352936498196,0.004396102182412884,2691.634,10,2026-09-18T18:12:31.394580+00:00
gemma-2-9b-it,belief_bank_facts,hidden,4,27416,belief_bank_facts,2,1258,8225,629,629,270,7955,1.9134,3585,0.1758646063281825,0.8851851851851852,0.8600607902735562,0.29343155310006136,0.934570849919687,385.975,10,2026-09-18T18:12:31.394580+00:00
gemma-2-9b-it,belief_bank_facts,hidden,4,27416,belief_bank_facts,4,1258,8225,629,629,270,7955,1.8223,3585,0.15405405405405406,0.8444444444444444,0.8426747720364741,0.26057142857142856,0.9177223735363271,388.314,10,2026-09-18T18:12:31.394580+00:00
gemma-2-9b-it,belief_bank_facts,hidden,4,27416,belief_bank_facts,24,1258,8225,629,629,270,7955,1.8019,3585,0.1845102505694761,0.9,0.8661398176291794,0.30623818525519847,0.9363307493540051,390.632,10,2026-09-18T18:12:31.394580+00:00
gemma-2-9b-it,belief_bank_facts,hidden,4,27416,belief_bank_facts,42,1258,8225,629,629,270,7955,1.8221,3585,0.17883755588673622,0.8888888888888888,0.862370820668693,0.2977667493796526,0.9330591056172454,392.966,10,2026-09-18T18:12:31.394580+00:00
gemma-2-9b-it,belief_bank_facts,hidden,4,27416,belief_bank_facts,64,1258,8225,629,629,270,7955,1.8322,3585,0.1620712844653665,0.8925925925925926,0.8449848024316109,0.2743312464428002,0.9299881276625462,395.312,10,2026-09-18T18:12:31.394580+00:00
gemma-2-9b-it,belief_bank_facts,hidden,4,27416,belief_bank_facts,67,1258,8225,629,629,270,7955,1.8625,3585,0.15648085963734049,0.8629629629629629,0.8427963525835866,0.2649232518476407,0.9114938194007962,397.692,10,2026-09-18T18:12:31.394580+00:00
gemma-2-9b-it,belief_bank_facts,hidden,4,27416,belief_bank_facts,104,1258,8225,629,629,270,7955,1.9233,3585,0.17132075471698113,0.8407407407407408,0.8612765957446809,0.2846394984326019,0.9202528109504854,400.131,10,2026-09-18T18:12:31.394580+00:00
gemma-2-9b-it,belief_bank_facts,hidden,4,27416,belief_bank_facts,123,1258,8225,629,629,270,7955,1.8008,3585,0.1678370786516854,0.8851851851851852,0.8521580547112462,0.282172373081464,0.9257192075796727,402.45,10,2026-09-18T18:12:31.394580+00:00
gemma-2-9b-it,belief_bank_facts,hidden,4,27416,belief_bank_facts,420,1258,8225,629,629,270,7955,1.8324,3585,0.17785977859778598,0.8925925925925926,0.8610334346504559,0.2966153846153846,0.9362306492539051,404.802,10,2026-09-18T18:12:31.394580+00:00
gemma-2-9b-it,belief_bank_facts,hidden,4,27416,belief_bank_facts,511,1258,8225,629,629,270,7955,1.8021,3585,0.16655243317340646,0.9,0.8488753799392097,0.28108733371891265,0.9343473706264404,407.121,10,2026-09-18T18:12:31.394580+00:00
gemma-2-9b-it,belief_bank_facts,hidden,4,27416,belief_bank_facts,mean,0,0,0,0,0,0,1.8413,3585.0,0.1695388656081015,0.8792592592592593,0.8542370820668692,0.2841777004445145,0.9279715063901112,2691.634,10,2026-09-18T18:12:31.394580+00:00
gemma-2-9b-it,belief_bank_facts,hidden,4,27416,belief_bank_facts,std,0,0,0,0,0,0,0.04241787359121152,0.0,0.009491608190647845,0.020833127571000344,0.008489674571472428,0.013965616700260561,0.008327387302157587,2691.634,10,2026-09-18T18:12:31.394580+00:00
gemma-2-9b-it,belief_bank_facts,hidden,4,27416,belief_bank_constraints,2,1258,25414,629,629,11520,13894,1.913,3585,0.5107694487742667,0.62578125,0.5586684504603762,0.5624561129749551,0.5921155296101035,410.178,10,2026-09-18T18:12:31.394580+00:00
gemma-2-9b-it,belief_bank_facts,hidden,4,27416,belief_bank_constraints,4,1258,25414,629,629,11520,13894,1.8121,3585,0.5558544303797468,0.30494791666666665,0.5744865035020068,0.39383408071748877,0.5871632739151992,413.134,10,2026-09-18T18:12:31.394580+00:00
gemma-2-9b-it,belief_bank_facts,hidden,4,27416,belief_bank_constraints,24,1258,25414,629,629,11520,13894,1.8527,3585,0.5863141524105754,0.19635416666666666,0.5729125678759739,0.2941865001950839,0.5810883532360092,416.125,10,2026-09-18T18:12:31.394580+00:00
gemma-2-9b-it,belief_bank_facts,hidden,4,27416,belief_bank_constraints,42,1258,25414,629,629,11520,13894,1.8727,3585,0.5391390311854048,0.5207465277777777,0.5809789879593925,0.529783194242063,0.6054437810635687,419.14,10,2026-09-18T18:12:31.394580+00:00
gemma-2-9b-it,belief_bank_facts,hidden,4,27416,belief_bank_constraints,64,1258,25414,629,629,11520,13894,1.7921,3585,0.6328052190121156,0.05894097222222222,0.5579208310380106,0.10783768760422457,0.5689624405718696,422.086,10,2026-09-18T18:12:31.394580+00:00
gemma-2-9b-it,belief_bank_facts,hidden,4,27416,belief_bank_constraints,67,1258,25414,629,629,11520,13894,1.8511,3585,0.5669734151329243,0.28880208333333335,0.5776343747540725,0.3826777087646653,0.5979618250483822,425.084,10,2026-09-18T18:12:31.394580+00:00
gemma-2-9b-it,belief_bank_facts,hidden,4,27416,belief_bank_constraints,104,1258,25414,629,629,11520,13894,1.9232,3585,0.7195704057279236,0.05234375,0.5611867474620288,0.0975886065706425,0.6254162718119731,428.156,10,2026-09-18T18:12:31.394580+00:00
gemma-2-9b-it,belief_bank_facts,hidden,4,27416,belief_bank_constraints,123,1258,25414,629,629,11520,13894,1.7922,3585,0.5509720246562352,0.5043402777777778,0.5890060596521602,0.5266258780874689,0.6196221165611056,431.089,10,2026-09-18T18:12:31.394580+00:00
gemma-2-9b-it,belief_bank_facts,hidden,4,27416,belief_bank_constraints,420,1258,25414,629,629,11520,13894,1.8323,3585,0.46906985096067516,0.90703125,0.4924844573856929,0.6183572020357438,0.5873076801487053,434.065,10,2026-09-18T18:12:31.394580+00:00
gemma-2-9b-it,belief_bank_facts,hidden,4,27416,belief_bank_constraints,511,1258,25414,629,629,11520,13894,1.7919,3585,0.45736560012993344,0.9777777777777777,0.46407491933579914,0.6232156689166759,0.5778685350041185,436.998,10,2026-09-18T18:12:31.394580+00:00
gemma-2-9b-it,belief_bank_facts,hidden,4,27416,belief_bank_constraints,mean,0,0,0,0,0,0,1.8433300000000004,3585.0,0.5588833578369802,0.4437065972222222,0.5529353899425514,0.41365626401090116,0.5942949806971035,2691.634,10,2026-09-18T18:12:31.394580+00:00
gemma-2-9b-it,belief_bank_facts,hidden,4,27416,belief_bank_constraints,std,0,0,0,0,0,0,0.04607027349604081,0.0,0.0729736513128106,0.3079458722235869,0.03903513875697727,0.18527168994506632,0.017141045483436864,2691.634,10,2026-09-18T18:12:31.394580+00:00
gemma-2-9b-it,belief_bank_facts,hidden,4,27416,halu_eval,2,1258,10000,629,629,2473,7527,1.9533,3585,0.25208681135225375,0.24423776789324708,0.6339,0.2481002259190799,0.5015976720227184,439.484,10,2026-09-18T18:12:31.394580+00:00
gemma-2-9b-it,belief_bank_facts,hidden,4,27416,halu_eval,4,1258,10000,629,629,2473,7527,1.8223,3585,0.250989010989011,0.9235746057420138,0.2995,0.3947118292577551,0.5079873931135954,441.834,10,2026-09-18T18:12:31.394580+00:00
gemma-2-9b-it,belief_bank_facts,hidden,4,27416,halu_eval,24,1258,10000,629,629,2473,7527,1.7921,3585,0.22758620689655173,0.06672058228871816,0.7132,0.10318949343339587,0.49522772070955673,444.16,10,2026-09-18T18:12:31.394580+00:00
gemma-2-9b-it,belief_bank_facts,hidden,4,27416,halu_eval,42,1258,10000,629,629,2473,7527,1.8511,3585,0.24727175938248602,0.3756570966437525,0.5628,0.2982343499197432,0.5017989691887477,446.547,10,2026-09-18T18:12:31.394580+00:00
gemma-2-9b-it,belief_bank_facts,hidden,4,27416,halu_eval,64,1258,10000,629,629,2473,7527,0.9016,3585,0.2475867466736238,0.38374443995147595,0.5592,0.3009831906121154,0.5047320682072374,447.984,10,2026-09-18T18:12:31.394580+00:00
gemma-2-9b-it,belief_bank_facts,hidden,4,27416,halu_eval,67,1258,10000,629,629,2473,7527,0.9818,3585,0.25066844919786097,0.45491306105944196,0.5289,0.3232294210601925,0.5059825872310552,449.504,10,2026-09-18T18:12:31.394580+00:00
gemma-2-9b-it,belief_bank_facts,hidden,4,27416,halu_eval,104,1258,10000,629,629,2473,7527,1.0122,3585,0.24769411370115713,0.5972503032753741,0.4518,0.35016595542911333,0.5065618470903319,451.054,10,2026-09-18T18:12:31.394580+00:00
gemma-2-9b-it,belief_bank_facts,hidden,4,27416,halu_eval,123,1258,10000,629,629,2473,7527,0.8915,3585,0.2427211646136618,0.35058633238980996,0.5689,0.286848635235732,0.4982772357832332,452.485,10,2026-09-18T18:12:31.394580+00:00
gemma-2-9b-it,belief_bank_facts,hidden,4,27416,halu_eval,420,1258,10000,629,629,2473,7527,0.9719,3585,0.2511415525114155,0.3336029114435908,0.5892,0.28655783258075723,0.5047117612073017,453.997,10,2026-09-18T18:12:31.394580+00:00
gemma-2-9b-it,belief_bank_facts,hidden,4,27416,halu_eval,511,1258,10000,629,629,2473,7527,0.8713,3585,0.2475754603901057,0.9187221997573797,0.2894,0.3900429184549356,0.5093607748592464,455.409,10,2026-09-18T18:12:31.394580+00:00
gemma-2-9b-it,belief_bank_facts,hidden,4,27416,halu_eval,mean,0,0,0,0,0,0,1.30491,3585.0,0.24653212757081278,0.46490093004448035,0.5196799999999999,0.298206385190282,0.5036238029413024,2691.634,10,2026-09-18T18:12:31.394580+00:00
gemma-2-9b-it,belief_bank_facts,hidden,4,27416,halu_eval,std,0,0,0,0,0,0,0.4523647763696904,0.0,0.0068311320969850885,0.2619253815158832,0.1293730327386662,0.07866880754149816,0.004184218442626525,2691.634,10,2026-09-18T18:12:31.394580+00:00
gemma-2-9b-it,belief_bank_facts,hidden,5,27416,belief_bank_facts,2,1258,8225,629,629,270,7955,1.0834,3585,0.18078668683812404,0.8851851851851852,0.8645592705167173,0.30025125628140703,0.943251158134879,457.77,10,2026-09-18T18:12:31.394580+00:00
gemma-2-9b-it,belief_bank_facts,hidden,5,27416,belief_bank_facts,4,1258,8225,629,629,270,7955,1.0013,3585,0.1673758865248227,0.8740740740740741,0.8531306990881459,0.28095238095238095,0.9272137253532602,459.302,10,2026-09-18T18:12:31.394580+00:00
gemma-2-9b-it,belief_bank_facts,hidden,5,27416,belief_bank_facts,24,1258,8225,629,629,270,7955,1.7932,3585,0.18784099766173032,0.8925925925925926,0.8697872340425532,0.31036703155183515,0.9470172498079474,461.627,10,2026-09-18T18:12:31.394580+00:00
gemma-2-9b-it,belief_bank_facts,hidden,5,27416,belief_bank_facts,42,1258,8225,629,629,270,7955,2.0146,3585,0.1952755905511811,0.9185185185185185,0.8730699088145897,0.3220779220779221,0.9411760597807108,464.17,10,2026-09-18T18:12:31.394580+00:00
gemma-2-9b-it,belief_bank_facts,hidden,5,27416,belief_bank_facts,64,1258,8225,629,629,270,7955,1.9136,3585,0.17142857142857143,0.9111111111111111,0.8525227963525835,0.28856304985337244,0.9353451125544149,466.613,10,2026-09-18T18:12:31.394580+00:00
gemma-2-9b-it,belief_bank_facts,hidden,5,27416,belief_bank_facts,67,1258,8225,629,629,270,7955,1.8731,3585,0.1630960608154803,0.8740740740740741,0.8486322188449849,0.2748980780430984,0.9171292222455014,469.015,10,2026-09-18T18:12:31.394580+00:00
gemma-2-9b-it,belief_bank_facts,hidden,5,27416,belief_bank_facts,104,1258,8225,629,629,270,7955,2.0042,3585,0.18695993715632364,0.8814814814814815,0.870273556231003,0.3084899546338302,0.9337621342272505,471.547,10,2026-09-18T18:12:31.394580+00:00
gemma-2-9b-it,belief_bank_facts,hidden,5,27416,belief_bank_facts,123,1258,8225,629,629,270,7955,1.843,3585,0.17638376383763837,0.8851851851851852,0.8605471124620061,0.29415384615384615,0.9304858346718812,473.916,10,2026-09-18T18:12:31.394580+00:00
gemma-2-9b-it,belief_bank_facts,hidden,5,27416,belief_bank_facts,420,1258,8225,629,629,270,7955,1.7726,3585,0.18549618320610686,0.9,0.8669908814589665,0.30759493670886073,0.9473119631259166,476.217,10,2026-09-18T18:12:31.394580+00:00
gemma-2-9b-it,belief_bank_facts,hidden,5,27416,belief_bank_facts,511,1258,8225,629,629,270,7955,1.982,3585,0.1724137931034483,0.9074074074074074,0.8539817629179332,0.28976936723832053,0.9362660334753358,478.729,10,2026-09-18T18:12:31.394580+00:00
gemma-2-9b-it,belief_bank_facts,hidden,5,27416,belief_bank_facts,mean,0,0,0,0,0,0,1.7281,3585.0,0.17870574711234272,0.8929629629629631,0.8613495440729484,0.29771178234948736,0.9358958493377099,2691.634,10,2026-09-18T18:12:31.394580+00:00
gemma-2-9b-it,belief_bank_facts,hidden,5,27416,belief_bank_facts,std,0,0,0,0,0,0,0.35235075138276634,0.0,0.009729080761743633,0.014856423051949305,0.00832133361210518,0.01391021774379072,0.008932084346475078,2691.634,10,2026-09-18T18:12:31.394580+00:00
gemma-2-9b-it,belief_bank_facts,hidden,5,27416,belief_bank_constraints,2,1258,25414,629,629,11520,13894,1.9734,3585,0.465601605955418,0.96640625,0.48197843708192334,0.6284327284016822,0.6187806168579962,481.868,10,2026-09-18T18:12:31.394580+00:00
gemma-2-9b-it,belief_bank_facts,hidden,5,27416,belief_bank_constraints,4,1258,25414,629,629,11520,13894,1.9332,3585,0.5745341614906833,0.4817708333333333,0.6033682222397104,0.5240793201133145,0.6418201039517457,484.957,10,2026-09-18T18:12:31.394580+00:00
gemma-2-9b-it,belief_bank_facts,hidden,5,27416,belief_bank_constraints,24,1258,25414,629,629,11520,13894,1.812,3585,0.6312419974391805,0.17118055555555556,0.5789722200362005,0.26932532095055994,0.6118878940050062,487.931,10,2026-09-18T18:12:31.394580+00:00
gemma-2-9b-it,belief_bank_facts,hidden,5,27416,belief_bank_constraints,42,1258,25414,629,629,11520,13894,2.044,3585,0.5129428940423382,0.79296875,0.5648461477925553,0.6229329332742337,0.6258987942437183,491.132,10,2026-09-18T18:12:31.394580+00:00
gemma-2-9b-it,belief_bank_facts,hidden,5,27416,belief_bank_constraints,64,1258,25414,629,629,11520,13894,1.973,3585,0.5803814713896458,0.27734375,0.5815298654285039,0.37533039647577093,0.6115826125985637,494.259,10,2026-09-18T18:12:31.394580+00:00
gemma-2-9b-it,belief_bank_facts,hidden,5,27416,belief_bank_constraints,67,1258,25414,629,629,11520,13894,1.8724,3585,0.5611209871379275,0.4657986111111111,0.5927048083733375,0.5090357159796993,0.6188161006749516,497.287,10,2026-09-18T18:12:31.394580+00:00
gemma-2-9b-it,belief_bank_facts,hidden,5,27416,belief_bank_constraints,104,1258,25414,629,629,11520,13894,1.9228,3585,0.6386904761904761,0.18628472222222223,0.5833792397890927,0.2884408602150538,0.6367249196045854,500.37,10,2026-09-18T18:12:31.394580+00:00
gemma-2-9b-it,belief_bank_facts,hidden,5,27416,belief_bank_constraints,123,1258,25414,629,629,11520,13894,1.851,3585,0.5608640807316304,0.6175347222222223,0.607460454867396,0.5878367212031069,0.6455398850722934,503.382,10,2026-09-18T18:12:31.394580+00:00
gemma-2-9b-it,belief_bank_facts,hidden,5,27416,belief_bank_constraints,420,1258,25414,629,629,11520,13894,1.762,3585,0.4810054541142993,0.8803819444444444,0.5151884787912174,0.6221131728262537,0.6134432716260416,506.301,10,2026-09-18T18:12:31.394580+00:00
gemma-2-9b-it,belief_bank_facts,hidden,5,27416,belief_bank_constraints,511,1258,25414,629,629,11520,13894,2.0138,3585,0.4633745532229572,0.9790798611111111,0.47654835917210986,0.6290399040740637,0.6152669692553141,509.471,10,2026-09-18T18:12:31.394580+00:00
gemma-2-9b-it,belief_bank_facts,hidden,5,27416,belief_bank_constraints,mean,0,0,0,0,0,0,1.91576,3585.0,0.5469757681714557,0.5818749999999999,0.5585976233572048,0.5056567073513738,0.6239761167890217,2691.634,10,2026-09-18T18:12:31.394580+00:00
gemma-2-9b-it,belief_bank_facts,hidden,5,27416,belief_bank_constraints,std,0,0,0,0,0,0,0.08572751250327981,0.0,0.06074701624997543,0.2969797999720439,0.046514946710507606,0.13591826473463722,0.01220559618486478,2691.634,10,2026-09-18T18:12:31.394580+00:00
gemma-2-9b-it,belief_bank_facts,hidden,5,27416,halu_eval,2,1258,10000,629,629,2473,7527,1.9746,3585,0.25286303252404946,0.6696320258794985,0.429,0.36710263799600973,0.507369399532219,511.991,10,2026-09-18T18:12:31.394580+00:00
gemma-2-9b-it,belief_bank_facts,hidden,5,27416,halu_eval,4,1258,10000,629,629,2473,7527,1.9039,3585,0.24726642849409983,0.9235746057420138,0.2858,0.39009393680614857,0.5061821115637566,514.437,10,2026-09-18T18:12:31.394580+00:00
gemma-2-9b-it,belief_bank_facts,hidden,5,27416,halu_eval,24,1258,10000,629,629,2473,7527,1.8436,3585,0.23210831721470018,0.09704811969268096,0.6973,0.13686911890504705,0.49575360754122466,516.821,10,2026-09-18T18:12:31.394580+00:00
gemma-2-9b-it,belief_bank_facts,hidden,5,27416,halu_eval,42,1258,10000,629,629,2473,7527,2.0553,3585,0.24853041695146957,0.7351395066720582,0.3848,0.3714752758479771,0.5028470628798731,519.421,10,2026-09-18T18:12:31.394580+00:00
gemma-2-9b-it,belief_bank_facts,hidden,5,27416,halu_eval,64,1258,10000,629,629,2473,7527,1.9139,3585,0.24864579204650547,0.7610190052567731,0.3722,0.3748257319259112,0.5036732837939235,521.878,10,2026-09-18T18:12:31.394580+00:00
gemma-2-9b-it,belief_bank_facts,hidden,5,27416,halu_eval,67,1258,10000,629,629,2473,7527,1.8523,3585,0.2509128847157016,0.5835018196522442,0.4662,0.35092412451361865,0.5041735988478948,524.276,10,2026-09-18T18:12:31.394580+00:00
gemma-2-9b-it,belief_bank_facts,hidden,5,27416,halu_eval,104,1258,10000,629,629,2473,7527,1.9246,3585,0.24660347551342812,0.6312171451678124,0.4319,0.35465182324207656,0.4987748647261018,526.748,10,2026-09-18T18:12:31.394580+00:00
gemma-2-9b-it,belief_bank_facts,hidden,5,27416,halu_eval,123,1258,10000,629,629,2473,7527,1.8631,3585,0.24653739612188366,0.3238980994743227,0.588,0.2799720377490388,0.49744480995253587,529.153,10,2026-09-18T18:12:31.394580+00:00
gemma-2-9b-it,belief_bank_facts,hidden,5,27416,halu_eval,420,1258,10000,629,629,2473,7527,1.773,3585,0.24242424242424243,0.29437929640113225,0.598,0.2658875091307524,0.4963160792061102,531.47,10,2026-09-18T18:12:31.394580+00:00
gemma-2-9b-it,belief_bank_facts,hidden,5,27416,halu_eval,511,1258,10000,629,629,2473,7527,2.0049,3585,0.248068669527897,0.7011726647796199,0.4005,0.36647997463806403,0.5047862202070659,534.019,10,2026-09-18T18:12:31.394580+00:00
gemma-2-9b-it,belief_bank_facts,hidden,5,27416,halu_eval,mean,0,0,0,0,0,0,1.9109200000000002,3585.0,0.24639606555339774,0.5720582288718156,0.46536999999999995,0.3258282170754644,0.5017321038250706,2691.634,10,2026-09-18T18:12:31.394580+00:00
gemma-2-9b-it,belief_bank_facts,hidden,5,27416,halu_eval,std,0,0,0,0,0,0,0.07953316037980637,0.0,0.005434825690057705,0.2408341755526991,0.1185283683343359,0.07404894304388072,0.0040507209516072226,2691.634,10,2026-09-18T18:12:31.394580+00:00
gemma-2-9b-it,belief_bank_facts,hidden,6,27416,belief_bank_facts,2,1258,8225,629,629,270,7955,1.8429,3585,0.186401833460657,0.9037037037037037,0.8673556231003039,0.30905636478784043,0.9429755336732081,537.078,10,2026-09-18T18:12:31.394580+00:00
gemma-2-9b-it,belief_bank_facts,hidden,6,27416,belief_bank_facts,4,1258,8225,629,629,270,7955,1.7616,3585,0.16199158485273493,0.8555555555555555,0.8499696048632219,0.27240566037735847,0.9261964289871267,539.355,10,2026-09-18T18:12:31.394580+00:00
gemma-2-9b-it,belief_bank_facts,hidden,6,27416,belief_bank_facts,24,1258,8225,629,629,270,7955,1.8022,3585,0.18624420401854713,0.8925925925925926,0.8684498480243161,0.30818414322250637,0.940563819633587,541.674,10,2026-09-18T18:12:31.394580+00:00
gemma-2-9b-it,belief_bank_facts,hidden,6,27416,belief_bank_facts,42,1258,8225,629,629,270,7955,1.9116,3585,0.1878930817610063,0.8851851851851852,0.8706382978723404,0.3099870298313878,0.9356891775496428,544.103,10,2026-09-18T18:12:31.394580+00:00
gemma-2-9b-it,belief_bank_facts,hidden,6,27416,belief_bank_facts,64,1258,8225,629,629,270,7955,1.7316,3585,0.17329545454545456,0.9037037037037037,0.8553191489361702,0.2908224076281287,0.9370007216518845,546.355,10,2026-09-18T18:12:31.394580+00:00
gemma-2-9b-it,belief_bank_facts,hidden,6,27416,belief_bank_facts,67,1258,8225,629,629,270,7955,1.7319,3585,0.15782404298186703,0.8703703703703703,0.8432826747720364,0.26719727117680503,0.9147710501198874,548.603,10,2026-09-18T18:12:31.394580+00:00
gemma-2-9b-it,belief_bank_facts,hidden,6,27416,belief_bank_facts,104,1258,8225,629,629,270,7955,1.822,3585,0.17450682852807284,0.8518518518518519,0.8628571428571429,0.28967254408060455,0.9288530390855972,550.94,10,2026-09-18T18:12:31.394580+00:00
gemma-2-9b-it,belief_bank_facts,hidden,6,27416,belief_bank_facts,123,1258,8225,629,629,270,7955,1.6708,3585,0.18093093093093093,0.8925925925925926,0.8638297872340426,0.30087390761548066,0.9315524827152734,553.122,10,2026-09-18T18:12:31.394580+00:00
gemma-2-9b-it,belief_bank_facts,hidden,6,27416,belief_bank_facts,420,1258,8225,629,629,270,7955,1.792,3585,0.19413629160063392,0.9074074074074074,0.8733130699088146,0.3198433420365535,0.9495099750913706,555.428,10,2026-09-18T18:12:31.394580+00:00
gemma-2-9b-it,belief_bank_facts,hidden,6,27416,belief_bank_facts,511,1258,8225,629,629,270,7955,1.7919,3585,0.181021897810219,0.9185185185185185,0.8609118541033435,0.3024390243902439,0.940759364015178,557.735,10,2026-09-18T18:12:31.394580+00:00
gemma-2-9b-it,belief_bank_facts,hidden,6,27416,belief_bank_facts,mean,0,0,0,0,0,0,1.78585,3585.0,0.17842461504901236,0.8881481481481481,0.8615927051671732,0.29704816951469093,0.9347871592522756,2691.634,10,2026-09-18T18:12:31.394580+00:00
gemma-2-9b-it,belief_bank_facts,hidden,6,27416,belief_bank_facts,std,0,0,0,0,0,0,0.06355671876363661,0.0,0.01100183400093098,0.021263259399121968,0.009034375500714443,0.016094805369482577,0.009373811914188993,2691.634,10,2026-09-18T18:12:31.394580+00:00
gemma-2-9b-it,belief_bank_facts,hidden,6,27416,belief_bank_constraints,2,1258,25414,629,629,11520,13894,1.7921,3585,0.5123620933521924,0.7861111111111111,0.5639017864169356,0.6203802020893989,0.6209986787362252,560.671,10,2026-09-18T18:12:31.394580+00:00
gemma-2-9b-it,belief_bank_facts,hidden,6,27416,belief_bank_constraints,4,1258,25414,629,629,11520,13894,1.7804,3585,0.593762907889302,0.2495659722222222,0.5824348784134729,0.3514240312920181,0.6298744874386226,563.608,10,2026-09-18T18:12:31.394580+00:00
gemma-2-9b-it,belief_bank_facts,hidden,6,27416,belief_bank_constraints,24,1258,25414,629,629,11520,13894,1.7924,3585,0.6567656765676567,0.10364583333333334,0.569135122373495,0.17903733693207377,0.5977527332441661,566.542,10,2026-09-18T18:12:31.394580+00:00
gemma-2-9b-it,belief_bank_facts,hidden,6,27416,belief_bank_constraints,42,1258,25414,629,629,11520,13894,1.9029,3585,0.5708358942839582,0.3224826388888889,0.5829857558825844,0.41213667628134015,0.6109716686759272,569.589,10,2026-09-18T18:12:31.394580+00:00
gemma-2-9b-it,belief_bank_facts,hidden,6,27416,belief_bank_constraints,64,1258,25414,629,629,11520,13894,1.7316,3585,0.6163003663003663,0.17526041666666667,0.5766900133784528,0.272911597729116,0.6117266970754762,572.469,10,2026-09-18T18:12:31.394580+00:00
gemma-2-9b-it,belief_bank_facts,hidden,6,27416,belief_bank_constraints,67,1258,25414,629,629,11520,13894,1.742,3585,0.5142640747286039,0.7072916666666667,0.5644920122766979,0.5955269697412658,0.6138827067889017,575.354,10,2026-09-18T18:12:31.394580+00:00
gemma-2-9b-it,belief_bank_facts,hidden,6,27416,belief_bank_constraints,104,1258,25414,629,629,11520,13894,1.8522,3585,0.6118375774260152,0.23151041666666666,0.585071220587078,0.3359153599093142,0.6140908958003455,578.352,10,2026-09-18T18:12:31.394580+00:00
gemma-2-9b-it,belief_bank_facts,hidden,6,27416,belief_bank_constraints,123,1258,25414,629,629,11520,13894,1.6917,3585,0.5670307845084409,0.34696180555555556,0.5838907688675533,0.4305024503204265,0.6158393711114309,581.187,10,2026-09-18T18:12:31.394580+00:00
gemma-2-9b-it,belief_bank_facts,hidden,6,27416,belief_bank_constraints,420,1258,25414,629,629,11520,13894,1.7521,3585,0.5343417529130781,0.6408854166666667,0.5840481624301566,0.5827840707266053,0.6220541653171633,584.083,10,2026-09-18T18:12:31.394580+00:00
gemma-2-9b-it,belief_bank_facts,hidden,6,27416,belief_bank_constraints,511,1258,25414,629,629,11520,13894,1.801,3585,0.4615857910496739,0.9768229166666667,0.47300700401353585,0.6269255411014234,0.6007701447117461,587.033,10,2026-09-18T18:12:31.394580+00:00
gemma-2-9b-it,belief_bank_facts,hidden,6,27416,belief_bank_constraints,mean,0,0,0,0,0,0,1.7838399999999996,3585.0,0.5639086919019288,0.45405381944444445,0.5665656724639963,0.4407544236122982,0.6137961548900005,2691.634,10,2026-09-18T18:12:31.394580+00:00
gemma-2-9b-it,belief_bank_facts,hidden,6,27416,belief_bank_constraints,std,0,0,0,0,0,0,0.05768273918599915,0.0,0.055748823107483206,0.2834108441612282,0.0321611997887863,0.1508689303087411,0.009067423320696998,2691.634,10,2026-09-18T18:12:31.394580+00:00
gemma-2-9b-it,belief_bank_facts,hidden,6,27416,halu_eval,2,1258,10000,629,629,2473,7527,1.7922,3585,0.24771851551409452,0.9878689850384149,0.2551,0.39610863396838264,0.5042485682087685,589.361,10,2026-09-18T18:12:31.394580+00:00
gemma-2-9b-it,belief_bank_facts,hidden,6,27416,halu_eval,4,1258,10000,629,629,2473,7527,1.792,3585,0.24651444736310366,0.9866558835422564,0.2509,0.39447094010185113,0.49795130306204316,591.681,10,2026-09-18T18:12:31.394580+00:00
gemma-2-9b-it,belief_bank_facts,hidden,6,27416,halu_eval,24,1258,10000,629,629,2473,7527,1.7926,3585,0.24798069862582608,0.9559239789729074,0.2722,0.3938030984507746,0.4992058781136258,594.005,10,2026-09-18T18:12:31.394580+00:00
gemma-2-9b-it,belief_bank_facts,hidden,6,27416,halu_eval,42,1258,10000,629,629,2473,7527,1.8827,3585,0.24702719470582152,0.9660331581075616,0.2634,0.39344532279314887,0.49919916283586935,596.421,10,2026-09-18T18:12:31.394580+00:00
gemma-2-9b-it,belief_bank_facts,hidden,6,27416,halu_eval,64,1258,10000,629,629,2473,7527,1.7919,3585,0.24689183588893493,0.9636069551152446,0.2641,0.3930721649484536,0.5011130438575864,598.744,10,2026-09-18T18:12:31.394580+00:00
gemma-2-9b-it,belief_bank_facts,hidden,6,27416,halu_eval,67,1258,10000,629,629,2473,7527,1.7418,3585,0.24822214696918388,0.8892033966841892,0.3066,0.3881044828803389,0.5086719485280943,601.013,10,2026-09-18T18:12:31.394580+00:00
gemma-2-9b-it,belief_bank_facts,hidden,6,27416,halu_eval,104,1258,10000,629,629,2473,7527,1.8428,3585,0.2474587039390089,0.9450060655074808,0.2757,0.39221280523621715,0.5005424332760602,603.386,10,2026-09-18T18:12:31.394580+00:00
gemma-2-9b-it,belief_bank_facts,hidden,6,27416,halu_eval,123,1258,10000,629,629,2473,7527,1.6799,3585,0.2465753424657534,0.8370400323493732,0.3272,0.3809348546190651,0.494465080045305,605.601,10,2026-09-18T18:12:31.394580+00:00
gemma-2-9b-it,belief_bank_facts,hidden,6,27416,halu_eval,420,1258,10000,629,629,2473,7527,1.7521,3585,0.24729483282674772,0.8224828143954711,0.337,0.38025799214806505,0.4995173326959729,607.888,10,2026-09-18T18:12:31.394580+00:00
gemma-2-9b-it,belief_bank_facts,hidden,6,27416,halu_eval,511,1258,10000,629,629,2473,7527,1.8024,3585,0.24645799011532124,0.9073999191265669,0.291,0.38763171532216273,0.49617806681765836,610.222,10,2026-09-18T18:12:31.394580+00:00
gemma-2-9b-it,belief_bank_facts,hidden,6,27416,halu_eval,mean,0,0,0,0,0,0,1.7870399999999997,3585.0,0.2472141708413796,0.9261221188839466,0.28432,0.39000420104684597,0.5001092817440983,2691.634,10,2026-09-18T18:12:31.394580+00:00
gemma-2-9b-it,belief_bank_facts,hidden,6,27416,halu_eval,std,0,0,0,0,0,0,0.052295452957212274,0.0,0.0005943593934667,0.05666569229831253,0.028623934041287893,0.005331588736541288,0.003815904969328222,2691.634,10,2026-09-18T18:12:31.394580+00:00
gemma-2-9b-it,belief_bank_facts,hidden,7,27416,belief_bank_facts,2,1258,8225,629,629,270,7955,1.9027,3585,0.18304576144036008,0.9037037037037037,0.8644376899696049,0.30442919525888956,0.9432427776613823,613.323,10,2026-09-18T18:12:31.394580+00:00
gemma-2-9b-it,belief_bank_facts,hidden,7,27416,belief_bank_facts,4,1258,8225,629,629,270,7955,1.7215,3585,0.16435506241331485,0.8777777777777778,0.849483282674772,0.27686915887850466,0.9280052145168424,615.562,10,2026-09-18T18:12:31.394580+00:00
gemma-2-9b-it,belief_bank_facts,hidden,7,27416,belief_bank_facts,24,1258,8225,629,629,270,7955,1.8526,3585,0.19021310181531176,0.8925925925925926,0.8717325227963526,0.313597918022121,0.9436678539004121,617.931,10,2026-09-18T18:12:31.394580+00:00
gemma-2-9b-it,belief_bank_facts,hidden,7,27416,belief_bank_facts,42,1258,8225,629,629,270,7955,1.7716,3585,0.19073783359497645,0.9,0.8713677811550152,0.31476683937823835,0.9455590474195127,620.22,10,2026-09-18T18:12:31.394580+00:00
gemma-2-9b-it,belief_bank_facts,hidden,7,27416,belief_bank_facts,64,1258,8225,629,629,270,7955,1.7618,3585,0.1807494489346069,0.9111111111111111,0.8615197568389058,0.3016554261189454,0.9415410759596806,622.499,10,2026-09-18T18:12:31.394580+00:00
gemma-2-9b-it,belief_bank_facts,hidden,7,27416,belief_bank_facts,67,1258,8225,629,629,270,7955,1.7204,3585,0.17542561065877127,0.8777777777777778,0.8605471124620061,0.2924120913016656,0.917762413576367,624.739,10,2026-09-18T18:12:31.394580+00:00
gemma-2-9b-it,belief_bank_facts,hidden,7,27416,belief_bank_facts,104,1258,8225,629,629,270,7955,0.8309,3585,0.18610223642172524,0.8629629629629629,0.8716109422492401,0.3061760840998686,0.9340559163814978,626.09,10,2026-09-18T18:12:31.394580+00:00
gemma-2-9b-it,belief_bank_facts,hidden,7,27416,belief_bank_facts,123,1258,8225,629,629,270,7955,0.7804,3585,0.1800302571860817,0.8814814814814815,0.8643161094224924,0.2989949748743719,0.938032451055707,627.385,10,2026-09-18T18:12:31.394580+00:00
gemma-2-9b-it,belief_bank_facts,hidden,7,27416,belief_bank_facts,420,1258,8225,629,629,270,7955,0.8208,3585,0.20465890183028287,0.9111111111111111,0.8808510638297873,0.3342391304347826,0.9551872803035594,628.721,10,2026-09-18T18:12:31.394580+00:00
gemma-2-9b-it,belief_bank_facts,hidden,7,27416,belief_bank_facts,511,1258,8225,629,629,270,7955,0.8004,3585,0.1814814814814815,0.9074074074074074,0.8626139817629179,0.30246913580246915,0.9480973997253067,630.041,10,2026-09-18T18:12:31.394580+00:00
gemma-2-9b-it,belief_bank_facts,hidden,7,27416,belief_bank_facts,mean,0,0,0,0,0,0,1.39631,3585.0,0.18367996957769128,0.8925925925925927,0.8658480243161094,0.3045609954169857,0.9395151430500267,2691.634,10,2026-09-18T18:12:31.394580+00:00
gemma-2-9b-it,belief_bank_facts,hidden,7,27416,belief_bank_facts,std,0,0,0,0,0,0,0.48323843690252954,0.0,0.01003597845837179,0.015887118955205348,0.008079793487154194,0.014238944056189801,0.010142512967111167,2691.634,10,2026-09-18T18:12:31.394580+00:00
gemma-2-9b-it,belief_bank_facts,hidden,7,27416,belief_bank_constraints,2,1258,25414,629,629,11520,13894,1.0627,3585,0.47231915901943045,0.9516493055555556,0.4961438577162194,0.6313092050329676,0.6153087788693761,632.255,10,2026-09-18T18:12:31.394580+00:00
gemma-2-9b-it,belief_bank_facts,hidden,7,27416,belief_bank_constraints,4,1258,25414,629,629,11520,13894,0.8309,3585,0.5898630136986301,0.3737847222222222,0.5983316282364052,0.4575982996811902,0.6364984185819618,634.239,10,2026-09-18T18:12:31.394580+00:00
gemma-2-9b-it,belief_bank_facts,hidden,7,27416,belief_bank_constraints,24,1258,25414,629,629,11520,13894,0.9113,3585,0.5707898658718331,0.23272569444444444,0.5728732194853231,0.3306406857001912,0.5892359174323849,636.303,10,2026-09-18T18:12:31.394580+00:00
gemma-2-9b-it,belief_bank_facts,hidden,7,27416,belief_bank_constraints,42,1258,25414,629,629,11520,13894,0.8801,3585,0.5458865182148513,0.50859375,0.5854647044935862,0.526580685750236,0.617185350790909,638.336,10,2026-09-18T18:12:31.394580+00:00
gemma-2-9b-it,belief_bank_facts,hidden,7,27416,belief_bank_constraints,64,1258,25414,629,629,11520,13894,1.7417,3585,0.6014946962391514,0.2165798611111111,0.5798378846305187,0.3184835333163135,0.6247383650316684,641.232,10,2026-09-18T18:12:31.394580+00:00
gemma-2-9b-it,belief_bank_facts,hidden,7,27416,belief_bank_constraints,67,1258,25414,629,629,11520,13894,1.7216,3585,0.5635460533419717,0.45303819444444443,0.5930195954985441,0.5022857417833598,0.6167621221640436,644.1,10,2026-09-18T18:12:31.394580+00:00
gemma-2-9b-it,belief_bank_facts,hidden,7,27416,belief_bank_constraints,104,1258,25414,629,629,11520,13894,1.7417,3585,0.6020260492040521,0.25277777777777777,0.5855434012748879,0.3560555114018463,0.6171214618020568,646.993,10,2026-09-18T18:12:31.394580+00:00
gemma-2-9b-it,belief_bank_facts,hidden,7,27416,belief_bank_constraints,123,1258,25414,629,629,11520,13894,1.6814,3585,0.5896273917421954,0.30494791666666665,0.5887306209176044,0.4019910744936492,0.6302269139956497,649.822,10,2026-09-18T18:12:31.394580+00:00
gemma-2-9b-it,belief_bank_facts,hidden,7,27416,belief_bank_constraints,420,1258,25414,629,629,11520,13894,1.7518,3585,0.5408967196676694,0.6555555555555556,0.5916424018257653,0.5927321246369986,0.6379121983110215,652.729,10,2026-09-18T18:12:31.394580+00:00
gemma-2-9b-it,belief_bank_facts,hidden,7,27416,belief_bank_constraints,511,1258,25414,629,629,11520,13894,1.7116,3585,0.460706501624378,0.9724826388888889,0.4715117651688046,0.62521974495633,0.5924363459246997,655.591,10,2026-09-18T18:12:31.394580+00:00
gemma-2-9b-it,belief_bank_facts,hidden,7,27416,belief_bank_constraints,mean,0,0,0,0,0,0,1.40348,3585.0,0.5537155968624163,0.49221354166666675,0.5663099079247658,0.47428966067530826,0.6177425872903772,2691.634,10,2026-09-18T18:12:31.394580+00:00
gemma-2-9b-it,belief_bank_facts,hidden,7,27416,belief_bank_constraints,std,0,0,0,0,0,0,0.3979493430073732,0.0,0.048065469320974476,0.2683196624860811,0.042137988540792266,0.1137441670001614,0.015569235237432725,2691.634,10,2026-09-18T18:12:31.394580+00:00
gemma-2-9b-it,belief_bank_facts,hidden,7,27416,halu_eval,2,1258,10000,629,629,2473,7527,1.9136,3585,0.24906584203066615,0.7816417306914678,0.3632,0.37776040648817666,0.49884580492032166,658.044,10,2026-09-18T18:12:31.394580+00:00
gemma-2-9b-it,belief_bank_facts,hidden,7,27416,halu_eval,4,1258,10000,629,629,2473,7527,1.7104,3585,0.24662881476224272,0.8431055398301658,0.3243,0.3816235014185046,0.49681875803785175,660.294,10,2026-09-18T18:12:31.394580+00:00
gemma-2-9b-it,belief_bank_facts,hidden,7,27416,halu_eval,24,1258,10000,629,629,2473,7527,1.8125,3585,0.2435064935064935,0.6672058228871816,0.4051,0.3567953292247811,0.49582312409656015,662.649,10,2026-09-18T18:12:31.394580+00:00
gemma-2-9b-it,belief_bank_facts,hidden,7,27416,halu_eval,42,1258,10000,629,629,2473,7527,1.7821,3585,0.2471650777722027,0.9959563283461383,0.2488,0.3960443801254221,0.4978917788400094,664.967,10,2026-09-18T18:12:31.394580+00:00
gemma-2-9b-it,belief_bank_facts,hidden,7,27416,halu_eval,64,1258,10000,629,629,2473,7527,1.7417,3585,0.24711180732328178,0.5103113627173473,0.4944,0.3329815303430079,0.4993432995576351,667.248,10,2026-09-18T18:12:31.394580+00:00
gemma-2-9b-it,belief_bank_facts,hidden,7,27416,halu_eval,67,1258,10000,629,629,2473,7527,1.7218,3585,0.24637007782553141,0.857662757784068,0.316,0.3827828911748782,0.4973334975084439,669.508,10,2026-09-18T18:12:31.394580+00:00
gemma-2-9b-it,belief_bank_facts,hidden,7,27416,halu_eval,104,1258,10000,629,629,2473,7527,1.782,3585,0.2473462847987182,0.9987868985038415,0.2481,0.3965005217112128,0.5019008802439806,671.825,10,2026-09-18T18:12:31.394580+00:00
gemma-2-9b-it,belief_bank_facts,hidden,7,27416,halu_eval,123,1258,10000,629,629,2473,7527,1.6812,3585,0.2473695512132274,0.9316619490497372,0.2821,0.39093917027233394,0.4925551744680198,674.04,10,2026-09-18T18:12:31.394580+00:00
gemma-2-9b-it,belief_bank_facts,hidden,7,27416,halu_eval,420,1258,10000,629,629,2473,7527,1.7221,3585,0.24636812939943087,0.6651839870602507,0.414,0.35956284153005463,0.4982080952834521,676.301,10,2026-09-18T18:12:31.394580+00:00
gemma-2-9b-it,belief_bank_facts,hidden,7,27416,halu_eval,511,1258,10000,629,629,2473,7527,1.7004,3585,0.24991298294465716,0.5806712494945411,0.4653,0.34943423774181775,0.4969014902598119,678.543,10,2026-09-18T18:12:31.394580+00:00
gemma-2-9b-it,belief_bank_facts,hidden,7,27416,halu_eval,mean,0,0,0,0,0,0,1.7567799999999998,3585.0,0.2470845061576452,0.7832187626364739,0.35613000000000006,0.37244248100301897,0.49756219032160864,2691.634,10,2026-09-18T18:12:31.394580+00:00
gemma-2-9b-it,belief_bank_facts,hidden,7,27416,halu_eval,std,0,0,0,0,0,0,0.06532245861876297,0.0,0.0016160575898407398,0.16303013483067105,0.0825396153371216,0.02048103118831552,0.002308812340372291,2691.634,10,2026-09-18T18:12:31.394580+00:00
gemma-2-9b-it,belief_bank_facts,hidden,8,27416,belief_bank_facts,2,1258,8225,629,629,270,7955,1.6815,3585,0.22603978300180833,0.9259259259259259,0.8934954407294833,0.3633720930232558,0.9654887445585121,681.426,10,2026-09-18T18:12:31.394580+00:00
gemma-2-9b-it,belief_bank_facts,hidden,8,27416,belief_bank_facts,4,1258,8225,629,629,270,7955,1.6612,3585,0.2111587982832618,0.9111111111111111,0.8853495440729483,0.34285714285714286,0.9513825453360336,683.601,10,2026-09-18T18:12:31.394580+00:00
gemma-2-9b-it,belief_bank_facts,hidden,8,27416,belief_bank_facts,24,1258,8225,629,629,270,7955,1.6209,3585,0.22670250896057348,0.937037037037037,0.8930091185410335,0.36507936507936506,0.9539832856111927,685.739,10,2026-09-18T18:12:31.394580+00:00
gemma-2-9b-it,belief_bank_facts,hidden,8,27416,belief_bank_facts,42,1258,8225,629,629,270,7955,1.5907,3585,0.2183219178082192,0.9444444444444444,0.8871732522796353,0.35465924895688455,0.9642991829038342,687.846,10,2026-09-18T18:12:31.394580+00:00
gemma-2-9b-it,belief_bank_facts,hidden,8,27416,belief_bank_facts,64,1258,8225,629,629,270,7955,1.6912,3585,0.22162162162162163,0.9111111111111111,0.8920364741641338,0.3565217391304348,0.9663142211979421,690.054,10,2026-09-18T18:12:31.394580+00:00
gemma-2-9b-it,belief_bank_facts,hidden,8,27416,belief_bank_facts,67,1258,8225,629,629,270,7955,1.7117,3585,0.20912220309810672,0.9,0.8849848024316109,0.3393854748603352,0.9451968247317086,692.282,10,2026-09-18T18:12:31.394580+00:00
gemma-2-9b-it,belief_bank_facts,hidden,8,27416,belief_bank_facts,104,1258,8225,629,629,270,7955,1.8323,3585,0.23416506717850288,0.9037037037037037,0.8998176291793313,0.3719512195121951,0.9589915496892241,694.632,10,2026-09-18T18:12:31.394580+00:00
gemma-2-9b-it,belief_bank_facts,hidden,8,27416,belief_bank_facts,123,1258,8225,629,629,270,7955,1.5995,3585,0.21665174574753804,0.8962962962962963,0.8902127659574468,0.34895457822638787,0.9525711758269898,696.75,10,2026-09-18T18:12:31.394580+00:00
gemma-2-9b-it,belief_bank_facts,hidden,8,27416,belief_bank_facts,420,1258,8225,629,629,270,7955,1.6915,3585,0.2463627546071775,0.9407407407407408,0.9035866261398177,0.39046887009992315,0.967726796564006,698.958,10,2026-09-18T18:12:31.394580+00:00
gemma-2-9b-it,belief_bank_facts,hidden,8,27416,belief_bank_facts,511,1258,8225,629,629,270,7955,1.6108,3585,0.21260504201680672,0.937037037037037,0.8840121580547112,0.34657534246575344,0.9610429033684847,701.082,10,2026-09-18T18:12:31.394580+00:00
gemma-2-9b-it,belief_bank_facts,hidden,8,27416,belief_bank_facts,mean,0,0,0,0,0,0,1.6691299999999998,3585.0,0.22227514423236167,0.9207407407407407,0.8913677811550151,0.3579825074211678,0.9586997229787928,2691.634,10,2026-09-18T18:12:31.394580+00:00
gemma-2-9b-it,belief_bank_facts,hidden,8,27416,belief_bank_facts,std,0,0,0,0,0,0,0.0680941855080153,0.0,0.010922998172745769,0.01738769569526741,0.0061511226386962384,0.014592233486034795,0.007198349009551065,2691.634,10,2026-09-18T18:12:31.394580+00:00
gemma-2-9b-it,belief_bank_facts,hidden,8,27416,belief_bank_constraints,2,1258,25414,629,629,11520,13894,1.6915,3585,0.5278199291856348,0.7246527777777778,0.5813331234752499,0.610769681006731,0.632624313002815,703.921,10,2026-09-18T18:12:31.394580+00:00
gemma-2-9b-it,belief_bank_facts,hidden,8,27416,belief_bank_constraints,4,1258,25414,629,629,11520,13894,1.641,3585,0.7098515519568152,0.04565972222222222,0.5589438891949319,0.08580050566837942,0.6413359758608832,706.708,10,2026-09-18T18:12:31.394580+00:00
gemma-2-9b-it,belief_bank_facts,hidden,8,27416,belief_bank_constraints,24,1258,25414,629,629,11520,13894,1.6509,3585,0.6044963762756989,0.35477430555555556,0.6023058156921381,0.4471309009353974,0.6536317822541304,709.499,10,2026-09-18T18:12:31.394580+00:00
gemma-2-9b-it,belief_bank_facts,hidden,8,27416,belief_bank_constraints,42,1258,25414,629,629,11520,13894,1.5904,3585,0.5975175267210665,0.4513020833333333,0.6134807586369717,0.5142178922901933,0.6509708427298754,712.232,10,2026-09-18T18:12:31.394580+00:00
gemma-2-9b-it,belief_bank_facts,hidden,8,27416,belief_bank_constraints,64,1258,25414,629,629,11520,13894,1.6511,3585,0.6496726839912715,0.2842881944444444,0.6060832611946172,0.39550751766197695,0.6519869500523807,715.031,10,2026-09-18T18:12:31.394580+00:00
gemma-2-9b-it,belief_bank_facts,hidden,8,27416,belief_bank_constraints,67,1258,25414,629,629,11520,13894,1.7208,3585,0.61528644356211,0.37664930555555554,0.6106870229007634,0.4672625457678225,0.6426288313400668,717.907,10,2026-09-18T18:12:31.394580+00:00
gemma-2-9b-it,belief_bank_facts,hidden,8,27416,belief_bank_constraints,104,1258,25414,629,629,11520,13894,1.8326,3585,0.6032778355879292,0.20130208333333333,0.5779491618792791,0.3018745118458735,0.6309011971094638,720.891,10,2026-09-18T18:12:31.394580+00:00
gemma-2-9b-it,belief_bank_facts,hidden,8,27416,belief_bank_constraints,123,1258,25414,629,629,11520,13894,1.5804,3585,0.6330482897384306,0.21848958333333332,0.5883371370110962,0.3248580278781621,0.6489870821287766,723.619,10,2026-09-18T18:12:31.394580+00:00
gemma-2-9b-it,belief_bank_facts,hidden,8,27416,belief_bank_constraints,420,1258,25414,629,629,11520,13894,1.6914,3585,0.5820185614849188,0.43550347222222224,0.602345164082789,0.49821251241310827,0.6233752479087695,726.445,10,2026-09-18T18:12:31.394580+00:00
gemma-2-9b-it,belief_bank_facts,hidden,8,27416,belief_bank_constraints,511,1258,25414,629,629,11520,13894,1.6108,3585,0.5535257581293387,0.5260416666666666,0.59282285354529,0.5394338614918995,0.6280881947943158,729.201,10,2026-09-18T18:12:31.394580+00:00
gemma-2-9b-it,belief_bank_facts,hidden,8,27416,belief_bank_constraints,mean,0,0,0,0,0,0,1.66609,3585.0,0.6076514956633214,0.3618663194444444,0.5934288187613127,0.4185067956959544,0.6404530417181478,2691.634,10,2026-09-18T18:12:31.394580+00:00
gemma-2-9b-it,belief_bank_facts,hidden,8,27416,belief_bank_constraints,std,0,0,0,0,0,0,0.07015604678144287,0.0,0.04796396996225196,0.18016667795065247,0.016185770016656748,0.14279148214386297,0.010453444744108047,2691.634,10,2026-09-18T18:12:31.394580+00:00
gemma-2-9b-it,belief_bank_facts,hidden,8,27416,halu_eval,2,1258,10000,629,629,2473,7527,1.7319,3585,0.24720149253731344,0.8572583906186818,0.3191,0.38374513530636256,0.5013898476067098,731.468,10,2026-09-18T18:12:31.394580+00:00
gemma-2-9b-it,belief_bank_facts,hidden,8,27416,halu_eval,4,1258,10000,629,629,2473,7527,1.6511,3585,0.24919923126201154,0.9437929640113223,0.2829,0.39429005828194946,0.503103559629061,733.651,10,2026-09-18T18:12:31.394580+00:00
gemma-2-9b-it,belief_bank_facts,hidden,8,27416,halu_eval,24,1258,10000,629,629,2473,7527,1.6208,3585,0.2475217479263605,0.9894864536999596,0.2535,0.39598673031798687,0.5017565823555485,735.8,10,2026-09-18T18:12:31.394580+00:00
gemma-2-9b-it,belief_bank_facts,hidden,8,27416,halu_eval,42,1258,10000,629,629,2473,7527,1.5894,3585,0.2472250252270434,0.9906995551961181,0.2517,0.395703787450537,0.5011864552740207,737.918,10,2026-09-18T18:12:31.394580+00:00
gemma-2-9b-it,belief_bank_facts,hidden,8,27416,halu_eval,64,1258,10000,629,629,2473,7527,1.6404,3585,0.24827159219894748,0.9729073999191266,0.2648,0.3955935547517264,0.5032875313784784,740.097,10,2026-09-18T18:12:31.394580+00:00
gemma-2-9b-it,belief_bank_facts,hidden,8,27416,halu_eval,67,1258,10000,629,629,2473,7527,1.7317,3585,0.24733960119847093,0.9680549939344926,0.2636,0.39400921658986177,0.5011709026907365,742.37,10,2026-09-18T18:12:31.394580+00:00
gemma-2-9b-it,belief_bank_facts,hidden,8,27416,halu_eval,104,1258,10000,629,629,2473,7527,1.8324,3585,0.2477643345607575,0.9522846744844319,0.2732,0.39322090499248624,0.5074952438373761,744.741,10,2026-09-18T18:12:31.394580+00:00
gemma-2-9b-it,belief_bank_facts,hidden,8,27416,halu_eval,123,1258,10000,629,629,2473,7527,1.6007,3585,0.24742061504557747,0.9987868985038415,0.2484,0.39659601798330124,0.4983837938106735,746.873,10,2026-09-18T18:12:31.394580+00:00
gemma-2-9b-it,belief_bank_facts,hidden,8,27416,halu_eval,420,1258,10000,629,629,2473,7527,1.7318,3585,0.24783594394064304,0.9725030327537404,0.2633,0.39500698037283405,0.5036422323495774,749.132,10,2026-09-18T18:12:31.394580+00:00
gemma-2-9b-it,belief_bank_facts,hidden,8,27416,halu_eval,511,1258,10000,629,629,2473,7527,1.6111,3585,0.24924488197784986,0.9009300444803882,0.3044,0.39046617595513494,0.5034896075167274,751.273,10,2026-09-18T18:12:31.394580+00:00
gemma-2-9b-it,belief_bank_facts,hidden,8,27416,halu_eval,mean,0,0,0,0,0,0,1.67413,3585.0,0.24790244658749755,0.9546704407602103,0.27249,0.393461856200218,0.502490575644891,2691.634,10,2026-09-18T18:12:31.394580+00:00
gemma-2-9b-it,belief_bank_facts,hidden,8,27416,halu_eval,std,0,0,0,0,0,0,0.07488858457735734,0.0,0.0007271639157125843,0.04217510765176804,0.022125571179067896,0.0036412649886583596,0.0022458905007536646,2691.634,10,2026-09-18T18:12:31.394580+00:00
gemma-2-9b-it,belief_bank_facts,hidden,9,27416,belief_bank_facts,2,1258,8225,629,629,270,7955,1.5506,3585,0.2413127413127413,0.9259259259259259,0.9020060790273556,0.38284839203675347,0.9655711525478968,754.099,10,2026-09-18T18:12:31.394580+00:00
gemma-2-9b-it,belief_bank_facts,hidden,9,27416,belief_bank_facts,4,1258,8225,629,629,270,7955,1.5695,3585,0.21297107800175286,0.9,0.8875379939209727,0.34443656980864634,0.9524133435761343,756.189,10,2026-09-18T18:12:31.394580+00:00
gemma-2-9b-it,belief_bank_facts,hidden,9,27416,belief_bank_facts,24,1258,8225,629,629,270,7955,1.6112,3585,0.2485148514851485,0.9296296296296296,0.9054103343465045,0.3921875,0.9640775659380311,758.319,10,2026-09-18T18:12:31.394580+00:00
gemma-2-9b-it,belief_bank_facts,hidden,9,27416,belief_bank_facts,42,1258,8225,629,629,270,7955,1.5506,3585,0.22300884955752212,0.9333333333333333,0.8910638297872341,0.36,0.9682775799054869,760.387,10,2026-09-18T18:12:31.394580+00:00
gemma-2-9b-it,belief_bank_facts,hidden,9,27416,belief_bank_facts,64,1258,8225,629,629,270,7955,1.5505,3585,0.23534971644612476,0.9222222222222223,0.8990881458966565,0.375,0.9673236026724399,762.451,10,2026-09-18T18:12:31.394580+00:00
gemma-2-9b-it,belief_bank_facts,hidden,9,27416,belief_bank_facts,67,1258,8225,629,629,270,7955,1.7012,3585,0.21196581196581196,0.9185185185185185,0.8852279635258359,0.34444444444444444,0.9529864748469399,764.666,10,2026-09-18T18:12:31.394580+00:00
gemma-2-9b-it,belief_bank_facts,hidden,9,27416,belief_bank_facts,104,1258,8225,629,629,270,7955,1.8525,3585,0.24177949709864605,0.9259259259259259,0.9022492401215806,0.3834355828220859,0.9659073026514887,767.034,10,2026-09-18T18:12:31.394580+00:00
gemma-2-9b-it,belief_bank_facts,hidden,9,27416,belief_bank_facts,123,1258,8225,629,629,270,7955,1.5402,3585,0.2407766990291262,0.9185185185185185,0.9022492401215806,0.38153846153846155,0.9616951835556486,769.092,10,2026-09-18T18:12:31.394580+00:00
gemma-2-9b-it,belief_bank_facts,hidden,9,27416,belief_bank_facts,420,1258,8225,629,629,270,7955,1.5503,3585,0.26393270241850686,0.9296296296296296,0.9125835866261398,0.41113841113841115,0.9719077216751635,771.159,10,2026-09-18T18:12:31.394580+00:00
gemma-2-9b-it,belief_bank_facts,hidden,9,27416,belief_bank_facts,511,1258,8225,629,629,270,7955,1.4688,3585,0.22298456260720412,0.9629629629629629,0.8886322188449848,0.362116991643454,0.9679768140233256,773.148,10,2026-09-18T18:12:31.394580+00:00
gemma-2-9b-it,belief_bank_facts,hidden,9,27416,belief_bank_facts,mean,0,0,0,0,0,0,1.59454,3585.0,0.23425965099225848,0.9266666666666667,0.8976048632218845,0.37371463534322563,0.9638136741392556,2691.634,10,2026-09-18T18:12:31.394580+00:00
gemma-2-9b-it,belief_bank_facts,hidden,9,27416,belief_bank_facts,std,0,0,0,0,0,0,0.10263810403548967,0.0,0.015612756956739951,0.014980554382338267,0.008531247300636329,0.020047738605478687,0.006118143718547751,2691.634,10,2026-09-18T18:12:31.394580+00:00
gemma-2-9b-it,belief_bank_facts,hidden,9,27416,belief_bank_constraints,2,1258,25414,629,629,11520,13894,1.5405,3585,0.6317287170974627,0.23125,0.5904226017155898,0.3385651648980111,0.6326224324448604,775.837,10,2026-09-18T18:12:31.394580+00:00
gemma-2-9b-it,belief_bank_facts,hidden,9,27416,belief_bank_constraints,4,1258,25414,629,629,11520,13894,1.5907,3585,0.7075098814229249,0.03107638888888889,0.5549697017391989,0.05953766838516548,0.6140996238384275,778.565,10,2026-09-18T18:12:31.394580+00:00
gemma-2-9b-it,belief_bank_facts,hidden,9,27416,belief_bank_constraints,24,1258,25414,629,629,11520,13894,1.6309,3585,0.7242798353909465,0.06111111111111111,0.5638624380262848,0.1127121357668908,0.6199924177902532,781.348,10,2026-09-18T18:12:31.394580+00:00
gemma-2-9b-it,belief_bank_facts,hidden,9,27416,belief_bank_constraints,42,1258,25414,629,629,11520,13894,1.5504,3585,0.6100846805234796,0.13758680555555555,0.5692138191547965,0.22453605326533504,0.6372889214269148,784.041,10,2026-09-18T18:12:31.394580+00:00
gemma-2-9b-it,belief_bank_facts,hidden,9,27416,belief_bank_constraints,64,1258,25414,629,629,11520,13894,1.5907,3585,0.6240560949298813,0.10043402777777778,0.5648067994019045,0.17302228203977868,0.6182915312165123,786.774,10,2026-09-18T18:12:31.394580+00:00
gemma-2-9b-it,belief_bank_facts,hidden,9,27416,belief_bank_constraints,67,1258,25414,629,629,11520,13894,1.6912,3585,0.7083333333333334,0.03246527777777778,0.5553631856457071,0.06208499335989376,0.6321441584496905,789.599,10,2026-09-18T18:12:31.394580+00:00
gemma-2-9b-it,belief_bank_facts,hidden,9,27416,belief_bank_constraints,104,1258,25414,629,629,11520,13894,1.792,3585,0.5718677940046119,0.12916666666666668,0.5614228378059337,0.21073502336779493,0.6052817313228731,792.534,10,2026-09-18T18:12:31.394580+00:00
gemma-2-9b-it,belief_bank_facts,hidden,9,27416,belief_bank_constraints,123,1258,25414,629,629,11520,13894,1.5292,3585,0.7037037037037037,0.049479166666666664,0.5596915086172976,0.09245742092457421,0.6550766817811046,795.212,10,2026-09-18T18:12:31.394580+00:00
gemma-2-9b-it,belief_bank_facts,hidden,9,27416,belief_bank_constraints,420,1258,25414,629,629,11520,13894,0.66,3585,0.6128767685052287,0.5189236111111111,0.633351695915637,0.5620005640688164,0.6689898242446779,797.015,10,2026-09-18T18:12:31.394580+00:00
gemma-2-9b-it,belief_bank_facts,hidden,9,27416,belief_bank_constraints,511,1258,25414,629,629,11520,13894,0.5691,3585,0.5631894716469905,0.5052083333333334,0.5980955378925003,0.5326256062963302,0.6324140403831391,798.721,10,2026-09-18T18:12:31.394580+00:00
gemma-2-9b-it,belief_bank_facts,hidden,9,27416,belief_bank_constraints,mean,0,0,0,0,0,0,1.4144700000000001,3585.0,0.6457630280558563,0.17967013888888891,0.575120012591485,0.23682769123725905,0.6316201362898454,2691.634,10,2026-09-18T18:12:31.394580+00:00
gemma-2-9b-it,belief_bank_facts,hidden,9,27416,belief_bank_constraints,std,0,0,0,0,0,0,0.4073651041756031,0.0,0.05705368449544408,0.17580779034893915,0.023754936291676475,0.17512897189596086,0.01815016031097852,2691.634,10,2026-09-18T18:12:31.394580+00:00
gemma-2-9b-it,belief_bank_facts,hidden,9,27416,halu_eval,2,1258,10000,629,629,2473,7527,0.6397,3585,0.23977272727272728,0.17064294379296402,0.6611,0.19938577840774865,0.5031251559623259,799.894,10,2026-09-18T18:12:31.394580+00:00
gemma-2-9b-it,belief_bank_facts,hidden,9,27416,halu_eval,4,1258,10000,629,629,2473,7527,0.6695,3585,0.25259695290858725,0.589971694298423,0.4669,0.35373984725421265,0.5099040945519704,801.091,10,2026-09-18T18:12:31.394580+00:00
gemma-2-9b-it,belief_bank_facts,hidden,9,27416,halu_eval,24,1258,10000,629,629,2473,7527,0.7602,3585,0.25426944971537,0.43348160129397495,0.5455,0.32052623710569594,0.505443108677208,802.383,10,2026-09-18T18:12:31.394580+00:00
gemma-2-9b-it,belief_bank_facts,hidden,9,27416,halu_eval,42,1258,10000,629,629,2473,7527,0.6396,3585,0.24487704918032788,0.6765062676910635,0.4041,0.3595916174099946,0.501951755188264,803.554,10,2026-09-18T18:12:31.394580+00:00
gemma-2-9b-it,belief_bank_facts,hidden,9,27416,halu_eval,64,1258,10000,629,629,2473,7527,0.6395,3585,0.2407199100112486,0.08653457339264052,0.7066,0.1273051754907793,0.5047604604015918,804.727,10,2026-09-18T18:12:31.394580+00:00
gemma-2-9b-it,belief_bank_facts,hidden,9,27416,halu_eval,67,1258,10000,629,629,2473,7527,0.7997,3585,0.2543478260869565,0.04731095835018197,0.7301,0.079781793385612,0.49773762292383084,806.063,10,2026-09-18T18:12:31.394580+00:00
gemma-2-9b-it,belief_bank_facts,hidden,9,27416,halu_eval,104,1258,10000,629,629,2473,7527,1.7923,3585,0.2421875,0.01253538212697129,0.7461,0.023836985774702037,0.4935024315483534,808.392,10,2026-09-18T18:12:31.394580+00:00
gemma-2-9b-it,belief_bank_facts,hidden,9,27416,halu_eval,123,1258,10000,629,629,2473,7527,1.5406,3585,0.2495577457669952,0.798625151637687,0.3563,0.3802830461153365,0.4953736034035392,810.466,10,2026-09-18T18:12:31.394580+00:00
gemma-2-9b-it,belief_bank_facts,hidden,9,27416,halu_eval,420,1258,10000,629,629,2473,7527,1.5401,3585,0.23949579831932774,0.06914678528103518,0.7155,0.10731095073737057,0.5041452603757622,812.539,10,2026-09-18T18:12:31.394580+00:00
gemma-2-9b-it,belief_bank_facts,hidden,9,27416,halu_eval,511,1258,10000,629,629,2473,7527,1.4797,3585,0.21818181818181817,0.04852405984634048,0.7217,0.07939133311280185,0.49483275493302964,814.555,10,2026-09-18T18:12:31.394580+00:00
gemma-2-9b-it,belief_bank_facts,hidden,9,27416,halu_eval,mean,0,0,0,0,0,0,1.05009,3585.0,0.24360067774433586,0.2933279417711282,0.6053900000000001,0.20311527647942543,0.5010776247965876,2691.634,10,2026-09-18T18:12:31.394580+00:00
gemma-2-9b-it,belief_bank_facts,hidden,9,27416,halu_eval,std,0,0,0,0,0,0,0.4486910461553696,0.0,0.010174921123052374,0.28586037135161246,0.14130851672846897,0.13036309907177235,0.005147500332533361,2691.634,10,2026-09-18T18:12:31.394580+00:00
gemma-2-9b-it,belief_bank_facts,hidden,10,27416,belief_bank_facts,2,1258,8225,629,629,270,7955,1.5608,3585,0.2431640625,0.9222222222222223,0.9032218844984803,0.3848531684698609,0.96483739553507,817.401,10,2026-09-18T18:12:31.394580+00:00
gemma-2-9b-it,belief_bank_facts,hidden,10,27416,belief_bank_facts,4,1258,8225,629,629,270,7955,1.5503,3585,0.23286384976525823,0.9185185185185185,0.8979939209726444,0.37153558052434454,0.9585194496822405,819.468,10,2026-09-18T18:12:31.394580+00:00
gemma-2-9b-it,belief_bank_facts,hidden,10,27416,belief_bank_facts,24,1258,8225,629,629,270,7955,1.5101,3585,0.24392614188532555,0.9296296296296296,0.9031003039513678,0.38645111624326406,0.9591084107363177,821.492,10,2026-09-18T18:12:31.394580+00:00
gemma-2-9b-it,belief_bank_facts,hidden,10,27416,belief_bank_facts,42,1258,8225,629,629,270,7955,1.519,3585,0.23529411764705882,0.9333333333333333,0.8982370820668693,0.37583892617449666,0.9674856251600438,823.53,10,2026-09-18T18:12:31.394580+00:00
gemma-2-9b-it,belief_bank_facts,hidden,10,27416,belief_bank_facts,64,1258,8225,629,629,270,7955,1.5107,3585,0.2455621301775148,0.9222222222222223,0.9044376899696048,0.3878504672897196,0.9694289638475685,825.558,10,2026-09-18T18:12:31.394580+00:00
gemma-2-9b-it,belief_bank_facts,hidden,10,27416,belief_bank_facts,67,1258,8225,629,629,270,7955,1.5099,3585,0.22252252252252253,0.9148148148148149,0.8922796352583586,0.35797101449275365,0.957286588914496,827.58,10,2026-09-18T18:12:31.394580+00:00
gemma-2-9b-it,belief_bank_facts,hidden,10,27416,belief_bank_facts,104,1258,8225,629,629,270,7955,1.571,3585,0.2607361963190184,0.9444444444444444,0.910273556231003,0.40865384615384615,0.9722559769071397,829.668,10,2026-09-18T18:12:31.394580+00:00
gemma-2-9b-it,belief_bank_facts,hidden,10,27416,belief_bank_facts,123,1258,8225,629,629,270,7955,1.4396,3585,0.25,0.9222222222222223,0.9066261398176292,0.3933649289099526,0.962720860395279,831.626,10,2026-09-18T18:12:31.394580+00:00
gemma-2-9b-it,belief_bank_facts,hidden,10,27416,belief_bank_facts,420,1258,8225,629,629,270,7955,1.5711,3585,0.27253218884120173,0.9407407407407408,0.9156231003039513,0.4226289517470882,0.9717689782806062,833.722,10,2026-09-18T18:12:31.394580+00:00
gemma-2-9b-it,belief_bank_facts,hidden,10,27416,belief_bank_facts,511,1258,8225,629,629,270,7955,1.4303,3585,0.24044734389561975,0.9555555555555556,0.8994528875379939,0.3842144452717796,0.969795376772121,835.678,10,2026-09-18T18:12:31.394580+00:00
gemma-2-9b-it,belief_bank_facts,hidden,10,27416,belief_bank_facts,mean,0,0,0,0,0,0,1.51728,3585.0,0.24470485535535197,0.9303703703703704,0.9031246200607903,0.3873362445277106,0.9653207626230882,2691.634,10,2026-09-18T18:12:31.394580+00:00
gemma-2-9b-it,belief_bank_facts,hidden,10,27416,belief_bank_facts,std,0,0,0,0,0,0,0.04745388919783077,0.0,0.013424127485915364,0.01237280969517782,0.00634524670482168,0.0173132480460619,0.0053633483703673,2691.634,10,2026-09-18T18:12:31.394580+00:00
gemma-2-9b-it,belief_bank_facts,hidden,10,27416,belief_bank_constraints,2,1258,25414,629,629,11520,13894,1.5205,3585,0.574430823117338,0.4840277777777778,0.6035649641929645,0.5253686342865219,0.631183733760976,838.344,10,2026-09-18T18:12:31.394580+00:00
gemma-2-9b-it,belief_bank_facts,hidden,10,27416,belief_bank_constraints,4,1258,25414,629,629,11520,13894,1.5404,3585,0.8455284552845529,0.018055555555555554,0.553395766113166,0.03535611082780894,0.6144567986480975,841.048,10,2026-09-18T18:12:31.394580+00:00
gemma-2-9b-it,belief_bank_facts,hidden,10,27416,belief_bank_constraints,24,1258,25414,629,629,11520,13894,1.5105,3585,0.6156960448458424,0.17161458333333332,0.5759423939560872,0.2684135496571855,0.623208028195624,843.727,10,2026-09-18T18:12:31.394580+00:00
gemma-2-9b-it,belief_bank_facts,hidden,10,27416,belief_bank_constraints,42,1258,25414,629,629,11520,13894,1.5102,3585,0.7035830618892508,0.05625,0.5614621861965846,0.10417169037858694,0.6251463086584137,846.395,10,2026-09-18T18:12:31.394580+00:00
gemma-2-9b-it,belief_bank_facts,hidden,10,27416,belief_bank_constraints,64,1258,25414,629,629,11520,13894,1.5101,3585,0.6148648648648649,0.03159722222222222,0.552057920831038,0.06010568031704095,0.5568719023899205,849.075,10,2026-09-18T18:12:31.394580+00:00
gemma-2-9b-it,belief_bank_facts,hidden,10,27416,belief_bank_constraints,67,1258,25414,629,629,11520,13894,1.5001,3585,0.6971869829012686,0.10972222222222222,0.5748406390178642,0.18960474011850295,0.6236062129136477,851.743,10,2026-09-18T18:12:31.394580+00:00
gemma-2-9b-it,belief_bank_facts,hidden,10,27416,belief_bank_constraints,104,1258,25414,629,629,11520,13894,1.6006,3585,0.5621359223300971,0.2513020833333333,0.5718895097190525,0.3473305338932214,0.6068752324144715,854.513,10,2026-09-18T18:12:31.394580+00:00
gemma-2-9b-it,belief_bank_facts,hidden,10,27416,belief_bank_constraints,123,1258,25414,629,629,11520,13894,1.4397,3585,0.6589018302828619,0.034375,0.5542220823168332,0.06534114347001073,0.603214001622403,857.12,10,2026-09-18T18:12:31.394580+00:00
gemma-2-9b-it,belief_bank_facts,hidden,10,27416,belief_bank_constraints,420,1258,25414,629,629,11520,13894,1.5303,3585,0.6213648984363583,0.36909722222222224,0.6120642165735422,0.4631051571094048,0.6424275179234042,859.82,10,2026-09-18T18:12:31.394580+00:00
gemma-2-9b-it,belief_bank_facts,hidden,10,27416,belief_bank_constraints,511,1258,25414,629,629,11520,13894,1.4297,3585,0.620707778556412,0.30755208333333334,0.6009286220193594,0.411307174367309,0.6502846639936504,862.415,10,2026-09-18T18:12:31.394580+00:00
gemma-2-9b-it,belief_bank_facts,hidden,10,27416,belief_bank_constraints,mean,0,0,0,0,0,0,1.5092100000000002,3585.0,0.6514400662508846,0.18335937500000002,0.5760368300936491,0.2470104414425593,0.6177274400520608,2691.634,10,2026-09-18T18:12:31.394580+00:00
gemma-2-9b-it,belief_bank_facts,hidden,10,27416,belief_bank_constraints,std,0,0,0,0,0,0,0.04597511174537808,0.0,0.07804337022155021,0.15466437472305375,0.021142188721329048,0.17266407926318098,0.0245219877073046,2691.634,10,2026-09-18T18:12:31.394580+00:00
gemma-2-9b-it,belief_bank_facts,hidden,10,27416,halu_eval,2,1258,10000,629,629,2473,7527,1.5216,3585,0.2508828930639921,0.7181560857258391,0.4,0.37185929648241206,0.5079995343357793,864.488,10,2026-09-18T18:12:31.394580+00:00
gemma-2-9b-it,belief_bank_facts,hidden,10,27416,halu_eval,4,1258,10000,629,629,2473,7527,1.5412,3585,0.2411604714415231,0.10756166599272139,0.6956,0.1487695749440716,0.5053230395109215,866.585,10,2026-09-18T18:12:31.394580+00:00
gemma-2-9b-it,belief_bank_facts,hidden,10,27416,halu_eval,24,1258,10000,629,629,2473,7527,1.5009,3585,0.2496490407112775,0.43145976546704407,0.5387,0.31628872091299837,0.5061056379806654,868.639,10,2026-09-18T18:12:31.394580+00:00
gemma-2-9b-it,belief_bank_facts,hidden,10,27416,halu_eval,42,1258,10000,629,629,2473,7527,1.5116,3585,0.248991565823249,0.8236959158916296,0.342,0.3823915900131406,0.4960542908180503,870.703,10,2026-09-18T18:12:31.394580+00:00
gemma-2-9b-it,belief_bank_facts,hidden,10,27416,halu_eval,64,1258,10000,629,629,2473,7527,1.5316,3585,0.25,0.5867367569753336,0.4625,0.3506101244412227,0.49962088227897833,872.796,10,2026-09-18T18:12:31.394580+00:00
gemma-2-9b-it,belief_bank_facts,hidden,10,27416,halu_eval,67,1258,10000,629,629,2473,7527,1.5013,3585,0.2489913544668588,0.8734330772341286,0.3172,0.38751345532831,0.5010888151354409,874.85,10,2026-09-18T18:12:31.394580+00:00
gemma-2-9b-it,belief_bank_facts,hidden,10,27416,halu_eval,104,1258,10000,629,629,2473,7527,1.5821,3585,0.2444232602478551,0.5183987060250708,0.4846,0.33221041720653016,0.5000565963609318,876.984,10,2026-09-18T18:12:31.394580+00:00
gemma-2-9b-it,belief_bank_facts,hidden,10,27416,halu_eval,123,1258,10000,629,629,2473,7527,1.4307,3585,0.24700385943530367,0.983420946219167,0.2545,0.394837243282734,0.5002745742769084,878.967,10,2026-09-18T18:12:31.394580+00:00
gemma-2-9b-it,belief_bank_facts,hidden,10,27416,halu_eval,420,1258,10000,629,629,2473,7527,1.5215,3585,0.2499373904332582,0.4035584310553983,0.553,0.3086916176925456,0.5003413241378081,881.041,10,2026-09-18T18:12:31.394580+00:00
gemma-2-9b-it,belief_bank_facts,hidden,10,27416,halu_eval,511,1258,10000,629,629,2473,7527,1.431,3585,0.24875431199693368,0.5248685806712495,0.4905,0.3375373813548303,0.5004700694429559,883.025,10,2026-09-18T18:12:31.394580+00:00
gemma-2-9b-it,belief_bank_facts,hidden,10,27416,halu_eval,mean,0,0,0,0,0,0,1.50735,3585.0,0.24797941476202512,0.5971289931257581,0.45386000000000004,0.3330709421658795,0.5017334764278439,2691.634,10,2026-09-18T18:12:31.394580+00:00
gemma-2-9b-it,belief_bank_facts,hidden,10,27416,halu_eval,std,0,0,0,0,0,0,0.04418771888206042,0.0,0.002861453111400958,0.2465087411698062,0.12315064108643528,0.06774025892825047,0.0034186348202187578,2691.634,10,2026-09-18T18:12:31.394580+00:00
gemma-2-9b-it,belief_bank_facts,hidden,11,27416,belief_bank_facts,2,1258,8225,629,629,270,7955,1.5807,3585,0.2540322580645161,0.9333333333333333,0.9078419452887538,0.3993660855784469,0.9692515771585539,885.855,10,2026-09-18T18:12:31.394580+00:00
gemma-2-9b-it,belief_bank_facts,hidden,11,27416,belief_bank_facts,4,1258,8225,629,629,270,7955,1.6612,3585,0.24081237911025144,0.9222222222222223,0.9020060790273556,0.38190184049079756,0.9619498568335777,888.036,10,2026-09-18T18:12:31.394580+00:00
gemma-2-9b-it,belief_bank_facts,hidden,11,27416,belief_bank_facts,24,1258,8225,629,629,270,7955,1.7218,3585,0.24224806201550386,0.9259259259259259,0.9024924012158054,0.38402457757296465,0.962633331005424,890.277,10,2026-09-18T18:12:31.394580+00:00
gemma-2-9b-it,belief_bank_facts,hidden,11,27416,belief_bank_facts,42,1258,8225,629,629,270,7955,1.5506,3585,0.2361241768579492,0.9296296296296296,0.8989665653495441,0.3765941485371343,0.9675615150033754,892.348,10,2026-09-18T18:12:31.394580+00:00
gemma-2-9b-it,belief_bank_facts,hidden,11,27416,belief_bank_facts,64,1258,8225,629,629,270,7955,1.5809,3585,0.2512413108242304,0.937037037037037,0.9062613981762918,0.3962411902897416,0.97177084060805,894.449,10,2026-09-18T18:12:31.394580+00:00
gemma-2-9b-it,belief_bank_facts,hidden,11,27416,belief_bank_facts,67,1258,8225,629,629,270,7955,1.7015,3585,0.22862453531598512,0.9111111111111111,0.8961702127659574,0.3655274888558692,0.9561198407710035,896.67,10,2026-09-18T18:12:31.394580+00:00
gemma-2-9b-it,belief_bank_facts,hidden,11,27416,belief_bank_facts,104,1258,8225,629,629,270,7955,1.5908,3585,0.24830261881668284,0.9481481481481482,0.9040729483282675,0.393543428132206,0.9714751961263589,898.781,10,2026-09-18T18:12:31.394580+00:00
gemma-2-9b-it,belief_bank_facts,hidden,11,27416,belief_bank_facts,123,1258,8225,629,629,270,7955,1.5405,3585,0.25382262996941896,0.9222222222222223,0.9084498480243162,0.3980815347721823,0.9630504923528179,900.841,10,2026-09-18T18:12:31.394580+00:00
gemma-2-9b-it,belief_bank_facts,hidden,11,27416,belief_bank_facts,420,1258,8225,629,629,270,7955,1.5604,3585,0.27856365614798695,0.9481481481481482,0.9176899696048633,0.4306139613120269,0.9756593803105431,902.923,10,2026-09-18T18:12:31.394580+00:00
gemma-2-9b-it,belief_bank_facts,hidden,11,27416,belief_bank_facts,511,1258,8225,629,629,270,7955,1.4697,3585,0.24175824175824176,0.9777777777777777,0.8986018237082067,0.3876651982378855,0.9730758665642385,904.912,10,2026-09-18T18:12:31.394580+00:00
gemma-2-9b-it,belief_bank_facts,hidden,11,27416,belief_bank_facts,mean,0,0,0,0,0,0,1.59581,3585.0,0.24755298688807664,0.9355555555555556,0.9042553191489361,0.3913559453779255,0.9672547896733942,2691.634,10,2026-09-18T18:12:31.394580+00:00
gemma-2-9b-it,belief_bank_facts,hidden,11,27416,belief_bank_facts,std,0,0,0,0,0,0,0.07352290051405752,0.0,0.012857595959738427,0.01785477154547251,0.0059031706568833595,0.01649548087296547,0.0058135467916077075,2691.634,10,2026-09-18T18:12:31.394580+00:00
gemma-2-9b-it,belief_bank_facts,hidden,11,27416,belief_bank_constraints,2,1258,25414,629,629,11520,13894,1.6208,3585,0.6107299670691547,0.3863715277777778,0.6102148422129535,0.47330923011484477,0.6371543272075876,907.683,10,2026-09-18T18:12:31.394580+00:00
gemma-2-9b-it,belief_bank_facts,hidden,11,27416,belief_bank_constraints,4,1258,25414,629,629,11520,13894,1.6811,3585,0.8539823008849557,0.01675347222222222,0.5530022822066577,0.0328622509790567,0.6200641601390688,910.514,10,2026-09-18T18:12:31.394580+00:00
gemma-2-9b-it,belief_bank_facts,hidden,11,27416,belief_bank_constraints,24,1258,25414,629,629,11520,13894,1.6612,3585,0.6083363277039167,0.14696180555555555,0.570433619264972,0.23673355240159408,0.6232643137325464,913.325,10,2026-09-18T18:12:31.394580+00:00
gemma-2-9b-it,belief_bank_facts,hidden,11,27416,belief_bank_constraints,42,1258,25414,629,629,11520,13894,1.5505,3585,0.7478510028653295,0.0453125,0.5603210828677108,0.08544770011458504,0.6235347329682677,916.023,10,2026-09-18T18:12:31.394580+00:00
gemma-2-9b-it,belief_bank_facts,hidden,11,27416,belief_bank_constraints,64,1258,25414,629,629,11520,13894,1.5905,3585,0.5575826681870011,0.04244791666666667,0.5506807271582592,0.07889005404533354,0.5568495043823873,918.764,10,2026-09-18T18:12:31.394580+00:00
gemma-2-9b-it,belief_bank_facts,hidden,11,27416,belief_bank_constraints,67,1258,25414,629,629,11520,13894,1.7118,3585,0.7091172214182344,0.042534722222222224,0.5580782246006138,0.08025550732945705,0.6209345523347408,921.632,10,2026-09-18T18:12:31.394580+00:00
gemma-2-9b-it,belief_bank_facts,hidden,11,27416,belief_bank_constraints,104,1258,25414,629,629,11520,13894,1.591,3585,0.5648634453781513,0.3734375,0.5855827496655387,0.449623745819398,0.6219759441025703,924.37,10,2026-09-18T18:12:31.394580+00:00
gemma-2-9b-it,belief_bank_facts,hidden,11,27416,belief_bank_constraints,123,1258,25414,629,629,11520,13894,1.5403,3585,0.6292682926829268,0.03359375,0.5529629338160069,0.06378244746600742,0.6049189960594501,927.058,10,2026-09-18T18:12:31.394580+00:00
gemma-2-9b-it,belief_bank_facts,hidden,11,27416,belief_bank_constraints,420,1258,25414,629,629,11520,13894,1.6008,3585,0.6827150749802684,0.07508680555555555,0.5649248445738569,0.13529365762102136,0.6537430787970027,929.804,10,2026-09-18T18:12:31.394580+00:00
gemma-2-9b-it,belief_bank_facts,hidden,11,27416,belief_bank_constraints,511,1258,25414,629,629,11520,13894,1.4697,3585,0.6131670415048047,0.2603298611111111,0.5902652081529866,0.3654865638900737,0.6395863759636453,932.425,10,2026-09-18T18:12:31.394580+00:00
gemma-2-9b-it,belief_bank_facts,hidden,11,27416,belief_bank_constraints,mean,0,0,0,0,0,0,1.6017700000000001,3585.0,0.6577613342674743,0.1422829861111111,0.5696466514519556,0.20016847097813714,0.6202025985687267,2691.634,10,2026-09-18T18:12:31.394580+00:00
gemma-2-9b-it,belief_bank_facts,hidden,11,27416,belief_bank_constraints,std,0,0,0,0,0,0,0.06810838494634856,0.0,0.08717797915002469,0.13724975392113822,0.0186645639170555,0.16079507892708234,0.024615921042746333,2691.634,10,2026-09-18T18:12:31.394580+00:00
gemma-2-9b-it,belief_bank_facts,hidden,11,27416,halu_eval,2,1258,10000,629,629,2473,7527,1.5808,3585,0.2611615962070328,0.2672866963202588,0.6318,0.2641886490807354,0.5097537260524465,934.544,10,2026-09-18T18:12:31.394580+00:00
gemma-2-9b-it,belief_bank_facts,hidden,11,27416,halu_eval,4,1258,10000,629,629,2473,7527,1.6816,3585,0.24435318275154005,0.09623938536190861,0.7029,0.13809109370467074,0.5003625981377406,936.762,10,2026-09-18T18:12:31.394580+00:00
gemma-2-9b-it,belief_bank_facts,hidden,11,27416,halu_eval,24,1258,10000,629,629,2473,7527,1.6711,3585,0.254364694471387,0.424181156490093,0.5501,0.31802334394421705,0.5080606970855857,938.968,10,2026-09-18T18:12:31.394580+00:00
gemma-2-9b-it,belief_bank_facts,hidden,11,27416,halu_eval,42,1258,10000,629,629,2473,7527,1.5505,3585,0.2480270574971815,0.1779215527699151,0.6633,0.2072050859430186,0.500042252527644,941.057,10,2026-09-18T18:12:31.394580+00:00
gemma-2-9b-it,belief_bank_facts,hidden,11,27416,halu_eval,64,1258,10000,629,629,2473,7527,1.5805,3585,0.2500662954123575,0.3813182369591589,0.5642,0.3020499679692505,0.5038549186266816,943.174,10,2026-09-18T18:12:31.394580+00:00
gemma-2-9b-it,belief_bank_facts,hidden,11,27416,halu_eval,67,1258,10000,629,629,2473,7527,1.7217,3585,0.24555880368787947,0.4415689446016983,0.5264,0.315606936416185,0.4979306737287751,945.433,10,2026-09-18T18:12:31.394580+00:00
gemma-2-9b-it,belief_bank_facts,hidden,11,27416,halu_eval,104,1258,10000,629,629,2473,7527,1.621,3585,0.24900070538443453,0.4282248281439547,0.5392,0.31489741302408564,0.5074786705318731,947.591,10,2026-09-18T18:12:31.394580+00:00
gemma-2-9b-it,belief_bank_facts,hidden,11,27416,halu_eval,123,1258,10000,629,629,2473,7527,1.5301,3585,0.2492456246228123,0.33400727860897694,0.5865,0.28546742699153277,0.496403565844722,949.658,10,2026-09-18T18:12:31.394580+00:00
gemma-2-9b-it,belief_bank_facts,hidden,11,27416,halu_eval,420,1258,10000,629,629,2473,7527,1.5504,3585,0.23555337904015672,0.19450060655074808,0.6447,0.21306755260243632,0.5002554223047467,951.745,10,2026-09-18T18:12:31.394580+00:00
gemma-2-9b-it,belief_bank_facts,hidden,11,27416,halu_eval,511,1258,10000,629,629,2473,7527,1.4598,3585,0.2518390307226309,0.23534169025475132,0.638,0.24331103678929766,0.506479383479482,953.74,10,2026-09-18T18:12:31.394580+00:00
gemma-2-9b-it,belief_bank_facts,hidden,11,27416,halu_eval,mean,0,0,0,0,0,0,1.59475,3585.0,0.24891703697974127,0.2980590376061463,0.6047100000000001,0.260190850646543,0.5030621908319697,2691.634,10,2026-09-18T18:12:31.394580+00:00
gemma-2-9b-it,belief_bank_facts,hidden,11,27416,halu_eval,std,0,0,0,0,0,0,0.07542637801193956,0.0,0.00633297662004937,0.11508185095683435,0.05647502899512314,0.0566010569319982,0.004433149629822517,2691.634,10,2026-09-18T18:12:31.394580+00:00
gemma-2-9b-it,belief_bank_facts,hidden,12,27416,belief_bank_facts,2,1258,8225,629,629,270,7955,0.7707,3585,0.2908458864426419,0.9296296296296296,0.9232826747720365,0.44307149161518095,0.9748036408501525,955.692,10,2026-09-18T18:12:31.394580+00:00
gemma-2-9b-it,belief_bank_facts,hidden,12,27416,belief_bank_facts,4,1258,8225,629,629,270,7955,0.8115,3585,0.2507462686567164,0.9333333333333333,0.9062613981762918,0.3952941176470588,0.9665763437856462,957.026,10,2026-09-18T18:12:31.394580+00:00
gemma-2-9b-it,belief_bank_facts,hidden,12,27416,belief_bank_facts,24,1258,8225,629,629,270,7955,0.7303,3585,0.26082474226804125,0.937037037037037,0.9107598784194529,0.4080645161290323,0.9696757222338618,958.279,10,2026-09-18T18:12:31.394580+00:00
gemma-2-9b-it,belief_bank_facts,hidden,12,27416,belief_bank_facts,42,1258,8225,629,629,270,7955,0.6903,3585,0.24068767908309455,0.9333333333333333,0.9011550151975684,0.3826879271070615,0.9719500896245081,959.492,10,2026-09-18T18:12:31.394580+00:00
gemma-2-9b-it,belief_bank_facts,hidden,12,27416,belief_bank_facts,64,1258,8225,629,629,270,7955,0.7907,3585,0.2793478260869565,0.9518518518518518,0.9178115501519757,0.4319327731092437,0.978045021765952,960.81,10,2026-09-18T18:12:31.394580+00:00
gemma-2-9b-it,belief_bank_facts,hidden,12,27416,belief_bank_facts,67,1258,8225,629,629,270,7955,0.7402,3585,0.24561403508771928,0.9333333333333333,0.9037082066869301,0.3888888888888889,0.9637609702725982,962.073,10,2026-09-18T18:12:31.394580+00:00
gemma-2-9b-it,belief_bank_facts,hidden,12,27416,belief_bank_facts,104,1258,8225,629,629,270,7955,0.8007,3585,0.2822491730981257,0.9481481481481482,0.9191489361702128,0.43500424808836025,0.9797206508834416,963.397,10,2026-09-18T18:12:31.394580+00:00
gemma-2-9b-it,belief_bank_facts,hidden,12,27416,belief_bank_facts,123,1258,8225,629,629,270,7955,0.6298,3585,0.27586206896551724,0.9481481481481482,0.916595744680851,0.4273789649415693,0.9696682729240869,964.549,10,2026-09-18T18:12:31.394580+00:00
gemma-2-9b-it,belief_bank_facts,hidden,12,27416,belief_bank_facts,420,1258,8225,629,629,270,7955,1.631,3585,0.3079710144927536,0.9444444444444444,0.9285106382978724,0.4644808743169399,0.9789538375584887,966.702,10,2026-09-18T18:12:31.394580+00:00
gemma-2-9b-it,belief_bank_facts,hidden,12,27416,belief_bank_facts,511,1258,8225,629,629,270,7955,1.5406,3585,0.25315227934044615,0.9666666666666667,0.9052887537993921,0.4012298232129131,0.9767693274670017,968.764,10,2026-09-18T18:12:31.394580+00:00
gemma-2-9b-it,belief_bank_facts,hidden,12,27416,belief_bank_facts,mean,0,0,0,0,0,0,0.91358,3585.0,0.26873009735220127,0.9425925925925925,0.9132522796352582,0.4178033625056249,0.9729923877365738,2691.634,10,2026-09-18T18:12:31.394580+00:00
gemma-2-9b-it,belief_bank_facts,hidden,12,27416,belief_bank_facts,std,0,0,0,0,0,0,0.3406698072914593,0.0,0.020795756781815087,0.010892919385076114,0.008695389390789758,0.025198820118688767,0.005228809752023807,2691.634,10,2026-09-18T18:12:31.394580+00:00
gemma-2-9b-it,belief_bank_facts,hidden,12,27416,belief_bank_constraints,2,1258,25414,629,629,11520,13894,1.661,3585,0.5235168990782321,0.7690972222222222,0.5780278586605808,0.6229784840388131,0.6644706498008732,971.578,10,2026-09-18T18:12:31.394580+00:00
gemma-2-9b-it,belief_bank_facts,hidden,12,27416,belief_bank_constraints,4,1258,25414,629,629,11520,13894,1.6913,3585,0.9010989010989011,0.01423611111111111,0.5524514047375463,0.028029396684327464,0.6181807469851095,974.425,10,2026-09-18T18:12:31.394580+00:00
gemma-2-9b-it,belief_bank_facts,hidden,12,27416,belief_bank_constraints,24,1258,25414,629,629,11520,13894,1.6716,3585,0.7285108958837773,0.20894097222222222,0.606122609585268,0.3247436589314625,0.6746102309350159,977.25,10,2026-09-18T18:12:31.394580+00:00
gemma-2-9b-it,belief_bank_facts,hidden,12,27416,belief_bank_constraints,42,1258,25414,629,629,11520,13894,1.6005,3585,0.8645418326693227,0.03767361111111111,0.5611080506807271,0.07220096489768757,0.6303519492326823,980.006,10,2026-09-18T18:12:31.394580+00:00
gemma-2-9b-it,belief_bank_facts,hidden,12,27416,belief_bank_constraints,64,1258,25414,629,629,11520,13894,1.6518,3585,0.70020964360587,0.028993055555555557,0.5542220823168332,0.05568058681337001,0.5939691506025782,982.81,10,2026-09-18T18:12:31.394580+00:00
gemma-2-9b-it,belief_bank_facts,hidden,12,27416,belief_bank_constraints,67,1258,25414,629,629,11520,13894,1.6511,3585,0.927710843373494,0.020052083333333335,0.5550877469111514,0.03925567167983686,0.647569300747325,985.615,10,2026-09-18T18:12:31.394580+00:00
gemma-2-9b-it,belief_bank_facts,hidden,12,27416,belief_bank_constraints,104,1258,25414,629,629,11520,13894,1.7115,3585,0.5750530410183875,0.5646701388888888,0.6135201070276226,0.5698142957252978,0.658309073510948,988.476,10,2026-09-18T18:12:31.394580+00:00
gemma-2-9b-it,belief_bank_facts,hidden,12,27416,belief_bank_constraints,123,1258,25414,629,629,11520,13894,1.5301,3585,0.661430119176598,0.10598958333333333,0.5701581805304163,0.18270237917103097,0.613191051942885,991.159,10,2026-09-18T18:12:31.394580+00:00
gemma-2-9b-it,belief_bank_facts,hidden,12,27416,belief_bank_constraints,420,1258,25414,629,629,11520,13894,1.6308,3585,0.6706900020116676,0.2894097222222222,0.6134807586369717,0.40434176217330664,0.6754351086300241,993.944,10,2026-09-18T18:12:31.394580+00:00
gemma-2-9b-it,belief_bank_facts,hidden,12,27416,belief_bank_constraints,511,1258,25414,629,629,11520,13894,1.5403,3585,0.7431023911710607,0.21041666666666667,0.6091130872747305,0.3279664456771749,0.6517671996705212,996.641,10,2026-09-18T18:12:31.394580+00:00
gemma-2-9b-it,belief_bank_facts,hidden,12,27416,belief_bank_constraints,mean,0,0,0,0,0,0,1.634,3585.0,0.729586456908731,0.22494791666666666,0.5813291886361849,0.2627713645792308,0.6427854462057964,2691.634,10,2026-09-18T18:12:31.394580+00:00
gemma-2-9b-it,belief_bank_facts,hidden,12,27416,belief_bank_constraints,std,0,0,0,0,0,0,0.05722668957750395,0.0,0.12743190220852635,0.24292698174191535,0.02501710800222353,0.21043655532629044,0.026291533918073907,2691.634,10,2026-09-18T18:12:31.394580+00:00
gemma-2-9b-it,belief_bank_facts,hidden,12,27416,halu_eval,2,1258,10000,629,629,2473,7527,1.7018,3585,0.25087960838305035,0.6631621512333199,0.427,0.36403995560488345,0.5113935700194758,998.883,10,2026-09-18T18:12:31.394580+00:00
gemma-2-9b-it,belief_bank_facts,hidden,12,27416,halu_eval,4,1258,10000,629,629,2473,7527,1.6914,3585,0.24446902654867256,0.08936514355034371,0.7065,0.13088540124370743,0.49798769986748337,1001.117,10,2026-09-18T18:12:31.394580+00:00
gemma-2-9b-it,belief_bank_facts,hidden,12,27416,halu_eval,24,1258,10000,629,629,2473,7527,1.6315,3585,0.25519534497090607,0.24828143954710877,0.6349,0.25169092027054724,0.5065126106738211,1003.289,10,2026-09-18T18:12:31.394580+00:00
gemma-2-9b-it,belief_bank_facts,hidden,12,27416,halu_eval,42,1258,10000,629,629,2473,7527,1.6009,3585,0.24456521739130435,0.20016174686615446,0.6493,0.2201467645096731,0.4983715720051567,1005.433,10,2026-09-18T18:12:31.394580+00:00
gemma-2-9b-it,belief_bank_facts,hidden,12,27416,halu_eval,64,1258,10000,629,629,2473,7527,1.6411,3585,0.24893964110929853,0.3085321471896482,0.5988,0.27555074033947274,0.5060205957031569,1007.614,10,2026-09-18T18:12:31.394580+00:00
gemma-2-9b-it,belief_bank_facts,hidden,12,27416,halu_eval,67,1258,10000,629,629,2473,7527,1.6515,3585,0.24540078843626806,0.30206227254346946,0.5977,0.2707993474714519,0.505729770454078,1009.807,10,2026-09-18T18:12:31.394580+00:00
gemma-2-9b-it,belief_bank_facts,hidden,12,27416,halu_eval,104,1258,10000,629,629,2473,7527,1.7012,3585,0.2454732981893193,0.4330772341285888,0.5306,0.3133411351667642,0.5007492369698496,1012.051,10,2026-09-18T18:12:31.394580+00:00
gemma-2-9b-it,belief_bank_facts,hidden,12,27416,halu_eval,123,1258,10000,629,629,2473,7527,1.5305,3585,0.24829653856636685,0.3683784876668015,0.568,0.29664604363399544,0.501423934356602,1014.124,10,2026-09-18T18:12:31.394580+00:00
gemma-2-9b-it,belief_bank_facts,hidden,12,27416,halu_eval,420,1258,10000,629,629,2473,7527,1.6714,3585,0.23969465648854962,0.12697128993125759,0.6845,0.16600581549035157,0.5007013704700012,1016.339,10,2026-09-18T18:12:31.394580+00:00
gemma-2-9b-it,belief_bank_facts,hidden,12,27416,halu_eval,511,1258,10000,629,629,2473,7527,1.5406,3585,0.24645583424209377,0.36554791750909826,0.5667,0.29441459045758017,0.500576358859286,1018.423,10,2026-09-18T18:12:31.394580+00:00
gemma-2-9b-it,belief_bank_facts,hidden,12,27416,halu_eval,mean,0,0,0,0,0,0,1.6361900000000003,3585.0,0.24693699543258293,0.310553983016579,0.5963999999999999,0.2583520714188427,0.5029466719378911,2691.634,10,2026-09-18T18:12:31.394580+00:00
gemma-2-9b-it,belief_bank_facts,hidden,12,27416,halu_eval,std,0,0,0,0,0,0,0.058866432709991874,0.0,0.003981268814453527,0.15635859230289548,0.076737461516524,0.06609915875182665,0.004056979261429625,2691.634,10,2026-09-18T18:12:31.394580+00:00
gemma-2-9b-it,belief_bank_facts,hidden,13,27416,belief_bank_facts,2,1258,8225,629,629,270,7955,1.7821,3585,0.3678977272727273,0.9592592592592593,0.9445592705167173,0.5318275154004107,0.9848983867588519,1021.395,10,2026-09-18T18:12:31.394580+00:00
gemma-2-9b-it,belief_bank_facts,hidden,13,27416,belief_bank_facts,4,1258,8225,629,629,270,7955,1.6815,3585,0.3133253301320528,0.9666666666666667,0.9293617021276596,0.4732547597461469,0.9837921642572804,1023.597,10,2026-09-18T18:12:31.394580+00:00
gemma-2-9b-it,belief_bank_facts,hidden,13,27416,belief_bank_facts,24,1258,8225,629,629,270,7955,1.7421,3585,0.3324775353016688,0.9592592592592593,0.9354407294832827,0.4938036224976168,0.9836492306259749,1025.859,10,2026-09-18T18:12:31.394580+00:00
gemma-2-9b-it,belief_bank_facts,hidden,13,27416,belief_bank_facts,42,1258,8225,629,629,270,7955,1.6314,3585,0.2957422324510932,0.9518518518518518,0.9240121580547113,0.45127304653204564,0.9841483343808924,1028.01,10,2026-09-18T18:12:31.394580+00:00
gemma-2-9b-it,belief_bank_facts,hidden,13,27416,belief_bank_facts,64,1258,8225,629,629,270,7955,1.6715,3585,0.332484076433121,0.9666666666666667,0.9351975683890578,0.4947867298578199,0.986161044765696,1030.201,10,2026-09-18T18:12:31.394580+00:00
gemma-2-9b-it,belief_bank_facts,hidden,13,27416,belief_bank_facts,67,1258,8225,629,629,270,7955,1.6814,3585,0.3131067961165049,0.9555555555555556,0.9297264437689969,0.4716636197440585,0.9829243196685057,1032.403,10,2026-09-18T18:12:31.394580+00:00
gemma-2-9b-it,belief_bank_facts,hidden,13,27416,belief_bank_facts,104,1258,8225,629,629,270,7955,1.7618,3585,0.37163120567375885,0.9703703703703703,0.9451671732522796,0.5374358974358975,0.9890332192657774,1034.684,10,2026-09-18T18:12:31.394580+00:00
gemma-2-9b-it,belief_bank_facts,hidden,13,27416,belief_bank_facts,123,1258,8225,629,629,270,7955,1.6713,3585,0.3628691983122363,0.9555555555555556,0.9434650455927052,0.5259938837920489,0.9845482691994321,1036.874,10,2026-09-18T18:12:31.394580+00:00
gemma-2-9b-it,belief_bank_facts,hidden,13,27416,belief_bank_facts,420,1258,8225,629,629,270,7955,1.6513,3585,0.38863976083707025,0.9629629629629629,0.9490577507598784,0.5537806176783813,0.9880028866075378,1039.046,10,2026-09-18T18:12:31.394580+00:00
gemma-2-9b-it,belief_bank_facts,hidden,13,27416,belief_bank_facts,511,1258,8225,629,629,270,7955,1.6409,3585,0.3129496402877698,0.9666666666666667,0.9292401215805471,0.47282608695652173,0.9861275228717089,1041.208,10,2026-09-18T18:12:31.394580+00:00
gemma-2-9b-it,belief_bank_facts,hidden,13,27416,belief_bank_facts,mean,0,0,0,0,0,0,1.6915299999999998,3585.0,0.3391123502818003,0.9614814814814816,0.9365227963525836,0.5006645779640947,0.9853285378401656,2691.634,10,2026-09-18T18:12:31.394580+00:00
gemma-2-9b-it,belief_bank_facts,hidden,13,27416,belief_bank_facts,std,0,0,0,0,0,0,0.049506828821890836,0.0,0.02982967425857483,0.005785370130301213,0.008090625901243832,0.032672046910913466,0.0018803127795399403,2691.634,10,2026-09-18T18:12:31.394580+00:00
gemma-2-9b-it,belief_bank_facts,hidden,13,27416,belief_bank_constraints,2,1258,25414,629,629,11520,13894,1.7919,3585,0.494217851949311,0.61953125,0.5401353584638389,0.5498247371056585,0.5904209500903668,1044.146,10,2026-09-18T18:12:31.394580+00:00
gemma-2-9b-it,belief_bank_facts,hidden,13,27416,belief_bank_constraints,4,1258,25414,629,629,11520,13894,1.6917,3585,0.8556263269639066,0.03498263888888889,0.5598882505705517,0.06721707947627387,0.5924303356364858,1046.984,10,2026-09-18T18:12:31.394580+00:00
gemma-2-9b-it,belief_bank_facts,hidden,13,27416,belief_bank_constraints,24,1258,25414,629,629,11520,13894,1.7219,3585,0.7083333333333334,0.08263888888888889,0.5687416384669867,0.1480099502487562,0.6062703237708523,1049.857,10,2026-09-18T18:12:31.394580+00:00
gemma-2-9b-it,belief_bank_facts,hidden,13,27416,belief_bank_constraints,42,1258,25414,629,629,11520,13894,1.6414,3585,0.6725219573400251,0.09305555555555556,0.5683481545604785,0.16348940064053682,0.5540101992466773,1052.652,10,2026-09-18T18:12:31.394580+00:00
gemma-2-9b-it,belief_bank_facts,hidden,13,27416,belief_bank_constraints,64,1258,25414,629,629,11520,13894,1.7119,3585,0.6497093023255814,0.038802083333333334,0.5548123081765955,0.07323066841415465,0.5271251491950961,1055.512,10,2026-09-18T18:12:31.394580+00:00
gemma-2-9b-it,belief_bank_facts,hidden,13,27416,belief_bank_constraints,67,1258,25414,629,629,11520,13894,1.6816,3585,0.8275401069518716,0.05373263888888889,0.5659872511214291,0.10091294424519073,0.579858274654927,1058.341,10,2026-09-18T18:12:31.394580+00:00
gemma-2-9b-it,belief_bank_facts,hidden,13,27416,belief_bank_constraints,104,1258,25414,629,629,11520,13894,1.7016,3585,0.49836304110585666,0.2378472222222222,0.5459982686708114,0.3220119873075567,0.5499886604229643,1061.192,10,2026-09-18T18:12:31.394580+00:00
gemma-2-9b-it,belief_bank_facts,hidden,13,27416,belief_bank_constraints,123,1258,25414,629,629,11520,13894,1.6816,3585,0.5692713326941515,0.20616319444444445,0.5694499094987016,0.3027020137649758,0.5428013678466325,1064.022,10,2026-09-18T18:12:31.394580+00:00
gemma-2-9b-it,belief_bank_facts,hidden,13,27416,belief_bank_constraints,420,1258,25414,629,629,11520,13894,1.6511,3585,0.6237373737373737,0.3001736111111111,0.6006925316754544,0.4052977027660572,0.5872646928430337,1066.822,10,2026-09-18T18:12:31.394580+00:00
gemma-2-9b-it,belief_bank_facts,hidden,13,27416,belief_bank_constraints,511,1258,25414,629,629,11520,13894,1.6512,3585,0.5801526717557252,0.1517361111111111,0.5657118123868734,0.24055597605449666,0.5719278305583545,1069.623,10,2026-09-18T18:12:31.394580+00:00
gemma-2-9b-it,belief_bank_facts,hidden,13,27416,belief_bank_constraints,mean,0,0,0,0,0,0,1.6925899999999998,3585.0,0.6479473298157136,0.18186631944444442,0.5639765483591721,0.23732524600236574,0.570209778426539,2691.634,10,2026-09-18T18:12:31.394580+00:00
gemma-2-9b-it,belief_bank_facts,hidden,13,27416,belief_bank_constraints,std,0,0,0,0,0,0,0.04180063277033017,0.0,0.11705467939968892,0.16922561918397364,0.015553811614889654,0.1500760375952666,0.02422467557485974,2691.634,10,2026-09-18T18:12:31.394580+00:00
gemma-2-9b-it,belief_bank_facts,hidden,13,27416,halu_eval,2,1258,10000,629,629,2473,7527,1.7821,3585,0.24880439980870397,0.8414880711686211,0.3325,0.3840546276644828,0.5090847769434538,1071.941,10,2026-09-18T18:12:31.394580+00:00
gemma-2-9b-it,belief_bank_facts,hidden,13,27416,halu_eval,4,1258,10000,629,629,2473,7527,1.6714,3585,0.24675509912993868,0.6995551961180753,0.3976,0.36482496836777734,0.5010872571910014,1074.147,10,2026-09-18T18:12:31.394580+00:00
gemma-2-9b-it,belief_bank_facts,hidden,13,27416,halu_eval,24,1258,10000,629,629,2473,7527,1.7817,3585,0.24996824590372158,0.7957945814799838,0.359,0.38043688381983376,0.5028423353243326,1076.464,10,2026-09-18T18:12:31.394580+00:00
gemma-2-9b-it,belief_bank_facts,hidden,13,27416,halu_eval,42,1258,10000,629,629,2473,7527,1.6312,3585,0.24868171271883568,0.9534977759805904,0.2761,0.3944792973651192,0.507750719864345,1078.631,10,2026-09-18T18:12:31.394580+00:00
gemma-2-9b-it,belief_bank_facts,hidden,13,27416,halu_eval,64,1258,10000,629,629,2473,7527,1.6716,3585,0.2499581449857693,0.6037201779215527,0.454,0.353540137343121,0.5052364930111956,1080.84,10,2026-09-18T18:12:31.394580+00:00
gemma-2-9b-it,belief_bank_facts,hidden,13,27416,halu_eval,67,1258,10000,629,629,2473,7527,1.6812,3585,0.25148949513954216,0.32430246663970885,0.5942,0.2832921229247616,0.5068354275061322,1083.056,10,2026-09-18T18:12:31.394580+00:00
gemma-2-9b-it,belief_bank_facts,hidden,13,27416,halu_eval,104,1258,10000,629,629,2473,7527,1.7016,3585,0.24800414722654224,0.9672462596037201,0.2666,0.3947846179237498,0.5083603059179702,1085.294,10,2026-09-18T18:12:31.394580+00:00
gemma-2-9b-it,belief_bank_facts,hidden,13,27416,halu_eval,123,1258,10000,629,629,2473,7527,1.6713,3585,0.24923363987738237,0.7561665992721391,0.3764,0.3748997594226143,0.506737223284221,1087.501,10,2026-09-18T18:12:31.394580+00:00
gemma-2-9b-it,belief_bank_facts,hidden,13,27416,halu_eval,420,1258,10000,629,629,2473,7527,1.6509,3585,0.25068285280728375,0.6680145572179539,0.4241,0.3645591967339733,0.5076578610035279,1089.687,10,2026-09-18T18:12:31.394580+00:00
gemma-2-9b-it,belief_bank_facts,hidden,13,27416,halu_eval,511,1258,10000,629,629,2473,7527,1.6612,3585,0.2484425616745577,0.8063081277800243,0.3489,0.3798456995904372,0.5042661890976015,1091.887,10,2026-09-18T18:12:31.394580+00:00
gemma-2-9b-it,belief_bank_facts,hidden,13,27416,halu_eval,mean,0,0,0,0,0,0,1.69042,3585.0,0.24920202992722779,0.741609381318237,0.38294,0.367471731115587,0.5059858589143781,2691.634,10,2026-09-18T18:12:31.394580+00:00
gemma-2-9b-it,belief_bank_facts,hidden,13,27416,halu_eval,std,0,0,0,0,0,0,0.04894020433140835,0.0,0.0013043448401257095,0.17704845881994416,0.08992105648845546,0.03069619636572251,0.002446114977510824,2691.634,10,2026-09-18T18:12:31.394580+00:00
gemma-2-9b-it,belief_bank_facts,hidden,14,27416,belief_bank_facts,2,1258,8225,629,629,270,7955,1.7317,3585,0.39461883408071746,0.9777777777777777,0.9500303951367781,0.5623003194888179,0.9883609190585935,1094.913,10,2026-09-18T18:12:31.394580+00:00
gemma-2-9b-it,belief_bank_facts,hidden,14,27416,belief_bank_facts,4,1258,8225,629,629,270,7955,1.591,3585,0.36300417246175243,0.9666666666666667,0.9432218844984802,0.5278058645096056,0.9877002583979329,1097.025,10,2026-09-18T18:12:31.394580+00:00
gemma-2-9b-it,belief_bank_facts,hidden,14,27416,belief_bank_facts,24,1258,8225,629,629,270,7955,1.5705,3585,0.3888048411497731,0.9518518518518518,0.9493009118541034,0.5520945220193341,0.9882845636334009,1099.112,10,2026-09-18T18:12:31.394580+00:00
gemma-2-9b-it,belief_bank_facts,hidden,14,27416,belief_bank_facts,42,1258,8225,629,629,270,7955,1.5604,3585,0.34469200524246396,0.9740740740740741,0.9383586626139817,0.5091965150048403,0.987792909188258,1101.19,10,2026-09-18T18:12:31.394580+00:00
gemma-2-9b-it,belief_bank_facts,hidden,14,27416,belief_bank_facts,64,1258,8225,629,629,270,7955,1.5303,3585,0.3712660028449502,0.9666666666666667,0.9451671732522796,0.5364850976361768,0.9888358125567428,1103.241,10,2026-09-18T18:12:31.394580+00:00
gemma-2-9b-it,belief_bank_facts,hidden,14,27416,belief_bank_facts,67,1258,8225,629,629,270,7955,1.6008,3585,0.35207496653279785,0.9740740740740741,0.9403039513677811,0.5172074729596854,0.9876662709220849,1105.362,10,2026-09-18T18:12:31.394580+00:00
gemma-2-9b-it,belief_bank_facts,hidden,14,27416,belief_bank_facts,104,1258,8225,629,629,270,7955,1.6109,3585,0.37900874635568516,0.9629629629629629,0.9469908814589666,0.5439330543933054,0.9892566985590242,1107.492,10,2026-09-18T18:12:31.394580+00:00
gemma-2-9b-it,belief_bank_facts,hidden,14,27416,belief_bank_facts,123,1258,8225,629,629,270,7955,1.5908,3585,0.43023255813953487,0.9592592592592593,0.9569604863221884,0.5940366972477065,0.9890648788323206,1109.597,10,2026-09-18T18:12:31.394580+00:00
gemma-2-9b-it,belief_bank_facts,hidden,14,27416,belief_bank_facts,420,1258,8225,629,629,270,7955,1.6609,3585,0.4323873121869783,0.9592592592592593,0.9573252279635258,0.5960874568469505,0.9920669506716018,1111.773,10,2026-09-18T18:12:31.394580+00:00
gemma-2-9b-it,belief_bank_facts,hidden,14,27416,belief_bank_facts,511,1258,8225,629,629,270,7955,1.5504,3585,0.3275217932752179,0.9740740740740741,0.9334954407294833,0.4902143522833178,0.9883762832600042,1113.842,10,2026-09-18T18:12:31.394580+00:00
gemma-2-9b-it,belief_bank_facts,hidden,14,27416,belief_bank_facts,mean,0,0,0,0,0,0,1.59977,3585.0,0.3783611232269871,0.9666666666666666,0.9461155015197569,0.542936135238974,0.9887405545079965,2691.634,10,2026-09-18T18:12:31.394580+00:00
gemma-2-9b-it,belief_bank_facts,hidden,14,27416,belief_bank_facts,std,0,0,0,0,0,0,0.05576282005063948,0.0,0.03267822570916589,0.007943559477602679,0.007293779052561337,0.032782045950350586,0.0012273815074264856,2691.634,10,2026-09-18T18:12:31.394580+00:00
gemma-2-9b-it,belief_bank_facts,hidden,14,27416,belief_bank_constraints,2,1258,25414,629,629,11520,13894,1.6815,3585,0.5051567550926164,0.8546006944444444,0.5546155662233415,0.6349769421780773,0.6511680076731763,1116.669,10,2026-09-18T18:12:31.394580+00:00
gemma-2-9b-it,belief_bank_facts,hidden,14,27416,belief_bank_constraints,4,1258,25414,629,629,11520,13894,1.5804,3585,0.5696085955487337,0.6442708333333333,0.618084520343118,0.6046435845213849,0.6640244827403515,1119.396,10,2026-09-18T18:12:31.394580+00:00
gemma-2-9b-it,belief_bank_facts,hidden,14,27416,belief_bank_constraints,24,1258,25414,629,629,11520,13894,0.6701,3585,0.6025573839220207,0.4990451388888889,0.6237113402061856,0.5459379896491144,0.6509068975117156,1121.208,10,2026-09-18T18:12:31.394580+00:00
gemma-2-9b-it,belief_bank_facts,hidden,14,27416,belief_bank_constraints,42,1258,25414,629,629,11520,13894,0.6602,3585,0.5378618068414385,0.4790798611111111,0.5772802392382151,0.5067719572104128,0.6053446269272906,1123.012,10,2026-09-18T18:12:31.394580+00:00
gemma-2-9b-it,belief_bank_facts,hidden,14,27416,belief_bank_constraints,64,1258,25414,629,629,11520,13894,0.6296,3585,0.551627088830255,0.2722222222222222,0.569804045014559,0.36454519035164196,0.6057306661148697,1124.778,10,2026-09-18T18:12:31.394580+00:00
gemma-2-9b-it,belief_bank_facts,hidden,14,27416,belief_bank_constraints,67,1258,25414,629,629,11520,13894,0.7,3585,0.5186036662835017,0.7440972222222222,0.5709057999527819,0.611216086134978,0.6341691819910273,1126.613,10,2026-09-18T18:12:31.394580+00:00
gemma-2-9b-it,belief_bank_facts,hidden,14,27416,belief_bank_constraints,104,1258,25414,629,629,11520,13894,0.7505,3585,0.5333280992384392,0.5896701388888889,0.5801133233650744,0.5600857484437481,0.6083639095812741,1128.51,10,2026-09-18T18:12:31.394580+00:00
gemma-2-9b-it,belief_bank_facts,hidden,14,27416,belief_bank_constraints,123,1258,25414,629,629,11520,13894,0.6799,3585,0.5145175834084761,0.74296875,0.5657118123868734,0.6079914757591902,0.6251188937471011,1130.333,10,2026-09-18T18:12:31.394580+00:00
gemma-2-9b-it,belief_bank_facts,hidden,14,27416,belief_bank_constraints,420,1258,25414,629,629,11520,13894,0.7302,3585,0.5334053907991624,0.6854166666666667,0.5856220980561895,0.5999316187364662,0.6573141146558066,1132.209,10,2026-09-18T18:12:31.394580+00:00
gemma-2-9b-it,belief_bank_facts,hidden,14,27416,belief_bank_constraints,511,1258,25414,629,629,11520,13894,0.6597,3585,0.5691007845503923,0.5730034722222223,0.6097820099157945,0.5710454604437908,0.6394614281944244,1134.01,10,2026-09-18T18:12:31.394580+00:00
gemma-2-9b-it,belief_bank_facts,hidden,14,27416,belief_bank_constraints,mean,0,0,0,0,0,0,0.87421,3585.0,0.5435767154515035,0.6084375,0.5855630754702132,0.5607146053428804,0.6341602209137036,2691.634,10,2026-09-18T18:12:31.394580+00:00
gemma-2-9b-it,belief_bank_facts,hidden,14,27416,belief_bank_constraints,std,0,0,0,0,0,0,0.38051015347819567,0.0,0.028386606882886144,0.1573711981986316,0.022389291331954008,0.07448882139420811,0.02100373565459779,2691.634,10,2026-09-18T18:12:31.394580+00:00
gemma-2-9b-it,belief_bank_facts,hidden,14,27416,halu_eval,2,1258,10000,629,629,2473,7527,1.6813,3585,0.25312041116005873,0.5576223210675293,0.4837,0.34818836005554854,0.5070946103664227,1136.226,10,2026-09-18T18:12:31.394580+00:00
gemma-2-9b-it,belief_bank_facts,hidden,14,27416,halu_eval,4,1258,10000,629,629,2473,7527,1.5906,3585,0.24338235294117647,0.267691063485645,0.6131,0.2549585981128442,0.49433837618459514,1138.352,10,2026-09-18T18:12:31.394580+00:00
gemma-2-9b-it,belief_bank_facts,hidden,14,27416,halu_eval,24,1258,10000,629,629,2473,7527,1.5706,3585,0.2802547770700637,0.03558431055398301,0.7389,0.06315034086831718,0.5103715853282678,1140.462,10,2026-09-18T18:12:31.394580+00:00
gemma-2-9b-it,belief_bank_facts,hidden,14,27416,halu_eval,42,1258,10000,629,629,2473,7527,1.5607,3585,0.24928605425987624,0.8471492114840274,0.3313,0.3852165119058564,0.5089923747215241,1142.557,10,2026-09-18T18:12:31.394580+00:00
gemma-2-9b-it,belief_bank_facts,hidden,14,27416,halu_eval,64,1258,10000,629,629,2473,7527,1.5605,3585,0.247897080653142,0.810351799433886,0.3451,0.37965331059960217,0.5129795305977871,1144.653,10,2026-09-18T18:12:31.394580+00:00
gemma-2-9b-it,belief_bank_facts,hidden,14,27416,halu_eval,67,1258,10000,629,629,2473,7527,1.5908,3585,0.24880382775119617,0.672866963202588,0.4167,0.36327911800021834,0.5034925353778292,1146.782,10,2026-09-18T18:12:31.394580+00:00
gemma-2-9b-it,belief_bank_facts,hidden,14,27416,halu_eval,104,1258,10000,629,629,2473,7527,1.611,3585,0.24751112052531243,0.9450060655074808,0.2759,0.3922786403692824,0.5156022763394816,1148.924,10,2026-09-18T18:12:31.394580+00:00
gemma-2-9b-it,belief_bank_facts,hidden,14,27416,halu_eval,123,1258,10000,629,629,2473,7527,1.5909,3585,0.24742882694887464,0.6712494945410432,0.4138,0.36157699847527774,0.5026772737970775,1151.051,10,2026-09-18T18:12:31.394580+00:00
gemma-2-9b-it,belief_bank_facts,hidden,14,27416,halu_eval,420,1258,10000,629,629,2473,7527,1.641,3585,0.2492459555799287,0.3675697533360291,0.5698,0.29705882352941176,0.4989295310033898,1153.227,10,2026-09-18T18:12:31.394580+00:00
gemma-2-9b-it,belief_bank_facts,hidden,14,27416,halu_eval,511,1258,10000,629,629,2473,7527,1.5507,3585,0.24899732620320855,0.6025070764253943,0.4523,0.35237081707461276,0.5012087231350613,1155.314,10,2026-09-18T18:12:31.394580+00:00
gemma-2-9b-it,belief_bank_facts,hidden,14,27416,halu_eval,mean,0,0,0,0,0,0,1.59481,3585.0,0.25159277330928376,0.5777598059037605,0.46406000000000003,0.3197731518990971,0.5055686816851437,2691.634,10,2026-09-18T18:12:31.394580+00:00
gemma-2-9b-it,belief_bank_facts,hidden,14,27416,halu_eval,std,0,0,0,0,0,0,0.03846781641840359,0.0,0.009819647100538618,0.2673237536044721,0.1346866155191376,0.0944499917283399,0.006281637239447206,2691.634,10,2026-09-18T18:12:31.394580+00:00
gemma-2-9b-it,belief_bank_facts,hidden,15,27416,belief_bank_facts,2,1258,8225,629,629,270,7955,1.6007,3585,0.4547008547008547,0.9851851851851852,0.9607294832826748,0.6222222222222222,0.9901869311171637,1158.192,10,2026-09-18T18:12:31.394580+00:00
gemma-2-9b-it,belief_bank_facts,hidden,15,27416,belief_bank_facts,4,1258,8225,629,629,270,7955,1.5904,3585,0.40214067278287463,0.9740740740740741,0.9516109422492401,0.5692640692640693,0.9907442326046977,1160.3,10,2026-09-18T18:12:31.394580+00:00
gemma-2-9b-it,belief_bank_facts,hidden,15,27416,belief_bank_facts,24,1258,8225,629,629,270,7955,1.5401,3585,0.4015625,0.9518518518518518,0.9518541033434651,0.5648351648351648,0.9884349465744814,1162.359,10,2026-09-18T18:12:31.394580+00:00
gemma-2-9b-it,belief_bank_facts,hidden,15,27416,belief_bank_facts,42,1258,8225,629,629,270,7955,1.5202,3585,0.3607681755829904,0.9740740740740741,0.9424924012158055,0.5265265265265265,0.9898307609935517,1164.396,10,2026-09-18T18:12:31.394580+00:00
gemma-2-9b-it,belief_bank_facts,hidden,15,27416,belief_bank_facts,64,1258,8225,629,629,270,7955,1.4799,3585,0.4036979969183359,0.9703703703703703,0.9519756838905775,0.5701849836779108,0.9916111460297506,1166.395,10,2026-09-18T18:12:31.394580+00:00
gemma-2-9b-it,belief_bank_facts,hidden,15,27416,belief_bank_facts,67,1258,8225,629,629,270,7955,1.5504,3585,0.369901547116737,0.9740740740740741,0.9446808510638298,0.5361875637104995,0.9898191214470284,1168.466,10,2026-09-18T18:12:31.394580+00:00
gemma-2-9b-it,belief_bank_facts,hidden,15,27416,belief_bank_facts,104,1258,8225,629,629,270,7955,1.5707,3585,0.4276422764227642,0.9740740740740741,0.9563525835866261,0.5943502824858757,0.9917196266033474,1170.557,10,2026-09-18T18:12:31.394580+00:00
gemma-2-9b-it,belief_bank_facts,hidden,15,27416,belief_bank_facts,123,1258,8225,629,629,270,7955,1.5606,3585,0.43543046357615894,0.9740740740740741,0.9576899696048632,0.6018306636155606,0.9920241171403962,1172.639,10,2026-09-18T18:12:31.394580+00:00
gemma-2-9b-it,belief_bank_facts,hidden,15,27416,belief_bank_facts,420,1258,8225,629,629,270,7955,1.6006,3585,0.453125,0.9666666666666667,0.9606079027355623,0.6170212765957447,0.9920939544195359,1174.756,10,2026-09-18T18:12:31.394580+00:00
gemma-2-9b-it,belief_bank_facts,hidden,15,27416,belief_bank_facts,511,1258,8225,629,629,270,7955,1.5203,3585,0.34285714285714286,0.9777777777777777,0.9377507598784195,0.5076923076923077,0.9900798472891496,1176.794,10,2026-09-18T18:12:31.394580+00:00
gemma-2-9b-it,belief_bank_facts,hidden,15,27416,belief_bank_facts,mean,0,0,0,0,0,0,1.55339,3585.0,0.40518266299578587,0.9722222222222221,0.9515744680851064,0.5710115060625882,0.9906544684219101,2691.634,10,2026-09-18T18:12:31.394580+00:00
gemma-2-9b-it,belief_bank_facts,hidden,15,27416,belief_bank_facts,std,0,0,0,0,0,0,0.037378133982316465,0.0,0.036464119995829575,0.008156561313164905,0.007395865700773736,0.036710734812044524,0.0011338988252698617,2691.634,10,2026-09-18T18:12:31.394580+00:00
gemma-2-9b-it,belief_bank_facts,hidden,15,27416,belief_bank_constraints,2,1258,25414,629,629,11520,13894,1.6415,3585,0.4987841721317515,0.5875868055555555,0.545408042811049,0.5395560161013909,0.5800633679306015,1179.584,10,2026-09-18T18:12:31.394580+00:00
gemma-2-9b-it,belief_bank_facts,hidden,15,27416,belief_bank_constraints,4,1258,25414,629,629,11520,13894,1.591,3585,0.5730864197530864,0.4029513888888889,0.5932950342330998,0.473190621814475,0.5948354380587944,1182.32,10,2026-09-18T18:12:31.394580+00:00
gemma-2-9b-it,belief_bank_facts,hidden,15,27416,belief_bank_constraints,24,1258,25414,629,629,11520,13894,1.5101,3585,0.5750479458968406,0.49453125,0.6052175966002991,0.5317589956596817,0.6241537239295939,1184.979,10,2026-09-18T18:12:31.394580+00:00
gemma-2-9b-it,belief_bank_facts,hidden,15,27416,belief_bank_constraints,42,1258,25414,629,629,11520,13894,1.5202,3585,0.629752354377398,0.3134548611111111,0.6052569449909498,0.4185696070476411,0.5693196278769412,1187.645,10,2026-09-18T18:12:31.394580+00:00
gemma-2-9b-it,belief_bank_facts,hidden,15,27416,belief_bank_constraints,64,1258,25414,629,629,11520,13894,1.4804,3585,0.6589446589446589,0.08888888888888889,0.5661446446840325,0.1566467798684412,0.5577263691961358,1190.274,10,2026-09-18T18:12:31.394580+00:00
gemma-2-9b-it,belief_bank_facts,hidden,15,27416,belief_bank_constraints,67,1258,25414,629,629,11520,13894,1.5506,3585,0.5546179632412438,0.41649305555555555,0.5838907688675533,0.475732487234148,0.5779360008017049,1192.98,10,2026-09-18T18:12:31.394580+00:00
gemma-2-9b-it,belief_bank_facts,hidden,15,27416,belief_bank_constraints,104,1258,25414,629,629,11520,13894,1.5806,3585,0.5099761762954139,0.2973090277777778,0.5519792240497363,0.3756306207501645,0.5741269712745709,1195.703,10,2026-09-18T18:12:31.394580+00:00
gemma-2-9b-it,belief_bank_facts,hidden,15,27416,belief_bank_constraints,123,1258,25414,629,629,11520,13894,1.5606,3585,0.5043123014071721,0.4822048611111111,0.5504446368143543,0.4930108719769248,0.5464332000823697,1198.405,10,2026-09-18T18:12:31.394580+00:00
gemma-2-9b-it,belief_bank_facts,hidden,15,27416,belief_bank_constraints,420,1258,25414,629,629,11520,13894,1.6316,3585,0.526844209988939,0.5375,0.5715353742031951,0.5321187642332317,0.5958322212425827,1201.178,10,2026-09-18T18:12:31.394580+00:00
gemma-2-9b-it,belief_bank_facts,hidden,15,27416,belief_bank_constraints,511,1258,25414,629,629,11520,13894,1.5104,3585,0.530672268907563,0.43854166666666666,0.5696859998426065,0.4802281368821293,0.57318687972826,1203.834,10,2026-09-18T18:12:31.394580+00:00
gemma-2-9b-it,belief_bank_facts,hidden,15,27416,belief_bank_constraints,mean,0,0,0,0,0,0,1.5577,3585.0,0.5562038470944067,0.40594618055555554,0.5742858267096876,0.4476442901568228,0.5793613800121555,2691.634,10,2026-09-18T18:12:31.394580+00:00
gemma-2-9b-it,belief_bank_facts,hidden,15,27416,belief_bank_constraints,std,0,0,0,0,0,0,0.05104934867361188,0.0,0.051233087550776595,0.1363917509781342,0.02089139761338377,0.10859615015342451,0.020587162628319233,2691.634,10,2026-09-18T18:12:31.394580+00:00
gemma-2-9b-it,belief_bank_facts,hidden,15,27416,halu_eval,2,1258,10000,629,629,2473,7527,1.5913,3585,0.25193423597678916,0.6320258794985847,0.4449,0.36026276362798204,0.5055843443989829,1205.961,10,2026-09-18T18:12:31.394580+00:00
gemma-2-9b-it,belief_bank_facts,hidden,15,27416,halu_eval,4,1258,10000,629,629,2473,7527,1.5706,3585,0.24302600472813238,0.20784472300849172,0.644,0.22406277244986922,0.5038064611823906,1208.068,10,2026-09-18T18:12:31.394580+00:00
gemma-2-9b-it,belief_bank_facts,hidden,15,27416,halu_eval,24,1258,10000,629,629,2473,7527,1.5,3585,0.24079754601226994,0.06348564496562879,0.7189,0.10048,0.5010838726910122,1210.105,10,2026-09-18T18:12:31.394580+00:00
gemma-2-9b-it,belief_bank_facts,hidden,15,27416,halu_eval,42,1258,10000,629,629,2473,7527,1.5202,3585,0.2475993804852865,0.9696724625960372,0.2638,0.3944727751274881,0.5074577188652728,1212.16,10,2026-09-18T18:12:31.394580+00:00
gemma-2-9b-it,belief_bank_facts,hidden,15,27416,halu_eval,64,1258,10000,629,629,2473,7527,1.48,3585,0.25054494165918706,0.7901334411645774,0.3636,0.3804517133956386,0.5066772155621888,1214.174,10,2026-09-18T18:12:31.394580+00:00
gemma-2-9b-it,belief_bank_facts,hidden,15,27416,halu_eval,67,1258,10000,629,629,2473,7527,1.5404,3585,0.24949993332444326,0.7565709664375253,0.377,0.3752507019655034,0.5052897854554712,1216.251,10,2026-09-18T18:12:31.394580+00:00
gemma-2-9b-it,belief_bank_facts,hidden,15,27416,halu_eval,104,1258,10000,629,629,2473,7527,1.6211,3585,0.2477849068133211,0.9838253133845531,0.2574,0.39586723071916696,0.50826736647382,1218.408,10,2026-09-18T18:12:31.394580+00:00
gemma-2-9b-it,belief_bank_facts,hidden,15,27416,halu_eval,123,1258,10000,629,629,2473,7527,1.5604,3585,0.24802072837195913,0.696724625960372,0.4026,0.3658174097664543,0.4990535487529971,1220.5,10,2026-09-18T18:12:31.394580+00:00
gemma-2-9b-it,belief_bank_facts,hidden,15,27416,halu_eval,420,1258,10000,629,629,2473,7527,1.5906,3585,0.2456781914893617,0.8964820056611403,0.2937,0.38566582586761766,0.49239228869075774,1222.622,10,2026-09-18T18:12:31.394580+00:00
gemma-2-9b-it,belief_bank_facts,hidden,15,27416,halu_eval,511,1258,10000,629,629,2473,7527,1.5102,3585,0.24534630219688078,0.5915891629599677,0.449,0.34684684684684686,0.5005357985816365,1224.668,10,2026-09-18T18:12:31.394580+00:00
gemma-2-9b-it,belief_bank_facts,hidden,15,27416,halu_eval,mean,0,0,0,0,0,0,1.54848,3585.0,0.24702321710576308,0.6588354225636879,0.42149000000000003,0.33291780397665666,0.503014840065453,2691.634,10,2026-09-18T18:12:31.394580+00:00
gemma-2-9b-it,belief_bank_facts,hidden,15,27416,halu_eval,std,0,0,0,0,0,0,0.04345447732972979,0.0,0.0032236588290787934,0.29155029940131916,0.14597178802768707,0.09082204860699333,0.004599459764687192,2691.634,10,2026-09-18T18:12:31.394580+00:00
gemma-2-9b-it,belief_bank_facts,hidden,16,27416,belief_bank_facts,2,1258,8225,629,629,270,7955,1.5706,3585,0.4844606946983547,0.9814814814814815,0.9651063829787234,0.6487148102815178,0.9909742300439975,1227.555,10,2026-09-18T18:12:31.394580+00:00
gemma-2-9b-it,belief_bank_facts,hidden,16,27416,belief_bank_facts,4,1258,8225,629,629,270,7955,1.4696,3585,0.4178628389154705,0.9703703703703703,0.9546504559270517,0.5841694537346711,0.9917261447494006,1229.545,10,2026-09-18T18:12:31.394580+00:00
gemma-2-9b-it,belief_bank_facts,hidden,16,27416,belief_bank_facts,24,1258,8225,629,629,270,7955,1.5107,3585,0.436241610738255,0.9629629629629629,0.9579331306990881,0.6004618937644342,0.9909961123914612,1231.58,10,2026-09-18T18:12:31.394580+00:00
gemma-2-9b-it,belief_bank_facts,hidden,16,27416,belief_bank_facts,42,1258,8225,629,629,270,7955,1.4698,3585,0.40950920245398775,0.9888888888888889,0.9528267477203647,0.579175704989154,0.9923183648765044,1233.57,10,2026-09-18T18:12:31.394580+00:00
gemma-2-9b-it,belief_bank_facts,hidden,16,27416,belief_bank_facts,64,1258,8225,629,629,270,7955,1.48,3585,0.4433164128595601,0.9703703703703703,0.9590273556231003,0.6085946573751452,0.9923518867704916,1235.57,10,2026-09-18T18:12:31.394580+00:00
gemma-2-9b-it,belief_bank_facts,hidden,16,27416,belief_bank_facts,67,1258,8225,629,629,270,7955,1.5203,3585,0.40825688073394495,0.9888888888888889,0.9525835866261398,0.577922077922078,0.9915361873501408,1237.608,10,2026-09-18T18:12:31.394580+00:00
gemma-2-9b-it,belief_bank_facts,hidden,16,27416,belief_bank_facts,104,1258,8225,629,629,270,7955,1.5704,3585,0.4835164835164835,0.9777777777777777,0.9649848024316109,0.6470588235294118,0.9931694485182857,1239.693,10,2026-09-18T18:12:31.394580+00:00
gemma-2-9b-it,belief_bank_facts,hidden,16,27416,belief_bank_facts,123,1258,8225,629,629,270,7955,1.5301,3585,0.4790528233151184,0.9740740740740741,0.9643768996960487,0.6422466422466423,0.9943925320669507,1241.742,10,2026-09-18T18:12:31.394580+00:00
gemma-2-9b-it,belief_bank_facts,hidden,16,27416,belief_bank_facts,420,1258,8225,629,629,270,7955,1.5706,3585,0.49624060150375937,0.9777777777777777,0.9666869300911854,0.6583541147132169,0.9948343692529739,1243.831,10,2026-09-18T18:12:31.394580+00:00
gemma-2-9b-it,belief_bank_facts,hidden,16,27416,belief_bank_facts,511,1258,8225,629,629,270,7955,1.5001,3585,0.3914327917282127,0.9814814814814815,0.9493009118541034,0.5596620908130939,0.9932565123262798,1245.851,10,2026-09-18T18:12:31.394580+00:00
gemma-2-9b-it,belief_bank_facts,hidden,16,27416,belief_bank_facts,mean,0,0,0,0,0,0,1.5192200000000002,3585.0,0.4449890340463146,0.9774074074074074,0.9587477203647417,0.6106360269369364,0.9925555788346486,2691.634,10,2026-09-18T18:12:31.394580+00:00
gemma-2-9b-it,belief_bank_facts,hidden,16,27416,belief_bank_facts,std,0,0,0,0,0,0,0.038599994818652505,0.0,0.03622282074874989,0.007848007444598955,0.005948768569080062,0.03394011919194799,0.0012725135402428221,2691.634,10,2026-09-18T18:12:31.394580+00:00
gemma-2-9b-it,belief_bank_facts,hidden,16,27416,belief_bank_constraints,2,1258,25414,629,629,11520,13894,1.5606,3585,0.5684663536776213,0.37838541666666664,0.5880223498858896,0.4543464665415885,0.5914608798961982,1248.559,10,2026-09-18T18:12:31.394580+00:00
gemma-2-9b-it,belief_bank_facts,hidden,16,27416,belief_bank_constraints,4,1258,25414,629,629,11520,13894,1.4699,3585,0.6172755206555138,0.3138888888888889,0.6007712284567561,0.4161583611462769,0.6234954411776465,1251.175,10,2026-09-18T18:12:31.394580+00:00
gemma-2-9b-it,belief_bank_facts,hidden,16,27416,belief_bank_constraints,24,1258,25414,629,629,11520,13894,1.5307,3585,0.7307929969104017,0.3079861111111111,0.6348862831510191,0.4333435114503817,0.6652973205860243,1253.853,10,2026-09-18T18:12:31.394580+00:00
gemma-2-9b-it,belief_bank_facts,hidden,16,27416,belief_bank_constraints,42,1258,25414,629,629,11520,13894,1.4801,3585,0.670567837017772,0.2685763888888889,0.6086409065869206,0.3835378703359365,0.5893108710994355,1256.484,10,2026-09-18T18:12:31.394580+00:00
gemma-2-9b-it,belief_bank_facts,hidden,16,27416,belief_bank_constraints,64,1258,25414,629,629,11520,13894,1.4599,3585,0.6451077943615257,0.10130208333333333,0.5673644447942079,0.17510690974566734,0.5978052514174783,1259.086,10,2026-09-18T18:12:31.394580+00:00
gemma-2-9b-it,belief_bank_facts,hidden,16,27416,belief_bank_constraints,67,1258,25414,629,629,11520,13894,1.5201,3585,0.6165526675786593,0.3912326388888889,0.6137561973715275,0.47870419543281995,0.5853925880276059,1261.755,10,2026-09-18T18:12:31.394580+00:00
gemma-2-9b-it,belief_bank_facts,hidden,16,27416,belief_bank_constraints,104,1258,25414,629,629,11520,13894,1.5706,3585,0.5057460437076111,0.4660590277777778,0.5515070433619265,0.48509215757137697,0.5793150058278553,1264.468,10,2026-09-18T18:12:31.394580+00:00
gemma-2-9b-it,belief_bank_facts,hidden,16,27416,belief_bank_constraints,123,1258,25414,629,629,11520,13894,1.5303,3585,0.619767604647907,0.38428819444444445,0.6140316361060832,0.47441461715694155,0.5835169782520033,1267.15,10,2026-09-18T18:12:31.394580+00:00
gemma-2-9b-it,belief_bank_facts,hidden,16,27416,belief_bank_constraints,420,1258,25414,629,629,11520,13894,1.5706,3585,0.4744870491116827,0.6885416666666667,0.5131423624773747,0.5618160569465595,0.6102373201661788,1269.858,10,2026-09-18T18:12:31.394580+00:00
gemma-2-9b-it,belief_bank_facts,hidden,16,27416,belief_bank_constraints,511,1258,25414,629,629,11520,13894,1.5003,3585,0.5461547438440891,0.40625,0.5778311167073267,0.4659266265120215,0.5981820627509077,1272.507,10,2026-09-18T18:12:31.394580+00:00
gemma-2-9b-it,belief_bank_facts,hidden,16,27416,belief_bank_constraints,mean,0,0,0,0,0,0,1.51931,3585.0,0.5994918611512784,0.3706510416666667,0.5869953568899031,0.43284467728395704,0.6024013719201334,2691.634,10,2026-09-18T18:12:31.394580+00:00
gemma-2-9b-it,belief_bank_facts,hidden,16,27416,belief_bank_constraints,std,0,0,0,0,0,0,0.038842024921468765,0.0,0.07322085967344479,0.14220082466437595,0.034033871595223975,0.09689680778496254,0.02443592442573653,2691.634,10,2026-09-18T18:12:31.394580+00:00
gemma-2-9b-it,belief_bank_facts,hidden,16,27416,halu_eval,2,1258,10000,629,629,2473,7527,1.6012,3585,0.24887766554433222,0.35867367569753333,0.5737,0.2938545635249296,0.5046961549017955,1274.646,10,2026-09-18T18:12:31.394580+00:00
gemma-2-9b-it,belief_bank_facts,hidden,16,27416,halu_eval,4,1258,10000,629,629,2473,7527,1.4699,3585,0.25251474158862297,0.5887585928022645,0.4673,0.35344095157179267,0.5016581095225271,1276.652,10,2026-09-18T18:12:31.394580+00:00
gemma-2-9b-it,belief_bank_facts,hidden,16,27416,halu_eval,24,1258,10000,629,629,2473,7527,1.5003,3585,0.2528501628664495,0.25111200970481196,0.6313,0.2519780888618381,0.4987073627540934,1278.69,10,2026-09-18T18:12:31.394580+00:00
gemma-2-9b-it,belief_bank_facts,hidden,16,27416,halu_eval,42,1258,10000,629,629,2473,7527,1.48,3585,0.24579310344827587,0.7205822887181561,0.3841,0.36655353286022835,0.49643964031683,1280.705,10,2026-09-18T18:12:31.394580+00:00
gemma-2-9b-it,belief_bank_facts,hidden,16,27416,halu_eval,64,1258,10000,629,629,2473,7527,0.5589,3585,0.2520107238605898,0.6081682167408007,0.4567,0.35635588200450186,0.5034220249613858,1281.803,10,2026-09-18T18:12:31.394580+00:00
gemma-2-9b-it,belief_bank_facts,hidden,16,27416,halu_eval,67,1258,10000,629,629,2473,7527,0.6193,3585,0.24685787947147922,0.9292357460574201,0.2814,0.390086572738075,0.4972662104253236,1282.962,10,2026-09-18T18:12:31.394580+00:00
gemma-2-9b-it,belief_bank_facts,hidden,16,27416,halu_eval,104,1258,10000,629,629,2473,7527,0.6597,3585,0.24734734734734734,0.9991912656692277,0.2479,0.3965337398700152,0.5007378747198856,1284.157,10,2026-09-18T18:12:31.394580+00:00
gemma-2-9b-it,belief_bank_facts,hidden,16,27416,halu_eval,123,1258,10000,629,629,2473,7527,0.6298,3585,0.2464439298709891,0.3012535382126971,0.5994,0.27110625909752545,0.49426614665704616,1285.325,10,2026-09-18T18:12:31.394580+00:00
gemma-2-9b-it,belief_bank_facts,hidden,16,27416,halu_eval,420,1258,10000,629,629,2473,7527,0.7103,3585,0.24149241492414925,0.476344520824909,0.5005,0.3205006121616107,0.49048676147456977,1286.573,10,2026-09-18T18:12:31.394580+00:00
gemma-2-9b-it,belief_bank_facts,hidden,16,27416,halu_eval,511,1258,10000,629,629,2473,7527,0.5893,3585,0.2445686698005336,0.7784067933683785,0.3506,0.37219644238205724,0.4937965338529776,1287.698,10,2026-09-18T18:12:31.394580+00:00
gemma-2-9b-it,belief_bank_facts,hidden,16,27416,halu_eval,mean,0,0,0,0,0,0,0.9818699999999998,3585.0,0.24787566387227686,0.6011726647796198,0.44928999999999997,0.33726066450725745,0.4981476819586434,2691.634,10,2026-09-18T18:12:31.394580+00:00
gemma-2-9b-it,belief_bank_facts,hidden,16,27416,halu_eval,std,0,0,0,0,0,0,0.4364189479158759,0.0,0.00351786030550488,0.24470382168015822,0.12524961836269202,0.047773837816464264,0.004317748741239349,2691.634,10,2026-09-18T18:12:31.394580+00:00
gemma-2-9b-it,belief_bank_facts,hidden,17,27416,belief_bank_facts,2,1258,8225,629,629,270,7955,0.5189,3585,0.5066666666666667,0.9851851851851852,0.9680243161094225,0.6691823899371069,0.9933202970412273,1289.407,10,2026-09-18T18:12:31.394580+00:00
gemma-2-9b-it,belief_bank_facts,hidden,17,27416,belief_bank_facts,4,1258,8225,629,629,270,7955,0.5188,3585,0.4614035087719298,0.9740740740740741,0.961823708206687,0.6261904761904762,0.9952678259655003,1290.446,10,2026-09-18T18:12:31.394580+00:00
gemma-2-9b-it,belief_bank_facts,hidden,17,27416,belief_bank_facts,24,1258,8225,629,629,270,7955,1.3997,3585,0.44425675675675674,0.9740740740740741,0.9591489361702128,0.6102088167053364,0.9942682217100822,1292.365,10,2026-09-18T18:12:31.394580+00:00
gemma-2-9b-it,belief_bank_facts,hidden,17,27416,belief_bank_facts,42,1258,8225,629,629,270,7955,1.3993,3585,0.43159609120521175,0.9814814814814815,0.9569604863221884,0.5995475113122172,0.9945228949880113,1294.286,10,2026-09-18T18:12:31.394580+00:00
gemma-2-9b-it,belief_bank_facts,hidden,17,27416,belief_bank_facts,64,1258,8225,629,629,270,7955,1.3187,3585,0.44905008635578586,0.9629629629629629,0.96,0.6124852767962309,0.9935884721931234,1296.123,10,2026-09-18T18:12:31.394580+00:00
gemma-2-9b-it,belief_bank_facts,hidden,17,27416,belief_bank_facts,67,1258,8225,629,629,270,7955,1.4098,3585,0.41368584758942456,0.9851851851851852,0.953677811550152,0.5826944140197152,0.9933310054240286,1298.054,10,2026-09-18T18:12:31.394580+00:00
gemma-2-9b-it,belief_bank_facts,hidden,17,27416,belief_bank_facts,104,1258,8225,629,629,270,7955,1.4495,3585,0.4870848708487085,0.9777777777777777,0.9654711246200608,0.6502463054187192,0.9953060036780966,1300.024,10,2026-09-18T18:12:31.394580+00:00
gemma-2-9b-it,belief_bank_facts,hidden,17,27416,belief_bank_facts,123,1258,8225,629,629,270,7955,1.4097,3585,0.48417132216014896,0.9629629629629629,0.9651063829787234,0.644361833952912,0.9924817841096912,1301.953,10,2026-09-18T18:12:31.394580+00:00
gemma-2-9b-it,belief_bank_facts,hidden,17,27416,belief_bank_facts,420,1258,8225,629,629,270,7955,1.3993,3585,0.5009560229445507,0.9703703703703703,0.9672948328267478,0.6607818411097099,0.9956705542752055,1303.87,10,2026-09-18T18:12:31.394580+00:00
gemma-2-9b-it,belief_bank_facts,hidden,17,27416,belief_bank_facts,511,1258,8225,629,629,270,7955,1.3991,3585,0.41379310344827586,0.9777777777777777,0.9537993920972644,0.5814977973568282,0.9937826198291314,1305.783,10,2026-09-18T18:12:31.394580+00:00
gemma-2-9b-it,belief_bank_facts,hidden,17,27416,belief_bank_facts,mean,0,0,0,0,0,0,1.22228,3585.0,0.45926642767474596,0.9751851851851852,0.961130699088146,0.6237196662799253,0.9941539679214098,2691.634,10,2026-09-18T18:12:31.394580+00:00
gemma-2-9b-it,belief_bank_facts,hidden,17,27416,belief_bank_facts,std,0,0,0,0,0,0,0.3530238824782255,0.0,0.03259480870367003,0.007599364640253048,0.005025278621831816,0.029891697500728898,0.0009819989479306654,2691.634,10,2026-09-18T18:12:31.394580+00:00
gemma-2-9b-it,belief_bank_facts,hidden,17,27416,belief_bank_constraints,2,1258,25414,629,629,11520,13894,1.4093,3585,0.501639520507445,0.8100694444444444,0.5491067915322263,0.6195930020250308,0.6348343684524096,1308.338,10,2026-09-18T18:12:31.394580+00:00
gemma-2-9b-it,belief_bank_facts,hidden,17,27416,belief_bank_constraints,4,1258,25414,629,629,11520,13894,1.4296,3585,0.49595643735173606,0.7985243055555555,0.5408042811049029,0.6118797392576826,0.6146210069694352,1310.91,10,2026-09-18T18:12:31.394580+00:00
gemma-2-9b-it,belief_bank_facts,hidden,17,27416,belief_bank_constraints,24,1258,25414,629,629,11520,13894,1.3993,3585,0.5009660242212902,0.9228298611111111,0.5483198237192098,0.6493998350691793,0.6767350427542664,1313.455,10,2026-09-18T18:12:31.394580+00:00
gemma-2-9b-it,belief_bank_facts,hidden,17,27416,belief_bank_constraints,42,1258,25414,629,629,11520,13894,1.3994,3585,0.5796786799826313,0.34765625,0.5900291178090816,0.4346410548591893,0.5995132228839788,1316.003,10,2026-09-18T18:12:31.394580+00:00
gemma-2-9b-it,belief_bank_facts,hidden,17,27416,belief_bank_constraints,64,1258,25414,629,629,11520,13894,1.3492,3585,0.7256960292104062,0.13802083333333334,0.5856220980561895,0.23193056669827147,0.6147504718263679,1318.502,10,2026-09-18T18:12:31.394580+00:00
gemma-2-9b-it,belief_bank_facts,hidden,17,27416,belief_bank_constraints,67,1258,25414,629,629,11520,13894,1.3993,3585,0.4934265915419986,0.6613715277777777,0.5387188164004092,0.5651867512332629,0.6014958057934681,1321.04,10,2026-09-18T18:12:31.394580+00:00
gemma-2-9b-it,belief_bank_facts,hidden,17,27416,belief_bank_constraints,104,1258,25414,629,629,11520,13894,1.4297,3585,0.4702887700534759,0.9542534722222222,0.4920516250885339,0.6300616134116636,0.611439027937719,1323.614,10,2026-09-18T18:12:31.394580+00:00
gemma-2-9b-it,belief_bank_facts,hidden,17,27416,belief_bank_constraints,123,1258,25414,629,629,11520,13894,1.4094,3585,0.5450225706818722,0.39826388888888886,0.5765326198158496,0.4602267027786137,0.5866675375961646,1326.173,10,2026-09-18T18:12:31.394580+00:00
gemma-2-9b-it,belief_bank_facts,hidden,17,27416,belief_bank_constraints,420,1258,25414,629,629,11520,13894,1.4092,3585,0.48308932542624167,0.9051215277777778,0.5179822145274259,0.6299540840985983,0.6442639983486077,1328.726,10,2026-09-18T18:12:31.394580+00:00
gemma-2-9b-it,belief_bank_facts,hidden,17,27416,belief_bank_constraints,511,1258,25414,629,629,11520,13894,1.3895,3585,0.5551333808279901,0.6087673611111111,0.6015188478791218,0.5807146110214052,0.6537795841130465,1331.259,10,2026-09-18T18:12:31.394580+00:00
gemma-2-9b-it,belief_bank_facts,hidden,17,27416,belief_bank_constraints,mean,0,0,0,0,0,0,1.40239,3585.0,0.5350897329805087,0.6544878472222223,0.554068623593295,0.5413587960452897,0.6238100066675465,2691.634,10,2026-09-18T18:12:31.394580+00:00
gemma-2-9b-it,belief_bank_facts,hidden,17,27416,belief_bank_constraints,std,0,0,0,0,0,0,0.021570463601879315,0.0,0.07160525610485928,0.2642552767918386,0.03265348169598124,0.12422461470400704,0.02650756801144134,2691.634,10,2026-09-18T18:12:31.394580+00:00
gemma-2-9b-it,belief_bank_facts,hidden,17,27416,halu_eval,2,1258,10000,629,629,2473,7527,1.4198,3585,0.24120234604105573,0.13303679741205013,0.6821,0.1714881417774303,0.499385498363057,1333.217,10,2026-09-18T18:12:31.394580+00:00
gemma-2-9b-it,belief_bank_facts,hidden,17,27416,halu_eval,4,1258,10000,629,629,2473,7527,1.4294,3585,0.2436741767764298,0.28427011726647794,0.6048,0.2624113475177305,0.49917329558595125,1335.181,10,2026-09-18T18:12:31.394580+00:00
gemma-2-9b-it,belief_bank_facts,hidden,17,27416,halu_eval,24,1258,10000,629,629,2473,7527,1.4094,3585,0.22916666666666666,0.18681763040841085,0.6435,0.205836489195812,0.49389471121377787,1337.127,10,2026-09-18T18:12:31.394580+00:00
gemma-2-9b-it,belief_bank_facts,hidden,17,27416,halu_eval,42,1258,10000,629,629,2473,7527,1.3993,3585,0.2479769578932931,0.7310958350181965,0.3852,0.37034002458009013,0.4977718977015001,1339.063,10,2026-09-18T18:12:31.394580+00:00
gemma-2-9b-it,belief_bank_facts,hidden,17,27416,halu_eval,64,1258,10000,629,629,2473,7527,1.3289,3585,0.2517123287671233,0.059441973311767086,0.7237,0.09617271835132483,0.5014292528565851,1340.932,10,2026-09-18T18:12:31.394580+00:00
gemma-2-9b-it,belief_bank_facts,hidden,17,27416,halu_eval,67,1258,10000,629,629,2473,7527,1.4092,3585,0.2404040404040404,0.19247877072381722,0.6499,0.2137884572198518,0.4970148978705639,1342.876,10,2026-09-18T18:12:31.394580+00:00
gemma-2-9b-it,belief_bank_facts,hidden,17,27416,halu_eval,104,1258,10000,629,629,2473,7527,1.4296,3585,0.24795781201530348,0.9696724625960372,0.2652,0.39492753623188404,0.5044601531803207,1344.84,10,2026-09-18T18:12:31.394580+00:00
gemma-2-9b-it,belief_bank_facts,hidden,17,27416,halu_eval,123,1258,10000,629,629,2473,7527,1.4092,3585,0.24161425576519915,0.37282652648604936,0.5555,0.2932103673079981,0.4987422821984272,1346.782,10,2026-09-18T18:12:31.394580+00:00
gemma-2-9b-it,belief_bank_facts,hidden,17,27416,halu_eval,420,1258,10000,629,629,2473,7527,1.4092,3585,0.23908216136195412,0.5224423776789324,0.4707,0.32804367144852103,0.48629940973782965,1348.719,10,2026-09-18T18:12:31.394580+00:00
gemma-2-9b-it,belief_bank_facts,hidden,17,27416,halu_eval,511,1258,10000,629,629,2473,7527,1.3992,3585,0.23735212685627988,0.3813182369591589,0.544,0.2925845485572448,0.4880373773434372,1350.655,10,2026-09-18T18:12:31.394580+00:00
gemma-2-9b-it,belief_bank_facts,hidden,17,27416,halu_eval,mean,0,0,0,0,0,0,1.40432,3585.0,0.24201428725473453,0.3833400727860897,0.55246,0.2628803302187887,0.49662087760514506,2691.634,10,2026-09-18T18:12:31.394580+00:00
gemma-2-9b-it,belief_bank_facts,hidden,17,27416,halu_eval,std,0,0,0,0,0,0,0.027100841315354035,0.0,0.006053864843039629,0.27140550598394203,0.13561404941966743,0.08765885865437058,0.005406979703479404,2691.634,10,2026-09-18T18:12:31.394580+00:00
gemma-2-9b-it,belief_bank_facts,hidden,18,27416,belief_bank_facts,2,1258,8225,629,629,270,7955,1.3287,3585,0.553941908713693,0.9888888888888889,0.9734954407294832,0.7101063829787234,0.99608305980399,1353.188,10,2026-09-18T18:12:31.394580+00:00
gemma-2-9b-it,belief_bank_facts,hidden,18,27416,belief_bank_facts,4,1258,8225,629,629,270,7955,1.2383,3585,0.48717948717948717,0.9851851851851852,0.9654711246200608,0.6519607843137255,0.99713853388272,1354.946,10,2026-09-18T18:12:31.394580+00:00
gemma-2-9b-it,belief_bank_facts,hidden,18,27416,belief_bank_facts,24,1258,8225,629,629,270,7955,1.208,3585,0.4793536804308797,0.9888888888888889,0.9643768996960487,0.6457073760580411,0.9945675908466607,1356.675,10,2026-09-18T18:12:31.394580+00:00
gemma-2-9b-it,belief_bank_facts,hidden,18,27416,belief_bank_facts,42,1258,8225,629,629,270,7955,1.2585,3585,0.44648829431438125,0.9888888888888889,0.9593920972644376,0.6152073732718893,0.9969932723421095,1358.454,10,2026-09-18T18:12:31.394580+00:00
gemma-2-9b-it,belief_bank_facts,hidden,18,27416,belief_bank_facts,64,1258,8225,629,629,270,7955,1.2079,3585,0.5038314176245211,0.9740740740740741,0.9676595744680851,0.6641414141414141,0.9953018134413484,1360.182,10,2026-09-18T18:12:31.394580+00:00
gemma-2-9b-it,belief_bank_facts,hidden,18,27416,belief_bank_facts,67,1258,8225,629,629,270,7955,1.2785,3585,0.48722627737226276,0.9888888888888889,0.9654711246200608,0.6528117359413202,0.9957930023046302,1361.982,10,2026-09-18T18:12:31.394580+00:00
gemma-2-9b-it,belief_bank_facts,hidden,18,27416,belief_bank_facts,104,1258,8225,629,629,270,7955,1.3491,3585,0.5621052631578948,0.9888888888888889,0.9743465045592705,0.7167785234899329,0.9974686314221198,1363.849,10,2026-09-18T18:12:31.394580+00:00
gemma-2-9b-it,belief_bank_facts,hidden,18,27416,belief_bank_facts,123,1258,8225,629,629,270,7955,1.2785,3585,0.5216535433070866,0.9814814814814815,0.9698480243161094,0.6812339331619537,0.9965002211513839,1365.647,10,2026-09-18T18:12:31.394580+00:00
gemma-2-9b-it,belief_bank_facts,hidden,18,27416,belief_bank_facts,420,1258,8225,629,629,270,7955,1.1878,3585,0.5502092050209205,0.9740740740740741,0.9730091185410334,0.7032085561497327,0.9945666596829388,1367.355,10,2026-09-18T18:12:31.394580+00:00
gemma-2-9b-it,belief_bank_facts,hidden,18,27416,belief_bank_facts,511,1258,8225,629,629,270,7955,1.2987,3585,0.4528301886792453,0.9777777777777777,0.9604863221884499,0.6189917936694022,0.9941602067183463,1369.173,10,2026-09-18T18:12:31.394580+00:00
gemma-2-9b-it,belief_bank_facts,hidden,18,27416,belief_bank_facts,mean,0,0,0,0,0,0,1.2634,3585.0,0.5044819265800372,0.9837037037037037,0.967355623100304,0.6660147873176135,0.9958572991596248,2691.634,10,2026-09-18T18:12:31.394580+00:00
gemma-2-9b-it,belief_bank_facts,hidden,18,27416,belief_bank_facts,std,0,0,0,0,0,0,0.05082271145855955,0.0,0.03925905542982271,0.00601780622565628,0.005014147444631263,0.03422910436622391,0.0011186878348093167,2691.634,10,2026-09-18T18:12:31.394580+00:00
gemma-2-9b-it,belief_bank_facts,hidden,18,27416,belief_bank_constraints,2,1258,25414,629,629,11520,13894,1.3088,3585,0.4783962631374076,0.96015625,0.5073974974423546,0.638607430501429,0.5875317258248964,1371.64,10,2026-09-18T18:12:31.394580+00:00
gemma-2-9b-it,belief_bank_facts,hidden,18,27416,belief_bank_constraints,4,1258,25414,629,629,11520,13894,1.2379,3585,0.467204843592331,0.9645833333333333,0.48532305028724326,0.6295037389530931,0.6124225972342179,1374.01,10,2026-09-18T18:12:31.394580+00:00
gemma-2-9b-it,belief_bank_facts,hidden,18,27416,belief_bank_constraints,24,1258,25414,629,629,11520,13894,1.208,3585,0.4595826044505919,0.9806423611111111,0.4685212874793421,0.6258552394670508,0.638758905472786,1376.361,10,2026-09-18T18:12:31.394580+00:00
gemma-2-9b-it,belief_bank_facts,hidden,18,27416,belief_bank_constraints,42,1258,25414,629,629,11520,13894,1.2583,3585,0.5381687810259239,0.8469618055555556,0.6011647123632643,0.6581450252951097,0.6692884206112151,1378.764,10,2026-09-18T18:12:31.394580+00:00
gemma-2-9b-it,belief_bank_facts,hidden,18,27416,belief_bank_constraints,64,1258,25414,629,629,11520,13894,1.2079,3585,0.504314192204701,0.5885416666666666,0.5512709530180215,0.5431821823425733,0.609013158157798,1381.117,10,2026-09-18T18:12:31.394580+00:00
gemma-2-9b-it,belief_bank_facts,hidden,18,27416,belief_bank_constraints,67,1258,25414,629,629,11520,13894,1.2787,3585,0.5027513499614297,0.8486111111111111,0.5509168175021641,0.6314225738737284,0.6065167518353246,1383.54,10,2026-09-18T18:12:31.394580+00:00
gemma-2-9b-it,belief_bank_facts,hidden,18,27416,belief_bank_constraints,104,1258,25414,629,629,11520,13894,1.3792,3585,0.4646620943459351,0.9644965277777777,0.48020775950263633,0.6271731767893429,0.60617933225573,1386.064,10,2026-09-18T18:12:31.394580+00:00
gemma-2-9b-it,belief_bank_facts,hidden,18,27416,belief_bank_constraints,123,1258,25414,629,629,11520,13894,1.2785,3585,0.516816723584808,0.8670138888888889,0.5722829936255607,0.647604227452506,0.6412864690793788,1388.488,10,2026-09-18T18:12:31.394580+00:00
gemma-2-9b-it,belief_bank_facts,hidden,18,27416,belief_bank_constraints,420,1258,25414,629,629,11520,13894,1.1779,3585,0.5055480659545785,0.8463541666666666,0.5551270953018022,0.6329935726806466,0.6369617043428017,1390.808,10,2026-09-18T18:12:31.394580+00:00
gemma-2-9b-it,belief_bank_facts,hidden,18,27416,belief_bank_constraints,511,1258,25414,629,629,11520,13894,1.2987,3585,0.46991822429906543,0.9776909722222222,0.4899661603840403,0.6347497745716862,0.6521399437506997,1393.249,10,2026-09-18T18:12:31.394580+00:00
gemma-2-9b-it,belief_bank_facts,hidden,18,27416,belief_bank_constraints,mean,0,0,0,0,0,0,1.2633899999999998,3585.0,0.4907363142556772,0.8845052083333333,0.526217832690643,0.6269236941927167,0.6260099008564848,2691.634,10,2026-09-18T18:12:31.394580+00:00
gemma-2-9b-it,belief_bank_facts,hidden,18,27416,belief_bank_constraints,std,0,0,0,0,0,0,0.05595972569625409,0.0,0.02503588008604579,0.11336396943940034,0.04312663693587893,0.02945810214213848,0.024081051502027863,2691.634,10,2026-09-18T18:12:31.394580+00:00
gemma-2-9b-it,belief_bank_facts,hidden,18,27416,halu_eval,2,1258,10000,629,629,2473,7527,1.3086,3585,0.2536539368222537,0.2175495349777598,0.6482,0.23421854592947322,0.5064601240628762,1395.093,10,2026-09-18T18:12:31.394580+00:00
gemma-2-9b-it,belief_bank_facts,hidden,18,27416,halu_eval,4,1258,10000,629,629,2473,7527,1.2383,3585,0.24148887880163414,0.43024666397088557,0.5249,0.3093472888501236,0.493042139549811,1396.869,10,2026-09-18T18:12:31.394580+00:00
gemma-2-9b-it,belief_bank_facts,hidden,18,27416,halu_eval,24,1258,10000,629,629,2473,7527,1.2079,3585,0.2482957827845176,0.8689850384148807,0.317,0.3862329259525521,0.5018885241329085,1398.612,10,2026-09-18T18:12:31.394580+00:00
gemma-2-9b-it,belief_bank_facts,hidden,18,27416,halu_eval,42,1258,10000,629,629,2473,7527,1.2486,3585,0.24726103125942306,0.9947432268499797,0.2498,0.3960714860730961,0.5040461160149651,1400.396,10,2026-09-18T18:12:31.394580+00:00
gemma-2-9b-it,belief_bank_facts,hidden,18,27416,halu_eval,64,1258,10000,629,629,2473,7527,1.2181,3585,0.24918602127197742,0.9284270117266478,0.2905,0.3929152049285531,0.5139987485945595,1402.15,10,2026-09-18T18:12:31.394580+00:00
gemma-2-9b-it,belief_bank_facts,hidden,18,27416,halu_eval,67,1258,10000,629,629,2473,7527,1.2888,3585,0.2506354293292076,0.917104731095835,0.3014,0.393681652490887,0.5054223181772738,1403.975,10,2026-09-18T18:12:31.394580+00:00
gemma-2-9b-it,belief_bank_facts,hidden,18,27416,halu_eval,104,1258,10000,629,629,2473,7527,1.359,3585,0.24736950691149165,0.9696724625960372,0.2629,0.3941809813429769,0.49949826130714436,1405.868,10,2026-09-18T18:12:31.394580+00:00
gemma-2-9b-it,belief_bank_facts,hidden,18,27416,halu_eval,123,1258,10000,629,629,2473,7527,1.2784,3585,0.25089605734767023,0.16983420946219166,0.6693,0.20255606462503015,0.5049813661786702,1407.684,10,2026-09-18T18:12:31.394580+00:00
gemma-2-9b-it,belief_bank_facts,hidden,18,27416,halu_eval,420,1258,10000,629,629,2473,7527,1.1779,3585,0.24759979787771602,0.9906995551961181,0.2532,0.3961836998706339,0.49642970170575035,1409.405,10,2026-09-18T18:12:31.394580+00:00
gemma-2-9b-it,belief_bank_facts,hidden,18,27416,halu_eval,511,1258,10000,629,629,2473,7527,1.2988,3585,0.24663115010968348,0.9547108774767489,0.2676,0.39199734351652,0.49514853415425186,1411.241,10,2026-09-18T18:12:31.394580+00:00
gemma-2-9b-it,belief_bank_facts,hidden,18,27416,halu_eval,mean,0,0,0,0,0,0,1.26244,3585.0,0.2483017592515575,0.7441973311767083,0.37848000000000004,0.3497385193579846,0.5020915833878211,2691.634,10,2026-09-18T18:12:31.394580+00:00
gemma-2-9b-it,belief_bank_facts,hidden,18,27416,halu_eval,std,0,0,0,0,0,0,0.0515636926528735,0.0,0.0030537745874472987,0.3168464951100991,0.15941527404863062,0.07059100284539976,0.005941812775497606,2691.634,10,2026-09-18T18:12:31.394580+00:00
gemma-2-9b-it,belief_bank_facts,hidden,19,27416,belief_bank_facts,2,1258,8225,629,629,270,7955,1.2078,3585,0.5525773195876289,0.9925925925925926,0.9733738601823708,0.7099337748344371,0.9949409874991271,1413.626,10,2026-09-18T18:12:31.394580+00:00
gemma-2-9b-it,belief_bank_facts,hidden,19,27416,belief_bank_facts,4,1258,8225,629,629,270,7955,1.1777,3585,0.47302158273381295,0.9740740740740741,0.9635258358662614,0.6368038740920097,0.9956635705472915,1415.318,10,2026-09-18T18:12:31.394580+00:00
gemma-2-9b-it,belief_bank_facts,hidden,19,27416,belief_bank_facts,24,1258,8225,629,629,270,7955,1.1678,3585,0.46596858638743455,0.9888888888888889,0.9624316109422493,0.6334519572953736,0.9943427148078312,1417.001,10,2026-09-18T18:12:31.394580+00:00
gemma-2-9b-it,belief_bank_facts,hidden,19,27416,belief_bank_facts,42,1258,8225,629,629,270,7955,1.1979,3585,0.4367816091954023,0.9851851851851852,0.9578115501519757,0.6052332195676906,0.9964988244058011,1418.713,10,2026-09-18T18:12:31.394580+00:00
gemma-2-9b-it,belief_bank_facts,hidden,19,27416,belief_bank_facts,64,1258,8225,629,629,270,7955,1.1779,3585,0.48250460405156537,0.9703703703703703,0.9648632218844985,0.6445264452644527,0.9950075657052401,1420.405,10,2026-09-18T18:12:31.394580+00:00
gemma-2-9b-it,belief_bank_facts,hidden,19,27416,belief_bank_facts,67,1258,8225,629,629,270,7955,1.1978,3585,0.4643478260869565,0.9888888888888889,0.9621884498480243,0.6319526627218935,0.9958786693670415,1422.118,10,2026-09-18T18:12:31.394580+00:00
gemma-2-9b-it,belief_bank_facts,hidden,19,27416,belief_bank_facts,104,1258,8225,629,629,270,7955,0.3982,3585,0.5639412997903563,0.9962962962962963,0.9745896656534955,0.7202141900937081,0.9975035500616896,1423.029,10,2026-09-18T18:12:31.394580+00:00
gemma-2-9b-it,belief_bank_facts,hidden,19,27416,belief_bank_facts,123,1258,8225,629,629,270,7955,0.257,3585,0.4925925925925926,0.9851851851851852,0.9662006079027355,0.6567901234567901,0.9956454128547152,1423.805,10,2026-09-18T18:12:31.394580+00:00
gemma-2-9b-it,belief_bank_facts,hidden,19,27416,belief_bank_facts,420,1258,8225,629,629,270,7955,0.3072,3585,0.5270541082164328,0.9740740740740741,0.9704559270516717,0.6840052015604682,0.9957175780431594,1424.632,10,2026-09-18T18:12:31.394580+00:00
gemma-2-9b-it,belief_bank_facts,hidden,19,27416,belief_bank_facts,511,1258,8225,629,629,270,7955,0.2671,3585,0.4233226837060703,0.9814814814814815,0.955501519756839,0.5915178571428571,0.9936224596689713,1425.416,10,2026-09-18T18:12:31.394580+00:00
gemma-2-9b-it,belief_bank_facts,hidden,19,27416,belief_bank_facts,mean,0,0,0,0,0,0,0.8356399999999999,3585.0,0.4882112212348252,0.9837037037037037,0.9650942249240121,0.651442930602968,0.9954821332960868,2691.634,10,2026-09-18T18:12:31.394580+00:00
gemma-2-9b-it,belief_bank_facts,hidden,19,27416,belief_bank_facts,std,0,0,0,0,0,0,0.4329014927209191,0.0,0.044259484889435735,0.008148148148148161,0.005931199546199405,0.03991440364447575,0.0010327998349308307,2691.634,10,2026-09-18T18:12:31.394580+00:00
gemma-2-9b-it,belief_bank_facts,hidden,19,27416,belief_bank_constraints,2,1258,25414,629,629,11520,13894,0.3176,3585,0.5019847606880504,0.9550347222222222,0.5501298496891477,0.6580733917516524,0.6101070680989396,1426.893,10,2026-09-18T18:12:31.394580+00:00
gemma-2-9b-it,belief_bank_facts,hidden,19,27416,belief_bank_constraints,4,1258,25414,629,629,11520,13894,0.2872,3585,0.5116904372223521,0.7598958333333333,0.5624458959628551,0.6115690931954729,0.612339577785375,1428.339,10,2026-09-18T18:12:31.394580+00:00
gemma-2-9b-it,belief_bank_facts,hidden,19,27416,belief_bank_constraints,24,1258,25414,629,629,11520,13894,0.2568,3585,0.4723132440167572,0.9884548611111111,0.4941764381836783,0.6391984057930338,0.6230433263059194,1429.75,10,2026-09-18T18:12:31.394580+00:00
gemma-2-9b-it,belief_bank_facts,hidden,19,27416,belief_bank_constraints,42,1258,25414,629,629,11520,13894,0.3073,3585,0.5661187520966119,0.7324652777777778,0.6242622176752971,0.6386376537369914,0.6722500557294916,1431.218,10,2026-09-18T18:12:31.394580+00:00
gemma-2-9b-it,belief_bank_facts,hidden,19,27416,belief_bank_constraints,64,1258,25414,629,629,11520,13894,1.178,3585,0.5079617834394905,0.6368923611111111,0.5557566695522154,0.5651671545216453,0.6078450880076132,1433.544,10,2026-09-18T18:12:31.394580+00:00
gemma-2-9b-it,belief_bank_facts,hidden,19,27416,belief_bank_constraints,67,1258,25414,629,629,11520,13894,1.198,3585,0.4933024333719583,0.9238715277777778,0.5353348548044385,0.6431787279045172,0.5959912252291157,1435.901,10,2026-09-18T18:12:31.394580+00:00
gemma-2-9b-it,belief_bank_facts,hidden,19,27416,belief_bank_constraints,104,1258,25414,629,629,11520,13894,1.2987,3585,0.4989862907897277,0.8973090277777778,0.5450539072951917,0.6413326715473384,0.6468752686511364,1438.355,10,2026-09-18T18:12:31.394580+00:00
gemma-2-9b-it,belief_bank_facts,hidden,19,27416,belief_bank_constraints,123,1258,25414,629,629,11520,13894,1.1578,3585,0.5299244304705168,0.8339409722222222,0.5893995435586684,0.6480488380721103,0.6325011520760361,1440.673,10,2026-09-18T18:12:31.394580+00:00
gemma-2-9b-it,belief_bank_facts,hidden,19,27416,belief_bank_constraints,420,1258,25414,629,629,11520,13894,1.2181,3585,0.5151670951156813,0.7828125,0.5676005351381128,0.6213953488372093,0.627555565801785,1443.047,10,2026-09-18T18:12:31.394580+00:00
gemma-2-9b-it,belief_bank_facts,hidden,19,27416,belief_bank_constraints,511,1258,25414,629,629,11520,13894,1.1679,3585,0.4674886067708333,0.9973090277777777,0.483827811442512,0.6365802304964538,0.6674490537482206,1445.365,10,2026-09-18T18:12:31.394580+00:00
gemma-2-9b-it,belief_bank_facts,hidden,19,27416,belief_bank_constraints,mean,0,0,0,0,0,0,0.8387399999999999,3585.0,0.506493783398198,0.850798611111111,0.5507987723302118,0.6303181515856424,0.6295957381433632,2691.634,10,2026-09-18T18:12:31.394580+00:00
gemma-2-9b-it,belief_bank_facts,hidden,19,27416,belief_bank_constraints,std,0,0,0,0,0,0,0.44795689569421737,0.0,0.026737496532907003,0.11476534759744687,0.03910654013342362,0.024969035532339492,0.02426174297059455,2691.634,10,2026-09-18T18:12:31.394580+00:00
gemma-2-9b-it,belief_bank_facts,hidden,19,27416,halu_eval,2,1258,10000,629,629,2473,7527,1.2078,3585,0.24835914938304016,0.7650626769106349,0.3693,0.3749876127242097,0.5030060537960364,1447.108,10,2026-09-18T18:12:31.394580+00:00
gemma-2-9b-it,belief_bank_facts,hidden,19,27416,halu_eval,4,1258,10000,629,629,2473,7527,1.1879,3585,0.2451805593266359,0.7302871006874242,0.3773,0.3671104787071857,0.4960773376513107,1448.837,10,2026-09-18T18:12:31.394580+00:00
gemma-2-9b-it,belief_bank_facts,hidden,19,27416,halu_eval,24,1258,10000,629,629,2473,7527,1.1575,3585,0.24734768111548955,0.9898908208653457,0.2526,0.3957962813257882,0.5066044219513083,1450.536,10,2026-09-18T18:12:31.394580+00:00
gemma-2-9b-it,belief_bank_facts,hidden,19,27416,halu_eval,42,1258,10000,629,629,2473,7527,1.2083,3585,0.24737421226367912,1.0,0.2476,0.3966319165998396,0.5047773829015383,1452.288,10,2026-09-18T18:12:31.394580+00:00
gemma-2-9b-it,belief_bank_facts,hidden,19,27416,halu_eval,64,1258,10000,629,629,2473,7527,1.1777,3585,0.24744437763078772,0.9983825313384553,0.2487,0.3965946510320456,0.5104136498281345,1454.003,10,2026-09-18T18:12:31.394580+00:00
gemma-2-9b-it,belief_bank_facts,hidden,19,27416,halu_eval,67,1258,10000,629,629,2473,7527,1.1977,3585,0.24792131413506388,0.9886777193691872,0.2555,0.3964329144710174,0.511151309659132,1455.738,10,2026-09-18T18:12:31.394580+00:00
gemma-2-9b-it,belief_bank_facts,hidden,19,27416,halu_eval,104,1258,10000,629,629,2473,7527,1.3187,3585,0.2472967561073288,0.9987868985038415,0.2479,0.3964368830751946,0.5024643189088629,1457.6,10,2026-09-18T18:12:31.394580+00:00
gemma-2-9b-it,belief_bank_facts,hidden,19,27416,halu_eval,123,1258,10000,629,629,2473,7527,1.1577,3585,0.24751081162626973,0.9951475940153659,0.2506,0.39642396907216493,0.5057090336763659,1459.301,10,2026-09-18T18:12:31.394580+00:00
gemma-2-9b-it,belief_bank_facts,hidden,19,27416,halu_eval,420,1258,10000,629,629,2473,7527,1.2079,3585,0.2477450390859892,0.9995956328346138,0.2493,0.3970765400369448,0.4931949255493271,1461.051,10,2026-09-18T18:12:31.394580+00:00
gemma-2-9b-it,belief_bank_facts,hidden,19,27416,halu_eval,511,1258,10000,629,629,2473,7527,1.1677,3585,0.2473,1.0,0.2473,0.3965365188807825,0.501205338635072,1462.762,10,2026-09-18T18:12:31.394580+00:00
gemma-2-9b-it,belief_bank_facts,hidden,19,27416,halu_eval,mean,0,0,0,0,0,0,1.19889,3585.0,0.2473479900674284,0.946583097452487,0.27460999999999997,0.3914027765925173,0.5034603772557088,2691.634,10,2026-09-18T18:12:31.394580+00:00
gemma-2-9b-it,belief_bank_facts,hidden,19,27416,halu_eval,std,0,0,0,0,0,0,0.04422366900201747,0.0,0.0007904406792423811,0.09983242247712006,0.049435077627126275,0.010332373789238005,0.0053883850184519065,2691.634,10,2026-09-18T18:12:31.394580+00:00
gemma-2-9b-it,belief_bank_facts,hidden,20,27416,belief_bank_facts,2,1258,8225,629,629,270,7955,1.1678,3585,0.5527950310559007,0.9888888888888889,0.9733738601823708,0.7091633466135459,0.9950424843448099,1465.3,10,2026-09-18T18:12:31.394580+00:00
gemma-2-9b-it,belief_bank_facts,hidden,20,27416,belief_bank_facts,4,1258,8225,629,629,270,7955,1.1577,3585,0.49335863377609107,0.9629629629629629,0.9663221884498481,0.6524466750313677,0.9958712200572666,1466.977,10,2026-09-18T18:12:31.394580+00:00
gemma-2-9b-it,belief_bank_facts,hidden,20,27416,belief_bank_facts,24,1258,8225,629,629,270,7955,1.1474,3585,0.5076045627376425,0.9888888888888889,0.9681458966565349,0.6708542713567839,0.9954070349419186,1468.641,10,2026-09-18T18:12:31.394580+00:00
gemma-2-9b-it,belief_bank_facts,hidden,20,27416,belief_bank_facts,42,1258,8225,629,629,270,7955,1.1575,3585,0.452991452991453,0.9814814814814815,0.9604863221884499,0.6198830409356725,0.99655329748353,1470.317,10,2026-09-18T18:12:31.394580+00:00
gemma-2-9b-it,belief_bank_facts,hidden,20,27416,belief_bank_facts,64,1258,8225,629,629,270,7955,1.1777,3585,0.5087040618955513,0.9740740740740741,0.9682674772036474,0.6683608640406608,0.9960956305142352,1472.008,10,2026-09-18T18:12:31.394580+00:00
gemma-2-9b-it,belief_bank_facts,hidden,20,27416,belief_bank_facts,67,1258,8225,629,629,270,7955,1.178,3585,0.48451730418943534,0.9851851851851852,0.9651063829787234,0.6495726495726496,0.9962348394906534,1473.706,10,2026-09-18T18:12:31.394580+00:00
gemma-2-9b-it,belief_bank_facts,hidden,20,27416,belief_bank_facts,104,1258,8225,629,629,270,7955,1.1676,3585,0.5763440860215053,0.9925925925925926,0.97580547112462,0.7292517006802721,0.9974462834927951,1475.386,10,2026-09-18T18:12:31.394580+00:00
gemma-2-9b-it,belief_bank_facts,hidden,20,27416,belief_bank_facts,123,1258,8225,629,629,270,7955,1.1675,3585,0.5217391304347826,0.9777777777777777,0.9698480243161094,0.6804123711340206,0.9966771422585377,1477.069,10,2026-09-18T18:12:31.394580+00:00
gemma-2-9b-it,belief_bank_facts,hidden,20,27416,belief_bank_facts,420,1258,8225,629,629,270,7955,1.1678,3585,0.5637149028077754,0.9666666666666667,0.9743465045592705,0.7121418826739427,0.9965095327886027,1478.757,10,2026-09-18T18:12:31.394580+00:00
gemma-2-9b-it,belief_bank_facts,hidden,20,27416,belief_bank_facts,511,1258,8225,629,629,270,7955,1.1473,3585,0.43906510851419034,0.9740740740740741,0.9582978723404255,0.6052934407364787,0.9945829550480713,1480.42,10,2026-09-18T18:12:31.394580+00:00
gemma-2-9b-it,belief_bank_facts,hidden,20,27416,belief_bank_facts,mean,0,0,0,0,0,0,1.16363,3585.0,0.5100834274424327,0.9792592592592593,0.968,0.6697380242775395,0.9960420420420422,2691.634,10,2026-09-18T18:12:31.394580+00:00
gemma-2-9b-it,belief_bank_facts,hidden,20,27416,belief_bank_facts,std,0,0,0,0,0,0,0.010357610728348494,0.0,0.04297840677792311,0.009398946326258916,0.005434745652389681,0.037888866429839414,0.00080347266636023,2691.634,10,2026-09-18T18:12:31.394580+00:00
gemma-2-9b-it,belief_bank_facts,hidden,20,27416,belief_bank_constraints,2,1258,25414,629,629,11520,13894,1.1678,3585,0.48749386954389407,0.9491319444444445,0.5246320925474148,0.644142684615158,0.5704140813680565,1482.75,10,2026-09-18T18:12:31.394580+00:00
gemma-2-9b-it,belief_bank_facts,hidden,20,27416,belief_bank_constraints,4,1258,25414,629,629,11520,13894,1.1578,3585,0.5092009324934279,0.8911458333333333,0.5613047926339813,0.6480856033584799,0.597958426299122,1485.066,10,2026-09-18T18:12:31.394580+00:00
gemma-2-9b-it,belief_bank_facts,hidden,20,27416,belief_bank_constraints,24,1258,25414,629,629,11520,13894,1.1577,3585,0.4720938943688351,0.9846354166666667,0.49394034783977336,0.6381973162292176,0.6221137621355342,1487.383,10,2026-09-18T18:12:31.394580+00:00
gemma-2-9b-it,belief_bank_facts,hidden,20,27416,belief_bank_constraints,42,1258,25414,629,629,11520,13894,1.1577,3585,0.5396263954902177,0.8475694444444445,0.6031321318958055,0.6594178429121361,0.6569310243830271,1489.698,10,2026-09-18T18:12:31.394580+00:00
gemma-2-9b-it,belief_bank_facts,hidden,20,27416,belief_bank_constraints,64,1258,25414,629,629,11520,13894,1.1679,3585,0.5229186683999322,0.803125,0.5786180845203431,0.63341662958272,0.6120243188006813,1492.025,10,2026-09-18T18:12:31.394580+00:00
gemma-2-9b-it,belief_bank_facts,hidden,20,27416,belief_bank_constraints,67,1258,25414,629,629,11520,13894,1.1778,3585,0.47764424183819126,0.9004340277777778,0.5084992523805776,0.6241838914462797,0.5572839757469251,1494.357,10,2026-09-18T18:12:31.394580+00:00
gemma-2-9b-it,belief_bank_facts,hidden,20,27416,belief_bank_constraints,104,1258,25414,629,629,11520,13894,1.1676,3585,0.46951796813897007,0.9901041666666667,0.4884315731486582,0.6369753999944154,0.6628414493466405,1496.679,10,2026-09-18T18:12:31.394580+00:00
gemma-2-9b-it,belief_bank_facts,hidden,20,27416,belief_bank_constraints,123,1258,25414,629,629,11520,13894,1.1675,3585,0.5241778506300584,0.88828125,0.5838514204769025,0.6593003028155402,0.6322263594497224,1499.01,10,2026-09-18T18:12:31.394580+00:00
gemma-2-9b-it,belief_bank_facts,hidden,20,27416,belief_bank_constraints,420,1258,25414,629,629,11520,13894,1.1679,3585,0.49753432604912007,0.8933159722222223,0.5426930038561423,0.6391131536455099,0.6199868073548934,1501.344,10,2026-09-18T18:12:31.394580+00:00
gemma-2-9b-it,belief_bank_facts,hidden,20,27416,belief_bank_constraints,511,1258,25414,629,629,11520,13894,1.1477,3585,0.468978474860107,0.9967013888888889,0.48693633430392697,0.6378357359108963,0.6861408251763351,1503.65,10,2026-09-18T18:12:31.394580+00:00
gemma-2-9b-it,belief_bank_facts,hidden,20,27416,belief_bank_constraints,mean,0,0,0,0,0,0,1.16374,3585.0,0.4969186621812753,0.9144444444444444,0.5372039033603525,0.6420668560510354,0.6217921030060937,2691.634,10,2026-09-18T18:12:31.394580+00:00
gemma-2-9b-it,belief_bank_facts,hidden,20,27416,belief_bank_constraints,std,0,0,0,0,0,0,0.008020872770465823,0.0,0.02449958890056374,0.06111867160460394,0.04075285389336205,0.01049158069871037,0.03825864645221815,2691.634,10,2026-09-18T18:12:31.394580+00:00
gemma-2-9b-it,belief_bank_facts,hidden,20,27416,halu_eval,2,1258,10000,629,629,2473,7527,1.1776,3585,0.2444718823661466,0.8807116862110796,0.2974,0.3827095413811281,0.4969734780373618,1505.37,10,2026-09-18T18:12:31.394580+00:00
gemma-2-9b-it,belief_bank_facts,hidden,20,27416,halu_eval,4,1258,10000,629,629,2473,7527,1.1576,3585,0.24747423206449637,0.9805903760614638,0.2578,0.39520860495436766,0.4975928952576225,1507.071,10,2026-09-18T18:12:31.394580+00:00
gemma-2-9b-it,belief_bank_facts,hidden,20,27416,halu_eval,24,1258,10000,629,629,2473,7527,1.1476,3585,0.24720346669354026,0.9919126566922766,0.251,0.39577282994514357,0.5006416313590794,1508.761,10,2026-09-18T18:12:31.394580+00:00
gemma-2-9b-it,belief_bank_facts,hidden,20,27416,halu_eval,42,1258,10000,629,629,2473,7527,1.1577,3585,0.2472978382706165,0.9991912656692277,0.2477,0.396470116325712,0.4898275092266573,1510.461,10,2026-09-18T18:12:31.394580+00:00
gemma-2-9b-it,belief_bank_facts,hidden,20,27416,halu_eval,64,1258,10000,629,629,2473,7527,1.1676,3585,0.24758454106280192,0.9947432268499797,0.2511,0.39648642114594246,0.4980909539782675,1512.171,10,2026-09-18T18:12:31.394580+00:00
gemma-2-9b-it,belief_bank_facts,hidden,20,27416,halu_eval,67,1258,10000,629,629,2473,7527,1.1778,3585,0.24749298034496592,0.9979781641730692,0.2491,0.3966251506629168,0.5014336580787935,1513.892,10,2026-09-18T18:12:31.394580+00:00
gemma-2-9b-it,belief_bank_facts,hidden,20,27416,halu_eval,104,1258,10000,629,629,2473,7527,1.1675,3585,0.24742371185592796,1.0,0.2478,0.3966955405838948,0.4910163820006703,1515.599,10,2026-09-18T18:12:31.394580+00:00
gemma-2-9b-it,belief_bank_facts,hidden,20,27416,halu_eval,123,1258,10000,629,629,2473,7527,1.1678,3585,0.24726981264402365,0.9979781641730692,0.2482,0.39633852577485146,0.4873645602344567,1517.309,10,2026-09-18T18:12:31.394580+00:00
gemma-2-9b-it,belief_bank_facts,hidden,20,27416,halu_eval,420,1258,10000,629,629,2473,7527,1.1775,3585,0.2472945891783567,0.9979781641730692,0.2483,0.39637035252549585,0.48706129829097256,1519.026,10,2026-09-18T18:12:31.394580+00:00
gemma-2-9b-it,belief_bank_facts,hidden,20,27416,halu_eval,511,1258,10000,629,629,2473,7527,1.1473,3585,0.24732473247324732,1.0,0.2474,0.3965683130211674,0.49193035816444275,1520.71,10,2026-09-18T18:12:31.394580+00:00
gemma-2-9b-it,belief_bank_facts,hidden,20,27416,halu_eval,mean,0,0,0,0,0,0,1.1645999999999999,3585.0,0.24708377869541231,0.9841083704003235,0.25458,0.39492453963206203,0.4941932724628324,2691.634,10,2026-09-18T18:12:31.394580+00:00
gemma-2-9b-it,belief_bank_facts,hidden,20,27416,halu_eval,std,0,0,0,0,0,0,0.01105531546361297,0.0,0.0008778083442250171,0.034909816229801154,0.014573523938979207,0.004094569549433579,0.005101500610141135,2691.634,10,2026-09-18T18:12:31.394580+00:00
gemma-2-9b-it,belief_bank_facts,hidden,21,27416,belief_bank_facts,2,1258,8225,629,629,270,7955,1.1973,3585,0.5452674897119342,0.9814814814814815,0.9725227963525835,0.701058201058201,0.9949014130409479,1523.192,10,2026-09-18T18:12:31.394580+00:00
gemma-2-9b-it,belief_bank_facts,hidden,21,27416,belief_bank_facts,4,1258,8225,629,629,270,7955,1.1773,3585,0.48534798534798534,0.9814814814814815,0.9652279635258358,0.6495098039215687,0.9956719510207882,1524.889,10,2026-09-18T18:12:31.394580+00:00
gemma-2-9b-it,belief_bank_facts,hidden,21,27416,belief_bank_facts,24,1258,8225,629,629,270,7955,1.1673,3585,0.492619926199262,0.9888888888888889,0.9662006079027355,0.6576354679802956,0.9956454128547152,1526.571,10,2026-09-18T18:12:31.394580+00:00
gemma-2-9b-it,belief_bank_facts,hidden,21,27416,belief_bank_facts,42,1258,8225,629,629,270,7955,1.1672,3585,0.4435215946843854,0.9888888888888889,0.9589057750759878,0.6123853211009175,0.9963028144423494,1528.255,10,2026-09-18T18:12:31.394580+00:00
gemma-2-9b-it,belief_bank_facts,hidden,21,27416,belief_bank_facts,64,1258,8225,629,629,270,7955,1.1771,3585,0.49074074074074076,0.9814814814814815,0.9659574468085106,0.654320987654321,0.9955979235049003,1529.946,10,2026-09-18T18:12:31.394580+00:00
gemma-2-9b-it,belief_bank_facts,hidden,21,27416,belief_bank_facts,67,1258,8225,629,629,270,7955,1.1772,3585,0.45797598627787306,0.9888888888888889,0.9612158054711246,0.6260257913247362,0.9957455129548154,1531.643,10,2026-09-18T18:12:31.394580+00:00
gemma-2-9b-it,belief_bank_facts,hidden,21,27416,belief_bank_facts,104,1258,8225,629,629,270,7955,1.1873,3585,0.5408163265306123,0.9814814814814815,0.9720364741641337,0.6973684210526315,0.9968335777638103,1533.345,10,2026-09-18T18:12:31.394580+00:00
gemma-2-9b-it,belief_bank_facts,hidden,21,27416,belief_bank_facts,123,1258,8225,629,629,270,7955,1.1771,3585,0.5164410058027079,0.9888888888888889,0.9692401215805471,0.6785260482846251,0.9964587843657611,1535.038,10,2026-09-18T18:12:31.394580+00:00
gemma-2-9b-it,belief_bank_facts,hidden,21,27416,belief_bank_facts,420,1258,8225,629,629,270,7955,1.1873,3585,0.5555555555555556,0.9814814814814815,0.9736170212765958,0.7095046854082999,0.9971208417720046,1536.744,10,2026-09-18T18:12:31.394580+00:00
gemma-2-9b-it,belief_bank_facts,hidden,21,27416,belief_bank_facts,511,1258,8225,629,629,270,7955,1.1671,3585,0.41971383147853736,0.9777777777777777,0.9548936170212766,0.5873192436040044,0.9941653281188165,1538.426,10,2026-09-18T18:12:31.394580+00:00
gemma-2-9b-it,belief_bank_facts,hidden,21,27416,belief_bank_facts,mean,0,0,0,0,0,0,1.17822,3585.0,0.49480004423295937,0.984074074074074,0.9659817629179331,0.6573653971389601,0.9958443559838909,2691.634,10,2026-09-18T18:12:31.394580+00:00
gemma-2-9b-it,belief_bank_facts,hidden,21,27416,belief_bank_facts,std,0,0,0,0,0,0,0.009474576507686246,0.0,0.04307902844568267,0.0040740740740740885,0.005871169812904463,0.03828638797914096,0.0008392710413264535,2691.634,10,2026-09-18T18:12:31.394580+00:00
gemma-2-9b-it,belief_bank_facts,hidden,21,27416,belief_bank_constraints,2,1258,25414,629,629,11520,13894,1.1975,3585,0.478914223669924,0.9572048611111111,0.5084992523805776,0.6384136633376755,0.6547559685535723,1540.78,10,2026-09-18T18:12:31.394580+00:00
gemma-2-9b-it,belief_bank_facts,hidden,21,27416,belief_bank_constraints,4,1258,25414,629,629,11520,13894,1.177,3585,0.535257282875034,0.8532986111111112,0.5976627055953412,0.6578551112598293,0.6557296664827343,1543.116,10,2026-09-18T18:12:31.394580+00:00
gemma-2-9b-it,belief_bank_facts,hidden,21,27416,belief_bank_constraints,24,1258,25414,629,629,11520,13894,1.1672,3585,0.477520113582584,0.9634548611111111,0.5055874714724168,0.638552483962834,0.6478968739503863,1545.437,10,2026-09-18T18:12:31.394580+00:00
gemma-2-9b-it,belief_bank_facts,hidden,21,27416,belief_bank_constraints,42,1258,25414,629,629,11520,13894,1.1671,3585,0.5509546243491198,0.5786458333333333,0.5952231053749901,0.5644608154451924,0.6291760507133375,1547.758,10,2026-09-18T18:12:31.394580+00:00
gemma-2-9b-it,belief_bank_facts,hidden,21,27416,belief_bank_constraints,64,1258,25414,629,629,11520,13894,1.1872,3585,0.4999308532706403,0.94140625,0.5465884945305737,0.6530575377111372,0.6659545287334261,1550.113,10,2026-09-18T18:12:31.394580+00:00
gemma-2-9b-it,belief_bank_facts,hidden,21,27416,belief_bank_constraints,67,1258,25414,629,629,11520,13894,1.1772,3585,0.4616264742122866,0.9105902777777778,0.47808294640749194,0.6126620721878285,0.5725440787790094,1552.448,10,2026-09-18T18:12:31.394580+00:00
gemma-2-9b-it,belief_bank_facts,hidden,21,27416,belief_bank_constraints,104,1258,25414,629,629,11520,13894,1.1773,3585,0.46529750791460345,0.9951388888888889,0.4794207916896199,0.6341058686874274,0.7209790672032692,1554.782,10,2026-09-18T18:12:31.394580+00:00
gemma-2-9b-it,belief_bank_facts,hidden,21,27416,belief_bank_constraints,123,1258,25414,629,629,11520,13894,1.1771,3585,0.5273999801449419,0.9223090277777778,0.5901471629810341,0.6710667593001958,0.7003870575628168,1557.115,10,2026-09-18T18:12:31.394580+00:00
gemma-2-9b-it,belief_bank_facts,hidden,21,27416,belief_bank_constraints,420,1258,25414,629,629,11520,13894,0.2869,3585,0.5218118091129684,0.8400173611111111,0.5785393877390415,0.6437385664393813,0.6530280919121763,1558.558,10,2026-09-18T18:12:31.394580+00:00
gemma-2-9b-it,belief_bank_facts,hidden,21,27416,belief_bank_constraints,511,1258,25414,629,629,11520,13894,0.2668,3585,0.49932945909700494,0.9696180555555556,0.5455260879830015,0.6591915019179699,0.670598394790717,1559.981,10,2026-09-18T18:12:31.394580+00:00
gemma-2-9b-it,belief_bank_facts,hidden,21,27416,belief_bank_constraints,mean,0,0,0,0,0,0,0.99813,3585.0,0.5018042328229109,0.8931684027777779,0.5425277406154088,0.6373104380249472,0.6571049778681445,2691.634,10,2026-09-18T18:12:31.394580+00:00
gemma-2-9b-it,belief_bank_facts,hidden,21,27416,belief_bank_constraints,std,0,0,0,0,0,0,0.36076526454191793,0.0,0.02942891640494632,0.11493565658000587,0.04479367561821696,0.028735490707816832,0.03775316502183285,2691.634,10,2026-09-18T18:12:31.394580+00:00
gemma-2-9b-it,belief_bank_facts,hidden,21,27416,halu_eval,2,1258,10000,629,629,2473,7527,0.2967,3585,0.24775885253249663,0.8940558026688233,0.3025,0.38799684127401945,0.5011689686907427,1560.818,10,2026-09-18T18:12:31.394580+00:00
gemma-2-9b-it,belief_bank_facts,hidden,21,27416,halu_eval,4,1258,10000,629,629,2473,7527,0.2768,3585,0.2471772963075984,0.9826122118883946,0.2556,0.3949934980494148,0.5074175077820667,1561.635,10,2026-09-18T18:12:31.394580+00:00
gemma-2-9b-it,belief_bank_facts,hidden,21,27416,halu_eval,24,1258,10000,629,629,2473,7527,0.2766,3585,0.2476007677543186,0.9911039223615042,0.253,0.3962172647914646,0.5045344510134186,1562.452,10,2026-09-18T18:12:31.394580+00:00
gemma-2-9b-it,belief_bank_facts,hidden,21,27416,halu_eval,42,1258,10000,629,629,2473,7527,0.2667,3585,0.24719775820656525,0.9987868985038415,0.2475,0.3963096670677898,0.5002297968048278,1563.261,10,2026-09-18T18:12:31.394580+00:00
gemma-2-9b-it,belief_bank_facts,hidden,21,27416,halu_eval,64,1258,10000,629,629,2473,7527,0.2765,3585,0.24771573604060915,0.9866558835422564,0.2557,0.39600746571451756,0.49718342448114133,1564.076,10,2026-09-18T18:12:31.394580+00:00
gemma-2-9b-it,belief_bank_facts,hidden,21,27416,halu_eval,67,1258,10000,629,629,2473,7527,0.2767,3585,0.24732259033129816,0.9991912656692277,0.2478,0.39650192554557123,0.5053505990108342,1564.894,10,2026-09-18T18:12:31.394580+00:00
gemma-2-9b-it,belief_bank_facts,hidden,21,27416,halu_eval,104,1258,10000,629,629,2473,7527,1.1769,3585,0.2473193706784247,0.9979781641730692,0.2484,0.39640218438805014,0.495935457262871,1566.612,10,2026-09-18T18:12:31.394580+00:00
gemma-2-9b-it,belief_bank_facts,hidden,21,27416,halu_eval,123,1258,10000,629,629,2473,7527,1.1771,3585,0.24733775366686758,0.9955519611807522,0.2497,0.39623400659853547,0.496822088815619,1568.33,10,2026-09-18T18:12:31.394580+00:00
gemma-2-9b-it,belief_bank_facts,hidden,21,27416,halu_eval,420,1258,10000,629,629,2473,7527,1.1772,3585,0.24741647436540584,0.9971694298422968,0.2492,0.3964630225080386,0.48841370150891217,1570.043,10,2026-09-18T18:12:31.394580+00:00
gemma-2-9b-it,belief_bank_facts,hidden,21,27416,halu_eval,511,1258,10000,629,629,2473,7527,1.1671,3585,0.247373161212849,0.9995956328346138,0.2478,0.3965987485961816,0.4954349004589006,1571.745,10,2026-09-18T18:12:31.394580+00:00
gemma-2-9b-it,belief_bank_facts,hidden,21,27416,halu_eval,mean,0,0,0,0,0,0,0.63683,3585.0,0.2474219761096433,0.9842701172664781,0.25572,0.39537246245335833,0.49924908958293346,2691.634,10,2026-09-18T18:12:31.394580+00:00
gemma-2-9b-it,belief_bank_facts,hidden,21,27416,halu_eval,std,0,0,0,0,0,0,0.43913056156455343,0.0,0.00019282140383507405,0.030567295976213337,0.015878085526914127,0.002496198025248056,0.005381685411166606,2691.634,10,2026-09-18T18:12:31.394580+00:00
gemma-2-9b-it,belief_bank_facts,hidden,22,27416,belief_bank_facts,2,1258,8225,629,629,270,7955,1.177,3585,0.539714867617108,0.9814814814814815,0.9719148936170213,0.6964520367936925,0.9948548548548549,1574.135,10,2026-09-18T18:12:31.394580+00:00
gemma-2-9b-it,belief_bank_facts,hidden,22,27416,belief_bank_facts,4,1258,8225,629,629,270,7955,1.1871,3585,0.4934823091247672,0.9814814814814815,0.9663221884498481,0.6567534076827757,0.9958512000372466,1575.839,10,2026-09-18T18:12:31.394580+00:00
gemma-2-9b-it,belief_bank_facts,hidden,22,27416,belief_bank_facts,24,1258,8225,629,629,270,7955,1.167,3585,0.5135658914728682,0.9814814814814815,0.9688753799392097,0.6743002544529262,0.9959838908676117,1577.52,10,2026-09-18T18:12:31.394580+00:00
gemma-2-9b-it,belief_bank_facts,hidden,22,27416,belief_bank_facts,42,1258,8225,629,629,270,7955,1.157,3585,0.45315161839863716,0.9851851851851852,0.9604863221884499,0.6207701283547258,0.9962823288404684,1579.195,10,2026-09-18T18:12:31.394580+00:00
gemma-2-9b-it,belief_bank_facts,hidden,22,27416,belief_bank_facts,64,1258,8225,629,629,270,7955,1.1771,3585,0.5009487666034156,0.9777777777777777,0.9672948328267478,0.6624843161856964,0.9961221686803081,1580.883,10,2026-09-18T18:12:31.394580+00:00
gemma-2-9b-it,belief_bank_facts,hidden,22,27416,belief_bank_facts,67,1258,8225,629,629,270,7955,1.1872,3585,0.4562607204116638,0.9851851851851852,0.9609726443768997,0.6236811254396248,0.9956207370160859,1582.589,10,2026-09-18T18:12:31.394580+00:00
gemma-2-9b-it,belief_bank_facts,hidden,22,27416,belief_bank_facts,104,1258,8225,629,629,270,7955,1.167,3585,0.5386178861788617,0.9814814814814815,0.9717933130699088,0.6955380577427821,0.9962055078334148,1584.275,10,2026-09-18T18:12:31.394580+00:00
gemma-2-9b-it,belief_bank_facts,hidden,22,27416,belief_bank_facts,123,1258,8225,629,629,270,7955,1.1771,3585,0.5266272189349113,0.9888888888888889,0.9704559270516717,0.6872586872586872,0.9963940684870918,1585.975,10,2026-09-18T18:12:31.394580+00:00
gemma-2-9b-it,belief_bank_facts,hidden,22,27416,belief_bank_facts,420,1258,8225,629,629,270,7955,1.1871,3585,0.565677966101695,0.9888888888888889,0.9747112462006079,0.7196765498652291,0.9974323160369671,1587.679,10,2026-09-18T18:12:31.394580+00:00
gemma-2-9b-it,belief_bank_facts,hidden,22,27416,belief_bank_facts,511,1258,8225,629,629,270,7955,1.1671,3585,0.4166666666666667,0.9814814814814815,0.9542857142857143,0.5849889624724062,0.9942817235840491,1589.36,10,2026-09-18T18:12:31.394580+00:00
gemma-2-9b-it,belief_bank_facts,hidden,22,27416,belief_bank_facts,mean,0,0,0,0,0,0,1.17507,3585.0,0.5004713911510594,0.9833333333333332,0.9667112462006079,0.6621903526248546,0.9959028796238097,2691.634,10,2026-09-18T18:12:31.394580+00:00
gemma-2-9b-it,belief_bank_facts,hidden,22,27416,belief_bank_facts,std,0,0,0,0,0,0,0.009842972112121423,0.0,0.04400993923188549,0.00341464609529367,0.0060181265532818,0.039438513433972505,0.0008172781868405499,2691.634,10,2026-09-18T18:12:31.394580+00:00
gemma-2-9b-it,belief_bank_facts,hidden,22,27416,belief_bank_constraints,2,1258,25414,629,629,11520,13894,1.1672,3585,0.5434879821129123,0.8440104166666667,0.6079326355552058,0.6612036722203333,0.714430514570638,1591.685,10,2026-09-18T18:12:31.394580+00:00
gemma-2-9b-it,belief_bank_facts,hidden,22,27416,belief_bank_constraints,4,1258,25414,629,629,11520,13894,1.1871,3585,0.579131244905089,0.43168402777777776,0.6001810025969938,0.49465360322275825,0.6560625064976089,1594.021,10,2026-09-18T18:12:31.394580+00:00
gemma-2-9b-it,belief_bank_facts,hidden,22,27416,belief_bank_constraints,24,1258,25414,629,629,11520,13894,1.167,3585,0.5459644918854155,0.8702256944444444,0.6131266231211143,0.6709724918010843,0.6985894253414744,1596.34,10,2026-09-18T18:12:31.394580+00:00
gemma-2-9b-it,belief_bank_facts,hidden,22,27416,belief_bank_constraints,42,1258,25414,629,629,11520,13894,1.1572,3585,0.6040162872478253,0.5665798611111111,0.6351617218855748,0.5846994535519126,0.6797876194060586,1598.653,10,2026-09-18T18:12:31.394580+00:00
gemma-2-9b-it,belief_bank_facts,hidden,22,27416,belief_bank_constraints,64,1258,25414,629,629,11520,13894,1.1773,3585,0.6070673767858652,0.6233506944444445,0.6463760132210593,0.6151012891344383,0.6907287055863442,1600.987,10,2026-09-18T18:12:31.394580+00:00
gemma-2-9b-it,belief_bank_facts,hidden,22,27416,belief_bank_constraints,67,1258,25414,629,629,11520,13894,1.1875,3585,0.4792094455852156,0.9723958333333333,0.5084599039899268,0.6420220082530949,0.6655023763754938,1603.332,10,2026-09-18T18:12:31.394580+00:00
gemma-2-9b-it,belief_bank_facts,hidden,22,27416,belief_bank_constraints,104,1258,25414,629,629,11520,13894,1.1671,3585,0.4662907674833685,0.9978298611111112,0.48130951444085934,0.635574477496406,0.7402370427682613,1605.656,10,2026-09-18T18:12:31.394580+00:00
gemma-2-9b-it,belief_bank_facts,hidden,22,27416,belief_bank_constraints,123,1258,25414,629,629,11520,13894,1.1874,3585,0.5848180677540777,0.8092013888888889,0.6531045880223499,0.6789512017479971,0.7215675256505605,1607.999,10,2026-09-18T18:12:31.394580+00:00
gemma-2-9b-it,belief_bank_facts,hidden,22,27416,belief_bank_constraints,420,1258,25414,629,629,11520,13894,1.1772,3585,0.5604148188578836,0.7130208333333333,0.6163925395451326,0.62757382434962,0.6789229438566607,1610.332,10,2026-09-18T18:12:31.394580+00:00
gemma-2-9b-it,belief_bank_facts,hidden,22,27416,belief_bank_constraints,511,1258,25414,629,629,11520,13894,1.1674,3585,0.5495550782448604,0.77734375,0.6102541906036043,0.6438971777817725,0.6569583705696304,1612.655,10,2026-09-18T18:12:31.394580+00:00
gemma-2-9b-it,belief_bank_facts,hidden,22,27416,belief_bank_constraints,mean,0,0,0,0,0,0,1.17424,3585.0,0.5519955560862513,0.760564236111111,0.5972298732981821,0.6254649199559417,0.690278703062273,2691.634,10,2026-09-18T18:12:31.394580+00:00
gemma-2-9b-it,belief_bank_facts,hidden,22,27416,belief_bank_constraints,std,0,0,0,0,0,0,0.010112487330029148,0.0,0.04514581478383676,0.1702009659020935,0.054043125889097154,0.05080388219600001,0.026946765786693336,2691.634,10,2026-09-18T18:12:31.394580+00:00
gemma-2-9b-it,belief_bank_facts,hidden,22,27416,halu_eval,2,1258,10000,629,629,2473,7527,1.1671,3585,0.2469302809573361,0.959563283461383,0.2663,0.39278324919308116,0.5111233203814428,1614.361,10,2026-09-18T18:12:31.394580+00:00
gemma-2-9b-it,belief_bank_facts,hidden,22,27416,halu_eval,4,1258,10000,629,629,2473,7527,1.1872,3585,0.24862680070473625,0.9700768297614234,0.2676,0.3958092723972942,0.5138620792616589,1616.088,10,2026-09-18T18:12:31.394580+00:00
gemma-2-9b-it,belief_bank_facts,hidden,22,27416,halu_eval,24,1258,10000,629,629,2473,7527,1.1671,3585,0.24823196605374823,0.9935301253538212,0.2543,0.3972193032091181,0.5062839688967674,1617.795,10,2026-09-18T18:12:31.394580+00:00
gemma-2-9b-it,belief_bank_facts,hidden,22,27416,halu_eval,42,1258,10000,629,629,2473,7527,1.1573,3585,0.24764387407258873,0.9987868985038415,0.2493,0.39688278299991964,0.49605703065137496,1619.494,10,2026-09-18T18:12:31.394580+00:00
gemma-2-9b-it,belief_bank_facts,hidden,22,27416,halu_eval,64,1258,10000,629,629,2473,7527,1.1872,3585,0.2469352014010508,0.9692680954306511,0.2614,0.3935960591133005,0.5044019720138382,1621.222,10,2026-09-18T18:12:31.394580+00:00
gemma-2-9b-it,belief_bank_facts,hidden,22,27416,halu_eval,67,1258,10000,629,629,2473,7527,1.1872,3585,0.24737210932025228,0.9991912656692277,0.248,0.3965655593002728,0.5112051930478503,1622.951,10,2026-09-18T18:12:31.394580+00:00
gemma-2-9b-it,belief_bank_facts,hidden,22,27416,halu_eval,104,1258,10000,629,629,2473,7527,1.1671,3585,0.24739791833466773,0.9995956328346138,0.2479,0.3966305655836342,0.49218462544141534,1624.658,10,2026-09-18T18:12:31.394580+00:00
gemma-2-9b-it,belief_bank_facts,hidden,22,27416,halu_eval,123,1258,10000,629,629,2473,7527,1.1871,3585,0.24724061810154527,0.9963606955115245,0.2489,0.39617332583005066,0.5023015405760451,1626.387,10,2026-09-18T18:12:31.394580+00:00
gemma-2-9b-it,belief_bank_facts,hidden,22,27416,halu_eval,420,1258,10000,629,629,2473,7527,1.1771,3585,0.24757038372908527,0.9991912656692277,0.2488,0.3968202986992131,0.49102895300063054,1628.103,10,2026-09-18T18:12:31.394580+00:00
gemma-2-9b-it,belief_bank_facts,hidden,22,27416,halu_eval,511,1258,10000,629,629,2473,7527,1.157,3585,0.247249449889978,0.9995956328346138,0.2473,0.39643974019725764,0.4932830299934926,1629.801,10,2026-09-18T18:12:31.394580+00:00
gemma-2-9b-it,belief_bank_facts,hidden,22,27416,halu_eval,mean,0,0,0,0,0,0,1.17414,3585.0,0.24751986025649889,0.9885159725030329,0.25398000000000004,0.39589201565231413,0.5021731713264517,2691.634,10,2026-09-18T18:12:31.394580+00:00
gemma-2-9b-it,belief_bank_facts,hidden,22,27416,halu_eval,std,0,0,0,0,0,0,0.011893124063928711,0.0,0.000512598450682919,0.014880711686211068,0.007644187334177518,0.0014115937101028993,0.008127744346994035,2691.634,10,2026-09-18T18:12:31.394580+00:00
gemma-2-9b-it,belief_bank_facts,hidden,23,27416,belief_bank_facts,2,1258,8225,629,629,270,7955,1.1879,3585,0.6055045871559633,0.9777777777777777,0.9783586626139817,0.7478753541076487,0.9940056335405172,1632.186,10,2026-09-18T18:12:31.394580+00:00
gemma-2-9b-it,belief_bank_facts,hidden,23,27416,belief_bank_facts,4,1258,8225,629,629,270,7955,1.1778,3585,0.5086042065009561,0.9851851851851852,0.9682674772036474,0.6708701134930644,0.9962618432385875,1633.885,10,2026-09-18T18:12:31.394580+00:00
gemma-2-9b-it,belief_bank_facts,hidden,23,27416,belief_bank_facts,24,1258,8225,629,629,270,7955,1.178,3585,0.49165120593692024,0.9814814814814815,0.9660790273556231,0.6551297898640297,0.9965141886072119,1635.578,10,2026-09-18T18:12:31.394580+00:00
gemma-2-9b-it,belief_bank_facts,hidden,23,27416,belief_bank_facts,42,1258,8225,629,629,270,7955,1.1578,3585,0.4767857142857143,0.9888888888888889,0.9640121580547113,0.6433734939759036,0.9967609469935051,1637.253,10,2026-09-18T18:12:31.394580+00:00
gemma-2-9b-it,belief_bank_facts,hidden,23,27416,belief_bank_facts,64,1258,8225,629,629,270,7955,1.1881,3585,0.5321285140562249,0.9814814814814815,0.971063829787234,0.6901041666666666,0.9965449170100333,1638.955,10,2026-09-18T18:12:31.394580+00:00
gemma-2-9b-it,belief_bank_facts,hidden,23,27416,belief_bank_facts,67,1258,8225,629,629,270,7955,1.1984,3585,0.46113989637305697,0.9888888888888889,0.9617021276595744,0.6289752650176679,0.9954075005237796,1640.675,10,2026-09-18T18:12:31.394580+00:00
gemma-2-9b-it,belief_bank_facts,hidden,23,27416,belief_bank_facts,104,1258,8225,629,629,270,7955,1.1777,3585,0.56,0.9851851851851852,0.9741033434650456,0.7140939597315437,0.9970849919687128,1642.368,10,2026-09-18T18:12:31.394580+00:00
gemma-2-9b-it,belief_bank_facts,hidden,23,27416,belief_bank_facts,123,1258,8225,629,629,270,7955,1.1677,3585,0.5196078431372549,0.9814814814814815,0.9696048632218845,0.6794871794871795,0.9966883162232,1644.055,10,2026-09-18T18:12:31.394580+00:00
gemma-2-9b-it,belief_bank_facts,hidden,23,27416,belief_bank_facts,420,1258,8225,629,629,270,7955,1.1977,3585,0.5929203539823009,0.9925925925925926,0.977386018237082,0.7423822714681441,0.9978117652536257,1645.773,10,2026-09-18T18:12:31.394580+00:00
gemma-2-9b-it,belief_bank_facts,hidden,23,27416,belief_bank_facts,511,1258,8225,629,629,270,7955,1.1577,3585,0.4570446735395189,0.9851851851851852,0.9610942249240122,0.6244131455399061,0.9953218334613684,1647.445,10,2026-09-18T18:12:31.394580+00:00
gemma-2-9b-it,belief_bank_facts,hidden,23,27416,belief_bank_facts,mean,0,0,0,0,0,0,1.17888,3585.0,0.5205386994967911,0.9848148148148148,0.9691671732522797,0.6796704739351754,0.9962401936820541,2691.634,10,2026-09-18T18:12:31.394580+00:00
gemma-2-9b-it,belief_bank_facts,hidden,23,27416,belief_bank_facts,std,0,0,0,0,0,0,0.013866780448251135,0.0,0.049600043116084395,0.004206598774666873,0.005813838874780893,0.04183190883252533,0.00101754311057711,2691.634,10,2026-09-18T18:12:31.394580+00:00
gemma-2-9b-it,belief_bank_facts,hidden,23,27416,belief_bank_constraints,2,1258,25414,629,629,11520,13894,1.1978,3585,0.5416315345699831,0.44609375,0.5777917683166759,0.4892421934501142,0.6086552461194281,1649.804,10,2026-09-18T18:12:31.394580+00:00
gemma-2-9b-it,belief_bank_facts,hidden,23,27416,belief_bank_constraints,4,1258,25414,629,629,11520,13894,1.1781,3585,0.48756822316555487,0.41875,0.5370268356024238,0.4505463715326422,0.5632955322441341,1652.143,10,2026-09-18T18:12:31.394580+00:00
gemma-2-9b-it,belief_bank_facts,hidden,23,27416,belief_bank_constraints,24,1258,25414,629,629,11520,13894,1.1678,3585,0.4977894877863618,0.9676215277777778,0.5428110490280947,0.6573880222923363,0.655905164399501,1654.471,10,2026-09-18T18:12:31.394580+00:00
gemma-2-9b-it,belief_bank_facts,hidden,23,27416,belief_bank_constraints,42,1258,25414,629,629,11520,13894,1.1579,3585,0.541468829006598,0.7622395833333333,0.5996301251278823,0.6331614810541876,0.6624910470446875,1656.79,10,2026-09-18T18:12:31.394580+00:00
gemma-2-9b-it,belief_bank_facts,hidden,23,27416,belief_bank_constraints,64,1258,25414,629,629,11520,13894,1.178,3585,0.5422162101228722,0.8350694444444444,0.6056504288974581,0.6575080308933088,0.67409632005422,1659.123,10,2026-09-18T18:12:31.394580+00:00
gemma-2-9b-it,belief_bank_facts,hidden,23,27416,belief_bank_constraints,67,1258,25414,629,629,11520,13894,1.1881,3585,0.47785953177257523,0.9302083333333333,0.5076335877862596,0.631374281926646,0.5810373969879085,1661.471,10,2026-09-18T18:12:31.394580+00:00
gemma-2-9b-it,belief_bank_facts,hidden,23,27416,belief_bank_constraints,104,1258,25414,629,629,11520,13894,1.1777,3585,0.47045547804677884,0.9952256944444444,0.49004485716534196,0.6388966285873502,0.6440152586348225,1663.809,10,2026-09-18T18:12:31.394580+00:00
gemma-2-9b-it,belief_bank_facts,hidden,23,27416,belief_bank_constraints,123,1258,25414,629,629,11520,13894,1.1678,3585,0.519817902914543,0.9118923611111112,0.5782246006138348,0.6621702543414542,0.6558242379304415,1666.136,10,2026-09-18T18:12:31.394580+00:00
gemma-2-9b-it,belief_bank_facts,hidden,23,27416,belief_bank_constraints,420,1258,25414,629,629,11520,13894,1.1979,3585,0.5079395204656165,0.6969618055555555,0.5565829857558826,0.5876239616496506,0.5997732272023895,1668.497,10,2026-09-18T18:12:31.394580+00:00
gemma-2-9b-it,belief_bank_facts,hidden,23,27416,belief_bank_constraints,511,1258,25414,629,629,11520,13894,1.1576,3585,0.5006762239653774,0.9640625,0.5478869914220509,0.6590706782980239,0.6532678286890424,1670.814,10,2026-09-18T18:12:31.394580+00:00
gemma-2-9b-it,belief_bank_facts,hidden,23,27416,belief_bank_constraints,mean,0,0,0,0,0,0,1.17687,3585.0,0.5087422941816261,0.7928124999999999,0.5543283229715905,0.6066981904025714,0.6298361259306575,2691.634,10,2026-09-18T18:12:31.394580+00:00
gemma-2-9b-it,belief_bank_facts,hidden,23,27416,belief_bank_constraints,std,0,0,0,0,0,0,0.01380449564453552,0.0,0.025395938379345895,0.2014839552018973,0.035495214858708844,0.07201403261813813,0.036457855108780995,2691.634,10,2026-09-18T18:12:31.394580+00:00
gemma-2-9b-it,belief_bank_facts,hidden,23,27416,halu_eval,2,1258,10000,629,629,2473,7527,1.1879,3585,0.2470672977979008,0.9708855640921957,0.2611,0.39389713723238456,0.5051851882891358,1672.545,10,2026-09-18T18:12:31.394580+00:00
gemma-2-9b-it,belief_bank_facts,hidden,23,27416,halu_eval,4,1258,10000,629,629,2473,7527,1.1779,3585,0.24880076750879437,0.9437929640113223,0.2814,0.3937911253585288,0.5097271872747529,1674.266,10,2026-09-18T18:12:31.394580+00:00
gemma-2-9b-it,belief_bank_facts,hidden,23,27416,halu_eval,24,1258,10000,629,629,2473,7527,1.1677,3585,0.2493928160552218,0.7889203396684189,0.3606,0.37898212898212896,0.5065299092293221,1675.977,10,2026-09-18T18:12:31.394580+00:00
gemma-2-9b-it,belief_bank_facts,hidden,23,27416,halu_eval,42,1258,10000,629,629,2473,7527,1.1577,3585,0.24656418609386135,0.9793772745653053,0.2548,0.39394925178919976,0.5028240429077239,1677.677,10,2026-09-18T18:12:31.394580+00:00
gemma-2-9b-it,belief_bank_facts,hidden,23,27416,halu_eval,64,1258,10000,629,629,2473,7527,1.1777,3585,0.24905415630742622,0.9316619490497372,0.2884,0.3930399181166837,0.5100741253847653,1679.397,10,2026-09-18T18:12:31.394580+00:00
gemma-2-9b-it,belief_bank_facts,hidden,23,27416,halu_eval,67,1258,10000,629,629,2473,7527,1.1878,3585,0.24756354867879032,0.9963606955115245,0.2502,0.396587799774666,0.5019780253548474,1681.128,10,2026-09-18T18:12:31.394580+00:00
gemma-2-9b-it,belief_bank_facts,hidden,23,27416,halu_eval,104,1258,10000,629,629,2473,7527,1.1879,3585,0.24731727070257137,0.9878689850384149,0.2535,0.39559549834021535,0.4972071159810663,1682.858,10,2026-09-18T18:12:31.394580+00:00
gemma-2-9b-it,belief_bank_facts,hidden,23,27416,halu_eval,123,1258,10000,629,629,2473,7527,1.1676,3585,0.2482499216382823,0.9607763849575415,0.2708,0.3945533045499834,0.5057016200097226,1684.569,10,2026-09-18T18:12:31.394580+00:00
gemma-2-9b-it,belief_bank_facts,hidden,23,27416,halu_eval,420,1258,10000,629,629,2473,7527,1.198,3585,0.2468354430379747,0.9619894864537,0.2647,0.3928659895962348,0.5045380504022962,1686.31,10,2026-09-18T18:12:31.394580+00:00
gemma-2-9b-it,belief_bank_facts,hidden,23,27416,halu_eval,511,1258,10000,629,629,2473,7527,1.1578,3585,0.2477705715443859,0.9886777193691872,0.2549,0.39624017502633496,0.5088333569442499,1688.01,10,2026-09-18T18:12:31.394580+00:00
gemma-2-9b-it,belief_bank_facts,hidden,23,27416,halu_eval,mean,0,0,0,0,0,0,1.1768,3585.0,0.24786159793652093,0.9510311362717347,0.27403999999999995,0.392950232876636,0.5052598621777882,2691.634,10,2026-09-18T18:12:31.394580+00:00
gemma-2-9b-it,belief_bank_facts,hidden,23,27416,halu_eval,std,0,0,0,0,0,0,0.013084876766710492,0.0,0.0009252164371163003,0.057401468064077046,0.031216892862679327,0.004809861890342812,0.0037388385399167645,2691.634,10,2026-09-18T18:12:31.394580+00:00
gemma-2-9b-it,belief_bank_facts,hidden,24,27416,belief_bank_facts,2,1258,8225,629,629,270,7955,0.2871,3585,0.5923423423423423,0.9740740740740741,0.9771428571428571,0.7366946778711485,0.994478199129362,1689.481,10,2026-09-18T18:12:31.394580+00:00
gemma-2-9b-it,belief_bank_facts,hidden,24,27416,belief_bank_facts,4,1258,8225,629,629,270,7955,0.2671,3585,0.498134328358209,0.9888888888888889,0.9669300911854103,0.6625310173697271,0.9966049770700933,1690.267,10,2026-09-18T18:12:31.394580+00:00
gemma-2-9b-it,belief_bank_facts,hidden,24,27416,belief_bank_facts,24,1258,8225,629,629,270,7955,0.2671,3585,0.49074074074074076,0.9814814814814815,0.9659574468085106,0.654320987654321,0.9959769071396979,1691.051,10,2026-09-18T18:12:31.394580+00:00
gemma-2-9b-it,belief_bank_facts,hidden,24,27416,belief_bank_facts,42,1258,8225,629,629,270,7955,0.267,3585,0.4784172661870504,0.9851851851851852,0.9642553191489361,0.6440677966101694,0.9969928067602486,1691.839,10,2026-09-18T18:12:31.394580+00:00
gemma-2-9b-it,belief_bank_facts,hidden,24,27416,belief_bank_facts,64,1258,8225,629,629,270,7955,0.277,3585,0.5057251908396947,0.9814814814814815,0.96790273556231,0.6675062972292192,0.9964694927485626,1692.63,10,2026-09-18T18:12:31.394580+00:00
gemma-2-9b-it,belief_bank_facts,hidden,24,27416,belief_bank_facts,67,1258,8225,629,629,270,7955,0.2872,3585,0.4459234608985025,0.9925925925925926,0.9592705167173252,0.6153846153846154,0.9949288823707427,1693.438,10,2026-09-18T18:12:31.394580+00:00
gemma-2-9b-it,belief_bank_facts,hidden,24,27416,belief_bank_facts,104,1258,8225,629,629,270,7955,0.2772,3585,0.5541666666666667,0.9851851851851852,0.9734954407294832,0.7093333333333334,0.9964909095141653,1694.231,10,2026-09-18T18:12:31.394580+00:00
gemma-2-9b-it,belief_bank_facts,hidden,24,27416,belief_bank_facts,123,1258,8225,629,629,270,7955,0.2769,3585,0.539553752535497,0.9851851851851852,0.9719148936170213,0.6972477064220184,0.9966771422585377,1695.027,10,2026-09-18T18:12:31.394580+00:00
gemma-2-9b-it,belief_bank_facts,hidden,24,27416,belief_bank_facts,420,1258,8225,629,629,270,7955,1.1878,3585,0.5907079646017699,0.9888888888888889,0.9771428571428571,0.739612188365651,0.9979295574644411,1696.734,10,2026-09-18T18:12:31.394580+00:00
gemma-2-9b-it,belief_bank_facts,hidden,24,27416,belief_bank_facts,511,1258,8225,629,629,270,7955,1.1675,3585,0.45051194539249145,0.9777777777777777,0.9601215805471125,0.616822429906542,0.9948380939078614,1698.416,10,2026-09-18T18:12:31.394580+00:00
gemma-2-9b-it,belief_bank_facts,hidden,24,27416,belief_bank_facts,mean,0,0,0,0,0,0,0.45619,3585.0,0.5146223658562965,0.9840740740740742,0.9684133738601822,0.6743521050146746,0.9961386968363712,2691.634,10,2026-09-18T18:12:31.394580+00:00
gemma-2-9b-it,belief_bank_facts,hidden,24,27416,belief_bank_facts,std,0,0,0,0,0,0,0.3608266133477407,0.0,0.05007652221176887,0.005250906251391789,0.006071435989511226,0.04264409257415855,0.0010303472009956152,2691.634,10,2026-09-18T18:12:31.394580+00:00
gemma-2-9b-it,belief_bank_facts,hidden,24,27416,belief_bank_constraints,2,1258,25414,629,629,11520,13894,1.1879,3585,0.5043852481342267,0.8037326388888889,0.5530416305973086,0.6198078789704455,0.6229452249072341,1700.764,10,2026-09-18T18:12:31.394580+00:00
gemma-2-9b-it,belief_bank_facts,hidden,24,27416,belief_bank_constraints,4,1258,25414,629,629,11520,13894,1.1676,3585,0.4600225931969374,0.6362847222222222,0.49657669001337845,0.5339841188897793,0.5103580694804313,1703.092,10,2026-09-18T18:12:31.394580+00:00
gemma-2-9b-it,belief_bank_facts,hidden,24,27416,belief_bank_constraints,24,1258,25414,629,629,11520,13894,1.1779,3585,0.48133837204364993,0.9840277777777777,0.5121193043204533,0.6464600382082062,0.6684095315423924,1705.431,10,2026-09-18T18:12:31.394580+00:00
gemma-2-9b-it,belief_bank_facts,hidden,24,27416,belief_bank_constraints,42,1258,25414,629,629,11520,13894,1.1676,3585,0.487778167163133,0.9665798611111112,0.5247501377193673,0.6483638057528822,0.7183967424987605,1707.756,10,2026-09-18T18:12:31.394580+00:00
gemma-2-9b-it,belief_bank_facts,hidden,24,27416,belief_bank_constraints,64,1258,25414,629,629,11520,13894,1.1778,3585,0.49485043883216906,0.9592881944444445,0.537656409852837,0.652900862578282,0.6617925790808983,1710.092,10,2026-09-18T18:12:31.394580+00:00
gemma-2-9b-it,belief_bank_facts,hidden,24,27416,belief_bank_constraints,67,1258,25414,629,629,11520,13894,1.188,3585,0.47191150882426053,0.9888020833333333,0.493350121980011,0.6389029109877167,0.6345931509704429,1712.441,10,2026-09-18T18:12:31.394580+00:00
gemma-2-9b-it,belief_bank_facts,hidden,24,27416,belief_bank_constraints,104,1258,25414,629,629,11520,13894,1.178,3585,0.4666993343950345,0.9921006944444445,0.48252931455103487,0.6347857480074426,0.6322316200138349,1714.775,10,2026-09-18T18:12:31.394580+00:00
gemma-2-9b-it,belief_bank_facts,hidden,24,27416,belief_bank_constraints,123,1258,25414,629,629,11520,13894,1.1779,3585,0.507920976609822,0.9462673611111111,0.5600849925238057,0.6610272269722879,0.6838035915283176,1717.114,10,2026-09-18T18:12:31.394580+00:00
gemma-2-9b-it,belief_bank_facts,hidden,24,27416,belief_bank_constraints,420,1258,25414,629,629,11520,13894,1.1879,3585,0.48520947664301967,0.9440104166666666,0.520618556701031,0.6409689682609849,0.6239628441733442,1719.461,10,2026-09-18T18:12:31.394580+00:00
gemma-2-9b-it,belief_bank_facts,hidden,24,27416,belief_bank_constraints,511,1258,25414,629,629,11520,13894,1.1676,3585,0.5076197567634648,0.8876736111111111,0.5587864956323286,0.6458866256118743,0.6663721750395855,1721.789,10,2026-09-18T18:12:31.394580+00:00
gemma-2-9b-it,belief_bank_facts,hidden,24,27416,belief_bank_constraints,mean,0,0,0,0,0,0,1.17782,3585.0,0.48677358726057174,0.9108767361111111,0.5239513653891555,0.6323088184239902,0.6422865529235241,2691.634,10,2026-09-18T18:12:31.394580+00:00
gemma-2-9b-it,belief_bank_facts,hidden,24,27416,belief_bank_constraints,std,0,0,0,0,0,0,0.007875506332928689,0.0,0.01621619827048992,0.10641270002805947,0.026658086293783956,0.034408997685716286,0.05237814223280703,2691.634,10,2026-09-18T18:12:31.394580+00:00
gemma-2-9b-it,belief_bank_facts,hidden,24,27416,halu_eval,2,1258,10000,629,629,2473,7527,1.1979,3585,0.24721357566020685,0.9955519611807522,0.2492,0.3960746460746461,0.5066509453956054,1723.528,10,2026-09-18T18:12:31.394580+00:00
gemma-2-9b-it,belief_bank_facts,hidden,24,27416,halu_eval,4,1258,10000,629,629,2473,7527,1.1679,3585,0.24813108038914491,0.9797816417306915,0.2608,0.395979735250858,0.514074496927653,1725.239,10,2026-09-18T18:12:31.394580+00:00
gemma-2-9b-it,belief_bank_facts,hidden,24,27416,halu_eval,24,1258,10000,629,629,2473,7527,1.1677,3585,0.24882733973643065,0.9009300444803882,0.3029,0.3899536186225606,0.512343244599802,1726.951,10,2026-09-18T18:12:31.394580+00:00
gemma-2-9b-it,belief_bank_facts,hidden,24,27416,halu_eval,42,1258,10000,629,629,2473,7527,1.1676,3585,0.24770364388815988,0.9923170238576627,0.2528,0.39644588045234247,0.5101710402733473,1728.669,10,2026-09-18T18:12:31.394580+00:00
gemma-2-9b-it,belief_bank_facts,hidden,24,27416,halu_eval,64,1258,10000,629,629,2473,7527,1.1777,3585,0.24725162866449513,0.9822078447230085,0.2561,0.39505570464340894,0.5150776519800319,1730.401,10,2026-09-18T18:12:31.394580+00:00
gemma-2-9b-it,belief_bank_facts,hidden,24,27416,halu_eval,67,1258,10000,629,629,2473,7527,1.1879,3585,0.24752078533506963,0.9991912656692277,0.2486,0.39675658317276813,0.5058578442314502,1732.131,10,2026-09-18T18:12:31.394580+00:00
gemma-2-9b-it,belief_bank_facts,hidden,24,27416,halu_eval,104,1258,10000,629,629,2473,7527,1.188,3585,0.24736415247364152,0.9866558835422564,0.2543,0.39555807732836185,0.5078700100584117,1733.863,10,2026-09-18T18:12:31.394580+00:00
gemma-2-9b-it,belief_bank_facts,hidden,24,27416,halu_eval,123,1258,10000,629,629,2473,7527,1.1776,3585,0.2477270405557258,0.9805903760614638,0.2588,0.3955309084977981,0.5126699831543229,1735.584,10,2026-09-18T18:12:31.394580+00:00
gemma-2-9b-it,belief_bank_facts,hidden,24,27416,halu_eval,420,1258,10000,629,629,2473,7527,1.1882,3585,0.24760136180748993,0.9704811969268096,0.2634,0.39454216669406544,0.5123887473218801,1737.316,10,2026-09-18T18:12:31.394580+00:00
gemma-2-9b-it,belief_bank_facts,hidden,24,27416,halu_eval,511,1258,10000,629,629,2473,7527,1.1677,3585,0.2477705715443859,0.9886777193691872,0.2549,0.39624017502633496,0.5128510807648604,1739.027,10,2026-09-18T18:12:31.394580+00:00
gemma-2-9b-it,belief_bank_facts,hidden,24,27416,halu_eval,mean,0,0,0,0,0,0,1.17882,3585.0,0.24771111800547505,0.9776384957541449,0.26017999999999997,0.3952137495763145,0.5109955044707365,2691.634,10,2026-09-18T18:12:31.394580+00:00
gemma-2-9b-it,belief_bank_facts,hidden,24,27416,halu_eval,std,0,0,0,0,0,0,0.01055431665244131,0.0,0.0004531556397298627,0.026783670599414625,0.014919369959887716,0.0018612909187549407,0.003030971741969039,2691.634,10,2026-09-18T18:12:31.394580+00:00
gemma-2-9b-it,belief_bank_facts,hidden,25,27416,belief_bank_facts,2,1258,8225,629,629,270,7955,1.1879,3585,0.5653104925053534,0.9777777777777777,0.9745896656534955,0.7164179104477612,0.9941401866983263,1741.412,10,2026-09-18T18:12:31.394580+00:00
gemma-2-9b-it,belief_bank_facts,hidden,25,27416,belief_bank_facts,4,1258,8225,629,629,270,7955,1.1676,3585,0.49353049907578556,0.9888888888888889,0.9663221884498481,0.6584463625154131,0.9960886467863214,1743.098,10,2026-09-18T18:12:31.394580+00:00
gemma-2-9b-it,belief_bank_facts,hidden,25,27416,belief_bank_facts,24,1258,8225,629,629,270,7955,1.1779,3585,0.48811700182815354,0.9888888888888889,0.9655927051671732,0.653610771113831,0.9962893125683824,1744.791,10,2026-09-18T18:12:31.394580+00:00
gemma-2-9b-it,belief_bank_facts,hidden,25,27416,belief_bank_facts,42,1258,8225,629,629,270,7955,1.1679,3585,0.4618055555555556,0.9851851851851852,0.961823708206687,0.6288416075650118,0.9960323113811487,1746.479,10,2026-09-18T18:12:31.394580+00:00
gemma-2-9b-it,belief_bank_facts,hidden,25,27416,belief_bank_facts,64,1258,8225,629,629,270,7955,1.1679,3585,0.5009523809523809,0.9740740740740741,0.9672948328267478,0.6616352201257861,0.9961594152291826,1748.161,10,2026-09-18T18:12:31.394580+00:00
gemma-2-9b-it,belief_bank_facts,hidden,25,27416,belief_bank_facts,67,1258,8225,629,629,270,7955,1.1776,3585,0.43506493506493504,0.9925925925925926,0.9574468085106383,0.6049661399548533,0.9945759713201574,1749.858,10,2026-09-18T18:12:31.394580+00:00
gemma-2-9b-it,belief_bank_facts,hidden,25,27416,belief_bank_facts,104,1258,8225,629,629,270,7955,1.1779,3585,0.5155038759689923,0.9851851851851852,0.9691185410334346,0.6768447837150128,0.9955215680797076,1751.552,10,2026-09-18T18:12:31.394580+00:00
gemma-2-9b-it,belief_bank_facts,hidden,25,27416,belief_bank_facts,123,1258,8225,629,629,270,7955,1.1779,3585,0.5176470588235295,0.9777777777777777,0.9693617021276596,0.676923076923077,0.9962050422515539,1753.25,10,2026-09-18T18:12:31.394580+00:00
gemma-2-9b-it,belief_bank_facts,hidden,25,27416,belief_bank_facts,420,1258,8225,629,629,270,7955,1.1881,3585,0.5639412997903563,0.9962962962962963,0.9745896656534955,0.7202141900937081,0.9978327164373676,1754.957,10,2026-09-18T18:12:31.394580+00:00
gemma-2-9b-it,belief_bank_facts,hidden,25,27416,belief_bank_facts,511,1258,8225,629,629,270,7955,1.1577,3585,0.4264705882352941,0.9666666666666667,0.9562310030395137,0.5918367346938775,0.9946616383825687,1756.631,10,2026-09-18T18:12:31.394580+00:00
gemma-2-9b-it,belief_bank_facts,hidden,25,27416,belief_bank_facts,mean,0,0,0,0,0,0,1.17484,3585.0,0.49683436878003356,0.9833333333333334,0.9662370820668693,0.6589736797148331,0.9957506809134717,2691.634,10,2026-09-18T18:12:31.394580+00:00
gemma-2-9b-it,belief_bank_facts,hidden,25,27416,belief_bank_facts,std,0,0,0,0,0,0,0.009080881014527168,0.0,0.04480116812248346,0.008646383355502791,0.005966632704663123,0.04007498613031926,0.0010200088808783646,2691.634,10,2026-09-18T18:12:31.394580+00:00
gemma-2-9b-it,belief_bank_facts,hidden,25,27416,belief_bank_constraints,2,1258,25414,629,629,11520,13894,1.1879,3585,0.5248912245013279,0.8063368055555555,0.5813724718659007,0.6358626826847383,0.6052732969267309,1758.977,10,2026-09-18T18:12:31.394580+00:00
gemma-2-9b-it,belief_bank_facts,hidden,25,27416,belief_bank_constraints,4,1258,25414,629,629,11520,13894,1.1678,3585,0.46980895272625856,0.5848958333333333,0.512630833398914,0.5210733895290387,0.5220365468007773,1761.305,10,2026-09-18T18:12:31.394580+00:00
gemma-2-9b-it,belief_bank_facts,hidden,25,27416,belief_bank_constraints,24,1258,25414,629,629,11520,13894,1.178,3585,0.497452934662237,0.9748263888888888,0.5421814747776816,0.6587476169526324,0.6646160275518609,1763.65,10,2026-09-18T18:12:31.394580+00:00
gemma-2-9b-it,belief_bank_facts,hidden,25,27416,belief_bank_constraints,42,1258,25414,629,629,11520,13894,1.1677,3585,0.5060707948071356,0.9407118055555556,0.55693712127174,0.6581040869618024,0.6901522302292755,1765.977,10,2026-09-18T18:12:31.394580+00:00
gemma-2-9b-it,belief_bank_facts,hidden,25,27416,belief_bank_constraints,64,1258,25414,629,629,11520,13894,1.178,3585,0.510752688172043,0.9483506944444444,0.5648067994019045,0.66393193558189,0.6422847642067719,1768.315,10,2026-09-18T18:12:31.394580+00:00
gemma-2-9b-it,belief_bank_facts,hidden,25,27416,belief_bank_constraints,67,1258,25414,629,629,11520,13894,1.1776,3585,0.4905845167608957,0.9565972222222222,0.5300621704572283,0.6485595739045994,0.617162165573069,1770.648,10,2026-09-18T18:12:31.394580+00:00
gemma-2-9b-it,belief_bank_facts,hidden,25,27416,belief_bank_constraints,104,1258,25414,629,629,11520,13894,1.1679,3585,0.48290543705028316,0.9845486111111111,0.5151097820099158,0.6479846887765304,0.6795259282084193,1772.974,10,2026-09-18T18:12:31.394580+00:00
gemma-2-9b-it,belief_bank_facts,hidden,25,27416,belief_bank_constraints,123,1258,25414,629,629,11520,13894,1.1779,3585,0.49274207824393695,0.9664930555555555,0.5338002675690564,0.6527142689647086,0.6736168340050861,1775.314,10,2026-09-18T18:12:31.394580+00:00
gemma-2-9b-it,belief_bank_facts,hidden,25,27416,belief_bank_constraints,420,1258,25414,629,629,11520,13894,1.1981,3585,0.47654611059830493,0.9859375,0.5027150389549068,0.642529841036375,0.6547852765182413,1777.671,10,2026-09-18T18:12:31.394580+00:00
gemma-2-9b-it,belief_bank_facts,hidden,25,27416,belief_bank_constraints,511,1258,25414,629,629,11520,13894,1.1577,3585,0.5019965514111988,0.9603298611111111,0.5501691980797986,0.6593360748554741,0.6884392106204916,1779.989,10,2026-09-18T18:12:31.394580+00:00
gemma-2-9b-it,belief_bank_facts,hidden,25,27416,belief_bank_constraints,mean,0,0,0,0,0,0,1.17586,3585.0,0.49537512889336216,0.9109027777777777,0.5389785157787046,0.638884415924779,0.6437892280640723,2691.634,10,2026-09-18T18:12:31.394580+00:00
gemma-2-9b-it,belief_bank_facts,hidden,25,27416,belief_bank_constraints,std,0,0,0,0,0,0,0.0108656523043948,0.0,0.015696383151447193,0.11927570546413067,0.023680417255372635,0.04009879988639068,0.04887030959440015,2691.634,10,2026-09-18T18:12:31.394580+00:00
gemma-2-9b-it,belief_bank_facts,hidden,25,27416,halu_eval,2,1258,10000,629,629,2473,7527,1.188,3585,0.2473313192346425,0.9931257581884351,0.2509,0.39603321776989436,0.5034040280169984,1781.72,10,2026-09-18T18:12:31.394580+00:00
gemma-2-9b-it,belief_bank_facts,hidden,25,27416,halu_eval,4,1258,10000,629,629,2473,7527,1.1676,3585,0.24717154214657017,0.9805903760614638,0.2566,0.3948225333767502,0.5112931900475716,1783.429,10,2026-09-18T18:12:31.394580+00:00
gemma-2-9b-it,belief_bank_facts,hidden,25,27416,halu_eval,24,1258,10000,629,629,2473,7527,1.1877,3585,0.24814621409921672,0.9607763849575415,0.2704,0.3944223107569721,0.5099783386628464,1785.157,10,2026-09-18T18:12:31.394580+00:00
gemma-2-9b-it,belief_bank_facts,hidden,25,27416,halu_eval,42,1258,10000,629,629,2473,7527,1.1676,3585,0.24746347402597402,0.9862515163768703,0.2549,0.3956525265633871,0.5068860338393053,1786.865,10,2026-09-18T18:12:31.394580+00:00
gemma-2-9b-it,belief_bank_facts,hidden,25,27416,halu_eval,64,1258,10000,629,629,2473,7527,1.1678,3585,0.24720024658378711,0.9729073999191266,0.2606,0.39423234474848434,0.5095208402198507,1788.57,10,2026-09-18T18:12:31.394580+00:00
gemma-2-9b-it,belief_bank_facts,hidden,25,27416,halu_eval,67,1258,10000,629,629,2473,7527,1.1777,3585,0.24699221514508138,0.9878689850384149,0.2522,0.39517955354254286,0.5044477433470266,1790.283,10,2026-09-18T18:12:31.394580+00:00
gemma-2-9b-it,belief_bank_facts,hidden,25,27416,halu_eval,104,1258,10000,629,629,2473,7527,1.1677,3585,0.24738219895287958,0.9935301253538212,0.2509,0.39613059250302296,0.5037723475713876,1791.99,10,2026-09-18T18:12:31.394580+00:00
gemma-2-9b-it,belief_bank_facts,hidden,25,27416,halu_eval,123,1258,10000,629,629,2473,7527,1.1777,3585,0.24723247232472326,0.9753336029114436,0.2595,0.39447215634966065,0.5094195201090603,1793.709,10,2026-09-18T18:12:31.394580+00:00
gemma-2-9b-it,belief_bank_facts,hidden,25,27416,halu_eval,420,1258,10000,629,629,2473,7527,1.1877,3585,0.24768400692252876,0.9838253133845531,0.257,0.3957384515289525,0.5093522061648291,1795.438,10,2026-09-18T18:12:31.394580+00:00
gemma-2-9b-it,belief_bank_facts,hidden,25,27416,halu_eval,511,1258,10000,629,629,2473,7527,1.1578,3585,0.24729133226324237,0.9967650626769107,0.2489,0.3962703962703963,0.5091514999432425,1797.137,10,2026-09-18T18:12:31.394580+00:00
gemma-2-9b-it,belief_bank_facts,hidden,25,27416,halu_eval,mean,0,0,0,0,0,0,1.1747299999999998,3585.0,0.24738950216986458,0.983097452486858,0.25619000000000003,0.3952954083410064,0.5077225747922118,2691.634,10,2026-09-18T18:12:31.394580+00:00
gemma-2-9b-it,belief_bank_facts,hidden,25,27416,halu_eval,std,0,0,0,0,0,0,0.010079290649643958,0.0,0.00030719917827034117,0.010478962684892502,0.005998741534688747,0.0007296230528040869,0.00272630032282691,2691.634,10,2026-09-18T18:12:31.394580+00:00
gemma-2-9b-it,belief_bank_facts,hidden,26,27416,belief_bank_facts,2,1258,8225,629,629,270,7955,1.1778,3585,0.539714867617108,0.9814814814814815,0.9719148936170213,0.6964520367936925,0.9934385548339036,1799.564,10,2026-09-18T18:12:31.394580+00:00
gemma-2-9b-it,belief_bank_facts,hidden,26,27416,belief_bank_facts,4,1258,8225,629,629,270,7955,1.1779,3585,0.5163776493256262,0.9925925925925926,0.9692401215805471,0.679340937896071,0.9964047768698931,1801.261,10,2026-09-18T18:12:31.394580+00:00
gemma-2-9b-it,belief_bank_facts,hidden,26,27416,belief_bank_facts,24,1258,8225,629,629,270,7955,1.1677,3585,0.49080882352941174,0.9888888888888889,0.9659574468085106,0.6560196560196561,0.9956882463859208,1802.946,10,2026-09-18T18:12:31.394580+00:00
gemma-2-9b-it,belief_bank_facts,hidden,26,27416,belief_bank_facts,42,1258,8225,629,629,270,7955,1.1578,3585,0.47153024911032027,0.9814814814814815,0.9632826747720364,0.6370192307692307,0.996117047279838,1804.623,10,2026-09-18T18:12:31.394580+00:00
gemma-2-9b-it,belief_bank_facts,hidden,26,27416,belief_bank_facts,64,1258,8225,629,629,270,7955,1.1678,3585,0.5116731517509727,0.9740740740740741,0.9686322188449848,0.6709183673469388,0.9958339735083921,1806.305,10,2026-09-18T18:12:31.394580+00:00
gemma-2-9b-it,belief_bank_facts,hidden,26,27416,belief_bank_facts,67,1258,8225,629,629,270,7955,1.1776,3585,0.43156199677938806,0.9925925925925926,0.956838905775076,0.6015712682379349,0.9937076611495216,1808.004,10,2026-09-18T18:12:31.394580+00:00
gemma-2-9b-it,belief_bank_facts,hidden,26,27416,belief_bank_facts,104,1258,8225,629,629,270,7955,1.1676,3585,0.5236220472440944,0.9851851851851852,0.9700911854103343,0.6838046272493573,0.9951109248783667,1809.682,10,2026-09-18T18:12:31.394580+00:00
gemma-2-9b-it,belief_bank_facts,hidden,26,27416,belief_bank_facts,123,1258,8225,629,629,270,7955,1.1778,3585,0.5066666666666667,0.9851851851851852,0.9680243161094225,0.6691823899371069,0.9957706543753055,1811.382,10,2026-09-18T18:12:31.394580+00:00
gemma-2-9b-it,belief_bank_facts,hidden,26,27416,belief_bank_facts,420,1258,8225,629,629,270,7955,1.1878,3585,0.5510204081632653,1.0,0.9732522796352584,0.7105263157894737,0.9974565262937356,1813.089,10,2026-09-18T18:12:31.394580+00:00
gemma-2-9b-it,belief_bank_facts,hidden,26,27416,belief_bank_facts,511,1258,8225,629,629,270,7955,1.1678,3585,0.45,0.9666666666666667,0.9601215805471125,0.6141176470588235,0.9941890727937239,1814.774,10,2026-09-18T18:12:31.394580+00:00
gemma-2-9b-it,belief_bank_facts,hidden,26,27416,belief_bank_facts,mean,0,0,0,0,0,0,1.1727599999999998,3585.0,0.49929758601868535,0.9848148148148148,0.9667355623100302,0.6618952477098285,0.9953717438368601,2691.634,10,2026-09-18T18:12:31.394580+00:00
gemma-2-9b-it,belief_bank_facts,hidden,26,27416,belief_bank_facts,std,0,0,0,0,0,0,0.008075171824797295,0.0,0.036415819447210895,0.009139972355002265,0.004962869681919583,0.03324615018598738,0.0012006265176678064,2691.634,10,2026-09-18T18:12:31.394580+00:00
gemma-2-9b-it,belief_bank_facts,hidden,26,27416,belief_bank_constraints,2,1258,25414,629,629,11520,13894,1.1677,3585,0.48344135665453253,0.47265625,0.5320295899897695,0.47798797348900496,0.5541165351150776,1817.112,10,2026-09-18T18:12:31.394580+00:00
gemma-2-9b-it,belief_bank_facts,hidden,26,27416,belief_bank_constraints,4,1258,25414,629,629,11520,13894,1.168,3585,0.45186531773632627,0.49626736111111114,0.4987801998898245,0.4730266423961608,0.512127518323257,1819.44,10,2026-09-18T18:12:31.394580+00:00
gemma-2-9b-it,belief_bank_facts,hidden,26,27416,belief_bank_constraints,24,1258,25414,629,629,11520,13894,0.2669,3585,0.49446727790072714,0.9503472222222222,0.5370661839930747,0.6504857253201034,0.6288151460262623,1820.868,10,2026-09-18T18:12:31.394580+00:00
gemma-2-9b-it,belief_bank_facts,hidden,26,27416,belief_bank_constraints,42,1258,25414,629,629,11520,13894,0.2571,3585,0.47246376811594204,0.9763020833333333,0.495120799559298,0.6367728237791932,0.6313342502459095,1822.286,10,2026-09-18T18:12:31.394580+00:00
gemma-2-9b-it,belief_bank_facts,hidden,26,27416,belief_bank_constraints,64,1258,25414,629,629,11520,13894,0.2674,3585,0.5028228652081863,0.8658854166666666,0.5511135594554183,0.6362012883474711,0.5997164356016986,1823.713,10,2026-09-18T18:12:31.394580+00:00
gemma-2-9b-it,belief_bank_facts,hidden,26,27416,belief_bank_constraints,67,1258,25414,629,629,11520,13894,0.277,3585,0.4846520838959402,0.4673611111111111,0.5332887384905958,0.4758495735560564,0.5598718359143835,1825.152,10,2026-09-18T18:12:31.394580+00:00
gemma-2-9b-it,belief_bank_facts,hidden,26,27416,belief_bank_constraints,104,1258,25414,629,629,11520,13894,0.2776,3585,0.4789095756116438,0.9668402777777778,0.5081057684740694,0.6405382867987462,0.6446468699518577,1826.589,10,2026-09-18T18:12:31.394580+00:00
gemma-2-9b-it,belief_bank_facts,hidden,26,27416,belief_bank_constraints,123,1258,25414,629,629,11520,13894,0.2773,3585,0.48325380189983497,0.940625,0.5171558983237585,0.6384821612703651,0.6314944225525008,1828.026,10,2026-09-18T18:12:31.394580+00:00
gemma-2-9b-it,belief_bank_facts,hidden,26,27416,belief_bank_constraints,420,1258,25414,629,629,11520,13894,0.277,3585,0.4802402917828792,0.9715277777777778,0.5104666719131188,0.64275664034458,0.6483612905450794,1829.466,10,2026-09-18T18:12:31.394580+00:00
gemma-2-9b-it,belief_bank_facts,hidden,26,27416,belief_bank_constraints,511,1258,25414,629,629,11520,13894,0.2671,3585,0.4952610200090266,0.8572916666666667,0.5392696938695207,0.6278249260989797,0.6158969936563345,1830.882,10,2026-09-18T18:12:31.394580+00:00
gemma-2-9b-it,belief_bank_facts,hidden,26,27416,belief_bank_constraints,mean,0,0,0,0,0,0,0.45031,3585.0,0.4827377358815039,0.7965104166666667,0.5222397103958449,0.5899926041400662,0.602638129793236,2691.634,10,2026-09-18T18:12:31.394580+00:00
gemma-2-9b-it,belief_bank_facts,hidden,26,27416,belief_bank_constraints,std,0,0,0,0,0,0,0.35882482759697654,0.0,0.013348430656421082,0.21172555054906525,0.017920570395361334,0.07507275495687202,0.04330881713619385,2691.634,10,2026-09-18T18:12:31.394580+00:00
gemma-2-9b-it,belief_bank_facts,hidden,26,27416,halu_eval,2,1258,10000,629,629,2473,7527,1.1781,3585,0.24725882707977065,0.9939344925192074,0.2502,0.39600451103592715,0.5027661303523516,1832.604,10,2026-09-18T18:12:31.394580+00:00
gemma-2-9b-it,belief_bank_facts,hidden,26,27416,halu_eval,4,1258,10000,629,629,2473,7527,1.1778,3585,0.24850527231220784,0.9243833400727861,0.29,0.39170664838930774,0.508833464388694,1834.324,10,2026-09-18T18:12:31.394580+00:00
gemma-2-9b-it,belief_bank_facts,hidden,26,27416,halu_eval,24,1258,10000,629,629,2473,7527,1.1574,3585,0.24771119434040784,0.9627982207844723,0.2677,0.3940422010757137,0.5070924346164295,1836.024,10,2026-09-18T18:12:31.394580+00:00
gemma-2-9b-it,belief_bank_facts,hidden,26,27416,halu_eval,42,1258,10000,629,629,2473,7527,1.1577,3585,0.24792887452010506,0.9923170238576627,0.2537,0.3967342979548945,0.5033947340725834,1837.725,10,2026-09-18T18:12:31.394580+00:00
gemma-2-9b-it,belief_bank_facts,hidden,26,27416,halu_eval,64,1258,10000,629,629,2473,7527,1.1677,3585,0.24788004136504654,0.9692680954306511,0.2651,0.3947953553487606,0.5089987676659483,1839.436,10,2026-09-18T18:12:31.394580+00:00
gemma-2-9b-it,belief_bank_facts,hidden,26,27416,halu_eval,67,1258,10000,629,629,2473,7527,1.178,3585,0.24689088352979344,0.9231702385766276,0.2846,0.3895904436860068,0.5037945885713171,1841.156,10,2026-09-18T18:12:31.394580+00:00
gemma-2-9b-it,belief_bank_facts,hidden,26,27416,halu_eval,104,1258,10000,629,629,2473,7527,1.1677,3585,0.2479321753515302,0.9696724625960372,0.2651,0.39489501852614245,0.5031056547957209,1842.867,10,2026-09-18T18:12:31.394580+00:00
gemma-2-9b-it,belief_bank_facts,hidden,26,27416,halu_eval,123,1258,10000,629,629,2473,7527,1.1777,3585,0.24879893693141164,0.9842296805499393,0.2612,0.39719321148825065,0.5015530288561932,1844.589,10,2026-09-18T18:12:31.394580+00:00
gemma-2-9b-it,belief_bank_facts,hidden,26,27416,halu_eval,420,1258,10000,629,629,2473,7527,1.178,3585,0.2470802528661738,0.9324706833805095,0.2806,0.39064882263255973,0.509981132218393,1846.308,10,2026-09-18T18:12:31.394580+00:00
gemma-2-9b-it,belief_bank_facts,hidden,26,27416,halu_eval,511,1258,10000,629,629,2473,7527,1.1677,3585,0.24727492935002018,0.9906995551961181,0.2519,0.39576770858573623,0.5028792693519935,1848.019,10,2026-09-18T18:12:31.394580+00:00
gemma-2-9b-it,belief_bank_facts,hidden,26,27416,halu_eval,mean,0,0,0,0,0,0,1.17078,3585.0,0.24772613876464672,0.9642943792964012,0.26701,0.39413782187232993,0.5052399204889625,2691.634,10,2026-09-18T18:12:31.394580+00:00
gemma-2-9b-it,belief_bank_facts,hidden,26,27416,halu_eval,std,0,0,0,0,0,0,0.007959748739753024,0.0,0.0005832835714569878,0.026666811238846014,0.013237103157413261,0.002489886781270741,0.0029713238761525057,2691.634,10,2026-09-18T18:12:31.394580+00:00
gemma-2-9b-it,belief_bank_facts,hidden,27,27416,belief_bank_facts,2,1258,8225,629,629,270,7955,1.1881,3585,0.5076923076923077,0.9777777777777777,0.9681458966565349,0.6683544303797468,0.9936657587820379,1850.506,10,2026-09-18T18:12:31.394580+00:00
gemma-2-9b-it,belief_bank_facts,hidden,27,27416,belief_bank_facts,4,1258,8225,629,629,270,7955,1.1676,3585,0.5018867924528302,0.9851851851851852,0.9674164133738602,0.665,0.9956942989501129,1852.185,10,2026-09-18T18:12:31.394580+00:00
gemma-2-9b-it,belief_bank_facts,hidden,27,27416,belief_bank_facts,24,1258,8225,629,629,270,7955,1.1777,3585,0.47007042253521125,0.9888888888888889,0.9630395136778116,0.6372315035799523,0.9959210373163861,1853.878,10,2026-09-18T18:12:31.394580+00:00
gemma-2-9b-it,belief_bank_facts,hidden,27,27416,belief_bank_facts,42,1258,8225,629,629,270,7955,1.1678,3585,0.47330960854092524,0.9851851851851852,0.9635258358662614,0.6394230769230769,0.9956654328747352,1855.567,10,2026-09-18T18:12:31.394580+00:00
gemma-2-9b-it,belief_bank_facts,hidden,27,27416,belief_bank_facts,64,1258,8225,629,629,270,7955,1.1877,3585,0.5077220077220077,0.9740740740740741,0.9681458966565349,0.6675126903553299,0.9962222687804082,1857.269,10,2026-09-18T18:12:31.394580+00:00
gemma-2-9b-it,belief_bank_facts,hidden,27,27416,belief_bank_facts,67,1258,8225,629,629,270,7955,1.1786,3585,0.43134087237479807,0.9888888888888889,0.956838905775076,0.6006749156355455,0.9938012431035687,1858.976,10,2026-09-18T18:12:31.394580+00:00
gemma-2-9b-it,belief_bank_facts,hidden,27,27416,belief_bank_facts,104,1258,8225,629,629,270,7955,1.1676,3585,0.5009416195856874,0.9851851851851852,0.9672948328267478,0.6641697877652933,0.9948380939078614,1860.659,10,2026-09-18T18:12:31.394580+00:00
gemma-2-9b-it,belief_bank_facts,hidden,27,27416,belief_bank_facts,123,1258,8225,629,629,270,7955,1.1879,3585,0.5076923076923077,0.9777777777777777,0.9681458966565349,0.6683544303797468,0.9953991200502829,1862.366,10,2026-09-18T18:12:31.394580+00:00
gemma-2-9b-it,belief_bank_facts,hidden,27,27416,belief_bank_facts,420,1258,8225,629,629,270,7955,1.1775,3585,0.5445344129554656,0.9962962962962963,0.9725227963525835,0.7041884816753927,0.9972712247130852,1864.065,10,2026-09-18T18:12:31.394580+00:00
gemma-2-9b-it,belief_bank_facts,hidden,27,27416,belief_bank_facts,511,1258,8225,629,629,270,7955,1.1778,3585,0.44482173174872663,0.9703703703703703,0.9592705167173252,0.610011641443539,0.9935987149940638,1865.757,10,2026-09-18T18:12:31.394580+00:00
gemma-2-9b-it,belief_bank_facts,hidden,27,27416,belief_bank_facts,mean,0,0,0,0,0,0,1.17783,3585.0,0.48900120833002675,0.9829629629629629,0.9654346504559271,0.6524920958137623,0.9952077193472542,2691.634,10,2026-09-18T18:12:31.394580+00:00
gemma-2-9b-it,belief_bank_facts,hidden,27,27416,belief_bank_facts,std,0,0,0,0,0,0,0.00784168986889943,0.0,0.03212922763457771,0.007444352311941423,0.0044826963709153605,0.02930438898691505,0.001155872781375864,2691.634,10,2026-09-18T18:12:31.394580+00:00
gemma-2-9b-it,belief_bank_facts,hidden,27,27416,belief_bank_constraints,2,1258,25414,629,629,11520,13894,1.1878,3585,0.5001243626414625,0.6981770833333333,0.5468639332651295,0.5827838562423013,0.5701798613110375,1868.11,10,2026-09-18T18:12:31.394580+00:00
gemma-2-9b-it,belief_bank_facts,hidden,27,27416,belief_bank_constraints,4,1258,25414,629,629,11520,13894,1.1677,3585,0.47107797002823426,0.56484375,0.5152671755725191,0.51371728575376,0.5139075882575213,1870.433,10,2026-09-18T18:12:31.394580+00:00
gemma-2-9b-it,belief_bank_facts,hidden,27,27416,belief_bank_constraints,24,1258,25414,629,629,11520,13894,1.1675,3585,0.4948453608247423,0.8708333333333333,0.5384827260565043,0.6310823137168559,0.5847962324864451,1872.754,10,2026-09-18T18:12:31.394580+00:00
gemma-2-9b-it,belief_bank_facts,hidden,27,27416,belief_bank_constraints,42,1258,25414,629,629,11520,13894,1.1676,3585,0.4771877655055225,0.9750868055555556,0.5044463681435429,0.6407872219053052,0.6661550361966797,1875.071,10,2026-09-18T18:12:31.394580+00:00
gemma-2-9b-it,belief_bank_facts,hidden,27,27416,belief_bank_constraints,64,1258,25414,629,629,11520,13894,1.1879,3585,0.5315705493503533,0.8097222222222222,0.5903045565436373,0.6418054217696436,0.6296973338811318,1877.418,10,2026-09-18T18:12:31.394580+00:00
gemma-2-9b-it,belief_bank_facts,hidden,27,27416,belief_bank_constraints,67,1258,25414,629,629,11520,13894,1.178,3585,0.43609164930884303,0.3998263888888889,0.493586212323916,0.4171723575763065,0.4904530382819123,1879.754,10,2026-09-18T18:12:31.394580+00:00
gemma-2-9b-it,belief_bank_facts,hidden,27,27416,belief_bank_constraints,104,1258,25414,629,629,11520,13894,1.1678,3585,0.461784600429341,0.9896701388888889,0.4724561265444243,0.6297329393244774,0.606292865475505,1882.086,10,2026-09-18T18:12:31.394580+00:00
gemma-2-9b-it,belief_bank_facts,hidden,27,27416,belief_bank_constraints,123,1258,25414,629,629,11520,13894,1.1883,3585,0.4829474621549421,0.9415798611111111,0.5165656724639962,0.6384343731606827,0.605702039149593,1884.433,10,2026-09-18T18:12:31.394580+00:00
gemma-2-9b-it,belief_bank_facts,hidden,27,27416,belief_bank_constraints,420,1258,25414,629,629,11520,13894,1.1878,3585,0.48723796158231736,0.9644097222222222,0.5238057763437476,0.6473981702697978,0.6650016231526799,1886.78,10,2026-09-18T18:12:31.394580+00:00
gemma-2-9b-it,belief_bank_facts,hidden,27,27416,belief_bank_constraints,511,1258,25414,629,629,11520,13894,1.1777,3585,0.48538635223281484,0.6717881944444445,0.528370189659243,0.5635741334110108,0.5884817012339459,1889.118,10,2026-09-18T18:12:31.394580+00:00
gemma-2-9b-it,belief_bank_facts,hidden,27,27416,belief_bank_constraints,mean,0,0,0,0,0,0,1.1778099999999998,3585.0,0.48282540340585733,0.7885937500000001,0.523014873691666,0.5906488073130143,0.5920667319426453,2691.634,10,2026-09-18T18:12:31.394580+00:00
gemma-2-9b-it,belief_bank_facts,hidden,27,27416,belief_bank_constraints,std,0,0,0,0,0,0,0.009079917400505353,0.0,0.023753759620287654,0.189673397346788,0.0303872998103864,0.07113696730954541,0.05439842282435419,2691.634,10,2026-09-18T18:12:31.394580+00:00
gemma-2-9b-it,belief_bank_facts,hidden,27,27416,halu_eval,2,1258,10000,629,629,2473,7527,1.1878,3585,0.2471038581646016,0.9919126566922766,0.2506,0.39564516129032257,0.5042113655699973,1890.849,10,2026-09-18T18:12:31.394580+00:00
gemma-2-9b-it,belief_bank_facts,hidden,27,27416,halu_eval,4,1258,10000,629,629,2473,7527,1.1678,3585,0.24972424442973748,0.9154872624342903,0.2989,0.39240835427680043,0.5053937916773641,1892.559,10,2026-09-18T18:12:31.394580+00:00
gemma-2-9b-it,belief_bank_facts,hidden,27,27416,halu_eval,24,1258,10000,629,629,2473,7527,1.1678,3585,0.24845646157121568,0.9437929640113223,0.2801,0.3933597370860369,0.5034684409612389,1894.267,10,2026-09-18T18:12:31.394580+00:00
gemma-2-9b-it,belief_bank_facts,hidden,27,27416,halu_eval,42,1258,10000,629,629,2473,7527,1.1679,3585,0.24875259875259875,0.9676506267691064,0.2693,0.3957661457041263,0.5014101277455346,1895.976,10,2026-09-18T18:12:31.394580+00:00
gemma-2-9b-it,belief_bank_facts,hidden,27,27416,halu_eval,64,1258,10000,629,629,2473,7527,1.1777,3585,0.24675191815856778,0.9753336029114436,0.2576,0.39386022207707383,0.5038181726267981,1897.695,10,2026-09-18T18:12:31.394580+00:00
gemma-2-9b-it,belief_bank_facts,hidden,27,27416,halu_eval,67,1258,10000,629,629,2473,7527,1.1779,3585,0.24686046511627907,0.8584714921148403,0.3173,0.3834552515126885,0.5029532448517591,1899.414,10,2026-09-18T18:12:31.394580+00:00
gemma-2-9b-it,belief_bank_facts,hidden,27,27416,halu_eval,104,1258,10000,629,629,2473,7527,1.178,3585,0.24725676664228238,0.9567327133036797,0.269,0.3929579804019266,0.5014228061899388,1901.133,10,2026-09-18T18:12:31.394580+00:00
gemma-2-9b-it,belief_bank_facts,hidden,27,27416,halu_eval,123,1258,10000,629,629,2473,7527,1.1878,3585,0.24887587577120152,0.9623938536190861,0.2724,0.3954802259887006,0.5006947626366889,1902.864,10,2026-09-18T18:12:31.394580+00:00
gemma-2-9b-it,belief_bank_facts,hidden,27,27416,halu_eval,420,1258,10000,629,629,2473,7527,1.1779,3585,0.24762562597133483,0.5798625151637687,0.4604,0.34704743465634075,0.50163436430038,1904.583,10,2026-09-18T18:12:31.394580+00:00
gemma-2-9b-it,belief_bank_facts,hidden,27,27416,halu_eval,511,1258,10000,629,629,2473,7527,1.178,3585,0.2475448010529513,0.9886777193691872,0.254,0.39595141700404857,0.5000098043055246,1906.305,10,2026-09-18T18:12:31.394580+00:00
gemma-2-9b-it,belief_bank_facts,hidden,27,27416,halu_eval,mean,0,0,0,0,0,0,1.17686,3585.0,0.247895261563077,0.9140315406389001,0.29296,0.38859319299980655,0.5025016880865225,2691.634,10,2026-09-18T18:12:31.394580+00:00
gemma-2-9b-it,belief_bank_facts,hidden,27,27416,halu_eval,std,0,0,0,0,0,0,0.006994883844639602,0.0,0.0009468006077742123,0.11750595345040717,0.05911719208487493,0.01428031173565974,0.0016352709711086643,2691.634,10,2026-09-18T18:12:31.394580+00:00
gemma-2-9b-it,belief_bank_facts,hidden,28,27416,belief_bank_facts,2,1258,8225,629,629,270,7955,1.2284,3585,0.47739602169981915,0.9777777777777777,0.9641337386018237,0.6415552855407047,0.9937826198291316,1908.817,10,2026-09-18T18:12:31.394580+00:00
gemma-2-9b-it,belief_bank_facts,hidden,28,27416,belief_bank_facts,4,1258,8225,629,629,270,7955,1.1879,3585,0.4607329842931937,0.9777777777777777,0.9617021276595744,0.6263345195729537,0.994289172893824,1910.525,10,2026-09-18T18:12:31.394580+00:00
gemma-2-9b-it,belief_bank_facts,hidden,28,27416,belief_bank_facts,24,1258,8225,629,629,270,7955,1.1781,3585,0.43042071197411,0.9851851851851852,0.9567173252279635,0.5990990990990991,0.9947487021905627,1912.22,10,2026-09-18T18:12:31.394580+00:00
gemma-2-9b-it,belief_bank_facts,hidden,28,27416,belief_bank_facts,42,1258,8225,629,629,270,7955,1.1879,3585,0.4610051993067591,0.9851851851851852,0.9617021276595744,0.628099173553719,0.9957524966827292,1913.928,10,2026-09-18T18:12:31.394580+00:00
gemma-2-9b-it,belief_bank_facts,hidden,28,27416,belief_bank_facts,64,1258,8225,629,629,270,7955,1.2082,3585,0.48811700182815354,0.9888888888888889,0.9655927051671732,0.653610771113831,0.9956039760690923,1915.651,10,2026-09-18T18:12:31.394580+00:00
gemma-2-9b-it,belief_bank_facts,hidden,28,27416,belief_bank_facts,67,1258,8225,629,629,270,7955,1.1878,3585,0.4231378763866878,0.9888888888888889,0.9553799392097264,0.5926748057713651,0.9934436762343739,1917.359,10,2026-09-18T18:12:31.394580+00:00
gemma-2-9b-it,belief_bank_facts,hidden,28,27416,belief_bank_facts,104,1258,8225,629,629,270,7955,1.1981,3585,0.4925925925925926,0.9851851851851852,0.9662006079027355,0.6567901234567901,0.9943659939008775,1919.072,10,2026-09-18T18:12:31.394580+00:00
gemma-2-9b-it,belief_bank_facts,hidden,28,27416,belief_bank_facts,123,1258,8225,629,629,270,7955,1.1779,3585,0.484573502722323,0.9888888888888889,0.9651063829787234,0.6504263093788063,0.9943934632306726,1920.771,10,2026-09-18T18:12:31.394580+00:00
gemma-2-9b-it,belief_bank_facts,hidden,28,27416,belief_bank_facts,420,1258,8225,629,629,270,7955,1.1977,3585,0.5306930693069307,0.9925925925925926,0.9709422492401216,0.6916129032258065,0.9970947691877925,1922.489,10,2026-09-18T18:12:31.394580+00:00
gemma-2-9b-it,belief_bank_facts,hidden,28,27416,belief_bank_facts,511,1258,8225,629,629,270,7955,1.1777,3585,0.4237012987012987,0.9666666666666667,0.9557446808510638,0.5891647855530474,0.9925362571874199,1924.181,10,2026-09-18T18:12:31.394580+00:00
gemma-2-9b-it,belief_bank_facts,hidden,28,27416,belief_bank_facts,mean,0,0,0,0,0,0,1.1929699999999999,3585.0,0.46723702588118676,0.9837037037037037,0.9623221884498478,0.6329367776266124,0.9946011127406476,2691.634,10,2026-09-18T18:12:31.394580+00:00
gemma-2-9b-it,belief_bank_facts,hidden,28,27416,belief_bank_facts,std,0,0,0,0,0,0,0.015150778857867336,0.0,0.03284201569288176,0.0072577473860242405,0.004844782672462531,0.030932896096838,0.0012263950824890218,2691.634,10,2026-09-18T18:12:31.394580+00:00
gemma-2-9b-it,belief_bank_facts,hidden,28,27416,belief_bank_constraints,2,1258,25414,629,629,11520,13894,1.2179,3585,0.5136015761157839,0.5883680555555556,0.5608326119461714,0.5484484362989036,0.5832707438662572,1926.563,10,2026-09-18T18:12:31.394580+00:00
gemma-2-9b-it,belief_bank_facts,hidden,28,27416,belief_bank_constraints,4,1258,25414,629,629,11520,13894,1.1877,3585,0.4973404255319149,0.8278645833333333,0.5426930038561423,0.6213838936669273,0.5631323360503335,1928.916,10,2026-09-18T18:12:31.394580+00:00
gemma-2-9b-it,belief_bank_facts,hidden,28,27416,belief_bank_constraints,24,1258,25414,629,629,11520,13894,1.1878,3585,0.48515976745202605,0.9634548611111111,0.5199889824506178,0.6453469779341222,0.6165169967451978,1931.262,10,2026-09-18T18:12:31.394580+00:00
gemma-2-9b-it,belief_bank_facts,hidden,28,27416,belief_bank_constraints,42,1258,25414,629,629,11520,13894,1.188,3585,0.48155728781082613,0.9598958333333333,0.5133784528212796,0.6413595104834267,0.655912592915807,1933.613,10,2026-09-18T18:12:31.394580+00:00
gemma-2-9b-it,belief_bank_facts,hidden,28,27416,belief_bank_constraints,64,1258,25414,629,629,11520,13894,1.1978,3585,0.5097791451488848,0.80546875,0.5607145667742189,0.6243859767175829,0.6099558831100156,1935.969,10,2026-09-18T18:12:31.394580+00:00
gemma-2-9b-it,belief_bank_facts,hidden,28,27416,belief_bank_constraints,67,1258,25414,629,629,11520,13894,1.1879,3585,0.4464722483537159,0.4119791666666667,0.5019280711418903,0.4285327313769752,0.5024011476276731,1938.312,10,2026-09-18T18:12:31.394580+00:00
gemma-2-9b-it,belief_bank_facts,hidden,28,27416,belief_bank_constraints,104,1258,25414,629,629,11520,13894,1.1977,3585,0.485666306824997,0.7029513888888889,0.527898008971433,0.5744484642122437,0.5535248528541497,1940.664,10,2026-09-18T18:12:31.394580+00:00
gemma-2-9b-it,belief_bank_facts,hidden,28,27416,belief_bank_constraints,123,1258,25414,629,629,11520,13894,1.1778,3585,0.4796019046801939,0.9704861111111112,0.509286220193594,0.6419568774941862,0.6218965420725173,1943.011,10,2026-09-18T18:12:31.394580+00:00
gemma-2-9b-it,belief_bank_facts,hidden,28,27416,belief_bank_constraints,420,1258,25414,629,629,11520,13894,1.1979,3585,0.4632927713756145,0.9980902777777778,0.4750137719367278,0.6328361494853872,0.673742637709323,1945.37,10,2026-09-18T18:12:31.394580+00:00
gemma-2-9b-it,belief_bank_facts,hidden,28,27416,belief_bank_constraints,511,1258,25414,629,629,11520,13894,1.178,3585,0.5012656771372684,0.7563368055555556,0.5484378688911623,0.6029340530067123,0.5783142865925339,1947.716,10,2026-09-18T18:12:31.394580+00:00
gemma-2-9b-it,belief_bank_facts,hidden,28,27416,belief_bank_constraints,mean,0,0,0,0,0,0,1.19185,3585.0,0.48637371104312244,0.7984895833333334,0.5260171558983238,0.5961633070676468,0.5958668019543808,2691.634,10,2026-09-18T18:12:31.394580+00:00
gemma-2-9b-it,belief_bank_facts,hidden,28,27416,belief_bank_constraints,std,0,0,0,0,0,0,0.011127016671147762,0.0,0.019562965873177716,0.18112043631065886,0.02618771709387853,0.06342741679806965,0.047999571722336404,2691.634,10,2026-09-18T18:12:31.394580+00:00
gemma-2-9b-it,belief_bank_facts,hidden,28,27416,halu_eval,2,1258,10000,629,629,2473,7527,1.218,3585,0.24567267518204608,0.8321876263647392,0.3266,0.3793548387096774,0.4922395295523526,1949.478,10,2026-09-18T18:12:31.394580+00:00
gemma-2-9b-it,belief_bank_facts,hidden,28,27416,halu_eval,4,1258,10000,629,629,2473,7527,1.1878,3585,0.2458946012665021,0.9264051758997169,0.2792,0.3886344359626802,0.49167243777637065,1951.21,10,2026-09-18T18:12:31.394580+00:00
gemma-2-9b-it,belief_bank_facts,hidden,28,27416,halu_eval,24,1258,10000,629,629,2473,7527,1.1778,3585,0.24668527564549894,0.5717751718560453,0.4623,0.3446678854357099,0.4938908432137901,1952.932,10,2026-09-18T18:12:31.394580+00:00
gemma-2-9b-it,belief_bank_facts,hidden,28,27416,halu_eval,42,1258,10000,629,629,2473,7527,1.1881,3585,0.24733637747336376,0.9199353012535382,0.2879,0.3898551966412475,0.48650758334828154,1954.662,10,2026-09-18T18:12:31.394580+00:00
gemma-2-9b-it,belief_bank_facts,hidden,28,27416,halu_eval,64,1258,10000,629,629,2473,7527,0.2972,3585,0.24260119442601194,0.73918317832592,0.3648,0.36530775379696245,0.48791924217714466,1955.499,10,2026-09-18T18:12:31.394580+00:00
gemma-2-9b-it,belief_bank_facts,hidden,28,27416,halu_eval,67,1258,10000,629,629,2473,7527,0.2871,3585,0.2468713231361643,0.9332794177112819,0.2794,0.39045846726442224,0.4863403460710334,1956.325,10,2026-09-18T18:12:31.394580+00:00
gemma-2-9b-it,belief_bank_facts,hidden,28,27416,halu_eval,104,1258,10000,629,629,2473,7527,0.2975,3585,0.2472521932035898,0.9915082895268904,0.2514,0.3958030669895077,0.49396390543578095,1957.166,10,2026-09-18T18:12:31.394580+00:00
gemma-2-9b-it,belief_bank_facts,hidden,28,27416,halu_eval,123,1258,10000,629,629,2473,7527,0.2768,3585,0.24575533304309968,0.9130610594419734,0.2855,0.3872738187119458,0.49496034521040333,1957.984,10,2026-09-18T18:12:31.394580+00:00
gemma-2-9b-it,belief_bank_facts,hidden,28,27416,halu_eval,420,1258,10000,629,629,2473,7527,0.3072,3585,0.24746526473901614,0.532955923978973,0.4837,0.3379920502628542,0.49441549443435096,1958.835,10,2026-09-18T18:12:31.394580+00:00
gemma-2-9b-it,belief_bank_facts,hidden,28,27416,halu_eval,511,1258,10000,629,629,2473,7527,0.2773,3585,0.2463608898654216,0.36271734735139505,0.568,0.2934249263984298,0.4969647213151672,1959.657,10,2026-09-18T18:12:31.394580+00:00
gemma-2-9b-it,belief_bank_facts,hidden,28,27416,halu_eval,mean,0,0,0,0,0,0,0.6514800000000001,3585.0,0.2461895127980714,0.7723008491710472,0.35888,0.36727724401734374,0.49188744485346747,2691.634,10,2026-09-18T18:12:31.394580+00:00
gemma-2-9b-it,belief_bank_facts,hidden,28,27416,halu_eval,std,0,0,0,0,0,0,0.4422749434458163,0.0,0.0013502141389958077,0.20230222560216063,0.10282249559313371,0.031128067641825144,0.0035435549942320166,2691.634,10,2026-09-18T18:12:31.394580+00:00
gemma-2-9b-it,belief_bank_facts,hidden,29,27416,belief_bank_facts,2,1258,8225,629,629,270,7955,0.3173,3585,0.4603174603174603,0.9666666666666667,0.9617021276595744,0.6236559139784946,0.9912051586470192,1961.27,10,2026-09-18T18:12:31.394580+00:00
gemma-2-9b-it,belief_bank_facts,hidden,29,27416,belief_bank_facts,4,1258,8225,629,629,270,7955,0.2976,3585,0.4607329842931937,0.9777777777777777,0.9617021276595744,0.6263345195729537,0.9934217938869102,1962.09,10,2026-09-18T18:12:31.394580+00:00
gemma-2-9b-it,belief_bank_facts,hidden,29,27416,belief_bank_facts,24,1258,8225,629,629,270,7955,1.1677,3585,0.4353518821603928,0.9851851851851852,0.9575683890577508,0.6038592508513053,0.9941387899527434,1963.77,10,2026-09-18T18:12:31.394580+00:00
gemma-2-9b-it,belief_bank_facts,hidden,29,27416,belief_bank_facts,42,1258,8225,629,629,270,7955,1.188,3585,0.4389438943894389,0.9851851851851852,0.9581762917933131,0.6073059360730594,0.9946611728007078,1965.476,10,2026-09-18T18:12:31.394580+00:00
gemma-2-9b-it,belief_bank_facts,hidden,29,27416,belief_bank_facts,64,1258,8225,629,629,270,7955,1.1877,3585,0.4767857142857143,0.9888888888888889,0.9640121580547113,0.6433734939759036,0.9950848522941547,1967.179,10,2026-09-18T18:12:31.394580+00:00
gemma-2-9b-it,belief_bank_facts,hidden,29,27416,belief_bank_facts,67,1258,8225,629,629,270,7955,1.2183,3585,0.4140625,0.9814814814814815,0.9537993920972644,0.5824175824175825,0.9929091882580254,1968.92,10,2026-09-18T18:12:31.394580+00:00
gemma-2-9b-it,belief_bank_facts,hidden,29,27416,belief_bank_facts,104,1258,8225,629,629,270,7955,1.2082,3585,0.4880294659300184,0.9814814814814815,0.9655927051671732,0.6519065190651907,0.993960937681868,1970.644,10,2026-09-18T18:12:31.394580+00:00
gemma-2-9b-it,belief_bank_facts,hidden,29,27416,belief_bank_facts,123,1258,8225,629,629,270,7955,1.1676,3585,0.45993031358885017,0.9777777777777777,0.961580547112462,0.6255924170616114,0.9935386549340037,1972.333,10,2026-09-18T18:12:31.394580+00:00
gemma-2-9b-it,belief_bank_facts,hidden,29,27416,belief_bank_facts,420,1258,8225,629,629,270,7955,1.2181,3585,0.5105973025048169,0.9814814814814815,0.9685106382978723,0.6717363751584284,0.9961598808110436,1974.072,10,2026-09-18T18:12:31.394580+00:00
gemma-2-9b-it,belief_bank_facts,hidden,29,27416,belief_bank_facts,511,1258,8225,629,629,270,7955,1.188,3585,0.39668174962292607,0.9740740740740741,0.9505167173252279,0.5637727759914255,0.991716833112182,1975.775,10,2026-09-18T18:12:31.394580+00:00
gemma-2-9b-it,belief_bank_facts,hidden,29,27416,belief_bank_facts,mean,0,0,0,0,0,0,1.01585,3585.0,0.45414332670928115,0.9800000000000001,0.9603161094224923,0.6199954784145956,0.9936797262378658,2691.634,10,2026-09-18T18:12:31.394580+00:00
gemma-2-9b-it,belief_bank_facts,hidden,29,27416,belief_bank_facts,std,0,0,0,0,0,0,0.3546314854888099,0.0,0.03233493296982487,0.00601780622565627,0.005145084200230631,0.0305309143926718,0.0014154573762756122,2691.634,10,2026-09-18T18:12:31.394580+00:00
gemma-2-9b-it,belief_bank_facts,hidden,29,27416,belief_bank_constraints,2,1258,25414,629,629,11520,13894,1.2183,3585,0.5344158136251324,0.39427083333333335,0.5697253482332573,0.4537689195264499,0.6098776525238712,1978.158,10,2026-09-18T18:12:31.394580+00:00
gemma-2-9b-it,belief_bank_facts,hidden,29,27416,belief_bank_constraints,4,1258,25414,629,629,11520,13894,1.208,3585,0.4846473476876585,0.7796006944444445,0.5243173054222082,0.5977172140694154,0.5634557420369304,1980.527,10,2026-09-18T18:12:31.394580+00:00
gemma-2-9b-it,belief_bank_facts,hidden,29,27416,belief_bank_constraints,24,1258,25414,629,629,11520,13894,1.1678,3585,0.5002706115821757,0.9628472222222222,0.547178720390336,0.6584352368514781,0.6299546266973753,1982.852,10,2026-09-18T18:12:31.394580+00:00
gemma-2-9b-it,belief_bank_facts,hidden,29,27416,belief_bank_constraints,42,1258,25414,629,629,11520,13894,1.1879,3585,0.48188297554521786,0.9801215277777777,0.513299756039978,0.6461045463649109,0.6600613536718488,1985.202,10,2026-09-18T18:12:31.394580+00:00
gemma-2-9b-it,belief_bank_facts,hidden,29,27416,belief_bank_constraints,64,1258,25414,629,629,11520,13894,1.1979,3585,0.5176154363060382,0.9361111111111111,0.5755882584402298,0.6666254558941708,0.6441473319068582,1987.552,10,2026-09-18T18:12:31.394580+00:00
gemma-2-9b-it,belief_bank_facts,hidden,29,27416,belief_bank_constraints,67,1258,25414,629,629,11520,13894,1.218,3585,0.4834227206240858,0.51640625,0.5306523963169907,0.4993704356585243,0.5486202202589446,1989.931,10,2026-09-18T18:12:31.394580+00:00
gemma-2-9b-it,belief_bank_facts,hidden,29,27416,belief_bank_constraints,104,1258,25414,629,629,11520,13894,1.1978,3585,0.49285770657406675,0.5421006944444444,0.5395844809947273,0.5163077177462693,0.5700708764174784,1992.287,10,2026-09-18T18:12:31.394580+00:00
gemma-2-9b-it,belief_bank_facts,hidden,29,27416,belief_bank_constraints,123,1258,25414,629,629,11520,13894,1.1678,3585,0.47288205980066444,0.9884548611111111,0.49531754151255214,0.6397191011235955,0.626980971002671,1994.614,10,2026-09-18T18:12:31.394580+00:00
gemma-2-9b-it,belief_bank_facts,hidden,29,27416,belief_bank_constraints,420,1258,25414,629,629,11520,13894,1.2282,3585,0.46560097126669364,0.9986979166666666,0.4798142755961281,0.6351090256693348,0.6948853165784992,1997.002,10,2026-09-18T18:12:31.394580+00:00
gemma-2-9b-it,belief_bank_facts,hidden,29,27416,belief_bank_constraints,511,1258,25414,629,629,11520,13894,1.1879,3585,0.5106408345752608,0.7435763888888889,0.5607539151648697,0.6054779996465807,0.5828998803440335,1999.354,10,2026-09-18T18:12:31.394580+00:00
gemma-2-9b-it,belief_bank_facts,hidden,29,27416,belief_bank_constraints,mean,0,0,0,0,0,0,1.1979599999999997,3585.0,0.4944236477586994,0.78421875,0.5336231998111277,0.591863565255073,0.613095397143851,2691.634,10,2026-09-18T18:12:31.394580+00:00
gemma-2-9b-it,belief_bank_facts,hidden,29,27416,belief_bank_constraints,std,0,0,0,0,0,0,0.01962718522865671,0.0,0.020262083518447604,0.21567295019495317,0.029817758948195418,0.07118774351321198,0.04441962823034967,2691.634,10,2026-09-18T18:12:31.394580+00:00
gemma-2-9b-it,belief_bank_facts,hidden,29,27416,halu_eval,2,1258,10000,629,629,2473,7527,1.2181,3585,0.2423258559622196,0.6639708855640922,0.4035,0.35506541247702456,0.4881534173430697,2001.115,10,2026-09-18T18:12:31.394580+00:00
gemma-2-9b-it,belief_bank_facts,hidden,29,27416,halu_eval,4,1258,10000,629,629,2473,7527,1.2081,3585,0.24730641425838285,0.9931257581884351,0.2508,0.39600128990648176,0.49767997897956895,2002.865,10,2026-09-18T18:12:31.394580+00:00
gemma-2-9b-it,belief_bank_facts,hidden,29,27416,halu_eval,24,1258,10000,629,629,2473,7527,1.1781,3585,0.24708495280399778,0.5398301657905378,0.4794,0.3390045708481463,0.4915019234435773,2004.587,10,2026-09-18T18:12:31.394580+00:00
gemma-2-9b-it,belief_bank_facts,hidden,29,27416,halu_eval,42,1258,10000,629,629,2473,7527,1.1879,3585,0.24718649517684887,0.9947432268499797,0.2495,0.3959758551307847,0.4872078525127307,2006.317,10,2026-09-18T18:12:31.394580+00:00
gemma-2-9b-it,belief_bank_facts,hidden,29,27416,halu_eval,64,1258,10000,629,629,2473,7527,1.1881,3585,0.24644648829431437,0.9534977759805904,0.2675,0.3916618221077984,0.49108213800046213,2008.048,10,2026-09-18T18:12:31.394580+00:00
gemma-2-9b-it,belief_bank_facts,hidden,29,27416,halu_eval,67,1258,10000,629,629,2473,7527,1.2078,3585,0.2444186046511628,0.8499797816417307,0.3131,0.3796622414883049,0.4867459488475267,2009.794,10,2026-09-18T18:12:31.394580+00:00
gemma-2-9b-it,belief_bank_facts,hidden,29,27416,halu_eval,104,1258,10000,629,629,2473,7527,1.1981,3585,0.2468016520600383,0.9906995551961181,0.25,0.3951612903225806,0.48781469873303124,2011.53,10,2026-09-18T18:12:31.394580+00:00
gemma-2-9b-it,belief_bank_facts,hidden,29,27416,halu_eval,123,1258,10000,629,629,2473,7527,1.1677,3585,0.24778761061946902,0.9963606955115245,0.2511,0.39687525167109605,0.4909251079454039,2013.242,10,2026-09-18T18:12:31.394580+00:00
gemma-2-9b-it,belief_bank_facts,hidden,29,27416,halu_eval,420,1258,10000,629,629,2473,7527,1.2184,3585,0.24264038386720269,0.7565709664375253,0.3558,0.36743912018853103,0.4908848700010868,2015.004,10,2026-09-18T18:12:31.394580+00:00
gemma-2-9b-it,belief_bank_facts,hidden,29,27416,halu_eval,511,1258,10000,629,629,2473,7527,1.1878,3585,0.2502200704225352,0.459765467044076,0.5257,0.32407011543394615,0.49226236149672475,2016.732,10,2026-09-18T18:12:31.394580+00:00
gemma-2-9b-it,belief_bank_facts,hidden,29,27416,halu_eval,mean,0,0,0,0,0,0,1.1960099999999998,3585.0,0.24622185281161713,0.8198544278204609,0.33464,0.37409169695746947,0.4904258297303182,2691.634,10,2026-09-18T18:12:31.394580+00:00
gemma-2-9b-it,belief_bank_facts,hidden,29,27416,halu_eval,std,0,0,0,0,0,0,0.016114555532188903,0.0,0.002300720214315973,0.19393343438289173,0.09800071632391263,0.02530064495580648,0.0030646861016751276,2691.634,10,2026-09-18T18:12:31.394580+00:00
gemma-2-9b-it,belief_bank_facts,hidden,30,27416,belief_bank_facts,2,1258,8225,629,629,270,7955,1.2275,3585,0.4547038327526132,0.9666666666666667,0.9608510638297872,0.6184834123222749,0.989882906161976,2019.31,10,2026-09-18T18:12:31.394580+00:00
gemma-2-9b-it,belief_bank_facts,hidden,30,27416,belief_bank_facts,4,1258,8225,629,629,270,7955,1.2074,3585,0.4457627118644068,0.9740740740740741,0.9593920972644376,0.6116279069767442,0.9927355262238984,2021.043,10,2026-09-18T18:12:31.394580+00:00
gemma-2-9b-it,belief_bank_facts,hidden,30,27416,belief_bank_facts,24,1258,8225,629,629,270,7955,1.1773,3585,0.4344262295081967,0.9814814814814815,0.9574468085106383,0.6022727272727273,0.9932998114393463,2022.741,10,2026-09-18T18:12:31.394580+00:00
gemma-2-9b-it,belief_bank_facts,hidden,30,27416,belief_bank_facts,42,1258,8225,629,629,270,7955,1.1973,3585,0.4380165289256198,0.9814814814814815,0.9580547112462006,0.6057142857142858,0.9939255534604372,2024.463,10,2026-09-18T18:12:31.394580+00:00
gemma-2-9b-it,belief_bank_facts,hidden,30,27416,belief_bank_facts,64,1258,8225,629,629,270,7955,1.1974,3585,0.4562607204116638,0.9851851851851852,0.9609726443768997,0.6236811254396248,0.9935894033568452,2026.181,10,2026-09-18T18:12:31.394580+00:00
gemma-2-9b-it,belief_bank_facts,hidden,30,27416,belief_bank_facts,67,1258,8225,629,629,270,7955,1.2074,3585,0.4171875,0.9888888888888889,0.9542857142857143,0.5868131868131868,0.9925991107386457,2027.915,10,2026-09-18T18:12:31.394580+00:00
gemma-2-9b-it,belief_bank_facts,hidden,30,27416,belief_bank_facts,104,1258,8225,629,629,270,7955,1.2073,3585,0.4755877034358047,0.9740740740740741,0.9638905775075988,0.6391251518833536,0.9931000768210071,2029.643,10,2026-09-18T18:12:31.394580+00:00
gemma-2-9b-it,belief_bank_facts,hidden,30,27416,belief_bank_facts,123,1258,8225,629,629,270,7955,1.1873,3585,0.4572425828970332,0.9703703703703703,0.9612158054711246,0.6215895610913404,0.9925776939730427,2031.355,10,2026-09-18T18:12:31.394580+00:00
gemma-2-9b-it,belief_bank_facts,hidden,30,27416,belief_bank_facts,420,1258,8225,629,629,270,7955,1.2274,3585,0.5,0.9851851851851852,0.9671732522796352,0.6633416458852868,0.9955588146285821,2033.104,10,2026-09-18T18:12:31.394580+00:00
gemma-2-9b-it,belief_bank_facts,hidden,30,27416,belief_bank_facts,511,1258,8225,629,629,270,7955,1.2076,3585,0.38814814814814813,0.9703703703703703,0.9488145896656535,0.5544973544973545,0.9912242475033173,2034.827,10,2026-09-18T18:12:31.394580+00:00
gemma-2-9b-it,belief_bank_facts,hidden,30,27416,belief_bank_facts,mean,0,0,0,0,0,0,1.2043899999999998,3585.0,0.4467335957943487,0.9777777777777776,0.9592097264437689,0.6127146357896179,0.9928493144307098,2691.634,10,2026-09-18T18:12:31.394580+00:00
gemma-2-9b-it,belief_bank_facts,hidden,30,27416,belief_bank_facts,std,0,0,0,0,0,0,0.014918072931850154,0.0,0.029100217393086675,0.007219847662821465,0.0048159557179043525,0.02777097895809447,0.0014457866569109333,2691.634,10,2026-09-18T18:12:31.394580+00:00
gemma-2-9b-it,belief_bank_facts,hidden,30,27416,belief_bank_constraints,2,1258,25414,629,629,11520,13894,1.2176,3585,0.5476959517657192,0.44157986111111114,0.5815692138191548,0.48894655901576317,0.6141262952733394,2037.218,10,2026-09-18T18:12:31.394580+00:00
gemma-2-9b-it,belief_bank_facts,hidden,30,27416,belief_bank_constraints,4,1258,25414,629,629,11520,13894,1.2074,3585,0.4947489419509901,0.8219618055555555,0.5387975131817109,0.6176979027365537,0.5868084357456456,2039.591,10,2026-09-18T18:12:31.394580+00:00
gemma-2-9b-it,belief_bank_facts,hidden,30,27416,belief_bank_constraints,24,1258,25414,629,629,11520,13894,1.1772,3585,0.5599335158388736,0.49713541666666666,0.5949476666404344,0.5266691189994482,0.6525902967707884,2041.93,10,2026-09-18T18:12:31.394580+00:00
gemma-2-9b-it,belief_bank_facts,hidden,30,27416,belief_bank_constraints,42,1258,25414,629,629,11520,13894,1.1973,3585,0.5167173252279635,0.8854166666666666,0.572676477532069,0.6525911708253359,0.6599911732482446,2044.291,10,2026-09-18T18:12:31.394580+00:00
gemma-2-9b-it,belief_bank_facts,hidden,30,27416,belief_bank_constraints,64,1258,25414,629,629,11520,13894,1.1974,3585,0.5435808428703152,0.8699652777777778,0.6099394034783977,0.6690923657242047,0.6818681725125154,2046.654,10,2026-09-18T18:12:31.394580+00:00
gemma-2-9b-it,belief_bank_facts,hidden,30,27416,belief_bank_constraints,67,1258,25414,629,629,11520,13894,1.2072,3585,0.49413530490855523,0.7716145833333333,0.5384040292752026,0.6024602663594157,0.5871665352150408,2049.026,10,2026-09-18T18:12:31.394580+00:00
gemma-2-9b-it,belief_bank_facts,hidden,30,27416,belief_bank_constraints,104,1258,25414,629,629,11520,13894,1.2176,3585,0.5164004469861303,0.6819444444444445,0.5663413866372865,0.5877380017207197,0.6338626010628089,2051.411,10,2026-09-18T18:12:31.394580+00:00
gemma-2-9b-it,belief_bank_facts,hidden,30,27416,belief_bank_constraints,123,1258,25414,629,629,11520,13894,1.1876,3585,0.48691339884286894,0.9204861111111111,0.5242779570315574,0.6369151300378401,0.6237752944416455,2053.767,10,2026-09-18T18:12:31.394580+00:00
gemma-2-9b-it,belief_bank_facts,hidden,30,27416,belief_bank_constraints,420,1258,25414,629,629,11520,13894,1.2074,3585,0.4693233944954128,0.9947048611111111,0.48776265050759426,0.6377448797862867,0.7331301518541176,2056.133,10,2026-09-18T18:12:31.394580+00:00
gemma-2-9b-it,belief_bank_facts,hidden,30,27416,belief_bank_constraints,511,1258,25414,629,629,11520,13894,1.1975,3585,0.5252632322804042,0.6452256944444444,0.5748406390178642,0.579097035565424,0.6232584159029477,2058.491,10,2026-09-18T18:12:31.394580+00:00
gemma-2-9b-it,belief_bank_facts,hidden,30,27416,belief_bank_constraints,mean,0,0,0,0,0,0,1.2014200000000002,3585.0,0.5154712355167234,0.7530034722222222,0.5589556937121272,0.5998952430770992,0.6396577372027095,2691.634,10,2026-09-18T18:12:31.394580+00:00
gemma-2-9b-it,belief_bank_facts,hidden,30,27416,belief_bank_constraints,std,0,0,0,0,0,0,0.012060746245568724,0.0,0.027809323545260552,0.17375370532952883,0.03464244491927938,0.0537993711341985,0.04225460409924791,2691.634,10,2026-09-18T18:12:31.394580+00:00
gemma-2-9b-it,belief_bank_facts,hidden,30,27416,halu_eval,2,1258,10000,629,629,2473,7527,1.2279,3585,0.24709185720016044,0.9963606955115245,0.2483,0.39598232221775814,0.495175502709722,2060.266,10,2026-09-18T18:12:31.394580+00:00
gemma-2-9b-it,belief_bank_facts,hidden,30,27416,halu_eval,4,1258,10000,629,629,2473,7527,1.208,3585,0.24716254560194567,0.9862515163768703,0.2537,0.395267806498663,0.5092834954428245,2062.024,10,2026-09-18T18:12:31.394580+00:00
gemma-2-9b-it,belief_bank_facts,hidden,30,27416,halu_eval,24,1258,10000,629,629,2473,7527,1.1779,3585,0.24890477288448237,0.8730287100687424,0.3171,0.3873687987799408,0.5032150869620411,2063.751,10,2026-09-18T18:12:31.394580+00:00
gemma-2-9b-it,belief_bank_facts,hidden,30,27416,halu_eval,42,1258,10000,629,629,2473,7527,1.1979,3585,0.24708978641562912,0.9870602507076426,0.253,0.3952396373056995,0.49644302481681934,2065.499,10,2026-09-18T18:12:31.394580+00:00
gemma-2-9b-it,belief_bank_facts,hidden,30,27416,halu_eval,64,1258,10000,629,629,2473,7527,1.208,3585,0.24862848365152512,0.9162959967650627,0.2945,0.3911279882627082,0.504383276680564,2067.257,10,2026-09-18T18:12:31.394580+00:00
gemma-2-9b-it,belief_bank_facts,hidden,30,27416,halu_eval,67,1258,10000,629,629,2473,7527,1.2084,3585,0.24791732574079933,0.9506672058228872,0.2746,0.39327534292405486,0.4960138917070671,2069.015,10,2026-09-18T18:12:31.394580+00:00
gemma-2-9b-it,belief_bank_facts,hidden,30,27416,halu_eval,104,1258,10000,629,629,2473,7527,1.1982,3585,0.2464339908952959,0.9850384148807116,0.2514,0.39423854992717267,0.49477554076654406,2070.762,10,2026-09-18T18:12:31.394580+00:00
gemma-2-9b-it,belief_bank_facts,hidden,30,27416,halu_eval,123,1258,10000,629,629,2473,7527,1.1879,3585,0.24767864352038757,0.9923170238576627,0.2527,0.39641385994669254,0.5030573585180962,2072.501,10,2026-09-18T18:12:31.394580+00:00
gemma-2-9b-it,belief_bank_facts,hidden,30,27416,halu_eval,420,1258,10000,629,629,2473,7527,1.2181,3585,0.24735234215885948,0.9822078447230085,0.2565,0.39518425119986983,0.49274059671743264,2074.267,10,2026-09-18T18:12:31.394580+00:00
gemma-2-9b-it,belief_bank_facts,hidden,30,27416,halu_eval,511,1258,10000,629,629,2473,7527,1.1982,3585,0.24742486991610915,0.9421754953497776,0.277,0.3919259882253995,0.4926474961066163,2076.016,10,2026-09-18T18:12:31.394580+00:00
gemma-2-9b-it,belief_bank_facts,hidden,30,27416,halu_eval,mean,0,0,0,0,0,0,1.20305,3585.0,0.24756846179851943,0.961140315406389,0.26788,0.39360245452879583,0.4987735270427726,2691.634,10,2026-09-18T18:12:31.394580+00:00
gemma-2-9b-it,belief_bank_facts,hidden,30,27416,halu_eval,std,0,0,0,0,0,0,0.013628151011784403,0.0,0.0007084222110421626,0.03843677414730319,0.021672461789100008,0.002642484094547247,0.0054397462984292705,2691.634,10,2026-09-18T18:12:31.394580+00:00
gemma-2-9b-it,belief_bank_facts,hidden,31,27416,belief_bank_facts,2,1258,8225,629,629,270,7955,1.2178,3585,0.43844856661045534,0.9629629629629629,0.9582978723404255,0.6025492468134415,0.9884642782317201,2078.486,10,2026-09-18T18:12:31.394580+00:00
gemma-2-9b-it,belief_bank_facts,hidden,31,27416,belief_bank_facts,4,1258,8225,629,629,270,7955,1.2077,3585,0.4450084602368866,0.9740740740740741,0.9592705167173252,0.610917537746806,0.9911222850757735,2080.213,10,2026-09-18T18:12:31.394580+00:00
gemma-2-9b-it,belief_bank_facts,hidden,31,27416,belief_bank_facts,24,1258,8225,629,629,270,7955,1.198,3585,0.42787682333873583,0.9777777777777777,0.9563525835866261,0.5952649379932357,0.9921772935726424,2081.929,10,2026-09-18T18:12:31.394580+00:00
gemma-2-9b-it,belief_bank_facts,hidden,31,27416,belief_bank_facts,42,1258,8225,629,629,270,7955,1.1984,3585,0.4067796610169492,0.9777777777777777,0.9524620060790273,0.5745375408052231,0.9930679516726029,2083.648,10,2026-09-18T18:12:31.394580+00:00
gemma-2-9b-it,belief_bank_facts,hidden,31,27416,belief_bank_facts,64,1258,8225,629,629,270,7955,1.1978,3585,0.4522184300341297,0.9814814814814815,0.9603647416413373,0.6191588785046729,0.9919147054030776,2085.363,10,2026-09-18T18:12:31.394580+00:00
gemma-2-9b-it,belief_bank_facts,hidden,31,27416,belief_bank_facts,67,1258,8225,629,629,270,7955,1.2079,3585,0.4072948328267477,0.9925925925925926,0.9523404255319149,0.5775862068965517,0.9922969481109015,2087.093,10,2026-09-18T18:12:31.394580+00:00
gemma-2-9b-it,belief_bank_facts,hidden,31,27416,belief_bank_facts,104,1258,8225,629,629,270,7955,0.3073,3585,0.43993231810490696,0.9629629629629629,0.9585410334346505,0.6039488966318235,0.9912009684102707,2087.918,10,2026-09-18T18:12:31.394580+00:00
gemma-2-9b-it,belief_bank_facts,hidden,31,27416,belief_bank_facts,123,1258,8225,629,629,270,7955,0.2976,3585,0.4484536082474227,0.9666666666666667,0.9598784194528875,0.6126760563380281,0.9916623600344531,2088.738,10,2026-09-18T18:12:31.394580+00:00
gemma-2-9b-it,belief_bank_facts,hidden,31,27416,belief_bank_facts,420,1258,8225,629,629,270,7955,0.3276,3585,0.4934579439252336,0.9777777777777777,0.9663221884498481,0.6559006211180124,0.9948511301999673,2089.586,10,2026-09-18T18:12:31.394580+00:00
gemma-2-9b-it,belief_bank_facts,hidden,31,27416,belief_bank_facts,511,1258,8225,629,629,270,7955,0.3071,3585,0.3887240356083086,0.9703703703703703,0.948936170212766,0.5550847457627118,0.9891645133505599,2090.411,10,2026-09-18T18:12:31.394580+00:00
gemma-2-9b-it,belief_bank_facts,hidden,31,27416,belief_bank_facts,mean,0,0,0,0,0,0,0.84672,3585.0,0.4348194679949776,0.9744444444444443,0.9572765957446808,0.6007624668610507,0.9915922434061969,2691.634,10,2026-09-18T18:12:31.394580+00:00
gemma-2-9b-it,belief_bank_facts,hidden,31,27416,belief_bank_facts,std,0,0,0,0,0,0,0.4384031906818197,0.0,0.027905263292156247,0.00867805519545185,0.004719204965002535,0.026417062314714045,0.001726205226263241,2691.634,10,2026-09-18T18:12:31.394580+00:00
gemma-2-9b-it,belief_bank_facts,hidden,31,27416,belief_bank_constraints,2,1258,25414,629,629,11520,13894,0.3275,3585,0.488197057817311,0.12387152777777778,0.5439915007476194,0.19760437582219761,0.6121416693656735,2091.906,10,2026-09-18T18:12:31.394580+00:00
gemma-2-9b-it,belief_bank_facts,hidden,31,27416,belief_bank_constraints,4,1258,25414,629,629,11520,13894,0.3076,3585,0.5526449214128781,0.5677083333333334,0.5957346344534509,0.5600753618223859,0.6219533149301057,2093.375,10,2026-09-18T18:12:31.394580+00:00
gemma-2-9b-it,belief_bank_facts,hidden,31,27416,belief_bank_constraints,24,1258,25414,629,629,11520,13894,0.287,3585,0.576209810161308,0.4558159722222222,0.6013614543165184,0.5089904521882421,0.6498581334568879,2094.825,10,2026-09-18T18:12:31.394580+00:00
gemma-2-9b-it,belief_bank_facts,hidden,31,27416,belief_bank_constraints,42,1258,25414,629,629,11520,13894,0.2972,3585,0.5550427479760914,0.6368055555555555,0.6039584480994727,0.5931196183854146,0.642613074638533,2096.276,10,2026-09-18T18:12:31.394580+00:00
gemma-2-9b-it,belief_bank_facts,hidden,31,27416,belief_bank_constraints,64,1258,25414,629,629,11520,13894,1.1978,3585,0.5285846438482886,0.24800347222222222,0.5588651924136303,0.33760709010339734,0.6041670665195209,2098.636,10,2026-09-18T18:12:31.394580+00:00
gemma-2-9b-it,belief_bank_facts,hidden,31,27416,belief_bank_constraints,67,1258,25414,629,629,11520,13894,1.208,3585,0.5240890543345981,0.6355034722222223,0.5731880066105296,0.5744438777511868,0.6036185496237385,2100.999,10,2026-09-18T18:12:31.394580+00:00
gemma-2-9b-it,belief_bank_facts,hidden,31,27416,belief_bank_constraints,104,1258,25414,629,629,11520,13894,1.2079,3585,0.5535677137507801,0.46197916666666666,0.5872353820728732,0.5036434181887006,0.6278427851050814,2103.369,10,2026-09-18T18:12:31.394580+00:00
gemma-2-9b-it,belief_bank_facts,hidden,31,27416,belief_bank_constraints,123,1258,25414,629,629,11520,13894,1.1981,3585,0.49567099567099565,0.8746527777777777,0.5397812229479815,0.6327555890479779,0.61317026584217,2105.729,10,2026-09-18T18:12:31.394580+00:00
gemma-2-9b-it,belief_bank_facts,hidden,31,27416,belief_bank_constraints,420,1258,25414,629,629,11520,13894,1.238,3585,0.5238550098034287,0.9045138888888888,0.5840481624301566,0.6634618445767406,0.718775615573469,2108.127,10,2026-09-18T18:12:31.394580+00:00
gemma-2-9b-it,belief_bank_facts,hidden,31,27416,belief_bank_constraints,511,1258,25414,629,629,11520,13894,1.208,3585,0.5137916838205022,0.21666666666666667,0.5519792240497363,0.304799120771767,0.5997379776742159,2110.5,10,2026-09-18T18:12:31.394580+00:00
gemma-2-9b-it,belief_bank_facts,hidden,31,27416,belief_bank_constraints,mean,0,0,0,0,0,0,0.84771,3585.0,0.5311653638596181,0.5125520833333332,0.5740143228141968,0.48765007486580103,0.6293878452729396,2691.634,10,2026-09-18T18:12:31.394580+00:00
gemma-2-9b-it,belief_bank_facts,hidden,31,27416,belief_bank_constraints,std,0,0,0,0,0,0,0.4434874596874189,0.0,0.026609235412268683,0.2515417418923853,0.022761287359868522,0.14719132942988294,0.0337364368533072,2691.634,10,2026-09-18T18:12:31.394580+00:00
gemma-2-9b-it,belief_bank_facts,hidden,31,27416,halu_eval,2,1258,10000,629,629,2473,7527,1.2184,3585,0.24869678540399653,0.9260008087343308,0.2899,0.392089718346032,0.5044932460691047,2112.263,10,2026-09-18T18:12:31.394580+00:00
gemma-2-9b-it,belief_bank_facts,hidden,31,27416,halu_eval,4,1258,10000,629,629,2473,7527,1.208,3585,0.24940152339499455,0.9268095430651031,0.2921,0.3930378118837349,0.5120547562673822,2114.013,10,2026-09-18T18:12:31.394580+00:00
gemma-2-9b-it,belief_bank_facts,hidden,31,27416,halu_eval,24,1258,10000,629,629,2473,7527,1.1778,3585,0.2514426028238183,0.8281439547108774,0.3478,0.3857600301375024,0.5080901637243811,2115.737,10,2026-09-18T18:12:31.394580+00:00
gemma-2-9b-it,belief_bank_facts,hidden,31,27416,halu_eval,42,1258,10000,629,629,2473,7527,1.198,3585,0.2495798319327731,0.9607763849575415,0.2759,0.39623113482865,0.5079019210583106,2117.48,10,2026-09-18T18:12:31.394580+00:00
gemma-2-9b-it,belief_bank_facts,hidden,31,27416,halu_eval,64,1258,10000,629,629,2473,7527,1.198,3585,0.2502080114109117,0.8511928831378892,0.3324,0.3867352562924858,0.5103642253838466,2119.226,10,2026-09-18T18:12:31.394580+00:00
gemma-2-9b-it,belief_bank_facts,hidden,31,27416,halu_eval,67,1258,10000,629,629,2473,7527,1.208,3585,0.24985854928143034,0.8928427011726647,0.3106,0.3904509283819629,0.5035817411275467,2120.982,10,2026-09-18T18:12:31.394580+00:00
gemma-2-9b-it,belief_bank_facts,hidden,31,27416,halu_eval,104,1258,10000,629,629,2473,7527,1.2181,3585,0.24907988742151982,0.9304488475535786,0.2891,0.39296388011271455,0.5029267597962874,2122.744,10,2026-09-18T18:12:31.394580+00:00
gemma-2-9b-it,belief_bank_facts,hidden,31,27416,halu_eval,123,1258,10000,629,629,2473,7527,1.2083,3585,0.24895833333333334,0.8697937727456531,0.3189,0.3871141905876001,0.5061494484527489,2124.5,10,2026-09-18T18:12:31.394580+00:00
gemma-2-9b-it,belief_bank_facts,hidden,31,27416,halu_eval,420,1258,10000,629,629,2473,7527,1.2283,3585,0.24751841178354148,0.9377274565305297,0.2796,0.391656814727242,0.5075020665595767,2126.281,10,2026-09-18T18:12:31.394580+00:00
gemma-2-9b-it,belief_bank_facts,hidden,31,27416,halu_eval,511,1258,10000,629,629,2473,7527,1.2081,3585,0.2503573130061934,0.8499797816417307,0.3335,0.38678811298187504,0.5035669675164824,2128.041,10,2026-09-18T18:12:31.394580+00:00
gemma-2-9b-it,belief_bank_facts,hidden,31,27416,halu_eval,mean,0,0,0,0,0,0,1.2071,3585.0,0.2495101249792513,0.8973716134249898,0.30698,0.3902827878279799,0.5066631295955667,2691.634,10,2026-09-18T18:12:31.394580+00:00
gemma-2-9b-it,belief_bank_facts,hidden,31,27416,halu_eval,std,0,0,0,0,0,0,0.013138873619911255,0.0,0.001009718653748719,0.04287314193463248,0.02391530054170342,0.0033261921526594102,0.0029164445948359047,2691.634,10,2026-09-18T18:12:31.394580+00:00
gemma-2-9b-it,belief_bank_facts,hidden,32,27416,belief_bank_facts,2,1258,8225,629,629,270,7955,1.2284,3585,0.42269736842105265,0.9518518518518518,0.9557446808510638,0.5854214123006833,0.9872039481341808,2130.562,10,2026-09-18T18:12:31.394580+00:00
gemma-2-9b-it,belief_bank_facts,hidden,32,27416,belief_bank_facts,4,1258,8225,629,629,270,7955,1.1978,3585,0.41961414790996787,0.9666666666666667,0.955015197568389,0.5852017937219731,0.9880578252671276,2132.28,10,2026-09-18T18:12:31.394580+00:00
gemma-2-9b-it,belief_bank_facts,hidden,32,27416,belief_bank_facts,24,1258,8225,629,629,270,7955,1.1978,3585,0.41158059467918623,0.9740740740740741,0.953434650455927,0.5786578657865786,0.9905435668226366,2133.994,10,2026-09-18T18:12:31.394580+00:00
gemma-2-9b-it,belief_bank_facts,hidden,32,27416,belief_bank_facts,42,1258,8225,629,629,270,7955,1.2081,3585,0.4131455399061033,0.9777777777777777,0.953677811550152,0.5808580858085809,0.9914132737388551,2135.724,10,2026-09-18T18:12:31.394580+00:00
gemma-2-9b-it,belief_bank_facts,hidden,32,27416,belief_bank_facts,64,1258,8225,629,629,270,7955,1.2179,3585,0.4067796610169492,0.9777777777777777,0.9524620060790273,0.5745375408052231,0.9886714621598343,2137.455,10,2026-09-18T18:12:31.394580+00:00
gemma-2-9b-it,belief_bank_facts,hidden,32,27416,belief_bank_facts,67,1258,8225,629,629,270,7955,1.2185,3585,0.40606060606060607,0.9925925925925926,0.9520972644376899,0.5763440860215053,0.991502199874293,2139.195,10,2026-09-18T18:12:31.394580+00:00
gemma-2-9b-it,belief_bank_facts,hidden,32,27416,belief_bank_facts,104,1258,8225,629,629,270,7955,1.2078,3585,0.39631336405529954,0.9555555555555556,0.9507598784194529,0.5602605863192183,0.9887184859277882,2140.919,10,2026-09-18T18:12:31.394580+00:00
gemma-2-9b-it,belief_bank_facts,hidden,32,27416,belief_bank_facts,123,1258,8225,629,629,270,7955,1.2082,3585,0.4273789649415693,0.9481481481481482,0.9565957446808511,0.5891829689298044,0.9898242428474986,2142.647,10,2026-09-18T18:12:31.394580+00:00
gemma-2-9b-it,belief_bank_facts,hidden,32,27416,belief_bank_facts,420,1258,8225,629,629,270,7955,1.1979,3585,0.4495726495726496,0.9740740740740741,0.96,0.6152046783625731,0.9934334334334334,2144.364,10,2026-09-18T18:12:31.394580+00:00
gemma-2-9b-it,belief_bank_facts,hidden,32,27416,belief_bank_facts,511,1258,8225,629,629,270,7955,1.2078,3585,0.3708513708513709,0.9518518518518518,0.9454103343465046,0.5337487019730011,0.9876751169774426,2146.087,10,2026-09-18T18:12:31.394580+00:00
gemma-2-9b-it,belief_bank_facts,hidden,32,27416,belief_bank_facts,mean,0,0,0,0,0,0,1.2090200000000002,3585.0,0.4123994267414755,0.9670370370370371,0.9535197568389059,0.577941772002914,0.9897043555183089,2691.634,10,2026-09-18T18:12:31.394580+00:00
gemma-2-9b-it,belief_bank_facts,hidden,32,27416,belief_bank_facts,std,0,0,0,0,0,0,0.009613719363492975,0.0,0.01955077187973288,0.013902462503054403,0.003676902095597783,0.019779667504727778,0.0018946512091894045,2691.634,10,2026-09-18T18:12:31.394580+00:00
gemma-2-9b-it,belief_bank_facts,hidden,32,27416,belief_bank_constraints,2,1258,25414,629,629,11520,13894,1.2282,3585,0.5448912326961107,0.3587673611111111,0.5735027937357362,0.4326616069091861,0.5899798311721287,2148.478,10,2026-09-18T18:12:31.394580+00:00
gemma-2-9b-it,belief_bank_facts,hidden,32,27416,belief_bank_constraints,4,1258,25414,629,629,11520,13894,1.1982,3585,0.5540666874415706,0.6173611111111111,0.6013221059258677,0.5840039415339137,0.6332389555643523,2150.837,10,2026-09-18T18:12:31.394580+00:00
gemma-2-9b-it,belief_bank_facts,hidden,32,27416,belief_bank_constraints,24,1258,25414,629,629,11520,13894,1.208,3585,0.5326454853149907,0.8469618055555556,0.5937672149209098,0.6539982572558483,0.6834120668593957,2153.205,10,2026-09-18T18:12:31.394580+00:00
gemma-2-9b-it,belief_bank_facts,hidden,32,27416,belief_bank_constraints,42,1258,25414,629,629,11520,13894,1.2081,3585,0.5059991933857633,0.8712673611111111,0.5560714566774219,0.6401964536292895,0.6452601255238072,2155.575,10,2026-09-18T18:12:31.394580+00:00
gemma-2-9b-it,belief_bank_facts,hidden,32,27416,belief_bank_constraints,64,1258,25414,629,629,11520,13894,1.2081,3585,0.5837137569401604,0.41067708333333336,0.6001023058156921,0.482140127388535,0.6463521549069942,2157.94,10,2026-09-18T18:12:31.394580+00:00
gemma-2-9b-it,belief_bank_facts,hidden,32,27416,belief_bank_constraints,67,1258,25414,629,629,11520,13894,1.2182,3585,0.47743403093721565,0.9109375,0.5076729361769103,0.6265074626865672,0.5981966386369815,2160.321,10,2026-09-18T18:12:31.394580+00:00
gemma-2-9b-it,belief_bank_facts,hidden,32,27416,belief_bank_constraints,104,1258,25414,629,629,11520,13894,1.208,3585,0.5246443929870989,0.8260416666666667,0.5818840009443613,0.6417155573538337,0.6710385765538283,2162.69,10,2026-09-18T18:12:31.394580+00:00
gemma-2-9b-it,belief_bank_facts,hidden,32,27416,belief_bank_constraints,123,1258,25414,629,629,11520,13894,1.2083,3585,0.4679677556215528,0.9574652777777778,0.48729046981978436,0.6286691365061271,0.5904749239779761,2165.058,10,2026-09-18T18:12:31.394580+00:00
gemma-2-9b-it,belief_bank_facts,hidden,32,27416,belief_bank_constraints,420,1258,25414,629,629,11520,13894,1.1979,3585,0.48257291801301105,0.9723090277777777,0.5148736916660108,0.645014540324206,0.6936588085584505,2167.414,10,2026-09-18T18:12:31.394580+00:00
gemma-2-9b-it,belief_bank_facts,hidden,32,27416,belief_bank_constraints,511,1258,25414,629,629,11520,13894,1.2078,3585,0.5378655936580385,0.7774305555555555,0.5963248603132132,0.6358311739022399,0.6709613987052765,2169.783,10,2026-09-18T18:12:31.394580+00:00
gemma-2-9b-it,belief_bank_facts,hidden,32,27416,belief_bank_constraints,mean,0,0,0,0,0,0,1.20908,3585.0,0.5211801046995512,0.7549218749999999,0.5612811835995908,0.5970738257489746,0.642257348045919,2691.634,10,2026-09-18T18:12:31.394580+00:00
gemma-2-9b-it,belief_bank_facts,hidden,32,27416,belief_bank_constraints,std,0,0,0,0,0,0,0.008358325191089422,0.0,0.03527366207502592,0.20846102875448883,0.04061633515703054,0.07291765048975696,0.03667549932494507,2691.634,10,2026-09-18T18:12:31.394580+00:00
gemma-2-9b-it,belief_bank_facts,hidden,32,27416,halu_eval,2,1258,10000,629,629,2473,7527,1.2483,3585,0.2480162985202659,0.9353012535382127,0.2827,0.39206712433257057,0.5063449973410186,2171.575,10,2026-09-18T18:12:31.394580+00:00
gemma-2-9b-it,belief_bank_facts,hidden,32,27416,halu_eval,4,1258,10000,629,629,2473,7527,1.198,3585,0.249914373786962,0.8851597250303276,0.3146,0.38977920227920226,0.5106982701605667,2173.317,10,2026-09-18T18:12:31.394580+00:00
gemma-2-9b-it,belief_bank_facts,hidden,32,27416,halu_eval,24,1258,10000,629,629,2473,7527,1.1982,3585,0.24959582141524686,0.8115649009300445,0.35,0.3817766787140955,0.5058926025091179,2175.058,10,2026-09-18T18:12:31.394580+00:00
gemma-2-9b-it,belief_bank_facts,hidden,32,27416,halu_eval,42,1258,10000,629,629,2473,7527,1.2083,3585,0.2483469685083492,0.8960776384957542,0.3036,0.3889083889083889,0.5063389804521488,2176.809,10,2026-09-18T18:12:31.394580+00:00
gemma-2-9b-it,belief_bank_facts,hidden,32,27416,halu_eval,64,1258,10000,629,629,2473,7527,1.2082,3585,0.2502548419979613,0.7941771128184392,0.3607,0.3805832768142622,0.5059932242310214,2178.56,10,2026-09-18T18:12:31.394580+00:00
gemma-2-9b-it,belief_bank_facts,hidden,32,27416,halu_eval,67,1258,10000,629,629,2473,7527,1.2182,3585,0.24905139703345983,0.8758592802264457,0.3162,0.38782452999104744,0.5055539913435234,2180.322,10,2026-09-18T18:12:31.394580+00:00
gemma-2-9b-it,belief_bank_facts,hidden,32,27416,halu_eval,104,1258,10000,629,629,2473,7527,1.1979,3585,0.249002849002849,0.8835422563687828,0.3122,0.3885135135135135,0.5001406716384434,2182.064,10,2026-09-18T18:12:31.394580+00:00
gemma-2-9b-it,belief_bank_facts,hidden,32,27416,halu_eval,123,1258,10000,629,629,2473,7527,1.2181,3585,0.24766355140186916,0.8786898503841488,0.3099,0.3864141548857473,0.5058282970093215,2183.826,10,2026-09-18T18:12:31.394580+00:00
gemma-2-9b-it,belief_bank_facts,hidden,32,27416,halu_eval,420,1258,10000,629,629,2473,7527,1.2078,3585,0.24970896391152503,0.8673675697533361,0.3227,0.38777908343125733,0.5080886595021636,2185.575,10,2026-09-18T18:12:31.394580+00:00
gemma-2-9b-it,belief_bank_facts,hidden,32,27416,halu_eval,511,1258,10000,629,629,2473,7527,1.2079,3585,0.24950372208436725,0.8131823695915892,0.3489,0.381847526820469,0.5012393448016309,2187.327,10,2026-09-18T18:12:31.394580+00:00
gemma-2-9b-it,belief_bank_facts,hidden,32,27416,halu_eval,mean,0,0,0,0,0,0,1.21109,3585.0,0.2491058787662855,0.864092195713708,0.32215000000000005,0.38654934796905543,0.5056119038988957,2691.634,10,2026-09-18T18:12:31.394580+00:00
gemma-2-9b-it,belief_bank_facts,hidden,32,27416,halu_eval,std,0,0,0,0,0,0,0.014257941646675376,0.0,0.0008119628694250979,0.041853642495538315,0.02284614847189784,0.0036597397437878195,0.002870531982577919,2691.634,10,2026-09-18T18:12:31.394580+00:00
gemma-2-9b-it,belief_bank_facts,hidden,33,27416,belief_bank_facts,2,1258,8225,629,629,270,7955,1.2083,3585,0.3857791225416036,0.9444444444444444,0.9488145896656535,0.547798066595059,0.9855502013641548,2189.908,10,2026-09-18T18:12:31.394580+00:00
gemma-2-9b-it,belief_bank_facts,hidden,33,27416,belief_bank_facts,4,1258,8225,629,629,270,7955,1.1978,3585,0.38863976083707025,0.9629629629629629,0.9490577507598784,0.5537806176783813,0.9860972600507485,2191.624,10,2026-09-18T18:12:31.394580+00:00
gemma-2-9b-it,belief_bank_facts,hidden,33,27416,belief_bank_facts,24,1258,8225,629,629,270,7955,1.1878,3585,0.38472834067547723,0.9703703703703703,0.9480851063829787,0.5509989484752892,0.9886695998323906,2193.33,10,2026-09-18T18:12:31.394580+00:00
gemma-2-9b-it,belief_bank_facts,hidden,33,27416,belief_bank_facts,42,1258,8225,629,629,270,7955,1.1979,3585,0.411214953271028,0.9777777777777777,0.9533130699088146,0.5789473684210527,0.990997509137044,2195.048,10,2026-09-18T18:12:31.394580+00:00
gemma-2-9b-it,belief_bank_facts,hidden,33,27416,belief_bank_facts,64,1258,8225,629,629,270,7955,1.2081,3585,0.3897058823529412,0.9814814814814815,0.948936170212766,0.5578947368421052,0.9867616453662965,2196.773,10,2026-09-18T18:12:31.394580+00:00
gemma-2-9b-it,belief_bank_facts,hidden,33,27416,belief_bank_facts,67,1258,8225,629,629,270,7955,1.2079,3585,0.37412095639943743,0.9851851851851852,0.9454103343465046,0.5423037716615698,0.9896412691761529,2198.503,10,2026-09-18T18:12:31.394580+00:00
gemma-2-9b-it,belief_bank_facts,hidden,33,27416,belief_bank_facts,104,1258,8225,629,629,270,7955,1.2282,3585,0.38179148311306904,0.9629629629629629,0.9475987841945289,0.5467928496319664,0.987061014502875,2200.248,10,2026-09-18T18:12:31.394580+00:00
gemma-2-9b-it,belief_bank_facts,hidden,33,27416,belief_bank_facts,123,1258,8225,629,629,270,7955,1.198,3585,0.41362916006339145,0.9666666666666667,0.9539209726443769,0.5793562708102109,0.9891407686756524,2201.969,10,2026-09-18T18:12:31.394580+00:00
gemma-2-9b-it,belief_bank_facts,hidden,33,27416,belief_bank_facts,420,1258,8225,629,629,270,7955,1.2079,3585,0.4182692307692308,0.9666666666666667,0.9547720364741641,0.5838926174496645,0.9918313662499709,2203.698,10,2026-09-18T18:12:31.394580+00:00
gemma-2-9b-it,belief_bank_facts,hidden,33,27416,belief_bank_facts,511,1258,8225,629,629,270,7955,1.198,3585,0.3381578947368421,0.9518518518518518,0.9372644376899696,0.49902912621359224,0.9865349070000233,2205.413,10,2026-09-18T18:12:31.394580+00:00
gemma-2-9b-it,belief_bank_facts,hidden,33,27416,belief_bank_facts,mean,0,0,0,0,0,0,1.2039900000000001,3585.0,0.3886036784760091,0.9670370370370371,0.9487173252279636,0.5540794373778891,0.9882285541355309,2691.634,10,2026-09-18T18:12:31.394580+00:00
gemma-2-9b-it,belief_bank_facts,hidden,33,27416,belief_bank_facts,std,0,0,0,0,0,0,0.010302664703852103,0.0,0.022006213498657477,0.011995655363482708,0.0047831709490796645,0.023306750665970818,0.0020437511146601402,2691.634,10,2026-09-18T18:12:31.394580+00:00
gemma-2-9b-it,belief_bank_facts,hidden,33,27416,belief_bank_constraints,2,1258,25414,629,629,11520,13894,1.2083,3585,0.3601823708206687,0.06171875,0.5249862280632722,0.10538016896398399,0.5310328611570941,2207.786,10,2026-09-18T18:12:31.394580+00:00
gemma-2-9b-it,belief_bank_facts,hidden,33,27416,belief_bank_constraints,4,1258,25414,629,629,11520,13894,1.188,3585,0.5549515480973765,0.20381944444444444,0.5650035413551586,0.29813980064757795,0.6212074456599972,2210.141,10,2026-09-18T18:12:31.394580+00:00
gemma-2-9b-it,belief_bank_facts,hidden,33,27416,belief_bank_constraints,24,1258,25414,629,629,11520,13894,1.188,3585,0.5880339993376752,0.46241319444444445,0.6094672227905878,0.5177122309150104,0.6331484013882891,2212.49,10,2026-09-18T18:12:31.394580+00:00
gemma-2-9b-it,belief_bank_facts,hidden,33,27416,belief_bank_constraints,42,1258,25414,629,629,11520,13894,1.1979,3585,0.5124117975531753,0.8762152777777777,0.5659479027307783,0.6466574842243505,0.6714761467779857,2214.839,10,2026-09-18T18:12:31.394580+00:00
gemma-2-9b-it,belief_bank_facts,hidden,33,27416,belief_bank_constraints,64,1258,25414,629,629,11520,13894,1.2181,3585,0.526540790879943,0.1282986111111111,0.5525694499094987,0.20632372443637886,0.6197417287938038,2217.218,10,2026-09-18T18:12:31.394580+00:00
gemma-2-9b-it,belief_bank_facts,hidden,33,27416,belief_bank_constraints,67,1258,25414,629,629,11520,13894,1.2081,3585,0.47180115916183685,0.36744791666666665,0.5267962540332101,0.4131368338863947,0.5417193035462949,2219.588,10,2026-09-18T18:12:31.394580+00:00
gemma-2-9b-it,belief_bank_facts,hidden,33,27416,belief_bank_constraints,104,1258,25414,629,629,11520,13894,1.208,3585,0.6144920380199975,0.43211805555555555,0.6196978043598017,0.5074155241832731,0.6549924502782976,2221.956,10,2026-09-18T18:12:31.394580+00:00
gemma-2-9b-it,belief_bank_facts,hidden,33,27416,belief_bank_constraints,123,1258,25414,629,629,11520,13894,1.1883,3585,0.5043929712460063,0.5481770833333334,0.5510348626741166,0.5253743760399334,0.5598075345772756,2224.306,10,2026-09-18T18:12:31.394580+00:00
gemma-2-9b-it,belief_bank_facts,hidden,33,27416,belief_bank_constraints,420,1258,25414,629,629,11520,13894,0.3072,3585,0.49975857073877356,0.8984375,0.546313055796018,0.6422587651256593,0.6667671203247205,2225.774,10,2026-09-18T18:12:31.394580+00:00
gemma-2-9b-it,belief_bank_facts,hidden,33,27416,belief_bank_constraints,511,1258,25414,629,629,11520,13894,0.3074,3585,0.4393700787401575,0.12109375,0.5315574093019596,0.18986049676760802,0.6135106593273676,2227.247,10,2026-09-18T18:12:31.394580+00:00
gemma-2-9b-it,belief_bank_facts,hidden,33,27416,belief_bank_constraints,mean,0,0,0,0,0,0,1.0219299999999998,3585.0,0.5071935324595611,0.40997395833333333,0.5593373731014402,0.40522594051901695,0.6113403651831126,2691.634,10,2026-09-18T18:12:31.394580+00:00
gemma-2-9b-it,belief_bank_facts,hidden,33,27416,belief_bank_constraints,std,0,0,0,0,0,0,0.3574482845112003,0.0,0.06946838816656041,0.28402474394454996,0.03086617784170615,0.18422463178475548,0.048160362136037735,2691.634,10,2026-09-18T18:12:31.394580+00:00
gemma-2-9b-it,belief_bank_facts,hidden,33,27416,halu_eval,2,1258,10000,629,629,2473,7527,0.3173,3585,0.2485927627800115,0.8750505458956733,0.315,0.3871891214886384,0.5060080515643078,2228.11,10,2026-09-18T18:12:31.394580+00:00
gemma-2-9b-it,belief_bank_facts,hidden,33,27416,halu_eval,4,1258,10000,629,629,2473,7527,0.2869,3585,0.25083892617449666,0.8463404771532551,0.3369,0.386983451973745,0.5051404108170553,2228.941,10,2026-09-18T18:12:31.394580+00:00
gemma-2-9b-it,belief_bank_facts,hidden,33,27416,halu_eval,24,1258,10000,629,629,2473,7527,0.2975,3585,0.2508938478609296,0.8228871815608573,0.3486,0.3845427059712774,0.5053670917330042,2229.782,10,2026-09-18T18:12:31.394580+00:00
gemma-2-9b-it,belief_bank_facts,hidden,33,27416,halu_eval,42,1258,10000,629,629,2473,7527,0.2975,3585,0.24803836094158674,0.9203396684189243,0.2903,0.3907631556356769,0.5061385965638945,2230.625,10,2026-09-18T18:12:31.394580+00:00
gemma-2-9b-it,belief_bank_facts,hidden,33,27416,halu_eval,64,1258,10000,629,629,2473,7527,0.3072,3585,0.25067418484922777,0.8269308532147189,0.3459,0.38472392060953814,0.5040939825148135,2231.475,10,2026-09-18T18:12:31.394580+00:00
gemma-2-9b-it,belief_bank_facts,hidden,33,27416,halu_eval,67,1258,10000,629,629,2473,7527,0.3075,3585,0.2483092876465284,0.8908208653457339,0.3061,0.3883649184662847,0.5101963971621558,2232.326,10,2026-09-18T18:12:31.394580+00:00
gemma-2-9b-it,belief_bank_facts,hidden,33,27416,halu_eval,104,1258,10000,629,629,2473,7527,1.208,3585,0.24890775184121833,0.8063081277800243,0.3504,0.38038916444105303,0.4980371780339934,2234.076,10,2026-09-18T18:12:31.394580+00:00
gemma-2-9b-it,belief_bank_facts,hidden,33,27416,halu_eval,123,1258,10000,629,629,2473,7527,1.188,3585,0.24838264927351786,0.9470279013344116,0.2782,0.39354730297429,0.5058351734537442,2235.806,10,2026-09-18T18:12:31.394580+00:00
gemma-2-9b-it,belief_bank_facts,hidden,33,27416,halu_eval,420,1258,10000,629,629,2473,7527,1.218,3585,0.2510091743119266,0.8297614233724222,0.3456,0.3854244928625094,0.5104658141057471,2237.565,10,2026-09-18T18:12:31.394580+00:00
gemma-2-9b-it,belief_bank_facts,hidden,33,27416,halu_eval,511,1258,10000,629,629,2473,7527,1.2079,3585,0.2491554054054054,0.8350181965224424,0.3369,0.38379332775764335,0.5094245162757113,2239.313,10,2026-09-18T18:12:31.394580+00:00
gemma-2-9b-it,belief_bank_facts,hidden,33,27416,halu_eval,mean,0,0,0,0,0,0,0.66358,3585.0,0.24948023510848488,0.8600485240598463,0.32538999999999996,0.3865721562180656,0.5060707212224427,2691.634,10,2026-09-18T18:12:31.394580+00:00
gemma-2-9b-it,belief_bank_facts,hidden,33,27416,halu_eval,std,0,0,0,0,0,0,0.44257222416233943,0.0,0.001161171210288785,0.044124759276504846,0.024892828284467795,0.0035324779473511285,0.003427183770368837,2691.634,10,2026-09-18T18:12:31.394580+00:00
gemma-2-9b-it,belief_bank_facts,hidden,34,27416,belief_bank_facts,2,1258,8225,629,629,270,7955,1.2282,3585,0.3742603550295858,0.937037037037037,0.9465045592705167,0.5348837209302325,0.9849235281793421,2241.82,10,2026-09-18T18:12:31.394580+00:00
gemma-2-9b-it,belief_bank_facts,hidden,34,27416,belief_bank_facts,4,1258,8225,629,629,270,7955,1.2079,3585,0.3880597014925373,0.9629629629629629,0.948936170212766,0.5531914893617021,0.9853299811439347,2243.549,10,2026-09-18T18:12:31.394580+00:00
gemma-2-9b-it,belief_bank_facts,hidden,34,27416,belief_bank_facts,24,1258,8225,629,629,270,7955,1.1979,3585,0.38552437223042835,0.9666666666666667,0.9483282674772037,0.5512143611404435,0.9884037525897991,2245.264,10,2026-09-18T18:12:31.394580+00:00
gemma-2-9b-it,belief_bank_facts,hidden,34,27416,belief_bank_facts,42,1258,8225,629,629,270,7955,1.208,3585,0.3987823439878234,0.9703703703703703,0.9510030395136778,0.5652642934196332,0.9905756919710408,2246.993,10,2026-09-18T18:12:31.394580+00:00
gemma-2-9b-it,belief_bank_facts,hidden,34,27416,belief_bank_facts,64,1258,8225,629,629,270,7955,1.188,3585,0.3854014598540146,0.9777777777777777,0.9480851063829787,0.5528795811518324,0.9859645692203832,2248.697,10,2026-09-18T18:12:31.394580+00:00
gemma-2-9b-it,belief_bank_facts,hidden,34,27416,belief_bank_facts,67,1258,8225,629,629,270,7955,1.208,3585,0.3587994542974079,0.9740740740740741,0.9420060790273557,0.5244267198404786,0.9890048187722605,2250.428,10,2026-09-18T18:12:31.394580+00:00
gemma-2-9b-it,belief_bank_facts,hidden,34,27416,belief_bank_facts,104,1258,8225,629,629,270,7955,1.2079,3585,0.3932926829268293,0.9555555555555556,0.9501519756838905,0.5572354211663066,0.9873515375840958,2252.153,10,2026-09-18T18:12:31.394580+00:00
gemma-2-9b-it,belief_bank_facts,hidden,34,27416,belief_bank_facts,123,1258,8225,629,629,270,7955,1.2081,3585,0.40498442367601245,0.9629629629629629,0.9523404255319149,0.5701754385964912,0.9885876574248669,2253.882,10,2026-09-18T18:12:31.394580+00:00
gemma-2-9b-it,belief_bank_facts,hidden,34,27416,belief_bank_facts,420,1258,8225,629,629,270,7955,1.2482,3585,0.4133545310015898,0.9629629629629629,0.9539209726443769,0.578420467185762,0.9918858393276998,2255.655,10,2026-09-18T18:12:31.394580+00:00
gemma-2-9b-it,belief_bank_facts,hidden,34,27416,belief_bank_facts,511,1258,8225,629,629,270,7955,1.208,3585,0.32778489116517284,0.9481481481481482,0.934468085106383,0.4871550903901047,0.9858011499871964,2257.38,10,2026-09-18T18:12:31.394580+00:00
gemma-2-9b-it,belief_bank_facts,hidden,34,27416,belief_bank_facts,mean,0,0,0,0,0,0,1.21102,3585.0,0.3830244215661402,0.9618518518518518,0.9475744680851065,0.5474846583182986,0.987782852620062,2691.634,10,2026-09-18T18:12:31.394580+00:00
gemma-2-9b-it,belief_bank_facts,hidden,34,27416,belief_bank_facts,std,0,0,0,0,0,0,0.015604217378644793,0.0,0.023469606451923995,0.01160034056545616,0.005366593444658116,0.025077442638273266,0.0022084503080079714,2691.634,10,2026-09-18T18:12:31.394580+00:00
gemma-2-9b-it,belief_bank_facts,hidden,34,27416,belief_bank_constraints,2,1258,25414,629,629,11520,13894,1.2283,3585,0.504035216434336,0.05963541666666667,0.5471393719996852,0.10665217728789878,0.5473635264722582,2259.776,10,2026-09-18T18:12:31.394580+00:00
gemma-2-9b-it,belief_bank_facts,hidden,34,27416,belief_bank_constraints,4,1258,25414,629,629,11520,13894,1.2082,3585,0.6425161136309382,0.46727430555555555,0.6406704965766901,0.5410594029550708,0.6724491574600546,2262.143,10,2026-09-18T18:12:31.394580+00:00
gemma-2-9b-it,belief_bank_facts,hidden,34,27416,belief_bank_constraints,24,1258,25414,629,629,11520,13894,1.1978,3585,0.535944540727903,0.67109375,0.587510820807429,0.5959529774523029,0.6330703113754138,2264.504,10,2026-09-18T18:12:31.394580+00:00
gemma-2-9b-it,belief_bank_facts,hidden,34,27416,belief_bank_constraints,42,1258,25414,629,629,11520,13894,1.2085,3585,0.5130765572990965,0.84296875,0.5661839930746833,0.6378953591486846,0.6597920152883738,2266.879,10,2026-09-18T18:12:31.394580+00:00
gemma-2-9b-it,belief_bank_facts,hidden,34,27416,belief_bank_constraints,64,1258,25414,629,629,11520,13894,1.188,3585,0.56,0.18836805555555555,0.5650035413551586,0.281909710945112,0.6478713146062249,2269.224,10,2026-09-18T18:12:31.394580+00:00
gemma-2-9b-it,belief_bank_facts,hidden,34,27416,belief_bank_constraints,67,1258,25414,629,629,11520,13894,1.2081,3585,0.48744120884619235,0.4228298611111111,0.5368300936491698,0.45284246734532607,0.5484481835684467,2271.59,10,2026-09-18T18:12:31.394580+00:00
gemma-2-9b-it,belief_bank_facts,hidden,34,27416,belief_bank_constraints,104,1258,25414,629,629,11520,13894,1.2279,3585,0.5890659288235855,0.5359375,0.6201699850476116,0.5612472160356348,0.6537114154491147,2273.974,10,2026-09-18T18:12:31.394580+00:00
gemma-2-9b-it,belief_bank_facts,hidden,34,27416,belief_bank_constraints,123,1258,25414,629,629,11520,13894,1.2079,3585,0.4956975368398408,0.8000868055555556,0.5404107971983946,0.6121405326426247,0.5981988003414743,2276.345,10,2026-09-18T18:12:31.394580+00:00
gemma-2-9b-it,belief_bank_facts,hidden,34,27416,belief_bank_constraints,420,1258,25414,629,629,11520,13894,1.2385,3585,0.4897566921382026,0.9068576388888889,0.5295112929881168,0.6360232565218715,0.6428148691281608,2278.745,10,2026-09-18T18:12:31.394580+00:00
gemma-2-9b-it,belief_bank_facts,hidden,34,27416,belief_bank_constraints,511,1258,25414,629,629,11520,13894,1.2082,3585,0.5856515373352855,0.4861111111111111,0.6111592035885732,0.5312588938430889,0.645104295369304,2281.117,10,2026-09-18T18:12:31.394580+00:00
gemma-2-9b-it,belief_bank_facts,hidden,34,27416,belief_bank_constraints,mean,0,0,0,0,0,0,1.2121399999999998,3585.0,0.5403185332075381,0.5381163194444445,0.5744589596285512,0.4956981994177615,0.6248823889058827,2691.634,10,2026-09-18T18:12:31.394580+00:00
gemma-2-9b-it,belief_bank_facts,hidden,34,27416,belief_bank_constraints,std,0,0,0,0,0,0,0.014392164534912738,0.0,0.04968337355750737,0.2622028541955408,0.03672936970251803,0.16432857500639012,0.0426635676669046,2691.634,10,2026-09-18T18:12:31.394580+00:00
gemma-2-9b-it,belief_bank_facts,hidden,34,27416,halu_eval,2,1258,10000,629,629,2473,7527,1.2182,3585,0.2486410089149815,0.9247877072381723,0.2903,0.3919115757004541,0.5086301795004489,2282.878,10,2026-09-18T18:12:31.394580+00:00
gemma-2-9b-it,belief_bank_facts,hidden,34,27416,halu_eval,4,1258,10000,629,629,2473,7527,1.2182,3585,0.2514669926650367,0.831783259199353,0.3461,0.38618229606683563,0.5034833757389693,2284.64,10,2026-09-18T18:12:31.394580+00:00
gemma-2-9b-it,belief_bank_facts,hidden,34,27416,halu_eval,24,1258,10000,629,629,2473,7527,1.1981,3585,0.25005894836123554,0.857662757784068,0.3287,0.38722044728434507,0.507102212060843,2286.382,10,2026-09-18T18:12:31.394580+00:00
gemma-2-9b-it,belief_bank_facts,hidden,34,27416,halu_eval,42,1258,10000,629,629,2473,7527,1.2082,3585,0.24769475357710652,0.9450060655074808,0.2766,0.3925092374874034,0.5050203685118799,2288.135,10,2026-09-18T18:12:31.394580+00:00
gemma-2-9b-it,belief_bank_facts,hidden,34,27416,halu_eval,64,1258,10000,629,629,2473,7527,1.2081,3585,0.24979370505717316,0.8568540234532956,0.3282,0.386820007301935,0.501938485799417,2289.887,10,2026-09-18T18:12:31.394580+00:00
gemma-2-9b-it,belief_bank_facts,hidden,34,27416,halu_eval,67,1258,10000,629,629,2473,7527,1.2079,3585,0.24890338544595658,0.8948645369995957,0.3062,0.38947553678282293,0.5101652919955877,2291.636,10,2026-09-18T18:12:31.394580+00:00
gemma-2-9b-it,belief_bank_facts,hidden,34,27416,halu_eval,104,1258,10000,629,629,2473,7527,1.2078,3585,0.24807256235827665,0.8847553578649414,0.3083,0.38749667935889487,0.5006110096925096,2293.389,10,2026-09-18T18:12:31.394580+00:00
gemma-2-9b-it,belief_bank_facts,hidden,34,27416,halu_eval,123,1258,10000,629,629,2473,7527,1.2079,3585,0.24639799540613908,0.9543065103113627,0.2669,0.3916687411833043,0.5035977503497182,2295.142,10,2026-09-18T18:12:31.394580+00:00
gemma-2-9b-it,belief_bank_facts,hidden,34,27416,halu_eval,420,1258,10000,629,629,2473,7527,1.2385,3585,0.24943147815679234,0.8427011726647796,0.334,0.38492796453638717,0.507766191864296,2296.924,10,2026-09-18T18:12:31.394580+00:00
gemma-2-9b-it,belief_bank_facts,hidden,34,27416,halu_eval,511,1258,10000,629,629,2473,7527,1.2079,3585,0.24997011356843993,0.8455317428224828,0.3344,0.38586455065510245,0.5079089318082883,2298.677,10,2026-09-18T18:12:31.394580+00:00
gemma-2-9b-it,belief_bank_facts,hidden,34,27416,halu_eval,mean,0,0,0,0,0,0,1.2120799999999998,3585.0,0.2490430943511138,0.8838253133845532,0.31196999999999997,0.3884077036357485,0.5056223797321959,2691.634,10,2026-09-18T18:12:31.394580+00:00
gemma-2-9b-it,belief_bank_facts,hidden,34,27416,halu_eval,std,0,0,0,0,0,0,0.010344061098040744,0.0,0.0013571499675710942,0.0421772787147203,0.025485841167204974,0.0026298917383495457,0.0029903319174559456,2691.634,10,2026-09-18T18:12:31.394580+00:00
gemma-2-9b-it,belief_bank_facts,hidden,35,27416,belief_bank_facts,2,1258,8225,629,629,270,7955,1.2283,3585,0.3594864479315264,0.9333333333333333,0.9432218844984802,0.5190525231719877,0.9836925297390414,2301.115,10,2026-09-18T18:12:31.394580+00:00
gemma-2-9b-it,belief_bank_facts,hidden,35,27416,belief_bank_facts,4,1258,8225,629,629,270,7955,1.1979,3585,0.3827893175074184,0.9555555555555556,0.9479635258358663,0.5466101694915254,0.9835184021230533,2302.833,10,2026-09-18T18:12:31.394580+00:00
gemma-2-9b-it,belief_bank_facts,hidden,35,27416,belief_bank_facts,24,1258,8225,629,629,270,7955,1.208,3585,0.3764367816091954,0.9703703703703703,0.9462613981762918,0.5424430641821946,0.9881332495285983,2304.557,10,2026-09-18T18:12:31.394580+00:00
gemma-2-9b-it,belief_bank_facts,hidden,35,27416,belief_bank_facts,42,1258,8225,629,629,270,7955,1.198,3585,0.3806734992679356,0.9629629629629629,0.947355623100304,0.5456453305351522,0.9899182903834067,2306.275,10,2026-09-18T18:12:31.394580+00:00
gemma-2-9b-it,belief_bank_facts,hidden,35,27416,belief_bank_facts,64,1258,8225,629,629,270,7955,1.188,3585,0.3676056338028169,0.9666666666666667,0.9443161094224924,0.5326530612244897,0.9851372302535093,2307.978,10,2026-09-18T18:12:31.394580+00:00
gemma-2-9b-it,belief_bank_facts,hidden,35,27416,belief_bank_facts,67,1258,8225,629,629,270,7955,1.1879,3585,0.351278600269179,0.9666666666666667,0.9403039513677811,0.5153010858835143,0.9877347114556416,2309.687,10,2026-09-18T18:12:31.394580+00:00
gemma-2-9b-it,belief_bank_facts,hidden,35,27416,belief_bank_facts,104,1258,8225,629,629,270,7955,1.198,3585,0.37735849056603776,0.9629629629629629,0.9466261398176292,0.5422314911366006,0.9855744116209233,2311.403,10,2026-09-18T18:12:31.394580+00:00
gemma-2-9b-it,belief_bank_facts,hidden,35,27416,belief_bank_facts,123,1258,8225,629,629,270,7955,1.198,3585,0.3951367781155015,0.9629629629629629,0.9503951367781155,0.5603448275862069,0.9875843285145611,2313.121,10,2026-09-18T18:12:31.394580+00:00
gemma-2-9b-it,belief_bank_facts,hidden,35,27416,belief_bank_facts,420,1258,8225,629,629,270,7955,1.2181,3585,0.39361702127659576,0.9592592592592593,0.9501519756838905,0.5581896551724138,0.9906883627813861,2314.859,10,2026-09-18T18:12:31.394580+00:00
gemma-2-9b-it,belief_bank_facts,hidden,35,27416,belief_bank_facts,511,1258,8225,629,629,270,7955,1.218,3585,0.3264781491002571,0.9407407407407408,0.9343465045592705,0.4847328244274809,0.9849491351816934,2316.595,10,2026-09-18T18:12:31.394580+00:00
gemma-2-9b-it,belief_bank_facts,hidden,35,27416,belief_bank_facts,mean,0,0,0,0,0,0,1.2040199999999999,3585.0,0.3710860719446464,0.9581481481481482,0.9450942249240122,0.5347204032811567,0.9866930651581814,2691.634,10,2026-09-18T18:12:31.394580+00:00
gemma-2-9b-it,belief_bank_facts,hidden,35,27416,belief_bank_facts,std,0,0,0,0,0,0,0.012890756378118394,0.0,0.0197782851515093,0.011361379000131809,0.004618524780659351,0.021702114439945356,0.0023688180003891687,2691.634,10,2026-09-18T18:12:31.394580+00:00
gemma-2-9b-it,belief_bank_facts,hidden,35,27416,belief_bank_constraints,2,1258,25414,629,629,11520,13894,1.2384,3585,0.4857734092084842,0.08151041666666667,0.5445423782167309,0.13959711588493273,0.539428852682213,2319.002,10,2026-09-18T18:12:31.394580+00:00
gemma-2-9b-it,belief_bank_facts,hidden,35,27416,belief_bank_constraints,4,1258,25414,629,629,11520,13894,1.1979,3585,0.6003460207612457,0.5120659722222223,0.6243015660659479,0.5527030825447391,0.6583138092681893,2321.365,10,2026-09-18T18:12:31.394580+00:00
gemma-2-9b-it,belief_bank_facts,hidden,35,27416,belief_bank_constraints,24,1258,25414,629,629,11520,13894,1.1979,3585,0.515444421096869,0.6388020833333333,0.5640591799795388,0.5705314571461798,0.5995800607876302,2323.714,10,2026-09-18T18:12:31.394580+00:00
gemma-2-9b-it,belief_bank_facts,hidden,35,27416,belief_bank_constraints,42,1258,25414,629,629,11520,13894,1.1979,3585,0.4877156535091681,0.9374131944444445,0.5253010151884788,0.6416136890262016,0.649988266817811,2326.066,10,2026-09-18T18:12:31.394580+00:00
gemma-2-9b-it,belief_bank_facts,hidden,35,27416,belief_bank_constraints,64,1258,25414,629,629,11520,13894,1.1876,3585,0.5727031589100554,0.20616319444444445,0.570433619264972,0.30318503861619966,0.6454009611962799,2328.418,10,2026-09-18T18:12:31.394580+00:00
gemma-2-9b-it,belief_bank_facts,hidden,35,27416,belief_bank_constraints,67,1258,25414,629,629,11520,13894,1.1879,3585,0.4770737807419758,0.39739583333333334,0.5293932478161644,0.4336048494032961,0.5246477171400925,2330.766,10,2026-09-18T18:12:31.394580+00:00
gemma-2-9b-it,belief_bank_facts,hidden,35,27416,belief_bank_constraints,104,1258,25414,629,629,11520,13894,1.2083,3585,0.5317454518886535,0.6317708333333333,0.5809002911780908,0.5774586424405919,0.6184134301077204,2333.136,10,2026-09-18T18:12:31.394580+00:00
gemma-2-9b-it,belief_bank_facts,hidden,35,27416,belief_bank_constraints,123,1258,25414,629,629,11520,13894,1.1978,3585,0.4824599815112149,0.8607638888888889,0.5183363500432833,0.6183394132136064,0.5790499971010667,2335.497,10,2026-09-18T18:12:31.394580+00:00
gemma-2-9b-it,belief_bank_facts,hidden,35,27416,belief_bank_constraints,420,1258,25414,629,629,11520,13894,1.2284,3585,0.49349146658952847,0.8885416666666667,0.5360824742268041,0.6345545843407104,0.6534691764680598,2337.888,10,2026-09-18T18:12:31.394580+00:00
gemma-2-9b-it,belief_bank_facts,hidden,35,27416,belief_bank_constraints,511,1258,25414,629,629,11520,13894,1.2182,3585,0.5189681335356601,0.296875,0.5565436373652317,0.37769188293760353,0.5868375125453833,2340.27,10,2026-09-18T18:12:31.394580+00:00
gemma-2-9b-it,belief_bank_facts,hidden,35,27416,belief_bank_constraints,mean,0,0,0,0,0,0,1.20603,3585.0,0.5165721477752856,0.5451302083333334,0.5549893759345244,0.4849279755554061,0.6055129784114446,2691.634,10,2026-09-18T18:12:31.394580+00:00
gemma-2-9b-it,belief_bank_facts,hidden,35,27416,belief_bank_constraints,std,0,0,0,0,0,0,0.01623539651502234,0.0,0.03929851417952359,0.2832162238882162,0.030241316926611705,0.1586310287013739,0.04562215782403143,2691.634,10,2026-09-18T18:12:31.394580+00:00
gemma-2-9b-it,belief_bank_facts,hidden,35,27416,halu_eval,2,1258,10000,629,629,2473,7527,1.2283,3585,0.24785582455759417,0.9231702385766276,0.2882,0.390790825059911,0.5067421657286498,2342.044,10,2026-09-18T18:12:31.394580+00:00
gemma-2-9b-it,belief_bank_facts,hidden,35,27416,halu_eval,4,1258,10000,629,629,2473,7527,1.1982,3585,0.2502360717658168,0.8572583906186818,0.3295,0.3873915029693924,0.5039797422096197,2343.781,10,2026-09-18T18:12:31.394580+00:00
gemma-2-9b-it,belief_bank_facts,hidden,35,27416,halu_eval,24,1258,10000,629,629,2473,7527,1.1978,3585,0.250116495806151,0.8681763040841084,0.3237,0.38835127068825176,0.5081505475019678,2345.519,10,2026-09-18T18:12:31.394580+00:00
gemma-2-9b-it,belief_bank_facts,hidden,35,27416,halu_eval,42,1258,10000,629,629,2473,7527,1.1977,3585,0.24813514699429573,0.914678528103518,0.2935,0.39037017861765466,0.5084224893899955,2347.263,10,2026-09-18T18:12:31.394580+00:00
gemma-2-9b-it,belief_bank_facts,hidden,35,27416,halu_eval,64,1258,10000,629,629,2473,7527,1.1778,3585,0.2503919913158847,0.8394662353416903,0.3388,0.3857302118171683,0.5027980413522506,2348.986,10,2026-09-18T18:12:31.394580+00:00
gemma-2-9b-it,belief_bank_facts,hidden,35,27416,halu_eval,67,1258,10000,629,629,2473,7527,1.1878,3585,0.2475943345226511,0.9260008087343308,0.2858,0.3907183074560655,0.5099486839962736,2350.718,10,2026-09-18T18:12:31.394580+00:00
gemma-2-9b-it,belief_bank_facts,hidden,35,27416,halu_eval,104,1258,10000,629,629,2473,7527,1.2183,3585,0.249002849002849,0.8835422563687828,0.3122,0.3885135135135135,0.499049304697455,2352.482,10,2026-09-18T18:12:31.394580+00:00
gemma-2-9b-it,belief_bank_facts,hidden,35,27416,halu_eval,123,1258,10000,629,629,2473,7527,1.1984,3585,0.246163417669017,0.9599676506267691,0.2631,0.39184616654287363,0.5012601890237872,2354.235,10,2026-09-18T18:12:31.394580+00:00
gemma-2-9b-it,belief_bank_facts,hidden,35,27416,halu_eval,420,1258,10000,629,629,2473,7527,1.2181,3585,0.2504378283712785,0.8095430651031136,0.3537,0.3825355880385975,0.5082284178628322,2356.006,10,2026-09-18T18:12:31.394580+00:00
gemma-2-9b-it,belief_bank_facts,hidden,35,27416,halu_eval,511,1258,10000,629,629,2473,7527,1.2182,3585,0.24955138174422778,0.843509906995552,0.334,0.38515509601181686,0.5103979360781843,2357.767,10,2026-09-18T18:12:31.394580+00:00
gemma-2-9b-it,belief_bank_facts,hidden,35,27416,halu_eval,mean,0,0,0,0,0,0,1.2040599999999997,3585.0,0.24894853417497656,0.8825313384553175,0.31225,0.3881402660715246,0.5058977517841016,2691.634,10,2026-09-18T18:12:31.394580+00:00
gemma-2-9b-it,belief_bank_facts,hidden,35,27416,halu_eval,std,0,0,0,0,0,0,0.015124166092714,0.0,0.001383335537623506,0.04485678702255875,0.027147789965299204,0.0028152170259092392,0.0036871577077370586,2691.634,10,2026-09-18T18:12:31.394580+00:00
gemma-2-9b-it,belief_bank_facts,hidden,36,27416,belief_bank_facts,2,1258,8225,629,629,270,7955,0.3377,3585,0.35724331926863573,0.9407407407407408,0.9424924012158055,0.5178389398572885,0.9829857764741486,2359.357,10,2026-09-18T18:12:31.394580+00:00
gemma-2-9b-it,belief_bank_facts,hidden,36,27416,belief_bank_facts,4,1258,8225,629,629,270,7955,0.3275,3585,0.3837037037037037,0.9592592592592593,0.9480851063829787,0.5481481481481482,0.9839220615964803,2360.203,10,2026-09-18T18:12:31.394580+00:00
gemma-2-9b-it,belief_bank_facts,hidden,36,27416,belief_bank_facts,24,1258,8225,629,629,270,7955,0.2772,3585,0.37375178316690444,0.9703703703703703,0.9456534954407295,0.5396498455200824,0.987947947947948,2360.996,10,2026-09-18T18:12:31.394580+00:00
gemma-2-9b-it,belief_bank_facts,hidden,36,27416,belief_bank_facts,42,1258,8225,629,629,270,7955,0.2874,3585,0.3760806916426513,0.9666666666666667,0.9462613981762918,0.5414937759336099,0.9894210489559327,2361.805,10,2026-09-18T18:12:31.394580+00:00
gemma-2-9b-it,belief_bank_facts,hidden,36,27416,belief_bank_facts,64,1258,8225,629,629,270,7955,0.2975,3585,0.36541143654114366,0.9703703703703703,0.9437082066869301,0.5309017223910841,0.9841483343808926,2362.615,10,2026-09-18T18:12:31.394580+00:00
gemma-2-9b-it,belief_bank_facts,hidden,36,27416,belief_bank_facts,67,1258,8225,629,629,270,7955,0.297,3585,0.3466135458167331,0.9666666666666667,0.9390881458966566,0.5102639296187683,0.9868682636124497,2363.428,10,2026-09-18T18:12:31.394580+00:00
gemma-2-9b-it,belief_bank_facts,hidden,36,27416,belief_bank_facts,104,1258,8225,629,629,270,7955,0.3177,3585,0.3784570596797671,0.9629629629629629,0.9468693009118541,0.5433646812957158,0.9858369997904882,2364.26,10,2026-09-18T18:12:31.394580+00:00
gemma-2-9b-it,belief_bank_facts,hidden,36,27416,belief_bank_facts,123,1258,8225,629,629,270,7955,0.2871,3585,0.39090909090909093,0.9555555555555556,0.9496656534954407,0.5548387096774193,0.9865521335288777,2365.069,10,2026-09-18T18:12:31.394580+00:00
gemma-2-9b-it,belief_bank_facts,hidden,36,27416,belief_bank_facts,420,1258,8225,629,629,270,7955,1.2086,3585,0.387905604719764,0.9740740740740741,0.948693009118541,0.5548523206751055,0.9900309611937519,2366.796,10,2026-09-18T18:12:31.394580+00:00
gemma-2-9b-it,belief_bank_facts,hidden,36,27416,belief_bank_facts,511,1258,8225,629,629,270,7955,1.1979,3585,0.3241206030150754,0.9555555555555556,0.9331306990881459,0.48405253283302063,0.9848816258118583,2368.509,10,2026-09-18T18:12:31.394580+00:00
gemma-2-9b-it,belief_bank_facts,hidden,36,27416,belief_bank_facts,mean,0,0,0,0,0,0,0.48355999999999993,3585.0,0.36841968384634693,0.9622222222222223,0.9443647416413373,0.5325404605950242,0.9862595153292828,2691.634,10,2026-09-18T18:12:31.394580+00:00
gemma-2-9b-it,belief_bank_facts,hidden,36,27416,belief_bank_facts,std,0,0,0,0,0,0,0.36030358366244425,0.0,0.0196947301018442,0.00934038534290257,0.0047977970018722544,0.02133692347168207,0.002241458081607358,2691.634,10,2026-09-18T18:12:31.394580+00:00
gemma-2-9b-it,belief_bank_facts,hidden,36,27416,belief_bank_constraints,2,1258,25414,629,629,11520,13894,1.2384,3585,0.4291845493562232,0.06944444444444445,0.536318564570709,0.1195457262402869,0.4574126346504487,2370.912,10,2026-09-18T18:12:31.394580+00:00
gemma-2-9b-it,belief_bank_facts,hidden,36,27416,belief_bank_constraints,4,1258,25414,629,629,11520,13894,1.2282,3585,0.5293709207054575,0.6618055555555555,0.5799952781931219,0.5882262171128771,0.6056122346976313,2373.3,10,2026-09-18T18:12:31.394580+00:00
gemma-2-9b-it,belief_bank_facts,hidden,36,27416,belief_bank_constraints,24,1258,25414,629,629,11520,13894,1.1879,3585,0.4828511309836928,0.7967881944444445,0.5210513889981899,0.601310186701605,0.5856053597276203,2375.648,10,2026-09-18T18:12:31.394580+00:00
gemma-2-9b-it,belief_bank_facts,hidden,36,27416,belief_bank_constraints,42,1258,25414,629,629,11520,13894,1.1882,3585,0.4874746426381092,0.8969618055555556,0.5258125442669395,0.6316593819726748,0.593942735323401,2377.999,10,2026-09-18T18:12:31.394580+00:00
gemma-2-9b-it,belief_bank_facts,hidden,36,27416,belief_bank_constraints,64,1258,25414,629,629,11520,13894,1.1878,3585,0.5515382887940714,0.21319444444444444,0.5647674510112536,0.3075189382082264,0.6410506870971483,2380.351,10,2026-09-18T18:12:31.394580+00:00
gemma-2-9b-it,belief_bank_facts,hidden,36,27416,belief_bank_constraints,67,1258,25414,629,629,11520,13894,1.1981,3585,0.46952653320622817,0.6413194444444444,0.5089714330683875,0.5421390570537516,0.5162431912556179,2382.708,10,2026-09-18T18:12:31.394580+00:00
gemma-2-9b-it,belief_bank_facts,hidden,36,27416,belief_bank_constraints,104,1258,25414,629,629,11520,13894,1.2283,3585,0.49274221325591694,0.8692708333333333,0.5350987644605336,0.6289608391169174,0.6176391150556595,2385.099,10,2026-09-18T18:12:31.394580+00:00
gemma-2-9b-it,belief_bank_facts,hidden,36,27416,belief_bank_constraints,123,1258,25414,629,629,11520,13894,1.1878,3585,0.4775328634977758,0.8293402777777777,0.5113323365074368,0.6060836743109081,0.5533819616880987,2387.451,10,2026-09-18T18:12:31.394580+00:00
gemma-2-9b-it,belief_bank_facts,hidden,36,27416,belief_bank_constraints,420,1258,25414,629,629,11520,13894,1.2079,3585,0.49209211986681467,0.9236979166666667,0.5332493900999449,0.6421071687183201,0.6624561473877613,2389.821,10,2026-09-18T18:12:31.394580+00:00
gemma-2-9b-it,belief_bank_facts,hidden,36,27416,belief_bank_constraints,511,1258,25414,629,629,11520,13894,1.2087,3585,0.509766029401615,0.6411458333333333,0.5578421342567089,0.5679572455688415,0.5694342044627577,2392.192,10,2026-09-18T18:12:31.394580+00:00
gemma-2-9b-it,belief_bank_facts,hidden,36,27416,belief_bank_constraints,mean,0,0,0,0,0,0,1.2061300000000001,3585.0,0.4922079291705905,0.654296875,0.5374439285433226,0.5235508435004409,0.5802778271346145,2691.634,10,2026-09-18T18:12:31.394580+00:00
gemma-2-9b-it,belief_bank_facts,hidden,36,27416,belief_bank_constraints,std,0,0,0,0,0,0,0.018493136564682586,0.0,0.031656703271506444,0.27670244400083444,0.022122708050647928,0.16312657116133733,0.05721598468590202,2691.634,10,2026-09-18T18:12:31.394580+00:00
gemma-2-9b-it,belief_bank_facts,hidden,36,27416,halu_eval,2,1258,10000,629,629,2473,7527,1.2483,3585,0.248246087425796,0.9300444803881924,0.2862,0.39188958936786505,0.5061235543417199,2393.985,10,2026-09-18T18:12:31.394580+00:00
gemma-2-9b-it,belief_bank_facts,hidden,36,27416,halu_eval,4,1258,10000,629,629,2473,7527,1.2282,3585,0.24884845693228927,0.8738374443995147,0.3165,0.3873801201039706,0.5066527182289331,2395.756,10,2026-09-18T18:12:31.394580+00:00
gemma-2-9b-it,belief_bank_facts,hidden,36,27416,halu_eval,24,1258,10000,629,629,2473,7527,1.1779,3585,0.25061978814514313,0.8993125758188435,0.3101,0.39199788490349874,0.507411598337641,2397.477,10,2026-09-18T18:12:31.394580+00:00
gemma-2-9b-it,belief_bank_facts,hidden,36,27416,halu_eval,42,1258,10000,629,629,2473,7527,1.1979,3585,0.24788404570461278,0.9474322684997978,0.2761,0.3929559748427673,0.508642535611521,2399.219,10,2026-09-18T18:12:31.394580+00:00
gemma-2-9b-it,belief_bank_facts,hidden,36,27416,halu_eval,64,1258,10000,629,629,2473,7527,1.1876,3585,0.2493722894316366,0.8835422563687828,0.3135,0.38896306186025814,0.5066609914511291,2400.948,10,2026-09-18T18:12:31.394580+00:00
gemma-2-9b-it,belief_bank_facts,hidden,36,27416,halu_eval,67,1258,10000,629,629,2473,7527,1.1979,3585,0.24727772491806746,0.9458147998382531,0.2746,0.39205497820985585,0.5085010581397467,2402.684,10,2026-09-18T18:12:31.394580+00:00
gemma-2-9b-it,belief_bank_facts,hidden,36,27416,halu_eval,104,1258,10000,629,629,2473,7527,1.2182,3585,0.24753227031131358,0.9227658714112414,0.2872,0.3903523776941498,0.49888534447575195,2404.445,10,2026-09-18T18:12:31.394580+00:00
gemma-2-9b-it,belief_bank_facts,hidden,36,27416,halu_eval,123,1258,10000,629,629,2473,7527,1.188,3585,0.2472555658151226,0.9745248685806712,0.26,0.3944353518821604,0.501794134188763,2406.175,10,2026-09-18T18:12:31.394580+00:00
gemma-2-9b-it,belief_bank_facts,hidden,36,27416,halu_eval,420,1258,10000,629,629,2473,7527,1.218,3585,0.2503268750742898,0.8515972503032754,0.3326,0.3869189785045012,0.510323369633976,2407.937,10,2026-09-18T18:12:31.394580+00:00
gemma-2-9b-it,belief_bank_facts,hidden,36,27416,halu_eval,511,1258,10000,629,629,2473,7527,1.1978,3585,0.2482989403234802,0.9001213101496158,0.3014,0.38922888616891066,0.5063228637855332,2409.679,10,2026-09-18T18:12:31.394580+00:00
gemma-2-9b-it,belief_bank_facts,hidden,36,27416,halu_eval,mean,0,0,0,0,0,0,1.2059799999999998,3585.0,0.24856620440817517,0.9128993125758189,0.2958200000000001,0.3906177203537938,0.5061318168194715,2691.634,10,2026-09-18T18:12:31.394580+00:00
gemma-2-9b-it,belief_bank_facts,hidden,36,27416,halu_eval,std,0,0,0,0,0,0,0.020556254522650762,0.0,0.0011459853845741132,0.03599785432103652,0.021487568499018214,0.0023351631239665596,0.0032099649893958344,2691.634,10,2026-09-18T18:12:31.394580+00:00
gemma-2-9b-it,belief_bank_facts,hidden,37,27416,belief_bank_facts,2,1258,8225,629,629,270,7955,1.2281,3585,0.358356940509915,0.937037037037037,0.9428571428571428,0.5184426229508197,0.9827059617757293,2412.19,10,2026-09-18T18:12:31.394580+00:00
gemma-2-9b-it,belief_bank_facts,hidden,37,27416,belief_bank_facts,4,1258,8225,629,629,270,7955,1.208,3585,0.37337192474674386,0.9555555555555556,0.9458966565349544,0.5369406867845994,0.9833824522196615,2413.921,10,2026-09-18T18:12:31.394580+00:00
gemma-2-9b-it,belief_bank_facts,hidden,37,27416,belief_bank_facts,24,1258,8225,629,629,270,7955,1.208,3585,0.36984352773826457,0.9629629629629629,0.9449240121580547,0.5344295991778006,0.9871206089810741,2415.649,10,2026-09-18T18:12:31.394580+00:00
gemma-2-9b-it,belief_bank_facts,hidden,37,27416,belief_bank_facts,42,1258,8225,629,629,270,7955,1.1881,3585,0.3726618705035971,0.9592592592592593,0.9456534954407295,0.5367875647668394,0.988498265707568,2417.352,10,2026-09-18T18:12:31.394580+00:00
gemma-2-9b-it,belief_bank_facts,hidden,37,27416,belief_bank_facts,64,1258,8225,629,629,270,7955,1.1979,3585,0.36775106082036774,0.9629629629629629,0.9444376899696049,0.5322415557830092,0.9834820867379006,2419.071,10,2026-09-18T18:12:31.394580+00:00
gemma-2-9b-it,belief_bank_facts,hidden,37,27416,belief_bank_facts,67,1258,8225,629,629,270,7955,1.1978,3585,0.34346103038309117,0.9629629629629629,0.9383586626139817,0.5063291139240507,0.9862886141955909,2420.786,10,2026-09-18T18:12:31.394580+00:00
gemma-2-9b-it,belief_bank_facts,hidden,37,27416,belief_bank_facts,104,1258,8225,629,629,270,7955,1.228,3585,0.37142857142857144,0.9629629629629629,0.9452887537993921,0.5360824742268041,0.9855283190166911,2422.527,10,2026-09-18T18:12:31.394580+00:00
gemma-2-9b-it,belief_bank_facts,hidden,37,27416,belief_bank_facts,123,1258,8225,629,629,270,7955,1.218,3585,0.38291605301914583,0.9629629629629629,0.9478419452887538,0.547945205479452,0.9860153176432247,2424.258,10,2026-09-18T18:12:31.394580+00:00
gemma-2-9b-it,belief_bank_facts,hidden,37,27416,belief_bank_facts,420,1258,8225,629,629,270,7955,1.2082,3585,0.3781021897810219,0.9592592592592593,0.9468693009118541,0.5424083769633508,0.9888195171916102,2425.987,10,2026-09-18T18:12:31.394580+00:00
gemma-2-9b-it,belief_bank_facts,hidden,37,27416,belief_bank_facts,511,1258,8225,629,629,270,7955,1.2075,3585,0.3177914110429448,0.9592592592592593,0.931063829787234,0.4774193548387097,0.9843145471052448,2427.713,10,2026-09-18T18:12:31.394580+00:00
gemma-2-9b-it,belief_bank_facts,hidden,37,27416,belief_bank_facts,mean,0,0,0,0,0,0,1.2089599999999998,3585.0,0.3635684579973663,0.9585185185185183,0.9433191489361704,0.5269026554895435,0.9856155690574295,2691.634,10,2026-09-18T18:12:31.394580+00:00
gemma-2-9b-it,belief_bank_facts,hidden,37,27416,belief_bank_facts,std,0,0,0,0,0,0,0.012235783587494517,0.0,0.018466227393360075,0.007554102983100415,0.004773581148950492,0.01998638893918769,0.002028738532367235,2691.634,10,2026-09-18T18:12:31.394580+00:00
gemma-2-9b-it,belief_bank_facts,hidden,37,27416,belief_bank_constraints,2,1258,25414,629,629,11520,13894,1.2275,3585,0.36409865242817185,0.12430555555555556,0.5046431100967971,0.18533618067689123,0.4762796540872959,2430.102,10,2026-09-18T18:12:31.394580+00:00
gemma-2-9b-it,belief_bank_facts,hidden,37,27416,belief_bank_constraints,4,1258,25414,629,629,11520,13894,1.2078,3585,0.5184582585278277,0.8021701388888889,0.5725977807507673,0.6298391494002181,0.6263847966448347,2432.471,10,2026-09-18T18:12:31.394580+00:00
gemma-2-9b-it,belief_bank_facts,hidden,37,27416,belief_bank_constraints,24,1258,25414,629,629,11520,13894,1.208,3585,0.4751806324481561,0.8791666666666667,0.505075942393956,0.6169214838277396,0.5832154891999743,2434.845,10,2026-09-18T18:12:31.394580+00:00
gemma-2-9b-it,belief_bank_facts,hidden,37,27416,belief_bank_constraints,42,1258,25414,629,629,11520,13894,1.188,3585,0.47542970948608043,0.9532118055555555,0.5020461163138428,0.6344281711297918,0.585926135432161,2437.193,10,2026-09-18T18:12:31.394580+00:00
gemma-2-9b-it,belief_bank_facts,hidden,37,27416,belief_bank_constraints,64,1258,25414,629,629,11520,13894,1.2081,3585,0.5539081090975655,0.7880208333333333,0.6162351459825293,0.6505428356444157,0.6814115280576747,2439.557,10,2026-09-18T18:12:31.394580+00:00
gemma-2-9b-it,belief_bank_facts,hidden,37,27416,belief_bank_constraints,67,1258,25414,629,629,11520,13894,1.1977,3585,0.46548456957227935,0.8955729166666667,0.4865035020067679,0.6125757035981475,0.5309679412976025,2441.909,10,2026-09-18T18:12:31.394580+00:00
gemma-2-9b-it,belief_bank_facts,hidden,37,27416,belief_bank_constraints,104,1258,25414,629,629,11520,13894,1.208,3585,0.472713459671633,0.9722222222222222,0.49582907059101283,0.6361287024678386,0.6466008821253779,2444.302,10,2026-09-18T18:12:31.394580+00:00
gemma-2-9b-it,belief_bank_facts,hidden,37,27416,belief_bank_constraints,123,1258,25414,629,629,11520,13894,1.2183,3585,0.47207263340602607,0.9207465277777778,0.49732430943574407,0.6241431051222455,0.5488289184580074,2446.682,10,2026-09-18T18:12:31.394580+00:00
gemma-2-9b-it,belief_bank_facts,hidden,37,27416,belief_bank_constraints,420,1258,25414,629,629,11520,13894,1.2081,3585,0.4791621679982725,0.9631076388888888,0.5087353427244826,0.639942321557318,0.6577730895030628,2449.053,10,2026-09-18T18:12:31.394580+00:00
gemma-2-9b-it,belief_bank_facts,hidden,37,27416,belief_bank_constraints,511,1258,25414,629,629,11520,13894,1.208,3585,0.4986884290294375,0.7426215277777778,0.5449358621232392,0.5966870095902354,0.5713634382547224,2451.421,10,2026-09-18T18:12:31.394580+00:00
gemma-2-9b-it,belief_bank_facts,hidden,37,27416,belief_bank_constraints,mean,0,0,0,0,0,0,1.2079499999999999,3585.0,0.477519662166545,0.8041145833333335,0.5233926182419139,0.5826544663014841,0.5908751873060712,2691.634,10,2026-09-18T18:12:31.394580+00:00
gemma-2-9b-it,belief_bank_facts,hidden,37,27416,belief_bank_constraints,std,0,0,0,0,0,0,0.009962253761072355,0.0,0.045862572521897314,0.23865328487970464,0.039576079456420776,0.13323163372928035,0.059992682267225816,2691.634,10,2026-09-18T18:12:31.394580+00:00
gemma-2-9b-it,belief_bank_facts,hidden,37,27416,halu_eval,2,1258,10000,629,629,2473,7527,1.2281,3585,0.248619980517372,0.9288313788920339,0.2882,0.39224726775956287,0.5047477819571876,2453.195,10,2026-09-18T18:12:31.394580+00:00
gemma-2-9b-it,belief_bank_facts,hidden,37,27416,halu_eval,4,1258,10000,629,629,2473,7527,1.2078,3585,0.24949982346710603,0.8572583906186818,0.327,0.3865086599817685,0.5067777835618703,2454.948,10,2026-09-18T18:12:31.394580+00:00
gemma-2-9b-it,belief_bank_facts,hidden,37,27416,halu_eval,24,1258,10000,629,629,2473,7527,1.2179,3585,0.2512411961667244,0.8799029518803073,0.3218,0.3908747979162924,0.5105627827165512,2456.71,10,2026-09-18T18:12:31.394580+00:00
gemma-2-9b-it,belief_bank_facts,hidden,37,27416,halu_eval,42,1258,10000,629,629,2473,7527,1.1979,3585,0.2480887261763756,0.9316619490497372,0.2848,0.39183673469387753,0.5097873830245621,2458.449,10,2026-09-18T18:12:31.394580+00:00
gemma-2-9b-it,belief_bank_facts,hidden,37,27416,halu_eval,64,1258,10000,629,629,2473,7527,1.1978,3585,0.24956186470382055,0.8637282652648605,0.324,0.38723712835387963,0.5055289567880472,2460.189,10,2026-09-18T18:12:31.394580+00:00
gemma-2-9b-it,belief_bank_facts,hidden,37,27416,halu_eval,67,1258,10000,629,629,2473,7527,1.1878,3585,0.2479159900400563,0.9260008087343308,0.287,0.39111870196413323,0.507249679560376,2461.921,10,2026-09-18T18:12:31.394580+00:00
gemma-2-9b-it,belief_bank_facts,hidden,37,27416,halu_eval,104,1258,10000,629,629,2473,7527,1.2183,3585,0.24740578918623704,0.9158916295996765,0.2902,0.3895768833849329,0.5038116185157077,2463.685,10,2026-09-18T18:12:31.394580+00:00
gemma-2-9b-it,belief_bank_facts,hidden,37,27416,halu_eval,123,1258,10000,629,629,2473,7527,1.2283,3585,0.2475257731958763,0.9708855640921957,0.2629,0.39447958596894767,0.5036131954885582,2465.456,10,2026-09-18T18:12:31.394580+00:00
gemma-2-9b-it,belief_bank_facts,hidden,37,27416,halu_eval,420,1258,10000,629,629,2473,7527,1.208,3585,0.25022410039697784,0.7901334411645774,0.3626,0.3800816961680607,0.509328380359349,2467.209,10,2026-09-18T18:12:31.394580+00:00
gemma-2-9b-it,belief_bank_facts,hidden,37,27416,halu_eval,511,1258,10000,629,629,2473,7527,1.2182,3585,0.24929625042224976,0.8952689041649818,0.3074,0.3899947155187599,0.50734350542119,2468.969,10,2026-09-18T18:12:31.394580+00:00
gemma-2-9b-it,belief_bank_facts,hidden,37,27416,halu_eval,mean,0,0,0,0,0,0,1.2110100000000001,3585.0,0.2489379494272796,0.8959563283461384,0.30559,0.38939561717102156,0.50687510673934,2691.634,10,2026-09-18T18:12:31.394580+00:00
gemma-2-9b-it,belief_bank_facts,hidden,37,27416,halu_eval,std,0,0,0,0,0,0,0.012836545485448951,0.0,0.001183255011863344,0.04823171471066247,0.027300199632969712,0.003810894881330529,0.0023415953573947437,2691.634,10,2026-09-18T18:12:31.394580+00:00
gemma-2-9b-it,belief_bank_facts,hidden,38,27416,belief_bank_facts,2,1258,8225,629,629,270,7955,1.2281,3585,0.3506311360448808,0.9259259259259259,0.9412765957446808,0.508646998982706,0.9793505133040018,2471.476,10,2026-09-18T18:12:31.394580+00:00
gemma-2-9b-it,belief_bank_facts,hidden,38,27416,belief_bank_facts,4,1258,8225,629,629,270,7955,1.2081,3585,0.3627311522048364,0.9444444444444444,0.9437082066869301,0.5241521068859198,0.9836352631701468,2473.206,10,2026-09-18T18:12:31.394580+00:00
gemma-2-9b-it,belief_bank_facts,hidden,38,27416,belief_bank_facts,24,1258,8225,629,629,270,7955,1.2078,3585,0.35900962861072905,0.9666666666666667,0.9422492401215805,0.5235707121364093,0.986865470121284,2474.933,10,2026-09-18T18:12:31.394580+00:00
gemma-2-9b-it,belief_bank_facts,hidden,38,27416,belief_bank_facts,42,1258,8225,629,629,270,7955,1.2081,3585,0.3686440677966102,0.9666666666666667,0.9445592705167173,0.5337423312883436,0.9880648089950415,2476.658,10,2026-09-18T18:12:31.394580+00:00
gemma-2-9b-it,belief_bank_facts,hidden,38,27416,belief_bank_facts,64,1258,8225,629,629,270,7955,1.1977,3585,0.35704514363885087,0.9666666666666667,0.9417629179331307,0.5214785214785215,0.9826347277510069,2478.375,10,2026-09-18T18:12:31.394580+00:00
gemma-2-9b-it,belief_bank_facts,hidden,38,27416,belief_bank_facts,67,1258,8225,629,629,270,7955,1.1979,3585,0.3333333333333333,0.9703703703703703,0.9353191489361702,0.4962121212121212,0.9861624415112787,2480.102,10,2026-09-18T18:12:31.394580+00:00
gemma-2-9b-it,belief_bank_facts,hidden,38,27416,belief_bank_facts,104,1258,8225,629,629,270,7955,1.1979,3585,0.3692528735632184,0.9518518518518518,0.9450455927051672,0.5320910973084886,0.9850799636846149,2481.822,10,2026-09-18T18:12:31.394580+00:00
gemma-2-9b-it,belief_bank_facts,hidden,38,27416,belief_bank_facts,123,1258,8225,629,629,270,7955,1.2181,3585,0.37738619676945667,0.9518518518518518,0.9468693009118541,0.5404837013669821,0.9862564890471867,2483.557,10,2026-09-18T18:12:31.394580+00:00
gemma-2-9b-it,belief_bank_facts,hidden,38,27416,belief_bank_facts,420,1258,8225,629,629,270,7955,1.2282,3585,0.3805309734513274,0.9555555555555556,0.9474772036474164,0.5443037974683544,0.9883795423330307,2485.308,10,2026-09-18T18:12:31.394580+00:00
gemma-2-9b-it,belief_bank_facts,hidden,38,27416,belief_bank_facts,511,1258,8225,629,629,270,7955,1.218,3585,0.30327868852459017,0.9592592592592593,0.926322188449848,0.4608540925266904,0.9846572153548896,2487.049,10,2026-09-18T18:12:31.394580+00:00
gemma-2-9b-it,belief_bank_facts,hidden,38,27416,belief_bank_facts,mean,0,0,0,0,0,0,1.21099,3585.0,0.35618431939378337,0.9559259259259258,0.9414589665653494,0.5185535480654537,0.9851086435272481,2691.634,10,2026-09-18T18:12:31.394580+00:00
gemma-2-9b-it,belief_bank_facts,hidden,38,27416,belief_bank_facts,std,0,0,0,0,0,0,0.011112285993439872,0.0,0.02184469547443702,0.01277106640708642,0.0060049591021133575,0.023557480440678156,0.0025807742059623835,2691.634,10,2026-09-18T18:12:31.394580+00:00
gemma-2-9b-it,belief_bank_facts,hidden,38,27416,belief_bank_constraints,2,1258,25414,629,629,11520,13894,1.2085,3585,0.38042502244836873,0.11032986111111111,0.5152671755725191,0.17105174618127986,0.5156187960330598,2489.427,10,2026-09-18T18:12:31.394580+00:00
gemma-2-9b-it,belief_bank_facts,hidden,38,27416,belief_bank_constraints,4,1258,25414,629,629,11520,13894,1.208,3585,0.5570915756511112,0.6331597222222223,0.6055323837255057,0.5926949173201154,0.6401229972370168,2491.796,10,2026-09-18T18:12:31.394580+00:00
gemma-2-9b-it,belief_bank_facts,hidden,38,27416,belief_bank_constraints,24,1258,25414,629,629,11520,13894,0.3074,3585,0.4753642250101174,0.8157118055555556,0.5083812072086251,0.6006775760675019,0.5631066704952576,2493.267,10,2026-09-18T18:12:31.394580+00:00
gemma-2-9b-it,belief_bank_facts,hidden,38,27416,belief_bank_constraints,42,1258,25414,629,629,11520,13894,0.3174,3585,0.47242623093303204,0.9436631944444445,0.49677343196663254,0.6296371376444354,0.5463232655382819,2494.751,10,2026-09-18T18:12:31.394580+00:00
gemma-2-9b-it,belief_bank_facts,hidden,38,27416,belief_bank_constraints,64,1258,25414,629,629,11520,13894,0.2975,3585,0.5719128739723706,0.5857638888888889,0.6134807586369717,0.5787555212487671,0.6452254320410089,2496.207,10,2026-09-18T18:12:31.394580+00:00
gemma-2-9b-it,belief_bank_facts,hidden,38,27416,belief_bank_constraints,67,1258,25414,629,629,11520,13894,0.2876,3585,0.4631560577636229,0.9215277777777777,0.4802471078932872,0.6164745506808745,0.5359266352482287,2497.655,10,2026-09-18T18:12:31.394580+00:00
gemma-2-9b-it,belief_bank_facts,hidden,38,27416,belief_bank_constraints,104,1258,25414,629,629,11520,13894,0.3074,3585,0.4840687969751464,0.9112847222222222,0.5195168017628079,0.6322763272803927,0.6297109476212754,2499.13,10,2026-09-18T18:12:31.394580+00:00
gemma-2-9b-it,belief_bank_facts,hidden,38,27416,belief_bank_constraints,123,1258,25414,629,629,11520,13894,0.3176,3585,0.47907226329596947,0.6974826388888888,0.5190839694656488,0.5680050897780291,0.5256482114581834,2500.611,10,2026-09-18T18:12:31.394580+00:00
gemma-2-9b-it,belief_bank_facts,hidden,38,27416,belief_bank_constraints,420,1258,25414,629,629,11520,13894,0.3177,3585,0.473309458605435,0.9751736111111111,0.4968521287479342,0.637299673805134,0.6570497806807095,2502.095,10,2026-09-18T18:12:31.394580+00:00
gemma-2-9b-it,belief_bank_facts,hidden,38,27416,belief_bank_constraints,511,1258,25414,629,629,11520,13894,0.3073,3585,0.49434077699602325,0.7013888888888888,0.539427087432124,0.5799389915664812,0.5610460163159957,2503.568,10,2026-09-18T18:12:31.394580+00:00
gemma-2-9b-it,belief_bank_facts,hidden,38,27416,belief_bank_constraints,mean,0,0,0,0,0,0,0.48764,3585.0,0.4851167281651197,0.729548611111111,0.5294562052412057,0.5606811531573012,0.5819778752669018,2691.634,10,2026-09-18T18:12:31.394580+00:00
gemma-2-9b-it,belief_bank_facts,hidden,38,27416,belief_bank_constraints,std,0,0,0,0,0,0,0.36041603515936965,0.0,0.04967379825662667,0.2446840262749499,0.04283889920853898,0.1319283724448558,0.05201743672852322,2691.634,10,2026-09-18T18:12:31.394580+00:00
gemma-2-9b-it,belief_bank_facts,hidden,38,27416,halu_eval,2,1258,10000,629,629,2473,7527,1.208,3585,0.24761067779852797,0.9114435907804286,0.2932,0.389426399447132,0.5034865453500704,2505.325,10,2026-09-18T18:12:31.394580+00:00
gemma-2-9b-it,belief_bank_facts,hidden,38,27416,halu_eval,4,1258,10000,629,629,2473,7527,1.218,3585,0.2507065473386717,0.8608976951071573,0.3293,0.3883264933880529,0.505763776620637,2507.088,10,2026-09-18T18:12:31.394580+00:00
gemma-2-9b-it,belief_bank_facts,hidden,38,27416,halu_eval,24,1258,10000,629,629,2473,7527,1.208,3585,0.2502826136106715,0.8952689041649818,0.3109,0.3912006360985953,0.5062933702856266,2508.839,10,2026-09-18T18:12:31.394580+00:00
gemma-2-9b-it,belief_bank_facts,hidden,38,27416,halu_eval,42,1258,10000,629,629,2473,7527,1.2181,3585,0.2490206458443621,0.9510715729882734,0.2786,0.3946970968283269,0.5094185262479525,2510.597,10,2026-09-18T18:12:31.394580+00:00
gemma-2-9b-it,belief_bank_facts,hidden,38,27416,halu_eval,64,1258,10000,629,629,2473,7527,1.2081,3585,0.24986155720456307,0.912252325111201,0.301,0.3922796035472092,0.5053302114275655,2512.35,10,2026-09-18T18:12:31.394580+00:00
gemma-2-9b-it,belief_bank_facts,hidden,38,27416,halu_eval,67,1258,10000,629,629,2473,7527,1.188,3585,0.2483681112894596,0.938536190861302,0.2824,0.3927906583178203,0.5117211144073276,2514.083,10,2026-09-18T18:12:31.394580+00:00
gemma-2-9b-it,belief_bank_facts,hidden,38,27416,halu_eval,104,1258,10000,629,629,2473,7527,1.1979,3585,0.24709890343873098,0.938536190861302,0.2776,0.3912017529074667,0.5069586662835198,2515.826,10,2026-09-18T18:12:31.394580+00:00
gemma-2-9b-it,belief_bank_facts,hidden,38,27416,halu_eval,123,1258,10000,629,629,2473,7527,1.218,3585,0.24796251018744905,0.9842296805499393,0.2579,0.3961266173000244,0.5030185173515525,2517.592,10,2026-09-18T18:12:31.394580+00:00
gemma-2-9b-it,belief_bank_facts,hidden,38,27416,halu_eval,420,1258,10000,629,629,2473,7527,1.2179,3585,0.2518608907870653,0.8346138293570562,0.346,0.38695163104611924,0.5081910809185061,2519.357,10,2026-09-18T18:12:31.394580+00:00
gemma-2-9b-it,belief_bank_facts,hidden,38,27416,halu_eval,511,1258,10000,629,629,2473,7527,1.2179,3585,0.24873042742276766,0.9506672058228872,0.2777,0.3942976939203354,0.5082556818905237,2521.121,10,2026-09-18T18:12:31.394580+00:00
gemma-2-9b-it,belief_bank_facts,hidden,38,27416,halu_eval,mean,0,0,0,0,0,0,1.20999,3585.0,0.2491502884922269,0.9177517185604529,0.29546,0.3917298582801082,0.5068437490783281,2691.634,10,2026-09-18T18:12:31.394580+00:00
gemma-2-9b-it,belief_bank_facts,hidden,38,27416,halu_eval,std,0,0,0,0,0,0,0.009800249996811315,0.0,0.0014265924607403172,0.04265765038103235,0.02544327809068634,0.0027647157723810056,0.0025279141901015435,2691.634,10,2026-09-18T18:12:31.394580+00:00
gemma-2-9b-it,belief_bank_facts,hidden,39,27416,belief_bank_facts,2,1258,8225,629,629,270,7955,1.218,3585,0.35624123422159887,0.9407407407407408,0.9422492401215805,0.5167853509664293,0.9832022720394813,2523.551,10,2026-09-18T18:12:31.394580+00:00
gemma-2-9b-it,belief_bank_facts,hidden,39,27416,belief_bank_facts,4,1258,8225,629,629,270,7955,1.2081,3585,0.3710144927536232,0.9481481481481482,0.945531914893617,0.5333333333333333,0.9851740112205227,2525.28,10,2026-09-18T18:12:31.394580+00:00
gemma-2-9b-it,belief_bank_facts,hidden,39,27416,belief_bank_facts,24,1258,8225,629,629,270,7955,1.2078,3585,0.3668061366806137,0.9740740740740741,0.9439513677811551,0.5329280648429585,0.9879144260539608,2527.007,10,2026-09-18T18:12:31.394580+00:00
gemma-2-9b-it,belief_bank_facts,hidden,39,27416,belief_bank_facts,42,1258,8225,629,629,270,7955,1.1983,3585,0.369472182596291,0.9592592592592593,0.9449240121580547,0.533470648815654,0.9888535046674581,2528.722,10,2026-09-18T18:12:31.394580+00:00
gemma-2-9b-it,belief_bank_facts,hidden,39,27416,belief_bank_facts,64,1258,8225,629,629,270,7955,1.1878,3585,0.3503355704697987,0.9666666666666667,0.9400607902735563,0.5142857142857142,0.9829475987615524,2530.431,10,2026-09-18T18:12:31.394580+00:00
gemma-2-9b-it,belief_bank_facts,hidden,39,27416,belief_bank_facts,67,1258,8225,629,629,270,7955,1.1877,3585,0.3460526315789474,0.9740740740740741,0.9387234042553192,0.5106796116504855,0.9871909118420747,2532.141,10,2026-09-18T18:12:31.394580+00:00
gemma-2-9b-it,belief_bank_facts,hidden,39,27416,belief_bank_facts,104,1258,8225,629,629,270,7955,1.2079,3585,0.37445573294629897,0.9555555555555556,0.9461398176291793,0.5380604796663191,0.9866280233722093,2533.868,10,2026-09-18T18:12:31.394580+00:00
gemma-2-9b-it,belief_bank_facts,hidden,39,27416,belief_bank_facts,123,1258,8225,629,629,270,7955,1.2078,3585,0.3766617429837518,0.9444444444444444,0.9468693009118541,0.5385427666314678,0.9863044439788625,2535.587,10,2026-09-18T18:12:31.394580+00:00
gemma-2-9b-it,belief_bank_facts,hidden,39,27416,belief_bank_facts,420,1258,8225,629,629,270,7955,1.2078,3585,0.3851851851851852,0.9629629629629629,0.9483282674772037,0.5502645502645502,0.9897111064552926,2537.316,10,2026-09-18T18:12:31.394580+00:00
gemma-2-9b-it,belief_bank_facts,hidden,39,27416,belief_bank_facts,511,1258,8225,629,629,270,7955,1.2079,3585,0.3073286052009456,0.9629629629629629,0.9275379939209727,0.4659498207885305,0.9853686244383919,2539.045,10,2026-09-18T18:12:31.394580+00:00
gemma-2-9b-it,belief_bank_facts,hidden,39,27416,belief_bank_facts,mean,0,0,0,0,0,0,1.20391,3585.0,0.36035535146170544,0.958888888888889,0.9424316109422491,0.5234300341245444,0.9863294922829807,2691.634,10,2026-09-18T18:12:31.394580+00:00
gemma-2-9b-it,belief_bank_facts,hidden,39,27416,belief_bank_facts,std,0,0,0,0,0,0,0.009203743803474761,0.0,0.021102871664808683,0.011043001122870792,0.005723396991474077,0.022463206229686297,0.0021124600259751587,2691.634,10,2026-09-18T18:12:31.394580+00:00
gemma-2-9b-it,belief_bank_facts,hidden,39,27416,belief_bank_constraints,2,1258,25414,629,629,11520,13894,1.2384,3585,0.5393062141252808,0.18758680555555557,0.5591012827575352,0.2783538352547176,0.5733907984361755,2541.455,10,2026-09-18T18:12:31.394580+00:00
gemma-2-9b-it,belief_bank_facts,hidden,39,27416,belief_bank_constraints,4,1258,25414,629,629,11520,13894,1.208,3585,0.5297441818071338,0.7567708333333333,0.5852286141496813,0.6232262215391214,0.6333325648661292,2543.815,10,2026-09-18T18:12:31.394580+00:00
gemma-2-9b-it,belief_bank_facts,hidden,39,27416,belief_bank_constraints,24,1258,25414,629,629,11520,13894,1.1978,3585,0.4758047233294758,0.9636284722222223,0.5022822066577477,0.6370548908209234,0.6160668686423396,2546.171,10,2026-09-18T18:12:31.394580+00:00
gemma-2-9b-it,belief_bank_facts,hidden,39,27416,belief_bank_constraints,42,1258,25414,629,629,11520,13894,1.198,3585,0.46910053354619163,0.9692708333333333,0.48882505705516643,0.6322226311468448,0.5891669740535483,2548.532,10,2026-09-18T18:12:31.394580+00:00
gemma-2-9b-it,belief_bank_facts,hidden,39,27416,belief_bank_constraints,64,1258,25414,629,629,11520,13894,1.1879,3585,0.5402587614621279,0.7467013888888889,0.5971511765168804,0.6269222359886306,0.644594739135998,2550.887,10,2026-09-18T18:12:31.394580+00:00
gemma-2-9b-it,belief_bank_facts,hidden,39,27416,belief_bank_constraints,67,1258,25414,629,629,11520,13894,1.2082,3585,0.4720332915697154,0.9157118055555555,0.4975210513889982,0.6229479154364002,0.5968073249044352,2553.246,10,2026-09-18T18:12:31.394580+00:00
gemma-2-9b-it,belief_bank_facts,hidden,39,27416,belief_bank_constraints,104,1258,25414,629,629,11520,13894,1.208,3585,0.497354751827626,0.89765625,0.5423782167309357,0.6400717999504828,0.6627635592601923,2555.611,10,2026-09-18T18:12:31.394580+00:00
gemma-2-9b-it,belief_bank_facts,hidden,39,27416,belief_bank_constraints,123,1258,25414,629,629,11520,13894,1.2081,3585,0.5012694958287994,0.7197916666666667,0.5483591721098607,0.5909771220868077,0.5531914567938998,2557.98,10,2026-09-18T18:12:31.394580+00:00
gemma-2-9b-it,belief_bank_facts,hidden,39,27416,belief_bank_constraints,420,1258,25414,629,629,11520,13894,1.2181,3585,0.47310870947234585,0.9690104166666667,0.49677343196663254,0.6357966680905596,0.6481421711810054,2560.364,10,2026-09-18T18:12:31.394580+00:00
gemma-2-9b-it,belief_bank_facts,hidden,39,27416,belief_bank_constraints,511,1258,25414,629,629,11520,13894,1.1979,3585,0.4764393268379096,0.9338541666666667,0.5048398520500511,0.6309677419354839,0.605627547812405,2562.719,10,2026-09-18T18:12:31.394580+00:00
gemma-2-9b-it,belief_bank_facts,hidden,39,27416,belief_bank_constraints,mean,0,0,0,0,0,0,1.20704,3585.0,0.49744199898066066,0.8059982638888888,0.5322460061383489,0.5918541062249971,0.6123084005086129,2691.634,10,2026-09-18T18:12:31.394580+00:00
gemma-2-9b-it,belief_bank_facts,hidden,39,27416,belief_bank_constraints,std,0,0,0,0,0,0,0.013141780701259624,0.0,0.027557594247171652,0.2259794956384356,0.03755232478313645,0.10531974994166743,0.03340384250067967,2691.634,10,2026-09-18T18:12:31.394580+00:00
gemma-2-9b-it,belief_bank_facts,hidden,39,27416,halu_eval,2,1258,10000,629,629,2473,7527,1.2179,3585,0.2468057577227883,0.6170642943792964,0.4396,0.3525878003696858,0.49466723676688706,2564.483,10,2026-09-18T18:12:31.394580+00:00
gemma-2-9b-it,belief_bank_facts,hidden,39,27416,halu_eval,4,1258,10000,629,629,2473,7527,1.1979,3585,0.25253500724287786,0.21148402749696724,0.6502,0.230193661971831,0.5018017090220723,2566.225,10,2026-09-18T18:12:31.394580+00:00
gemma-2-9b-it,belief_bank_facts,hidden,39,27416,halu_eval,24,1258,10000,629,629,2473,7527,1.1981,3585,0.24830699774266365,0.9340881520420542,0.2844,0.3923233695652174,0.5061355881194595,2567.969,10,2026-09-18T18:12:31.394580+00:00
gemma-2-9b-it,belief_bank_facts,hidden,39,27416,halu_eval,42,1258,10000,629,629,2473,7527,1.2083,3585,0.24807732280191228,0.9652244237767893,0.2679,0.3947085572550641,0.5102993289396076,2569.724,10,2026-09-18T18:12:31.394580+00:00
gemma-2-9b-it,belief_bank_facts,hidden,39,27416,halu_eval,64,1258,10000,629,629,2473,7527,1.1881,3585,0.24744312252139428,0.9587545491306106,0.2687,0.3933637494815429,0.503643736571795,2571.455,10,2026-09-18T18:12:31.394580+00:00
gemma-2-9b-it,belief_bank_facts,hidden,39,27416,halu_eval,67,1258,10000,629,629,2473,7527,1.1977,3585,0.24782067247820672,0.9656287909421755,0.2667,0.3944173755058221,0.515717134450229,2573.192,10,2026-09-18T18:12:31.394580+00:00
gemma-2-9b-it,belief_bank_facts,hidden,39,27416,halu_eval,104,1258,10000,629,629,2473,7527,1.218,3585,0.2469197469197469,0.5996765062676911,0.4487,0.34980540158037504,0.5005194133039107,2574.956,10,2026-09-18T18:12:31.394580+00:00
gemma-2-9b-it,belief_bank_facts,hidden,39,27416,halu_eval,123,1258,10000,629,629,2473,7527,1.1979,3585,0.2478322242387578,0.9939344925192074,0.2525,0.39673956904204666,0.502268393965039,2576.698,10,2026-09-18T18:12:31.394580+00:00
gemma-2-9b-it,belief_bank_facts,hidden,39,27416,halu_eval,420,1258,10000,629,629,2473,7527,1.2082,3585,0.2517171203256169,0.8002426202992317,0.3623,0.38297048863086597,0.5078180606696873,2578.452,10,2026-09-18T18:12:31.394580+00:00
gemma-2-9b-it,belief_bank_facts,hidden,39,27416,halu_eval,511,1258,10000,629,629,2473,7527,1.1979,3585,0.24707438689325328,0.9818034775576223,0.2556,0.39479674796747966,0.506940320144689,2580.189,10,2026-09-18T18:12:31.394580+00:00
gemma-2-9b-it,belief_bank_facts,hidden,39,27416,halu_eval,mean,0,0,0,0,0,0,1.2029999999999998,3585.0,0.24845323588872179,0.8027901334411647,0.34965999999999997,0.3681906721369931,0.5049810921953377,2691.634,10,2026-09-18T18:12:31.394580+00:00
gemma-2-9b-it,belief_bank_facts,hidden,39,27416,halu_eval,std,0,0,0,0,0,0,0.00924272687035596,0.0,0.001903933125907504,0.24257905364467292,0.12290239379279805,0.0489623502963503,0.005498217819728659,2691.634,10,2026-09-18T18:12:31.394580+00:00
gemma-2-9b-it,belief_bank_facts,hidden,40,27416,belief_bank_facts,2,1258,8225,629,629,270,7955,1.2183,3585,0.3626062322946176,0.9481481481481482,0.9435866261398176,0.5245901639344263,0.984521265451498,2582.697,10,2026-09-18T18:12:31.394580+00:00
gemma-2-9b-it,belief_bank_facts,hidden,40,27416,belief_bank_facts,4,1258,8225,629,629,270,7955,1.218,3585,0.36872309899569583,0.9518518518518518,0.9449240121580547,0.531540847983454,0.9860274227716088,2584.437,10,2026-09-18T18:12:31.394580+00:00
gemma-2-9b-it,belief_bank_facts,hidden,40,27416,belief_bank_facts,24,1258,8225,629,629,270,7955,1.1881,3585,0.35262449528936746,0.9703703703703703,0.9405471124620061,0.5172754195459033,0.9878296901552716,2586.145,10,2026-09-18T18:12:31.394580+00:00
gemma-2-9b-it,belief_bank_facts,hidden,40,27416,belief_bank_facts,42,1258,8225,629,629,270,7955,1.1881,3585,0.36797752808988765,0.9703703703703703,0.9443161094224924,0.5336048879837068,0.9887901855343716,2587.849,10,2026-09-18T18:12:31.394580+00:00
gemma-2-9b-it,belief_bank_facts,hidden,40,27416,belief_bank_facts,64,1258,8225,629,629,270,7955,1.198,3585,0.3516778523489933,0.9703703703703703,0.9403039513677811,0.516256157635468,0.9834048001489861,2589.568,10,2026-09-18T18:12:31.394580+00:00
gemma-2-9b-it,belief_bank_facts,hidden,40,27416,belief_bank_facts,67,1258,8225,629,629,270,7955,1.1777,3585,0.3368010403120936,0.9592592592592593,0.9366565349544073,0.4985563041385948,0.9853951626044649,2591.264,10,2026-09-18T18:12:31.394580+00:00
gemma-2-9b-it,belief_bank_facts,hidden,40,27416,belief_bank_facts,104,1258,8225,629,629,270,7955,1.1978,3585,0.3669985775248933,0.9555555555555556,0.9444376899696049,0.5303186022610483,0.9858127895337199,2592.977,10,2026-09-18T18:12:31.394580+00:00
gemma-2-9b-it,belief_bank_facts,hidden,40,27416,belief_bank_facts,123,1258,8225,629,629,270,7955,1.208,3585,0.3706395348837209,0.9444444444444444,0.945531914893617,0.5323590814196242,0.9860050748422842,2594.698,10,2026-09-18T18:12:31.394580+00:00
gemma-2-9b-it,belief_bank_facts,hidden,40,27416,belief_bank_facts,420,1258,8225,629,629,270,7955,1.2083,3585,0.38144329896907214,0.9592592592592593,0.9475987841945289,0.5458377239199157,0.9893754219335614,2596.43,10,2026-09-18T18:12:31.394580+00:00
gemma-2-9b-it,belief_bank_facts,hidden,40,27416,belief_bank_facts,511,1258,8225,629,629,270,7955,1.1878,3585,0.3084223013048636,0.9629629629629629,0.9279027355623101,0.46720575022461813,0.9837013757943991,2598.134,10,2026-09-18T18:12:31.394580+00:00
gemma-2-9b-it,belief_bank_facts,hidden,40,27416,belief_bank_facts,mean,0,0,0,0,0,0,1.19901,3585.0,0.35679139600132054,0.9592592592592594,0.9415805471124619,0.519754493904676,0.9860863188770164,2691.634,10,2026-09-18T18:12:31.394580+00:00
gemma-2-9b-it,belief_bank_facts,hidden,40,27416,belief_bank_facts,std,0,0,0,0,0,0,0.01311552133923772,0.0,0.019969166898555664,0.008919699687994274,0.005447093457592162,0.021293341778843587,0.0019250690972312506,2691.634,10,2026-09-18T18:12:31.394580+00:00
gemma-2-9b-it,belief_bank_facts,hidden,40,27416,belief_bank_constraints,2,1258,25414,629,629,11520,13894,1.2181,3585,0.5212724178557403,0.34565972222222224,0.5594947666640434,0.4156793152043426,0.5856507680173695,2600.519,10,2026-09-18T18:12:31.394580+00:00
gemma-2-9b-it,belief_bank_facts,hidden,40,27416,belief_bank_constraints,4,1258,25414,629,629,11520,13894,1.218,3585,0.49128525510435056,0.9420138888888889,0.5315574093019596,0.6457794043262222,0.6454410401972074,2602.896,10,2026-09-18T18:12:31.394580+00:00
gemma-2-9b-it,belief_bank_facts,hidden,40,27416,belief_bank_constraints,24,1258,25414,629,629,11520,13894,1.198,3585,0.46802827319799456,0.9886284722222223,0.48548044384984657,0.6352987114408434,0.6456568389082817,2605.256,10,2026-09-18T18:12:31.394580+00:00
gemma-2-9b-it,belief_bank_facts,hidden,40,27416,belief_bank_constraints,42,1258,25414,629,629,11520,13894,1.1779,3585,0.4604909010565219,0.9950520833333333,0.46930825529235853,0.6296103040123033,0.6133667685291813,2607.592,10,2026-09-18T18:12:31.394580+00:00
gemma-2-9b-it,belief_bank_facts,hidden,40,27416,belief_bank_constraints,64,1258,25414,629,629,11520,13894,1.1978,3585,0.5016569592287607,0.8672743055555555,0.5493035334854804,0.6356406667514951,0.65250723671189,2609.955,10,2026-09-18T18:12:31.394580+00:00
gemma-2-9b-it,belief_bank_facts,hidden,40,27416,belief_bank_constraints,67,1258,25414,629,629,11520,13894,1.178,3585,0.46910488363055397,0.9430555555555555,0.49039899268119935,0.6265463248651922,0.6060871692966988,2612.29,10,2026-09-18T18:12:31.394580+00:00
gemma-2-9b-it,belief_bank_facts,hidden,40,27416,belief_bank_constraints,104,1258,25414,629,629,11520,13894,1.1882,3585,0.4807474024273116,0.9559027777777778,0.5120012591485008,0.6397490268982745,0.6663238178350367,2614.642,10,2026-09-18T18:12:31.394580+00:00
gemma-2-9b-it,belief_bank_facts,hidden,40,27416,belief_bank_constraints,123,1258,25414,629,629,11520,13894,1.2179,3585,0.48255865038221596,0.9534722222222223,0.5154639175257731,0.6408027536316434,0.5913990526486254,2617.015,10,2026-09-18T18:12:31.394580+00:00
gemma-2-9b-it,belief_bank_facts,hidden,40,27416,belief_bank_constraints,420,1258,25414,629,629,11520,13894,1.2078,3585,0.4697582308771351,0.9883680555555555,0.4890217990084206,0.6368365121091784,0.6562328875473826,2619.388,10,2026-09-18T18:12:31.394580+00:00
gemma-2-9b-it,belief_bank_facts,hidden,40,27416,belief_bank_constraints,511,1258,25414,629,629,11520,13894,1.1882,3585,0.46692359817042184,0.95703125,0.4852443535059416,0.6276329272458158,0.5818835730951011,2621.736,10,2026-09-18T18:12:31.394580+00:00
gemma-2-9b-it,belief_bank_facts,hidden,40,27416,belief_bank_constraints,mean,0,0,0,0,0,0,1.19899,3585.0,0.48118265719310066,0.8936458333333335,0.5087274730463525,0.6133575946485311,0.6244549152786775,2691.634,10,2026-09-18T18:12:31.394580+00:00
gemma-2-9b-it,belief_bank_facts,hidden,40,27416,belief_bank_constraints,std,0,0,0,0,0,0,0.015107577568889079,0.0,0.017920459613957596,0.18588036165594293,0.02858503264133325,0.06614280468449314,0.030513617337625913,2691.634,10,2026-09-18T18:12:31.394580+00:00
gemma-2-9b-it,belief_bank_facts,hidden,40,27416,halu_eval,2,1258,10000,629,629,2473,7527,1.2382,3585,0.24840830810980064,0.9623938536190861,0.2706,0.3948896631823461,0.5024200517978921,2623.52,10,2026-09-18T18:12:31.394580+00:00
gemma-2-9b-it,belief_bank_facts,hidden,40,27416,halu_eval,4,1258,10000,629,629,2473,7527,1.2082,3585,0.24941588785046728,0.5179943388596846,0.4953,0.33670653173873044,0.5077585364476536,2625.272,10,2026-09-18T18:12:31.394580+00:00
gemma-2-9b-it,belief_bank_facts,hidden,40,27416,halu_eval,24,1258,10000,629,629,2473,7527,1.1879,3585,0.2484375,0.964415689446017,0.2697,0.3950964963140893,0.5062300317858272,2627.006,10,2026-09-18T18:12:31.394580+00:00
gemma-2-9b-it,belief_bank_facts,hidden,40,27416,halu_eval,42,1258,10000,629,629,2473,7527,1.1777,3585,0.24792299898682876,0.9894864536999596,0.2551,0.3965000405087904,0.5106153767719401,2628.725,10,2026-09-18T18:12:31.394580+00:00
gemma-2-9b-it,belief_bank_facts,hidden,40,27416,halu_eval,64,1258,10000,629,629,2473,7527,0.2872,3585,0.24730290456431536,0.9640113222806308,0.2655,0.3936266820771072,0.5071590501717741,2629.56,10,2026-09-18T18:12:31.394580+00:00
gemma-2-9b-it,belief_bank_facts,hidden,40,27416,halu_eval,67,1258,10000,629,629,2473,7527,0.2774,3585,0.2490566037735849,0.9607763849575415,0.2739,0.3955714642470657,0.5132794349023929,2630.382,10,2026-09-18T18:12:31.394580+00:00
gemma-2-9b-it,belief_bank_facts,hidden,40,27416,halu_eval,104,1258,10000,629,629,2473,7527,0.2875,3585,0.2481477385823289,0.9073999191265669,0.2972,0.3897186523098298,0.5075724963926871,2631.217,10,2026-09-18T18:12:31.394580+00:00
gemma-2-9b-it,belief_bank_facts,hidden,40,27416,halu_eval,123,1258,10000,629,629,2473,7527,0.3174,3585,0.24726871805151848,0.997573797007683,0.2484,0.39630522088353415,0.5050402457340392,2632.078,10,2026-09-18T18:12:31.394580+00:00
gemma-2-9b-it,belief_bank_facts,hidden,40,27416,halu_eval,420,1258,10000,629,629,2473,7527,0.3278,3585,0.24993828684275488,0.8188435099069955,0.3475,0.3829787234042553,0.5091628890543175,2632.952,10,2026-09-18T18:12:31.394580+00:00
gemma-2-9b-it,belief_bank_facts,hidden,40,27416,halu_eval,511,1258,10000,629,629,2473,7527,0.2773,3585,0.24739977784509745,0.9906995551961181,0.2524,0.39592760180995473,0.5095979584696064,2633.774,10,2026-09-18T18:12:31.394580+00:00
gemma-2-9b-it,belief_bank_facts,hidden,40,27416,halu_eval,mean,0,0,0,0,0,0,0.65866,3585.0,0.24832987246066968,0.9073594824100283,0.29756000000000005,0.38773210764757027,0.5078836071528129,2691.634,10,2026-09-18T18:12:31.394580+00:00
gemma-2-9b-it,belief_bank_facts,hidden,40,27416,halu_eval,std,0,0,0,0,0,0,0.44495190346822877,0.0,0.0008692989703375271,0.13914607897926656,0.07137568493541761,0.017462410490347774,0.002871584112463321,2691.634,10,2026-09-18T18:12:31.394580+00:00
gemma-2-9b-it,belief_bank_facts,hidden,41,27416,belief_bank_facts,2,1258,8225,629,629,270,7955,0.3273,3585,0.36312056737588655,0.9481481481481482,0.9437082066869301,0.5251282051282051,0.9836329352608423,2635.349,10,2026-09-18T18:12:31.394580+00:00
gemma-2-9b-it,belief_bank_facts,hidden,41,27416,belief_bank_facts,4,1258,8225,629,629,270,7955,0.2975,3585,0.36363636363636365,0.9481481481481482,0.9438297872340425,0.5256673511293635,0.9860106618246154,2636.166,10,2026-09-18T18:12:31.394580+00:00
gemma-2-9b-it,belief_bank_facts,hidden,41,27416,belief_bank_facts,24,1258,8225,629,629,270,7955,1.1878,3585,0.3484646194926569,0.9666666666666667,0.9395744680851064,0.5122669283611384,0.9873757478408642,2637.875,10,2026-09-18T18:12:31.394580+00:00
gemma-2-9b-it,belief_bank_facts,hidden,41,27416,belief_bank_facts,42,1258,8225,629,629,270,7955,1.1981,3585,0.3625,0.9666666666666667,0.9431003039513678,0.5272727272727272,0.9888097399725307,2639.587,10,2026-09-18T18:12:31.394580+00:00
gemma-2-9b-it,belief_bank_facts,hidden,41,27416,belief_bank_facts,64,1258,8225,629,629,270,7955,1.1878,3585,0.35753424657534244,0.9666666666666667,0.9418844984802431,0.522,0.9836492306259749,2641.297,10,2026-09-18T18:12:31.394580+00:00
gemma-2-9b-it,belief_bank_facts,hidden,41,27416,belief_bank_facts,67,1258,8225,629,629,270,7955,1.1979,3585,0.3449197860962567,0.9555555555555556,0.938966565349544,0.5068762278978389,0.9853285843983518,2643.017,10,2026-09-18T18:12:31.394580+00:00
gemma-2-9b-it,belief_bank_facts,hidden,41,27416,belief_bank_facts,104,1258,8225,629,629,270,7955,1.2083,3585,0.37427745664739887,0.9592592592592593,0.9460182370820669,0.5384615384615384,0.9855576506739299,2644.746,10,2026-09-18T18:12:31.394580+00:00
gemma-2-9b-it,belief_bank_facts,hidden,41,27416,belief_bank_facts,123,1258,8225,629,629,270,7955,1.1877,3585,0.37317784256559766,0.9481481481481482,0.9460182370820669,0.5355648535564853,0.9853639686197825,2646.449,10,2026-09-18T18:12:31.394580+00:00
gemma-2-9b-it,belief_bank_facts,hidden,41,27416,belief_bank_facts,420,1258,8225,629,629,270,7955,1.208,3585,0.38772455089820357,0.9592592592592593,0.948936170212766,0.5522388059701493,0.9892329538841167,2648.179,10,2026-09-18T18:12:31.394580+00:00
gemma-2-9b-it,belief_bank_facts,hidden,41,27416,belief_bank_facts,511,1258,8225,629,629,270,7955,1.1878,3585,0.30741626794258375,0.9518518518518518,0.9280243161094225,0.46473779385171793,0.9844216309332589,2649.888,10,2026-09-18T18:12:31.394580+00:00
gemma-2-9b-it,belief_bank_facts,hidden,41,27416,belief_bank_facts,mean,0,0,0,0,0,0,1.0188199999999998,3585.0,0.35827717012302895,0.9570370370370371,0.9420060790273557,0.5210214431629164,0.9859383104034267,2691.634,10,2026-09-18T18:12:31.394580+00:00
gemma-2-9b-it,belief_bank_facts,hidden,41,27416,belief_bank_facts,std,0,0,0,0,0,0,0.3533536947592313,0.0,0.02068160620157871,0.00744435231194139,0.005461660169049545,0.02239030003330083,0.0018674243774796252,2691.634,10,2026-09-18T18:12:31.394580+00:00
gemma-2-9b-it,belief_bank_facts,hidden,41,27416,belief_bank_constraints,2,1258,25414,629,629,11520,13894,1.2181,3585,0.5622821500642085,0.2660590277777778,0.5734240969544345,0.36120440751870836,0.5974058546454906,2652.276,10,2026-09-18T18:12:31.394580+00:00
gemma-2-9b-it,belief_bank_facts,hidden,41,27416,belief_bank_constraints,4,1258,25414,629,629,11520,13894,1.208,3585,0.48988925256691923,0.9484375,0.5289604155190053,0.6460692428229311,0.6632495116797019,2654.644,10,2026-09-18T18:12:31.394580+00:00
gemma-2-9b-it,belief_bank_facts,hidden,41,27416,belief_bank_constraints,24,1258,25414,629,629,11520,13894,1.1878,3585,0.4644983595933412,0.9954861111111111,0.47772881089163455,0.6334336767102101,0.666114182480847,2656.99,10,2026-09-18T18:12:31.394580+00:00
gemma-2-9b-it,belief_bank_facts,hidden,41,27416,belief_bank_constraints,42,1258,25414,629,629,11520,13894,1.1979,3585,0.4613741688494862,0.9938368055555555,0.4712756748248997,0.6301912756295582,0.6305657455556355,2659.354,10,2026-09-18T18:12:31.394580+00:00
gemma-2-9b-it,belief_bank_facts,hidden,41,27416,belief_bank_constraints,64,1258,25414,629,629,11520,13894,1.1979,3585,0.5224564113882145,0.8219618055555555,0.5787361296922956,0.6388476588854406,0.6713774799623738,2661.715,10,2026-09-18T18:12:31.394580+00:00
gemma-2-9b-it,belief_bank_facts,hidden,41,27416,belief_bank_constraints,67,1258,25414,629,629,11520,13894,1.1879,3585,0.4682277236571633,0.9095486111111111,0.49075312819705674,0.6182075638680748,0.5854086446187803,2664.063,10,2026-09-18T18:12:31.394580+00:00
gemma-2-9b-it,belief_bank_facts,hidden,41,27416,belief_bank_constraints,104,1258,25414,629,629,11520,13894,1.1981,3585,0.4937318738890448,0.9162326388888888,0.5361611710081058,0.6416803453097453,0.6616892546043056,2666.426,10,2026-09-18T18:12:31.394580+00:00
gemma-2-9b-it,belief_bank_facts,hidden,41,27416,belief_bank_constraints,123,1258,25414,629,629,11520,13894,1.1879,3585,0.4873062533404596,0.9497395833333333,0.5242779570315574,0.6441186859766866,0.6086284466066487,2668.772,10,2026-09-18T18:12:31.394580+00:00
gemma-2-9b-it,belief_bank_facts,hidden,41,27416,belief_bank_constraints,420,1258,25414,629,629,11520,13894,1.2083,3585,0.47310843974876254,0.9873263888888889,0.49582907059101283,0.6396895475380332,0.6536079097891976,2671.134,10,2026-09-18T18:12:31.394580+00:00
gemma-2-9b-it,belief_bank_facts,hidden,41,27416,belief_bank_constraints,511,1258,25414,629,629,11520,13894,1.2078,3585,0.46491483779619375,0.9690972222222223,0.4804045014558905,0.6283736245180537,0.5724984986774867,2673.491,10,2026-09-18T18:12:31.394580+00:00
gemma-2-9b-it,belief_bank_facts,hidden,41,27416,belief_bank_constraints,mean,0,0,0,0,0,0,1.19997,3585.0,0.4887789470893794,0.8757725694444444,0.5157550956165893,0.6081816028777443,0.6310545528620468,2691.634,10,2026-09-18T18:12:31.394580+00:00
gemma-2-9b-it,belief_bank_facts,hidden,41,27416,belief_bank_constraints,std,0,0,0,0,0,0,0.009876340415356287,0.0,0.03023707597459357,0.20918881233087722,0.036948583844969,0.08271054110643028,0.03533629125811704,2691.634,10,2026-09-18T18:12:31.394580+00:00
gemma-2-9b-it,belief_bank_facts,hidden,41,27416,halu_eval,2,1258,10000,629,629,2473,7527,1.228,3585,0.2478022546281932,0.9688637282652649,0.265,0.3946631526931313,0.5021098596877632,2675.263,10,2026-09-18T18:12:31.394580+00:00
gemma-2-9b-it,belief_bank_facts,hidden,41,27416,halu_eval,4,1258,10000,629,629,2473,7527,1.2084,3585,0.2524486571879937,0.32308936514355036,0.596,0.283433841787868,0.5062972382856142,2677.016,10,2026-09-18T18:12:31.394580+00:00
gemma-2-9b-it,belief_bank_facts,hidden,41,27416,halu_eval,24,1258,10000,629,629,2473,7527,1.1884,3585,0.24755401549123524,0.9822078447230085,0.2573,0.39544159544159546,0.5077410230032645,2678.75,10,2026-09-18T18:12:31.394580+00:00
gemma-2-9b-it,belief_bank_facts,hidden,41,27416,halu_eval,42,1258,10000,629,629,2473,7527,1.1879,3585,0.24822910342036025,0.9919126566922766,0.2551,0.39708619991906113,0.5126462916543979,2680.482,10,2026-09-18T18:12:31.394580+00:00
gemma-2-9b-it,belief_bank_facts,hidden,41,27416,halu_eval,64,1258,10000,629,629,2473,7527,1.1779,3585,0.2477767555964428,0.9801860088960777,0.2592,0.39556135770234985,0.5091999573875334,2682.205,10,2026-09-18T18:12:31.394580+00:00
gemma-2-9b-it,belief_bank_facts,hidden,41,27416,halu_eval,67,1258,10000,629,629,2473,7527,1.1878,3585,0.2485916214278398,0.9813991103922362,0.2618,0.3966982674076496,0.5119838966564955,2683.937,10,2026-09-18T18:12:31.394580+00:00
gemma-2-9b-it,belief_bank_facts,hidden,41,27416,halu_eval,104,1258,10000,629,629,2473,7527,1.198,3585,0.2490969899665552,0.7529316619490497,0.3776,0.3743466023321271,0.5051106755671496,2685.68,10,2026-09-18T18:12:31.394580+00:00
gemma-2-9b-it,belief_bank_facts,hidden,41,27416,halu_eval,123,1258,10000,629,629,2473,7527,1.198,3585,0.24744769028606084,0.9898908208653457,0.253,0.39592430858806404,0.5022266517985045,2687.42,10,2026-09-18T18:12:31.394580+00:00
gemma-2-9b-it,belief_bank_facts,hidden,41,27416,halu_eval,420,1258,10000,629,629,2473,7527,1.208,3585,0.2510070493454179,0.8063081277800243,0.3571,0.3828357492560238,0.51038001971713,2689.17,10,2026-09-18T18:12:31.394580+00:00
gemma-2-9b-it,belief_bank_facts,hidden,41,27416,halu_eval,511,1258,10000,629,629,2473,7527,1.1976,3585,0.24738535800482703,0.9947432268499797,0.2503,0.3962309736651365,0.5119931368786884,2690.903,10,2026-09-18T18:12:31.394580+00:00
gemma-2-9b-it,belief_bank_facts,hidden,41,27416,halu_eval,mean,0,0,0,0,0,0,1.198,3585.0,0.2487339495354926,0.8771532551556813,0.31324,0.3812222048793007,0.5079688750636542,2691.634,10,2026-09-18T18:12:31.394580+00:00
gemma-2-9b-it,belief_bank_facts,hidden,41,27416,halu_eval,std,0,0,0,0,0,0,0.013455630791605432,0.0,0.0016131535231831327,0.20200839964163844,0.1039290450259214,0.03336688880560638,0.003739508916704623,2691.634,10,2026-09-18T18:12:31.394580+00:00
