model,train_dataset,layer_type,layer,num_samples,eval_dataset,split_seed,train_size,test_size,train_hall,train_not_hall,test_hall,test_not_hall,fit_time_s,model_params,precision,recall,accuracy,f1,auroc,total_runtime_s,num_splits,created_at_utc
gemma-2-9b-it,belief_bank_facts,mlp,0,27416,belief_bank_facts,2,1258,8225,629,629,270,7955,4.8608,3585,0.11900826446280992,0.8,0.7990273556231003,0.20719424460431654,0.875250133854785,46.927,10,2026-09-18T18:12:31.621110+00:00
gemma-2-9b-it,belief_bank_facts,mlp,0,27416,belief_bank_facts,4,1258,8225,629,629,270,7955,4.3825,3585,0.11446409989594172,0.8148148148148148,0.7869908814589666,0.20072992700729927,0.8634010754940988,51.817,10,2026-09-18T18:12:31.621110+00:00
gemma-2-9b-it,belief_bank_facts,mlp,0,27416,belief_bank_facts,24,1258,8225,629,629,270,7955,4.4031,3585,0.12024608501118568,0.7962962962962963,0.8020668693009119,0.20894071914480078,0.8681374397653467,56.74,10,2026-09-18T18:12:31.621110+00:00
gemma-2-9b-it,belief_bank_facts,mlp,0,27416,belief_bank_facts,42,1258,8225,629,629,270,7955,4.5246,3585,0.11007268951194185,0.7851851851851852,0.7845592705167174,0.1930783242258652,0.86131061293852,61.776,10,2026-09-18T18:12:31.621110+00:00
gemma-2-9b-it,belief_bank_facts,mlp,0,27416,belief_bank_facts,64,1258,8225,629,629,270,7955,4.3224,3585,0.11465657111952407,0.7851851851851852,0.7939209726443769,0.2000943841434639,0.864938426798892,66.609,10,2026-09-18T18:12:31.621110+00:00
gemma-2-9b-it,belief_bank_facts,mlp,0,27416,belief_bank_facts,67,1258,8225,629,629,270,7955,4.384,3585,0.10684798445847499,0.8148148148148148,0.7703343465045592,0.188922284242164,0.8704462602137021,71.514,10,2026-09-18T18:12:31.621110+00:00
gemma-2-9b-it,belief_bank_facts,mlp,0,27416,belief_bank_facts,104,1258,8225,629,629,270,7955,4.2526,3585,0.11391018619934283,0.7703703703703704,0.7957446808510639,0.1984732824427481,0.8648048048048048,76.284,10,2026-09-18T18:12:31.621110+00:00
gemma-2-9b-it,belief_bank_facts,mlp,0,27416,belief_bank_facts,123,1258,8225,629,629,270,7955,4.4743,3585,0.11577752553916004,0.7555555555555555,0.8025531914893617,0.20078740157480315,0.8480871569243662,81.278,10,2026-09-18T18:12:31.621110+00:00
gemma-2-9b-it,belief_bank_facts,mlp,0,27416,belief_bank_facts,420,1258,8225,629,629,270,7955,2.9001,3585,0.12790697674418605,0.8555555555555555,0.8037689969604863,0.22254335260115607,0.8882715273412948,84.699,10,2026-09-18T18:12:31.621110+00:00
gemma-2-9b-it,belief_bank_facts,mlp,0,27416,belief_bank_facts,511,1258,8225,629,629,270,7955,2.7892,3585,0.11384152457372117,0.8407407407407408,0.7799392097264438,0.20053003533568906,0.8827157389948087,87.994,10,2026-09-18T18:12:31.621110+00:00
gemma-2-9b-it,belief_bank_facts,mlp,0,27416,belief_bank_facts,mean,0,0,0,0,0,0,4.129360000000001,3585.0,0.11567319075162885,0.8018518518518517,0.7918905775075988,0.20212939553223058,0.8687363177130619,2803.023,10,2026-09-18T18:12:31.621110+00:00
gemma-2-9b-it,belief_bank_facts,mlp,0,27416,belief_bank_facts,std,0,0,0,0,0,0,0.6613334426747222,0.0,0.005476485793759482,0.029080560729560886,0.010552330025209115,0.0087689907991686,0.010782557696698315,2803.023,10,2026-09-18T18:12:31.621110+00:00
gemma-2-9b-it,belief_bank_facts,mlp,0,27416,belief_bank_constraints,2,1258,25414,629,629,11520,13894,3.031,3585,0.6072507552870091,0.08723958333333333,0.5606752183835682,0.152561669829222,0.619412556179326,92.183,10,2026-09-18T18:12:31.621110+00:00
gemma-2-9b-it,belief_bank_facts,mlp,0,27416,belief_bank_constraints,4,1258,25414,629,629,11520,13894,2.8394,3585,0.5912904514582501,0.1284722222222222,0.564688754229952,0.21108179419525067,0.5927145373002735,96.198,10,2026-09-18T18:12:31.621110+00:00
gemma-2-9b-it,belief_bank_facts,mlp,0,27416,belief_bank_constraints,24,1258,25414,629,629,11520,13894,2.8602,3585,0.6433378196500673,0.041493055555555554,0.5550877469111514,0.0779580852972356,0.5932263989351918,100.204,10,2026-09-18T18:12:31.621110+00:00
gemma-2-9b-it,belief_bank_facts,mlp,0,27416,belief_bank_constraints,42,1258,25414,629,629,11520,13894,3.0714,3585,0.5488884517017509,0.2421875,0.5662626898559849,0.33608384026983074,0.609040148225453,104.427,10,2026-09-18T18:12:31.621110+00:00
gemma-2-9b-it,belief_bank_facts,mlp,0,27416,belief_bank_constraints,64,1258,25414,629,629,11520,13894,2.7395,3585,0.5578221722003377,0.3441840277777778,0.5790509168175022,0.4257032424307494,0.6090784903655455,108.347,10,2026-09-18T18:12:31.621110+00:00
gemma-2-9b-it,belief_bank_facts,mlp,0,27416,belief_bank_constraints,67,1258,25414,629,629,11520,13894,2.8904,3585,0.6137944742595906,0.26805555555555555,0.5917604469977178,0.37314965863089844,0.6324334269988644,112.393,10,2026-09-18T18:12:31.621110+00:00
gemma-2-9b-it,belief_bank_facts,mlp,0,27416,belief_bank_constraints,104,1258,25414,629,629,11520,13894,2.6884,3585,0.6075334143377886,0.13020833333333334,0.5676005351381128,0.2144542140253056,0.6143641827307551,116.241,10,2026-09-18T18:12:31.621110+00:00
gemma-2-9b-it,belief_bank_facts,mlp,0,27416,belief_bank_constraints,123,1258,25414,629,629,11520,13894,2.8509,3585,0.8765432098765432,0.018489583333333334,0.5539072951916266,0.03621525121142566,0.5983214801952882,120.266,10,2026-09-18T18:12:31.621110+00:00
gemma-2-9b-it,belief_bank_facts,mlp,0,27416,belief_bank_constraints,420,1258,25414,629,629,11520,13894,2.9206,3585,0.694170403587444,0.0671875,0.5637443928543323,0.1225168183616937,0.6093561319434448,124.336,10,2026-09-18T18:12:31.621110+00:00
gemma-2-9b-it,belief_bank_facts,mlp,0,27416,belief_bank_constraints,511,1258,25414,629,629,11520,13894,2.8093,3585,0.6476190476190476,0.029513888888888888,0.5528055402534037,0.05645496056454961,0.5888273490355549,128.318,10,2026-09-18T18:12:31.621110+00:00
gemma-2-9b-it,belief_bank_facts,mlp,0,27416,belief_bank_constraints,mean,0,0,0,0,0,0,2.87011,3585.0,0.638825019997783,0.13570312499999998,0.5655583536633352,0.20061795348161615,0.6066774701909697,2803.023,10,2026-09-18T18:12:31.621110+00:00
gemma-2-9b-it,belief_bank_facts,mlp,0,27416,belief_bank_constraints,std,0,0,0,0,0,0,0.11160191261801924,0.0,0.08898480737608362,0.10645969408524142,0.011441906469252871,0.1305175739675392,0.0129131865043327,2803.023,10,2026-09-18T18:12:31.621110+00:00
gemma-2-9b-it,belief_bank_facts,mlp,0,27416,halu_eval,2,1258,10000,629,629,2473,7527,3.1431,3585,0.25077343039126476,0.5572179539021431,0.4788,0.3458835341365462,0.507066110727624,132.03,10,2026-09-18T18:12:31.621110+00:00
gemma-2-9b-it,belief_bank_facts,mlp,0,27416,halu_eval,4,1258,10000,629,629,2473,7527,2.9005,3585,0.2371031746031746,0.09664375252729479,0.6997,0.1373168629704108,0.5003428014989145,135.477,10,2026-09-18T18:12:31.621110+00:00
gemma-2-9b-it,belief_bank_facts,mlp,0,27416,halu_eval,24,1258,10000,629,629,2473,7527,2.7996,3585,0.2522742400710007,0.459765467044076,0.5294,0.32578796561604584,0.5023635897425154,138.821,10,2026-09-18T18:12:31.621110+00:00
gemma-2-9b-it,belief_bank_facts,mlp,0,27416,halu_eval,42,1258,10000,629,629,2473,7527,2.9906,3585,0.25064748201438847,0.7044076021027093,0.4061,0.3697336304786161,0.5061729250637858,142.351,10,2026-09-18T18:12:31.621110+00:00
gemma-2-9b-it,belief_bank_facts,mlp,0,27416,halu_eval,64,1258,10000,629,629,2473,7527,2.7085,3585,0.25,0.3267286696320259,0.5911,0.28326029798422436,0.5050349809562781,145.594,10,2026-09-18T18:12:31.621110+00:00
gemma-2-9b-it,belief_bank_facts,mlp,0,27416,halu_eval,67,1258,10000,629,629,2473,7527,2.7593,3585,0.2512820512820513,0.6934896886372827,0.4132,0.3688965368896537,0.5073859191155001,148.9,10,2026-09-18T18:12:31.621110+00:00
gemma-2-9b-it,belief_bank_facts,mlp,0,27416,halu_eval,104,1258,10000,629,629,2473,7527,2.8802,3585,0.24941981189690973,0.8257177517185604,0.3424,0.38311444652908067,0.5035001102111385,152.327,10,2026-09-18T18:12:31.621110+00:00
gemma-2-9b-it,belief_bank_facts,mlp,0,27416,halu_eval,123,1258,10000,629,629,2473,7527,2.7892,3585,0.2515127598000526,0.38657501010917916,0.5638,0.3047497609180746,0.5057755686483774,155.653,10,2026-09-18T18:12:31.621110+00:00
gemma-2-9b-it,belief_bank_facts,mlp,0,27416,halu_eval,420,1258,10000,629,629,2473,7527,2.8496,3585,0.25124223602484475,0.6542660735948241,0.4323,0.3630651856838326,0.5026602169915759,159.042,10,2026-09-18T18:12:31.621110+00:00
gemma-2-9b-it,belief_bank_facts,mlp,0,27416,halu_eval,511,1258,10000,629,629,2473,7527,3.0109,3585,0.22431865828092243,0.04326728669632026,0.7264,0.07254237288135593,0.5093604793870252,162.6,10,2026-09-18T18:12:31.621110+00:00
gemma-2-9b-it,belief_bank_facts,mlp,0,27416,halu_eval,mean,0,0,0,0,0,0,2.8831499999999997,3585.0,0.24685738443646094,0.47480792559644164,0.5183199999999999,0.29543505940878406,0.5049662702342734,2803.023,10,2026-09-18T18:12:31.621110+00:00
gemma-2-9b-it,belief_bank_facts,mlp,0,27416,halu_eval,std,0,0,0,0,0,0,0.1259061336869654,0.0,0.00859709575214062,0.24936846722328354,0.12134116201850055,0.10077808541162905,0.002594353898539148,2803.023,10,2026-09-18T18:12:31.621110+00:00
gemma-2-9b-it,belief_bank_facts,mlp,1,27416,belief_bank_facts,2,1258,8225,629,629,270,7955,2.8501,3585,0.15465961665565103,0.8666666666666667,0.8401215805471125,0.26247896803140774,0.9213171310845729,166.662,10,2026-09-18T18:12:31.621110+00:00
gemma-2-9b-it,belief_bank_facts,mlp,1,27416,belief_bank_facts,4,1258,8225,629,629,270,7955,2.8498,3585,0.14294592914853946,0.8518518518518519,0.8274772036474164,0.24481106971793506,0.9134264497055196,170.022,10,2026-09-18T18:12:31.621110+00:00
gemma-2-9b-it,belief_bank_facts,mlp,1,27416,belief_bank_facts,24,1258,8225,629,629,270,7955,3.051,3585,0.15752461322081576,0.8296296296296296,0.8487537993920973,0.2647754137115839,0.9068044788975024,173.596,10,2026-09-18T18:12:31.621110+00:00
gemma-2-9b-it,belief_bank_facts,mlp,1,27416,belief_bank_facts,42,1258,8225,629,629,270,7955,2.7196,3585,0.15415821501014199,0.8444444444444444,0.8427963525835866,0.2607204116638079,0.9100179249016458,176.833,10,2026-09-18T18:12:31.621110+00:00
gemma-2-9b-it,belief_bank_facts,mlp,1,27416,belief_bank_facts,64,1258,8225,629,629,270,7955,2.7692,3585,0.13735239279055314,0.8185185185185185,0.8252887537993921,0.23523150612027674,0.9055082989966711,180.116,10,2026-09-18T18:12:31.621110+00:00
gemma-2-9b-it,belief_bank_facts,mlp,1,27416,belief_bank_facts,67,1258,8225,629,629,270,7955,2.6178,3585,0.137409200968523,0.8407407407407408,0.8215197568389058,0.23621227887617066,0.8972274600181578,183.244,10,2026-09-18T18:12:31.621110+00:00
gemma-2-9b-it,belief_bank_facts,mlp,1,27416,belief_bank_facts,104,1258,8225,629,629,270,7955,2.8296,3585,0.15691672401927048,0.8444444444444444,0.8459574468085106,0.2646546720835752,0.9096389412668483,186.596,10,2026-09-18T18:12:31.621110+00:00
gemma-2-9b-it,belief_bank_facts,mlp,1,27416,belief_bank_facts,123,1258,8225,629,629,270,7955,2.8197,3585,0.1488095238095238,0.8333333333333334,0.8380547112462006,0.25252525252525254,0.9109388458225667,189.934,10,2026-09-18T18:12:31.621110+00:00
gemma-2-9b-it,belief_bank_facts,mlp,1,27416,belief_bank_facts,420,1258,8225,629,629,270,7955,2.8507,3585,0.15739484396200815,0.8592592592592593,0.8443768996960487,0.26605504587155965,0.9215219871033825,193.298,10,2026-09-18T18:12:31.621110+00:00
gemma-2-9b-it,belief_bank_facts,mlp,1,27416,belief_bank_facts,511,1258,8225,629,629,270,7955,2.8494,3585,0.1461159062885327,0.8777777777777778,0.8275987841945289,0.25052854122621565,0.9255590474195128,196.658,10,2026-09-18T18:12:31.621110+00:00
gemma-2-9b-it,belief_bank_facts,mlp,1,27416,belief_bank_facts,mean,0,0,0,0,0,0,2.82069,3585.0,0.14932869658735595,0.8466666666666667,0.83619452887538,0.2537993159827785,0.912196056521638,2803.023,10,2026-09-18T18:12:31.621110+00:00
gemma-2-9b-it,belief_bank_facts,mlp,1,27416,belief_bank_facts,std,0,0,0,0,0,0,0.10516417118011255,0.0,0.007605224590414556,0.016907721793353078,0.009309299513746774,0.011220211811922511,0.008129994719049587,2803.023,10,2026-09-18T18:12:31.621110+00:00
gemma-2-9b-it,belief_bank_facts,mlp,1,27416,belief_bank_constraints,2,1258,25414,629,629,11520,13894,2.9203,3585,0.6114864864864865,0.03142361111111111,0.5519005272684347,0.05977542932628798,0.5317504595808743,200.748,10,2026-09-18T18:12:31.621110+00:00
gemma-2-9b-it,belief_bank_facts,mlp,1,27416,belief_bank_constraints,4,1258,25414,629,629,11520,13894,2.7288,3585,0.753393665158371,0.02890625,0.5555205792083103,0.05567630830964722,0.558187455766278,204.642,10,2026-09-18T18:12:31.621110+00:00
gemma-2-9b-it,belief_bank_facts,mlp,1,27416,belief_bank_constraints,24,1258,25414,629,629,11520,13894,3.1113,3585,0.5453645661497856,0.14348958333333334,0.5575273471315023,0.22720087966462785,0.5501105530664716,208.897,10,2026-09-18T18:12:31.621110+00:00
gemma-2-9b-it,belief_bank_facts,mlp,1,27416,belief_bank_constraints,42,1258,25414,629,629,11520,13894,2.7189,3585,0.8192771084337349,0.017708333333333333,0.5529629338160069,0.034667346418557225,0.5736800607376485,212.788,10,2026-09-18T18:12:31.621110+00:00
gemma-2-9b-it,belief_bank_facts,mlp,1,27416,belief_bank_constraints,64,1258,25414,629,629,11520,13894,2.6691,3585,0.6516290726817042,0.04513888888888889,0.5562288502400252,0.08442929046923202,0.5749491312197111,216.628,10,2026-09-18T18:12:31.621110+00:00
gemma-2-9b-it,belief_bank_facts,mlp,1,27416,belief_bank_constraints,67,1258,25414,629,629,11520,13894,2.7187,3585,0.6770186335403726,0.01892361111111111,0.55119225623672,0.036818105049822664,0.5467548629604306,220.497,10,2026-09-18T18:12:31.621110+00:00
gemma-2-9b-it,belief_bank_facts,mlp,1,27416,belief_bank_constraints,104,1258,25414,629,629,11520,13894,2.7388,3585,0.5062977099236641,0.2302951388888889,0.5493035334854804,0.3165871121718377,0.5467670834632855,224.395,10,2026-09-18T18:12:31.621110+00:00
gemma-2-9b-it,belief_bank_facts,mlp,1,27416,belief_bank_constraints,123,1258,25414,629,629,11520,13894,2.8503,3585,0.5311313591495824,0.12144097222222222,0.5531596757692611,0.1976826338844143,0.5382260890492299,228.424,10,2026-09-18T18:12:31.621110+00:00
gemma-2-9b-it,belief_bank_facts,mlp,1,27416,belief_bank_constraints,420,1258,25414,629,629,11520,13894,2.8599,3585,0.5545325779036827,0.06796875,0.5527661918627528,0.12109495824311785,0.5402436403403548,232.432,10,2026-09-18T18:12:31.621110+00:00
gemma-2-9b-it,belief_bank_facts,mlp,1,27416,belief_bank_constraints,511,1258,25414,629,629,11520,13894,2.6884,3585,0.49641638225255974,0.2525173611111111,0.5450539072951917,0.3347525891829689,0.5403983708995089,236.279,10,2026-09-18T18:12:31.621110+00:00
gemma-2-9b-it,belief_bank_facts,mlp,1,27416,belief_bank_constraints,mean,0,0,0,0,0,0,2.8004500000000005,3585.0,0.6146547561679943,0.09578125000000001,0.5525615802313686,0.14686846527205139,0.5501067707083794,2803.023,10,2026-09-18T18:12:31.621110+00:00
gemma-2-9b-it,belief_bank_facts,mlp,1,27416,belief_bank_constraints,std,0,0,0,0,0,0,0.13003345915571113,0.0,0.10368158480097375,0.08339636288240566,0.003416374025155399,0.10876789192152489,0.013893049639072558,2803.023,10,2026-09-18T18:12:31.621110+00:00
gemma-2-9b-it,belief_bank_facts,mlp,1,27416,halu_eval,2,1258,10000,629,629,2473,7527,3.0314,3585,0.23636363636363636,0.07359482410028306,0.7121,0.11224175146469319,0.49254080377362075,239.858,10,2026-09-18T18:12:31.621110+00:00
gemma-2-9b-it,belief_bank_facts,mlp,1,27416,halu_eval,4,1258,10000,629,629,2473,7527,2.7284,3585,0.22573984858912594,0.13263243024666396,0.673,0.16709118695873662,0.49539793957012873,243.142,10,2026-09-18T18:12:31.621110+00:00
gemma-2-9b-it,belief_bank_facts,mlp,1,27416,halu_eval,24,1258,10000,629,629,2473,7527,3.0611,3585,0.25602027883396705,0.2450465022240194,0.6372,0.25041322314049586,0.4993925896963679,246.737,10,2026-09-18T18:12:31.621110+00:00
gemma-2-9b-it,belief_bank_facts,mlp,1,27416,halu_eval,42,1258,10000,629,629,2473,7527,2.8495,3585,0.2508250825082508,0.18439142741609382,0.6621,0.2125378699603822,0.5030539202958848,250.122,10,2026-09-18T18:12:31.621110+00:00
gemma-2-9b-it,belief_bank_facts,mlp,1,27416,halu_eval,64,1258,10000,629,629,2473,7527,2.669,3585,0.24472168905950095,0.20622725434694703,0.6463,0.2238314680710994,0.4955550233474091,253.339,10,2026-09-18T18:12:31.621110+00:00
gemma-2-9b-it,belief_bank_facts,mlp,1,27416,halu_eval,67,1258,10000,629,629,2473,7527,2.739,3585,0.23806252147028512,0.2802264456126163,0.6002,0.25742942050520057,0.49515549118200763,256.617,10,2026-09-18T18:12:31.621110+00:00
gemma-2-9b-it,belief_bank_facts,mlp,1,27416,halu_eval,104,1258,10000,629,629,2473,7527,2.7487,3585,0.23435114503816795,0.12414071977355438,0.6831,0.16230504890298705,0.49683651323223993,259.893,10,2026-09-18T18:12:31.621110+00:00
gemma-2-9b-it,belief_bank_facts,mlp,1,27416,halu_eval,123,1258,10000,629,629,2473,7527,2.7186,3585,0.23203691496374423,0.14233724221593205,0.6714,0.17644110275689223,0.4931228034662223,263.148,10,2026-09-18T18:12:31.621110+00:00
gemma-2-9b-it,belief_bank_facts,mlp,1,27416,halu_eval,420,1258,10000,629,629,2473,7527,2.991,3585,0.24622279129321384,0.7775980590376061,0.3563,0.37401536516580763,0.5037017297105,266.683,10,2026-09-18T18:12:31.621110+00:00
gemma-2-9b-it,belief_bank_facts,mlp,1,27416,halu_eval,511,1258,10000,629,629,2473,7527,2.6779,3585,0.23491179201485607,0.10230489284270117,0.6956,0.14253521126760563,0.4941801911017627,269.9,10,2026-09-18T18:12:31.621110+00:00
gemma-2-9b-it,belief_bank_facts,mlp,1,27416,halu_eval,mean,0,0,0,0,0,0,2.82146,3585.0,0.23992557001347486,0.22684997978164176,0.63373,0.20788416481939004,0.49689370053761434,2803.023,10,2026-09-18T18:12:31.621110+00:00
gemma-2-9b-it,belief_bank_facts,mlp,1,27416,halu_eval,std,0,0,0,0,0,0,0.14360352502637255,0.0,0.008810975281077703,0.19346803244392835,0.09717761110461608,0.07091343194958619,0.0037165376868733995,2803.023,10,2026-09-18T18:12:31.621110+00:00
gemma-2-9b-it,belief_bank_facts,mlp,2,27416,belief_bank_facts,2,1258,8225,629,629,270,7955,2.5069,3585,0.15933333333333333,0.8851851851851852,0.8429179331306991,0.27005649717514124,0.9188886560979584,273.624,10,2026-09-18T18:12:31.621110+00:00
gemma-2-9b-it,belief_bank_facts,mlp,2,27416,belief_bank_facts,4,1258,8225,629,629,270,7955,2.4676,3585,0.15524193548387097,0.8555555555555555,0.8424316109422493,0.2627986348122867,0.9136541192355147,276.619,10,2026-09-18T18:12:31.621110+00:00
gemma-2-9b-it,belief_bank_facts,mlp,2,27416,belief_bank_facts,24,1258,8225,629,629,270,7955,2.4267,3585,0.17078488372093023,0.8703703703703703,0.8570212765957447,0.28554070473876064,0.9188220778918453,279.572,10,2026-09-18T18:12:31.621110+00:00
gemma-2-9b-it,belief_bank_facts,mlp,2,27416,belief_bank_facts,42,1258,8225,629,629,270,7955,2.5378,3585,0.1547144754316069,0.8629629629629629,0.8407294832826747,0.26238738738738737,0.9155955955955957,282.626,10,2026-09-18T18:12:31.621110+00:00
gemma-2-9b-it,belief_bank_facts,mlp,2,27416,belief_bank_facts,64,1258,8225,629,629,270,7955,2.3457,3585,0.1493882807469414,0.8592592592592593,0.8347720364741641,0.2545255074053758,0.9133864096654792,285.474,10,2026-09-18T18:12:31.621110+00:00
gemma-2-9b-it,belief_bank_facts,mlp,2,27416,belief_bank_facts,67,1258,8225,629,629,270,7955,2.4156,3585,0.14606021780909673,0.8444444444444444,0.8328267477203647,0.2490442381212452,0.8990758200060526,288.404,10,2026-09-18T18:12:31.621110+00:00
gemma-2-9b-it,belief_bank_facts,mlp,2,27416,belief_bank_facts,104,1258,8225,629,629,270,7955,2.5678,3585,0.15804394046775336,0.825925925925926,0.8498480243161094,0.26531826293872696,0.9186647112228506,291.496,10,2026-09-18T18:12:31.621110+00:00
gemma-2-9b-it,belief_bank_facts,mlp,2,27416,belief_bank_facts,123,1258,8225,629,629,270,7955,2.425,3585,0.1580327868852459,0.8925925925925926,0.8403647416413373,0.26852367688022283,0.9121000069837278,294.443,10,2026-09-18T18:12:31.621110+00:00
gemma-2-9b-it,belief_bank_facts,mlp,2,27416,belief_bank_facts,420,1258,8225,629,629,270,7955,2.5181,3585,0.1577922077922078,0.9,0.8390273556231003,0.26850828729281767,0.9337011430034685,297.477,10,2026-09-18T18:12:31.621110+00:00
gemma-2-9b-it,belief_bank_facts,mlp,2,27416,belief_bank_facts,511,1258,8225,629,629,270,7955,2.3864,3585,0.14182257091128544,0.8703703703703703,0.8228571428571428,0.24390243902439024,0.9177177177177178,300.377,10,2026-09-18T18:12:31.621110+00:00
gemma-2-9b-it,belief_bank_facts,mlp,2,27416,belief_bank_facts,mean,0,0,0,0,0,0,2.45976,3585.0,0.15512146325822723,0.8666666666666668,0.8402796352583586,0.2630605635776355,0.9161606257420211,2803.023,10,2026-09-18T18:12:31.621110+00:00
gemma-2-9b-it,belief_bank_facts,mlp,2,27416,belief_bank_facts,std,0,0,0,0,0,0,0.06789166664620926,0.0,0.00761083691777086,0.021211586760409417,0.008801298017654932,0.011206160863497083,0.008084352311674653,2803.023,10,2026-09-18T18:12:31.621110+00:00
gemma-2-9b-it,belief_bank_facts,mlp,2,27416,belief_bank_constraints,2,1258,25414,629,629,11520,13894,2.4671,3585,0.45266417962975997,0.5582465277777777,0.49378295427717006,0.4999416954950052,0.49928202359031876,304.012,10,2026-09-18T18:12:31.621110+00:00
gemma-2-9b-it,belief_bank_facts,mlp,2,27416,belief_bank_constraints,4,1258,25414,629,629,11520,13894,2.4773,3585,0.46282232426704345,0.9098958333333333,0.48044384984654126,0.613556544134863,0.5525560812371048,307.649,10,2026-09-18T18:12:31.621110+00:00
gemma-2-9b-it,belief_bank_facts,mlp,2,27416,belief_bank_constraints,24,1258,25414,629,629,11520,13894,1.4956,3585,0.4593585237258348,0.9075520833333334,0.47391201699850477,0.6099766627771295,0.5126923635852007,310.286,10,2026-09-18T18:12:31.621110+00:00
gemma-2-9b-it,belief_bank_facts,mlp,2,27416,belief_bank_constraints,42,1258,25414,629,629,11520,13894,1.4756,3585,0.555797733217088,0.22135416666666666,0.5668529157157473,0.31661286317357834,0.5733342692389201,312.914,10,2026-09-18T18:12:31.621110+00:00
gemma-2-9b-it,belief_bank_facts,mlp,2,27416,belief_bank_constraints,64,1258,25414,629,629,11520,13894,1.5666,3585,0.49869281045751634,0.26493055555555556,0.546076965452113,0.346031746031746,0.5339451519340882,315.652,10,2026-09-18T18:12:31.621110+00:00
gemma-2-9b-it,belief_bank_facts,mlp,2,27416,belief_bank_constraints,67,1258,25414,629,629,11520,13894,1.5363,3585,0.4534990976539001,0.9815972222222222,0.45545762178326904,0.6203812920038404,0.5383179614901716,318.358,10,2026-09-18T18:12:31.621110+00:00
gemma-2-9b-it,belief_bank_facts,mlp,2,27416,belief_bank_constraints,104,1258,25414,629,629,11520,13894,1.6376,3585,0.5746192893401015,0.09826388888888889,0.558274966553868,0.16782802075611564,0.5626885743546375,321.157,10,2026-09-18T18:12:31.621110+00:00
gemma-2-9b-it,belief_bank_facts,mlp,2,27416,belief_bank_constraints,123,1258,25414,629,629,11520,13894,1.6268,3585,0.4609076249712048,0.8684027777777777,0.47993232076808057,0.6021971407072987,0.5317618647587687,323.911,10,2026-09-18T18:12:31.621110+00:00
gemma-2-9b-it,belief_bank_facts,mlp,2,27416,belief_bank_constraints,420,1258,25414,629,629,11520,13894,1.566,3585,0.4788861689106487,0.4075520833333333,0.5304163059730858,0.44034890264490717,0.530238303554292,326.629,10,2026-09-18T18:12:31.621110+00:00
gemma-2-9b-it,belief_bank_facts,mlp,2,27416,belief_bank_constraints,511,1258,25414,629,629,11520,13894,1.5161,3585,0.45303706174177677,0.9433159722222222,0.45805461556622334,0.612104655420058,0.5271461164791357,329.322,10,2026-09-18T18:12:31.621110+00:00
gemma-2-9b-it,belief_bank_facts,mlp,2,27416,belief_bank_constraints,mean,0,0,0,0,0,0,1.7365000000000002,3585.0,0.48502848139148746,0.616111111111111,0.5043204532934603,0.4828979523144542,0.5361962710222637,2803.023,10,2026-09-18T18:12:31.621110+00:00
gemma-2-9b-it,belief_bank_facts,mlp,2,27416,belief_bank_constraints,std,0,0,0,0,0,0,0.3710889893273579,0.0,0.04249484512045854,0.3270647119979437,0.03996834662573701,0.15192171185004433,0.021001065463546763,2803.023,10,2026-09-18T18:12:31.621110+00:00
gemma-2-9b-it,belief_bank_facts,mlp,2,27416,halu_eval,2,1258,10000,629,629,2473,7527,2.5074,3585,0.24661810613943808,0.9583501819652245,0.2657,0.3922866837705868,0.49976329988963847,332.378,10,2026-09-18T18:12:31.621110+00:00
gemma-2-9b-it,belief_bank_facts,mlp,2,27416,halu_eval,4,1258,10000,629,629,2473,7527,2.3668,3585,0.24693813461739766,0.9539021431459765,0.2692,0.39231664726426074,0.49901223636423897,335.297,10,2026-09-18T18:12:31.621110+00:00
gemma-2-9b-it,belief_bank_facts,mlp,2,27416,halu_eval,24,1258,10000,629,629,2473,7527,2.69,3585,0.24293243890752275,0.6150424585523655,0.4308,0.34829402335699566,0.49471717157228456,338.555,10,2026-09-18T18:12:31.621110+00:00
gemma-2-9b-it,belief_bank_facts,mlp,2,27416,halu_eval,42,1258,10000,629,629,2473,7527,2.3966,3585,0.24700674112083712,0.9927213910230489,0.2498,0.3955849178214631,0.4988474703092053,341.499,10,2026-09-18T18:12:31.621110+00:00
gemma-2-9b-it,belief_bank_facts,mlp,2,27416,halu_eval,64,1258,10000,629,629,2473,7527,2.4067,3585,0.24759615384615385,0.9995956328346138,0.2487,0.3968852853817131,0.49778825611811495,344.447,10,2026-09-18T18:12:31.621110+00:00
gemma-2-9b-it,belief_bank_facts,mlp,2,27416,halu_eval,67,1258,10000,629,629,2473,7527,2.548,3585,0.2425414364640884,0.35503437120905784,0.5663,0.288199573280814,0.4943067069346954,347.532,10,2026-09-18T18:12:31.621110+00:00
gemma-2-9b-it,belief_bank_facts,mlp,2,27416,halu_eval,104,1258,10000,629,629,2473,7527,2.4267,3585,0.24704443538524257,0.9801860088960777,0.2563,0.3946275946275946,0.5008128172196483,350.487,10,2026-09-18T18:12:31.621110+00:00
gemma-2-9b-it,belief_bank_facts,mlp,2,27416,halu_eval,123,1258,10000,629,629,2473,7527,2.5576,3585,0.24739895958383354,1.0,0.2477,0.39666372604058064,0.4967562522324942,353.575,10,2026-09-18T18:12:31.621110+00:00
gemma-2-9b-it,belief_bank_facts,mlp,2,27416,halu_eval,420,1258,10000,629,629,2473,7527,2.5075,3585,0.2517303255575494,0.3970885564092196,0.559,0.3081267649827424,0.5035594464053952,356.631,10,2026-09-18T18:12:31.621110+00:00
gemma-2-9b-it,belief_bank_facts,mlp,2,27416,halu_eval,511,1258,10000,629,629,2473,7527,2.316,3585,0.24959420651766762,0.8083299636069551,0.3516,0.38141576035107805,0.5055589069268414,359.493,10,2026-09-18T18:12:31.621110+00:00
gemma-2-9b-it,belief_bank_facts,mlp,2,27416,halu_eval,mean,0,0,0,0,0,0,2.47233,3585.0,0.2469400938139731,0.8060250707642538,0.34451,0.36944009768778296,0.49911225639725565,2803.023,10,2026-09-18T18:12:31.621110+00:00
gemma-2-9b-it,belief_bank_facts,mlp,2,27416,halu_eval,std,0,0,0,0,0,0,0.10513993579986629,0.0,0.002572160574702795,0.2434040481660853,0.12242480508459061,0.03848057878394289,0.00338299410371207,2803.023,10,2026-09-18T18:12:31.621110+00:00
gemma-2-9b-it,belief_bank_facts,mlp,3,27416,belief_bank_facts,2,1258,8225,629,629,270,7955,2.4265,3585,0.17613227893601727,0.9074074074074074,0.857629179331307,0.2950030102347983,0.9319803524454687,363.148,10,2026-09-18T18:12:31.621110+00:00
gemma-2-9b-it,belief_bank_facts,mlp,3,27416,belief_bank_facts,4,1258,8225,629,629,270,7955,2.497,3585,0.14638906961613532,0.8333333333333334,0.835015197568389,0.24903154399557278,0.915982494122029,366.156,10,2026-09-18T18:12:31.621110+00:00
gemma-2-9b-it,belief_bank_facts,mlp,3,27416,belief_bank_facts,24,1258,8225,629,629,270,7955,2.5982,3585,0.17638483965014579,0.8962962962962963,0.859209726443769,0.29476248477466505,0.9334981493121028,369.281,10,2026-09-18T18:12:31.621110+00:00
gemma-2-9b-it,belief_bank_facts,mlp,3,27416,belief_bank_facts,42,1258,8225,629,629,270,7955,2.6286,3585,0.17702999268471104,0.8962962962962963,0.8598176291793314,0.29566279780085525,0.9342291128337641,372.437,10,2026-09-18T18:12:31.621110+00:00
gemma-2-9b-it,belief_bank_facts,mlp,3,27416,belief_bank_facts,64,1258,8225,629,629,270,7955,2.386,3585,0.15439276485788114,0.8851851851851852,0.8370820668693009,0.2629262926292629,0.9230719091184207,375.34,10,2026-09-18T18:12:31.621110+00:00
gemma-2-9b-it,belief_bank_facts,mlp,3,27416,belief_bank_facts,67,1258,8225,629,629,270,7955,2.5674,3585,0.15679676985195154,0.8629629629629629,0.843161094224924,0.265375854214123,0.9134646274181158,378.421,10,2026-09-18T18:12:31.621110+00:00
gemma-2-9b-it,belief_bank_facts,mlp,3,27416,belief_bank_facts,104,1258,8225,629,629,270,7955,2.558,3585,0.1794071762870515,0.8518518518518519,0.8672340425531915,0.2963917525773196,0.9220397141327374,381.503,10,2026-09-18T18:12:31.621110+00:00
gemma-2-9b-it,belief_bank_facts,mlp,3,27416,belief_bank_facts,123,1258,8225,629,629,270,7955,2.3258,3585,0.16823104693140795,0.8629629629629629,0.8554407294832826,0.28157099697885196,0.9141830202295319,384.355,10,2026-09-18T18:12:31.621110+00:00
gemma-2-9b-it,belief_bank_facts,mlp,3,27416,belief_bank_facts,420,1258,8225,629,629,270,7955,2.5081,3585,0.18272937548188126,0.8777777777777778,0.867112462006079,0.30248883216336947,0.9322261796680402,387.38,10,2026-09-18T18:12:31.621110+00:00
gemma-2-9b-it,belief_bank_facts,mlp,3,27416,belief_bank_facts,511,1258,8225,629,629,270,7955,2.3559,3585,0.16884906960716747,0.9074074074074074,0.8503343465045593,0.28471818710052293,0.9356114253788672,390.252,10,2026-09-18T18:12:31.621110+00:00
gemma-2-9b-it,belief_bank_facts,mlp,3,27416,belief_bank_facts,mean,0,0,0,0,0,0,2.4851499999999995,3585.0,0.16863423839043504,0.8781481481481481,0.8532036474164133,0.28279317524693415,0.9256286984659079,2803.023,10,2026-09-18T18:12:31.621110+00:00
gemma-2-9b-it,belief_bank_facts,mlp,3,27416,belief_bank_facts,std,0,0,0,0,0,0,0.10073035540491254,0.0,0.011573727498133481,0.02362544953158083,0.010929435252877063,0.01695262535560483,0.008431227077526771,2803.023,10,2026-09-18T18:12:31.621110+00:00
gemma-2-9b-it,belief_bank_facts,mlp,3,27416,belief_bank_constraints,2,1258,25414,629,629,11520,13894,2.4067,3585,0.5963161933998465,0.20234375,0.5763358778625954,0.302158273381295,0.6231980193788684,393.836,10,2026-09-18T18:12:31.621110+00:00
gemma-2-9b-it,belief_bank_facts,mlp,3,27416,belief_bank_constraints,4,1258,25414,629,629,11520,13894,2.6385,3585,0.5451038575667656,0.4783854166666667,0.5825922719760762,0.5095700416088765,0.6008336619623977,397.649,10,2026-09-18T18:12:31.621110+00:00
gemma-2-9b-it,belief_bank_facts,mlp,3,27416,belief_bank_constraints,24,1258,25414,629,629,11520,13894,2.4976,3585,0.6812816188870152,0.035069444444444445,0.5551664436924529,0.06670519276810039,0.6018736167590327,401.291,10,2026-09-18T18:12:31.621110+00:00
gemma-2-9b-it,belief_bank_facts,mlp,3,27416,belief_bank_constraints,42,1258,25414,629,629,11520,13894,2.6081,3585,0.6197530864197531,0.19609375,0.5810576847406941,0.29792284866468843,0.6062340902297955,405.052,10,2026-09-18T18:12:31.621110+00:00
gemma-2-9b-it,belief_bank_facts,mlp,3,27416,belief_bank_constraints,64,1258,25414,629,629,11520,13894,2.3966,3585,0.8053691275167785,0.020833333333333332,0.5538679468009758,0.04061600947706888,0.6170251222550102,408.617,10,2026-09-18T18:12:31.621110+00:00
gemma-2-9b-it,belief_bank_facts,mlp,3,27416,belief_bank_constraints,67,1258,25414,629,629,11520,13894,2.4372,3585,0.7205513784461153,0.04991319444444445,0.5605571732116157,0.09335931157655464,0.6104975431541193,412.201,10,2026-09-18T18:12:31.621110+00:00
gemma-2-9b-it,belief_bank_facts,mlp,3,27416,belief_bank_constraints,104,1258,25414,629,629,11520,13894,2.6179,3585,0.7108974358974359,0.09626736111111112,0.5725977807507673,0.16957186544342506,0.6221176169669562,415.968,10,2026-09-18T18:12:31.621110+00:00
gemma-2-9b-it,belief_bank_facts,mlp,3,27416,belief_bank_constraints,123,1258,25414,629,629,11520,13894,2.2859,3585,0.5970037453183521,0.3459201388888889,0.5976627055953412,0.43803242649079416,0.6195238339790957,419.415,10,2026-09-18T18:12:31.621110+00:00
gemma-2-9b-it,belief_bank_facts,mlp,3,27416,belief_bank_constraints,420,1258,25414,629,629,11520,13894,2.4572,3585,0.7166276346604216,0.0265625,0.5539859919729283,0.05122624926759856,0.6160471883846744,423.041,10,2026-09-18T18:12:31.621110+00:00
gemma-2-9b-it,belief_bank_facts,mlp,3,27416,belief_bank_constraints,511,1258,25414,629,629,11520,13894,2.5277,3585,0.5465159515133488,0.6379340277777777,0.595931376406705,0.5886970801457925,0.6354828548094302,426.72,10,2026-09-18T18:12:31.621110+00:00
gemma-2-9b-it,belief_bank_facts,mlp,3,27416,belief_bank_constraints,mean,0,0,0,0,0,0,2.48734,3585.0,0.6539420029625832,0.20893229166666666,0.5729755253010154,0.25578592988241944,0.615283354787938,2803.023,10,2026-09-18T18:12:31.621110+00:00
gemma-2-9b-it,belief_bank_facts,mlp,3,27416,belief_bank_constraints,std,0,0,0,0,0,0,0.10721450648116614,0.0,0.08148958636720147,0.20309359714671388,0.01582007123083085,0.1923760543820575,0.010160588538437302,2803.023,10,2026-09-18T18:12:31.621110+00:00
gemma-2-9b-it,belief_bank_facts,mlp,3,27416,halu_eval,2,1258,10000,629,629,2473,7527,2.3153,3585,0.2482308111050626,0.9219571370804691,0.2902,0.39114770972722596,0.5034731416556684,429.572,10,2026-09-18T18:12:31.621110+00:00
gemma-2-9b-it,belief_bank_facts,mlp,3,27416,halu_eval,4,1258,10000,629,629,2473,7527,2.6089,3585,0.24634308510638298,0.29963606955115246,0.6001,0.27038861521620144,0.4992052065858502,432.727,10,2026-09-18T18:12:31.621110+00:00
gemma-2-9b-it,belief_bank_facts,mlp,3,27416,halu_eval,24,1258,10000,629,629,2473,7527,2.4874,3585,0.24732104586369483,0.23331985442782047,0.6348,0.24011652101539743,0.49697659392624083,435.764,10,2026-09-18T18:12:31.621110+00:00
gemma-2-9b-it,belief_bank_facts,mlp,3,27416,halu_eval,42,1258,10000,629,629,2473,7527,2.4983,3585,0.24724318049912944,0.8613020622725435,0.3172,0.3841991341991342,0.5000419301943118,438.8,10,2026-09-18T18:12:31.621110+00:00
gemma-2-9b-it,belief_bank_facts,mlp,3,27416,halu_eval,64,1258,10000,629,629,2473,7527,2.4668,3585,0.25271610769957487,0.21633643348160128,0.648,0.23311546840958605,0.505123542039331,441.804,10,2026-09-18T18:12:31.621110+00:00
gemma-2-9b-it,belief_bank_facts,mlp,3,27416,halu_eval,67,1258,10000,629,629,2473,7527,2.4372,3585,0.24900574458683164,0.9114435907804286,0.2983,0.39114967462039046,0.5055473835102111,444.785,10,2026-09-18T18:12:31.621110+00:00
gemma-2-9b-it,belief_bank_facts,mlp,3,27416,halu_eval,104,1258,10000,629,629,2473,7527,2.6183,3585,0.2468221646303838,0.8087343307723412,0.3424,0.37821482602118,0.5058584351758927,447.951,10,2026-09-18T18:12:31.621110+00:00
gemma-2-9b-it,belief_bank_facts,mlp,3,27416,halu_eval,123,1258,10000,629,629,2473,7527,2.4371,3585,0.248405677844065,0.976546704407602,0.2635,0.3960639606396064,0.5024496258811318,450.927,10,2026-09-18T18:12:31.621110+00:00
gemma-2-9b-it,belief_bank_facts,mlp,3,27416,halu_eval,420,1258,10000,629,629,2473,7527,2.3963,3585,0.24782655361167757,0.933683784876668,0.2828,0.39168787107718406,0.5034948722944884,453.849,10,2026-09-18T18:12:31.621110+00:00
gemma-2-9b-it,belief_bank_facts,mlp,3,27416,halu_eval,511,1258,10000,629,629,2473,7527,2.5474,3585,0.25007333528894105,0.6894460169834209,0.4119,0.36702184910128083,0.5089085949162339,456.931,10,2026-09-18T18:12:31.621110+00:00
gemma-2-9b-it,belief_bank_facts,mlp,3,27416,halu_eval,mean,0,0,0,0,0,0,2.4813,3585.0,0.2483987706235744,0.6852405984634047,0.40892,0.3443105630027187,0.503107932617936,2803.023,10,2026-09-18T18:12:31.621110+00:00
gemma-2-9b-it,belief_bank_facts,mlp,3,27416,halu_eval,std,0,0,0,0,0,0,0.08867687409916976,0.0,0.0017713295191397894,0.2954396946368754,0.14864777697631407,0.06422791112026108,0.003378875147521437,2803.023,10,2026-09-18T18:12:31.621110+00:00
gemma-2-9b-it,belief_bank_facts,mlp,4,27416,belief_bank_facts,2,1258,8225,629,629,270,7955,1.9637,3585,0.16864940517844645,0.8925925925925926,0.8520364741641338,0.2836962919364332,0.9356849873128943,460.126,10,2026-09-18T18:12:31.621110+00:00
gemma-2-9b-it,belief_bank_facts,mlp,4,27416,belief_bank_facts,4,1258,8225,629,629,270,7955,1.8729,3585,0.15478615071283094,0.8444444444444444,0.8435258358662614,0.26161790017211706,0.9135782293921829,462.525,10,2026-09-18T18:12:31.621110+00:00
gemma-2-9b-it,belief_bank_facts,mlp,4,27416,belief_bank_facts,24,1258,8225,629,629,270,7955,2.0239,3585,0.18375094912680334,0.8962962962962963,0.8658966565349544,0.30497794580970383,0.9352580487464208,465.068,10,2026-09-18T18:12:31.621110+00:00
gemma-2-9b-it,belief_bank_facts,mlp,4,27416,belief_bank_facts,42,1258,8225,629,629,270,7955,1.9433,3585,0.18073188946975355,0.8962962962962963,0.8632218844984803,0.3008079552517091,0.9348096934143446,467.524,10,2026-09-18T18:12:31.621110+00:00
gemma-2-9b-it,belief_bank_facts,mlp,4,27416,belief_bank_facts,64,1258,8225,629,629,270,7955,2.1247,3585,0.1569023569023569,0.8629629629629629,0.8432826747720364,0.2655270655270655,0.9244216309332589,470.176,10,2026-09-18T18:12:31.621110+00:00
gemma-2-9b-it,belief_bank_facts,mlp,4,27416,belief_bank_facts,67,1258,8225,629,629,270,7955,1.9839,3585,0.14845758354755784,0.8555555555555555,0.8341641337386019,0.25301204819277107,0.9086817049607747,472.686,10,2026-09-18T18:12:31.621110+00:00
gemma-2-9b-it,belief_bank_facts,mlp,4,27416,belief_bank_facts,104,1258,8225,629,629,270,7955,2.014,3585,0.1708955223880597,0.8481481481481481,0.8599392097264438,0.284472049689441,0.9244686547012129,475.226,10,2026-09-18T18:12:31.621110+00:00
gemma-2-9b-it,belief_bank_facts,mlp,4,27416,belief_bank_facts,123,1258,8225,629,629,270,7955,2.0547,3585,0.16350877192982455,0.8629629629629629,0.8505775075987841,0.27492625368731566,0.9284773145238262,477.797,10,2026-09-18T18:12:31.621110+00:00
gemma-2-9b-it,belief_bank_facts,mlp,4,27416,belief_bank_facts,420,1258,8225,629,629,270,7955,1.8828,3585,0.17960088691796008,0.9,0.8617629179331306,0.29944547134935307,0.9378895174244012,480.186,10,2026-09-18T18:12:31.621110+00:00
gemma-2-9b-it,belief_bank_facts,mlp,4,27416,belief_bank_facts,511,1258,8225,629,629,270,7955,1.8834,3585,0.15647134578235672,0.9,0.8374468085106384,0.2665935271530444,0.9293295621202599,482.595,10,2026-09-18T18:12:31.621110+00:00
gemma-2-9b-it,belief_bank_facts,mlp,4,27416,belief_bank_facts,mean,0,0,0,0,0,0,1.9747299999999997,3585.0,0.166375486195595,0.875925925925926,0.8511854103343465,0.2795076508768954,0.9272599343529576,2803.023,10,2026-09-18T18:12:31.621110+00:00
gemma-2-9b-it,belief_bank_facts,mlp,4,27416,belief_bank_facts,std,0,0,0,0,0,0,0.07823123481065597,0.0,0.011661645873900783,0.021864403175030297,0.010726133267285264,0.01716806991328131,0.009267634484272464,2803.023,10,2026-09-18T18:12:31.621110+00:00
gemma-2-9b-it,belief_bank_facts,mlp,4,27416,belief_bank_constraints,2,1258,25414,629,629,11520,13894,2.0239,3585,0.48550869478313013,0.8434027777777777,0.5238844731250492,0.6162628440948877,0.5895732995257744,485.791,10,2026-09-18T18:12:31.621110+00:00
gemma-2-9b-it,belief_bank_facts,mlp,4,27416,belief_bank_constraints,4,1258,25414,629,629,11520,13894,1.8727,3585,0.5100162425554954,0.490625,0.5554418824270088,0.500132731616671,0.5758312628452729,488.828,10,2026-09-18T18:12:31.621110+00:00
gemma-2-9b-it,belief_bank_facts,mlp,4,27416,belief_bank_constraints,24,1258,25414,629,629,11520,13894,1.9935,3585,0.5110005739429884,0.6955729166666667,0.5602817344770599,0.589169515826624,0.6056243614849735,491.959,10,2026-09-18T18:12:31.621110+00:00
gemma-2-9b-it,belief_bank_facts,mlp,4,27416,belief_bank_constraints,42,1258,25414,629,629,11520,13894,2.0342,3585,0.51192856190857,0.6668402777777778,0.5607932635555206,0.5792053079996984,0.5996732389980488,495.148,10,2026-09-18T18:12:31.621110+00:00
gemma-2-9b-it,belief_bank_facts,mlp,4,27416,belief_bank_constraints,64,1258,25414,629,629,11520,13894,2.0643,3585,0.586269744835966,0.0837673611111111,0.5578814826473597,0.1465897007443415,0.5576136169389665,498.387,10,2026-09-18T18:12:31.621110+00:00
gemma-2-9b-it,belief_bank_facts,mlp,4,27416,belief_bank_constraints,67,1258,25414,629,629,11520,13894,1.9841,3585,0.5076411434001109,0.5565104166666667,0.5543007790981349,0.5309536626775436,0.5775550472426146,501.533,10,2026-09-18T18:12:31.621110+00:00
gemma-2-9b-it,belief_bank_facts,mlp,4,27416,belief_bank_constraints,104,1258,25414,629,629,11520,13894,2.0035,3585,0.5754080908445706,0.28151041666666665,0.5801526717557252,0.3780601538820238,0.6189641899281064,504.683,10,2026-09-18T18:12:31.621110+00:00
gemma-2-9b-it,belief_bank_facts,mlp,4,27416,belief_bank_constraints,123,1258,25414,629,629,11520,13894,1.9535,3585,0.6029411764705882,0.17439236111111112,0.5736995356889903,0.27053595475356856,0.6150971286316635,507.79,10,2026-09-18T18:12:31.621110+00:00
gemma-2-9b-it,belief_bank_facts,mlp,4,27416,belief_bank_constraints,420,1258,25414,629,629,11520,13894,1.9635,3585,0.45639240762475214,0.97890625,0.46191075785000396,0.6225399541803528,0.5821483662762104,510.916,10,2026-09-18T18:12:31.621110+00:00
gemma-2-9b-it,belief_bank_facts,mlp,4,27416,belief_bank_constraints,511,1258,25414,629,629,11520,13894,1.8933,3585,0.46175346294545605,0.9751736111111111,0.4734791847013457,0.6267399369577952,0.5814092507707164,513.972,10,2026-09-18T18:12:31.621110+00:00
gemma-2-9b-it,belief_bank_facts,mlp,4,27416,belief_bank_constraints,mean,0,0,0,0,0,0,1.97865,3585.0,0.5208860099311627,0.5746701388888888,0.5401825765326198,0.48601897627335067,0.5903489762642347,2803.023,10,2026-09-18T18:12:31.621110+00:00
gemma-2-9b-it,belief_bank_facts,mlp,4,27416,belief_bank_constraints,std,0,0,0,0,0,0,0.05719187442285828,0.0,0.04833209470277524,0.30227201861862146,0.03890583661476503,0.15819170478700667,0.018290444256931482,2803.023,10,2026-09-18T18:12:31.621110+00:00
gemma-2-9b-it,belief_bank_facts,mlp,4,27416,halu_eval,2,1258,10000,629,629,2473,7527,1.9534,3585,0.2529375386518244,0.16538617064294378,0.6728,0.2,0.5074683827263502,516.464,10,2026-09-18T18:12:31.621110+00:00
gemma-2-9b-it,belief_bank_facts,mlp,4,27416,halu_eval,4,1258,10000,629,629,2473,7527,1.9333,3585,0.2477295660948537,0.9927213910230489,0.2527,0.3965113462004361,0.5030725350458259,518.924,10,2026-09-18T18:12:31.621110+00:00
gemma-2-9b-it,belief_bank_facts,mlp,4,27416,halu_eval,24,1258,10000,629,629,2473,7527,1.9635,3585,0.24163227877120586,0.21310149615851193,0.64,0.22647185217017618,0.49704965614823166,521.436,10,2026-09-18T18:12:31.621110+00:00
gemma-2-9b-it,belief_bank_facts,mlp,4,27416,halu_eval,42,1258,10000,629,629,2473,7527,2.045,3585,0.24563017479300828,0.5398301657905378,0.4762,0.33763277693474963,0.5000803684441899,524.024,10,2026-09-18T18:12:31.621110+00:00
gemma-2-9b-it,belief_bank_facts,mlp,4,27416,halu_eval,64,1258,10000,629,629,2473,7527,1.1836,3585,0.24720099520170605,0.5624747270521634,0.4682,0.3434567901234568,0.5046972830684586,525.756,10,2026-09-18T18:12:31.621110+00:00
gemma-2-9b-it,belief_bank_facts,mlp,4,27416,halu_eval,67,1258,10000,629,629,2473,7527,1.0123,3585,0.2494864186258845,0.883946623534169,0.3137,0.38914107699154427,0.5098605526909972,527.317,10,2026-09-18T18:12:31.621110+00:00
gemma-2-9b-it,belief_bank_facts,mlp,4,27416,halu_eval,104,1258,10000,629,629,2473,7527,1.1738,3585,0.2472741822546764,0.9995956328346138,0.2474,0.39647153167602245,0.5007745401364362,529.026,10,2026-09-18T18:12:31.621110+00:00
gemma-2-9b-it,belief_bank_facts,mlp,4,27416,halu_eval,123,1258,10000,629,629,2473,7527,1.0323,3585,0.24635389211034966,0.5669227658714112,0.464,0.34345908868201863,0.49944615075175386,530.588,10,2026-09-18T18:12:31.621110+00:00
gemma-2-9b-it,belief_bank_facts,mlp,4,27416,halu_eval,420,1258,10000,629,629,2473,7527,1.0224,3585,0.24564578149739877,0.4391427416093813,0.5278,0.31505657093124456,0.49785938434011195,532.149,10,2026-09-18T18:12:31.621110+00:00
gemma-2-9b-it,belief_bank_facts,mlp,4,27416,halu_eval,511,1258,10000,629,629,2473,7527,1.0428,3585,0.2458696500585404,0.7642539425798626,0.362,0.3720472440944882,0.498002768950769,533.741,10,2026-09-18T18:12:31.621110+00:00
gemma-2-9b-it,belief_bank_facts,mlp,4,27416,halu_eval,mean,0,0,0,0,0,0,1.43624,3585.0,0.2469760478059448,0.6127375657096643,0.44248000000000004,0.33202482778041376,0.5018311622303125,2803.023,10,2026-09-18T18:12:31.621110+00:00
gemma-2-9b-it,belief_bank_facts,mlp,4,27416,halu_eval,std,0,0,0,0,0,0,0.44325702521223515,0.0,0.0027621848933674343,0.28115239579475604,0.14097396780966334,0.06506053885630539,0.004113021337479275,2803.023,10,2026-09-18T18:12:31.621110+00:00
gemma-2-9b-it,belief_bank_facts,mlp,5,27416,belief_bank_facts,2,1258,8225,629,629,270,7955,1.2038,3585,0.17992565055762083,0.8962962962962963,0.8624924012158055,0.2996904024767802,0.9394650464417904,536.639,10,2026-09-18T18:12:31.621110+00:00
gemma-2-9b-it,belief_bank_facts,mlp,5,27416,belief_bank_facts,4,1258,8225,629,629,270,7955,1.2037,3585,0.16482758620689655,0.8851851851851852,0.8489969604863222,0.2779069767441861,0.9294615545778337,538.366,10,2026-09-18T18:12:31.621110+00:00
gemma-2-9b-it,belief_bank_facts,mlp,5,27416,belief_bank_facts,24,1258,8225,629,629,270,7955,1.9231,3585,0.18788819875776397,0.8962962962962963,0.8694224924012158,0.31065468549422337,0.944770351747096,540.813,10,2026-09-18T18:12:31.621110+00:00
gemma-2-9b-it,belief_bank_facts,mlp,5,27416,belief_bank_facts,42,1258,8225,629,629,270,7955,2.1557,3585,0.19402985074626866,0.9148148148148149,0.8724620060790274,0.3201555411535969,0.9457732150755407,543.489,10,2026-09-18T18:12:31.621110+00:00
gemma-2-9b-it,belief_bank_facts,mlp,5,27416,belief_bank_facts,64,1258,8225,629,629,270,7955,1.995,3585,0.1701534170153417,0.9037037037037037,0.8521580547112462,0.2863849765258216,0.940208580673697,546.033,10,2026-09-18T18:12:31.621110+00:00
gemma-2-9b-it,belief_bank_facts,mlp,5,27416,belief_bank_facts,67,1258,8225,629,629,270,7955,1.9234,3585,0.1667844522968198,0.8740740740740741,0.8525227963525835,0.2801186943620178,0.91289149614731,548.481,10,2026-09-18T18:12:31.621110+00:00
gemma-2-9b-it,belief_bank_facts,mlp,5,27416,belief_bank_facts,104,1258,8225,629,629,270,7955,2.0947,3585,0.19078947368421054,0.8592592592592593,0.8757446808510638,0.3122476446837147,0.9377847615056918,551.101,10,2026-09-18T18:12:31.621110+00:00
gemma-2-9b-it,belief_bank_facts,mlp,5,27416,belief_bank_facts,123,1258,8225,629,629,270,7955,2.0344,3585,0.1885310290652003,0.8888888888888888,0.8707598784194529,0.31108230719377833,0.9362213376166865,553.66,10,2026-09-18T18:12:31.621110+00:00
gemma-2-9b-it,belief_bank_facts,mlp,5,27416,belief_bank_facts,420,1258,8225,629,629,270,7955,1.9232,3585,0.19699367088607594,0.9222222222222223,0.8740425531914894,0.3246414602346806,0.9503792164257281,556.095,10,2026-09-18T18:12:31.621110+00:00
gemma-2-9b-it,belief_bank_facts,mlp,5,27416,belief_bank_facts,511,1258,8225,629,629,270,7955,2.0641,3585,0.17869907076483202,0.9259259259259259,0.857872340425532,0.2995805871779509,0.9457853202039248,558.677,10,2026-09-18T18:12:31.621110+00:00
gemma-2-9b-it,belief_bank_facts,mlp,5,27416,belief_bank_facts,mean,0,0,0,0,0,0,1.8521100000000001,3585.0,0.18186223999810303,0.8966666666666667,0.863647416413374,0.30224632760467507,0.93827408804153,2803.023,10,2026-09-18T18:12:31.621110+00:00
gemma-2-9b-it,belief_bank_facts,mlp,5,27416,belief_bank_facts,std,0,0,0,0,0,0,0.33249372460243515,0.0,0.010981179561274335,0.019975980089128598,0.009597511710854755,0.015551015378520949,0.010163373829282844,2803.023,10,2026-09-18T18:12:31.621110+00:00
gemma-2-9b-it,belief_bank_facts,mlp,5,27416,belief_bank_constraints,2,1258,25414,629,629,11520,13894,2.1045,3585,0.4667645824590852,0.9655381944444444,0.4843786889116235,0.6293069306930693,0.612050715336756,561.96,10,2026-09-18T18:12:31.621110+00:00
gemma-2-9b-it,belief_bank_facts,mlp,5,27416,belief_bank_constraints,4,1258,25414,629,629,11520,13894,2.1049,3585,0.49569968633006173,0.8505208333333333,0.5400173132918864,0.62635044428818,0.6207531534645251,565.236,10,2026-09-18T18:12:31.621110+00:00
gemma-2-9b-it,belief_bank_facts,mlp,5,27416,belief_bank_constraints,24,1258,25414,629,629,11520,13894,1.9739,3585,0.6395534290271132,0.1740451388888889,0.5811363815219958,0.2736267485499829,0.6121936127505078,568.371,10,2026-09-18T18:12:31.621110+00:00
gemma-2-9b-it,belief_bank_facts,mlp,5,27416,belief_bank_constraints,42,1258,25414,629,629,11520,13894,2.0138,3585,0.4895615333571538,0.8325520833333333,0.5306130479263398,0.6165664877374563,0.6002010697563297,571.538,10,2026-09-18T18:12:31.621110+00:00
gemma-2-9b-it,belief_bank_facts,mlp,5,27416,belief_bank_constraints,64,1258,25414,629,629,11520,13894,1.9142,3585,0.5033658310120706,0.7529513888888889,0.5512709530180215,0.6033667223149694,0.6064002384622459,574.622,10,2026-09-18T18:12:31.621110+00:00
gemma-2-9b-it,belief_bank_facts,mlp,5,27416,belief_bank_constraints,67,1258,25414,629,629,11520,13894,2.0044,3585,0.5101018822310481,0.7692708333333333,0.5605178248209648,0.6134357802928044,0.6138258370919502,577.8,10,2026-09-18T18:12:31.621110+00:00
gemma-2-9b-it,belief_bank_facts,mlp,5,27416,belief_bank_constraints,104,1258,25414,629,629,11520,13894,2.0544,3585,0.5670307845084409,0.39652777777777776,0.5892028016054144,0.46669391091132,0.6193440907496042,581.008,10,2026-09-18T18:12:31.621110+00:00
gemma-2-9b-it,belief_bank_facts,mlp,5,27416,belief_bank_constraints,123,1258,25414,629,629,11520,13894,1.9935,3585,0.5511289338331444,0.5487847222222222,0.5928622019359409,0.5499543299551999,0.628296055801465,584.153,10,2026-09-18T18:12:31.621110+00:00
gemma-2-9b-it,belief_bank_facts,mlp,5,27416,belief_bank_constraints,420,1258,25414,629,629,11520,13894,1.9639,3585,0.45999185999186,0.9810763888888889,0.4693476036830094,0.6263230811859241,0.6156087247392958,587.286,10,2026-09-18T18:12:31.621110+00:00
gemma-2-9b-it,belief_bank_facts,mlp,5,27416,belief_bank_constraints,511,1258,25414,629,629,11520,13894,2.0846,3585,0.46797264985947395,0.9684027777777777,0.4866215471787204,0.631013320512458,0.6175885305457591,590.542,10,2026-09-18T18:12:31.621110+00:00
gemma-2-9b-it,belief_bank_facts,mlp,5,27416,belief_bank_constraints,mean,0,0,0,0,0,0,2.02121,3585.0,0.5151171172609452,0.7239670138888888,0.5385968363893918,0.5636637756441363,0.6146262028698438,2803.023,10,2026-09-18T18:12:31.621110+00:00
gemma-2-9b-it,belief_bank_facts,mlp,5,27416,belief_bank_constraints,std,0,0,0,0,0,0,0.060942800231036334,0.0,0.05316860698450181,0.255974448430033,0.04296361547553692,0.10828926355662023,0.0073847530437322435,2803.023,10,2026-09-18T18:12:31.621110+00:00
gemma-2-9b-it,belief_bank_facts,mlp,5,27416,halu_eval,2,1258,10000,629,629,2473,7527,2.1861,3585,0.23709902370990238,0.068742418115649,0.715,0.10658307210031348,0.5012757953292932,593.27,10,2026-09-18T18:12:31.621110+00:00
gemma-2-9b-it,belief_bank_facts,mlp,5,27416,halu_eval,4,1258,10000,629,629,2473,7527,2.0237,3585,0.25093378607809846,0.29882733522038013,0.606,0.2727943890734588,0.5054247356772661,595.823,10,2026-09-18T18:12:31.621110+00:00
gemma-2-9b-it,belief_bank_facts,mlp,5,27416,halu_eval,24,1258,10000,629,629,2473,7527,1.933,3585,0.2777777777777778,0.0020218358269308533,0.7519,0.004014452027298274,0.4967499398714029,598.294,10,2026-09-18T18:12:31.621110+00:00
gemma-2-9b-it,belief_bank_facts,mlp,5,27416,halu_eval,42,1258,10000,629,629,2473,7527,2.1148,3585,0.2514253135689852,0.3566518398706025,0.5783,0.29493395753218526,0.5010084198301401,600.959,10,2026-09-18T18:12:31.621110+00:00
gemma-2-9b-it,belief_bank_facts,mlp,5,27416,halu_eval,64,1258,10000,629,629,2473,7527,1.9032,3585,0.21374045801526717,0.011322280630812778,0.7452,0.021505376344086023,0.500414547526465,603.411,10,2026-09-18T18:12:31.621110+00:00
gemma-2-9b-it,belief_bank_facts,mlp,5,27416,halu_eval,67,1258,10000,629,629,2473,7527,1.9939,3585,0.26032425818293053,0.3441164577436312,0.596,0.29641239986067575,0.50970277052483,605.948,10,2026-09-18T18:12:31.621110+00:00
gemma-2-9b-it,belief_bank_facts,mlp,5,27416,halu_eval,104,1258,10000,629,629,2473,7527,2.0439,3585,0.24906320259805145,0.8063081277800243,0.3509,0.3805706651398034,0.5031587323511084,608.519,10,2026-09-18T18:12:31.621110+00:00
gemma-2-9b-it,belief_bank_facts,mlp,5,27416,halu_eval,123,1258,10000,629,629,2473,7527,1.9935,3585,0.24542294322132097,0.4282248281439547,0.533,0.3120212139068945,0.49987471977817444,611.055,10,2026-09-18T18:12:31.621110+00:00
gemma-2-9b-it,belief_bank_facts,mlp,5,27416,halu_eval,420,1258,10000,629,629,2473,7527,2.0244,3585,0.24959630911188005,0.43752527294783666,0.5356,0.31786133960047,0.5036395999606968,613.624,10,2026-09-18T18:12:31.621110+00:00
gemma-2-9b-it,belief_bank_facts,mlp,5,27416,halu_eval,511,1258,10000,629,629,2473,7527,2.0142,3585,0.25234697709350357,0.5434694702790134,0.4889,0.34465957173996664,0.5044590518747686,616.188,10,2026-09-18T18:12:31.621110+00:00
gemma-2-9b-it,belief_bank_facts,mlp,5,27416,halu_eval,mean,0,0,0,0,0,0,2.0230699999999997,3585.0,0.24877300493577176,0.32972098665588356,0.59008,0.23513564373251522,0.5025708312724145,2803.023,10,2026-09-18T18:12:31.621110+00:00
gemma-2-9b-it,belief_bank_facts,mlp,5,27416,halu_eval,std,0,0,0,0,0,0,0.07727522306664665,0.0,0.015410163632327162,0.23935531936817048,0.11830082670886118,0.13047271295725715,0.0033761250002988558,2803.023,10,2026-09-18T18:12:31.621110+00:00
gemma-2-9b-it,belief_bank_facts,mlp,6,27416,belief_bank_facts,2,1258,8225,629,629,270,7955,1.9838,3585,0.17777777777777778,0.8888888888888888,0.8613981762917933,0.2962962962962963,0.934995926158717,619.424,10,2026-09-18T18:12:31.621110+00:00
gemma-2-9b-it,belief_bank_facts,mlp,6,27416,belief_bank_facts,4,1258,8225,629,629,270,7955,1.9131,3585,0.15977575332866154,0.8444444444444444,0.8491185410334346,0.26870948733058336,0.921894918173988,621.847,10,2026-09-18T18:12:31.621110+00:00
gemma-2-9b-it,belief_bank_facts,mlp,6,27416,belief_bank_facts,24,1258,8225,629,629,270,7955,1.8322,3585,0.1735357917570499,0.8888888888888888,0.857386018237082,0.29038112522686027,0.9334446073980958,624.196,10,2026-09-18T18:12:31.621110+00:00
gemma-2-9b-it,belief_bank_facts,mlp,6,27416,belief_bank_facts,42,1258,8225,629,629,270,7955,1.8536,3585,0.17981790591805766,0.8777777777777778,0.8645592705167173,0.29848866498740556,0.930519822147729,626.569,10,2026-09-18T18:12:31.621110+00:00
gemma-2-9b-it,belief_bank_facts,mlp,6,27416,belief_bank_facts,64,1258,8225,629,629,270,7955,1.8633,3585,0.16852367688022285,0.8962962962962963,0.8514285714285714,0.283704572098476,0.9310063551924017,628.954,10,2026-09-18T18:12:31.621110+00:00
gemma-2-9b-it,belief_bank_facts,mlp,6,27416,belief_bank_facts,67,1258,8225,629,629,270,7955,1.8729,3585,0.154557463672391,0.8666666666666667,0.84,0.2623318385650224,0.9106064203738623,631.348,10,2026-09-18T18:12:31.621110+00:00
gemma-2-9b-it,belief_bank_facts,mlp,6,27416,belief_bank_facts,104,1258,8225,629,629,270,7955,1.8627,3585,0.17700453857791226,0.8666666666666667,0.8633434650455927,0.29396984924623115,0.9253718835114183,633.719,10,2026-09-18T18:12:31.621110+00:00
gemma-2-9b-it,belief_bank_facts,mlp,6,27416,belief_bank_facts,123,1258,8225,629,629,270,7955,1.7319,3585,0.17629407351837958,0.8703703703703703,0.8622492401215806,0.29320024953212726,0.9275089042530903,635.962,10,2026-09-18T18:12:31.621110+00:00
gemma-2-9b-it,belief_bank_facts,mlp,6,27416,belief_bank_facts,420,1258,8225,629,629,270,7955,1.9132,3585,0.2011263073209976,0.9259259259259259,0.876838905775076,0.3304692663582287,0.9510906255092302,638.397,10,2026-09-18T18:12:31.621110+00:00
gemma-2-9b-it,belief_bank_facts,mlp,6,27416,belief_bank_facts,511,1258,8225,629,629,270,7955,1.8128,3585,0.17672727272727273,0.9,0.8590881458966565,0.29544072948328265,0.9352100938147451,640.737,10,2026-09-18T18:12:31.621110+00:00
gemma-2-9b-it,belief_bank_facts,mlp,6,27416,belief_bank_facts,mean,0,0,0,0,0,0,1.8639499999999998,3585.0,0.17451405614787227,0.8825925925925926,0.8585410334346504,0.29129920791245134,0.9301649556533279,2803.023,10,2026-09-18T18:12:31.621110+00:00
gemma-2-9b-it,belief_bank_facts,mlp,6,27416,belief_bank_facts,std,0,0,0,0,0,0,0.06360511378812243,0.0,0.011889443654673348,0.021407920024619883,0.00949095629057355,0.017455017849120093,0.009895571356804748,2803.023,10,2026-09-18T18:12:31.621110+00:00
gemma-2-9b-it,belief_bank_facts,mlp,6,27416,belief_bank_constraints,2,1258,25414,629,629,11520,13894,1.9336,3585,0.46059942409863325,0.9858506944444444,0.4702526166679783,0.6278574785084446,0.6136278068420821,643.847,10,2026-09-18T18:12:31.621110+00:00
gemma-2-9b-it,belief_bank_facts,mlp,6,27416,belief_bank_constraints,4,1258,25414,629,629,11520,13894,1.913,3585,0.613381774144717,0.17586805555555557,0.5761784842999921,0.27335896916953384,0.6207369250615773,646.91,10,2026-09-18T18:12:31.621110+00:00
gemma-2-9b-it,belief_bank_facts,mlp,6,27416,belief_bank_constraints,24,1258,25414,629,629,11520,13894,1.8322,3585,0.5166831846712917,0.5430555555555555,0.5626032895254585,0.5295412222786524,0.5838840244290101,649.895,10,2026-09-18T18:12:31.621110+00:00
gemma-2-9b-it,belief_bank_facts,mlp,6,27416,belief_bank_constraints,42,1258,25414,629,629,11520,13894,1.8328,3585,0.5189727865082407,0.5876736111111112,0.5661839930746833,0.5511907185019337,0.5976169113516225,652.898,10,2026-09-18T18:12:31.621110+00:00
gemma-2-9b-it,belief_bank_facts,mlp,6,27416,belief_bank_constraints,64,1258,25414,629,629,11520,13894,1.914,3585,0.5218090962988058,0.5348090277777777,0.5669709608876997,0.5282290907532045,0.5891773077507478,655.978,10,2026-09-18T18:12:31.621110+00:00
gemma-2-9b-it,belief_bank_facts,mlp,6,27416,belief_bank_constraints,67,1258,25414,629,629,11520,13894,1.8131,3585,0.48126653976507733,0.8998263888888889,0.5149523884473125,0.627121207538038,0.6136985214441085,658.935,10,2026-09-18T18:12:31.621110+00:00
gemma-2-9b-it,belief_bank_facts,mlp,6,27416,belief_bank_constraints,104,1258,25414,629,629,11520,13894,1.8525,3585,0.5664481525625745,0.33003472222222224,0.5818053041630598,0.41706888986397544,0.6036562170121396,661.952,10,2026-09-18T18:12:31.621110+00:00
gemma-2-9b-it,belief_bank_facts,mlp,6,27416,belief_bank_constraints,123,1258,25414,629,629,11520,13894,1.8231,3585,0.49884027411702686,0.8214409722222222,0.54497521051389,0.6207281075762545,0.6096579458759177,664.949,10,2026-09-18T18:12:31.621110+00:00
gemma-2-9b-it,belief_bank_facts,mlp,6,27416,belief_bank_constraints,420,1258,25414,629,629,11520,13894,1.8729,3585,0.5068740533612955,0.7552951388888889,0.5559927598961203,0.6066373840898,0.6156413564808151,667.996,10,2026-09-18T18:12:31.621110+00:00
gemma-2-9b-it,belief_bank_facts,mlp,6,27416,belief_bank_constraints,511,1258,25414,629,629,11520,13894,1.8126,3585,0.4583149004624975,0.9892361111111111,0.46513732588337137,0.626411982960011,0.6076300890022472,670.957,10,2026-09-18T18:12:31.621110+00:00
gemma-2-9b-it,belief_bank_facts,mlp,6,27416,belief_bank_constraints,mean,0,0,0,0,0,0,1.8599800000000002,3585.0,0.5143190185990161,0.6623090277777778,0.5405052333359566,0.5408145051239848,0.6055327105250268,2803.023,10,2026-09-18T18:12:31.621110+00:00
gemma-2-9b-it,belief_bank_facts,mlp,6,27416,belief_bank_constraints,std,0,0,0,0,0,0,0.043226468743120805,0.0,0.044748146019415444,0.2617295430333953,0.04044128816925718,0.10968576750661556,0.01135485091187377,2803.023,10,2026-09-18T18:12:31.621110+00:00
gemma-2-9b-it,belief_bank_facts,mlp,6,27416,halu_eval,2,1258,10000,629,629,2473,7527,1.9332,3585,0.2478065700877372,0.9822078447230085,0.2583,0.39576374745417514,0.5060505995641731,673.417,10,2026-09-18T18:12:31.621110+00:00
gemma-2-9b-it,belief_bank_facts,mlp,6,27416,halu_eval,4,1258,10000,629,629,2473,7527,1.8929,3585,0.25073089238479745,0.7282652648604934,0.3946,0.37303231151615573,0.5052009557613082,675.846,10,2026-09-18T18:12:31.621110+00:00
gemma-2-9b-it,belief_bank_facts,mlp,6,27416,halu_eval,24,1258,10000,629,629,2473,7527,1.9135,3585,0.24879333040807372,0.6878285483218762,0.4092,0.36541353383458647,0.4986052368099723,678.307,10,2026-09-18T18:12:31.621110+00:00
gemma-2-9b-it,belief_bank_facts,mlp,6,27416,halu_eval,42,1258,10000,629,629,2473,7527,1.7933,3585,0.2478081225435856,0.9943388596845936,0.2522,0.3967408841561794,0.5038276814601012,680.642,10,2026-09-18T18:12:31.621110+00:00
gemma-2-9b-it,belief_bank_facts,mlp,6,27416,halu_eval,64,1258,10000,629,629,2473,7527,1.9035,3585,0.24976844705155912,0.6542660735948241,0.4285,0.3615238520835661,0.503172726989953,683.09,10,2026-09-18T18:12:31.621110+00:00
gemma-2-9b-it,belief_bank_facts,mlp,6,27416,halu_eval,67,1258,10000,629,629,2473,7527,1.883,3585,0.24888156345655757,0.8548321876263647,0.3261,0.38552019695449985,0.5006893366922616,685.5,10,2026-09-18T18:12:31.621110+00:00
gemma-2-9b-it,belief_bank_facts,mlp,6,27416,halu_eval,104,1258,10000,629,629,2473,7527,1.8021,3585,0.24554094518942846,0.7626364739183178,0.3618,0.371479220011818,0.4968800550932132,687.839,10,2026-09-18T18:12:31.621110+00:00
gemma-2-9b-it,belief_bank_facts,mlp,6,27416,halu_eval,123,1258,10000,629,629,2473,7527,1.8128,3585,0.23980582524271846,0.3995147594015366,0.5383,0.29971181556195964,0.4887316027579055,690.197,10,2026-09-18T18:12:31.621110+00:00
gemma-2-9b-it,belief_bank_facts,mlp,6,27416,halu_eval,420,1258,10000,629,629,2473,7527,1.8836,3585,0.23836951705804166,0.4350990699555196,0.5165,0.30800057249177043,0.4936281952701773,692.627,10,2026-09-18T18:12:31.621110+00:00
gemma-2-9b-it,belief_bank_facts,mlp,6,27416,halu_eval,511,1258,10000,629,629,2473,7527,1.7931,3585,0.24711815561959655,0.9708855640921957,0.2613,0.3939617688079416,0.49557887601400025,694.963,10,2026-09-18T18:12:31.621110+00:00
gemma-2-9b-it,belief_bank_facts,mlp,6,27416,halu_eval,mean,0,0,0,0,0,0,1.8611,3585.0,0.2464623369042096,0.7469874646178731,0.37468,0.36511479028726523,0.4992365266413065,2803.023,10,2026-09-18T18:12:31.621110+00:00
gemma-2-9b-it,belief_bank_facts,mlp,6,27416,halu_eval,std,0,0,0,0,0,0,0.05174336672463441,0.0,0.003938745502115745,0.20223161984938823,0.09761968858790732,0.03293001267868077,0.005308726184393419,2803.023,10,2026-09-18T18:12:31.621110+00:00
gemma-2-9b-it,belief_bank_facts,mlp,7,27416,belief_bank_facts,2,1258,8225,629,629,270,7955,1.9636,3585,0.19294117647058823,0.9111111111111111,0.8719756838905776,0.31844660194174756,0.945461740810578,698.123,10,2026-09-18T18:12:31.621110+00:00
gemma-2-9b-it,belief_bank_facts,mlp,7,27416,belief_bank_facts,4,1258,8225,629,629,270,7955,1.7621,3585,0.16201497617426822,0.8814814814814815,0.8464437689969605,0.273720529039678,0.9245203342877762,700.41,10,2026-09-18T18:12:31.621110+00:00
gemma-2-9b-it,belief_bank_facts,mlp,7,27416,belief_bank_facts,24,1258,8225,629,629,270,7955,1.8528,3585,0.18181818181818182,0.8888888888888888,0.8650455927051671,0.3018867924528302,0.9399827734711456,702.785,10,2026-09-18T18:12:31.621110+00:00
gemma-2-9b-it,belief_bank_facts,mlp,7,27416,belief_bank_facts,42,1258,8225,629,629,270,7955,1.8437,3585,0.1875,0.9,0.8686930091185411,0.3103448275862069,0.9444486346811928,705.153,10,2026-09-18T18:12:31.621110+00:00
gemma-2-9b-it,belief_bank_facts,mlp,7,27416,belief_bank_facts,64,1258,8225,629,629,270,7955,1.7222,3585,0.17918215613382898,0.8925925925925926,0.8622492401215806,0.29845201238390096,0.9402109085830017,707.401,10,2026-09-18T18:12:31.621110+00:00
gemma-2-9b-it,belief_bank_facts,mlp,7,27416,belief_bank_facts,67,1258,8225,629,629,270,7955,1.8325,3585,0.17686072218128224,0.8888888888888888,0.8605471124620061,0.29502151198524895,0.9179290918825804,709.754,10,2026-09-18T18:12:31.621110+00:00
gemma-2-9b-it,belief_bank_facts,mlp,7,27416,belief_bank_facts,104,1258,8225,629,629,270,7955,0.8809,3585,0.18908227848101267,0.8851851851851852,0.8716109422492401,0.3116036505867014,0.9344744744744745,711.143,10,2026-09-18T18:12:31.621110+00:00
gemma-2-9b-it,belief_bank_facts,mlp,7,27416,belief_bank_facts,123,1258,8225,629,629,270,7955,0.9111,3585,0.1812548412083656,0.8666666666666667,0.867112462006079,0.29980781550288277,0.9326158716856392,712.562,10,2026-09-18T18:12:31.621110+00:00
gemma-2-9b-it,belief_bank_facts,mlp,7,27416,belief_bank_facts,420,1258,8225,629,629,270,7955,0.9919,3585,0.1972624798711755,0.9074074074074074,0.8757446808510638,0.32407407407407407,0.9514900947459087,714.069,10,2026-09-18T18:12:31.621110+00:00
gemma-2-9b-it,belief_bank_facts,mlp,7,27416,belief_bank_facts,511,1258,8225,629,629,270,7955,0.8913,3585,0.1748201438848921,0.9,0.8572644376899696,0.2927710843373494,0.9451004492864958,715.49,10,2026-09-18T18:12:31.621110+00:00
gemma-2-9b-it,belief_bank_facts,mlp,7,27416,belief_bank_facts,mean,0,0,0,0,0,0,1.46521,3585.0,0.18227369562235954,0.8922222222222222,0.8646686930091185,0.302612889989062,0.9376234373908794,2803.023,10,2026-09-18T18:12:31.621110+00:00
gemma-2-9b-it,belief_bank_facts,mlp,7,27416,belief_bank_facts,std,0,0,0,0,0,0,0.4508673717402935,0.0,0.009582298581765285,0.012444664901045508,0.008101763128665198,0.013663355130875498,0.00981337823189163,2803.023,10,2026-09-18T18:12:31.621110+00:00
gemma-2-9b-it,belief_bank_facts,mlp,7,27416,belief_bank_constraints,2,1258,25414,629,629,11520,13894,1.0432,3585,0.47382347382347384,0.8704861111111111,0.5031085228614149,0.6136335821808836,0.5815984998770453,717.709,10,2026-09-18T18:12:31.621110+00:00
gemma-2-9b-it,belief_bank_facts,mlp,7,27416,belief_bank_constraints,4,1258,25414,629,629,11520,13894,0.952,3585,0.5866836456248863,0.2799479166666667,0.5842055559927599,0.37903273197390847,0.6056956539993282,719.836,10,2026-09-18T18:12:31.621110+00:00
gemma-2-9b-it,belief_bank_facts,mlp,7,27416,belief_bank_constraints,24,1258,25414,629,629,11520,13894,0.9218,3585,0.5110045761603835,0.4071180555555556,0.5546549146139923,0.4531838825007247,0.5627603916758632,721.921,10,2026-09-18T18:12:31.621110+00:00
gemma-2-9b-it,belief_bank_facts,mlp,7,27416,belief_bank_constraints,42,1258,25414,629,629,11520,13894,0.9218,3585,0.537092731829574,0.3720486111111111,0.570000786967813,0.43958974358974356,0.5858660762839276,723.97,10,2026-09-18T18:12:31.621110+00:00
gemma-2-9b-it,belief_bank_facts,mlp,7,27416,belief_bank_constraints,64,1258,25414,629,629,11520,13894,1.7217,3585,0.554718875502008,0.1918402777777778,0.5638624380262848,0.2850877192982456,0.5773717147089872,726.851,10,2026-09-18T18:12:31.621110+00:00
gemma-2-9b-it,belief_bank_facts,mlp,7,27416,belief_bank_constraints,67,1258,25414,629,629,11520,13894,1.8022,3585,0.5566700100300903,0.3854166666666667,0.5822774848508696,0.4554780467788264,0.5948921265724214,729.822,10,2026-09-18T18:12:31.621110+00:00
gemma-2-9b-it,belief_bank_facts,mlp,7,27416,belief_bank_constraints,104,1258,25414,629,629,11520,13894,1.8326,3585,0.6202380952380953,0.09045138888888889,0.5626032895254585,0.15787878787878787,0.5827335165659038,732.827,10,2026-09-18T18:12:31.621110+00:00
gemma-2-9b-it,belief_bank_facts,mlp,7,27416,belief_bank_constraints,123,1258,25414,629,629,11520,13894,1.7619,3585,0.5786262753760387,0.4775173611111111,0.6055323837255057,0.5232320350026157,0.631838883290949,735.732,10,2026-09-18T18:12:31.621110+00:00
gemma-2-9b-it,belief_bank_facts,mlp,7,27416,belief_bank_constraints,420,1258,25414,629,629,11520,13894,1.8315,3585,0.6425438596491229,0.10173611111111111,0.5671677028409539,0.17565947242206234,0.5953716094977048,738.706,10,2026-09-18T18:12:31.621110+00:00
gemma-2-9b-it,belief_bank_facts,mlp,7,27416,belief_bank_constraints,511,1258,25414,629,629,11520,13894,1.8813,3585,0.4613482034447093,0.8905381944444445,0.4790666561737625,0.6078146754747163,0.5573601477156407,741.761,10,2026-09-18T18:12:31.621110+00:00
gemma-2-9b-it,belief_bank_facts,mlp,7,27416,belief_bank_constraints,mean,0,0,0,0,0,0,1.467,3585.0,0.5522749746678383,0.4067100694444445,0.5572479735578815,0.4090590677100514,0.5875488620187771,2803.023,10,2026-09-18T18:12:31.621110+00:00
gemma-2-9b-it,belief_bank_facts,mlp,7,27416,belief_bank_constraints,std,0,0,0,0,0,0,0.4173347289646525,0.0,0.05570202512201822,0.266666997414843,0.036149910434310546,0.15272891449837725,0.02024069698839312,2803.023,10,2026-09-18T18:12:31.621110+00:00
gemma-2-9b-it,belief_bank_facts,mlp,7,27416,halu_eval,2,1258,10000,629,629,2473,7527,1.9015,3585,0.245985401459854,0.272543469470279,0.6135,0.25858430845962016,0.49773063903496406,744.215,10,2026-09-18T18:12:31.621110+00:00
gemma-2-9b-it,belief_bank_facts,mlp,7,27416,halu_eval,4,1258,10000,629,629,2473,7527,1.841,3585,0.2504037033049844,0.940558026688233,0.289,0.3955109675225302,0.5091597194432165,746.605,10,2026-09-18T18:12:31.621110+00:00
gemma-2-9b-it,belief_bank_facts,mlp,7,27416,halu_eval,24,1258,10000,629,629,2473,7527,1.8328,3585,0.2381625441696113,0.272543469470279,0.6045,0.2541957382613615,0.4981265986725991,748.996,10,2026-09-18T18:12:31.621110+00:00
gemma-2-9b-it,belief_bank_facts,mlp,7,27416,halu_eval,42,1258,10000,629,629,2473,7527,1.9046,3585,0.24783651339797727,0.9611807521229276,0.269,0.39406498673740054,0.5020432441324186,751.464,10,2026-09-18T18:12:31.621110+00:00
gemma-2-9b-it,belief_bank_facts,mlp,7,27416,halu_eval,64,1258,10000,629,629,2473,7527,1.7519,3585,0.23394495412844038,0.08249090173877881,0.7063,0.12197309417040358,0.4948299882385939,753.751,10,2026-09-18T18:12:31.621110+00:00
gemma-2-9b-it,belief_bank_facts,mlp,7,27416,halu_eval,67,1258,10000,629,629,2473,7527,1.7619,3585,0.24152803450400492,0.31702385766275776,0.5849,0.2741738066095471,0.49866022150424266,756.063,10,2026-09-18T18:12:31.621110+00:00
gemma-2-9b-it,belief_bank_facts,mlp,7,27416,halu_eval,104,1258,10000,629,629,2473,7527,1.8325,3585,0.24962978633382696,0.9543065103113627,0.2793,0.3957407562672927,0.5020925342711514,758.441,10,2026-09-18T18:12:31.621110+00:00
gemma-2-9b-it,belief_bank_facts,mlp,7,27416,halu_eval,123,1258,10000,629,629,2473,7527,1.8223,3585,0.24263589432128757,0.32308936514355036,0.5832,0.27714186611168923,0.49495521473819737,760.803,10,2026-09-18T18:12:31.621110+00:00
gemma-2-9b-it,belief_bank_facts,mlp,7,27416,halu_eval,420,1258,10000,629,629,2473,7527,1.8118,3585,0.23984526112185686,0.30084917104731096,0.5913,0.26690582959641257,0.4969550513151979,763.145,10,2026-09-18T18:12:31.621110+00:00
gemma-2-9b-it,belief_bank_facts,mlp,7,27416,halu_eval,511,1258,10000,629,629,2473,7527,1.8609,3585,0.24271118863692998,0.3938536190861302,0.5462,0.3003391921060746,0.49725836698090403,765.546,10,2026-09-18T18:12:31.621110+00:00
gemma-2-9b-it,belief_bank_facts,mlp,7,27416,halu_eval,mean,0,0,0,0,0,0,1.8321200000000002,3585.0,0.24326832813787735,0.48184391427416096,0.50672,0.29386305458423323,0.49918115783314854,2803.023,10,2026-09-18T18:12:31.621110+00:00
gemma-2-9b-it,belief_bank_facts,mlp,7,27416,halu_eval,std,0,0,0,0,0,0,0.047801794945378354,0.0,0.004980795646243357,0.31676009435632313,0.1539809975289159,0.08034421751538962,0.004064120615741961,2803.023,10,2026-09-18T18:12:31.621110+00:00
gemma-2-9b-it,belief_bank_facts,mlp,8,27416,belief_bank_facts,2,1258,8225,629,629,270,7955,1.7018,3585,0.235626767200754,0.9259259259259259,0.8989665653495441,0.3756574004507889,0.9653132201969411,768.423,10,2026-09-18T18:12:31.621110+00:00
gemma-2-9b-it,belief_bank_facts,mlp,8,27416,belief_bank_facts,4,1258,8225,629,629,270,7955,1.7307,3585,0.2179261862917399,0.9185185185185185,0.8891185410334347,0.3522727272727273,0.9545056684591567,770.684,10,2026-09-18T18:12:31.621110+00:00
gemma-2-9b-it,belief_bank_facts,mlp,8,27416,belief_bank_facts,24,1258,8225,629,629,270,7955,1.7204,3585,0.22583559168925021,0.9259259259259259,0.8933738601823709,0.36310820624546114,0.9535772982284612,772.927,10,2026-09-18T18:12:31.621110+00:00
gemma-2-9b-it,belief_bank_facts,mlp,8,27416,belief_bank_facts,42,1258,8225,629,629,270,7955,1.5595,3585,0.21379897785349233,0.9296296296296296,0.8854711246200608,0.3476454293628809,0.9598640500966082,775.007,10,2026-09-18T18:12:31.621110+00:00
gemma-2-9b-it,belief_bank_facts,mlp,8,27416,belief_bank_facts,64,1258,8225,629,629,270,7955,1.6497,3585,0.21966341895482727,0.9185185185185185,0.8902127659574468,0.3545389563974267,0.9644034732406825,777.165,10,2026-09-18T18:12:31.621110+00:00
gemma-2-9b-it,belief_bank_facts,mlp,8,27416,belief_bank_facts,67,1258,8225,629,629,270,7955,1.7401,3585,0.2006661115736886,0.8925925925925926,0.879756838905775,0.32766825288919105,0.9451204693065158,779.419,10,2026-09-18T18:12:31.621110+00:00
gemma-2-9b-it,belief_bank_facts,mlp,8,27416,belief_bank_facts,104,1258,8225,629,629,270,7955,1.6906,3585,0.23921568627450981,0.9037037037037037,0.9024924012158054,0.37829457364341085,0.9619447354331074,781.638,10,2026-09-18T18:12:31.621110+00:00
gemma-2-9b-it,belief_bank_facts,mlp,8,27416,belief_bank_facts,123,1258,8225,629,629,270,7955,1.6198,3585,0.21809954751131222,0.8925925925925926,0.8914285714285715,0.35054545454545455,0.9570142235258514,783.785,10,2026-09-18T18:12:31.621110+00:00
gemma-2-9b-it,belief_bank_facts,mlp,8,27416,belief_bank_facts,420,1258,8225,629,629,270,7955,1.6615,3585,0.24564796905222436,0.9407407407407408,0.9032218844984803,0.3895705521472393,0.9698126033009755,785.975,10,2026-09-18T18:12:31.621110+00:00
gemma-2-9b-it,belief_bank_facts,mlp,8,27416,belief_bank_facts,511,1258,8225,629,629,270,7955,1.6205,3585,0.21030756442227763,0.937037037037037,0.8824316109422492,0.34351663272233535,0.9605447307772889,788.115,10,2026-09-18T18:12:31.621110+00:00
gemma-2-9b-it,belief_bank_facts,mlp,8,27416,belief_bank_facts,mean,0,0,0,0,0,0,1.6694600000000002,3585.0,0.2226787820824076,0.9185185185185185,0.8916474164133739,0.3582818185676916,0.9592100472565589,2803.023,10,2026-09-18T18:12:31.621110+00:00
gemma-2-9b-it,belief_bank_facts,mlp,8,27416,belief_bank_facts,std,0,0,0,0,0,0,0.054987474937480046,0.0,0.01322033698168583,0.01622881651867158,0.007622974262469793,0.01755848368778567,0.006659722948108995,2803.023,10,2026-09-18T18:12:31.621110+00:00
gemma-2-9b-it,belief_bank_facts,mlp,8,27416,belief_bank_constraints,2,1258,25414,629,629,11520,13894,1.7302,3585,0.5351462994836489,0.6747395833333333,0.5868812465570158,0.5968899980802457,0.6332196189302337,790.998,10,2026-09-18T18:12:31.621110+00:00
gemma-2-9b-it,belief_bank_facts,mlp,8,27416,belief_bank_constraints,4,1258,25414,629,629,11520,13894,1.6907,3585,0.697089294523927,0.12265625,0.5781459038325333,0.20860707167638592,0.6313301517541545,793.862,10,2026-09-18T18:12:31.621110+00:00
gemma-2-9b-it,belief_bank_facts,mlp,8,27416,belief_bank_constraints,24,1258,25414,629,629,11520,13894,1.7104,3585,0.5747924784008132,0.29453125,0.5814511686472024,0.3894851632899041,0.6459916750635766,796.751,10,2026-09-18T18:12:31.621110+00:00
gemma-2-9b-it,belief_bank_facts,mlp,8,27416,belief_bank_constraints,42,1258,25414,629,629,11520,13894,1.6199,3585,0.5460263382034987,0.7234375,0.6019910285669317,0.622335063286413,0.6508489001047615,799.543,10,2026-09-18T18:12:31.621110+00:00
gemma-2-9b-it,belief_bank_facts,mlp,8,27416,belief_bank_constraints,64,1258,25414,629,629,11520,13894,1.6094,3585,0.6261373035566584,0.26284722222222223,0.5947115762965295,0.3702616776718024,0.6485877572053484,802.286,10,2026-09-18T18:12:31.621110+00:00
gemma-2-9b-it,belief_bank_facts,mlp,8,27416,belief_bank_constraints,67,1258,25414,629,629,11520,13894,1.7302,3585,0.6120571126388155,0.50234375,0.6300857794916188,0.5517997616209773,0.6689108345628808,805.171,10,2026-09-18T18:12:31.621110+00:00
gemma-2-9b-it,belief_bank_facts,mlp,8,27416,belief_bank_constraints,104,1258,25414,629,629,11520,13894,1.7016,3585,0.5584900798763205,0.3763020833333333,0.5824348784134729,0.4496421533035992,0.6236504029017322,808.054,10,2026-09-18T18:12:31.621110+00:00
gemma-2-9b-it,belief_bank_facts,mlp,8,27416,belief_bank_constraints,123,1258,25414,629,629,11520,13894,1.6,3585,0.5836692387423702,0.43993055555555555,0.6038797513181711,0.5017076671781419,0.6381039433738385,810.826,10,2026-09-18T18:12:31.621110+00:00
gemma-2-9b-it,belief_bank_facts,mlp,8,27416,belief_bank_constraints,420,1258,25414,629,629,11520,13894,1.7011,3585,0.5000499800079968,0.8684895833333334,0.5467852364838278,0.634673940624207,0.6428021738000416,813.674,10,2026-09-18T18:12:31.621110+00:00
gemma-2-9b-it,belief_bank_facts,mlp,8,27416,belief_bank_constraints,511,1258,25414,629,629,11520,13894,1.5694,3585,0.5107729231440572,0.8128472222222223,0.562249154009601,0.6273406357819985,0.6360234371251379,816.375,10,2026-09-18T18:12:31.621110+00:00
gemma-2-9b-it,belief_bank_facts,mlp,8,27416,belief_bank_constraints,mean,0,0,0,0,0,0,1.66629,3585.0,0.5744231048578107,0.5078125,0.5868615723616906,0.49527431325136756,0.6419468894821706,2803.023,10,2026-09-18T18:12:31.621110+00:00
gemma-2-9b-it,belief_bank_facts,mlp,8,27416,belief_bank_constraints,std,0,0,0,0,0,0,0.0568679074698551,0.0,0.05604365335928198,0.239430157480325,0.021875074150803732,0.13328929827076128,0.012004125825310628,2803.023,10,2026-09-18T18:12:31.621110+00:00
gemma-2-9b-it,belief_bank_facts,mlp,8,27416,halu_eval,2,1258,10000,629,629,2473,7527,1.7303,3585,0.24380530973451328,0.44561261625556003,0.5211,0.3151723151723152,0.49624293640078626,818.66,10,2026-09-18T18:12:31.621110+00:00
gemma-2-9b-it,belief_bank_facts,mlp,8,27416,halu_eval,4,1258,10000,629,629,2473,7527,1.7507,3585,0.2523349436392915,0.6336433481601293,0.4451,0.36093516065875847,0.5086231956115821,820.961,10,2026-09-18T18:12:31.621110+00:00
gemma-2-9b-it,belief_bank_facts,mlp,8,27416,halu_eval,24,1258,10000,629,629,2473,7527,1.671,3585,0.25015456906145667,0.8180347755762232,0.3486,0.38314393939393937,0.5096070375251333,823.18,10,2026-09-18T18:12:31.621110+00:00
gemma-2-9b-it,belief_bank_facts,mlp,8,27416,halu_eval,42,1258,10000,629,629,2473,7527,1.6198,3585,0.2493641373463332,0.9514759401536595,0.2797,0.39516332185741876,0.510804881910229,825.348,10,2026-09-18T18:12:31.621110+00:00
gemma-2-9b-it,belief_bank_facts,mlp,8,27416,halu_eval,64,1258,10000,629,629,2473,7527,1.6208,3585,0.2508274231678487,0.8580671249494541,0.3311,0.38818256654166283,0.5077604167254254,827.497,10,2026-09-18T18:12:31.621110+00:00
gemma-2-9b-it,belief_bank_facts,mlp,8,27416,halu_eval,67,1258,10000,629,629,2473,7527,1.7113,3585,0.246294734305338,0.8265264860493328,0.3316,0.37950241366505755,0.5007481088031865,829.747,10,2026-09-18T18:12:31.621110+00:00
gemma-2-9b-it,belief_bank_facts,mlp,8,27416,halu_eval,104,1258,10000,629,629,2473,7527,1.7423,3585,0.24912959381044486,0.7812373635260816,0.3636,0.3777864685177943,0.5067759032840986,832.031,10,2026-09-18T18:12:31.621110+00:00
gemma-2-9b-it,belief_bank_facts,mlp,8,27416,halu_eval,123,1258,10000,629,629,2473,7527,1.5705,3585,0.24640613353210522,0.9357056207035989,0.2764,0.39008766014834795,0.503573736516461,834.147,10,2026-09-18T18:12:31.621110+00:00
gemma-2-9b-it,belief_bank_facts,mlp,8,27416,halu_eval,420,1258,10000,629,629,2473,7527,1.6814,3585,0.2470389170896785,0.4132632430246664,0.5434,0.3092284417549168,0.5057654151484094,836.376,10,2026-09-18T18:12:31.621110+00:00
gemma-2-9b-it,belief_bank_facts,mlp,8,27416,halu_eval,511,1258,10000,629,629,2473,7527,1.6412,3585,0.24953249181860682,0.8633238980994743,0.3241,0.3871611206818388,0.5115400705190121,838.554,10,2026-09-18T18:12:31.621110+00:00
gemma-2-9b-it,belief_bank_facts,mlp,8,27416,halu_eval,mean,0,0,0,0,0,0,1.67393,3585.0,0.24848882535056163,0.7526890416498181,0.37646999999999997,0.36863634083920493,0.5061441702444324,2803.023,10,2026-09-18T18:12:31.621110+00:00
gemma-2-9b-it,belief_bank_facts,mlp,8,27416,halu_eval,std,0,0,0,0,0,0,0.057208776424601135,0.0,0.0024185027594380514,0.18181601466601546,0.08979349698057204,0.029577589000424,0.004537497378261172,2803.023,10,2026-09-18T18:12:31.621110+00:00
gemma-2-9b-it,belief_bank_facts,mlp,9,27416,belief_bank_facts,2,1258,8225,629,629,270,7955,1.5905,3585,0.2700106723585913,0.937037037037037,0.9147720364741642,0.41922120961060483,0.973207626230882,841.327,10,2026-09-18T18:12:31.621110+00:00
gemma-2-9b-it,belief_bank_facts,mlp,9,27416,belief_bank_facts,4,1258,8225,629,629,270,7955,1.6408,3585,0.2418738049713193,0.937037037037037,0.9015197568389057,0.3844984802431611,0.9671196778173522,843.486,10,2026-09-18T18:12:31.621110+00:00
gemma-2-9b-it,belief_bank_facts,mlp,9,27416,belief_bank_facts,24,1258,8225,629,629,270,7955,1.6915,3585,0.2691489361702128,0.937037037037037,0.9144072948328268,0.41818181818181815,0.9715394464231675,845.701,10,2026-09-18T18:12:31.621110+00:00
gemma-2-9b-it,belief_bank_facts,mlp,9,27416,belief_bank_facts,42,1258,8225,629,629,270,7955,1.5609,3585,0.22823098075160403,0.9222222222222223,0.8950759878419453,0.36590742101396034,0.9683492795120703,847.789,10,2026-09-18T18:12:31.621110+00:00
gemma-2-9b-it,belief_bank_facts,mlp,9,27416,belief_bank_facts,64,1258,8225,629,629,270,7955,1.561,3585,0.25124626121635096,0.9333333333333333,0.9065045592705168,0.39591516103692065,0.9713196917848081,849.875,10,2026-09-18T18:12:31.621110+00:00
gemma-2-9b-it,belief_bank_facts,mlp,9,27416,belief_bank_facts,67,1258,8225,629,629,270,7955,1.5309,3585,0.21981981981981982,0.9037037037037037,0.8915501519756839,0.3536231884057971,0.9600367809670136,851.923,10,2026-09-18T18:12:31.621110+00:00
gemma-2-9b-it,belief_bank_facts,mlp,9,27416,belief_bank_facts,104,1258,8225,629,629,270,7955,1.7317,3585,0.2553191489361702,0.9333333333333333,0.9084498480243162,0.4009546539379475,0.975398654468422,854.16,10,2026-09-18T18:12:31.621110+00:00
gemma-2-9b-it,belief_bank_facts,mlp,9,27416,belief_bank_facts,123,1258,8225,629,629,270,7955,1.6107,3585,0.2692725298588491,0.9185185185185185,0.9155015197568389,0.4164567590260285,0.9682985310892288,856.283,10,2026-09-18T18:12:31.621110+00:00
gemma-2-9b-it,belief_bank_facts,mlp,9,27416,belief_bank_facts,420,1258,8225,629,629,270,7955,1.5207,3585,0.26963906581740976,0.9407407407407408,0.9144072948328268,0.41914191419141916,0.9747072654049398,858.324,10,2026-09-18T18:12:31.621110+00:00
gemma-2-9b-it,belief_bank_facts,mlp,9,27416,belief_bank_facts,511,1258,8225,629,629,270,7955,1.5304,3585,0.23139013452914797,0.9555555555555556,0.8943465045592706,0.3725631768953069,0.9704904904904905,860.378,10,2026-09-18T18:12:31.621110+00:00
gemma-2-9b-it,belief_bank_facts,mlp,9,27416,belief_bank_facts,mean,0,0,0,0,0,0,1.5969099999999998,3585.0,0.25059513544294754,0.9318518518518519,0.9056534954407296,0.39464637825429644,0.9700467444188374,2803.023,10,2026-09-18T18:12:31.621110+00:00
gemma-2-9b-it,belief_bank_facts,mlp,9,27416,belief_bank_facts,std,0,0,0,0,0,0,0.06815299626575491,0.0,0.018296536125007687,0.013374422285383556,0.008931164985791995,0.02318284882362862,0.004232077029884206,2803.023,10,2026-09-18T18:12:31.621110+00:00
gemma-2-9b-it,belief_bank_facts,mlp,9,27416,belief_bank_constraints,2,1258,25414,629,629,11520,13894,1.6109,3585,0.644157369348209,0.28567708333333336,0.6046667191311875,0.3958145408623489,0.6489078019288901,863.159,10,2026-09-18T18:12:31.621110+00:00
gemma-2-9b-it,belief_bank_facts,mlp,9,27416,belief_bank_constraints,4,1258,25414,629,629,11520,13894,1.631,3585,0.6732851985559567,0.032378472222222225,0.554261430707484,0.06178565512671857,0.5926571053102458,865.937,10,2026-09-18T18:12:31.621110+00:00
gemma-2-9b-it,belief_bank_facts,mlp,9,27416,belief_bank_constraints,24,1258,25414,629,629,11520,13894,1.7213,3585,0.8518518518518519,0.04991319444444445,0.5653970252616668,0.0943009430094301,0.675662474959215,868.809,10,2026-09-18T18:12:31.621110+00:00
gemma-2-9b-it,belief_bank_facts,mlp,9,27416,belief_bank_constraints,42,1258,25414,629,629,11520,13894,1.5306,3585,0.5790161079669134,0.1154513888888889,0.5609900055087746,0.19251646522399943,0.6235438483638021,871.516,10,2026-09-18T18:12:31.621110+00:00
gemma-2-9b-it,belief_bank_facts,mlp,9,27416,belief_bank_constraints,64,1258,25414,629,629,11520,13894,1.5508,3585,0.6805460750853243,0.08654513888888889,0.5675218383568112,0.1535618020793223,0.6311127192693089,874.242,10,2026-09-18T18:12:31.621110+00:00
gemma-2-9b-it,belief_bank_facts,mlp,9,27416,belief_bank_constraints,67,1258,25414,629,629,11520,13894,1.5812,3585,0.6554238833181404,0.062413194444444445,0.5601243409144566,0.1139732107474043,0.6386867195372103,876.996,10,2026-09-18T18:12:31.621110+00:00
gemma-2-9b-it,belief_bank_facts,mlp,9,27416,belief_bank_constraints,104,1258,25414,629,629,11520,13894,1.6911,3585,0.6309878926127391,0.3121527777777778,0.605453686944204,0.4176781462338115,0.6626726114789757,879.826,10,2026-09-18T18:12:31.621110+00:00
gemma-2-9b-it,belief_bank_facts,mlp,9,27416,belief_bank_constraints,123,1258,25414,629,629,11520,13894,1.6109,3585,0.7119815668202765,0.026822916666666665,0.5539466435822775,0.05169817634264681,0.6477401066407562,882.589,10,2026-09-18T18:12:31.621110+00:00
gemma-2-9b-it,belief_bank_facts,mlp,9,27416,belief_bank_constraints,420,1258,25414,629,629,11520,13894,0.6202,3585,0.5798753485320649,0.6138020833333333,0.6233572046903282,0.596356582609429,0.675798418681925,884.376,10,2026-09-18T18:12:31.621110+00:00
gemma-2-9b-it,belief_bank_facts,mlp,9,27416,belief_bank_constraints,511,1258,25414,629,629,11520,13894,0.6199,3585,0.64794921875,0.3455729166666667,0.6182419139057213,0.4507472826086957,0.6692056260796027,886.169,10,2026-09-18T18:12:31.621110+00:00
gemma-2-9b-it,belief_bank_facts,mlp,9,27416,belief_bank_constraints,mean,0,0,0,0,0,0,1.41679,3585.0,0.6655074512841477,0.19307291666666665,0.5813960809002913,0.25284328048438065,0.6465987432249932,2803.023,10,2026-09-18T18:12:31.621110+00:00
gemma-2-9b-it,belief_bank_facts,mlp,9,27416,belief_bank_constraints,std,0,0,0,0,0,0,0.4020879218529201,0.0,0.07351308583443579,0.1820512377756234,0.026543855041003563,0.1842980661364625,0.024933996750382038,2803.023,10,2026-09-18T18:12:31.621110+00:00
gemma-2-9b-it,belief_bank_facts,mlp,9,27416,halu_eval,2,1258,10000,629,629,2473,7527,0.7302,3585,0.24954351795496044,0.49737161342498987,0.5058,0.3323426101053769,0.5017773728554827,887.45,10,2026-09-18T18:12:31.621110+00:00
gemma-2-9b-it,belief_bank_facts,mlp,9,27416,halu_eval,4,1258,10000,629,629,2473,7527,0.7001,3585,0.24808633454636717,0.7994338859684593,0.3512,0.3786630913618081,0.5055672875934814,888.697,10,2026-09-18T18:12:31.621110+00:00
gemma-2-9b-it,belief_bank_facts,mlp,9,27416,halu_eval,24,1258,10000,629,629,2473,7527,0.8216,3585,0.25542894001290045,0.48038819247877074,0.5252,0.3335204941044357,0.5057795440928092,890.062,10,2026-09-18T18:12:31.621110+00:00
gemma-2-9b-it,belief_bank_facts,mlp,9,27416,halu_eval,42,1258,10000,629,629,2473,7527,0.6597,3585,0.2485677540044429,0.8596845936109988,0.3226,0.3856339561037548,0.49930631180775226,891.249,10,2026-09-18T18:12:31.621110+00:00
gemma-2-9b-it,belief_bank_facts,mlp,9,27416,halu_eval,64,1258,10000,629,629,2473,7527,0.6094,3585,0.24430338541666666,0.6069551152446422,0.4385,0.34838110711384473,0.5006605953034636,892.39,10,2026-09-18T18:12:31.621110+00:00
gemma-2-9b-it,belief_bank_facts,mlp,9,27416,halu_eval,67,1258,10000,629,629,2473,7527,0.6594,3585,0.2489732332530803,0.710877476748888,0.3982,0.36878539962240403,0.4996508592788834,893.579,10,2026-09-18T18:12:31.621110+00:00
gemma-2-9b-it,belief_bank_facts,mlp,9,27416,halu_eval,104,1258,10000,629,629,2473,7527,1.7213,3585,0.24784096464070393,0.6150424585523655,0.4432,0.3533101045296167,0.4998043168061752,895.836,10,2026-09-18T18:12:31.621110+00:00
gemma-2-9b-it,belief_bank_facts,mlp,9,27416,halu_eval,123,1258,10000,629,629,2473,7527,1.6112,3585,0.24773768950522976,0.8524059846340477,0.3234,0.38390092879256965,0.49959230205684657,897.998,10,2026-09-18T18:12:31.621110+00:00
gemma-2-9b-it,belief_bank_facts,mlp,9,27416,halu_eval,420,1258,10000,629,629,2473,7527,1.5503,3585,0.23795871559633028,0.1678123736352608,0.6613,0.19682238558216741,0.4992009893914191,900.1,10,2026-09-18T18:12:31.621110+00:00
gemma-2-9b-it,belief_bank_facts,mlp,9,27416,halu_eval,511,1258,10000,629,629,2473,7527,1.5001,3585,0.2488459319099827,0.6975333602911443,0.4045,0.3668261562998405,0.501129053079758,902.151,10,2026-09-18T18:12:31.621110+00:00
gemma-2-9b-it,belief_bank_facts,mlp,9,27416,halu_eval,mean,0,0,0,0,0,0,1.05633,3585.0,0.24772864668406647,0.6287505054589568,0.43739,0.34481862336158187,0.5012468632266073,2803.023,10,2026-09-18T18:12:31.621110+00:00
gemma-2-9b-it,belief_bank_facts,mlp,9,27416,halu_eval,std,0,0,0,0,0,0,0.4465398034890059,0.0,0.004164304312737357,0.19908786087768865,0.09938711636826977,0.05260084166673751,0.0023487735803799643,2803.023,10,2026-09-18T18:12:31.621110+00:00
gemma-2-9b-it,belief_bank_facts,mlp,10,27416,belief_bank_facts,2,1258,8225,629,629,270,7955,1.5501,3585,0.2542372881355932,0.9444444444444444,0.9072340425531915,0.40062843676355064,0.972469213399446,904.934,10,2026-09-18T18:12:31.621110+00:00
gemma-2-9b-it,belief_bank_facts,mlp,10,27416,belief_bank_facts,4,1258,8225,629,629,270,7955,1.53,3585,0.2595656670113754,0.9296296296296296,0.9106382978723404,0.4058205335489086,0.9634764997555697,906.973,10,2026-09-18T18:12:31.621110+00:00
gemma-2-9b-it,belief_bank_facts,mlp,10,27416,belief_bank_facts,24,1258,8225,629,629,270,7955,1.4897,3585,0.2470472440944882,0.9296296296296296,0.9046808510638298,0.39035769828926903,0.9638601392089765,908.993,10,2026-09-18T18:12:31.621110+00:00
gemma-2-9b-it,belief_bank_facts,mlp,10,27416,belief_bank_facts,42,1258,8225,629,629,270,7955,1.5294,3585,0.24758220502901354,0.9481481481481482,0.9037082066869301,0.39263803680981596,0.9747477710268408,911.049,10,2026-09-18T18:12:31.621110+00:00
gemma-2-9b-it,belief_bank_facts,mlp,10,27416,belief_bank_facts,64,1258,8225,629,629,270,7955,1.4905,3585,0.25865580448065173,0.9407407407407408,0.9095440729483283,0.4057507987220447,0.9741611378820682,913.067,10,2026-09-18T18:12:31.621110+00:00
gemma-2-9b-it,belief_bank_facts,mlp,10,27416,belief_bank_facts,67,1258,8225,629,629,270,7955,1.5806,3585,0.2326454033771107,0.9185185185185185,0.8978723404255319,0.3712574850299401,0.965092068812999,915.174,10,2026-09-18T18:12:31.621110+00:00
gemma-2-9b-it,belief_bank_facts,mlp,10,27416,belief_bank_facts,104,1258,8225,629,629,270,7955,1.5707,3585,0.26765015806111697,0.9407407407407408,0.9135562310030395,0.4167350287120591,0.9746355657983564,917.265,10,2026-09-18T18:12:31.621110+00:00
gemma-2-9b-it,belief_bank_facts,mlp,10,27416,belief_bank_facts,123,1258,8225,629,629,270,7955,1.4284,3585,0.27145922746781115,0.937037037037037,0.9153799392097265,0.4209650582362729,0.9689647787322206,919.204,10,2026-09-18T18:12:31.621110+00:00
gemma-2-9b-it,belief_bank_facts,mlp,10,27416,belief_bank_facts,420,1258,8225,629,629,270,7955,1.529,3585,0.2836644591611479,0.9518518518518518,0.9195136778115501,0.4370748299319728,0.9754610424377865,921.249,10,2026-09-18T18:12:31.621110+00:00
gemma-2-9b-it,belief_bank_facts,mlp,10,27416,belief_bank_facts,511,1258,8225,629,629,270,7955,1.4589,3585,0.24688995215311005,0.9555555555555556,0.9028571428571428,0.3923954372623574,0.9735447074981959,923.236,10,2026-09-18T18:12:31.621110+00:00
gemma-2-9b-it,belief_bank_facts,mlp,10,27416,belief_bank_facts,mean,0,0,0,0,0,0,1.51573,3585.0,0.25693974089714194,0.9396296296296297,0.9084984802431609,0.4033623343306192,0.9706412924552458,2803.023,10,2026-09-18T18:12:31.621110+00:00
gemma-2-9b-it,belief_bank_facts,mlp,10,27416,belief_bank_facts,std,0,0,0,0,0,0,0.04598695575921505,0.0,0.01390510972754931,0.010740740740740759,0.006195170152726876,0.017548687132803793,0.004594895825643213,2803.023,10,2026-09-18T18:12:31.621110+00:00
gemma-2-9b-it,belief_bank_facts,mlp,10,27416,belief_bank_constraints,2,1258,25414,629,629,11520,13894,1.5294,3585,0.5592764605230995,0.3972222222222222,0.5848744786338239,0.46452136838899605,0.61419475133151,925.944,10,2026-09-18T18:12:31.621110+00:00
gemma-2-9b-it,belief_bank_facts,mlp,10,27416,belief_bank_constraints,4,1258,25414,629,629,11520,13894,1.5395,3585,0.6188925081433225,0.049479166666666664,0.5553238372550563,0.09163250542560887,0.6107212358352125,928.663,10,2026-09-18T18:12:31.621110+00:00
gemma-2-9b-it,belief_bank_facts,mlp,10,27416,belief_bank_constraints,24,1258,25414,629,629,11520,13894,1.4799,3585,0.7146763901549681,0.06805555555555555,0.5652396316990635,0.12427676943805976,0.6314106158933512,931.286,10,2026-09-18T18:12:31.621110+00:00
gemma-2-9b-it,belief_bank_facts,mlp,10,27416,belief_bank_constraints,42,1258,25414,629,629,11520,13894,1.4997,3585,0.6865037194473964,0.05607638888888889,0.5605178248209648,0.10368349249658936,0.6142762088551412,933.945,10,2026-09-18T18:12:31.621110+00:00
gemma-2-9b-it,belief_bank_facts,mlp,10,27416,belief_bank_constraints,64,1258,25414,629,629,11520,13894,1.5103,3585,0.5130111524163569,0.071875,0.5483591721098607,0.12608497030607582,0.5576037112092751,936.625,10,2026-09-18T18:12:31.621110+00:00
gemma-2-9b-it,belief_bank_facts,mlp,10,27416,belief_bank_constraints,67,1258,25414,629,629,11520,13894,1.5504,3585,0.5979224727641247,0.4097222222222222,0.6075391516486975,0.48624703821984133,0.6361121232386482,939.35,10,2026-09-18T18:12:31.621110+00:00
gemma-2-9b-it,belief_bank_facts,mlp,10,27416,belief_bank_constraints,104,1258,25414,629,629,11520,13894,1.5705,3585,0.551292194092827,0.3629340277777778,0.5773195876288659,0.43770938023450584,0.607269287402236,942.082,10,2026-09-18T18:12:31.621110+00:00
gemma-2-9b-it,belief_bank_facts,mlp,10,27416,belief_bank_constraints,123,1258,25414,629,629,11520,13894,1.4695,3585,0.7378640776699029,0.019791666666666666,0.5524907531281971,0.03854932792290135,0.57119949233682,944.681,10,2026-09-18T18:12:31.621110+00:00
gemma-2-9b-it,belief_bank_facts,mlp,10,27416,belief_bank_constraints,420,1258,25414,629,629,11520,13894,1.4897,3585,0.6879810538780343,0.10086805555555556,0.5716927677657984,0.17594064652888183,0.6493360443356845,947.327,10,2026-09-18T18:12:31.621110+00:00
gemma-2-9b-it,belief_bank_facts,mlp,10,27416,belief_bank_constraints,511,1258,25414,629,629,11520,13894,1.4499,3585,0.5835996913920424,0.4596354166666667,0.6063980483198237,0.5142524158694702,0.6430739862730515,949.948,10,2026-09-18T18:12:31.621110+00:00
gemma-2-9b-it,belief_bank_facts,mlp,10,27416,belief_bank_constraints,mean,0,0,0,0,0,0,1.50888,3585.0,0.6251019720482075,0.19956597222222222,0.572975525301015,0.25628979148309305,0.613519745671093,2803.023,10,2026-09-18T18:12:31.621110+00:00
gemma-2-9b-it,belief_bank_facts,mlp,10,27416,belief_bank_constraints,std,0,0,0,0,0,0,0.03633595464550231,0.0,0.0730121752976354,0.17214361550346094,0.020064949348081815,0.18285153542318405,0.0281998114467619,2803.023,10,2026-09-18T18:12:31.621110+00:00
gemma-2-9b-it,belief_bank_facts,mlp,10,27416,halu_eval,2,1258,10000,629,629,2473,7527,1.5412,3585,0.25138656004127435,0.7881116053376466,0.3672,0.38118521415998435,0.5121318476560269,952.036,10,2026-09-18T18:12:31.621110+00:00
gemma-2-9b-it,belief_bank_facts,mlp,10,27416,halu_eval,4,1258,10000,629,629,2473,7527,1.5203,3585,0.24854045037531275,0.2410028305701577,0.6321,0.24471361116813795,0.5014196903010598,954.105,10,2026-09-18T18:12:31.621110+00:00
gemma-2-9b-it,belief_bank_facts,mlp,10,27416,halu_eval,24,1258,10000,629,629,2473,7527,1.521,3585,0.25075675021189003,0.8374443995147594,0.341,0.38594856503913527,0.5133144080689489,956.179,10,2026-09-18T18:12:31.621110+00:00
gemma-2-9b-it,belief_bank_facts,mlp,10,27416,halu_eval,42,1258,10000,629,629,2473,7527,1.5417,3585,0.24896719319562577,0.8285483218762636,0.3395,0.3828833037466131,0.5095835877752075,958.298,10,2026-09-18T18:12:31.621110+00:00
gemma-2-9b-it,belief_bank_facts,mlp,10,27416,halu_eval,64,1258,10000,629,629,2473,7527,1.4896,3585,0.24997031231445196,0.8511928831378892,0.3316,0.38645125757297594,0.5108900047710705,960.319,10,2026-09-18T18:12:31.621110+00:00
gemma-2-9b-it,belief_bank_facts,mlp,10,27416,halu_eval,67,1258,10000,629,629,2473,7527,1.5899,3585,0.2498723404255319,0.5936109987868985,0.4588,0.3517010062290369,0.5053914278995938,962.452,10,2026-09-18T18:12:31.621110+00:00
gemma-2-9b-it,belief_bank_facts,mlp,10,27416,halu_eval,104,1258,10000,629,629,2473,7527,1.5395,3585,0.24667300380228138,0.41973311767084515,0.5395,0.3107319263583296,0.5036550450995367,964.535,10,2026-09-18T18:12:31.621110+00:00
gemma-2-9b-it,belief_bank_facts,mlp,10,27416,halu_eval,123,1258,10000,629,629,2473,7527,1.4791,3585,0.2471652074063442,0.6963202587949858,0.4004,0.36483050847457626,0.503502635155575,966.558,10,2026-09-18T18:12:31.621110+00:00
gemma-2-9b-it,belief_bank_facts,mlp,10,27416,halu_eval,420,1258,10000,629,629,2473,7527,1.5102,3585,0.26233453670276774,0.440760210270926,0.5552,0.32890766445383224,0.517818398582464,968.616,10,2026-09-18T18:12:31.621110+00:00
gemma-2-9b-it,belief_bank_facts,mlp,10,27416,halu_eval,511,1258,10000,629,629,2473,7527,1.429,3585,0.24973670352817273,0.7670845127375657,0.3725,0.3768000794517827,0.5107545710492771,970.574,10,2026-09-18T18:12:31.621110+00:00
gemma-2-9b-it,belief_bank_facts,mlp,10,27416,halu_eval,mean,0,0,0,0,0,0,1.51615,3585.0,0.2505403058003653,0.6463809138697938,0.43377999999999994,0.3514153136654405,0.508846161635876,2803.023,10,2026-09-18T18:12:31.621110+00:00
gemma-2-9b-it,belief_bank_facts,mlp,10,27416,halu_eval,std,0,0,0,0,0,0,0.04124738173508714,0.0,0.0041725908358304755,0.2023744549900249,0.10154620426190238,0.04320644071062329,0.00492152152298248,2803.023,10,2026-09-18T18:12:31.621110+00:00
gemma-2-9b-it,belief_bank_facts,mlp,11,27416,belief_bank_facts,2,1258,8225,629,629,270,7955,1.6698,3585,0.26393270241850686,0.9296296296296296,0.9125835866261398,0.41113841113841115,0.9673561934027052,973.409,10,2026-09-18T18:12:31.621110+00:00
gemma-2-9b-it,belief_bank_facts,mlp,11,27416,belief_bank_facts,4,1258,8225,629,629,270,7955,1.6406,3585,0.2427860696517413,0.9037037037037037,0.9043161094224924,0.3827450980392157,0.9659026468328793,975.577,10,2026-09-18T18:12:31.621110+00:00
gemma-2-9b-it,belief_bank_facts,mlp,11,27416,belief_bank_facts,24,1258,8225,629,629,270,7955,1.6299,3585,0.248,0.9185185185185185,0.9058966565349544,0.3905511811023622,0.9680457201387433,977.731,10,2026-09-18T18:12:31.621110+00:00
gemma-2-9b-it,belief_bank_facts,mlp,11,27416,belief_bank_facts,42,1258,8225,629,629,270,7955,1.5294,3585,0.24394966118102615,0.9333333333333333,0.9028571428571428,0.38679969301611666,0.9712964126917617,979.785,10,2026-09-18T18:12:31.621110+00:00
gemma-2-9b-it,belief_bank_facts,mlp,11,27416,belief_bank_facts,64,1258,8225,629,629,270,7955,1.5595,3585,0.25298804780876494,0.9407407407407408,0.9068693009118541,0.3987441130298273,0.9748441464720534,981.865,10,2026-09-18T18:12:31.621110+00:00
gemma-2-9b-it,belief_bank_facts,mlp,11,27416,belief_bank_facts,67,1258,8225,629,629,270,7955,1.5895,3585,0.23288973384030418,0.9074074074074074,0.8988449848024316,0.37065052950075644,0.963849896408036,983.966,10,2026-09-18T18:12:31.621110+00:00
gemma-2-9b-it,belief_bank_facts,mlp,11,27416,belief_bank_facts,104,1258,8225,629,629,270,7955,1.6006,3585,0.25851703406813625,0.9555555555555556,0.9085714285714286,0.4069400630914827,0.9750275857252602,986.086,10,2026-09-18T18:12:31.621110+00:00
gemma-2-9b-it,belief_bank_facts,mlp,11,27416,belief_bank_facts,123,1258,8225,629,629,270,7955,1.5607,3585,0.2595656670113754,0.9296296296296296,0.9106382978723404,0.4058205335489086,0.968190050515632,988.172,10,2026-09-18T18:12:31.621110+00:00
gemma-2-9b-it,belief_bank_facts,mlp,11,27416,belief_bank_facts,420,1258,8225,629,629,270,7955,1.621,3585,0.2770949720670391,0.9185185185185185,0.918662613981763,0.4257510729613734,0.9716977442558837,990.317,10,2026-09-18T18:12:31.621110+00:00
gemma-2-9b-it,belief_bank_facts,mlp,11,27416,belief_bank_facts,511,1258,8225,629,629,270,7955,1.4597,3585,0.24691358024691357,0.9629629629629629,0.902370820668693,0.3930461073318216,0.973497218148381,992.307,10,2026-09-18T18:12:31.621110+00:00
gemma-2-9b-it,belief_bank_facts,mlp,11,27416,belief_bank_facts,mean,0,0,0,0,0,0,1.5860699999999999,3585.0,0.2526637468293808,0.93,0.907161094224924,0.3972186802760276,0.9699707614591336,2803.023,10,2026-09-18T18:12:31.621110+00:00
gemma-2-9b-it,belief_bank_facts,mlp,11,27416,belief_bank_facts,std,0,0,0,0,0,0,0.05820546452009465,0.0,0.011938203828572757,0.018253661526446825,0.005442193007554859,0.015048099123816815,0.003663663439126462,2803.023,10,2026-09-18T18:12:31.621110+00:00
gemma-2-9b-it,belief_bank_facts,mlp,11,27416,belief_bank_constraints,2,1258,25414,629,629,11520,13894,1.6614,3585,0.5847222222222223,0.32890625,0.5899110726371292,0.421,0.6253924680717495,995.123,10,2026-09-18T18:12:31.621110+00:00
gemma-2-9b-it,belief_bank_facts,mlp,11,27416,belief_bank_constraints,4,1258,25414,629,629,11520,13894,1.6812,3585,0.6955645161290323,0.029947916666666668,0.5543401274887857,0.05742343541944075,0.5781979294119763,997.955,10,2026-09-18T18:12:31.621110+00:00
gemma-2-9b-it,belief_bank_facts,mlp,11,27416,belief_bank_constraints,24,1258,25414,629,629,11520,13894,1.6014,3585,0.6566491359879789,0.07586805555555555,0.5631148186039191,0.13602054314839312,0.6223251156074565,1000.718,10,2026-09-18T18:12:31.621110+00:00
gemma-2-9b-it,belief_bank_facts,mlp,11,27416,belief_bank_constraints,42,1258,25414,629,629,11520,13894,1.5312,3585,0.6977611940298507,0.03246527777777778,0.5550483985205005,0.06204379562043796,0.6109436040037266,1003.417,10,2026-09-18T18:12:31.621110+00:00
gemma-2-9b-it,belief_bank_facts,mlp,11,27416,belief_bank_constraints,64,1258,25414,629,629,11520,13894,1.571,3585,0.5711361310133061,0.0484375,0.5521759660029905,0.0893014323437625,0.5620232504438367,1006.157,10,2026-09-18T18:12:31.621110+00:00
gemma-2-9b-it,belief_bank_facts,mlp,11,27416,belief_bank_constraints,67,1258,25414,629,629,11520,13894,1.5803,3585,0.7264309764309764,0.07491319444444444,0.5678759738726686,0.13581995593327037,0.6066099113026406,1008.879,10,2026-09-18T18:12:31.621110+00:00
gemma-2-9b-it,belief_bank_facts,mlp,11,27416,belief_bank_constraints,104,1258,25414,629,629,11520,13894,1.6307,3585,0.5651441092196191,0.29105902777777776,0.5771228456756119,0.38423193720277315,0.6162221052652624,1011.665,10,2026-09-18T18:12:31.621110+00:00
gemma-2-9b-it,belief_bank_facts,mlp,11,27416,belief_bank_constraints,123,1258,25414,629,629,11520,13894,1.5404,3585,0.6372007366482505,0.030034722222222223,0.5525694499094987,0.05736549780319987,0.5968666280808662,1014.385,10,2026-09-18T18:12:31.621110+00:00
gemma-2-9b-it,belief_bank_facts,mlp,11,27416,belief_bank_constraints,420,1258,25414,629,629,11520,13894,1.6111,3585,0.73992673992674,0.07013888888888889,0.5673250964035571,0.12813193783698065,0.6477841216932169,1017.17,10,2026-09-18T18:12:31.621110+00:00
gemma-2-9b-it,belief_bank_facts,mlp,11,27416,belief_bank_constraints,511,1258,25414,629,629,11520,13894,1.5004,3585,0.6662286465177398,0.04401041666666667,0.5566616825371842,0.08256656624053416,0.6230752208187387,1019.828,10,2026-09-18T18:12:31.621110+00:00
gemma-2-9b-it,belief_bank_facts,mlp,11,27416,belief_bank_constraints,mean,0,0,0,0,0,0,1.5909099999999998,3585.0,0.6540764408125715,0.102578125,0.5636145431651846,0.15539051015487926,0.608944035469947,2803.023,10,2026-09-18T18:12:31.621110+00:00
gemma-2-9b-it,belief_bank_facts,mlp,11,27416,belief_bank_constraints,std,0,0,0,0,0,0,0.05480841997357708,0.0,0.06022642046735719,0.10540182097066582,0.011690724717807837,0.12728282865908863,0.023479800940865873,2803.023,10,2026-09-18T18:12:31.621110+00:00
gemma-2-9b-it,belief_bank_facts,mlp,11,27416,halu_eval,2,1258,10000,629,629,2473,7527,1.6105,3585,0.2511737089201878,0.6922765871411242,0.4135,0.3686080310044138,0.511434828686012,1021.966,10,2026-09-18T18:12:31.621110+00:00
gemma-2-9b-it,belief_bank_facts,mlp,11,27416,halu_eval,4,1258,10000,629,629,2473,7527,1.6811,3585,0.24935988620199145,0.7088556409219572,0.4003,0.36893612543407345,0.5114712254914522,1024.186,10,2026-09-18T18:12:31.621110+00:00
gemma-2-9b-it,belief_bank_facts,mlp,11,27416,halu_eval,24,1258,10000,629,629,2473,7527,1.6111,3585,0.2502616235610704,0.6769106348564496,0.4186,0.3654223968565815,0.5059812441755038,1026.344,10,2026-09-18T18:12:31.621110+00:00
gemma-2-9b-it,belief_bank_facts,mlp,11,27416,halu_eval,42,1258,10000,629,629,2473,7527,1.5203,3585,0.24982297125053107,0.713303679741205,0.3994,0.3700440528634361,0.507898348530544,1028.412,10,2026-09-18T18:12:31.621110+00:00
gemma-2-9b-it,belief_bank_facts,mlp,11,27416,halu_eval,64,1258,10000,629,629,2473,7527,1.601,3585,0.25134109642810415,0.7767893247068338,0.3726,0.37979438513246344,0.510077080106978,1030.559,10,2026-09-18T18:12:31.621110+00:00
gemma-2-9b-it,belief_bank_facts,mlp,11,27416,halu_eval,67,1258,10000,629,629,2473,7527,1.5608,3585,0.2514937533948941,0.748887990295188,0.3867,0.3765375622649182,0.5105717811887449,1032.656,10,2026-09-18T18:12:31.621110+00:00
gemma-2-9b-it,belief_bank_facts,mlp,11,27416,halu_eval,104,1258,10000,629,629,2473,7527,1.6208,3585,0.2520567375886525,0.7185604528912253,0.4031,0.3732017221463824,0.5127432334040909,1034.802,10,2026-09-18T18:12:31.621110+00:00
gemma-2-9b-it,belief_bank_facts,mlp,11,27416,halu_eval,123,1258,10000,629,629,2473,7527,1.5704,3585,0.25252525252525254,0.5762232106752931,0.4734,0.35115820601281417,0.5113522844918289,1036.909,10,2026-09-18T18:12:31.621110+00:00
gemma-2-9b-it,belief_bank_facts,mlp,11,27416,halu_eval,420,1258,10000,629,629,2473,7527,1.5807,3585,0.25230676145817577,0.6744844318641326,0.4252,0.36723910171730517,0.5111061561314971,1039.039,10,2026-09-18T18:12:31.621110+00:00
gemma-2-9b-it,belief_bank_facts,mlp,11,27416,halu_eval,511,1258,10000,629,629,2473,7527,1.5004,3585,0.24823321554770317,0.7953902143145977,0.3537,0.3783783783783784,0.5099110784408372,1041.088,10,2026-09-18T18:12:31.621110+00:00
gemma-2-9b-it,belief_bank_facts,mlp,11,27416,halu_eval,mean,0,0,0,0,0,0,1.58571,3585.0,0.2508575006876563,0.7081682167408005,0.40465,0.36993199618107664,0.5102547260647489,2803.023,10,2026-09-18T18:12:31.621110+00:00
gemma-2-9b-it,belief_bank_facts,mlp,11,27416,halu_eval,std,0,0,0,0,0,0,0.049254247532573285,0.0,0.001327163684749158,0.05820922580471609,0.030685477020897037,0.007782886753665286,0.001872433917607058,2803.023,10,2026-09-18T18:12:31.621110+00:00
gemma-2-9b-it,belief_bank_facts,mlp,12,27416,belief_bank_facts,2,1258,8225,629,629,270,7955,0.7407,3585,0.29694835680751175,0.937037037037037,0.9251063829787234,0.45098039215686275,0.9759266242987173,1043.046,10,2026-09-18T18:12:31.621110+00:00
gemma-2-9b-it,belief_bank_facts,mlp,12,27416,belief_bank_facts,4,1258,8225,629,629,270,7955,0.7706,3585,0.26519916142557654,0.937037037037037,0.9127051671732522,0.4133986928104575,0.9702637521242172,1044.35,10,2026-09-18T18:12:31.621110+00:00
gemma-2-9b-it,belief_bank_facts,mlp,12,27416,belief_bank_facts,24,1258,8225,629,629,270,7955,0.6397,3585,0.2803114571746385,0.9333333333333333,0.9191489361702128,0.4311377245508982,0.9726112158670298,1045.507,10,2026-09-18T18:12:31.621110+00:00
gemma-2-9b-it,belief_bank_facts,mlp,12,27416,belief_bank_facts,42,1258,8225,629,629,270,7955,0.6596,3585,0.26104417670682734,0.9629629629629629,0.9093009118541033,0.4107424960505529,0.9741960565216379,1046.678,10,2026-09-18T18:12:31.621110+00:00
gemma-2-9b-it,belief_bank_facts,mlp,12,27416,belief_bank_facts,64,1258,8225,629,629,270,7955,0.7303,3585,0.2756756756756757,0.9444444444444444,0.9167173252279636,0.42677824267782427,0.9755685918476615,1047.917,10,2026-09-18T18:12:31.621110+00:00
gemma-2-9b-it,belief_bank_facts,mlp,12,27416,belief_bank_facts,67,1258,8225,629,629,270,7955,0.8006,3585,0.2599388379204893,0.9444444444444444,0.9099088145896657,0.407673860911271,0.9758181437251205,1049.228,10,2026-09-18T18:12:31.621110+00:00
gemma-2-9b-it,belief_bank_facts,mlp,12,27416,belief_bank_facts,104,1258,8225,629,629,270,7955,0.7505,3585,0.28699551569506726,0.9481481481481482,0.9209726443768997,0.4406196213425129,0.9783122657541262,1050.503,10,2026-09-18T18:12:31.621110+00:00
gemma-2-9b-it,belief_bank_facts,mlp,12,27416,belief_bank_facts,123,1258,8225,629,629,270,7955,0.6489,3585,0.2807606263982103,0.9296296296296296,0.9195136778115501,0.43127147766323026,0.973027446050702,1051.683,10,2026-09-18T18:12:31.621110+00:00
gemma-2-9b-it,belief_bank_facts,mlp,12,27416,belief_bank_facts,420,1258,8225,629,629,270,7955,1.6214,3585,0.3273657289002558,0.9481481481481482,0.9343465045592705,0.4866920152091255,0.9797970063086343,1053.835,10,2026-09-18T18:12:31.621110+00:00
gemma-2-9b-it,belief_bank_facts,mlp,12,27416,belief_bank_facts,511,1258,8225,629,629,270,7955,1.6615,3585,0.2512315270935961,0.9444444444444444,0.9057750759878419,0.3968871595330739,0.9742365621435388,1056.022,10,2026-09-18T18:12:31.621110+00:00
gemma-2-9b-it,belief_bank_facts,mlp,12,27416,belief_bank_facts,mean,0,0,0,0,0,0,0.90238,3585.0,0.27854710637978486,0.942962962962963,0.9173495440729484,0.4296181682905809,0.9749757664641386,2803.023,10,2026-09-18T18:12:31.621110+00:00
gemma-2-9b-it,belief_bank_facts,mlp,12,27416,belief_bank_facts,std,0,0,0,0,0,0,0.37309416720179367,0.0,0.02094379614438802,0.008950404424884869,0.008038635101182544,0.02453597804948753,0.002628426428080935,2803.023,10,2026-09-18T18:12:31.621110+00:00
gemma-2-9b-it,belief_bank_facts,mlp,12,27416,belief_bank_constraints,2,1258,25414,629,629,11520,13894,1.6712,3585,0.4571861782778709,0.9946180555555556,0.46226489336586135,0.6264282980700892,0.6703041624432209,1058.844,10,2026-09-18T18:12:31.621110+00:00
gemma-2-9b-it,belief_bank_facts,mlp,12,27416,belief_bank_constraints,4,1258,25414,629,629,11520,13894,1.6106,3585,0.6895752895752896,0.07751736111111111,0.56602659951208,0.13936792820912994,0.6019518942029334,1061.585,10,2026-09-18T18:12:31.621110+00:00
gemma-2-9b-it,belief_bank_facts,mlp,12,27416,belief_bank_constraints,24,1258,25414,629,629,11520,13894,1.5314,3585,0.6753524897376405,0.3284722222222222,0.6240261273313922,0.44197862524090403,0.6848678623766453,1064.268,10,2026-09-18T18:12:31.621110+00:00
gemma-2-9b-it,belief_bank_facts,mlp,12,27416,belief_bank_constraints,42,1258,25414,629,629,11520,13894,1.6217,3585,0.7437946992006731,0.15347222222222223,0.5923113244668293,0.25444340505144997,0.6399244203133247,1067.055,10,2026-09-18T18:12:31.621110+00:00
gemma-2-9b-it,belief_bank_facts,mlp,12,27416,belief_bank_constraints,64,1258,25414,629,629,11520,13894,1.6112,3585,0.5471220746363061,0.07508680555555555,0.5525694499094987,0.13205098847416227,0.5802945391096077,1069.837,10,2026-09-18T18:12:31.621110+00:00
gemma-2-9b-it,belief_bank_facts,mlp,12,27416,belief_bank_constraints,67,1258,25414,629,629,11520,13894,1.7226,3585,0.530855495033643,0.7190972222222223,0.5845990398992681,0.6108018433179724,0.6497739394402859,1072.706,10,2026-09-18T18:12:31.621110+00:00
gemma-2-9b-it,belief_bank_facts,mlp,12,27416,belief_bank_constraints,104,1258,25414,629,629,11520,13894,1.6407,3585,0.5143509127789047,0.88046875,0.5689777288108916,0.649359795134443,0.677399198345009,1075.493,10,2026-09-18T18:12:31.621110+00:00
gemma-2-9b-it,belief_bank_facts,mlp,12,27416,belief_bank_constraints,123,1258,25414,629,629,11520,13894,1.5407,3585,0.5232842229954838,0.6135416666666667,0.5714566774218934,0.5648299836176929,0.614718602304352,1078.194,10,2026-09-18T18:12:31.621110+00:00
gemma-2-9b-it,belief_bank_facts,mlp,12,27416,belief_bank_constraints,420,1258,25414,629,629,11520,13894,1.6612,3585,0.5602260914760915,0.7485243055555556,0.6196584559691508,0.6408293697978596,0.6800516035099082,1081.026,10,2026-09-18T18:12:31.621110+00:00
gemma-2-9b-it,belief_bank_facts,mlp,12,27416,belief_bank_constraints,511,1258,25414,629,629,11520,13894,1.6311,3585,0.5551079136690648,0.6697916666666667,0.606988274179586,0.607081038552321,0.6588891912776098,1083.82,10,2026-09-18T18:12:31.621110+00:00
gemma-2-9b-it,belief_bank_facts,mlp,12,27416,belief_bank_constraints,mean,0,0,0,0,0,0,1.62424,3585.0,0.5796855367380968,0.5260590277777778,0.5748878570866451,0.4667171275466025,0.6458175413322897,2803.023,10,2026-09-18T18:12:31.621110+00:00
gemma-2-9b-it,belief_bank_facts,mlp,12,27416,belief_bank_constraints,std,0,0,0,0,0,0,0.05433663957220761,0.0,0.08662738399864962,0.3229005554336558,0.043765928464687735,0.20102255843072078,0.03420489304264512,2803.023,10,2026-09-18T18:12:31.621110+00:00
gemma-2-9b-it,belief_bank_facts,mlp,12,27416,halu_eval,2,1258,10000,629,629,2473,7527,1.6409,3585,0.2478432339166872,0.8131823695915892,0.3435,0.3798998772078965,0.504573023568852,1085.995,10,2026-09-18T18:12:31.621110+00:00
gemma-2-9b-it,belief_bank_facts,mlp,12,27416,halu_eval,4,1258,10000,629,629,2473,7527,1.6609,3585,0.2485200845665962,0.9506672058228872,0.2769,0.3940333528869521,0.4996753028899171,1088.192,10,2026-09-18T18:12:31.621110+00:00
gemma-2-9b-it,belief_bank_facts,mlp,12,27416,halu_eval,24,1258,10000,629,629,2473,7527,1.5,3585,0.2490203514094299,0.7966033158107562,0.3556,0.37942989214175654,0.5032754438785166,1090.242,10,2026-09-18T18:12:31.621110+00:00
gemma-2-9b-it,belief_bank_facts,mlp,12,27416,halu_eval,42,1258,10000,629,629,2473,7527,1.621,3585,0.24860470759524386,0.8285483218762636,0.3383,0.3824545030331311,0.49914648819714724,1092.411,10,2026-09-18T18:12:31.621110+00:00
gemma-2-9b-it,belief_bank_facts,mlp,12,27416,halu_eval,64,1258,10000,629,629,2473,7527,1.6308,3585,0.2459983150800337,0.708451273756571,0.3909,0.3651902032308494,0.4966288768440086,1094.588,10,2026-09-18T18:12:31.621110+00:00
gemma-2-9b-it,belief_bank_facts,mlp,12,27416,halu_eval,67,1258,10000,629,629,2473,7527,1.7021,3585,0.2474609060132194,0.6207035988677719,0.4394,0.3538497003227294,0.5045110818468259,1096.834,10,2026-09-18T18:12:31.621110+00:00
gemma-2-9b-it,belief_bank_facts,mlp,12,27416,halu_eval,104,1258,10000,629,629,2473,7527,1.6809,3585,0.24357582338038364,0.8164173069146785,0.3276,0.3752090689462925,0.5005073795261711,1099.048,10,2026-09-18T18:12:31.621110+00:00
gemma-2-9b-it,belief_bank_facts,mlp,12,27416,halu_eval,123,1258,10000,629,629,2473,7527,1.4999,3585,0.24890829694323144,0.1613424989890821,0.6722,0.1957801766437684,0.4939737366024165,1101.084,10,2026-09-18T18:12:31.621110+00:00
gemma-2-9b-it,belief_bank_facts,mlp,12,27416,halu_eval,420,1258,10000,629,629,2473,7527,1.6414,3585,0.2460248626770743,0.3441164577436312,0.577,0.2869184086311531,0.5005005568039704,1103.271,10,2026-09-18T18:12:31.621110+00:00
gemma-2-9b-it,belief_bank_facts,mlp,12,27416,halu_eval,511,1258,10000,629,629,2473,7527,1.6915,3585,0.23637477036129823,0.15608572583906186,0.6666,0.18801753531417437,0.49134607527740404,1105.513,10,2026-09-18T18:12:31.621110+00:00
gemma-2-9b-it,belief_bank_facts,mlp,12,27416,halu_eval,mean,0,0,0,0,0,0,1.62694,3585.0,0.24623313519431983,0.6196118075212292,0.43879999999999997,0.3300782718358703,0.4994137965435229,2803.023,10,2026-09-18T18:12:31.621110+00:00
gemma-2-9b-it,belief_bank_facts,mlp,12,27416,halu_eval,std,0,0,0,0,0,0,0.06825618213759102,0.0,0.003663694555517116,0.27738756694098676,0.138724201205125,0.07460966370847599,0.004152917388418072,2803.023,10,2026-09-18T18:12:31.621110+00:00
gemma-2-9b-it,belief_bank_facts,mlp,13,27416,belief_bank_facts,2,1258,8225,629,629,270,7955,1.8223,3585,0.402457757296467,0.9703703703703703,0.9517325227963526,0.5689467969598263,0.9884219102823754,1108.635,10,2026-09-18T18:12:31.621110+00:00
gemma-2-9b-it,belief_bank_facts,mlp,13,27416,belief_bank_facts,4,1258,8225,629,629,270,7955,1.7921,3585,0.3477088948787062,0.9555555555555556,0.9396960486322189,0.5098814229249012,0.987611797844356,1110.947,10,2026-09-18T18:12:31.621110+00:00
gemma-2-9b-it,belief_bank_facts,mlp,13,27416,belief_bank_facts,24,1258,8225,629,629,270,7955,1.691,3585,0.37716763005780346,0.9666666666666667,0.9465045592705167,0.5426195426195426,0.9864096654794329,1113.147,10,2026-09-18T18:12:31.621110+00:00
gemma-2-9b-it,belief_bank_facts,mlp,13,27416,belief_bank_facts,42,1258,8225,629,629,270,7955,1.6814,3585,0.33207070707070707,0.9740740740740741,0.9348328267477204,0.4952919020715631,0.9865330446725796,1115.344,10,2026-09-18T18:12:31.621110+00:00
gemma-2-9b-it,belief_bank_facts,mlp,13,27416,belief_bank_facts,64,1258,8225,629,629,270,7955,1.7316,3585,0.3782608695652174,0.9666666666666667,0.9467477203647416,0.54375,0.9879940405521801,1117.605,10,2026-09-18T18:12:31.621110+00:00
gemma-2-9b-it,belief_bank_facts,mlp,13,27416,belief_bank_facts,67,1258,8225,629,629,270,7955,1.6617,3585,0.32094175960346966,0.9592592592592593,0.9320364741641337,0.4809656453110492,0.9847321740344996,1119.791,10,2026-09-18T18:12:31.621110+00:00
gemma-2-9b-it,belief_bank_facts,mlp,13,27416,belief_bank_facts,104,1258,8225,629,629,270,7955,1.7219,3585,0.40337423312883436,0.9740740740740741,0.9518541033434651,0.5704989154013015,0.9901156970924413,1122.042,10,2026-09-18T18:12:31.621110+00:00
gemma-2-9b-it,belief_bank_facts,mlp,13,27416,belief_bank_facts,123,1258,8225,629,629,270,7955,1.6918,3585,0.4216666666666667,0.937037037037037,0.9557446808510638,0.5816091954022988,0.987657890448588,1124.251,10,2026-09-18T18:12:31.621110+00:00
gemma-2-9b-it,belief_bank_facts,mlp,13,27416,belief_bank_facts,420,1258,8225,629,629,270,7955,1.6806,3585,0.41001564945226915,0.9703703703703703,0.9531914893617022,0.5764576457645765,0.9903461601136019,1126.44,10,2026-09-18T18:12:31.621110+00:00
gemma-2-9b-it,belief_bank_facts,mlp,13,27416,belief_bank_facts,511,1258,8225,629,629,270,7955,1.6799,3585,0.34523809523809523,0.9666666666666667,0.9387234042553192,0.5087719298245614,0.9877416951835556,1128.637,10,2026-09-18T18:12:31.621110+00:00
gemma-2-9b-it,belief_bank_facts,mlp,13,27416,belief_bank_facts,mean,0,0,0,0,0,0,1.71543,3585.0,0.37389022629582364,0.9640740740740741,0.9451063829787234,0.537879299627962,0.987756407570361,2803.023,10,2026-09-18T18:12:31.621110+00:00
gemma-2-9b-it,belief_bank_facts,mlp,13,27416,belief_bank_facts,std,0,0,0,0,0,0,0.05027770977282081,0.0,0.03370713259736498,0.010612258356958821,0.0078677269931257,0.03488656887728786,0.0015893263399001589,2803.023,10,2026-09-18T18:12:31.621110+00:00
gemma-2-9b-it,belief_bank_facts,mlp,13,27416,belief_bank_constraints,2,1258,25414,629,629,11520,13894,1.843,3585,0.49116420676418027,0.6441840277777777,0.5362005193987566,0.5573622742123249,0.5804452711402204,1131.656,10,2026-09-18T18:12:31.621110+00:00
gemma-2-9b-it,belief_bank_facts,mlp,13,27416,belief_bank_constraints,4,1258,25414,629,629,11520,13894,1.7824,3585,0.6161587119033928,0.18602430555555555,0.5785000393483907,0.2857714361914922,0.5629285860303408,1134.61,10,2026-09-18T18:12:31.621110+00:00
gemma-2-9b-it,belief_bank_facts,mlp,13,27416,belief_bank_constraints,24,1258,25414,629,629,11520,13894,1.7521,3585,0.5838556505223171,0.2668402777777778,0.5814511686472024,0.3662794161453679,0.6066789483969899,1137.51,10,2026-09-18T18:12:31.621110+00:00
gemma-2-9b-it,belief_bank_facts,mlp,13,27416,belief_bank_constraints,42,1258,25414,629,629,11520,13894,1.631,3585,0.6088738847359537,0.2191840277777778,0.5822381364602188,0.322333567370907,0.5532534652247972,1140.289,10,2026-09-18T18:12:31.621110+00:00
gemma-2-9b-it,belief_bank_facts,mlp,13,27416,belief_bank_constraints,64,1258,25414,629,629,11520,13894,1.7217,3585,0.5145631067961165,0.05980902777777778,0.5482411269379083,0.10716229877906525,0.5086331480015355,1143.182,10,2026-09-18T18:12:31.621110+00:00
gemma-2-9b-it,belief_bank_facts,mlp,13,27416,belief_bank_constraints,67,1258,25414,629,629,11520,13894,1.7123,3585,0.5810978859477705,0.2839409722222222,0.582631620366727,0.3814799696775322,0.5634718361143098,1146.072,10,2026-09-18T18:12:31.621110+00:00
gemma-2-9b-it,belief_bank_facts,mlp,13,27416,belief_bank_constraints,104,1258,25414,629,629,11520,13894,1.6915,3585,0.5004045671131889,0.4831597222222222,0.5470606752183835,0.4916309676279645,0.5733881181725126,1148.932,10,2026-09-18T18:12:31.621110+00:00
gemma-2-9b-it,belief_bank_facts,mlp,13,27416,belief_bank_constraints,123,1258,25414,629,629,11520,13894,1.6809,3585,0.5469118340405469,0.3020833333333333,0.5701975289210671,0.38919644354974,0.5412363937570974,1151.744,10,2026-09-18T18:12:31.621110+00:00
gemma-2-9b-it,belief_bank_facts,mlp,13,27416,belief_bank_constraints,420,1258,25414,629,629,11520,13894,1.6911,3585,0.49857890800299176,0.5786458333333333,0.5452113008577949,0.5356368019284853,0.5923016892283639,1154.587,10,2026-09-18T18:12:31.621110+00:00
gemma-2-9b-it,belief_bank_facts,mlp,13,27416,belief_bank_constraints,511,1258,25414,629,629,11520,13894,1.6714,3585,0.5332364341085272,0.47769097222222223,0.5736995356889903,0.5039377289377289,0.5954998623006734,1157.428,10,2026-09-18T18:12:31.621110+00:00
gemma-2-9b-it,belief_bank_facts,mlp,13,27416,belief_bank_constraints,mean,0,0,0,0,0,0,1.7177399999999998,3585.0,0.5474845189934987,0.35015625,0.5645431651845441,0.3940790904420608,0.5677837318366841,2803.023,10,2026-09-18T18:12:31.621110+00:00
gemma-2-9b-it,belief_bank_facts,mlp,13,27416,belief_bank_constraints,std,0,0,0,0,0,0,0.05789948531722885,0.0,0.04472687127645418,0.1773827500014333,0.017277761839489644,0.12978439287601595,0.027442160953633405,2803.023,10,2026-09-18T18:12:31.621110+00:00
gemma-2-9b-it,belief_bank_facts,mlp,13,27416,halu_eval,2,1258,10000,629,629,2473,7527,1.9034,3585,0.25064834024896265,0.7816417306914678,0.3681,0.37957781050564554,0.5068143952561989,1159.876,10,2026-09-18T18:12:31.621110+00:00
gemma-2-9b-it,belief_bank_facts,mlp,13,27416,halu_eval,4,1258,10000,629,629,2473,7527,1.7322,3585,0.24975857073877353,0.836635665183987,0.3381,0.3846797434228874,0.5064108607852544,1162.145,10,2026-09-18T18:12:31.621110+00:00
gemma-2-9b-it,belief_bank_facts,mlp,13,27416,halu_eval,24,1258,10000,629,629,2473,7527,1.8028,3585,0.24721337579617833,0.5022240194096239,0.4987,0.33133253301320525,0.4965672305942037,1164.488,10,2026-09-18T18:12:31.621110+00:00
gemma-2-9b-it,belief_bank_facts,mlp,13,27416,halu_eval,42,1258,10000,629,629,2473,7527,1.7633,3585,0.24731854628761846,0.9603720177921553,0.2674,0.3933421662802252,0.5006369038035388,1166.819,10,2026-09-18T18:12:31.621110+00:00
gemma-2-9b-it,belief_bank_facts,mlp,13,27416,halu_eval,64,1258,10000,629,629,2473,7527,1.6708,3585,0.23971797884841364,0.32996360695511523,0.5755,0.2776927003573252,0.49755776092440046,1169.036,10,2026-09-18T18:12:31.621110+00:00
gemma-2-9b-it,belief_bank_facts,mlp,13,27416,halu_eval,67,1258,10000,629,629,2473,7527,1.7104,3585,0.24754098360655738,0.6105944197331177,0.4447,0.352268750729033,0.5017551318555532,1171.29,10,2026-09-18T18:12:31.621110+00:00
gemma-2-9b-it,belief_bank_facts,mlp,13,27416,halu_eval,104,1258,10000,629,629,2473,7527,1.6915,3585,0.2468532195984604,0.959563283461383,0.266,0.3926857521098792,0.49625161253964767,1173.531,10,2026-09-18T18:12:31.621110+00:00
gemma-2-9b-it,belief_bank_facts,mlp,13,27416,halu_eval,123,1258,10000,629,629,2473,7527,1.6711,3585,0.24679095354523228,0.6530529720986656,0.4213,0.35821226572030607,0.4984799028659248,1175.74,10,2026-09-18T18:12:31.621110+00:00
gemma-2-9b-it,belief_bank_facts,mlp,13,27416,halu_eval,420,1258,10000,629,629,2473,7527,1.7303,3585,0.2552736982643525,0.38657501010917916,0.5694,0.30749437118044387,0.5124539660994513,1178.0,10,2026-09-18T18:12:31.621110+00:00
gemma-2-9b-it,belief_bank_facts,mlp,13,27416,halu_eval,511,1258,10000,629,629,2473,7527,1.6195,3585,0.2444547134935305,0.6417306914678528,0.4209,0.3540435025097602,0.4977874771458952,1180.156,10,2026-09-18T18:12:31.621110+00:00
gemma-2-9b-it,belief_bank_facts,mlp,13,27416,halu_eval,mean,0,0,0,0,0,0,1.72953,3585.0,0.247557038042808,0.6662353416902548,0.41701,0.3531329595828711,0.5014715241870068,2803.023,10,2026-09-18T18:12:31.621110+00:00
gemma-2-9b-it,belief_bank_facts,mlp,13,27416,halu_eval,std,0,0,0,0,0,0,0.07584821751366343,0.0,0.0038246894362839734,0.20903852036069778,0.10470027172839619,0.03626634909816157,0.005132966871151818,2803.023,10,2026-09-18T18:12:31.621110+00:00
gemma-2-9b-it,belief_bank_facts,mlp,14,27416,belief_bank_facts,2,1258,8225,629,629,270,7955,1.6704,3585,0.4451939291736931,0.9777777777777777,0.9592705167173252,0.6118192352259559,0.9921707754265894,1183.038,10,2026-09-18T18:12:31.621110+00:00
gemma-2-9b-it,belief_bank_facts,mlp,14,27416,belief_bank_facts,4,1258,8225,629,629,270,7955,1.6599,3585,0.369901547116737,0.9740740740740741,0.9446808510638298,0.5361875637104995,0.9903629210605954,1185.225,10,2026-09-18T18:12:31.621110+00:00
gemma-2-9b-it,belief_bank_facts,mlp,14,27416,belief_bank_facts,24,1258,8225,629,629,270,7955,1.5996,3585,0.4142857142857143,0.9666666666666667,0.9540425531914893,0.58,0.990903461601136,1187.349,10,2026-09-18T18:12:31.621110+00:00
gemma-2-9b-it,belief_bank_facts,mlp,14,27416,belief_bank_facts,42,1258,8225,629,629,270,7955,1.6297,3585,0.39285714285714285,0.9777777777777777,0.9496656534954407,0.5605095541401274,0.9920976790744234,1189.497,10,2026-09-18T18:12:31.621110+00:00
gemma-2-9b-it,belief_bank_facts,mlp,14,27416,belief_bank_facts,64,1258,8225,629,629,270,7955,1.5603,3585,0.3918918918918919,0.9666666666666667,0.9496656534954407,0.5576923076923077,0.9910384803408059,1191.566,10,2026-09-18T18:12:31.621110+00:00
gemma-2-9b-it,belief_bank_facts,mlp,14,27416,belief_bank_facts,67,1258,8225,629,629,270,7955,1.5805,3585,0.38088235294117645,0.9592592592592593,0.9474772036474164,0.5452631578947369,0.9909327932583747,1193.667,10,2026-09-18T18:12:31.621110+00:00
gemma-2-9b-it,belief_bank_facts,mlp,14,27416,belief_bank_facts,104,1258,8225,629,629,270,7955,1.6409,3585,0.41352201257861637,0.9740740740740741,0.9537993920972644,0.5805739514348786,0.991381148590451,1195.83,10,2026-09-18T18:12:31.621110+00:00
gemma-2-9b-it,belief_bank_facts,mlp,14,27416,belief_bank_facts,123,1258,8225,629,629,270,7955,1.561,3585,0.4537521815008726,0.9629629629629629,0.9607294832826748,0.6168446026097272,0.9911949158460787,1197.916,10,2026-09-18T18:12:31.621110+00:00
gemma-2-9b-it,belief_bank_facts,mlp,14,27416,belief_bank_facts,420,1258,8225,629,629,270,7955,1.6821,3585,0.4727272727272727,0.9629629629629629,0.9635258358662614,0.6341463414634146,0.9928807877645087,1200.122,10,2026-09-18T18:12:31.621110+00:00
gemma-2-9b-it,belief_bank_facts,mlp,14,27416,belief_bank_facts,511,1258,8225,629,629,270,7955,1.5503,3585,0.35939643347050754,0.9703703703703703,0.9422492401215805,0.5245245245245245,0.9902963428544824,1202.193,10,2026-09-18T18:12:31.621110+00:00
gemma-2-9b-it,belief_bank_facts,mlp,14,27416,belief_bank_facts,mean,0,0,0,0,0,0,1.6134700000000002,3585.0,0.4094410478543625,0.9692592592592593,0.9525106382978723,0.5747561238696173,0.9913259305817445,2803.023,10,2026-09-18T18:12:31.621110+00:00
gemma-2-9b-it,belief_bank_facts,mlp,14,27416,belief_bank_facts,std,0,0,0,0,0,0,0.04687500506666639,0.0,0.03571197249488614,0.006208538746014897,0.006683657668467913,0.0347970955475549,0.0007842356889114768,2803.023,10,2026-09-18T18:12:31.621110+00:00
gemma-2-9b-it,belief_bank_facts,mlp,14,27416,belief_bank_constraints,2,1258,25414,629,629,11520,13894,1.6207,3585,0.5227095971379686,0.5834201388888889,0.5696859998426065,0.5513988021987037,0.6018699056247301,1204.96,10,2026-09-18T18:12:31.621110+00:00
gemma-2-9b-it,belief_bank_facts,mlp,14,27416,belief_bank_constraints,4,1258,25414,629,629,11520,13894,1.6613,3585,0.5348134152102031,0.49140625,0.5757063036121822,0.5121918118072835,0.6146110981158934,1207.788,10,2026-09-18T18:12:31.621110+00:00
gemma-2-9b-it,belief_bank_facts,mlp,14,27416,belief_bank_constraints,24,1258,25414,629,629,11520,13894,0.7008,3585,0.521854152288935,0.39383680555555556,0.5616589281498386,0.4488968041951123,0.593897551950882,1209.648,10,2026-09-18T18:12:31.621110+00:00
gemma-2-9b-it,belief_bank_facts,mlp,14,27416,belief_bank_constraints,42,1258,25414,629,629,11520,13894,0.7304,3585,0.5153457302762231,0.49557291666666664,0.5600849925238057,0.5052659527391805,0.6067671721806375,1211.55,10,2026-09-18T18:12:31.621110+00:00
gemma-2-9b-it,belief_bank_facts,mlp,14,27416,belief_bank_constraints,64,1258,25414,629,629,11520,13894,0.7005,3585,0.5201135825840038,0.09539930555555555,0.5500511529078461,0.16122643585417737,0.5723522368768293,1213.414,10,2026-09-18T18:12:31.621110+00:00
gemma-2-9b-it,belief_bank_facts,mlp,14,27416,belief_bank_constraints,67,1258,25414,629,629,11520,13894,0.6295,3585,0.5076632232799946,0.6526909722222223,0.5556386243802629,0.5711138961680149,0.597913973907602,1215.174,10,2026-09-18T18:12:31.621110+00:00
gemma-2-9b-it,belief_bank_facts,mlp,14,27416,belief_bank_constraints,104,1258,25414,629,629,11520,13894,0.7101,3585,0.5095673557212018,0.5756076388888889,0.5565042889745809,0.5405779969836547,0.5890094320290133,1217.016,10,2026-09-18T18:12:31.621110+00:00
gemma-2-9b-it,belief_bank_facts,mlp,14,27416,belief_bank_constraints,123,1258,25414,629,629,11520,13894,0.7009,3585,0.4887576652282535,0.5604166666666667,0.5350200676792319,0.5221399975736989,0.5863959000587784,1218.865,10,2026-09-18T18:12:31.621110+00:00
gemma-2-9b-it,belief_bank_facts,mlp,14,27416,belief_bank_constraints,420,1258,25414,629,629,11520,13894,0.7405,3585,0.5281529556218207,0.5227430555555556,0.5719682065003542,0.525434080795742,0.6223588594397262,1220.78,10,2026-09-18T18:12:31.621110+00:00
gemma-2-9b-it,belief_bank_facts,mlp,14,27416,belief_bank_constraints,511,1258,25414,629,629,11520,13894,0.6608,3585,0.5702527924750147,0.2526041666666667,0.5749193357991658,0.35011730734524454,0.6166948125589783,1222.611,10,2026-09-18T18:12:31.621110+00:00
gemma-2-9b-it,belief_bank_facts,mlp,14,27416,belief_bank_constraints,mean,0,0,0,0,0,0,0.8855500000000001,3585.0,0.5219230469823619,0.4623697916666667,0.5611237900369875,0.4688363085660813,0.600187094274307,2803.023,10,2026-09-18T18:12:31.621110+00:00
gemma-2-9b-it,belief_bank_facts,mlp,14,27416,belief_bank_constraints,std,0,0,0,0,0,0,0.37903471674768796,0.0,0.020109312627828016,0.16194676834687008,0.012044415758260764,0.11865545446031411,0.014672814917291954,2803.023,10,2026-09-18T18:12:31.621110+00:00
gemma-2-9b-it,belief_bank_facts,mlp,14,27416,halu_eval,2,1258,10000,629,629,2473,7527,1.6311,3585,0.2807017543859649,0.01940962393853619,0.7452,0.036308623298033284,0.5052397700667407,1224.791,10,2026-09-18T18:12:31.621110+00:00
gemma-2-9b-it,belief_bank_facts,mlp,14,27416,halu_eval,4,1258,10000,629,629,2473,7527,1.6215,3585,0.2368573079145003,0.16579053780832997,0.6616,0.1950523311132255,0.4947261969055892,1226.95,10,2026-09-18T18:12:31.621110+00:00
gemma-2-9b-it,belief_bank_facts,mlp,14,27416,halu_eval,24,1258,10000,629,629,2473,7527,1.6309,3585,0.24277456647398843,0.033966841892438336,0.7349,0.0595956012770486,0.49862183697658646,1229.109,10,2026-09-18T18:12:31.621110+00:00
gemma-2-9b-it,belief_bank_facts,mlp,14,27416,halu_eval,42,1258,10000,629,629,2473,7527,1.5806,3585,0.23422770123277736,0.1306105944197331,0.6794,0.16770508826583594,0.4987302484206876,1231.229,10,2026-09-18T18:12:31.621110+00:00
gemma-2-9b-it,belief_bank_facts,mlp,14,27416,halu_eval,64,1258,10000,629,629,2473,7527,1.5912,3585,0.26861702127659576,0.04084108370400324,0.7353,0.0709020709020709,0.506568052006979,1233.369,10,2026-09-18T18:12:31.621110+00:00
gemma-2-9b-it,belief_bank_facts,mlp,14,27416,halu_eval,67,1258,10000,629,629,2473,7527,1.5909,3585,0.24077961019490254,0.324706833805095,0.5798,0.2765151515151515,0.49491468132165906,1235.506,10,2026-09-18T18:12:31.621110+00:00
gemma-2-9b-it,belief_bank_facts,mlp,14,27416,halu_eval,104,1258,10000,629,629,2473,7527,1.601,3585,0.2504178272980501,0.7270521633643349,0.3943,0.37252667564487724,0.5099978935516734,1237.655,10,2026-09-18T18:12:31.621110+00:00
gemma-2-9b-it,belief_bank_facts,mlp,14,27416,halu_eval,123,1258,10000,629,629,2473,7527,1.6113,3585,0.24896108802417832,0.2664779619894865,0.6198,0.257421875,0.5069572157835244,1239.805,10,2026-09-18T18:12:31.621110+00:00
gemma-2-9b-it,belief_bank_facts,mlp,14,27416,halu_eval,420,1258,10000,629,629,2473,7527,1.641,3585,0.24379971923256902,0.2106752931661949,0.6432,0.22603036876355748,0.5023495951036707,1241.975,10,2026-09-18T18:12:31.621110+00:00
gemma-2-9b-it,belief_bank_facts,mlp,14,27416,halu_eval,511,1258,10000,629,629,2473,7527,1.5301,3585,0.25295508274231676,0.21633643348160128,0.6482,0.23321708805579774,0.49920426644696425,1244.041,10,2026-09-18T18:12:31.621110+00:00
gemma-2-9b-it,belief_bank_facts,mlp,14,27416,halu_eval,mean,0,0,0,0,0,0,1.60296,3585.0,0.2500091678775843,0.21358673675697534,0.64417,0.18952748738355982,0.5017309756584074,2803.023,10,2026-09-18T18:12:31.621110+00:00
gemma-2-9b-it,belief_bank_facts,mlp,14,27416,halu_eval,std,0,0,0,0,0,0,0.030869020068670785,0.0,0.01377076075566089,0.19692297341472778,0.09771295768729958,0.10190362693097657,0.005023259038887044,2803.023,10,2026-09-18T18:12:31.621110+00:00
gemma-2-9b-it,belief_bank_facts,mlp,15,27416,belief_bank_facts,2,1258,8225,629,629,270,7955,1.6514,3585,0.46503496503496505,0.9851851851851852,0.9623100303951367,0.6318289786223278,0.9912042274832973,1246.95,10,2026-09-18T18:12:31.621110+00:00
gemma-2-9b-it,belief_bank_facts,mlp,15,27416,belief_bank_facts,4,1258,8225,629,629,270,7955,1.6109,3585,0.40275650842266464,0.9740740740740741,0.9517325227963526,0.5698808234019501,0.9925343948599762,1249.099,10,2026-09-18T18:12:31.621110+00:00
gemma-2-9b-it,belief_bank_facts,mlp,15,27416,belief_bank_facts,24,1258,8225,629,629,270,7955,1.5303,3585,0.450261780104712,0.9555555555555556,0.9602431610942249,0.6120996441281139,0.9889852643341015,1251.159,10,2026-09-18T18:12:31.621110+00:00
gemma-2-9b-it,belief_bank_facts,mlp,15,27416,belief_bank_facts,42,1258,8225,629,629,270,7955,1.6515,3585,0.3963963963963964,0.9777777777777777,0.9503951367781155,0.5641025641025641,0.9915445678236376,1253.331,10,2026-09-18T18:12:31.621110+00:00
gemma-2-9b-it,belief_bank_facts,mlp,15,27416,belief_bank_facts,64,1258,8225,629,629,270,7955,1.5299,3585,0.4219001610305958,0.9703703703703703,0.9553799392097264,0.5881032547699214,0.9917452336056988,1255.366,10,2026-09-18T18:12:31.621110+00:00
gemma-2-9b-it,belief_bank_facts,mlp,15,27416,belief_bank_facts,67,1258,8225,629,629,270,7955,1.5702,3585,0.38328530259365995,0.9851851851851852,0.9474772036474164,0.5518672199170125,0.990910910910911,1257.454,10,2026-09-18T18:12:31.621110+00:00
gemma-2-9b-it,belief_bank_facts,mlp,15,27416,belief_bank_facts,104,1258,8225,629,629,270,7955,1.5707,3585,0.43399339933993397,0.9740740740740741,0.9574468085106383,0.6004566210045662,0.9919365877505413,1259.552,10,2026-09-18T18:12:31.621110+00:00
gemma-2-9b-it,belief_bank_facts,mlp,15,27416,belief_bank_facts,123,1258,8225,629,629,270,7955,1.6211,3585,0.4595070422535211,0.9666666666666667,0.961580547112462,0.6229116945107399,0.9934306399422679,1261.698,10,2026-09-18T18:12:31.621110+00:00
gemma-2-9b-it,belief_bank_facts,mlp,15,27416,belief_bank_facts,420,1258,8225,629,629,270,7955,1.6816,3585,0.4451939291736931,0.9777777777777777,0.9592705167173252,0.6118192352259559,0.9933575435901018,1263.904,10,2026-09-18T18:12:31.621110+00:00
gemma-2-9b-it,belief_bank_facts,mlp,15,27416,belief_bank_facts,511,1258,8225,629,629,270,7955,1.5311,3585,0.37357954545454547,0.9740740740740741,0.945531914893617,0.5400410677618069,0.991152082314873,1265.952,10,2026-09-18T18:12:31.621110+00:00
gemma-2-9b-it,belief_bank_facts,mlp,15,27416,belief_bank_facts,mean,0,0,0,0,0,0,1.59487,3585.0,0.42319090298046874,0.9740740740740741,0.9551367781155016,0.5893111103444959,0.9916801452615406,2803.023,10,2026-09-18T18:12:31.621110+00:00
gemma-2-9b-it,belief_bank_facts,mlp,15,27416,belief_bank_facts,std,0,0,0,0,0,0,0.05340361504617454,0.0,0.03097477489031657,0.008281733249999203,0.0057142857142857195,0.029884731119084587,0.0012270074387417144,2803.023,10,2026-09-18T18:12:31.621110+00:00
gemma-2-9b-it,belief_bank_facts,mlp,15,27416,belief_bank_constraints,2,1258,25414,629,629,11520,13894,1.621,3585,0.5199616457461645,0.5177951388888888,0.5647281026206028,0.5188761308281141,0.5826246128924555,1268.702,10,2026-09-18T18:12:31.621110+00:00
gemma-2-9b-it,belief_bank_facts,mlp,15,27416,belief_bank_constraints,4,1258,25414,629,629,11520,13894,1.662,3585,0.6334405144694534,0.3078125,0.6054930353348548,0.41430073606729756,0.6183422500519808,1271.514,10,2026-09-18T18:12:31.621110+00:00
gemma-2-9b-it,belief_bank_facts,mlp,15,27416,belief_bank_constraints,24,1258,25414,629,629,11520,13894,1.5003,3585,0.5975383800952885,0.3919270833333333,0.6047060675218383,0.47336967917802475,0.6339114768265279,1274.194,10,2026-09-18T18:12:31.621110+00:00
gemma-2-9b-it,belief_bank_facts,mlp,15,27416,belief_bank_constraints,42,1258,25414,629,629,11520,13894,1.6423,3585,0.6741512964448009,0.2189236111111111,0.5979774927205477,0.33051569359806043,0.5794127760983958,1277.008,10,2026-09-18T18:12:31.621110+00:00
gemma-2-9b-it,belief_bank_facts,mlp,15,27416,belief_bank_constraints,64,1258,25414,629,629,11520,13894,1.5508,3585,0.7285714285714285,0.017708333333333333,0.5517431337058314,0.03457627118644068,0.5351972848991571,1279.713,10,2026-09-18T18:12:31.621110+00:00
gemma-2-9b-it,belief_bank_facts,mlp,15,27416,belief_bank_constraints,67,1258,25414,629,629,11520,13894,1.5605,3585,0.6350813743218806,0.15243055555555557,0.5760997875186905,0.24585229261463074,0.5517875671752794,1282.413,10,2026-09-18T18:12:31.621110+00:00
gemma-2-9b-it,belief_bank_facts,mlp,15,27416,belief_bank_constraints,104,1258,25414,629,629,11520,13894,1.6111,3585,0.5291005291005291,0.0954861111111111,0.5514676949712757,0.161776601220678,0.5545817889016842,1285.199,10,2026-09-18T18:12:31.621110+00:00
gemma-2-9b-it,belief_bank_facts,mlp,15,27416,belief_bank_constraints,123,1258,25414,629,629,11520,13894,1.5808,3585,0.6552044609665427,0.18359375,0.5861336271346502,0.2868185516680228,0.5477201639796555,1287.958,10,2026-09-18T18:12:31.621110+00:00
gemma-2-9b-it,belief_bank_facts,mlp,15,27416,belief_bank_constraints,420,1258,25414,629,629,11520,13894,1.6612,3585,0.6098863244919049,0.3073784722222222,0.5969150861729755,0.40874985570818423,0.5760069294499625,1290.792,10,2026-09-18T18:12:31.621110+00:00
gemma-2-9b-it,belief_bank_facts,mlp,15,27416,belief_bank_constraints,511,1258,25414,629,629,11520,13894,1.5605,3585,0.651492757907183,0.19131944444444443,0.5870386401196191,0.29577937328054754,0.5833692138792924,1293.488,10,2026-09-18T18:12:31.621110+00:00
gemma-2-9b-it,belief_bank_facts,mlp,15,27416,belief_bank_constraints,mean,0,0,0,0,0,0,1.59505,3585.0,0.6234428712115176,0.2384375,0.5822302667820887,0.31706151853500003,0.5762954064154392,2803.023,10,2026-09-18T18:12:31.621110+00:00
gemma-2-9b-it,belief_bank_facts,mlp,15,27416,belief_bank_constraints,std,0,0,0,0,0,0,0.05054481674712058,0.0,0.060098273247019746,0.13904239997267753,0.01941134558727643,0.13912377631725983,0.02960601778517601,2803.023,10,2026-09-18T18:12:31.621110+00:00
gemma-2-9b-it,belief_bank_facts,mlp,15,27416,halu_eval,2,1258,10000,629,629,2473,7527,1.5805,3585,0.24603174603174602,0.6142337242215932,0.4391,0.3513357233722678,0.49977788547292556,1295.607,10,2026-09-18T18:12:31.621110+00:00
gemma-2-9b-it,belief_bank_facts,mlp,15,27416,halu_eval,4,1258,10000,629,629,2473,7527,1.6617,3585,0.24873533527069205,0.9344925192074404,0.2858,0.39289357361441685,0.5107349355771171,1297.812,10,2026-09-18T18:12:31.621110+00:00
gemma-2-9b-it,belief_bank_facts,mlp,15,27416,halu_eval,24,1258,10000,629,629,2473,7527,1.5103,3585,0.2545188080117245,0.2106752931661949,0.6522,0.23053097345132742,0.5084187288344517,1299.87,10,2026-09-18T18:12:31.621110+00:00
gemma-2-9b-it,belief_bank_facts,mlp,15,27416,halu_eval,42,1258,10000,629,629,2473,7527,1.6311,3585,0.24861683343143026,0.8540234532955924,0.3256,0.3851203501094092,0.5129416564312403,1302.049,10,2026-09-18T18:12:31.621110+00:00
gemma-2-9b-it,belief_bank_facts,mlp,15,27416,halu_eval,64,1258,10000,629,629,2473,7527,1.5812,3585,0.24714573539288112,0.8928427011726647,0.3009,0.38713070921364073,0.5049374751232536,1304.169,10,2026-09-18T18:12:31.621110+00:00
gemma-2-9b-it,belief_bank_facts,mlp,15,27416,halu_eval,67,1258,10000,629,629,2473,7527,1.5302,3585,0.24740526188752113,0.8289526890416499,0.3341,0.38107630820708244,0.5069666440334946,1306.224,10,2026-09-18T18:12:31.621110+00:00
gemma-2-9b-it,belief_bank_facts,mlp,15,27416,halu_eval,104,1258,10000,629,629,2473,7527,1.5906,3585,0.247810144632308,0.9838253133845531,0.2575,0.3958994386136197,0.5054166773439582,1308.348,10,2026-09-18T18:12:31.621110+00:00
gemma-2-9b-it,belief_bank_facts,mlp,15,27416,halu_eval,123,1258,10000,629,629,2473,7527,1.6313,3585,0.24686640171201468,0.6530529720986656,0.4215,0.35829173599556297,0.5055189107325234,1310.524,10,2026-09-18T18:12:31.621110+00:00
gemma-2-9b-it,belief_bank_facts,mlp,15,27416,halu_eval,420,1258,10000,629,629,2473,7527,1.6313,3585,0.2442455242966752,0.5406389001213101,0.4727,0.3364791745312697,0.4956800886803463,1312.701,10,2026-09-18T18:12:31.621110+00:00
gemma-2-9b-it,belief_bank_facts,mlp,15,27416,halu_eval,511,1258,10000,629,629,2473,7527,1.5808,3585,0.24796917308893981,0.9627982207844723,0.2687,0.39436853002070393,0.5076509039757722,1314.828,10,2026-09-18T18:12:31.621110+00:00
gemma-2-9b-it,belief_bank_facts,mlp,15,27416,halu_eval,mean,0,0,0,0,0,0,1.5928999999999998,3585.0,0.24793449637559326,0.7475535786494136,0.37581000000000003,0.36131265171293003,0.5058043906205084,2803.023,10,2026-09-18T18:12:31.621110+00:00
gemma-2-9b-it,belief_bank_facts,mlp,15,27416,halu_eval,std,0,0,0,0,0,0,0.045097893520651265,0.0,0.0025248521829504787,0.2310687907182316,0.11632548688915942,0.04768593739223964,0.004760773703782642,2803.023,10,2026-09-18T18:12:31.621110+00:00
gemma-2-9b-it,belief_bank_facts,mlp,16,27416,belief_bank_facts,2,1258,8225,629,629,270,7955,1.5105,3585,0.4782608695652174,0.9777777777777777,0.9642553191489361,0.6423357664233577,0.9913341248224969,1317.57,10,2026-09-18T18:12:31.621110+00:00
gemma-2-9b-it,belief_bank_facts,mlp,16,27416,belief_bank_facts,4,1258,8225,629,629,270,7955,1.4092,3585,0.4542314335060449,0.9740740740740741,0.9607294832826748,0.6195524146054181,0.9931587401354843,1319.487,10,2026-09-18T18:12:31.621110+00:00
gemma-2-9b-it,belief_bank_facts,mlp,16,27416,belief_bank_facts,24,1258,8225,629,629,270,7955,1.4799,3585,0.43023255813953487,0.9592592592592593,0.9569604863221884,0.5940366972477065,0.9916209232488303,1321.483,10,2026-09-18T18:12:31.621110+00:00
gemma-2-9b-it,belief_bank_facts,mlp,16,27416,belief_bank_facts,42,1258,8225,629,629,270,7955,1.3692,3585,0.3901018922852984,0.9925925925925926,0.9488145896656535,0.5600835945663531,0.9943278161882814,1323.374,10,2026-09-18T18:12:31.621110+00:00
gemma-2-9b-it,belief_bank_facts,mlp,16,27416,belief_bank_facts,64,1258,8225,629,629,270,7955,1.4604,3585,0.46858168761220825,0.9666666666666667,0.9629179331306991,0.6311970979443773,0.9927932583746537,1325.357,10,2026-09-18T18:12:31.621110+00:00
gemma-2-9b-it,belief_bank_facts,mlp,16,27416,belief_bank_facts,67,1258,8225,629,629,270,7955,1.5707,3585,0.4292604501607717,0.9888888888888889,0.9564741641337386,0.5986547085201793,0.9940833857112927,1327.452,10,2026-09-18T18:12:31.621110+00:00
gemma-2-9b-it,belief_bank_facts,mlp,16,27416,belief_bank_facts,104,1258,8225,629,629,270,7955,1.5607,3585,0.5097276264591439,0.9703703703703703,0.9683890577507599,0.6683673469387755,0.9929333985147939,1329.535,10,2026-09-18T18:12:31.621110+00:00
gemma-2-9b-it,belief_bank_facts,mlp,16,27416,belief_bank_facts,123,1258,8225,629,629,270,7955,1.5202,3585,0.5019011406844106,0.9777777777777777,0.9674164133738602,0.6633165829145728,0.9947147147147146,1331.573,10,2026-09-18T18:12:31.621110+00:00
gemma-2-9b-it,belief_bank_facts,mlp,16,27416,belief_bank_facts,420,1258,8225,629,629,270,7955,1.5704,3585,0.5206286836935167,0.9814814814814815,0.969726443768997,0.6803594351732991,0.9960341737085923,1333.648,10,2026-09-18T18:12:31.621110+00:00
gemma-2-9b-it,belief_bank_facts,mlp,16,27416,belief_bank_facts,511,1258,8225,629,629,270,7955,1.5104,3585,0.4077519379844961,0.9740740740740741,0.9527051671732523,0.5748633879781421,0.993167586190842,1335.678,10,2026-09-18T18:12:31.621110+00:00
gemma-2-9b-it,belief_bank_facts,mlp,16,27416,belief_bank_facts,mean,0,0,0,0,0,0,1.4961600000000002,3585.0,0.45906782800906426,0.9762962962962962,0.9608389057750759,0.6232767032312181,0.9934168121609981,2803.023,10,2026-09-18T18:12:31.621110+00:00
gemma-2-9b-it,belief_bank_facts,mlp,16,27416,belief_bank_facts,std,0,0,0,0,0,0,0.06437669143408972,0.0,0.04216953557815132,0.00939894632625891,0.006633987711927236,0.038901267227331726,0.0013462320569872475,2803.023,10,2026-09-18T18:12:31.621110+00:00
gemma-2-9b-it,belief_bank_facts,mlp,16,27416,belief_bank_constraints,2,1258,25414,629,629,11520,13894,1.5508,3585,0.5010279001468428,0.14809027777777778,0.546981978437082,0.22860971524288107,0.5785505059138237,1338.396,10,2026-09-18T18:12:31.621110+00:00
gemma-2-9b-it,belief_bank_facts,mlp,16,27416,belief_bank_constraints,4,1258,25414,629,629,11520,13894,1.3995,3585,0.525243400582154,0.45425347222222223,0.5664987801998899,0.4871759065307452,0.590504644290901,1340.957,10,2026-09-18T18:12:31.621110+00:00
gemma-2-9b-it,belief_bank_facts,mlp,16,27416,belief_bank_constraints,24,1258,25414,629,629,11520,13894,1.48,3585,0.5727820844099913,0.51953125,0.606555441882427,0.5448586644817698,0.6477322157945875,1343.584,10,2026-09-18T18:12:31.621110+00:00
gemma-2-9b-it,belief_bank_facts,mlp,16,27416,belief_bank_constraints,42,1258,25414,629,629,11520,13894,1.3893,3585,0.5770609318996416,0.26553819444444443,0.5788541748642481,0.36371202663337493,0.5692522901572221,1346.104,10,2026-09-18T18:12:31.621110+00:00
gemma-2-9b-it,belief_bank_facts,mlp,16,27416,belief_bank_constraints,64,1258,25414,629,629,11520,13894,1.4296,3585,0.41449212853137807,0.16684027777777777,0.515503265916424,0.23791545460172062,0.5658602509276587,1348.682,10,2026-09-18T18:12:31.621110+00:00
gemma-2-9b-it,belief_bank_facts,mlp,16,27416,belief_bank_constraints,67,1258,25414,629,629,11520,13894,1.5716,3585,0.5241472827787629,0.4361979166666667,0.5649248445738569,0.4761453546216895,0.5694432698766854,1351.424,10,2026-09-18T18:12:31.621110+00:00
gemma-2-9b-it,belief_bank_facts,mlp,16,27416,belief_bank_constraints,104,1258,25414,629,629,11520,13894,1.5714,3585,0.4786267699706118,0.31102430555555555,0.534115054694263,0.3770388298432074,0.5730856607268525,1354.161,10,2026-09-18T18:12:31.621110+00:00
gemma-2-9b-it,belief_bank_facts,mlp,16,27416,belief_bank_constraints,123,1258,25414,629,629,11520,13894,1.521,3585,0.6877192982456141,0.08506944444444445,0.5677579287007162,0.15140981073773657,0.5545064041432752,1356.827,10,2026-09-18T18:12:31.621110+00:00
gemma-2-9b-it,belief_bank_facts,mlp,16,27416,belief_bank_constraints,420,1258,25414,629,629,11520,13894,1.6005,3585,0.48346866210263756,0.7907986111111112,0.5221924923270638,0.600072456608372,0.603556341266414,1359.552,10,2026-09-18T18:12:31.621110+00:00
gemma-2-9b-it,belief_bank_facts,mlp,16,27416,belief_bank_constraints,511,1258,25414,629,629,11520,13894,1.4911,3585,0.5386373078520981,0.4501736111111111,0.575981742346738,0.4904482693398903,0.621782977614238,1362.198,10,2026-09-18T18:12:31.621110+00:00
gemma-2-9b-it,belief_bank_facts,mlp,16,27416,belief_bank_constraints,mean,0,0,0,0,0,0,1.50048,3585.0,0.5303205766519732,0.3627517361111111,0.5579365703942709,0.39573864886413873,0.5874274560711659,2803.023,10,2026-09-18T18:12:31.621110+00:00
gemma-2-9b-it,belief_bank_facts,mlp,16,27416,belief_bank_constraints,std,0,0,0,0,0,0,0.07150819253763865,0.0,0.06930850967812456,0.20072566667249095,0.026666960278713684,0.14202014528924709,0.02752048487107286,2803.023,10,2026-09-18T18:12:31.621110+00:00
gemma-2-9b-it,belief_bank_facts,mlp,16,27416,halu_eval,2,1258,10000,629,629,2473,7527,1.5413,3585,0.24342745861733203,0.5054589567327133,0.4892,0.3286014721345952,0.49599627081823405,1364.285,10,2026-09-18T18:12:31.621110+00:00
gemma-2-9b-it,belief_bank_facts,mlp,16,27416,halu_eval,4,1258,10000,629,629,2473,7527,1.4305,3585,0.24750435747108224,0.6316215123331985,0.434,0.35564663023679416,0.4989815878365583,1366.26,10,2026-09-18T18:12:31.621110+00:00
gemma-2-9b-it,belief_bank_facts,mlp,16,27416,halu_eval,24,1258,10000,629,629,2473,7527,1.4602,3585,0.2440318302387268,0.44642135058633237,0.5211,0.31556381306274117,0.4959943099571291,1368.268,10,2026-09-18T18:12:31.621110+00:00
gemma-2-9b-it,belief_bank_facts,mlp,16,27416,halu_eval,42,1258,10000,629,629,2473,7527,1.3898,3585,0.24471582902771255,0.6320258794985847,0.4266,0.3528216704288939,0.4934223048541627,1370.217,10,2026-09-18T18:12:31.621110+00:00
gemma-2-9b-it,belief_bank_facts,mlp,16,27416,halu_eval,64,1258,10000,629,629,2473,7527,0.5908,3585,0.24665197491100185,0.5883542256368783,0.4538,0.34758719541328237,0.49688263375987163,1371.382,10,2026-09-18T18:12:31.621110+00:00
gemma-2-9b-it,belief_bank_facts,mlp,16,27416,halu_eval,67,1258,10000,629,629,2473,7527,0.7012,3585,0.2479384277075316,0.7294783663566519,0.3859,0.3700892399220433,0.4957808984300272,1372.643,10,2026-09-18T18:12:31.621110+00:00
gemma-2-9b-it,belief_bank_facts,mlp,16,27416,halu_eval,104,1258,10000,629,629,2473,7527,0.7002,3585,0.2432381667918858,0.523655479175091,0.4793,0.33217904322175196,0.4952852840704855,1373.888,10,2026-09-18T18:12:31.621110+00:00
gemma-2-9b-it,belief_bank_facts,mlp,16,27416,halu_eval,123,1258,10000,629,629,2473,7527,0.5895,3585,0.2421602787456446,0.3372422159320663,0.5751,0.2818996112895048,0.4960317274847884,1375.023,10,2026-09-18T18:12:31.621110+00:00
gemma-2-9b-it,belief_bank_facts,mlp,16,27416,halu_eval,420,1258,10000,629,629,2473,7527,0.7002,3585,0.24218951717015233,0.37929640113222807,0.553,0.2956192877403089,0.4928233020782818,1376.267,10,2026-09-18T18:12:31.621110+00:00
gemma-2-9b-it,belief_bank_facts,mlp,16,27416,halu_eval,511,1258,10000,629,629,2473,7527,0.6196,3585,0.24089972527472528,0.5673271330367974,0.4509,0.3381945281427022,0.4936787210200173,1377.429,10,2026-09-18T18:12:31.621110+00:00
gemma-2-9b-it,belief_bank_facts,mlp,16,27416,halu_eval,mean,0,0,0,0,0,0,0.97233,3585.0,0.24427575659557954,0.5340881520420543,0.4768899999999999,0.3318202491592618,0.49548770403095554,2803.023,10,2026-09-18T18:12:31.621110+00:00
gemma-2-9b-it,belief_bank_facts,mlp,16,27416,halu_eval,std,0,0,0,0,0,0,0.39800858043514586,0.0,0.0022750831105050533,0.11517563785685646,0.05604127853645025,0.026153088684872573,0.0017241975556866896,2803.023,10,2026-09-18T18:12:31.621110+00:00
gemma-2-9b-it,belief_bank_facts,mlp,17,27416,belief_bank_facts,2,1258,8225,629,629,270,7955,0.479,3585,0.5066666666666667,0.9851851851851852,0.9680243161094225,0.6691823899371069,0.9944120865051098,1379.124,10,2026-09-18T18:12:31.621110+00:00
gemma-2-9b-it,belief_bank_facts,mlp,17,27416,belief_bank_facts,4,1258,8225,629,629,270,7955,0.4586,3585,0.46536412078152756,0.9703703703703703,0.9624316109422493,0.6290516206482593,0.9947477710268409,1380.105,10,2026-09-18T18:12:31.621110+00:00
gemma-2-9b-it,belief_bank_facts,mlp,17,27416,belief_bank_facts,24,1258,8225,629,629,270,7955,1.3994,3585,0.4565972222222222,0.9740740740740741,0.9610942249240122,0.6217494089834515,0.9949642665921735,1382.02,10,2026-09-18T18:12:31.621110+00:00
gemma-2-9b-it,belief_bank_facts,mlp,17,27416,belief_bank_facts,42,1258,8225,629,629,270,7955,1.4093,3585,0.4281098546042003,0.9814814814814815,0.9563525835866261,0.5961754780652418,0.995439160090323,1383.935,10,2026-09-18T18:12:31.621110+00:00
gemma-2-9b-it,belief_bank_facts,mlp,17,27416,belief_bank_facts,64,1258,8225,629,629,270,7955,1.3487,3585,0.4746376811594203,0.9703703703703703,0.9637689969604863,0.6374695863746959,0.9934585748539235,1385.799,10,2026-09-18T18:12:31.621110+00:00
gemma-2-9b-it,belief_bank_facts,mlp,17,27416,belief_bank_facts,67,1258,8225,629,629,270,7955,1.4094,3585,0.41601255886970173,0.9814814814814815,0.9541641337386019,0.5843439911797134,0.9939022743673905,1387.735,10,2026-09-18T18:12:31.621110+00:00
gemma-2-9b-it,belief_bank_facts,mlp,17,27416,belief_bank_facts,104,1258,8225,629,629,270,7955,1.4303,3585,0.5047801147227533,0.9777777777777777,0.9677811550151976,0.6658259773013872,0.9956333077263311,1389.686,10,2026-09-18T18:12:31.621110+00:00
gemma-2-9b-it,belief_bank_facts,mlp,17,27416,belief_bank_facts,123,1258,8225,629,629,270,7955,1.47,3585,0.47504621072088726,0.9518518518518518,0.9638905775075988,0.6337854500616523,0.9938845822566753,1391.683,10,2026-09-18T18:12:31.621110+00:00
gemma-2-9b-it,belief_bank_facts,mlp,17,27416,belief_bank_facts,420,1258,8225,629,629,270,7955,1.3893,3585,0.5108910891089109,0.9555555555555556,0.9685106382978723,0.6658064516129032,0.9953153153153153,1393.6,10,2026-09-18T18:12:31.621110+00:00
gemma-2-9b-it,belief_bank_facts,mlp,17,27416,belief_bank_facts,511,1258,8225,629,629,270,7955,1.3998,3585,0.4054878048780488,0.9851851851851852,0.9520972644376899,0.5745140388768899,0.9935191004958446,1395.519,10,2026-09-18T18:12:31.621110+00:00
gemma-2-9b-it,belief_bank_facts,mlp,17,27416,belief_bank_facts,mean,0,0,0,0,0,0,1.21938,3585.0,0.4643593323734339,0.9733333333333334,0.9618115501519757,0.6277904393041301,0.9945276439229929,2803.023,10,2026-09-18T18:12:31.621110+00:00
gemma-2-9b-it,belief_bank_facts,mlp,17,27416,belief_bank_facts,std,0,0,0,0,0,0,0.3764277667760443,0.0,0.036037980296275585,0.01108639225710797,0.0055750878860454794,0.03240123154876466,0.00076752284084348,2803.023,10,2026-09-18T18:12:31.621110+00:00
gemma-2-9b-it,belief_bank_facts,mlp,17,27416,belief_bank_constraints,2,1258,25414,629,629,11520,13894,1.3691,3585,0.4706826630618452,0.9671875,0.4920909734791847,0.6332120936576494,0.6698462840674633,1398.017,10,2026-09-18T18:12:31.621110+00:00
gemma-2-9b-it,belief_bank_facts,mlp,17,27416,belief_bank_constraints,4,1258,25414,629,629,11520,13894,1.35,3585,0.45575642245480497,0.9979166666666667,0.4588809317698906,0.6257348138471587,0.6367040241691058,1400.513,10,2026-09-18T18:12:31.621110+00:00
gemma-2-9b-it,belief_bank_facts,mlp,17,27416,belief_bank_constraints,24,1258,25414,629,629,11520,13894,1.4197,3585,0.4533254624163715,0.9999131944444445,0.4533721570787755,0.6238288654210669,0.6999569345980678,1403.101,10,2026-09-18T18:12:31.621110+00:00
gemma-2-9b-it,belief_bank_facts,mlp,17,27416,belief_bank_constraints,42,1258,25414,629,629,11520,13894,1.3894,3585,0.46391413414483695,0.9792534722222223,0.47765011411033287,0.629572787900773,0.6452518785586905,1405.648,10,2026-09-18T18:12:31.621110+00:00
gemma-2-9b-it,belief_bank_facts,mlp,17,27416,belief_bank_constraints,64,1258,25414,629,629,11520,13894,1.3493,3585,0.5283953529515835,0.7777777777777778,0.5845990398992681,0.6292797696386557,0.6483737796990707,1408.141,10,2026-09-18T18:12:31.621110+00:00
gemma-2-9b-it,belief_bank_facts,mlp,17,27416,belief_bank_constraints,67,1258,25414,629,629,11520,13894,1.4295,3585,0.4823319186955551,0.9372395833333333,0.5155819626977257,0.636897212800472,0.6615871171908738,1410.698,10,2026-09-18T18:12:31.621110+00:00
gemma-2-9b-it,belief_bank_facts,mlp,17,27416,belief_bank_constraints,104,1258,25414,629,629,11520,13894,1.3992,3585,0.4533112973674891,1.0,0.45333280868812464,0.6238323450572658,0.6590145076611807,1413.246,10,2026-09-18T18:12:31.621110+00:00
gemma-2-9b-it,belief_bank_facts,mlp,17,27416,belief_bank_constraints,123,1258,25414,629,629,11520,13894,1.4707,3585,0.4579693885728023,0.9921875,0.4641536161171008,0.6266790942485881,0.5991645511951602,1415.879,10,2026-09-18T18:12:31.621110+00:00
gemma-2-9b-it,belief_bank_facts,mlp,17,27416,belief_bank_constraints,420,1258,25414,629,629,11520,13894,1.3893,3585,0.4548832061973835,0.9990451388888889,0.45687416384669866,0.6251323972732952,0.6898662448468964,1418.436,10,2026-09-18T18:12:31.621110+00:00
gemma-2-9b-it,belief_bank_facts,mlp,17,27416,belief_bank_constraints,511,1258,25414,629,629,11520,13894,1.3897,3585,0.45430510614789676,0.9993923611111111,0.45557566695522156,0.6246541153491401,0.7002727246373335,1420.961,10,2026-09-18T18:12:31.621110+00:00
gemma-2-9b-it,belief_bank_facts,mlp,17,27416,belief_bank_constraints,mean,0,0,0,0,0,0,1.3955899999999999,3585.0,0.4674874952010568,0.9649913194444444,0.48121114346423227,0.6278823495194065,0.6610038046623842,2803.023,10,2026-09-18T18:12:31.621110+00:00
gemma-2-9b-it,belief_bank_facts,mlp,17,27416,belief_bank_constraints,std,0,0,0,0,0,0,0.035243763987406314,0.0,0.022170894689100273,0.06529873760818364,0.039487639223402156,0.004139577670118847,0.029659964880692533,2803.023,10,2026-09-18T18:12:31.621110+00:00
gemma-2-9b-it,belief_bank_facts,mlp,17,27416,halu_eval,2,1258,10000,629,629,2473,7527,1.3992,3585,0.24183006535947713,0.2244237767893247,0.6342,0.23280201342281878,0.495136285487624,1422.888,10,2026-09-18T18:12:31.621110+00:00
gemma-2-9b-it,belief_bank_facts,mlp,17,27416,halu_eval,4,1258,10000,629,629,2473,7527,1.3186,3585,0.24771160583116736,0.8863728265264861,0.3062,0.38721074015191664,0.5028193422132943,1424.738,10,2026-09-18T18:12:31.621110+00:00
gemma-2-9b-it,belief_bank_facts,mlp,17,27416,halu_eval,24,1258,10000,629,629,2473,7527,1.4198,3585,0.2470503744741972,0.9737161342498989,0.2596,0.3941080196399345,0.49073337333489986,1426.702,10,2026-09-18T18:12:31.621110+00:00
gemma-2-9b-it,belief_bank_facts,mlp,17,27416,halu_eval,42,1258,10000,629,629,2473,7527,1.4198,3585,0.2508259212198221,0.7982207844723008,0.3605,0.38170743498017984,0.5063179750633264,1428.67,10,2026-09-18T18:12:31.621110+00:00
gemma-2-9b-it,belief_bank_facts,mlp,17,27416,halu_eval,64,1258,10000,629,629,2473,7527,1.3391,3585,0.2486833789761955,0.9547108774767489,0.2755,0.3945851090498872,0.4946734685446451,1430.553,10,2026-09-18T18:12:31.621110+00:00
gemma-2-9b-it,belief_bank_facts,mlp,17,27416,halu_eval,67,1258,10000,629,629,2473,7527,1.4398,3585,0.24820675105485232,0.9514759401536595,0.2753,0.3937086923784824,0.49811217425597815,1432.541,10,2026-09-18T18:12:31.621110+00:00
gemma-2-9b-it,belief_bank_facts,mlp,17,27416,halu_eval,104,1258,10000,629,629,2473,7527,1.4095,3585,0.2469867416633186,0.9943388596845936,0.2489,0.39568750502856226,0.49101329297290236,1434.496,10,2026-09-18T18:12:31.621110+00:00
gemma-2-9b-it,belief_bank_facts,mlp,17,27416,halu_eval,123,1258,10000,629,629,2473,7527,1.4496,3585,0.23953900709219858,0.5463000404367165,0.4589,0.3330457290767903,0.48945532167228034,1436.473,10,2026-09-18T18:12:31.621110+00:00
gemma-2-9b-it,belief_bank_facts,mlp,17,27416,halu_eval,420,1258,10000,629,629,2473,7527,1.4092,3585,0.24690732103021698,0.9846340477153255,0.2535,0.39481151195784353,0.4990975472528578,1438.418,10,2026-09-18T18:12:31.621110+00:00
gemma-2-9b-it,belief_bank_facts,mlp,17,27416,halu_eval,511,1258,10000,629,629,2473,7527,1.3596,3585,0.24667140969610732,0.9813991103922362,0.2542,0.3942495126705653,0.49306620710529037,1440.32,10,2026-09-18T18:12:31.621110+00:00
gemma-2-9b-it,belief_bank_facts,mlp,17,27416,halu_eval,mean,0,0,0,0,0,0,1.39642,3585.0,0.2464412576397553,0.8295592397897291,0.33268,0.37019162683569806,0.49604249879030987,2803.023,10,2026-09-18T18:12:31.621110+00:00
gemma-2-9b-it,belief_bank_facts,mlp,17,27416,halu_eval,std,0,0,0,0,0,0,0.041039707601297555,0.0,0.0031436611201231383,0.24004130373179852,0.1181826197035757,0.04922706192683763,0.0052302227701688285,2803.023,10,2026-09-18T18:12:31.621110+00:00
gemma-2-9b-it,belief_bank_facts,mlp,18,27416,belief_bank_facts,2,1258,8225,629,629,270,7955,1.2385,3585,0.5671641791044776,0.9851851851851852,0.9748328267477203,0.7198917456021651,0.9965677305212188,1442.794,10,2026-09-18T18:12:31.621110+00:00
gemma-2-9b-it,belief_bank_facts,mlp,18,27416,belief_bank_facts,4,1258,8225,629,629,270,7955,1.2181,3585,0.5417515274949084,0.9851851851851852,0.9721580547112462,0.6990801576872536,0.9972418930558465,1444.536,10,2026-09-18T18:12:31.621110+00:00
gemma-2-9b-it,belief_bank_facts,mlp,18,27416,belief_bank_facts,24,1258,8225,629,629,270,7955,1.2183,3585,0.48194945848375453,0.9888888888888889,0.964741641337386,0.6480582524271845,0.9943874106664804,1446.288,10,2026-09-18T18:12:31.621110+00:00
gemma-2-9b-it,belief_bank_facts,mlp,18,27416,belief_bank_facts,42,1258,8225,629,629,270,7955,1.2786,3585,0.4810810810810811,0.9888888888888889,0.9646200607902735,0.6472727272727272,0.9974863235328352,1448.073,10,2026-09-18T18:12:31.621110+00:00
gemma-2-9b-it,belief_bank_facts,mlp,18,27416,belief_bank_facts,64,1258,8225,629,629,270,7955,1.2179,3585,0.5096899224806202,0.9740740740740741,0.9683890577507599,0.6692111959287532,0.9961757105943152,1449.797,10,2026-09-18T18:12:31.621110+00:00
gemma-2-9b-it,belief_bank_facts,mlp,18,27416,belief_bank_facts,67,1258,8225,629,629,270,7955,1.2179,3585,0.47079646017699117,0.9851851851851852,0.963161094224924,0.637125748502994,0.9962269245990176,1451.526,10,2026-09-18T18:12:31.621110+00:00
gemma-2-9b-it,belief_bank_facts,mlp,18,27416,belief_bank_facts,104,1258,8225,629,629,270,7955,1.3692,3585,0.553014553014553,0.9851851851851852,0.9733738601823708,0.7083888149134487,0.9974374374374374,1453.42,10,2026-09-18T18:12:31.621110+00:00
gemma-2-9b-it,belief_bank_facts,mlp,18,27416,belief_bank_facts,123,1258,8225,629,629,270,7955,1.1988,3585,0.5345528455284553,0.9740740740740741,0.971306990881459,0.6902887139107612,0.9968717554764066,1455.141,10,2026-09-18T18:12:31.621110+00:00
gemma-2-9b-it,belief_bank_facts,mlp,18,27416,belief_bank_facts,420,1258,8225,629,629,270,7955,1.1786,3585,0.5569620253164557,0.9777777777777777,0.9737386018237082,0.7096774193548387,0.995122098843029,1456.842,10,2026-09-18T18:12:31.621110+00:00
gemma-2-9b-it,belief_bank_facts,mlp,18,27416,belief_bank_facts,511,1258,8225,629,629,270,7955,1.2994,3585,0.4344262295081967,0.9814814814814815,0.9574468085106383,0.6022727272727273,0.9943543543543544,1458.667,10,2026-09-18T18:12:31.621110+00:00
gemma-2-9b-it,belief_bank_facts,mlp,18,27416,belief_bank_facts,mean,0,0,0,0,0,0,1.24353,3585.0,0.5131388282189494,0.9825925925925926,0.9683768996960487,0.6731267502872854,0.9961871639080941,2803.023,10,2026-09-18T18:12:31.621110+00:00
gemma-2-9b-it,belief_bank_facts,mlp,18,27416,belief_bank_facts,std,0,0,0,0,0,0,0.05383615978132169,0.0,0.04208022276716347,0.005250906251391789,0.005406289256582159,0.03655543477052675,0.0011274452554790506,2803.023,10,2026-09-18T18:12:31.621110+00:00
gemma-2-9b-it,belief_bank_facts,mlp,18,27416,belief_bank_constraints,2,1258,25414,629,629,11520,13894,1.228,3585,0.47277227722772275,0.9782118055555555,0.4956323286377587,0.637458988573368,0.7107176559026278,1461.033,10,2026-09-18T18:12:31.621110+00:00
gemma-2-9b-it,belief_bank_facts,mlp,18,27416,belief_bank_constraints,4,1258,25414,629,629,11520,13894,1.218,3585,0.45945074000887204,0.9889756944444444,0.46757692610372237,0.6274196657212876,0.7213165555075732,1463.373,10,2026-09-18T18:12:31.621110+00:00
gemma-2-9b-it,belief_bank_facts,mlp,18,27416,belief_bank_constraints,24,1258,25414,629,629,11520,13894,1.2186,3585,0.4556271887933779,0.9938368055555555,0.45895962855119227,0.6248089936695045,0.7430873001235545,1465.748,10,2026-09-18T18:12:31.621110+00:00
gemma-2-9b-it,belief_bank_facts,mlp,18,27416,belief_bank_constraints,42,1258,25414,629,629,11520,13894,1.2795,3585,0.4954831281551678,0.9712673611111111,0.5386794680097584,0.656207847047094,0.7097541479735457,1468.179,10,2026-09-18T18:12:31.621110+00:00
gemma-2-9b-it,belief_bank_facts,mlp,18,27416,belief_bank_constraints,64,1258,25414,629,629,11520,13894,1.239,3585,0.530075851120127,0.7825520833333334,0.5869599433383175,0.6320328110211378,0.6785415592062121,1470.58,10,2026-09-18T18:12:31.621110+00:00
gemma-2-9b-it,belief_bank_facts,mlp,18,27416,belief_bank_constraints,67,1258,25414,629,629,11520,13894,1.2088,3585,0.466048252573335,0.9943576388888888,0.48103407570630363,0.6346436189368126,0.7124480816059691,1472.925,10,2026-09-18T18:12:31.621110+00:00
gemma-2-9b-it,belief_bank_facts,mlp,18,27416,belief_bank_constraints,104,1258,25414,629,629,11520,13894,1.3589,3585,0.4571553367217281,0.9993923611111111,0.46179271267805144,0.627343068875327,0.7254337903651458,1475.404,10,2026-09-18T18:12:31.621110+00:00
gemma-2-9b-it,belief_bank_facts,mlp,18,27416,belief_bank_constraints,123,1258,25414,629,629,11520,13894,1.2078,3585,0.4979135221521797,0.9736111111111111,0.5430077909813489,0.6588732890794807,0.7072922477028453,1477.753,10,2026-09-18T18:12:31.621110+00:00
gemma-2-9b-it,belief_bank_facts,mlp,18,27416,belief_bank_constraints,420,1258,25414,629,629,11520,13894,1.1781,3585,0.4909138449470519,0.9778645833333334,0.5302982608011332,0.6536687266080599,0.7745994474033556,1480.096,10,2026-09-18T18:12:31.621110+00:00
gemma-2-9b-it,belief_bank_facts,mlp,18,27416,belief_bank_constraints,511,1258,25414,629,629,11520,13894,1.2991,3585,0.5115185707569346,0.9444444444444444,0.5659872511214291,0.6636169563891431,0.686434760758041,1482.559,10,2026-09-18T18:12:31.621110+00:00
gemma-2-9b-it,belief_bank_facts,mlp,18,27416,belief_bank_constraints,mean,0,0,0,0,0,0,1.2435800000000001,3585.0,0.4836958712456497,0.960451388888889,0.5129928385929016,0.6416073965921215,0.716962554654887,2803.023,10,2026-09-18T18:12:31.621110+00:00
gemma-2-9b-it,belief_bank_facts,mlp,18,27416,belief_bank_constraints,std,0,0,0,0,0,0,0.05098132599295551,0.0,0.02414378999979018,0.061161634733479804,0.04366476141996553,0.014090797959980259,0.0259002068942049,2803.023,10,2026-09-18T18:12:31.621110+00:00
gemma-2-9b-it,belief_bank_facts,mlp,18,27416,halu_eval,2,1258,10000,629,629,2473,7527,1.2383,3585,0.2463768115942029,0.25434694702790134,0.6232,0.2502984480700358,0.49517630854305283,1484.342,10,2026-09-18T18:12:31.621110+00:00
gemma-2-9b-it,belief_bank_facts,mlp,18,27416,halu_eval,4,1258,10000,629,629,2473,7527,1.2181,3585,0.2469835466179159,0.5463000404367165,0.4759,0.3401737378824122,0.5021040576877815,1486.094,10,2026-09-18T18:12:31.621110+00:00
gemma-2-9b-it,belief_bank_facts,mlp,18,27416,halu_eval,24,1258,10000,629,629,2473,7527,1.228,3585,0.2506325110689437,0.6409219571370804,0.4373,0.36035011935887235,0.5050429318451418,1487.847,10,2026-09-18T18:12:31.621110+00:00
gemma-2-9b-it,belief_bank_facts,mlp,18,27416,halu_eval,42,1258,10000,629,629,2473,7527,1.2583,3585,0.24751580849141824,0.9971694298422968,0.2496,0.3965905435831457,0.5018589231885578,1489.641,10,2026-09-18T18:12:31.621110+00:00
gemma-2-9b-it,belief_bank_facts,mlp,18,27416,halu_eval,64,1258,10000,629,629,2473,7527,1.2282,3585,0.248559670781893,0.7327133036797412,0.3861,0.3711973778551675,0.5082771707793445,1491.411,10,2026-09-18T18:12:31.621110+00:00
gemma-2-9b-it,belief_bank_facts,mlp,18,27416,halu_eval,67,1258,10000,629,629,2473,7527,1.2282,3585,0.24741144414168936,0.7343307723412859,0.3819,0.37012126770610415,0.5059195710645881,1493.185,10,2026-09-18T18:12:31.621110+00:00
gemma-2-9b-it,belief_bank_facts,mlp,18,27416,halu_eval,104,1258,10000,629,629,2473,7527,1.3493,3585,0.24766991307990366,0.9563283461382935,0.2708,0.39344535019131593,0.5082297340572725,1495.08,10,2026-09-18T18:12:31.621110+00:00
gemma-2-9b-it,belief_bank_facts,mlp,18,27416,halu_eval,123,1258,10000,629,629,2473,7527,1.2183,3585,0.25791411042944784,0.42498989082086536,0.5554,0.32101405009163103,0.5109427599931257,1496.84,10,2026-09-18T18:12:31.621110+00:00
gemma-2-9b-it,belief_bank_facts,mlp,18,27416,halu_eval,420,1258,10000,629,629,2473,7527,1.1779,3585,0.24812421842434348,0.9627982207844723,0.2693,0.39456458695832297,0.501430058689916,1498.553,10,2026-09-18T18:12:31.621110+00:00
gemma-2-9b-it,belief_bank_facts,mlp,18,27416,halu_eval,511,1258,10000,629,629,2473,7527,1.2886,3585,0.2470944921677615,0.9886777193691872,0.2522,0.3953751617076326,0.5034391086279983,1500.365,10,2026-09-18T18:12:31.621110+00:00
gemma-2-9b-it,belief_bank_facts,mlp,18,27416,halu_eval,mean,0,0,0,0,0,0,1.24332,3585.0,0.24882825267975192,0.7238576627577841,0.39017,0.359313064340464,0.5042420624476779,2803.023,10,2026-09-18T18:12:31.621110+00:00
gemma-2-9b-it,belief_bank_facts,mlp,18,27416,halu_eval,std,0,0,0,0,0,0,0.04445829056542772,0.0,0.0032228247861828953,0.2458291275482542,0.12606116015648913,0.04367403419721873,0.004260619785577589,2803.023,10,2026-09-18T18:12:31.621110+00:00
gemma-2-9b-it,belief_bank_facts,mlp,19,27416,belief_bank_facts,2,1258,8225,629,629,270,7955,1.2683,3585,0.5698924731182796,0.9814814814814815,0.9750759878419453,0.7210884353741497,0.9966939032055311,1502.933,10,2026-09-18T18:12:31.621110+00:00
gemma-2-9b-it,belief_bank_facts,mlp,19,27416,belief_bank_facts,4,1258,8225,629,629,270,7955,1.1677,3585,0.4784172661870504,0.9851851851851852,0.9642553191489361,0.6440677966101694,0.9952240612705728,1504.621,10,2026-09-18T18:12:31.621110+00:00
gemma-2-9b-it,belief_bank_facts,mlp,19,27416,belief_bank_facts,24,1258,8225,629,629,270,7955,1.1577,3585,0.459412780656304,0.9851851851851852,0.9614589665653496,0.6266195524146054,0.9944116209232488,1506.299,10,2026-09-18T18:12:31.621110+00:00
gemma-2-9b-it,belief_bank_facts,mlp,19,27416,belief_bank_facts,42,1258,8225,629,629,270,7955,1.1779,3585,0.4367816091954023,0.9851851851851852,0.9578115501519757,0.6052332195676906,0.9961082012244803,1508.0,10,2026-09-18T18:12:31.621110+00:00
gemma-2-9b-it,belief_bank_facts,mlp,19,27416,belief_bank_facts,64,1258,8225,629,629,270,7955,1.188,3585,0.5,0.9777777777777777,0.9671732522796352,0.6616541353383458,0.9949814931210279,1509.71,10,2026-09-18T18:12:31.621110+00:00
gemma-2-9b-it,belief_bank_facts,mlp,19,27416,belief_bank_facts,67,1258,8225,629,629,270,7955,1.2183,3585,0.47755834829443444,0.9851851851851852,0.9641337386018237,0.6432889963724304,0.996298624205601,1511.442,10,2026-09-18T18:12:31.621110+00:00
gemma-2-9b-it,belief_bank_facts,mlp,19,27416,belief_bank_facts,104,1258,8225,629,629,270,7955,0.277,3585,0.5671641791044776,0.9851851851851852,0.9748328267477203,0.7198917456021651,0.9975068091347161,1512.223,10,2026-09-18T18:12:31.621110+00:00
gemma-2-9b-it,belief_bank_facts,mlp,19,27416,belief_bank_facts,123,1258,8225,629,629,270,7955,0.2971,3585,0.51953125,0.9851851851851852,0.9696048632218845,0.680306905370844,0.9962339083269316,1513.023,10,2026-09-18T18:12:31.621110+00:00
gemma-2-9b-it,belief_bank_facts,mlp,19,27416,belief_bank_facts,420,1258,8225,629,629,270,7955,0.287,3585,0.5365853658536586,0.9777777777777777,0.9715501519756838,0.6929133858267716,0.9963642712479922,1513.816,10,2026-09-18T18:12:31.621110+00:00
gemma-2-9b-it,belief_bank_facts,mlp,19,27416,belief_bank_facts,511,1258,8225,629,629,270,7955,0.2468,3585,0.4489795918367347,0.9777777777777777,0.9598784194528875,0.6153846153846154,0.9940796610564052,1514.568,10,2026-09-18T18:12:31.621110+00:00
gemma-2-9b-it,belief_bank_facts,mlp,19,27416,belief_bank_facts,mean,0,0,0,0,0,0,0.82858,3585.0,0.49943228642463416,0.9825925925925926,0.9665775075987841,0.6610448787861788,0.9957902553716508,2803.023,10,2026-09-18T18:12:31.621110+00:00
gemma-2-9b-it,belief_bank_facts,mlp,19,27416,belief_bank_facts,std,0,0,0,0,0,0,0.4514701824041095,0.0,0.04508783868935908,0.003333333333333336,0.005778453659506137,0.03929831772276556,0.0010222731938505677,2803.023,10,2026-09-18T18:12:31.621110+00:00
gemma-2-9b-it,belief_bank_facts,mlp,19,27416,belief_bank_constraints,2,1258,25414,629,629,11520,13894,0.3779,3585,0.5026624570001413,0.9259548611111111,0.5511529078460691,0.6515989126782933,0.6558517403095661,1516.103,10,2026-09-18T18:12:31.621110+00:00
gemma-2-9b-it,belief_bank_facts,mlp,19,27416,belief_bank_constraints,4,1258,25414,629,629,11520,13894,0.2674,3585,0.49318838585385993,0.9333333333333333,0.5350200676792319,0.6453587827496173,0.642357056353262,1517.542,10,2026-09-18T18:12:31.621110+00:00
gemma-2-9b-it,belief_bank_facts,mlp,19,27416,belief_bank_constraints,24,1258,25414,629,629,11520,13894,0.2471,3585,0.4706883666860417,0.9841145833333333,0.491146612103565,0.6368027860472955,0.6560284565279977,1518.966,10,2026-09-18T18:12:31.621110+00:00
gemma-2-9b-it,belief_bank_facts,mlp,19,27416,belief_bank_constraints,42,1258,25414,629,629,11520,13894,0.2876,3585,0.4754432963388187,0.9705729166666667,0.5012591485008263,0.638239575306105,0.6609680575048382,1520.433,10,2026-09-18T18:12:31.621110+00:00
gemma-2-9b-it,belief_bank_facts,mlp,19,27416,belief_bank_constraints,64,1258,25414,629,629,11520,13894,1.188,3585,0.5144011053246891,0.8402777777777778,0.5680333674352719,0.6381435823060189,0.6161844316291605,1522.793,10,2026-09-18T18:12:31.621110+00:00
gemma-2-9b-it,belief_bank_facts,mlp,19,27416,belief_bank_constraints,67,1258,25414,629,629,11520,13894,1.2183,3585,0.4720145313226038,0.9699652777777777,0.4945699220901865,0.6350126445599977,0.6180404548626106,1525.165,10,2026-09-18T18:12:31.621110+00:00
gemma-2-9b-it,belief_bank_facts,mlp,19,27416,belief_bank_constraints,104,1258,25414,629,629,11520,13894,1.1876,3585,0.4797174400406074,0.9844618055555555,0.5089714330683875,0.6450897300986889,0.661115578217216,1527.484,10,2026-09-18T18:12:31.621110+00:00
gemma-2-9b-it,belief_bank_facts,mlp,19,27416,belief_bank_constraints,123,1258,25414,629,629,11520,13894,1.1879,3585,0.494573148485954,0.94140625,0.5373416227276304,0.6484692657259029,0.6528186377413112,1529.831,10,2026-09-18T18:12:31.621110+00:00
gemma-2-9b-it,belief_bank_facts,mlp,19,27416,belief_bank_constraints,420,1258,25414,629,629,11520,13894,1.1878,3585,0.4769389332646225,0.9640625,0.5044463681435429,0.6381658334769867,0.6275926771448107,1532.192,10,2026-09-18T18:12:31.621110+00:00
gemma-2-9b-it,belief_bank_facts,mlp,19,27416,belief_bank_constraints,511,1258,25414,629,629,11520,13894,1.1679,3585,0.4710318114389319,0.9922743055555555,0.4913827024474699,0.6388174807197944,0.6320526171368936,1534.53,10,2026-09-18T18:12:31.621110+00:00
gemma-2-9b-it,belief_bank_facts,mlp,19,27416,belief_bank_constraints,mean,0,0,0,0,0,0,0.8317499999999999,3585.0,0.48506594757562704,0.9506423611111112,0.5183324152042181,0.64156985936687,0.6423009707427665,2803.023,10,2026-09-18T18:12:31.621110+00:00
gemma-2-9b-it,belief_bank_facts,mlp,19,27416,belief_bank_constraints,std,0,0,0,0,0,0,0.43954078593459334,0.0,0.014449259786095011,0.042570867578622405,0.02605600663582039,0.005316430661224847,0.016664783729058757,2803.023,10,2026-09-18T18:12:31.621110+00:00
gemma-2-9b-it,belief_bank_facts,mlp,19,27416,halu_eval,2,1258,10000,629,629,2473,7527,1.2585,3585,0.2438692098092643,0.5066720582288718,0.4895,0.3292602811719879,0.49432255499020084,1536.338,10,2026-09-18T18:12:31.621110+00:00
gemma-2-9b-it,belief_bank_facts,mlp,19,27416,halu_eval,4,1258,10000,629,629,2473,7527,1.1679,3585,0.2463706686446964,0.9401536595228468,0.274,0.3904282115869018,0.49406205593547015,1538.049,10,2026-09-18T18:12:31.621110+00:00
gemma-2-9b-it,belief_bank_facts,mlp,19,27416,halu_eval,24,1258,10000,629,629,2473,7527,1.1474,3585,0.24751580849141824,0.9971694298422968,0.2496,0.3965905435831457,0.5133123397633997,1539.726,10,2026-09-18T18:12:31.621110+00:00
gemma-2-9b-it,belief_bank_facts,mlp,19,27416,halu_eval,42,1258,10000,629,629,2473,7527,1.1779,3585,0.24732473247324732,1.0,0.2474,0.3965683130211674,0.5050382580118233,1541.44,10,2026-09-18T18:12:31.621110+00:00
gemma-2-9b-it,belief_bank_facts,mlp,19,27416,halu_eval,64,1258,10000,629,629,2473,7527,1.1982,3585,0.24748895138609883,0.9963606955115245,0.2499,0.39649207498592004,0.5074848754485202,1543.181,10,2026-09-18T18:12:31.621110+00:00
gemma-2-9b-it,belief_bank_facts,mlp,19,27416,halu_eval,67,1258,10000,629,629,2473,7527,1.2081,3585,0.24778761061946902,0.9623938536190861,0.2682,0.3941049842689187,0.505230798455658,1544.939,10,2026-09-18T18:12:31.621110+00:00
gemma-2-9b-it,belief_bank_facts,mlp,19,27416,halu_eval,104,1258,10000,629,629,2473,7527,1.1885,3585,0.24744846908144888,1.0,0.2479,0.39672736023100985,0.5055197165658543,1546.672,10,2026-09-18T18:12:31.621110+00:00
gemma-2-9b-it,belief_bank_facts,mlp,19,27416,halu_eval,123,1258,10000,629,629,2473,7527,1.199,3585,0.24764103593655892,0.997573797007683,0.2499,0.39678327301970245,0.510948185937553,1548.419,10,2026-09-18T18:12:31.621110+00:00
gemma-2-9b-it,belief_bank_facts,mlp,19,27416,halu_eval,420,1258,10000,629,629,2473,7527,1.1886,3585,0.24701754385964914,0.9963606955115245,0.248,0.39588688946015427,0.5027852017411801,1550.147,10,2026-09-18T18:12:31.621110+00:00
gemma-2-9b-it,belief_bank_facts,mlp,19,27416,halu_eval,511,1258,10000,629,629,2473,7527,1.1678,3585,0.24737210932025228,0.9991912656692277,0.248,0.3965655593002728,0.5068818972282074,1551.845,10,2026-09-18T18:12:31.621110+00:00
gemma-2-9b-it,belief_bank_facts,mlp,19,27416,halu_eval,mean,0,0,0,0,0,0,1.19019,3585.0,0.24698361396221036,0.9395875454913061,0.27724000000000004,0.3889407490629181,0.5045585884077867,2803.023,10,2026-09-18T18:12:31.621110+00:00
gemma-2-9b-it,belief_bank_facts,mlp,19,27416,halu_eval,std,0,0,0,0,0,0,0.02848573151597129,0.0,0.001103492564447316,0.14557220200386223,0.07132086931607044,0.019982204137950755,0.005925539891515848,2803.023,10,2026-09-18T18:12:31.621110+00:00
gemma-2-9b-it,belief_bank_facts,mlp,20,27416,belief_bank_facts,2,1258,8225,629,629,270,7955,1.1779,3585,0.5417515274949084,0.9851851851851852,0.9721580547112462,0.6990801576872536,0.9967134576436902,1554.247,10,2026-09-18T18:12:31.621110+00:00
gemma-2-9b-it,belief_bank_facts,mlp,20,27416,belief_bank_facts,4,1258,8225,629,629,270,7955,1.1676,3585,0.500945179584121,0.9814814814814815,0.9672948328267478,0.6633291614518148,0.996835905673115,1555.937,10,2026-09-18T18:12:31.621110+00:00
gemma-2-9b-it,belief_bank_facts,mlp,20,27416,belief_bank_facts,24,1258,8225,629,629,270,7955,1.1677,3585,0.49444444444444446,0.9888888888888889,0.9664437689969605,0.6592592592592592,0.9959443164094327,1557.628,10,2026-09-18T18:12:31.621110+00:00
gemma-2-9b-it,belief_bank_facts,mlp,20,27416,belief_bank_facts,42,1258,8225,629,629,270,7955,1.1479,3585,0.42289348171701113,0.9851851851851852,0.9553799392097264,0.5917686318131257,0.9967898130688828,1559.297,10,2026-09-18T18:12:31.621110+00:00
gemma-2-9b-it,belief_bank_facts,mlp,20,27416,belief_bank_facts,64,1258,8225,629,629,270,7955,1.1882,3585,0.4889705882352941,0.9851851851851852,0.9657142857142857,0.6535626535626535,0.9957571525013384,1561.003,10,2026-09-18T18:12:31.621110+00:00
gemma-2-9b-it,belief_bank_facts,mlp,20,27416,belief_bank_facts,67,1258,8225,629,629,270,7955,1.1882,3585,0.4785714285714286,0.9925925925925926,0.9642553191489361,0.6457831325301204,0.9963652024117141,1562.707,10,2026-09-18T18:12:31.621110+00:00
gemma-2-9b-it,belief_bank_facts,mlp,20,27416,belief_bank_facts,104,1258,8225,629,629,270,7955,1.1476,3585,0.572961373390558,0.9888888888888889,0.9754407294832826,0.7255434782608695,0.9972428242195684,1564.356,10,2026-09-18T18:12:31.621110+00:00
gemma-2-9b-it,belief_bank_facts,mlp,20,27416,belief_bank_facts,123,1258,8225,629,629,270,7955,1.1678,3585,0.5096525096525096,0.9777777777777777,0.9683890577507599,0.6700507614213198,0.9965546942291128,1566.031,10,2026-09-18T18:12:31.621110+00:00
gemma-2-9b-it,belief_bank_facts,mlp,20,27416,belief_bank_facts,420,1258,8225,629,629,270,7955,1.1575,3585,0.5488565488565489,0.9777777777777777,0.972887537993921,0.7030625832223701,0.9966170821984776,1567.698,10,2026-09-18T18:12:31.621110+00:00
gemma-2-9b-it,belief_bank_facts,mlp,20,27416,belief_bank_facts,511,1258,8225,629,629,270,7955,1.1584,3585,0.4697508896797153,0.9777777777777777,0.9630395136778116,0.6346153846153846,0.9949908047582465,1569.373,10,2026-09-18T18:12:31.621110+00:00
gemma-2-9b-it,belief_bank_facts,mlp,20,27416,belief_bank_facts,mean,0,0,0,0,0,0,1.16688,3585.0,0.502879797162654,0.984074074074074,0.9671003039513678,0.664605520382417,0.9963811253113579,2803.023,10,2026-09-18T18:12:31.621110+00:00
gemma-2-9b-it,belief_bank_facts,mlp,20,27416,belief_bank_facts,std,0,0,0,0,0,0,0.013872332175953675,0.0,0.04115430237920931,0.004982823721138426,0.0054280506358491834,0.0362237367369828,0.0006185475999053577,2803.023,10,2026-09-18T18:12:31.621110+00:00
gemma-2-9b-it,belief_bank_facts,mlp,20,27416,belief_bank_constraints,2,1258,25414,629,629,11520,13894,1.1878,3585,0.4694465005345834,0.9909722222222223,0.4882348311954041,0.6370891232769685,0.6300587133934712,1571.732,10,2026-09-18T18:12:31.621110+00:00
gemma-2-9b-it,belief_bank_facts,mlp,20,27416,belief_bank_constraints,4,1258,25414,629,629,11520,13894,1.1577,3585,0.473722533944404,0.9600694444444444,0.4984260643739671,0.6344107608913873,0.5880026650192729,1574.063,10,2026-09-18T18:12:31.621110+00:00
gemma-2-9b-it,belief_bank_facts,mlp,20,27416,belief_bank_constraints,24,1258,25414,629,629,11520,13894,1.1578,3585,0.4666775697113419,0.9907986111111111,0.4825686629416857,0.6344988604146978,0.6083236681401245,1576.377,10,2026-09-18T18:12:31.621110+00:00
gemma-2-9b-it,belief_bank_facts,mlp,20,27416,belief_bank_constraints,42,1258,25414,629,629,11520,13894,1.1688,3585,0.47243373694503393,0.9855902777777777,0.4945699220901865,0.6387084071667651,0.651406013836908,1578.765,10,2026-09-18T18:12:31.621110+00:00
gemma-2-9b-it,belief_bank_facts,mlp,20,27416,belief_bank_constraints,64,1258,25414,629,629,11520,13894,1.1781,3585,0.48182775321120236,0.9931423611111111,0.5127488785708665,0.6488586417127463,0.6516697167942197,1581.135,10,2026-09-18T18:12:31.621110+00:00
gemma-2-9b-it,belief_bank_facts,mlp,20,27416,belief_bank_constraints,67,1258,25414,629,629,11520,13894,1.1885,3585,0.4630285272453506,0.9876736111111111,0.4752105138899819,0.6304823650015239,0.6180479958375318,1583.491,10,2026-09-18T18:12:31.621110+00:00
gemma-2-9b-it,belief_bank_facts,mlp,20,27416,belief_bank_constraints,104,1258,25414,629,629,11520,13894,1.1576,3585,0.4645258567993806,0.9894965277777777,0.4782009915794444,0.6322416040378269,0.6568310299309854,1585.809,10,2026-09-18T18:12:31.621110+00:00
gemma-2-9b-it,belief_bank_facts,mlp,20,27416,belief_bank_constraints,123,1258,25414,629,629,11520,13894,1.1679,3585,0.5186279734508987,0.9292534722222222,0.5769654521130085,0.6657131308106091,0.6641299814168387,1588.145,10,2026-09-18T18:12:31.621110+00:00
gemma-2-9b-it,belief_bank_facts,mlp,20,27416,belief_bank_constraints,420,1258,25414,629,629,11520,13894,1.1675,3585,0.4910900768786384,0.9592881944444445,0.5309278350515464,0.6496193751285895,0.6910933339031238,1590.459,10,2026-09-18T18:12:31.621110+00:00
gemma-2-9b-it,belief_bank_facts,mlp,20,27416,belief_bank_constraints,511,1258,25414,629,629,11520,13894,1.1475,3585,0.4653589484327604,0.9987847222222223,0.4793027465176674,0.6349013657056146,0.7189266474937224,1592.747,10,2026-09-18T18:12:31.621110+00:00
gemma-2-9b-it,belief_bank_facts,mlp,20,27416,belief_bank_constraints,mean,0,0,0,0,0,0,1.16792,3585.0,0.4766739477153594,0.9785069444444444,0.501715589832376,0.6406523634146728,0.6478489765766199,2803.023,10,2026-09-18T18:12:31.621110+00:00
gemma-2-9b-it,belief_bank_facts,mlp,20,27416,belief_bank_constraints,std,0,0,0,0,0,0,0.012859533428550186,0.0,0.016233247933193595,0.02078949380485338,0.030009396261093883,0.010374656274434022,0.03693715154920309,2803.023,10,2026-09-18T18:12:31.621110+00:00
gemma-2-9b-it,belief_bank_facts,mlp,20,27416,halu_eval,2,1258,10000,629,629,2473,7527,1.1878,3585,0.24736154387375617,0.9951475940153659,0.25,0.39623249074223155,0.48743869690088854,1594.484,10,2026-09-18T18:12:31.621110+00:00
gemma-2-9b-it,belief_bank_facts,mlp,20,27416,halu_eval,4,1258,10000,629,629,2473,7527,1.1676,3585,0.24757232956251876,1.0,0.2484,0.3968865350666025,0.4920063213864244,1596.201,10,2026-09-18T18:12:31.621110+00:00
gemma-2-9b-it,belief_bank_facts,mlp,20,27416,halu_eval,24,1258,10000,629,629,2473,7527,1.1576,3585,0.24724283136154002,0.9971694298422968,0.2485,0.3962400578452639,0.49351790354830444,1597.908,10,2026-09-18T18:12:31.621110+00:00
gemma-2-9b-it,belief_bank_facts,mlp,20,27416,halu_eval,42,1258,10000,629,629,2473,7527,1.1679,3585,0.24737421226367912,1.0,0.2476,0.3966319165998396,0.48021515320154085,1599.628,10,2026-09-18T18:12:31.621110+00:00
gemma-2-9b-it,belief_bank_facts,mlp,20,27416,halu_eval,64,1258,10000,629,629,2473,7527,1.1777,3585,0.24737210932025228,0.9991912656692277,0.248,0.3965655593002728,0.4879523350659287,1601.354,10,2026-09-18T18:12:31.621110+00:00
gemma-2-9b-it,belief_bank_facts,mlp,20,27416,halu_eval,67,1258,10000,629,629,2473,7527,1.1875,3585,0.2473494698939788,1.0,0.2475,0.3966001122604442,0.4937767909363735,1603.075,10,2026-09-18T18:12:31.621110+00:00
gemma-2-9b-it,belief_bank_facts,mlp,20,27416,halu_eval,104,1258,10000,629,629,2473,7527,1.1575,3585,0.24732473247324732,1.0,0.2474,0.3965683130211674,0.4932409654936258,1604.763,10,2026-09-18T18:12:31.621110+00:00
gemma-2-9b-it,belief_bank_facts,mlp,20,27416,halu_eval,123,1258,10000,629,629,2473,7527,1.1574,3585,0.2472741822546764,0.9995956328346138,0.2474,0.39647153167602245,0.48876676395223856,1606.458,10,2026-09-18T18:12:31.621110+00:00
gemma-2-9b-it,belief_bank_facts,mlp,20,27416,halu_eval,420,1258,10000,629,629,2473,7527,1.1679,3585,0.24732473247324732,1.0,0.2474,0.3965683130211674,0.48456273146555134,1608.17,10,2026-09-18T18:12:31.621110+00:00
gemma-2-9b-it,belief_bank_facts,mlp,20,27416,halu_eval,511,1258,10000,629,629,2473,7527,1.1678,3585,0.24732473247324732,1.0,0.2474,0.3965683130211674,0.48260130627731807,1609.885,10,2026-09-18T18:12:31.621110+00:00
gemma-2-9b-it,belief_bank_facts,mlp,20,27416,halu_eval,mean,0,0,0,0,0,0,1.1696699999999998,3585.0,0.2473520875950143,0.9991103922361504,0.24795999999999996,0.39653331425541793,0.48840789682281943,2803.023,10,2026-09-18T18:12:31.621110+00:00
gemma-2-9b-it,belief_bank_facts,mlp,20,27416,halu_eval,std,0,0,0,0,0,0,0.010814254481932637,0.0,8.35130187027353e-05,0.0015640177602760882,0.0007901898506055351,0.00017999305994494935,0.004562268228690355,2803.023,10,2026-09-18T18:12:31.621110+00:00
gemma-2-9b-it,belief_bank_facts,mlp,21,27416,belief_bank_facts,2,1258,8225,629,629,270,7955,1.2086,3585,0.5576519916142557,0.9851851851851852,0.9738601823708206,0.7121820615796519,0.995096026258817,1612.332,10,2026-09-18T18:12:31.621110+00:00
gemma-2-9b-it,belief_bank_facts,mlp,21,27416,belief_bank_facts,4,1258,8225,629,629,270,7955,1.178,3585,0.5,0.9814814814814815,0.9671732522796352,0.6625,0.9959573527015387,1614.032,10,2026-09-18T18:12:31.621110+00:00
gemma-2-9b-it,belief_bank_facts,mlp,21,27416,belief_bank_facts,24,1258,8225,629,629,270,7955,1.1678,3585,0.5288270377733598,0.9851851851851852,0.9706990881458967,0.6882276843467011,0.9948930325674512,1615.715,10,2026-09-18T18:12:31.621110+00:00
gemma-2-9b-it,belief_bank_facts,mlp,21,27416,belief_bank_facts,42,1258,8225,629,629,270,7955,1.1777,3585,0.4504201680672269,0.9925925925925926,0.96,0.6196531791907515,0.9965928719417092,1617.397,10,2026-09-18T18:12:31.621110+00:00
gemma-2-9b-it,belief_bank_facts,mlp,21,27416,belief_bank_facts,64,1258,8225,629,629,270,7955,1.1876,3585,0.49165120593692024,0.9814814814814815,0.9660790273556231,0.6551297898640297,0.9953330074260307,1619.097,10,2026-09-18T18:12:31.621110+00:00
gemma-2-9b-it,belief_bank_facts,mlp,21,27416,belief_bank_facts,67,1258,8225,629,629,270,7955,1.1783,3585,0.4658493870402802,0.9851851851851852,0.9624316109422493,0.6325802615933412,0.9956216681798078,1620.793,10,2026-09-18T18:12:31.621110+00:00
gemma-2-9b-it,belief_bank_facts,mlp,21,27416,belief_bank_facts,104,1258,8225,629,629,270,7955,1.178,3585,0.5469387755102041,0.9925925925925926,0.9727659574468085,0.7052631578947368,0.9972605163302838,1622.49,10,2026-09-18T18:12:31.621110+00:00
gemma-2-9b-it,belief_bank_facts,mlp,21,27416,belief_bank_facts,123,1258,8225,629,629,270,7955,1.1682,3585,0.5174418604651163,0.9888888888888889,0.9693617021276596,0.6793893129770993,0.9965658681937751,1624.18,10,2026-09-18T18:12:31.621110+00:00
gemma-2-9b-it,belief_bank_facts,mlp,21,27416,belief_bank_facts,420,1258,8225,629,629,270,7955,1.1679,3585,0.5541666666666667,0.9851851851851852,0.9734954407294832,0.7093333333333334,0.9964206066531648,1625.872,10,2026-09-18T18:12:31.621110+00:00
gemma-2-9b-it,belief_bank_facts,mlp,21,27416,belief_bank_facts,511,1258,8225,629,629,270,7955,1.1781,3585,0.43300653594771243,0.9814814814814815,0.9572036474164134,0.6009070294784581,0.994121563423889,1627.568,10,2026-09-18T18:12:31.621110+00:00
gemma-2-9b-it,belief_bank_facts,mlp,21,27416,belief_bank_facts,mean,0,0,0,0,0,0,1.17902,3585.0,0.5045953629021743,0.9859259259259259,0.967306990881459,0.6665165810258104,0.9957862513676468,2803.023,10,2026-09-18T18:12:31.621110+00:00
gemma-2-9b-it,belief_bank_facts,mlp,21,27416,belief_bank_facts,std,0,0,0,0,0,0,0.011490848532636736,0.0,0.04191338956771369,0.003989010968247772,0.0055455791693607625,0.03722263322933666,0.0009023044271847407,2803.023,10,2026-09-18T18:12:31.621110+00:00
gemma-2-9b-it,belief_bank_facts,mlp,21,27416,belief_bank_constraints,2,1258,25414,629,629,11520,13894,1.1977,3585,0.4908810245268995,0.7453125,0.5341544030849138,0.5919134121540105,0.5219718331154135,1629.894,10,2026-09-18T18:12:31.621110+00:00
gemma-2-9b-it,belief_bank_facts,mlp,21,27416,belief_bank_constraints,4,1258,25414,629,629,11520,13894,1.1675,3585,0.486632073140598,0.8547743055555556,0.5254190603604313,0.6201857975122028,0.5552520172576492,1632.207,10,2026-09-18T18:12:31.621110+00:00
gemma-2-9b-it,belief_bank_facts,mlp,21,27416,belief_bank_constraints,24,1258,25414,629,629,11520,13894,1.178,3585,0.47694732694075925,0.9455729166666667,0.5052726843472102,0.6340696760674059,0.6625405038445852,1634.55,10,2026-09-18T18:12:31.621110+00:00
gemma-2-9b-it,belief_bank_facts,mlp,21,27416,belief_bank_constraints,42,1258,25414,629,629,11520,13894,1.1685,3585,0.4672383354350568,0.8040798611111111,0.4955929802471079,0.5910352528313926,0.57956056546191,1636.883,10,2026-09-18T18:12:31.621110+00:00
gemma-2-9b-it,belief_bank_facts,mlp,21,27416,belief_bank_constraints,64,1258,25414,629,629,11520,13894,1.1884,3585,0.4699566039835318,0.7332465277777778,0.504210277799638,0.5727944666711874,0.5626362061261456,1639.24,10,2026-09-18T18:12:31.621110+00:00
gemma-2-9b-it,belief_bank_facts,mlp,21,27416,belief_bank_constraints,67,1258,25414,629,629,11520,13894,1.1982,3585,0.4578594796697305,0.7653645833333333,0.4828441016762414,0.5729603275173019,0.5302985751243543,1641.586,10,2026-09-18T18:12:31.621110+00:00
gemma-2-9b-it,belief_bank_facts,mlp,21,27416,belief_bank_constraints,104,1258,25414,629,629,11520,13894,1.1677,3585,0.47060558809895064,0.9693576388888889,0.49181553474462897,0.6336066271383586,0.6452784875165939,1643.889,10,2026-09-18T18:12:31.621110+00:00
gemma-2-9b-it,belief_bank_facts,mlp,21,27416,belief_bank_constraints,123,1258,25414,629,629,11520,13894,1.1681,3585,0.5146172163956022,0.8816840277777778,0.5694105611080507,0.6499024218575039,0.6314491704552725,1646.22,10,2026-09-18T18:12:31.621110+00:00
gemma-2-9b-it,belief_bank_facts,mlp,21,27416,belief_bank_constraints,420,1258,25414,629,629,11520,13894,0.2672,3585,0.5563340410474168,0.6823784722222223,0.6093491776186354,0.612943469785575,0.6678073531440429,1647.662,10,2026-09-18T18:12:31.621110+00:00
gemma-2-9b-it,belief_bank_facts,mlp,21,27416,belief_bank_constraints,511,1258,25414,629,629,11520,13894,0.2671,3585,0.4926998506240062,0.8875868055555556,0.534783977335327,0.6336566169863354,0.6291189467276043,1649.107,10,2026-09-18T18:12:31.621110+00:00
gemma-2-9b-it,belief_bank_facts,mlp,21,27416,belief_bank_constraints,mean,0,0,0,0,0,0,0.99684,3585.0,0.48837715398625514,0.826935763888889,0.5252852758322184,0.6113068068521275,0.5985913658773571,2803.023,10,2026-09-18T18:12:31.621110+00:00
gemma-2-9b-it,belief_bank_facts,mlp,21,27416,belief_bank_constraints,std,0,0,0,0,0,0,0.3650225861505011,0.0,0.02738365208215234,0.09080744103084934,0.03718931787535299,0.026128094716241876,0.052095396213791875,2803.023,10,2026-09-18T18:12:31.621110+00:00
gemma-2-9b-it,belief_bank_facts,mlp,21,27416,halu_eval,2,1258,10000,629,629,2473,7527,0.3079,3585,0.24757436826953833,0.9389405580266882,0.2792,0.39183260209247384,0.48404119613386953,1649.962,10,2026-09-18T18:12:31.621110+00:00
gemma-2-9b-it,belief_bank_facts,mlp,21,27416,halu_eval,4,1258,10000,629,629,2473,7527,0.2671,3585,0.2472544390844709,0.9741205014152851,0.2602,0.3944007858546169,0.4937435906031453,1650.772,10,2026-09-18T18:12:31.621110+00:00
gemma-2-9b-it,belief_bank_facts,mlp,21,27416,halu_eval,24,1258,10000,629,629,2473,7527,0.2774,3585,0.24705527031108426,0.9923170238576627,0.2502,0.39561502498790907,0.5033050179617563,1651.597,10,2026-09-18T18:12:31.621110+00:00
gemma-2-9b-it,belief_bank_facts,mlp,21,27416,halu_eval,42,1258,10000,629,629,2473,7527,0.2774,3585,0.2475197915622808,0.9987868985038415,0.2488,0.39672341792483135,0.4882398563983516,1652.419,10,2026-09-18T18:12:31.621110+00:00
gemma-2-9b-it,belief_bank_facts,mlp,21,27416,halu_eval,64,1258,10000,629,629,2473,7527,0.2771,3585,0.24769608847020275,0.9781641730691468,0.2599,0.39529373314813304,0.4901708479477923,1653.243,10,2026-09-18T18:12:31.621110+00:00
gemma-2-9b-it,belief_bank_facts,mlp,21,27416,halu_eval,67,1258,10000,629,629,2473,7527,0.2772,3585,0.24739895958383354,1.0,0.2477,0.39666372604058064,0.492212131219106,1654.05,10,2026-09-18T18:12:31.621110+00:00
gemma-2-9b-it,belief_bank_facts,mlp,21,27416,halu_eval,104,1258,10000,629,629,2473,7527,1.1677,3585,0.24739895958383354,1.0,0.2477,0.39666372604058064,0.48842820650886626,1655.75,10,2026-09-18T18:12:31.621110+00:00
gemma-2-9b-it,belief_bank_facts,mlp,21,27416,halu_eval,123,1258,10000,629,629,2473,7527,1.1675,3585,0.24729891956782712,0.9995956328346138,0.2475,0.3965033282540701,0.49824142992223547,1657.453,10,2026-09-18T18:12:31.621110+00:00
gemma-2-9b-it,belief_bank_facts,mlp,21,27416,halu_eval,420,1258,10000,629,629,2473,7527,1.1677,3585,0.2471421345472939,0.9878689850384149,0.2528,0.3953714193235151,0.487955719565918,1659.171,10,2026-09-18T18:12:31.621110+00:00
gemma-2-9b-it,belief_bank_facts,mlp,21,27416,halu_eval,511,1258,10000,629,629,2473,7527,1.1678,3585,0.24764103593655892,0.997573797007683,0.2499,0.39678327301970245,0.4895511083941993,1660.886,10,2026-09-18T18:12:31.621110+00:00
gemma-2-9b-it,belief_bank_facts,mlp,21,27416,halu_eval,mean,0,0,0,0,0,0,0.6354799999999999,3585.0,0.24739799669169238,0.9867367569753334,0.25439,0.3955851036686413,0.491588910465524,2803.023,10,2026-09-18T18:12:31.621110+00:00
gemma-2-9b-it,belief_bank_facts,mlp,21,27416,halu_eval,std,0,0,0,0,0,0,0.4346472082045391,0.0,0.00020179728274244519,0.018246595076713154,0.009424059634785851,0.0014668567687448077,0.005330028701293826,2803.023,10,2026-09-18T18:12:31.621110+00:00
gemma-2-9b-it,belief_bank_facts,mlp,22,27416,belief_bank_facts,2,1258,8225,629,629,270,7955,1.1983,3585,0.5717391304347826,0.9740740740740741,0.9751975683890578,0.7205479452054795,0.9937365272248994,1663.332,10,2026-09-18T18:12:31.621110+00:00
gemma-2-9b-it,belief_bank_facts,mlp,22,27416,belief_bank_facts,4,1258,8225,629,629,270,7955,1.1983,3585,0.5038022813688213,0.9814814814814815,0.9676595744680851,0.6658291457286433,0.9961300835719441,1665.051,10,2026-09-18T18:12:31.621110+00:00
gemma-2-9b-it,belief_bank_facts,mlp,22,27416,belief_bank_facts,24,1258,8225,629,629,270,7955,1.1782,3585,0.5275590551181102,0.9925925925925926,0.9705775075987841,0.6889460154241646,0.9967441860465116,1666.742,10,2026-09-18T18:12:31.621110+00:00
gemma-2-9b-it,belief_bank_facts,mlp,22,27416,belief_bank_facts,42,1258,8225,629,629,270,7955,1.1375,3585,0.4603448275862069,0.9888888888888889,0.961580547112462,0.6282352941176471,0.9966114952161464,1668.391,10,2026-09-18T18:12:31.621110+00:00
gemma-2-9b-it,belief_bank_facts,mlp,22,27416,belief_bank_facts,64,1258,8225,629,629,270,7955,1.1778,3585,0.5096899224806202,0.9740740740740741,0.9683890577507599,0.6692111959287532,0.9955266894801779,1670.072,10,2026-09-18T18:12:31.621110+00:00
gemma-2-9b-it,belief_bank_facts,mlp,22,27416,belief_bank_facts,67,1258,8225,629,629,270,7955,1.1983,3585,0.475,0.9851851851851852,0.9637689969604863,0.6409638554216868,0.9958335079265312,1671.789,10,2026-09-18T18:12:31.621110+00:00
gemma-2-9b-it,belief_bank_facts,mlp,22,27416,belief_bank_facts,104,1258,8225,629,629,270,7955,1.1781,3585,0.5386178861788617,0.9814814814814815,0.9717933130699088,0.6955380577427821,0.996681332495286,1673.485,10,2026-09-18T18:12:31.621110+00:00
gemma-2-9b-it,belief_bank_facts,mlp,22,27416,belief_bank_facts,123,1258,8225,629,629,270,7955,1.1777,3585,0.530938123752495,0.9851851851851852,0.9709422492401216,0.6900129701686122,0.9969942035058315,1675.184,10,2026-09-18T18:12:31.621110+00:00
gemma-2-9b-it,belief_bank_facts,mlp,22,27416,belief_bank_facts,420,1258,8225,629,629,270,7955,1.178,3585,0.5630252100840336,0.9925925925925926,0.9744680851063829,0.7184986595174263,0.9978597201853016,1676.882,10,2026-09-18T18:12:31.621110+00:00
gemma-2-9b-it,belief_bank_facts,mlp,22,27416,belief_bank_facts,511,1258,8225,629,629,270,7955,1.1879,3585,0.43089430894308944,0.9814814814814815,0.956838905775076,0.5988700564971752,0.99506250436483,1678.59,10,2026-09-18T18:12:31.621110+00:00
gemma-2-9b-it,belief_bank_facts,mlp,22,27416,belief_bank_facts,mean,0,0,0,0,0,0,1.18101,3585.0,0.5111610745947021,0.9837037037037037,0.9681215805471124,0.671665319575237,0.996118025001746,2803.023,10,2026-09-18T18:12:31.621110+00:00
gemma-2-9b-it,belief_bank_facts,mlp,22,27416,belief_bank_facts,std,0,0,0,0,0,0,0.016982664690795717,0.0,0.04261745582592945,0.006241592424575071,0.005541939545798687,0.03735775711233981,0.001094098956793033,2803.023,10,2026-09-18T18:12:31.621110+00:00
gemma-2-9b-it,belief_bank_facts,mlp,22,27416,belief_bank_constraints,2,1258,25414,629,629,11520,13894,1.1775,3585,0.4712044035491291,0.9957465277777777,0.4915400960100732,0.6396944010707116,0.7412140769696751,1680.921,10,2026-09-18T18:12:31.621110+00:00
gemma-2-9b-it,belief_bank_facts,mlp,22,27416,belief_bank_constraints,4,1258,25414,629,629,11520,13894,1.1879,3585,0.4897033158813264,0.9743055555555555,0.5281340993153381,0.6518002322880372,0.6924822727736193,1683.25,10,2026-09-18T18:12:31.621110+00:00
gemma-2-9b-it,belief_bank_facts,mlp,22,27416,belief_bank_constraints,24,1258,25414,629,629,11520,13894,1.1781,3585,0.49361590101355796,0.9765625,0.5352561580231369,0.6557663723004284,0.7212084078059274,1685.604,10,2026-09-18T18:12:31.621110+00:00
gemma-2-9b-it,belief_bank_facts,mlp,22,27416,belief_bank_constraints,42,1258,25414,629,629,11520,13894,1.1478,3585,0.48547157482030057,0.9673611111111111,0.5204611631384276,0.646497461928934,0.7265252137213506,1687.92,10,2026-09-18T18:12:31.621110+00:00
gemma-2-9b-it,belief_bank_facts,mlp,22,27416,belief_bank_constraints,64,1258,25414,629,629,11520,13894,1.1881,3585,0.4711219754723235,0.9870659722222223,0.49185488313527975,0.6378169172088849,0.6892914407498041,1690.277,10,2026-09-18T18:12:31.621110+00:00
gemma-2-9b-it,belief_bank_facts,mlp,22,27416,belief_bank_constraints,67,1258,25414,629,629,11520,13894,1.188,3585,0.4593526758989504,0.9991319444444444,0.466553867946801,0.6293572463570003,0.7004463045099403,1692.613,10,2026-09-18T18:12:31.621110+00:00
gemma-2-9b-it,belief_bank_facts,mlp,22,27416,belief_bank_constraints,104,1258,25414,629,629,11520,13894,1.1775,3585,0.461455201443175,0.99921875,0.4710395844809947,0.6313451254627725,0.7085694651868112,1694.925,10,2026-09-18T18:12:31.621110+00:00
gemma-2-9b-it,belief_bank_facts,mlp,22,27416,belief_bank_constraints,123,1258,25414,629,629,11520,13894,1.1777,3585,0.48471445297255106,0.9703125,0.5189659242936964,0.6464821722911426,0.7068647862586568,1697.259,10,2026-09-18T18:12:31.621110+00:00
gemma-2-9b-it,belief_bank_facts,mlp,22,27416,belief_bank_constraints,420,1258,25414,629,629,11520,13894,1.1679,3585,0.4889526791927627,0.9758680555555556,0.5267175572519084,0.651483541956421,0.6942738822113463,1699.607,10,2026-09-18T18:12:31.621110+00:00
gemma-2-9b-it,belief_bank_facts,mlp,22,27416,belief_bank_constraints,511,1258,25414,629,629,11520,13894,1.1783,3585,0.511560845173806,0.8469618055555556,0.5640591799795388,0.6378583336057267,0.6544929278525502,1701.97,10,2026-09-18T18:12:31.621110+00:00
gemma-2-9b-it,belief_bank_facts,mlp,22,27416,belief_bank_constraints,mean,0,0,0,0,0,0,1.17688,3585.0,0.48171530254178824,0.9692534722222221,0.5114582513575195,0.6428101804470059,0.7035368778039681,2803.023,10,2026-09-18T18:12:31.621110+00:00
gemma-2-9b-it,belief_bank_facts,mlp,22,27416,belief_bank_constraints,std,0,0,0,0,0,0,0.01141146791609213,0.0,0.01518199415278104,0.04229948058287499,0.029004556862983533,0.008500477490108592,0.02263298551891618,2803.023,10,2026-09-18T18:12:31.621110+00:00
gemma-2-9b-it,belief_bank_facts,mlp,22,27416,halu_eval,2,1258,10000,629,629,2473,7527,1.1882,3585,0.24753410283315844,0.9539021431459765,0.2715,0.393068399566775,0.50450280862463,1703.711,10,2026-09-18T18:12:31.621110+00:00
gemma-2-9b-it,belief_bank_facts,mlp,22,27416,halu_eval,4,1258,10000,629,629,2473,7527,1.1981,3585,0.24773139745916514,0.9935301253538212,0.2523,0.39657816156888065,0.4987054824763215,1705.447,10,2026-09-18T18:12:31.621110+00:00
gemma-2-9b-it,belief_bank_facts,mlp,22,27416,halu_eval,24,1258,10000,629,629,2473,7527,1.1777,3585,0.24803800082610492,0.9712899312575819,0.2647,0.395163280414576,0.5043204216807631,1707.153,10,2026-09-18T18:12:31.621110+00:00
gemma-2-9b-it,belief_bank_facts,mlp,22,27416,halu_eval,42,1258,10000,629,629,2473,7527,1.1377,3585,0.24810203461888855,0.9911039223615042,0.255,0.39685880829015546,0.5075479453372093,1708.818,10,2026-09-18T18:12:31.621110+00:00
gemma-2-9b-it,belief_bank_facts,mlp,22,27416,halu_eval,64,1258,10000,629,629,2473,7527,1.198,3585,0.24773755656108598,0.8855640921957137,0.3067,0.3871652081675948,0.5046359322908751,1710.566,10,2026-09-18T18:12:31.621110+00:00
gemma-2-9b-it,belief_bank_facts,mlp,22,27416,halu_eval,67,1258,10000,629,629,2473,7527,1.1982,3585,0.247829598223299,0.9927213910230489,0.2531,0.39663947007028033,0.5015026911341304,1712.312,10,2026-09-18T18:12:31.621110+00:00
gemma-2-9b-it,belief_bank_facts,mlp,22,27416,halu_eval,104,1258,10000,629,629,2473,7527,1.1783,3585,0.24772497472194135,0.9906995551961181,0.2537,0.39634392946695784,0.5042691169587034,1714.038,10,2026-09-18T18:12:31.621110+00:00
gemma-2-9b-it,belief_bank_facts,mlp,22,27416,halu_eval,123,1258,10000,629,629,2473,7527,1.1783,3585,0.24809818440004058,0.9890820865345734,0.256,0.39669153421991565,0.5040921022370417,1715.763,10,2026-09-18T18:12:31.621110+00:00
gemma-2-9b-it,belief_bank_facts,mlp,22,27416,halu_eval,420,1258,10000,629,629,2473,7527,1.1779,3585,0.24739977784509745,0.9906995551961181,0.2524,0.39592760180995473,0.503384097072617,1717.489,10,2026-09-18T18:12:31.621110+00:00
gemma-2-9b-it,belief_bank_facts,mlp,22,27416,halu_eval,511,1258,10000,629,629,2473,7527,1.1876,3585,0.24722107863318238,0.9712899312575819,0.2615,0.394125851177291,0.5076855816701068,1719.216,10,2026-09-18T18:12:31.621110+00:00
gemma-2-9b-it,belief_bank_facts,mlp,22,27416,halu_eval,mean,0,0,0,0,0,0,1.182,3585.0,0.24774167061219637,0.9729882733522037,0.26269000000000003,0.39485622447523816,0.5040646179482399,2803.023,10,2026-09-18T18:12:31.621110+00:00
gemma-2-9b-it,belief_bank_facts,mlp,22,27416,halu_eval,std,0,0,0,0,0,0,0.016948805267628753,0.0,0.0002799820405411247,0.03168432851809656,0.01584445959949407,0.002825962310242344,0.0024823029744808823,2803.023,10,2026-09-18T18:12:31.621110+00:00
gemma-2-9b-it,belief_bank_facts,mlp,23,27416,belief_bank_facts,2,1258,8225,629,629,270,7955,1.1979,3585,0.5452674897119342,0.9814814814814815,0.9725227963525835,0.701058201058201,0.9947906045580464,1721.6,10,2026-09-18T18:12:31.621110+00:00
gemma-2-9b-it,belief_bank_facts,mlp,23,27416,belief_bank_facts,4,1258,8225,629,629,270,7955,1.1981,3585,0.499054820415879,0.9777777777777777,0.9670516717325228,0.6608260325406758,0.9964718206578671,1723.312,10,2026-09-18T18:12:31.621110+00:00
gemma-2-9b-it,belief_bank_facts,mlp,23,27416,belief_bank_facts,24,1258,8225,629,629,270,7955,1.198,3585,0.5146198830409356,0.9777777777777777,0.9689969604863222,0.6743295019157088,0.9967050771701935,1725.031,10,2026-09-18T18:12:31.621110+00:00
gemma-2-9b-it,belief_bank_facts,mlp,23,27416,belief_bank_facts,42,1258,8225,629,629,270,7955,1.188,3585,0.475177304964539,0.9925925925925926,0.9637689969604863,0.6426858513189448,0.9972698279675024,1726.741,10,2026-09-18T18:12:31.621110+00:00
gemma-2-9b-it,belief_bank_facts,mlp,23,27416,belief_bank_facts,64,1258,8225,629,629,270,7955,1.188,3585,0.5255905511811023,0.9888888888888889,0.9703343465045593,0.6863753213367609,0.9969918755965268,1728.451,10,2026-09-18T18:12:31.621110+00:00
gemma-2-9b-it,belief_bank_facts,mlp,23,27416,belief_bank_facts,67,1258,8225,629,629,270,7955,1.1782,3585,0.46572934973637964,0.9814814814814815,0.9624316109422493,0.6317044100119189,0.9962222687804083,1730.155,10,2026-09-18T18:12:31.621110+00:00
gemma-2-9b-it,belief_bank_facts,mlp,23,27416,belief_bank_facts,104,1258,8225,629,629,270,7955,1.1781,3585,0.5297619047619048,0.9888888888888889,0.9708206686930091,0.689922480620155,0.997333147100589,1731.851,10,2026-09-18T18:12:31.621110+00:00
gemma-2-9b-it,belief_bank_facts,mlp,23,27416,belief_bank_facts,123,1258,8225,629,629,270,7955,1.1776,3585,0.5206286836935167,0.9814814814814815,0.969726443768997,0.6803594351732991,0.9967758456130549,1733.533,10,2026-09-18T18:12:31.621110+00:00
gemma-2-9b-it,belief_bank_facts,mlp,23,27416,belief_bank_facts,420,1258,8225,629,629,270,7955,1.1876,3585,0.564755838641189,0.9851851851851852,0.9745896656534955,0.717948717948718,0.9978545987848313,1735.233,10,2026-09-18T18:12:31.621110+00:00
gemma-2-9b-it,belief_bank_facts,mlp,23,27416,belief_bank_facts,511,1258,8225,629,629,270,7955,1.1679,3585,0.459412780656304,0.9851851851851852,0.9614589665653496,0.6266195524146054,0.9958735479665712,1736.926,10,2026-09-18T18:12:31.621110+00:00
gemma-2-9b-it,belief_bank_facts,mlp,23,27416,belief_bank_facts,mean,0,0,0,0,0,0,1.18594,3585.0,0.5099998606803684,0.9840740740740742,0.9681702127659573,0.6711829504338989,0.9966288614195591,2803.023,10,2026-09-18T18:12:31.621110+00:00
gemma-2-9b-it,belief_bank_facts,mlp,23,27416,belief_bank_facts,std,0,0,0,0,0,0,0.009818166835005408,0.0,0.032956459730009685,0.004699473163129461,0.0041660812342977785,0.028669594342887357,0.0008190327885609904,2803.023,10,2026-09-18T18:12:31.621110+00:00
gemma-2-9b-it,belief_bank_facts,mlp,23,27416,belief_bank_constraints,2,1258,25414,629,629,11520,13894,1.2087,3585,0.51319520174482,0.8170138888888889,0.5657511607775242,0.6304085733422639,0.6186501554927788,1739.305,10,2026-09-18T18:12:31.621110+00:00
gemma-2-9b-it,belief_bank_facts,mlp,23,27416,belief_bank_constraints,4,1258,25414,629,629,11520,13894,1.2081,3585,0.4916671103775092,0.8015625,0.5343904934288187,0.6094848354839775,0.566688289959295,1741.687,10,2026-09-18T18:12:31.621110+00:00
gemma-2-9b-it,belief_bank_facts,mlp,23,27416,belief_bank_constraints,24,1258,25414,629,629,11520,13894,1.188,3585,0.4853982300884956,0.9522569444444444,0.5207366018729834,0.6430246189917936,0.6118437102646226,1744.029,10,2026-09-18T18:12:31.621110+00:00
gemma-2-9b-it,belief_bank_facts,mlp,23,27416,belief_bank_constraints,42,1258,25414,629,629,11520,13894,1.1778,3585,0.455926806658337,0.9819444444444444,0.4606516093491776,0.6227188902039581,0.6105538224433409,1746.342,10,2026-09-18T18:12:31.621110+00:00
gemma-2-9b-it,belief_bank_facts,mlp,23,27416,belief_bank_constraints,64,1258,25414,629,629,11520,13894,1.1878,3585,0.4669592262792382,0.9513888888888888,0.48567718580310065,0.6264468006058701,0.5620706954840619,1748.685,10,2026-09-18T18:12:31.621110+00:00
gemma-2-9b-it,belief_bank_facts,mlp,23,27416,belief_bank_constraints,67,1258,25414,629,629,11520,13894,1.1879,3585,0.46384457563957626,0.9616319444444444,0.47875186904855593,0.6258226703951643,0.5702510913483838,1751.043,10,2026-09-18T18:12:31.621110+00:00
gemma-2-9b-it,belief_bank_facts,mlp,23,27416,belief_bank_constraints,104,1258,25414,629,629,11520,13894,1.1777,3585,0.4754712109475859,0.9591145833333333,0.5018493743605886,0.6357673053685482,0.6130940001579419,1753.392,10,2026-09-18T18:12:31.621110+00:00
gemma-2-9b-it,belief_bank_facts,mlp,23,27416,belief_bank_constraints,123,1258,25414,629,629,11520,13894,1.1678,3585,0.5164258330875848,0.7600694444444445,0.5686235932950342,0.6149956101843722,0.6215179501443469,1755.726,10,2026-09-18T18:12:31.621110+00:00
gemma-2-9b-it,belief_bank_facts,mlp,23,27416,belief_bank_constraints,420,1258,25414,629,629,11520,13894,1.1984,3585,0.49903132826158864,0.9167534722222223,0.5450932556858424,0.6462687023835021,0.626833818904643,1758.072,10,2026-09-18T18:12:31.621110+00:00
gemma-2-9b-it,belief_bank_facts,mlp,23,27416,belief_bank_constraints,511,1258,25414,629,629,11520,13894,1.1775,3585,0.47164103856818756,0.9744791666666667,0.493586212323916,0.6356378461015798,0.6035678495313724,1760.38,10,2026-09-18T18:12:31.621110+00:00
gemma-2-9b-it,belief_bank_facts,mlp,23,27416,belief_bank_constraints,mean,0,0,0,0,0,0,1.18797,3585.0,0.48395605616529236,0.9076215277777779,0.5155111355945542,0.6290575853061029,0.6005071383730787,2803.023,10,2026-09-18T18:12:31.621110+00:00
gemma-2-9b-it,belief_bank_facts,mlp,23,27416,belief_bank_constraints,std,0,0,0,0,0,0,0.012919446582574675,0.0,0.019750121667702323,0.0779638847940245,0.03538651241644263,0.011044172816057816,0.023232458299339905,2803.023,10,2026-09-18T18:12:31.621110+00:00
gemma-2-9b-it,belief_bank_facts,mlp,23,27416,halu_eval,2,1258,10000,629,629,2473,7527,1.1982,3585,0.2456739777361402,0.9013344116457743,0.2912,0.38610774294127836,0.4962273838175022,1762.121,10,2026-09-18T18:12:31.621110+00:00
gemma-2-9b-it,belief_bank_facts,mlp,23,27416,halu_eval,4,1258,10000,629,629,2473,7527,1.1983,3585,0.2460145640621925,0.5054589567327133,0.4946,0.3309504898067249,0.49223619877458535,1763.871,10,2026-09-18T18:12:31.621110+00:00
gemma-2-9b-it,belief_bank_facts,mlp,23,27416,halu_eval,24,1258,10000,629,629,2473,7527,1.1882,3585,0.2343859649122807,0.13505863323898099,0.677,0.17136993329912775,0.5021650861320328,1765.61,10,2026-09-18T18:12:31.621110+00:00
gemma-2-9b-it,belief_bank_facts,mlp,23,27416,halu_eval,42,1258,10000,629,629,2473,7527,1.188,3585,0.237564555585757,0.3534169025475131,0.5596,0.28413524057217165,0.49091447094543755,1767.345,10,2026-09-18T18:12:31.621110+00:00
gemma-2-9b-it,belief_bank_facts,mlp,23,27416,halu_eval,64,1258,10000,629,629,2473,7527,1.188,3585,0.24492979719188768,0.25394257986251517,0.6219,0.24935477466746078,0.4956821569858954,1769.083,10,2026-09-18T18:12:31.621110+00:00
gemma-2-9b-it,belief_bank_facts,mlp,23,27416,halu_eval,67,1258,10000,629,629,2473,7527,1.1777,3585,0.24726409250464587,0.9684593610998787,0.2631,0.39394687063080847,0.4995615460847218,1770.802,10,2026-09-18T18:12:31.621110+00:00
gemma-2-9b-it,belief_bank_facts,mlp,23,27416,halu_eval,104,1258,10000,629,629,2473,7527,1.1877,3585,0.2475966455307834,0.9789729073999192,0.2591,0.3952330422006367,0.5004626289152017,1772.52,10,2026-09-18T18:12:31.621110+00:00
gemma-2-9b-it,belief_bank_facts,mlp,23,27416,halu_eval,123,1258,10000,629,629,2473,7527,1.1777,3585,0.24827435082721594,0.9162959967650627,0.2932,0.3906896551724138,0.5004238414708801,1774.233,10,2026-09-18T18:12:31.621110+00:00
gemma-2-9b-it,belief_bank_facts,mlp,23,27416,halu_eval,420,1258,10000,629,629,2473,7527,1.1881,3585,0.24052621244845868,0.49534977759805904,0.4884,0.323817076394396,0.49124577588883284,1775.973,10,2026-09-18T18:12:31.621110+00:00
gemma-2-9b-it,belief_bank_facts,mlp,23,27416,halu_eval,511,1258,10000,629,629,2473,7527,1.1687,3585,0.2480442663613814,0.5256773150020219,0.4886,0.33704952035260566,0.49930840697441226,1777.688,10,2026-09-18T18:12:31.621110+00:00
gemma-2-9b-it,belief_bank_facts,mlp,23,27416,halu_eval,mean,0,0,0,0,0,0,1.18606,3585.0,0.24402744271607438,0.6033966841892437,0.44367,0.32626543460376245,0.4968227495989502,2803.023,10,2026-09-18T18:12:31.621110+00:00
gemma-2-9b-it,belief_bank_facts,mlp,23,27416,halu_eval,std,0,0,0,0,0,0,0.008702321529339132,0.0,0.004602670978812437,0.2987065368928513,0.14792628603463281,0.06992563881321766,0.0039640748645349486,2803.023,10,2026-09-18T18:12:31.621110+00:00
gemma-2-9b-it,belief_bank_facts,mlp,24,27416,belief_bank_facts,2,1258,8225,629,629,270,7955,0.2874,3585,0.5511482254697286,0.9777777777777777,0.9731306990881459,0.7049399198931909,0.9930735386549341,1779.253,10,2026-09-18T18:12:31.621110+00:00
gemma-2-9b-it,belief_bank_facts,mlp,24,27416,belief_bank_facts,4,1258,8225,629,629,270,7955,0.3075,3585,0.5295275590551181,0.9962962962962963,0.9708206686930091,0.6915167095115681,0.9973587541029402,1780.081,10,2026-09-18T18:12:31.621110+00:00
gemma-2-9b-it,belief_bank_facts,mlp,24,27416,belief_bank_facts,24,1258,8225,629,629,270,7955,0.2777,3585,0.4816849816849817,0.9740740740740741,0.964741641337386,0.6446078431372549,0.9959312801173267,1780.88,10,2026-09-18T18:12:31.621110+00:00
gemma-2-9b-it,belief_bank_facts,mlp,24,27416,belief_bank_facts,42,1258,8225,629,629,270,7955,0.2774,3585,0.46996466431095407,0.9851851851851852,0.9630395136778116,0.6363636363636364,0.9968610470936052,1781.678,10,2026-09-18T18:12:31.621110+00:00
gemma-2-9b-it,belief_bank_facts,mlp,24,27416,belief_bank_facts,64,1258,8225,629,629,270,7955,0.2972,3585,0.4971857410881801,0.9814814814814815,0.9668085106382979,0.660024906600249,0.9961421887003282,1782.493,10,2026-09-18T18:12:31.621110+00:00
gemma-2-9b-it,belief_bank_facts,mlp,24,27416,belief_bank_facts,67,1258,8225,629,629,270,7955,0.3072,3585,0.45315161839863716,0.9851851851851852,0.9604863221884499,0.6207701283547258,0.9952720162022487,1783.313,10,2026-09-18T18:12:31.621110+00:00
gemma-2-9b-it,belief_bank_facts,mlp,24,27416,belief_bank_facts,104,1258,8225,629,629,270,7955,0.2989,3585,0.5352112676056338,0.9851851851851852,0.9714285714285714,0.6936114732724902,0.995814419070233,1784.162,10,2026-09-18T18:12:31.621110+00:00
gemma-2-9b-it,belief_bank_facts,mlp,24,27416,belief_bank_facts,123,1258,8225,629,629,270,7955,0.3086,3585,0.5228628230616302,0.9740740740740741,0.9699696048632219,0.6804657179818887,0.9964220033987476,1785.022,10,2026-09-18T18:12:31.621110+00:00
gemma-2-9b-it,belief_bank_facts,mlp,24,27416,belief_bank_facts,420,1258,8225,629,629,270,7955,1.2292,3585,0.55741127348643,0.9888888888888889,0.9738601823708206,0.7129506008010681,0.9976255325092533,1786.793,10,2026-09-18T18:12:31.621110+00:00
gemma-2-9b-it,belief_bank_facts,mlp,24,27416,belief_bank_facts,511,1258,8225,629,629,270,7955,1.1882,3585,0.4478632478632479,0.9703703703703703,0.9597568389057751,0.6128654970760234,0.9942160765416579,1788.498,10,2026-09-18T18:12:31.621110+00:00
gemma-2-9b-it,belief_bank_facts,mlp,24,27416,belief_bank_facts,mean,0,0,0,0,0,0,0.47793,3585.0,0.5046011402024542,0.9818518518518518,0.9674042553191489,0.6658116432992095,0.9958716856391275,2803.023,10,2026-09-18T18:12:31.621110+00:00
gemma-2-9b-it,belief_bank_facts,mlp,24,27416,belief_bank_facts,std,0,0,0,0,0,0,0.3656609004255172,0.0,0.03807020132596864,0.007490277191169158,0.004916862233635817,0.034034881030639216,0.0013258699602238958,2803.023,10,2026-09-18T18:12:31.621110+00:00
gemma-2-9b-it,belief_bank_facts,mlp,24,27416,belief_bank_constraints,2,1258,25414,629,629,11520,13894,1.1879,3585,0.48018659002026104,0.8846354166666667,0.5136145431651845,0.6224841950951349,0.5616211046834765,1790.852,10,2026-09-18T18:12:31.621110+00:00
gemma-2-9b-it,belief_bank_facts,mlp,24,27416,belief_bank_constraints,4,1258,25414,629,629,11520,13894,1.188,3585,0.4712623643731753,0.9388020833333334,0.49480601243409145,0.6275203806318721,0.502805373872415,1793.203,10,2026-09-18T18:12:31.621110+00:00
gemma-2-9b-it,belief_bank_facts,mlp,24,27416,belief_bank_constraints,24,1258,25414,629,629,11520,13894,1.1879,3585,0.45936310835169236,0.9954861111111111,0.46686865507200753,0.628641907633274,0.5438936408901525,1795.546,10,2026-09-18T18:12:31.621110+00:00
gemma-2-9b-it,belief_bank_facts,mlp,24,27416,belief_bank_constraints,42,1258,25414,629,629,11520,13894,1.1878,3585,0.46269333883274905,0.9737847222222222,0.4755253010151885,0.6273172095624213,0.5471319179541928,1797.86,10,2026-09-18T18:12:31.621110+00:00
gemma-2-9b-it,belief_bank_facts,mlp,24,27416,belief_bank_constraints,64,1258,25414,629,629,11520,13894,1.178,3585,0.4869173066619039,0.9466145833333334,0.5236483827811442,0.6430593230333765,0.5396333274355037,1800.193,10,2026-09-18T18:12:31.621110+00:00
gemma-2-9b-it,belief_bank_facts,mlp,24,27416,belief_bank_constraints,67,1258,25414,629,629,11520,13894,1.1985,3585,0.4728311077517427,0.9774305555555556,0.495789722200362,0.6373464651610347,0.5319014290241192,1802.565,10,2026-09-18T18:12:31.621110+00:00
gemma-2-9b-it,belief_bank_facts,mlp,24,27416,belief_bank_constraints,104,1258,25414,629,629,11520,13894,1.1884,3585,0.4696253936681585,0.9837673611111111,0.4890217990084206,0.6357567597890721,0.6078404584612862,1804.925,10,2026-09-18T18:12:31.621110+00:00
gemma-2-9b-it,belief_bank_facts,mlp,24,27416,belief_bank_constraints,123,1258,25414,629,629,11520,13894,1.1982,3585,0.4805387264089265,0.95703125,0.5115684268513417,0.6398166149203494,0.5776023985673272,1807.295,10,2026-09-18T18:12:31.621110+00:00
gemma-2-9b-it,belief_bank_facts,mlp,24,27416,belief_bank_constraints,420,1258,25414,629,629,11520,13894,1.2085,3585,0.46556530294334675,0.9858506944444444,0.48060124340914456,0.632455309907,0.5900302563656574,1809.655,10,2026-09-18T18:12:31.621110+00:00
gemma-2-9b-it,belief_bank_facts,mlp,24,27416,belief_bank_constraints,511,1258,25414,629,629,11520,13894,1.1776,3585,0.48788144591662436,0.9173611111111111,0.5260486346108444,0.6369910490943612,0.6172566120667594,1811.961,10,2026-09-18T18:12:31.621110+00:00
gemma-2-9b-it,belief_bank_facts,mlp,24,27416,belief_bank_constraints,mean,0,0,0,0,0,0,1.1900799999999998,3585.0,0.473686468492858,0.9560763888888889,0.497749272054773,0.6331389214827896,0.561971651932089,2803.023,10,2026-09-18T18:12:31.621110+00:00
gemma-2-9b-it,belief_bank_facts,mlp,24,27416,belief_bank_constraints,std,0,0,0,0,0,0,0.00894234868476955,0.0,0.009385193700656533,0.033117269399874395,0.01935080722665727,0.006181224220420989,0.034121843927701956,2803.023,10,2026-09-18T18:12:31.621110+00:00
gemma-2-9b-it,belief_bank_facts,mlp,24,27416,halu_eval,2,1258,10000,629,629,2473,7527,1.1977,3585,0.24896982586734015,0.7573797007682976,0.375,0.374749899959984,0.5024169896312352,1813.697,10,2026-09-18T18:12:31.621110+00:00
gemma-2-9b-it,belief_bank_facts,mlp,24,27416,halu_eval,4,1258,10000,629,629,2473,7527,1.2082,3585,0.24838709677419354,0.9340881520420542,0.2847,0.3924233415442113,0.5085239706674518,1815.452,10,2026-09-18T18:12:31.621110+00:00
gemma-2-9b-it,belief_bank_facts,mlp,24,27416,halu_eval,24,1258,10000,629,629,2473,7527,1.1785,3585,0.25149124494900904,0.528507885159725,0.4944,0.3408083441981747,0.5071560417273392,1817.18,10,2026-09-18T18:12:31.621110+00:00
gemma-2-9b-it,belief_bank_facts,mlp,24,27416,halu_eval,42,1258,10000,629,629,2473,7527,1.1888,3585,0.25075414781297134,0.537808329963607,0.4883,0.342034203420342,0.5017998287443005,1818.919,10,2026-09-18T18:12:31.621110+00:00
gemma-2-9b-it,belief_bank_facts,mlp,24,27416,halu_eval,64,1258,10000,629,629,2473,7527,1.1889,3585,0.2513518926497096,0.5074807925596442,0.5044,0.33619073131529603,0.506713585506518,1820.66,10,2026-09-18T18:12:31.621110+00:00
gemma-2-9b-it,belief_bank_facts,mlp,24,27416,halu_eval,67,1258,10000,629,629,2473,7527,1.2088,3585,0.2488519571397332,0.9203396684189243,0.2933,0.3917720974266288,0.501903405188417,1822.407,10,2026-09-18T18:12:31.621110+00:00
gemma-2-9b-it,belief_bank_facts,mlp,24,27416,halu_eval,104,1258,10000,629,629,2473,7527,1.1777,3585,0.24738502407438154,0.6025070764253943,0.4484,0.3507532956685499,0.4983104629775724,1824.115,10,2026-09-18T18:12:31.621110+00:00
gemma-2-9b-it,belief_bank_facts,mlp,24,27416,halu_eval,123,1258,10000,629,629,2473,7527,1.1777,3585,0.24800259123299503,0.9288313788920339,0.2859,0.3914784831700043,0.5004694516374023,1825.831,10,2026-09-18T18:12:31.621110+00:00
gemma-2-9b-it,belief_bank_facts,mlp,24,27416,halu_eval,420,1258,10000,629,629,2473,7527,1.2082,3585,0.24880174291938997,0.9235746057420138,0.2915,0.3920020595554793,0.5001063431385522,1827.588,10,2026-09-18T18:12:31.621110+00:00
gemma-2-9b-it,belief_bank_facts,mlp,24,27416,halu_eval,511,1258,10000,629,629,2473,7527,1.198,3585,0.24840835474142745,0.8993125758188435,0.3022,0.38928758970768423,0.5158441069220493,1829.336,10,2026-09-18T18:12:31.621110+00:00
gemma-2-9b-it,belief_bank_facts,mlp,24,27416,halu_eval,mean,0,0,0,0,0,0,1.19325,3585.0,0.24924038781611507,0.7539830165790538,0.37681,0.3701500045966355,0.5043244186140837,2803.023,10,2026-09-18T18:12:31.621110+00:00
gemma-2-9b-it,belief_bank_facts,mlp,24,27416,halu_eval,std,0,0,0,0,0,0,0.012128746843759237,0.0,0.00136483225936003,0.17940365311664655,0.0917781504498756,0.02337591669283903,0.004987578599942517,2803.023,10,2026-09-18T18:12:31.621110+00:00
gemma-2-9b-it,belief_bank_facts,mlp,25,27416,belief_bank_facts,2,1258,8225,629,629,270,7955,1.188,3585,0.5333333333333333,0.9777777777777777,0.9711854103343465,0.6901960784313725,0.9953274204436995,1831.707,10,2026-09-18T18:12:31.621110+00:00
gemma-2-9b-it,belief_bank_facts,mlp,25,27416,belief_bank_facts,4,1258,8225,629,629,270,7955,1.198,3585,0.49171270718232046,0.9888888888888889,0.9660790273556231,0.6568265682656826,0.9965267593174569,1833.431,10,2026-09-18T18:12:31.621110+00:00
gemma-2-9b-it,belief_bank_facts,mlp,25,27416,belief_bank_facts,24,1258,8225,629,629,270,7955,1.1678,3585,0.4608695652173913,0.9814814814814815,0.9617021276595744,0.6272189349112426,0.9961687268664012,1835.117,10,2026-09-18T18:12:31.621110+00:00
gemma-2-9b-it,belief_bank_facts,mlp,25,27416,belief_bank_facts,42,1258,8225,629,629,270,7955,1.1778,3585,0.4818181818181818,0.9814814814814815,0.964741641337386,0.6463414634146342,0.9968033149428498,1836.801,10,2026-09-18T18:12:31.621110+00:00
gemma-2-9b-it,belief_bank_facts,mlp,25,27416,belief_bank_facts,64,1258,8225,629,629,270,7955,1.1677,3585,0.5047801147227533,0.9777777777777777,0.9677811550151976,0.6658259773013872,0.9962250622715739,1838.479,10,2026-09-18T18:12:31.621110+00:00
gemma-2-9b-it,belief_bank_facts,mlp,25,27416,belief_bank_facts,67,1258,8225,629,629,270,7955,1.1779,3585,0.41732283464566927,0.9814814814814815,0.9544072948328267,0.585635359116022,0.9935521568079708,1840.177,10,2026-09-18T18:12:31.621110+00:00
gemma-2-9b-it,belief_bank_facts,mlp,25,27416,belief_bank_facts,104,1258,8225,629,629,270,7955,1.1879,3585,0.5278884462151394,0.9814814814814815,0.9705775075987841,0.6865284974093264,0.9959750448122541,1841.886,10,2026-09-18T18:12:31.621110+00:00
gemma-2-9b-it,belief_bank_facts,mlp,25,27416,belief_bank_facts,123,1258,8225,629,629,270,7955,1.1778,3585,0.518664047151277,0.9777777777777777,0.969483282674772,0.6777920410783055,0.9956030449053705,1843.588,10,2026-09-18T18:12:31.621110+00:00
gemma-2-9b-it,belief_bank_facts,mlp,25,27416,belief_bank_facts,420,1258,8225,629,629,270,7955,1.1778,3585,0.5163147792706334,0.9962962962962963,0.9692401215805471,0.6801517067003793,0.9972740182042508,1845.289,10,2026-09-18T18:12:31.621110+00:00
gemma-2-9b-it,belief_bank_facts,mlp,25,27416,belief_bank_facts,511,1258,8225,629,629,270,7955,1.178,3585,0.4542314335060449,0.9740740740740741,0.9607294832826748,0.6195524146054181,0.9949824242847498,1846.991,10,2026-09-18T18:12:31.621110+00:00
gemma-2-9b-it,belief_bank_facts,mlp,25,27416,belief_bank_facts,mean,0,0,0,0,0,0,1.17987,3585.0,0.49069354430627443,0.981851851851852,0.9655927051671732,0.6536069041233771,0.9958437972856578,2803.023,10,2026-09-18T18:12:31.621110+00:00
gemma-2-9b-it,belief_bank_facts,mlp,25,27416,belief_bank_facts,std,0,0,0,0,0,0,0.00879375346481808,0.0,0.035384837930882075,0.0060745257284654745,0.005042002604552829,0.03225022340352746,0.0010009494272779293,2803.023,10,2026-09-18T18:12:31.621110+00:00
gemma-2-9b-it,belief_bank_facts,mlp,25,27416,belief_bank_constraints,2,1258,25414,629,629,11520,13894,1.188,3585,0.49654909800561664,0.9055555555555556,0.5410010230581569,0.6413969073749577,0.6113854539029637,1849.319,10,2026-09-18T18:12:31.621110+00:00
gemma-2-9b-it,belief_bank_facts,mlp,25,27416,belief_bank_constraints,4,1258,25414,629,629,11520,13894,1.1979,3585,0.5033382425135002,0.8900173611111111,0.552057920831038,0.6430228911884603,0.576435527975705,1851.678,10,2026-09-18T18:12:31.621110+00:00
gemma-2-9b-it,belief_bank_facts,mlp,25,27416,belief_bank_constraints,24,1258,25414,629,629,11520,13894,1.168,3585,0.4696652289997946,0.9925347222222223,0.4885889667112615,0.637613271992193,0.6316289168086144,1854.017,10,2026-09-18T18:12:31.621110+00:00
gemma-2-9b-it,belief_bank_facts,mlp,25,27416,belief_bank_constraints,42,1258,25414,629,629,11520,13894,1.168,3585,0.464226558396962,0.9974826388888889,0.4770205398599197,0.6335842086400353,0.7139530027949714,1856.361,10,2026-09-18T18:12:31.621110+00:00
gemma-2-9b-it,belief_bank_facts,mlp,25,27416,belief_bank_constraints,64,1258,25414,629,629,11520,13894,1.1785,3585,0.4840604402995113,0.9371527777777777,0.5187298339497914,0.6383821659817284,0.6055607411472579,1858.707,10,2026-09-18T18:12:31.621110+00:00
gemma-2-9b-it,belief_bank_facts,mlp,25,27416,belief_bank_constraints,67,1258,25414,629,629,11520,13894,1.1883,3585,0.47023416886543534,0.9901041666666667,0.48988746360273866,0.637634168157424,0.5796463214037234,1861.047,10,2026-09-18T18:12:31.621110+00:00
gemma-2-9b-it,belief_bank_facts,mlp,25,27416,belief_bank_constraints,104,1258,25414,629,629,11520,13894,1.1775,3585,0.4629577408048987,0.9975694444444444,0.4743448492956638,0.6324188977244586,0.6871646046754794,1863.36,10,2026-09-18T18:12:31.621110+00:00
gemma-2-9b-it,belief_bank_facts,mlp,25,27416,belief_bank_constraints,123,1258,25414,629,629,11520,13894,1.1778,3585,0.47759315206445113,0.9880208333333333,0.5046824584874479,0.6439239646978955,0.6564743361942805,1865.698,10,2026-09-18T18:12:31.621110+00:00
gemma-2-9b-it,belief_bank_facts,mlp,25,27416,belief_bank_constraints,420,1258,25414,629,629,11520,13894,1.1781,3585,0.46420351302241064,0.9979166666666667,0.4769418430786181,0.6336502687060769,0.6821364925207524,1868.054,10,2026-09-18T18:12:31.621110+00:00
gemma-2-9b-it,belief_bank_facts,mlp,25,27416,belief_bank_constraints,511,1258,25414,629,629,11520,13894,1.178,3585,0.4735058278912127,0.9944444444444445,0.49626190288817185,0.6415411323290586,0.7354922451038017,1870.41,10,2026-09-18T18:12:31.621110+00:00
gemma-2-9b-it,belief_bank_facts,mlp,25,27416,belief_bank_constraints,mean,0,0,0,0,0,0,1.18001,3585.0,0.4766333970863793,0.9690798611111109,0.5019516801762809,0.6383167876792288,0.647987764252755,2803.023,10,2026-09-18T18:12:31.621110+00:00
gemma-2-9b-it,belief_bank_facts,mlp,25,27416,belief_bank_constraints,std,0,0,0,0,0,0,0.008730687258171606,0.0,0.013268792066777965,0.03968597346874634,0.025865270044903063,0.003916572069841698,0.05289527187307224,2803.023,10,2026-09-18T18:12:31.621110+00:00
gemma-2-9b-it,belief_bank_facts,mlp,25,27416,halu_eval,2,1258,10000,629,629,2473,7527,1.188,3585,0.24791258633130606,0.9725030327537404,0.2636,0.3951043206834237,0.5007448317476414,1872.146,10,2026-09-18T18:12:31.621110+00:00
gemma-2-9b-it,belief_bank_facts,mlp,25,27416,halu_eval,4,1258,10000,629,629,2473,7527,1.198,3585,0.24749302181329474,0.9680549939344926,0.2642,0.3942038531203688,0.5092480387762701,1873.886,10,2026-09-18T18:12:31.621110+00:00
gemma-2-9b-it,belief_bank_facts,mlp,25,27416,halu_eval,24,1258,10000,629,629,2473,7527,1.1675,3585,0.24750864348179785,0.9842296805499393,0.2561,0.3955472495327862,0.5086754136114168,1875.585,10,2026-09-18T18:12:31.621110+00:00
gemma-2-9b-it,belief_bank_facts,mlp,25,27416,halu_eval,42,1258,10000,629,629,2473,7527,1.1777,3585,0.2471356783919598,0.9943388596845936,0.2495,0.39587861225146903,0.5036051640163614,1877.299,10,2026-09-18T18:12:31.621110+00:00
gemma-2-9b-it,belief_bank_facts,mlp,25,27416,halu_eval,64,1258,10000,629,629,2473,7527,1.1677,3585,0.24748040313549832,0.9830165790537808,0.2566,0.3954131424853611,0.510596627716444,1879.013,10,2026-09-18T18:12:31.621110+00:00
gemma-2-9b-it,belief_bank_facts,mlp,25,27416,halu_eval,67,1258,10000,629,629,2473,7527,1.1781,3585,0.24660018132366274,0.9898908208653457,0.2496,0.39483870967741935,0.5000590138609242,1880.741,10,2026-09-18T18:12:31.621110+00:00
gemma-2-9b-it,belief_bank_facts,mlp,25,27416,halu_eval,104,1258,10000,629,629,2473,7527,1.1779,3585,0.24688755020080322,0.9943388596845936,0.2485,0.3955602026863991,0.5062540993413065,1882.465,10,2026-09-18T18:12:31.621110+00:00
gemma-2-9b-it,belief_bank_facts,mlp,25,27416,halu_eval,123,1258,10000,629,629,2473,7527,1.1778,3585,0.24768184628065115,0.9720986655883542,0.2629,0.39477789637901306,0.5081024661132311,1884.189,10,2026-09-18T18:12:31.621110+00:00
gemma-2-9b-it,belief_bank_facts,mlp,25,27416,halu_eval,420,1258,10000,629,629,2473,7527,1.1783,3585,0.24701030927835052,0.9688637282652649,0.2619,0.39365809578575534,0.508170424724127,1885.908,10,2026-09-18T18:12:31.621110+00:00
gemma-2-9b-it,belief_bank_facts,mlp,25,27416,halu_eval,511,1258,10000,629,629,2473,7527,1.1676,3585,0.2472935044105854,0.997573797007683,0.2485,0.39633705518515544,0.5084716989453951,1887.606,10,2026-09-18T18:12:31.621110+00:00
gemma-2-9b-it,belief_bank_facts,mlp,25,27416,halu_eval,mean,0,0,0,0,0,0,1.1778600000000001,3585.0,0.24730037246479095,0.9824909017387788,0.25614,0.3951319137787151,0.5063927778853117,2803.023,10,2026-09-18T18:12:31.621110+00:00
gemma-2-9b-it,belief_bank_facts,mlp,25,27416,halu_eval,std,0,0,0,0,0,0,0.009080440517948448,0.0,0.00037486364675977005,0.01080810726361133,0.006350622016779149,0.00075435028908227,0.003482041843834089,2803.023,10,2026-09-18T18:12:31.621110+00:00
gemma-2-9b-it,belief_bank_facts,mlp,26,27416,belief_bank_facts,2,1258,8225,629,629,270,7955,1.1879,3585,0.5217391304347826,0.9777777777777777,0.9698480243161094,0.6804123711340206,0.995324161370673,1890.062,10,2026-09-18T18:12:31.621110+00:00
gemma-2-9b-it,belief_bank_facts,mlp,26,27416,belief_bank_facts,4,1258,8225,629,629,270,7955,1.1779,3585,0.48990825688073397,0.9888888888888889,0.9658358662613982,0.6552147239263804,0.9963642712479921,1891.763,10,2026-09-18T18:12:31.621110+00:00
gemma-2-9b-it,belief_bank_facts,mlp,26,27416,belief_bank_facts,24,1258,8225,629,629,270,7955,1.1577,3585,0.4520547945205479,0.9777777777777777,0.9603647416413373,0.6182669789227166,0.9956710198570663,1893.444,10,2026-09-18T18:12:31.621110+00:00
gemma-2-9b-it,belief_bank_facts,mlp,26,27416,belief_bank_facts,42,1258,8225,629,629,270,7955,1.1579,3585,0.4731182795698925,0.9777777777777777,0.9635258358662614,0.6376811594202898,0.9961785040854809,1895.126,10,2026-09-18T18:12:31.621110+00:00
gemma-2-9b-it,belief_bank_facts,mlp,26,27416,belief_bank_facts,64,1258,8225,629,629,270,7955,1.1782,3585,0.49070631970260226,0.9777777777777777,0.9659574468085106,0.6534653465346535,0.9960467444188374,1896.825,10,2026-09-18T18:12:31.621110+00:00
gemma-2-9b-it,belief_bank_facts,mlp,26,27416,belief_bank_facts,67,1258,8225,629,629,270,7955,1.1781,3585,0.40181268882175225,0.9851851851851852,0.9513677811550152,0.5708154506437768,0.9939167074050794,1898.524,10,2026-09-18T18:12:31.621110+00:00
gemma-2-9b-it,belief_bank_facts,mlp,26,27416,belief_bank_facts,104,1258,8225,629,629,270,7955,1.1775,3585,0.5173745173745173,0.9925925925925926,0.9693617021276596,0.6802030456852792,0.9956789347487022,1900.213,10,2026-09-18T18:12:31.621110+00:00
gemma-2-9b-it,belief_bank_facts,mlp,26,27416,belief_bank_facts,123,1258,8225,629,629,270,7955,1.1675,3585,0.4971751412429379,0.9777777777777777,0.9668085106382979,0.6591760299625468,0.9952831901669111,1901.882,10,2026-09-18T18:12:31.621110+00:00
gemma-2-9b-it,belief_bank_facts,mlp,26,27416,belief_bank_facts,420,1258,8225,629,629,270,7955,1.1876,3585,0.5370741482965932,0.9925925925925926,0.9716717325227964,0.6970091027308193,0.997339199664781,1903.58,10,2026-09-18T18:12:31.621110+00:00
gemma-2-9b-it,belief_bank_facts,mlp,26,27416,belief_bank_facts,511,1258,8225,629,629,270,7955,1.178,3585,0.4219001610305958,0.9703703703703703,0.9553799392097264,0.5881032547699214,0.9941457736806575,1905.279,10,2026-09-18T18:12:31.621110+00:00
gemma-2-9b-it,belief_bank_facts,mlp,26,27416,belief_bank_facts,mean,0,0,0,0,0,0,1.17483,3585.0,0.4802863437874955,0.9818518518518518,0.9640121580547112,0.6440347463730405,0.9955948506646181,2803.023,10,2026-09-18T18:12:31.621110+00:00
gemma-2-9b-it,belief_bank_facts,mlp,26,27416,belief_bank_facts,std,0,0,0,0,0,0,0.01008137391430355,0.0,0.04149767686291684,0.007114582486036515,0.006198461992339851,0.038826137333927306,0.0009632697697435366,2803.023,10,2026-09-18T18:12:31.621110+00:00
gemma-2-9b-it,belief_bank_facts,mlp,26,27416,belief_bank_constraints,2,1258,25414,629,629,11520,13894,1.1884,3585,0.4961640332450452,0.9431423611111112,0.540096010073188,0.6502483691423784,0.6270407115181613,1907.636,10,2026-09-18T18:12:31.621110+00:00
gemma-2-9b-it,belief_bank_facts,mlp,26,27416,belief_bank_constraints,4,1258,25414,629,629,11520,13894,1.1781,3585,0.49172529977207413,0.43072916666666666,0.5401353584638389,0.4592105872009625,0.5689956471018665,1909.993,10,2026-09-18T18:12:31.621110+00:00
gemma-2-9b-it,belief_bank_facts,mlp,26,27416,belief_bank_constraints,24,1258,25414,629,629,11520,13894,0.2673,3585,0.4706051399950735,0.9950520833333333,0.4903596442905485,0.6389988293661855,0.6704901471258577,1911.432,10,2026-09-18T18:12:31.621110+00:00
gemma-2-9b-it,belief_bank_facts,mlp,26,27416,belief_bank_constraints,42,1258,25414,629,629,11520,13894,0.257,3585,0.4748079623358388,0.9980034722222222,0.49870150310852285,0.6434768008059552,0.7435172918865857,1912.833,10,2026-09-18T18:12:31.621110+00:00
gemma-2-9b-it,belief_bank_facts,mlp,26,27416,belief_bank_constraints,64,1258,25414,629,629,11520,13894,0.2769,3585,0.48245948118996235,0.9896701388888889,0.5140867238529944,0.6486870928280846,0.7372215399732898,1914.242,10,2026-09-18T18:12:31.621110+00:00
gemma-2-9b-it,belief_bank_facts,mlp,26,27416,belief_bank_constraints,67,1258,25414,629,629,11520,13894,0.267,3585,0.4985281463701825,0.9555555555555556,0.5441488943102227,0.655218594684682,0.6446045042924204,1915.647,10,2026-09-18T18:12:31.621110+00:00
gemma-2-9b-it,belief_bank_facts,mlp,26,27416,belief_bank_constraints,104,1258,25414,629,629,11520,13894,0.2873,3585,0.4690061369908151,0.9884548611111111,0.4874872117730385,0.6361630213134445,0.6769183502970908,1917.113,10,2026-09-18T18:12:31.621110+00:00
gemma-2-9b-it,belief_bank_facts,mlp,26,27416,belief_bank_constraints,123,1258,25414,629,629,11520,13894,0.2773,3585,0.48638505847442837,0.9675347222222223,0.522153143936413,0.6473458009060286,0.681387080804264,1918.573,10,2026-09-18T18:12:31.621110+00:00
gemma-2-9b-it,belief_bank_facts,mlp,26,27416,belief_bank_constraints,420,1258,25414,629,629,11520,13894,0.2772,3585,0.47505625610325647,0.9712673611111111,0.5004721806878099,0.6380406580560545,0.6371448744362074,1920.026,10,2026-09-18T18:12:31.621110+00:00
gemma-2-9b-it,belief_bank_facts,mlp,26,27416,belief_bank_constraints,511,1258,25414,629,629,11520,13894,0.2779,3585,0.49045165201576235,0.9831597222222223,0.5293538994255135,0.6544361944933984,0.6686489559342161,1921.489,10,2026-09-18T18:12:31.621110+00:00
gemma-2-9b-it,belief_bank_facts,mlp,26,27416,belief_bank_constraints,mean,0,0,0,0,0,0,0.45543999999999996,3585.0,0.4835189166492439,0.9222569444444444,0.516699456992209,0.6271825948797174,0.665596910336996,2803.023,10,2026-09-18T18:12:31.621110+00:00
gemma-2-9b-it,belief_bank_facts,mlp,26,27416,belief_bank_constraints,std,0,0,0,0,0,0,0.36399504996634224,0.0,0.010172533686684774,0.16470251138773415,0.02044800140878476,0.05634542548537911,0.04866314894306068,2803.023,10,2026-09-18T18:12:31.621110+00:00
gemma-2-9b-it,belief_bank_facts,mlp,26,27416,halu_eval,2,1258,10000,629,629,2473,7527,1.1881,3585,0.24787652786409778,0.9676506267691064,0.2659,0.39465655149666035,0.49641025426136753,1923.229,10,2026-09-18T18:12:31.621110+00:00
gemma-2-9b-it,belief_bank_facts,mlp,26,27416,halu_eval,4,1258,10000,629,629,2473,7527,1.188,3585,0.2483160178102523,0.8794985847149211,0.3118,0.3872863247863248,0.504285126180875,1924.962,10,2026-09-18T18:12:31.621110+00:00
gemma-2-9b-it,belief_bank_facts,mlp,26,27416,halu_eval,24,1258,10000,629,629,2473,7527,1.1574,3585,0.24617773530817008,0.8334007278608977,0.3277,0.3800829875518672,0.5001190215829564,1926.65,10,2026-09-18T18:12:31.621110+00:00
gemma-2-9b-it,belief_bank_facts,mlp,26,27416,halu_eval,42,1258,10000,629,629,2473,7527,1.1475,3585,0.2475880978978369,0.985847149211484,0.2556,0.3957792207792208,0.49100230677849266,1928.328,10,2026-09-18T18:12:31.621110+00:00
gemma-2-9b-it,belief_bank_facts,mlp,26,27416,halu_eval,64,1258,10000,629,629,2473,7527,1.1878,3585,0.2479462285287528,0.9397492923574605,0.2802,0.39236873206145534,0.5084578386121057,1930.05,10,2026-09-18T18:12:31.621110+00:00
gemma-2-9b-it,belief_bank_facts,mlp,26,27416,halu_eval,67,1258,10000,629,629,2473,7527,1.1881,3585,0.24750078922445543,0.9510715729882734,0.2728,0.3927855711422846,0.4912823069998282,1931.787,10,2026-09-18T18:12:31.621110+00:00
gemma-2-9b-it,belief_bank_facts,mlp,26,27416,halu_eval,104,1258,10000,629,629,2473,7527,1.1884,3585,0.24800182690111897,0.8782854832187627,0.3113,0.3867865728786395,0.5058015433427395,1933.524,10,2026-09-18T18:12:31.621110+00:00
gemma-2-9b-it,belief_bank_facts,mlp,26,27416,halu_eval,123,1258,10000,629,629,2473,7527,1.1687,3585,0.2469244288224956,0.5681358673675697,0.4647,0.3442361876760995,0.49670615626043046,1935.244,10,2026-09-18T18:12:31.621110+00:00
gemma-2-9b-it,belief_bank_facts,mlp,26,27416,halu_eval,420,1258,10000,629,629,2473,7527,1.1787,3585,0.24268177525967893,0.20784472300849172,0.6437,0.22391635809191898,0.4982817215887745,1936.975,10,2026-09-18T18:12:31.621110+00:00
gemma-2-9b-it,belief_bank_facts,mlp,26,27416,halu_eval,511,1258,10000,629,629,2473,7527,1.1785,3585,0.2468905472636816,0.9632025879498585,0.2643,0.39303687814536753,0.49361009088134583,1938.694,10,2026-09-18T18:12:31.621110+00:00
gemma-2-9b-it,belief_bank_facts,mlp,26,27416,halu_eval,mean,0,0,0,0,0,0,1.17712,3585.0,0.24699039748805401,0.8174686615446826,0.3398,0.3690935384609838,0.49859563664889156,2803.023,10,2026-09-18T18:12:31.621110+00:00
gemma-2-9b-it,belief_bank_facts,mlp,26,27416,halu_eval,std,0,0,0,0,0,0,0.013936699752810904,0.0,0.0015599939576804338,0.23378516255399184,0.11661481038015713,0.050498529049532545,0.00572994591855328,2803.023,10,2026-09-18T18:12:31.621110+00:00
gemma-2-9b-it,belief_bank_facts,mlp,27,27416,belief_bank_facts,2,1258,8225,629,629,270,7955,1.208,3585,0.5067178502879078,0.9777777777777777,0.9680243161094225,0.6675094816687737,0.9951234955886118,1941.094,10,2026-09-18T18:12:31.621110+00:00
gemma-2-9b-it,belief_bank_facts,mlp,27,27416,belief_bank_facts,4,1258,8225,629,629,270,7955,1.1875,3585,0.5037878787878788,0.9851851851851852,0.9676595744680851,0.6666666666666666,0.9962897781502433,1942.789,10,2026-09-18T18:12:31.621110+00:00
gemma-2-9b-it,belief_bank_facts,mlp,27,27416,belief_bank_facts,24,1258,8225,629,629,270,7955,1.188,3585,0.46366782006920415,0.9925925925925926,0.9620668693009119,0.6320754716981132,0.9959778383034197,1944.501,10,2026-09-18T18:12:31.621110+00:00
gemma-2-9b-it,belief_bank_facts,mlp,27,27416,belief_bank_facts,42,1258,8225,629,629,270,7955,1.1879,3585,0.44839255499153974,0.9814814814814815,0.9597568389057751,0.6155632984901278,0.9957226994436297,1946.213,10,2026-09-18T18:12:31.621110+00:00
gemma-2-9b-it,belief_bank_facts,mlp,27,27416,belief_bank_facts,64,1258,8225,629,629,270,7955,1.1878,3585,0.4925373134328358,0.9777777777777777,0.9662006079027355,0.6550868486352357,0.9953842214307331,1947.925,10,2026-09-18T18:12:31.621110+00:00
gemma-2-9b-it,belief_bank_facts,mlp,27,27416,belief_bank_facts,67,1258,8225,629,629,270,7955,1.188,3585,0.424,0.9814814814814815,0.9556231003039514,0.5921787709497207,0.9933510254440487,1949.64,10,2026-09-18T18:12:31.621110+00:00
gemma-2-9b-it,belief_bank_facts,mlp,27,27416,belief_bank_facts,104,1258,8225,629,629,270,7955,1.1981,3585,0.5115830115830116,0.9814814814814815,0.9686322188449848,0.6725888324873096,0.9947156458784366,1951.354,10,2026-09-18T18:12:31.621110+00:00
gemma-2-9b-it,belief_bank_facts,mlp,27,27416,belief_bank_facts,123,1258,8225,629,629,270,7955,1.1776,3585,0.4934086629001883,0.9703703703703703,0.9663221884498481,0.6541822721598003,0.9953651325744349,1953.036,10,2026-09-18T18:12:31.621110+00:00
gemma-2-9b-it,belief_bank_facts,mlp,27,27416,belief_bank_facts,420,1258,8225,629,629,270,7955,1.1976,3585,0.5326732673267327,0.9962962962962963,0.9711854103343465,0.6941935483870968,0.9968321810182276,1954.743,10,2026-09-18T18:12:31.621110+00:00
gemma-2-9b-it,belief_bank_facts,mlp,27,27416,belief_bank_facts,511,1258,8225,629,629,270,7955,1.1982,3585,0.4361525704809287,0.9740740740740741,0.9578115501519757,0.6025200458190149,0.9933612682449893,1956.462,10,2026-09-18T18:12:31.621110+00:00
gemma-2-9b-it,belief_bank_facts,mlp,27,27416,belief_bank_facts,mean,0,0,0,0,0,0,1.19187,3585.0,0.4812920929860228,0.981851851851852,0.9643282674772037,0.6452565236961859,0.9952123286076775,2803.023,10,2026-09-18T18:12:31.621110+00:00
gemma-2-9b-it,belief_bank_facts,mlp,27,27416,belief_bank_facts,std,0,0,0,0,0,0,0.00810494293625809,0.0,0.03419987660136126,0.007490277191169158,0.004919792555784739,0.031576672175699205,0.0010876423125335476,2803.023,10,2026-09-18T18:12:31.621110+00:00
gemma-2-9b-it,belief_bank_facts,mlp,27,27416,belief_bank_constraints,2,1258,25414,629,629,11520,13894,1.2181,3585,0.5095355947008298,0.9114583333333334,0.5621704572282994,0.6536558035297413,0.6519162573173072,1958.855,10,2026-09-18T18:12:31.621110+00:00
gemma-2-9b-it,belief_bank_facts,mlp,27,27416,belief_bank_constraints,4,1258,25414,629,629,11520,13894,1.1982,3585,0.47321013236351334,0.9713541666666666,0.4968521287479342,0.6363920721130606,0.5395294281704333,1961.233,10,2026-09-18T18:12:31.621110+00:00
gemma-2-9b-it,belief_bank_facts,mlp,27,27416,belief_bank_constraints,24,1258,25414,629,629,11520,13894,1.178,3585,0.4725168756027001,0.9782986111111112,0.495120799559298,0.6372452008707699,0.5738664921308958,1963.581,10,2026-09-18T18:12:31.621110+00:00
gemma-2-9b-it,belief_bank_facts,mlp,27,27416,belief_bank_constraints,42,1258,25414,629,629,11520,13894,1.1779,3585,0.4658998205253712,0.9914930555555556,0.48091603053435117,0.6339216339216339,0.6543184045771155,1965.898,10,2026-09-18T18:12:31.621110+00:00
gemma-2-9b-it,belief_bank_facts,mlp,27,27416,belief_bank_constraints,64,1258,25414,629,629,11520,13894,1.1877,3585,0.5088711997698283,0.9211805555555556,0.5612654442433305,0.6555878173843207,0.631797473529741,1968.238,10,2026-09-18T18:12:31.621110+00:00
gemma-2-9b-it,belief_bank_facts,mlp,27,27416,belief_bank_constraints,67,1258,25414,629,629,11520,13894,1.1884,3585,0.46912812862589093,0.9827256944444445,0.4880774376328008,0.6350835857735891,0.5405220441377573,1970.597,10,2026-09-18T18:12:31.621110+00:00
gemma-2-9b-it,belief_bank_facts,mlp,27,27416,belief_bank_constraints,104,1258,25414,629,629,11520,13894,1.1982,3585,0.4617356279751007,0.98515625,0.47269221688832924,0.6287708800797807,0.641664904815028,1972.96,10,2026-09-18T18:12:31.621110+00:00
gemma-2-9b-it,belief_bank_facts,mlp,27,27416,belief_bank_constraints,123,1258,25414,629,629,11520,13894,1.1779,3585,0.4670767452421253,0.9821180555555555,0.4839458566144645,0.6330750076938142,0.5926744957855509,1975.309,10,2026-09-18T18:12:31.621110+00:00
gemma-2-9b-it,belief_bank_facts,mlp,27,27416,belief_bank_constraints,420,1258,25414,629,629,11520,13894,1.208,3585,0.4711451387173788,0.9935763888888889,0.4915400960100732,0.6391913776735355,0.6544238782627992,1977.663,10,2026-09-18T18:12:31.621110+00:00
gemma-2-9b-it,belief_bank_facts,mlp,27,27416,belief_bank_constraints,511,1258,25414,629,629,11520,13894,1.1978,3585,0.4624303142926396,0.9936631944444444,0.47351853309199654,0.6311407619782764,0.6629278675447436,1979.994,10,2026-09-18T18:12:31.621110+00:00
gemma-2-9b-it,belief_bank_facts,mlp,27,27416,belief_bank_constraints,mean,0,0,0,0,0,0,1.19302,3585.0,0.4761549577815378,0.9711024305555555,0.5006099000550879,0.6384064141018522,0.6143641246271371,2803.023,10,2026-09-18T18:12:31.621110+00:00
gemma-2-9b-it,belief_bank_facts,mlp,27,27416,belief_bank_constraints,std,0,0,0,0,0,0,0.012893393657218418,0.0,0.01692591610138897,0.02825820036641567,0.031513886315873554,0.008596384162111002,0.04602430366458532,2803.023,10,2026-09-18T18:12:31.621110+00:00
gemma-2-9b-it,belief_bank_facts,mlp,27,27416,halu_eval,2,1258,10000,629,629,2473,7527,1.2077,3585,0.23755274261603376,0.4553174282248281,0.5039,0.31221405795092194,0.4841933374667211,1981.736,10,2026-09-18T18:12:31.621110+00:00
gemma-2-9b-it,belief_bank_facts,mlp,27,27416,halu_eval,4,1258,10000,629,629,2473,7527,1.188,3585,0.2494316746653195,0.798625151637687,0.3559,0.3801366567221634,0.49959361825128684,1983.474,10,2026-09-18T18:12:31.621110+00:00
gemma-2-9b-it,belief_bank_facts,mlp,27,27416,halu_eval,24,1258,10000,629,629,2473,7527,1.1881,3585,0.24822267743101578,0.8329963606955115,0.3348,0.3824730783512811,0.49308415032745573,1985.208,10,2026-09-18T18:12:31.621110+00:00
gemma-2-9b-it,belief_bank_facts,mlp,27,27416,halu_eval,42,1258,10000,629,629,2473,7527,1.1886,3585,0.24712202609363007,0.9114435907804286,0.2914,0.38882180438157665,0.49431041376801704,1986.943,10,2026-09-18T18:12:31.621110+00:00
gemma-2-9b-it,belief_bank_facts,mlp,27,27416,halu_eval,64,1258,10000,629,629,2473,7527,1.1884,3585,0.24662643993417444,0.9090173877881116,0.2908,0.38798757335174316,0.49925070930792836,1988.678,10,2026-09-18T18:12:31.621110+00:00
gemma-2-9b-it,belief_bank_facts,mlp,27,27416,halu_eval,67,1258,10000,629,629,2473,7527,1.1785,3585,0.24530001125745807,0.8811160533764658,0.3002,0.3837618879887284,0.4919376106644198,1990.41,10,2026-09-18T18:12:31.621110+00:00
gemma-2-9b-it,belief_bank_facts,mlp,27,27416,halu_eval,104,1258,10000,629,629,2473,7527,1.2188,3585,0.24664325552571784,0.9656287909421755,0.2621,0.39292472233648706,0.49591993154069797,1992.207,10,2026-09-18T18:12:31.621110+00:00
gemma-2-9b-it,belief_bank_facts,mlp,27,27416,halu_eval,123,1258,10000,629,629,2473,7527,1.1983,3585,0.24673109721432632,0.8774767488879903,0.3072,0.38516151934682286,0.49114133988916353,1993.975,10,2026-09-18T18:12:31.621110+00:00
gemma-2-9b-it,belief_bank_facts,mlp,27,27416,halu_eval,420,1258,10000,629,629,2473,7527,1.1981,3585,0.24885192999875885,0.8107561665992722,0.348,0.3808167141500475,0.5054219958439414,1995.716,10,2026-09-18T18:12:31.621110+00:00
gemma-2-9b-it,belief_bank_facts,mlp,27,27416,halu_eval,511,1258,10000,629,629,2473,7527,1.1882,3585,0.24750254841997962,0.9818034775576223,0.2573,0.39534315720915086,0.4971155733146896,1997.452,10,2026-09-18T18:12:31.621110+00:00
gemma-2-9b-it,belief_bank_facts,mlp,27,27416,halu_eval,mean,0,0,0,0,0,0,1.19427,3585.0,0.24639844031564145,0.8424181156490095,0.32516,0.3789641171788923,0.49519686803743224,2803.023,10,2026-09-18T18:12:31.621110+00:00
gemma-2-9b-it,belief_bank_facts,mlp,27,27416,halu_eval,std,0,0,0,0,0,0,0.01114684260227982,0.0,0.0031617414109410854,0.14120615476009374,0.06734610901900719,0.022750570949556712,0.005458201722352414,2803.023,10,2026-09-18T18:12:31.621110+00:00
gemma-2-9b-it,belief_bank_facts,mlp,28,27416,belief_bank_facts,2,1258,8225,629,629,270,7955,1.2182,3585,0.484629294755877,0.9925925925925926,0.9651063829787234,0.6512758201701093,0.9943343343343344,1999.854,10,2026-09-18T18:12:31.621110+00:00
gemma-2-9b-it,belief_bank_facts,mlp,28,27416,belief_bank_facts,4,1258,8225,629,629,270,7955,1.188,3585,0.4698581560283688,0.9814814814814815,0.9630395136778116,0.6354916067146283,0.9945052028772959,2001.557,10,2026-09-18T18:12:31.621110+00:00
gemma-2-9b-it,belief_bank_facts,mlp,28,27416,belief_bank_facts,24,1258,8225,629,629,270,7955,1.198,3585,0.4533106960950764,0.9888888888888889,0.9604863221884499,0.6216530849825378,0.9943422492259703,2003.268,10,2026-09-18T18:12:31.621110+00:00
gemma-2-9b-it,belief_bank_facts,mlp,28,27416,belief_bank_facts,42,1258,8225,629,629,270,7955,1.1778,3585,0.434640522875817,0.9851851851851852,0.9574468085106383,0.6031746031746031,0.9953204367157856,2004.951,10,2026-09-18T18:12:31.621110+00:00
gemma-2-9b-it,belief_bank_facts,mlp,28,27416,belief_bank_facts,64,1258,8225,629,629,270,7955,1.2281,3585,0.4776386404293381,0.9888888888888889,0.9641337386018237,0.6441495778045838,0.995310659496706,2006.694,10,2026-09-18T18:12:31.621110+00:00
gemma-2-9b-it,belief_bank_facts,mlp,28,27416,belief_bank_facts,67,1258,8225,629,629,270,7955,1.2182,3585,0.4251592356687898,0.9888888888888889,0.9557446808510638,0.5946547884187082,0.993523290732593,2008.433,10,2026-09-18T18:12:31.621110+00:00
gemma-2-9b-it,belief_bank_facts,mlp,28,27416,belief_bank_facts,104,1258,8225,629,629,270,7955,1.2181,3585,0.47491039426523296,0.9814814814814815,0.9637689969604863,0.6400966183574879,0.9940605722001071,2010.174,10,2026-09-18T18:12:31.621110+00:00
gemma-2-9b-it,belief_bank_facts,mlp,28,27416,belief_bank_facts,123,1258,8225,629,629,270,7955,1.1881,3585,0.45689655172413796,0.9814814814814815,0.9610942249240122,0.6235294117647059,0.9945745745745745,2011.889,10,2026-09-18T18:12:31.621110+00:00
gemma-2-9b-it,belief_bank_facts,mlp,28,27416,belief_bank_facts,420,1258,8225,629,629,270,7955,1.1982,3585,0.5113636363636364,1.0,0.9686322188449848,0.6766917293233082,0.9962967618781573,2013.613,10,2026-09-18T18:12:31.621110+00:00
gemma-2-9b-it,belief_bank_facts,mlp,28,27416,belief_bank_facts,511,1258,8225,629,629,270,7955,1.1982,3585,0.4154818325434439,0.9740740740740741,0.9541641337386019,0.5825027685492802,0.9930213934865099,2015.328,10,2026-09-18T18:12:31.621110+00:00
gemma-2-9b-it,belief_bank_facts,mlp,28,27416,belief_bank_facts,mean,0,0,0,0,0,0,1.20309,3585.0,0.46038889607497185,0.9862962962962964,0.9613617021276595,0.6273220009259953,0.9945289475522034,2803.023,10,2026-09-18T18:12:31.621110+00:00
gemma-2-9b-it,belief_bank_facts,mlp,28,27416,belief_bank_facts,std,0,0,0,0,0,0,0.015726248758047807,0.0,0.027869633983126734,0.006839327893562732,0.004274312799728545,0.02688825712795476,0.0008911516552140719,2803.023,10,2026-09-18T18:12:31.621110+00:00
gemma-2-9b-it,belief_bank_facts,mlp,28,27416,belief_bank_constraints,2,1258,25414,629,629,11520,13894,1.2178,3585,0.5180800515422405,0.5584201388888889,0.5643739671047454,0.5374942557546893,0.5969064134398541,2017.688,10,2026-09-18T18:12:31.621110+00:00
gemma-2-9b-it,belief_bank_facts,mlp,28,27416,belief_bank_constraints,4,1258,25414,629,629,11520,13894,1.1778,3585,0.4645878885825649,0.8484375,0.4880774376328008,0.6004054303089871,0.5225250920161381,2020.043,10,2026-09-18T18:12:31.621110+00:00
gemma-2-9b-it,belief_bank_facts,mlp,28,27416,belief_bank_constraints,24,1258,25414,629,629,11520,13894,1.198,3585,0.45457808083980084,0.8796006944444444,0.46702604863461084,0.5993907308272456,0.5432066749436207,2022.411,10,2026-09-18T18:12:31.621110+00:00
gemma-2-9b-it,belief_bank_facts,mlp,28,27416,belief_bank_constraints,42,1258,25414,629,629,11520,13894,1.1884,3585,0.4682345119873686,0.9782118055555555,0.48654285039741874,0.63332115660213,0.6188337129436368,2024.773,10,2026-09-18T18:12:31.621110+00:00
gemma-2-9b-it,belief_bank_facts,mlp,28,27416,belief_bank_constraints,64,1258,25414,629,629,11520,13894,1.219,3585,0.4695152563172868,0.7306423611111111,0.5036987487211773,0.5716711379767039,0.5422032067199272,2027.166,10,2026-09-18T18:12:31.621110+00:00
gemma-2-9b-it,belief_bank_facts,mlp,28,27416,belief_bank_constraints,67,1258,25414,629,629,11520,13894,1.2086,3585,0.40777414937322237,0.33602430555555557,0.47780750767293617,0.3684385856374625,0.44844684656046574,2029.53,10,2026-09-18T18:12:31.621110+00:00
gemma-2-9b-it,belief_bank_facts,mlp,28,27416,belief_bank_constraints,104,1258,25414,629,629,11520,13894,1.2178,3585,0.4659768502279902,0.6919270833333333,0.5009050129849689,0.5569063089499057,0.5450291355281256,2031.881,10,2026-09-18T18:12:31.621110+00:00
gemma-2-9b-it,belief_bank_facts,mlp,28,27416,belief_bank_constraints,123,1258,25414,629,629,11520,13894,1.1988,3585,0.45525330179381035,0.8019097222222222,0.4752498622806327,0.5807871243555891,0.5343743252483086,2034.279,10,2026-09-18T18:12:31.621110+00:00
gemma-2-9b-it,belief_bank_facts,mlp,28,27416,belief_bank_constraints,420,1258,25414,629,629,11520,13894,1.2018,3585,0.46025392204431503,0.9881076388888889,0.4693476036830094,0.6279929383206444,0.6095157669477633,2036.79,10,2026-09-18T18:12:31.621110+00:00
gemma-2-9b-it,belief_bank_facts,mlp,28,27416,belief_bank_constraints,511,1258,25414,629,629,11520,13894,1.1912,3585,0.4638104924146114,0.9500868055555556,0.47949948847092155,0.6233270687396777,0.5880571949522576,2039.292,10,2026-09-18T18:12:31.621110+00:00
gemma-2-9b-it,belief_bank_facts,mlp,28,27416,belief_bank_constraints,mean,0,0,0,0,0,0,1.20192,3585.0,0.46280645051232117,0.7763368055555555,0.49125285275832214,0.5699734737473034,0.5549098369300098,2803.023,10,2026-09-18T18:12:31.621110+00:00
gemma-2-9b-it,belief_bank_facts,mlp,28,27416,belief_bank_constraints,std,0,0,0,0,0,0,0.013210965142638158,0.0,0.025107173570302857,0.19567348661902126,0.026960752634055916,0.07347043685140087,0.04809514245084604,2803.023,10,2026-09-18T18:12:31.621110+00:00
gemma-2-9b-it,belief_bank_facts,mlp,28,27416,halu_eval,2,1258,10000,629,629,2473,7527,1.2312,3585,0.2388479100807868,0.274969672462596,0.604,0.2556390977443609,0.48787325595506803,2041.135,10,2026-09-18T18:12:31.621110+00:00
gemma-2-9b-it,belief_bank_facts,mlp,28,27416,halu_eval,4,1258,10000,629,629,2473,7527,1.1907,3585,0.24302015052197135,0.4047715325515568,0.541,0.30370145631067963,0.4970780752036972,2042.919,10,2026-09-18T18:12:31.621110+00:00
gemma-2-9b-it,belief_bank_facts,mlp,28,27416,halu_eval,24,1258,10000,629,629,2473,7527,1.2008,3585,0.23012160898035547,0.19894864536999596,0.6373,0.21340273259596618,0.4882180988984205,2044.715,10,2026-09-18T18:12:31.621110+00:00
gemma-2-9b-it,belief_bank_facts,mlp,28,27416,halu_eval,42,1258,10000,629,629,2473,7527,1.1822,3585,0.2331517063378262,0.32875050545895673,0.5666,0.2728187919463087,0.4883884520645477,2046.504,10,2026-09-18T18:12:31.621110+00:00
gemma-2-9b-it,belief_bank_facts,mlp,28,27416,halu_eval,64,1258,10000,629,629,2473,7527,0.3209,3585,0.2324561403508772,0.27860897695107156,0.5941,0.2534485929740666,0.48604637807196427,2047.435,10,2026-09-18T18:12:31.621110+00:00
gemma-2-9b-it,belief_bank_facts,mlp,28,27416,halu_eval,67,1258,10000,629,629,2473,7527,0.3214,3585,0.24578612876485217,0.7193691872219976,0.3847,0.3663886314488724,0.49027206061413847,2048.373,10,2026-09-18T18:12:31.621110+00:00
gemma-2-9b-it,belief_bank_facts,mlp,28,27416,halu_eval,104,1258,10000,629,629,2473,7527,0.3307,3585,0.24760617325673087,0.8887990295188031,0.3046,0.3873127753303965,0.4861887956826244,2049.322,10,2026-09-18T18:12:31.621110+00:00
gemma-2-9b-it,belief_bank_facts,mlp,28,27416,halu_eval,123,1258,10000,629,629,2473,7527,0.3006,3585,0.2369901547116737,0.272543469470279,0.6031,0.2535264246755689,0.48924242050628797,2050.239,10,2026-09-18T18:12:31.621110+00:00
gemma-2-9b-it,belief_bank_facts,mlp,28,27416,halu_eval,420,1258,10000,629,629,2473,7527,0.301,3585,0.23975588491717523,0.3336029114435908,0.5736,0.2789989854582347,0.49181485538703074,2051.153,10,2026-09-18T18:12:31.621110+00:00
gemma-2-9b-it,belief_bank_facts,mlp,28,27416,halu_eval,511,1258,10000,629,629,2473,7527,0.3009,3585,0.23936696340257171,0.29357056207035986,0.5946,0.2637123138394479,0.4879695261769854,2052.077,10,2026-09-18T18:12:31.621110+00:00
gemma-2-9b-it,belief_bank_facts,mlp,28,27416,halu_eval,mean,0,0,0,0,0,0,0.6680400000000001,3585.0,0.23871028213248208,0.3993934492519207,0.54036,0.2848949802323902,0.48930919185607646,2803.023,10,2026-09-18T18:12:31.621110+00:00
gemma-2-9b-it,belief_bank_facts,mlp,28,27416,halu_eval,std,0,0,0,0,0,0,0.4356033085273802,0.0,0.005441131371941475,0.2118461055208483,0.1023818069776071,0.051042644522800315,0.003063383106571462,2803.023,10,2026-09-18T18:12:31.621110+00:00
gemma-2-9b-it,belief_bank_facts,mlp,29,27416,belief_bank_facts,2,1258,8225,629,629,270,7955,0.3111,3585,0.47186932849364793,0.9629629629629629,0.963404255319149,0.633373934226553,0.9915813487906512,2053.788,10,2026-09-18T18:12:31.621110+00:00
gemma-2-9b-it,belief_bank_facts,mlp,29,27416,belief_bank_facts,4,1258,8225,629,629,270,7955,0.2999,3585,0.46631205673758863,0.9740740740740741,0.9625531914893617,0.6306954436450839,0.9931987801755243,2054.651,10,2026-09-18T18:12:31.621110+00:00
gemma-2-9b-it,belief_bank_facts,mlp,29,27416,belief_bank_facts,24,1258,8225,629,629,270,7955,1.1907,3585,0.424,0.9814814814814815,0.9556231003039514,0.5921787709497207,0.9930679516726029,2056.398,10,2026-09-18T18:12:31.621110+00:00
gemma-2-9b-it,belief_bank_facts,mlp,29,27416,belief_bank_facts,42,1258,8225,629,629,270,7955,1.211,3585,0.42949756888168555,0.9814814814814815,0.9565957446808511,0.5975197294250282,0.9927685825360244,2058.173,10,2026-09-18T18:12:31.621110+00:00
gemma-2-9b-it,belief_bank_facts,mlp,29,27416,belief_bank_facts,64,1258,8225,629,629,270,7955,1.2013,3585,0.4732142857142857,0.9814814814814815,0.9635258358662614,0.6385542168674698,0.9945233605698722,2059.944,10,2026-09-18T18:12:31.621110+00:00
gemma-2-9b-it,belief_bank_facts,mlp,29,27416,belief_bank_facts,67,1258,8225,629,629,270,7955,1.2014,3585,0.413312693498452,0.9888888888888889,0.9535562310030395,0.5829694323144105,0.992018995739926,2061.719,10,2026-09-18T18:12:31.621110+00:00
gemma-2-9b-it,belief_bank_facts,mlp,29,27416,belief_bank_facts,104,1258,8225,629,629,270,7955,1.1914,3585,0.4706927175843694,0.9814814814814815,0.963161094224924,0.6362545018007203,0.9941141141141141,2063.48,10,2026-09-18T18:12:31.621110+00:00
gemma-2-9b-it,belief_bank_facts,mlp,29,27416,belief_bank_facts,123,1258,8225,629,629,270,7955,1.1916,3585,0.45674740484429066,0.9777777777777777,0.9610942249240122,0.6226415094339622,0.9923849430826174,2065.242,10,2026-09-18T18:12:31.621110+00:00
gemma-2-9b-it,belief_bank_facts,mlp,29,27416,belief_bank_facts,420,1258,8225,629,629,270,7955,1.2116,3585,0.5028462998102466,0.9814814814814815,0.9675379939209726,0.6649937264742786,0.9957036105873315,2067.018,10,2026-09-18T18:12:31.621110+00:00
gemma-2-9b-it,belief_bank_facts,mlp,29,27416,belief_bank_facts,511,1258,8225,629,629,270,7955,1.1908,3585,0.4102167182662539,0.9814814814814815,0.9530699088145896,0.5786026200873362,0.9921772935726425,2068.758,10,2026-09-18T18:12:31.621110+00:00
gemma-2-9b-it,belief_bank_facts,mlp,29,27416,belief_bank_facts,mean,0,0,0,0,0,0,1.0200799999999999,3585.0,0.451870907383082,0.9792592592592593,0.9600121580547112,0.6177783885224564,0.9931538980841307,2803.023,10,2026-09-18T18:12:31.621110+00:00
gemma-2-9b-it,belief_bank_facts,mlp,29,27416,belief_bank_facts,std,0,0,0,0,0,0,0.35737739380100697,0.0,0.02922279234268561,0.006457628064504726,0.004678071254475372,0.0269224241109877,0.0012150023954700378,2803.023,10,2026-09-18T18:12:31.621110+00:00
gemma-2-9b-it,belief_bank_facts,mlp,29,27416,belief_bank_constraints,2,1258,25414,629,629,11520,13894,1.2088,3585,0.4927610208816705,0.9217881944444445,0.5344298418194696,0.6422134865436951,0.61580945711978,2071.175,10,2026-09-18T18:12:31.621110+00:00
gemma-2-9b-it,belief_bank_facts,mlp,29,27416,belief_bank_constraints,4,1258,25414,629,629,11520,13894,1.1993,3585,0.4966307609069893,0.8764756944444444,0.5413158101833635,0.6340146306238422,0.6022460921880748,2073.617,10,2026-09-18T18:12:31.621110+00:00
gemma-2-9b-it,belief_bank_facts,mlp,29,27416,belief_bank_constraints,24,1258,25414,629,629,11520,13894,1.189,3585,0.4638955938305445,0.9842881944444445,0.47725663020382464,0.6305925534577205,0.6027042173480159,2076.037,10,2026-09-18T18:12:31.621110+00:00
gemma-2-9b-it,belief_bank_facts,mlp,29,27416,belief_bank_constraints,42,1258,25414,629,629,11520,13894,1.1991,3585,0.47418777819376845,0.9894965277777777,0.4978751869048556,0.6411316403723389,0.655584888511028,2078.472,10,2026-09-18T18:12:31.621110+00:00
gemma-2-9b-it,belief_bank_facts,mlp,29,27416,belief_bank_constraints,64,1258,25414,629,629,11520,13894,1.1993,3585,0.4964137410343526,0.9131944444444444,0.5407255843236012,0.6431890437759844,0.6211479613002415,2080.878,10,2026-09-18T18:12:31.621110+00:00
gemma-2-9b-it,belief_bank_facts,mlp,29,27416,belief_bank_constraints,67,1258,25414,629,629,11520,13894,1.199,3585,0.4908791725434885,0.9063368055555555,0.531439364130007,0.6368405001524855,0.5892046914235561,2083.276,10,2026-09-18T18:12:31.621110+00:00
gemma-2-9b-it,belief_bank_facts,mlp,29,27416,belief_bank_constraints,104,1258,25414,629,629,11520,13894,1.1792,3585,0.48650604901251165,0.8168402777777778,0.5261666797827969,0.6098114185730024,0.5637919558102618,2085.67,10,2026-09-18T18:12:31.621110+00:00
gemma-2-9b-it,belief_bank_facts,mlp,29,27416,belief_bank_constraints,123,1258,25414,629,629,11520,13894,1.1792,3585,0.48085216491288596,0.9678819444444444,0.5117651688045959,0.6425031692981445,0.6003042505358028,2088.081,10,2026-09-18T18:12:31.621110+00:00
gemma-2-9b-it,belief_bank_facts,mlp,29,27416,belief_bank_constraints,420,1258,25414,629,629,11520,13894,1.2093,3585,0.4655332928556972,0.9983506944444445,0.47969623042417564,0.634975845410628,0.6631986678902164,2090.514,10,2026-09-18T18:12:31.621110+00:00
gemma-2-9b-it,belief_bank_facts,mlp,29,27416,belief_bank_constraints,511,1258,25414,629,629,11520,13894,1.2094,3585,0.48527279318470184,0.9296006944444445,0.5211300857794916,0.6376682148386329,0.5973141071585657,2092.946,10,2026-09-18T18:12:31.621110+00:00
gemma-2-9b-it,belief_bank_facts,mlp,29,27416,belief_bank_constraints,mean,0,0,0,0,0,0,1.1971600000000002,3585.0,0.48329323673566105,0.9304253472222221,0.5161800582356181,0.6352940503046475,0.6111306289285543,2803.023,10,2026-09-18T18:12:31.621110+00:00
gemma-2-9b-it,belief_bank_facts,mlp,29,27416,belief_bank_constraints,std,0,0,0,0,0,0,0.010773597356500762,0.0,0.011366686909763243,0.054011142831692914,0.022638656721208492,0.009367461236921894,0.028265249182771745,2803.023,10,2026-09-18T18:12:31.621110+00:00
gemma-2-9b-it,belief_bank_facts,mlp,29,27416,halu_eval,2,1258,10000,629,629,2473,7527,1.2107,3585,0.24922385183599186,0.9413667610190053,0.2842,0.3941086846114779,0.5066915056732547,2094.733,10,2026-09-18T18:12:31.621110+00:00
gemma-2-9b-it,belief_bank_facts,mlp,29,27416,halu_eval,4,1258,10000,629,629,2473,7527,1.2009,3585,0.2420749279538905,0.40760210270926,0.5379,0.3037516950429411,0.5017448709111413,2096.515,10,2026-09-18T18:12:31.621110+00:00
gemma-2-9b-it,belief_bank_facts,mlp,29,27416,halu_eval,24,1258,10000,629,629,2473,7527,1.1915,3585,0.2379110251450677,0.09947432268499798,0.6985,0.14029084687767324,0.5051397930115017,2098.289,10,2026-09-18T18:12:31.621110+00:00
gemma-2-9b-it,belief_bank_facts,mlp,29,27416,halu_eval,42,1258,10000,629,629,2473,7527,1.2115,3585,0.24799560680944535,0.9130610594419734,0.2938,0.3900500950077734,0.5050563624006549,2100.085,10,2026-09-18T18:12:31.621110+00:00
gemma-2-9b-it,belief_bank_facts,mlp,29,27416,halu_eval,64,1258,10000,629,629,2473,7527,1.2012,3585,0.24892367906066537,0.7715325515568136,0.3678,0.37640560268297496,0.5104243405503229,2101.87,10,2026-09-18T18:12:31.621110+00:00
gemma-2-9b-it,belief_bank_facts,mlp,29,27416,halu_eval,67,1258,10000,629,629,2473,7527,1.2017,3585,0.2476892330751936,0.8018600889607764,0.3487,0.37847122817062695,0.5011144406353598,2103.656,10,2026-09-18T18:12:31.621110+00:00
gemma-2-9b-it,belief_bank_facts,mlp,29,27416,halu_eval,104,1258,10000,629,629,2473,7527,1.192,3585,0.2466945024356298,0.860088960776385,0.3159,0.38341595313204146,0.503248931961934,2105.431,10,2026-09-18T18:12:31.621110+00:00
gemma-2-9b-it,belief_bank_facts,mlp,29,27416,halu_eval,123,1258,10000,629,629,2473,7527,1.1907,3585,0.24786420863309352,0.8916295996765062,0.3041,0.3878969126572258,0.49996166919456575,2107.193,10,2026-09-18T18:12:31.621110+00:00
gemma-2-9b-it,belief_bank_facts,mlp,29,27416,halu_eval,420,1258,10000,629,629,2473,7527,1.2108,3585,0.24269837167226674,0.37970076829761423,0.5536,0.2961210974456008,0.5011082625798238,2108.972,10,2026-09-18T18:12:31.621110+00:00
gemma-2-9b-it,belief_bank_facts,mlp,29,27416,halu_eval,511,1258,10000,629,629,2473,7527,1.1908,3585,0.24669397308367466,0.8524059846340477,0.3198,0.382646578326375,0.500682621414505,2110.737,10,2026-09-18T18:12:31.621110+00:00
gemma-2-9b-it,belief_bank_facts,mlp,29,27416,halu_eval,mean,0,0,0,0,0,0,1.20018,3585.0,0.24577693797049188,0.6918722199757379,0.40243,0.34331586939547104,0.5035172798333064,2803.023,10,2026-09-18T18:12:31.621110+00:00
gemma-2-9b-it,belief_bank_facts,mlp,29,27416,halu_eval,std,0,0,0,0,0,0,0.008219343039440576,0.0,0.003485070567827576,0.27436870889738507,0.13517057409066516,0.0756631010332916,0.0031345274167870222,2803.023,10,2026-09-18T18:12:31.621110+00:00
gemma-2-9b-it,belief_bank_facts,mlp,30,27416,belief_bank_facts,2,1258,8225,629,629,270,7955,1.2182,3585,0.39473684210526316,0.9444444444444444,0.9506382978723404,0.5567685589519651,0.989015992736923,2113.32,10,2026-09-18T18:12:31.621110+00:00
gemma-2-9b-it,belief_bank_facts,mlp,30,27416,belief_bank_facts,4,1258,8225,629,629,270,7955,1.2085,3585,0.4034003091190108,0.9666666666666667,0.9519756838905775,0.569247546346783,0.9910482575598855,2115.076,10,2026-09-18T18:12:31.621110+00:00
gemma-2-9b-it,belief_bank_facts,mlp,30,27416,belief_bank_facts,24,1258,8225,629,629,270,7955,1.1983,3585,0.40993788819875776,0.9777777777777777,0.9530699088145896,0.5776805251641138,0.9921572735526224,2116.821,10,2026-09-18T18:12:31.621110+00:00
gemma-2-9b-it,belief_bank_facts,mlp,30,27416,belief_bank_facts,42,1258,8225,629,629,270,7955,1.1984,3585,0.41915227629513346,0.9888888888888889,0.9546504559270517,0.5887541345093715,0.9926582396349838,2118.568,10,2026-09-18T18:12:31.621110+00:00
gemma-2-9b-it,belief_bank_facts,mlp,30,27416,belief_bank_facts,64,1258,8225,629,629,270,7955,1.1878,3585,0.43344155844155846,0.9888888888888889,0.9572036474164134,0.6027088036117382,0.9923127778941734,2120.29,10,2026-09-18T18:12:31.621110+00:00
gemma-2-9b-it,belief_bank_facts,mlp,30,27416,belief_bank_facts,67,1258,8225,629,629,270,7955,1.2082,3585,0.3693820224719101,0.9740740740740741,0.9445592705167173,0.5356415478615071,0.9905128384198152,2122.029,10,2026-09-18T18:12:31.621110+00:00
gemma-2-9b-it,belief_bank_facts,mlp,30,27416,belief_bank_facts,104,1258,8225,629,629,270,7955,1.198,3585,0.4416243654822335,0.9666666666666667,0.9587841945288754,0.6062717770034843,0.9906059547920014,2123.768,10,2026-09-18T18:12:31.621110+00:00
gemma-2-9b-it,belief_bank_facts,mlp,30,27416,belief_bank_facts,123,1258,8225,629,629,270,7955,1.1782,3585,0.43427620632279534,0.9666666666666667,0.9575683890577508,0.5993111366245695,0.9915981097376446,2125.494,10,2026-09-18T18:12:31.621110+00:00
gemma-2-9b-it,belief_bank_facts,mlp,30,27416,belief_bank_facts,420,1258,8225,629,629,270,7955,1.2287,3585,0.4468802698145025,0.9814814814814815,0.9595136778115502,0.6141367323290846,0.9937067299857998,2127.27,10,2026-09-18T18:12:31.621110+00:00
gemma-2-9b-it,belief_bank_facts,mlp,30,27416,belief_bank_facts,511,1258,8225,629,629,270,7955,1.2086,3585,0.37285714285714283,0.9666666666666667,0.945531914893617,0.5381443298969072,0.9890662755779035,2129.026,10,2026-09-18T18:12:31.621110+00:00
gemma-2-9b-it,belief_bank_facts,mlp,30,27416,belief_bank_facts,mean,0,0,0,0,0,0,1.20329,3585.0,0.4125688881108308,0.9722222222222221,0.9533495440729484,0.5788665092299524,0.9912682449891751,2803.023,10,2026-09-18T18:12:31.621110+00:00
gemma-2-9b-it,belief_bank_facts,mlp,30,27416,belief_bank_facts,std,0,0,0,0,0,0,0.013761064639045913,0.0,0.026120497030474643,0.012532536530139742,0.004995777080526767,0.02681078859365594,0.0014438662361165309,2803.023,10,2026-09-18T18:12:31.621110+00:00
gemma-2-9b-it,belief_bank_facts,mlp,30,27416,belief_bank_constraints,2,1258,25414,629,629,11520,13894,1.2086,3585,0.4764677969026358,0.9587673611111112,0.5037774455024789,0.6365810783550906,0.591019642271644,2131.463,10,2026-09-18T18:12:31.621110+00:00
gemma-2-9b-it,belief_bank_facts,mlp,30,27416,belief_bank_constraints,4,1258,25414,629,629,11520,13894,1.1985,3585,0.46511436225015457,0.9796875,0.48008971433068387,0.630767081179265,0.6513662659641253,2133.852,10,2026-09-18T18:12:31.621110+00:00
gemma-2-9b-it,belief_bank_facts,mlp,30,27416,belief_bank_constraints,24,1258,25414,629,629,11520,13894,1.1982,3585,0.474030441138533,0.95703125,0.49917368379633276,0.6340215078497901,0.587479007725157,2136.25,10,2026-09-18T18:12:31.621110+00:00
gemma-2-9b-it,belief_bank_facts,mlp,30,27416,belief_bank_constraints,42,1258,25414,629,629,11520,13894,1.1992,3585,0.4789523727202005,0.9619791666666667,0.5083812072086251,0.6395060303537423,0.6469908011351821,2138.669,10,2026-09-18T18:12:31.621110+00:00
gemma-2-9b-it,belief_bank_facts,mlp,30,27416,belief_bank_constraints,64,1258,25414,629,629,11520,13894,1.1989,3585,0.46379094470697524,0.9967881944444444,0.47615487526560163,0.6330383968687119,0.657986567193273,2141.083,10,2026-09-18T18:12:31.621110+00:00
gemma-2-9b-it,belief_bank_facts,mlp,30,27416,belief_bank_constraints,67,1258,25414,629,629,11520,13894,1.1988,3585,0.4776128908986689,0.6509548611111111,0.519044621074998,0.5509716762793432,0.5362917071517681,2143.502,10,2026-09-18T18:12:31.621110+00:00
gemma-2-9b-it,belief_bank_facts,mlp,30,27416,belief_bank_constraints,104,1258,25414,629,629,11520,13894,1.2082,3585,0.46701432520733854,0.6452256944444444,0.5053907295191626,0.5418428342323954,0.5137347893475201,2145.904,10,2026-09-18T18:12:31.621110+00:00
gemma-2-9b-it,belief_bank_facts,mlp,30,27416,belief_bank_constraints,123,1258,25414,629,629,11520,13894,1.1781,3585,0.46054600606673407,0.9884548611111111,0.4699378295427717,0.6283349427507242,0.5961899770884315,2148.267,10,2026-09-18T18:12:31.621110+00:00
gemma-2-9b-it,belief_bank_facts,mlp,30,27416,belief_bank_constraints,420,1258,25414,629,629,11520,13894,1.2188,3585,0.46685667752442994,0.9953125,0.48264735972298733,0.6355875831485588,0.669521997155047,2150.704,10,2026-09-18T18:12:31.621110+00:00
gemma-2-9b-it,belief_bank_facts,mlp,30,27416,belief_bank_constraints,511,1258,25414,629,629,11520,13894,1.2086,3585,0.4761863451028021,0.9529513888888889,0.5035020067679232,0.6350436744374386,0.6090872059082257,2153.137,10,2026-09-18T18:12:31.621110+00:00
gemma-2-9b-it,belief_bank_facts,mlp,30,27416,belief_bank_constraints,mean,0,0,0,0,0,0,1.20159,3585.0,0.4706572162518473,0.9087152777777779,0.4948099472731565,0.616569480545506,0.6059667960940374,2803.023,10,2026-09-18T18:12:31.621110+00:00
gemma-2-9b-it,belief_bank_facts,mlp,30,27416,belief_bank_constraints,std,0,0,0,0,0,0,0.010157307714153409,0.0,0.00633027666625348,0.13120674051017647,0.01545868470617618,0.035259712776581346,0.04951898724960508,2803.023,10,2026-09-18T18:12:31.621110+00:00
gemma-2-9b-it,belief_bank_facts,mlp,30,27416,halu_eval,2,1258,10000,629,629,2473,7527,1.22,3585,0.24720139673410702,0.9733117670845127,0.2604,0.39426699426699424,0.5078469095029292,2154.938,10,2026-09-18T18:12:31.621110+00:00
gemma-2-9b-it,belief_bank_facts,mlp,30,27416,halu_eval,4,1258,10000,629,629,2473,7527,1.2103,3585,0.24692405600339415,0.9413667610190053,0.2755,0.39122762793042604,0.5071984822827604,2156.733,10,2026-09-18T18:12:31.621110+00:00
gemma-2-9b-it,belief_bank_facts,mlp,30,27416,halu_eval,24,1258,10000,629,629,2473,7527,1.2005,3585,0.2484166989789324,0.77719369187222,0.3634,0.37649363369245836,0.5078556662251237,2158.505,10,2026-09-18T18:12:31.621110+00:00
gemma-2-9b-it,belief_bank_facts,mlp,30,27416,halu_eval,42,1258,10000,629,629,2473,7527,1.1793,3585,0.24731509625126646,0.9870602507076426,0.2539,0.39552782953900995,0.5096749155526962,2160.247,10,2026-09-18T18:12:31.621110+00:00
gemma-2-9b-it,belief_bank_facts,mlp,30,27416,halu_eval,64,1258,10000,629,629,2473,7527,1.1996,3585,0.24790194346289754,0.9078042862919531,0.2961,0.38945268453465176,0.5113946176028059,2162.018,10,2026-09-18T18:12:31.621110+00:00
gemma-2-9b-it,belief_bank_facts,mlp,30,27416,halu_eval,67,1258,10000,629,629,2473,7527,1.22,3585,0.24671972467197248,0.9276182773958754,0.2817,0.38977147226233966,0.5067552202286085,2163.822,10,2026-09-18T18:12:31.621110+00:00
gemma-2-9b-it,belief_bank_facts,mlp,30,27416,halu_eval,104,1258,10000,629,629,2473,7527,1.2004,3585,0.24636612597429955,0.9458147998382531,0.2711,0.39090833124425506,0.5073018975602106,2165.6,10,2026-09-18T18:12:31.621110+00:00
gemma-2-9b-it,belief_bank_facts,mlp,30,27416,halu_eval,123,1258,10000,629,629,2473,7527,1.1799,3585,0.24585548952142633,0.9534977759805904,0.2652,0.39091511936339524,0.5072711684491968,2167.361,10,2026-09-18T18:12:31.621110+00:00
gemma-2-9b-it,belief_bank_facts,mlp,30,27416,halu_eval,420,1258,10000,629,629,2473,7527,1.2203,3585,0.24725218284540318,0.9733117670845127,0.2606,0.39433158584534733,0.5061083509528791,2169.163,10,2026-09-18T18:12:31.621110+00:00
gemma-2-9b-it,belief_bank_facts,mlp,30,27416,halu_eval,511,1258,10000,629,629,2473,7527,1.2101,3585,0.2472896231285493,0.9684593610998787,0.2632,0.3939792729067281,0.5029093000741205,2170.946,10,2026-09-18T18:12:31.621110+00:00
gemma-2-9b-it,belief_bank_facts,mlp,30,27416,halu_eval,mean,0,0,0,0,0,0,1.20404,3585.0,0.24712423375722486,0.9355438738374444,0.27911,0.39068745515856057,0.5074316528431331,2803.023,10,2026-09-18T18:12:31.621110+00:00
gemma-2-9b-it,belief_bank_facts,mlp,30,27416,halu_eval,std,0,0,0,0,0,0,0.01445698447118208,0.0,0.0006891693583692771,0.05740994197086152,0.030417444008331795,0.005143721724116975,0.0020939643368176842,2803.023,10,2026-09-18T18:12:31.621110+00:00
gemma-2-9b-it,belief_bank_facts,mlp,31,27416,belief_bank_facts,2,1258,8225,629,629,270,7955,1.2082,3585,0.4022082018927445,0.9444444444444444,0.9520972644376899,0.5641592920353983,0.9875503410387131,2173.456,10,2026-09-18T18:12:31.621110+00:00
gemma-2-9b-it,belief_bank_facts,mlp,31,27416,belief_bank_facts,4,1258,8225,629,629,270,7955,1.2085,3585,0.3930722891566265,0.9666666666666667,0.9499088145896657,0.5588865096359743,0.987301720324976,2175.19,10,2026-09-18T18:12:31.621110+00:00
gemma-2-9b-it,belief_bank_facts,mlp,31,27416,belief_bank_facts,24,1258,8225,629,629,270,7955,1.1986,3585,0.4106583072100313,0.9703703703703703,0.9533130699088146,0.5770925110132159,0.9900612240147123,2176.926,10,2026-09-18T18:12:31.621110+00:00
gemma-2-9b-it,belief_bank_facts,mlp,31,27416,belief_bank_facts,42,1258,8225,629,629,270,7955,1.2085,3585,0.3984732824427481,0.9666666666666667,0.9510030395136778,0.5643243243243243,0.9913625253160135,2178.67,10,2026-09-18T18:12:31.621110+00:00
gemma-2-9b-it,belief_bank_facts,mlp,31,27416,belief_bank_facts,64,1258,8225,629,629,270,7955,1.1987,3585,0.41878980891719747,0.9740740740740741,0.9547720364741641,0.5857461024498887,0.9895216146378938,2180.406,10,2026-09-18T18:12:31.621110+00:00
gemma-2-9b-it,belief_bank_facts,mlp,31,27416,belief_bank_facts,67,1258,8225,629,629,270,7955,1.2084,3585,0.36092265943012214,0.9851851851851852,0.9422492401215805,0.5283018867924528,0.9894112717368532,2182.149,10,2026-09-18T18:12:31.621110+00:00
gemma-2-9b-it,belief_bank_facts,mlp,31,27416,belief_bank_facts,104,1258,8225,629,629,270,7955,0.3183,3585,0.4414715719063545,0.9777777777777777,0.9586626139817629,0.6082949308755761,0.9902265055753428,2183.018,10,2026-09-18T18:12:31.621110+00:00
gemma-2-9b-it,belief_bank_facts,mlp,31,27416,belief_bank_facts,123,1258,8225,629,629,270,7955,0.3284,3585,0.42598684210526316,0.9592592592592593,0.9562310030395137,0.5899772209567198,0.9897274018204251,2183.883,10,2026-09-18T18:12:31.621110+00:00
gemma-2-9b-it,belief_bank_facts,mlp,31,27416,belief_bank_facts,420,1258,8225,629,629,270,7955,0.328,3585,0.4318936877076412,0.9629629629629629,0.9572036474164134,0.5963302752293578,0.9918918918918919,2184.747,10,2026-09-18T18:12:31.621110+00:00
gemma-2-9b-it,belief_bank_facts,mlp,31,27416,belief_bank_facts,511,1258,8225,629,629,270,7955,0.2979,3585,0.365819209039548,0.9592592592592593,0.9440729483282675,0.5296523517382413,0.9872193123355913,2185.589,10,2026-09-18T18:12:31.621110+00:00
gemma-2-9b-it,belief_bank_facts,mlp,31,27416,belief_bank_facts,mean,0,0,0,0,0,0,0.8503499999999999,3585.0,0.4049295859808277,0.9666666666666666,0.9519513677811551,0.570276540505115,0.9894273808692414,2803.023,10,2026-09-18T18:12:31.621110+00:00
gemma-2-9b-it,belief_bank_facts,mlp,31,27416,belief_bank_facts,std,0,0,0,0,0,0,0.4346245028757582,0.0,0.025271778772396093,0.01073435314532551,0.005119046390809221,0.025323616225168752,0.0015451662060174175,2803.023,10,2026-09-18T18:12:31.621110+00:00
gemma-2-9b-it,belief_bank_facts,mlp,31,27416,belief_bank_constraints,2,1258,25414,629,629,11520,13894,0.3079,3585,0.4607386548250839,0.3692708333333333,0.5181789564806799,0.40996482436274273,0.5248365663935671,2187.115,10,2026-09-18T18:12:31.621110+00:00
gemma-2-9b-it,belief_bank_facts,mlp,31,27416,belief_bank_constraints,4,1258,25414,629,629,11520,13894,0.319,3585,0.5095372508767428,0.5171006944444444,0.5554812308176595,0.5132911119727716,0.5577575827095629,2188.687,10,2026-09-18T18:12:31.621110+00:00
gemma-2-9b-it,belief_bank_facts,mlp,31,27416,belief_bank_constraints,24,1258,25414,629,629,11520,13894,0.2895,3585,0.47192386131883074,0.90390625,0.49795388368615723,0.6200982581509602,0.5833406681341267,2190.223,10,2026-09-18T18:12:31.621110+00:00
gemma-2-9b-it,belief_bank_facts,mlp,31,27416,belief_bank_constraints,42,1258,25414,629,629,11520,13894,0.2985,3585,0.48608745031232253,0.8916666666666667,0.5235696859998427,0.6291804483645719,0.6047425984737617,2191.778,10,2026-09-18T18:12:31.621110+00:00
gemma-2-9b-it,belief_bank_facts,mlp,31,27416,belief_bank_constraints,64,1258,25414,629,629,11520,13894,1.2004,3585,0.5041383486979342,0.6503472222222222,0.5515463917525774,0.5679845343239452,0.5570902220482863,2194.224,10,2026-09-18T18:12:31.621110+00:00
gemma-2-9b-it,belief_bank_facts,mlp,31,27416,belief_bank_constraints,67,1258,25414,629,629,11520,13894,1.2004,3585,0.40761661807580174,0.38836805555555554,0.46690800346265837,0.3977596017069701,0.46456510878996526,2196.646,10,2026-09-18T18:12:31.621110+00:00
gemma-2-9b-it,belief_bank_facts,mlp,31,27416,belief_bank_constraints,104,1258,25414,629,629,11520,13894,1.231,3585,0.5061663605352926,0.16744791666666667,0.5485559140631148,0.2516469897593112,0.5751869999340242,2199.128,10,2026-09-18T18:12:31.621110+00:00
gemma-2-9b-it,belief_bank_facts,mlp,31,27416,belief_bank_constraints,123,1258,25414,629,629,11520,13894,1.2092,3585,0.46869577790630423,0.5627604166666667,0.512630833398914,0.511438939728621,0.506816272861587,2201.591,10,2026-09-18T18:12:31.621110+00:00
gemma-2-9b-it,belief_bank_facts,mlp,31,27416,belief_bank_constraints,420,1258,25414,629,629,11520,13894,1.2296,3585,0.52573787088233,0.5860243055555555,0.5727158259227197,0.5542465416033825,0.5940437044167746,2204.035,10,2026-09-18T18:12:31.621110+00:00
gemma-2-9b-it,belief_bank_facts,mlp,31,27416,belief_bank_constraints,511,1258,25414,629,629,11520,13894,1.1993,3585,0.46042348832132723,0.9154513888888889,0.47536790745258517,0.6126942628903413,0.532254630296051,2206.453,10,2026-09-18T18:12:31.621110+00:00
gemma-2-9b-it,belief_bank_facts,mlp,31,27416,belief_bank_constraints,mean,0,0,0,0,0,0,0.84848,3585.0,0.480106568175197,0.595234375,0.5222908633036909,0.5068305512863617,0.5500634354057706,2803.023,10,2026-09-18T18:12:31.621110+00:00
gemma-2-9b-it,belief_bank_facts,mlp,31,27416,belief_bank_constraints,std,0,0,0,0,0,0,0.44496914679559524,0.0,0.0323346354033157,0.23933773155818944,0.033411358932124414,0.11465397908652254,0.04111574839867496,2803.023,10,2026-09-18T18:12:31.621110+00:00
gemma-2-9b-it,belief_bank_facts,mlp,31,27416,halu_eval,2,1258,10000,629,629,2473,7527,1.2103,3585,0.24639692537632113,0.9332794177112819,0.2776,0.3898648648648649,0.5010343408022802,2208.251,10,2026-09-18T18:12:31.621110+00:00
gemma-2-9b-it,belief_bank_facts,mlp,31,27416,halu_eval,4,1258,10000,629,629,2473,7527,1.2204,3585,0.2493558210353713,0.8608976951071573,0.3247,0.3867042048860231,0.5077389815588266,2210.05,10,2026-09-18T18:12:31.621110+00:00
gemma-2-9b-it,belief_bank_facts,mlp,31,27416,halu_eval,24,1258,10000,629,629,2473,7527,1.1897,3585,0.24980988593155892,0.7970076829761423,0.3579,0.38039177844253597,0.5096038410529211,2211.81,10,2026-09-18T18:12:31.621110+00:00
gemma-2-9b-it,belief_bank_facts,mlp,31,27416,halu_eval,42,1258,10000,629,629,2473,7527,1.1899,3585,0.2467991169977925,0.9041649818034776,0.2939,0.387756871585884,0.5083790818345774,2213.579,10,2026-09-18T18:12:31.621110+00:00
gemma-2-9b-it,belief_bank_facts,mlp,31,27416,halu_eval,64,1258,10000,629,629,2473,7527,1.2002,3585,0.2490166824901668,0.7424181156490093,0.3826,0.37294332723948814,0.5114057918249928,2215.361,10,2026-09-18T18:12:31.621110+00:00
gemma-2-9b-it,belief_bank_facts,mlp,31,27416,halu_eval,67,1258,10000,629,629,2473,7527,1.2002,3585,0.245804774285039,0.841083704003235,0.3225,0.38042981252857794,0.5093771869980833,2217.143,10,2026-09-18T18:12:31.621110+00:00
gemma-2-9b-it,belief_bank_facts,mlp,31,27416,halu_eval,104,1258,10000,629,629,2473,7527,1.2203,3585,0.24627682873412177,0.9094217549534978,0.2893,0.3875915553640672,0.5058870153980244,2218.941,10,2026-09-18T18:12:31.621110+00:00
gemma-2-9b-it,belief_bank_facts,mlp,31,27416,halu_eval,123,1258,10000,629,629,2473,7527,1.2302,3585,0.24947820748925723,0.8216740800646988,0.3446,0.3827462799020531,0.5089789978882332,2220.753,10,2026-09-18T18:12:31.621110+00:00
gemma-2-9b-it,belief_bank_facts,mlp,31,27416,halu_eval,420,1258,10000,629,629,2473,7527,1.2306,3585,0.24853085210577866,0.8208653457339264,0.3419,0.38154308805563386,0.5097332578858447,2222.555,10,2026-09-18T18:12:31.621110+00:00
gemma-2-9b-it,belief_bank_facts,mlp,31,27416,halu_eval,511,1258,10000,629,629,2473,7527,1.2098,3585,0.24913733609385783,0.8758592802264457,0.3165,0.38792871854571503,0.5110340340483922,2224.33,10,2026-09-18T18:12:31.621110+00:00
gemma-2-9b-it,belief_bank_facts,mlp,31,27416,halu_eval,mean,0,0,0,0,0,0,1.21016,3585.0,0.2480606430539265,0.850667205822887,0.32514999999999994,0.3837900501414843,0.5083172529292176,2803.023,10,2026-09-18T18:12:31.621110+00:00
gemma-2-9b-it,belief_bank_facts,mlp,31,27416,halu_eval,std,0,0,0,0,0,0,0.014334238731094155,0.0,0.0014721257883167696,0.055041798466243685,0.031043139338668695,0.004892243884798621,0.0028535381882262684,2803.023,10,2026-09-18T18:12:31.621110+00:00
gemma-2-9b-it,belief_bank_facts,mlp,32,27416,belief_bank_facts,2,1258,8225,629,629,270,7955,1.2081,3585,0.39258114374034003,0.9407407407407408,0.9502735562310031,0.5539803707742639,0.9824745675908467,2226.756,10,2026-09-18T18:12:31.621110+00:00
gemma-2-9b-it,belief_bank_facts,mlp,32,27416,belief_bank_facts,4,1258,8225,629,629,270,7955,1.2189,3585,0.37554585152838427,0.9555555555555556,0.9463829787234043,0.5391849529780565,0.9871075726889681,2228.502,10,2026-09-18T18:12:31.621110+00:00
gemma-2-9b-it,belief_bank_facts,mlp,32,27416,belief_bank_facts,24,1258,8225,629,629,270,7955,1.1888,3585,0.3815789473684211,0.9666666666666667,0.9474772036474164,0.5471698113207547,0.9897744255883791,2230.218,10,2026-09-18T18:12:31.621110+00:00
gemma-2-9b-it,belief_bank_facts,mlp,32,27416,belief_bank_facts,42,1258,8225,629,629,270,7955,1.209,3585,0.38115942028985506,0.9740740740740741,0.9472340425531914,0.5479166666666667,0.989801429336313,2231.956,10,2026-09-18T18:12:31.621110+00:00
gemma-2-9b-it,belief_bank_facts,mlp,32,27416,belief_bank_facts,64,1258,8225,629,629,270,7955,1.2088,3585,0.35802469135802467,0.9666666666666667,0.9420060790273557,0.5225225225225225,0.9857657657657658,2233.691,10,2026-09-18T18:12:31.621110+00:00
gemma-2-9b-it,belief_bank_facts,mlp,32,27416,belief_bank_facts,67,1258,8225,629,629,270,7955,1.2185,3585,0.38653001464128844,0.9777777777777777,0.9483282674772037,0.5540398740818469,0.9907186256023465,2235.431,10,2026-09-18T18:12:31.621110+00:00
gemma-2-9b-it,belief_bank_facts,mlp,32,27416,belief_bank_facts,104,1258,8225,629,629,270,7955,1.2279,3585,0.37212643678160917,0.9592592592592593,0.945531914893617,0.5362318840579711,0.9883977000256071,2237.17,10,2026-09-18T18:12:31.621110+00:00
gemma-2-9b-it,belief_bank_facts,mlp,32,27416,belief_bank_facts,123,1258,8225,629,629,270,7955,1.208,3585,0.4028436018957346,0.9444444444444444,0.9522188449848025,0.5647840531561462,0.9847996834043344,2238.883,10,2026-09-18T18:12:31.621110+00:00
gemma-2-9b-it,belief_bank_facts,mlp,32,27416,belief_bank_facts,420,1258,8225,629,629,270,7955,1.2184,3585,0.4109375,0.9740740740740741,0.9533130699088146,0.578021978021978,0.9917592010615266,2240.628,10,2026-09-18T18:12:31.621110+00:00
gemma-2-9b-it,belief_bank_facts,mlp,32,27416,belief_bank_facts,511,1258,8225,629,629,270,7955,1.2082,3585,0.33902759526938236,0.9555555555555556,0.9373860182370821,0.5004849660523764,0.9845026421770608,2242.365,10,2026-09-18T18:12:31.621110+00:00
gemma-2-9b-it,belief_bank_facts,mlp,32,27416,belief_bank_facts,mean,0,0,0,0,0,0,1.2114599999999998,3585.0,0.380035520287304,0.9614814814814816,0.947015197568389,0.5444337079632582,0.9875101613241147,2803.023,10,2026-09-18T18:12:31.621110+00:00
gemma-2-9b-it,belief_bank_facts,mlp,32,27416,belief_bank_facts,std,0,0,0,0,0,0,0.00991889106704976,0.0,0.019817150682741518,0.011967032904743337,0.004469404101986826,0.020619782257532044,0.002906323590324479,2803.023,10,2026-09-18T18:12:31.621110+00:00
gemma-2-9b-it,belief_bank_facts,mlp,32,27416,belief_bank_constraints,2,1258,25414,629,629,11520,13894,1.2184,3585,0.461968199398367,0.09331597222222222,0.5397418745573306,0.15526828916010688,0.49427588147561696,2244.782,10,2026-09-18T18:12:31.621110+00:00
gemma-2-9b-it,belief_bank_facts,mlp,32,27416,belief_bank_constraints,4,1258,25414,629,629,11520,13894,1.2184,3585,0.5235170017374038,0.7323784722222222,0.5765326198158496,0.6105804023737155,0.607227071687619,2247.196,10,2026-09-18T18:12:31.621110+00:00
gemma-2-9b-it,belief_bank_facts,mlp,32,27416,belief_bank_constraints,24,1258,25414,629,629,11520,13894,1.1982,3585,0.5054967221381745,0.8701388888888889,0.5552844888644054,0.6394896331738437,0.5957444660364986,2249.568,10,2026-09-18T18:12:31.621110+00:00
gemma-2-9b-it,belief_bank_facts,mlp,32,27416,belief_bank_constraints,42,1258,25414,629,629,11520,13894,1.2183,3585,0.47948786106680846,0.9394965277777778,0.5102699299598646,0.634929015604834,0.594558727388321,2251.938,10,2026-09-18T18:12:31.621110+00:00
gemma-2-9b-it,belief_bank_facts,mlp,32,27416,belief_bank_constraints,64,1258,25414,629,629,11520,13894,1.2184,3585,0.483232093140977,0.6629340277777778,0.5258518926575904,0.5589957546479286,0.5315977720198967,2254.339,10,2026-09-18T18:12:31.621110+00:00
gemma-2-9b-it,belief_bank_facts,mlp,32,27416,belief_bank_constraints,67,1258,25414,629,629,11520,13894,1.2183,3585,0.4287722586691659,0.23828125,0.5108208074289762,0.3063274188148644,0.5079914966292405,2256.743,10,2026-09-18T18:12:31.621110+00:00
gemma-2-9b-it,belief_bank_facts,mlp,32,27416,belief_bank_constraints,104,1258,25414,629,629,11520,13894,1.2284,3585,0.3937023274007432,0.3494791666666667,0.4611631384276383,0.3702749931021797,0.46389744199134714,2259.154,10,2026-09-18T18:12:31.621110+00:00
gemma-2-9b-it,belief_bank_facts,mlp,32,27416,belief_bank_constraints,123,1258,25414,629,629,11520,13894,1.2186,3585,0.4780839073262367,0.7953125,0.5136538915558354,0.59718420023465,0.5236738817615118,2261.54,10,2026-09-18T18:12:31.621110+00:00
gemma-2-9b-it,belief_bank_facts,mlp,32,27416,belief_bank_constraints,420,1258,25414,629,629,11520,13894,1.2082,3585,0.5191881547139404,0.8948784722222223,0.5766900133784528,0.6571264660887303,0.6572741543611951,2263.898,10,2026-09-18T18:12:31.621110+00:00
gemma-2-9b-it,belief_bank_facts,mlp,32,27416,belief_bank_constraints,511,1258,25414,629,629,11520,13894,1.1879,3585,0.4674408014571949,0.17821180555555555,0.535452899976391,0.258044243338361,0.5688700683148602,2266.264,10,2026-09-18T18:12:31.621110+00:00
gemma-2-9b-it,belief_bank_facts,mlp,32,27416,belief_bank_constraints,mean,0,0,0,0,0,0,1.2133099999999999,3585.0,0.4740889327049011,0.5754427083333333,0.5305461556622335,0.4788220416539214,0.5545110961666107,2803.023,10,2026-09-18T18:12:31.621110+00:00
gemma-2-9b-it,belief_bank_facts,mlp,32,27416,belief_bank_constraints,std,0,0,0,0,0,0,0.01132832291206425,0.0,0.037813946880207644,0.30935779782207945,0.0329942956731921,0.17740922866419093,0.05685819783618407,2803.023,10,2026-09-18T18:12:31.621110+00:00
gemma-2-9b-it,belief_bank_facts,mlp,32,27416,halu_eval,2,1258,10000,629,629,2473,7527,1.2193,3585,0.2506679056801022,0.8726243429033562,0.3234,0.3894603862118751,0.5123618862108541,2268.044,10,2026-09-18T18:12:31.621110+00:00
gemma-2-9b-it,belief_bank_facts,mlp,32,27416,halu_eval,4,1258,10000,629,629,2473,7527,1.2185,3585,0.251215953307393,0.8354225636878285,0.3435,0.3862765261288212,0.51236806426639,2269.822,10,2026-09-18T18:12:31.621110+00:00
gemma-2-9b-it,belief_bank_facts,mlp,32,27416,halu_eval,24,1258,10000,629,629,2473,7527,1.1981,3585,0.24845793239575623,0.8143954710877477,0.3449,0.38075432460535025,0.5134680267629068,2271.579,10,2026-09-18T18:12:31.621110+00:00
gemma-2-9b-it,belief_bank_facts,mlp,32,27416,halu_eval,42,1258,10000,629,629,2473,7527,1.2183,3585,0.24751051117503872,0.9045693489688638,0.2963,0.38867170532534095,0.5099910171072507,2273.356,10,2026-09-18T18:12:31.621110+00:00
gemma-2-9b-it,belief_bank_facts,mlp,32,27416,halu_eval,64,1258,10000,629,629,2473,7527,1.2082,3585,0.2485832045337455,0.7804286291953093,0.3623,0.3770635928494676,0.5110922152148747,2275.115,10,2026-09-18T18:12:31.621110+00:00
gemma-2-9b-it,belief_bank_facts,mlp,32,27416,halu_eval,67,1258,10000,629,629,2473,7527,1.2079,3585,0.24884131538291768,0.9118479579458147,0.2975,0.3909839618552232,0.5103269958839646,2276.865,10,2026-09-18T18:12:31.621110+00:00
gemma-2-9b-it,belief_bank_facts,mlp,32,27416,halu_eval,104,1258,10000,629,629,2473,7527,1.218,3585,0.24619260277109814,0.8693894055802669,0.3094,0.3837230055327503,0.510990411604086,2278.632,10,2026-09-18T18:12:31.621110+00:00
gemma-2-9b-it,belief_bank_facts,mlp,32,27416,halu_eval,123,1258,10000,629,629,2473,7527,1.1983,3585,0.2482798833819242,0.8608976951071573,0.321,0.38540912382331644,0.5118220316014525,2280.391,10,2026-09-18T18:12:31.621110+00:00
gemma-2-9b-it,belief_bank_facts,mlp,32,27416,halu_eval,420,1258,10000,629,629,2473,7527,1.2184,3585,0.24876905041031652,0.8580671249494541,0.3241,0.3857129873670817,0.512177242933661,2282.17,10,2026-09-18T18:12:31.621110+00:00
gemma-2-9b-it,belief_bank_facts,mlp,32,27416,halu_eval,511,1258,10000,629,629,2473,7527,1.2082,3585,0.24820880245649948,0.7844723008491711,0.3591,0.3771017591602682,0.5128482334870917,2283.94,10,2026-09-18T18:12:31.621110+00:00
gemma-2-9b-it,belief_bank_facts,mlp,32,27416,halu_eval,mean,0,0,0,0,0,0,1.2113200000000002,3585.0,0.24867271614947914,0.849211484027497,0.32815000000000005,0.38451573728594945,0.5117446125072533,2803.023,10,2026-09-18T18:12:31.621110+00:00
gemma-2-9b-it,belief_bank_facts,mlp,32,27416,halu_eval,std,0,0,0,0,0,0,0.007963391237406347,0.0,0.001356904681843229,0.04299145670813158,0.022440599368109576,0.004627846738725574,0.0010597260322287787,2803.023,10,2026-09-18T18:12:31.621110+00:00
gemma-2-9b-it,belief_bank_facts,mlp,33,27416,belief_bank_facts,2,1258,8225,629,629,270,7955,1.2086,3585,0.3378561736770692,0.9222222222222223,0.9381155015197569,0.4945382323733863,0.9774737528225901,2286.386,10,2026-09-18T18:12:31.621110+00:00
gemma-2-9b-it,belief_bank_facts,mlp,33,27416,belief_bank_facts,4,1258,8225,629,629,270,7955,1.2284,3585,0.356353591160221,0.9555555555555556,0.9418844984802431,0.5191146881287726,0.9835384221430733,2288.131,10,2026-09-18T18:12:31.621110+00:00
gemma-2-9b-it,belief_bank_facts,mlp,33,27416,belief_bank_facts,24,1258,8225,629,629,270,7955,1.2079,3585,0.35724137931034483,0.9592592592592593,0.9420060790273557,0.5206030150753769,0.9875000581977326,2289.851,10,2026-09-18T18:12:31.621110+00:00
gemma-2-9b-it,belief_bank_facts,mlp,33,27416,belief_bank_facts,42,1258,8225,629,629,270,7955,1.1879,3585,0.38563049853372433,0.9740740740740741,0.9482066869300911,0.5525210084033614,0.9889228763647369,2291.558,10,2026-09-18T18:12:31.621110+00:00
gemma-2-9b-it,belief_bank_facts,mlp,33,27416,belief_bank_facts,64,1258,8225,629,629,270,7955,1.2184,3585,0.3451443569553806,0.9740740740740741,0.9384802431610942,0.5096899224806202,0.9839132155411224,2293.308,10,2026-09-18T18:12:31.621110+00:00
gemma-2-9b-it,belief_bank_facts,mlp,33,27416,belief_bank_facts,67,1258,8225,629,629,270,7955,1.1983,3585,0.3473132372214941,0.9814814814814815,0.9388449848024316,0.5130687318489835,0.9874623460669973,2295.038,10,2026-09-18T18:12:31.621110+00:00
gemma-2-9b-it,belief_bank_facts,mlp,33,27416,belief_bank_facts,104,1258,8225,629,629,270,7955,1.2082,3585,0.3678321678321678,0.9740740740740741,0.9441945288753799,0.534010152284264,0.9879181507088484,2296.776,10,2026-09-18T18:12:31.621110+00:00
gemma-2-9b-it,belief_bank_facts,mlp,33,27416,belief_bank_facts,123,1258,8225,629,629,270,7955,1.2082,3585,0.38980509745127434,0.9629629629629629,0.9493009118541034,0.5549626467449307,0.9872509719021347,2298.512,10,2026-09-18T18:12:31.621110+00:00
gemma-2-9b-it,belief_bank_facts,mlp,33,27416,belief_bank_facts,420,1258,8225,629,629,270,7955,1.2383,3585,0.3901345291479821,0.9666666666666667,0.9493009118541034,0.5559105431309904,0.9897320576390344,2300.271,10,2026-09-18T18:12:31.621110+00:00
gemma-2-9b-it,belief_bank_facts,mlp,33,27416,belief_bank_facts,511,1258,8225,629,629,270,7955,1.2281,3585,0.3173431734317343,0.9555555555555556,0.931063829787234,0.47645429362880887,0.9826333310054242,2302.01,10,2026-09-18T18:12:31.621110+00:00
gemma-2-9b-it,belief_bank_facts,mlp,33,27416,belief_bank_facts,mean,0,0,0,0,0,0,1.21323,3585.0,0.35946542047213925,0.9625925925925927,0.9421398176291793,0.5230873234099496,0.9856345182391694,2803.023,10,2026-09-18T18:12:31.621110+00:00
gemma-2-9b-it,belief_bank_facts,mlp,33,27416,belief_bank_facts,std,0,0,0,0,0,0,0.014392501519888756,0.0,0.02285682720561106,0.01583955909655043,0.005538911371060867,0.02523996078951419,0.0035385581911352125,2803.023,10,2026-09-18T18:12:31.621110+00:00
gemma-2-9b-it,belief_bank_facts,mlp,33,27416,belief_bank_constraints,2,1258,25414,629,629,11520,13894,1.1977,3585,0.4261481175010343,0.08940972222222222,0.5326591642401826,0.14780799311186052,0.5766745587623755,2304.382,10,2026-09-18T18:12:31.621110+00:00
gemma-2-9b-it,belief_bank_facts,mlp,33,27416,belief_bank_constraints,4,1258,25414,629,629,11520,13894,1.2383,3585,0.45614482406935236,0.15529513888888888,0.5331706933186433,0.23170573759875665,0.5580945462069958,2306.811,10,2026-09-18T18:12:31.621110+00:00
gemma-2-9b-it,belief_bank_facts,mlp,33,27416,belief_bank_constraints,24,1258,25414,629,629,11520,13894,1.2085,3585,0.5453611776788772,0.553125,0.5884158337923979,0.5492156524737114,0.6158347290697024,2309.21,10,2026-09-18T18:12:31.621110+00:00
gemma-2-9b-it,belief_bank_facts,mlp,33,27416,belief_bank_constraints,42,1258,25414,629,629,11520,13894,1.1886,3585,0.5131243770074205,0.8043402777777777,0.565357676871016,0.6265467577253364,0.611135427162804,2311.592,10,2026-09-18T18:12:31.621110+00:00
gemma-2-9b-it,belief_bank_facts,mlp,33,27416,belief_bank_constraints,64,1258,25414,629,629,11520,13894,1.2185,3585,0.3891574585635359,0.09782986111111111,0.5214448729046982,0.15635405105438402,0.5143392856428834,2313.977,10,2026-09-18T18:12:31.621110+00:00
gemma-2-9b-it,belief_bank_facts,mlp,33,27416,belief_bank_constraints,67,1258,25414,629,629,11520,13894,1.1981,3585,0.5045811518324608,0.3346354166666667,0.5494609270480837,0.4024008350730689,0.5641742151388289,2316.33,10,2026-09-18T18:12:31.621110+00:00
gemma-2-9b-it,belief_bank_facts,mlp,33,27416,belief_bank_constraints,104,1258,25414,629,629,11520,13894,1.2189,3585,0.5026697177726926,0.4576388888888889,0.5489100495789723,0.47909850963286077,0.5589320380100123,2318.718,10,2026-09-18T18:12:31.621110+00:00
gemma-2-9b-it,belief_bank_facts,mlp,33,27416,belief_bank_constraints,123,1258,25414,629,629,11520,13894,1.2088,3585,0.46128423040604344,0.25442708333333336,0.5273471315023216,0.3279624034911044,0.576231671744798,2321.113,10,2026-09-18T18:12:31.621110+00:00
gemma-2-9b-it,belief_bank_facts,mlp,33,27416,belief_bank_constraints,420,1258,25414,629,629,11520,13894,0.3179,3585,0.48043704946275556,0.9198784722222222,0.5127488785708665,0.6312058849807904,0.6461147547702446,2322.613,10,2026-09-18T18:12:31.621110+00:00
gemma-2-9b-it,belief_bank_facts,mlp,33,27416,belief_bank_constraints,511,1258,25414,629,629,11520,13894,0.3378,3585,0.38885135135135135,0.09991319444444445,0.520815298654285,0.1589779005524862,0.5413203253702638,2324.153,10,2026-09-18T18:12:31.621110+00:00
gemma-2-9b-it,belief_bank_facts,mlp,33,27416,belief_bank_constraints,mean,0,0,0,0,0,0,1.03331,3585.0,0.46677594556455243,0.37664930555555554,0.5400330526481467,0.37112757256943596,0.5762851551878909,2803.023,10,2026-09-18T18:12:31.621110+00:00
gemma-2-9b-it,belief_bank_facts,mlp,33,27416,belief_bank_constraints,std,0,0,0,0,0,0,0.35299980014158644,0.0,0.05011856948087077,0.2860509255653308,0.0220716638350035,0.18426591016043783,0.03673359715850372,2803.023,10,2026-09-18T18:12:31.621110+00:00
gemma-2-9b-it,belief_bank_facts,mlp,33,27416,halu_eval,2,1258,10000,629,629,2473,7527,0.2983,3585,0.2505712979890311,0.8867771936918722,0.3161,0.3907349665924276,0.5084360273899526,2325.017,10,2026-09-18T18:12:31.621110+00:00
gemma-2-9b-it,belief_bank_facts,mlp,33,27416,halu_eval,4,1258,10000,629,629,2473,7527,0.3183,3585,0.2505094090854609,0.8451273756570966,0.3364,0.3864644970414201,0.5057167696763414,2325.899,10,2026-09-18T18:12:31.621110+00:00
gemma-2-9b-it,belief_bank_facts,mlp,33,27416,halu_eval,24,1258,10000,629,629,2473,7527,0.2981,3585,0.25056011949215834,0.8139911039223615,0.3519,0.383173122680118,0.5083099950570183,2326.751,10,2026-09-18T18:12:31.621110+00:00
gemma-2-9b-it,belief_bank_facts,mlp,33,27416,halu_eval,42,1258,10000,629,629,2473,7527,0.2779,3585,0.2487451199107641,0.9017387788111605,0.3022,0.3899283091449554,0.5036521440995461,2327.587,10,2026-09-18T18:12:31.621110+00:00
gemma-2-9b-it,belief_bank_facts,mlp,33,27416,halu_eval,64,1258,10000,629,629,2473,7527,0.308,3585,0.2511872673597741,0.7913465426607359,0.365,0.3813328137178488,0.504216119986649,2328.453,10,2026-09-18T18:12:31.621110+00:00
gemma-2-9b-it,belief_bank_facts,mlp,33,27416,halu_eval,67,1258,10000,629,629,2473,7527,0.2982,3585,0.24853431428899875,0.8742418115649009,0.3152,0.3870390261367705,0.505733933926287,2329.308,10,2026-09-18T18:12:31.621110+00:00
gemma-2-9b-it,belief_bank_facts,mlp,33,27416,halu_eval,104,1258,10000,629,629,2473,7527,1.1995,3585,0.25069637883008355,0.8370400323493732,0.341,0.385834109972041,0.5043187562918794,2331.078,10,2026-09-18T18:12:31.621110+00:00
gemma-2-9b-it,belief_bank_facts,mlp,33,27416,halu_eval,123,1258,10000,629,629,2473,7527,1.1995,3585,0.2492311331913887,0.8520016174686615,0.3287,0.38565022421524664,0.5110708337704979,2332.856,10,2026-09-18T18:12:31.621110+00:00
gemma-2-9b-it,belief_bank_facts,mlp,33,27416,halu_eval,420,1258,10000,629,629,2473,7527,1.2196,3585,0.2492877492877493,0.8491710473109584,0.3303,0.3854271817931541,0.5021549326320649,2334.651,10,2026-09-18T18:12:31.621110+00:00
gemma-2-9b-it,belief_bank_facts,mlp,33,27416,halu_eval,511,1258,10000,629,629,2473,7527,1.2204,3585,0.25035663338088443,0.8515972503032754,0.3327,0.3869545245751034,0.5049556600954181,2336.447,10,2026-09-18T18:12:31.621110+00:00
gemma-2-9b-it,belief_bank_facts,mlp,33,27416,halu_eval,mean,0,0,0,0,0,0,0.66378,3585.0,0.24996794228162936,0.8503032753740396,0.33194999999999997,0.3862538775869086,0.5058565172925655,2803.023,10,2026-09-18T18:12:31.621110+00:00
gemma-2-9b-it,belief_bank_facts,mlp,33,27416,halu_eval,std,0,0,0,0,0,0,0.44593037304045574,0.0,0.0008793455746326194,0.03090635145855472,0.017385928217958334,0.0026394181087938963,0.002536241786034017,2803.023,10,2026-09-18T18:12:31.621110+00:00
gemma-2-9b-it,belief_bank_facts,mlp,34,27416,belief_bank_facts,2,1258,8225,629,629,270,7955,1.2284,3585,0.35294117647058826,0.9555555555555556,0.941033434650456,0.5154845154845155,0.9820401797145983,2338.921,10,2026-09-18T18:12:31.621110+00:00
gemma-2-9b-it,belief_bank_facts,mlp,34,27416,belief_bank_facts,4,1258,8225,629,629,270,7955,1.2382,3585,0.3453815261044177,0.9555555555555556,0.9390881458966566,0.5073746312684366,0.9816095164932374,2340.67,10,2026-09-18T18:12:31.621110+00:00
gemma-2-9b-it,belief_bank_facts,mlp,34,27416,belief_bank_facts,24,1258,8225,629,629,270,7955,1.218,3585,0.3656509695290859,0.9777777777777777,0.9435866261398176,0.532258064516129,0.9872663361035454,2342.397,10,2026-09-18T18:12:31.621110+00:00
gemma-2-9b-it,belief_bank_facts,mlp,34,27416,belief_bank_facts,42,1258,8225,629,629,270,7955,1.2182,3585,0.35205479452054794,0.9518518518518518,0.9409118541033434,0.514,0.9855641688199828,2344.137,10,2026-09-18T18:12:31.621110+00:00
gemma-2-9b-it,belief_bank_facts,mlp,34,27416,belief_bank_facts,64,1258,8225,629,629,270,7955,1.2088,3585,0.3450134770889488,0.9481481481481482,0.939209726443769,0.5059288537549407,0.9838098563679959,2345.872,10,2026-09-18T18:12:31.621110+00:00
gemma-2-9b-it,belief_bank_facts,mlp,34,27416,belief_bank_facts,67,1258,8225,629,629,270,7955,1.2495,3585,0.33713561470215464,0.9851851851851852,0.9359270516717325,0.502360717658168,0.9865749470400633,2347.65,10,2026-09-18T18:12:31.621110+00:00
gemma-2-9b-it,belief_bank_facts,mlp,34,27416,belief_bank_facts,104,1258,8225,629,629,270,7955,1.2184,3585,0.36671368124118475,0.9629629629629629,0.9441945288753799,0.5311542390194075,0.9835770654375305,2349.396,10,2026-09-18T18:12:31.621110+00:00
gemma-2-9b-it,belief_bank_facts,mlp,34,27416,belief_bank_facts,123,1258,8225,629,629,270,7955,1.1981,3585,0.37337192474674386,0.9555555555555556,0.9458966565349544,0.5369406867845994,0.9859864515678468,2351.124,10,2026-09-18T18:12:31.621110+00:00
gemma-2-9b-it,belief_bank_facts,mlp,34,27416,belief_bank_facts,420,1258,8225,629,629,270,7955,1.2179,3585,0.3753623188405797,0.9592592592592593,0.9462613981762918,0.5395833333333333,0.9892958074353424,2352.861,10,2026-09-18T18:12:31.621110+00:00
gemma-2-9b-it,belief_bank_facts,mlp,34,27416,belief_bank_facts,511,1258,8225,629,629,270,7955,1.2281,3585,0.3104693140794224,0.9555555555555556,0.9288753799392098,0.46866485013623976,0.9828586726261144,2354.603,10,2026-09-18T18:12:31.621110+00:00
gemma-2-9b-it,belief_bank_facts,mlp,34,27416,belief_bank_facts,mean,0,0,0,0,0,0,1.22236,3585.0,0.35240947973236736,0.9607407407407408,0.9404984802431612,0.515374989195577,0.9848583001606258,2803.023,10,2026-09-18T18:12:31.621110+00:00
gemma-2-9b-it,belief_bank_facts,mlp,34,27416,belief_bank_facts,std,0,0,0,0,0,0,0.013788487951911196,0.0,0.018555252882206417,0.01113577509509102,0.004956312684869398,0.020227437660980823,0.0023546478681677353,2803.023,10,2026-09-18T18:12:31.621110+00:00
gemma-2-9b-it,belief_bank_facts,mlp,34,27416,belief_bank_constraints,2,1258,25414,629,629,11520,13894,1.228,3585,0.5167022032693674,0.18932291666666667,0.5522546627842921,0.2771107299409186,0.5881704220346912,2357.004,10,2026-09-18T18:12:31.621110+00:00
gemma-2-9b-it,belief_bank_facts,mlp,34,27416,belief_bank_constraints,4,1258,25414,629,629,11520,13894,1.2486,3585,0.5779427359490986,0.3311631944444444,0.5871960336822224,0.421058440483417,0.6216836766569902,2359.44,10,2026-09-18T18:12:31.621110+00:00
gemma-2-9b-it,belief_bank_facts,mlp,34,27416,belief_bank_constraints,24,1258,25414,629,629,11520,13894,1.2083,3585,0.5455697539338895,0.4484375,0.5806642008341859,0.4922578493496593,0.6091821897041889,2361.835,10,2026-09-18T18:12:31.621110+00:00
gemma-2-9b-it,belief_bank_facts,mlp,34,27416,belief_bank_constraints,42,1258,25414,629,629,11520,13894,1.2184,3585,0.5918516202980098,0.4930555555555556,0.616077752419926,0.5379552019699768,0.6452305801465061,2364.249,10,2026-09-18T18:12:31.621110+00:00
gemma-2-9b-it,belief_bank_facts,mlp,34,27416,belief_bank_constraints,64,1258,25414,629,629,11520,13894,1.2082,3585,0.41913946587537093,0.09809027777777778,0.5295506413787676,0.15897580191333707,0.5206001878808599,2366.609,10,2026-09-18T18:12:31.621110+00:00
gemma-2-9b-it,belief_bank_facts,mlp,34,27416,belief_bank_constraints,67,1258,25414,629,629,11520,13894,1.2281,3585,0.4869109947643979,0.13723958333333333,0.5433619264972063,0.21412609196180674,0.5638581377053244,2369.01,10,2026-09-18T18:12:31.621110+00:00
gemma-2-9b-it,belief_bank_facts,mlp,34,27416,belief_bank_constraints,104,1258,25414,629,629,11520,13894,1.2288,3585,0.5076624438087454,0.8626736111111111,0.5585110568977729,0.639181888345768,0.6183145789849335,2371.42,10,2026-09-18T18:12:31.621110+00:00
gemma-2-9b-it,belief_bank_facts,mlp,34,27416,belief_bank_constraints,123,1258,25414,629,629,11520,13894,1.2187,3585,0.5003145193572368,0.7594618055555555,0.5471393719996852,0.6032337022098114,0.5949087298374198,2373.83,10,2026-09-18T18:12:31.621110+00:00
gemma-2-9b-it,belief_bank_facts,mlp,34,27416,belief_bank_constraints,420,1258,25414,629,629,11520,13894,1.2285,3585,0.5366156392221763,0.22517361111111112,0.5606358699929173,0.317231258407729,0.5871499038353886,2376.243,10,2026-09-18T18:12:31.621110+00:00
gemma-2-9b-it,belief_bank_facts,mlp,34,27416,belief_bank_constraints,511,1258,25414,629,629,11520,13894,1.2385,3585,0.5682710360129715,0.5780381944444445,0.609663964743842,0.573113004561494,0.6358126272031892,2378.647,10,2026-09-18T18:12:31.621110+00:00
gemma-2-9b-it,belief_bank_facts,mlp,34,27416,belief_bank_constraints,mean,0,0,0,0,0,0,1.2254099999999999,3585.0,0.5250980412491264,0.412265625,0.5685055481230817,0.4234243969143918,0.5984911033989493,2803.023,10,2026-09-18T18:12:31.621110+00:00
gemma-2-9b-it,belief_bank_facts,mlp,34,27416,belief_bank_constraints,std,0,0,0,0,0,0,0.011946585286181154,0.0,0.048309873689834734,0.2498716577454299,0.027361304573527742,0.16296435792306202,0.03483826846358609,2803.023,10,2026-09-18T18:12:31.621110+00:00
gemma-2-9b-it,belief_bank_facts,mlp,34,27416,halu_eval,2,1258,10000,629,629,2473,7527,1.2182,3585,0.25149124494900904,0.528507885159725,0.4944,0.3408083441981747,0.5066893567843727,2380.407,10,2026-09-18T18:12:31.621110+00:00
gemma-2-9b-it,belief_bank_facts,mlp,34,27416,halu_eval,4,1258,10000,629,629,2473,7527,1.2383,3585,0.2484784334480021,0.7594015365952285,0.3725,0.3744392383610807,0.49970917475092097,2382.196,10,2026-09-18T18:12:31.621110+00:00
gemma-2-9b-it,belief_bank_facts,mlp,34,27416,halu_eval,24,1258,10000,629,629,2473,7527,1.2086,3585,0.24899799599198397,0.8038819247877073,0.3519,0.380223773548819,0.5076643076701741,2383.961,10,2026-09-18T18:12:31.621110+00:00
gemma-2-9b-it,belief_bank_facts,mlp,34,27416,halu_eval,42,1258,10000,629,629,2473,7527,1.2086,3585,0.24910093502757133,0.8402749696724626,0.3341,0.3842810910772076,0.5025966367417773,2385.728,10,2026-09-18T18:12:31.621110+00:00
gemma-2-9b-it,belief_bank_facts,mlp,34,27416,halu_eval,64,1258,10000,629,629,2473,7527,1.2191,3585,0.24841751711665158,0.7775980590376061,0.3632,0.37654200117485803,0.5029369132962553,2387.505,10,2026-09-18T18:12:31.621110+00:00
gemma-2-9b-it,belief_bank_facts,mlp,34,27416,halu_eval,67,1258,10000,629,629,2473,7527,1.2487,3585,0.24837623286023575,0.8350181965224424,0.3343,0.38286826735885787,0.5119473118232779,2389.312,10,2026-09-18T18:12:31.621110+00:00
gemma-2-9b-it,belief_bank_facts,mlp,34,27416,halu_eval,104,1258,10000,629,629,2473,7527,1.2384,3585,0.2493112947658402,0.8050950262838658,0.3523,0.3807247346782675,0.5017854311887906,2391.102,10,2026-09-18T18:12:31.621110+00:00
gemma-2-9b-it,belief_bank_facts,mlp,34,27416,halu_eval,123,1258,10000,629,629,2473,7527,1.2083,3585,0.24955257270693512,0.9021431459765467,0.3049,0.3909576798387803,0.5024527149088998,2392.853,10,2026-09-18T18:12:31.621110+00:00
gemma-2-9b-it,belief_bank_facts,mlp,34,27416,halu_eval,420,1258,10000,629,629,2473,7527,1.208,3585,0.2498040240397178,0.7731500202183583,0.3697,0.3776044238175175,0.5047834535126301,2394.614,10,2026-09-18T18:12:31.621110+00:00
gemma-2-9b-it,belief_bank_facts,mlp,34,27416,halu_eval,511,1258,10000,629,629,2473,7527,1.2284,3585,0.24903772132409546,0.7848766680145572,0.3615,0.3781046069932794,0.5032349641842003,2396.402,10,2026-09-18T18:12:31.621110+00:00
gemma-2-9b-it,belief_bank_facts,mlp,34,27416,halu_eval,mean,0,0,0,0,0,0,1.22246,3585.0,0.24925679722300426,0.78099474322685,0.36388,0.3766554161046843,0.5043800264861298,2803.023,10,2026-09-18T18:12:31.621110+00:00
gemma-2-9b-it,belief_bank_facts,mlp,34,27416,halu_eval,std,0,0,0,0,0,0,0.014324957242519087,0.0,0.00087221368706335,0.09301520709933299,0.047610771890403115,0.012741802685623962,0.0033523663731927,2803.023,10,2026-09-18T18:12:31.621110+00:00
gemma-2-9b-it,belief_bank_facts,mlp,35,27416,belief_bank_facts,2,1258,8225,629,629,270,7955,1.2384,3585,0.3489655172413793,0.937037037037037,0.9405471124620061,0.5085427135678392,0.9746281164885816,2398.879,10,2026-09-18T18:12:31.621110+00:00
gemma-2-9b-it,belief_bank_facts,mlp,35,27416,belief_bank_facts,4,1258,8225,629,629,270,7955,1.2284,3585,0.3333333333333333,0.9592592592592593,0.9356838905775076,0.49474689589302767,0.9800814768256628,2400.65,10,2026-09-18T18:12:31.621110+00:00
gemma-2-9b-it,belief_bank_facts,mlp,35,27416,belief_bank_facts,24,1258,8225,629,629,270,7955,1.2185,3585,0.33806451612903227,0.9703703703703703,0.9366565349544073,0.5014354066985646,0.9843760039108876,2402.4,10,2026-09-18T18:12:31.621110+00:00
gemma-2-9b-it,belief_bank_facts,mlp,35,27416,belief_bank_facts,42,1258,8225,629,629,270,7955,1.2395,3585,0.3324607329842932,0.9407407407407408,0.9360486322188449,0.4912959381044487,0.9845571152547896,2404.175,10,2026-09-18T18:12:31.621110+00:00
gemma-2-9b-it,belief_bank_facts,mlp,35,27416,belief_bank_facts,64,1258,8225,629,629,270,7955,1.2696,3585,0.3050239234449761,0.9444444444444444,0.9275379939209727,0.46112115732368897,0.9771199106082827,2406.0,10,2026-09-18T18:12:31.621110+00:00
gemma-2-9b-it,belief_bank_facts,mlp,35,27416,belief_bank_facts,67,1258,8225,629,629,270,7955,1.2593,3585,0.3110846245530393,0.9666666666666667,0.9286322188449848,0.47069431920649235,0.9837018413762599,2407.808,10,2026-09-18T18:12:31.621110+00:00
gemma-2-9b-it,belief_bank_facts,mlp,35,27416,belief_bank_facts,104,1258,8225,629,629,270,7955,1.2187,3585,0.3257287705956908,0.9518518518518518,0.9337386018237082,0.48536355051935787,0.9789096072817004,2409.553,10,2026-09-18T18:12:31.621110+00:00
gemma-2-9b-it,belief_bank_facts,mlp,35,27416,belief_bank_facts,123,1258,8225,629,629,270,7955,1.2586,3585,0.34620505992010653,0.9629629629629629,0.9390881458966566,0.5093046033300686,0.9824573410619922,2411.339,10,2026-09-18T18:12:31.621110+00:00
gemma-2-9b-it,belief_bank_facts,mlp,35,27416,belief_bank_facts,420,1258,8225,629,629,270,7955,1.2388,3585,0.3488681757656458,0.9703703703703703,0.9395744680851064,0.5132223310479922,0.9876499755569522,2413.105,10,2026-09-18T18:12:31.621110+00:00
gemma-2-9b-it,belief_bank_facts,mlp,35,27416,belief_bank_facts,511,1258,8225,629,629,270,7955,1.2384,3585,0.2841409691629956,0.9555555555555556,0.9195136778115501,0.4380305602716469,0.9788090415997392,2414.872,10,2026-09-18T18:12:31.621110+00:00
gemma-2-9b-it,belief_bank_facts,mlp,35,27416,belief_bank_facts,mean,0,0,0,0,0,0,1.24082,3585.0,0.3273875623130492,0.9559259259259258,0.9337021276595744,0.4873757475963127,0.9812290429964848,2803.023,10,2026-09-18T18:12:31.621110+00:00
gemma-2-9b-it,belief_bank_facts,mlp,35,27416,belief_bank_facts,std,0,0,0,0,0,0,0.01626405853408065,0.0,0.020236470141629378,0.011529172160202496,0.006273143880324627,0.02295845549236918,0.003779438417573289,2803.023,10,2026-09-18T18:12:31.621110+00:00
gemma-2-9b-it,belief_bank_facts,mlp,35,27416,belief_bank_constraints,2,1258,25414,629,629,11520,13894,1.2387,3585,0.4665335838421794,0.34487847222222223,0.5242779570315574,0.3965861449391096,0.5456463271516082,2417.282,10,2026-09-18T18:12:31.621110+00:00
gemma-2-9b-it,belief_bank_facts,mlp,35,27416,belief_bank_constraints,4,1258,25414,629,629,11520,13894,1.2384,3585,0.5047277140112252,0.8664930555555556,0.55406468875423,0.6378886155222545,0.6192844720642803,2419.676,10,2026-09-18T18:12:31.621110+00:00
gemma-2-9b-it,belief_bank_facts,mlp,35,27416,belief_bank_constraints,24,1258,25414,629,629,11520,13894,1.2286,3585,0.4670372982616272,0.9771701388888889,0.4841819469583694,0.6320074109423687,0.5609655584244998,2422.07,10,2026-09-18T18:12:31.621110+00:00
gemma-2-9b-it,belief_bank_facts,mlp,35,27416,belief_bank_constraints,42,1258,25414,629,629,11520,13894,1.2386,3585,0.46540201735087794,0.9732638888888889,0.48111277248760526,0.6296930723652804,0.5599335819418454,2424.494,10,2026-09-18T18:12:31.621110+00:00
gemma-2-9b-it,belief_bank_facts,mlp,35,27416,belief_bank_constraints,64,1258,25414,629,629,11520,13894,1.2286,3585,0.5013326628111642,0.8653645833333333,0.5487920044070198,0.6348670593854482,0.5839384856372855,2426.91,10,2026-09-18T18:12:31.621110+00:00
gemma-2-9b-it,belief_bank_facts,mlp,35,27416,belief_bank_constraints,67,1258,25414,629,629,11520,13894,1.239,3585,0.397332134292566,0.23012152777777778,0.4927992445108995,0.29144678979771327,0.45481902035051097,2429.326,10,2026-09-18T18:12:31.621110+00:00
gemma-2-9b-it,belief_bank_facts,mlp,35,27416,belief_bank_constraints,104,1258,25414,629,629,11520,13894,1.2182,3585,0.4681602718898131,0.9087673611111111,0.4906744314157551,0.6179682427247506,0.5330231974633335,2431.691,10,2026-09-18T18:12:31.621110+00:00
gemma-2-9b-it,belief_bank_facts,mlp,35,27416,belief_bank_constraints,123,1258,25414,629,629,11520,13894,1.2485,3585,0.46866824467422447,0.9796875,0.4873298182104352,0.6340271340692677,0.6044382979563521,2434.112,10,2026-09-18T18:12:31.621110+00:00
gemma-2-9b-it,belief_bank_facts,mlp,35,27416,belief_bank_constraints,420,1258,25414,629,629,11520,13894,1.2487,3585,0.4973547589616811,0.8731770833333333,0.5424962619028881,0.6337375964718853,0.6108110777733794,2436.546,10,2026-09-18T18:12:31.621110+00:00
gemma-2-9b-it,belief_bank_facts,mlp,35,27416,belief_bank_constraints,511,1258,25414,629,629,11520,13894,1.2487,3585,0.48546889044242486,0.8439236111111111,0.5238057763437476,0.6163697457680847,0.5932556569182541,2438.984,10,2026-09-18T18:12:31.621110+00:00
gemma-2-9b-it,belief_bank_facts,mlp,35,27416,belief_bank_constraints,mean,0,0,0,0,0,0,1.2376,3585.0,0.4722017576537783,0.7862847222222222,0.5129534902022508,0.5724591811986162,0.5666115675681349,2803.023,10,2026-09-18T18:12:31.621110+00:00
gemma-2-9b-it,belief_bank_facts,mlp,35,27416,belief_bank_constraints,std,0,0,0,0,0,0,0.009531002045955085,0.0,0.029076715574919133,0.25524920839048637,0.027375310813520584,0.11680822850478599,0.04616361026401437,2803.023,10,2026-09-18T18:12:31.621110+00:00
gemma-2-9b-it,belief_bank_facts,mlp,35,27416,halu_eval,2,1258,10000,629,629,2473,7527,1.2483,3585,0.24919258881523032,0.5928022644561262,0.4576,0.3508855911919579,0.5031071590179383,2440.786,10,2026-09-18T18:12:31.621110+00:00
gemma-2-9b-it,belief_bank_facts,mlp,35,27416,halu_eval,4,1258,10000,629,629,2473,7527,1.2487,3585,0.24815312290127603,0.8964820056611403,0.3027,0.3887086876479355,0.5066283820623435,2442.583,10,2026-09-18T18:12:31.621110+00:00
gemma-2-9b-it,belief_bank_facts,mlp,35,27416,halu_eval,24,1258,10000,629,629,2473,7527,1.2081,3585,0.24862313139260425,0.8944601698342095,0.3054,0.38909410729991206,0.5029294996296122,2444.329,10,2026-09-18T18:12:31.621110+00:00
gemma-2-9b-it,belief_bank_facts,mlp,35,27416,halu_eval,42,1258,10000,629,629,2473,7527,1.2282,3585,0.24953161592505854,0.8617064294379296,0.3249,0.38699718514482884,0.5108096363268806,2446.105,10,2026-09-18T18:12:31.621110+00:00
gemma-2-9b-it,belief_bank_facts,mlp,35,27416,halu_eval,64,1258,10000,629,629,2473,7527,1.2284,3585,0.24989639452963117,0.7315002021835827,0.3906,0.3725288303130148,0.5105245862166721,2447.889,10,2026-09-18T18:12:31.621110+00:00
gemma-2-9b-it,belief_bank_facts,mlp,35,27416,halu_eval,67,1258,10000,629,629,2473,7527,1.2287,3585,0.25585319552836955,0.490497371613425,0.5212,0.33629054616024395,0.5104123067725832,2449.676,10,2026-09-18T18:12:31.621110+00:00
gemma-2-9b-it,belief_bank_facts,mlp,35,27416,halu_eval,104,1258,10000,629,629,2473,7527,1.229,3585,0.2493328692423715,0.8689850384148807,0.3206,0.3874864767399928,0.507591890114848,2451.461,10,2026-09-18T18:12:31.621110+00:00
gemma-2-9b-it,belief_bank_facts,mlp,35,27416,halu_eval,123,1258,10000,629,629,2473,7527,1.2688,3585,0.2503114876650885,0.8123736352608169,0.3519,0.3827031145823412,0.509095306498976,2453.288,10,2026-09-18T18:12:31.621110+00:00
gemma-2-9b-it,belief_bank_facts,mlp,35,27416,halu_eval,420,1258,10000,629,629,2473,7527,1.2584,3585,0.2492396593673966,0.6627577840679337,0.4229,0.36224997237263784,0.5038716799599618,2455.093,10,2026-09-18T18:12:31.621110+00:00
gemma-2-9b-it,belief_bank_facts,mlp,35,27416,halu_eval,511,1258,10000,629,629,2473,7527,1.2481,3585,0.24718388069173408,0.6300040436716539,0.434,0.35505925250683684,0.501380580523406,2456.881,10,2026-09-18T18:12:31.621110+00:00
gemma-2-9b-it,belief_bank_facts,mlp,35,27416,halu_eval,mean,0,0,0,0,0,0,1.23947,3585.0,0.24973179460587605,0.7441568944601699,0.38317999999999997,0.3712003763959702,0.5066351027123221,2803.023,10,2026-09-18T18:12:31.621110+00:00
gemma-2-9b-it,belief_bank_facts,mlp,35,27416,halu_eval,std,0,0,0,0,0,0,0.017074779647187247,0.0,0.002208620455045838,0.13671713661511375,0.07044237077214252,0.018021134627912574,0.003394327075792531,2803.023,10,2026-09-18T18:12:31.621110+00:00
gemma-2-9b-it,belief_bank_facts,mlp,36,27416,belief_bank_facts,2,1258,8225,629,629,270,7955,0.3478,3585,0.3328840970350404,0.9148148148148149,0.9370212765957446,0.4881422924901186,0.9752305794166258,2458.436,10,2026-09-18T18:12:31.621110+00:00
gemma-2-9b-it,belief_bank_facts,mlp,36,27416,belief_bank_facts,4,1258,8225,629,629,270,7955,0.3477,3585,0.3282247765006386,0.9518518518518518,0.934468085106383,0.4881291547958215,0.9806071187466535,2459.303,10,2026-09-18T18:12:31.621110+00:00
gemma-2-9b-it,belief_bank_facts,mlp,36,27416,belief_bank_facts,24,1258,8225,629,629,270,7955,0.3175,3585,0.330379746835443,0.9666666666666667,0.9345896656534954,0.49245283018867925,0.9848811602299975,2460.152,10,2026-09-18T18:12:31.621110+00:00
gemma-2-9b-it,belief_bank_facts,mlp,36,27416,belief_bank_facts,42,1258,8225,629,629,270,7955,0.3282,3585,0.33688415446071907,0.937037037037037,0.9373860182370821,0.49559255631733595,0.9829150080312872,2461.014,10,2026-09-18T18:12:31.621110+00:00
gemma-2-9b-it,belief_bank_facts,mlp,36,27416,belief_bank_facts,64,1258,8225,629,629,270,7955,0.3579,3585,0.3372859025032938,0.9481481481481482,0.9371428571428572,0.4975704567541302,0.9796475545312754,2461.903,10,2026-09-18T18:12:31.621110+00:00
gemma-2-9b-it,belief_bank_facts,mlp,36,27416,belief_bank_facts,67,1258,8225,629,629,270,7955,0.3487,3585,0.32663316582914576,0.9629629629629629,0.9336170212765957,0.4878048780487805,0.9826486952068347,2462.784,10,2026-09-18T18:12:31.621110+00:00
gemma-2-9b-it,belief_bank_facts,mlp,36,27416,belief_bank_facts,104,1258,8225,629,629,270,7955,0.358,3585,0.3541666666666667,0.9444444444444444,0.9416413373860182,0.5151515151515151,0.979113066554927,2463.674,10,2026-09-18T18:12:31.621110+00:00
gemma-2-9b-it,belief_bank_facts,mlp,36,27416,belief_bank_facts,123,1258,8225,629,629,270,7955,0.3483,3585,0.3551532033426184,0.9444444444444444,0.9418844984802431,0.5161943319838057,0.983714877668366,2464.548,10,2026-09-18T18:12:31.621110+00:00
gemma-2-9b-it,belief_bank_facts,mlp,36,27416,belief_bank_facts,420,1258,8225,629,629,270,7955,1.2385,3585,0.3664772727272727,0.9555555555555556,0.9443161094224924,0.5297741273100616,0.987255627720744,2466.319,10,2026-09-18T18:12:31.621110+00:00
gemma-2-9b-it,belief_bank_facts,mlp,36,27416,belief_bank_facts,511,1258,8225,629,629,270,7955,1.2284,3585,0.30917874396135264,0.9481481481481482,0.9287537993920972,0.4663023679417122,0.9819978117652537,2468.074,10,2026-09-18T18:12:31.621110+00:00
gemma-2-9b-it,belief_bank_facts,mlp,36,27416,belief_bank_facts,mean,0,0,0,0,0,0,0.5221,3585.0,0.3377267729862191,0.9474074074074073,0.9370820668693011,0.4977114510981961,0.9818011499871965,2803.023,10,2026-09-18T18:12:31.621110+00:00
gemma-2-9b-it,belief_bank_facts,mlp,36,27416,belief_bank_facts,std,0,0,0,0,0,0,0.35588022142288267,0.0,0.01583421140794133,0.013738694067401034,0.004366840856285635,0.01724531967653028,0.0031837039235568477,2803.023,10,2026-09-18T18:12:31.621110+00:00
gemma-2-9b-it,belief_bank_facts,mlp,36,27416,belief_bank_constraints,2,1258,25414,629,629,11520,13894,1.2482,3585,0.4848059841047218,0.4500868055555556,0.5339183127410089,0.46680171055593067,0.5575277516623882,2470.483,10,2026-09-18T18:12:31.621110+00:00
gemma-2-9b-it,belief_bank_facts,mlp,36,27416,belief_bank_constraints,4,1258,25414,629,629,11520,13894,1.2382,3585,0.49330745549457905,0.63984375,0.5388368615723617,0.5571007482427632,0.551861589934904,2472.899,10,2026-09-18T18:12:31.621110+00:00
gemma-2-9b-it,belief_bank_facts,mlp,36,27416,belief_bank_constraints,24,1258,25414,629,629,11520,13894,1.2186,3585,0.46371049535478115,0.9921875,0.47631226882820493,0.6320329563991264,0.6660843247185035,2475.306,10,2026-09-18T18:12:31.621110+00:00
gemma-2-9b-it,belief_bank_facts,mlp,36,27416,belief_bank_constraints,42,1258,25414,629,629,11520,13894,1.2388,3585,0.4660076236752817,0.9657118055555556,0.4828441016762414,0.6286553838329613,0.629783848918598,2477.744,10,2026-09-18T18:12:31.621110+00:00
gemma-2-9b-it,belief_bank_facts,mlp,36,27416,belief_bank_constraints,64,1258,25414,629,629,11520,13894,1.2687,3585,0.3921620901093042,0.12769097222222223,0.5148736916660108,0.19265274048850764,0.4650215408229771,2480.21,10,2026-09-18T18:12:31.621110+00:00
gemma-2-9b-it,belief_bank_facts,mlp,36,27416,belief_bank_constraints,67,1258,25414,629,629,11520,13894,1.2483,3585,0.4315362595419847,0.15703125,0.5241205634689541,0.23026985743380857,0.5139530090426723,2482.631,10,2026-09-18T18:12:31.621110+00:00
gemma-2-9b-it,belief_bank_facts,mlp,36,27416,belief_bank_constraints,104,1258,25414,629,629,11520,13894,1.2383,3585,0.4610384300899428,0.97890625,0.4717085071220587,0.6268482490272373,0.5365644442845033,2485.039,10,2026-09-18T18:12:31.621110+00:00
gemma-2-9b-it,belief_bank_facts,mlp,36,27416,belief_bank_constraints,123,1258,25414,629,629,11520,13894,1.2485,3585,0.451114922813036,0.5707465277777778,0.4906350830251043,0.5039279555470396,0.48157842913807714,2487.487,10,2026-09-18T18:12:31.621110+00:00
gemma-2-9b-it,belief_bank_facts,mlp,36,27416,belief_bank_constraints,420,1258,25414,629,629,11520,13894,1.229,3585,0.4896074974482695,0.9160590277777778,0.5290784606909578,0.6381447662816714,0.6232315351700575,2489.907,10,2026-09-18T18:12:31.621110+00:00
gemma-2-9b-it,belief_bank_facts,mlp,36,27416,belief_bank_constraints,511,1258,25414,629,629,11520,13894,1.2191,3585,0.48662361623616235,0.82421875,0.5261666797827969,0.6119489559164734,0.5240472943456809,2492.322,10,2026-09-18T18:12:31.621110+00:00
gemma-2-9b-it,belief_bank_facts,mlp,36,27416,belief_bank_constraints,mean,0,0,0,0,0,0,1.23957,3585.0,0.4619914374868063,0.6622482638888889,0.50884945305737,0.5088383323725519,0.5549653768038361,2803.023,10,2026-09-18T18:12:31.621110+00:00
gemma-2-9b-it,belief_bank_facts,mlp,36,27416,belief_bank_constraints,std,0,0,0,0,0,0,0.014330251219012156,0.0,0.029685913905081844,0.31412726507010097,0.02439764240507636,0.1589042196045099,0.06250901227796778,2803.023,10,2026-09-18T18:12:31.621110+00:00
gemma-2-9b-it,belief_bank_facts,mlp,36,27416,halu_eval,2,1258,10000,629,629,2473,7527,1.2586,3585,0.24954648526077097,0.8900121310149616,0.3109,0.389798990525104,0.5134876622350668,2494.138,10,2026-09-18T18:12:31.621110+00:00
gemma-2-9b-it,belief_bank_facts,mlp,36,27416,halu_eval,4,1258,10000,629,629,2473,7527,1.2484,3585,0.24891640866873066,0.812778002426203,0.3472,0.38111490329920367,0.5139952297890151,2495.932,10,2026-09-18T18:12:31.621110+00:00
gemma-2-9b-it,belief_bank_facts,mlp,36,27416,halu_eval,24,1258,10000,629,629,2473,7527,1.2178,3585,0.2486424032351242,0.8701981399110392,0.3176,0.38677210639827464,0.5112552621588027,2497.7,10,2026-09-18T18:12:31.621110+00:00
gemma-2-9b-it,belief_bank_facts,mlp,36,27416,halu_eval,42,1258,10000,629,629,2473,7527,1.2386,3585,0.25027549895922613,0.8265264860493328,0.3448,0.38421052631578945,0.5133100028467406,2499.499,10,2026-09-18T18:12:31.621110+00:00
gemma-2-9b-it,belief_bank_facts,mlp,36,27416,halu_eval,64,1258,10000,629,629,2473,7527,1.2586,3585,0.25032990234890473,0.7670845127375657,0.3743,0.3774748781215799,0.5113082322697462,2501.319,10,2026-09-18T18:12:31.621110+00:00
gemma-2-9b-it,belief_bank_facts,mlp,36,27416,halu_eval,67,1258,10000,629,629,2473,7527,1.2488,3585,0.2482456140350877,0.9154872624342903,0.2935,0.39058052272923316,0.5119885167675919,2503.134,10,2026-09-18T18:12:31.621110+00:00
gemma-2-9b-it,belief_bank_facts,mlp,36,27416,halu_eval,104,1258,10000,629,629,2473,7527,1.2491,3585,0.24828333935670402,0.8334007278608977,0.3348,0.3825877111564878,0.5095432423864464,2504.946,10,2026-09-18T18:12:31.621110+00:00
gemma-2-9b-it,belief_bank_facts,mlp,36,27416,halu_eval,123,1258,10000,629,629,2473,7527,1.2386,3585,0.24937825005652273,0.8920339668418924,0.3093,0.38978708366463466,0.5050528167339994,2506.741,10,2026-09-18T18:12:31.621110+00:00
gemma-2-9b-it,belief_bank_facts,mlp,36,27416,halu_eval,420,1258,10000,629,629,2473,7527,1.238,3585,0.24908812801506058,0.8560452891225232,0.3262,0.3858913598250091,0.5157559487556618,2508.524,10,2026-09-18T18:12:31.621110+00:00
gemma-2-9b-it,belief_bank_facts,mlp,36,27416,halu_eval,511,1258,10000,629,629,2473,7527,1.2281,3585,0.2503904842004085,0.8427011726647796,0.3372,0.38606891441274543,0.5161649091710333,2510.298,10,2026-09-18T18:12:31.621110+00:00
gemma-2-9b-it,belief_bank_facts,mlp,36,27416,halu_eval,mean,0,0,0,0,0,0,1.24246,3585.0,0.24930965141365405,0.8506267691063487,0.32958000000000004,0.3854286996448062,0.5121861823114104,2803.023,10,2026-09-18T18:12:31.621110+00:00
gemma-2-9b-it,belief_bank_facts,mlp,36,27416,halu_eval,std,0,0,0,0,0,0,0.012266148539782152,0.0,0.0007769937963441209,0.04151777718500307,0.02200962516718538,0.003981107677739942,0.0030716362322854855,2803.023,10,2026-09-18T18:12:31.621110+00:00
gemma-2-9b-it,belief_bank_facts,mlp,37,27416,belief_bank_facts,2,1258,8225,629,629,270,7955,1.2887,3585,0.31525851197982346,0.9259259259259259,0.9315501519756839,0.4703668861712135,0.9753856181763159,2512.893,10,2026-09-18T18:12:31.621110+00:00
gemma-2-9b-it,belief_bank_facts,mlp,37,27416,belief_bank_facts,4,1258,8225,629,629,270,7955,1.2586,3585,0.32655654383735705,0.9518518518518518,0.9339817629179331,0.48628192999053926,0.9790809414065228,2514.685,10,2026-09-18T18:12:31.621110+00:00
gemma-2-9b-it,belief_bank_facts,mlp,37,27416,belief_bank_facts,24,1258,8225,629,629,270,7955,1.2489,3585,0.3239263803680982,0.9777777777777777,0.9322796352583587,0.48663594470046084,0.9837255860511674,2516.464,10,2026-09-18T18:12:31.621110+00:00
gemma-2-9b-it,belief_bank_facts,mlp,37,27416,belief_bank_facts,42,1258,8225,629,629,270,7955,1.2587,3585,0.3273885350318471,0.9518518518518518,0.9342249240121581,0.4872037914691943,0.9857727494936797,2518.252,10,2026-09-18T18:12:31.621110+00:00
gemma-2-9b-it,belief_bank_facts,mlp,37,27416,belief_bank_facts,64,1258,8225,629,629,270,7955,1.2386,3585,0.30952380952380953,0.9629629629629629,0.9282674772036474,0.46846846846846846,0.9780175524361571,2520.015,10,2026-09-18T18:12:31.621110+00:00
gemma-2-9b-it,belief_bank_facts,mlp,37,27416,belief_bank_facts,67,1258,8225,629,629,270,7955,1.2282,3585,0.3241206030150754,0.9555555555555556,0.9331306990881459,0.48405253283302063,0.9816947179737878,2521.757,10,2026-09-18T18:12:31.621110+00:00
gemma-2-9b-it,belief_bank_facts,mlp,37,27416,belief_bank_facts,104,1258,8225,629,629,270,7955,1.2886,3585,0.3244613434727503,0.9481481481481482,0.9334954407294833,0.48347497639282344,0.9784873245338362,2523.569,10,2026-09-18T18:12:31.621110+00:00
gemma-2-9b-it,belief_bank_facts,mlp,37,27416,belief_bank_facts,123,1258,8225,629,629,270,7955,1.2485,3585,0.3227445997458704,0.9407407407407408,0.9332522796352584,0.4806054872280038,0.9801811113439021,2525.348,10,2026-09-18T18:12:31.621110+00:00
gemma-2-9b-it,belief_bank_facts,mlp,37,27416,belief_bank_facts,420,1258,8225,629,629,270,7955,1.3184,3585,0.338562091503268,0.9592592592592593,0.9371428571428572,0.5004830917874397,0.9867853900412039,2527.192,10,2026-09-18T18:12:31.621110+00:00
gemma-2-9b-it,belief_bank_facts,mlp,37,27416,belief_bank_facts,511,1258,8225,629,629,270,7955,1.2375,3585,0.2789189189189189,0.9555555555555556,0.9174468085106383,0.43179916317991635,0.9792760202062527,2528.95,10,2026-09-18T18:12:31.621110+00:00
gemma-2-9b-it,belief_bank_facts,mlp,37,27416,belief_bank_facts,mean,0,0,0,0,0,0,1.26147,3585.0,0.3191461337396818,0.952962962962963,0.9314772036474164,0.4779372272221081,0.9808407011662826,2803.023,10,2026-09-18T18:12:31.621110+00:00
gemma-2-9b-it,belief_bank_facts,mlp,37,27416,belief_bank_facts,std,0,0,0,0,0,0,0.026953962602927248,0.0,0.015213674197108314,0.012941781636782319,0.005135018853072462,0.01757941586509593,0.003434572061210074,2803.023,10,2026-09-18T18:12:31.621110+00:00
gemma-2-9b-it,belief_bank_facts,mlp,37,27416,belief_bank_constraints,2,1258,25414,629,629,11520,13894,1.2778,3585,0.4935194416749751,0.34375,0.5426143070748406,0.40523945968072045,0.5457028438534619,2531.392,10,2026-09-18T18:12:31.621110+00:00
gemma-2-9b-it,belief_bank_facts,mlp,37,27416,belief_bank_constraints,4,1258,25414,629,629,11520,13894,1.2576,3585,0.470984477636919,0.9771701388888889,0.4921303218698355,0.635611642810762,0.6318035213041601,2533.796,10,2026-09-18T18:12:31.621110+00:00
gemma-2-9b-it,belief_bank_facts,mlp,37,27416,belief_bank_constraints,24,1258,25414,629,629,11520,13894,1.2373,3585,0.46101985780828636,0.9794270833333333,0.47162981034075707,0.626937822970495,0.655247312738912,2536.152,10,2026-09-18T18:12:31.621110+00:00
gemma-2-9b-it,belief_bank_facts,mlp,37,27416,belief_bank_constraints,42,1258,25414,629,629,11520,13894,1.2384,3585,0.45886164553417863,0.9958333333333333,0.4657669001337845,0.6282412858355467,0.5771828873224654,2538.559,10,2026-09-18T18:12:31.621110+00:00
gemma-2-9b-it,belief_bank_facts,mlp,37,27416,belief_bank_constraints,64,1258,25414,629,629,11520,13894,1.248,3585,0.4603776630083925,0.9904513888888888,0.469426300464311,0.6285808726311151,0.6362289489967692,2540.974,10,2026-09-18T18:12:31.621110+00:00
gemma-2-9b-it,belief_bank_facts,mlp,37,27416,belief_bank_constraints,67,1258,25414,629,629,11520,13894,1.2478,3585,0.45899758206630875,0.9722222222222222,0.4679704100102306,0.6235906572756883,0.5651081277090031,2543.393,10,2026-09-18T18:12:31.621110+00:00
gemma-2-9b-it,belief_bank_facts,mlp,37,27416,belief_bank_constraints,104,1258,25414,629,629,11520,13894,1.298,3585,0.46451900839858806,0.9938368055555555,0.4778862044542378,0.6331185887687671,0.6602227317847031,2545.836,10,2026-09-18T18:12:31.621110+00:00
gemma-2-9b-it,belief_bank_facts,mlp,37,27416,belief_bank_constraints,123,1258,25414,629,629,11520,13894,1.2373,3585,0.4589346087243341,0.9662326388888889,0.468324545526088,0.6222955218874042,0.5911250503564688,2548.206,10,2026-09-18T18:12:31.621110+00:00
gemma-2-9b-it,belief_bank_facts,mlp,37,27416,belief_bank_constraints,420,1258,25414,629,629,11520,13894,1.2877,3585,0.46631358541692325,0.9859375,0.48213583064452664,0.6331633079688938,0.6240672619975849,2550.635,10,2026-09-18T18:12:31.621110+00:00
gemma-2-9b-it,belief_bank_facts,mlp,37,27416,belief_bank_constraints,511,1258,25414,629,629,11520,13894,1.2376,3585,0.462551103843009,0.9821180555555555,0.47462028803021955,0.6289049471928849,0.6414291290804984,2553.045,10,2026-09-18T18:12:31.621110+00:00
gemma-2-9b-it,belief_bank_facts,mlp,37,27416,belief_bank_constraints,mean,0,0,0,0,0,0,1.2567500000000003,3585.0,0.46560789741119146,0.9186979166666667,0.4812504918548832,0.6065684107022278,0.6128117815144027,2803.023,10,2026-09-18T18:12:31.621110+00:00
gemma-2-9b-it,belief_bank_facts,mlp,37,27416,belief_bank_constraints,std,0,0,0,0,0,0,0.02172557248958012,0.0,0.010005678409911027,0.19185518025953582,0.021807112753560197,0.06722666962346639,0.037976626181937895,2803.023,10,2026-09-18T18:12:31.621110+00:00
gemma-2-9b-it,belief_bank_facts,mlp,37,27416,halu_eval,2,1258,10000,629,629,2473,7527,1.2779,3585,0.24884693768100397,0.9381318236959159,0.2844,0.3933536792132926,0.5104824142723612,2554.868,10,2026-09-18T18:12:31.621110+00:00
gemma-2-9b-it,belief_bank_facts,mlp,37,27416,halu_eval,4,1258,10000,629,629,2473,7527,1.2485,3585,0.24797669148591778,0.9292357460574201,0.2856,0.39148211243611586,0.5126296377655617,2556.668,10,2026-09-18T18:12:31.621110+00:00
gemma-2-9b-it,belief_bank_facts,mlp,37,27416,halu_eval,24,1258,10000,629,629,2473,7527,1.2579,3585,0.24908348172200692,0.9615851192883138,0.2736,0.3956738768718802,0.511722591768434,2558.464,10,2026-09-18T18:12:31.621110+00:00
gemma-2-9b-it,belief_bank_facts,mlp,37,27416,halu_eval,42,1258,10000,629,629,2473,7527,1.2475,3585,0.24892838473601672,0.9627982207844723,0.2724,0.39558066123940855,0.5096316691639442,2560.243,10,2026-09-18T18:12:31.621110+00:00
gemma-2-9b-it,belief_bank_facts,mlp,37,27416,halu_eval,64,1258,10000,629,629,2473,7527,1.2476,3585,0.2496168162907817,0.9219571370804691,0.2953,0.3928663737399845,0.5123285784331817,2562.016,10,2026-09-18T18:12:31.621110+00:00
gemma-2-9b-it,belief_bank_facts,mlp,37,27416,halu_eval,67,1258,10000,629,629,2473,7527,1.2477,3585,0.24910695524269805,0.9587545491306106,0.2751,0.39546326411475274,0.5115344028245855,2563.803,10,2026-09-18T18:12:31.621110+00:00
gemma-2-9b-it,belief_bank_facts,mlp,37,27416,halu_eval,104,1258,10000,629,629,2473,7527,1.2879,3585,0.2485911083281152,0.9632025879498585,0.2709,0.3951887183741186,0.514136384927457,2565.636,10,2026-09-18T18:12:31.621110+00:00
gemma-2-9b-it,belief_bank_facts,mlp,37,27416,halu_eval,123,1258,10000,629,629,2473,7527,1.2478,3585,0.2489451476793249,0.9781641730691468,0.2648,0.3968826907301066,0.509908929551955,2567.429,10,2026-09-18T18:12:31.621110+00:00
gemma-2-9b-it,belief_bank_facts,mlp,37,27416,halu_eval,420,1258,10000,629,629,2473,7527,1.2984,3585,0.2489289245303746,0.9162959967650627,0.2956,0.3914996544574983,0.5097653837746319,2569.271,10,2026-09-18T18:12:31.621110+00:00
gemma-2-9b-it,belief_bank_facts,mlp,37,27416,halu_eval,511,1258,10000,629,629,2473,7527,1.2281,3585,0.24931041799278592,0.950262838657501,0.2801,0.39499117572905285,0.511847334768039,2571.05,10,2026-09-18T18:12:31.621110+00:00
gemma-2-9b-it,belief_bank_facts,mlp,37,27416,halu_eval,mean,0,0,0,0,0,0,1.2589299999999999,3585.0,0.24893348656890263,0.9480388192478773,0.27978000000000003,0.3942982206906211,0.511398732725015,2803.023,10,2026-09-18T18:12:31.621110+00:00
gemma-2-9b-it,belief_bank_facts,mlp,37,27416,halu_eval,std,0,0,0,0,0,0,0.0207998581725934,0.0,0.0004125481737728223,0.019488861377698227,0.0098197555977733,0.0017762840713025792,0.0013801634002543694,2803.023,10,2026-09-18T18:12:31.621110+00:00
gemma-2-9b-it,belief_bank_facts,mlp,38,27416,belief_bank_facts,2,1258,8225,629,629,270,7955,1.2678,3585,0.3094944512946979,0.9296296296296296,0.9296048632218845,0.46438482886216464,0.9728728728728728,2573.6,10,2026-09-18T18:12:31.621110+00:00
gemma-2-9b-it,belief_bank_facts,mlp,38,27416,belief_bank_facts,4,1258,8225,629,629,270,7955,1.2777,3585,0.31880448318804483,0.9481481481481482,0.9317933130699089,0.4771668219944082,0.9781493121028004,2575.386,10,2026-09-18T18:12:31.621110+00:00
gemma-2-9b-it,belief_bank_facts,mlp,38,27416,belief_bank_facts,24,1258,8225,629,629,270,7955,1.2678,3585,0.31907090464547677,0.9666666666666667,0.9311854103343465,0.4797794117647059,0.9817328956863839,2577.173,10,2026-09-18T18:12:31.621110+00:00
gemma-2-9b-it,belief_bank_facts,mlp,38,27416,belief_bank_facts,42,1258,8225,629,629,270,7955,1.2579,3585,0.3227848101265823,0.9444444444444444,0.9331306990881459,0.4811320754716981,0.98295644481691,2578.95,10,2026-09-18T18:12:31.621110+00:00
gemma-2-9b-it,belief_bank_facts,mlp,38,27416,belief_bank_facts,64,1258,8225,629,629,270,7955,1.2684,3585,0.31363088057901084,0.9629629629629629,0.9296048632218845,0.4731574158325751,0.9784146937635311,2580.739,10,2026-09-18T18:12:31.621110+00:00
gemma-2-9b-it,belief_bank_facts,mlp,38,27416,belief_bank_facts,67,1258,8225,629,629,270,7955,1.2678,3585,0.31386861313868614,0.9555555555555556,0.9299696048632219,0.4725274725274725,0.9798761552249924,2582.525,10,2026-09-18T18:12:31.621110+00:00
gemma-2-9b-it,belief_bank_facts,mlp,38,27416,belief_bank_facts,104,1258,8225,629,629,270,7955,1.2678,3585,0.3466666666666667,0.9629629629629629,0.939209726443769,0.5098039215686274,0.980094047535908,2584.305,10,2026-09-18T18:12:31.621110+00:00
gemma-2-9b-it,belief_bank_facts,mlp,38,27416,belief_bank_facts,123,1258,8225,629,629,270,7955,1.2882,3585,0.34328358208955223,0.937037037037037,0.9390881458966566,0.5024826216484608,0.9802253416206905,2586.099,10,2026-09-18T18:12:31.621110+00:00
gemma-2-9b-it,belief_bank_facts,mlp,38,27416,belief_bank_facts,420,1258,8225,629,629,270,7955,1.2778,3585,0.33033419023136246,0.9518518518518518,0.9350759878419453,0.4904580152671756,0.982567683963033,2587.882,10,2026-09-18T18:12:31.621110+00:00
gemma-2-9b-it,belief_bank_facts,mlp,38,27416,belief_bank_facts,511,1258,8225,629,629,270,7955,1.2576,3585,0.2724358974358974,0.9444444444444444,0.9153799392097265,0.4228855721393035,0.9783793095421003,2589.655,10,2026-09-18T18:12:31.621110+00:00
gemma-2-9b-it,belief_bank_facts,mlp,38,27416,belief_bank_facts,mean,0,0,0,0,0,0,1.26988,3585.0,0.31903744793959776,0.9503703703703705,0.9314042553191489,0.4773778157076592,0.9795268757129223,2803.023,10,2026-09-18T18:12:31.621110+00:00
gemma-2-9b-it,belief_bank_facts,mlp,38,27416,belief_bank_facts,std,0,0,0,0,0,0,0.008793838752217372,0.0,0.019523535459840795,0.011379475182027574,0.006339886381445962,0.022477236956183748,0.0027483414990721257,2803.023,10,2026-09-18T18:12:31.621110+00:00
gemma-2-9b-it,belief_bank_facts,mlp,38,27416,belief_bank_constraints,2,1258,25414,629,629,11520,13894,1.2779,3585,0.41358327608204926,0.3657986111111111,0.47741402376642794,0.38822608134874936,0.47327236701893705,2592.102,10,2026-09-18T18:12:31.621110+00:00
gemma-2-9b-it,belief_bank_facts,mlp,38,27416,belief_bank_constraints,4,1258,25414,629,629,11520,13894,1.2778,3585,0.44057689640826514,0.27578125,0.5129849689147714,0.33922374673001976,0.5080534550785311,2594.551,10,2026-09-18T18:12:31.621110+00:00
gemma-2-9b-it,belief_bank_facts,mlp,38,27416,belief_bank_constraints,24,1258,25414,629,629,11520,13894,0.3574,3585,0.4758459854362001,0.8678819444444444,0.5067679231919414,0.6146752328548154,0.5566800792308431,2596.073,10,2026-09-18T18:12:31.621110+00:00
gemma-2-9b-it,belief_bank_facts,mlp,38,27416,belief_bank_constraints,42,1258,25414,629,629,11520,13894,0.3582,3585,0.4646922842063942,0.9248263888888889,0.4830014952388447,0.6185734606787239,0.5253492152387922,2597.577,10,2026-09-18T18:12:31.621110+00:00
gemma-2-9b-it,belief_bank_facts,mlp,38,27416,belief_bank_constraints,64,1258,25414,629,629,11520,13894,0.3572,3585,0.4694052011158103,0.9056423611111111,0.49319272841740774,0.6183251348307948,0.538273171722806,2599.061,10,2026-09-18T18:12:31.621110+00:00
gemma-2-9b-it,belief_bank_facts,mlp,38,27416,belief_bank_constraints,67,1258,25414,629,629,11520,13894,0.3475,3585,0.4470789642627862,0.9067708333333333,0.4493979696230424,0.5988820409918303,0.3977089556043376,2600.547,10,2026-09-18T18:12:31.621110+00:00
gemma-2-9b-it,belief_bank_facts,mlp,38,27416,belief_bank_constraints,104,1258,25414,629,629,11520,13894,0.3776,3585,0.4617417622234537,0.9402777777777778,0.4760761784843,0.6193430343920638,0.5011076236444988,2602.082,10,2026-09-18T18:12:31.621110+00:00
gemma-2-9b-it,belief_bank_facts,mlp,38,27416,belief_bank_constraints,123,1258,25414,629,629,11520,13894,0.4178,3585,0.4605608567023626,0.9594618055555556,0.4722200362005194,0.6223711253132126,0.4677965633646818,2603.675,10,2026-09-18T18:12:31.621110+00:00
gemma-2-9b-it,belief_bank_facts,mlp,38,27416,belief_bank_constraints,420,1258,25414,629,629,11520,13894,0.3876,3585,0.4615727423732934,0.9889756944444444,0.4720626426379161,0.6293953539761898,0.5879211262755306,2605.242,10,2026-09-18T18:12:31.621110+00:00
gemma-2-9b-it,belief_bank_facts,mlp,38,27416,belief_bank_constraints,511,1258,25414,629,629,11520,13894,0.3583,3585,0.45807245080500897,0.7112847222222223,0.4876839537262926,0.5572633297062024,0.50125228915759,2606.778,10,2026-09-18T18:12:31.621110+00:00
gemma-2-9b-it,belief_bank_facts,mlp,38,27416,belief_bank_constraints,mean,0,0,0,0,0,0,0.5517299999999999,3585.0,0.45531304196156236,0.7846701388888889,0.48308019202014635,0.5606278540822602,0.5057414846336548,2803.023,10,2026-09-18T18:12:31.621110+00:00
gemma-2-9b-it,belief_bank_facts,mlp,38,27416,belief_bank_constraints,std,0,0,0,0,0,0,0.36357704286712056,0.0,0.016882400523309207,0.24339764554642354,0.017417955245421404,0.10090258396049809,0.05000306631853514,2803.023,10,2026-09-18T18:12:31.621110+00:00
gemma-2-9b-it,belief_bank_facts,mlp,38,27416,halu_eval,2,1258,10000,629,629,2473,7527,1.2679,3585,0.24755201958384332,0.9813991103922362,0.2577,0.39537346257228967,0.4964036195669441,2608.599,10,2026-09-18T18:12:31.621110+00:00
gemma-2-9b-it,belief_bank_facts,mlp,38,27416,halu_eval,4,1258,10000,629,629,2473,7527,1.2786,3585,0.2498911149825784,0.9280226445612616,0.2933,0.3937548254267822,0.49897968069767545,2610.417,10,2026-09-18T18:12:31.621110+00:00
gemma-2-9b-it,belief_bank_facts,mlp,38,27416,halu_eval,24,1258,10000,629,629,2473,7527,1.279,3585,0.25049570389953735,0.919530934088152,0.2997,0.39373214440308196,0.5006429475535196,2612.248,10,2026-09-18T18:12:31.621110+00:00
gemma-2-9b-it,belief_bank_facts,mlp,38,27416,halu_eval,42,1258,10000,629,629,2473,7527,1.2796,3585,0.24816369359916055,0.9563283461382935,0.2727,0.39406814962925935,0.49618491640096996,2614.106,10,2026-09-18T18:12:31.621110+00:00
gemma-2-9b-it,belief_bank_facts,mlp,38,27416,halu_eval,64,1258,10000,629,629,2473,7527,1.2688,3585,0.2508583453317089,0.9158916295996765,0.3028,0.3938445487741262,0.4979757198119658,2615.937,10,2026-09-18T18:12:31.621110+00:00
gemma-2-9b-it,belief_bank_facts,mlp,38,27416,halu_eval,67,1258,10000,629,629,2473,7527,1.2688,3585,0.24771784232365146,0.9656287909421755,0.2663,0.39428712953025674,0.4983829342551207,2617.762,10,2026-09-18T18:12:31.621110+00:00
gemma-2-9b-it,belief_bank_facts,mlp,38,27416,halu_eval,104,1258,10000,629,629,2473,7527,1.2785,3585,0.24896049896049896,0.9684593610998787,0.2697,0.39609691557099147,0.49796905825643134,2619.596,10,2026-09-18T18:12:31.621110+00:00
gemma-2-9b-it,belief_bank_facts,mlp,38,27416,halu_eval,123,1258,10000,629,629,2473,7527,1.3183,3585,0.24753289473684212,0.9737161342498989,0.2615,0.3947217441193345,0.4975862337020881,2621.459,10,2026-09-18T18:12:31.621110+00:00
gemma-2-9b-it,belief_bank_facts,mlp,38,27416,halu_eval,420,1258,10000,629,629,2473,7527,1.2679,3585,0.24954907161803713,0.9510715729882734,0.2806,0.39536056480080684,0.4996580311955273,2623.267,10,2026-09-18T18:12:31.621110+00:00
gemma-2-9b-it,belief_bank_facts,mlp,38,27416,halu_eval,511,1258,10000,629,629,2473,7527,1.2575,3585,0.24868434630069136,0.9745248685806712,0.2656,0.3962512331469911,0.49574742948568873,2625.053,10,2026-09-18T18:12:31.621110+00:00
gemma-2-9b-it,belief_bank_facts,mlp,38,27416,halu_eval,mean,0,0,0,0,0,0,1.2764900000000001,3585.0,0.24894055313365496,0.9534573392640517,0.27699,0.394749071797392,0.4979530570925931,2803.023,10,2026-09-18T18:12:31.621110+00:00
gemma-2-9b-it,belief_bank_facts,mlp,38,27416,halu_eval,std,0,0,0,0,0,0,0.015488734615842579,0.0,0.0011594991683298004,0.02287192340238738,0.015454931251869102,0.000914088651108759,0.0014801485774188772,2803.023,10,2026-09-18T18:12:31.621110+00:00
gemma-2-9b-it,belief_bank_facts,mlp,39,27416,belief_bank_facts,2,1258,8225,629,629,270,7955,1.2987,3585,0.32421875,0.9222222222222223,0.9343465045592705,0.4797687861271676,0.9774602509486231,2627.726,10,2026-09-18T18:12:31.621110+00:00
gemma-2-9b-it,belief_bank_facts,mlp,39,27416,belief_bank_facts,4,1258,8225,629,629,270,7955,1.2786,3585,0.3342140026420079,0.937037037037037,0.9366565349544073,0.49269717624148,0.983688339502293,2629.534,10,2026-09-18T18:12:31.621110+00:00
gemma-2-9b-it,belief_bank_facts,mlp,39,27416,belief_bank_facts,24,1258,8225,629,629,270,7955,1.2687,3585,0.3177914110429448,0.9592592592592593,0.931063829787234,0.4774193548387097,0.9850040738412831,2631.335,10,2026-09-18T18:12:31.621110+00:00
gemma-2-9b-it,belief_bank_facts,mlp,39,27416,belief_bank_facts,42,1258,8225,629,629,270,7955,1.2895,3585,0.33636363636363636,0.9592592592592593,0.9365349544072948,0.4980769230769231,0.9859068370696277,2633.156,10,2026-09-18T18:12:31.621110+00:00
gemma-2-9b-it,belief_bank_facts,mlp,39,27416,belief_bank_facts,64,1258,8225,629,629,270,7955,1.3385,3585,0.3182957393483709,0.9407407407407408,0.9319148936170213,0.4756554307116105,0.9795847009800499,2635.02,10,2026-09-18T18:12:31.621110+00:00
gemma-2-9b-it,belief_bank_facts,mlp,39,27416,belief_bank_facts,67,1258,8225,629,629,270,7955,1.3081,3585,0.3394736842105263,0.9555555555555556,0.9375075987841945,0.5009708737864078,0.9839057662313476,2636.845,10,2026-09-18T18:12:31.621110+00:00
gemma-2-9b-it,belief_bank_facts,mlp,39,27416,belief_bank_facts,104,1258,8225,629,629,270,7955,1.2877,3585,0.33635187580853815,0.9629629629629629,0.9364133738601824,0.49856184084372,0.9837735409828433,2638.637,10,2026-09-18T18:12:31.621110+00:00
gemma-2-9b-it,belief_bank_facts,mlp,39,27416,belief_bank_facts,123,1258,8225,629,629,270,7955,1.3078,3585,0.35335195530726254,0.937037037037037,0.9416413373860182,0.513184584178499,0.9830067276578904,2640.453,10,2026-09-18T18:12:31.621110+00:00
gemma-2-9b-it,belief_bank_facts,mlp,39,27416,belief_bank_facts,420,1258,8225,629,629,270,7955,1.3081,3585,0.3547945205479452,0.9592592592592593,0.9413981762917933,0.518,0.9875675675675676,2642.285,10,2026-09-18T18:12:31.621110+00:00
gemma-2-9b-it,belief_bank_facts,mlp,39,27416,belief_bank_facts,511,1258,8225,629,629,270,7955,1.2686,3585,0.2905405405405405,0.9555555555555556,0.9219452887537994,0.44559585492227977,0.9803184579928766,2644.077,10,2026-09-18T18:12:31.621110+00:00
gemma-2-9b-it,belief_bank_facts,mlp,39,27416,belief_bank_facts,mean,0,0,0,0,0,0,1.29543,3585.0,0.3305396115811773,0.9488888888888889,0.9349422492401216,0.48999308247267975,0.9830216262774402,2803.023,10,2026-09-18T18:12:31.621110+00:00
gemma-2-9b-it,belief_bank_facts,mlp,39,27416,belief_bank_facts,std,0,0,0,0,0,0,0.02037719558722449,0.0,0.017950019827987936,0.012915256129009395,0.0054245774066078506,0.020070242249373205,0.0029113639307010164,2803.023,10,2026-09-18T18:12:31.621110+00:00
gemma-2-9b-it,belief_bank_facts,mlp,39,27416,belief_bank_constraints,2,1258,25414,629,629,11520,13894,1.3192,3585,0.43441910966340935,0.3473090277777778,0.49917368379633276,0.3860106126386879,0.4971712034971131,2646.593,10,2026-09-18T18:12:31.621110+00:00
gemma-2-9b-it,belief_bank_facts,mlp,39,27416,belief_bank_constraints,4,1258,25414,629,629,11520,13894,1.299,3585,0.4925492893168271,0.37300347222222224,0.5415912489179192,0.4245208456826714,0.565155785171057,2649.068,10,2026-09-18T18:12:31.621110+00:00
gemma-2-9b-it,belief_bank_facts,mlp,39,27416,belief_bank_constraints,24,1258,25414,629,629,11520,13894,1.2678,3585,0.4525755743651753,0.8122395833333333,0.46954434563626346,0.5812703835999379,0.48098486007149366,2651.465,10,2026-09-18T18:12:31.621110+00:00
gemma-2-9b-it,belief_bank_facts,mlp,39,27416,belief_bank_constraints,42,1258,25414,629,629,11520,13894,1.2776,3585,0.4614558817457368,0.9701388888888889,0.4732430943574408,0.6254232071406587,0.5299578567587128,2653.887,10,2026-09-18T18:12:31.621110+00:00
gemma-2-9b-it,belief_bank_facts,mlp,39,27416,belief_bank_constraints,64,1258,25414,629,629,11520,13894,1.3185,3585,0.384184068058778,0.1724826388888889,0.49956716770284093,0.23807812125569136,0.43331558986293045,2656.354,10,2026-09-18T18:12:31.621110+00:00
gemma-2-9b-it,belief_bank_facts,mlp,39,27416,belief_bank_constraints,67,1258,25414,629,629,11520,13894,1.308,3585,0.45079880855672894,0.7225694444444445,0.4752105138899819,0.5552109388027348,0.5006404580614334,2658.82,10,2026-09-18T18:12:31.621110+00:00
gemma-2-9b-it,belief_bank_facts,mlp,39,27416,belief_bank_constraints,104,1258,25414,629,629,11520,13894,1.2983,3585,0.4259184497375858,0.3663194444444444,0.4889431022271189,0.3938771700578682,0.4719371771188203,2661.277,10,2026-09-18T18:12:31.621110+00:00
gemma-2-9b-it,belief_bank_facts,mlp,39,27416,belief_bank_constraints,123,1258,25414,629,629,11520,13894,1.2885,3585,0.4045140791059494,0.32048611111111114,0.4781222947981428,0.35763064852036613,0.44952789873326615,2663.704,10,2026-09-18T18:12:31.621110+00:00
gemma-2-9b-it,belief_bank_facts,mlp,39,27416,belief_bank_constraints,420,1258,25414,629,629,11520,13894,1.3189,3585,0.44890892101357666,0.7089409722222222,0.4735578814826474,0.5497257092854979,0.5088151622702846,2666.177,10,2026-09-18T18:12:31.621110+00:00
gemma-2-9b-it,belief_bank_facts,mlp,39,27416,belief_bank_constraints,511,1258,25414,629,629,11520,13894,1.2889,3585,0.43993729178914365,0.3897569444444444,0.4984654127646179,0.41332965110927,0.5097029105789069,2668.643,10,2026-09-18T18:12:31.621110+00:00
gemma-2-9b-it,belief_bank_facts,mlp,39,27416,belief_bank_constraints,mean,0,0,0,0,0,0,1.2984699999999998,3585.0,0.4395261473352911,0.5183246527777777,0.48974187455733054,0.4525077288093384,0.4947208902124018,2803.023,10,2026-09-18T18:12:31.621110+00:00
gemma-2-9b-it,belief_bank_facts,mlp,39,27416,belief_bank_constraints,std,0,0,0,0,0,0,0.01704887386310308,0.0,0.028596808709058442,0.24845909565880506,0.020588438065229298,0.1147336839048564,0.036314826852463074,2803.023,10,2026-09-18T18:12:31.621110+00:00
gemma-2-9b-it,belief_bank_facts,mlp,39,27416,halu_eval,2,1258,10000,629,629,2473,7527,1.3283,3585,0.24860992301112061,0.9401536595228468,0.2825,0.39323467230443976,0.5144362086487297,2670.521,10,2026-09-18T18:12:31.621110+00:00
gemma-2-9b-it,belief_bank_facts,mlp,39,27416,halu_eval,4,1258,10000,629,629,2473,7527,1.2884,3585,0.254980650709474,0.7193691872219976,0.4108,0.3765079365079365,0.520005430242205,2672.348,10,2026-09-18T18:12:31.621110+00:00
gemma-2-9b-it,belief_bank_facts,mlp,39,27416,halu_eval,24,1258,10000,629,629,2473,7527,1.2677,3585,0.2512719703977798,0.8786898503841488,0.3225,0.39079219494649764,0.5108824299377612,2674.155,10,2026-09-18T18:12:31.621110+00:00
gemma-2-9b-it,belief_bank_facts,mlp,39,27416,halu_eval,42,1258,10000,629,629,2473,7527,1.2779,3585,0.24831249308398806,0.9073999191265669,0.2978,0.3899218071242398,0.5077030951144957,2675.967,10,2026-09-18T18:12:31.621110+00:00
gemma-2-9b-it,belief_bank_facts,mlp,39,27416,halu_eval,64,1258,10000,629,629,2473,7527,1.3178,3585,0.24822621035058431,0.9619894864537,0.2701,0.39462552873849216,0.5105247742444493,2677.809,10,2026-09-18T18:12:31.621110+00:00
gemma-2-9b-it,belief_bank_facts,mlp,39,27416,halu_eval,67,1258,10000,629,629,2473,7527,1.2784,3585,0.24795103226475776,0.9664375252729478,0.2668,0.39464993394980186,0.5173675079727806,2679.621,10,2026-09-18T18:12:31.621110+00:00
gemma-2-9b-it,belief_bank_facts,mlp,39,27416,halu_eval,104,1258,10000,629,629,2473,7527,1.3094,3585,0.2556332556332556,0.3991103922361504,0.564,0.311651405115251,0.5092905330539133,2681.48,10,2026-09-18T18:12:31.621110+00:00
gemma-2-9b-it,belief_bank_facts,mlp,39,27416,halu_eval,123,1258,10000,629,629,2473,7527,1.309,3585,0.24810861229142916,0.9680549939344926,0.2666,0.3949843260188088,0.5110211407150997,2683.337,10,2026-09-18T18:12:31.621110+00:00
gemma-2-9b-it,belief_bank_facts,mlp,39,27416,halu_eval,420,1258,10000,629,629,2473,7527,1.3285,3585,0.2505556205404141,0.8661544682571776,0.3262,0.3886771910724007,0.5142388332049104,2685.219,10,2026-09-18T18:12:31.621110+00:00
gemma-2-9b-it,belief_bank_facts,mlp,39,27416,halu_eval,511,1258,10000,629,629,2473,7527,1.2882,3585,0.24847545219638242,0.9720986655883542,0.266,0.3957853144550543,0.5094332729979058,2687.048,10,2026-09-18T18:12:31.621110+00:00
gemma-2-9b-it,belief_bank_facts,mlp,39,27416,halu_eval,mean,0,0,0,0,0,0,1.2993599999999998,3585.0,0.2502125220479186,0.8579458147998382,0.32733,0.3830830310232923,0.512490322613225,2803.023,10,2026-09-18T18:12:31.621110+00:00
gemma-2-9b-it,belief_bank_facts,mlp,39,27416,halu_eval,std,0,0,0,0,0,0,0.020898095607016443,0.0,0.0027575641930029345,0.16946545471221053,0.08959628396311979,0.024405472513003935,0.003717747824336736,2803.023,10,2026-09-18T18:12:31.621110+00:00
gemma-2-9b-it,belief_bank_facts,mlp,40,27416,belief_bank_facts,2,1258,8225,629,629,270,7955,1.3086,3585,0.35149863760217986,0.9555555555555556,0.9406686930091186,0.5139442231075697,0.9805340223944876,2689.572,10,2026-09-18T18:12:31.621110+00:00
gemma-2-9b-it,belief_bank_facts,mlp,40,27416,belief_bank_facts,4,1258,8225,629,629,270,7955,1.2785,3585,0.3506849315068493,0.9481481481481482,0.9406686930091186,0.512,0.9843811253113579,2691.367,10,2026-09-18T18:12:31.621110+00:00
gemma-2-9b-it,belief_bank_facts,mlp,40,27416,belief_bank_facts,24,1258,8225,629,629,270,7955,1.2787,3585,0.3389830508474576,0.9629629629629629,0.9371428571428572,0.5014464802314368,0.9875428917289382,2693.177,10,2026-09-18T18:12:31.621110+00:00
gemma-2-9b-it,belief_bank_facts,mlp,40,27416,belief_bank_facts,42,1258,8225,629,629,270,7955,1.2982,3585,0.3282636248415716,0.9592592592592593,0.9342249240121581,0.48914069877242683,0.986550736783295,2695.008,10,2026-09-18T18:12:31.621110+00:00
gemma-2-9b-it,belief_bank_facts,mlp,40,27416,belief_bank_facts,64,1258,8225,629,629,270,7955,1.299,3585,0.33984375,0.9666666666666667,0.9372644376899696,0.5028901734104047,0.9810224177666037,2696.833,10,2026-09-18T18:12:31.621110+00:00
gemma-2-9b-it,belief_bank_facts,mlp,40,27416,belief_bank_facts,67,1258,8225,629,629,270,7955,1.2686,3585,0.3213399503722084,0.9592592592592593,0.9321580547112462,0.48141263940520446,0.9835067625765299,2698.637,10,2026-09-18T18:12:31.621110+00:00
gemma-2-9b-it,belief_bank_facts,mlp,40,27416,belief_bank_facts,104,1258,8225,629,629,270,7955,1.278,3585,0.35157318741450067,0.9518518518518518,0.940790273556231,0.5134865134865135,0.9829983471843937,2700.447,10,2026-09-18T18:12:31.621110+00:00
gemma-2-9b-it,belief_bank_facts,mlp,40,27416,belief_bank_facts,123,1258,8225,629,629,270,7955,1.2582,3585,0.3555240793201133,0.9296296296296296,0.942370820668693,0.514344262295082,0.9829732057639035,2702.214,10,2026-09-18T18:12:31.621110+00:00
gemma-2-9b-it,belief_bank_facts,mlp,40,27416,belief_bank_facts,420,1258,8225,629,629,270,7955,1.2988,3585,0.361997226074896,0.9666666666666667,0.9429787234042554,0.5267406659939455,0.9867732849128198,2704.032,10,2026-09-18T18:12:31.621110+00:00
gemma-2-9b-it,belief_bank_facts,mlp,40,27416,belief_bank_facts,511,1258,8225,629,629,270,7955,1.2784,3585,0.2967667436489607,0.9518518518518518,0.9243768996960486,0.4524647887323944,0.9799157296831714,2705.832,10,2026-09-18T18:12:31.621110+00:00
gemma-2-9b-it,belief_bank_facts,mlp,40,27416,belief_bank_facts,mean,0,0,0,0,0,0,1.2845,3585.0,0.33964751816287375,0.9551851851851852,0.9372644376899697,0.5007870445434978,0.9836198524105499,2803.023,10,2026-09-18T18:12:31.621110+00:00
gemma-2-9b-it,belief_bank_facts,mlp,40,27416,belief_bank_facts,std,0,0,0,0,0,0,0.015089201436789157,0.0,0.01860126517886015,0.010403386596435667,0.005438334702450764,0.020416684858813736,0.0025555966507901863,2803.023,10,2026-09-18T18:12:31.621110+00:00
gemma-2-9b-it,belief_bank_facts,mlp,40,27416,belief_bank_constraints,2,1258,25414,629,629,11520,13894,1.319,3585,0.47958223138643596,0.9287326388888889,0.510860155819627,0.6325342162050311,0.5635922980343234,2708.317,10,2026-09-18T18:12:31.621110+00:00
gemma-2-9b-it,belief_bank_facts,mlp,40,27416,belief_bank_constraints,4,1258,25414,629,629,11520,13894,1.2987,3585,0.47103242857742167,0.9746527777777778,0.49236641221374045,0.6351217580677093,0.566273695654999,2710.777,10,2026-09-18T18:12:31.621110+00:00
gemma-2-9b-it,belief_bank_facts,mlp,40,27416,belief_bank_constraints,24,1258,25414,629,629,11520,13894,1.2892,3585,0.4625,0.9892361111111111,0.4739907137798064,0.6303097345132743,0.5722627385622092,2713.224,10,2026-09-18T18:12:31.621110+00:00
gemma-2-9b-it,belief_bank_facts,mlp,40,27416,belief_bank_constraints,42,1258,25414,629,629,11520,13894,1.2786,3585,0.45978719132704277,0.9940104166666667,0.4678917132289289,0.6287439945092657,0.5806578804000129,2715.642,10,2026-09-18T18:12:31.621110+00:00
gemma-2-9b-it,belief_bank_facts,mlp,40,27416,belief_bank_constraints,64,1258,25414,629,629,11520,13894,1.2981,3585,0.46120615911035073,0.9360243055555556,0.4753285590619344,0.6179369627507163,0.5266959571377732,2718.092,10,2026-09-18T18:12:31.621110+00:00
gemma-2-9b-it,belief_bank_facts,mlp,40,27416,belief_bank_constraints,67,1258,25414,629,629,11520,13894,1.2686,3585,0.469041235797268,0.9567708333333333,0.4894546313055796,0.6294868499957166,0.554735173081306,2720.529,10,2026-09-18T18:12:31.621110+00:00
gemma-2-9b-it,belief_bank_facts,mlp,40,27416,belief_bank_constraints,104,1258,25414,629,629,11520,13894,1.2587,3585,0.4683463900063519,0.9600694444444444,0.4878806956795467,0.6295716521986623,0.624218809353158,2722.958,10,2026-09-18T18:12:31.621110+00:00
gemma-2-9b-it,belief_bank_facts,mlp,40,27416,belief_bank_constraints,123,1258,25414,629,629,11520,13894,1.2689,3585,0.4651990122630059,0.96484375,0.48127016605020856,0.6277355773303589,0.5425833324586553,2725.399,10,2026-09-18T18:12:31.621110+00:00
gemma-2-9b-it,belief_bank_facts,mlp,40,27416,belief_bank_constraints,420,1258,25414,629,629,11520,13894,1.3096,3585,0.4676579615977342,0.9746527777777778,0.48559848902179903,0.6320470601480481,0.5517394161448587,2727.861,10,2026-09-18T18:12:31.621110+00:00
gemma-2-9b-it,belief_bank_facts,mlp,40,27416,belief_bank_constraints,511,1258,25414,629,629,11520,13894,1.2779,3585,0.46160927235449184,0.9576388888888889,0.4745022428582671,0.6229424884948757,0.533622098942589,2730.266,10,2026-09-18T18:12:31.621110+00:00
gemma-2-9b-it,belief_bank_facts,mlp,40,27416,belief_bank_constraints,mean,0,0,0,0,0,0,1.28673,3585.0,0.46659618824201027,0.9636631944444444,0.4839143779019438,0.6286430294213659,0.5616381399769885,2803.023,10,2026-09-18T18:12:31.621110+00:00
gemma-2-9b-it,belief_bank_facts,mlp,40,27416,belief_bank_constraints,std,0,0,0,0,0,0,0.018491622427467012,0.0,0.0056347263750103,0.0197449421046322,0.011710147167025432,0.004701113246791181,0.026326518916145025,2803.023,10,2026-09-18T18:12:31.621110+00:00
gemma-2-9b-it,belief_bank_facts,mlp,40,27416,halu_eval,2,1258,10000,629,629,2473,7527,1.3292,3585,0.24903034451289072,0.8827335220380105,0.3127,0.38846872497553164,0.5018453314663787,2732.142,10,2026-09-18T18:12:31.621110+00:00
gemma-2-9b-it,belief_bank_facts,mlp,40,27416,halu_eval,4,1258,10000,629,629,2473,7527,1.2891,3585,0.2510079139913394,0.6797412050141528,0.4192,0.36663031624863684,0.5114995908246958,2733.982,10,2026-09-18T18:12:31.621110+00:00
gemma-2-9b-it,belief_bank_facts,mlp,40,27416,halu_eval,24,1258,10000,629,629,2473,7527,1.298,3585,0.25037537537537535,0.8091386979377274,0.3537,0.3824175824175824,0.5042733072920235,2735.828,10,2026-09-18T18:12:31.621110+00:00
gemma-2-9b-it,belief_bank_facts,mlp,40,27416,halu_eval,42,1258,10000,629,629,2473,7527,1.289,3585,0.24794801641586867,0.8794985847149211,0.3105,0.38683859493108047,0.5055202000658526,2737.663,10,2026-09-18T18:12:31.621110+00:00
gemma-2-9b-it,belief_bank_facts,mlp,40,27416,halu_eval,64,1258,10000,629,629,2473,7527,0.3882,3585,0.2519940516425578,0.753740396279822,0.3858,0.37771023302938195,0.5100406027182047,2738.602,10,2026-09-18T18:12:31.621110+00:00
gemma-2-9b-it,belief_bank_facts,mlp,40,27416,halu_eval,67,1258,10000,629,629,2473,7527,0.369,3585,0.2513654569729336,0.8374443995147594,0.343,0.3866691560866318,0.5072632175603331,2739.513,10,2026-09-18T18:12:31.621110+00:00
gemma-2-9b-it,belief_bank_facts,mlp,40,27416,halu_eval,104,1258,10000,629,629,2473,7527,0.3577,3585,0.24887494886131187,0.7379700768297615,0.3844,0.3722210891291046,0.5114129368805258,2740.408,10,2026-09-18T18:12:31.621110+00:00
gemma-2-9b-it,belief_bank_facts,mlp,40,27416,halu_eval,123,1258,10000,629,629,2473,7527,0.3674,3585,0.25002731941864276,0.9251920744035584,0.2952,0.3936682725395733,0.5150535575634415,2741.307,10,2026-09-18T18:12:31.621110+00:00
gemma-2-9b-it,belief_bank_facts,mlp,40,27416,halu_eval,420,1258,10000,629,629,2473,7527,0.4079,3585,0.25275815048964917,0.8245046502224019,0.3538,0.38690702087286527,0.5094989752754755,2742.24,10,2026-09-18T18:12:31.621110+00:00
gemma-2-9b-it,belief_bank_facts,mlp,40,27416,halu_eval,511,1258,10000,629,629,2473,7527,0.3678,3585,0.25048087198119257,0.947836635665184,0.2857,0.39624714732482463,0.513221871541464,2743.144,10,2026-09-18T18:12:31.621110+00:00
gemma-2-9b-it,belief_bank_facts,mlp,40,27416,halu_eval,mean,0,0,0,0,0,0,0.7463299999999999,3585.0,0.2503862449661762,0.82778002426203,0.3444,0.3837778137555213,0.5089629591188395,2803.023,10,2026-09-18T18:12:31.621110+00:00
gemma-2-9b-it,belief_bank_facts,mlp,40,27416,halu_eval,std,0,0,0,0,0,0,0.4534581900241741,0.0,0.0014057612542641785,0.08093961101500799,0.041359690521085866,0.008769781079134951,0.003956190261435682,2803.023,10,2026-09-18T18:12:31.621110+00:00
gemma-2-9b-it,belief_bank_facts,mlp,41,27416,belief_bank_facts,2,1258,8225,629,629,270,7955,0.4089,3585,0.36988304093567254,0.937037037037037,0.945531914893617,0.5303983228511531,0.9789654771050119,2744.891,10,2026-09-18T18:12:31.621110+00:00
gemma-2-9b-it,belief_bank_facts,mlp,41,27416,belief_bank_facts,4,1258,8225,629,629,270,7955,0.358,3585,0.3469945355191257,0.9407407407407408,0.9399392097264437,0.5069860279441117,0.9832050655306469,2745.781,10,2026-09-18T18:12:31.621110+00:00
gemma-2-9b-it,belief_bank_facts,mlp,41,27416,belief_bank_facts,24,1258,8225,629,629,270,7955,1.2285,3585,0.33550065019505854,0.9555555555555556,0.9364133738601824,0.4966313763233879,0.9835123495588611,2747.539,10,2026-09-18T18:12:31.621110+00:00
gemma-2-9b-it,belief_bank_facts,mlp,41,27416,belief_bank_facts,42,1258,8225,629,629,270,7955,1.2779,3585,0.34630872483221475,0.9555555555555556,0.9393313069908814,0.5083743842364532,0.9861033126149404,2749.343,10,2026-09-18T18:12:31.621110+00:00
gemma-2-9b-it,belief_bank_facts,mlp,41,27416,belief_bank_facts,64,1258,8225,629,629,270,7955,1.2785,3585,0.33551769331585846,0.9481481481481482,0.9366565349544073,0.49564375605033884,0.9794087110366181,2751.149,10,2026-09-18T18:12:31.621110+00:00
gemma-2-9b-it,belief_bank_facts,mlp,41,27416,belief_bank_facts,67,1258,8225,629,629,270,7955,1.2692,3585,0.3193069306930693,0.9555555555555556,0.9316717325227963,0.47866419294990725,0.9802174267290548,2752.938,10,2026-09-18T18:12:31.621110+00:00
gemma-2-9b-it,belief_bank_facts,mlp,41,27416,belief_bank_facts,104,1258,8225,629,629,270,7955,1.2576,3585,0.3452855245683931,0.9629629629629629,0.9388449848024316,0.5083088954056696,0.9823223223223222,2754.706,10,2026-09-18T18:12:31.621110+00:00
gemma-2-9b-it,belief_bank_facts,mlp,41,27416,belief_bank_facts,123,1258,8225,629,629,270,7955,1.2885,3585,0.3542538354253835,0.9407407407407408,0.9417629179331307,0.5146909827760892,0.9828912633563797,2756.508,10,2026-09-18T18:12:31.621110+00:00
gemma-2-9b-it,belief_bank_facts,mlp,41,27416,belief_bank_facts,420,1258,8225,629,629,270,7955,1.2889,3585,0.36300417246175243,0.9666666666666667,0.9432218844984802,0.5278058645096056,0.9864129245524594,2758.326,10,2026-09-18T18:12:31.621110+00:00
gemma-2-9b-it,belief_bank_facts,mlp,41,27416,belief_bank_facts,511,1258,8225,629,629,270,7955,1.2586,3585,0.3103864734299517,0.9518518518518518,0.9289969604863222,0.4681238615664845,0.9823237190679052,2760.116,10,2026-09-18T18:12:31.621110+00:00
gemma-2-9b-it,belief_bank_facts,mlp,41,27416,belief_bank_facts,mean,0,0,0,0,0,0,1.09146,3585.0,0.342644158137648,0.9514814814814816,0.9382370820668694,0.50356276646132,0.98253625718742,2803.023,10,2026-09-18T18:12:31.621110+00:00
gemma-2-9b-it,belief_bank_facts,mlp,41,27416,belief_bank_facts,std,0,0,0,0,0,0,0.35458604371858743,0.0,0.017371251507051724,0.009288841632581075,0.0047881747519793755,0.018643277745640126,0.0023932917744276722,2803.023,10,2026-09-18T18:12:31.621110+00:00
gemma-2-9b-it,belief_bank_facts,mlp,41,27416,belief_bank_constraints,2,1258,25414,629,629,11520,13894,1.2892,3585,0.48775575593903053,0.925,0.5256551507043362,0.6387148979530674,0.6417223086904019,2762.563,10,2026-09-18T18:12:31.621110+00:00
gemma-2-9b-it,belief_bank_facts,mlp,41,27416,belief_bank_constraints,4,1258,25414,629,629,11520,13894,1.2578,3585,0.46955761787839695,0.9794270833333333,0.48913984418037304,0.6347857886297786,0.6213494371571262,2764.976,10,2026-09-18T18:12:31.621110+00:00
gemma-2-9b-it,belief_bank_facts,mlp,41,27416,belief_bank_constraints,24,1258,25414,629,629,11520,13894,1.218,3585,0.4581373096244319,0.9974826388888889,0.46407491933579914,0.6278891863832577,0.6711818582011819,2767.311,10,2026-09-18T18:12:31.621110+00:00
gemma-2-9b-it,belief_bank_facts,mlp,41,27416,belief_bank_constraints,42,1258,25414,629,629,11520,13894,1.2784,3585,0.4565985314546537,0.9986111111111111,0.4606516093491776,0.6266648508783875,0.6922039626917295,2769.737,10,2026-09-18T18:12:31.621110+00:00
gemma-2-9b-it,belief_bank_facts,mlp,41,27416,belief_bank_constraints,64,1258,25414,629,629,11520,13894,1.2881,3585,0.5505817393019128,0.7270833333333333,0.6072637129141418,0.626641229940523,0.639752533567647,2772.184,10,2026-09-18T18:12:31.621110+00:00
gemma-2-9b-it,belief_bank_facts,mlp,41,27416,belief_bank_constraints,67,1258,25414,629,629,11520,13894,1.2585,3585,0.5034262220191869,0.8609375,0.5520185724403872,0.6353415970020179,0.6150761675953249,2774.601,10,2026-09-18T18:12:31.621110+00:00
gemma-2-9b-it,belief_bank_facts,mlp,41,27416,belief_bank_constraints,104,1258,25414,629,629,11520,13894,1.2686,3585,0.4816955684007707,0.9765625,0.513063665696073,0.6451612903225806,0.6685319989743774,2777.02,10,2026-09-18T18:12:31.621110+00:00
gemma-2-9b-it,belief_bank_facts,mlp,41,27416,belief_bank_constraints,123,1258,25414,629,629,11520,13894,1.2988,3585,0.48215211754537596,0.9684895833333333,0.5142047690249468,0.643796884016157,0.6445611921063049,2779.452,10,2026-09-18T18:12:31.621110+00:00
gemma-2-9b-it,belief_bank_facts,mlp,41,27416,belief_bank_constraints,420,1258,25414,629,629,11520,13894,1.2582,3585,0.49959239130434785,0.9575520833333333,0.5459982686708114,0.6566071428571428,0.7078174169405658,2781.828,10,2026-09-18T18:12:31.621110+00:00
gemma-2-9b-it,belief_bank_facts,mlp,41,27416,belief_bank_constraints,511,1258,25414,629,629,11520,13894,1.2586,3585,0.4608298654599814,0.9901041666666667,0.47041001023058154,0.6289322047917069,0.6145913053996129,2784.225,10,2026-09-18T18:12:31.621110+00:00
gemma-2-9b-it,belief_bank_facts,mlp,41,27416,belief_bank_constraints,mean,0,0,0,0,0,0,1.26742,3585.0,0.4850327118928089,0.938125,0.5142480522546627,0.636453507277462,0.6516788181324273,2803.023,10,2026-09-18T18:12:31.621110+00:00
gemma-2-9b-it,belief_bank_facts,mlp,41,27416,belief_bank_constraints,std,0,0,0,0,0,0,0.021876782213113514,0.0,0.02689042837804429,0.0806444148913214,0.04377241837700124,0.009311645270301603,0.030635544414190263,2803.023,10,2026-09-18T18:12:31.621110+00:00
gemma-2-9b-it,belief_bank_facts,mlp,41,27416,halu_eval,2,1258,10000,629,629,2473,7527,1.2888,3585,0.24703136100679995,0.9842296805499393,0.2542,0.39493753042349505,0.5000983385274663,2786.056,10,2026-09-18T18:12:31.621110+00:00
gemma-2-9b-it,belief_bank_facts,mlp,41,27416,halu_eval,4,1258,10000,629,629,2473,7527,1.2585,3585,0.24907387230333405,0.9243833400727861,0.2921,0.39241266844047723,0.5131327463750797,2787.857,10,2026-09-18T18:12:31.621110+00:00
gemma-2-9b-it,belief_bank_facts,mlp,41,27416,halu_eval,24,1258,10000,629,629,2473,7527,1.2379,3585,0.24812108559498955,0.9611807521229276,0.2701,0.39442462457479466,0.5171689237789651,2789.635,10,2026-09-18T18:12:31.621110+00:00
gemma-2-9b-it,belief_bank_facts,mlp,41,27416,halu_eval,42,1258,10000,629,629,2473,7527,1.2793,3585,0.24880332986472425,0.966841892438334,0.2699,0.39576264172804765,0.5070682596165061,2791.446,10,2026-09-18T18:12:31.621110+00:00
gemma-2-9b-it,belief_bank_facts,mlp,41,27416,halu_eval,64,1258,10000,629,629,2473,7527,1.2884,3585,0.24754181449569185,0.9874646178730287,0.2546,0.39585021883611604,0.5130693810141692,2793.259,10,2026-09-18T18:12:31.621110+00:00
gemma-2-9b-it,belief_bank_facts,mlp,41,27416,halu_eval,67,1258,10000,629,629,2473,7527,1.2582,3585,0.24821520951888257,0.9700768297614234,0.266,0.39528752677541606,0.5136139900402223,2795.043,10,2026-09-18T18:12:31.621110+00:00
gemma-2-9b-it,belief_bank_facts,mlp,41,27416,halu_eval,104,1258,10000,629,629,2473,7527,1.259,3585,0.2481689841842692,0.945410432672867,0.2782,0.3931393980158063,0.5128912112647334,2796.841,10,2026-09-18T18:12:31.621110+00:00
gemma-2-9b-it,belief_bank_facts,mlp,41,27416,halu_eval,123,1258,10000,629,629,2473,7527,1.2981,3585,0.24746409561112784,0.9963606955115245,0.2498,0.39646017699115044,0.5088240629998348,2798.679,10,2026-09-18T18:12:31.621110+00:00
gemma-2-9b-it,belief_bank_facts,mlp,41,27416,halu_eval,420,1258,10000,629,629,2473,7527,1.2685,3585,0.249912739965096,0.8685806712494946,0.3228,0.38814600650524034,0.5067455502286391,2800.489,10,2026-09-18T18:12:31.621110+00:00
gemma-2-9b-it,belief_bank_facts,mlp,41,27416,halu_eval,511,1258,10000,629,629,2473,7527,1.2684,3585,0.24748895138609883,0.9963606955115245,0.2499,0.39649207498592004,0.5125401365436228,2802.298,10,2026-09-18T18:12:31.621110+00:00
gemma-2-9b-it,belief_bank_facts,mlp,41,27416,halu_eval,mean,0,0,0,0,0,0,1.2705099999999998,3585.0,0.24818214439310143,0.9600889607763851,0.27076,0.39429128672764635,0.5105152600389239,2803.023,10,2026-09-18T18:12:31.621110+00:00
gemma-2-9b-it,belief_bank_facts,mlp,41,27416,halu_eval,std,0,0,0,0,0,0,0.01730089304053408,0.0,0.0008313507766443559,0.03738201124142577,0.0215698493272438,0.0024122839012610787,0.004630964604875964,2803.023,10,2026-09-18T18:12:31.621110+00:00
