model,train_dataset,layer_type,layer,num_samples,eval_dataset,split_seed,train_size,test_size,train_hall,train_not_hall,test_hall,test_not_hall,fit_time_s,model_params,precision,recall,accuracy,f1,auroc,total_runtime_s,num_splits,created_at_utc
Falcon3-7B-Base,belief_bank_facts,mlp,0,27416,belief_bank_facts,2,10546,8225,5273,5273,2260,5965,55.0477,3073,0.659016393442623,0.8893805309734514,0.843161094224924,0.7570621468926554,0.9141846983510002,83.223,10,2026-09-23T13:49:36.695752+00:00
Falcon3-7B-Base,belief_bank_facts,mlp,0,27416,belief_bank_facts,4,10546,8225,5273,5273,2260,5965,56.7168,3073,0.65234375,0.8867256637168142,0.8390273556231003,0.7516879219804952,0.9089675763487602,140.848,10,2026-09-23T13:49:36.695752+00:00
Falcon3-7B-Base,belief_bank_facts,mlp,0,27416,belief_bank_facts,24,10546,8225,5273,5273,2260,5965,53.3174,3073,0.659906914893617,0.8783185840707964,0.8421884498480243,0.7536066818526955,0.912148817957258,195.084,10,2026-09-23T13:49:36.695752+00:00
Falcon3-7B-Base,belief_bank_facts,mlp,0,27416,belief_bank_facts,42,10546,8225,5273,5273,2260,5965,52.2654,3073,0.6533903884134299,0.8783185840707964,0.8385410334346505,0.7493393733484334,0.9104192598417018,248.28,10,2026-09-23T13:49:36.695752+00:00
Falcon3-7B-Base,belief_bank_facts,mlp,0,27416,belief_bank_facts,64,10546,8225,5273,5273,2260,5965,52.6643,3073,0.6629434954007885,0.8929203539823009,0.8458358662613982,0.7609351432880844,0.9107067777373916,301.879,10,2026-09-23T13:49:36.695752+00:00
Falcon3-7B-Base,belief_bank_facts,mlp,0,27416,belief_bank_facts,67,10546,8225,5273,5273,2260,5965,53.9281,3073,0.6620507748104187,0.8884955752212389,0.844741641337386,0.7587379557906669,0.9092476021630602,356.745,10,2026-09-23T13:49:36.695752+00:00
Falcon3-7B-Base,belief_bank_facts,mlp,0,27416,belief_bank_facts,104,10546,8225,5273,5273,2260,5965,54.1762,3073,0.6591211717709721,0.8761061946902655,0.8414589665653496,0.7522796352583586,0.9027355740343747,411.855,10,2026-09-23T13:49:36.695752+00:00
Falcon3-7B-Base,belief_bank_facts,mlp,0,27416,belief_bank_facts,123,10546,8225,5273,5273,2260,5965,49.0969,3073,0.6514616125923547,0.8973451327433628,0.8398784194528875,0.7548855388051368,0.9125749022691363,461.876,10,2026-09-23T13:49:36.695752+00:00
Falcon3-7B-Base,belief_bank_facts,mlp,0,27416,belief_bank_facts,420,10546,8225,5273,5273,2260,5965,46.9713,3073,0.6635792259345021,0.8876106194690265,0.8454711246200608,0.7594169979178497,0.9093905451416447,509.765,10,2026-09-23T13:49:36.695752+00:00
Falcon3-7B-Base,belief_bank_facts,mlp,0,27416,belief_bank_facts,511,10546,8225,5273,5273,2260,5965,51.1287,3073,0.6548788474132285,0.8849557522123894,0.8402431610942249,0.7527286413248024,0.910066983658361,561.829,10,2026-09-23T13:49:36.695752+00:00
Falcon3-7B-Base,belief_bank_facts,mlp,0,27416,belief_bank_facts,mean,0,0,0,0,0,0,52.53128,3073.0,0.6578692574671934,0.8860176991150442,0.8420547112462005,0.7550680036459179,0.9100442737502688,36664.771,10,2026-09-23T13:49:36.695752+00:00
Falcon3-7B-Base,belief_bank_facts,mlp,0,27416,belief_bank_facts,std,0,0,0,0,0,0,2.7182671060070605,0.0,0.004283269100317539,0.006437102688112676,0.002536025664180336,0.003611658359771607,0.0029016333379459267,36664.771,10,2026-09-23T13:49:36.695752+00:00
Falcon3-7B-Base,belief_bank_facts,mlp,0,27416,belief_bank_constraints,2,10546,25610,5273,5273,12021,13589,51.4021,3073,0.4271641791044776,0.119041677065136,0.5115579851620461,0.18619478238240844,0.5019375113102198,614.76,10,2026-09-23T13:49:36.695752+00:00
Falcon3-7B-Base,belief_bank_facts,mlp,0,27416,belief_bank_constraints,4,10546,25610,5273,5273,12021,13589,54.5887,3073,0.43478260869565216,0.11812661176274852,0.5139789144865287,0.18577876627199583,0.5083490350296969,670.889,10,2026-09-23T13:49:36.695752+00:00
Falcon3-7B-Base,belief_bank_facts,mlp,0,27416,belief_bank_constraints,24,10546,25610,5273,5273,12021,13589,48.9741,3073,0.41995030173943915,0.09841111388403627,0.5130027333073018,0.15945545221727997,0.4961279249771703,721.41,10,2026-09-23T13:49:36.695752+00:00
Falcon3-7B-Base,belief_bank_facts,mlp,0,27416,belief_bank_constraints,42,10546,25610,5273,5273,12021,13589,49.895,3073,0.46577413085726627,0.17943598702271027,0.5182350644279579,0.25906797982224355,0.5080996370512566,772.871,10,2026-09-23T13:49:36.695752+00:00
Falcon3-7B-Base,belief_bank_facts,mlp,0,27416,belief_bank_constraints,64,10546,25610,5273,5273,12021,13589,47.8541,3073,0.43359567142154454,0.14666001164628567,0.5095275283092542,0.21918319139678,0.5040179489655949,822.252,10,2026-09-23T13:49:36.695752+00:00
Falcon3-7B-Base,belief_bank_facts,mlp,0,27416,belief_bank_constraints,67,10546,25610,5273,5273,12021,13589,51.0299,3073,0.4555457746478873,0.17219865235837284,0.5148379539242484,0.24992453969212194,0.5089734482305045,874.844,10,2026-09-23T13:49:36.695752+00:00
Falcon3-7B-Base,belief_bank_facts,mlp,0,27416,belief_bank_constraints,104,10546,25610,5273,5273,12021,13589,50.9372,3073,0.4362530413625304,0.14915564428916064,0.5101522842639594,0.2223048788047858,0.49680137910103345,927.353,10,2026-09-23T13:49:36.695752+00:00
Falcon3-7B-Base,belief_bank_facts,mlp,0,27416,belief_bank_constraints,123,10546,25610,5273,5273,12021,13589,48.7177,3073,0.4549568965517241,0.1756093503036353,0.5142912924638813,0.2534061580937519,0.5089192865070324,977.64,10,2026-09-23T13:49:36.695752+00:00
Falcon3-7B-Base,belief_bank_facts,mlp,0,27416,belief_bank_constraints,420,10546,25610,5273,5273,12021,13589,48.7934,3073,0.4190751445086705,0.1206222444056235,0.5087465833658728,0.1873264001033525,0.5079803435214121,1027.987,10,2026-09-23T13:49:36.695752+00:00
Falcon3-7B-Base,belief_bank_facts,mlp,0,27416,belief_bank_constraints,511,10546,25610,5273,5273,12021,13589,51.2008,3073,0.47263824884792627,0.1365111055652608,0.5231940648184303,0.2118376040792616,0.5144886298610714,1080.804,10,2026-09-23T13:49:36.695752+00:00
Falcon3-7B-Base,belief_bank_facts,mlp,0,27416,belief_bank_constraints,mean,0,0,0,0,0,0,50.33930000000001,3073.0,0.44197359977371187,0.14157723983029696,0.5137524404529481,0.21344797528639817,0.5055695144554992,36664.771,10,2026-09-23T13:49:36.695752+00:00
Falcon3-7B-Base,belief_bank_facts,mlp,0,27416,belief_bank_constraints,std,0,0,0,0,0,0,1.8444599523979912,0.0,0.018007955419284738,0.026454267133473198,0.0041473544223446426,0.03198149866017926,0.005512896889159773,36664.771,10,2026-09-23T13:49:36.695752+00:00
Falcon3-7B-Base,belief_bank_facts,mlp,0,27416,halu_eval,2,10546,10000,5273,5273,3259,6741,51.2684,3073,0.31798245614035087,0.3114452285977294,0.5579,0.3146798945899861,0.49952569354914544,1133.055,10,2026-09-23T13:49:36.695752+00:00
Falcon3-7B-Base,belief_bank_facts,mlp,0,27416,halu_eval,4,10546,10000,5273,5273,3259,6741,55.4054,3073,0.3305351521511018,0.5799324946302546,0.4803,0.42107608332405033,0.5021726148655744,1189.439,10,2026-09-23T13:49:36.695752+00:00
Falcon3-7B-Base,belief_bank_facts,mlp,0,27416,halu_eval,24,10546,10000,5273,5273,3259,6741,50.2391,3073,0.32689103632122624,0.6020251610923596,0.4663,0.423712342079689,0.5015712425358754,1240.643,10,2026-09-23T13:49:36.695752+00:00
Falcon3-7B-Base,belief_bank_facts,mlp,0,27416,halu_eval,42,10546,10000,5273,5273,3259,6741,50.8441,3073,0.32971308153671586,0.6241178275544645,0.464,0.43148069579974546,0.502999851745095,1292.429,10,2026-09-23T13:49:36.695752+00:00
Falcon3-7B-Base,belief_bank_facts,mlp,0,27416,halu_eval,64,10546,10000,5273,5273,3259,6741,47.6818,3073,0.3217179902755267,0.24363301626265726,0.5861,0.27728304522437575,0.4945354616674585,1341.064,10,2026-09-23T13:49:36.695752+00:00
Falcon3-7B-Base,belief_bank_facts,mlp,0,27416,halu_eval,67,10546,10000,5273,5273,3259,6741,51.9226,3073,0.3213367609254499,0.2684872660325253,0.5768,0.29254429956536276,0.49714298641640037,1393.961,10,2026-09-23T13:49:36.695752+00:00
Falcon3-7B-Base,belief_bank_facts,mlp,0,27416,halu_eval,104,10546,10000,5273,5273,3259,6741,50.0348,3073,0.3166058394160584,0.2129487572875115,0.5937,0.25463217758209505,0.4994703198641682,1444.95,10,2026-09-23T13:49:36.695752+00:00
Falcon3-7B-Base,belief_bank_facts,mlp,0,27416,halu_eval,123,10546,10000,5273,5273,3259,6741,49.3329,3073,0.3235457063711911,0.3583921448297024,0.5467,0.3400786140631824,0.500850610810664,1495.241,10,2026-09-23T13:49:36.695752+00:00
Falcon3-7B-Base,belief_bank_facts,mlp,0,27416,halu_eval,420,10546,10000,5273,5273,3259,6741,47.8325,3073,0.32500960430272763,0.25958883092973306,0.583,0.28863868986693964,0.5047044190021366,1544.049,10,2026-09-23T13:49:36.695752+00:00
Falcon3-7B-Base,belief_bank_facts,mlp,0,27416,halu_eval,511,10546,10000,5273,5273,3259,6741,50.1364,3073,0.32800885655543255,0.6363915311445228,0.4566,0.4328950114798581,0.5033299317094301,1595.145,10,2026-09-23T13:49:36.695752+00:00
Falcon3-7B-Base,belief_bank_facts,mlp,0,27416,halu_eval,mean,0,0,0,0,0,0,50.4698,3073.0,0.32413464839957806,0.40969622583614607,0.5311400000000001,0.34770208535752845,0.5006303132165948,36664.771,10,2026-09-23T13:49:36.695752+00:00
Falcon3-7B-Base,belief_bank_facts,mlp,0,27416,halu_eval,std,0,0,0,0,0,0,2.088613836974178,0.0,0.004516699828467557,0.1686363883498606,0.05433211205171393,0.06836540813753067,0.002910120220742148,36664.771,10,2026-09-23T13:49:36.695752+00:00
Falcon3-7B-Base,belief_bank_facts,mlp,1,27416,belief_bank_facts,2,10546,8225,5273,5273,2260,5965,53.921,3073,0.7208086441268735,0.9150442477876106,0.8792705167173253,0.8063950087736401,0.9365982612436856,1650.768,10,2026-09-23T13:49:36.695752+00:00
Falcon3-7B-Base,belief_bank_facts,mlp,1,27416,belief_bank_facts,4,10546,8225,5273,5273,2260,5965,50.484,3073,0.7255109231853418,0.9110619469026549,0.8808510638297873,0.8077677520596312,0.9354347261681343,1702.206,10,2026-09-23T13:49:36.695752+00:00
Falcon3-7B-Base,belief_bank_facts,mlp,1,27416,belief_bank_facts,24,10546,8225,5273,5273,2260,5965,46.8334,3073,0.7263120817189151,0.9123893805309734,0.8814589665653495,0.8087860364777407,0.9382652864422998,1749.991,10,2026-09-23T13:49:36.695752+00:00
Falcon3-7B-Base,belief_bank_facts,mlp,1,27416,belief_bank_facts,42,10546,8225,5273,5273,2260,5965,48.8467,3073,0.7277280858676207,0.9,0.88,0.8047477744807122,0.9316166576415521,1799.77,10,2026-09-23T13:49:36.695752+00:00
Falcon3-7B-Base,belief_bank_facts,mlp,1,27416,belief_bank_facts,64,10546,8225,5273,5273,2260,5965,46.4466,3073,0.7235459004905396,0.9137168141592921,0.8803647416413374,0.8075870160344153,0.9350740677551201,1847.139,10,2026-09-23T13:49:36.695752+00:00
Falcon3-7B-Base,belief_bank_facts,mlp,1,27416,belief_bank_facts,67,10546,8225,5273,5273,2260,5965,49.0806,3073,0.7279516358463727,0.9057522123893805,0.8810942249240121,0.8071766561514195,0.9367354924374486,1897.164,10,2026-09-23T13:49:36.695752+00:00
Falcon3-7B-Base,belief_bank_facts,mlp,1,27416,belief_bank_facts,104,10546,8225,5273,5273,2260,5965,48.2747,3073,0.7263982899893124,0.9022123893805309,0.879756838905775,0.804815472666272,0.9323804048691112,1946.353,10,2026-09-23T13:49:36.695752+00:00
Falcon3-7B-Base,belief_bank_facts,mlp,1,27416,belief_bank_facts,123,10546,8225,5273,5273,2260,5965,47.6399,3073,0.7363733523334521,0.9146017699115044,0.886565349544073,0.8158673771462404,0.9362674598876928,1994.918,10,2026-09-23T13:49:36.695752+00:00
Falcon3-7B-Base,belief_bank_facts,mlp,1,27416,belief_bank_facts,420,10546,8225,5273,5273,2260,5965,46.3795,3073,0.7284390591589451,0.904424778761062,0.8810942249240121,0.8069482826687722,0.9328538895771054,2042.234,10,2026-09-23T13:49:36.695752+00:00
Falcon3-7B-Base,belief_bank_facts,mlp,1,27416,belief_bank_facts,511,10546,8225,5273,5273,2260,5965,47.0717,3073,0.7340272792534099,0.9048672566371682,0.8837689969604863,0.810543004359889,0.9341478313762434,2090.23,10,2026-09-23T13:49:36.695752+00:00
Falcon3-7B-Base,belief_bank_facts,mlp,1,27416,belief_bank_facts,mean,0,0,0,0,0,0,48.49781,3073.0,0.7277095251970783,0.9084070796460176,0.8814224924012157,0.8080634380818733,0.9349374077398392,36664.771,10,2026-09-23T13:49:36.695752+00:00
Falcon3-7B-Base,belief_bank_facts,mlp,1,27416,belief_bank_facts,std,0,0,0,0,0,0,2.193213319515455,0.0,0.004347770301252586,0.005272732428235831,0.0020747569857951466,0.0030698987781573005,0.0020403794636976473,36664.771,10,2026-09-23T13:49:36.695752+00:00
Falcon3-7B-Base,belief_bank_facts,mlp,1,27416,belief_bank_constraints,2,10546,25610,5273,5273,12021,13589,50.7995,3073,0.4557834027555271,0.23666916229930954,0.5090589613432253,0.311558889558123,0.5109671169377596,2142.588,10,2026-09-23T13:49:36.695752+00:00
Falcon3-7B-Base,belief_bank_facts,mlp,1,27416,belief_bank_constraints,4,10546,25610,5273,5273,12021,13589,49.6904,3073,0.45650999459751485,0.21088095832293485,0.5117532213978915,0.2884943666780471,0.5137106354996572,2193.841,10,2026-09-23T13:49:36.695752+00:00
Falcon3-7B-Base,belief_bank_facts,mlp,1,27416,belief_bank_constraints,24,10546,25610,5273,5273,12021,13589,51.0312,3073,0.447041085563513,0.19732135429664754,0.5086684888715346,0.273792347203786,0.5101410641858265,2246.459,10,2026-09-23T13:49:36.695752+00:00
Falcon3-7B-Base,belief_bank_facts,mlp,1,27416,belief_bank_constraints,42,10546,25610,5273,5273,12021,13589,47.3729,3073,0.4344108089618608,0.21129689709674737,0.5006638032018743,0.28430714125811507,0.5000290321529886,2295.393,10,2026-09-23T13:49:36.695752+00:00
Falcon3-7B-Base,belief_bank_facts,mlp,1,27416,belief_bank_constraints,64,10546,25610,5273,5273,12021,13589,46.9267,3073,0.43458030895216826,0.19424340737043508,0.503162827020695,0.26848338507531333,0.5014824273382448,2343.879,10,2026-09-23T13:49:36.695752+00:00
Falcon3-7B-Base,belief_bank_facts,mlp,1,27416,belief_bank_constraints,67,10546,25610,5273,5273,12021,13589,49.4032,3073,0.464156527458073,0.23483903169453457,0.513588442014838,0.3118820085068773,0.5097474971575272,2394.823,10,2026-09-23T13:49:36.695752+00:00
Falcon3-7B-Base,belief_bank_facts,mlp,1,27416,belief_bank_constraints,104,10546,25610,5273,5273,12021,13589,47.3691,3073,0.4251982075146501,0.20522419099908493,0.49672003123779773,0.2768333052796948,0.4954519946264469,2443.715,10,2026-09-23T13:49:36.695752+00:00
Falcon3-7B-Base,belief_bank_facts,mlp,1,27416,belief_bank_constraints,123,10546,25610,5273,5273,12021,13589,50.2268,3073,0.4522476403775396,0.23517178271358455,0.5073018352206169,0.3094352014010508,0.5091232890336042,2495.46,10,2026-09-23T13:49:36.695752+00:00
Falcon3-7B-Base,belief_bank_facts,mlp,1,27416,belief_bank_constraints,420,10546,25610,5273,5273,12021,13589,48.8142,3073,0.4333203732503888,0.18542550536561017,0.5038266302225693,0.25971453539178563,0.5007924262645602,2545.788,10,2026-09-23T13:49:36.695752+00:00
Falcon3-7B-Base,belief_bank_facts,mlp,1,27416,belief_bank_constraints,511,10546,25610,5273,5273,12021,13589,48.9162,3073,0.4535922997593675,0.21953248481823476,0.5095275283092542,0.29586860250014013,0.5088539037110401,2596.241,10,2026-09-23T13:49:36.695752+00:00
Falcon3-7B-Base,belief_bank_facts,mlp,1,27416,belief_bank_constraints,mean,0,0,0,0,0,0,49.05502,3073.0,0.4456840649190602,0.21306047749771237,0.5064271768840297,0.2880369782852933,0.5060299386907656,36664.771,10,2026-09-23T13:49:36.695752+00:00
Falcon3-7B-Base,belief_bank_facts,mlp,1,27416,belief_bank_constraints,std,0,0,0,0,0,0,1.382944992253849,0.0,0.012209841842677005,0.017312521006136377,0.0049683137907546105,0.017799271157220388,0.005724064962077784,36664.771,10,2026-09-23T13:49:36.695752+00:00
Falcon3-7B-Base,belief_bank_facts,mlp,1,27416,halu_eval,2,10546,10000,5273,5273,3259,6741,50.2795,3073,0.33508036338225017,0.29426204357164776,0.5797,0.3133474922398301,0.5077333117756044,2647.454,10,2026-09-23T13:49:36.695752+00:00
Falcon3-7B-Base,belief_bank_facts,mlp,1,27416,halu_eval,4,10546,10000,5273,5273,3259,6741,49.7158,3073,0.3315987798313296,0.5670451058606935,0.4864,0.41847826086956524,0.5116241495541952,2698.121,10,2026-09-23T13:49:36.695752+00:00
Falcon3-7B-Base,belief_bank_facts,mlp,1,27416,halu_eval,24,10546,10000,5273,5273,3259,6741,46.1212,3073,0.3276006711409396,0.2396440625958883,0.5919,0.27680311890838205,0.4964582690664024,2745.185,10,2026-09-23T13:49:36.695752+00:00
Falcon3-7B-Base,belief_bank_facts,mlp,1,27416,halu_eval,42,10546,10000,5273,5273,3259,6741,48.0415,3073,0.33003614228647515,0.5323718932187788,0.4954,0.40746829497416626,0.5066020317158073,2794.155,10,2026-09-23T13:49:36.695752+00:00
Falcon3-7B-Base,belief_bank_facts,mlp,1,27416,halu_eval,64,10546,10000,5273,5273,3259,6741,48.6785,3073,0.3333333333333333,0.22276772015955815,0.6015,0.26705903991171603,0.5023009097534568,2843.768,10,2026-09-23T13:49:36.695752+00:00
Falcon3-7B-Base,belief_bank_facts,mlp,1,27416,halu_eval,67,10546,10000,5273,5273,3259,6741,48.6584,3073,0.33204633204633205,0.5541577170911323,0.4914,0.4152678776730283,0.509476069350522,2893.34,10,2026-09-23T13:49:36.695752+00:00
Falcon3-7B-Base,belief_bank_facts,mlp,1,27416,halu_eval,104,10546,10000,5273,5273,3259,6741,48.6006,3073,0.31841952353282976,0.16814973918379872,0.6116,0.22008032128514057,0.507955898967992,2942.876,10,2026-09-23T13:49:36.695752+00:00
Falcon3-7B-Base,belief_bank_facts,mlp,1,27416,halu_eval,123,10546,10000,5273,5273,3259,6741,48.0724,3073,0.3316712834718375,0.5510892911936177,0.4918,0.41411113673045885,0.5079134071184841,2991.886,10,2026-09-23T13:49:36.695752+00:00
Falcon3-7B-Base,belief_bank_facts,mlp,1,27416,halu_eval,420,10546,10000,5273,5273,3259,6741,49.132,3073,0.33278508771929827,0.5587603559374041,0.4911,0.417134348871836,0.5112904736004535,3041.986,10,2026-09-23T13:49:36.695752+00:00
Falcon3-7B-Base,belief_bank_facts,mlp,1,27416,halu_eval,511,10546,10000,5273,5273,3259,6741,44.368,3073,0.329490022172949,0.2279840441853329,0.5972,0.26949582879941963,0.5070111324093824,3087.285,10,2026-09-23T13:49:36.695752+00:00
Falcon3-7B-Base,belief_bank_facts,mlp,1,27416,halu_eval,mean,0,0,0,0,0,0,48.166790000000006,3073.0,0.33020615389175745,0.3916231972997852,0.5438000000000001,0.34192457202635435,0.50683656533123,36664.771,10,2026-09-23T13:49:36.695752+00:00
Falcon3-7B-Base,belief_bank_facts,mlp,1,27416,halu_eval,std,0,0,0,0,0,0,1.6470025946852656,0.0,0.004403581276709289,0.16375956739814368,0.053145536030790023,0.07560247572779724,0.004258034497317064,36664.771,10,2026-09-23T13:49:36.695752+00:00
Falcon3-7B-Base,belief_bank_facts,mlp,2,27416,belief_bank_facts,2,10546,8225,5273,5273,2260,5965,46.7837,3073,0.7145847871598046,0.9061946902654867,0.8747720364741641,0.7990635973468592,0.9332767100119428,3135.723,10,2026-09-23T13:49:36.695752+00:00
Falcon3-7B-Base,belief_bank_facts,mlp,2,27416,belief_bank_facts,4,10546,8225,5273,5273,2260,5965,49.6138,3073,0.7277896233120114,0.9061946902654867,0.8810942249240121,0.8072526606227828,0.938165923640113,3186.26,10,2026-09-23T13:49:36.695752+00:00
Falcon3-7B-Base,belief_bank_facts,mlp,2,27416,belief_bank_facts,24,10546,8225,5273,5273,2260,5965,46.3306,3073,0.723712067748765,0.9075221238938053,0.8793920972644377,0.8052610914801728,0.9366593847591778,3233.524,10,2026-09-23T13:49:36.695752+00:00
Falcon3-7B-Base,belief_bank_facts,mlp,2,27416,belief_bank_facts,42,10546,8225,5273,5273,2260,5965,44.5808,3073,0.7219061166429588,0.8982300884955752,0.8769604863221885,0.8004731861198738,0.933860536017625,3279.031,10,2026-09-23T13:49:36.695752+00:00
Falcon3-7B-Base,belief_bank_facts,mlp,2,27416,belief_bank_facts,64,10546,8225,5273,5273,2260,5965,42.6873,3073,0.7231638418079096,0.9061946902654867,0.8789057750759879,0.8043990573448547,0.9332166250027818,3322.656,10,2026-09-23T13:49:36.695752+00:00
Falcon3-7B-Base,belief_bank_facts,mlp,2,27416,belief_bank_facts,67,10546,8225,5273,5273,2260,5965,47.6811,3073,0.7290622763063708,0.9013274336283186,0.8808510638297873,0.8060941828254847,0.9382154010488913,3371.26,10,2026-09-23T13:49:36.695752+00:00
Falcon3-7B-Base,belief_bank_facts,mlp,2,27416,belief_bank_facts,104,10546,8225,5273,5273,2260,5965,43.6002,3073,0.7191444600280504,0.9075221238938053,0.8772036474164133,0.8024256651017214,0.9311009650690978,3415.778,10,2026-09-23T13:49:36.695752+00:00
Falcon3-7B-Base,belief_bank_facts,mlp,2,27416,belief_bank_facts,123,10546,8225,5273,5273,2260,5965,46.0501,3073,0.7306600425833925,0.9110619469026549,0.8832826747720365,0.81094919259551,0.9359245302613326,3462.759,10,2026-09-23T13:49:36.695752+00:00
Falcon3-7B-Base,belief_bank_facts,mlp,2,27416,belief_bank_facts,420,10546,8225,5273,5273,2260,5965,47.1285,3073,0.7194219245682059,0.9030973451327433,0.8765957446808511,0.8008632528938592,0.9355732925843229,3510.805,10,2026-09-23T13:49:36.695752+00:00
Falcon3-7B-Base,belief_bank_facts,mlp,2,27416,belief_bank_facts,511,10546,8225,5273,5273,2260,5965,49.2221,3073,0.7381635581061693,0.9106194690265487,0.8866869300911854,0.8153724247226625,0.9380704923261799,3560.944,10,2026-09-23T13:49:36.695752+00:00
Falcon3-7B-Base,belief_bank_facts,mlp,2,27416,belief_bank_facts,mean,0,0,0,0,0,0,46.36782,3073.0,0.7247608698263638,0.905796460176991,0.8795744680851063,0.8052154311053782,0.9354063860721464,36664.771,10,2026-09-23T13:49:36.695752+00:00
Falcon3-7B-Base,belief_bank_facts,mlp,2,27416,belief_bank_facts,std,0,0,0,0,0,0,2.136850832791095,0.0,0.006461492797200058,0.00376730351437758,0.0033637406769715314,0.0047821521878869564,0.002339365038264411,36664.771,10,2026-09-23T13:49:36.695752+00:00
Falcon3-7B-Base,belief_bank_facts,mlp,2,27416,belief_bank_constraints,2,10546,25610,5273,5273,12021,13589,43.9822,3073,0.4210373804694291,0.24174361533982197,0.4880515423662632,0.3071394599165037,0.4628540106815917,3606.466,10,2026-09-23T13:49:36.695752+00:00
Falcon3-7B-Base,belief_bank_facts,mlp,2,27416,belief_bank_constraints,4,10546,25610,5273,5273,12021,13589,47.188,3073,0.4072296865003199,0.21179602362532235,0.48531823506442795,0.2786625075247633,0.4657784468467253,3655.183,10,2026-09-23T13:49:36.695752+00:00
Falcon3-7B-Base,belief_bank_facts,mlp,2,27416,belief_bank_constraints,24,10546,25610,5273,5273,12021,13589,47.3083,3073,0.3914031433440636,0.17194908909408535,0.48582584927762595,0.23893191538550457,0.4550154456869512,3704.01,10,2026-09-23T13:49:36.695752+00:00
Falcon3-7B-Base,belief_bank_facts,mlp,2,27416,belief_bank_constraints,42,10546,25610,5273,5273,12021,13589,44.9418,3073,0.41832196857396975,0.23475584393977206,0.48758297540023426,0.30074066179996806,0.4748758074282508,3750.47,10,2026-09-23T13:49:36.695752+00:00
Falcon3-7B-Base,belief_bank_facts,mlp,2,27416,belief_bank_constraints,64,10546,25610,5273,5273,12021,13589,46.1494,3073,0.4032605352199323,0.21811829298727228,0.48149160484185866,0.2831074879879069,0.45620057275953707,3798.126,10,2026-09-23T13:49:36.695752+00:00
Falcon3-7B-Base,belief_bank_facts,mlp,2,27416,belief_bank_constraints,67,10546,25610,5273,5273,12021,13589,48.3603,3073,0.4054912215166231,0.18060061558938525,0.491097227645451,0.24989928057553956,0.4578767151107854,3847.991,10,2026-09-23T13:49:36.695752+00:00
Falcon3-7B-Base,belief_bank_facts,mlp,2,27416,belief_bank_constraints,104,10546,25610,5273,5273,12021,13589,45.3713,3073,0.41305774278215224,0.20946676649197238,0.4892229597813354,0.27797096649555664,0.46455858219857105,3894.912,10,2026-09-23T13:49:36.695752+00:00
Falcon3-7B-Base,belief_bank_facts,mlp,2,27416,belief_bank_constraints,123,10546,25610,5273,5273,12021,13589,44.0845,3073,0.40554026152787337,0.19607353797521004,0.4877391643889106,0.26434138955868336,0.46342511613580495,3940.525,10,2026-09-23T13:49:36.695752+00:00
Falcon3-7B-Base,belief_bank_facts,mlp,2,27416,belief_bank_constraints,420,10546,25610,5273,5273,12021,13589,46.7778,3073,0.39459563050977386,0.17128358705598537,0.4876610698945724,0.23887696502117292,0.46219068490714754,3988.851,10,2026-09-23T13:49:36.695752+00:00
Falcon3-7B-Base,belief_bank_facts,mlp,2,27416,belief_bank_constraints,511,10546,25610,5273,5273,12021,13589,48.1118,3073,0.40511324639670554,0.19640628899426005,0.487426786411558,0.2645526360020169,0.45670507107814834,4038.529,10,2026-09-23T13:49:36.695752+00:00
Falcon3-7B-Base,belief_bank_facts,mlp,2,27416,belief_bank_constraints,mean,0,0,0,0,0,0,46.227540000000005,3073.0,0.40650508168408434,0.20321936610930874,0.4871417415072237,0.2704223270267616,0.4619480452833513,36664.771,10,2026-09-23T13:49:36.695752+00:00
Falcon3-7B-Base,belief_bank_facts,mlp,2,27416,belief_bank_constraints,std,0,0,0,0,0,0,1.5006320309789487,0.0,0.008823919706445802,0.023280994960398316,0.00242256938312914,0.02243329559025598,0.005628802574766754,36664.771,10,2026-09-23T13:49:36.695752+00:00
Falcon3-7B-Base,belief_bank_facts,mlp,2,27416,halu_eval,2,10546,10000,5273,5273,3259,6741,46.2426,3073,0.3070631970260223,0.12672598956735195,0.6222,0.17940920938314509,0.49698476288250687,4085.727,10,2026-09-23T13:49:36.695752+00:00
Falcon3-7B-Base,belief_bank_facts,mlp,2,27416,halu_eval,4,10546,10000,5273,5273,3259,6741,46.4782,3073,0.31353919239904987,0.16201288738876957,0.6113,0.21363544406231033,0.49334828445587153,4133.145,10,2026-09-23T13:49:36.695752+00:00
Falcon3-7B-Base,belief_bank_facts,mlp,2,27416,halu_eval,24,10546,10000,5273,5273,3259,6741,46.5631,3073,0.3268321513002364,0.509051856397668,0.4983,0.3980803839232154,0.49895229255476803,4180.657,10,2026-09-23T13:49:36.695752+00:00
Falcon3-7B-Base,belief_bank_facts,mlp,2,27416,halu_eval,42,10546,10000,5273,5273,3259,6741,47.505,3073,0.317545748116254,0.18103712795335994,0.6063,0.23060386945475864,0.4946710850907139,4229.104,10,2026-09-23T13:49:36.695752+00:00
Falcon3-7B-Base,belief_bank_facts,mlp,2,27416,halu_eval,64,10546,10000,5273,5273,3259,6741,42.809,3073,0.3223384285331188,0.3688247928812519,0.5416,0.3440183171150544,0.495965231607436,4272.859,10,2026-09-23T13:49:36.695752+00:00
Falcon3-7B-Base,belief_bank_facts,mlp,2,27416,halu_eval,67,10546,10000,5273,5273,3259,6741,48.1156,3073,0.3158803222094361,0.16845658177355016,0.6101,0.21973183910346208,0.4941570861998262,4321.901,10,2026-09-23T13:49:36.695752+00:00
Falcon3-7B-Base,belief_bank_facts,mlp,2,27416,halu_eval,104,10546,10000,5273,5273,3259,6741,45.7476,3073,0.30853658536585366,0.1552623504142375,0.6113,0.20657276995305165,0.49110946241824643,4368.587,10,2026-09-23T13:49:36.695752+00:00
Falcon3-7B-Base,belief_bank_facts,mlp,2,27416,halu_eval,123,10546,10000,5273,5273,3259,6741,46.2471,3073,0.30034924330616997,0.15833077631175208,0.6055,0.20735382760699217,0.49280513073947785,4415.747,10,2026-09-23T13:49:36.695752+00:00
Falcon3-7B-Base,belief_bank_facts,mlp,2,27416,halu_eval,420,10546,10000,5273,5273,3259,6741,45.5976,3073,0.32617147534274604,0.48910708806382325,0.5042,0.3913577215811441,0.5000953847569832,4462.262,10,2026-09-23T13:49:36.695752+00:00
Falcon3-7B-Base,belief_bank_facts,mlp,2,27416,halu_eval,511,10546,10000,5273,5273,3259,6741,48.0963,3073,0.3143989431968296,0.14605707272169377,0.6179,0.1994552692227111,0.49622480286808834,4511.255,10,2026-09-23T13:49:36.695752+00:00
Falcon3-7B-Base,belief_bank_facts,mlp,2,27416,halu_eval,mean,0,0,0,0,0,0,46.34021,3073.0,0.3152655286795717,0.24648665234734582,0.58287,0.2590218651405845,0.49543135235739183,36664.771,10,2026-09-23T13:49:36.695752+00:00
Falcon3-7B-Base,belief_bank_facts,mlp,2,27416,halu_eval,std,0,0,0,0,0,0,1.4509175079583272,0.0,0.008044335988371709,0.14170461549082874,0.04608394622859461,0.07987021424271705,0.002638078812241145,36664.771,10,2026-09-23T13:49:36.695752+00:00
Falcon3-7B-Base,belief_bank_facts,mlp,3,27416,belief_bank_facts,2,10546,8225,5273,5273,2260,5965,48.8294,3073,0.72537207654146,0.9057522123893805,0.8798784194528876,0.8055883510428965,0.9337028314133329,4561.722,10,2026-09-23T13:49:36.695752+00:00
Falcon3-7B-Base,belief_bank_facts,mlp,3,27416,belief_bank_facts,4,10546,8225,5273,5273,2260,5965,46.4192,3073,0.7348403301040546,0.9061946902654867,0.8843768996960486,0.8115712304339211,0.935126512324845,4609.052,10,2026-09-23T13:49:36.695752+00:00
Falcon3-7B-Base,belief_bank_facts,mlp,3,27416,belief_bank_facts,24,10546,8225,5273,5273,2260,5965,47.3206,3073,0.7286271727562965,0.9088495575221239,0.8819452887537994,0.8088206339830676,0.9389738815657709,4657.312,10,2026-09-23T13:49:36.695752+00:00
Falcon3-7B-Base,belief_bank_facts,mlp,3,27416,belief_bank_facts,42,10546,8225,5273,5273,2260,5965,49.1355,3073,0.7352729885057471,0.9057522123893805,0.8844984802431611,0.8116574147501983,0.9344162481733416,4707.371,10,2026-09-23T13:49:36.695752+00:00
Falcon3-7B-Base,belief_bank_facts,mlp,3,27416,belief_bank_facts,64,10546,8225,5273,5273,2260,5965,48.8224,3073,0.7213633169360506,0.9084070796460177,0.878419452887538,0.8041519780650216,0.9342513852932668,4757.116,10,2026-09-23T13:49:36.695752+00:00
Falcon3-7B-Base,belief_bank_facts,mlp,3,27416,belief_bank_facts,67,10546,8225,5273,5273,2260,5965,46.2937,3073,0.7412738395106153,0.911504424778761,0.8882674772036474,0.8176225441555864,0.9426685161969898,4804.336,10,2026-09-23T13:49:36.695752+00:00
Falcon3-7B-Base,belief_bank_facts,mlp,3,27416,belief_bank_facts,104,10546,8225,5273,5273,2260,5965,48.417,3073,0.7269503546099291,0.9070796460176991,0.8808510638297873,0.8070866141732284,0.9328707282154752,4853.695,10,2026-09-23T13:49:36.695752+00:00
Falcon3-7B-Base,belief_bank_facts,mlp,3,27416,belief_bank_facts,123,10546,8225,5273,5273,2260,5965,49.5467,3073,0.73971119133574,0.9066371681415929,0.8866869300911854,0.8147117296222665,0.936433361274099,4904.174,10,2026-09-23T13:49:36.695752+00:00
Falcon3-7B-Base,belief_bank_facts,mlp,3,27416,belief_bank_facts,420,10546,8225,5273,5273,2260,5965,44.9248,3073,0.7303411131059246,0.9,0.8812158054711247,0.8063429137760159,0.9315060567172816,4950.032,10,2026-09-23T13:49:36.695752+00:00
Falcon3-7B-Base,belief_bank_facts,mlp,3,27416,belief_bank_facts,511,10546,8225,5273,5273,2260,5965,48.0451,3073,0.7313059033989266,0.904424778761062,0.8824316109422492,0.808704253214639,0.9340531789420587,4999.019,10,2026-09-23T13:49:36.695752+00:00
Falcon3-7B-Base,belief_bank_facts,mlp,3,27416,belief_bank_facts,mean,0,0,0,0,0,0,47.775439999999996,3073.0,0.7315058286804744,0.9064601769911503,0.8828571428571429,0.8096257663216841,0.9354002700116462,36664.771,10,2026-09-23T13:49:36.695752+00:00
Falcon3-7B-Base,belief_bank_facts,mlp,3,27416,belief_bank_facts,std,0,0,0,0,0,0,1.4158519012947657,0.0,0.00599150566209229,0.002868949571229609,0.0029195790697230327,0.004033767759051856,0.003086875265992265,36664.771,10,2026-09-23T13:49:36.695752+00:00
Falcon3-7B-Base,belief_bank_facts,mlp,3,27416,belief_bank_constraints,2,10546,25610,5273,5273,12021,13589,49.3337,3073,0.46171853483888736,0.278928541718659,0.508902772354549,0.3477674635689467,0.5009227694593797,5049.905,10,2026-09-23T13:49:36.695752+00:00
Falcon3-7B-Base,belief_bank_facts,mlp,3,27416,belief_bank_constraints,4,10546,25610,5273,5273,12021,13589,48.4428,3073,0.4569487520307192,0.25738291323517176,0.507848496680984,0.32928905917411666,0.49340010550991453,5099.908,10,2026-09-23T13:49:36.695752+00:00
Falcon3-7B-Base,belief_bank_facts,mlp,3,27416,belief_bank_constraints,24,10546,25610,5273,5273,12021,13589,44.9041,3073,0.46471494607087827,0.2508942683636969,0.5127294025771183,0.3258602992815083,0.4947250827743871,5146.377,10,2026-09-23T13:49:36.695752+00:00
Falcon3-7B-Base,belief_bank_facts,mlp,3,27416,belief_bank_constraints,42,10546,25610,5273,5273,12021,13589,49.0909,3073,0.4611451942740286,0.33765909658098325,0.5039047247169075,0.3898573692551506,0.4940740310045274,5197.012,10,2026-09-23T13:49:36.695752+00:00
Falcon3-7B-Base,belief_bank_facts,mlp,3,27416,belief_bank_constraints,64,10546,25610,5273,5273,12021,13589,48.0385,3073,0.4331462980703435,0.2632892438233092,0.4924638812963686,0.3275041390728477,0.4886367847117986,5246.579,10,2026-09-23T13:49:36.695752+00:00
Falcon3-7B-Base,belief_bank_facts,mlp,3,27416,belief_bank_constraints,67,10546,25610,5273,5273,12021,13589,46.0578,3073,0.4616479294151131,0.2698610764495466,0.5095665755564233,0.34061318773624527,0.4907028731069514,5294.149,10,2026-09-23T13:49:36.695752+00:00
Falcon3-7B-Base,belief_bank_facts,mlp,3,27416,belief_bank_constraints,104,10546,25610,5273,5273,12021,13589,47.1268,3073,0.4603618179143992,0.26037767240662174,0.5095665755564233,0.332624867162593,0.4998361160215802,5342.812,10,2026-09-23T13:49:36.695752+00:00
Falcon3-7B-Base,belief_bank_facts,mlp,3,27416,belief_bank_constraints,123,10546,25610,5273,5273,12021,13589,47.9381,3073,0.43431017451432335,0.21944929706347227,0.499453338539633,0.29157225752970434,0.4830510382678425,5392.309,10,2026-09-23T13:49:36.695752+00:00
Falcon3-7B-Base,belief_bank_facts,mlp,3,27416,belief_bank_constraints,420,10546,25610,5273,5273,12021,13589,46.8502,3073,0.45664739884393063,0.26287330504949674,0.5071846934791098,0.3336677049786178,0.49810811370532554,5440.698,10,2026-09-23T13:49:36.695752+00:00
Falcon3-7B-Base,belief_bank_facts,mlp,3,27416,belief_bank_constraints,511,10546,25610,5273,5273,12021,13589,44.6434,3073,0.46207272232057744,0.282256051909159,0.50886372510738,0.35044412311505885,0.4986756440878792,5486.872,10,2026-09-23T13:49:36.695752+00:00
Falcon3-7B-Base,belief_bank_facts,mlp,3,27416,belief_bank_constraints,mean,0,0,0,0,0,0,47.242630000000005,3073.0,0.4552713768293201,0.26829714666001164,0.5060484185864895,0.3369200470874789,0.4942132558649586,36664.771,10,2026-09-23T13:49:36.695752+00:00
Falcon3-7B-Base,belief_bank_facts,mlp,3,27416,belief_bank_constraints,std,0,0,0,0,0,0,1.5537738098256124,0.0,0.01100762475894681,0.02836672675057161,0.005680011000416471,0.023390647879482918,0.005297871633263363,36664.771,10,2026-09-23T13:49:36.695752+00:00
Falcon3-7B-Base,belief_bank_facts,mlp,3,27416,halu_eval,2,10546,10000,5273,5273,3259,6741,48.2549,3073,0.3143603133159269,0.18471923903037743,0.603,0.23270197139543874,0.500371115210539,5536.072,10,2026-09-23T13:49:36.695752+00:00
Falcon3-7B-Base,belief_bank_facts,mlp,3,27416,halu_eval,4,10546,10000,5273,5273,3259,6741,48.5394,3073,0.315,0.21264191469776006,0.5927,0.2538926543322953,0.4978615015149357,5585.55,10,2026-09-23T13:49:36.695752+00:00
Falcon3-7B-Base,belief_bank_facts,mlp,3,27416,halu_eval,24,10546,10000,5273,5273,3259,6741,43.8627,3073,0.32134996331621424,0.40319116293341517,0.528,0.35764833968426785,0.49986112197873733,5630.349,10,2026-09-23T13:49:36.695752+00:00
Falcon3-7B-Base,belief_bank_facts,mlp,3,27416,halu_eval,42,10546,10000,5273,5273,3259,6741,49.0427,3073,0.31683554169914263,0.24946302546793495,0.5801,0.2791416309012876,0.49926200283227407,5680.32,10,2026-09-23T13:49:36.695752+00:00
Falcon3-7B-Base,belief_bank_facts,mlp,3,27416,halu_eval,64,10546,10000,5273,5273,3259,6741,48.6756,3073,0.3197348291687914,0.19239030377416386,0.6034,0.24022988505747125,0.49879793812340056,5729.931,10,2026-09-23T13:49:36.695752+00:00
Falcon3-7B-Base,belief_bank_facts,mlp,3,27416,halu_eval,67,10546,10000,5273,5273,3259,6741,48.3668,3073,0.3204819277108434,0.20405032218471925,0.5996,0.24934383202099739,0.4970801931583434,5779.245,10,2026-09-23T13:49:36.695752+00:00
Falcon3-7B-Base,belief_bank_facts,mlp,3,27416,halu_eval,104,10546,10000,5273,5273,3259,6741,45.8567,3073,0.31218781218781216,0.19177661859466094,0.5989,0.23759741494012546,0.4975140105892329,5826.037,10,2026-09-23T13:49:36.695752+00:00
Falcon3-7B-Base,belief_bank_facts,mlp,3,27416,halu_eval,123,10546,10000,5273,5273,3259,6741,48.6676,3073,0.31197916666666664,0.18379871126112304,0.6019,0.23131878741069706,0.49711758689628743,5875.642,10,2026-09-23T13:49:36.695752+00:00
Falcon3-7B-Base,belief_bank_facts,mlp,3,27416,halu_eval,420,10546,10000,5273,5273,3259,6741,46.569,3073,0.32395531650806786,0.48051549555078243,0.5039,0.38700111207216115,0.5014679374984268,5923.138,10,2026-09-23T13:49:36.695752+00:00
Falcon3-7B-Base,belief_bank_facts,mlp,3,27416,halu_eval,511,10546,10000,5273,5273,3259,6741,45.2741,3073,0.32283778397768037,0.2485424976986806,0.5852,0.28085991678224687,0.5015048077695585,5969.34,10,2026-09-23T13:49:36.695752+00:00
Falcon3-7B-Base,belief_bank_facts,mlp,3,27416,halu_eval,mean,0,0,0,0,0,0,47.31095,3073.0,0.3178722654551146,0.2551089291193617,0.57967,0.27497355445969884,0.49908382155717357,36664.771,10,2026-09-23T13:49:36.695752+00:00
Falcon3-7B-Base,belief_bank_facts,mlp,3,27416,halu_eval,std,0,0,0,0,0,0,1.7006232970590534,0.0,0.0041561265921251245,0.09757374351268795,0.033136084560490844,0.0518028249339773,0.001604959816467321,36664.771,10,2026-09-23T13:49:36.695752+00:00
Falcon3-7B-Base,belief_bank_facts,mlp,4,27416,belief_bank_facts,2,10546,8225,5273,5273,2260,5965,40.8162,3073,0.7275922671353251,0.915929203539823,0.8826747720364742,0.8109696376101861,0.9384101951650112,6013.395,10,2026-09-23T13:49:36.695752+00:00
Falcon3-7B-Base,belief_bank_facts,mlp,4,27416,belief_bank_facts,4,10546,8225,5273,5273,2260,5965,44.6016,3073,0.743801652892562,0.915929203539823,0.8902127659574468,0.8209399167162403,0.9424158253529068,6058.914,10,2026-09-23T13:49:36.695752+00:00
Falcon3-7B-Base,belief_bank_facts,mlp,4,27416,belief_bank_facts,24,10546,8225,5273,5273,2260,5965,43.5761,3073,0.7388649425287356,0.9101769911504425,0.8869300911854103,0.8156225218080888,0.940411693581289,6103.406,10,2026-09-23T13:49:36.695752+00:00
Falcon3-7B-Base,belief_bank_facts,mlp,4,27416,belief_bank_facts,42,10546,8225,5273,5273,2260,5965,44.1208,3073,0.7381038866690882,0.8991150442477877,0.8846200607902736,0.8106922002792739,0.9313852932667698,6148.441,10,2026-09-23T13:49:36.695752+00:00
Falcon3-7B-Base,belief_bank_facts,mlp,4,27416,belief_bank_facts,64,10546,8225,5273,5273,2260,5965,45.4957,3073,0.727336860670194,0.9123893805309734,0.8819452887537994,0.8094210009813543,0.9370878057103011,6194.866,10,2026-09-23T13:49:36.695752+00:00
Falcon3-7B-Base,belief_bank_facts,mlp,4,27416,belief_bank_facts,67,10546,8225,5273,5273,2260,5965,46.6232,3073,0.738300935925126,0.9075221238938053,0.8862006079027356,0.814211988884478,0.9372449539719159,6242.417,10,2026-09-23T13:49:36.695752+00:00
Falcon3-7B-Base,belief_bank_facts,mlp,4,27416,belief_bank_facts,104,10546,8225,5273,5273,2260,5965,43.4201,3073,0.7321620652563643,0.9035398230088496,0.8826747720364742,0.8088730441671618,0.936269166005237,6286.752,10,2026-09-23T13:49:36.695752+00:00
Falcon3-7B-Base,belief_bank_facts,mlp,4,27416,belief_bank_facts,123,10546,8225,5273,5273,2260,5965,43.5289,3073,0.7364479315263909,0.9137168141592921,0.8864437689969605,0.8155608214849921,0.9354546061464739,6331.176,10,2026-09-23T13:49:36.695752+00:00
Falcon3-7B-Base,belief_bank_facts,mlp,4,27416,belief_bank_facts,420,10546,8225,5273,5273,2260,5965,45.4382,3073,0.7338565822333214,0.9101769911504425,0.8846200607902736,0.8125617222990322,0.9356968748377333,6377.528,10,2026-09-23T13:49:36.695752+00:00
Falcon3-7B-Base,belief_bank_facts,mlp,4,27416,belief_bank_facts,511,10546,8225,5273,5273,2260,5965,47.7504,3073,0.7312744053958111,0.911504424778761,0.8836474164133739,0.8115028560173331,0.9373149789702467,6426.182,10,2026-09-23T13:49:36.695752+00:00
Falcon3-7B-Base,belief_bank_facts,mlp,4,27416,belief_bank_facts,mean,0,0,0,0,0,0,44.53712,3073.0,0.7347741530232919,0.9099999999999999,0.8849969604863223,0.8130355710248139,0.9371691393007884,36664.771,10,2026-09-23T13:49:36.695752+00:00
Falcon3-7B-Base,belief_bank_facts,mlp,4,27416,belief_bank_facts,std,0,0,0,0,0,0,1.8335278905977945,0.0,0.005013612923826443,0.005084453954769265,0.002380899781694971,0.003459144485351633,0.00281044014596384,36664.771,10,2026-09-23T13:49:36.695752+00:00
Falcon3-7B-Base,belief_bank_facts,mlp,4,27416,belief_bank_constraints,2,10546,25610,5273,5273,12021,13589,43.6282,3073,0.4312560453226475,0.2596289826137593,0.49176103084732525,0.32412503894485406,0.48463857210070765,6471.298,10,2026-09-23T13:49:36.695752+00:00
Falcon3-7B-Base,belief_bank_facts,mlp,4,27416,belief_bank_constraints,4,10546,25610,5273,5273,12021,13589,45.4874,3073,0.4336444067385771,0.2976457865402213,0.4878563061304178,0.35299921073401735,0.4754175777054222,6518.268,10,2026-09-23T13:49:36.695752+00:00
Falcon3-7B-Base,belief_bank_facts,mlp,4,27416,belief_bank_constraints,24,10546,25610,5273,5273,12021,13589,43.6547,3073,0.4278778386844166,0.22726894601114717,0.4946505271378368,0.2968597196566337,0.4761369139561486,6563.404,10,2026-09-23T13:49:36.695752+00:00
Falcon3-7B-Base,belief_bank_facts,mlp,4,27416,belief_bank_constraints,42,10546,25610,5273,5273,12021,13589,44.8378,3073,0.44731789949181255,0.32950669661425835,0.4941819601718079,0.3794788273615635,0.4920805459482136,6609.714,10,2026-09-23T13:49:36.695752+00:00
Falcon3-7B-Base,belief_bank_facts,mlp,4,27416,belief_bank_constraints,64,10546,25610,5273,5273,12021,13589,45.0435,3073,0.432192933258553,0.3205224190999085,0.48340491995314333,0.3680741306839893,0.48517876297978285,6656.239,10,2026-09-23T13:49:36.695752+00:00
Falcon3-7B-Base,belief_bank_facts,mlp,4,27416,belief_bank_constraints,67,10546,25610,5273,5273,12021,13589,45.7232,3073,0.4186266398770831,0.2946510273687713,0.4768449824287388,0.3458646616541353,0.4752056598232755,6703.44,10,2026-09-23T13:49:36.695752+00:00
Falcon3-7B-Base,belief_bank_facts,mlp,4,27416,belief_bank_constraints,104,10546,25610,5273,5273,12021,13589,45.4719,3073,0.43165755434057873,0.2692787621662091,0.49058961343225305,0.33165983606557375,0.4815854425383782,6750.39,10,2026-09-23T13:49:36.695752+00:00
Falcon3-7B-Base,belief_bank_facts,mlp,4,27416,belief_bank_constraints,123,10546,25610,5273,5273,12021,13589,42.5961,3073,0.4303707224334601,0.3013060477497712,0.4848496680983991,0.35445515486617407,0.4852461077799993,6794.476,10,2026-09-23T13:49:36.695752+00:00
Falcon3-7B-Base,belief_bank_facts,mlp,4,27416,belief_bank_constraints,420,10546,25610,5273,5273,12021,13589,44.7481,3073,0.41669341894060996,0.2159554113634473,0.49008199921905504,0.2844775628732672,0.47528119239463007,6840.723,10,2026-09-23T13:49:36.695752+00:00
Falcon3-7B-Base,belief_bank_facts,mlp,4,27416,belief_bank_constraints,511,10546,25610,5273,5273,12021,13589,48.042,3073,0.4227703414047225,0.2338407786373846,0.4905115189379149,0.30112479914301016,0.4758862396036656,6890.258,10,2026-09-23T13:49:36.695752+00:00
Falcon3-7B-Base,belief_bank_facts,mlp,4,27416,belief_bank_constraints,mean,0,0,0,0,0,0,44.92329000000001,3073.0,0.42924078004924604,0.27496048581648785,0.4884732526356892,0.33391189419832185,0.48066570148302235,36664.771,10,2026-09-23T13:49:36.695752+00:00
Falcon3-7B-Base,belief_bank_facts,mlp,4,27416,belief_bank_constraints,std,0,0,0,0,0,0,1.4049997725622596,0.0,0.00824553620828529,0.03789704062172723,0.005169088679470589,0.030273896869142183,0.005638945940432164,36664.771,10,2026-09-23T13:49:36.695752+00:00
Falcon3-7B-Base,belief_bank_facts,mlp,4,27416,halu_eval,2,10546,10000,5273,5273,3259,6741,40.5012,3073,0.3218029350104822,0.1884013501073949,0.6061,0.2376620863170118,0.4985752371338799,6931.692,10,2026-09-23T13:49:36.695752+00:00
Falcon3-7B-Base,belief_bank_facts,mlp,4,27416,halu_eval,4,10546,10000,5273,5273,3259,6741,45.4534,3073,0.3284552845528455,0.18594660938938323,0.6108,0.23746081504702193,0.5001449547881714,6978.084,10,2026-09-23T13:49:36.695752+00:00
Falcon3-7B-Base,belief_bank_facts,mlp,4,27416,halu_eval,24,10546,10000,5273,5273,3259,6741,44.4373,3073,0.32819492789656884,0.20251610923596194,0.605,0.2504743833017078,0.49660807161244486,7023.442,10,2026-09-23T13:49:36.695752+00:00
Falcon3-7B-Base,belief_bank_facts,mlp,4,27416,halu_eval,42,10546,10000,5273,5273,3259,6741,47.3828,3073,0.3209647495361781,0.2123350721080086,0.5969,0.25558633425669436,0.49815594021717685,7071.752,10,2026-09-23T13:49:36.695752+00:00
Falcon3-7B-Base,belief_bank_facts,mlp,4,27416,halu_eval,64,10546,10000,5273,5273,3259,6741,43.6835,3073,0.32669511616880037,0.21141454433875423,0.601,0.2567064083457526,0.4965745697364536,7116.352,10,2026-09-23T13:49:36.695752+00:00
Falcon3-7B-Base,belief_bank_facts,mlp,4,27416,halu_eval,67,10546,10000,5273,5273,3259,6741,46.591,3073,0.31975683890577505,0.16139920220926665,0.6148,0.21451876019575855,0.49599345329645034,7163.874,10,2026-09-23T13:49:36.695752+00:00
Falcon3-7B-Base,belief_bank_facts,mlp,4,27416,halu_eval,104,10546,10000,5273,5273,3259,6741,45.4548,3073,0.3110478899952584,0.2012887388769561,0.5944,0.2444113263785395,0.4944669557933187,7210.251,10,2026-09-23T13:49:36.695752+00:00
Falcon3-7B-Base,belief_bank_facts,mlp,4,27416,halu_eval,123,10546,10000,5273,5273,3259,6741,43.2619,3073,0.32322761194029853,0.21264191469776006,0.5983,0.25652415324819544,0.49658340039398385,7254.432,10,2026-09-23T13:49:36.695752+00:00
Falcon3-7B-Base,belief_bank_facts,mlp,4,27416,halu_eval,420,10546,10000,5273,5273,3259,6741,44.2675,3073,0.3188957639219419,0.20558453513347652,0.598,0.25,0.49611630868136936,7299.629,10,2026-09-23T13:49:36.695752+00:00
Falcon3-7B-Base,belief_bank_facts,mlp,4,27416,halu_eval,511,10546,10000,5273,5273,3259,6741,47.1707,3073,0.3218570683359416,0.18932187787664928,0.6058,0.2384080370942813,0.49572006706383687,7347.729,10,2026-09-23T13:49:36.695752+00:00
Falcon3-7B-Base,belief_bank_facts,mlp,4,27416,halu_eval,mean,0,0,0,0,0,0,44.820409999999995,3073.0,0.32208981862640906,0.19708499539736116,0.60311,0.24417523041849631,0.49689389587170857,36664.771,10,2026-09-23T13:49:36.695752+00:00
Falcon3-7B-Base,belief_bank_facts,mlp,4,27416,halu_eval,std,0,0,0,0,0,0,1.971227969794464,0.0,0.004891483188485242,0.01527265645082061,0.006194102033386272,0.012303145044698873,0.0015476586013023403,36664.771,10,2026-09-23T13:49:36.695752+00:00
Falcon3-7B-Base,belief_bank_facts,mlp,5,27416,belief_bank_facts,2,10546,8225,5273,5273,2260,5965,48.2061,3073,0.7219477769936485,0.9053097345132743,0.878176291793313,0.8032979976442874,0.9333037111765534,7397.627,10,2026-09-23T13:49:36.695752+00:00
Falcon3-7B-Base,belief_bank_facts,mlp,5,27416,belief_bank_facts,4,10546,8225,5273,5273,2260,5965,45.2638,3073,0.7232237539766702,0.9053097345132743,0.8787841945288754,0.8040872470033406,0.931085350384618,7443.782,10,2026-09-23T13:49:36.695752+00:00
Falcon3-7B-Base,belief_bank_facts,mlp,5,27416,belief_bank_facts,24,10546,8225,5273,5273,2260,5965,49.0306,3073,0.7111111111111111,0.9061946902654867,0.8730699088145897,0.796887159533074,0.9310011201032573,7493.718,10,2026-09-23T13:49:36.695752+00:00
Falcon3-7B-Base,belief_bank_facts,mlp,5,27416,belief_bank_facts,42,10546,8225,5273,5273,2260,5965,47.7003,3073,0.7183948863636364,0.8951327433628319,0.8747720364741641,0.7970843183609141,0.9276665875423746,7542.319,10,2026-09-23T13:49:36.695752+00:00
Falcon3-7B-Base,belief_bank_facts,mlp,5,27416,belief_bank_facts,64,10546,8225,5273,5273,2260,5965,44.2548,3073,0.7111267111267111,0.8964601769911504,0.8714893617021277,0.7931101976903504,0.9276754890252135,7587.468,10,2026-09-23T13:49:36.695752+00:00
Falcon3-7B-Base,belief_bank_facts,mlp,5,27416,belief_bank_facts,67,10546,8225,5273,5273,2260,5965,48.722,3073,0.7176138369219909,0.8995575221238938,0.8751367781155015,0.7983506774003535,0.9317443197412635,7637.088,10,2026-09-23T13:49:36.695752+00:00
Falcon3-7B-Base,belief_bank_facts,mlp,5,27416,belief_bank_facts,104,10546,8225,5273,5273,2260,5965,48.1778,3073,0.708421052631579,0.893362831858407,0.8696656534954408,0.7902152641878669,0.9276923647530951,7686.146,10,2026-09-23T13:49:36.695752+00:00
Falcon3-7B-Base,belief_bank_facts,mlp,5,27416,belief_bank_facts,123,10546,8225,5273,5273,2260,5965,48.5743,3073,0.7291220556745182,0.9039823008849558,0.8813373860182371,0.8071908336625839,0.9335115608008367,7735.596,10,2026-09-23T13:49:36.695752+00:00
Falcon3-7B-Base,belief_bank_facts,mlp,5,27416,belief_bank_facts,420,10546,8225,5273,5273,2260,5965,44.8377,3073,0.7141841450408816,0.8889380530973451,0.8717325227963526,0.7920362704514095,0.924240777692884,7781.335,10,2026-09-23T13:49:36.695752+00:00
Falcon3-7B-Base,belief_bank_facts,mlp,5,27416,belief_bank_facts,511,10546,8225,5273,5273,2260,5965,46.4149,3073,0.7075043630017452,0.8969026548672566,0.8697872340425532,0.7910243902439025,0.9287895466919864,7828.677,10,2026-09-23T13:49:36.695752+00:00
Falcon3-7B-Base,belief_bank_facts,mlp,5,27416,belief_bank_facts,mean,0,0,0,0,0,0,47.11823,3073.0,0.7162649692842492,0.8991150442477875,0.8743951367781155,0.7973284356178082,0.9296710827912081,36664.771,10,2026-09-23T13:49:36.695752+00:00
Falcon3-7B-Base,belief_bank_facts,mlp,5,27416,belief_bank_facts,std,0,0,0,0,0,0,1.683091335638086,0.0,0.006692896834396393,0.005614414840906884,0.003785999496296226,0.005621584586537116,0.0027963147885688186,36664.771,10,2026-09-23T13:49:36.695752+00:00
Falcon3-7B-Base,belief_bank_facts,mlp,5,27416,belief_bank_constraints,2,10546,25610,5273,5273,12021,13589,48.6309,3073,0.46136309095272376,0.3198569170618085,0.5054666146036705,0.37779415377057235,0.50009156529854,7878.821,10,2026-09-23T13:49:36.695752+00:00
Falcon3-7B-Base,belief_bank_facts,mlp,5,27416,belief_bank_constraints,4,10546,25610,5273,5273,12021,13589,46.1567,3073,0.45535261288685946,0.2986440395973713,0.503123779773526,0.3607133885958302,0.4958794146449468,7926.483,10,2026-09-23T13:49:36.695752+00:00
Falcon3-7B-Base,belief_bank_facts,mlp,5,27416,belief_bank_constraints,24,10546,25610,5273,5273,12021,13589,48.691,3073,0.4577940348902645,0.27069295399717164,0.5071846934791098,0.3402164253228083,0.5021341402514936,7976.676,10,2026-09-23T13:49:36.695752+00:00
Falcon3-7B-Base,belief_bank_facts,mlp,5,27416,belief_bank_constraints,42,10546,25610,5273,5273,12021,13589,46.7686,3073,0.4560650553422182,0.3359121537309708,0.5002342834830145,0.386874251497006,0.49987074952828187,8024.942,10,2026-09-23T13:49:36.695752+00:00
Falcon3-7B-Base,belief_bank_facts,mlp,5,27416,belief_bank_constraints,64,10546,25610,5273,5273,12021,13589,46.9453,3073,0.45934466019417475,0.3148656517760586,0.5044513861772745,0.3736242041360249,0.5028942531329121,8073.388,10,2026-09-23T13:49:36.695752+00:00
Falcon3-7B-Base,belief_bank_facts,mlp,5,27416,belief_bank_constraints,67,10546,25610,5273,5273,12021,13589,45.3707,3073,0.4636093999543692,0.33807503535479577,0.5057008980866848,0.3910136142781546,0.5011186852228313,8120.287,10,2026-09-23T13:49:36.695752+00:00
Falcon3-7B-Base,belief_bank_facts,mlp,5,27416,belief_bank_constraints,104,10546,25610,5273,5273,12021,13589,47.4681,3073,0.4608580274214949,0.26004492138757174,0.5098789535337759,0.3324824505424378,0.5000235379289912,8169.285,10,2026-09-23T13:49:36.695752+00:00
Falcon3-7B-Base,belief_bank_facts,mlp,5,27416,belief_bank_constraints,123,10546,25610,5273,5273,12021,13589,48.8238,3073,0.46865203761755486,0.2736045254138591,0.5134322530261617,0.3455013393560586,0.5057477939129618,8219.646,10,2026-09-23T13:49:36.695752+00:00
Falcon3-7B-Base,belief_bank_facts,mlp,5,27416,belief_bank_constraints,420,10546,25610,5273,5273,12021,13589,43.9486,3073,0.43559457302474064,0.22701938274685965,0.4991019133151113,0.29847971125451167,0.48090521475562586,8265.134,10,2026-09-23T13:49:36.695752+00:00
Falcon3-7B-Base,belief_bank_facts,mlp,5,27416,belief_bank_constraints,511,10546,25610,5273,5273,12021,13589,46.1073,3073,0.46249270286047867,0.2636219948423592,0.5105427567356501,0.3358236634345361,0.5035621732417408,8312.759,10,2026-09-23T13:49:36.695752+00:00
Falcon3-7B-Base,belief_bank_facts,mlp,5,27416,belief_bank_constraints,mean,0,0,0,0,0,0,46.8911,3073.0,0.45811261951448784,0.29023375759088266,0.5059117532213978,0.35425232021879405,0.4992227527918325,36664.771,10,2026-09-23T13:49:36.695752+00:00
Falcon3-7B-Base,belief_bank_facts,mlp,5,27416,belief_bank_constraints,std,0,0,0,0,0,0,1.4992116074790773,0.0,0.008361063820816795,0.03493462704299705,0.004290906948264494,0.027540023417138883,0.006599117247039152,36664.771,10,2026-09-23T13:49:36.695752+00:00
Falcon3-7B-Base,belief_bank_facts,mlp,5,27416,halu_eval,2,10546,10000,5273,5273,3259,6741,49.735,3073,0.32931988285063457,0.310524700828475,0.5692,0.31964624131396085,0.5088851891164968,8363.423,10,2026-09-23T13:49:36.695752+00:00
Falcon3-7B-Base,belief_bank_facts,mlp,5,27416,halu_eval,4,10546,10000,5273,5273,3259,6741,49.1036,3073,0.3309987819732034,0.6670757901196686,0.4521,0.44245446219599066,0.5077248907877534,8413.454,10,2026-09-23T13:49:36.695752+00:00
Falcon3-7B-Base,belief_bank_facts,mlp,5,27416,halu_eval,24,10546,10000,5273,5273,3259,6741,50.2142,3073,0.3252901649358583,0.32678735808530224,0.5597,0.32603704270626055,0.5093539195078283,8464.605,10,2026-09-23T13:49:36.695752+00:00
Falcon3-7B-Base,belief_bank_facts,mlp,5,27416,halu_eval,42,10546,10000,5273,5273,3259,6741,47.5957,3073,0.3204404291360813,0.34826633936790424,0.5469,0.3337744449345684,0.5084711723867705,8513.128,10,2026-09-23T13:49:36.695752+00:00
Falcon3-7B-Base,belief_bank_facts,mlp,5,27416,halu_eval,64,10546,10000,5273,5273,3259,6741,47.1072,3073,0.33033608490566035,0.6876342436330163,0.4439,0.4462809917355372,0.5064141071301688,8561.173,10,2026-09-23T13:49:36.695752+00:00
Falcon3-7B-Base,belief_bank_facts,mlp,5,27416,halu_eval,67,10546,10000,5273,5273,3259,6741,47.121,3073,0.329973474801061,0.5725682724762197,0.4818,0.4186672649764416,0.5042472959183836,8609.224,10,2026-09-23T13:49:36.695752+00:00
Falcon3-7B-Base,belief_bank_facts,mlp,5,27416,halu_eval,104,10546,10000,5273,5273,3259,6741,47.2523,3073,0.3330548128342246,0.6115372813746548,0.4743,0.43124526668830465,0.49982516208467054,8657.426,10,2026-09-23T13:49:36.695752+00:00
Falcon3-7B-Base,belief_bank_facts,mlp,5,27416,halu_eval,123,10546,10000,5273,5273,3259,6741,48.4223,3073,0.3321153065367438,0.25099723841669225,0.5914,0.2859140160782943,0.5109440523678019,8706.775,10,2026-09-23T13:49:36.695752+00:00
Falcon3-7B-Base,belief_bank_facts,mlp,5,27416,halu_eval,420,10546,10000,5273,5273,3259,6741,46.8701,3073,0.31993299832495814,0.2930346732126419,0.5666,0.3058936579115951,0.5036551183970408,8754.573,10,2026-09-23T13:49:36.695752+00:00
Falcon3-7B-Base,belief_bank_facts,mlp,5,27416,halu_eval,511,10546,10000,5273,5273,3259,6741,45.8455,3073,0.3336293664890468,0.3458115986498926,0.5617,0.3396112701521772,0.5082093251834557,8801.356,10,2026-09-23T13:49:36.695752+00:00
Falcon3-7B-Base,belief_bank_facts,mlp,5,27416,halu_eval,mean,0,0,0,0,0,0,47.92669,3073.0,0.32850913027874723,0.4414237496164467,0.5247600000000001,0.36495246586931307,0.5067730232880371,36664.771,10,2026-09-23T13:49:36.695752+00:00
Falcon3-7B-Base,belief_bank_facts,mlp,5,27416,halu_eval,std,0,0,0,0,0,0,1.321598434056275,0.0,0.004703594632052317,0.16249725357917522,0.05239420196930191,0.05900612876108219,0.0031444348358100616,36664.771,10,2026-09-23T13:49:36.695752+00:00
Falcon3-7B-Base,belief_bank_facts,mlp,6,27416,belief_bank_facts,2,10546,8225,5273,5273,2260,5965,46.4805,3073,0.7199008498583569,0.8995575221238938,0.8762310030395136,0.7997639653815893,0.929990727622043,8849.471,10,2026-09-23T13:49:36.695752+00:00
Falcon3-7B-Base,belief_bank_facts,mlp,6,27416,belief_bank_facts,4,10546,8225,5273,5273,2260,5965,45.6403,3073,0.7149449769258076,0.8911504424778761,0.8724620060790274,0.793381918455781,0.9273442796845909,8896.014,10,2026-09-23T13:49:36.695752+00:00
Falcon3-7B-Base,belief_bank_facts,mlp,6,27416,belief_bank_facts,24,10546,8225,5273,5273,2260,5965,44.7318,3073,0.7248677248677249,0.9092920353982301,0.880243161094225,0.8066732090284593,0.9349267853036518,8941.665,10,2026-09-23T13:49:36.695752+00:00
Falcon3-7B-Base,belief_bank_facts,mlp,6,27416,belief_bank_facts,42,10546,8225,5273,5273,2260,5965,45.9679,3073,0.7296322999279019,0.8955752212389381,0.8801215805471124,0.8041319030591975,0.9289019279128249,8988.545,10,2026-09-23T13:49:36.695752+00:00
Falcon3-7B-Base,belief_bank_facts,mlp,6,27416,belief_bank_facts,64,10546,8225,5273,5273,2260,5965,45.8917,3073,0.7153491669620702,0.8929203539823009,0.8729483282674773,0.7943318244440071,0.925639200646841,9035.345,10,2026-09-23T13:49:36.695752+00:00
Falcon3-7B-Base,belief_bank_facts,mlp,6,27416,belief_bank_facts,67,10546,8225,5273,5273,2260,5965,46.2615,3073,0.7231858407079647,0.9039823008849558,0.8785410334346505,0.8035398230088495,0.9361983992166696,9082.539,10,2026-09-23T13:49:36.695752+00:00
Falcon3-7B-Base,belief_bank_facts,mlp,6,27416,belief_bank_facts,104,10546,8225,5273,5273,2260,5965,44.7079,3073,0.7101809152181625,0.8858407079646018,0.8693009118541033,0.7883441622366607,0.9271495226579828,9128.15,10,2026-09-23T13:49:36.695752+00:00
Falcon3-7B-Base,belief_bank_facts,mlp,6,27416,belief_bank_facts,123,10546,8225,5273,5273,2260,5965,47.8527,3073,0.7260807937632885,0.9066371681415929,0.8803647416413374,0.8063754427390791,0.932015036088095,9176.917,10,2026-09-23T13:49:36.695752+00:00
Falcon3-7B-Base,belief_bank_facts,mlp,6,27416,belief_bank_facts,420,10546,8225,5273,5273,2260,5965,44.0901,3073,0.7126680820948337,0.8911504424778761,0.8713677811550152,0.7919779787652379,0.9206892714878087,9221.9,10,2026-09-23T13:49:36.695752+00:00
Falcon3-7B-Base,belief_bank_facts,mlp,6,27416,belief_bank_facts,511,10546,8225,5273,5273,2260,5965,43.5828,3073,0.7119181946403385,0.893362831858407,0.8713677811550152,0.792386185243328,0.9265506754000103,9266.382,10,2026-09-23T13:49:36.695752+00:00
Falcon3-7B-Base,belief_bank_facts,mlp,6,27416,belief_bank_facts,mean,0,0,0,0,0,0,45.520720000000004,3073.0,0.7188728844966449,0.8969469026548673,0.8752948328267477,0.7980906412362189,0.9289405826020518,36664.771,10,2026-09-23T13:49:36.695752+00:00
Falcon3-7B-Base,belief_bank_facts,mlp,6,27416,belief_bank_facts,std,0,0,0,0,0,0,1.1977160554989648,0.0,0.006431003409176796,0.007239484368246328,0.0040645197005492574,0.006422530135381619,0.004353367442130932,36664.771,10,2026-09-23T13:49:36.695752+00:00
Falcon3-7B-Base,belief_bank_facts,mlp,6,27416,belief_bank_constraints,2,10546,25610,5273,5273,12021,13589,45.2956,3073,0.45941823728074954,0.3508027618334581,0.5015228426395939,0.3978301886792453,0.5018528176177377,9313.165,10,2026-09-23T13:49:36.695752+00:00
Falcon3-7B-Base,belief_bank_facts,mlp,6,27416,belief_bank_constraints,4,10546,25610,5273,5273,12021,13589,44.5976,3073,0.44317084942084944,0.3055486232426587,0.49383053494728624,0.3617115564528042,0.4829917618656522,9359.237,10,2026-09-23T13:49:36.695752+00:00
Falcon3-7B-Base,belief_bank_facts,mlp,6,27416,belief_bank_constraints,24,10546,25610,5273,5273,12021,13589,47.1634,3073,0.435177304964539,0.2552200316113468,0.4949238578680203,0.321745057941377,0.4844548997333505,9407.881,10,2026-09-23T13:49:36.695752+00:00
Falcon3-7B-Base,belief_bank_facts,mlp,6,27416,belief_bank_constraints,42,10546,25610,5273,5273,12021,13589,45.3462,3073,0.45969945355191255,0.3359121537309708,0.5029675907848496,0.38817591925018025,0.5032345522056543,9454.739,10,2026-09-23T13:49:36.695752+00:00
Falcon3-7B-Base,belief_bank_facts,mlp,6,27416,belief_bank_constraints,64,10546,25610,5273,5273,12021,13589,44.6256,3073,0.46674030436917036,0.31636303136178356,0.509449433814916,0.37711339183896075,0.5037631455277791,9500.856,10,2026-09-23T13:49:36.695752+00:00
Falcon3-7B-Base,belief_bank_facts,mlp,6,27416,belief_bank_constraints,67,10546,25610,5273,5273,12021,13589,46.8835,3073,0.4377626430952036,0.25131020713750934,0.4970714564623194,0.319310855089314,0.4844016164735482,9549.219,10,2026-09-23T13:49:36.695752+00:00
Falcon3-7B-Base,belief_bank_facts,mlp,6,27416,belief_bank_constraints,104,10546,25610,5273,5273,12021,13589,41.2876,3073,0.45263919016630516,0.26037767240662174,0.5050370948848106,0.3305872412336291,0.49631418376195224,9592.053,10,2026-09-23T13:49:36.695752+00:00
Falcon3-7B-Base,belief_bank_facts,mlp,6,27416,belief_bank_constraints,123,10546,25610,5273,5273,12021,13589,48.4722,3073,0.4406501844010381,0.26836369686382167,0.49668098399062866,0.3335746044876435,0.4878257821545144,9642.089,10,2026-09-23T13:49:36.695752+00:00
Falcon3-7B-Base,belief_bank_facts,mlp,6,27416,belief_bank_constraints,420,10546,25610,5273,5273,12021,13589,45.6815,3073,0.45417515274949083,0.24116130105648448,0.5077704021866458,0.3150402086502934,0.4993156400710658,9689.284,10,2026-09-23T13:49:36.695752+00:00
Falcon3-7B-Base,belief_bank_facts,mlp,6,27416,belief_bank_constraints,511,10546,25610,5273,5273,12021,13589,46.2596,3073,0.45120832058733557,0.24540387654937193,0.5057008980866848,0.3179050595398459,0.4877188605764231,9737.039,10,2026-09-23T13:49:36.695752+00:00
Falcon3-7B-Base,belief_bank_facts,mlp,6,27416,belief_bank_constraints,mean,0,0,0,0,0,0,45.56128,3073.0,0.45006416405865945,0.28304633557940273,0.5014955095665756,0.3462994083163293,0.4931873259987677,36664.771,10,2026-09-23T13:49:36.695752+00:00
Falcon3-7B-Base,belief_bank_facts,mlp,6,27416,belief_bank_constraints,std,0,0,0,0,0,0,1.8296441008021214,0.0,0.009961716810593803,0.038320134714013486,0.005288907468234161,0.030198620737139543,0.008070084793886021,36664.771,10,2026-09-23T13:49:36.695752+00:00
Falcon3-7B-Base,belief_bank_facts,mlp,6,27416,halu_eval,2,10546,10000,5273,5273,3259,6741,47.2432,3073,0.32114882506527415,0.2641914697760049,0.5782,0.2898989898989899,0.5045073906458484,9785.224,10,2026-09-23T13:49:36.695752+00:00
Falcon3-7B-Base,belief_bank_facts,mlp,6,27416,halu_eval,4,10546,10000,5273,5273,3259,6741,45.65,3073,0.3303072625698324,0.4354096348573182,0.5283,0.3756452680344143,0.5040403444520871,9831.803,10,2026-09-23T13:49:36.695752+00:00
Falcon3-7B-Base,belief_bank_facts,mlp,6,27416,halu_eval,24,10546,10000,5273,5273,3259,6741,47.2303,3073,0.3268365817091454,0.46824179196072413,0.5124,0.3849646821392533,0.5056842578371744,9879.959,10,2026-09-23T13:49:36.695752+00:00
Falcon3-7B-Base,belief_bank_facts,mlp,6,27416,halu_eval,42,10546,10000,5273,5273,3259,6741,43.8847,3073,0.32196339434276205,0.35624424670144217,0.5457,0.33823743627093955,0.5025741594295103,9924.774,10,2026-09-23T13:49:36.695752+00:00
Falcon3-7B-Base,belief_bank_facts,mlp,6,27416,halu_eval,64,10546,10000,5273,5273,3259,6741,44.8265,3073,0.3194444444444444,0.38815587603559376,0.5311,0.35046405319296303,0.5025616189854403,9970.524,10,2026-09-23T13:49:36.695752+00:00
Falcon3-7B-Base,belief_bank_facts,mlp,6,27416,halu_eval,67,10546,10000,5273,5273,3259,6741,45.7159,3073,0.32539077392298893,0.523780300705738,0.4909,0.4014109347442681,0.5025437755949667,10017.166,10,2026-09-23T13:49:36.695752+00:00
Falcon3-7B-Base,belief_bank_facts,mlp,6,27416,halu_eval,104,10546,10000,5273,5273,3259,6741,43.9776,3073,0.31143052703627655,0.27922675667382635,0.5639,0.2944507361268403,0.49836742080937163,10062.073,10,2026-09-23T13:49:36.695752+00:00
Falcon3-7B-Base,belief_bank_facts,mlp,6,27416,halu_eval,123,10546,10000,5273,5273,3259,6741,47.4856,3073,0.316494450822809,0.25375882172445535,0.5782,0.28167574931880107,0.49879652703894994,10110.486,10,2026-09-23T13:49:36.695752+00:00
Falcon3-7B-Base,belief_bank_facts,mlp,6,27416,halu_eval,420,10546,10000,5273,5273,3259,6741,44.4182,3073,0.3237260779340558,0.43080699601104633,0.5212,0.3696682464454976,0.49808488528725514,10155.831,10,2026-09-23T13:49:36.695752+00:00
Falcon3-7B-Base,belief_bank_facts,mlp,6,27416,halu_eval,511,10546,10000,5273,5273,3259,6741,46.4352,3073,0.3254437869822485,0.4050322184719239,0.5325,0.3609022556390977,0.50195189394617,10203.193,10,2026-09-23T13:49:36.695752+00:00
Falcon3-7B-Base,belief_bank_facts,mlp,6,27416,halu_eval,mean,0,0,0,0,0,0,45.68672000000001,3073.0,0.3222186124829837,0.38048481129180733,0.53824,0.3447318351811065,0.5019112274026775,36664.771,10,2026-09-23T13:49:36.695752+00:00
Falcon3-7B-Base,belief_bank_facts,mlp,6,27416,halu_eval,std,0,0,0,0,0,0,1.3084780967215301,0.0,0.005172457006888537,0.08652732528173132,0.026999192580519898,0.04031883565482915,0.0025233715190631965,36664.771,10,2026-09-23T13:49:36.695752+00:00
Falcon3-7B-Base,belief_bank_facts,mlp,7,27416,belief_bank_facts,2,10546,8225,5273,5273,2260,5965,40.768,3073,0.7226890756302521,0.9132743362831859,0.8798784194528876,0.8068803752931978,0.9359649578292251,10245.532,10,2026-09-23T13:49:36.695752+00:00
Falcon3-7B-Base,belief_bank_facts,mlp,7,27416,belief_bank_facts,4,10546,8225,5273,5273,2260,5965,44.144,3073,0.728110599078341,0.9088495575221239,0.8817021276595745,0.8085022633339893,0.9359354345778101,10290.566,10,2026-09-23T13:49:36.695752+00:00
Falcon3-7B-Base,belief_bank_facts,mlp,7,27416,belief_bank_facts,24,10546,8225,5273,5273,2260,5965,46.1467,3073,0.7258972554539057,0.9128318584070797,0.8813373860182371,0.808702469619757,0.937339272600494,10337.601,10,2026-09-23T13:49:36.695752+00:00
Falcon3-7B-Base,belief_bank_facts,mlp,7,27416,belief_bank_facts,42,10546,8225,5273,5273,2260,5965,43.4375,3073,0.7360809833694866,0.9008849557522124,0.8840121580547112,0.8101870274572225,0.9322060470740083,10381.931,10,2026-09-23T13:49:36.695752+00:00
Falcon3-7B-Base,belief_bank_facts,mlp,7,27416,belief_bank_facts,64,10546,8225,5273,5273,2260,5965,45.3122,3073,0.735,0.9106194690265487,0.8852279635258359,0.8134387351778656,0.9385278060070172,10428.128,10,2026-09-23T13:49:36.695752+00:00
Falcon3-7B-Base,belief_bank_facts,mlp,7,27416,belief_bank_facts,67,10546,8225,5273,5273,2260,5965,44.9819,3073,0.7262451430589898,0.9097345132743363,0.8809726443768997,0.8076998625024553,0.9367245139419473,10474.011,10,2026-09-23T13:49:36.695752+00:00
Falcon3-7B-Base,belief_bank_facts,mlp,7,27416,belief_bank_facts,104,10546,8225,5273,5273,2260,5965,43.317,3073,0.7331902718168812,0.9070796460176991,0.8837689969604863,0.8109177215189873,0.9365020881395159,10518.254,10,2026-09-23T13:49:36.695752+00:00
Falcon3-7B-Base,belief_bank_facts,mlp,7,27416,belief_bank_facts,123,10546,8225,5273,5273,2260,5965,42.3363,3073,0.7361411087113031,0.9048672566371682,0.884741641337386,0.8118300913060739,0.9399757434592646,10561.491,10,2026-09-23T13:49:36.695752+00:00
Falcon3-7B-Base,belief_bank_facts,mlp,7,27416,belief_bank_facts,420,10546,8225,5273,5273,2260,5965,46.3634,3073,0.727403156384505,0.8973451327433628,0.8793920972644377,0.803486529318542,0.9357267689842667,10608.755,10,2026-09-23T13:49:36.695752+00:00
Falcon3-7B-Base,belief_bank_facts,mlp,7,27416,belief_bank_facts,511,10546,8225,5273,5273,2260,5965,45.216,3073,0.7263948497854077,0.8986725663716815,0.8791489361702127,0.8034018987341772,0.9364690042949655,10654.882,10,2026-09-23T13:49:36.695752+00:00
Falcon3-7B-Base,belief_bank_facts,mlp,7,27416,belief_bank_facts,mean,0,0,0,0,0,0,44.20230000000001,3073.0,0.7297152443289072,0.9064159292035399,0.882018237082067,0.8085046974262269,0.9365371636908515,36664.771,10,2026-09-23T13:49:36.695752+00:00
Falcon3-7B-Base,belief_bank_facts,mlp,7,27416,belief_bank_facts,std,0,0,0,0,0,0,1.6723257140880181,0.0,0.004655643570564844,0.0054633028444416205,0.0021476782946384418,0.003140091712934992,0.001912476161274411,36664.771,10,2026-09-23T13:49:36.695752+00:00
Falcon3-7B-Base,belief_bank_facts,mlp,7,27416,belief_bank_constraints,2,10546,25610,5273,5273,12021,13589,43.0398,3073,0.43370217554388596,0.3847433657765577,0.475400234283483,0.40775843068106676,0.4766570777000626,10699.435,10,2026-09-23T13:49:36.695752+00:00
Falcon3-7B-Base,belief_bank_facts,mlp,7,27416,belief_bank_constraints,4,10546,25610,5273,5273,12021,13589,43.3585,3073,0.43416674588839244,0.37991847600033274,0.4765326044513862,0.40523513753327417,0.4743517961971142,10744.265,10,2026-09-23T13:49:36.695752+00:00
Falcon3-7B-Base,belief_bank_facts,mlp,7,27416,belief_bank_constraints,24,10546,25610,5273,5273,12021,13589,45.49,3073,0.44362147938797386,0.3786706596788953,0.4854353768059352,0.4085809173323759,0.48307755746378267,10791.228,10,2026-09-23T13:49:36.695752+00:00
Falcon3-7B-Base,belief_bank_facts,mlp,7,27416,belief_bank_constraints,42,10546,25610,5273,5273,12021,13589,43.6072,3073,0.4389232127096205,0.4136927044339073,0.47657165169855525,0.4259346494796797,0.4790729476782325,10836.313,10,2026-09-23T13:49:36.695752+00:00
Falcon3-7B-Base,belief_bank_facts,mlp,7,27416,belief_bank_constraints,64,10546,25610,5273,5273,12021,13589,42.3232,3073,0.44544033350703494,0.35554446385492056,0.4897305739945334,0.3954478164322724,0.48939453767861985,10880.127,10,2026-09-23T13:49:36.695752+00:00
Falcon3-7B-Base,belief_bank_facts,mlp,7,27416,belief_bank_constraints,67,10546,25610,5273,5273,12021,13589,42.4575,3073,0.4365942028985507,0.38091672905748275,0.47868020304568526,0.4068594784308499,0.47668843915915804,10924.072,10,2026-09-23T13:49:36.695752+00:00
Falcon3-7B-Base,belief_bank_facts,mlp,7,27416,belief_bank_constraints,104,10546,25610,5273,5273,12021,13589,44.5736,3073,0.44765375854214123,0.4087014391481574,0.4857477547832878,0.427291702904853,0.48075664420487096,10970.153,10,2026-09-23T13:49:36.695752+00:00
Falcon3-7B-Base,belief_bank_facts,mlp,7,27416,belief_bank_constraints,123,10546,25610,5273,5273,12021,13589,44.7832,3073,0.4455977093772369,0.3107062640379336,0.49500195236235844,0.36612262902514336,0.4864716043903569,11016.415,10,2026-09-23T13:49:36.695752+00:00
Falcon3-7B-Base,belief_bank_facts,mlp,7,27416,belief_bank_constraints,420,10546,25610,5273,5273,12021,13589,47.683,3073,0.45452383783141126,0.31802678645703353,0.5007418976962125,0.37421691464369616,0.49644512076148245,11065.572,10,2026-09-23T13:49:36.695752+00:00
Falcon3-7B-Base,belief_bank_facts,mlp,7,27416,belief_bank_constraints,511,10546,25610,5273,5273,12021,13589,46.1541,3073,0.4284919928825623,0.3205224190999085,0.48039828192112455,0.36672536049112453,0.4743349829534278,11113.203,10,2026-09-23T13:49:36.695752+00:00
Falcon3-7B-Base,belief_bank_facts,mlp,7,27416,belief_bank_constraints,mean,0,0,0,0,0,0,44.34701,3073.0,0.44087154485688107,0.3651443307545129,0.4844240531042561,0.3984173036954336,0.48172507081871074,36664.771,10,2026-09-23T13:49:36.695752+00:00
Falcon3-7B-Base,belief_bank_facts,mlp,7,27416,belief_bank_constraints,std,0,0,0,0,0,0,1.6383454528578518,0.0,0.007448860796704708,0.0354332223698787,0.008146540698154962,0.02130973035429525,0.006840042328744816,36664.771,10,2026-09-23T13:49:36.695752+00:00
Falcon3-7B-Base,belief_bank_facts,mlp,7,27416,halu_eval,2,10546,10000,5273,5273,3259,6741,43.2359,3073,0.31211498973305957,0.2332003682111077,0.5826,0.2669476642079382,0.48832980812574345,11157.36,10,2026-09-23T13:49:36.695752+00:00
Falcon3-7B-Base,belief_bank_facts,mlp,7,27416,halu_eval,4,10546,10000,5273,5273,3259,6741,42.102,3073,0.3094149908592322,0.20773243326173674,0.5907,0.24857719845786672,0.48858790002366526,11200.38,10,2026-09-23T13:49:36.695752+00:00
Falcon3-7B-Base,belief_bank_facts,mlp,7,27416,halu_eval,24,10546,10000,5273,5273,3259,6741,42.7611,3073,0.3127589063794532,0.2316661552623504,0.5837,0.2661731006522122,0.49171738946281335,11244.063,10,2026-09-23T13:49:36.695752+00:00
Falcon3-7B-Base,belief_bank_facts,mlp,7,27416,halu_eval,42,10546,10000,5273,5273,3259,6741,42.6725,3073,0.3157661647475642,0.2187787664927892,0.5909,0.25847380822911004,0.4891362201299026,11287.656,10,2026-09-23T13:49:36.695752+00:00
Falcon3-7B-Base,belief_bank_facts,mlp,7,27416,halu_eval,64,10546,10000,5273,5273,3259,6741,45.0001,3073,0.3127882599580713,0.2289045719545873,0.5848,0.2643515237420269,0.48976315129570097,11333.583,10,2026-09-23T13:49:36.695752+00:00
Falcon3-7B-Base,belief_bank_facts,mlp,7,27416,halu_eval,67,10546,10000,5273,5273,3259,6741,42.8067,3073,0.31024590163934423,0.23227984044185332,0.5815,0.26566064221793295,0.4868138027182858,11377.324,10,2026-09-23T13:49:36.695752+00:00
Falcon3-7B-Base,belief_bank_facts,mlp,7,27416,halu_eval,104,10546,10000,5273,5273,3259,6741,43.7168,3073,0.3148425787106447,0.2577477753912243,0.5753,0.28344862493673023,0.4915751885652635,11421.962,10,2026-09-23T13:49:36.695752+00:00
Falcon3-7B-Base,belief_bank_facts,mlp,7,27416,halu_eval,123,10546,10000,5273,5273,3259,6741,44.7303,3073,0.3039760581445062,0.2181650813132863,0.5824,0.2540192926045016,0.4855047487771246,11467.618,10,2026-09-23T13:49:36.695752+00:00
Falcon3-7B-Base,belief_bank_facts,mlp,7,27416,halu_eval,420,10546,10000,5273,5273,3259,6741,44.0016,3073,0.31113801452784506,0.23657563669837373,0.5805,0.26878159316716055,0.4884707800142556,11512.542,10,2026-09-23T13:49:36.695752+00:00
Falcon3-7B-Base,belief_bank_facts,mlp,7,27416,halu_eval,511,10546,10000,5273,5273,3259,6741,43.6048,3073,0.3195057369814651,0.22215403498005523,0.5923,0.2620814479638009,0.4901990170749867,11557.071,10,2026-09-23T13:49:36.695752+00:00
Falcon3-7B-Base,belief_bank_facts,mlp,7,27416,halu_eval,mean,0,0,0,0,0,0,43.46318,3073.0,0.3122551601681186,0.22872046640073637,0.58447,0.26385148961792804,0.4890098006187742,36664.771,10,2026-09-23T13:49:36.695752+00:00
Falcon3-7B-Base,belief_bank_facts,mlp,7,27416,halu_eval,std,0,0,0,0,0,0,0.8829221922683801,0.0,0.0039248640946819855,0.012804714433379534,0.005085479328440924,0.008881899847338098,0.0018425182736063286,36664.771,10,2026-09-23T13:49:36.695752+00:00
Falcon3-7B-Base,belief_bank_facts,mlp,8,27416,belief_bank_facts,2,10546,8225,5273,5273,2260,5965,44.1934,3073,0.7388167388167388,0.9061946902654867,0.8862006079027356,0.8139904610492846,0.9403622161725108,11602.833,10,2026-09-23T13:49:36.695752+00:00
Falcon3-7B-Base,belief_bank_facts,mlp,8,27416,belief_bank_facts,4,10546,8225,5273,5273,2260,5965,44.223,3073,0.7386772106398275,0.9092920353982301,0.8866869300911854,0.8151527171757239,0.9337565741159715,11647.925,10,2026-09-23T13:49:36.695752+00:00
Falcon3-7B-Base,belief_bank_facts,mlp,8,27416,belief_bank_facts,24,10546,8225,5273,5273,2260,5965,43.5208,3073,0.7348027017419125,0.9146017699115044,0.8858358662613982,0.814902424600828,0.9421279736516109,11692.321,10,2026-09-23T13:49:36.695752+00:00
Falcon3-7B-Base,belief_bank_facts,mlp,8,27416,belief_bank_facts,42,10546,8225,5273,5273,2260,5965,45.2342,3073,0.7396021699819169,0.9048672566371682,0.886322188449848,0.8139303482587065,0.9326740054447404,11738.431,10,2026-09-23T13:49:36.695752+00:00
Falcon3-7B-Base,belief_bank_facts,mlp,8,27416,belief_bank_facts,64,10546,8225,5273,5273,2260,5965,41.3132,3073,0.7297491039426524,0.9008849557522124,0.8810942249240121,0.8063366336633664,0.9340668278824116,11780.633,10,2026-09-23T13:49:36.695752+00:00
Falcon3-7B-Base,belief_bank_facts,mlp,8,27416,belief_bank_facts,67,10546,8225,5273,5273,2260,5965,41.4982,3073,0.736275565123789,0.9079646017699115,0.8853495440729483,0.8131563304933624,0.9410658413013968,11823.007,10,2026-09-23T13:49:36.695752+00:00
Falcon3-7B-Base,belief_bank_facts,mlp,8,27416,belief_bank_facts,104,10546,8225,5273,5273,2260,5965,39.6627,3073,0.7403072421360644,0.8955752212389381,0.8849848024316109,0.8105726872246696,0.9325554673649386,11863.579,10,2026-09-23T13:49:36.695752+00:00
Falcon3-7B-Base,belief_bank_facts,mlp,8,27416,belief_bank_facts,123,10546,8225,5273,5273,2260,5965,43.5264,3073,0.7496323529411765,0.9022123893805309,0.8903343465045592,0.8188755020080322,0.937517895689457,11907.983,10,2026-09-23T13:49:36.695752+00:00
Falcon3-7B-Base,belief_bank_facts,mlp,8,27416,belief_bank_facts,420,10546,8225,5273,5273,2260,5965,44.4004,3073,0.7426283218056061,0.9026548672566371,0.8872948328267477,0.8148591971240263,0.9369752761314155,11953.269,10,2026-09-23T13:49:36.695752+00:00
Falcon3-7B-Base,belief_bank_facts,mlp,8,27416,belief_bank_facts,511,10546,8225,5273,5273,2260,5965,43.0019,3073,0.7373155811442965,0.9066371681415929,0.8855927051671733,0.8132565985314546,0.9375568025873644,11997.161,10,2026-09-23T13:49:36.695752+00:00
Falcon3-7B-Base,belief_bank_facts,mlp,8,27416,belief_bank_facts,mean,0,0,0,0,0,0,43.05741999999999,3073.0,0.738780698827398,0.9050884955752212,0.8859696048632217,0.8135032900129454,0.9368658880341817,36664.771,10,2026-09-23T13:49:36.695752+00:00
Falcon3-7B-Base,belief_bank_facts,mlp,8,27416,belief_bank_facts,std,0,0,0,0,0,0,1.6317577570215498,0.0,0.004913208618376063,0.004924244021569318,0.0021629380939481454,0.0030972194185939707,0.0033484635635717274,36664.771,10,2026-09-23T13:49:36.695752+00:00
Falcon3-7B-Base,belief_bank_facts,mlp,8,27416,belief_bank_constraints,2,10546,25610,5273,5273,12021,13589,42.9702,3073,0.42342239909039225,0.3097911987355461,0.478016399843811,0.3578016910069178,0.4615002400103545,12041.66,10,2026-09-23T13:49:36.695752+00:00
Falcon3-7B-Base,belief_bank_facts,mlp,8,27416,belief_bank_constraints,4,10546,25610,5273,5273,12021,13589,43.6343,3073,0.4364293205920056,0.3115381415855586,0.4880124951190941,0.36355693621978447,0.47909058429030627,12086.775,10,2026-09-23T13:49:36.695752+00:00
Falcon3-7B-Base,belief_bank_facts,mlp,8,27416,belief_bank_constraints,24,10546,25610,5273,5273,12021,13589,39.7153,3073,0.4091480271424981,0.2708593295066966,0.47415072237407263,0.3259422393513189,0.46601358126871567,12127.949,10,2026-09-23T13:49:36.695752+00:00
Falcon3-7B-Base,belief_bank_facts,mlp,8,27416,belief_bank_constraints,42,10546,25610,5273,5273,12021,13589,42.4234,3073,0.4291964080128943,0.3101239497545961,0.48258492776259276,0.3600714734147873,0.47928913238391796,12171.882,10,2026-09-23T13:49:36.695752+00:00
Falcon3-7B-Base,belief_bank_facts,mlp,8,27416,belief_bank_constraints,64,10546,25610,5273,5273,12021,13589,42.2775,3073,0.427489869908296,0.33349970884285834,0.47750878563061305,0.3746904060937427,0.4738659323273583,12215.664,10,2026-09-23T13:49:36.695752+00:00
Falcon3-7B-Base,belief_bank_facts,mlp,8,27416,belief_bank_constraints,67,10546,25610,5273,5273,12021,13589,43.9868,3073,0.3893634610085423,0.23508859495882206,0.4679031628270207,0.29316873281809225,0.45115559875597055,12261.109,10,2026-09-23T13:49:36.695752+00:00
Falcon3-7B-Base,belief_bank_facts,mlp,8,27416,belief_bank_constraints,104,10546,25610,5273,5273,12021,13589,43.1084,3073,0.39193699105593377,0.24423924798269694,0.4673955486138227,0.3009430094300943,0.4491195281071919,12305.676,10,2026-09-23T13:49:36.695752+00:00
Falcon3-7B-Base,belief_bank_facts,mlp,8,27416,belief_bank_constraints,123,10546,25610,5273,5273,12021,13589,43.7623,3073,0.4287316222277598,0.2862490641377589,0.48594299101913313,0.343293260837033,0.47814773566133184,12350.901,10,2026-09-23T13:49:36.695752+00:00
Falcon3-7B-Base,belief_bank_facts,mlp,8,27416,belief_bank_constraints,420,10546,25610,5273,5273,12021,13589,43.8258,3073,0.41513495611856266,0.20855170118958488,0.49058961343225305,0.2776301218161683,0.47327148177764244,12396.191,10,2026-09-23T13:49:36.695752+00:00
Falcon3-7B-Base,belief_bank_facts,mlp,8,27416,belief_bank_constraints,511,10546,25610,5273,5273,12021,13589,40.7473,3073,0.4055705723351745,0.2870809416853839,0.46786411557985164,0.3361909400876766,0.45120025348237536,12438.384,10,2026-09-23T13:49:36.695752+00:00
Falcon3-7B-Base,belief_bank_facts,mlp,8,27416,belief_bank_constraints,mean,0,0,0,0,0,0,42.64513,3073.0,0.41564236274920596,0.27970218783795026,0.4779968762202265,0.33332888110756154,0.4662654068065165,36664.771,10,2026-09-23T13:49:36.695752+00:00
Falcon3-7B-Base,belief_bank_facts,mlp,8,27416,belief_bank_constraints,std,0,0,0,0,0,0,1.3457657404243881,0.0,0.015441602918212281,0.03771527761578307,0.00821618012249468,0.031408076088335186,0.011636846437875947,36664.771,10,2026-09-23T13:49:36.695752+00:00
Falcon3-7B-Base,belief_bank_facts,mlp,8,27416,halu_eval,2,10546,10000,5273,5273,3259,6741,40.6821,3073,0.33110479692461975,0.6078551702976374,0.472,0.4286950876433672,0.5031040444001819,12479.975,10,2026-09-23T13:49:36.695752+00:00
Falcon3-7B-Base,belief_bank_facts,mlp,8,27416,halu_eval,4,10546,10000,5273,5273,3259,6741,42.864,3073,0.32802216834083825,0.5811598649892605,0.4755,0.41935126757444924,0.5045093934753913,12523.746,10,2026-09-23T13:49:36.695752+00:00
Falcon3-7B-Base,belief_bank_facts,mlp,8,27416,halu_eval,24,10546,10000,5273,5273,3259,6741,42.8826,3073,0.32933626076676237,0.5983430500153422,0.472,0.42483660130718953,0.5037846422939608,12567.547,10,2026-09-23T13:49:36.695752+00:00
Falcon3-7B-Base,belief_bank_facts,mlp,8,27416,halu_eval,42,10546,10000,5273,5273,3259,6741,42.3314,3073,0.3282546131708143,0.5949677815280761,0.4712,0.42308531529565785,0.5034072682411,12610.82,10,2026-09-23T13:49:36.695752+00:00
Falcon3-7B-Base,belief_bank_facts,mlp,8,27416,halu_eval,64,10546,10000,5273,5273,3259,6741,41.4633,3073,0.3289808377140919,0.5952746241178275,0.4724,0.4237658366098733,0.503069859741392,12653.198,10,2026-09-23T13:49:36.695752+00:00
Falcon3-7B-Base,belief_bank_facts,mlp,8,27416,halu_eval,67,10546,10000,5273,5273,3259,6741,44.4496,3073,0.32605682605682607,0.577477753912243,0.4733,0.41678662385117926,0.49954210309574176,12698.557,10,2026-09-23T13:49:36.695752+00:00
Falcon3-7B-Base,belief_bank_facts,mlp,8,27416,halu_eval,104,10546,10000,5273,5273,3259,6741,39.8153,3073,0.3282748997034711,0.577477753912243,0.4772,0.41859430604982206,0.5023596290741479,12739.286,10,2026-09-23T13:49:36.695752+00:00
Falcon3-7B-Base,belief_bank_facts,mlp,8,27416,halu_eval,123,10546,10000,5273,5273,3259,6741,41.3977,3073,0.3303435437468269,0.598956735194845,0.4736,0.4258289703315881,0.5023688011230776,12781.605,10,2026-09-23T13:49:36.695752+00:00
Falcon3-7B-Base,belief_bank_facts,mlp,8,27416,halu_eval,420,10546,10000,5273,5273,3259,6741,44.9874,3073,0.3254180602006689,0.5971156796563363,0.4653,0.4212577118735794,0.499169576800752,12827.496,10,2026-09-23T13:49:36.695752+00:00
Falcon3-7B-Base,belief_bank_facts,mlp,8,27416,halu_eval,511,10546,10000,5273,5273,3259,6741,43.7816,3073,0.3273661822048919,0.566738263270942,0.4793,0.41500954948882146,0.5003282364507785,12872.193,10,2026-09-23T13:49:36.695752+00:00
Falcon3-7B-Base,belief_bank_facts,mlp,8,27416,halu_eval,mean,0,0,0,0,0,0,42.4655,3073.0,0.32831581888298117,0.5895366676894752,0.47318000000000005,0.4217211270025527,0.5021643554696523,36664.771,10,2026-09-23T13:49:36.695752+00:00
Falcon3-7B-Base,belief_bank_facts,mlp,8,27416,halu_eval,std,0,0,0,0,0,0,1.5725198370767852,0.0,0.0016693451792056237,0.012257622174216352,0.0035860284438358867,0.004077512988214782,0.0017512420654090383,36664.771,10,2026-09-23T13:49:36.695752+00:00
Falcon3-7B-Base,belief_bank_facts,mlp,9,27416,belief_bank_facts,2,10546,8225,5273,5273,2260,5965,42.3099,3073,0.7126476719944406,0.9075221238938053,0.8740425531914894,0.7983651226158038,0.9326103598424438,12916.202,10,2026-09-23T13:49:36.695752+00:00
Falcon3-7B-Base,belief_bank_facts,mlp,9,27416,belief_bank_facts,4,10546,8225,5273,5273,2260,5965,43.6701,3073,0.7215324583185527,0.9,0.8770820668693009,0.8009450679267572,0.925587497867353,12960.749,10,2026-09-23T13:49:36.695752+00:00
Falcon3-7B-Base,belief_bank_facts,mlp,9,27416,belief_bank_facts,24,10546,8225,5273,5273,2260,5965,41.7318,3073,0.7156381486676017,0.9030973451327433,0.8747720364741641,0.7985133020344288,0.935948638444021,13003.355,10,2026-09-23T13:49:36.695752+00:00
Falcon3-7B-Base,belief_bank_facts,mlp,9,27416,belief_bank_facts,42,10546,8225,5273,5273,2260,5965,41.9952,3073,0.7216494845360825,0.8982300884955752,0.876838905775076,0.8003153952296471,0.9249876491925613,13046.225,10,2026-09-23T13:49:36.695752+00:00
Falcon3-7B-Base,belief_bank_facts,mlp,9,27416,belief_bank_facts,64,10546,8225,5273,5273,2260,5965,41.3175,3073,0.7316455696202532,0.8951327433628319,0.8809726443768997,0.8051741293532338,0.9293547166732192,13088.426,10,2026-09-23T13:49:36.695752+00:00
Falcon3-7B-Base,belief_bank_facts,mlp,9,27416,belief_bank_facts,67,10546,8225,5273,5273,2260,5965,42.5976,3073,0.7157894736842105,0.9026548672566371,0.8747720364741641,0.7984344422700587,0.9331120325794272,13131.909,10,2026-09-23T13:49:36.695752+00:00
Falcon3-7B-Base,belief_bank_facts,mlp,9,27416,belief_bank_facts,104,10546,8225,5273,5273,2260,5965,40.8709,3073,0.7246324847615633,0.8942477876106195,0.8775683890577508,0.8005545652604477,0.9309913284721347,13173.665,10,2026-09-23T13:49:36.695752+00:00
Falcon3-7B-Base,belief_bank_facts,mlp,9,27416,belief_bank_facts,123,10546,8225,5273,5273,2260,5965,40.7209,3073,0.7275652484805148,0.9004424778761062,0.88,0.8048249950563575,0.9334280723097123,13215.261,10,2026-09-23T13:49:36.695752+00:00
Falcon3-7B-Base,belief_bank_facts,mlp,9,27416,belief_bank_facts,420,10546,8225,5273,5273,2260,5965,42.091,3073,0.7177675732956552,0.8991150442477877,0.8751367781155015,0.7982714594382243,0.9302644111298207,13258.239,10,2026-09-23T13:49:36.695752+00:00
Falcon3-7B-Base,belief_bank_facts,mlp,9,27416,belief_bank_facts,511,10546,8225,5273,5273,2260,5965,44.1367,3073,0.7303939284423563,0.8942477876106195,0.880243161094225,0.8040580863337975,0.926963110771536,13303.262,10,2026-09-23T13:49:36.695752+00:00
Falcon3-7B-Base,belief_bank_facts,mlp,9,27416,belief_bank_facts,mean,0,0,0,0,0,0,42.14416,3073.0,0.7219262041801231,0.8994690265486727,0.877142857142857,0.8009456565518758,0.930324781728223,36664.771,10,2026-09-23T13:49:36.695752+00:00
Falcon3-7B-Base,belief_bank_facts,mlp,9,27416,belief_bank_facts,std,0,0,0,0,0,0,1.0515259751427912,0.0,0.00621375311043319,0.004054411040338132,0.002399945799346719,0.0026305832424808064,0.0034331827871721516,36664.771,10,2026-09-23T13:49:36.695752+00:00
Falcon3-7B-Base,belief_bank_facts,mlp,9,27416,belief_bank_constraints,2,10546,25610,5273,5273,12021,13589,40.468,3073,0.4564954682779456,0.3770900923384078,0.49687622022647404,0.4130107967746344,0.49460525053511445,13345.221,10,2026-09-23T13:49:36.695752+00:00
Falcon3-7B-Base,belief_bank_facts,mlp,9,27416,belief_bank_constraints,4,10546,25610,5273,5273,12021,13589,45.9966,3073,0.454519906323185,0.40362698610764497,0.49269816477938305,0.4275643285160381,0.4939339665532089,13392.72,10,2026-09-23T13:49:36.695752+00:00
Falcon3-7B-Base,belief_bank_facts,mlp,9,27416,belief_bank_constraints,24,10546,25610,5273,5273,12021,13589,42.9391,3073,0.451456844420011,0.34156892105482073,0.49613432253026163,0.3888994127675696,0.498849001394027,13437.108,10,2026-09-23T13:49:36.695752+00:00
Falcon3-7B-Base,belief_bank_facts,mlp,9,27416,belief_bank_constraints,42,10546,25610,5273,5273,12021,13589,44.1908,3073,0.4634743096819294,0.44122785126029446,0.49796954314720815,0.4520775623268698,0.5092761631380862,13482.731,10,2026-09-23T13:49:36.695752+00:00
Falcon3-7B-Base,belief_bank_facts,mlp,9,27416,belief_bank_constraints,64,10546,25610,5273,5273,12021,13589,42.2614,3073,0.4642688121154756,0.4080359371100574,0.5011323701679031,0.43433985654830426,0.5133687019335365,13526.427,10,2026-09-23T13:49:36.695752+00:00
Falcon3-7B-Base,belief_bank_facts,mlp,9,27416,belief_bank_constraints,67,10546,25610,5273,5273,12021,13589,43.2978,3073,0.46843590195732676,0.441976541053157,0.502655212807497,0.4548217266618157,0.5124992463424491,13571.154,10,2026-09-23T13:49:36.695752+00:00
Falcon3-7B-Base,belief_bank_facts,mlp,9,27416,belief_bank_constraints,104,10546,25610,5273,5273,12021,13589,40.5106,3073,0.4684908789386401,0.4230097329673072,0.5039047247169075,0.44459016393442624,0.5164362940075022,13613.1,10,2026-09-23T13:49:36.695752+00:00
Falcon3-7B-Base,belief_bank_facts,mlp,9,27416,belief_bank_constraints,123,10546,25610,5273,5273,12021,13589,41.3319,3073,0.4606452938758734,0.3729307046002828,0.5007028504490434,0.4121730336045603,0.5077865213786927,13655.861,10,2026-09-23T13:49:36.695752+00:00
Falcon3-7B-Base,belief_bank_facts,mlp,9,27416,belief_bank_constraints,420,10546,25610,5273,5273,12021,13589,41.0208,3073,0.463808703145196,0.35820647200732053,0.5043732916829363,0.40422436047876087,0.5108914098980109,13698.352,10,2026-09-23T13:49:36.695752+00:00
Falcon3-7B-Base,belief_bank_facts,mlp,9,27416,belief_bank_constraints,511,10546,25610,5273,5273,12021,13589,43.8534,3073,0.4463508322663252,0.28999251310207136,0.49789144865287,0.3515707730321214,0.4965369064411521,13743.709,10,2026-09-23T13:49:36.695752+00:00
Falcon3-7B-Base,belief_bank_facts,mlp,9,27416,belief_bank_constraints,mean,0,0,0,0,0,0,42.58704000000001,3073.0,0.4597946951001908,0.3857665751601364,0.4994338149160484,0.4183272014645101,0.505418346162178,36664.771,10,2026-09-23T13:49:36.695752+00:00
Falcon3-7B-Base,belief_bank_facts,mlp,9,27416,belief_bank_constraints,std,0,0,0,0,0,0,1.7136626962153323,0.0,0.006997518351719412,0.04534665233638195,0.0035578128048993473,0.030149384096189818,0.008099618420349229,36664.771,10,2026-09-23T13:49:36.695752+00:00
Falcon3-7B-Base,belief_bank_facts,mlp,9,27416,halu_eval,2,10546,10000,5273,5273,3259,6741,43.9971,3073,0.32084236605760297,0.31788892298251,0.5584,0.3193588162762022,0.49552652089982213,13788.615,10,2026-09-23T13:49:36.695752+00:00
Falcon3-7B-Base,belief_bank_facts,mlp,9,27416,halu_eval,4,10546,10000,5273,5273,3259,6741,41.0805,3073,0.3189156259518733,0.32126419146977603,0.5552,0.32008560073372055,0.49774492773176504,13830.612,10,2026-09-23T13:49:36.695752+00:00
Falcon3-7B-Base,belief_bank_facts,mlp,9,27416,halu_eval,24,10546,10000,5273,5273,3259,6741,42.283,3073,0.31498194945848373,0.32126419146977603,0.5511,0.3180920552939389,0.48696754264513425,13873.804,10,2026-09-23T13:49:36.695752+00:00
Falcon3-7B-Base,belief_bank_facts,mlp,9,27416,halu_eval,42,10546,10000,5273,5273,3259,6741,44.4718,3073,0.320506454816286,0.39613378336913163,0.5295,0.35432962810484425,0.49337081628822976,13919.189,10,2026-09-23T13:49:36.695752+00:00
Falcon3-7B-Base,belief_bank_facts,mlp,9,27416,halu_eval,64,10546,10000,5273,5273,3259,6741,42.0134,3073,0.3291083916083916,0.462104940165695,0.5177,0.38442884492661133,0.5004791542087256,13962.11,10,2026-09-23T13:49:36.695752+00:00
Falcon3-7B-Base,belief_bank_facts,mlp,9,27416,halu_eval,67,10546,10000,5273,5273,3259,6741,41.0863,3073,0.3152240638428484,0.3151273396747469,0.5537,0.3151756943378855,0.4932793233931993,14004.102,10,2026-09-23T13:49:36.695752+00:00
Falcon3-7B-Base,belief_bank_facts,mlp,9,27416,halu_eval,104,10546,10000,5273,5273,3259,6741,41.3646,3073,0.31971920867900444,0.3074562749309604,0.5611,0.31346785546691697,0.49713470198510906,14046.368,10,2026-09-23T13:49:36.695752+00:00
Falcon3-7B-Base,belief_bank_facts,mlp,9,27416,halu_eval,123,10546,10000,5273,5273,3259,6741,44.1553,3073,0.3204225352112676,0.30714943234120895,0.5619,0.3136456211812627,0.49259497019402726,14091.446,10,2026-09-23T13:49:36.695752+00:00
Falcon3-7B-Base,belief_bank_facts,mlp,9,27416,halu_eval,420,10546,10000,5273,5273,3259,6741,41.1732,3073,0.3136729222520107,0.2872046640073642,0.5629,0.29985583853916387,0.491022453130261,14133.526,10,2026-09-23T13:49:36.695752+00:00
Falcon3-7B-Base,belief_bank_facts,mlp,9,27416,halu_eval,511,10546,10000,5273,5273,3259,6741,43.988,3073,0.3219451371571072,0.39613378336913163,0.5313,0.35520704360985006,0.49889188903650655,14178.417,10,2026-09-23T13:49:36.695752+00:00
Falcon3-7B-Base,belief_bank_facts,mlp,9,27416,halu_eval,mean,0,0,0,0,0,0,42.56132,3073.0,0.3195338655034876,0.34317275237803,0.54828,0.32936469984703964,0.49470122995127797,36664.771,10,2026-09-23T13:49:36.695752+00:00
Falcon3-7B-Base,belief_bank_facts,mlp,9,27416,halu_eval,std,0,0,0,0,0,0,1.3562002881580577,0.0,0.004183242482928631,0.05276946792184925,0.01525573990339373,0.024916513033324303,0.0038520707022242687,36664.771,10,2026-09-23T13:49:36.695752+00:00
Falcon3-7B-Base,belief_bank_facts,mlp,10,27416,belief_bank_facts,2,10546,8225,5273,5273,2260,5965,38.3967,3073,0.7511720158672918,0.9216814159292035,0.8945896656534954,0.8277369362209418,0.9422389454709996,14218.406,10,2026-09-23T13:49:36.695752+00:00
Falcon3-7B-Base,belief_bank_facts,mlp,10,27416,belief_bank_facts,4,10546,8225,5273,5273,2260,5965,39.8701,3073,0.7381546134663342,0.9168141592920354,0.8877811550151976,0.8178409315176633,0.935561238492979,14259.165,10,2026-09-23T13:49:36.695752+00:00
Falcon3-7B-Base,belief_bank_facts,mlp,10,27416,belief_bank_facts,24,10546,8225,5273,5273,2260,5965,38.2164,3073,0.7479143997098295,0.9123893805309734,0.8914285714285715,0.8220051823799083,0.9400871603527954,14298.259,10,2026-09-23T13:49:36.695752+00:00
Falcon3-7B-Base,belief_bank_facts,mlp,10,27416,belief_bank_facts,42,10546,8225,5273,5273,2260,5965,42.0524,3073,0.7465454545454545,0.9084070796460177,0.8900911854103344,0.819560878243513,0.9353633659473773,14341.191,10,2026-09-23T13:49:36.695752+00:00
Falcon3-7B-Base,belief_bank_facts,mlp,10,27416,belief_bank_facts,64,10546,8225,5273,5273,2260,5965,39.8521,3073,0.7506379876048123,0.9110619469026549,0.8924012158054712,0.8231061363182091,0.9397833230719016,14381.912,10,2026-09-23T13:49:36.695752+00:00
Falcon3-7B-Base,belief_bank_facts,mlp,10,27416,belief_bank_facts,67,10546,8225,5273,5273,2260,5965,40.471,3073,0.7450840185913479,0.9221238938053097,0.8919148936170213,0.8242040735614,0.9387999688448102,14423.256,10,2026-09-23T13:49:36.695752+00:00
Falcon3-7B-Base,belief_bank_facts,mlp,10,27416,belief_bank_facts,104,10546,8225,5273,5273,2260,5965,37.3477,3073,0.7583148558758315,0.9079646017699115,0.8951975683890577,0.8264196536447845,0.9366813788396917,14461.484,10,2026-09-23T13:49:36.695752+00:00
Falcon3-7B-Base,belief_bank_facts,mlp,10,27416,belief_bank_facts,123,10546,8225,5273,5273,2260,5965,39.1832,3073,0.7498179169701383,0.9110619469026549,0.8920364741641338,0.8226128645625249,0.9406031496413444,14501.547,10,2026-09-23T13:49:36.695752+00:00
Falcon3-7B-Base,belief_bank_facts,mlp,10,27416,belief_bank_facts,420,10546,8225,5273,5273,2260,5965,38.1763,3073,0.7476155539251651,0.9017699115044248,0.8893617021276595,0.8174889691135179,0.9382940308139663,14540.607,10,2026-09-23T13:49:36.695752+00:00
Falcon3-7B-Base,belief_bank_facts,mlp,10,27416,belief_bank_facts,511,10546,8225,5273,5273,2260,5965,36.9969,3073,0.7493587394650055,0.9048672566371682,0.8906990881458967,0.8198035678492684,0.9339651655304912,14578.475,10,2026-09-23T13:49:36.695752+00:00
Falcon3-7B-Base,belief_bank_facts,mlp,10,27416,belief_bank_facts,mean,0,0,0,0,0,0,39.056279999999994,3073.0,0.748461555602121,0.9118141592920355,0.8915501519756839,0.8220779193411731,0.9381377727006356,36664.771,10,2026-09-23T13:49:36.695752+00:00
Falcon3-7B-Base,belief_bank_facts,mlp,10,27416,belief_bank_facts,std,0,0,0,0,0,0,1.4616774430769597,0.0,0.0048388323649060415,0.006369376426736832,0.00213303706026213,0.0032751037905477754,0.0025246022489997656,36664.771,10,2026-09-23T13:49:36.695752+00:00
Falcon3-7B-Base,belief_bank_facts,mlp,10,27416,belief_bank_constraints,2,10546,25610,5273,5273,12021,13589,36.4684,3073,0.42790855590765053,0.31453290075700857,0.4808668488871535,0.36256412715155584,0.46534734768769903,14616.382,10,2026-09-23T13:49:36.695752+00:00
Falcon3-7B-Base,belief_bank_facts,mlp,10,27416,belief_bank_constraints,4,10546,25610,5273,5273,12021,13589,41.4366,3073,0.42396995219667655,0.30987438649030863,0.47844591956267085,0.3580525784591724,0.4625393921321574,14659.25,10,2026-09-23T13:49:36.695752+00:00
Falcon3-7B-Base,belief_bank_facts,mlp,10,27416,belief_bank_constraints,24,10546,25610,5273,5273,12021,13589,39.8887,3073,0.42116808335618316,0.2555527826303968,0.4857087075361187,0.3180947450168263,0.4715858569161191,14700.627,10,2026-09-23T13:49:36.695752+00:00
Falcon3-7B-Base,belief_bank_facts,mlp,10,27416,belief_bank_constraints,42,10546,25610,5273,5273,12021,13589,41.0925,3073,0.4432121859967932,0.27593378254720907,0.49742288168684107,0.3401179184824404,0.48021755217059525,14743.215,10,2026-09-23T13:49:36.695752+00:00
Falcon3-7B-Base,belief_bank_facts,mlp,10,27416,belief_bank_constraints,64,10546,25610,5273,5273,12021,13589,39.1179,3073,0.4424256724870222,0.3119540803593711,0.49250292854353767,0.3659072059325755,0.47156199759798034,14783.849,10,2026-09-23T13:49:36.695752+00:00
Falcon3-7B-Base,belief_bank_facts,mlp,10,27416,belief_bank_constraints,67,10546,25610,5273,5273,12021,13589,41.6294,3073,0.43388931845796974,0.3267615007070959,0.4838734869191722,0.3727816266489513,0.4663053842495284,14827.005,10,2026-09-23T13:49:36.695752+00:00
Falcon3-7B-Base,belief_bank_facts,mlp,10,27416,belief_bank_constraints,104,10546,25610,5273,5273,12021,13589,39.8216,3073,0.437189971846092,0.27127526828050913,0.49402577118313157,0.3348049281314168,0.4819330447968906,14868.308,10,2026-09-23T13:49:36.695752+00:00
Falcon3-7B-Base,belief_bank_facts,mlp,10,27416,belief_bank_constraints,123,10546,25610,5273,5273,12021,13589,38.2477,3073,0.4505896226415094,0.31786041094750855,0.49789144865287,0.37276230427784013,0.4848257399576497,14908.036,10,2026-09-23T13:49:36.695752+00:00
Falcon3-7B-Base,belief_bank_facts,mlp,10,27416,belief_bank_constraints,420,10546,25610,5273,5273,12021,13589,36.4827,3073,0.4229489220083924,0.24315780717078447,0.48902772354549007,0.308789351362772,0.4745483700431058,14945.987,10,2026-09-23T13:49:36.695752+00:00
Falcon3-7B-Base,belief_bank_facts,mlp,10,27416,belief_bank_constraints,511,10546,25610,5273,5273,12021,13589,37.3209,3073,0.4414424997063315,0.3126195823974711,0.4916829363529871,0.3660270770429532,0.479247321186256,14984.777,10,2026-09-23T13:49:36.695752+00:00
Falcon3-7B-Base,belief_bank_facts,mlp,10,27416,belief_bank_constraints,mean,0,0,0,0,0,0,39.15064,3073.0,0.43447447846046205,0.2939522502287664,0.4891448652869973,0.3499901862506504,0.47381120067379817,36664.771,10,2026-09-23T13:49:36.695752+00:00
Falcon3-7B-Base,belief_bank_facts,mlp,10,27416,belief_bank_constraints,std,0,0,0,0,0,0,1.8604365263023608,0.0,0.009585883064435497,0.02809121764685423,0.006396649430221808,0.02194206087998488,0.007235049527691551,36664.771,10,2026-09-23T13:49:36.695752+00:00
Falcon3-7B-Base,belief_bank_facts,mlp,10,27416,halu_eval,2,10546,10000,5273,5273,3259,6741,38.5456,3073,0.32625741059476,0.5234734581159864,0.4924,0.4019792648444863,0.49863306883693276,15024.247,10,2026-09-23T13:49:36.695752+00:00
Falcon3-7B-Base,belief_bank_facts,mlp,10,27416,halu_eval,4,10546,10000,5273,5273,3259,6741,41.9254,3073,0.31934731934731936,0.3783369131635471,0.5346,0.3463483146067416,0.49671945624634517,15067.107,10,2026-09-23T13:49:36.695752+00:00
Falcon3-7B-Base,belief_bank_facts,mlp,10,27416,halu_eval,24,10546,10000,5273,5273,3259,6741,37.7557,3073,0.3270993080231906,0.5366676894752992,0.4892,0.40646060887752733,0.5045373875701394,15105.796,10,2026-09-23T13:49:36.695752+00:00
Falcon3-7B-Base,belief_bank_facts,mlp,10,27416,halu_eval,42,10546,10000,5273,5273,3259,6741,40.37,3073,0.3261707988980716,0.5449524393985885,0.4848,0.40808823529411764,0.5020816454373562,15147.096,10,2026-09-23T13:49:36.695752+00:00
Falcon3-7B-Base,belief_bank_facts,mlp,10,27416,halu_eval,64,10546,10000,5273,5273,3259,6741,41.694,3073,0.3265185767643012,0.5096655415771709,0.4976,0.3980349868200336,0.5020121153890185,15189.725,10,2026-09-23T13:49:36.695752+00:00
Falcon3-7B-Base,belief_bank_facts,mlp,10,27416,halu_eval,67,10546,10000,5273,5273,3259,6741,38.1001,3073,0.3253937007874016,0.5072108008591593,0.4967,0.3964504137186713,0.503234410395887,15228.78,10,2026-09-23T13:49:36.695752+00:00
Falcon3-7B-Base,belief_bank_facts,mlp,10,27416,halu_eval,104,10546,10000,5273,5273,3259,6741,39.5109,3073,0.3289802189360476,0.5256213562442467,0.496,0.40467753366406806,0.5030402724867801,15269.211,10,2026-09-23T13:49:36.695752+00:00
Falcon3-7B-Base,belief_bank_facts,mlp,10,27416,halu_eval,123,10546,10000,5273,5273,3259,6741,38.1927,3073,0.3229854689564069,0.45013807916538817,0.5133,0.37610562748365595,0.4982520987946653,15308.331,10,2026-09-23T13:49:36.695752+00:00
Falcon3-7B-Base,belief_bank_facts,mlp,10,27416,halu_eval,420,10546,10000,5273,5273,3259,6741,38.1271,3073,0.3290805994329688,0.49861920834611845,0.5053,0.3964865194583384,0.5005028695312682,15347.386,10,2026-09-23T13:49:36.695752+00:00
Falcon3-7B-Base,belief_bank_facts,mlp,10,27416,halu_eval,511,10546,10000,5273,5273,3259,6741,40.1351,3073,0.3275342147993505,0.433261736729058,0.5254,0.3730515191545575,0.49995555083980237,15388.455,10,2026-09-23T13:49:36.695752+00:00
Falcon3-7B-Base,belief_bank_facts,mlp,10,27416,halu_eval,mean,0,0,0,0,0,0,39.43566,3073.0,0.3259367616539818,0.49079472230745635,0.50353,0.39076830239221977,0.5008968875528195,36664.771,10,2026-09-23T13:49:36.695752+00:00
Falcon3-7B-Base,belief_bank_facts,mlp,10,27416,halu_eval,std,0,0,0,0,0,0,1.4602138605012636,0.0,0.0027562948032167434,0.050611031977232705,0.015364833223956568,0.018668647002330948,0.0023784620418929084,36664.771,10,2026-09-23T13:49:36.695752+00:00
Falcon3-7B-Base,belief_bank_facts,mlp,11,27416,belief_bank_facts,2,10546,8225,5273,5273,2260,5965,36.5542,3073,0.7332617257429288,0.9061946902654867,0.8836474164133739,0.8106075598654264,0.9304593536039879,15426.64,10,2026-09-23T13:49:36.695752+00:00
Falcon3-7B-Base,belief_bank_facts,mlp,11,27416,belief_bank_facts,4,10546,8225,5273,5273,2260,5965,40.4682,3073,0.7483516483516484,0.9039823008849558,0.8900911854103344,0.8188376753507014,0.9366337559065047,15468.008,10,2026-09-23T13:49:36.695752+00:00
Falcon3-7B-Base,belief_bank_facts,mlp,11,27416,belief_bank_facts,24,10546,8225,5273,5273,2260,5965,38.3944,3073,0.7318555595280658,0.9057522123893805,0.8829179331306991,0.8095708918331026,0.9348774191634089,15507.299,10,2026-09-23T13:49:36.695752+00:00
Falcon3-7B-Base,belief_bank_facts,mlp,11,27416,belief_bank_facts,42,10546,8225,5273,5273,2260,5965,39.0511,3073,0.7475800446760983,0.8884955752212389,0.8869300911854103,0.8119692680954307,0.926449717748815,15547.256,10,2026-09-23T13:49:36.695752+00:00
Falcon3-7B-Base,belief_bank_facts,mlp,11,27416,belief_bank_facts,64,10546,8225,5273,5273,2260,5965,39.4552,3073,0.7452898550724638,0.9101769911504425,0.8898480243161094,0.8195219123505976,0.9362322619409683,15587.618,10,2026-09-23T13:49:36.695752+00:00
Falcon3-7B-Base,belief_bank_facts,mlp,11,27416,belief_bank_facts,67,10546,8225,5273,5273,2260,5965,36.2702,3073,0.7420880320116406,0.9026548672566371,0.8870516717325228,0.8145338390896386,0.933987419237588,15624.803,10,2026-09-23T13:49:36.695752+00:00
Falcon3-7B-Base,belief_bank_facts,mlp,11,27416,belief_bank_facts,104,10546,8225,5273,5273,2260,5965,39.033,3073,0.7327773749093546,0.8942477876106195,0.8813373860182371,0.8055001992825827,0.9325797239056739,15664.756,10,2026-09-23T13:49:36.695752+00:00
Falcon3-7B-Base,belief_bank_facts,mlp,11,27416,belief_bank_facts,123,10546,8225,5273,5273,2260,5965,39.3754,3073,0.7337871730562522,0.9061946902654867,0.8838905775075988,0.8109285290041576,0.9344158772782232,15705.062,10,2026-09-23T13:49:36.695752+00:00
Falcon3-7B-Base,belief_bank_facts,mlp,11,27416,belief_bank_facts,420,10546,8225,5273,5273,2260,5965,36.9432,3073,0.7346791636625811,0.9017699115044248,0.8835258358662614,0.8096940802542709,0.9358532442195996,15742.92,10,2026-09-23T13:49:36.695752+00:00
Falcon3-7B-Base,belief_bank_facts,mlp,11,27416,belief_bank_facts,511,10546,8225,5273,5273,2260,5965,38.6572,3073,0.7400881057268722,0.8920353982300885,0.8842553191489362,0.8089887640449438,0.9320017209533488,15782.513,10,2026-09-23T13:49:36.695752+00:00
Falcon3-7B-Base,belief_bank_facts,mlp,11,27416,belief_bank_facts,mean,0,0,0,0,0,0,38.42021,3073.0,0.7389758682737906,0.9011504424778762,0.8853495440729482,0.8120152719170852,0.9333490493958119,36664.771,10,2026-09-23T13:49:36.695752+00:00
Falcon3-7B-Base,belief_bank_facts,mlp,11,27416,belief_bank_facts,std,0,0,0,0,0,0,1.3150784892545386,0.0,0.006163456321499566,0.006746010211291659,0.002822659396047149,0.004187739791414724,0.002959949825177583,36664.771,10,2026-09-23T13:49:36.695752+00:00
Falcon3-7B-Base,belief_bank_facts,mlp,11,27416,belief_bank_constraints,2,10546,25610,5273,5273,12021,13589,38.6621,3073,0.44271514517394717,0.28159054987105897,0.4964076532604451,0.3442314537041745,0.4809718463780199,15822.69,10,2026-09-23T13:49:36.695752+00:00
Falcon3-7B-Base,belief_bank_facts,mlp,11,27416,belief_bank_constraints,4,10546,25610,5273,5273,12021,13589,37.3293,3073,0.4396815676668708,0.17918642375842275,0.5075361187036314,0.25460992907801416,0.4844441377881836,15861.537,10,2026-09-23T13:49:36.695752+00:00
Falcon3-7B-Base,belief_bank_facts,mlp,11,27416,belief_bank_constraints,24,10546,25610,5273,5273,12021,13589,38.5786,3073,0.4494639200096374,0.3103735130188836,0.4978524014057009,0.3671882688711741,0.48787452617521465,15901.656,10,2026-09-23T13:49:36.695752+00:00
Falcon3-7B-Base,belief_bank_facts,mlp,11,27416,belief_bank_constraints,42,10546,25610,5273,5273,12021,13589,39.285,3073,0.461502125649504,0.32509774561184596,0.5051542366263179,0.381472985504417,0.4947405737312953,15942.453,10,2026-09-23T13:49:36.695752+00:00
Falcon3-7B-Base,belief_bank_facts,mlp,11,27416,belief_bank_constraints,64,10546,25610,5273,5273,12021,13589,39.4678,3073,0.45060925115343664,0.31686215789035854,0.49800859039437717,0.3720816645501612,0.494806758469732,15983.425,10,2026-09-23T13:49:36.695752+00:00
Falcon3-7B-Base,belief_bank_facts,mlp,11,27416,belief_bank_constraints,67,10546,25610,5273,5273,12021,13589,37.4949,3073,0.4501761449421238,0.2976457865402213,0.4996876220226474,0.3583554509489709,0.4856985839086061,16022.409,10,2026-09-23T13:49:36.695752+00:00
Falcon3-7B-Base,belief_bank_facts,mlp,11,27416,belief_bank_constraints,104,10546,25610,5273,5273,12021,13589,38.5072,3073,0.4478881360818798,0.2584643540470843,0.5023818820773136,0.3277771916868868,0.482424950782619,16062.415,10,2026-09-23T13:49:36.695752+00:00
Falcon3-7B-Base,belief_bank_facts,mlp,11,27416,belief_bank_constraints,123,10546,25610,5273,5273,12021,13589,42.2106,3073,0.45109636468551645,0.26012810914233425,0.5041390081999219,0.32997414657310187,0.4872319131661129,16106.138,10,2026-09-23T13:49:36.695752+00:00
Falcon3-7B-Base,belief_bank_facts,mlp,11,27416,belief_bank_constraints,420,10546,25610,5273,5273,12021,13589,38.6283,3073,0.45723885155772753,0.2490641377589219,0.5087465833658728,0.3224729387689159,0.49743407495929887,16146.254,10,2026-09-23T13:49:36.695752+00:00
Falcon3-7B-Base,belief_bank_facts,mlp,11,27416,belief_bank_constraints,511,10546,25610,5273,5273,12021,13589,37.4839,3073,0.43686502177068215,0.22535562765160969,0.5000390472471691,0.29733289430358906,0.48372601363367046,16185.225,10,2026-09-23T13:49:36.695752+00:00
Falcon3-7B-Base,belief_bank_facts,mlp,11,27416,belief_bank_constraints,mean,0,0,0,0,0,0,38.76477,3073.0,0.44872365286913257,0.2703768405290742,0.5019953143303397,0.33554969239894056,0.4879353378992752,36664.771,10,2026-09-23T13:49:36.695752+00:00
Falcon3-7B-Base,belief_bank_facts,mlp,11,27416,belief_bank_constraints,std,0,0,0,0,0,0,1.3447145972659023,0.0,0.007119182787221544,0.04320661469686392,0.00405506930837388,0.036488735069450516,0.005459090613714489,36664.771,10,2026-09-23T13:49:36.695752+00:00
Falcon3-7B-Base,belief_bank_facts,mlp,11,27416,halu_eval,2,10546,10000,5273,5273,3259,6741,38.3038,3073,0.32744643891140707,0.3470389690088984,0.5549,0.33695814092060183,0.4983322802546635,16224.465,10,2026-09-23T13:49:36.695752+00:00
Falcon3-7B-Base,belief_bank_facts,mlp,11,27416,halu_eval,4,10546,10000,5273,5273,3259,6741,37.5511,3073,0.32931614349775784,0.36054004295796255,0.5523,0.3442214735608613,0.5033795245000448,16262.967,10,2026-09-23T13:49:36.695752+00:00
Falcon3-7B-Base,belief_bank_facts,mlp,11,27416,halu_eval,24,10546,10000,5273,5273,3259,6741,38.4788,3073,0.3181245273506428,0.3872353482663394,0.5298,0.34929421533351784,0.49427520762400734,16302.408,10,2026-09-23T13:49:36.695752+00:00
Falcon3-7B-Base,belief_bank_facts,mlp,11,27416,halu_eval,42,10546,10000,5273,5273,3259,6741,38.5267,3073,0.326326852338413,0.3810984964713102,0.5419,0.35159235668789807,0.500552098171057,16341.878,10,2026-09-23T13:49:36.695752+00:00
Falcon3-7B-Base,belief_bank_facts,mlp,11,27416,halu_eval,64,10546,10000,5273,5273,3259,6741,36.7418,3073,0.3243986254295533,0.2896594047253759,0.5719,0.30604636083644027,0.4979699046639482,16379.565,10,2026-09-23T13:49:36.695752+00:00
Falcon3-7B-Base,belief_bank_facts,mlp,11,27416,halu_eval,67,10546,10000,5273,5273,3259,6741,38.4886,3073,0.32455251604187774,0.29487572875115065,0.5702,0.3090032154340836,0.49347013842601906,16418.998,10,2026-09-23T13:49:36.695752+00:00
Falcon3-7B-Base,belief_bank_facts,mlp,11,27416,halu_eval,104,10546,10000,5273,5273,3259,6741,40.3498,3073,0.3281541330018645,0.4860386621663087,0.5082,0.39178827603264904,0.5023621781299299,16460.279,10,2026-09-23T13:49:36.695752+00:00
Falcon3-7B-Base,belief_bank_facts,mlp,11,27416,halu_eval,123,10546,10000,5273,5273,3259,6741,38.6565,3073,0.32469135802469135,0.5648972077324332,0.4753,0.41236420651808714,0.4993569551601515,16499.87,10,2026-09-23T13:49:36.695752+00:00
Falcon3-7B-Base,belief_bank_facts,mlp,11,27416,halu_eval,420,10546,10000,5273,5273,3259,6741,38.1993,3073,0.3276743036096918,0.6100030684258975,0.465,0.42633497748230753,0.5010825293679675,16539.001,10,2026-09-23T13:49:36.695752+00:00
Falcon3-7B-Base,belief_bank_facts,mlp,11,27416,halu_eval,511,10546,10000,5273,5273,3259,6741,36.7914,3073,0.319634703196347,0.2577477753912243,0.5793,0.2853745541022592,0.5004487931336085,16576.72,10,2026-09-23T13:49:36.695752+00:00
Falcon3-7B-Base,belief_bank_facts,mlp,11,27416,halu_eval,mean,0,0,0,0,0,0,38.208780000000004,3073.0,0.3250319601402246,0.3979134703896901,0.53488,0.35129777769087056,0.4991229609431397,36664.771,10,2026-09-23T13:49:36.695752+00:00
Falcon3-7B-Base,belief_bank_facts,mlp,11,27416,halu_eval,std,0,0,0,0,0,0,0.9818024768760775,0.0,0.003466707696534176,0.11269228463195642,0.03809891861982437,0.04409236098476097,0.0030613006484692994,36664.771,10,2026-09-23T13:49:36.695752+00:00
Falcon3-7B-Base,belief_bank_facts,mlp,12,27416,belief_bank_facts,2,10546,8225,5273,5273,2260,5965,40.1067,3073,0.7388968481375359,0.9128318584070797,0.8874164133738602,0.8167062549485352,0.9378299297524646,16618.481,10,2026-09-23T13:49:36.695752+00:00
Falcon3-7B-Base,belief_bank_facts,mlp,12,27416,belief_bank_facts,4,10546,8225,5273,5273,2260,5965,39.5223,3073,0.7445175438596491,0.9013274336283186,0.88790273556231,0.8154523618895116,0.9332319800606784,16658.879,10,2026-09-23T13:49:36.695752+00:00
Falcon3-7B-Base,belief_bank_facts,mlp,12,27416,belief_bank_facts,24,10546,8225,5273,5273,2260,5965,37.5022,3073,0.7385171790235081,0.9035398230088496,0.8855927051671733,0.8127363184079602,0.9376065767122375,16697.264,10,2026-09-23T13:49:36.695752+00:00
Falcon3-7B-Base,belief_bank_facts,mlp,12,27416,belief_bank_facts,42,10546,8225,5273,5273,2260,5965,40.4914,3073,0.7388909291222916,0.8902654867256637,0.8834042553191489,0.8075456552277744,0.9263400069728283,16738.638,10,2026-09-23T13:49:36.695752+00:00
Falcon3-7B-Base,belief_bank_facts,mlp,12,27416,belief_bank_facts,64,10546,8225,5273,5273,2260,5965,40.0141,3073,0.7573033707865169,0.8946902654867257,0.8922796352583586,0.8202839756592292,0.9365913255049737,16779.555,10,2026-09-23T13:49:36.695752+00:00
Falcon3-7B-Base,belief_bank_facts,mlp,12,27416,belief_bank_facts,67,10546,8225,5273,5273,2260,5965,36.7767,3073,0.7379659790083243,0.9022123893805309,0.8851063829787233,0.8118654190722676,0.9331048001246206,16817.226,10,2026-09-23T13:49:36.695752+00:00
Falcon3-7B-Base,belief_bank_facts,mlp,12,27416,belief_bank_facts,104,10546,8225,5273,5273,2260,5965,38.6814,3073,0.7467842704887909,0.8991150442477877,0.8885106382978724,0.815900421602088,0.9366096477238166,16856.801,10,2026-09-23T13:49:36.695752+00:00
Falcon3-7B-Base,belief_bank_facts,mlp,12,27416,belief_bank_facts,123,10546,8225,5273,5273,2260,5965,35.6159,3073,0.7507246376811594,0.9168141592920354,0.8934954407294833,0.8254980079681274,0.9389554851679043,16893.305,10,2026-09-23T13:49:36.695752+00:00
Falcon3-7B-Base,belief_bank_facts,mlp,12,27416,belief_bank_facts,420,10546,8225,5273,5273,2260,5965,39.1825,3073,0.7477047374219611,0.9008849557522124,0.8892401215805471,0.8171784065823801,0.9341673775489768,16933.385,10,2026-09-23T13:49:36.695752+00:00
Falcon3-7B-Base,belief_bank_facts,mlp,12,27416,belief_bank_facts,511,10546,8225,5273,5273,2260,5965,39.2356,3073,0.7469879518072289,0.9053097345132743,0.889726443768997,0.8185637127425485,0.9362067072673189,16973.518,10,2026-09-23T13:49:36.695752+00:00
Falcon3-7B-Base,belief_bank_facts,mlp,12,27416,belief_bank_facts,mean,0,0,0,0,0,0,38.71288,3073.0,0.7448293447336966,0.9026991150442478,0.8882674772036474,0.8161730534100423,0.935064383683582,36664.771,10,2026-09-23T13:49:36.695752+00:00
Falcon3-7B-Base,belief_bank_facts,mlp,12,27416,belief_bank_facts,std,0,0,0,0,0,0,1.508469294218479,0.0,0.00603830065395714,0.007392029624243805,0.0029701508055153814,0.004650347675211777,0.0034553291655602626,36664.771,10,2026-09-23T13:49:36.695752+00:00
Falcon3-7B-Base,belief_bank_facts,mlp,12,27416,belief_bank_constraints,2,10546,25610,5273,5273,12021,13589,37.1683,3073,0.4366961414790997,0.18076699109891023,0.5060132760640375,0.2556921809731129,0.4784224254352539,17012.182,10,2026-09-23T13:49:36.695752+00:00
Falcon3-7B-Base,belief_bank_facts,mlp,12,27416,belief_bank_constraints,4,10546,25610,5273,5273,12021,13589,41.0039,3073,0.4456738216419562,0.1675401380916729,0.5114408434205389,0.24353083434099154,0.4780775350889763,17054.69,10,2026-09-23T13:49:36.695752+00:00
Falcon3-7B-Base,belief_bank_facts,mlp,12,27416,belief_bank_constraints,24,10546,25610,5273,5273,12021,13589,39.9584,3073,0.4363327674023769,0.17103402379169785,0.5071846934791098,0.24574194705073807,0.482254296206159,17096.17,10,2026-09-23T13:49:36.695752+00:00
Falcon3-7B-Base,belief_bank_facts,mlp,12,27416,belief_bank_constraints,42,10546,25610,5273,5273,12021,13589,37.8198,3073,0.44214664159972655,0.21520672157058482,0.5041780554470909,0.28950313339301703,0.48526519523451034,17135.498,10,2026-09-23T13:49:36.695752+00:00
Falcon3-7B-Base,belief_bank_facts,mlp,12,27416,belief_bank_constraints,64,10546,25610,5273,5273,12021,13589,39.9921,3073,0.4335419734904271,0.19590716246568504,0.5024209293244827,0.2698676445310262,0.4775405152494896,17176.985,10,2026-09-23T13:49:36.695752+00:00
Falcon3-7B-Base,belief_bank_facts,mlp,12,27416,belief_bank_constraints,67,10546,25610,5273,5273,12021,13589,36.9711,3073,0.4218118869013272,0.18243074619416022,0.4988676298320968,0.2547038327526132,0.47192140249032755,17215.448,10,2026-09-23T13:49:36.695752+00:00
Falcon3-7B-Base,belief_bank_facts,mlp,12,27416,belief_bank_constraints,104,10546,25610,5273,5273,12021,13589,39.1626,3073,0.4607121543664213,0.1926628400299476,0.51518937914877,0.2717034256217738,0.4822146949414921,17256.113,10,2026-09-23T13:49:36.695752+00:00
Falcon3-7B-Base,belief_bank_facts,mlp,12,27416,belief_bank_constraints,123,10546,25610,5273,5273,12021,13589,36.9703,3073,0.43560090702947846,0.15980367689876052,0.5084342053885201,0.23382630393767878,0.482831856990963,17294.57,10,2026-09-23T13:49:36.695752+00:00
Falcon3-7B-Base,belief_bank_facts,mlp,12,27416,belief_bank_constraints,420,10546,25610,5273,5273,12021,13589,37.8123,3073,0.45013123359580054,0.19973379918476,0.5098399062866068,0.2766925957937194,0.48050836955802245,17333.869,10,2026-09-23T13:49:36.695752+00:00
Falcon3-7B-Base,belief_bank_facts,mlp,12,27416,belief_bank_constraints,511,10546,25610,5273,5273,12021,13589,42.2361,3073,0.4181205392545599,0.1754429747941103,0.49836001561889887,0.24717257544682097,0.4738157650118621,17377.603,10,2026-09-23T13:49:36.695752+00:00
Falcon3-7B-Base,belief_bank_facts,mlp,12,27416,belief_bank_constraints,mean,0,0,0,0,0,0,38.909490000000005,3073.0,0.4380768066761174,0.18405290741202895,0.5061928934010153,0.25884344738414916,0.47928520562070565,36664.771,10,2026-09-23T13:49:36.695752+00:00
Falcon3-7B-Base,belief_bank_facts,mlp,12,27416,belief_bank_constraints,std,0,0,0,0,0,0,1.7529978627767915,0.0,0.01194315406941351,0.015965125932881,0.005109976448982428,0.016555299588350003,0.0039575210384255035,36664.771,10,2026-09-23T13:49:36.695752+00:00
Falcon3-7B-Base,belief_bank_facts,mlp,12,27416,halu_eval,2,10546,10000,5273,5273,3259,6741,39.4793,3073,0.3293632615666514,0.6618594660938938,0.4506,0.43984502446982054,0.5058392722919138,17418.024,10,2026-09-23T13:49:36.695752+00:00
Falcon3-7B-Base,belief_bank_facts,mlp,12,27416,halu_eval,4,10546,10000,5273,5273,3259,6741,39.5237,3073,0.3307897071872227,0.5719545872967168,0.4834,0.4191589835844389,0.50737052651521,17458.476,10,2026-09-23T13:49:36.695752+00:00
Falcon3-7B-Base,belief_bank_facts,mlp,12,27416,halu_eval,24,10546,10000,5273,5273,3259,6741,39.6331,3073,0.32782101167315175,0.6204357164774471,0.4617,0.4289805876737032,0.5022323128416105,17499.035,10,2026-09-23T13:49:36.695752+00:00
Falcon3-7B-Base,belief_bank_facts,mlp,12,27416,halu_eval,42,10546,10000,5273,5273,3259,6741,36.9256,3073,0.3308319738988581,0.6222767720159558,0.4667,0.43199488763446586,0.5065840062499206,17536.901,10,2026-09-23T13:49:36.695752+00:00
Falcon3-7B-Base,belief_bank_facts,mlp,12,27416,halu_eval,64,10546,10000,5273,5273,3259,6741,40.0419,3073,0.32967215842902314,0.6078551702976374,0.4694,0.42749244712990936,0.5057020557087948,17577.894,10,2026-09-23T13:49:36.695752+00:00
Falcon3-7B-Base,belief_bank_facts,mlp,12,27416,halu_eval,67,10546,10000,5273,5273,3259,6741,36.1038,3073,0.3311057108140948,0.6689168456581773,0.4517,0.4429543838260693,0.5054456252490166,17614.937,10,2026-09-23T13:49:36.695752+00:00
Falcon3-7B-Base,belief_bank_facts,mlp,12,27416,halu_eval,104,10546,10000,5273,5273,3259,6741,36.0017,3073,0.33027665526888406,0.6520405032218471,0.4557,0.4384607448674301,0.5041108531557698,17651.881,10,2026-09-23T13:49:36.695752+00:00
Falcon3-7B-Base,belief_bank_facts,mlp,12,27416,halu_eval,123,10546,10000,5273,5273,3259,6741,38.1601,3073,0.3291754414385226,0.6235041423749617,0.4632,0.4308736217133164,0.5054618299607732,17690.988,10,2026-09-23T13:49:36.695752+00:00
Falcon3-7B-Base,belief_bank_facts,mlp,12,27416,halu_eval,420,10546,10000,5273,5273,3259,6741,40.5802,3073,0.33036411939365523,0.6486652347345812,0.457,0.4377717954027749,0.5072965128598271,17732.495,10,2026-09-23T13:49:36.695752+00:00
Falcon3-7B-Base,belief_bank_facts,mlp,12,27416,halu_eval,511,10546,10000,5273,5273,3259,6741,39.1464,3073,0.32705026455026454,0.6069346425283829,0.4649,0.4250564091543999,0.5047524186328877,17772.564,10,2026-09-23T13:49:36.695752+00:00
Falcon3-7B-Base,belief_bank_facts,mlp,12,27416,halu_eval,mean,0,0,0,0,0,0,38.55958,3073.0,0.32964503042203286,0.6284443080699601,0.46243,0.4322588885456328,0.5054795413465722,36664.771,10,2026-09-23T13:49:36.695752+00:00
Falcon3-7B-Base,belief_bank_facts,mlp,12,27416,halu_eval,std,0,0,0,0,0,0,1.5797301458160498,0.0,0.0012700095894752246,0.02815051246734309,0.009184993195424804,0.007069203221251385,0.0014568439816206166,36664.771,10,2026-09-23T13:49:36.695752+00:00
Falcon3-7B-Base,belief_bank_facts,mlp,13,27416,belief_bank_facts,2,10546,8225,5273,5273,2260,5965,37.6865,3073,0.720510095642933,0.9,0.8765957446808511,0.8003147747393272,0.9288858310646916,17811.821,10,2026-09-23T13:49:36.695752+00:00
Falcon3-7B-Base,belief_bank_facts,mlp,13,27416,belief_bank_facts,4,10546,8225,5273,5273,2260,5965,36.2891,3073,0.7211538461538461,0.8960176991150443,0.8762310030395136,0.7991318074191003,0.9257293281605827,17848.999,10,2026-09-23T13:49:36.695752+00:00
Falcon3-7B-Base,belief_bank_facts,mlp,13,27416,belief_bank_facts,24,10546,8225,5273,5273,2260,5965,38.5673,3073,0.7129596572652624,0.8836283185840708,0.870273556231003,0.7891721003754198,0.9253671490775839,17888.463,10,2026-09-23T13:49:36.695752+00:00
Falcon3-7B-Base,belief_bank_facts,mlp,13,27416,belief_bank_facts,42,10546,8225,5273,5273,2260,5965,38.446,3073,0.7359591539022611,0.8929203539823009,0.8825531914893617,0.8068772491003599,0.9260110230029153,17927.802,10,2026-09-23T13:49:36.695752+00:00
Falcon3-7B-Base,belief_bank_facts,mlp,13,27416,belief_bank_facts,64,10546,8225,5273,5273,2260,5965,36.843,3073,0.7273054755043228,0.893362831858407,0.8786626139817629,0.8018268467037332,0.929338434377527,17965.526,10,2026-09-23T13:49:36.695752+00:00
Falcon3-7B-Base,belief_bank_facts,mlp,13,27416,belief_bank_facts,67,10546,8225,5273,5273,2260,5965,39.1159,3073,0.7146401985111662,0.8920353982300885,0.8724620060790274,0.7935445778390081,0.925215860958838,18005.568,10,2026-09-23T13:49:36.695752+00:00
Falcon3-7B-Base,belief_bank_facts,mlp,13,27416,belief_bank_facts,104,10546,8225,5273,5273,2260,5965,39.3273,3073,0.7269439421338155,0.8893805309734514,0.8778115501519757,0.8,0.9248934418325186,18045.822,10,2026-09-23T13:49:36.695752+00:00
Falcon3-7B-Base,belief_bank_facts,mlp,13,27416,belief_bank_facts,123,10546,8225,5273,5273,2260,5965,38.1612,3073,0.7160056657223796,0.8946902654867257,0.8735562310030395,0.7954366640440598,0.9252550645728402,18084.897,10,2026-09-23T13:49:36.695752+00:00
Falcon3-7B-Base,belief_bank_facts,mlp,13,27416,belief_bank_facts,420,10546,8225,5273,5273,2260,5965,37.2264,3073,0.7248563218390804,0.8929203539823009,0.8774468085106383,0.8001586042823157,0.9276553494202908,18123.041,10,2026-09-23T13:49:36.695752+00:00
Falcon3-7B-Base,belief_bank_facts,mlp,13,27416,belief_bank_facts,511,10546,8225,5273,5273,2260,5965,36.3107,3073,0.7311200291864283,0.8867256637168142,0.8792705167173253,0.8014397120575885,0.9272943942911823,18160.276,10,2026-09-23T13:49:36.695752+00:00
Falcon3-7B-Base,belief_bank_facts,mlp,13,27416,belief_bank_facts,mean,0,0,0,0,0,0,37.797340000000005,3073.0,0.7231454385861495,0.8921681415929203,0.8764863221884498,0.7987902336560911,0.926564587675897,36664.771,10,2026-09-23T13:49:36.695752+00:00
Falcon3-7B-Base,belief_bank_facts,mlp,13,27416,belief_bank_facts,std,0,0,0,0,0,0,1.0468657785981939,0.0,0.007074066246175463,0.004420573222658427,0.0033974965472252467,0.004676422417012441,0.0015352318951653036,36664.771,10,2026-09-23T13:49:36.695752+00:00
Falcon3-7B-Base,belief_bank_facts,mlp,13,27416,belief_bank_constraints,2,10546,25610,5273,5273,12021,13589,37.9544,3073,0.46133174081815465,0.3855752433241827,0.5002733307301835,0.4200652528548124,0.48365435609717966,18199.754,10,2026-09-23T13:49:36.695752+00:00
Falcon3-7B-Base,belief_bank_facts,mlp,13,27416,belief_bank_constraints,4,10546,25610,5273,5273,12021,13589,35.1956,3073,0.44217181108218667,0.2967307212378338,0.4941819601718079,0.3551373954599761,0.47574687302592455,18236.461,10,2026-09-23T13:49:36.695752+00:00
Falcon3-7B-Base,belief_bank_facts,mlp,13,27416,belief_bank_constraints,24,10546,25610,5273,5273,12021,13589,35.7281,3073,0.45467224546722457,0.3525497046834706,0.49761811792268645,0.3971511573423297,0.4923838332345628,18273.704,10,2026-09-23T13:49:36.695752+00:00
Falcon3-7B-Base,belief_bank_facts,mlp,13,27416,belief_bank_constraints,42,10546,25610,5273,5273,12021,13589,39.5343,3073,0.4291132752434649,0.34822394143582064,0.47661069894572433,0.38445995591476856,0.4611642873432258,18314.754,10,2026-09-23T13:49:36.695752+00:00
Falcon3-7B-Base,belief_bank_facts,mlp,13,27416,belief_bank_constraints,64,10546,25610,5273,5273,12021,13589,39.0036,3073,0.43551173899786566,0.35645952915730805,0.4810620851229988,0.3920402561756633,0.470298748475766,18355.265,10,2026-09-23T13:49:36.695752+00:00
Falcon3-7B-Base,belief_bank_facts,mlp,13,27416,belief_bank_constraints,67,10546,25610,5273,5273,12021,13589,36.4728,3073,0.45613058801706546,0.4091173779219699,0.49367434595860993,0.4313467526202693,0.48049394071572527,18393.265,10,2026-09-23T13:49:36.695752+00:00
Falcon3-7B-Base,belief_bank_facts,mlp,13,27416,belief_bank_constraints,104,10546,25610,5273,5273,12021,13589,39.0302,3073,0.45521240089930187,0.3200232925713335,0.501054275673565,0.37583040250097693,0.4781809519949356,18433.82,10,2026-09-23T13:49:36.695752+00:00
Falcon3-7B-Base,belief_bank_facts,mlp,13,27416,belief_bank_constraints,123,10546,25610,5273,5273,12021,13589,38.3174,3073,0.4617699509585377,0.34464686798103317,0.5038266302225693,0.39470299623684085,0.49549967041083803,18473.657,10,2026-09-23T13:49:36.695752+00:00
Falcon3-7B-Base,belief_bank_facts,mlp,13,27416,belief_bank_constraints,420,10546,25610,5273,5273,12021,13589,37.3578,3073,0.45687952600395,0.34639381083104565,0.49992190550566185,0.3940383250532292,0.48731946875243204,18512.534,10,2026-09-23T13:49:36.695752+00:00
Falcon3-7B-Base,belief_bank_facts,mlp,13,27416,belief_bank_constraints,511,10546,25610,5273,5273,12021,13589,37.7764,3073,0.4566010211524435,0.36452874136927044,0.4980866848887153,0.40540290498658527,0.48980689525907484,18551.828,10,2026-09-23T13:49:36.695752+00:00
Falcon3-7B-Base,belief_bank_facts,mlp,13,27416,belief_bank_constraints,mean,0,0,0,0,0,0,37.637060000000005,3073.0,0.45093942986401947,0.3524249230513269,0.4946310035142522,0.39501753991454513,0.4814549025309664,36664.771,10,2026-09-23T13:49:36.695752+00:00
Falcon3-7B-Base,belief_bank_facts,mlp,13,27416,belief_bank_constraints,std,0,0,0,0,0,0,1.3794606113985284,0.0,0.010691327322023011,0.02956688127523909,0.008464489464756331,0.020345919767982657,0.01003033491546138,36664.771,10,2026-09-23T13:49:36.695752+00:00
Falcon3-7B-Base,belief_bank_facts,mlp,13,27416,halu_eval,2,10546,10000,5273,5273,3259,6741,37.214,3073,0.3216601815823606,0.30438784903344585,0.5641,0.3127857480687372,0.49262025591700714,18590.007,10,2026-09-23T13:49:36.695752+00:00
Falcon3-7B-Base,belief_bank_facts,mlp,13,27416,halu_eval,4,10546,10000,5273,5273,3259,6741,37.6553,3073,0.32566666666666666,0.29978521018717397,0.5695,0.31219044575810834,0.49175885713812323,18628.617,10,2026-09-23T13:49:36.695752+00:00
Falcon3-7B-Base,belief_bank_facts,mlp,13,27416,halu_eval,24,10546,10000,5273,5273,3259,6741,37.778,3073,0.31669421487603305,0.2939552009818963,0.5632,0.3049013367281986,0.4928900916790671,18667.335,10,2026-09-23T13:49:36.695752+00:00
Falcon3-7B-Base,belief_bank_facts,mlp,13,27416,halu_eval,42,10546,10000,5273,5273,3259,6741,38.3791,3073,0.32062454611474217,0.270942006750537,0.5753,0.2936969898553135,0.4962982475378056,18706.658,10,2026-09-23T13:49:36.695752+00:00
Falcon3-7B-Base,belief_bank_facts,mlp,13,27416,halu_eval,64,10546,10000,5273,5273,3259,6741,38.7895,3073,0.3137041075972374,0.2648051549555078,0.5716,0.2871880199667221,0.4938481269833987,18746.402,10,2026-09-23T13:49:36.695752+00:00
Falcon3-7B-Base,belief_bank_facts,mlp,13,27416,halu_eval,67,10546,10000,5273,5273,3259,6741,36.5844,3073,0.3230088495575221,0.3807916538815588,0.5381,0.3495282354597944,0.49973200775149657,18783.927,10,2026-09-23T13:49:36.695752+00:00
Falcon3-7B-Base,belief_bank_facts,mlp,13,27416,halu_eval,104,10546,10000,5273,5273,3259,6741,39.1168,3073,0.31772865192891203,0.22491561828781834,0.59,0.26338483650736616,0.4934997711994841,18823.985,10,2026-09-23T13:49:36.695752+00:00
Falcon3-7B-Base,belief_bank_facts,mlp,13,27416,halu_eval,123,10546,10000,5273,5273,3259,6741,37.1771,3073,0.3208502024291498,0.2918073028536361,0.5679,0.3056403663827736,0.49306793383871095,18862.099,10,2026-09-23T13:49:36.695752+00:00
Falcon3-7B-Base,belief_bank_facts,mlp,13,27416,halu_eval,420,10546,10000,5273,5273,3259,6741,34.6933,3073,0.3217283183089835,0.31758208039275854,0.5594,0.3196417541692403,0.4905726358224545,18897.754,10,2026-09-23T13:49:36.695752+00:00
Falcon3-7B-Base,belief_bank_facts,mlp,13,27416,halu_eval,511,10546,10000,5273,5273,3259,6741,38.9928,3073,0.32163564235581327,0.3234120895980362,0.5572,0.32252141982864135,0.4935639983014185,18937.692,10,2026-09-23T13:49:36.695752+00:00
Falcon3-7B-Base,belief_bank_facts,mlp,13,27416,halu_eval,mean,0,0,0,0,0,0,37.63803,3073.0,0.320330138141742,0.29723841669223694,0.56563,0.3071479152724895,0.4937851926168966,36664.771,10,2026-09-23T13:49:36.695752+00:00
Falcon3-7B-Base,belief_bank_facts,mlp,13,27416,halu_eval,std,0,0,0,0,0,0,1.2685010477331102,0.0,0.003245479754016384,0.03892550719713476,0.012724782905810209,0.021788979235475618,0.0024272146240991066,36664.771,10,2026-09-23T13:49:36.695752+00:00
Falcon3-7B-Base,belief_bank_facts,mlp,14,27416,belief_bank_facts,2,10546,8225,5273,5273,2260,5965,40.662,3073,0.732566498921639,0.9017699115044248,0.8825531914893617,0.8084093613645379,0.9323718742813908,18980.016,10,2026-09-23T13:49:36.695752+00:00
Falcon3-7B-Base,belief_bank_facts,mlp,14,27416,belief_bank_facts,4,10546,8225,5273,5273,2260,5965,35.5749,3073,0.7351351351351352,0.9026548672566371,0.8838905775075988,0.8103277060575969,0.9294880163787285,19016.51,10,2026-09-23T13:49:36.695752+00:00
Falcon3-7B-Base,belief_bank_facts,mlp,14,27416,belief_bank_facts,24,10546,8225,5273,5273,2260,5965,38.7709,3073,0.7227581279028225,0.8951327433628319,0.876838905775076,0.7997627989721289,0.9342457476874689,19056.216,10,2026-09-23T13:49:36.695752+00:00
Falcon3-7B-Base,belief_bank_facts,mlp,14,27416,belief_bank_facts,42,10546,8225,5273,5273,2260,5965,38.873,3073,0.7437130177514792,0.8898230088495576,0.8854711246200608,0.8102336825141015,0.9255766677298994,19096.015,10,2026-09-23T13:49:36.695752+00:00
Falcon3-7B-Base,belief_bank_facts,mlp,14,27416,belief_bank_facts,64,10546,8225,5273,5273,2260,5965,39.0259,3073,0.7280638143582306,0.8884955752212389,0.878176291793313,0.8003188521323237,0.9260878724714224,19135.954,10,2026-09-23T13:49:36.695752+00:00
Falcon3-7B-Base,belief_bank_facts,mlp,14,27416,belief_bank_facts,67,10546,8225,5273,5273,2260,5965,37.5972,3073,0.7400290065264684,0.9030973451327433,0.8862006079027356,0.8134715025906736,0.929074876306478,19174.469,10,2026-09-23T13:49:36.695752+00:00
Falcon3-7B-Base,belief_bank_facts,mlp,14,27416,belief_bank_facts,104,10546,8225,5273,5273,2260,5965,36.971,3073,0.7249728948319479,0.8876106194690265,0.8765957446808511,0.798090312313507,0.9225442663323665,19212.348,10,2026-09-23T13:49:36.695752+00:00
Falcon3-7B-Base,belief_bank_facts,mlp,14,27416,belief_bank_facts,123,10546,8225,5273,5273,2260,5965,39.4647,3073,0.7421109902067464,0.9053097345132743,0.8875379939209727,0.8156268686466015,0.930502191990149,19252.721,10,2026-09-23T13:49:36.695752+00:00
Falcon3-7B-Base,belief_bank_facts,mlp,14,27416,belief_bank_facts,420,10546,8225,5273,5273,2260,5965,39.5851,3073,0.7412023460410557,0.8946902654867257,0.8852279635258359,0.8107457898957497,0.932554725574702,19293.227,10,2026-09-23T13:49:36.695752+00:00
Falcon3-7B-Base,belief_bank_facts,mlp,14,27416,belief_bank_facts,511,10546,8225,5273,5273,2260,5965,36.8605,3073,0.733600583090379,0.8907079646017699,0.8810942249240121,0.8045563549160671,0.9285861478091225,19331.003,10,2026-09-23T13:49:36.695752+00:00
Falcon3-7B-Base,belief_bank_facts,mlp,14,27416,belief_bank_facts,mean,0,0,0,0,0,0,38.33852,3073.0,0.7344152414765903,0.895929203539823,0.8823586626139818,0.8071543229403287,0.9291032386561728,36664.771,10,2026-09-23T13:49:36.695752+00:00
Falcon3-7B-Base,belief_bank_facts,mlp,14,27416,belief_bank_facts,std,0,0,0,0,0,0,1.4631377213372632,0.0,0.007023097153316896,0.0064023353089153615,0.0038034312875887748,0.005796390047685439,0.003405359089732176,36664.771,10,2026-09-23T13:49:36.695752+00:00
Falcon3-7B-Base,belief_bank_facts,mlp,14,27416,belief_bank_constraints,2,10546,25610,5273,5273,12021,13589,40.8174,3073,0.461618848565457,0.40420930039098246,0.4990628660679422,0.4310107774870271,0.4923557254579794,19373.366,10,2026-09-23T13:49:36.695752+00:00
Falcon3-7B-Base,belief_bank_facts,mlp,14,27416,belief_bank_constraints,4,10546,25610,5273,5273,12021,13589,35.8494,3073,0.4404702099869386,0.36469511687879547,0.4843420538852011,0.399017020114681,0.4658168268326318,19410.751,10,2026-09-23T13:49:36.695752+00:00
Falcon3-7B-Base,belief_bank_facts,mlp,14,27416,belief_bank_constraints,24,10546,25610,5273,5273,12021,13589,38.4976,3073,0.4559621958576312,0.37725646784793276,0.4964076532604451,0.41289206537078343,0.48660724591483634,19450.78,10,2026-09-23T13:49:36.695752+00:00
Falcon3-7B-Base,belief_bank_facts,mlp,14,27416,belief_bank_constraints,42,10546,25610,5273,5273,12021,13589,37.967,3073,0.46431667148223055,0.4010481657100075,0.5016790316282702,0.43036957686127475,0.49014753408605855,19490.268,10,2026-09-23T13:49:36.695752+00:00
Falcon3-7B-Base,belief_bank_facts,mlp,14,27416,belief_bank_constraints,64,10546,25610,5273,5273,12021,13589,36.34,3073,0.45136950904392764,0.36328092504783294,0.4938695821944553,0.4025626843657817,0.4801296904993738,19528.127,10,2026-09-23T13:49:36.695752+00:00
Falcon3-7B-Base,belief_bank_facts,mlp,14,27416,belief_bank_constraints,67,10546,25610,5273,5273,12021,13589,38.7434,3073,0.4634584664536741,0.3861575576075202,0.5020304568527919,0.42129146435540227,0.49502027105421986,19568.41,10,2026-09-23T13:49:36.695752+00:00
Falcon3-7B-Base,belief_bank_facts,mlp,14,27416,belief_bank_constraints,104,10546,25610,5273,5273,12021,13589,39.1999,3073,0.44458518049398354,0.35038682305964564,0.48961343225302617,0.39190509420795533,0.4777382614006571,19609.153,10,2026-09-23T13:49:36.695752+00:00
Falcon3-7B-Base,belief_bank_facts,mlp,14,27416,belief_bank_constraints,123,10546,25610,5273,5273,12021,13589,36.2793,3073,0.4539154539154539,0.38141585558605773,0.49426005466614603,0.4145194828677335,0.4839499545307817,19646.967,10,2026-09-23T13:49:36.695752+00:00
Falcon3-7B-Base,belief_bank_facts,mlp,14,27416,belief_bank_constraints,420,10546,25610,5273,5273,12021,13589,39.3292,3073,0.43162839248434237,0.27518509275434655,0.4896915267473643,0.33609347218694435,0.4702478465565041,19687.82,10,2026-09-23T13:49:36.695752+00:00
Falcon3-7B-Base,belief_bank_facts,mlp,14,27416,belief_bank_constraints,511,10546,25610,5273,5273,12021,13589,37.2532,3073,0.4584749362786746,0.359121537309708,0.5000780944943382,0.40276158044502497,0.4879389907165,19726.591,10,2026-09-23T13:49:36.695752+00:00
Falcon3-7B-Base,belief_bank_facts,mlp,14,27416,belief_bank_constraints,mean,0,0,0,0,0,0,38.02764,3073.0,0.45257998645623143,0.36627568421928286,0.49510347520499803,0.40424232182626085,0.48299523470495426,36664.771,10,2026-09-23T13:49:36.695752+00:00
Falcon3-7B-Base,belief_bank_facts,mlp,14,27416,belief_bank_constraints,std,0,0,0,0,0,0,1.5111973108763785,0.0,0.010182158572234947,0.03464935258907991,0.005575099166973115,0.02588259161105444,0.009028926983616355,36664.771,10,2026-09-23T13:49:36.695752+00:00
Falcon3-7B-Base,belief_bank_facts,mlp,14,27416,halu_eval,2,10546,10000,5273,5273,3259,6741,40.6969,3073,0.32141405932547745,0.24271248849340288,0.5862,0.2765734265734266,0.49808222243434,19768.243,10,2026-09-23T13:49:36.695752+00:00
Falcon3-7B-Base,belief_bank_facts,mlp,14,27416,halu_eval,4,10546,10000,5273,5273,3259,6741,36.3519,3073,0.3317894736842105,0.24179196072414852,0.5942,0.2797302094426695,0.4992734508238662,19805.544,10,2026-09-23T13:49:36.695752+00:00
Falcon3-7B-Base,belief_bank_facts,mlp,14,27416,halu_eval,24,10546,10000,5273,5273,3259,6741,37.3335,3073,0.32512998266897747,0.28781834918686716,0.5732,0.3053385416666667,0.49409518055940754,19843.826,10,2026-09-23T13:49:36.695752+00:00
Falcon3-7B-Base,belief_bank_facts,mlp,14,27416,halu_eval,42,10546,10000,5273,5273,3259,6741,40.6853,3073,0.31756756756756754,0.23074562749309604,0.5877,0.2672827439132753,0.49872201267618127,19885.466,10,2026-09-23T13:49:36.695752+00:00
Falcon3-7B-Base,belief_bank_facts,mlp,14,27416,halu_eval,64,10546,10000,5273,5273,3259,6741,38.2701,3073,0.32045654082528535,0.22399509051856398,0.5923,0.2636806935163446,0.4970304638111689,19924.683,10,2026-09-23T13:49:36.695752+00:00
Falcon3-7B-Base,belief_bank_facts,mlp,14,27416,halu_eval,67,10546,10000,5273,5273,3259,6741,37.4925,3073,0.3153543307086614,0.24578091439091745,0.5803,0.2762545266425246,0.4932299354374241,19963.122,10,2026-09-23T13:49:36.695752+00:00
Falcon3-7B-Base,belief_bank_facts,mlp,14,27416,halu_eval,104,10546,10000,5273,5273,3259,6741,38.905,3073,0.31947483588621445,0.26879410862227676,0.5751,0.2919513414430928,0.4944717580323365,20002.97,10,2026-09-23T13:49:36.695752+00:00
Falcon3-7B-Base,belief_bank_facts,mlp,14,27416,halu_eval,123,10546,10000,5273,5273,3259,6741,36.7371,3073,0.3177947108919767,0.21755139613378338,0.5928,0.258287795992714,0.49641220398691444,20040.653,10,2026-09-23T13:49:36.695752+00:00
Falcon3-7B-Base,belief_bank_facts,mlp,14,27416,halu_eval,420,10546,10000,5273,5273,3259,6741,39.667,3073,0.3209125475285171,0.2589751457502301,0.5799,0.28663610120563765,0.49491706897367144,20081.266,10,2026-09-23T13:49:36.695752+00:00
Falcon3-7B-Base,belief_bank_facts,mlp,14,27416,halu_eval,511,10546,10000,5273,5273,3259,6741,36.4368,3073,0.3126094570928196,0.21908560908254066,0.5885,0.2576222262312827,0.49599993973303835,20118.65,10,2026-09-23T13:49:36.695752+00:00
Falcon3-7B-Base,belief_bank_facts,mlp,14,27416,halu_eval,mean,0,0,0,0,0,0,38.25761000000001,3073.0,0.32025035061797075,0.2437250690395827,0.5850200000000001,0.27633576066276344,0.49622342364683486,36664.771,10,2026-09-23T13:49:36.695752+00:00
Falcon3-7B-Base,belief_bank_facts,mlp,14,27416,halu_eval,std,0,0,0,0,0,0,1.579489390562659,0.0,0.00504956024293727,0.02159659640385379,0.007107010623321173,0.014562703345648199,0.0019494339693916422,36664.771,10,2026-09-23T13:49:36.695752+00:00
Falcon3-7B-Base,belief_bank_facts,mlp,15,27416,belief_bank_facts,2,10546,8225,5273,5273,2260,5965,38.3208,3073,0.6964347525095189,0.8902654867256637,0.8632218844984803,0.7815109730044669,0.918560630224985,20158.733,10,2026-09-23T13:49:36.695752+00:00
Falcon3-7B-Base,belief_bank_facts,mlp,15,27416,belief_bank_facts,4,10546,8225,5273,5273,2260,5965,41.192,3073,0.6966136834830684,0.8920353982300885,0.8635866261398176,0.7823050058207218,0.9115372489967287,20200.821,10,2026-09-23T13:49:36.695752+00:00
Falcon3-7B-Base,belief_bank_facts,mlp,15,27416,belief_bank_facts,24,10546,8225,5273,5273,2260,5965,40.5574,3073,0.6946086956521739,0.8836283185840708,0.8612765957446809,0.7777994157740993,0.9137426284595241,20242.269,10,2026-09-23T13:49:36.695752+00:00
Falcon3-7B-Base,belief_bank_facts,mlp,15,27416,belief_bank_facts,42,10546,8225,5273,5273,2260,5965,36.1504,3073,0.7027984413744244,0.8778761061946903,0.8644376899696049,0.7806413535313791,0.9140758777232975,20279.328,10,2026-09-23T13:49:36.695752+00:00
Falcon3-7B-Base,belief_bank_facts,mlp,15,27416,belief_bank_facts,64,10546,8225,5273,5273,2260,5965,36.8648,3073,0.7,0.879646017699115,0.8633434650455927,0.779607843137255,0.9171396568478366,20317.113,10,2026-09-23T13:49:36.695752+00:00
Falcon3-7B-Base,belief_bank_facts,mlp,15,27416,belief_bank_facts,67,10546,8225,5273,5273,2260,5965,37.2461,3073,0.6974500344589938,0.8955752212389381,0.8645592705167173,0.7841921735761332,0.9179392696333332,20355.282,10,2026-09-23T13:49:36.695752+00:00
Falcon3-7B-Base,belief_bank_facts,mlp,15,27416,belief_bank_facts,104,10546,8225,5273,5273,2260,5965,38.8735,3073,0.6948096885813149,0.8884955752212389,0.8621276595744681,0.7798058252427185,0.9121692171887634,20395.051,10,2026-09-23T13:49:36.695752+00:00
Falcon3-7B-Base,belief_bank_facts,mlp,15,27416,belief_bank_facts,123,10546,8225,5273,5273,2260,5965,37.546,3073,0.6997561825148032,0.8889380530973451,0.8646808510638297,0.7830832196452933,0.9152778004435905,20433.489,10,2026-09-23T13:49:36.695752+00:00
Falcon3-7B-Base,belief_bank_facts,mlp,15,27416,belief_bank_facts,420,10546,8225,5273,5273,2260,5965,38.7489,3073,0.7039915224302367,0.881858407079646,0.8656534954407294,0.782950304458849,0.9180505381688165,20473.129,10,2026-09-23T13:49:36.695752+00:00
Falcon3-7B-Base,belief_bank_facts,mlp,15,27416,belief_bank_facts,511,10546,8225,5273,5273,2260,5965,38.659,3073,0.6986301369863014,0.8800884955752213,0.8627355623100303,0.7789308791854318,0.9106988405818602,20512.691,10,2026-09-23T13:49:36.695752+00:00
Falcon3-7B-Base,belief_bank_facts,mlp,15,27416,belief_bank_facts,mean,0,0,0,0,0,0,38.41589,3073.0,0.6985093137990835,0.8858407079646018,0.8635623100303953,0.7810826993376347,0.9149191708268736,36664.771,10,2026-09-23T13:49:36.695752+00:00
Falcon3-7B-Base,belief_bank_facts,mlp,15,27416,belief_bank_facts,std,0,0,0,0,0,0,1.4948157528270838,0.0,0.0030027319603803974,0.005700928640143863,0.001245592556825835,0.0019556836966927787,0.002759566650852733,36664.771,10,2026-09-23T13:49:36.695752+00:00
Falcon3-7B-Base,belief_bank_facts,mlp,15,27416,belief_bank_constraints,2,10546,25610,5273,5273,12021,13589,40.4564,3073,0.4547463936714751,0.3251809333666084,0.5002342834830145,0.3792016297230441,0.5055952381367782,20554.684,10,2026-09-23T13:49:36.695752+00:00
Falcon3-7B-Base,belief_bank_facts,mlp,15,27416,belief_bank_constraints,4,10546,25610,5273,5273,12021,13589,40.036,3073,0.47457447933185326,0.37342983112885786,0.5118313158922296,0.4179702048417132,0.5155227866772677,20596.241,10,2026-09-23T13:49:36.695752+00:00
Falcon3-7B-Base,belief_bank_facts,mlp,15,27416,belief_bank_constraints,24,10546,25610,5273,5273,12021,13589,40.4108,3073,0.46417942176870747,0.36328092504783294,0.5042951971885982,0.4075785150963647,0.5107579476980362,20638.18,10,2026-09-23T13:49:36.695752+00:00
Falcon3-7B-Base,belief_bank_facts,mlp,15,27416,belief_bank_constraints,42,10546,25610,5273,5273,12021,13589,36.1336,3073,0.47540983606557374,0.38599118209799516,0.5118703631393987,0.4260594095771544,0.5188603058440747,20675.834,10,2026-09-23T13:49:36.695752+00:00
Falcon3-7B-Base,belief_bank_facts,mlp,15,27416,belief_bank_constraints,64,10546,25610,5273,5273,12021,13589,36.7801,3073,0.46233250620347394,0.38748856168372015,0.5009761811792268,0.4216147719044171,0.5140807105117006,20714.143,10,2026-09-23T13:49:36.695752+00:00
Falcon3-7B-Base,belief_bank_facts,mlp,15,27416,belief_bank_constraints,67,10546,25610,5273,5273,12021,13589,36.9316,3073,0.45896520963425513,0.3424007986024457,0.5018742678641156,0.39220544094525706,0.5062418149453655,20752.601,10,2026-09-23T13:49:36.695752+00:00
Falcon3-7B-Base,belief_bank_facts,mlp,15,27416,belief_bank_constraints,104,10546,25610,5273,5273,12021,13589,36.2223,3073,0.4686476957945102,0.30962482322602114,0.5111675126903553,0.3728898462154987,0.5147721746712184,20790.357,10,2026-09-23T13:49:36.695752+00:00
Falcon3-7B-Base,belief_bank_facts,mlp,15,27416,belief_bank_constraints,123,10546,25610,5273,5273,12021,13589,38.3753,3073,0.4546885540814032,0.3364112802595458,0.49914096056228036,0.3867081042314129,0.50821968661081,20830.265,10,2026-09-23T13:49:36.695752+00:00
Falcon3-7B-Base,belief_bank_facts,mlp,15,27416,belief_bank_constraints,420,10546,25610,5273,5273,12021,13589,40.8051,3073,0.44470657623120025,0.2508942683636969,0.5013276064037485,0.3207998723607935,0.5029208978236622,20872.585,10,2026-09-23T13:49:36.695752+00:00
Falcon3-7B-Base,belief_bank_facts,mlp,15,27416,belief_bank_constraints,511,10546,25610,5273,5273,12021,13589,36.0085,3073,0.46102797657774885,0.2947342151235338,0.5072237407262788,0.35958591291992287,0.5095472839620467,20910.107,10,2026-09-23T13:49:36.695752+00:00
Falcon3-7B-Base,belief_bank_facts,mlp,15,27416,belief_bank_constraints,mean,0,0,0,0,0,0,38.21596999999999,3073.0,0.46192786493602017,0.3369436818900257,0.5049941429129247,0.38846137078155785,0.510651884688096,36664.771,10,2026-09-23T13:49:36.695752+00:00
Falcon3-7B-Base,belief_bank_facts,mlp,15,27416,belief_bank_constraints,std,0,0,0,0,0,0,1.917642624708787,0.0,0.00895673395848241,0.04133547886769479,0.004835665384461928,0.030832084982469393,0.0048142603494996114,36664.771,10,2026-09-23T13:49:36.695752+00:00
Falcon3-7B-Base,belief_bank_facts,mlp,15,27416,halu_eval,2,10546,10000,5273,5273,3259,6741,40.4366,3073,0.32715798045602607,0.4930960417305922,0.5043,0.3933423081630155,0.49826281848460546,20951.48,10,2026-09-23T13:49:36.695752+00:00
Falcon3-7B-Base,belief_bank_facts,mlp,15,27416,halu_eval,4,10546,10000,5273,5273,3259,6741,39.867,3073,0.32450090744101634,0.548634550475606,0.4807,0.4078002052685597,0.49950115888724433,20992.279,10,2026-09-23T13:49:36.695752+00:00
Falcon3-7B-Base,belief_bank_facts,mlp,15,27416,halu_eval,24,10546,10000,5273,5273,3259,6741,40.389,3073,0.3269006820828481,0.602945688861614,0.466,0.42394822006472493,0.49770341453760203,21033.626,10,2026-09-23T13:49:36.695752+00:00
Falcon3-7B-Base,belief_bank_facts,mlp,15,27416,halu_eval,42,10546,10000,5273,5273,3259,6741,37.7733,3073,0.32699884125144846,0.43295489413930655,0.5248,0.37259044098230787,0.4997459137611641,21072.361,10,2026-09-23T13:49:36.695752+00:00
Falcon3-7B-Base,belief_bank_facts,mlp,15,27416,halu_eval,64,10546,10000,5273,5273,3259,6741,36.1745,3073,0.3270107605325552,0.5501687634243633,0.4844,0.4102036147334706,0.5027997281067857,21109.493,10,2026-09-23T13:49:36.695752+00:00
Falcon3-7B-Base,belief_bank_facts,mlp,15,27416,halu_eval,67,10546,10000,5273,5273,3259,6741,39.1767,3073,0.3274245781489688,0.5894446149125498,0.4716,0.4209949594564979,0.49825526235496614,21149.62,10,2026-09-23T13:49:36.695752+00:00
Falcon3-7B-Base,belief_bank_facts,mlp,15,27416,halu_eval,104,10546,10000,5273,5273,3259,6741,38.167,3073,0.31798829164449177,0.3666768947529917,0.5373,0.34060139660823713,0.49855605093723543,21188.728,10,2026-09-23T13:49:36.695752+00:00
Falcon3-7B-Base,belief_bank_facts,mlp,15,27416,halu_eval,123,10546,10000,5273,5273,3259,6741,37.5466,3073,0.32649932937344317,0.5228597729364836,0.493,0.4019815994338287,0.5011442756923998,21227.227,10,2026-09-23T13:49:36.695752+00:00
Falcon3-7B-Base,belief_bank_facts,mlp,15,27416,halu_eval,420,10546,10000,5273,5273,3259,6741,40.5511,3073,0.3156674395495197,0.292420988033139,0.5628,0.30359987257088245,0.4999797441103042,21268.735,10,2026-09-23T13:49:36.695752+00:00
Falcon3-7B-Base,belief_bank_facts,mlp,15,27416,halu_eval,511,10546,10000,5273,5273,3259,6741,35.5895,3073,0.3284992667427082,0.6185946609389383,0.4636,0.42911877394636017,0.5031636513385114,21305.27,10,2026-09-23T13:49:36.695752+00:00
Falcon3-7B-Base,belief_bank_facts,mlp,15,27416,halu_eval,mean,0,0,0,0,0,0,38.56713,3073.0,0.3248648077223026,0.5017796870205584,0.49885,0.3904181391227885,0.4999112018210818,36664.771,10,2026-09-23T13:49:36.695752+00:00
Falcon3-7B-Base,belief_bank_facts,mlp,15,27416,halu_eval,std,0,0,0,0,0,0,1.7098015452385102,0.0,0.004159404936900104,0.10170682166898092,0.031476665960676324,0.03837936830622008,0.001811427566341195,36664.771,10,2026-09-23T13:49:36.695752+00:00
Falcon3-7B-Base,belief_bank_facts,mlp,16,27416,belief_bank_facts,2,10546,8225,5273,5273,2260,5965,41.6502,3073,0.7071129707112971,0.8973451327433628,0.8696656534954408,0.7909516380655226,0.920068281791275,21348.741,10,2026-09-23T13:49:36.695752+00:00
Falcon3-7B-Base,belief_bank_facts,mlp,16,27416,belief_bank_facts,4,10546,8225,5273,5273,2260,5965,41.4467,3073,0.71987087517934,0.8880530973451327,0.8742857142857143,0.7951664025356577,0.9220526077635767,21391.105,10,2026-09-23T13:49:36.695752+00:00
Falcon3-7B-Base,belief_bank_facts,mlp,16,27416,belief_bank_facts,24,10546,8225,5273,5273,2260,5965,38.4023,3073,0.7085976039464411,0.8898230088495576,0.8691793313069909,0.7889368379756767,0.9200807438672494,21430.445,10,2026-09-23T13:49:36.695752+00:00
Falcon3-7B-Base,belief_bank_facts,mlp,16,27416,belief_bank_facts,42,10546,8225,5273,5273,2260,5965,41.6637,3073,0.7197382769901853,0.8761061946902655,0.8722188449848024,0.7902614248652964,0.9173349331276103,21473.036,10,2026-09-23T13:49:36.695752+00:00
Falcon3-7B-Base,belief_bank_facts,mlp,16,27416,belief_bank_facts,64,10546,8225,5273,5273,2260,5965,43.2685,3073,0.7060906515580736,0.8823008849557522,0.8667477203647417,0.7844217151848938,0.9194722904257135,21517.236,10,2026-09-23T13:49:36.695752+00:00
Falcon3-7B-Base,belief_bank_facts,mlp,16,27416,belief_bank_facts,67,10546,8225,5273,5273,2260,5965,38.6519,3073,0.7163070392642377,0.8960176991150443,0.8739209726443768,0.796147041478278,0.9247384076730781,21556.818,10,2026-09-23T13:49:36.695752+00:00
Falcon3-7B-Base,belief_bank_facts,mlp,16,27416,belief_bank_facts,104,10546,8225,5273,5273,2260,5965,40.4049,3073,0.7053413512557482,0.8823008849557522,0.8663829787234043,0.7839591114605858,0.9174545838927668,21598.159,10,2026-09-23T13:49:36.695752+00:00
Falcon3-7B-Base,belief_bank_facts,mlp,16,27416,belief_bank_facts,123,10546,8225,5273,5273,2260,5965,40.5948,3073,0.712212389380531,0.8902654867256637,0.8710030395136779,0.7913470993117011,0.9178196559576882,21639.677,10,2026-09-23T13:49:36.695752+00:00
Falcon3-7B-Base,belief_bank_facts,mlp,16,27416,belief_bank_facts,420,10546,8225,5273,5273,2260,5965,41.8283,3073,0.7111977321048901,0.8880530973451327,0.8701519756838906,0.7898465171192444,0.9242563552878517,21682.436,10,2026-09-23T13:49:36.695752+00:00
Falcon3-7B-Base,belief_bank_facts,mlp,16,27416,belief_bank_facts,511,10546,8225,5273,5273,2260,5965,38.9675,3073,0.7155141526334647,0.8836283185840708,0.8714893617021277,0.7907345080182142,0.9183440645654223,21722.336,10,2026-09-23T13:49:36.695752+00:00
Falcon3-7B-Base,belief_bank_facts,mlp,16,27416,belief_bank_facts,mean,0,0,0,0,0,0,40.68787999999999,3073.0,0.7121983043024208,0.8873893805309734,0.8705045592705168,0.7901772296015072,0.9201621924352233,36664.771,10,2026-09-23T13:49:36.695752+00:00
Falcon3-7B-Base,belief_bank_facts,mlp,16,27416,belief_bank_facts,std,0,0,0,0,0,0,1.511019159904997,0.0,0.005174401570836888,0.006179659387702098,0.0025260973752605493,0.0036912780122972124,0.0025668386909364817,36664.771,10,2026-09-23T13:49:36.695752+00:00
Falcon3-7B-Base,belief_bank_facts,mlp,16,27416,belief_bank_constraints,2,10546,25610,5273,5273,12021,13589,40.3984,3073,0.4642269736842105,0.3756759005074453,0.5034361577508786,0.4152834613085659,0.5028353685193967,21764.249,10,2026-09-23T13:49:36.695752+00:00
Falcon3-7B-Base,belief_bank_facts,mlp,16,27416,belief_bank_constraints,4,10546,25610,5273,5273,12021,13589,44.1982,3073,0.4481786133960047,0.31727809666417106,0.4961733697774307,0.37153572646242267,0.48693636982779337,21809.95,10,2026-09-23T13:49:36.695752+00:00
Falcon3-7B-Base,belief_bank_facts,mlp,16,27416,belief_bank_constraints,24,10546,25610,5273,5273,12021,13589,40.3391,3073,0.46352723915050786,0.3758422760169703,0.5028504490433424,0.4151047409040794,0.49849364906578697,21851.811,10,2026-09-23T13:49:36.695752+00:00
Falcon3-7B-Base,belief_bank_facts,mlp,16,27416,belief_bank_constraints,42,10546,25610,5273,5273,12021,13589,40.4056,3073,0.4480697628845777,0.3804176025289078,0.4892229597813354,0.4114815314707338,0.4910917509145465,21893.735,10,2026-09-23T13:49:36.695752+00:00
Falcon3-7B-Base,belief_bank_facts,mlp,16,27416,belief_bank_constraints,64,10546,25610,5273,5273,12021,13589,42.9435,3073,0.45813349320543567,0.38141585558605773,0.49789144865287,0.41626946298061646,0.4994855263744208,21938.196,10,2026-09-23T13:49:36.695752+00:00
Falcon3-7B-Base,belief_bank_facts,mlp,16,27416,belief_bank_constraints,67,10546,25610,5273,5273,12021,13589,41.2539,3073,0.45850540806293016,0.38790450045753266,0.49765716516985553,0.4202604659546663,0.4962422201405592,21981.01,10,2026-09-23T13:49:36.695752+00:00
Falcon3-7B-Base,belief_bank_facts,mlp,16,27416,belief_bank_constraints,104,10546,25610,5273,5273,12021,13589,38.4818,3073,0.4633764607679466,0.36943681890025787,0.5032018742678641,0.4111085396898866,0.4935838727635914,22021.023,10,2026-09-23T13:49:36.695752+00:00
Falcon3-7B-Base,belief_bank_facts,mlp,16,27416,belief_bank_constraints,123,10546,25610,5273,5273,12021,13589,39.6621,3073,0.45499614410047373,0.3435654271691207,0.49871144084342056,0.391506303915063,0.49218970194609213,22062.208,10,2026-09-23T13:49:36.695752+00:00
Falcon3-7B-Base,belief_bank_facts,mlp,16,27416,belief_bank_constraints,420,10546,25610,5273,5273,12021,13589,40.8603,3073,0.45079293667753906,0.33341652108809583,0.4964467005076142,0.38332058148431525,0.4903485277980401,22104.59,10,2026-09-23T13:49:36.695752+00:00
Falcon3-7B-Base,belief_bank_facts,mlp,16,27416,belief_bank_constraints,511,10546,25610,5273,5273,12021,13589,40.8579,3073,0.46050884955752214,0.3463106230762832,0.5027333073018352,0.3953278571767722,0.5023720386201523,22146.954,10,2026-09-23T13:49:36.695752+00:00
Falcon3-7B-Base,belief_bank_facts,mlp,16,27416,belief_bank_constraints,mean,0,0,0,0,0,0,40.94008,3073.0,0.4570315881487148,0.3611263621994843,0.4988324873096447,0.40311986713471215,0.495357902597038,36664.771,10,2026-09-23T13:49:36.695752+00:00
Falcon3-7B-Base,belief_bank_facts,mlp,16,27416,belief_bank_constraints,std,0,0,0,0,0,0,1.528308722608099,0.0,0.005928367641972877,0.022839862759468598,0.004231231844180769,0.015739118352333506,0.005100623292357381,36664.771,10,2026-09-23T13:49:36.695752+00:00
Falcon3-7B-Base,belief_bank_facts,mlp,16,27416,halu_eval,2,10546,10000,5273,5273,3259,6741,41.3254,3073,0.32547864506627394,0.5424976986805768,0.4845,0.40685766885283625,0.5003768733454751,22189.219,10,2026-09-23T13:49:36.695752+00:00
Falcon3-7B-Base,belief_bank_facts,mlp,16,27416,halu_eval,4,10546,10000,5273,5273,3259,6741,43.297,3073,0.32684748427672955,0.5102792267566738,0.4979,0.3984665149155385,0.5013598985002402,22233.462,10,2026-09-23T13:49:36.695752+00:00
Falcon3-7B-Base,belief_bank_facts,mlp,16,27416,halu_eval,24,10546,10000,5273,5273,3259,6741,50.27,3073,0.3257774447358561,0.5335992635777846,0.4881,0.4045597301384204,0.5014013206566967,22284.677,10,2026-09-23T13:49:36.695752+00:00
Falcon3-7B-Base,belief_bank_facts,mlp,16,27416,halu_eval,42,10546,10000,5273,5273,3259,6741,40.7078,3073,0.3238472622478386,0.2758514881865603,0.5763,0.2979287489643745,0.5026581189543282,22326.324,10,2026-09-23T13:49:36.695752+00:00
Falcon3-7B-Base,belief_bank_facts,mlp,16,27416,halu_eval,64,10546,10000,5273,5273,3259,6741,40.7246,3073,0.3338222352596069,0.34918686713715863,0.5608,0.34133173365326935,0.5045835892061872,22367.986,10,2026-09-23T13:49:36.695752+00:00
Falcon3-7B-Base,belief_bank_facts,mlp,16,27416,halu_eval,67,10546,10000,5273,5273,3259,6741,41.1795,3073,0.3232533889468196,0.4756060141147591,0.5046,0.38490191209336977,0.4964572904110576,22410.108,10,2026-09-23T13:49:36.695752+00:00
Falcon3-7B-Base,belief_bank_facts,mlp,16,27416,halu_eval,104,10546,10000,5273,5273,3259,6741,40.7983,3073,0.3200282585658778,0.2779993863148205,0.5722,0.2975369458128079,0.49756886080739793,22451.857,10,2026-09-23T13:49:36.695752+00:00
Falcon3-7B-Base,belief_bank_facts,mlp,16,27416,halu_eval,123,10546,10000,5273,5273,3259,6741,42.806,3073,0.3272498426683449,0.3191162933415158,0.5643,0.32313189373931955,0.4997541754330288,22495.613,10,2026-09-23T13:49:36.695752+00:00
Falcon3-7B-Base,belief_bank_facts,mlp,16,27416,halu_eval,420,10546,10000,5273,5273,3259,6741,41.579,3073,0.32454563610944676,0.49861920834611845,0.4984,0.39317686910234695,0.49776982654449226,22538.128,10,2026-09-23T13:49:36.695752+00:00
Falcon3-7B-Base,belief_bank_facts,mlp,16,27416,halu_eval,511,10546,10000,5273,5273,3259,6741,40.7648,3073,0.32264150943396225,0.4722307456274931,0.5049,0.3833603188441898,0.501437986092989,22579.846,10,2026-09-23T13:49:36.695752+00:00
Falcon3-7B-Base,belief_bank_facts,mlp,16,27416,halu_eval,mean,0,0,0,0,0,0,42.345240000000004,3073.0,0.32534917073107567,0.4254986192083461,0.5252000000000001,0.36312523361164734,0.5003367939951893,36664.771,10,2026-09-23T13:49:36.695752+00:00
Falcon3-7B-Base,belief_bank_facts,mlp,16,27416,halu_eval,std,0,0,0,0,0,0,2.7767717364594455,0.0,0.003475453010221038,0.10192866075582417,0.035985080241677944,0.04158360462466907,0.0023761055918297704,36664.771,10,2026-09-23T13:49:36.695752+00:00
Falcon3-7B-Base,belief_bank_facts,mlp,17,27416,belief_bank_facts,2,10546,8225,5273,5273,2260,5965,42.7982,3073,0.7088430618664803,0.8973451327433628,0.870516717325228,0.79203280609256,0.9242221587579463,22624.279,10,2026-09-23T13:49:36.695752+00:00
Falcon3-7B-Base,belief_bank_facts,mlp,17,27416,belief_bank_facts,4,10546,8225,5273,5273,2260,5965,38.8078,3073,0.6977312390924957,0.8845132743362832,0.8629787234042553,0.7800975609756098,0.9166770764563197,22664.003,10,2026-09-23T13:49:36.695752+00:00
Falcon3-7B-Base,belief_bank_facts,mlp,17,27416,belief_bank_facts,24,10546,8225,5273,5273,2260,5965,40.0805,3073,0.696767392832045,0.8774336283185841,0.8613981762917933,0.7767332549941246,0.9169201982063512,22704.969,10,2026-09-23T13:49:36.695752+00:00
Falcon3-7B-Base,belief_bank_facts,mlp,17,27416,belief_bank_facts,42,10546,8225,5273,5273,2260,5965,39.7679,3073,0.7029526858769122,0.8743362831858407,0.863951367781155,0.7793334647998422,0.9102508734580035,22745.628,10,2026-09-23T13:49:36.695752+00:00
Falcon3-7B-Base,belief_bank_facts,mlp,17,27416,belief_bank_facts,64,10546,8225,5273,5273,2260,5965,40.0246,3073,0.7061745919091554,0.8805309734513275,0.8665045592705167,0.7837731390311146,0.91368450919449,22786.545,10,2026-09-23T13:49:36.695752+00:00
Falcon3-7B-Base,belief_bank_facts,mlp,17,27416,belief_bank_facts,67,10546,8225,5273,5273,2260,5965,38.7145,3073,0.7053634438955539,0.8845132743362832,0.8667477203647417,0.784844915586965,0.9177890571104302,22826.155,10,2026-09-23T13:49:36.695752+00:00
Falcon3-7B-Base,belief_bank_facts,mlp,17,27416,belief_bank_facts,104,10546,8225,5273,5273,2260,5965,38.5337,3073,0.7141841450408816,0.8889380530973451,0.8717325227963526,0.7920362704514095,0.9136149663598128,22865.578,10,2026-09-23T13:49:36.695752+00:00
Falcon3-7B-Base,belief_bank_facts,mlp,17,27416,belief_bank_facts,123,10546,8225,5273,5273,2260,5965,40.4483,3073,0.703977472720873,0.8849557522123894,0.8661398176291794,0.7841599686336013,0.9165177770030191,22906.915,10,2026-09-23T13:49:36.695752+00:00
Falcon3-7B-Base,belief_bank_facts,mlp,17,27416,belief_bank_facts,420,10546,8225,5273,5273,2260,5965,38.8757,3073,0.7006009190526687,0.8769911504424779,0.8632218844984803,0.7789349577520142,0.9195781438924702,22946.673,10,2026-09-23T13:49:36.695752+00:00
Falcon3-7B-Base,belief_bank_facts,mlp,17,27416,belief_bank_facts,511,10546,8225,5273,5273,2260,5965,41.1325,3073,0.7027310924369747,0.8880530973451327,0.8660182370820668,0.7845973416731822,0.9147679309244932,22988.696,10,2026-09-23T13:49:36.695752+00:00
Falcon3-7B-Base,belief_bank_facts,mlp,17,27416,belief_bank_facts,mean,0,0,0,0,0,0,39.918369999999996,3073.0,0.7039326044724039,0.8837610619469027,0.865920972644377,0.7836543679990423,0.9164022691363336,36664.771,10,2026-09-23T13:49:36.695752+00:00
Falcon3-7B-Base,belief_bank_facts,mlp,17,27416,belief_bank_facts,std,0,0,0,0,0,0,1.2568098862198689,0.0,0.004894728673937927,0.006460934614321033,0.0031024725712975546,0.004944962831430118,0.0035942057919584334,36664.771,10,2026-09-23T13:49:36.695752+00:00
Falcon3-7B-Base,belief_bank_facts,mlp,17,27416,belief_bank_constraints,2,10546,25610,5273,5273,12021,13589,40.8808,3073,0.4333111512501188,0.37916978620747027,0.47582975400234284,0.4044365572315883,0.4664188315577379,23031.114,10,2026-09-23T13:49:36.695752+00:00
Falcon3-7B-Base,belief_bank_facts,mlp,17,27416,belief_bank_constraints,4,10546,25610,5273,5273,12021,13589,40.9105,3073,0.44625780951166644,0.29115714166874634,0.4976962124170246,0.3523962948046718,0.4879192757879392,23073.582,10,2026-09-23T13:49:36.695752+00:00
Falcon3-7B-Base,belief_bank_facts,mlp,17,27416,belief_bank_constraints,24,10546,25610,5273,5273,12021,13589,41.2342,3073,0.44728300701497226,0.3553780883453956,0.4912924638812964,0.3960689783052105,0.48047600414044717,23116.351,10,2026-09-23T13:49:36.695752+00:00
Falcon3-7B-Base,belief_bank_facts,mlp,17,27416,belief_bank_constraints,42,10546,25610,5273,5273,12021,13589,39.8442,3073,0.4257844851384927,0.3849097412860827,0.4676298320968372,0.4043166724921356,0.45860551244584374,23157.71,10,2026-09-23T13:49:36.695752+00:00
Falcon3-7B-Base,belief_bank_facts,mlp,17,27416,belief_bank_constraints,64,10546,25610,5273,5273,12021,13589,40.8641,3073,0.44873781099061333,0.40961650445054487,0.48668488871534554,0.42828563973210404,0.4831366410324846,23200.098,10,2026-09-23T13:49:36.695752+00:00
Falcon3-7B-Base,belief_bank_facts,mlp,17,27416,belief_bank_constraints,67,10546,25610,5273,5273,12021,13589,38.3562,3073,0.43721708325132846,0.3696031944097829,0.4807887543928153,0.4005770184375423,0.4683714450970399,23239.987,10,2026-09-23T13:49:36.695752+00:00
Falcon3-7B-Base,belief_bank_facts,mlp,17,27416,belief_bank_constraints,104,10546,25610,5273,5273,12021,13589,37.4688,3073,0.43264771123210327,0.35695865568588303,0.47844591956267085,0.39117553215734535,0.4714464199388505,23278.981,10,2026-09-23T13:49:36.695752+00:00
Falcon3-7B-Base,belief_bank_facts,mlp,17,27416,belief_bank_constraints,123,10546,25610,5273,5273,12021,13589,39.24,3073,0.446633312486971,0.35645952915730805,0.4906286606794221,0.39648392320148046,0.48268705740620504,23319.771,10,2026-09-23T13:49:36.695752+00:00
Falcon3-7B-Base,belief_bank_facts,mlp,17,27416,belief_bank_constraints,420,10546,25610,5273,5273,12021,13589,40.0179,3073,0.4277518062048449,0.3349139006738208,0.47750878563061305,0.3756823589791443,0.4693222549943246,23361.314,10,2026-09-23T13:49:36.695752+00:00
Falcon3-7B-Base,belief_bank_facts,mlp,17,27416,belief_bank_constraints,511,10546,25610,5273,5273,12021,13589,40.8507,3073,0.43729356420778703,0.36344730055735797,0.48168684107770404,0.39696529165909505,0.48089329887037713,23403.67,10,2026-09-23T13:49:36.695752+00:00
Falcon3-7B-Base,belief_bank_facts,mlp,17,27416,belief_bank_constraints,mean,0,0,0,0,0,0,39.96674,3073.0,0.43829177412888976,0.36016138424423927,0.4828192112456072,0.39463882670003175,0.474927674127125,36664.771,10,2026-09-23T13:49:36.695752+00:00
Falcon3-7B-Base,belief_bank_facts,mlp,17,27416,belief_bank_constraints,std,0,0,0,0,0,0,1.1957680161302189,0.0,0.008058148499058405,0.029942305359341503,0.008374683312860651,0.018771420040752277,0.008877425764518871,36664.771,10,2026-09-23T13:49:36.695752+00:00
Falcon3-7B-Base,belief_bank_facts,mlp,17,27416,halu_eval,2,10546,10000,5273,5273,3259,6741,39.8685,3073,0.32733932733932736,0.30162626572568274,0.5704,0.3139572021718301,0.5027040474772564,23444.489,10,2026-09-23T13:49:36.695752+00:00
Falcon3-7B-Base,belief_bank_facts,mlp,17,27416,halu_eval,4,10546,10000,5273,5273,3259,6741,41.2371,3073,0.33004926108374383,0.3083768027002148,0.5706,0.3188451776649746,0.4997947327312737,23486.685,10,2026-09-23T13:49:36.695752+00:00
Falcon3-7B-Base,belief_bank_facts,mlp,17,27416,halu_eval,24,10546,10000,5273,5273,3259,6741,40.053,3073,0.3314254565276642,0.3731205891377723,0.5504,0.3510392609699769,0.502476111819612,23527.693,10,2026-09-23T13:49:36.695752+00:00
Falcon3-7B-Base,belief_bank_facts,mlp,17,27416,halu_eval,42,10546,10000,5273,5273,3259,6741,39.7604,3073,0.3259684361549498,0.34857318195765574,0.5528,0.3368920521945433,0.5010916331386174,23568.403,10,2026-09-23T13:49:36.695752+00:00
Falcon3-7B-Base,belief_bank_facts,mlp,17,27416,halu_eval,64,10546,10000,5273,5273,3259,6741,39.1164,3073,0.32002314814814814,0.339367904265112,0.5497,0.32941176470588235,0.49851838408617194,23608.464,10,2026-09-23T13:49:36.695752+00:00
Falcon3-7B-Base,belief_bank_facts,mlp,17,27416,halu_eval,67,10546,10000,5273,5273,3259,6741,37.3307,3073,0.32955415964455337,0.6600184105553851,0.4516,0.43960760269773147,0.5085531290820455,23646.753,10,2026-09-23T13:49:36.695752+00:00
Falcon3-7B-Base,belief_bank_facts,mlp,17,27416,halu_eval,104,10546,10000,5273,5273,3259,6741,39.5856,3073,0.33534743202416917,0.27247621969929425,0.5869,0.3006602336211275,0.5056546705825625,23687.289,10,2026-09-23T13:49:36.695752+00:00
Falcon3-7B-Base,belief_bank_facts,mlp,17,27416,halu_eval,123,10546,10000,5273,5273,3259,6741,39.3127,3073,0.328287841191067,0.4059527462411783,0.5357,0.36301275895184526,0.5028959777219808,23727.553,10,2026-09-23T13:49:36.695752+00:00
Falcon3-7B-Base,belief_bank_facts,mlp,17,27416,halu_eval,420,10546,10000,5273,5273,3259,6741,40.922,3073,0.3265245707519242,0.3384473764958576,0.5569,0.3323790869368691,0.5045727329596873,23769.433,10,2026-09-23T13:49:36.695752+00:00
Falcon3-7B-Base,belief_bank_facts,mlp,17,27416,halu_eval,511,10546,10000,5273,5273,3259,6741,41.3548,3073,0.32147024504084015,0.33814053390610616,0.5517,0.32959473605503214,0.4998822427266449,23811.737,10,2026-09-23T13:49:36.695752+00:00
Falcon3-7B-Base,belief_bank_facts,mlp,17,27416,halu_eval,mean,0,0,0,0,0,0,39.85412000000001,3073.0,0.32759898779063873,0.3686100030684259,0.54767,0.3415399875969813,0.5026143662325853,36664.771,10,2026-09-23T13:49:36.695752+00:00
Falcon3-7B-Base,belief_bank_facts,mlp,17,27416,halu_eval,std,0,0,0,0,0,0,1.1238640138379725,0.0,0.004287384218538547,0.10333682632234267,0.034775682595744976,0.03675717644204262,0.0028803582199508505,36664.771,10,2026-09-23T13:49:36.695752+00:00
Falcon3-7B-Base,belief_bank_facts,mlp,18,27416,belief_bank_facts,2,10546,8225,5273,5273,2260,5965,41.1351,3073,0.6976581614819993,0.8831858407079646,0.8627355623100303,0.779535247022066,0.9158290989473997,23854.597,10,2026-09-23T13:49:36.695752+00:00
Falcon3-7B-Base,belief_bank_facts,mlp,18,27416,belief_bank_facts,4,10546,8225,5273,5273,2260,5965,41.0365,3073,0.7010775112964894,0.8924778761061947,0.8658966565349544,0.7852832392446953,0.9167264425965627,23896.548,10,2026-09-23T13:49:36.695752+00:00
Falcon3-7B-Base,belief_bank_facts,mlp,18,27416,belief_bank_facts,24,10546,8225,5273,5273,2260,5965,39.4578,3073,0.6891281695032998,0.8778761061946903,0.857629179331307,0.7721346565479665,0.9119759808321403,23936.917,10,2026-09-23T13:49:36.695752+00:00
Falcon3-7B-Base,belief_bank_facts,mlp,18,27416,belief_bank_facts,42,10546,8225,5273,5273,2260,5965,41.2519,3073,0.7059245960502692,0.8699115044247787,0.8646808510638297,0.7793855302279484,0.9081550564131475,23979.102,10,2026-09-23T13:49:36.695752+00:00
Falcon3-7B-Base,belief_bank_facts,mlp,18,27416,belief_bank_facts,64,10546,8225,5273,5273,2260,5965,39.1279,3073,0.7037429378531074,0.881858407079646,0.865531914893617,0.7827965435978005,0.915052778375331,24019.164,10,2026-09-23T13:49:36.695752+00:00
Falcon3-7B-Base,belief_bank_facts,mlp,18,27416,belief_bank_facts,67,10546,8225,5273,5273,2260,5965,42.5102,3073,0.700740218540712,0.879646017699115,0.86370820668693,0.7800667059054346,0.9180150435059974,24062.592,10,2026-09-23T13:49:36.695752+00:00
Falcon3-7B-Base,belief_bank_facts,mlp,18,27416,belief_bank_facts,104,10546,8225,5273,5273,2260,5965,40.7866,3073,0.7063435495367071,0.8769911504424779,0.8660182370820668,0.7824713778128701,0.9144899450333435,24104.302,10,2026-09-23T13:49:36.695752+00:00
Falcon3-7B-Base,belief_bank_facts,mlp,18,27416,belief_bank_facts,123,10546,8225,5273,5273,2260,5965,43.071,3073,0.7016996184530003,0.8951327433628319,0.8666261398176291,0.7867003694341824,0.9199686222729937,24148.29,10,2026-09-23T13:49:36.695752+00:00
Falcon3-7B-Base,belief_bank_facts,mlp,18,27416,belief_bank_facts,420,10546,8225,5273,5273,2260,5965,41.8483,3073,0.7077527688460165,0.8765486725663717,0.8666261398176291,0.7831587270211504,0.9174013604432938,24191.059,10,2026-09-23T13:49:36.695752+00:00
Falcon3-7B-Base,belief_bank_facts,mlp,18,27416,belief_bank_facts,511,10546,8225,5273,5273,2260,5965,43.7011,3073,0.7066381156316917,0.8761061946902655,0.8660182370820668,0.7822994863690241,0.9127671001194284,24235.683,10,2026-09-23T13:49:36.695752+00:00
Falcon3-7B-Base,belief_bank_facts,mlp,18,27416,belief_bank_facts,mean,0,0,0,0,0,0,41.39264,3073.0,0.7020705647193293,0.8809734513274338,0.8645471124620061,0.7813831883183139,0.9150381428539639,36664.771,10,2026-09-23T13:49:36.695752+00:00
Falcon3-7B-Base,belief_bank_facts,mlp,18,27416,belief_bank_facts,std,0,0,0,0,0,0,1.3804113200057437,0.0,0.005281356143710964,0.007289478888570303,0.0026004882519925663,0.0038122260203634897,0.0032317861173262775,36664.771,10,2026-09-23T13:49:36.695752+00:00
Falcon3-7B-Base,belief_bank_facts,mlp,18,27416,belief_bank_constraints,2,10546,25610,5273,5273,12021,13589,38.853,3073,0.4437145906888907,0.4495466267365444,0.4770792659117532,0.4466115702479339,0.47009488674824945,24276.059,10,2026-09-23T13:49:36.695752+00:00
Falcon3-7B-Base,belief_bank_facts,mlp,18,27416,belief_bank_constraints,4,10546,25610,5273,5273,12021,13589,42.282,3073,0.43503179009581805,0.40412611263621995,0.47395548613822724,0.41900983267207176,0.45793010856115246,24319.868,10,2026-09-23T13:49:36.695752+00:00
Falcon3-7B-Base,belief_bank_facts,mlp,18,27416,belief_bank_constraints,24,10546,25610,5273,5273,12021,13589,41.5205,3073,0.44635231316725976,0.4173529656434573,0.4835220616946505,0.43136580542539016,0.47425055555481077,24362.918,10,2026-09-23T13:49:36.695752+00:00
Falcon3-7B-Base,belief_bank_facts,mlp,18,27416,belief_bank_constraints,42,10546,25610,5273,5273,12021,13589,42.865,3073,0.4235729186421392,0.37159970052408287,0.46766887934400625,0.39588780077103736,0.45190805339313206,24407.305,10,2026-09-23T13:49:36.695752+00:00
Falcon3-7B-Base,belief_bank_facts,mlp,18,27416,belief_bank_constraints,64,10546,25610,5273,5273,12021,13589,38.6489,3073,0.4388517499016909,0.3713501372597954,0.4820382663022257,0.4022890100482134,0.4669244960598272,24447.462,10,2026-09-23T13:49:36.695752+00:00
Falcon3-7B-Base,belief_bank_facts,mlp,18,27416,belief_bank_constraints,67,10546,25610,5273,5273,12021,13589,42.2122,3073,0.44747466424981464,0.45179269611513184,0.4808278016399844,0.44962331318817783,0.475234942965884,24491.188,10,2026-09-23T13:49:36.695752+00:00
Falcon3-7B-Base,belief_bank_facts,mlp,18,27416,belief_bank_constraints,104,10546,25610,5273,5273,12021,13589,40.4355,3073,0.4288768964463904,0.35038682305964564,0.4760640374853573,0.3856789671275524,0.45650695456424906,24533.184,10,2026-09-23T13:49:36.695752+00:00
Falcon3-7B-Base,belief_bank_facts,mlp,18,27416,belief_bank_constraints,123,10546,25610,5273,5273,12021,13589,44.2615,3073,0.43589256904242196,0.38208135762415774,0.4778602108551347,0.4072169518574342,0.4603485588350492,24578.982,10,2026-09-23T13:49:36.695752+00:00
Falcon3-7B-Base,belief_bank_facts,mlp,18,27416,belief_bank_constraints,420,10546,25610,5273,5273,12021,13589,41.6698,3073,0.449540396710208,0.3864903086265702,0.48988676298320966,0.4156378600823045,0.477450042674051,24622.161,10,2026-09-23T13:49:36.695752+00:00
Falcon3-7B-Base,belief_bank_facts,mlp,18,27416,belief_bank_constraints,511,10546,25610,5273,5273,12021,13589,43.5241,3073,0.44317815288678636,0.3428999251310207,0.48934010152284263,0.38664290404277274,0.4700940603190131,24667.193,10,2026-09-23T13:49:36.695752+00:00
Falcon3-7B-Base,belief_bank_facts,mlp,18,27416,belief_bank_constraints,mean,0,0,0,0,0,0,41.62725,3073.0,0.439248604183142,0.3927626653356626,0.4798242873877392,0.4139964015462888,0.4660742659675418,36664.771,10,2026-09-23T13:49:36.695752+00:00
Falcon3-7B-Base,belief_bank_facts,mlp,18,27416,belief_bank_constraints,std,0,0,0,0,0,0,1.7561522720140186,0.0,0.008012113031192591,0.035755529237628945,0.006473912292811914,0.021733815645243154,0.00839375415221023,36664.771,10,2026-09-23T13:49:36.695752+00:00
Falcon3-7B-Base,belief_bank_facts,mlp,18,27416,halu_eval,2,10546,10000,5273,5273,3259,6741,40.3279,3073,0.32342887194320274,0.37741638539429273,0.5398,0.34834324553950724,0.4957124881747709,24708.452,10,2026-09-23T13:49:36.695752+00:00
Falcon3-7B-Base,belief_bank_facts,mlp,18,27416,halu_eval,4,10546,10000,5273,5273,3259,6741,39.5986,3073,0.3171630334663801,0.3169683952132556,0.555,0.3170656844689994,0.491135430924025,24748.981,10,2026-09-23T13:49:36.695752+00:00
Falcon3-7B-Base,belief_bank_facts,mlp,18,27416,halu_eval,24,10546,10000,5273,5273,3259,6741,39.6532,3073,0.3202939269505079,0.45474071801166,0.5078,0.3758559472482881,0.4896582075795354,24789.576,10,2026-09-23T13:49:36.695752+00:00
Falcon3-7B-Base,belief_bank_facts,mlp,18,27416,halu_eval,42,10546,10000,5273,5273,3259,6741,42.8391,3073,0.3254625550660793,0.566738263270942,0.476,0.41347660622341614,0.49633978349139524,24833.362,10,2026-09-23T13:49:36.695752+00:00
Falcon3-7B-Base,belief_bank_facts,mlp,18,27416,halu_eval,64,10546,10000,5273,5273,3259,6741,38.1998,3073,0.30660954712362304,0.3074562749309604,0.5477,0.3070323272560135,0.4887726610490029,24872.499,10,2026-09-23T13:49:36.695752+00:00
Falcon3-7B-Base,belief_bank_facts,mlp,18,27416,halu_eval,67,10546,10000,5273,5273,3259,6741,41.9492,3073,0.3224081421424875,0.5734888002454741,0.4682,0.4127650176678445,0.49353051918485386,24915.379,10,2026-09-23T13:49:36.695752+00:00
Falcon3-7B-Base,belief_bank_facts,mlp,18,27416,halu_eval,104,10546,10000,5273,5273,3259,6741,41.6148,3073,0.3217580032555616,0.545872967167843,0.477,0.40487027765134276,0.4915652882146819,24957.933,10,2026-09-23T13:49:36.695752+00:00
Falcon3-7B-Base,belief_bank_facts,mlp,18,27416,halu_eval,123,10546,10000,5273,5273,3259,6741,42.7221,3073,0.31662665066026413,0.3237189321877877,0.5519,0.32013351539978757,0.4925644725623504,25001.596,10,2026-09-23T13:49:36.695752+00:00
Falcon3-7B-Base,belief_bank_facts,mlp,18,27416,halu_eval,420,10546,10000,5273,5273,3259,6741,40.7561,3073,0.3214176596394745,0.3227984044185333,0.5572,0.32210655235762403,0.49682317095347295,25043.286,10,2026-09-23T13:49:36.695752+00:00
Falcon3-7B-Base,belief_bank_facts,mlp,18,27416,halu_eval,511,10546,10000,5273,5273,3259,6741,40.842,3073,0.3179710144927536,0.3366063209573489,0.5485,0.327023401401103,0.49165816943473634,25085.065,10,2026-09-23T13:49:36.695752+00:00
Falcon3-7B-Base,belief_bank_facts,mlp,18,27416,halu_eval,mean,0,0,0,0,0,0,40.850280000000005,3073.0,0.31931394047403344,0.4125805461798098,0.52291,0.3548672575213926,0.4927760191568825,36664.771,10,2026-09-23T13:49:36.695752+00:00
Falcon3-7B-Base,belief_bank_facts,mlp,18,27416,halu_eval,std,0,0,0,0,0,0,1.3984919726619809,0.0,0.005007241208046799,0.10599954428553783,0.03482876541021804,0.040672733720679956,0.002635741618230732,36664.771,10,2026-09-23T13:49:36.695752+00:00
Falcon3-7B-Base,belief_bank_facts,mlp,19,27416,belief_bank_facts,2,10546,8225,5273,5273,2260,5965,40.582,3073,0.6685733512786003,0.8792035398230088,0.8470516717325228,0.7595565749235474,0.9059998219703431,25127.194,10,2026-09-23T13:49:36.695752+00:00
Falcon3-7B-Base,belief_bank_facts,mlp,19,27416,belief_bank_facts,4,10546,8225,5273,5273,2260,5965,39.216,3073,0.6756383712905452,0.8663716814159292,0.8489969604863222,0.759208995734781,0.903011668360421,25167.352,10,2026-09-23T13:49:36.695752+00:00
Falcon3-7B-Base,belief_bank_facts,mlp,19,27416,belief_bank_facts,24,10546,8225,5273,5273,2260,5965,39.8508,3073,0.6760995567678145,0.8774336283185841,0.8508206686930091,0.7637203928365107,0.907440972041926,25208.136,10,2026-09-23T13:49:36.695752+00:00
Falcon3-7B-Base,belief_bank_facts,mlp,19,27416,belief_bank_facts,42,10546,8225,5273,5273,2260,5965,39.1788,3073,0.6778476589797344,0.8584070796460177,0.8489969604863222,0.7575165950800469,0.8978691704559785,25248.238,10,2026-09-23T13:49:36.695752+00:00
Falcon3-7B-Base,belief_bank_facts,mlp,19,27416,belief_bank_facts,64,10546,8225,5273,5273,2260,5965,41.333,3073,0.6889585510275166,0.8752212389380531,0.8571428571428571,0.7709998051062171,0.9097183422471793,25290.502,10,2026-09-23T13:49:36.695752+00:00
Falcon3-7B-Base,belief_bank_facts,mlp,19,27416,belief_bank_facts,67,10546,8225,5273,5273,2260,5965,40.4629,3073,0.6776494565217391,0.8827433628318584,0.8524012158054711,0.7667179093005381,0.9069571764496437,25331.891,10,2026-09-23T13:49:36.695752+00:00
Falcon3-7B-Base,belief_bank_facts,mlp,19,27416,belief_bank_facts,104,10546,8225,5273,5273,2260,5965,36.1792,3073,0.6761147597649498,0.8654867256637168,0.8491185410334346,0.759169415874248,0.900933060849053,25369.005,10,2026-09-23T13:49:36.695752+00:00
Falcon3-7B-Base,belief_bank_facts,mlp,19,27416,belief_bank_facts,123,10546,8225,5273,5273,2260,5965,37.9216,3073,0.676500508646999,0.8827433628318584,0.8517933130699088,0.7659819543098484,0.9099824937504174,25407.844,10,2026-09-23T13:49:36.695752+00:00
Falcon3-7B-Base,belief_bank_facts,mlp,19,27416,belief_bank_facts,420,10546,8225,5273,5273,2260,5965,36.648,3073,0.6782367233599444,0.8646017699115044,0.8500911854103343,0.7601633923361214,0.9052859972257045,25445.408,10,2026-09-23T13:49:36.695752+00:00
Falcon3-7B-Base,belief_bank_facts,mlp,19,27416,belief_bank_facts,511,10546,8225,5273,5273,2260,5965,39.3876,3073,0.6784367500857045,0.8756637168141593,0.8517933130699088,0.7645354452385551,0.9062226928469167,25485.714,10,2026-09-23T13:49:36.695752+00:00
Falcon3-7B-Base,belief_bank_facts,mlp,19,27416,belief_bank_facts,mean,0,0,0,0,0,0,39.075990000000004,3073.0,0.6774055687723547,0.8727876106194691,0.8508206686930091,0.7627570480740414,0.9053421396197583,36664.771,10,2026-09-23T13:49:36.695752+00:00
Falcon3-7B-Base,belief_bank_facts,mlp,19,27416,belief_bank_facts,std,0,0,0,0,0,0,1.6010130433260052,0.0,0.004698962850460984,0.008021551556444646,0.0026200537380281315,0.004098956223750034,0.003600345670079821,36664.771,10,2026-09-23T13:49:36.695752+00:00
Falcon3-7B-Base,belief_bank_facts,mlp,19,27416,belief_bank_constraints,2,10546,25610,5273,5273,12021,13589,38.6263,3073,0.4633097942892232,0.3765909658098328,0.502616165560328,0.4154735682819383,0.5132782293580979,25525.852,10,2026-09-23T13:49:36.695752+00:00
Falcon3-7B-Base,belief_bank_facts,mlp,19,27416,belief_bank_constraints,4,10546,25610,5273,5273,12021,13589,36.6992,3073,0.44784925770841266,0.3914815739123201,0.4878172588832487,0.4177726485862666,0.4919800460313739,25564.059,10,2026-09-23T13:49:36.695752+00:00
Falcon3-7B-Base,belief_bank_facts,mlp,19,27416,belief_bank_constraints,24,10546,25610,5273,5273,12021,13589,41.7789,3073,0.4556491575817641,0.30596456201647115,0.502655212807497,0.36609764594634947,0.5046580490176484,25607.347,10,2026-09-23T13:49:36.695752+00:00
Falcon3-7B-Base,belief_bank_facts,mlp,19,27416,belief_bank_constraints,42,10546,25610,5273,5273,12021,13589,38.5029,3073,0.45170290552241676,0.39056650860993264,0.4914096056228036,0.4189159045282177,0.49801573116009623,25647.38,10,2026-09-23T13:49:36.695752+00:00
Falcon3-7B-Base,belief_bank_facts,mlp,19,27416,belief_bank_constraints,64,10546,25610,5273,5273,12021,13589,40.3969,3073,0.4483263394164146,0.38216454537892025,0.4892620070285045,0.4126100233518951,0.49560588187195576,25689.29,10,2026-09-23T13:49:36.695752+00:00
Falcon3-7B-Base,belief_bank_facts,mlp,19,27416,belief_bank_constraints,67,10546,25610,5273,5273,12021,13589,38.1883,3073,0.45011324353319826,0.31411696198319605,0.49793049590003907,0.37001469867711906,0.5008370075305885,25728.985,10,2026-09-23T13:49:36.695752+00:00
Falcon3-7B-Base,belief_bank_facts,mlp,19,27416,belief_bank_constraints,104,10546,25610,5273,5273,12021,13589,36.7543,3073,0.45846477392218715,0.36269861076449544,0.49976571651698554,0.40499744554363476,0.5008919650748066,25767.257,10,2026-09-23T13:49:36.695752+00:00
Falcon3-7B-Base,belief_bank_facts,mlp,19,27416,belief_bank_constraints,123,10546,25610,5273,5273,12021,13589,39.7447,3073,0.4476427923844062,0.3285916313118709,0.4945333853963296,0.3789877668505637,0.4934135946715614,25808.524,10,2026-09-23T13:49:36.695752+00:00
Falcon3-7B-Base,belief_bank_facts,mlp,19,27416,belief_bank_constraints,420,10546,25610,5273,5273,12021,13589,37.4498,3073,0.45643210555250135,0.276266533566259,0.5058570870753611,0.34419858009016946,0.4969110982951322,25847.474,10,2026-09-23T13:49:36.695752+00:00
Falcon3-7B-Base,belief_bank_facts,mlp,19,27416,belief_bank_constraints,511,10546,25610,5273,5273,12021,13589,37.2765,3073,0.4551752662599524,0.3661924964645204,0.4967590784849668,0.40586391296330443,0.5023331413507608,25886.247,10,2026-09-23T13:49:36.695752+00:00
Falcon3-7B-Base,belief_bank_facts,mlp,19,27416,belief_bank_constraints,mean,0,0,0,0,0,0,38.54178,3073.0,0.4534665636170477,0.34946343898178184,0.4968606013276064,0.3934932194819459,0.4997924744362021,36664.771,10,2026-09-23T13:49:36.695752+00:00
Falcon3-7B-Base,belief_bank_facts,mlp,19,27416,belief_bank_constraints,std,0,0,0,0,0,0,1.5774845684189758,0.0,0.00494567188318521,0.038275615285653306,0.005760949915157312,0.025123496587829447,0.00587371404060718,36664.771,10,2026-09-23T13:49:36.695752+00:00
Falcon3-7B-Base,belief_bank_facts,mlp,19,27416,halu_eval,2,10546,10000,5273,5273,3259,6741,40.1954,3073,0.32564066260795693,0.7057379564283522,0.4278,0.44565006781631467,0.4970573199345858,25927.391,10,2026-09-23T13:49:36.695752+00:00
Falcon3-7B-Base,belief_bank_facts,mlp,19,27416,halu_eval,4,10546,10000,5273,5273,3259,6741,38.0061,3073,0.32728465238303456,0.4593433568579319,0.5161,0.3822290310225967,0.49981883496406904,25966.341,10,2026-09-23T13:49:36.695752+00:00
Falcon3-7B-Base,belief_bank_facts,mlp,19,27416,halu_eval,24,10546,10000,5273,5273,3259,6741,40.4238,3073,0.32892536859705124,0.664007364222154,0.449,0.43992681439316933,0.5008927840281991,26007.705,10,2026-09-23T13:49:36.695752+00:00
Falcon3-7B-Base,belief_bank_facts,mlp,19,27416,halu_eval,42,10546,10000,5273,5273,3259,6741,38.8119,3073,0.32592093441150044,0.44522859772936485,0.5191,0.3763454804824277,0.5009280156206138,26047.453,10,2026-09-23T13:49:36.695752+00:00
Falcon3-7B-Base,belief_bank_facts,mlp,19,27416,halu_eval,64,10546,10000,5273,5273,3259,6741,39.8402,3073,0.32814710042432815,0.6406873274010433,0.4554,0.4340054042818541,0.5034705849659694,26088.229,10,2026-09-23T13:49:36.695752+00:00
Falcon3-7B-Base,belief_bank_facts,mlp,19,27416,halu_eval,67,10546,10000,5273,5273,3259,6741,40.3425,3073,0.3293916290648825,0.6495857625038355,0.4548,0.437125748502994,0.502138088815385,26129.516,10,2026-09-23T13:49:36.695752+00:00
Falcon3-7B-Base,belief_bank_facts,mlp,19,27416,halu_eval,104,10546,10000,5273,5273,3259,6741,36.2971,3073,0.32401458586560167,0.5725682724762197,0.4714,0.4138389886892881,0.49755586517479533,26166.748,10,2026-09-23T13:49:36.695752+00:00
Falcon3-7B-Base,belief_bank_facts,mlp,19,27416,halu_eval,123,10546,10000,5273,5273,3259,6741,37.7568,3073,0.32863714778608394,0.3507210800859159,0.5549,0.33932017218346444,0.4986342523271172,26205.433,10,2026-09-23T13:49:36.695752+00:00
Falcon3-7B-Base,belief_bank_facts,mlp,19,27416,halu_eval,420,10546,10000,5273,5273,3259,6741,39.2665,3073,0.3277310924369748,0.6940779380177968,0.4363,0.4452317685267198,0.5003600768886262,26245.64,10,2026-09-23T13:49:36.695752+00:00
Falcon3-7B-Base,belief_bank_facts,mlp,19,27416,halu_eval,511,10546,10000,5273,5273,3259,6741,36.4885,3073,0.3224606580829757,0.3458115986498926,0.55,0.3337281610897246,0.49869968567866263,26283.059,10,2026-09-23T13:49:36.695752+00:00
Falcon3-7B-Base,belief_bank_facts,mlp,19,27416,halu_eval,mean,0,0,0,0,0,0,38.74288,3073.0,0.32681538316603903,0.5527769254372508,0.48347999999999997,0.40474016369885535,0.4999555508398023,36664.771,10,2026-09-23T13:49:36.695752+00:00
Falcon3-7B-Base,belief_bank_facts,mlp,19,27416,halu_eval,std,0,0,0,0,0,0,1.4682101660184756,0.0,0.0021500748530094466,0.13311079462565653,0.0448671550245834,0.04144254898407566,0.001913285760428019,36664.771,10,2026-09-23T13:49:36.695752+00:00
Falcon3-7B-Base,belief_bank_facts,mlp,20,27416,belief_bank_facts,2,10546,8225,5273,5273,2260,5965,40.9409,3073,0.66890756302521,0.8805309734513275,0.8474164133738602,0.7602674307545367,0.9098441869608114,26325.667,10,2026-09-23T13:49:36.695752+00:00
Falcon3-7B-Base,belief_bank_facts,mlp,20,27416,belief_bank_facts,4,10546,8225,5273,5273,2260,5965,39.1517,3073,0.6634909833276624,0.8628318584070797,0.8420668693009119,0.7501442585112522,0.898888130614425,26365.721,10,2026-09-23T13:49:36.695752+00:00
Falcon3-7B-Base,belief_bank_facts,mlp,20,27416,belief_bank_facts,24,10546,8225,5273,5273,2260,5965,39.9707,3073,0.6580101180438449,0.8632743362831858,0.8391489361702128,0.7467942583732058,0.8984905681371421,26406.604,10,2026-09-23T13:49:36.695752+00:00
Falcon3-7B-Base,belief_bank_facts,mlp,20,27416,belief_bank_facts,42,10546,8225,5273,5273,2260,5965,38.4962,3073,0.6740255260434632,0.8646017699115044,0.84790273556231,0.7575111455708471,0.9012130495738415,26445.998,10,2026-09-23T13:49:36.695752+00:00
Falcon3-7B-Base,belief_bank_facts,mlp,20,27416,belief_bank_facts,64,10546,8225,5273,5273,2260,5965,41.5797,3073,0.6801521438450899,0.870353982300885,0.8519148936170213,0.7635869565217391,0.9046742428176161,26488.475,10,2026-09-23T13:49:36.695752+00:00
Falcon3-7B-Base,belief_bank_facts,mlp,20,27416,belief_bank_facts,67,10546,8225,5273,5273,2260,5965,36.8377,3073,0.6704158145875937,0.870353982300885,0.8468085106382979,0.7574123989218329,0.9113604432938455,26526.244,10,2026-09-23T13:49:36.695752+00:00
Falcon3-7B-Base,belief_bank_facts,mlp,20,27416,belief_bank_facts,104,10546,8225,5273,5273,2260,5965,42.7914,3073,0.6686206896551724,0.8579646017699115,0.8441337386018237,0.7515503875968992,0.9013441239086413,26569.946,10,2026-09-23T13:49:36.695752+00:00
Falcon3-7B-Base,belief_bank_facts,mlp,20,27416,belief_bank_facts,123,10546,8225,5273,5273,2260,5965,38.2744,3073,0.6662175816773325,0.8752212389380531,0.8452279635258358,0.7565500095620578,0.9049232247105163,26609.12,10,2026-09-23T13:49:36.695752+00:00
Falcon3-7B-Base,belief_bank_facts,mlp,20,27416,belief_bank_facts,420,10546,8225,5273,5273,2260,5965,39.426,3073,0.6863023420865862,0.8557522123893805,0.8528875379939209,0.7617172115005908,0.9058035813632622,26649.428,10,2026-09-23T13:49:36.695752+00:00
Falcon3-7B-Base,belief_bank_facts,mlp,20,27416,belief_bank_facts,511,10546,8225,5273,5273,2260,5965,38.8661,3073,0.67646042170757,0.8659292035398231,0.8493617021276596,0.7595575392974966,0.9061033017083429,26689.208,10,2026-09-23T13:49:36.695752+00:00
Falcon3-7B-Base,belief_bank_facts,mlp,20,27416,belief_bank_facts,mean,0,0,0,0,0,0,39.633480000000006,3073.0,0.6712603183999526,0.8666814159292036,0.8466869300911852,0.7565091596610458,0.9042644853088445,36664.771,10,2026-09-23T13:49:36.695752+00:00
Falcon3-7B-Base,belief_bank_facts,mlp,20,27416,belief_bank_facts,std,0,0,0,0,0,0,1.6554219231362146,0.0,0.007839581233118115,0.007200435285873631,0.004022093252889535,0.005117991911756857,0.004097812483990643,36664.771,10,2026-09-23T13:49:36.695752+00:00
Falcon3-7B-Base,belief_bank_facts,mlp,20,27416,belief_bank_constraints,2,10546,25610,5273,5273,12021,13589,38.2977,3073,0.4643138283914983,0.2944014641044838,0.5093713393205779,0.3603319248587283,0.4968006138887775,26729.018,10,2026-09-23T13:49:36.695752+00:00
Falcon3-7B-Base,belief_bank_facts,mlp,20,27416,belief_bank_constraints,4,10546,25610,5273,5273,12021,13589,41.4311,3073,0.4623758822825697,0.3215206721570585,0.5060523233112065,0.37929342492639845,0.4913363219340765,26771.954,10,2026-09-23T13:49:36.695752+00:00
Falcon3-7B-Base,belief_bank_facts,mlp,20,27416,belief_bank_constraints,24,10546,25610,5273,5273,12021,13589,39.8636,3073,0.46877956480605487,0.3297562598785459,0.5099960952752831,0.3871660887825365,0.5056623962252043,26813.326,10,2026-09-23T13:49:36.695752+00:00
Falcon3-7B-Base,belief_bank_facts,mlp,20,27416,belief_bank_constraints,42,10546,25610,5273,5273,12021,13589,36.9789,3073,0.4649566880413995,0.3438149904334082,0.506286606794221,0.39531324725011957,0.4929031858534855,26851.783,10,2026-09-23T13:49:36.695752+00:00
Falcon3-7B-Base,belief_bank_facts,mlp,20,27416,belief_bank_constraints,64,10546,25610,5273,5273,12021,13589,43.3931,3073,0.46732056965009905,0.41219532484818233,0.5035532994923858,0.4380304101838755,0.5026360582743781,26896.656,10,2026-09-23T13:49:36.695752+00:00
Falcon3-7B-Base,belief_bank_facts,mlp,20,27416,belief_bank_constraints,67,10546,25610,5273,5273,12021,13589,36.0641,3073,0.4550234312492856,0.3311704517095084,0.49988285825849277,0.38334135772749156,0.488810735822657,26934.221,10,2026-09-23T13:49:36.695752+00:00
Falcon3-7B-Base,belief_bank_facts,mlp,20,27416,belief_bank_constraints,104,10546,25610,5273,5273,12021,13589,43.3975,3073,0.4628192147598155,0.34223442309292074,0.5048028114017962,0.3934959349593496,0.4941183704634827,26979.143,10,2026-09-23T13:49:36.695752+00:00
Falcon3-7B-Base,belief_bank_facts,mlp,20,27416,belief_bank_constraints,123,10546,25610,5273,5273,12021,13589,38.0216,3073,0.4535908737360643,0.2910739539139839,0.502655212807497,0.3545984291867241,0.4931018288334169,27018.674,10,2026-09-23T13:49:36.695752+00:00
Falcon3-7B-Base,belief_bank_facts,mlp,20,27416,belief_bank_constraints,420,10546,25610,5273,5273,12021,13589,38.7019,3073,0.4553745928338762,0.2325929623159471,0.5092151503319016,0.3079125598810638,0.49015906736517934,27058.877,10,2026-09-23T13:49:36.695752+00:00
Falcon3-7B-Base,belief_bank_facts,mlp,20,27416,belief_bank_constraints,511,10546,25610,5273,5273,12021,13589,40.6867,3073,0.46029626032054394,0.31536477830463355,0.5050761421319797,0.3742903687614158,0.4968268943384938,27101.079,10,2026-09-23T13:49:36.695752+00:00
Falcon3-7B-Base,belief_bank_facts,mlp,20,27416,belief_bank_constraints,mean,0,0,0,0,0,0,39.683620000000005,3073.0,0.46148509060712073,0.32141252807586723,0.5056891839125341,0.3773773746517703,0.49523554729991515,36664.771,10,2026-09-23T13:49:36.695752+00:00
Falcon3-7B-Base,belief_bank_facts,mlp,20,27416,belief_bank_constraints,std,0,0,0,0,0,0,2.4022632943955156,0.0,0.005027051968234884,0.04349402447334749,0.003060569463747042,0.03168544036347084,0.005118223500525608,36664.771,10,2026-09-23T13:49:36.695752+00:00
Falcon3-7B-Base,belief_bank_facts,mlp,20,27416,halu_eval,2,10546,10000,5273,5273,3259,6741,40.0389,3073,0.32677029360967186,0.2902730899048788,0.5738,0.30744231394215144,0.49742640955615525,27142.072,10,2026-09-23T13:49:36.695752+00:00
Falcon3-7B-Base,belief_bank_facts,mlp,20,27416,halu_eval,4,10546,10000,5273,5273,3259,6741,39.8714,3073,0.32094594594594594,0.2332003682111077,0.5893,0.27012617735916117,0.49703879376131344,27182.896,10,2026-09-23T13:49:36.695752+00:00
Falcon3-7B-Base,belief_bank_facts,mlp,20,27416,halu_eval,24,10546,10000,5273,5273,3259,6741,41.1611,3073,0.33098118279569894,0.6044799018103713,0.4729,0.42774943002931276,0.5079247185535165,27224.995,10,2026-09-23T13:49:36.695752+00:00
Falcon3-7B-Base,belief_bank_facts,mlp,20,27416,halu_eval,42,10546,10000,5273,5273,3259,6741,37.9708,3073,0.3251833740831296,0.3264805154955508,0.5597,0.3258306538049303,0.501197054802742,27263.922,10,2026-09-23T13:49:36.695752+00:00
Falcon3-7B-Base,belief_bank_facts,mlp,20,27416,halu_eval,64,10546,10000,5273,5273,3259,6741,42.7806,3073,0.31533879374534624,0.2598956735194845,0.5749,0.2849453322119428,0.4929512234989805,27307.664,10,2026-09-23T13:49:36.695752+00:00
Falcon3-7B-Base,belief_bank_facts,mlp,20,27416,halu_eval,67,10546,10000,5273,5273,3259,6741,36.0869,3073,0.3187799043062201,0.3270942006750537,0.5529,0.32288353778585493,0.49585869473140665,27344.698,10,2026-09-23T13:49:36.695752+00:00
Falcon3-7B-Base,belief_bank_facts,mlp,20,27416,halu_eval,104,10546,10000,5273,5273,3259,6741,40.6306,3073,0.32662487627845593,0.3037741638539429,0.569,0.314785373608903,0.49786480163179625,27386.272,10,2026-09-23T13:49:36.695752+00:00
Falcon3-7B-Base,belief_bank_facts,mlp,20,27416,halu_eval,123,10546,10000,5273,5273,3259,6741,41.0031,3073,0.3258785942492013,0.4381712181650813,0.5215,0.3737730663525716,0.4997285938375029,27428.224,10,2026-09-23T13:49:36.695752+00:00
Falcon3-7B-Base,belief_bank_facts,mlp,20,27416,halu_eval,420,10546,10000,5273,5273,3259,6741,38.4231,3073,0.3193902871322226,0.2764651733660632,0.5722,0.29638157894736844,0.4986035726200274,27467.6,10,2026-09-23T13:49:36.695752+00:00
Falcon3-7B-Base,belief_bank_facts,mlp,20,27416,halu_eval,511,10546,10000,5273,5273,3259,6741,38.901,3073,0.3207899653055778,0.3688247928812519,0.5398,0.34313445618041677,0.4961952838917564,27507.45,10,2026-09-23T13:49:36.695752+00:00
Falcon3-7B-Base,belief_bank_facts,mlp,20,27416,halu_eval,mean,0,0,0,0,0,0,39.68675,3073.0,0.323068321745147,0.3428659097882786,0.5526,0.3267051920222613,0.49847891468851974,36664.771,10,2026-09-23T13:49:36.695752+00:00
Falcon3-7B-Base,belief_bank_facts,mlp,20,27416,halu_eval,std,0,0,0,0,0,0,1.8067919068060943,0.0,0.004502194761688481,0.10311638686904066,0.03237341501911716,0.04369021200663988,0.003799782575666429,36664.771,10,2026-09-23T13:49:36.695752+00:00
Falcon3-7B-Base,belief_bank_facts,mlp,21,27416,belief_bank_facts,2,10546,8225,5273,5273,2260,5965,41.4513,3073,0.652846331029944,0.8778761061946903,0.8381762917933131,0.7488205321758823,0.9052519861433586,27550.638,10,2026-09-23T13:49:36.695752+00:00
Falcon3-7B-Base,belief_bank_facts,mlp,21,27416,belief_bank_facts,4,10546,8225,5273,5273,2260,5965,40.9221,3073,0.6601307189542484,0.8491150442477876,0.8384194528875379,0.7427907876911167,0.8940207627087212,27592.466,10,2026-09-23T13:49:36.695752+00:00
Falcon3-7B-Base,belief_bank_facts,mlp,21,27416,belief_bank_facts,24,10546,8225,5273,5273,2260,5965,42.9744,3073,0.6526704736311724,0.8597345132743363,0.8357446808510638,0.7420278785564254,0.8989233285611493,27636.372,10,2026-09-23T13:49:36.695752+00:00
Falcon3-7B-Base,belief_bank_facts,mlp,21,27416,belief_bank_facts,42,10546,8225,5273,5273,2260,5965,43.0068,3073,0.6595892794987818,0.838495575221239,0.8367173252279635,0.7383596337424508,0.8907642293912126,27680.296,10,2026-09-23T13:49:36.695752+00:00
Falcon3-7B-Base,belief_bank_facts,mlp,21,27416,belief_bank_facts,64,10546,8225,5273,5273,2260,5965,39.7559,3073,0.6625514403292181,0.8548672566371681,0.8404863221884499,0.7465224111282844,0.8959546098554251,27720.955,10,2026-09-23T13:49:36.695752+00:00
Falcon3-7B-Base,belief_bank_facts,mlp,21,27416,belief_bank_facts,67,10546,8225,5273,5273,2260,5965,42.1082,3073,0.657200133645172,0.870353982300885,0.8396352583586626,0.7489053873976775,0.8983840099696607,27763.97,10,2026-09-23T13:49:36.695752+00:00
Falcon3-7B-Base,belief_bank_facts,mlp,21,27416,belief_bank_facts,104,10546,8225,5273,5273,2260,5965,41.6346,3073,0.6597623089983022,0.8597345132743363,0.8396352583586626,0.7465898174831892,0.8960228174676765,27806.519,10,2026-09-23T13:49:36.695752+00:00
Falcon3-7B-Base,belief_bank_facts,mlp,21,27416,belief_bank_facts,123,10546,8225,5273,5273,2260,5965,41.4056,3073,0.6557595993322204,0.8690265486725663,0.8386626139817629,0.7474785918173168,0.8970530899272304,27848.837,10,2026-09-23T13:49:36.695752+00:00
Falcon3-7B-Base,belief_bank_facts,mlp,21,27416,belief_bank_facts,420,10546,8225,5273,5273,2260,5965,40.7214,3073,0.655241935483871,0.8628318584070797,0.8375683890577508,0.7448433919022154,0.8979186478647567,27890.463,10,2026-09-23T13:49:36.695752+00:00
Falcon3-7B-Base,belief_bank_facts,mlp,21,27416,belief_bank_facts,511,10546,8225,5273,5273,2260,5965,41.2158,3073,0.6671256454388984,0.8575221238938053,0.8432826747720364,0.7504356243949661,0.8978766625373676,27932.599,10,2026-09-23T13:49:36.695752+00:00
Falcon3-7B-Base,belief_bank_facts,mlp,21,27416,belief_bank_facts,mean,0,0,0,0,0,0,41.51961,3073.0,0.6582877866341829,0.8599557522123893,0.8388328267477203,0.7456774056289525,0.8972170144426558,36664.771,10,2026-09-23T13:49:36.695752+00:00
Falcon3-7B-Base,belief_bank_facts,mlp,21,27416,belief_bank_facts,std,0,0,0,0,0,0,0.9435361333303566,0.0,0.004261062828137659,0.010629143823009085,0.00200161610964199,0.0035160707222223384,0.0035307603260552405,36664.771,10,2026-09-23T13:49:36.695752+00:00
Falcon3-7B-Base,belief_bank_facts,mlp,21,27416,belief_bank_constraints,2,10546,25610,5273,5273,12021,13589,40.7427,3073,0.4509436173953815,0.3200232925713335,0.49793049590003907,0.3743674581549241,0.5003454321165547,27974.856,10,2026-09-23T13:49:36.695752+00:00
Falcon3-7B-Base,belief_bank_facts,mlp,21,27416,belief_bank_constraints,4,10546,25610,5273,5273,12021,13589,40.4907,3073,0.4630998474715476,0.32834206804758337,0.5060523233112065,0.38424844236760125,0.5062569232961458,28016.852,10,2026-09-23T13:49:36.695752+00:00
Falcon3-7B-Base,belief_bank_facts,mlp,21,27416,belief_bank_constraints,24,10546,25610,5273,5273,12021,13589,43.5054,3073,0.45399954679356447,0.3333333333333333,0.4989066770792659,0.3844198205976879,0.49981001616195625,28061.896,10,2026-09-23T13:49:36.695752+00:00
Falcon3-7B-Base,belief_bank_facts,mlp,21,27416,belief_bank_constraints,42,10546,25610,5273,5273,12021,13589,41.2506,3073,0.458993870217713,0.36128441893353297,0.5003123779773526,0.4043196946422753,0.49732384154256404,28104.682,10,2026-09-23T13:49:36.695752+00:00
Falcon3-7B-Base,belief_bank_facts,mlp,21,27416,belief_bank_constraints,64,10546,25610,5273,5273,12021,13589,46.4303,3073,0.47107438016528924,0.3698527576740704,0.5092932448262397,0.41437159233887877,0.5123944796020705,28152.633,10,2026-09-23T13:49:36.695752+00:00
Falcon3-7B-Base,belief_bank_facts,mlp,21,27416,belief_bank_constraints,67,10546,25610,5273,5273,12021,13589,39.5589,3073,0.4643104643104643,0.33441477414524584,0.5064818430300664,0.38880023211954157,0.507481847527736,28193.701,10,2026-09-23T13:49:36.695752+00:00
Falcon3-7B-Base,belief_bank_facts,mlp,21,27416,belief_bank_constraints,104,10546,25610,5273,5273,12021,13589,43.3473,3073,0.4611522198731501,0.29032526412112136,0.5076532604451386,0.356322425851243,0.5087731462704024,28238.563,10,2026-09-23T13:49:36.695752+00:00
Falcon3-7B-Base,belief_bank_facts,mlp,21,27416,belief_bank_constraints,123,10546,25610,5273,5273,12021,13589,42.0515,3073,0.45926829268292685,0.31328508443557107,0.5045294806716126,0.3724840512338658,0.5012211838740834,28282.156,10,2026-09-23T13:49:36.695752+00:00
Falcon3-7B-Base,belief_bank_facts,mlp,21,27416,belief_bank_constraints,420,10546,25610,5273,5273,12021,13589,40.3474,3073,0.4570650829002722,0.30729556609267117,0.5035142522452167,0.3675073372133512,0.4978663800928403,28324.012,10,2026-09-23T13:49:36.695752+00:00
Falcon3-7B-Base,belief_bank_facts,mlp,21,27416,belief_bank_constraints,511,10546,25610,5273,5273,12021,13589,40.9083,3073,0.4681421083284799,0.3343315863904833,0.5092541975790706,0.39008055906046785,0.5157086261257335,28366.43,10,2026-09-23T13:49:36.695752+00:00
Falcon3-7B-Base,belief_bank_facts,mlp,21,27416,belief_bank_constraints,mean,0,0,0,0,0,0,41.86331,3073.0,0.46080494301387886,0.3292488145744946,0.5043928153065209,0.3836921613579837,0.5047181876610086,36664.771,10,2026-09-23T13:49:36.695752+00:00
Falcon3-7B-Base,belief_bank_facts,mlp,21,27416,belief_bank_constraints,std,0,0,0,0,0,0,1.944918256097156,0.0,0.005832308245966206,0.02254312792679402,0.003933135609902101,0.01630364480730662,0.006026833361069565,36664.771,10,2026-09-23T13:49:36.695752+00:00
Falcon3-7B-Base,belief_bank_facts,mlp,21,27416,halu_eval,2,10546,10000,5273,5273,3259,6741,40.3547,3073,0.3207627118644068,0.23227984044185332,0.5895,0.26944296138102863,0.49882486252509745,28407.728,10,2026-09-23T13:49:36.695752+00:00
Falcon3-7B-Base,belief_bank_facts,mlp,21,27416,halu_eval,4,10546,10000,5273,5273,3259,6741,43.5992,3073,0.32636428065201983,0.28260202516109234,0.5761,0.302910705476073,0.4987783194976503,28452.27,10,2026-09-23T13:49:36.695752+00:00
Falcon3-7B-Base,belief_bank_facts,mlp,21,27416,halu_eval,24,10546,10000,5273,5273,3259,6741,43.2004,3073,0.3279843444227006,0.2571340902117214,0.5862,0.28826969384244927,0.5044137356052885,28496.405,10,2026-09-23T13:49:36.695752+00:00
Falcon3-7B-Base,belief_bank_facts,mlp,21,27416,halu_eval,42,10546,10000,5273,5273,3259,6741,42.7815,3073,0.3227257004496714,0.28628413623810983,0.5716,0.30341463414634146,0.4947304189159239,28540.131,10,2026-09-23T13:49:36.695752+00:00
Falcon3-7B-Base,belief_bank_facts,mlp,21,27416,halu_eval,64,10546,10000,5273,5273,3259,6741,41.3629,3073,0.32074780058651026,0.2684872660325253,0.5763,0.2922999832971438,0.49930986590646537,28582.436,10,2026-09-23T13:49:36.695752+00:00
Falcon3-7B-Base,belief_bank_facts,mlp,21,27416,halu_eval,67,10546,10000,5273,5273,3259,6741,40.0703,3073,0.3161500815660685,0.2973304694691623,0.5614,0.3064516129032258,0.4969183053567634,28623.453,10,2026-09-23T13:49:36.695752+00:00
Falcon3-7B-Base,belief_bank_facts,mlp,21,27416,halu_eval,104,10546,10000,5273,5273,3259,6741,43.4209,3073,0.3203819558775107,0.29855783982816814,0.565,0.3090851334180432,0.5010348256097625,28667.828,10,2026-09-23T13:49:36.695752+00:00
Falcon3-7B-Base,belief_bank_facts,mlp,21,27416,halu_eval,123,10546,10000,5273,5273,3259,6741,41.2561,3073,0.3184319119669876,0.28413623810984967,0.5685,0.300308091454516,0.49416232086794987,28710.045,10,2026-09-23T13:49:36.695752+00:00
Falcon3-7B-Base,belief_bank_facts,mlp,21,27416,halu_eval,420,10546,10000,5273,5273,3259,6741,41.9035,3073,0.32144997004194126,0.3292420988033139,0.5549,0.3252993785053812,0.495491926571353,28752.895,10,2026-09-23T13:49:36.695752+00:00
Falcon3-7B-Base,belief_bank_facts,mlp,21,27416,halu_eval,511,10546,10000,5273,5273,3259,6741,40.4182,3073,0.3199227550691986,0.30500153421294873,0.5622,0.3122840087967326,0.49627912961944104,28794.249,10,2026-09-23T13:49:36.695752+00:00
Falcon3-7B-Base,belief_bank_facts,mlp,21,27416,halu_eval,mean,0,0,0,0,0,0,41.83677000000001,3073.0,0.3214921512497016,0.2841055538508745,0.57117,0.3009766203220935,0.49799437104756955,36664.771,10,2026-09-23T13:49:36.695752+00:00
Falcon3-7B-Base,belief_bank_facts,mlp,21,27416,halu_eval,std,0,0,0,0,0,0,1.2752686313479216,0.0,0.0033180429597306975,0.025538245330186164,0.010481035254210357,0.014340259107212107,0.002986429544474677,36664.771,10,2026-09-23T13:49:36.695752+00:00
Falcon3-7B-Base,belief_bank_facts,mlp,22,27416,belief_bank_facts,2,10546,8225,5273,5273,2260,5965,44.6524,3073,0.628719275549806,0.8601769911504424,0.8220060790273557,0.726457399103139,0.8867610471110979,28840.746,10,2026-09-23T13:49:36.695752+00:00
Falcon3-7B-Base,belief_bank_facts,mlp,22,27416,belief_bank_facts,4,10546,8225,5273,5273,2260,5965,44.8148,3073,0.628129117259552,0.8438053097345133,0.8198176291793313,0.720166163141994,0.8807929366733674,28886.45,10,2026-09-23T13:49:36.695752+00:00
Falcon3-7B-Base,belief_bank_facts,mlp,22,27416,belief_bank_facts,24,10546,8225,5273,5273,2260,5965,41.5892,3073,0.6272073250490516,0.8486725663716814,0.8198176291793313,0.7213238059420835,0.886208190847792,28928.928,10,2026-09-23T13:49:36.695752+00:00
Falcon3-7B-Base,belief_bank_facts,mlp,22,27416,belief_bank_facts,42,10546,8225,5273,5273,2260,5965,41.3561,3073,0.64499659632403,0.838495575221239,0.8288145896656535,0.7291265871489034,0.884199422887196,28971.189,10,2026-09-23T13:49:36.695752+00:00
Falcon3-7B-Base,belief_bank_facts,mlp,22,27416,belief_bank_facts,64,10546,8225,5273,5273,2260,5965,43.9313,3073,0.6386188400938653,0.8429203539823009,0.8257750759878419,0.7266831966431433,0.8875349197753858,29016.03,10,2026-09-23T13:49:36.695752+00:00
Falcon3-7B-Base,belief_bank_facts,mlp,22,27416,belief_bank_facts,67,10546,8225,5273,5273,2260,5965,42.462,3073,0.6261098322920092,0.8424778761061947,0.8184802431610942,0.7183550273533296,0.8844773716888339,29059.406,10,2026-09-23T13:49:36.695752+00:00
Falcon3-7B-Base,belief_bank_facts,mlp,22,27416,belief_bank_facts,104,10546,8225,5273,5273,2260,5965,38.451,3073,0.625455750745774,0.8349557522123894,0.8172644376899696,0.7151790790221717,0.8762817393497467,29098.772,10,2026-09-23T13:49:36.695752+00:00
Falcon3-7B-Base,belief_bank_facts,mlp,22,27416,belief_bank_facts,123,10546,8225,5273,5273,2260,5965,42.9049,3073,0.6279145077720207,0.8579646017699115,0.8212765957446808,0.725130890052356,0.8857788426588729,29142.6,10,2026-09-23T13:49:36.695752+00:00
Falcon3-7B-Base,belief_bank_facts,mlp,22,27416,belief_bank_facts,420,10546,8225,5273,5273,2260,5965,41.1,3073,0.6309914642153645,0.8504424778761062,0.8222492401215805,0.7244628722201282,0.8876964445993962,29184.614,10,2026-09-23T13:49:36.695752+00:00
Falcon3-7B-Base,belief_bank_facts,mlp,22,27416,belief_bank_facts,511,10546,8225,5273,5273,2260,5965,41.1493,3073,0.6282808398950132,0.8473451327433629,0.8203039513677811,0.7215523737754334,0.8810469627398765,29226.684,10,2026-09-23T13:49:36.695752+00:00
Falcon3-7B-Base,belief_bank_facts,mlp,22,27416,belief_bank_facts,mean,0,0,0,0,0,0,42.2411,3073.0,0.6306423549196487,0.8467256637168141,0.8215805471124622,0.7228437394402681,0.8840777878331565,36664.771,10,2026-09-23T13:49:36.695752+00:00
Falcon3-7B-Base,belief_bank_facts,mlp,22,27416,belief_bank_facts,std,0,0,0,0,0,0,1.839883032695285,0.0,0.005933523361711503,0.007566759809948907,0.0032669894313240946,0.004064106118931012,0.0034728591264711933,36664.771,10,2026-09-23T13:49:36.695752+00:00
Falcon3-7B-Base,belief_bank_facts,mlp,22,27416,belief_bank_constraints,2,10546,25610,5273,5273,12021,13589,42.6644,3073,0.4716905259771594,0.4878961816820564,0.503123779773526,0.4796565119607442,0.5147479909030832,29270.883,10,2026-09-23T13:49:36.695752+00:00
Falcon3-7B-Base,belief_bank_facts,mlp,22,27416,belief_bank_constraints,4,10546,25610,5273,5273,12021,13589,44.0554,3073,0.47793913606511884,0.42983112885783215,0.5119875048809059,0.45261037140854943,0.5161011738913079,29316.45,10,2026-09-23T13:49:36.695752+00:00
Falcon3-7B-Base,belief_bank_facts,mlp,22,27416,belief_bank_constraints,24,10546,25610,5273,5273,12021,13589,42.8689,3073,0.47534337249710407,0.4779136511105565,0.507340882467786,0.4766250466669432,0.5254785409415095,29360.834,10,2026-09-23T13:49:36.695752+00:00
Falcon3-7B-Base,belief_bank_facts,mlp,22,27416,belief_bank_constraints,42,10546,25610,5273,5273,12021,13589,41.0958,3073,0.4577811119446528,0.4568671491556443,0.4910581803982819,0.45732367391123324,0.49347005815349915,29403.429,10,2026-09-23T13:49:36.695752+00:00
Falcon3-7B-Base,belief_bank_facts,mlp,22,27416,belief_bank_constraints,64,10546,25610,5273,5273,12021,13589,41.8269,3073,0.47272583326735806,0.4967140836868813,0.5037094884810621,0.48442317053383094,0.5181206516775299,29446.762,10,2026-09-23T13:49:36.695752+00:00
Falcon3-7B-Base,belief_bank_facts,mlp,22,27416,belief_bank_constraints,67,10546,25610,5273,5273,12021,13589,42.4599,3073,0.4705278128950695,0.4953830796106813,0.5014837953924248,0.48263565263200553,0.5138728604979063,29490.721,10,2026-09-23T13:49:36.695752+00:00
Falcon3-7B-Base,belief_bank_facts,mlp,22,27416,belief_bank_constraints,104,10546,25610,5273,5273,12021,13589,39.2638,3073,0.4615450865558522,0.44580317777223194,0.49574385005857086,0.4535375761679079,0.500459124292686,29531.522,10,2026-09-23T13:49:36.695752+00:00
Falcon3-7B-Base,belief_bank_facts,mlp,22,27416,belief_bank_constraints,123,10546,25610,5273,5273,12021,13589,42.1248,3073,0.46583695289007687,0.4639381083104567,0.4986723935962515,0.4648855916308923,0.515184862823368,29575.194,10,2026-09-23T13:49:36.695752+00:00
Falcon3-7B-Base,belief_bank_facts,mlp,22,27416,belief_bank_constraints,420,10546,25610,5273,5273,12021,13589,42.5136,3073,0.46311275704122407,0.39530821063139504,0.501054275673565,0.42653262723274393,0.5015419853385454,29619.236,10,2026-09-23T13:49:36.695752+00:00
Falcon3-7B-Base,belief_bank_facts,mlp,22,27416,belief_bank_constraints,511,10546,25610,5273,5273,12021,13589,44.0485,3073,0.4696238348868176,0.46942850012478166,0.5021085513471301,0.4695261471897491,0.5090073042815542,29664.782,10,2026-09-23T13:49:36.695752+00:00
Falcon3-7B-Base,belief_bank_facts,mlp,22,27416,belief_bank_constraints,mean,0,0,0,0,0,0,42.292199999999994,3073.0,0.46861264240204337,0.4619083270942517,0.5016282702069504,0.46477563693346,0.5107984552800989,36664.771,10,2026-09-23T13:49:36.695752+00:00
Falcon3-7B-Base,belief_bank_facts,mlp,22,27416,belief_bank_constraints,std,0,0,0,0,0,0,1.3262287615641566,0.0,0.00607119341853352,0.03012228944555514,0.005497154886799146,0.0169758103387901,0.009152022945325335,36664.771,10,2026-09-23T13:49:36.695752+00:00
Falcon3-7B-Base,belief_bank_facts,mlp,22,27416,halu_eval,2,10546,10000,5273,5273,3259,6741,40.5008,3073,0.32424965465276906,0.7922675667382633,0.3942,0.4601675280698628,0.49849944824322034,29706.221,10,2026-09-23T13:49:36.695752+00:00
Falcon3-7B-Base,belief_bank_facts,mlp,22,27416,halu_eval,4,10546,10000,5273,5273,3259,6741,44.3956,3073,0.32530746578901787,0.5762503835532372,0.4724,0.4158547387068202,0.49649165714526056,29751.554,10,2026-09-23T13:49:36.695752+00:00
Falcon3-7B-Base,belief_bank_facts,mlp,22,27416,halu_eval,24,10546,10000,5273,5273,3259,6741,42.6769,3073,0.32697381773898926,0.494323412089598,0.5036,0.393598827266064,0.4991020040631039,29795.167,10,2026-09-23T13:49:36.695752+00:00
Falcon3-7B-Base,belief_bank_facts,mlp,22,27416,halu_eval,42,10546,10000,5273,5273,3259,6741,39.5979,3073,0.3287287287287287,0.5038355323718933,0.503,0.3978677005088442,0.5011449129563452,29835.703,10,2026-09-23T13:49:36.695752+00:00
Falcon3-7B-Base,belief_bank_facts,mlp,22,27416,halu_eval,64,10546,10000,5273,5273,3259,6741,43.0167,3073,0.32345583990763904,0.5158023933722,0.4906,0.39758751182592245,0.5023124032639021,29879.654,10,2026-09-23T13:49:36.695752+00:00
Falcon3-7B-Base,belief_bank_facts,mlp,22,27416,halu_eval,67,10546,10000,5273,5273,3259,6741,41.9711,3073,0.3271114641249669,0.7582080392758515,0.4129,0.4570424489040969,0.5049208383899089,29922.556,10,2026-09-23T13:49:36.695752+00:00
Falcon3-7B-Base,belief_bank_facts,mlp,22,27416,halu_eval,104,10546,10000,5273,5273,3259,6741,40.3125,3073,0.3181617322138754,0.4418533292420988,0.5095,0.3699421965317919,0.49687849911959714,29963.797,10,2026-09-23T13:49:36.695752+00:00
Falcon3-7B-Base,belief_bank_facts,mlp,22,27416,halu_eval,123,10546,10000,5273,5273,3259,6741,42.8778,3073,0.32635782747603836,0.6268794108622276,0.4567,0.42924676961865743,0.4988918435176533,30007.615,10,2026-09-23T13:49:36.695752+00:00
Falcon3-7B-Base,belief_bank_facts,mlp,22,27416,halu_eval,420,10546,10000,5273,5273,3259,6741,41.1351,3073,0.32602930914166084,0.7167842896594048,0.4248,0.4481964696853415,0.5041324063327831,30049.695,10,2026-09-23T13:49:36.695752+00:00
Falcon3-7B-Base,belief_bank_facts,mlp,22,27416,halu_eval,511,10546,10000,5273,5273,3259,6741,45.8605,3073,0.32479867850505884,0.48266339367904265,0.5044,0.38829918538632435,0.49917041889953706,30096.496,10,2026-09-23T13:49:36.695752+00:00
Falcon3-7B-Base,belief_bank_facts,mlp,22,27416,halu_eval,mean,0,0,0,0,0,0,42.23449,3073.0,0.32511745182787444,0.5908867750843817,0.46721,0.41578033765037253,0.5001544431931311,36664.771,10,2026-09-23T13:49:36.695752+00:00
Falcon3-7B-Base,belief_bank_facts,mlp,22,27416,halu_eval,std,0,0,0,0,0,0,1.8430718344383652,0.0,0.002736188937130277,0.11932051006906362,0.040669188583004695,0.0298414983450425,0.0027338150137512893,36664.771,10,2026-09-23T13:49:36.695752+00:00
Falcon3-7B-Base,belief_bank_facts,mlp,23,27416,belief_bank_facts,2,10546,8225,5273,5273,2260,5965,37.7447,3073,0.6246770025839793,0.8557522123893805,0.8190881458966566,0.7221807318894697,0.8842590628222152,30135.994,10,2026-09-23T13:49:36.695752+00:00
Falcon3-7B-Base,belief_bank_facts,mlp,23,27416,belief_bank_facts,4,10546,8225,5273,5273,2260,5965,38.9341,3073,0.62,0.8230088495575221,0.8127659574468085,0.7072243346007605,0.874429526218576,30175.83,10,2026-09-23T13:49:36.695752+00:00
Falcon3-7B-Base,belief_bank_facts,mlp,23,27416,belief_bank_facts,24,10546,8225,5273,5273,2260,5965,41.7842,3073,0.6206443129520053,0.8353982300884956,0.814468085106383,0.7121840814786873,0.875869303978221,30218.513,10,2026-09-23T13:49:36.695752+00:00
Falcon3-7B-Base,belief_bank_facts,mlp,23,27416,belief_bank_facts,42,10546,8225,5273,5273,2260,5965,40.1554,3073,0.6287344746559248,0.8287610619469027,0.8184802431610942,0.7150219507539607,0.8758154870965589,30259.568,10,2026-09-23T13:49:36.695752+00:00
Falcon3-7B-Base,belief_bank_facts,mlp,23,27416,belief_bank_facts,64,10546,8225,5273,5273,2260,5965,38.6915,3073,0.6247524752475248,0.8376106194690266,0.8171428571428572,0.7156899810964084,0.8774514312842615,30299.144,10,2026-09-23T13:49:36.695752+00:00
Falcon3-7B-Base,belief_bank_facts,mlp,23,27416,belief_bank_facts,67,10546,8225,5273,5273,2260,5965,41.5423,3073,0.6218460555732993,0.8615044247787611,0.8179939209726443,0.7223149693934335,0.8875773501769171,30341.567,10,2026-09-23T13:49:36.695752+00:00
Falcon3-7B-Base,belief_bank_facts,mlp,23,27416,belief_bank_facts,104,10546,8225,5273,5273,2260,5965,40.0176,3073,0.6160889470241988,0.8336283185840708,0.8115501519756839,0.7085370440015043,0.8719675986024672,30382.488,10,2026-09-23T13:49:36.695752+00:00
Falcon3-7B-Base,belief_bank_facts,mlp,23,27416,belief_bank_facts,123,10546,8225,5273,5273,2260,5965,41.5274,3073,0.6089030206677265,0.8473451327433629,0.8085106382978723,0.7086031452358927,0.8739206952058097,30424.921,10,2026-09-23T13:49:36.695752+00:00
Falcon3-7B-Base,belief_bank_facts,mlp,23,27416,belief_bank_facts,420,10546,8225,5273,5273,2260,5965,36.8654,3073,0.6199933796756041,0.8287610619469027,0.8133738601823708,0.7093353531528119,0.8766013396731672,30462.701,10,2026-09-23T13:49:36.695752+00:00
Falcon3-7B-Base,belief_bank_facts,mlp,23,27416,belief_bank_facts,511,10546,8225,5273,5273,2260,5965,40.6352,3073,0.6147834581569521,0.8353982300884956,0.8109422492401216,0.708309885574939,0.875595917186538,30504.245,10,2026-09-23T13:49:36.695752+00:00
Falcon3-7B-Base,belief_bank_facts,mlp,23,27416,belief_bank_facts,mean,0,0,0,0,0,0,39.78978,3073.0,0.6200423126537216,0.8387168141592921,0.8144316109422493,0.7129401477177868,0.877348771224473,36664.771,10,2026-09-23T13:49:36.695752+00:00
Falcon3-7B-Base,belief_bank_facts,mlp,23,27416,belief_bank_facts,std,0,0,0,0,0,0,1.6012942726432258,0.0,0.005387097704018851,0.01173901393955905,0.0034285067574577337,0.005394850366357448,0.004580263601300003,36664.771,10,2026-09-23T13:49:36.695752+00:00
Falcon3-7B-Base,belief_bank_facts,mlp,23,27416,belief_bank_constraints,2,10546,25610,5273,5273,12021,13589,39.1393,3073,0.4628632938643703,0.35770734547874555,0.503670441233893,0.40354746375111444,0.4985655943220859,30544.896,10,2026-09-23T13:49:36.695752+00:00
Falcon3-7B-Base,belief_bank_facts,mlp,23,27416,belief_bank_constraints,4,10546,25610,5273,5273,12021,13589,39.1109,3073,0.47722052067381315,0.4147741452458198,0.512026552128075,0.44381147358582934,0.5137579654081086,30585.525,10,2026-09-23T13:49:36.695752+00:00
Falcon3-7B-Base,belief_bank_facts,mlp,23,27416,belief_bank_constraints,24,10546,25610,5273,5273,12021,13589,41.6222,3073,0.4605316149818768,0.38050079028367023,0.5,0.4167084225390607,0.49948557840885427,30628.641,10,2026-09-23T13:49:36.695752+00:00
Falcon3-7B-Base,belief_bank_facts,mlp,23,27416,belief_bank_constraints,42,10546,25610,5273,5273,12021,13589,38.5538,3073,0.470393648693351,0.4731719490890941,0.502655212807497,0.4717787085804338,0.5055010802991152,30668.698,10,2026-09-23T13:49:36.695752+00:00
Falcon3-7B-Base,belief_bank_facts,mlp,23,27416,belief_bank_constraints,64,10546,25610,5273,5273,12021,13589,38.6363,3073,0.47180513847180516,0.4705099409366941,0.50421710269426,0.4711566495897372,0.5115152354158059,30708.86,10,2026-09-23T13:49:36.695752+00:00
Falcon3-7B-Base,belief_bank_facts,mlp,23,27416,belief_bank_constraints,67,10546,25610,5273,5273,12021,13589,41.6975,3073,0.4590453741897466,0.38881956575992016,0.49804763764154625,0.4210241859208215,0.49732886439581175,30752.064,10,2026-09-23T13:49:36.695752+00:00
Falcon3-7B-Base,belief_bank_facts,mlp,23,27416,belief_bank_constraints,104,10546,25610,5273,5273,12021,13589,37.9113,3073,0.4619487908961593,0.4322435737459446,0.4971885982038266,0.4466027762258799,0.4990353152740914,30791.464,10,2026-09-23T13:49:36.695752+00:00
Falcon3-7B-Base,belief_bank_facts,mlp,23,27416,belief_bank_constraints,123,10546,25610,5273,5273,12021,13589,38.6187,3073,0.46194430029406675,0.44430579818650695,0.49625146427176886,0.45295339863460965,0.5043277956514016,30831.59,10,2026-09-23T13:49:36.695752+00:00
Falcon3-7B-Base,belief_bank_facts,mlp,23,27416,belief_bank_constraints,420,10546,25610,5273,5273,12021,13589,39.8814,3073,0.46270213875847677,0.3689376923716829,0.5026942600546661,0.4105341108951217,0.4997914521126283,30872.995,10,2026-09-23T13:49:36.695752+00:00
Falcon3-7B-Base,belief_bank_facts,mlp,23,27416,belief_bank_constraints,511,10546,25610,5273,5273,12021,13589,40.8284,3073,0.461127067445776,0.38732218617419517,0.4999609527528309,0.42101455827832535,0.4947868598902298,30915.335,10,2026-09-23T13:49:36.695752+00:00
Falcon3-7B-Base,belief_bank_facts,mlp,23,27416,belief_bank_constraints,mean,0,0,0,0,0,0,39.599979999999995,3073.0,0.46495818882694423,0.4118292987272273,0.5016712221788364,0.4359131748000934,0.5024095741178132,36664.771,10,2026-09-23T13:49:36.695752+00:00
Falcon3-7B-Base,belief_bank_facts,mlp,23,27416,belief_bank_constraints,std,0,0,0,0,0,0,1.279309361178914,0.0,0.005688949784523734,0.03945487780189136,0.004336382712482759,0.023451158541092174,0.005919641353168666,36664.771,10,2026-09-23T13:49:36.695752+00:00
Falcon3-7B-Base,belief_bank_facts,mlp,23,27416,halu_eval,2,10546,10000,5273,5273,3259,6741,38.9271,3073,0.3251131221719457,0.4409328014728444,0.5195,0.3742674827451491,0.4955745660494265,30955.199,10,2026-09-23T13:49:36.695752+00:00
Falcon3-7B-Base,belief_bank_facts,mlp,23,27416,halu_eval,4,10546,10000,5273,5273,3259,6741,40.0449,3073,0.31640097271007833,0.3593126725989567,0.5382,0.3364942528735632,0.4892239804789667,30996.182,10,2026-09-23T13:49:36.695752+00:00
Falcon3-7B-Base,belief_bank_facts,mlp,23,27416,halu_eval,24,10546,10000,5273,5273,3259,6741,40.8509,3073,0.31446540880503143,0.3528689782141761,0.5384,0.3325621746674378,0.4878663124025356,31037.962,10,2026-09-23T13:49:36.695752+00:00
Falcon3-7B-Base,belief_bank_facts,mlp,23,27416,halu_eval,42,10546,10000,5273,5273,3259,6741,39.5694,3073,0.32053316407489685,0.30991101564897205,0.561,0.31513260530421217,0.49147202008437463,31078.486,10,2026-09-23T13:49:36.695752+00:00
Falcon3-7B-Base,belief_bank_facts,mlp,23,27416,halu_eval,64,10546,10000,5273,5273,3259,6741,37.2977,3073,0.3249087335018253,0.35501687634243634,0.5494,0.33929618768328446,0.49389057331405334,31116.737,10,2026-09-23T13:49:36.695752+00:00
Falcon3-7B-Base,belief_bank_facts,mlp,23,27416,halu_eval,67,10546,10000,5273,5273,3259,6741,40.8265,3073,0.32407672487832806,0.3473458115986499,0.5512,0.3353080568720379,0.4991977074520599,31158.491,10,2026-09-23T13:49:36.695752+00:00
Falcon3-7B-Base,belief_bank_facts,mlp,23,27416,halu_eval,104,10546,10000,5273,5273,3259,6741,39.1423,3073,0.32063197026022305,0.31758208039275854,0.5583,0.3190997379374133,0.49582371349268484,31198.575,10,2026-09-23T13:49:36.695752+00:00
Falcon3-7B-Base,belief_bank_facts,mlp,23,27416,halu_eval,123,10546,10000,5273,5273,3259,6741,39.6543,3073,0.3185378590078329,0.3369131635471003,0.549,0.3274679391589621,0.49359014888261,31239.19,10,2026-09-23T13:49:36.695752+00:00
Falcon3-7B-Base,belief_bank_facts,mlp,23,27416,halu_eval,420,10546,10000,5273,5273,3259,6741,39.842,3073,0.3147335423197492,0.30806996011046334,0.5559,0.31136610327182507,0.48777179250376407,31279.995,10,2026-09-23T13:49:36.695752+00:00
Falcon3-7B-Base,belief_bank_facts,mlp,23,27416,halu_eval,511,10546,10000,5273,5273,3259,6741,39.8214,3073,0.32351097178683386,0.31666155262350415,0.5615,0.3200496200961389,0.4878319001494794,31320.777,10,2026-09-23T13:49:36.695752+00:00
Falcon3-7B-Base,belief_bank_facts,mlp,23,27416,halu_eval,mean,0,0,0,0,0,0,39.597649999999994,3073.0,0.32029124695167444,0.3444614912549862,0.5482400000000001,0.3311044160610024,0.4922242714809955,36664.771,10,2026-09-23T13:49:36.695752+00:00
Falcon3-7B-Base,belief_bank_facts,mlp,23,27416,halu_eval,std,0,0,0,0,0,0,0.9665024389519156,0.0,0.003904866501412694,0.037132314833127116,0.012380726957654803,0.0170389141394912,0.0038095718808695113,36664.771,10,2026-09-23T13:49:36.695752+00:00
Falcon3-7B-Base,belief_bank_facts,mlp,24,27416,belief_bank_facts,2,10546,8225,5273,5273,2260,5965,41.393,3073,0.6038878266411727,0.838495575221239,0.8044984802431611,0.7021118932938125,0.8730069209029071,31363.838,10,2026-09-23T13:49:36.695752+00:00
Falcon3-7B-Base,belief_bank_facts,mlp,24,27416,belief_bank_facts,4,10546,8225,5273,5273,2260,5965,42.0516,3073,0.6047572499185403,0.8212389380530973,0.8034042553191489,0.6965659598423719,0.8655409505300092,31406.838,10,2026-09-23T13:49:36.695752+00:00
Falcon3-7B-Base,belief_bank_facts,mlp,24,27416,belief_bank_facts,24,10546,8225,5273,5273,2260,5965,41.1111,3073,0.5955513784461153,0.8411504424778761,0.7993920972644377,0.6973587674247982,0.8704938468499878,31448.954,10,2026-09-23T13:49:36.695752+00:00
Falcon3-7B-Base,belief_bank_facts,mlp,24,27416,belief_bank_facts,42,10546,8225,5273,5273,2260,5965,37.5783,3073,0.6139705882352942,0.8128318584070796,0.8081458966565349,0.6995430312261995,0.8698388831606199,31487.466,10,2026-09-23T13:49:36.695752+00:00
Falcon3-7B-Base,belief_bank_facts,mlp,24,27416,belief_bank_facts,64,10546,8225,5273,5273,2260,5965,43.886,3073,0.6160104132769281,0.8376106194690266,0.8119148936170213,0.7099193699606225,0.8730754994102767,31532.29,10,2026-09-23T13:49:36.695752+00:00
Falcon3-7B-Base,belief_bank_facts,mlp,24,27416,belief_bank_facts,67,10546,8225,5273,5273,2260,5965,42.9602,3073,0.6082077588970825,0.8393805309734513,0.8072948328267477,0.7053355642312698,0.8732541595887515,31576.224,10,2026-09-23T13:49:36.695752+00:00
Falcon3-7B-Base,belief_bank_facts,mlp,24,27416,belief_bank_facts,104,10546,8225,5273,5273,2260,5965,40.4472,3073,0.6043956043956044,0.827433628318584,0.8037689969604863,0.6985431453119163,0.8682002685280656,31617.599,10,2026-09-23T13:49:36.695752+00:00
Falcon3-7B-Base,belief_bank_facts,mlp,24,27416,belief_bank_facts,123,10546,8225,5273,5273,2260,5965,44.4955,3073,0.6123704663212435,0.8367256637168141,0.8096048632218845,0.7071802543006731,0.8713498356934625,31663.025,10,2026-09-23T13:49:36.695752+00:00
Falcon3-7B-Base,belief_bank_facts,mlp,24,27416,belief_bank_facts,420,10546,8225,5273,5273,2260,5965,42.4147,3073,0.607085346215781,0.834070796460177,0.8060790273556231,0.7027027027027027,0.8702053275374789,31706.386,10,2026-09-23T13:49:36.695752+00:00
Falcon3-7B-Base,belief_bank_facts,mlp,24,27416,belief_bank_facts,511,10546,8225,5273,5273,2260,5965,38.8872,3073,0.6109303838646715,0.8309734513274336,0.8081458966565349,0.7041619797525309,0.8685380056227701,31746.197,10,2026-09-23T13:49:36.695752+00:00
Falcon3-7B-Base,belief_bank_facts,mlp,24,27416,belief_bank_facts,mean,0,0,0,0,0,0,41.52248,3073.0,0.6077167016212434,0.8319911504424778,0.8062249240121581,0.7023422668046897,0.870350369782433,36664.771,10,2026-09-23T13:49:36.695752+00:00
Falcon3-7B-Base,belief_bank_facts,mlp,24,27416,belief_bank_facts,std,0,0,0,0,0,0,2.034984526132816,0.0,0.005683002638403366,0.008623325081025913,0.0034059049411757354,0.00416824685050657,0.0023506568650849434,36664.771,10,2026-09-23T13:49:36.695752+00:00
Falcon3-7B-Base,belief_bank_facts,mlp,24,27416,belief_bank_constraints,2,10546,25610,5273,5273,12021,13589,41.0604,3073,0.47368421052631576,0.44397304716745695,0.5074580242092932,0.4583476468567503,0.5017018932740837,31788.83,10,2026-09-23T13:49:36.695752+00:00
Falcon3-7B-Base,belief_bank_facts,mlp,24,27416,belief_bank_constraints,4,10546,25610,5273,5273,12021,13589,41.061,3073,0.47477917247791723,0.33982197820480825,0.5136665365091762,0.3961212121212121,0.5057927700285141,31831.467,10,2026-09-23T13:49:36.695752+00:00
Falcon3-7B-Base,belief_bank_facts,mlp,24,27416,belief_bank_constraints,24,10546,25610,5273,5273,12021,13589,40.9694,3073,0.486720356408499,0.4725896348057566,0.5185083951581414,0.47955092221331197,0.5286908958700448,31874.008,10,2026-09-23T13:49:36.695752+00:00
Falcon3-7B-Base,belief_bank_facts,mlp,24,27416,belief_bank_constraints,42,10546,25610,5273,5273,12021,13589,39.636,3073,0.47242524916943524,0.4140254554529573,0.5079265911753221,0.4413016492285866,0.5032164227968876,31915.172,10,2026-09-23T13:49:36.695752+00:00
Falcon3-7B-Base,belief_bank_facts,mlp,24,27416,belief_bank_constraints,64,10546,25610,5273,5273,12021,13589,41.4379,3073,0.47473464574072394,0.43532152067215707,0.50886372510738,0.45417462246137824,0.506678389963295,31958.146,10,2026-09-23T13:49:36.695752+00:00
Falcon3-7B-Base,belief_bank_facts,mlp,24,27416,belief_bank_constraints,67,10546,25610,5273,5273,12021,13589,42.8416,3073,0.4693546935469355,0.4338241410864321,0.5040218664584147,0.45089054124157013,0.5028109827352261,32002.543,10,2026-09-23T13:49:36.695752+00:00
Falcon3-7B-Base,belief_bank_facts,mlp,24,27416,belief_bank_constraints,104,10546,25610,5273,5273,12021,13589,40.7782,3073,0.4718282111899133,0.39846934531237,0.5082780163998438,0.4320570062688856,0.5033002716950392,32044.89,10,2026-09-23T13:49:36.695752+00:00
Falcon3-7B-Base,belief_bank_facts,mlp,24,27416,belief_bank_constraints,123,10546,25610,5273,5273,12021,13589,44.1938,3073,0.4743083003952569,0.39930122285999503,0.5103084732526357,0.4335847522695452,0.512590135193355,32090.769,10,2026-09-23T13:49:36.695752+00:00
Falcon3-7B-Base,belief_bank_facts,mlp,24,27416,belief_bank_constraints,420,10546,25610,5273,5273,12021,13589,42.1062,3073,0.47399296050058665,0.40329423508859497,0.5098399062866068,0.435794867185042,0.5017740497289652,32134.463,10,2026-09-23T13:49:36.695752+00:00
Falcon3-7B-Base,belief_bank_facts,mlp,24,27416,belief_bank_constraints,511,10546,25610,5273,5273,12021,13589,43.0621,3073,0.4727624478159047,0.38624074536228264,0.5097227645450996,0.42514421756249426,0.5063140877125099,32179.14,10,2026-09-23T13:49:36.695752+00:00
Falcon3-7B-Base,belief_bank_facts,mlp,24,27416,belief_bank_constraints,mean,0,0,0,0,0,0,41.714659999999995,3073.0,0.47445902477714885,0.4126861326012811,0.5098594299101913,0.44069674374087764,0.5072869898997919,36664.771,10,2026-09-23T13:49:36.695752+00:00
Falcon3-7B-Base,belief_bank_facts,mlp,24,27416,belief_bank_constraints,std,0,0,0,0,0,0,1.2676808693042587,0.0,0.0043743454339908346,0.03465010053606514,0.003695827617022402,0.021178402131084895,0.007770997739844747,36664.771,10,2026-09-23T13:49:36.695752+00:00
Falcon3-7B-Base,belief_bank_facts,mlp,24,27416,halu_eval,2,10546,10000,5273,5273,3259,6741,42.5698,3073,0.32640865110984635,0.35194845044492173,0.5521,0.3386977705595748,0.5017705695942527,32222.739,10,2026-09-23T13:49:36.695752+00:00
Falcon3-7B-Base,belief_bank_facts,mlp,24,27416,halu_eval,4,10546,10000,5273,5273,3259,6741,41.5825,3073,0.3214797820476054,0.34397054311138386,0.5496,0.3323450933886748,0.5037133825291995,32265.281,10,2026-09-23T13:49:36.695752+00:00
Falcon3-7B-Base,belief_bank_facts,mlp,24,27416,halu_eval,24,10546,10000,5273,5273,3259,6741,40.4098,3073,0.317410071942446,0.3384473764958576,0.5472,0.3275913275913276,0.5010711268952287,32306.654,10,2026-09-23T13:49:36.695752+00:00
Falcon3-7B-Base,belief_bank_facts,mlp,24,27416,halu_eval,42,10546,10000,5273,5273,3259,6741,38.8477,3073,0.3280920732695737,0.62104940165695,0.462,0.42935935511243106,0.503524069618537,32346.46,10,2026-09-23T13:49:36.695752+00:00
Falcon3-7B-Base,belief_bank_facts,mlp,24,27416,halu_eval,64,10546,10000,5273,5273,3259,6741,41.1425,3073,0.31841952353282976,0.33629947836759744,0.5491,0.3271153559170273,0.4906323565579171,32388.55,10,2026-09-23T13:49:36.695752+00:00
Falcon3-7B-Base,belief_bank_facts,mlp,24,27416,halu_eval,67,10546,10000,5273,5273,3259,6741,41.2498,3073,0.3277337559429477,0.6345504756060141,0.4567,0.4322290730483854,0.5022946964299881,32430.751,10,2026-09-23T13:49:36.695752+00:00
Falcon3-7B-Base,belief_bank_facts,mlp,24,27416,halu_eval,104,10546,10000,5273,5273,3259,6741,40.5124,3073,0.3274680073126143,0.4397054311138386,0.5231,0.3753765553372626,0.5031825189031832,32472.221,10,2026-09-23T13:49:36.695752+00:00
Falcon3-7B-Base,belief_bank_facts,mlp,24,27416,halu_eval,123,10546,10000,5273,5273,3259,6741,43.5589,3073,0.31131163390267486,0.2964099416999079,0.557,0.3036780886513675,0.49152589164719485,32516.727,10,2026-09-23T13:49:36.695752+00:00
Falcon3-7B-Base,belief_bank_facts,mlp,24,27416,halu_eval,420,10546,10000,5273,5273,3259,6741,41.1292,3073,0.3240820548181348,0.5768640687327401,0.47,0.41501103752759383,0.49350639419263187,32558.805,10,2026-09-23T13:49:36.695752+00:00
Falcon3-7B-Base,belief_bank_facts,mlp,24,27416,halu_eval,511,10546,10000,5273,5273,3259,6741,41.104,3073,0.33265884257385675,0.5044492175513962,0.5087,0.40092671625411536,0.504686507333383,32600.878,10,2026-09-23T13:49:36.695752+00:00
Falcon3-7B-Base,belief_bank_facts,mlp,24,27416,halu_eval,mean,0,0,0,0,0,0,41.210660000000004,3073.0,0.32350643964525294,0.4443694384780607,0.51755,0.368233037338776,0.4995907513701517,36664.771,10,2026-09-23T13:49:36.695752+00:00
Falcon3-7B-Base,belief_bank_facts,mlp,24,27416,halu_eval,std,0,0,0,0,0,0,1.19316684348837,0.0,0.006024748489358704,0.12328137958995662,0.03848426301749847,0.04561801979986079,0.005175937048141567,36664.771,10,2026-09-23T13:49:36.695752+00:00
Falcon3-7B-Base,belief_bank_facts,mlp,25,27416,belief_bank_facts,2,10546,8225,5273,5273,2260,5965,39.9446,3073,0.6034263959390863,0.8415929203539823,0.8044984802431611,0.7028824833702882,0.8686372571564213,32642.582,10,2026-09-23T13:49:36.695752+00:00
Falcon3-7B-Base,belief_bank_facts,mlp,25,27416,belief_bank_facts,4,10546,8225,5273,5273,2260,5965,39.9999,3073,0.6102194562725188,0.8243362831858407,0.8070516717325228,0.7012987012987013,0.8614430045471742,32683.51,10,2026-09-23T13:49:36.695752+00:00
Falcon3-7B-Base,belief_bank_facts,mlp,25,27416,belief_bank_facts,24,10546,8225,5273,5273,2260,5965,37.5244,3073,0.5903808908973531,0.8092920353982301,0.7933130699088146,0.6827174318775663,0.8591394120570585,32721.951,10,2026-09-23T13:49:36.695752+00:00
Falcon3-7B-Base,belief_bank_facts,mlp,25,27416,belief_bank_facts,42,10546,8225,5273,5273,2260,5965,37.7267,3073,0.6076696165191741,0.820353982300885,0.8051063829787234,0.6981736019582,0.8616759637709649,32760.607,10,2026-09-23T13:49:36.695752+00:00
Falcon3-7B-Base,belief_bank_facts,mlp,25,27416,belief_bank_facts,64,10546,8225,5273,5273,2260,5965,41.7955,3073,0.6105297580117724,0.8261061946902655,0.8074164133738602,0.7021436630312148,0.8664298377704753,32803.343,10,2026-09-23T13:49:36.695752+00:00
Falcon3-7B-Base,belief_bank_facts,mlp,25,27416,belief_bank_facts,67,10546,8225,5273,5273,2260,5965,38.6652,3073,0.6005793369810106,0.8256637168141593,0.8012158054711246,0.6953605366126328,0.8630528377185499,32842.943,10,2026-09-23T13:49:36.695752+00:00
Falcon3-7B-Base,belief_bank_facts,mlp,25,27416,belief_bank_facts,104,10546,8225,5273,5273,2260,5965,38.1971,3073,0.5959661678594665,0.8106194690265487,0.7969604863221884,0.6869141357330334,0.8600189156510322,32882.079,10,2026-09-23T13:49:36.695752+00:00
Falcon3-7B-Base,belief_bank_facts,mlp,25,27416,belief_bank_facts,123,10546,8225,5273,5273,2260,5965,39.8183,3073,0.5974960876369327,0.8446902654867257,0.8009726443768997,0.6999083409715857,0.8683379447959705,32922.829,10,2026-09-23T13:49:36.695752+00:00
Falcon3-7B-Base,belief_bank_facts,mlp,25,27416,belief_bank_facts,420,10546,8225,5273,5273,2260,5965,38.9334,3073,0.6016839378238342,0.8221238938053097,0.801580547112462,0.6948391922213911,0.8608066968822556,32962.711,10,2026-09-23T13:49:36.695752+00:00
Falcon3-7B-Base,belief_bank_facts,mlp,25,27416,belief_bank_facts,511,10546,8225,5273,5273,2260,5965,40.7061,3073,0.5948653725735754,0.8407079646017699,0.7989057750759878,0.6967363403006968,0.8679848526433694,33004.347,10,2026-09-23T13:49:36.695752+00:00
Falcon3-7B-Base,belief_bank_facts,mlp,25,27416,belief_bank_facts,mean,0,0,0,0,0,0,39.33112,3073.0,0.6012817020514725,0.8265486725663717,0.8017021276595745,0.6960974427375309,0.8637526722993272,36664.771,10,2026-09-23T13:49:36.695752+00:00
Falcon3-7B-Base,belief_bank_facts,mlp,25,27416,belief_bank_facts,std,0,0,0,0,0,0,1.2942465080501466,0.0,0.006434695105569046,0.011710208548900878,0.004267806255120222,0.00627990654830217,0.0035213831135814545,36664.771,10,2026-09-23T13:49:36.695752+00:00
Falcon3-7B-Base,belief_bank_facts,mlp,25,27416,belief_bank_constraints,2,10546,25610,5273,5273,12021,13589,41.2018,3073,0.4739670809539805,0.3521337659096581,0.5124560718469348,0.4040664375715922,0.5016140407854093,33047.066,10,2026-09-23T13:49:36.695752+00:00
Falcon3-7B-Base,belief_bank_facts,mlp,25,27416,belief_bank_constraints,4,10546,25610,5273,5273,12021,13589,37.6114,3073,0.4734739178690344,0.35487896181682055,0.5119484576337369,0.4056868432314203,0.5108627695336971,33086.203,10,2026-09-23T13:49:36.695752+00:00
Falcon3-7B-Base,belief_bank_facts,mlp,25,27416,belief_bank_constraints,24,10546,25610,5273,5273,12021,13589,39.4239,3073,0.4776541961577351,0.39297895349804507,0.5133541585318235,0.43119894117110125,0.5098081325766841,33127.172,10,2026-09-23T13:49:36.695752+00:00
Falcon3-7B-Base,belief_bank_facts,mlp,25,27416,belief_bank_constraints,42,10546,25610,5273,5273,12021,13589,38.4068,3073,0.47562189054726367,0.43740121454121955,0.5095665755564233,0.4557115617958052,0.5053951137059194,33167.132,10,2026-09-23T13:49:36.695752+00:00
Falcon3-7B-Base,belief_bank_facts,mlp,25,27416,belief_bank_constraints,64,10546,25610,5273,5273,12021,13589,41.0727,3073,0.4706474675259289,0.38881956575992016,0.507848496680984,0.42583819241982507,0.5068213407952424,33209.741,10,2026-09-23T13:49:36.695752+00:00
Falcon3-7B-Base,belief_bank_facts,mlp,25,27416,belief_bank_constraints,67,10546,25610,5273,5273,12021,13589,37.6916,3073,0.47170953101361573,0.38906912902420765,0.5087075361187037,0.4264223194748359,0.49544163365250216,33249.014,10,2026-09-23T13:49:36.695752+00:00
Falcon3-7B-Base,belief_bank_facts,mlp,25,27416,belief_bank_constraints,104,10546,25610,5273,5273,12021,13589,37.1154,3073,0.4788131664348632,0.42958156559354466,0.5127684498242874,0.45286328159256334,0.5105355311037386,33287.691,10,2026-09-23T13:49:36.695752+00:00
Falcon3-7B-Base,belief_bank_facts,mlp,25,27416,belief_bank_constraints,123,10546,25610,5273,5273,12021,13589,39.7588,3073,0.46899268429938096,0.3466433740953332,0.5090980085903943,0.3986415383143595,0.5038525651711536,33328.994,10,2026-09-23T13:49:36.695752+00:00
Falcon3-7B-Base,belief_bank_facts,mlp,25,27416,belief_bank_constraints,420,10546,25610,5273,5273,12021,13589,38.0488,3073,0.4732554400257262,0.3672739372764329,0.5111284654431862,0.4135831381733021,0.5019634581273925,33368.601,10,2026-09-23T13:49:36.695752+00:00
Falcon3-7B-Base,belief_bank_facts,mlp,25,27416,belief_bank_constraints,511,10546,25610,5273,5273,12021,13589,39.9634,3073,0.4716132010154627,0.3399883537143332,0.5114017961733698,0.39512737467975056,0.5047551085401857,33410.114,10,2026-09-23T13:49:36.695752+00:00
Falcon3-7B-Base,belief_bank_facts,mlp,25,27416,belief_bank_constraints,mean,0,0,0,0,0,0,39.02945999999999,3073.0,0.4735748575842991,0.3798768821229515,0.5108278016399844,0.4209139628424555,0.5051049693991926,36664.771,10,2026-09-23T13:49:36.695752+00:00
Falcon3-7B-Base,belief_bank_facts,mlp,25,27416,belief_bank_constraints,std,0,0,0,0,0,0,1.388072158931227,0.0,0.0029228538556155966,0.03219426833647435,0.0018008402438303773,0.020303834523603424,0.004526806529547256,36664.771,10,2026-09-23T13:49:36.695752+00:00
Falcon3-7B-Base,belief_bank_facts,mlp,25,27416,halu_eval,2,10546,10000,5273,5273,3259,6741,41.5784,3073,0.3171375759176129,0.3685179502915005,0.5356,0.34090263979562874,0.49227558716020575,33452.642,10,2026-09-23T13:49:36.695752+00:00
Falcon3-7B-Base,belief_bank_facts,mlp,25,27416,halu_eval,4,10546,10000,5273,5273,3259,6741,40.0753,3073,0.323168908819133,0.33169683952132556,0.5558,0.3273773470623864,0.4946033302776527,33493.66,10,2026-09-23T13:49:36.695752+00:00
Falcon3-7B-Base,belief_bank_facts,mlp,25,27416,halu_eval,24,10546,10000,5273,5273,3259,6741,39.1403,3073,0.32608695652173914,0.6535747161706045,0.4469,0.43509345317127973,0.49890338254695193,33533.776,10,2026-09-23T13:49:36.695752+00:00
Falcon3-7B-Base,belief_bank_facts,mlp,25,27416,halu_eval,42,10546,10000,5273,5273,3259,6741,37.9659,3073,0.3155579989004948,0.35225529303467323,0.5399,0.33289836160649555,0.4871569465935033,33572.696,10,2026-09-23T13:49:36.695752+00:00
Falcon3-7B-Base,belief_bank_facts,mlp,25,27416,halu_eval,64,10546,10000,5273,5273,3259,6741,39.8183,3073,0.32653374233128835,0.653267873580853,0.4479,0.4354228448716638,0.49799509934922154,33613.453,10,2026-09-23T13:49:36.695752+00:00
Falcon3-7B-Base,belief_bank_facts,mlp,25,27416,halu_eval,67,10546,10000,5273,5273,3259,6741,37.5232,3073,0.3198707592891761,0.3037741638539429,0.5626,0.311614730878187,0.4986645678833811,33651.932,10,2026-09-23T13:49:36.695752+00:00
Falcon3-7B-Base,belief_bank_facts,mlp,25,27416,halu_eval,104,10546,10000,5273,5273,3259,6741,38.1477,3073,0.324743623455167,0.37895059834305,0.5408,0.34975927499291987,0.4948357723017687,33691.05,10,2026-09-23T13:49:36.695752+00:00
Falcon3-7B-Base,belief_bank_facts,mlp,25,27416,halu_eval,123,10546,10000,5273,5273,3259,6741,37.3245,3073,0.32221677292790585,0.6047867444001227,0.4566,0.42043515358361777,0.4876018251057324,33729.356,10,2026-09-23T13:49:36.695752+00:00
Falcon3-7B-Base,belief_bank_facts,mlp,25,27416,halu_eval,420,10546,10000,5273,5273,3259,6741,38.5453,3073,0.3288394971761705,0.5538508745013808,0.4862,0.412665752171925,0.5047716275889587,33768.858,10,2026-09-23T13:49:36.695752+00:00
Falcon3-7B-Base,belief_bank_facts,mlp,25,27416,halu_eval,511,10546,10000,5273,5273,3259,6741,41.1992,3073,0.31987028301886794,0.3329242098803314,0.5519,0.3262667268079988,0.4935447893453474,33811.018,10,2026-09-23T13:49:36.695752+00:00
Falcon3-7B-Base,belief_bank_facts,mlp,25,27416,halu_eval,mean,0,0,0,0,0,0,39.13181,3073.0,0.3224026118357555,0.45335992635777844,0.51242,0.36924362849421033,0.4950352928152723,36664.771,10,2026-09-23T13:49:36.695752+00:00
Falcon3-7B-Base,belief_bank_facts,mlp,25,27416,halu_eval,std,0,0,0,0,0,0,1.4194092499698596,0.0,0.004069011014950201,0.13700995804235003,0.04507269239794755,0.04758850774380873,0.00508998214712526,36664.771,10,2026-09-23T13:49:36.695752+00:00
Falcon3-7B-Base,belief_bank_facts,mlp,26,27416,belief_bank_facts,2,10546,8225,5273,5273,2260,5965,50.9107,3073,0.6035805626598465,0.8353982300884956,0.8040121580547113,0.7008166295471417,0.8698032030502414,33863.636,10,2026-09-23T13:49:36.695752+00:00
Falcon3-7B-Base,belief_bank_facts,mlp,26,27416,belief_bank_facts,4,10546,8225,5273,5273,2260,5965,46.0298,3073,0.5918432883750803,0.8154867256637168,0.7947720364741642,0.6858950502419054,0.8566988109102509,33910.593,10,2026-09-23T13:49:36.695752+00:00
Falcon3-7B-Base,belief_bank_facts,mlp,26,27416,belief_bank_facts,24,10546,8225,5273,5273,2260,5965,50.6855,3073,0.5922856232068856,0.8221238938053097,0.7956231003039513,0.6885306651843617,0.8631125518325928,33962.197,10,2026-09-23T13:49:36.695752+00:00
Falcon3-7B-Base,belief_bank_facts,mlp,26,27416,belief_bank_facts,42,10546,8225,5273,5273,2260,5965,49.2881,3073,0.6015161502966381,0.8075221238938053,0.8001215805471125,0.6894597657725727,0.8543913982004168,34012.4,10,2026-09-23T13:49:36.695752+00:00
Falcon3-7B-Base,belief_bank_facts,mlp,26,27416,belief_bank_facts,64,10546,8225,5273,5273,2260,5965,49.1666,3073,0.6041055718475073,0.820353982300885,0.802917933130699,0.6958153499718521,0.8652805450674659,34062.504,10,2026-09-23T13:49:36.695752+00:00
Falcon3-7B-Base,belief_bank_facts,mlp,26,27416,belief_bank_facts,67,10546,8225,5273,5273,2260,5965,50.9457,3073,0.5998739760554506,0.8424778761061947,0.8023100303951368,0.7007729112992271,0.8694748866915414,34114.384,10,2026-09-23T13:49:36.695752+00:00
Falcon3-7B-Base,belief_bank_facts,mlp,26,27416,belief_bank_facts,104,10546,8225,5273,5273,2260,5965,51.084,3073,0.5961414790996784,0.820353982300885,0.7979331306990881,0.6905027932960894,0.8542913677870172,34166.406,10,2026-09-23T13:49:36.695752+00:00
Falcon3-7B-Base,belief_bank_facts,mlp,26,27416,belief_bank_facts,123,10546,8225,5273,5273,2260,5965,49.2885,3073,0.5920024992189941,0.838495575221239,0.796838905775076,0.69401208569859,0.8634603030954906,34216.633,10,2026-09-23T13:49:36.695752+00:00
Falcon3-7B-Base,belief_bank_facts,mlp,26,27416,belief_bank_facts,420,10546,8225,5273,5273,2260,5965,48.9241,3073,0.6030215364834458,0.8300884955752212,0.803161094224924,0.6985663749767269,0.8686027639104215,34266.478,10,2026-09-23T13:49:36.695752+00:00
Falcon3-7B-Base,belief_bank_facts,mlp,26,27416,belief_bank_facts,511,10546,8225,5273,5273,2260,5965,51.3258,3073,0.5968519113395439,0.8221238938053097,0.7985410334346504,0.691606179043365,0.8597971945493253,34318.72,10,2026-09-23T13:49:36.695752+00:00
Falcon3-7B-Base,belief_bank_facts,mlp,26,27416,belief_bank_facts,mean,0,0,0,0,0,0,49.764880000000005,3073.0,0.598122259858307,0.8254424778761063,0.7996231003039513,0.6935977805031832,0.8624913025094763,36664.771,10,2026-09-23T13:49:36.695752+00:00
Falcon3-7B-Base,belief_bank_facts,mlp,26,27416,belief_bank_facts,std,0,0,0,0,0,0,1.5231959491805376,0.0,0.004697484045412132,0.01036994835863538,0.0031845981469973334,0.004990458665047286,0.005677566739390205,36664.771,10,2026-09-23T13:49:36.695752+00:00
Falcon3-7B-Base,belief_bank_facts,mlp,26,27416,belief_bank_constraints,2,10546,25610,5273,5273,12021,13589,47.474,3073,0.46553257727373804,0.34830712919058315,0.5064037485357282,0.3984772781346657,0.5031332381029742,34367.745,10,2026-09-23T13:49:36.695752+00:00
Falcon3-7B-Base,belief_bank_facts,mlp,26,27416,belief_bank_constraints,4,10546,25610,5273,5273,12021,13589,48.6497,3073,0.4589285714285714,0.3206887946094335,0.503670441233893,0.37755251946525636,0.4967708930447587,34417.935,10,2026-09-23T13:49:36.695752+00:00
Falcon3-7B-Base,belief_bank_facts,mlp,26,27416,belief_bank_constraints,24,10546,25610,5273,5273,12021,13589,53.4063,3073,0.4674022066198596,0.34888944347392065,0.5077704021866458,0.3995427264932838,0.5056319530208159,34472.877,10,2026-09-23T13:49:36.695752+00:00
Falcon3-7B-Base,belief_bank_facts,mlp,26,27416,belief_bank_constraints,42,10546,25610,5273,5273,12021,13589,46.7754,3073,0.4597422730355586,0.39472589634805755,0.4981647793830535,0.42476054068570407,0.49475704722074015,34521.191,10,2026-09-23T13:49:36.695752+00:00
Falcon3-7B-Base,belief_bank_facts,mlp,26,27416,belief_bank_constraints,64,10546,25610,5273,5273,12021,13589,48.3059,3073,0.4647588765235824,0.3647783046335579,0.5046466224131199,0.4087434750186428,0.4980089697446032,34571.038,10,2026-09-23T13:49:36.695752+00:00
Falcon3-7B-Base,belief_bank_facts,mlp,26,27416,belief_bank_constraints,67,10546,25610,5273,5273,12021,13589,49.5592,3073,0.46438635701098047,0.39755428000998255,0.5019914096056228,0.42837934743635714,0.5008682526774211,34622.132,10,2026-09-23T13:49:36.695752+00:00
Falcon3-7B-Base,belief_bank_facts,mlp,26,27416,belief_bank_constraints,104,10546,25610,5273,5273,12021,13589,49.6615,3073,0.47568208778173193,0.400299475917145,0.5114017961733698,0.4347472557257081,0.5146160897361107,34673.375,10,2026-09-23T13:49:36.695752+00:00
Falcon3-7B-Base,belief_bank_facts,mlp,26,27416,belief_bank_constraints,123,10546,25610,5273,5273,12021,13589,52.1204,3073,0.46014854229021174,0.3453123700191332,0.5025380710659898,0.39454424484364603,0.5018153956775755,34727.043,10,2026-09-23T13:49:36.695752+00:00
Falcon3-7B-Base,belief_bank_facts,mlp,26,27416,belief_bank_constraints,420,10546,25610,5273,5273,12021,13589,49.7147,3073,0.46396396396396394,0.3855752433241827,0.5024990238188207,0.4211530598337195,0.49945972035630315,34778.276,10,2026-09-23T13:49:36.695752+00:00
Falcon3-7B-Base,belief_bank_facts,mlp,26,27416,belief_bank_constraints,511,10546,25610,5273,5273,12021,13589,48.6641,3073,0.4639900662251656,0.279760419266284,0.5102303787582976,0.3490580725517671,0.5058293808436849,34828.49,10,2026-09-23T13:49:36.695752+00:00
Falcon3-7B-Base,belief_bank_facts,mlp,26,27416,belief_bank_constraints,mean,0,0,0,0,0,0,49.43312,3073.0,0.46445355221533646,0.358589135679228,0.5049316673174541,0.40369585201887503,0.5020890940424987,36664.771,10,2026-09-23T13:49:36.695752+00:00
Falcon3-7B-Base,belief_bank_facts,mlp,26,27416,belief_bank_constraints,std,0,0,0,0,0,0,1.911344143685276,0.0,0.004557913969644393,0.036547140548212974,0.00384602699006088,0.02478792647735963,0.005401166634835241,36664.771,10,2026-09-23T13:49:36.695752+00:00
Falcon3-7B-Base,belief_bank_facts,mlp,26,27416,halu_eval,2,10546,10000,5273,5273,3259,6741,49.483,3073,0.3259563705343029,0.6327094200675054,0.4539,0.43025560772039645,0.49887236144846275,34878.944,10,2026-09-23T13:49:36.695752+00:00
Falcon3-7B-Base,belief_bank_facts,mlp,26,27416,halu_eval,4,10546,10000,5273,5273,3259,6741,49.1488,3073,0.3251016413190784,0.6624731512733968,0.4418,0.43616161616161614,0.49886491911595654,34929.057,10,2026-09-23T13:49:36.695752+00:00
Falcon3-7B-Base,belief_bank_facts,mlp,26,27416,halu_eval,24,10546,10000,5273,5273,3259,6741,50.4889,3073,0.32435033686236764,0.6204357164774471,0.4551,0.4259981038660065,0.49815405118476697,34980.5,10,2026-09-23T13:49:36.695752+00:00
Falcon3-7B-Base,belief_bank_facts,mlp,26,27416,halu_eval,42,10546,10000,5273,5273,3259,6741,47.5947,3073,0.32465543644716693,0.6505062902730899,0.4451,0.43313923792011444,0.4969449566453406,35029.062,10,2026-09-23T13:49:36.695752+00:00
Falcon3-7B-Base,belief_bank_facts,mlp,26,27416,halu_eval,64,10546,10000,5273,5273,3259,6741,50.8942,3073,0.32822499157965646,0.5980362074255907,0.4701,0.42383385886702185,0.5008115328751497,35080.918,10,2026-09-23T13:49:36.695752+00:00
Falcon3-7B-Base,belief_bank_facts,mlp,26,27416,halu_eval,67,10546,10000,5273,5273,3259,6741,47.6331,3073,0.3281199613028056,0.624424670144216,0.4609,0.43018708381777826,0.4977039380044143,35129.515,10,2026-09-23T13:49:36.695752+00:00
Falcon3-7B-Base,belief_bank_facts,mlp,26,27416,halu_eval,104,10546,10000,5273,5273,3259,6741,48.9858,3073,0.32714981921081593,0.6385394292727831,0.4542,0.43264033264033264,0.49884090792086766,35179.475,10,2026-09-23T13:49:36.695752+00:00
Falcon3-7B-Base,belief_bank_facts,mlp,26,27416,halu_eval,123,10546,10000,5273,5273,3259,6741,48.6982,3073,0.323587710604559,0.6011046333231053,0.4605,0.4207022441748094,0.49813638986970643,35229.144,10,2026-09-23T13:49:36.695752+00:00
Falcon3-7B-Base,belief_bank_facts,mlp,26,27416,halu_eval,420,10546,10000,5273,5273,3259,6741,48.5643,3073,0.3265140444877415,0.617060447990181,0.4604,0.4270545763431726,0.49942259334653655,35278.679,10,2026-09-23T13:49:36.695752+00:00
Falcon3-7B-Base,belief_bank_facts,mlp,26,27416,halu_eval,511,10546,10000,5273,5273,3259,6741,49.8286,3073,0.32754303599374024,0.6422215403498005,0.4537,0.4338273396206861,0.500416816139201,35329.462,10,2026-09-23T13:49:36.695752+00:00
Falcon3-7B-Base,belief_bank_facts,mlp,26,27416,halu_eval,mean,0,0,0,0,0,0,49.13196,3073.0,0.3261203348342235,0.6287511506597115,0.45557,0.42938000011319344,0.4988168466550403,36664.771,10,2026-09-23T13:49:36.695752+00:00
Falcon3-7B-Base,belief_bank_facts,mlp,26,27416,halu_eval,std,0,0,0,0,0,0,1.0342675622874375,0.0,0.0015628383267333686,0.019584851761547898,0.0077122046134681845,0.004635264863772012,0.0011205549279117097,36664.771,10,2026-09-23T13:49:36.695752+00:00
Falcon3-7B-Base,belief_bank_facts,mlp,27,27416,belief_bank_facts,2,10546,8225,5273,5273,2260,5965,44.7038,3073,0.6153350515463918,0.8451327433628318,0.8122796352583587,0.7121551081282624,0.8755081634015534,35375.787,10,2026-09-23T13:49:36.695752+00:00
Falcon3-7B-Base,belief_bank_facts,mlp,27,27416,belief_bank_facts,4,10546,8225,5273,5273,2260,5965,44.1034,3073,0.6065573770491803,0.8185840707964602,0.8042553191489362,0.696798493408663,0.8639082331298356,35420.806,10,2026-09-23T13:49:36.695752+00:00
Falcon3-7B-Base,belief_bank_facts,mlp,27,27416,belief_bank_facts,24,10546,8225,5273,5273,2260,5965,44.1521,3073,0.6031595576619273,0.8446902654867257,0.8046200607902736,0.703778801843318,0.8724179765445927,35465.893,10,2026-09-23T13:49:36.695752+00:00
Falcon3-7B-Base,belief_bank_facts,mlp,27,27416,belief_bank_facts,42,10546,8225,5273,5273,2260,5965,45.567,3073,0.6184645929847783,0.8269911504424778,0.8122796352583587,0.7076864823930329,0.8667825590279581,35512.371,10,2026-09-23T13:49:36.695752+00:00
Falcon3-7B-Base,belief_bank_facts,mlp,27,27416,belief_bank_facts,64,10546,8225,5273,5273,2260,5965,42.1947,3073,0.6162409954158481,0.8327433628318585,0.8115501519756839,0.708317651486639,0.8748942948912907,35555.479,10,2026-09-23T13:49:36.695752+00:00
Falcon3-7B-Base,belief_bank_facts,mlp,27,27416,belief_bank_facts,67,10546,8225,5273,5273,2260,5965,42.1596,3073,0.6282008646491519,0.8358407079646017,0.818966565349544,0.7172963736472375,0.8746587394016722,35598.552,10,2026-09-23T13:49:36.695752+00:00
Falcon3-7B-Base,belief_bank_facts,mlp,27,27416,belief_bank_facts,104,10546,8225,5273,5273,2260,5965,42.2457,3073,0.6064707824364477,0.8128318584070796,0.8036474164133739,0.6946492720741161,0.8601734305573071,35641.699,10,2026-09-23T13:49:36.695752+00:00
Falcon3-7B-Base,belief_bank_facts,mlp,27,27416,belief_bank_facts,123,10546,8225,5273,5273,2260,5965,45.1059,3073,0.615009746588694,0.8376106194690266,0.811306990881459,0.7092544023979018,0.8706933513341097,35687.704,10,2026-09-23T13:49:36.695752+00:00
Falcon3-7B-Base,belief_bank_facts,mlp,27,27416,belief_bank_facts,420,10546,8225,5273,5273,2260,5965,41.5278,3073,0.616782292699042,0.8261061946902655,0.8111854103343465,0.7062606393039531,0.8712460221498565,35730.133,10,2026-09-23T13:49:36.695752+00:00
Falcon3-7B-Base,belief_bank_facts,mlp,27,27416,belief_bank_facts,511,10546,8225,5273,5273,2260,5965,40.6806,3073,0.6178217821782178,0.8283185840707965,0.8120364741641337,0.7077504725897921,0.872753599537123,35771.718,10,2026-09-23T13:49:36.695752+00:00
Falcon3-7B-Base,belief_bank_facts,mlp,27,27416,belief_bank_facts,mean,0,0,0,0,0,0,43.244060000000005,3073.0,0.6144043043209678,0.8308849557522123,0.8102127659574467,0.7063947697272916,0.8703036369975299,36664.771,10,2026-09-23T13:49:36.695752+00:00
Falcon3-7B-Base,belief_bank_facts,mlp,27,27416,belief_bank_facts,std,0,0,0,0,0,0,1.5920788084765156,0.0,0.0069262591201587455,0.009943059755885409,0.0044978230030022345,0.006358572205292879,0.004843151147380089,36664.771,10,2026-09-23T13:49:36.695752+00:00
Falcon3-7B-Base,belief_bank_facts,mlp,27,27416,belief_bank_constraints,2,10546,25610,5273,5273,12021,13589,45.5119,3073,0.4616349047141424,0.30629731303552116,0.5067161265130808,0.36825523828574286,0.5016346341776396,35818.744,10,2026-09-23T13:49:36.695752+00:00
Falcon3-7B-Base,belief_bank_facts,mlp,27,27416,belief_bank_constraints,4,10546,25610,5273,5273,12021,13589,43.6724,3073,0.4713026911169326,0.32925713334997087,0.5117922686450606,0.38767814290611685,0.5088795475041595,35863.947,10,2026-09-23T13:49:36.695752+00:00
Falcon3-7B-Base,belief_bank_facts,mlp,27,27416,belief_bank_constraints,24,10546,25610,5273,5273,12021,13589,43.6988,3073,0.46683339287840897,0.3260959986689959,0.50886372510738,0.3839749240865903,0.5030045691925704,35909.166,10,2026-09-23T13:49:36.695752+00:00
Falcon3-7B-Base,belief_bank_facts,mlp,27,27416,belief_bank_constraints,42,10546,25610,5273,5273,12021,13589,43.2087,3073,0.46930354267310787,0.38790450045753266,0.506794221007419,0.4247392631051601,0.5046689854312096,35953.912,10,2026-09-23T13:49:36.695752+00:00
Falcon3-7B-Base,belief_bank_facts,mlp,27,27416,belief_bank_constraints,64,10546,25610,5273,5273,12021,13589,42.8403,3073,0.46330066104399364,0.3381582231095583,0.5054666146036705,0.39095936523202696,0.4998685763254751,35998.34,10,2026-09-23T13:49:36.695752+00:00
Falcon3-7B-Base,belief_bank_facts,mlp,27,27416,belief_bank_constraints,67,10546,25610,5273,5273,12021,13589,43.1017,3073,0.467392442164765,0.37143332501455784,0.506286606794221,0.4139241679799759,0.5042164266596791,36043.009,10,2026-09-23T13:49:36.695752+00:00
Falcon3-7B-Base,belief_bank_facts,mlp,27,27416,belief_bank_constraints,104,10546,25610,5273,5273,12021,13589,44.2267,3073,0.46189349112426037,0.32468180683803344,0.5054666146036705,0.3813199159787016,0.5017348463746714,36088.789,10,2026-09-23T13:49:36.695752+00:00
Falcon3-7B-Base,belief_bank_facts,mlp,27,27416,belief_bank_constraints,123,10546,25610,5273,5273,12021,13589,44.3971,3073,0.4653388515261252,0.29930954163547124,0.5096837172979305,0.3642990938085354,0.502158470940382,36134.738,10,2026-09-23T13:49:36.695752+00:00
Falcon3-7B-Base,belief_bank_facts,mlp,27,27416,belief_bank_constraints,420,10546,25610,5273,5273,12021,13589,43.0898,3073,0.4617710039047739,0.3049663089593212,0.5069113627489262,0.36733466933867737,0.49973368470900653,36179.356,10,2026-09-23T13:49:36.695752+00:00
Falcon3-7B-Base,belief_bank_facts,mlp,27,27416,belief_bank_constraints,511,10546,25610,5273,5273,12021,13589,40.1578,3073,0.4630480685629114,0.3101239497545961,0.507379929714955,0.3714627341570347,0.5032246503590629,36221.057,10,2026-09-23T13:49:36.695752+00:00
Falcon3-7B-Base,belief_bank_facts,mlp,27,27416,belief_bank_constraints,mean,0,0,0,0,0,0,43.390519999999995,3073.0,0.46518190497094214,0.32982281008235587,0.5075361187036315,0.3853947514878562,0.5029124391673856,36664.771,10,2026-09-23T13:49:36.695752+00:00
Falcon3-7B-Base,belief_bank_facts,mlp,27,27416,belief_bank_constraints,std,0,0,0,0,0,0,1.3170905419142598,0.0,0.0032436383686952792,0.027758665596230834,0.0019040488346688507,0.019172309606361324,0.0025190423418670373,36664.771,10,2026-09-23T13:49:36.695752+00:00
Falcon3-7B-Base,belief_bank_facts,mlp,27,27416,halu_eval,2,10546,10000,5273,5273,3259,6741,43.5865,3073,0.3144199494036863,0.26695305308376804,0.5714,0.2887487553932957,0.49040603681956313,36265.6,10,2026-09-23T13:49:36.695752+00:00
Falcon3-7B-Base,belief_bank_facts,mlp,27,27416,halu_eval,4,10546,10000,5273,5273,3259,6741,46.2664,3073,0.31173312883435583,0.24946302546793495,0.5759,0.27714334412817454,0.48961412257016373,36312.842,10,2026-09-23T13:49:36.695752+00:00
Falcon3-7B-Base,belief_bank_facts,mlp,27,27416,halu_eval,24,10546,10000,5273,5273,3259,6741,42.7972,3073,0.31953543776057175,0.3292420988033139,0.5529,0.3243161553574127,0.4948631063731447,36356.621,10,2026-09-23T13:49:36.695752+00:00
Falcon3-7B-Base,belief_bank_facts,mlp,27,27416,halu_eval,42,10546,10000,5273,5273,3259,6741,43.2334,3073,0.3197476952935468,0.404418533292421,0.5255,0.35713317978593684,0.4948192261986127,36400.829,10,2026-09-23T13:49:36.695752+00:00
Falcon3-7B-Base,belief_bank_facts,mlp,27,27416,halu_eval,64,10546,10000,5273,5273,3259,6741,43.879,3073,0.31778741865509763,0.5394292727830623,0.4725,0.3999544989193493,0.49325292245831487,36445.673,10,2026-09-23T13:49:36.695752+00:00
Falcon3-7B-Base,belief_bank_facts,mlp,27,27416,halu_eval,67,10546,10000,5273,5273,3259,6741,42.4247,3073,0.32309746328437916,0.5940472537588217,0.4621,0.41854934601664684,0.49477825923068863,36489.049,10,2026-09-23T13:49:36.695752+00:00
Falcon3-7B-Base,belief_bank_facts,mlp,27,27416,halu_eval,104,10546,10000,5273,5273,3259,6741,42.3868,3073,0.31638970348647766,0.29794415464866525,0.5614,0.30689001264222504,0.49417238053451784,36532.386,10,2026-09-23T13:49:36.695752+00:00
Falcon3-7B-Base,belief_bank_facts,mlp,27,27416,halu_eval,123,10546,10000,5273,5273,3259,6741,44.0201,3073,0.30819295558958654,0.24700828474992328,0.5739,0.2742292624765798,0.48856916901555325,36577.471,10,2026-09-23T13:49:36.695752+00:00
Falcon3-7B-Base,belief_bank_facts,mlp,27,27416,halu_eval,420,10546,10000,5273,5273,3259,6741,43.638,3073,0.30196078431372547,0.2598956735194845,0.563,0.27935356200527706,0.485254827513361,36622.082,10,2026-09-23T13:49:36.695752+00:00
Falcon3-7B-Base,belief_bank_facts,mlp,27,27416,halu_eval,511,10546,10000,5273,5273,3259,6741,41.0117,3073,0.32541303137182104,0.537895059834305,0.486,0.40550543603978717,0.49481622195429825,36664.056,10,2026-09-23T13:49:36.695752+00:00
Falcon3-7B-Base,belief_bank_facts,mlp,27,27416,halu_eval,mean,0,0,0,0,0,0,43.324380000000005,3073.0,0.3158277567993248,0.37262964099416995,0.5344599999999999,0.33318235527646844,0.49205462726682186,36664.771,10,2026-09-23T13:49:36.695752+00:00
Falcon3-7B-Base,belief_bank_facts,mlp,27,27416,halu_eval,std,0,0,0,0,0,0,1.3014353997029584,0.0,0.006688243497730507,0.12940583387664173,0.04245155356403343,0.05459663979352818,0.00321800463410641,36664.771,10,2026-09-23T13:49:36.695752+00:00
