model,train_dataset,layer_type,layer,num_samples,eval_dataset,split_seed,train_size,test_size,train_hall,train_not_hall,test_hall,test_not_hall,fit_time_s,model_params,precision,recall,accuracy,f1,auroc,total_runtime_s,num_splits,created_at_utc
Falcon3-7B-Base,belief_bank_facts,hidden,0,27416,belief_bank_facts,2,10546,8225,5273,5273,2260,5965,52.7879,3073,0.6710875331564987,0.8955752212389381,0.8506990881458967,0.7672479150871873,0.9192412598565378,82.181,10,2026-09-23T13:49:33.712085+00:00
Falcon3-7B-Base,belief_bank_facts,hidden,0,27416,belief_bank_facts,4,10546,8225,5273,5273,2260,5965,57.0327,3073,0.6604392002622091,0.8915929203539823,0.8442553191489361,0.7588024854076445,0.9137521604640642,140.081,10,2026-09-23T13:49:33.712085+00:00
Falcon3-7B-Base,belief_bank_facts,hidden,0,27416,belief_bank_facts,24,10546,8225,5273,5273,2260,5965,53.2973,3073,0.665227499169711,0.886283185840708,0.8462006079027355,0.7600075886928477,0.9166516701407175,194.314,10,2026-09-23T13:49:33.712085+00:00
Falcon3-7B-Base,belief_bank_facts,hidden,0,27416,belief_bank_facts,42,10546,8225,5273,5273,2260,5965,52.6651,3073,0.6642359960225389,0.8867256637168142,0.8457142857142858,0.7595224559408755,0.9151735418258425,247.913,10,2026-09-23T13:49:33.712085+00:00
Falcon3-7B-Base,belief_bank_facts,hidden,0,27416,belief_bank_facts,64,10546,8225,5273,5273,2260,5965,54.4202,3073,0.6680892974392646,0.9004424778761062,0.849726443768997,0.7670561628345269,0.9156546669732734,303.257,10,2026-09-23T13:49:33.712085+00:00
Falcon3-7B-Base,belief_bank_facts,hidden,0,27416,belief_bank_facts,67,10546,8225,5273,5273,2260,5965,59.2866,3073,0.6684315023163467,0.8938053097345132,0.8489969604863222,0.7648617947747065,0.9134186886632197,363.501,10,2026-09-23T13:49:33.712085+00:00
Falcon3-7B-Base,belief_bank_facts,hidden,0,27416,belief_bank_facts,104,10546,8225,5273,5273,2260,5965,52.5993,3073,0.6697000337040782,0.8792035398230088,0.8476595744680852,0.760283145207576,0.9076033499247083,417.043,10,2026-09-23T13:49:33.712085+00:00
Falcon3-7B-Base,belief_bank_facts,hidden,0,27416,belief_bank_facts,123,10546,8225,5273,5273,2260,5965,48.8139,3073,0.6583549222797928,0.8995575221238938,0.8441337386018237,0.7602842183994016,0.918297368870031,466.753,10,2026-09-23T13:49:33.712085+00:00
Falcon3-7B-Base,belief_bank_facts,hidden,0,27416,belief_bank_facts,420,10546,8225,5273,5273,2260,5965,53.5027,3073,0.6703187250996016,0.893362831858407,0.8499696048632219,0.7659332321699545,0.9136902580688233,521.173,10,2026-09-23T13:49:33.712085+00:00
Falcon3-7B-Base,belief_bank_facts,hidden,0,27416,belief_bank_facts,511,10546,8225,5273,5273,2260,5965,49.9821,3073,0.6622821440315686,0.8911504424778761,0.8452279635258358,0.7598566308243727,0.9140114161517405,572.049,10,2026-09-23T13:49:33.712085+00:00
Falcon3-7B-Base,belief_bank_facts,hidden,0,27416,belief_bank_facts,mean,0,0,0,0,0,0,53.438779999999994,3073.0,0.6658166853481611,0.8917699115044249,0.8472583586626141,0.7623855629339092,0.9147494380938959,37739.656,10,2026-09-23T13:49:33.712085+00:00
Falcon3-7B-Base,belief_bank_facts,hidden,0,27416,belief_bank_facts,std,0,0,0,0,0,0,2.883845542257768,0.0,0.004184095862228374,0.006090141781977092,0.0023424694032151403,0.0032572464981818865,0.003047632477049718,37739.656,10,2026-09-23T13:49:33.712085+00:00
Falcon3-7B-Base,belief_bank_facts,hidden,0,27416,belief_bank_constraints,2,10546,25610,5273,5273,12021,13589,47.4748,3073,0.41886037987337554,0.10456700773646119,0.5115970324092152,0.1673545466648915,0.49314723040698355,621.043,10,2026-09-23T13:49:33.712085+00:00
Falcon3-7B-Base,belief_bank_facts,hidden,0,27416,belief_bank_constraints,4,10546,25610,5273,5273,12021,13589,55.5224,3073,0.4325153374233129,0.11729473421512353,0.5134322530261617,0.18454289640730318,0.4981199989820841,678.093,10,2026-09-23T13:49:33.712085+00:00
Falcon3-7B-Base,belief_bank_facts,hidden,0,27416,belief_bank_constraints,24,10546,25610,5273,5273,12021,13589,52.9062,3073,0.4218512898330804,0.09250478329589884,0.5145255759468957,0.15173637169952925,0.49109203863435474,732.507,10,2026-09-23T13:49:33.712085+00:00
Falcon3-7B-Base,belief_bank_facts,hidden,0,27416,belief_bank_constraints,42,10546,25610,5273,5273,12021,13589,48.1527,3073,0.43285674236052707,0.1284418933532984,0.5119094103865678,0.1981011034128817,0.4999265120757932,782.197,10,2026-09-23T13:49:33.712085+00:00
Falcon3-7B-Base,belief_bank_facts,hidden,0,27416,belief_bank_constraints,64,10546,25610,5273,5273,12021,13589,50.1319,3073,0.4363186318631863,0.16130105648448548,0.5085122998828583,0.2355299119344063,0.49498549368761413,833.885,10,2026-09-23T13:49:33.712085+00:00
Falcon3-7B-Base,belief_bank_facts,hidden,0,27416,belief_bank_constraints,67,10546,25610,5273,5273,12021,13589,54.156,3073,0.4535837651122625,0.17477747275601033,0.5138227254978524,0.252326908064613,0.5053154183798927,889.563,10,2026-09-23T13:49:33.712085+00:00
Falcon3-7B-Base,belief_bank_facts,hidden,0,27416,belief_bank_constraints,104,10546,25610,5273,5273,12021,13589,50.1963,3073,0.43190757128810225,0.14616088511771066,0.5089808668488871,0.218410093852943,0.49232984291863613,941.309,10,2026-09-23T13:49:33.712085+00:00
Falcon3-7B-Base,belief_bank_facts,hidden,0,27416,belief_bank_constraints,123,10546,25610,5273,5273,12021,13589,51.1281,3073,0.41545229584822657,0.12569669744613593,0.5065989847715736,0.19300038319070123,0.4930128254655097,994.008,10,2026-09-23T13:49:33.712085+00:00
Falcon3-7B-Base,belief_bank_facts,hidden,0,27416,belief_bank_constraints,420,10546,25610,5273,5273,12021,13589,54.2157,3073,0.4219185722253207,0.12586307295566093,0.5087465833658728,0.19388735823668868,0.4957475042954272,1049.796,10,2026-09-23T13:49:33.712085+00:00
Falcon3-7B-Base,belief_bank_facts,hidden,0,27416,belief_bank_constraints,511,10546,25610,5273,5273,12021,13589,46.5114,3073,0.46507666098807493,0.1362615423009733,0.5210074189769621,0.21077012159814706,0.5118108583362,1097.922,10,2026-09-23T13:49:33.712085+00:00
Falcon3-7B-Base,belief_bank_facts,hidden,0,27416,belief_bank_constraints,mean,0,0,0,0,0,0,51.03955,3073.0,0.4330341246815469,0.13128691456617586,0.5119133151112847,0.20056596950621047,0.49754877231824957,37739.656,10,2026-09-23T13:49:33.712085+00:00
Falcon3-7B-Base,belief_bank_facts,hidden,0,27416,belief_bank_constraints,std,0,0,0,0,0,0,2.9405568157238506,0.0,0.014899653076951284,0.02349640452626831,0.003924489221589018,0.028594045069683383,0.0062321570720341385,37739.656,10,2026-09-23T13:49:33.712085+00:00
Falcon3-7B-Base,belief_bank_facts,hidden,0,27416,halu_eval,2,10546,10000,5273,5273,3259,6741,49.5502,3073,0.31265012009607684,0.2396440625958883,0.5805,0.2713218690290082,0.4952971969171538,1148.431,10,2026-09-23T13:49:33.712085+00:00
Falcon3-7B-Base,belief_bank_facts,hidden,0,27416,halu_eval,4,10546,10000,5273,5273,3259,6741,55.5256,3073,0.3232484076433121,0.37373427431727524,0.5409,0.3466628717802761,0.500935275877707,1204.902,10,2026-09-23T13:49:33.712085+00:00
Falcon3-7B-Base,belief_bank_facts,hidden,0,27416,halu_eval,24,10546,10000,5273,5273,3259,6741,53.5676,3073,0.3273217596494185,0.5958883092973305,0.4692,0.4225413402959095,0.49952068647528813,1259.408,10,2026-09-23T13:49:33.712085+00:00
Falcon3-7B-Base,belief_bank_facts,hidden,0,27416,halu_eval,42,10546,10000,5273,5273,3259,6741,50.471,3073,0.3252002913328478,0.548020865296103,0.4821,0.4081819220660496,0.4974791886664975,1310.84,10,2026-09-23T13:49:33.712085+00:00
Falcon3-7B-Base,belief_bank_facts,hidden,0,27416,halu_eval,64,10546,10000,5273,5273,3259,6741,50.4244,3073,0.3160207750699161,0.24271248849340288,0.582,0.27455744533148213,0.49158137912930544,1362.223,10,2026-09-23T13:49:33.712085+00:00
Falcon3-7B-Base,belief_bank_facts,hidden,0,27416,halu_eval,67,10546,10000,5273,5273,3259,6741,50.384,3073,0.327286470143613,0.2657256827247622,0.5827,0.2933107535986452,0.49725780772372097,1413.54,10,2026-09-23T13:49:33.712085+00:00
Falcon3-7B-Base,belief_bank_facts,hidden,0,27416,halu_eval,104,10546,10000,5273,5273,3259,6741,49.5914,3073,0.3212775951150775,0.20988033138999693,0.598,0.25389755011135856,0.49756977118446294,1464.063,10,2026-09-23T13:49:33.712085+00:00
Falcon3-7B-Base,belief_bank_facts,hidden,0,27416,halu_eval,123,10546,10000,5273,5273,3259,6741,51.3331,3073,0.3240157480314961,0.2525314513654495,0.5847,0.283842041731333,0.49802309344396967,1516.319,10,2026-09-23T13:49:33.712085+00:00
Falcon3-7B-Base,belief_bank_facts,hidden,0,27416,halu_eval,420,10546,10000,5273,5273,3259,6741,52.5064,3073,0.328705594120049,0.24700828474992328,0.5902,0.2820602662929222,0.5025811238140574,1569.747,10,2026-09-23T13:49:33.712085+00:00
Falcon3-7B-Base,belief_bank_facts,hidden,0,27416,halu_eval,511,10546,10000,5273,5273,3259,6741,48.5965,3073,0.327594302707779,0.6422215403498005,0.4538,0.43387230514096187,0.5011598203807843,1619.266,10,2026-09-23T13:49:33.712085+00:00
Falcon3-7B-Base,belief_bank_facts,hidden,0,27416,halu_eval,mean,0,0,0,0,0,0,51.19502,3073.0,0.32333210639095855,0.36173672905799326,0.5464100000000001,0.3270248365377947,0.49814053436129474,37739.656,10,2026-09-23T13:49:33.712085+00:00
Falcon3-7B-Base,belief_bank_facts,hidden,0,27416,halu_eval,std,0,0,0,0,0,0,1.9981739738070856,0.0,0.0050432223176438175,0.15961976587690166,0.05338079148907404,0.06613498505262573,0.0030201581970680964,37739.656,10,2026-09-23T13:49:33.712085+00:00
Falcon3-7B-Base,belief_bank_facts,hidden,1,27416,belief_bank_facts,2,10546,8225,5273,5273,2260,5965,43.1766,3073,0.7768351161932866,0.9318584070796461,0.9077203647416413,0.8473144236572119,0.9502593298667003,1664.572,10,2026-09-23T13:49:33.712085+00:00
Falcon3-7B-Base,belief_bank_facts,hidden,1,27416,belief_bank_facts,4,10546,8225,5273,5273,2260,5965,41.6267,3073,0.7747050147492626,0.929646017699115,0.9063829787234042,0.8451327433628318,0.9504001216535988,1707.136,10,2026-09-23T13:49:33.712085+00:00
Falcon3-7B-Base,belief_bank_facts,hidden,1,27416,belief_bank_facts,24,10546,8225,5273,5273,2260,5965,43.1007,3073,0.7697344488905057,0.9362831858407079,0.9055319148936171,0.8448792174086645,0.9550242936302473,1751.151,10,2026-09-23T13:49:33.712085+00:00
Falcon3-7B-Base,belief_bank_facts,hidden,1,27416,belief_bank_facts,42,10546,8225,5273,5273,2260,5965,43.9597,3073,0.7790220231429638,0.9234513274336283,0.9069908814589666,0.845110346223932,0.9489857502095559,1796.02,10,2026-09-23T13:49:33.712085+00:00
Falcon3-7B-Base,belief_bank_facts,hidden,1,27416,belief_bank_facts,64,10546,8225,5273,5273,2260,5965,45.5849,3073,0.7787218322866643,0.9327433628318584,0.908693009118541,0.8488020938192068,0.9533725493105057,1842.522,10,2026-09-23T13:49:33.712085+00:00
Falcon3-7B-Base,belief_bank_facts,hidden,1,27416,belief_bank_facts,67,10546,8225,5273,5273,2260,5965,44.8163,3073,0.7844088026855651,0.9305309734513274,0.9106382978723404,0.851244687310261,0.9554863547685986,1888.268,10,2026-09-23T13:49:33.712085+00:00
Falcon3-7B-Base,belief_bank_facts,hidden,1,27416,belief_bank_facts,104,10546,8225,5273,5273,2260,5965,45.8642,3073,0.7760088855979267,0.9274336283185841,0.9065045592705168,0.8449909292481355,0.9478483632398431,1935.079,10,2026-09-23T13:49:33.712085+00:00
Falcon3-7B-Base,belief_bank_facts,hidden,1,27416,belief_bank_facts,123,10546,8225,5273,5273,2260,5965,42.8803,3073,0.7831236121391562,0.9362831858407079,0.9112462006079027,0.852881902458686,0.9510993331305774,1978.869,10,2026-09-23T13:49:33.712085+00:00
Falcon3-7B-Base,belief_bank_facts,hidden,1,27416,belief_bank_facts,420,10546,8225,5273,5273,2260,5965,40.786,3073,0.7783964365256125,0.9278761061946903,0.9075987841945289,0.8465886152603956,0.9479794375746426,2020.582,10,2026-09-23T13:49:33.712085+00:00
Falcon3-7B-Base,belief_bank_facts,hidden,1,27416,belief_bank_facts,511,10546,8225,5273,5273,2260,5965,47.6834,3073,0.7951533510034078,0.9292035398230089,0.9147720364741642,0.8569679657212814,0.950644838252639,2069.219,10,2026-09-23T13:49:33.712085+00:00
Falcon3-7B-Base,belief_bank_facts,hidden,1,27416,belief_bank_facts,mean,0,0,0,0,0,0,43.94788,3073.0,0.7796109523214352,0.9305309734513274,0.9086079027355621,0.8483912924470607,0.951110037163691,37739.656,10,2026-09-23T13:49:33.712085+00:00
Falcon3-7B-Base,belief_bank_facts,hidden,1,27416,belief_bank_facts,std,0,0,0,0,0,0,1.9722625351610765,0.0,0.006494847333902045,0.003770160779493922,0.0026896793757535124,0.0038951855589321044,0.0025688225679335133,37739.656,10,2026-09-23T13:49:33.712085+00:00
Falcon3-7B-Base,belief_bank_facts,hidden,1,27416,belief_bank_constraints,2,10546,25610,5273,5273,12021,13589,41.2979,3073,0.44834286948072977,0.3454787455286582,0.4932448262397501,0.39024619432437513,0.49116417978499116,2112.028,10,2026-09-23T13:49:33.712085+00:00
Falcon3-7B-Base,belief_bank_facts,hidden,1,27416,belief_bank_constraints,4,10546,25610,5273,5273,12021,13589,42.2616,3073,0.4512464817048653,0.37342983112885786,0.49273721202655213,0.4086667577040375,0.4884273889692474,2155.807,10,2026-09-23T13:49:33.712085+00:00
Falcon3-7B-Base,belief_bank_facts,hidden,1,27416,belief_bank_constraints,24,10546,25610,5273,5273,12021,13589,42.9385,3073,0.4395176973940101,0.2820064886448715,0.4941819601718079,0.34356947400425664,0.4947683019625999,2200.288,10,2026-09-23T13:49:33.712085+00:00
Falcon3-7B-Base,belief_bank_facts,hidden,1,27416,belief_bank_constraints,42,10546,25610,5273,5273,12021,13589,44.2229,3073,0.45242984257357977,0.4398968471840945,0.48719250292854355,0.4460753300434434,0.4910968717149629,2246.021,10,2026-09-23T13:49:33.712085+00:00
Falcon3-7B-Base,belief_bank_facts,hidden,1,27416,belief_bank_constraints,64,10546,25610,5273,5273,12021,13589,45.1294,3073,0.4445932373619016,0.33142001497379586,0.4918391253416634,0.37975407492136115,0.4863085101109852,2292.653,10,2026-09-23T13:49:33.712085+00:00
Falcon3-7B-Base,belief_bank_facts,hidden,1,27416,belief_bank_constraints,67,10546,25610,5273,5273,12021,13589,43.2388,3073,0.45235812883435583,0.3925630147242326,0.49180007809449433,0.42034472008194895,0.49111535006051815,2337.411,10,2026-09-23T13:49:33.712085+00:00
Falcon3-7B-Base,belief_bank_facts,hidden,1,27416,belief_bank_constraints,104,10546,25610,5273,5273,12021,13589,43.7202,3073,0.4536201267524486,0.39297895349804507,0.49289340101522844,0.4211277022509472,0.49421123968370684,2382.64,10,2026-09-23T13:49:33.712085+00:00
Falcon3-7B-Base,belief_bank_facts,hidden,1,27416,belief_bank_constraints,123,10546,25610,5273,5273,12021,13589,44.5633,3073,0.44917850181008073,0.40254554529573244,0.4878563061304178,0.4245854172150566,0.4890766991160127,2428.696,10,2026-09-23T13:49:33.712085+00:00
Falcon3-7B-Base,belief_bank_facts,hidden,1,27416,belief_bank_constraints,420,10546,25610,5273,5273,12021,13589,41.1527,3073,0.43953488372093025,0.29872722735213375,0.4920343615775088,0.35570303600614134,0.48982212604381614,2471.406,10,2026-09-23T13:49:33.712085+00:00
Falcon3-7B-Base,belief_bank_facts,hidden,1,27416,belief_bank_constraints,511,10546,25610,5273,5273,12021,13589,48.5283,3073,0.44142309535218016,0.30654687629980865,0.4924248340491995,0.3618243409102067,0.4900915174880783,2521.463,10,2026-09-23T13:49:33.712085+00:00
Falcon3-7B-Base,belief_bank_facts,hidden,1,27416,belief_bank_constraints,mean,0,0,0,0,0,0,43.70536,3073.0,0.44722448649850816,0.35655935446302306,0.4916204607575166,0.39518970474617743,0.49060821849349195,37739.656,10,2026-09-23T13:49:33.712085+00:00
Falcon3-7B-Base,belief_bank_facts,hidden,1,27416,belief_bank_constraints,std,0,0,0,0,0,0,2.0370297308581433,0.0,0.005241219628683658,0.049118051827767115,0.002161976647122286,0.03246602830390021,0.0023993144017051917,37739.656,10,2026-09-23T13:49:33.712085+00:00
Falcon3-7B-Base,belief_bank_facts,hidden,1,27416,halu_eval,2,10546,10000,5273,5273,3259,6741,42.0556,3073,0.3440691280439906,0.13439705431113838,0.6344,0.19329214474845544,0.5093563320070505,2564.468,10,2026-09-23T13:49:33.712085+00:00
Falcon3-7B-Base,belief_bank_facts,hidden,1,27416,halu_eval,4,10546,10000,5273,5273,3259,6741,40.3694,3073,0.3359666447224051,0.46977600490948146,0.5246,0.39176049129989765,0.513702244520998,2605.799,10,2026-09-23T13:49:33.712085+00:00
Falcon3-7B-Base,belief_bank_facts,hidden,1,27416,halu_eval,24,10546,10000,5273,5273,3259,6741,41.2795,3073,0.3368351936966513,0.4722307456274931,0.525,0.3932038834951456,0.5102385784207224,2648.031,10,2026-09-23T13:49:33.712085+00:00
Falcon3-7B-Base,belief_bank_facts,hidden,1,27416,halu_eval,42,10546,10000,5273,5273,3259,6741,43.339,3073,0.3331133113311331,0.46455968088370664,0.5224,0.3880061506919528,0.5067067478377065,2692.302,10,2026-09-23T13:49:33.712085+00:00
Falcon3-7B-Base,belief_bank_facts,hidden,1,27416,halu_eval,64,10546,10000,5273,5273,3259,6741,44.8365,3073,0.3303964757709251,0.36821110770174903,0.5509,0.348280365694384,0.5076270707721213,2738.075,10,2026-09-23T13:49:33.712085+00:00
Falcon3-7B-Base,belief_bank_facts,hidden,1,27416,halu_eval,67,10546,10000,5273,5273,3259,6741,41.7465,3073,0.33413884007029876,0.46670757901196686,0.5231,0.38945077454871335,0.5071262268298227,2780.754,10,2026-09-23T13:49:33.712085+00:00
Falcon3-7B-Base,belief_bank_facts,hidden,1,27416,halu_eval,104,10546,10000,5273,5273,3259,6741,43.3401,3073,0.3354210160055672,0.14789812826020252,0.6268,0.20528109028960817,0.5085221079835562,2825.041,10,2026-09-23T13:49:33.712085+00:00
Falcon3-7B-Base,belief_bank_facts,hidden,1,27416,halu_eval,123,10546,10000,5273,5273,3259,6741,44.4298,3073,0.33548387096774196,0.4467628106781221,0.5313,0.3832083168838005,0.5058379522451696,2870.439,10,2026-09-23T13:49:33.712085+00:00
Falcon3-7B-Base,belief_bank_facts,hidden,1,27416,halu_eval,420,10546,10000,5273,5273,3259,6741,41.3057,3073,0.3367898034132642,0.4783675974225223,0.523,0.39528397565922924,0.5069512978767867,2912.699,10,2026-09-23T13:49:33.712085+00:00
Falcon3-7B-Base,belief_bank_facts,hidden,1,27416,halu_eval,511,10546,10000,5273,5273,3259,6741,46.2981,3073,0.3345174659561871,0.17336606320957348,0.6182,0.22837510105092967,0.508349318416623,2959.985,10,2026-09-23T13:49:33.712085+00:00
Falcon3-7B-Base,belief_bank_facts,hidden,1,27416,halu_eval,mean,0,0,0,0,0,0,42.90002,3073.0,0.33567317499781646,0.36222767720159554,0.5579699999999999,0.33161422943621166,0.5084417876910557,37739.656,10,2026-09-23T13:49:33.712085+00:00
Falcon3-7B-Base,belief_bank_facts,hidden,1,27416,halu_eval,std,0,0,0,0,0,0,1.7787393180564712,0.0,0.0033370798980905227,0.14115181030822443,0.045686607446821875,0.08165837272865649,0.0021484553161267112,37739.656,10,2026-09-23T13:49:33.712085+00:00
Falcon3-7B-Base,belief_bank_facts,hidden,2,27416,belief_bank_facts,2,10546,8225,5273,5273,2260,5965,45.2667,3073,0.7784364579473879,0.929646017699115,0.9079635258358663,0.847348255696713,0.9516085721279737,3006.932,10,2026-09-23T13:49:33.712085+00:00
Falcon3-7B-Base,belief_bank_facts,hidden,2,27416,belief_bank_facts,4,10546,8225,5273,5273,2260,5965,44.7606,3073,0.7756079587324981,0.9314159292035398,0.907112462006079,0.8464012866907921,0.9522162837792729,3052.59,10,2026-09-23T13:49:33.712085+00:00
Falcon3-7B-Base,belief_bank_facts,hidden,2,27416,belief_bank_facts,24,10546,8225,5273,5273,2260,5965,42.058,3073,0.7772039837698266,0.9323008849557523,0.9079635258358663,0.8477167571917119,0.9533470317263685,3095.539,10,2026-09-23T13:49:33.712085+00:00
Falcon3-7B-Base,belief_bank_facts,hidden,2,27416,belief_bank_facts,42,10546,8225,5273,5273,2260,5965,44.8442,3073,0.7812852311161218,0.9199115044247788,0.9072340425531915,0.844950213371266,0.9516297131497157,3141.297,10,2026-09-23T13:49:33.712085+00:00
Falcon3-7B-Base,belief_bank_facts,hidden,2,27416,belief_bank_facts,64,10546,8225,5273,5273,2260,5965,45.2222,3073,0.7744665194996321,0.9314159292035398,0.9066261398176292,0.8457211731619124,0.9526575377014888,3187.417,10,2026-09-23T13:49:33.712085+00:00
Falcon3-7B-Base,belief_bank_facts,hidden,2,27416,belief_bank_facts,67,10546,8225,5273,5273,2260,5965,43.527,3073,0.7730470196223621,0.9238938053097345,0.9045592705167174,0.8417657730296311,0.9568397881447085,3231.869,10,2026-09-23T13:49:33.712085+00:00
Falcon3-7B-Base,belief_bank_facts,hidden,2,27416,belief_bank_facts,104,10546,8225,5273,5273,2260,5965,44.2079,3073,0.7737037037037037,0.9243362831858407,0.9049240121580547,0.8423387096774193,0.9484196900800392,3277.041,10,2026-09-23T13:49:33.712085+00:00
Falcon3-7B-Base,belief_bank_facts,hidden,2,27416,belief_bank_facts,123,10546,8225,5273,5273,2260,5965,44.5553,3073,0.7958412098298677,0.9314159292035398,0.9155015197568389,0.8583078491335372,0.9528060441068477,3322.533,10,2026-09-23T13:49:33.712085+00:00
Falcon3-7B-Base,belief_bank_facts,hidden,2,27416,belief_bank_facts,420,10546,8225,5273,5273,2260,5965,45.16,3073,0.7786885245901639,0.9247787610619469,0.907112462006079,0.8454692556634305,0.9471753740477269,3368.618,10,2026-09-23T13:49:33.712085+00:00
Falcon3-7B-Base,belief_bank_facts,hidden,2,27416,belief_bank_facts,511,10546,8225,5273,5273,2260,5965,43.3784,3073,0.7802524127691166,0.9300884955752212,0.9088145896656535,0.8486071861122325,0.9517859341735344,3412.941,10,2026-09-23T13:49:33.712085+00:00
Falcon3-7B-Base,belief_bank_facts,hidden,2,27416,belief_bank_facts,mean,0,0,0,0,0,0,44.29803,3073.0,0.778853302158068,0.927920353982301,0.9077811550151976,0.8468626459728645,0.9518485969037677,37739.656,10,2026-09-23T13:49:33.712085+00:00
Falcon3-7B-Base,belief_bank_facts,hidden,2,27416,belief_bank_facts,std,0,0,0,0,0,0,0.9787711162983916,0.0,0.006240107010950158,0.004081603584630554,0.002860245356861162,0.0043423528120718835,0.0025013884823658584,37739.656,10,2026-09-23T13:49:33.712085+00:00
Falcon3-7B-Base,belief_bank_facts,hidden,2,27416,belief_bank_constraints,2,10546,25610,5273,5273,12021,13589,44.2582,3073,0.41794040450826,0.22518925214208468,0.48910581803982817,0.29268028976105526,0.46542830714437233,3458.784,10,2026-09-23T13:49:33.712085+00:00
Falcon3-7B-Base,belief_bank_facts,hidden,2,27416,belief_bank_constraints,4,10546,25610,5273,5273,12021,13589,44.76,3073,0.4246612466124661,0.26071042342567174,0.48719250292854355,0.3230761300963868,0.4722614015998654,3505.086,10,2026-09-23T13:49:33.712085+00:00
Falcon3-7B-Base,belief_bank_facts,hidden,2,27416,belief_bank_constraints,24,10546,25610,5273,5273,12021,13589,42.7648,3073,0.40589285714285717,0.18908576657516013,0.48945724326434986,0.25798762839793427,0.46243535693469534,3549.408,10,2026-09-23T13:49:33.712085+00:00
Falcon3-7B-Base,belief_bank_facts,hidden,2,27416,belief_bank_constraints,42,10546,25610,5273,5273,12021,13589,42.7144,3073,0.42604055496264676,0.33208551701189587,0.4764935572042171,0.37324108269833106,0.47024038114573563,3593.675,10,2026-09-23T13:49:33.712085+00:00
Falcon3-7B-Base,belief_bank_facts,hidden,2,27416,belief_bank_constraints,64,10546,25610,5273,5273,12021,13589,46.0939,3073,0.4137830764757197,0.23675235005407205,0.484303006638032,0.3011799566114609,0.4672318634579248,3641.32,10,2026-09-23T13:49:33.712085+00:00
Falcon3-7B-Base,belief_bank_facts,hidden,2,27416,belief_bank_constraints,67,10546,25610,5273,5273,12021,13589,46.8325,3073,0.4310367031551835,0.278429415190084,0.4887934400624756,0.33832002425957747,0.46671118855222393,3689.743,10,2026-09-23T13:49:33.712085+00:00
Falcon3-7B-Base,belief_bank_facts,hidden,2,27416,belief_bank_constraints,104,10546,25610,5273,5273,12021,13589,44.7681,3073,0.41659929938022094,0.2572165377256468,0.48227254978524015,0.31805791287352775,0.46252106988990227,3736.053,10,2026-09-23T13:49:33.712085+00:00
Falcon3-7B-Base,belief_bank_facts,hidden,2,27416,belief_bank_constraints,123,10546,25610,5273,5273,12021,13589,45.6184,3073,0.4141770272777881,0.1856750686298977,0.4944943381491605,0.25640436530729466,0.46967938873669635,3783.202,10,2026-09-23T13:49:33.712085+00:00
Falcon3-7B-Base,belief_bank_facts,hidden,2,27416,belief_bank_constraints,420,10546,25610,5273,5273,12021,13589,44.6237,3073,0.41450068399452805,0.22685300723733468,0.48668488871534554,0.2932258064516129,0.4682354485140738,3829.376,10,2026-09-23T13:49:33.712085+00:00
Falcon3-7B-Base,belief_bank_facts,hidden,2,27416,belief_bank_constraints,511,10546,25610,5273,5273,12021,13589,42.6947,3073,0.40420868040333185,0.23009732967307212,0.47942210074189767,0.29325699745547074,0.45635775653944427,3873.604,10,2026-09-23T13:49:33.712085+00:00
Falcon3-7B-Base,belief_bank_facts,hidden,2,27416,belief_bank_constraints,mean,0,0,0,0,0,0,44.51287,3073.0,0.4168840533913002,0.24220946676649197,0.485821944552909,0.30474301939126514,0.46611021625149335,37739.656,10,2026-09-23T13:49:33.712085+00:00
Falcon3-7B-Base,belief_bank_facts,hidden,2,27416,belief_bank_constraints,std,0,0,0,0,0,0,1.3748409610205838,0.0,0.008061741043603859,0.04083790504568,0.005035322312208614,0.03358312238493607,0.004424163659646156,37739.656,10,2026-09-23T13:49:33.712085+00:00
Falcon3-7B-Base,belief_bank_facts,hidden,2,27416,halu_eval,2,10546,10000,5273,5273,3259,6741,42.2282,3073,0.32987312572087657,0.08775698066891685,0.6446,0.1386330586524479,0.5037219400736104,3916.752,10,2026-09-23T13:49:33.712085+00:00
Falcon3-7B-Base,belief_bank_facts,hidden,2,27416,halu_eval,4,10546,10000,5273,5273,3259,6741,43.9469,3073,0.3267838676318511,0.09696225836146057,0.6406,0.14955040227165167,0.5023701439292484,3961.629,10,2026-09-23T13:49:33.712085+00:00
Falcon3-7B-Base,belief_bank_facts,hidden,2,27416,halu_eval,24,10546,10000,5273,5273,3259,6741,44.2279,3073,0.31589814177563663,0.140840748695919,0.6206,0.19482173174872666,0.5036450132116195,4006.777,10,2026-09-23T13:49:33.712085+00:00
Falcon3-7B-Base,belief_bank_facts,hidden,2,27416,halu_eval,42,10546,10000,5273,5273,3259,6741,41.4112,3073,0.3248811410459588,0.12580546179809757,0.6299,0.181375801813758,0.5014068511973666,4049.119,10,2026-09-23T13:49:33.712085+00:00
Falcon3-7B-Base,belief_bank_facts,hidden,2,27416,halu_eval,64,10546,10000,5273,5273,3259,6741,45.3883,3073,0.32800751879699247,0.10708806382325867,0.6375,0.1614619477214897,0.50629468841867,4095.439,10,2026-09-23T13:49:33.712085+00:00
Falcon3-7B-Base,belief_bank_facts,hidden,2,27416,halu_eval,67,10546,10000,5273,5273,3259,6741,46.3318,3073,0.3268101761252446,0.1024854249769868,0.6387,0.15603830880635366,0.4984590502609619,4142.698,10,2026-09-23T13:49:33.712085+00:00
Falcon3-7B-Base,belief_bank_facts,hidden,2,27416,halu_eval,104,10546,10000,5273,5273,3259,6741,47.3415,3073,0.3410182516810759,0.10892911936176741,0.641,0.16511627906976745,0.5006557218404784,4190.98,10,2026-09-23T13:49:33.712085+00:00
Falcon3-7B-Base,belief_bank_facts,hidden,2,27416,halu_eval,123,10546,10000,5273,5273,3259,6741,43.7931,3073,0.31957671957671957,0.09266646210494016,0.64,0.14367269267364416,0.5031870480290814,4235.695,10,2026-09-23T13:49:33.712085+00:00
Falcon3-7B-Base,belief_bank_facts,hidden,2,27416,halu_eval,420,10546,10000,5273,5273,3259,6741,44.9923,3073,0.34688346883468835,0.11782755446455968,0.6402,0.17590471827759963,0.5051048711135946,4281.598,10,2026-09-23T13:49:33.712085+00:00
Falcon3-7B-Base,belief_bank_facts,hidden,2,27416,halu_eval,511,10546,10000,5273,5273,3259,6741,46.3759,3073,0.323869610935857,0.0945075176434489,0.6406,0.14631828978622327,0.5030531543222495,4328.896,10,2026-09-23T13:49:33.712085+00:00
Falcon3-7B-Base,belief_bank_facts,hidden,2,27416,halu_eval,mean,0,0,0,0,0,0,44.60371,3073.0,0.3283602022124901,0.10748695918993556,0.63737,0.1612893230821662,0.5027898482396881,37739.656,10,2026-09-23T13:49:33.712085+00:00
Falcon3-7B-Base,belief_bank_facts,hidden,2,27416,halu_eval,std,0,0,0,0,0,0,1.7735252789007554,0.0,0.008805453716760853,0.015717440718768825,0.006633709369575948,0.0172317540095606,0.0021182439617858395,37739.656,10,2026-09-23T13:49:33.712085+00:00
Falcon3-7B-Base,belief_bank_facts,hidden,3,27416,belief_bank_facts,2,10546,8225,5273,5273,2260,5965,42.3277,3073,0.7898496240601504,0.929646017699115,0.9127051671732522,0.8540650406504066,0.9489930939328975,4372.936,10,2026-09-23T13:49:33.712085+00:00
Falcon3-7B-Base,belief_bank_facts,hidden,3,27416,belief_bank_facts,4,10546,8225,5273,5273,2260,5965,45.9621,3073,0.7912749153817225,0.9309734513274336,0.9135562310030395,0.8554584265094531,0.9511688388757427,4419.824,10,2026-09-23T13:49:33.712085+00:00
Falcon3-7B-Base,belief_bank_facts,hidden,3,27416,belief_bank_facts,24,10546,8225,5273,5273,2260,5965,44.3379,3073,0.7844827586206896,0.9261061946902654,0.9097872340425532,0.8494318181818182,0.9536035427901698,4465.093,10,2026-09-23T13:49:33.712085+00:00
Falcon3-7B-Base,belief_bank_facts,hidden,3,27416,belief_bank_facts,42,10546,8225,5273,5273,2260,5965,47.5752,3073,0.7805514157973175,0.9269911504424779,0.9083282674772036,0.8474919093851133,0.9497799850158372,4513.58,10,2026-09-23T13:49:33.712085+00:00
Falcon3-7B-Base,belief_bank_facts,hidden,3,27416,belief_bank_facts,64,10546,8225,5273,5273,2260,5965,41.2571,3073,0.7751018895887366,0.9256637168141593,0.9057750759878419,0.8437184916313772,0.9475759778649793,4555.753,10,2026-09-23T13:49:33.712085+00:00
Falcon3-7B-Base,belief_bank_facts,hidden,3,27416,belief_bank_facts,67,10546,8225,5273,5273,2260,5965,42.6134,3073,0.7838951310861423,0.9261061946902654,0.9095440729483283,0.8490872210953346,0.9523671639133886,4599.281,10,2026-09-23T13:49:33.712085+00:00
Falcon3-7B-Base,belief_bank_facts,hidden,3,27416,belief_bank_facts,104,10546,8225,5273,5273,2260,5965,45.0306,3073,0.7757847533632287,0.9185840707964602,0.9046808510638298,0.8411669367909238,0.9442483068637851,4645.218,10,2026-09-23T13:49:33.712085+00:00
Falcon3-7B-Base,belief_bank_facts,hidden,3,27416,belief_bank_facts,123,10546,8225,5273,5273,2260,5965,44.3945,3073,0.7904078549848943,0.9261061946902654,0.9122188449848024,0.8528932355338223,0.9494135777284899,4690.514,10,2026-09-23T13:49:33.712085+00:00
Falcon3-7B-Base,belief_bank_facts,hidden,3,27416,belief_bank_facts,420,10546,8225,5273,5273,2260,5965,43.3924,3073,0.7828528640958442,0.9252212389380531,0.908936170212766,0.8481038328939363,0.9491694545616391,4734.84,10,2026-09-23T13:49:33.712085+00:00
Falcon3-7B-Base,belief_bank_facts,hidden,3,27416,belief_bank_facts,511,10546,8225,5273,5273,2260,5965,47.3256,3073,0.7742772424017791,0.9243362831858407,0.9051671732522797,0.8426784993949173,0.951027676193726,4783.09,10,2026-09-23T13:49:33.712085+00:00
Falcon3-7B-Base,belief_bank_facts,hidden,3,27416,belief_bank_facts,mean,0,0,0,0,0,0,44.42165,3073.0,0.7828478449380505,0.9259734513274337,0.9090699088145897,0.8484095412067102,0.9497347617740657,37739.656,10,2026-09-23T13:49:33.712085+00:00
Falcon3-7B-Base,belief_bank_facts,hidden,3,27416,belief_bank_facts,std,0,0,0,0,0,0,1.9964340115566057,0.0,0.006079307993220161,0.0031228407059458083,0.0029986061808322095,0.004599139961514101,0.0024771272800614085,37739.656,10,2026-09-23T13:49:33.712085+00:00
Falcon3-7B-Base,belief_bank_facts,hidden,3,27416,belief_bank_constraints,2,10546,25610,5273,5273,12021,13589,45.4522,3073,0.417402996542451,0.18076699109891023,0.49703240921515035,0.2522784001857549,0.48019122274729453,4830.047,10,2026-09-23T13:49:33.712085+00:00
Falcon3-7B-Base,belief_bank_facts,hidden,3,27416,belief_bank_constraints,4,10546,25610,5273,5273,12021,13589,43.6938,3073,0.44338045295637635,0.24265868064220947,0.5015228426395939,0.3136559139784946,0.4891995156830833,4875.222,10,2026-09-23T13:49:33.712085+00:00
Falcon3-7B-Base,belief_bank_facts,hidden,3,27416,belief_bank_constraints,24,10546,25610,5273,5273,12021,13589,44.7876,3073,0.4188601510643168,0.1522335912153731,0.5029285435376806,0.22330689444783405,0.47705344846606745,4921.551,10,2026-09-23T13:49:33.712085+00:00
Falcon3-7B-Base,belief_bank_facts,hidden,3,27416,belief_bank_constraints,42,10546,25610,5273,5273,12021,13589,48.6442,3073,0.4333132892363199,0.29972548040928376,0.4873096446700508,0.35434697088906375,0.48075701762845185,4971.74,10,2026-09-23T13:49:33.712085+00:00
Falcon3-7B-Base,belief_bank_facts,hidden,3,27416,belief_bank_constraints,64,10546,25610,5273,5273,12021,13589,41.2983,3073,0.40094257287484725,0.19108227268946013,0.4862944162436548,0.2588169014084507,0.4756327125398926,5014.559,10,2026-09-23T13:49:33.712085+00:00
Falcon3-7B-Base,belief_bank_facts,hidden,3,27416,belief_bank_constraints,67,10546,25610,5273,5273,12021,13589,43.7299,3073,0.42318791376676285,0.2073870726229099,0.495275283092542,0.27836087539079946,0.4748887609413186,5059.811,10,2026-09-23T13:49:33.712085+00:00
Falcon3-7B-Base,belief_bank_facts,hidden,3,27416,belief_bank_constraints,104,10546,25610,5273,5273,12021,13589,43.7658,3073,0.418673705047839,0.21113052158722237,0.49211245607184695,0.28070563512691477,0.48625094166254995,5105.1,10,2026-09-23T13:49:33.712085+00:00
Falcon3-7B-Base,belief_bank_facts,hidden,3,27416,belief_bank_constraints,123,10546,25610,5273,5273,12021,13589,44.9928,3073,0.4145880574452003,0.1825139339489227,0.49531433033971106,0.25345116386530353,0.48079138484128847,5151.607,10,2026-09-23T13:49:33.712085+00:00
Falcon3-7B-Base,belief_bank_facts,hidden,3,27416,belief_bank_constraints,420,10546,25610,5273,5273,12021,13589,40.8163,3073,0.4192181783169651,0.18109974211796023,0.4978524014057009,0.2529336586499361,0.4815981634269202,5193.931,10,2026-09-23T13:49:33.712085+00:00
Falcon3-7B-Base,belief_bank_facts,hidden,3,27416,belief_bank_constraints,511,10546,25610,5273,5273,12021,13589,46.4643,3073,0.4095463654581891,0.18700607270609768,0.4918391253416634,0.25676756139348944,0.4705902300674313,5241.885,10,2026-09-23T13:49:33.712085+00:00
Falcon3-7B-Base,belief_bank_facts,hidden,3,27416,belief_bank_constraints,mean,0,0,0,0,0,0,44.36452,3073.0,0.41991136827092673,0.20356043590383494,0.4947481452557595,0.27246239753360413,0.47969533980042983,37739.656,10,2026-09-23T13:49:33.712085+00:00
Falcon3-7B-Base,belief_bank_facts,hidden,3,27416,belief_bank_constraints,std,0,0,0,0,0,0,2.1836703262168493,0.0,0.011163066787693972,0.039216722825737425,0.005200713683051188,0.03536059315714271,0.005186435585593532,37739.656,10,2026-09-23T13:49:33.712085+00:00
Falcon3-7B-Base,belief_bank_facts,hidden,3,27416,halu_eval,2,10546,10000,5273,5273,3259,6741,43.7959,3073,0.333889816360601,0.122737035900583,0.6343,0.17949293246578416,0.4987211933368228,5286.632,10,2026-09-23T13:49:33.712085+00:00
Falcon3-7B-Base,belief_bank_facts,hidden,3,27416,halu_eval,4,10546,10000,5273,5273,3259,6741,42.1284,3073,0.3411580594679186,0.13378336913163547,0.6335,0.19219748732642716,0.4997160989122861,5329.715,10,2026-09-23T13:49:33.712085+00:00
Falcon3-7B-Base,belief_bank_facts,hidden,3,27416,halu_eval,24,10546,10000,5273,5273,3259,6741,44.4192,3073,0.32945736434108525,0.13040810064436945,0.6301,0.18685425368212794,0.49728475488484436,5375.094,10,2026-09-23T13:49:33.712085+00:00
Falcon3-7B-Base,belief_bank_facts,hidden,3,27416,halu_eval,42,10546,10000,5273,5273,3259,6741,48.6594,3073,0.3308714918759232,0.13746548020865296,0.6283,0.19423368740515934,0.4978704459695992,5424.705,10,2026-09-23T13:49:33.712085+00:00
Falcon3-7B-Base,belief_bank_facts,hidden,3,27416,halu_eval,64,10546,10000,5273,5273,3259,6741,42.1637,3073,0.3300970873786408,0.12519177661859465,0.6321,0.18153503893214684,0.4981307682913301,5467.831,10,2026-09-23T13:49:33.712085+00:00
Falcon3-7B-Base,belief_bank_facts,hidden,3,27416,halu_eval,67,10546,10000,5273,5273,3259,6741,41.4654,3073,0.3351910828025478,0.12918073028536362,0.6327,0.18648947951273534,0.4982800473705602,5510.244,10,2026-09-23T13:49:33.712085+00:00
Falcon3-7B-Base,belief_bank_facts,hidden,3,27416,halu_eval,104,10546,10000,5273,5273,3259,6741,44.5696,3073,0.32964426877470354,0.12795335992635778,0.631,0.1843501326259947,0.4990912616137371,5555.726,10,2026-09-23T13:49:33.712085+00:00
Falcon3-7B-Base,belief_bank_facts,hidden,3,27416,halu_eval,123,10546,10000,5273,5273,3259,6741,45.3789,3073,0.3385608856088561,0.1126112304387849,0.6391,0.16900759843426202,0.496731769096149,5602.027,10,2026-09-23T13:49:33.712085+00:00
Falcon3-7B-Base,belief_bank_facts,hidden,3,27416,halu_eval,420,10546,10000,5273,5273,3259,6741,41.8999,3073,0.33873144399460187,0.15403498005523167,0.6263,0.21176966884623497,0.4984126893089278,5644.881,10,2026-09-23T13:49:33.712085+00:00
Falcon3-7B-Base,belief_bank_facts,hidden,3,27416,halu_eval,511,10546,10000,5273,5273,3259,6741,47.1449,3073,0.33658536585365856,0.10586069346425284,0.6406,0.16106442577030813,0.4986855065558756,5692.954,10,2026-09-23T13:49:33.712085+00:00
Falcon3-7B-Base,belief_bank_facts,hidden,3,27416,halu_eval,mean,0,0,0,0,0,0,44.162530000000004,3073.0,0.3344186866458537,0.12792267566738263,0.6327999999999999,0.18469947050011806,0.4982924535340133,37739.656,10,2026-09-23T13:49:33.712085+00:00
Falcon3-7B-Base,belief_bank_facts,hidden,3,27416,halu_eval,std,0,0,0,0,0,0,2.2691174628255797,0.0,0.004067139395280768,0.012532144071249564,0.0042047592083257245,0.01315240776572019,0.0008168968445606562,37739.656,10,2026-09-23T13:49:33.712085+00:00
Falcon3-7B-Base,belief_bank_facts,hidden,4,27416,belief_bank_facts,2,10546,8225,5273,5273,2260,5965,43.3347,3073,0.7652014652014651,0.9243362831858407,0.9012765957446809,0.8372745490981964,0.9499683997359226,5737.864,10,2026-09-23T13:49:33.712085+00:00
Falcon3-7B-Base,belief_bank_facts,hidden,4,27416,belief_bank_facts,4,10546,8225,5273,5273,2260,5965,40.9072,3073,0.7703349282296651,0.9261061946902654,0.9038297872340425,0.8410689170182841,0.9490269937467083,5779.686,10,2026-09-23T13:49:33.712085+00:00
Falcon3-7B-Base,belief_bank_facts,hidden,4,27416,belief_bank_facts,24,10546,8225,5273,5273,2260,5965,43.1534,3073,0.7701863354037267,0.9327433628318584,0.9050455927051672,0.8437062237342405,0.9506253291694174,5823.781,10,2026-09-23T13:49:33.712085+00:00
Falcon3-7B-Base,belief_bank_facts,hidden,4,27416,belief_bank_facts,42,10546,8225,5273,5273,2260,5965,46.1873,3073,0.7791526059242595,0.9194690265486726,0.9062613981762918,0.8435153237264055,0.945789190632673,5870.899,10,2026-09-23T13:49:33.712085+00:00
Falcon3-7B-Base,belief_bank_facts,hidden,4,27416,belief_bank_facts,64,10546,8225,5273,5273,2260,5965,44.9658,3073,0.7634566093006225,0.922566371681416,0.9001823708206687,0.8355039070326588,0.944059595427605,5916.803,10,2026-09-23T13:49:33.712085+00:00
Falcon3-7B-Base,belief_bank_facts,hidden,4,27416,belief_bank_facts,67,10546,8225,5273,5273,2260,5965,46.4314,3073,0.7643382352941176,0.9199115044247788,0.9000607902735562,0.8349397590361446,0.9505459576141059,5964.167,10,2026-09-23T13:49:33.712085+00:00
Falcon3-7B-Base,belief_bank_facts,hidden,4,27416,belief_bank_facts,104,10546,8225,5273,5273,2260,5965,45.4195,3073,0.7669006280014776,0.9185840707964602,0.9009118541033435,0.8359170525468089,0.9440075588425105,6010.514,10,2026-09-23T13:49:33.712085+00:00
Falcon3-7B-Base,belief_bank_facts,hidden,4,27416,belief_bank_facts,123,10546,8225,5273,5273,2260,5965,47.7474,3073,0.7836322869955157,0.9278761061946903,0.9097872340425532,0.8496758508914101,0.9470712266985143,6059.175,10,2026-09-23T13:49:33.712085+00:00
Falcon3-7B-Base,belief_bank_facts,hidden,4,27416,belief_bank_facts,420,10546,8225,5273,5273,2260,5965,42.8542,3073,0.7713651498335183,0.922566371681416,0.9035866261398177,0.8402176103163409,0.9459696311077155,6102.947,10,2026-09-23T13:49:33.712085+00:00
Falcon3-7B-Base,belief_bank_facts,hidden,4,27416,belief_bank_facts,511,10546,8225,5273,5273,2260,5965,45.7518,3073,0.7625688073394495,0.9194690265486726,0.899209726443769,0.8337011033099297,0.9476712979103769,6149.603,10,2026-09-23T13:49:33.712085+00:00
Falcon3-7B-Base,belief_bank_facts,hidden,4,27416,belief_bank_facts,mean,0,0,0,0,0,0,44.67527,3073.0,0.7697137051523818,0.9233628318584071,0.9030151975683889,0.8395520296710419,0.947473518088555,37739.656,10,2026-09-23T13:49:33.712085+00:00
Falcon3-7B-Base,belief_bank_facts,hidden,4,27416,belief_bank_facts,std,0,0,0,0,0,0,1.9553331312336522,0.0,0.0065842732111486765,0.004279930013926992,0.0031653233342152404,0.004780108597585005,0.0023870243078537713,37739.656,10,2026-09-23T13:49:33.712085+00:00
Falcon3-7B-Base,belief_bank_facts,hidden,4,27416,belief_bank_constraints,2,10546,25610,5273,5273,12021,13589,44.2476,3073,0.4403371585254392,0.3607021046501955,0.48473252635689185,0.39656118529357964,0.494890145179681,6195.316,10,2026-09-23T13:49:33.712085+00:00
Falcon3-7B-Base,belief_bank_facts,hidden,4,27416,belief_bank_constraints,4,10546,25610,5273,5273,12021,13589,41.4999,3073,0.4480611045828437,0.31719490890940855,0.49609527528309255,0.37143831279528516,0.49736038807990546,6238.306,10,2026-09-23T13:49:33.712085+00:00
Falcon3-7B-Base,belief_bank_facts,hidden,4,27416,belief_bank_constraints,24,10546,25610,5273,5273,12021,13589,44.1443,3073,0.4398399173767106,0.28342068047583396,0.49422100741897695,0.3447159407092629,0.49258188547063264,6283.984,10,2026-09-23T13:49:33.712085+00:00
Falcon3-7B-Base,belief_bank_facts,hidden,4,27416,belief_bank_constraints,42,10546,25610,5273,5273,12021,13589,46.7653,3073,0.4307324840764331,0.3600366026120955,0.47625927372120264,0.39222438714939506,0.4867499702439562,6332.278,10,2026-09-23T13:49:33.712085+00:00
Falcon3-7B-Base,belief_bank_facts,hidden,4,27416,belief_bank_constraints,64,10546,25610,5273,5273,12021,13589,46.867,3073,0.4390736113780511,0.38008485150985777,0.4811011323701679,0.40745529941588265,0.4960872799629863,6380.658,10,2026-09-23T13:49:33.712085+00:00
Falcon3-7B-Base,belief_bank_facts,hidden,4,27416,belief_bank_constraints,67,10546,25610,5273,5273,12021,13589,48.3801,3073,0.4388648591623589,0.3460610598119957,0.485357282311597,0.3869767441860465,0.4917323192765005,6430.554,10,2026-09-23T13:49:33.712085+00:00
Falcon3-7B-Base,belief_bank_facts,hidden,4,27416,belief_bank_constraints,104,10546,25610,5273,5273,12021,13589,45.3637,3073,0.44373032528856243,0.281424174361534,0.4971105037094885,0.3444133367269025,0.4906268814082433,6477.431,10,2026-09-23T13:49:33.712085+00:00
Falcon3-7B-Base,belief_bank_facts,hidden,4,27416,belief_bank_constraints,123,10546,25610,5273,5273,12021,13589,46.936,3073,0.43782568713599673,0.35645952915730805,0.4830925419757907,0.39297505502567864,0.4981607633693799,6525.852,10,2026-09-23T13:49:33.712085+00:00
Falcon3-7B-Base,belief_bank_facts,hidden,4,27416,belief_bank_constraints,420,10546,25610,5273,5273,12021,13589,44.0777,3073,0.42993802209647,0.2654521254471342,0.4900039047247169,0.32824152651339816,0.4805885699241379,6571.472,10,2026-09-23T13:49:33.712085+00:00
Falcon3-7B-Base,belief_bank_facts,hidden,4,27416,belief_bank_constraints,511,10546,25610,5273,5273,12021,13589,43.6017,3073,0.4337128167462358,0.2947342151235338,0.4883248730964467,0.35096582466567605,0.48601987816976094,6616.584,10,2026-09-23T13:49:33.712085+00:00
Falcon3-7B-Base,belief_bank_facts,hidden,4,27416,belief_bank_constraints,mean,0,0,0,0,0,0,45.18832999999999,3073.0,0.43821159863691017,0.3245570252058897,0.4876298320968372,0.3715967612481107,0.49147980810851843,37739.656,10,2026-09-23T13:49:33.712085+00:00
Falcon3-7B-Base,belief_bank_facts,hidden,4,27416,belief_bank_constraints,std,0,0,0,0,0,0,1.9469886836086134,0.0,0.005297032592295464,0.03888242732969198,0.00645886321376917,0.02606719319069606,0.005337440121765753,37739.656,10,2026-09-23T13:49:33.712085+00:00
Falcon3-7B-Base,belief_bank_facts,hidden,4,27416,halu_eval,2,10546,10000,5273,5273,3259,6741,43.316,3073,0.3213367609254499,0.15342129487572875,0.6185,0.20768431983385255,0.49486688443796445,6660.854,10,2026-09-23T13:49:33.712085+00:00
Falcon3-7B-Base,belief_bank_facts,hidden,4,27416,halu_eval,4,10546,10000,5273,5273,3259,6741,43.8433,3073,0.33065902578796563,0.17704817428659098,0.615,0.23061550759392485,0.49430245065767686,6705.691,10,2026-09-23T13:49:33.712085+00:00
Falcon3-7B-Base,belief_bank_facts,hidden,4,27416,halu_eval,24,10546,10000,5273,5273,3259,6741,45.9615,3073,0.3205317577548006,0.19975452592819884,0.6012,0.24612476370510397,0.4932858781080671,6752.568,10,2026-09-23T13:49:33.712085+00:00
Falcon3-7B-Base,belief_bank_facts,hidden,4,27416,halu_eval,42,10546,10000,5273,5273,3259,6741,44.7889,3073,0.32719714964370544,0.16907026695305308,0.6159,0.22294153348169127,0.4932671698593818,6798.29,10,2026-09-23T13:49:33.712085+00:00
Falcon3-7B-Base,belief_bank_facts,hidden,4,27416,halu_eval,64,10546,10000,5273,5273,3259,6741,46.637,3073,0.32729155877783533,0.19392451672292113,0.6074,0.24354527938342968,0.4950469115025642,6845.859,10,2026-09-23T13:49:33.712085+00:00
Falcon3-7B-Base,belief_bank_facts,hidden,4,27416,halu_eval,67,10546,10000,5273,5273,3259,6741,49.0374,3073,0.3242408646423057,0.19331083154341822,0.6058,0.2422145328719723,0.4941065602727199,6895.818,10,2026-09-23T13:49:33.712085+00:00
Falcon3-7B-Base,belief_bank_facts,hidden,4,27416,halu_eval,104,10546,10000,5273,5273,3259,6741,44.1072,3073,0.33004670472236636,0.19515188708192696,0.6086,0.24527574238333977,0.4930474503547489,6940.864,10,2026-09-23T13:49:33.712085+00:00
Falcon3-7B-Base,belief_bank_facts,hidden,4,27416,halu_eval,123,10546,10000,5273,5273,3259,6741,47.2805,3073,0.32574974146845914,0.19331083154341822,0.6067,0.24263431542461006,0.49528231225214137,6989.099,10,2026-09-23T13:49:33.712085+00:00
Falcon3-7B-Base,belief_bank_facts,hidden,4,27416,halu_eval,420,10546,10000,5273,5273,3259,6741,42.105,3073,0.31308182263596274,0.19607241485118135,0.5978,0.24113207547169813,0.4924085249711194,7032.137,10,2026-09-23T13:49:33.712085+00:00
Falcon3-7B-Base,belief_bank_facts,hidden,4,27416,halu_eval,511,10546,10000,5273,5273,3259,6741,44.5841,3073,0.325207756232687,0.18011660018410555,0.611,0.23183254344391785,0.49338244635523487,7077.66,10,2026-09-23T13:49:33.712085+00:00
Falcon3-7B-Base,belief_bank_facts,hidden,4,27416,halu_eval,mean,0,0,0,0,0,0,45.16609,3073.0,0.3245343142591538,0.18511813439705432,0.6087899999999999,0.235400061359354,0.4938996588771619,37739.656,10,2026-09-23T13:49:33.712085+00:00
Falcon3-7B-Base,belief_bank_facts,hidden,4,27416,halu_eval,std,0,0,0,0,0,0,1.9595697264705847,0.0,0.0049194806625623005,0.014138785799367296,0.006180202262062314,0.01170263524344578,0.0009144676761713673,37739.656,10,2026-09-23T13:49:33.712085+00:00
Falcon3-7B-Base,belief_bank_facts,hidden,5,27416,belief_bank_facts,2,10546,8225,5273,5273,2260,5965,45.9448,3073,0.7455919395465995,0.9168141592920354,0.8911854103343465,0.8223853939273665,0.9391933031177444,7125.274,10,2026-09-23T13:49:33.712085+00:00
Falcon3-7B-Base,belief_bank_facts,hidden,5,27416,belief_bank_facts,4,10546,8225,5273,5273,2260,5965,47.3027,3073,0.7444364680545585,0.9176991150442478,0.8908206686930091,0.8220372572334522,0.9359226757857413,7173.481,10,2026-09-23T13:49:33.712085+00:00
Falcon3-7B-Base,belief_bank_facts,hidden,5,27416,belief_bank_facts,24,10546,8225,5273,5273,2260,5965,47.9115,3073,0.7439111747851003,0.9190265486725664,0.8908206686930091,0.8222486144101346,0.9397135206106416,7222.284,10,2026-09-23T13:49:33.712085+00:00
Falcon3-7B-Base,belief_bank_facts,hidden,5,27416,belief_bank_facts,42,10546,8225,5273,5273,2260,5965,45.1861,3073,0.75100695715855,0.9075221238938053,0.8919148936170213,0.8218793828892006,0.9366567143143262,7268.383,10,2026-09-23T13:49:33.712085+00:00
Falcon3-7B-Base,belief_bank_facts,hidden,5,27416,belief_bank_facts,64,10546,8225,5273,5273,2260,5965,46.4274,3073,0.7445045045045044,0.9141592920353983,0.8902127659574468,0.8206554121151937,0.9370625106632345,7315.716,10,2026-09-23T13:49:33.712085+00:00
Falcon3-7B-Base,belief_bank_facts,hidden,5,27416,belief_bank_facts,67,10546,8225,5273,5273,2260,5965,48.3363,3073,0.7449201741654572,0.9084070796460177,0.8893617021276595,0.8185805422647527,0.9404103583588632,7364.945,10,2026-09-23T13:49:33.712085+00:00
Falcon3-7B-Base,belief_bank_facts,hidden,5,27416,belief_bank_facts,104,10546,8225,5273,5273,2260,5965,46.9315,3073,0.7318736539842068,0.9022123893805309,0.8823100303951368,0.8081648830757036,0.9331615841672293,7412.777,10,2026-09-23T13:49:33.712085+00:00
Falcon3-7B-Base,belief_bank_facts,hidden,5,27416,belief_bank_facts,123,10546,8225,5273,5273,2260,5965,45.0623,3073,0.7489177489177489,0.9185840707964602,0.8930091185410335,0.8251192368839427,0.942041555089052,7458.73,10,2026-09-23T13:49:33.712085+00:00
Falcon3-7B-Base,belief_bank_facts,hidden,5,27416,belief_bank_facts,420,10546,8225,5273,5273,2260,5965,45.6005,3073,0.7414916727009413,0.9061946902654867,0.8874164133738602,0.8156113102349661,0.9344906126445564,7505.241,10,2026-09-23T13:49:33.712085+00:00
Falcon3-7B-Base,belief_bank_facts,hidden,5,27416,belief_bank_facts,511,10546,8225,5273,5273,2260,5965,50.6161,3073,0.7398344728319539,0.9097345132743363,0.8872948328267477,0.8160349275649931,0.939977597934856,7556.77,10,2026-09-23T13:49:33.712085+00:00
Falcon3-7B-Base,belief_bank_facts,hidden,5,27416,belief_bank_facts,mean,0,0,0,0,0,0,46.931920000000005,3073.0,0.743648876664962,0.9120353982300886,0.889434650455927,0.8192716960599705,0.9378630432686246,37739.656,10,2026-09-23T13:49:33.712085+00:00
Falcon3-7B-Base,belief_bank_facts,hidden,5,27416,belief_bank_facts,std,0,0,0,0,0,0,1.6182556156553272,0.0,0.004965625119646984,0.0056623339019633385,0.0029301668569729,0.004656479391129961,0.0027009644251921724,37739.656,10,2026-09-23T13:49:33.712085+00:00
Falcon3-7B-Base,belief_bank_facts,hidden,5,27416,belief_bank_constraints,2,10546,25610,5273,5273,12021,13589,45.6436,3073,0.4561529762516706,0.36910406788120786,0.49730573994533384,0.40803752069155785,0.5057108066133611,7603.936,10,2026-09-23T13:49:33.712085+00:00
Falcon3-7B-Base,belief_bank_facts,hidden,5,27416,belief_bank_constraints,4,10546,25610,5273,5273,12021,13589,50.4236,3073,0.4642706131078224,0.27402046418767156,0.5108160874658336,0.3446327683615819,0.5062534216848629,7655.872,10,2026-09-23T13:49:33.712085+00:00
Falcon3-7B-Base,belief_bank_facts,hidden,5,27416,belief_bank_constraints,24,10546,25610,5273,5273,12021,13589,45.4744,3073,0.45019262520638414,0.27219033358289657,0.5023428348301445,0.339260718544248,0.5019671372679189,7702.864,10,2026-09-23T13:49:33.712085+00:00
Falcon3-7B-Base,belief_bank_facts,hidden,5,27416,belief_bank_constraints,42,10546,25610,5273,5273,12021,13589,48.5978,3073,0.45926075133447475,0.37933616171699525,0.4990238188207731,0.4154897494305239,0.5063949920739008,7752.992,10,2026-09-23T13:49:33.712085+00:00
Falcon3-7B-Base,belief_bank_facts,hidden,5,27416,belief_bank_constraints,64,10546,25610,5273,5273,12021,13589,43.8918,3073,0.45426695842450765,0.3453955577738957,0.49796954314720815,0.3924200179575634,0.506088628634283,7798.411,10,2026-09-23T13:49:33.712085+00:00
Falcon3-7B-Base,belief_bank_facts,hidden,5,27416,belief_bank_constraints,67,10546,25610,5273,5273,12021,13589,45.239,3073,0.45561343233957663,0.34198485982863325,0.49933619679812574,0.3907051891275423,0.5045189089427351,7845.183,10,2026-09-23T13:49:33.712085+00:00
Falcon3-7B-Base,belief_bank_facts,hidden,5,27416,belief_bank_constraints,104,10546,25610,5273,5273,12021,13589,46.2304,3073,0.4703791469194313,0.3302553864071209,0.5110894181960172,0.3880553247641855,0.50901922934935,7892.959,10,2026-09-23T13:49:33.712085+00:00
Falcon3-7B-Base,belief_bank_facts,hidden,5,27416,belief_bank_constraints,123,10546,25610,5273,5273,12021,13589,44.3799,3073,0.45756496227996646,0.36328092504783294,0.49898477157360405,0.4050081150011593,0.507413134528006,7938.871,10,2026-09-23T13:49:33.712085+00:00
Falcon3-7B-Base,belief_bank_facts,hidden,5,27416,belief_bank_constraints,420,10546,25610,5273,5273,12021,13589,47.3571,3073,0.4390909090909091,0.241078113301722,0.4992190550566185,0.3112614789753504,0.49487988521375403,7987.763,10,2026-09-23T13:49:33.712085+00:00
Falcon3-7B-Base,belief_bank_facts,hidden,5,27416,belief_bank_constraints,511,10546,25610,5273,5273,12021,13589,48.682,3073,0.4459383753501401,0.2648698111637967,0.5004685669660289,0.33234173581754606,0.497404748964804,8037.998,10,2026-09-23T13:49:33.712085+00:00
Falcon3-7B-Base,belief_bank_facts,hidden,5,27416,belief_bank_constraints,mean,0,0,0,0,0,0,46.59196,3073.0,0.45527307503048836,0.3181515680891773,0.5016556032799688,0.3727212618671259,0.5039650893272976,37739.656,10,2026-09-23T13:49:33.712085+00:00
Falcon3-7B-Base,belief_bank_facts,hidden,5,27416,belief_bank_constraints,std,0,0,0,0,0,0,1.9988044557684976,0.0,0.00840842334657345,0.04761552923338014,0.004823661184747,0.035187783577868295,0.004312872772189935,37739.656,10,2026-09-23T13:49:33.712085+00:00
Falcon3-7B-Base,belief_bank_facts,hidden,5,27416,halu_eval,2,10546,10000,5273,5273,3259,6741,48.8475,3073,0.3132295719844358,0.24700828474992328,0.5781,0.27620518099159375,0.4912850286352278,8087.793,10,2026-09-23T13:49:33.712085+00:00
Falcon3-7B-Base,belief_bank_facts,hidden,5,27416,halu_eval,4,10546,10000,5273,5273,3259,6741,47.5762,3073,0.3182688625047874,0.2549861920834612,0.5792,0.2831345826235094,0.4934570517557099,8136.303,10,2026-09-23T13:49:33.712085+00:00
Falcon3-7B-Base,belief_bank_facts,hidden,5,27416,halu_eval,24,10546,10000,5273,5273,3259,6741,47.4033,3073,0.31618705035971223,0.26971463639153115,0.5719,0.29110779930452063,0.49189306947692785,8184.671,10,2026-09-23T13:49:33.712085+00:00
Falcon3-7B-Base,belief_bank_facts,hidden,5,27416,halu_eval,42,10546,10000,5273,5273,3259,6741,48.3802,3073,0.3135949544498949,0.27462411782755447,0.5677,0.2928185833469655,0.4888212751842729,8233.998,10,2026-09-23T13:49:33.712085+00:00
Falcon3-7B-Base,belief_bank_facts,hidden,5,27416,halu_eval,64,10546,10000,5273,5273,3259,6741,44.3082,3073,0.3212616822429907,0.25314513654495246,0.5823,0.2831645786854299,0.49212004923865393,8279.242,10,2026-09-23T13:49:33.712085+00:00
Falcon3-7B-Base,belief_bank_facts,hidden,5,27416,halu_eval,67,10546,10000,5273,5273,3259,6741,47.7676,3073,0.3173076923076923,0.24301933108315435,0.5829,0.275238922675934,0.49249942612105757,8327.925,10,2026-09-23T13:49:33.712085+00:00
Falcon3-7B-Base,belief_bank_facts,hidden,5,27416,halu_eval,104,10546,10000,5273,5273,3259,6741,43.3631,3073,0.3150633855331842,0.25928198833998156,0.5749,0.2844638949671772,0.4916877339299216,8372.218,10,2026-09-23T13:49:33.712085+00:00
Falcon3-7B-Base,belief_bank_facts,hidden,5,27416,halu_eval,123,10546,10000,5273,5273,3259,6741,46.6439,3073,0.3159937888198758,0.24976986805768642,0.5793,0.2790059982862039,0.49149794307129996,8419.792,10,2026-09-23T13:49:33.712085+00:00
Falcon3-7B-Base,belief_bank_facts,hidden,5,27416,halu_eval,420,10546,10000,5273,5273,3259,6741,45.1858,3073,0.3144366197183099,0.2740104326480515,0.5687,0.29283489096573206,0.49297259460058085,8465.918,10,2026-09-23T13:49:33.712085+00:00
Falcon3-7B-Base,belief_bank_facts,hidden,5,27416,halu_eval,511,10546,10000,5273,5273,3259,6741,46.4913,3073,0.3206751054852321,0.2332003682111077,0.5891,0.2700302007461361,0.49371150214537185,8513.361,10,2026-09-23T13:49:33.712085+00:00
Falcon3-7B-Base,belief_bank_facts,hidden,5,27416,halu_eval,mean,0,0,0,0,0,0,46.59671000000001,3073.0,0.3166018713406115,0.2558760355937405,0.57741,0.2828004632593202,0.4919945674159024,37739.656,10,2026-09-23T13:49:33.712085+00:00
Falcon3-7B-Base,belief_bank_facts,hidden,5,27416,halu_eval,std,0,0,0,0,0,0,1.7007463223244077,0.0,0.0026380516091035803,0.012988868273770647,0.006362145864407705,0.00742447126579638,0.001312943399823888,37739.656,10,2026-09-23T13:49:33.712085+00:00
Falcon3-7B-Base,belief_bank_facts,hidden,6,27416,belief_bank_facts,2,10546,8225,5273,5273,2260,5965,50.1149,3073,0.7548269581056466,0.9168141592920354,0.8953191489361703,0.827972027972028,0.9417103457484293,8565.222,10,2026-09-23T13:49:33.712085+00:00
Falcon3-7B-Base,belief_bank_facts,hidden,6,27416,belief_bank_facts,4,10546,8225,5273,5273,2260,5965,49.258,3073,0.7578096288129365,0.9123893805309734,0.8958054711246201,0.8279461955430636,0.93838115407725,8615.377,10,2026-09-23T13:49:33.712085+00:00
Falcon3-7B-Base,belief_bank_facts,hidden,6,27416,belief_bank_facts,24,10546,8225,5273,5273,2260,5965,47.9895,3073,0.7472212262459663,0.9221238938053097,0.892887537993921,0.8255100019805902,0.943239397963044,8664.274,10,2026-09-23T13:49:33.712085+00:00
Falcon3-7B-Base,belief_bank_facts,hidden,6,27416,belief_bank_facts,42,10546,8225,5273,5273,2260,5965,50.1158,3073,0.7564480471628593,0.9084070796460177,0.894468085106383,0.8254925613188581,0.9375096618178311,8715.289,10,2026-09-23T13:49:33.712085+00:00
Falcon3-7B-Base,belief_bank_facts,hidden,6,27416,belief_bank_facts,64,10546,8225,5273,5273,2260,5965,50.0089,3073,0.759142962689324,0.9092920353982301,0.8958054711246201,0.8274612442117979,0.9343303488639483,8766.209,10,2026-09-23T13:49:33.712085+00:00
Falcon3-7B-Base,belief_bank_facts,hidden,6,27416,belief_bank_facts,67,10546,8225,5273,5273,2260,5965,47.1171,3073,0.7523705324580598,0.9128318584070797,0.8934954407294833,0.8248700519792083,0.9405016356474717,8814.247,10,2026-09-23T13:49:33.712085+00:00
Falcon3-7B-Base,belief_bank_facts,hidden,6,27416,belief_bank_facts,104,10546,8225,5273,5273,2260,5965,46.1401,3073,0.7466277798031352,0.9061946902654867,0.889726443768997,0.8187087747351589,0.937618037371392,8861.29,10,2026-09-23T13:49:33.712085+00:00
Falcon3-7B-Base,belief_bank_facts,hidden,6,27416,belief_bank_facts,123,10546,8225,5273,5273,2260,5965,47.1443,3073,0.7557251908396947,0.9199115044247788,0.89629179331307,0.8297744961085611,0.9417730270234185,8909.342,10,2026-09-23T13:49:33.712085+00:00
Falcon3-7B-Base,belief_bank_facts,hidden,6,27416,belief_bank_facts,420,10546,8225,5273,5273,2260,5965,47.8443,3073,0.7458866544789763,0.9026548672566371,0.8887537993920973,0.8168168168168168,0.9337483402443457,8958.111,10,2026-09-23T13:49:33.712085+00:00
Falcon3-7B-Base,belief_bank_facts,hidden,6,27416,belief_bank_facts,511,10546,8225,5273,5273,2260,5965,48.6457,3073,0.7534646243617797,0.9141592920353983,0.894224924012158,0.8260695721711315,0.9422921318309608,9007.677,10,2026-09-23T13:49:33.712085+00:00
Falcon3-7B-Base,belief_bank_facts,hidden,6,27416,belief_bank_facts,mean,0,0,0,0,0,0,48.43785999999999,3073.0,0.7529523604958378,0.9124778761061947,0.893677811550152,0.8250621742837214,0.9391104080588091,37739.656,10,2026-09-23T13:49:33.712085+00:00
Falcon3-7B-Base,belief_bank_facts,hidden,6,27416,belief_bank_facts,std,0,0,0,0,0,0,1.343974895747685,0.0,0.004568484442240737,0.005768526898312298,0.0024499309873045397,0.003931100231774943,0.003160360122757758,37739.656,10,2026-09-23T13:49:33.712085+00:00
Falcon3-7B-Base,belief_bank_facts,hidden,6,27416,belief_bank_constraints,2,10546,25610,5273,5273,12021,13589,53.5359,3073,0.4224614924480335,0.23500540720405957,0.4901210464662241,0.30200983536454995,0.4766330806437178,9062.698,10,2026-09-23T13:49:33.712085+00:00
Falcon3-7B-Base,belief_bank_facts,hidden,6,27416,belief_bank_constraints,4,10546,25610,5273,5273,12021,13589,52.0089,3073,0.43278744455817125,0.21104733383245985,0.4998438110113237,0.28373315439243973,0.4781180913385386,9116.205,10,2026-09-23T13:49:33.712085+00:00
Falcon3-7B-Base,belief_bank_facts,hidden,6,27416,belief_bank_constraints,24,10546,25610,5273,5273,12021,13589,46.663,3073,0.42065152420800955,0.23417352965643456,0.48914486528699724,0.3008603644525196,0.48676246769051945,9164.363,10,2026-09-23T13:49:33.712085+00:00
Falcon3-7B-Base,belief_bank_facts,hidden,6,27416,belief_bank_constraints,42,10546,25610,5273,5273,12021,13589,46.8581,3073,0.4371361327883067,0.29356958655685883,0.49098008590394376,0.35124912909326167,0.48501810513623383,9212.724,10,2026-09-23T13:49:33.712085+00:00
Falcon3-7B-Base,belief_bank_facts,hidden,6,27416,belief_bank_constraints,64,10546,25610,5273,5273,12021,13589,49.0209,3073,0.42431850789096126,0.2952333416521088,0.48117922686450604,0.3481972038263429,0.4813147165639418,9263.25,10,2026-09-23T13:49:33.712085+00:00
Falcon3-7B-Base,belief_bank_facts,hidden,6,27416,belief_bank_constraints,67,10546,25610,5273,5273,12021,13589,48.068,3073,0.42212222383509945,0.24190999084934697,0.48871534556813745,0.30756213643574826,0.48274610118386974,9312.866,10,2026-09-23T13:49:33.712085+00:00
Falcon3-7B-Base,belief_bank_facts,hidden,6,27416,belief_bank_constraints,104,10546,25610,5273,5273,12021,13589,45.765,3073,0.43290322580645163,0.2232759337825472,0.4981257321358844,0.2946051259535701,0.4828426526054691,9360.142,10,2026-09-23T13:49:33.712085+00:00
Falcon3-7B-Base,belief_bank_facts,hidden,6,27416,belief_bank_constraints,123,10546,25610,5273,5273,12021,13589,49.8918,3073,0.42596944770857814,0.241244488811247,0.4912534166341273,0.3080354771894418,0.4768204627600916,9411.535,10,2026-09-23T13:49:33.712085+00:00
Falcon3-7B-Base,belief_bank_facts,hidden,6,27416,belief_bank_constraints,420,10546,25610,5273,5273,12021,13589,46.8023,3073,0.4132427843803056,0.20247899509192246,0.4907067551737602,0.27178828652783205,0.47777879928512523,9459.838,10,2026-09-23T13:49:33.712085+00:00
Falcon3-7B-Base,belief_bank_facts,hidden,6,27416,belief_bank_constraints,511,10546,25610,5273,5273,12021,13589,49.5202,3073,0.41151349504612234,0.20039930122285998,0.4901600937133932,0.26953846153846156,0.47993669172504183,9510.854,10,2026-09-23T13:49:33.712085+00:00
Falcon3-7B-Base,belief_bank_facts,hidden,6,27416,belief_bank_constraints,mean,0,0,0,0,0,0,48.81341,3073.0,0.4243106278670039,0.23783379086598452,0.4910230378758297,0.3037579174774167,0.4807971168932549,37739.656,10,2026-09-23T13:49:33.712085+00:00
Falcon3-7B-Base,belief_bank_facts,hidden,6,27416,belief_bank_constraints,std,0,0,0,0,0,0,2.378215733044418,0.0,0.007879058978620112,0.03167267113320344,0.004855111851121708,0.026367176095707136,0.0033441522688810142,37739.656,10,2026-09-23T13:49:33.712085+00:00
Falcon3-7B-Base,belief_bank_facts,hidden,6,27416,halu_eval,2,10546,10000,5273,5273,3259,6741,48.9822,3073,0.3160493827160494,0.15710340595274624,0.6145,0.20987907358065178,0.497538249378588,9560.769,10,2026-09-23T13:49:33.712085+00:00
Falcon3-7B-Base,belief_bank_facts,hidden,6,27416,halu_eval,4,10546,10000,5273,5273,3259,6741,53.1845,3073,0.3127672571777642,0.15710340595274624,0.6128,0.20915032679738563,0.4971669065737827,9614.916,10,2026-09-23T13:49:33.712085+00:00
Falcon3-7B-Base,belief_bank_facts,hidden,6,27416,halu_eval,24,10546,10000,5273,5273,3259,6741,46.2816,3073,0.32045240339302544,0.2086529610309911,0.5979,0.25274112618472405,0.49349371719200197,9662.162,10,2026-09-23T13:49:33.712085+00:00
Falcon3-7B-Base,belief_bank_facts,hidden,6,27416,halu_eval,42,10546,10000,5273,5273,3259,6741,49.6442,3073,0.32276119402985076,0.2123350721080086,0.5981,0.25615398852489357,0.4950287039612645,9712.761,10,2026-09-23T13:49:33.712085+00:00
Falcon3-7B-Base,belief_bank_facts,hidden,6,27416,halu_eval,64,10546,10000,5273,5273,3259,6741,47.4721,3073,0.31910352187833513,0.1834918686713716,0.6063,0.23300214299629846,0.4996104268944685,9761.185,10,2026-09-23T13:49:33.712085+00:00
Falcon3-7B-Base,belief_bank_facts,hidden,6,27416,halu_eval,67,10546,10000,5273,5273,3259,6741,45.2235,3073,0.3102012491325468,0.1371586376189015,0.6194,0.19021276595744682,0.49445550780172665,9807.361,10,2026-09-23T13:49:33.712085+00:00
Falcon3-7B-Base,belief_bank_facts,hidden,6,27416,halu_eval,104,10546,10000,5273,5273,3259,6741,46.1015,3073,0.318314803978935,0.1669223688247929,0.612,0.21900161030595813,0.4965979664270236,9854.403,10,2026-09-23T13:49:33.712085+00:00
Falcon3-7B-Base,belief_bank_facts,hidden,6,27416,halu_eval,123,10546,10000,5273,5273,3259,6741,48.8147,3073,0.3146114864864865,0.22859772936483583,0.5863,0.2647947396481251,0.49427177095058705,9904.159,10,2026-09-23T13:49:33.712085+00:00
Falcon3-7B-Base,belief_bank_facts,hidden,6,27416,halu_eval,420,10546,10000,5273,5273,3259,6741,49.6916,3073,0.3127962085308057,0.20251610923596194,0.5951,0.24585583907617806,0.4967194334869185,9954.807,10,2026-09-23T13:49:33.712085+00:00
Falcon3-7B-Base,belief_bank_facts,hidden,6,27416,halu_eval,511,10546,10000,5273,5273,3259,6741,47.6641,3073,0.31891891891891894,0.14482970236268794,0.6205,0.19919814306815783,0.495990744924682,10003.415,10,2026-09-23T13:49:33.712085+00:00
Falcon3-7B-Base,belief_bank_facts,hidden,6,27416,halu_eval,mean,0,0,0,0,0,0,48.306,3073.0,0.31659764262427176,0.1798711261123044,0.6062900000000001,0.2279989756139819,0.4960873427591044,37739.656,10,2026-09-23T13:49:33.712085+00:00
Falcon3-7B-Base,belief_bank_facts,hidden,6,27416,halu_eval,std,0,0,0,0,0,0,2.186176974995391,0.0,0.0037649296510149114,0.030065187912760426,0.010855731205220591,0.024747821852101105,0.0017366379081415735,37739.656,10,2026-09-23T13:49:33.712085+00:00
Falcon3-7B-Base,belief_bank_facts,hidden,7,27416,belief_bank_facts,2,10546,8225,5273,5273,2260,5965,47.7381,3073,0.7581174753739511,0.9194690265486726,0.8972644376899696,0.8310337932413517,0.9442957072599011,10052.757,10,2026-09-23T13:49:33.712085+00:00
Falcon3-7B-Base,belief_bank_facts,hidden,7,27416,belief_bank_facts,4,10546,8225,5273,5273,2260,5965,44.6354,3073,0.7436823104693141,0.911504424778761,0.8893617021276595,0.8190854870775348,0.9379249159922557,10098.303,10,2026-09-23T13:49:33.712085+00:00
Falcon3-7B-Base,belief_bank_facts,hidden,7,27416,belief_bank_facts,24,10546,8225,5273,5273,2260,5965,49.9782,3073,0.7596223674655047,0.9256637168141593,0.8990881458966565,0.8344635021938572,0.9478270738600539,10149.202,10,2026-09-23T13:49:33.712085+00:00
Falcon3-7B-Base,belief_bank_facts,hidden,7,27416,belief_bank_facts,42,10546,8225,5273,5273,2260,5965,46.6512,3073,0.7569573283858998,0.9026548672566371,0.8936170212765957,0.8234106962663976,0.9396922312308524,10196.758,10,2026-09-23T13:49:33.712085+00:00
Falcon3-7B-Base,belief_bank_facts,hidden,7,27416,belief_bank_facts,64,10546,8225,5273,5273,2260,5965,47.9372,3073,0.7483660130718954,0.9119469026548672,0.8915501519756839,0.8220981252493019,0.9375131482319431,10245.609,10,2026-09-23T13:49:33.712085+00:00
Falcon3-7B-Base,belief_bank_facts,hidden,7,27416,belief_bank_facts,67,10546,8225,5273,5273,2260,5965,48.316,3073,0.7421565091958168,0.9106194690265487,0.8885106382978724,0.8178025034770514,0.9446071108012075,10294.843,10,2026-09-23T13:49:33.712085+00:00
Falcon3-7B-Base,belief_bank_facts,hidden,7,27416,belief_bank_facts,104,10546,8225,5273,5273,2260,5965,43.5311,3073,0.7574074074074074,0.9048672566371682,0.894224924012158,0.8245967741935484,0.9424361133158764,10339.28,10,2026-09-23T13:49:33.712085+00:00
Falcon3-7B-Base,belief_bank_facts,hidden,7,27416,belief_bank_facts,123,10546,8225,5273,5273,2260,5965,47.2115,3073,0.7623581105822044,0.9212389380530973,0.8994528875379939,0.8343017431376477,0.9466494076804961,10387.434,10,2026-09-23T13:49:33.712085+00:00
Falcon3-7B-Base,belief_bank_facts,hidden,7,27416,belief_bank_facts,420,10546,8225,5273,5273,2260,5965,46.8692,3073,0.7508293402137854,0.9013274336283186,0.8906990881458967,0.8192238085662578,0.9394814144456229,10435.245,10,2026-09-23T13:49:33.712085+00:00
Falcon3-7B-Base,belief_bank_facts,hidden,7,27416,belief_bank_facts,511,10546,8225,5273,5273,2260,5965,48.7448,3073,0.7407407407407407,0.911504424778761,0.8880243161094225,0.8172981551279508,0.9446374871113947,10484.919,10,2026-09-23T13:49:33.712085+00:00
Falcon3-7B-Base,belief_bank_facts,hidden,7,27416,belief_bank_facts,mean,0,0,0,0,0,0,47.161269999999995,3073.0,0.7520237602906519,0.912079646017699,0.8931793313069909,0.82433145885309,0.9425064609929604,37739.656,10,2026-09-23T13:49:33.712085+00:00
Falcon3-7B-Base,belief_bank_facts,hidden,7,27416,belief_bank_facts,std,0,0,0,0,0,0,1.8060181699252087,0.0,0.007510322592148116,0.007630787231704873,0.004049636137933817,0.006313438548823956,0.003473151366717662,37739.656,10,2026-09-23T13:49:33.712085+00:00
Falcon3-7B-Base,belief_bank_facts,hidden,7,27416,belief_bank_constraints,2,10546,25610,5273,5273,12021,13589,45.0308,3073,0.4370782056371576,0.2747691539805341,0.49347910972276454,0.3374195525589948,0.4826976601872227,10531.51,10,2026-09-23T13:49:33.712085+00:00
Falcon3-7B-Base,belief_bank_facts,hidden,7,27416,belief_bank_constraints,4,10546,25610,5273,5273,12021,13589,47.6316,3073,0.43632489345700676,0.2895765743282589,0.4909410386567747,0.3481174058702935,0.49248879280842994,10580.73,10,2026-09-23T13:49:33.712085+00:00
Falcon3-7B-Base,belief_bank_facts,hidden,7,27416,belief_bank_constraints,24,10546,25610,5273,5273,12021,13589,49.384,3073,0.44113130278986434,0.2867481906663339,0.4946895743850059,0.34756743130829343,0.49578634646953623,10631.647,10,2026-09-23T13:49:33.712085+00:00
Falcon3-7B-Base,belief_bank_facts,hidden,7,27416,belief_bank_constraints,42,10546,25610,5273,5273,12021,13589,46.678,3073,0.4443017656500803,0.3453955577738957,0.4899648574775478,0.38865487222690254,0.4962204544431526,10679.873,10,2026-09-23T13:49:33.712085+00:00
Falcon3-7B-Base,belief_bank_facts,hidden,7,27416,belief_bank_constraints,64,10546,25610,5273,5273,12021,13589,49.2512,3073,0.45768833849329205,0.3689376923716829,0.49859429910191333,0.40854866196858736,0.5054567194142167,10730.648,10,2026-09-23T13:49:33.712085+00:00
Falcon3-7B-Base,belief_bank_facts,hidden,7,27416,belief_bank_constraints,67,10546,25610,5273,5273,12021,13589,45.0715,3073,0.4486743711760707,0.3843274270027452,0.48934010152284263,0.41401559279505334,0.4896573207498402,10777.262,10,2026-09-23T13:49:33.712085+00:00
Falcon3-7B-Base,belief_bank_facts,hidden,7,27416,belief_bank_constraints,104,10546,25610,5273,5273,12021,13589,48.2354,3073,0.4449078138718174,0.3372431578071708,0.4914096056228036,0.3836653574977523,0.48807521686314287,10827.077,10,2026-09-23T13:49:33.712085+00:00
Falcon3-7B-Base,belief_bank_facts,hidden,7,27416,belief_bank_constraints,123,10546,25610,5273,5273,12021,13589,45.4786,3073,0.44483901515151514,0.3126195823974711,0.49422100741897695,0.36718940837363817,0.49473325218043096,10874.086,10,2026-09-23T13:49:33.712085+00:00
Falcon3-7B-Base,belief_bank_facts,hidden,7,27416,belief_bank_constraints,420,10546,25610,5273,5273,12021,13589,48.8291,3073,0.44362159579550886,0.30895932118792113,0.4937524404529481,0.3642426322757809,0.49473623956907803,10924.424,10,2026-09-23T13:49:33.712085+00:00
Falcon3-7B-Base,belief_bank_facts,hidden,7,27416,belief_bank_constraints,511,10546,25610,5273,5273,12021,13589,48.85,3073,0.4397139345178232,0.3273438149904334,0.488481062085123,0.3752980448259418,0.49657836564117636,10974.78,10,2026-09-23T13:49:33.712085+00:00
Falcon3-7B-Base,belief_bank_facts,hidden,7,27416,belief_bank_constraints,mean,0,0,0,0,0,0,47.44402,3073.0,0.4438281236540136,0.3235920472506447,0.49248730964467013,0.37347189597012387,0.4936430368326227,37739.656,10,2026-09-23T13:49:33.712085+00:00
Falcon3-7B-Base,belief_bank_facts,hidden,7,27416,belief_bank_constraints,std,0,0,0,0,0,0,1.6579584197439932,0.0,0.005866051015496949,0.03413728792273429,0.0028914585399008085,0.02439312811536812,0.005742994618676475,37739.656,10,2026-09-23T13:49:33.712085+00:00
Falcon3-7B-Base,belief_bank_facts,hidden,7,27416,halu_eval,2,10546,10000,5273,5273,3259,6741,45.1284,3073,0.3173365326934613,0.324639459957042,0.5523,0.3209464583649325,0.49262380638756054,11020.848,10,2026-09-23T13:49:33.712085+00:00
Falcon3-7B-Base,belief_bank_facts,hidden,7,27416,halu_eval,4,10546,10000,5273,5273,3259,6741,46.0393,3073,0.30957602339181284,0.2598956735194845,0.5699,0.28256880733944956,0.49833332718828816,11067.822,10,2026-09-23T13:49:33.712085+00:00
Falcon3-7B-Base,belief_bank_facts,hidden,7,27416,halu_eval,24,10546,10000,5273,5273,3259,6741,47.3026,3073,0.3153526970954357,0.30316047867444,0.5584,0.3091364205256571,0.4989172657971928,11116.095,10,2026-09-23T13:49:33.712085+00:00
Falcon3-7B-Base,belief_bank_facts,hidden,7,27416,halu_eval,42,10546,10000,5273,5273,3259,6741,47.6302,3073,0.3168799512492383,0.3191162933415158,0.5539,0.31799419049075067,0.4982083096578398,11164.672,10,2026-09-23T13:49:33.712085+00:00
Falcon3-7B-Base,belief_bank_facts,hidden,7,27416,halu_eval,64,10546,10000,5273,5273,3259,6741,45.9549,3073,0.3141577678263865,0.27984044185332924,0.5662,0.29600778967867575,0.4958739435472451,11211.556,10,2026-09-23T13:49:33.712085+00:00
Falcon3-7B-Base,belief_bank_facts,hidden,7,27416,halu_eval,67,10546,10000,5273,5273,3259,6741,45.6328,3073,0.30853889943074003,0.24946302546793495,0.5732,0.27587376993552765,0.49601427817181176,11258.126,10,2026-09-23T13:49:33.712085+00:00
Falcon3-7B-Base,belief_bank_facts,hidden,7,27416,halu_eval,104,10546,10000,5273,5273,3259,6741,44.9362,3073,0.3154592127780947,0.339367904265112,0.5447,0.3269770879526977,0.4956295755835779,11303.993,10,2026-09-23T13:49:33.712085+00:00
Falcon3-7B-Base,belief_bank_facts,hidden,7,27416,halu_eval,123,10546,10000,5273,5273,3259,6741,47.4296,3073,0.31623681125439623,0.33108315434182267,0.5487,0.32348973167441164,0.49399840747740026,11352.366,10,2026-09-23T13:49:33.712085+00:00
Falcon3-7B-Base,belief_bank_facts,hidden,7,27416,halu_eval,420,10546,10000,5273,5273,3259,6741,47.8349,3073,0.3194444444444444,0.30346732126419146,0.5623,0.31125098347757674,0.4953730996049464,11401.135,10,2026-09-23T13:49:33.712085+00:00
Falcon3-7B-Base,belief_bank_facts,hidden,7,27416,halu_eval,511,10546,10000,5273,5273,3259,6741,45.8447,3073,0.3182552504038772,0.36268794108622276,0.5391,0.3390219417754195,0.49233373749523124,11447.91,10,2026-09-23T13:49:33.712085+00:00
Falcon3-7B-Base,belief_bank_facts,hidden,7,27416,halu_eval,mean,0,0,0,0,0,0,46.373360000000005,3073.0,0.31512375905678874,0.30727216937710955,0.5568700000000001,0.3103267181215099,0.4957305750911094,37739.656,10,2026-09-23T13:49:33.712085+00:00
Falcon3-7B-Base,belief_bank_facts,hidden,7,27416,halu_eval,std,0,0,0,0,0,0,1.0210213271034054,0.0,0.0033605037098576075,0.033882480776168476,0.010562485502948641,0.019000775388085773,0.0021794136451538087,37739.656,10,2026-09-23T13:49:33.712085+00:00
Falcon3-7B-Base,belief_bank_facts,hidden,8,27416,belief_bank_facts,2,10546,8225,5273,5273,2260,5965,48.0676,3073,0.7651128914785142,0.929646017699115,0.9022492401215806,0.8393927287255294,0.9463174565496371,11497.655,10,2026-09-23T13:49:33.712085+00:00
Falcon3-7B-Base,belief_bank_facts,hidden,8,27416,belief_bank_facts,4,10546,8225,5273,5273,2260,5965,43.7755,3073,0.7627992633517495,0.9163716814159292,0.8987234042553192,0.8325628140703517,0.9444990319637413,11542.319,10,2026-09-23T13:49:33.712085+00:00
Falcon3-7B-Base,belief_bank_facts,hidden,8,27416,belief_bank_facts,24,10546,8225,5273,5273,2260,5965,44.8908,3073,0.7616448326055313,0.9261061946902654,0.9000607902735562,0.8358626198083067,0.9483544867182458,11588.126,10,2026-09-23T13:49:33.712085+00:00
Falcon3-7B-Base,belief_bank_facts,hidden,8,27416,belief_bank_facts,42,10546,8225,5273,5273,2260,5965,45.8532,3073,0.7635159985288709,0.9185840707964602,0.8994528875379939,0.8339023900381602,0.9435071100594175,11634.892,10,2026-09-23T13:49:33.712085+00:00
Falcon3-7B-Base,belief_bank_facts,hidden,8,27416,belief_bank_facts,64,10546,8225,5273,5273,2260,5965,42.8581,3073,0.7599852071005917,0.9092920353982301,0.8961702127659574,0.8279613215149073,0.9391085164937059,11678.662,10,2026-09-23T13:49:33.712085+00:00
Falcon3-7B-Base,belief_bank_facts,hidden,8,27416,belief_bank_facts,67,10546,8225,5273,5273,2260,5965,45.651,3073,0.7654185022026432,0.922566371681416,0.9010334346504559,0.836677367576244,0.9490986506835597,11725.225,10,2026-09-23T13:49:33.712085+00:00
Falcon3-7B-Base,belief_bank_facts,hidden,8,27416,belief_bank_facts,104,10546,8225,5273,5273,2260,5965,45.7123,3073,0.7729992520568437,0.9146017699115044,0.9027355623100304,0.8378597486826105,0.9455519290255102,11771.86,10,2026-09-23T13:49:33.712085+00:00
Falcon3-7B-Base,belief_bank_facts,hidden,8,27416,belief_bank_facts,123,10546,8225,5273,5273,2260,5965,45.9428,3073,0.7715244129705553,0.915929203539823,0.902370820668693,0.8375480477442848,0.9450394261510731,11818.714,10,2026-09-23T13:49:33.712085+00:00
Falcon3-7B-Base,belief_bank_facts,hidden,8,27416,belief_bank_facts,420,10546,8225,5273,5273,2260,5965,45.7369,3073,0.762756052141527,0.9061946902654867,0.8967781155015198,0.8283114256825076,0.9433626093213361,11865.362,10,2026-09-23T13:49:33.712085+00:00
Falcon3-7B-Base,belief_bank_facts,hidden,8,27416,belief_bank_facts,511,10546,8225,5273,5273,2260,5965,45.5911,3073,0.7644673792849245,0.9176991150442478,0.8996960486322189,0.8341041624773778,0.9492331001639356,11911.86,10,2026-09-23T13:49:33.712085+00:00
Falcon3-7B-Base,belief_bank_facts,hidden,8,27416,belief_bank_facts,mean,0,0,0,0,0,0,45.40793,3073.0,0.7650223791721752,0.917699115044248,0.8999270516717324,0.8344182626320279,0.9454072317130162,37739.656,10,2026-09-23T13:49:33.712085+00:00
Falcon3-7B-Base,belief_bank_facts,hidden,8,27416,belief_bank_facts,std,0,0,0,0,0,0,1.3147462341075555,0.0,0.0039434586777743206,0.006748331618865969,0.00215060145361289,0.003692796172625498,0.0029364002827290073,37739.656,10,2026-09-23T13:49:33.712085+00:00
Falcon3-7B-Base,belief_bank_facts,hidden,8,27416,belief_bank_constraints,2,10546,25610,5273,5273,12021,13589,44.4379,3073,0.4512961508248233,0.3823309208884452,0.4918781725888325,0.4139608196352173,0.49716500796503316,11957.774,10,2026-09-23T13:49:33.712085+00:00
Falcon3-7B-Base,belief_bank_facts,hidden,8,27416,belief_bank_constraints,4,10546,25610,5273,5273,12021,13589,45.6533,3073,0.44447824764222693,0.36461192912403295,0.4878563061304178,0.40060323553605703,0.492706085541462,12004.938,10,2026-09-23T13:49:33.712085+00:00
Falcon3-7B-Base,belief_bank_facts,hidden,8,27416,belief_bank_constraints,24,10546,25610,5273,5273,12021,13589,43.9988,3073,0.4426469053334725,0.35279926794775807,0.4877001171417415,0.392648828812147,0.49619009082083887,12050.444,10,2026-09-23T13:49:33.712085+00:00
Falcon3-7B-Base,belief_bank_facts,hidden,8,27416,belief_bank_constraints,42,10546,25610,5273,5273,12021,13589,44.5363,3073,0.42957053873893564,0.3270110639713834,0.4802811401796173,0.3713395050066125,0.4809701567893589,12096.485,10,2026-09-23T13:49:33.712085+00:00
Falcon3-7B-Base,belief_bank_facts,hidden,8,27416,belief_bank_constraints,64,10546,25610,5273,5273,12021,13589,44.7778,3073,0.4412116747997422,0.398635720821895,0.48074970714564624,0.4188445065990735,0.4998576705204042,12142.799,10,2026-09-23T13:49:33.712085+00:00
Falcon3-7B-Base,belief_bank_facts,hidden,8,27416,belief_bank_constraints,67,10546,25610,5273,5273,12021,13589,46.8406,3073,0.45086030912802566,0.3858248065884702,0.4911362748926201,0.41581495427649273,0.49214194045792836,12191.163,10,2026-09-23T13:49:33.712085+00:00
Falcon3-7B-Base,belief_bank_facts,hidden,8,27416,belief_bank_constraints,104,10546,25610,5273,5273,12021,13589,47.8948,3073,0.4302030456852792,0.3666084352383329,0.4747754783287778,0.39586795418818777,0.4820714625114343,12240.567,10,2026-09-23T13:49:33.712085+00:00
Falcon3-7B-Base,belief_bank_facts,hidden,8,27416,belief_bank_constraints,123,10546,25610,5273,5273,12021,13589,44.4165,3073,0.443668903803132,0.4124448881124698,0.4814525575946896,0.42748749784445594,0.49401382104338476,12286.49,10,2026-09-23T13:49:33.712085+00:00
Falcon3-7B-Base,belief_bank_facts,hidden,8,27416,belief_bank_constraints,420,10546,25610,5273,5273,12021,13589,47.4013,3073,0.4487164728905261,0.3242658680642209,0.495821944552909,0.3764728607301526,0.49693931932312946,12335.432,10,2026-09-23T13:49:33.712085+00:00
Falcon3-7B-Base,belief_bank_facts,hidden,8,27416,belief_bank_constraints,511,10546,25610,5273,5273,12021,13589,48.7735,3073,0.4305353858069513,0.3699359454288329,0.4745802420929324,0.39794183445190157,0.4873131113690101,12385.75,10,2026-09-23T13:49:33.712085+00:00
Falcon3-7B-Base,belief_bank_facts,hidden,8,27416,belief_bank_constraints,mean,0,0,0,0,0,0,45.87308,3073.0,0.44131876346531146,0.36844688461858416,0.48462319406481846,0.40109819970802973,0.4919368666341984,37739.656,10,2026-09-23T13:49:33.712085+00:00
Falcon3-7B-Base,belief_bank_facts,hidden,8,27416,belief_bank_constraints,std,0,0,0,0,0,0,1.627899075372917,0.0,0.00800285939699541,0.026974043493179042,0.0069436019111559655,0.017304041489857546,0.006140916654398995,37739.656,10,2026-09-23T13:49:33.712085+00:00
Falcon3-7B-Base,belief_bank_facts,hidden,8,27416,halu_eval,2,10546,10000,5273,5273,3259,6741,48.4793,3073,0.31784582893347413,0.18471923903037743,0.6051,0.23365030079565302,0.4952115759541923,12435.172,10,2026-09-23T13:49:33.712085+00:00
Falcon3-7B-Base,belief_bank_facts,hidden,8,27416,halu_eval,4,10546,10000,5273,5273,3259,6741,44.9991,3073,0.3200488003253355,0.24148511813439705,0.5856,0.2752710738020287,0.4963662982234128,12481.12,10,2026-09-23T13:49:33.712085+00:00
Falcon3-7B-Base,belief_bank_facts,hidden,8,27416,halu_eval,24,10546,10000,5273,5273,3259,6741,43.5119,3073,0.3163992869875223,0.21785823872353482,0.5917,0.2580410685080865,0.4961387494760211,12525.605,10,2026-09-23T13:49:33.712085+00:00
Falcon3-7B-Base,belief_bank_facts,hidden,8,27416,halu_eval,42,10546,10000,5273,5273,3259,6741,46.6368,3073,0.329025309639203,0.18748082233814053,0.6106,0.23885848318999217,0.49663683952769816,12573.2,10,2026-09-23T13:49:33.712085+00:00
Falcon3-7B-Base,belief_bank_facts,hidden,8,27416,halu_eval,64,10546,10000,5273,5273,3259,6741,41.6638,3073,0.3258664412510566,0.23657563669837373,0.5917,0.27413333333333334,0.49982520760352384,12615.807,10,2026-09-23T13:49:33.712085+00:00
Falcon3-7B-Base,belief_bank_facts,hidden,8,27416,halu_eval,67,10546,10000,5273,5273,3259,6741,48.0565,3073,0.3135366506153023,0.1798097575943541,0.6044,0.22854914196567863,0.49377238361159237,12664.805,10,2026-09-23T13:49:33.712085+00:00
Falcon3-7B-Base,belief_bank_facts,hidden,8,27416,halu_eval,104,10546,10000,5273,5273,3259,6741,46.1274,3073,0.3152734778121775,0.18748082233814053,0.6025,0.23513565518568405,0.4972762656187134,12711.886,10,2026-09-23T13:49:33.712085+00:00
Falcon3-7B-Base,belief_bank_facts,hidden,8,27416,halu_eval,123,10546,10000,5273,5273,3259,6741,46.4186,3073,0.3187066974595843,0.21172138692850567,0.5956,0.25442477876106195,0.4947394771677205,12759.262,10,2026-09-23T13:49:33.712085+00:00
Falcon3-7B-Base,belief_bank_facts,hidden,8,27416,halu_eval,420,10546,10000,5273,5273,3259,6741,49.17,3073,0.3223773075191355,0.21969929426204357,0.5952,0.2613138686131387,0.4950347807281733,12809.415,10,2026-09-23T13:49:33.712085+00:00
Falcon3-7B-Base,belief_bank_facts,hidden,8,27416,halu_eval,511,10546,10000,5273,5273,3259,6741,47.0142,3073,0.32222222222222224,0.20466400736422216,0.6005,0.2503283918183524,0.495762786507611,12857.374,10,2026-09-23T13:49:33.712085+00:00
Falcon3-7B-Base,belief_bank_facts,hidden,8,27416,halu_eval,mean,0,0,0,0,0,0,46.20776,3073.0,0.32013020227650135,0.20714943234120894,0.5982900000000001,0.25097060959730094,0.4960764364418659,37739.656,10,2026-09-23T13:49:33.712085+00:00
Falcon3-7B-Base,belief_bank_facts,hidden,8,27416,halu_eval,std,0,0,0,0,0,0,2.1820637943011665,0.0,0.004579161284870163,0.020900665832263677,0.007228616741811682,0.01580033908201734,0.0015786815947812498,37739.656,10,2026-09-23T13:49:33.712085+00:00
Falcon3-7B-Base,belief_bank_facts,hidden,9,27416,belief_bank_facts,2,10546,8225,5273,5273,2260,5965,44.0117,3073,0.7676394532693018,0.9194690265486726,0.9013981762917933,0.8367223676263338,0.946588877597193,12902.969,10,2026-09-23T13:49:33.712085+00:00
Falcon3-7B-Base,belief_bank_facts,hidden,9,27416,belief_bank_facts,4,10546,8225,5273,5273,2260,5965,45.1088,3073,0.7662578966926793,0.9123893805309734,0.8994528875379939,0.8329630377701475,0.9417696889673537,12948.952,10,2026-09-23T13:49:33.712085+00:00
Falcon3-7B-Base,belief_bank_facts,hidden,9,27416,belief_bank_facts,24,10546,8225,5273,5273,2260,5965,45.2219,3073,0.7604659628685839,0.9243362831858407,0.899209726443769,0.8344317954863192,0.950534088970321,12995.074,10,2026-09-23T13:49:33.712085+00:00
Falcon3-7B-Base,belief_bank_facts,hidden,9,27416,belief_bank_facts,42,10546,8225,5273,5273,2260,5965,43.415,3073,0.7656482861400894,0.9092920353982301,0.8986018237082067,0.8313106796116505,0.9388217403882531,13039.381,10,2026-09-23T13:49:33.712085+00:00
Falcon3-7B-Base,belief_bank_facts,hidden,9,27416,belief_bank_facts,64,10546,8225,5273,5273,2260,5965,48.1838,3073,0.7642487046632125,0.9137168141592921,0.8988449848024316,0.8323256751309955,0.941920902907076,13088.465,10,2026-09-23T13:49:33.712085+00:00
Falcon3-7B-Base,belief_bank_facts,hidden,9,27416,belief_bank_facts,67,10546,8225,5273,5273,2260,5965,45.2634,3073,0.7539912917271407,0.9194690265486726,0.8954407294832827,0.828548644338118,0.9457683092375138,13134.645,10,2026-09-23T13:49:33.712085+00:00
Falcon3-7B-Base,belief_bank_facts,hidden,9,27416,belief_bank_facts,104,10546,8225,5273,5273,2260,5965,44.3403,3073,0.7841209829867675,0.9176991150442478,0.9079635258358663,0.8456676860346585,0.9482273809612117,13179.9,10,2026-09-23T13:49:33.712085+00:00
Falcon3-7B-Base,belief_bank_facts,hidden,9,27416,belief_bank_facts,123,10546,8225,5273,5273,2260,5965,43.8239,3073,0.7714497041420119,0.9230088495575222,0.9037082066869301,0.8404512489927478,0.9495506234746938,13224.654,10,2026-09-23T13:49:33.712085+00:00
Falcon3-7B-Base,belief_bank_facts,hidden,9,27416,belief_bank_facts,420,10546,8225,5273,5273,2260,5965,46.9809,3073,0.768801191362621,0.9137168141592921,0.900790273556231,0.8350181965224424,0.9461399461460288,13272.567,10,2026-09-23T13:49:33.712085+00:00
Falcon3-7B-Base,belief_bank_facts,hidden,9,27416,belief_bank_facts,511,10546,8225,5273,5273,2260,5965,45.7973,3073,0.7691449814126394,0.9154867256637168,0.9012765957446809,0.835959595959596,0.9449482230414884,13319.292,10,2026-09-23T13:49:33.712085+00:00
Falcon3-7B-Base,belief_bank_facts,hidden,9,27416,belief_bank_facts,mean,0,0,0,0,0,0,45.2147,3073.0,0.7671768455265047,0.9168584070796462,0.9006686930091187,0.8353398927473009,0.9454269781691134,37739.656,10,2026-09-23T13:49:33.712085+00:00
Falcon3-7B-Base,belief_bank_facts,hidden,9,27416,belief_bank_facts,std,0,0,0,0,0,0,1.4026085498099599,0.0,0.0073670681001485345,0.004548922206572031,0.0031922708552521908,0.004616310601354994,0.0034990116935741064,37739.656,10,2026-09-23T13:49:33.712085+00:00
Falcon3-7B-Base,belief_bank_facts,hidden,9,27416,belief_bank_constraints,2,10546,25610,5273,5273,12021,13589,44.4271,3073,0.44167219641672195,0.2768488478495965,0.49629051151893794,0.34035590100224994,0.48895446411025656,13365.263,10,2026-09-23T13:49:33.712085+00:00
Falcon3-7B-Base,belief_bank_facts,hidden,9,27416,belief_bank_constraints,4,10546,25610,5273,5273,12021,13589,43.7822,3073,0.41550241805480925,0.2572997254804093,0.48149160484185866,0.3178011816080144,0.4775203473152733,13410.59,10,2026-09-23T13:49:33.712085+00:00
Falcon3-7B-Base,belief_bank_facts,hidden,9,27416,belief_bank_constraints,24,10546,25610,5273,5273,12021,13589,45.3226,3073,0.41255541255541256,0.2399966724898095,0.48285825849277625,0.30346060797307245,0.47629582711575413,13457.415,10,2026-09-23T13:49:33.712085+00:00
Falcon3-7B-Base,belief_bank_facts,hidden,9,27416,belief_bank_constraints,42,10546,25610,5273,5273,12021,13589,45.6695,3073,0.4451075329354802,0.3288411945761584,0.49254197579070674,0.3782413166204191,0.48949734241477444,13504.609,10,2026-09-23T13:49:33.712085+00:00
Falcon3-7B-Base,belief_bank_facts,hidden,9,27416,belief_bank_constraints,64,10546,25610,5273,5273,12021,13589,46.0218,3073,0.432866211522338,0.30064054571167126,0.48684107770402185,0.35483554246440846,0.489972903466717,13552.155,10,2026-09-23T13:49:33.712085+00:00
Falcon3-7B-Base,belief_bank_facts,hidden,9,27416,belief_bank_constraints,67,10546,25610,5273,5273,12021,13589,46.8621,3073,0.4389041723979826,0.3185259129856085,0.488988676298321,0.36914919257652445,0.48300594890087634,13600.544,10,2026-09-23T13:49:33.712085+00:00
Falcon3-7B-Base,belief_bank_facts,hidden,9,27416,belief_bank_constraints,104,10546,25610,5273,5273,12021,13589,44.5005,3073,0.4370724151284368,0.2816737376258215,0.49254197579070674,0.3425738567381627,0.492449194604612,13646.581,10,2026-09-23T13:49:33.712085+00:00
Falcon3-7B-Base,belief_bank_facts,hidden,9,27416,belief_bank_constraints,123,10546,25610,5273,5273,12021,13589,43.6508,3073,0.42468811556139197,0.2690291989019216,0.48582584927762595,0.3293949887960888,0.48997274124171875,13691.781,10,2026-09-23T13:49:33.712085+00:00
Falcon3-7B-Base,belief_bank_facts,hidden,9,27416,belief_bank_constraints,420,10546,25610,5273,5273,12021,13589,48.2973,3073,0.4294006479481641,0.2646202478995092,0.4897696212417025,0.3274486592207525,0.48021787049889375,13741.62,10,2026-09-23T13:49:33.712085+00:00
Falcon3-7B-Base,belief_bank_facts,hidden,9,27416,belief_bank_constraints,511,10546,25610,5273,5273,12021,13589,43.0882,3073,0.40706886045094454,0.22227768072539722,0.4829754002342835,0.28754371805219264,0.47472787659494187,13786.231,10,2026-09-23T13:49:33.712085+00:00
Falcon3-7B-Base,belief_bank_facts,hidden,9,27416,belief_bank_constraints,mean,0,0,0,0,0,0,45.162209999999995,3073.0,0.4284837982971682,0.2759753764245903,0.48801249511909417,0.33508049650518856,0.48426145162638184,37739.656,10,2026-09-23T13:49:33.712085+00:00
Falcon3-7B-Base,belief_bank_facts,hidden,9,27416,belief_bank_constraints,std,0,0,0,0,0,0,1.5234477506301285,0.0,0.012441517465494214,0.03154492932873959,0.004628309590047841,0.026732904713282997,0.006320024638243454,37739.656,10,2026-09-23T13:49:33.712085+00:00
Falcon3-7B-Base,belief_bank_facts,hidden,9,27416,halu_eval,2,10546,10000,5273,5273,3259,6741,45.7208,3073,0.3333333333333333,0.20681190549248235,0.6067,0.25525468661238404,0.5048791203609062,13832.897,10,2026-09-23T13:49:33.712085+00:00
Falcon3-7B-Base,belief_bank_facts,hidden,9,27416,halu_eval,4,10546,10000,5273,5273,3259,6741,42.0247,3073,0.326098752034726,0.18441239644062596,0.61,0.235593884751078,0.5027722347194233,13875.892,10,2026-09-23T13:49:33.712085+00:00
Falcon3-7B-Base,belief_bank_facts,hidden,9,27416,halu_eval,24,10546,10000,5273,5273,3259,6741,46.4064,3073,0.3324768756423433,0.198527155569193,0.6089,0.24860710854947166,0.5007656498710747,13923.27,10,2026-09-23T13:49:33.712085+00:00
Falcon3-7B-Base,belief_bank_facts,hidden,9,27416,halu_eval,42,10546,10000,5273,5273,3259,6741,45.8994,3073,0.3325133251332513,0.24884934028843203,0.5924,0.28466128466128465,0.5073324955133205,13970.11,10,2026-09-23T13:49:33.712085+00:00
Falcon3-7B-Base,belief_bank_facts,hidden,9,27416,halu_eval,64,10546,10000,5273,5273,3259,6741,46.5131,3073,0.32686654908877133,0.17060447990181038,0.6152,0.22419354838709676,0.5037130183783736,14017.578,10,2026-09-23T13:49:33.712085+00:00
Falcon3-7B-Base,belief_bank_facts,hidden,9,27416,halu_eval,67,10546,10000,5273,5273,3259,6741,45.5871,3073,0.3242553191489362,0.23381405339061062,0.5915,0.27170618648600464,0.500888914925673,14064.118,10,2026-09-23T13:49:33.712085+00:00
Falcon3-7B-Base,belief_bank_facts,hidden,9,27416,halu_eval,104,10546,10000,5273,5273,3259,6741,43.6758,3073,0.33725690890481064,0.2022092666462105,0.6105,0.2528294647995396,0.5005892415553083,14108.746,10,2026-09-23T13:49:33.712085+00:00
Falcon3-7B-Base,belief_bank_facts,hidden,9,27416,halu_eval,123,10546,10000,5273,5273,3259,6741,46.8215,3073,0.3389750822755054,0.22123350721080087,0.6056,0.26773115484589677,0.5031569373076572,14156.528,10,2026-09-23T13:49:33.712085+00:00
Falcon3-7B-Base,belief_bank_facts,hidden,9,27416,halu_eval,420,10546,10000,5273,5273,3259,6741,45.8287,3073,0.33298808907301913,0.19729978521018718,0.6096,0.24778420038535645,0.5051201426888596,14203.326,10,2026-09-23T13:49:33.712085+00:00
Falcon3-7B-Base,belief_bank_facts,hidden,9,27416,halu_eval,511,10546,10000,5273,5273,3259,6741,46.9619,3073,0.33198127925117005,0.3264805154955508,0.5664,0.3292079207920792,0.505421295421955,14251.252,10,2026-09-23T13:49:33.712085+00:00
Falcon3-7B-Base,belief_bank_facts,hidden,9,27416,halu_eval,mean,0,0,0,0,0,0,45.54394,3073.0,0.33167455138858665,0.21902424056459036,0.60168,0.2617569440270192,0.5034639050742552,37739.656,10,2026-09-23T13:49:33.712085+00:00
Falcon3-7B-Base,belief_bank_facts,hidden,9,27416,halu_eval,std,0,0,0,0,0,0,1.4642902042969477,0.0,0.004467999380242121,0.04186457562661273,0.01385516510186724,0.027918759005998835,0.00215297158791795,37739.656,10,2026-09-23T13:49:33.712085+00:00
Falcon3-7B-Base,belief_bank_facts,hidden,10,27416,belief_bank_facts,2,10546,8225,5273,5273,2260,5965,43.1613,3073,0.7686375321336761,0.9261061946902654,0.9031003039513678,0.8400561910495685,0.949498661068623,14296.032,10,2026-09-23T13:49:33.712085+00:00
Falcon3-7B-Base,belief_bank_facts,hidden,10,27416,belief_bank_facts,4,10546,8225,5273,5273,2260,5965,44.4419,3073,0.7737874861162533,0.9247787610619469,0.9050455927051672,0.8425720620842572,0.9472702861084943,14341.413,10,2026-09-23T13:49:33.712085+00:00
Falcon3-7B-Base,belief_bank_facts,hidden,10,27416,belief_bank_facts,24,10546,8225,5273,5273,2260,5965,43.5032,3073,0.7663103575377811,0.9199115044247788,0.9009118541033435,0.8361150211140157,0.9516343864282057,14385.842,10,2026-09-23T13:49:33.712085+00:00
Falcon3-7B-Base,belief_bank_facts,hidden,10,27416,belief_bank_facts,42,10546,8225,5273,5273,2260,5965,43.2372,3073,0.7869415807560137,0.9119469026548672,0.9079635258358663,0.8448452551752408,0.942414898115111,14430.019,10,2026-09-23T13:49:33.712085+00:00
Falcon3-7B-Base,belief_bank_facts,hidden,10,27416,belief_bank_facts,64,10546,8225,5273,5273,2260,5965,43.0853,3073,0.7789039039039038,0.918141592920354,0.9058966565349544,0.8428107229894395,0.9453555771498936,14474.05,10,2026-09-23T13:49:33.712085+00:00
Falcon3-7B-Base,belief_bank_facts,hidden,10,27416,belief_bank_facts,67,10546,8225,5273,5273,2260,5965,43.7231,3073,0.7727104189840563,0.9221238938053097,0.9040729483282675,0.8408311478716965,0.9474076656603045,14518.705,10,2026-09-23T13:49:33.712085+00:00
Falcon3-7B-Base,belief_bank_facts,hidden,10,27416,belief_bank_facts,104,10546,8225,5273,5273,2260,5965,44.0062,3073,0.780359820089955,0.9212389380530973,0.907112462006079,0.8449675324675324,0.9475782774147126,14563.656,10,2026-09-23T13:49:33.712085+00:00
Falcon3-7B-Base,belief_bank_facts,hidden,10,27416,belief_bank_facts,123,10546,8225,5273,5273,2260,5965,44.7882,3073,0.7731498698400893,0.9199115044247788,0.9038297872340425,0.8401697312588402,0.9477103902558435,14609.385,10,2026-09-23T13:49:33.712085+00:00
Falcon3-7B-Base,belief_bank_facts,hidden,10,27416,belief_bank_facts,420,10546,8225,5273,5273,2260,5965,45.5295,3073,0.7661618027336535,0.9176991150442478,0.9004255319148936,0.8351117374672841,0.9469723089704694,14655.847,10,2026-09-23T13:49:33.712085+00:00
Falcon3-7B-Base,belief_bank_facts,hidden,10,27416,belief_bank_facts,511,10546,8225,5273,5273,2260,5965,44.9951,3073,0.7691737680622452,0.9185840707964602,0.9018844984802432,0.837265577737447,0.945684041866641,14701.79,10,2026-09-23T13:49:33.712085+00:00
Falcon3-7B-Base,belief_bank_facts,hidden,10,27416,belief_bank_facts,mean,0,0,0,0,0,0,44.04709999999999,3073.0,0.7736136540157628,0.9200442477876105,0.9040243161094225,0.8404744979215322,0.9471526493038299,37739.656,10,2026-09-23T13:49:33.712085+00:00
Falcon3-7B-Base,belief_bank_facts,hidden,10,27416,belief_bank_facts,std,0,0,0,0,0,0,0.8105198899471875,0.0,0.006368162073141033,0.003765224141505267,0.002402377465149145,0.003280321179466851,0.0023243478647532005,37739.656,10,2026-09-23T13:49:33.712085+00:00
Falcon3-7B-Base,belief_bank_facts,hidden,10,27416,belief_bank_constraints,2,10546,25610,5273,5273,12021,13589,45.3537,3073,0.45512359011279097,0.3155311538141586,0.5014057008980867,0.37268484401866864,0.50651696690749,14748.695,10,2026-09-23T13:49:33.712085+00:00
Falcon3-7B-Base,belief_bank_facts,hidden,10,27416,belief_bank_constraints,4,10546,25610,5273,5273,12021,13589,43.2793,3073,0.45185094084368466,0.3056318109974212,0.5000390472471691,0.3646288209606987,0.5022070251884428,14793.534,10,2026-09-23T13:49:33.712085+00:00
Falcon3-7B-Base,belief_bank_facts,hidden,10,27416,belief_bank_constraints,24,10546,25610,5273,5273,12021,13589,42.9577,3073,0.46023626842041165,0.3143665252474836,0.5051151893791488,0.373566627125346,0.5102599383793548,14838.042,10,2026-09-23T13:49:33.712085+00:00
Falcon3-7B-Base,belief_bank_facts,hidden,10,27416,belief_bank_constraints,42,10546,25610,5273,5273,12021,13589,45.8141,3073,0.46585285384361597,0.3523833291739456,0.5063647012885591,0.4012503552145496,0.5109564468180635,14885.406,10,2026-09-23T13:49:33.712085+00:00
Falcon3-7B-Base,belief_bank_facts,hidden,10,27416,belief_bank_constraints,64,10546,25610,5273,5273,12021,13589,43.425,3073,0.4675785207700101,0.30712919058314614,0.5106208512299882,0.37073856504493646,0.5170814658863877,14930.4,10,2026-09-23T13:49:33.712085+00:00
Falcon3-7B-Base,belief_bank_facts,hidden,10,27416,belief_bank_constraints,67,10546,25610,5273,5273,12021,13589,46.5431,3073,0.46487443301250136,0.34955494551202065,0.5058180398281921,0.3990503323836657,0.5103086824000551,14978.491,10,2026-09-23T13:49:33.712085+00:00
Falcon3-7B-Base,belief_bank_facts,hidden,10,27416,belief_bank_constraints,104,10546,25610,5273,5273,12021,13589,44.5179,3073,0.4567917374820238,0.29065801514017137,0.5048028114017962,0.35526182003050333,0.5123982872982559,15024.557,10,2026-09-23T13:49:33.712085+00:00
Falcon3-7B-Base,belief_bank_facts,hidden,10,27416,belief_bank_constraints,123,10546,25610,5273,5273,12021,13589,43.0889,3073,0.462589296904374,0.3070460028283837,0.5073018352206169,0.3691,0.5130303250739812,15069.218,10,2026-09-23T13:49:33.712085+00:00
Falcon3-7B-Base,belief_bank_facts,hidden,10,27416,belief_bank_constraints,420,10546,25610,5273,5273,12021,13589,41.9894,3073,0.456341217916457,0.30172198652358373,0.5035142522452167,0.36326305773949624,0.5044094897118406,15112.749,10,2026-09-23T13:49:33.712085+00:00
Falcon3-7B-Base,belief_bank_facts,hidden,10,27416,belief_bank_constraints,511,10546,25610,5273,5273,12021,13589,42.801,3073,0.45335150538966673,0.3043839946759837,0.5012104646622413,0.36422456699183753,0.5064483212464385,15157.074,10,2026-09-23T13:49:33.712085+00:00
Falcon3-7B-Base,belief_bank_facts,hidden,10,27416,belief_bank_constraints,mean,0,0,0,0,0,0,43.97700999999999,3073.0,0.45945903646955355,0.31484069544962984,0.5046192893401016,0.37337689895097026,0.509361694891031,37739.656,10,2026-09-23T13:49:33.712085+00:00
Falcon3-7B-Base,belief_bank_facts,hidden,10,27416,belief_bank_constraints,std,0,0,0,0,0,0,1.4177585996565145,0.0,0.005266426606402641,0.01920026903356067,0.0030352070981658616,0.014326766113489884,0.0042286560924983865,37739.656,10,2026-09-23T13:49:33.712085+00:00
Falcon3-7B-Base,belief_bank_facts,hidden,10,27416,halu_eval,2,10546,10000,5273,5273,3259,6741,45.3917,3073,0.32933296120569355,0.3620742559067199,0.5518,0.3449283835135925,0.5047874681498894,15203.443,10,2026-09-23T13:49:33.712085+00:00
Falcon3-7B-Base,belief_bank_facts,hidden,10,27416,halu_eval,4,10546,10000,5273,5273,3259,6741,44.2677,3073,0.32430257510729615,0.37097269100951213,0.5431,0.34607127522541864,0.5043667373893089,15248.656,10,2026-09-23T13:49:33.712085+00:00
Falcon3-7B-Base,belief_bank_facts,hidden,10,27416,halu_eval,24,10546,10000,5273,5273,3259,6741,45.3164,3073,0.3225715094873973,0.3494937097269101,0.5488,0.33549337260677464,0.5034998763480352,15294.899,10,2026-09-23T13:49:33.712085+00:00
Falcon3-7B-Base,belief_bank_facts,hidden,10,27416,halu_eval,42,10546,10000,5273,5273,3259,6741,45.1964,3073,0.32598499061913694,0.42651119975452595,0.5257,0.369533430812176,0.5019255157707122,15341.058,10,2026-09-23T13:49:33.712085+00:00
Falcon3-7B-Base,belief_bank_facts,hidden,10,27416,halu_eval,64,10546,10000,5273,5273,3259,6741,45.9921,3073,0.3299065420560748,0.3249463025467935,0.5649,0.3274076364198485,0.5033822783906664,15387.985,10,2026-09-23T13:49:33.712085+00:00
Falcon3-7B-Base,belief_bank_facts,hidden,10,27416,halu_eval,67,10546,10000,5273,5273,3259,6741,44.5247,3073,0.3287061288632792,0.38508745013807916,0.5433,0.3546700579341529,0.5012788749414571,15433.464,10,2026-09-23T13:49:33.712085+00:00
Falcon3-7B-Base,belief_bank_facts,hidden,10,27416,halu_eval,104,10546,10000,5273,5273,3259,6741,42.8385,3073,0.3271648873072361,0.4231359312672599,0.5284,0.36901257693336903,0.5016570000553965,15477.23,10,2026-09-23T13:49:33.712085+00:00
Falcon3-7B-Base,belief_bank_facts,hidden,10,27416,halu_eval,123,10546,10000,5273,5273,3259,6741,44.3623,3073,0.3278313864906044,0.39613378336913163,0.5385,0.35876059469223287,0.5085723607975431,15522.551,10,2026-09-23T13:49:33.712085+00:00
Falcon3-7B-Base,belief_bank_facts,hidden,10,27416,halu_eval,420,10546,10000,5273,5273,3259,6741,42.3053,3073,0.32986725663716815,0.45750230131942315,0.5203,0.38333976089471655,0.5098665755925451,15565.806,10,2026-09-23T13:49:33.712085+00:00
Falcon3-7B-Base,belief_bank_facts,hidden,10,27416,halu_eval,511,10546,10000,5273,5273,3259,6741,45.0785,3073,0.32983715153187965,0.3666768947529917,0.5508,0.3472827666376053,0.5044902983164533,15611.828,10,2026-09-23T13:49:33.712085+00:00
Falcon3-7B-Base,belief_bank_facts,hidden,10,27416,halu_eval,mean,0,0,0,0,0,0,44.52736,3073.0,0.3275505389305766,0.3862534519791347,0.5415599999999999,0.3536499855669887,0.5043826985752007,37739.656,10,2026-09-23T13:49:33.712085+00:00
Falcon3-7B-Base,belief_bank_facts,hidden,10,27416,halu_eval,std,0,0,0,0,0,0,1.1023146004657645,0.0,0.00242234376880371,0.03803630445861887,0.012957175618166169,0.016091310795845165,0.0026959778205017026,37739.656,10,2026-09-23T13:49:33.712085+00:00
Falcon3-7B-Base,belief_bank_facts,hidden,11,27416,belief_bank_facts,2,10546,8225,5273,5273,2260,5965,46.1046,3073,0.7725258493353028,0.9256637168141593,0.9046808510638298,0.8421900161030595,0.9479204652508364,15659.55,10,2026-09-23T13:49:33.712085+00:00
Falcon3-7B-Base,belief_bank_facts,hidden,11,27416,belief_bank_facts,4,10546,8225,5273,5273,2260,5965,42.6594,3073,0.7681750741839762,0.9163716814159292,0.9010334346504559,0.8357546408393866,0.9447178229940136,15703.133,10,2026-09-23T13:49:33.712085+00:00
Falcon3-7B-Base,belief_bank_facts,hidden,11,27416,belief_bank_facts,24,10546,8225,5273,5273,2260,5965,43.4598,3073,0.7723396366332963,0.9216814159292035,0.9038297872340425,0.8404276780310672,0.9513324778019272,15747.525,10,2026-09-23T13:49:33.712085+00:00
Falcon3-7B-Base,belief_bank_facts,hidden,11,27416,belief_bank_facts,42,10546,8225,5273,5273,2260,5965,43.2123,3073,0.7740838685304118,0.9066371681415929,0.9016413373860183,0.8351334827797025,0.9389723979852977,15791.658,10,2026-09-23T13:49:33.712085+00:00
Falcon3-7B-Base,belief_bank_facts,hidden,11,27416,belief_bank_facts,64,10546,8225,5273,5273,2260,5965,41.3192,3073,0.7766880422482082,0.9110619469026549,0.9035866261398177,0.8385257585013236,0.9472070114013159,15833.891,10,2026-09-23T13:49:33.712085+00:00
Falcon3-7B-Base,belief_bank_facts,hidden,11,27416,belief_bank_facts,67,10546,8225,5273,5273,2260,5965,41.5181,3073,0.7679231337767923,0.9194690265486726,0.9015197568389057,0.8368908578332662,0.9459725240896378,15876.324,10,2026-09-23T13:49:33.712085+00:00
Falcon3-7B-Base,belief_bank_facts,hidden,11,27416,belief_bank_facts,104,10546,8225,5273,5273,2260,5965,44.7325,3073,0.7779030439684329,0.915929203539823,0.9050455927051672,0.8412924202397887,0.9461659088043083,15921.978,10,2026-09-23T13:49:33.712085+00:00
Falcon3-7B-Base,belief_bank_facts,hidden,11,27416,belief_bank_facts,123,10546,8225,5273,5273,2260,5965,42.6519,3073,0.7745061498322773,0.9194690265486726,0.9043161094224924,0.8407849484118957,0.9474782099118011,15965.538,10,2026-09-23T13:49:33.712085+00:00
Falcon3-7B-Base,belief_bank_facts,hidden,11,27416,belief_bank_facts,420,10546,8225,5273,5273,2260,5965,42.7989,3073,0.7567368032484312,0.9070796460176991,0.8943465045592706,0.8251157174481787,0.9454078362720592,16009.284,10,2026-09-23T13:49:33.712085+00:00
Falcon3-7B-Base,belief_bank_facts,hidden,11,27416,belief_bank_facts,511,10546,8225,5273,5273,2260,5965,41.1133,3073,0.7610846463906192,0.9190265486725664,0.8984802431610942,0.8326317899378634,0.9447743103205276,16051.323,10,2026-09-23T13:49:33.712085+00:00
Falcon3-7B-Base,belief_bank_facts,hidden,11,27416,belief_bank_facts,mean,0,0,0,0,0,0,42.957,3073.0,0.7701966248147748,0.9162389380530973,0.9018480243161096,0.8368747310125532,0.9459948964831725,37739.656,10,2026-09-23T13:49:33.712085+00:00
Falcon3-7B-Base,belief_bank_facts,hidden,11,27416,belief_bank_facts,std,0,0,0,0,0,0,1.4743293750041062,0.0,0.00647053497341832,0.005916807806031658,0.003157842611013348,0.004888467188661143,0.0029778792550220782,37739.656,10,2026-09-23T13:49:33.712085+00:00
Falcon3-7B-Base,belief_bank_facts,hidden,11,27416,belief_bank_constraints,2,10546,25610,5273,5273,12021,13589,43.7869,3073,0.4524370143630798,0.3196905415522835,0.4990628660679422,0.3746526931513527,0.4933316404389554,16096.613,10,2026-09-23T13:49:33.712085+00:00
Falcon3-7B-Base,belief_bank_facts,hidden,11,27416,belief_bank_constraints,4,10546,25610,5273,5273,12021,13589,41.5581,3073,0.44522490882074833,0.2741868396971966,0.49894572432643497,0.3393739703459638,0.49387833868305464,16139.681,10,2026-09-23T13:49:33.712085+00:00
Falcon3-7B-Base,belief_bank_facts,hidden,11,27416,belief_bank_constraints,24,10546,25610,5273,5273,12021,13589,43.4268,3073,0.44190453630226223,0.3103735130188836,0.49230769230769234,0.36464034401876466,0.4964387235870232,16184.674,10,2026-09-23T13:49:33.712085+00:00
Falcon3-7B-Base,belief_bank_facts,hidden,11,27416,belief_bank_constraints,42,10546,25610,5273,5273,12021,13589,44.8995,3073,0.44531980237681934,0.277431162132934,0.4986333463490824,0.3418759610456176,0.49318239037971723,16231.125,10,2026-09-23T13:49:33.712085+00:00
Falcon3-7B-Base,belief_bank_facts,hidden,11,27416,belief_bank_constraints,64,10546,25610,5273,5273,12021,13589,42.2727,3073,0.4677888108500848,0.3213542966475335,0.5098399062866068,0.3809852556832191,0.5120055773076831,16274.903,10,2026-09-23T13:49:33.712085+00:00
Falcon3-7B-Base,belief_bank_facts,hidden,11,27416,belief_bank_constraints,67,10546,25610,5273,5273,12021,13589,42.1919,3073,0.45728987993138936,0.33266783129523336,0.5014447481452557,0.38514880092458825,0.4931152628997814,16318.624,10,2026-09-23T13:49:33.712085+00:00
Falcon3-7B-Base,belief_bank_facts,hidden,11,27416,belief_bank_constraints,104,10546,25610,5273,5273,12021,13589,41.8364,3073,0.44378004455387504,0.3148656517760586,0.4931667317454119,0.3683698296836983,0.49772161417742167,16362.022,10,2026-09-23T13:49:33.712085+00:00
Falcon3-7B-Base,belief_bank_facts,hidden,11,27416,belief_bank_constraints,123,10546,25610,5273,5273,12021,13589,43.0343,3073,0.45726799242424243,0.3213542966475335,0.5024209293244827,0.3774488250525184,0.5063942482875881,16406.6,10,2026-09-23T13:49:33.712085+00:00
Falcon3-7B-Base,belief_bank_facts,hidden,11,27416,belief_bank_constraints,420,10546,25610,5273,5273,12021,13589,40.0695,3073,0.4588051542366263,0.2932368355378088,0.5058961343225302,0.357795371498173,0.5018020075239464,16448.245,10,2026-09-23T13:49:33.712085+00:00
Falcon3-7B-Base,belief_bank_facts,hidden,11,27416,belief_bank_constraints,511,10546,25610,5273,5273,12021,13589,41.3111,3073,0.4470244716351502,0.26744863156143417,0.5008590394377196,0.33466923437256024,0.5023859991525489,16491.123,10,2026-09-23T13:49:33.712085+00:00
Falcon3-7B-Base,belief_bank_facts,hidden,11,27416,belief_bank_constraints,mean,0,0,0,0,0,0,42.43872,3073.0,0.4516842615494278,0.30326095998669,0.5002577118313158,0.3624960285776456,0.499025580243772,37739.656,10,2026-09-23T13:49:33.712085+00:00
Falcon3-7B-Base,belief_bank_facts,hidden,11,27416,belief_bank_constraints,std,0,0,0,0,0,0,1.3158852205264724,0.0,0.007970534223414564,0.022068482144823296,0.0049933231282161894,0.01738307588630566,0.00614947539346031,37739.656,10,2026-09-23T13:49:33.712085+00:00
Falcon3-7B-Base,belief_bank_facts,hidden,11,27416,halu_eval,2,10546,10000,5273,5273,3259,6741,46.1274,3073,0.3225737034646008,0.4599570420374348,0.5092,0.3792056665823425,0.49039024177748575,16538.207,10,2026-09-23T13:49:33.712085+00:00
Falcon3-7B-Base,belief_bank_facts,hidden,11,27416,halu_eval,4,10546,10000,5273,5273,3259,6741,43.2681,3073,0.3215228873239437,0.4482970236268794,0.5119,0.3744713571703191,0.49420051118582575,16582.444,10,2026-09-23T13:49:33.712085+00:00
Falcon3-7B-Base,belief_bank_facts,hidden,11,27416,halu_eval,24,10546,10000,5273,5273,3259,6741,44.9199,3073,0.32306711979609176,0.46670757901196686,0.5075,0.38182502824149617,0.49471095960615996,16628.31,10,2026-09-23T13:49:33.712085+00:00
Falcon3-7B-Base,belief_bank_facts,hidden,11,27416,halu_eval,42,10546,10000,5273,5273,3259,6741,43.4849,3073,0.31987438313144906,0.4375575329855784,0.5135,0.36957366852403783,0.49182617952207847,16672.737,10,2026-09-23T13:49:33.712085+00:00
Falcon3-7B-Base,belief_bank_facts,hidden,11,27416,halu_eval,64,10546,10000,5273,5273,3259,6741,42.2277,3073,0.32179181995239126,0.4562749309604173,0.5094,0.3774111675126904,0.4944599914087716,16715.922,10,2026-09-23T13:49:33.712085+00:00
Falcon3-7B-Base,belief_bank_facts,hidden,11,27416,halu_eval,67,10546,10000,5273,5273,3259,6741,41.4626,3073,0.3164240218380346,0.4268180423442774,0.5127,0.3634225996080993,0.48873538110819204,16758.304,10,2026-09-23T13:49:33.712085+00:00
Falcon3-7B-Base,belief_bank_facts,hidden,11,27416,halu_eval,104,10546,10000,5273,5273,3259,6741,41.403,3073,0.3163856691253952,0.3685179502915005,0.5347,0.3404677533664068,0.4910072043144226,16800.634,10,2026-09-23T13:49:33.712085+00:00
Falcon3-7B-Base,belief_bank_facts,hidden,11,27416,halu_eval,123,10546,10000,5273,5273,3259,6741,43.0035,3073,0.31877729257641924,0.49278919914084074,0.4915,0.387127877546101,0.49432484593347537,16844.572,10,2026-09-23T13:49:33.712085+00:00
Falcon3-7B-Base,belief_bank_facts,hidden,11,27416,halu_eval,420,10546,10000,5273,5273,3259,6741,42.8653,3073,0.3211120064464142,0.48910708806382325,0.4965,0.3876930560622644,0.49366336595806104,16888.374,10,2026-09-23T13:49:33.712085+00:00
Falcon3-7B-Base,belief_bank_facts,hidden,11,27416,halu_eval,511,10546,10000,5273,5273,3259,6741,42.0298,3073,0.3183120604324043,0.37496164467628107,0.5346,0.3443223443223443,0.49226693857808845,16931.356,10,2026-09-23T13:49:33.712085+00:00
Falcon3-7B-Base,belief_bank_facts,hidden,11,27416,halu_eval,mean,0,0,0,0,0,0,43.07922000000001,3073.0,0.3199840964087144,0.44209880331389995,0.5121500000000001,0.3705520518936102,0.4925585619392562,37739.656,10,2026-09-23T13:49:33.712085+00:00
Falcon3-7B-Base,belief_bank_facts,hidden,11,27416,halu_eval,std,0,0,0,0,0,0,1.4205912056605168,0.0,0.002302302054821983,0.04014828628899036,0.01312983244371381,0.015741011355303158,0.0019398726968902602,37739.656,10,2026-09-23T13:49:33.712085+00:00
Falcon3-7B-Base,belief_bank_facts,hidden,12,27416,belief_bank_facts,2,10546,8225,5273,5273,2260,5965,38.4488,3073,0.7699082568807339,0.9283185840707965,0.9040729483282675,0.8417251755265798,0.9504711109792372,16971.422,10,2026-09-23T13:49:33.712085+00:00
Falcon3-7B-Base,belief_bank_facts,hidden,12,27416,belief_bank_facts,4,10546,8225,5273,5273,2260,5965,42.2451,3073,0.7655731662366384,0.9190265486725664,0.9004255319148936,0.8353106776593605,0.9430410432537886,17014.598,10,2026-09-23T13:49:33.712085+00:00
Falcon3-7B-Base,belief_bank_facts,hidden,12,27416,belief_bank_facts,24,10546,8225,5273,5273,2260,5965,40.7324,3073,0.7791134485349361,0.9176991150442478,0.9058966565349544,0.8427468508736287,0.9485016579011789,17056.285,10,2026-09-23T13:49:33.712085+00:00
Falcon3-7B-Base,belief_bank_facts,hidden,12,27416,belief_bank_facts,42,10546,8225,5273,5273,2260,5965,39.1749,3073,0.7839080459770115,0.9053097345132743,0.9054103343465045,0.8402464065708419,0.9418760616872761,17096.409,10,2026-09-23T13:49:33.712085+00:00
Falcon3-7B-Base,belief_bank_facts,hidden,12,27416,belief_bank_facts,64,10546,8225,5273,5273,2260,5965,41.2225,3073,0.7830508474576271,0.9199115044247788,0.9079635258358663,0.8459816887080366,0.9459823157207604,17138.556,10,2026-09-23T13:49:33.712085+00:00
Falcon3-7B-Base,belief_bank_facts,hidden,12,27416,belief_bank_facts,67,10546,8225,5273,5273,2260,5965,41.9649,3073,0.7734663710273466,0.9261061946902654,0.9051671732522797,0.8429319371727748,0.9487218212433888,17181.447,10,2026-09-23T13:49:33.712085+00:00
Falcon3-7B-Base,belief_bank_facts,hidden,12,27416,belief_bank_facts,104,10546,8225,5273,5273,2260,5965,42.8248,3073,0.7750565184626979,0.9101769911504425,0.9027355623100304,0.8371998371998371,0.945710783404669,17225.198,10,2026-09-23T13:49:33.712085+00:00
Falcon3-7B-Base,belief_bank_facts,hidden,12,27416,belief_bank_facts,123,10546,8225,5273,5273,2260,5965,42.1988,3073,0.774888558692422,0.9230088495575222,0.9051671732522797,0.8424878836833603,0.9477596451275508,17268.32,10,2026-09-23T13:49:33.712085+00:00
Falcon3-7B-Base,belief_bank_facts,hidden,12,27416,belief_bank_facts,420,10546,8225,5273,5273,2260,5965,40.1642,3073,0.771278590176228,0.9101769911504425,0.9011550151975684,0.8349908666531358,0.9477916904657702,17309.435,10,2026-09-23T13:49:33.712085+00:00
Falcon3-7B-Base,belief_bank_facts,hidden,12,27416,belief_bank_facts,511,10546,8225,5273,5273,2260,5965,42.5017,3073,0.773591943304737,0.9176991150442478,0.9035866261398177,0.8395061728395061,0.9441512436113316,17352.854,10,2026-09-23T13:49:33.712085+00:00
Falcon3-7B-Base,belief_bank_facts,hidden,12,27416,belief_bank_facts,mean,0,0,0,0,0,0,41.14781000000001,3073.0,0.7749835746750378,0.9177433628318583,0.9041580547112462,0.8403127496887063,0.9464007373394951,37739.656,10,2026-09-23T13:49:33.712085+00:00
Falcon3-7B-Base,belief_bank_facts,hidden,12,27416,belief_bank_facts,std,0,0,0,0,0,0,1.4122406497831739,0.0,0.0054228901676754366,0.006963792106403943,0.0021544470894525143,0.003396120894779606,0.0026004266854120035,37739.656,10,2026-09-23T13:49:33.712085+00:00
Falcon3-7B-Base,belief_bank_facts,hidden,12,27416,belief_bank_constraints,2,10546,25610,5273,5273,12021,13589,40.6049,3073,0.4702130083152979,0.3433990516595957,0.5101913315111285,0.39692307692307693,0.5142068572825088,17395.019,10,2026-09-23T13:49:33.712085+00:00
Falcon3-7B-Base,belief_bank_facts,hidden,12,27416,belief_bank_constraints,4,10546,25610,5273,5273,12021,13589,42.2687,3073,0.4783373950717574,0.29390233757590883,0.5181179226864506,0.36409542948420676,0.5149847720618483,17438.818,10,2026-09-23T13:49:33.712085+00:00
Falcon3-7B-Base,belief_bank_facts,hidden,12,27416,belief_bank_constraints,24,10546,25610,5273,5273,12021,13589,43.4773,3073,0.467395094734395,0.3344979619000083,0.5087075361187037,0.38993405740884407,0.515874922053184,17483.804,10,2026-09-23T13:49:33.712085+00:00
Falcon3-7B-Base,belief_bank_facts,hidden,12,27416,belief_bank_constraints,42,10546,25610,5273,5273,12021,13589,39.2641,3073,0.47555555555555556,0.33824141086432075,0.5142912924638813,0.39531379125954014,0.5144053502808381,17524.618,10,2026-09-23T13:49:33.712085+00:00
Falcon3-7B-Base,belief_bank_facts,hidden,12,27416,belief_bank_constraints,64,10546,25610,5273,5273,12021,13589,40.3808,3073,0.4769458128078818,0.4027119208052575,0.5123389301054275,0.43669658562987684,0.5236915468820236,17566.558,10,2026-09-23T13:49:33.712085+00:00
Falcon3-7B-Base,belief_bank_facts,hidden,12,27416,belief_bank_constraints,67,10546,25610,5273,5273,12021,13589,40.308,3073,0.47284644194756553,0.3780883453955578,0.5102303787582976,0.4201913742892803,0.5176895647618998,17608.399,10,2026-09-23T13:49:33.712085+00:00
Falcon3-7B-Base,belief_bank_facts,hidden,12,27416,belief_bank_constraints,104,10546,25610,5273,5273,12021,13589,41.3625,3073,0.477879555642175,0.4079527493552949,0.5128855915657946,0.4401561728672082,0.5230963923370322,17651.277,10,2026-09-23T13:49:33.712085+00:00
Falcon3-7B-Base,belief_bank_facts,hidden,12,27416,belief_bank_constraints,123,10546,25610,5273,5273,12021,13589,39.9028,3073,0.467833491012299,0.3290907578404459,0.5093713393205779,0.38638472432485227,0.5165319669654319,17692.712,10,2026-09-23T13:49:33.712085+00:00
Falcon3-7B-Base,belief_bank_facts,hidden,12,27416,belief_bank_constraints,420,10546,25610,5273,5273,12021,13589,42.0491,3073,0.46836935166994104,0.2974794110306963,0.5117532213978915,0.36385836385836384,0.5121744596525585,17736.28,10,2026-09-23T13:49:33.712085+00:00
Falcon3-7B-Base,belief_bank_facts,hidden,12,27416,belief_bank_constraints,511,10546,25610,5273,5273,12021,13589,42.4999,3073,0.45952269536733736,0.3267615007070959,0.5035923467395549,0.38193397831688464,0.5109996813105213,17780.291,10,2026-09-23T13:49:33.712085+00:00
Falcon3-7B-Base,belief_bank_facts,hidden,12,27416,belief_bank_constraints,mean,0,0,0,0,0,0,41.21181,3073.0,0.4714898402124206,0.3452125447134182,0.5111479890667707,0.3975487554362134,0.5163655513587846,37739.656,10,2026-09-23T13:49:33.712085+00:00
Falcon3-7B-Base,belief_bank_facts,hidden,12,27416,belief_bank_constraints,std,0,0,0,0,0,0,1.2655145431404573,0.0,0.005661904728004458,0.037418658438776675,0.0036224503907163613,0.025586377897464953,0.0039719335890077275,37739.656,10,2026-09-23T13:49:33.712085+00:00
Falcon3-7B-Base,belief_bank_facts,hidden,12,27416,halu_eval,2,10546,10000,5273,5273,3259,6741,41.5399,3073,0.3255655491959662,0.733046946916232,0.4181,0.4508823251863735,0.49905500584712426,17822.773,10,2026-09-23T13:49:33.712085+00:00
Falcon3-7B-Base,belief_bank_facts,hidden,12,27416,halu_eval,4,10546,10000,5273,5273,3259,6741,42.8403,3073,0.33013310058913375,0.4642528382939552,0.5184,0.38587095128793675,0.4991258559422064,17866.566,10,2026-09-23T13:49:33.712085+00:00
Falcon3-7B-Base,belief_bank_facts,hidden,12,27416,halu_eval,24,10546,10000,5273,5273,3259,6741,41.1346,3073,0.32940494590417313,0.523166615526235,0.4975,0.4042679312388856,0.5046562828148258,17908.633,10,2026-09-23T13:49:33.712085+00:00
Falcon3-7B-Base,belief_bank_facts,hidden,12,27416,halu_eval,42,10546,10000,5273,5273,3259,6741,40.6218,3073,0.3235487404162103,0.4532065050629027,0.513,0.37755623721881393,0.4949264003385874,17950.192,10,2026-09-23T13:49:33.712085+00:00
Falcon3-7B-Base,belief_bank_facts,hidden,12,27416,halu_eval,64,10546,10000,5273,5273,3259,6741,39.6272,3073,0.32298282756998353,0.42129487572875113,0.5236,0.3656458055925433,0.4975872731835372,17990.739,10,2026-09-23T13:49:33.712085+00:00
Falcon3-7B-Base,belief_bank_facts,hidden,12,27416,halu_eval,67,10546,10000,5273,5273,3259,6741,40.6563,3073,0.32592592592592595,0.418533292420988,0.5284,0.3664696399785062,0.49641871318292907,18032.32,10,2026-09-23T13:49:33.712085+00:00
Falcon3-7B-Base,belief_bank_facts,hidden,12,27416,halu_eval,104,10546,10000,5273,5273,3259,6741,41.7913,3073,0.32901854714064915,0.5225529303467321,0.4971,0.4037937166567872,0.49947773943724766,18075.044,10,2026-09-23T13:49:33.712085+00:00
Falcon3-7B-Base,belief_bank_facts,hidden,12,27416,halu_eval,123,10546,10000,5273,5273,3259,6741,42.421,3073,0.3237636599370254,0.5363608468855477,0.4838,0.4037884037884038,0.49948242787913233,18118.384,10,2026-09-23T13:49:33.712085+00:00
Falcon3-7B-Base,belief_bank_facts,hidden,12,27416,halu_eval,420,10546,10000,5273,5273,3259,6741,43.5247,3073,0.3260325406758448,0.4795949677815281,0.5073,0.38817831863901653,0.4999646773698788,18162.826,10,2026-09-23T13:49:33.712085+00:00
Falcon3-7B-Base,belief_bank_facts,hidden,12,27416,halu_eval,511,10546,10000,5273,5273,3259,6741,40.2146,3073,0.32633587786259544,0.6296409941699908,0.4557,0.4298732586152718,0.4988182395319497,18204.017,10,2026-09-23T13:49:33.712085+00:00
Falcon3-7B-Base,belief_bank_facts,hidden,12,27416,halu_eval,mean,0,0,0,0,0,0,41.437169999999995,3073.0,0.3262711715217507,0.5181650813132863,0.49429000000000006,0.39763265882025384,0.4989512615527419,37739.656,10,2026-09-23T13:49:33.712085+00:00
Falcon3-7B-Base,belief_bank_facts,hidden,12,27416,halu_eval,std,0,0,0,0,0,0,1.1647850394386086,0.0,0.002397369207883038,0.09322048062641433,0.032473880273228804,0.025729242997982547,0.0024221129225503618,37739.656,10,2026-09-23T13:49:33.712085+00:00
Falcon3-7B-Base,belief_bank_facts,hidden,13,27416,belief_bank_facts,2,10546,8225,5273,5273,2260,5965,40.5785,3073,0.7704194260485652,0.9265486725663716,0.903951367781155,0.8413017276014464,0.9471669547285418,18246.23,10,2026-09-23T13:49:33.712085+00:00
Falcon3-7B-Base,belief_bank_facts,hidden,13,27416,belief_bank_facts,4,10546,8225,5273,5273,2260,5965,41.8567,3073,0.7644444444444445,0.9132743362831859,0.8988449848024316,0.832258064516129,0.9422320468217996,18289.005,10,2026-09-23T13:49:33.712085+00:00
Falcon3-7B-Base,belief_bank_facts,hidden,13,27416,belief_bank_facts,24,10546,8225,5273,5273,2260,5965,39.0413,3073,0.7629134150873281,0.9084070796460177,0.8972644376899696,0.8293274086043224,0.9455485909694458,18328.967,10,2026-09-23T13:49:33.712085+00:00
Falcon3-7B-Base,belief_bank_facts,hidden,13,27416,belief_bank_facts,42,10546,8225,5273,5273,2260,5965,41.1249,3073,0.7834493426140758,0.8964601769911504,0.9034650455927051,0.8361535286834503,0.9363783575280582,18371.013,10,2026-09-23T13:49:33.712085+00:00
Falcon3-7B-Base,belief_bank_facts,hidden,13,27416,belief_bank_facts,64,10546,8225,5273,5273,2260,5965,38.9355,3073,0.7751501501501501,0.9137168141592921,0.9034650455927051,0.838748984565394,0.9467574494284506,18410.874,10,2026-09-23T13:49:33.712085+00:00
Falcon3-7B-Base,belief_bank_facts,hidden,13,27416,belief_bank_facts,67,10546,8225,5273,5273,2260,5965,42.2904,3073,0.7509051412020276,0.9176991150442478,0.8937386018237082,0.8259657506969335,0.941105860884659,18454.072,10,2026-09-23T13:49:33.712085+00:00
Falcon3-7B-Base,belief_bank_facts,hidden,13,27416,belief_bank_facts,104,10546,8225,5273,5273,2260,5965,39.7209,3073,0.7676615035889687,0.8991150442477877,0.8975075987841945,0.828204605665376,0.938067488075722,18494.715,10,2026-09-23T13:49:33.712085+00:00
Falcon3-7B-Base,belief_bank_facts,hidden,13,27416,belief_bank_facts,123,10546,8225,5273,5273,2260,5965,38.8604,3073,0.765752409191994,0.9141592920353983,0.8995744680851064,0.8334005647438483,0.9414479745417591,18534.515,10,2026-09-23T13:49:33.712085+00:00
Falcon3-7B-Base,belief_bank_facts,hidden,13,27416,belief_bank_facts,420,10546,8225,5273,5273,2260,5965,39.9601,3073,0.7700934579439253,0.911504424778761,0.9009118541033435,0.8348530901722391,0.9474441246504313,18575.392,10,2026-09-23T13:49:33.712085+00:00
Falcon3-7B-Base,belief_bank_facts,hidden,13,27416,belief_bank_facts,511,10546,8225,5273,5273,2260,5965,41.8013,3073,0.7579992644354542,0.9119469026548672,0.8958054711246201,0.8278770837517574,0.9388617599715153,18618.132,10,2026-09-23T13:49:33.712085+00:00
Falcon3-7B-Base,belief_bank_facts,hidden,13,27416,belief_bank_facts,mean,0,0,0,0,0,0,40.416999999999994,3073.0,0.7668788554706933,0.9112831858407079,0.8994528875379938,0.8328090809000896,0.9425010607600385,37739.656,10,2026-09-23T13:49:33.712085+00:00
Falcon3-7B-Base,belief_bank_facts,hidden,13,27416,belief_bank_facts,std,0,0,0,0,0,0,1.2340811934390696,0.0,0.00850531508637906,0.008178662243525172,0.003308688997235041,0.004773921647063689,0.003835690884852142,37739.656,10,2026-09-23T13:49:33.712085+00:00
Falcon3-7B-Base,belief_bank_facts,hidden,13,27416,belief_bank_constraints,2,10546,25610,5273,5273,12021,13589,40.0745,3073,0.4730278422273782,0.4070376840529074,0.5088246778602109,0.4375586854460094,0.508082278976444,18659.731,10,2026-09-23T13:49:33.712085+00:00
Falcon3-7B-Base,belief_bank_facts,hidden,13,27416,belief_bank_constraints,4,10546,25610,5273,5273,12021,13589,41.5481,3073,0.4594706798131811,0.3682721903335829,0.5001171417415072,0.4088474325821943,0.49693488721374335,18702.786,10,2026-09-23T13:49:33.712085+00:00
Falcon3-7B-Base,belief_bank_facts,hidden,13,27416,belief_bank_constraints,24,10546,25610,5273,5273,12021,13589,41.5204,3073,0.45861161708156245,0.3770069045836453,0.4986723935962515,0.4138245902387801,0.4992416195591288,18745.818,10,2026-09-23T13:49:33.712085+00:00
Falcon3-7B-Base,belief_bank_facts,hidden,13,27416,belief_bank_constraints,42,10546,25610,5273,5273,12021,13589,39.8473,3073,0.462989396411093,0.3777555943765078,0.5022647403358064,0.41605204086307207,0.49605413402891,18787.172,10,2026-09-23T13:49:33.712085+00:00
Falcon3-7B-Base,belief_bank_facts,hidden,13,27416,belief_bank_constraints,64,10546,25610,5273,5273,12021,13589,37.7493,3073,0.47403629065975417,0.4715913817486066,0.5063647012885591,0.47281067556296913,0.5061960644350102,18826.428,10,2026-09-23T13:49:33.712085+00:00
Falcon3-7B-Base,belief_bank_facts,hidden,13,27416,belief_bank_constraints,67,10546,25610,5273,5273,12021,13589,38.8433,3073,0.45433326567891213,0.37243157807170785,0.49547051932838737,0.4093257142857143,0.48313753480039945,18866.765,10,2026-09-23T13:49:33.712085+00:00
Falcon3-7B-Base,belief_bank_facts,hidden,13,27416,belief_bank_constraints,104,10546,25610,5273,5273,12021,13589,40.6218,3073,0.46738317757009346,0.4160219615672573,0.5033580632565404,0.44020949782139873,0.49874443054798584,18908.884,10,2026-09-23T13:49:33.712085+00:00
Falcon3-7B-Base,belief_bank_facts,hidden,13,27416,belief_bank_constraints,123,10546,25610,5273,5273,12021,13589,39.4083,3073,0.4728975897273971,0.3737625821479078,0.5105037094884811,0.417526252207044,0.5107923975537964,18949.799,10,2026-09-23T13:49:33.712085+00:00
Falcon3-7B-Base,belief_bank_facts,hidden,13,27416,belief_bank_constraints,420,10546,25610,5273,5273,12021,13589,36.4781,3073,0.45498105638511255,0.3396556026952833,0.4990628660679422,0.388949749940462,0.4937289172162712,18987.8,10,2026-09-23T13:49:33.712085+00:00
Falcon3-7B-Base,belief_bank_facts,hidden,13,27416,belief_bank_constraints,511,10546,25610,5273,5273,12021,13589,40.1414,3073,0.4588473400154202,0.39605690042425756,0.49726669269816476,0.4251462249408403,0.5025621938657414,19029.45,10,2026-09-23T13:49:33.712085+00:00
Falcon3-7B-Base,belief_bank_facts,hidden,13,27416,belief_bank_constraints,mean,0,0,0,0,0,0,39.62325,3073.0,0.4636578255569904,0.3899592380001664,0.502190550566185,0.4230250863888484,0.4995474458197431,37739.656,10,2026-09-23T13:49:33.712085+00:00
Falcon3-7B-Base,belief_bank_facts,hidden,13,27416,belief_bank_constraints,std,0,0,0,0,0,0,1.512673618630272,0.0,0.007235875608016848,0.03399846085146311,0.004772572048268917,0.021686287151635005,0.007586123249225159,37739.656,10,2026-09-23T13:49:33.712085+00:00
Falcon3-7B-Base,belief_bank_facts,hidden,13,27416,halu_eval,2,10546,10000,5273,5273,3259,6741,41.4893,3073,0.3233299423533401,0.5851488186560294,0.4657,0.4165119580648684,0.4936419038187541,19071.871,10,2026-09-23T13:49:33.712085+00:00
Falcon3-7B-Base,belief_bank_facts,hidden,13,27416,halu_eval,4,10546,10000,5273,5273,3259,6741,42.2582,3073,0.32644628099173556,0.4605707272169377,0.5145,0.3820796741758941,0.4946227895874167,19115.063,10,2026-09-23T13:49:33.712085+00:00
Falcon3-7B-Base,belief_bank_facts,hidden,13,27416,halu_eval,24,10546,10000,5273,5273,3259,6741,39.9194,3073,0.3215130023640662,0.45903651426818043,0.508,0.378159757330637,0.49411982901844187,19155.933,10,2026-09-23T13:49:33.712085+00:00
Falcon3-7B-Base,belief_bank_facts,hidden,13,27416,halu_eval,42,10546,10000,5273,5273,3259,6741,38.6046,3073,0.3190050185468034,0.44860386621663084,0.5082,0.372864065289467,0.48897692690295774,19195.485,10,2026-09-23T13:49:33.712085+00:00
Falcon3-7B-Base,belief_bank_facts,hidden,13,27416,halu_eval,64,10546,10000,5273,5273,3259,6741,40.2275,3073,0.3226092744619481,0.4461491254986192,0.5142,0.3744527427246974,0.4919262072020931,19236.673,10,2026-09-23T13:49:33.712085+00:00
Falcon3-7B-Base,belief_bank_facts,hidden,13,27416,halu_eval,67,10546,10000,5273,5273,3259,6741,39.6863,3073,0.3241730279898219,0.39091745934335687,0.5359,0.35443037974683544,0.49686577660011405,19277.286,10,2026-09-23T13:49:33.712085+00:00
Falcon3-7B-Base,belief_bank_facts,hidden,13,27416,halu_eval,104,10546,10000,5273,5273,3259,6741,38.7714,3073,0.32496754651665943,0.46087756980668915,0.5123,0.38116990229666287,0.4936255397910112,19316.996,10,2026-09-23T13:49:33.712085+00:00
Falcon3-7B-Base,belief_bank_facts,hidden,13,27416,halu_eval,123,10546,10000,5273,5273,3259,6741,40.4628,3073,0.3230466185160867,0.4528996624731513,0.5124,0.3771078180889116,0.4958886461368445,19358.385,10,2026-09-23T13:49:33.712085+00:00
Falcon3-7B-Base,belief_bank_facts,hidden,13,27416,halu_eval,420,10546,10000,5273,5273,3259,6741,39.31,3073,0.32023705004389813,0.4476833384473765,0.5103,0.37338451695457453,0.49548093376829333,19398.618,10,2026-09-23T13:49:33.712085+00:00
Falcon3-7B-Base,belief_bank_facts,hidden,13,27416,halu_eval,511,10546,10000,5273,5273,3259,6741,39.183,3073,0.32402982221372584,0.5200981896287205,0.49,0.3992932862190813,0.49328628777774636,19438.769,10,2026-09-23T13:49:33.712085+00:00
Falcon3-7B-Base,belief_bank_facts,hidden,13,27416,halu_eval,mean,0,0,0,0,0,0,39.99125,3073.0,0.32293575839980854,0.4671985271555692,0.50715,0.38094541008916294,0.49384348406036727,37739.656,10,2026-09-23T13:49:33.712085+00:00
Falcon3-7B-Base,belief_bank_facts,hidden,13,27416,halu_eval,std,0,0,0,0,0,0,1.1085011666660534,0.0,0.002102664583886125,0.04904496548746583,0.01734458128638452,0.015789631474903146,0.0021080748661878204,37739.656,10,2026-09-23T13:49:33.712085+00:00
Falcon3-7B-Base,belief_bank_facts,hidden,14,27416,belief_bank_facts,2,10546,8225,5273,5273,2260,5965,39.0025,3073,0.7669616519174042,0.9203539823008849,0.9012765957446809,0.8366854384553499,0.9454307575903687,19479.305,10,2026-09-23T13:49:33.712085+00:00
Falcon3-7B-Base,belief_bank_facts,hidden,14,27416,belief_bank_facts,4,10546,8225,5273,5273,2260,5965,40.5359,3073,0.7681481481481481,0.9176991150442478,0.9012765957446809,0.8362903225806452,0.9433629802164544,19520.764,10,2026-09-23T13:49:33.712085+00:00
Falcon3-7B-Base,belief_bank_facts,hidden,14,27416,belief_bank_facts,24,10546,8225,5273,5273,2260,5965,41.8587,3073,0.7645748236167843,0.9110619469026549,0.8984802431610942,0.8314153038562487,0.9436409290180923,19563.532,10,2026-09-23T13:49:33.712085+00:00
Falcon3-7B-Base,belief_bank_facts,hidden,14,27416,belief_bank_facts,42,10546,8225,5273,5273,2260,5965,39.4086,3073,0.7763857251328777,0.9048672566371682,0.9022492401215806,0.8357172047404986,0.938631285745017,19603.834,10,2026-09-23T13:49:33.712085+00:00
Falcon3-7B-Base,belief_bank_facts,hidden,14,27416,belief_bank_facts,64,10546,8225,5273,5273,2260,5965,37.2387,3073,0.7712053571428571,0.9172566371681415,0.9024924012158054,0.8379143088116411,0.9470071731115876,19641.972,10,2026-09-23T13:49:33.712085+00:00
Falcon3-7B-Base,belief_bank_facts,hidden,14,27416,belief_bank_facts,67,10546,8225,5273,5273,2260,5965,41.8814,3073,0.7606774668630338,0.9141592920353983,0.8973860182370821,0.8303858520900321,0.9433855677291576,19684.774,10,2026-09-23T13:49:33.712085+00:00
Falcon3-7B-Base,belief_bank_facts,hidden,14,27416,belief_bank_facts,104,10546,8225,5273,5273,2260,5965,41.4872,3073,0.7572958995197636,0.9070796460176991,0.8945896656534954,0.8254479565129857,0.9385266562321506,19727.161,10,2026-09-23T13:49:33.712085+00:00
Falcon3-7B-Base,belief_bank_facts,hidden,14,27416,belief_bank_facts,123,10546,8225,5273,5273,2260,5965,41.6425,3073,0.7665427509293681,0.9123893805309734,0.8995744680851064,0.8331313131313132,0.9421442930368151,19769.708,10,2026-09-23T13:49:33.712085+00:00
Falcon3-7B-Base,belief_bank_facts,hidden,14,27416,belief_bank_facts,420,10546,8225,5273,5273,2260,5965,41.1623,3073,0.7598237238340066,0.9154867256637168,0.8972644376899696,0.8304234396949629,0.9418139738444763,19811.776,10,2026-09-23T13:49:33.712085+00:00
Falcon3-7B-Base,belief_bank_facts,hidden,14,27416,belief_bank_facts,511,10546,8225,5273,5273,2260,5965,40.4576,3073,0.7622613253463122,0.9008849557522124,0.8955623100303951,0.8257959845873049,0.9391404505633897,19853.13,10,2026-09-23T13:49:33.712085+00:00
Falcon3-7B-Base,belief_bank_facts,hidden,14,27416,belief_bank_facts,mean,0,0,0,0,0,0,40.46754,3073.0,0.7653876872450557,0.9121238938053098,0.899015197568389,0.8323207124460982,0.9423084067087508,37739.656,10,2026-09-23T13:49:33.712085+00:00
Falcon3-7B-Base,belief_bank_facts,hidden,14,27416,belief_bank_facts,std,0,0,0,0,0,0,1.4330084083493715,0.0,0.005434055402752624,0.005884123968098863,0.002657140006076127,0.004198334579154448,0.0027203987967026606,37739.656,10,2026-09-23T13:49:33.712085+00:00
Falcon3-7B-Base,belief_bank_facts,hidden,14,27416,belief_bank_constraints,2,10546,25610,5273,5273,12021,13589,41.7864,3073,0.4573777585460839,0.3517178271358456,0.4998438110113237,0.3976487185516106,0.48988905456856535,19896.409,10,2026-09-23T13:49:33.712085+00:00
Falcon3-7B-Base,belief_bank_facts,hidden,14,27416,belief_bank_constraints,4,10546,25610,5273,5273,12021,13589,41.0411,3073,0.44088311106130224,0.3272606272356709,0.4894181960171808,0.37566844919786097,0.47720717042572897,19938.953,10,2026-09-23T13:49:33.712085+00:00
Falcon3-7B-Base,belief_bank_facts,hidden,14,27416,belief_bank_constraints,24,10546,25610,5273,5273,12021,13589,39.8692,3073,0.4594541139240506,0.3864903086265702,0.49859429910191333,0.4198255997831293,0.5012049889218997,19980.333,10,2026-09-23T13:49:33.712085+00:00
Falcon3-7B-Base,belief_bank_facts,hidden,14,27416,belief_bank_constraints,42,10546,25610,5273,5273,12021,13589,40.3322,3073,0.45460103943748087,0.3711005739955079,0.495821944552909,0.40862874416048367,0.4858506805574362,20022.19,10,2026-09-23T13:49:33.712085+00:00
Falcon3-7B-Base,belief_bank_facts,hidden,14,27416,belief_bank_constraints,64,10546,25610,5273,5273,12021,13589,40.4006,3073,0.47250092902266816,0.4230929207220697,0.5074970714564623,0.4464340574939653,0.5051105465721983,20064.09,10,2026-09-23T13:49:33.712085+00:00
Falcon3-7B-Base,belief_bank_facts,hidden,14,27416,belief_bank_constraints,67,10546,25610,5273,5273,12021,13589,40.7686,3073,0.46198647945917837,0.3695200066550204,0.502069504099961,0.4106119430578665,0.4917449146702325,20106.372,10,2026-09-23T13:49:33.712085+00:00
Falcon3-7B-Base,belief_bank_facts,hidden,14,27416,belief_bank_constraints,104,10546,25610,5273,5273,12021,13589,41.5872,3073,0.4663431757175305,0.37575908826220783,0.5051542366263179,0.4161791127286129,0.4949238757359207,20149.473,10,2026-09-23T13:49:33.712085+00:00
Falcon3-7B-Base,belief_bank_facts,hidden,14,27416,belief_bank_constraints,123,10546,25610,5273,5273,12021,13589,38.4398,3073,0.45790993689164616,0.35612677813825805,0.49988285825849277,0.40065512400561537,0.4987390128452141,20189.428,10,2026-09-23T13:49:33.712085+00:00
Falcon3-7B-Base,belief_bank_facts,hidden,14,27416,belief_bank_constraints,420,10546,25610,5273,5273,12021,13589,40.8814,3073,0.44541910331384016,0.26611762748523415,0.5,0.3331771077435817,0.49482650706763204,20231.821,10,2026-09-23T13:49:33.712085+00:00
Falcon3-7B-Base,belief_bank_facts,hidden,14,27416,belief_bank_constraints,511,10546,25610,5273,5273,12021,13589,43.0499,3073,0.4605301204819277,0.39747109225522004,0.4986333463490824,0.4266833363100554,0.5005916100818222,20276.378,10,2026-09-23T13:49:33.712085+00:00
Falcon3-7B-Base,belief_bank_facts,hidden,14,27416,belief_bank_constraints,mean,0,0,0,0,0,0,40.815639999999995,3073.0,0.45770057678557097,0.3624656850511604,0.4996915267473644,0.40355121930327814,0.49400883614466506,37739.656,10,2026-09-23T13:49:33.712085+00:00
Falcon3-7B-Base,belief_bank_facts,hidden,14,27416,belief_bank_constraints,std,0,0,0,0,0,0,1.163327285160974,0.0,0.008755638374555326,0.04056760356367969,0.004684187257371628,0.029406084760041307,0.007830679222912525,37739.656,10,2026-09-23T13:49:33.712085+00:00
Falcon3-7B-Base,belief_bank_facts,hidden,14,27416,halu_eval,2,10546,10000,5273,5273,3259,6741,38.4109,3073,0.3230048367593712,0.6557226142988647,0.4399,0.43281012658227846,0.49760058744811253,20315.736,10,2026-09-23T13:49:33.712085+00:00
Falcon3-7B-Base,belief_bank_facts,hidden,14,27416,halu_eval,4,10546,10000,5273,5273,3259,6741,44.1906,3073,0.3255740798993394,0.6351641607855171,0.4523,0.4304876780700842,0.4995103309361739,20360.879,10,2026-09-23T13:49:33.712085+00:00
Falcon3-7B-Base,belief_bank_facts,hidden,14,27416,halu_eval,24,10546,10000,5273,5273,3259,6741,41.2386,3073,0.3232263762143067,0.6738263270942006,0.4339,0.4368845120859445,0.49671501815815333,20403.065,10,2026-09-23T13:49:33.712085+00:00
Falcon3-7B-Base,belief_bank_facts,hidden,14,27416,halu_eval,42,10546,10000,5273,5273,3259,6741,41.2901,3073,0.3215592457078525,0.7011353175820804,0.4205,0.4409068982151471,0.4919204263077305,20445.3,10,2026-09-23T13:49:33.712085+00:00
Falcon3-7B-Base,belief_bank_facts,hidden,14,27416,halu_eval,64,10546,10000,5273,5273,3259,6741,40.3156,3073,0.32483962936564503,0.559374041116907,0.4775,0.4110021418103934,0.48935273055538153,20486.585,10,2026-09-23T13:49:33.712085+00:00
Falcon3-7B-Base,belief_bank_facts,hidden,14,27416,halu_eval,67,10546,10000,5273,5273,3259,6741,39.6252,3073,0.3228306655433867,0.5879104019637926,0.4638,0.41679356101805526,0.4915441674667743,20527.141,10,2026-09-23T13:49:33.712085+00:00
Falcon3-7B-Base,belief_bank_facts,hidden,14,27416,halu_eval,104,10546,10000,5273,5273,3259,6741,42.706,3073,0.3185201401050788,0.4464559680883707,0.5083,0.3717899578382522,0.49350272992494537,20570.793,10,2026-09-23T13:49:33.712085+00:00
Falcon3-7B-Base,belief_bank_facts,hidden,14,27416,halu_eval,123,10546,10000,5273,5273,3259,6741,40.7664,3073,0.3258333333333333,0.5998772629640994,0.4651,0.4222918241710768,0.4941770917358292,20612.493,10,2026-09-23T13:49:33.712085+00:00
Falcon3-7B-Base,belief_bank_facts,hidden,14,27416,halu_eval,420,10546,10000,5273,5273,3259,6741,39.1846,3073,0.3138390272148234,0.33261736729057995,0.5455,0.32295545955608523,0.4868209491782459,20652.6,10,2026-09-23T13:49:33.712085+00:00
Falcon3-7B-Base,belief_bank_facts,hidden,14,27416,halu_eval,511,10546,10000,5273,5273,3259,6741,42.1741,3073,0.32163131162234837,0.660632095734888,0.4353,0.4326333768712951,0.49680400751625514,20695.702,10,2026-09-23T13:49:33.712085+00:00
Falcon3-7B-Base,belief_bank_facts,hidden,14,27416,halu_eval,mean,0,0,0,0,0,0,40.990210000000005,3073.0,0.3220858645765486,0.5852715556919301,0.4642099999999999,0.41185555362186116,0.4937948039227601,37739.656,10,2026-09-23T13:49:33.712085+00:00
Falcon3-7B-Base,belief_bank_facts,hidden,14,27416,halu_eval,std,0,0,0,0,0,0,1.643811668926828,0.0,0.003430787915071237,0.10880858021731156,0.03623182164893175,0.03511538718995918,0.0037671072140611785,37739.656,10,2026-09-23T13:49:33.712085+00:00
Falcon3-7B-Base,belief_bank_facts,hidden,15,27416,belief_bank_facts,2,10546,8225,5273,5273,2260,5965,43.2009,3073,0.7536179450072359,0.9216814159292035,0.8956838905775076,0.82921974522293,0.9423225823201715,20740.572,10,2026-09-23T13:49:33.712085+00:00
Falcon3-7B-Base,belief_bank_facts,hidden,15,27416,belief_bank_facts,4,10546,8225,5273,5273,2260,5965,41.9793,3073,0.7439421338155515,0.9101769911504425,0.8892401215805471,0.8187064676616915,0.9377762241393378,20783.461,10,2026-09-23T13:49:33.712085+00:00
Falcon3-7B-Base,belief_bank_facts,hidden,15,27416,belief_bank_facts,24,10546,8225,5273,5273,2260,5965,40.8006,3073,0.75139146567718,0.8960176991150443,0.8899696048632219,0.8173562058526741,0.9331464887359153,20825.174,10,2026-09-23T13:49:33.712085+00:00
Falcon3-7B-Base,belief_bank_facts,hidden,15,27416,belief_bank_facts,42,10546,8225,5273,5273,2260,5965,43.0709,3073,0.7593080105302745,0.893362831858407,0.892887537993921,0.8208985566171986,0.9337064661854921,20869.17,10,2026-09-23T13:49:33.712085+00:00
Falcon3-7B-Base,belief_bank_facts,hidden,15,27416,belief_bank_facts,64,10546,8225,5273,5273,2260,5965,42.4523,3073,0.7488954344624448,0.9,0.8896048632218845,0.817524115755627,0.9350676883590858,20912.55,10,2026-09-23T13:49:33.712085+00:00
Falcon3-7B-Base,belief_bank_facts,hidden,15,27416,belief_bank_facts,67,10546,8225,5273,5273,2260,5965,38.485,3073,0.7568756875687569,0.9132743362831859,0.8955623100303951,0.8277521556045719,0.9368719076619514,20951.95,10,2026-09-23T13:49:33.712085+00:00
Falcon3-7B-Base,belief_bank_facts,hidden,15,27416,belief_bank_facts,104,10546,8225,5273,5273,2260,5965,41.7299,3073,0.7499080544317764,0.9022123893805309,0.8904559270516718,0.8190399678650332,0.9318608549874267,20994.583,10,2026-09-23T13:49:33.712085+00:00
Falcon3-7B-Base,belief_bank_facts,hidden,15,27416,belief_bank_facts,123,10546,8225,5273,5273,2260,5965,40.9353,3073,0.7580585402000741,0.9053097345132743,0.8945896656534954,0.8251663641863279,0.9352928216958807,21036.443,10,2026-09-23T13:49:33.712085+00:00
Falcon3-7B-Base,belief_bank_facts,hidden,15,27416,belief_bank_facts,420,10546,8225,5273,5273,2260,5965,42.1115,3073,0.7500912075884714,0.9097345132743363,0.8919148936170213,0.8222355528894221,0.9383052318465385,21079.477,10,2026-09-23T13:49:33.712085+00:00
Falcon3-7B-Base,belief_bank_facts,hidden,15,27416,belief_bank_facts,511,10546,8225,5273,5273,2260,5965,42.5764,3073,0.7538631346578366,0.9066371681415929,0.8930091185410335,0.823222177581358,0.9336759415172579,21122.954,10,2026-09-23T13:49:33.712085+00:00
Falcon3-7B-Base,belief_bank_facts,hidden,15,27416,belief_bank_facts,mean,0,0,0,0,0,0,41.73420999999999,3073.0,0.7525951613939602,0.9058407079646018,0.89229179331307,0.8221121309236835,0.9358026207449057,37739.656,10,2026-09-23T13:49:33.712085+00:00
Falcon3-7B-Base,belief_bank_facts,hidden,15,27416,belief_bank_facts,std,0,0,0,0,0,0,1.3203235523537402,0.0,0.004465307109952644,0.008003347251815505,0.0023192584835516525,0.003988508919234333,0.002934632001304895,37739.656,10,2026-09-23T13:49:33.712085+00:00
Falcon3-7B-Base,belief_bank_facts,hidden,15,27416,belief_bank_constraints,2,10546,25610,5273,5273,12021,13589,45.7195,3073,0.45384791571232247,0.3296730721237834,0.49914096056228036,0.38192068616585556,0.4908889972143764,21170.198,10,2026-09-23T13:49:33.712085+00:00
Falcon3-7B-Base,belief_bank_facts,hidden,15,27416,belief_bank_constraints,4,10546,25610,5273,5273,12021,13589,39.9916,3073,0.45086584602545376,0.3595374760835205,0.49383053494728624,0.40005553755727313,0.48650190373484126,21211.719,10,2026-09-23T13:49:33.712085+00:00
Falcon3-7B-Base,belief_bank_facts,hidden,15,27416,belief_bank_constraints,24,10546,25610,5273,5273,12021,13589,39.2642,3073,0.45076311938114155,0.3587055985358955,0.49383053494728624,0.3994996988928522,0.49464928697001653,21252.506,10,2026-09-23T13:49:33.712085+00:00
Falcon3-7B-Base,belief_bank_facts,hidden,15,27416,belief_bank_constraints,42,10546,25610,5273,5273,12021,13589,42.6885,3073,0.44973491027732465,0.3669411862573829,0.49211245607184695,0.4041412799486921,0.48225078235148,21296.746,10,2026-09-23T13:49:33.712085+00:00
Falcon3-7B-Base,belief_bank_facts,hidden,15,27416,belief_bank_constraints,64,10546,25610,5273,5273,12021,13589,40.5262,3073,0.4633654287024301,0.42034772481490723,0.4994142912924639,0.44080956119689435,0.4958445056618331,21338.793,10,2026-09-23T13:49:33.712085+00:00
Falcon3-7B-Base,belief_bank_facts,hidden,15,27416,belief_bank_constraints,67,10546,25610,5273,5273,12021,13589,40.5454,3073,0.4558991981672394,0.397304716745695,0.4945333853963296,0.4245899453260435,0.48964293475942944,21380.856,10,2026-09-23T13:49:33.712085+00:00
Falcon3-7B-Base,belief_bank_facts,hidden,15,27416,belief_bank_constraints,104,10546,25610,5273,5273,12021,13589,40.7955,3073,0.46073842953718147,0.36852175359787037,0.5011323701679031,0.409502680717323,0.4903304136935186,21423.205,10,2026-09-23T13:49:33.712085+00:00
Falcon3-7B-Base,belief_bank_facts,hidden,15,27416,belief_bank_constraints,123,10546,25610,5273,5273,12021,13589,42.0344,3073,0.44930875576036866,0.30821063139505867,0.49796954314720815,0.36561898652982683,0.49311101138048763,21466.776,10,2026-09-23T13:49:33.712085+00:00
Falcon3-7B-Base,belief_bank_facts,hidden,15,27416,belief_bank_constraints,420,10546,25610,5273,5273,12021,13589,44.2275,3073,0.44855305466237944,0.27851260294484653,0.5006247559547052,0.34364896073903,0.4946310137013459,21512.536,10,2026-09-23T13:49:33.712085+00:00
Falcon3-7B-Base,belief_bank_facts,hidden,15,27416,belief_bank_constraints,511,10546,25610,5273,5273,12021,13589,41.8231,3073,0.448318293683347,0.36369686382164546,0.4912534166341273,0.40159830983327977,0.4897242003010051,21555.916,10,2026-09-23T13:49:33.712085+00:00
Falcon3-7B-Base,belief_bank_facts,hidden,15,27416,belief_bank_constraints,mean,0,0,0,0,0,0,41.76159,3073.0,0.45313949519091884,0.35514516263206053,0.4963842249121437,0.3971385646907071,0.4907575049768334,37739.656,10,2026-09-23T13:49:33.712085+00:00
Falcon3-7B-Base,belief_bank_facts,hidden,15,27416,belief_bank_constraints,std,0,0,0,0,0,0,1.8971450257953384,0.0,0.0050178996180405815,0.0389566541344797,0.00347652971956585,0.026425029797597855,0.003931294437377364,37739.656,10,2026-09-23T13:49:33.712085+00:00
Falcon3-7B-Base,belief_bank_facts,hidden,15,27416,halu_eval,2,10546,10000,5273,5273,3259,6741,42.9414,3073,0.32542087542087544,0.5931267259895674,0.4667,0.4202630720730514,0.5035056572423977,21599.796,10,2026-09-23T13:49:33.712085+00:00
Falcon3-7B-Base,belief_bank_facts,hidden,15,27416,halu_eval,4,10546,10000,5273,5273,3259,6741,42.1502,3073,0.3323269355186543,0.472844430806996,0.5186,0.3903242147922999,0.5065689395094952,21642.886,10,2026-09-23T13:49:33.712085+00:00
Falcon3-7B-Base,belief_bank_facts,hidden,15,27416,halu_eval,24,10546,10000,5273,5273,3259,6741,41.5473,3073,0.32557441057215797,0.6652347345811599,0.4418,0.43718491631377293,0.5025754111979747,21685.366,10,2026-09-23T13:49:33.712085+00:00
Falcon3-7B-Base,belief_bank_facts,hidden,15,27416,halu_eval,42,10546,10000,5273,5273,3259,6741,43.9088,3073,0.3270806774722273,0.5510892911936177,0.4842,0.4105142857142857,0.49794962601482573,21730.215,10,2026-09-23T13:49:33.712085+00:00
Falcon3-7B-Base,belief_bank_facts,hidden,15,27416,halu_eval,64,10546,10000,5273,5273,3259,6741,42.0842,3073,0.3320842255531763,0.5710340595274624,0.4859,0.41994809883786527,0.50600145596604,21773.283,10,2026-09-23T13:49:33.712085+00:00
Falcon3-7B-Base,belief_bank_facts,hidden,15,27416,halu_eval,67,10546,10000,5273,5273,3259,6741,40.3622,3073,0.3190844833389431,0.2908867750843817,0.5666,0.3043338683788122,0.4984405240876895,21814.582,10,2026-09-23T13:49:33.712085+00:00
Falcon3-7B-Base,belief_bank_facts,hidden,15,27416,halu_eval,104,10546,10000,5273,5273,3259,6741,41.755,3073,0.33106399533164754,0.5222460877569807,0.5004,0.40523809523809523,0.5024206698563548,21857.286,10,2026-09-23T13:49:33.712085+00:00
Falcon3-7B-Base,belief_bank_facts,hidden,15,27416,halu_eval,123,10546,10000,5273,5273,3259,6741,39.4339,3073,0.32506390016538866,0.6633936790426511,0.4414,0.43632694248234105,0.5010075598166664,21897.645,10,2026-09-23T13:49:33.712085+00:00
Falcon3-7B-Base,belief_bank_facts,hidden,15,27416,halu_eval,420,10546,10000,5273,5273,3259,6741,42.9386,3073,0.31966643502432246,0.2822951825713409,0.5703,0.2998207593286622,0.4983421350863918,21941.51,10,2026-09-23T13:49:33.712085+00:00
Falcon3-7B-Base,belief_bank_facts,hidden,15,27416,halu_eval,511,10546,10000,5273,5273,3259,6741,41.3401,3073,0.32585186696592533,0.49002761583307763,0.5034,0.391421568627451,0.4960920016137344,21983.777,10,2026-09-23T13:49:33.712085+00:00
Falcon3-7B-Base,belief_bank_facts,hidden,15,27416,halu_eval,mean,0,0,0,0,0,0,41.84617,3073.0,0.3263217805363319,0.5102178582387235,0.49792999999999993,0.3915375821786637,0.501290398039157,37739.656,10,2026-09-23T13:49:33.712085+00:00
Falcon3-7B-Base,belief_bank_facts,hidden,15,27416,halu_eval,std,0,0,0,0,0,0,1.2317232928300086,0.0,0.004383806028410759,0.1271770404378879,0.042510023523870226,0.04721000475056547,0.0033611207942226525,37739.656,10,2026-09-23T13:49:33.712085+00:00
Falcon3-7B-Base,belief_bank_facts,hidden,16,27416,belief_bank_facts,2,10546,8225,5273,5273,2260,5965,45.0078,3073,0.7588342440801458,0.9216814159292035,0.8979939209726444,0.8323676323676323,0.9454755988101684,22030.554,10,2026-09-23T13:49:33.712085+00:00
Falcon3-7B-Base,belief_bank_facts,hidden,16,27416,belief_bank_facts,4,10546,8225,5273,5273,2260,5965,43.7971,3073,0.7401232330554549,0.9035398230088496,0.886322188449848,0.8137079099422195,0.9304056109013492,22075.259,10,2026-09-23T13:49:33.712085+00:00
Falcon3-7B-Base,belief_bank_facts,hidden,16,27416,belief_bank_facts,24,10546,8225,5273,5273,2260,5965,40.1073,3073,0.7446030003658983,0.9004424778761062,0.8877811550151976,0.8151411976767474,0.9347897395574479,22116.279,10,2026-09-23T13:49:33.712085+00:00
Falcon3-7B-Base,belief_bank_facts,hidden,16,27416,belief_bank_facts,42,10546,8225,5273,5273,2260,5965,43.2356,3073,0.7517625231910946,0.8964601769911504,0.8902127659574468,0.8177598385469222,0.9334060040501747,22160.434,10,2026-09-23T13:49:33.712085+00:00
Falcon3-7B-Base,belief_bank_facts,hidden,16,27416,belief_bank_facts,64,10546,8225,5273,5273,2260,5965,40.6372,3073,0.7463556851311953,0.9061946902654867,0.8896048632218845,0.8185451638689049,0.9358568789917587,22201.981,10,2026-09-23T13:49:33.712085+00:00
Falcon3-7B-Base,belief_bank_facts,hidden,16,27416,belief_bank_facts,67,10546,8225,5273,5273,2260,5965,43.3081,3073,0.7431892480929895,0.9053097345132743,0.8880243161094225,0.8162776780371035,0.9328805198465977,22246.212,10,2026-09-23T13:49:33.712085+00:00
Falcon3-7B-Base,belief_bank_facts,hidden,16,27416,belief_bank_facts,104,10546,8225,5273,5273,2260,5965,44.3935,3073,0.7548005908419497,0.904424778761062,0.8930091185410335,0.822866344605475,0.933940241378543,22291.541,10,2026-09-23T13:49:33.712085+00:00
Falcon3-7B-Base,belief_bank_facts,hidden,16,27416,belief_bank_facts,123,10546,8225,5273,5273,2260,5965,44.9636,3073,0.7533039647577092,0.9079646017699115,0.8930091185410335,0.8234349919743178,0.934611153557997,22337.432,10,2026-09-23T13:49:33.712085+00:00
Falcon3-7B-Base,belief_bank_facts,hidden,16,27416,belief_bank_facts,420,10546,8225,5273,5273,2260,5965,42.8368,3073,0.7558615556382583,0.8986725663716815,0.8924012158054712,0.8211036992116434,0.9358453070640684,22381.186,10,2026-09-23T13:49:33.712085+00:00
Falcon3-7B-Base,belief_bank_facts,hidden,16,27416,belief_bank_facts,511,10546,8225,5273,5273,2260,5965,43.0125,3073,0.7437020810514786,0.9013274336283186,0.8875379939209727,0.8149629925985197,0.9289080476822764,22425.13,10,2026-09-23T13:49:33.712085+00:00
Falcon3-7B-Base,belief_bank_facts,hidden,16,27416,belief_bank_facts,mean,0,0,0,0,0,0,43.129949999999994,3073.0,0.7492536126206174,0.9046017699115045,0.8905896656534953,0.8196167448829484,0.9346119101840381,37739.656,10,2026-09-23T13:49:33.712085+00:00
Falcon3-7B-Base,belief_bank_facts,hidden,16,27416,belief_bank_facts,std,0,0,0,0,0,0,1.562788758118,0.0,0.006082009463404756,0.006608196354900677,0.003360311248678113,0.005313032014942889,0.004198245250137345,37739.656,10,2026-09-23T13:49:33.712085+00:00
Falcon3-7B-Base,belief_bank_facts,hidden,16,27416,belief_bank_constraints,2,10546,25610,5273,5273,12021,13589,45.9727,3073,0.4568858008195261,0.4266699941768572,0.4928153065208903,0.44126123800920547,0.4818690883565432,22472.659,10,2026-09-23T13:49:33.712085+00:00
Falcon3-7B-Base,belief_bank_facts,hidden,16,27416,belief_bank_constraints,4,10546,25610,5273,5273,12021,13589,41.7924,3073,0.4460955113752818,0.36211629648115795,0.489535337758688,0.39974287157353416,0.4693290653834021,22515.99,10,2026-09-23T13:49:33.712085+00:00
Falcon3-7B-Base,belief_bank_facts,hidden,16,27416,belief_bank_constraints,24,10546,25610,5273,5273,12021,13589,43.5222,3073,0.4434861552428507,0.4063721820148074,0.4819992190550566,0.4241187706198993,0.46583907308333505,22561.038,10,2026-09-23T13:49:33.712085+00:00
Falcon3-7B-Base,belief_bank_facts,hidden,16,27416,belief_bank_constraints,42,10546,25610,5273,5273,12021,13589,42.8891,3073,0.4523766654663306,0.41801846768155726,0.48930105427567355,0.43451943447619873,0.4722753988624502,22605.468,10,2026-09-23T13:49:33.712085+00:00
Falcon3-7B-Base,belief_bank_facts,hidden,16,27416,belief_bank_constraints,64,10546,25610,5273,5273,12021,13589,41.4342,3073,0.4523652546563376,0.4566175858913568,0.48547442405310426,0.45448147381494514,0.4757352724081252,22648.459,10,2026-09-23T13:49:33.712085+00:00
Falcon3-7B-Base,belief_bank_facts,hidden,16,27416,belief_bank_constraints,67,10546,25610,5273,5273,12021,13589,44.3689,3073,0.4561683986144418,0.4272523084601947,0.49207340882467787,0.44123711340206184,0.4812321868917194,22694.356,10,2026-09-23T13:49:33.712085+00:00
Falcon3-7B-Base,belief_bank_facts,hidden,16,27416,belief_bank_constraints,104,10546,25610,5273,5273,12021,13589,43.5146,3073,0.4423767239750614,0.3895682555527826,0.4829754002342835,0.41429645684964833,0.46715985698464535,22739.391,10,2026-09-23T13:49:33.712085+00:00
Falcon3-7B-Base,belief_bank_facts,hidden,16,27416,belief_bank_constraints,123,10546,25610,5273,5273,12021,13589,43.7259,3073,0.43803038239916187,0.3478080026620082,0.48442014837953923,0.38773996104980063,0.4704659534753764,22784.644,10,2026-09-23T13:49:33.712085+00:00
Falcon3-7B-Base,belief_bank_facts,hidden,16,27416,belief_bank_constraints,420,10546,25610,5273,5273,12021,13589,42.8195,3073,0.45119600952272987,0.33108726395474586,0.4969933619679813,0.38192112081374147,0.4814534893369723,22828.989,10,2026-09-23T13:49:33.712085+00:00
Falcon3-7B-Base,belief_bank_facts,hidden,16,27416,belief_bank_constraints,511,10546,25610,5273,5273,12021,13589,43.7315,3073,0.4606273711483298,0.41410864320771984,0.497383834439672,0.436131067110566,0.48559338252766615,22874.247,10,2026-09-23T13:49:33.712085+00:00
Falcon3-7B-Base,belief_bank_facts,hidden,16,27416,belief_bank_constraints,mean,0,0,0,0,0,0,43.3771,3073.0,0.44996082732200515,0.39796190000831877,0.4892971495509567,0.4215449507719601,0.4750952767310235,37739.656,10,2026-09-23T13:49:33.712085+00:00
Falcon3-7B-Base,belief_bank_facts,hidden,16,27416,belief_bank_constraints,std,0,0,0,0,0,0,1.2183277030421669,0.0,0.006856557166977483,0.037681930917189924,0.005257286615263784,0.023430196157238906,0.0066773693054091865,37739.656,10,2026-09-23T13:49:33.712085+00:00
Falcon3-7B-Base,belief_bank_facts,hidden,16,27416,halu_eval,2,10546,10000,5273,5273,3259,6741,45.8773,3073,0.32417402682368335,0.3040810064436944,0.5666,0.3138062064597847,0.49322856987182667,22921.065,10,2026-09-23T13:49:33.712085+00:00
Falcon3-7B-Base,belief_bank_facts,hidden,16,27416,halu_eval,4,10546,10000,5273,5273,3259,6741,43.7039,3073,0.3233322693903607,0.31083154341822644,0.5634,0.3169586983729662,0.4944290841074156,22965.717,10,2026-09-23T13:49:33.712085+00:00
Falcon3-7B-Base,belief_bank_facts,hidden,16,27416,halu_eval,24,10546,10000,5273,5273,3259,6741,42.9074,3073,0.3146658415841584,0.31205891377723227,0.5543,0.313356955784933,0.49095066989868735,23009.588,10,2026-09-23T13:49:33.712085+00:00
Falcon3-7B-Base,belief_bank_facts,hidden,16,27416,halu_eval,42,10546,10000,5273,5273,3259,6741,44.1941,3073,0.32094211123723043,0.3470389690088984,0.5479,0.3334807607253428,0.49016135022392315,23054.727,10,2026-09-23T13:49:33.712085+00:00
Falcon3-7B-Base,belief_bank_facts,hidden,16,27416,halu_eval,64,10546,10000,5273,5273,3259,6741,40.2162,3073,0.3217414388107247,0.37189321877876647,0.5398,0.34500426985482496,0.49789764348441545,23095.894,10,2026-09-23T13:49:33.712085+00:00
Falcon3-7B-Base,belief_bank_facts,hidden,16,27416,halu_eval,67,10546,10000,5273,5273,3259,6741,41.855,3073,0.3064713064713065,0.30806996011046334,0.5473,0.3072685539403213,0.4866374626807991,23138.678,10,2026-09-23T13:49:33.712085+00:00
Falcon3-7B-Base,belief_bank_facts,hidden,16,27416,halu_eval,104,10546,10000,5273,5273,3259,6741,44.6963,3073,0.3186920448999512,0.4007364222154035,0.5255,0.3550360201168955,0.4900938457645549,23184.302,10,2026-09-23T13:49:33.712085+00:00
Falcon3-7B-Base,belief_bank_facts,hidden,16,27416,halu_eval,123,10546,10000,5273,5273,3259,6741,43.673,3073,0.3145121347201585,0.38969008898435104,0.5243,0.34808825544744415,0.48835117922734383,23228.918,10,2026-09-23T13:49:33.712085+00:00
Falcon3-7B-Base,belief_bank_facts,hidden,16,27416,halu_eval,420,10546,10000,5273,5273,3259,6741,42.597,3073,0.3166465621230398,0.32218471923903036,0.5525,0.3193916349809886,0.49152486747299673,23272.451,10,2026-09-23T13:49:33.712085+00:00
Falcon3-7B-Base,belief_bank_facts,hidden,16,27416,halu_eval,511,10546,10000,5273,5273,3259,6741,45.0296,3073,0.31685540069686413,0.4464559680883707,0.5059,0.37065341994650364,0.4880933604425416,23318.437,10,2026-09-23T13:49:33.712085+00:00
Falcon3-7B-Base,belief_bank_facts,hidden,16,27416,halu_eval,mean,0,0,0,0,0,0,43.47498,3073.0,0.31780331367574777,0.3513040810064437,0.5427500000000001,0.3323044775630005,0.49113680331745047,37739.656,10,2026-09-23T13:49:33.712085+00:00
Falcon3-7B-Base,belief_bank_facts,hidden,16,27416,halu_eval,std,0,0,0,0,0,0,1.5692461679417924,0.0,0.004986307759274031,0.046409462414379696,0.01809841153250749,0.020320893063366766,0.003168822822173559,37739.656,10,2026-09-23T13:49:33.712085+00:00
Falcon3-7B-Base,belief_bank_facts,hidden,17,27416,belief_bank_facts,2,10546,8225,5273,5273,2260,5965,41.434,3073,0.743359655419957,0.9163716814159292,0.8900911854103344,0.8208481965913595,0.9401620811666876,23361.531,10,2026-09-23T13:49:33.712085+00:00
Falcon3-7B-Base,belief_bank_facts,hidden,17,27416,belief_bank_facts,4,10546,8225,5273,5273,2260,5965,40.0363,3073,0.7508305647840532,0.9,0.8904559270516718,0.8186757898973637,0.931743355413956,23402.482,10,2026-09-23T13:49:33.712085+00:00
Falcon3-7B-Base,belief_bank_facts,hidden,17,27416,belief_bank_facts,24,10546,8225,5273,5273,2260,5965,42.2626,3073,0.7408357771260997,0.8942477876106195,0.8849848024316109,0.8103448275862069,0.9314928899405824,23445.67,10,2026-09-23T13:49:33.712085+00:00
Falcon3-7B-Base,belief_bank_facts,hidden,17,27416,belief_bank_facts,42,10546,8225,5273,5273,2260,5965,41.2786,3073,0.7548579970104634,0.8938053097345132,0.8910638297872341,0.8184764991896273,0.9310702549533043,23487.868,10,2026-09-23T13:49:33.712085+00:00
Falcon3-7B-Base,belief_bank_facts,hidden,17,27416,belief_bank_facts,64,10546,8225,5273,5273,2260,5965,42.452,3073,0.7562523329600597,0.8964601769911504,0.8921580547112462,0.8204089896740231,0.9323839654622466,23531.226,10,2026-09-23T13:49:33.712085+00:00
Falcon3-7B-Base,belief_bank_facts,hidden,17,27416,belief_bank_facts,67,10546,8225,5273,5273,2260,5965,43.1279,3073,0.7437295528898582,0.9053097345132743,0.8882674772036474,0.8166034723608062,0.9327697705642799,23575.276,10,2026-09-23T13:49:33.712085+00:00
Falcon3-7B-Base,belief_bank_facts,hidden,17,27416,belief_bank_facts,104,10546,8225,5273,5273,2260,5965,40.5639,3073,0.75,0.9026548672566371,0.8905775075987842,0.8192771084337349,0.9315136600672063,23616.777,10,2026-09-23T13:49:33.712085+00:00
Falcon3-7B-Base,belief_bank_facts,hidden,17,27416,belief_bank_facts,123,10546,8225,5273,5273,2260,5965,44.9903,3073,0.7529325513196481,0.9088495575221239,0.8930091185410335,0.8235765838011226,0.9334433902780972,23662.688,10,2026-09-23T13:49:33.712085+00:00
Falcon3-7B-Base,belief_bank_facts,hidden,17,27416,belief_bank_facts,420,10546,8225,5273,5273,2260,5965,41.5482,3073,0.7540620384047267,0.9035398230088496,0.8925227963525836,0.822061191626409,0.9351429800680964,23705.172,10,2026-09-23T13:49:33.712085+00:00
Falcon3-7B-Base,belief_bank_facts,hidden,17,27416,belief_bank_facts,511,10546,8225,5273,5273,2260,5965,40.0408,3073,0.7382066978754052,0.9070796460176991,0.886079027355623,0.813976573357157,0.9309017573010704,23746.145,10,2026-09-23T13:49:33.712085+00:00
Falcon3-7B-Base,belief_bank_facts,hidden,17,27416,belief_bank_facts,mean,0,0,0,0,0,0,41.77346,3073.0,0.7485067167790271,0.9028318584070796,0.8899209726443769,0.8184249232517811,0.9330624105215527,37739.656,10,2026-09-23T13:49:33.712085+00:00
Falcon3-7B-Base,belief_bank_facts,hidden,17,27416,belief_bank_facts,std,0,0,0,0,0,0,1.441387327681217,0.0,0.006104591261569978,0.00669356569817723,0.0025538861408476703,0.0037249978146004364,0.002658273869891327,37739.656,10,2026-09-23T13:49:33.712085+00:00
Falcon3-7B-Base,belief_bank_facts,hidden,17,27416,belief_bank_constraints,2,10546,25610,5273,5273,12021,13589,42.3639,3073,0.4613259668508287,0.38898594126944513,0.5,0.42207880128176195,0.4957372320861041,23790.005,10,2026-09-23T13:49:33.712085+00:00
Falcon3-7B-Base,belief_bank_facts,hidden,17,27416,belief_bank_constraints,4,10546,25610,5273,5273,12021,13589,41.6573,3073,0.4519901056892287,0.33441477414524584,0.49726669269816476,0.38441310064546974,0.4893597878596553,23833.166,10,2026-09-23T13:49:33.712085+00:00
Falcon3-7B-Base,belief_bank_facts,hidden,17,27416,belief_bank_constraints,24,10546,25610,5273,5273,12021,13589,42.8722,3073,0.46555797032977414,0.40986606771483236,0.5021475985942991,0.43594054149708017,0.49540944882501936,23877.549,10,2026-09-23T13:49:33.712085+00:00
Falcon3-7B-Base,belief_bank_facts,hidden,17,27416,belief_bank_constraints,42,10546,25610,5273,5273,12021,13589,42.3409,3073,0.45008393403772096,0.37916978620747027,0.4911362748926201,0.41159472638612965,0.4830675699134188,23921.382,10,2026-09-23T13:49:33.712085+00:00
Falcon3-7B-Base,belief_bank_facts,hidden,17,27416,belief_bank_constraints,64,10546,25610,5273,5273,12021,13589,41.7853,3073,0.45322341608002964,0.4070376840529074,0.49117532213978915,0.42889073936100275,0.489062187630792,23964.693,10,2026-09-23T13:49:33.712085+00:00
Falcon3-7B-Base,belief_bank_facts,hidden,17,27416,belief_bank_constraints,67,10546,25610,5273,5273,12021,13589,41.0052,3073,0.4584291187739464,0.39813659429332005,0.49672003123779773,0.42616090111749255,0.49073461105047667,24007.235,10,2026-09-23T13:49:33.712085+00:00
Falcon3-7B-Base,belief_bank_facts,hidden,17,27416,belief_bank_constraints,104,10546,25610,5273,5273,12021,13589,39.6726,3073,0.45296627387240956,0.37093419848598286,0.4944552909019914,0.4078664532357649,0.48755714061826294,24048.416,10,2026-09-23T13:49:33.712085+00:00
Falcon3-7B-Base,belief_bank_facts,hidden,17,27416,belief_bank_constraints,123,10546,25610,5273,5273,12021,13589,44.1032,3073,0.4448902525371725,0.3136178354546211,0.4941429129246388,0.3678946084410832,0.4808762070894296,24094.024,10,2026-09-23T13:49:33.712085+00:00
Falcon3-7B-Base,belief_bank_facts,hidden,17,27416,belief_bank_constraints,420,10546,25610,5273,5273,12021,13589,42.5023,3073,0.4689431234942914,0.37243157807170785,0.5074580242092932,0.4151520771513353,0.5025658730062678,24138.024,10,2026-09-23T13:49:33.712085+00:00
Falcon3-7B-Base,belief_bank_facts,hidden,17,27416,belief_bank_constraints,511,10546,25610,5273,5273,12021,13589,42.4344,3073,0.46227533083152283,0.38940188004325765,0.5007809449433815,0.4227209102813022,0.4956366525871897,24181.974,10,2026-09-23T13:49:33.712085+00:00
Falcon3-7B-Base,belief_bank_facts,hidden,17,27416,belief_bank_constraints,mean,0,0,0,0,0,0,42.07373,3073.0,0.4569685492496925,0.37639963397387904,0.4975283092541975,0.4122712859398422,0.4910006710666616,37739.656,10,2026-09-23T13:49:33.712085+00:00
Falcon3-7B-Base,belief_bank_facts,hidden,17,27416,belief_bank_constraints,std,0,0,0,0,0,0,1.113077885909157,0.0,0.0071733058913230905,0.029353422550622225,0.0048935735653739066,0.020020665678753304,0.00617200390895314,37739.656,10,2026-09-23T13:49:33.712085+00:00
Falcon3-7B-Base,belief_bank_facts,hidden,17,27416,halu_eval,2,10546,10000,5273,5273,3259,6741,41.6013,3073,0.3172871709746265,0.41055538508745015,0.52,0.3579454253611557,0.48975541309064863,24224.505,10,2026-09-23T13:49:33.712085+00:00
Falcon3-7B-Base,belief_bank_facts,hidden,17,27416,halu_eval,4,10546,10000,5273,5273,3259,6741,43.2549,3073,0.3117259552042161,0.3629947836759742,0.5312,0.33541253189679615,0.4877912290541014,24268.7,10,2026-09-23T13:49:33.712085+00:00
Falcon3-7B-Base,belief_bank_facts,hidden,17,27416,halu_eval,24,10546,10000,5273,5273,3259,6741,41.7821,3073,0.31897150799166085,0.42252224608775696,0.5178,0.3635163674762408,0.49168076954537454,24311.408,10,2026-09-23T13:49:33.712085+00:00
Falcon3-7B-Base,belief_bank_facts,hidden,17,27416,halu_eval,42,10546,10000,5273,5273,3259,6741,39.5727,3073,0.3135822510822511,0.3556305615219392,0.5363,0.33328540618260244,0.48752658244131175,24351.914,10,2026-09-23T13:49:33.712085+00:00
Falcon3-7B-Base,belief_bank_facts,hidden,17,27416,halu_eval,64,10546,10000,5273,5273,3259,6741,42.6848,3073,0.31999330207635635,0.5863761890150353,0.4591,0.41403964900877477,0.4932510561853317,24395.55,10,2026-09-23T13:49:33.712085+00:00
Falcon3-7B-Base,belief_bank_facts,hidden,17,27416,halu_eval,67,10546,10000,5273,5273,3259,6741,41.9594,3073,0.31325604838709675,0.38140533906106167,0.5259,0.3439878234398782,0.48858735379742624,24438.45,10,2026-09-23T13:49:33.712085+00:00
Falcon3-7B-Base,belief_bank_facts,hidden,17,27416,halu_eval,104,10546,10000,5273,5273,3259,6741,40.1299,3073,0.31525514293347584,0.3620742559067199,0.5358,0.3370465581262496,0.4882879307807544,24479.518,10,2026-09-23T13:49:33.712085+00:00
Falcon3-7B-Base,belief_bank_facts,hidden,17,27416,halu_eval,123,10546,10000,5273,5273,3259,6741,45.0353,3073,0.31736040609137056,0.4795949677815281,0.4942,0.3819648093841642,0.4852516411936336,24525.491,10,2026-09-23T13:49:33.712085+00:00
Falcon3-7B-Base,belief_bank_facts,hidden,17,27416,halu_eval,420,10546,10000,5273,5273,3259,6741,39.8959,3073,0.315897670169027,0.42436330162626573,0.5129,0.3621841037056436,0.4894172762892885,24566.311,10,2026-09-23T13:49:33.712085+00:00
Falcon3-7B-Base,belief_bank_facts,hidden,17,27416,halu_eval,511,10546,10000,5273,5273,3259,6741,44.371,3073,0.31180037313432835,0.41024854249769865,0.5127,0.35431297204187095,0.4838086935456406,24611.634,10,2026-09-23T13:49:33.712085+00:00
Falcon3-7B-Base,belief_bank_facts,hidden,17,27416,halu_eval,mean,0,0,0,0,0,0,42.028729999999996,3073.0,0.3155129828044409,0.419576557226143,0.51459,0.35836956466233766,0.4885357945923511,37739.656,10,2026-09-23T13:49:33.712085+00:00
Falcon3-7B-Base,belief_bank_facts,hidden,17,27416,halu_eval,std,0,0,0,0,0,0,1.757684402303213,0.0,0.0027523874370357117,0.06608967710526127,0.022058760164614877,0.02351874877228401,0.002629775052893477,37739.656,10,2026-09-23T13:49:33.712085+00:00
Falcon3-7B-Base,belief_bank_facts,hidden,18,27416,belief_bank_facts,2,10546,8225,5273,5273,2260,5965,40.6724,3073,0.7605737403457153,0.9150442477876106,0.8975075987841945,0.8306888933520787,0.943076500827096,24653.983,10,2026-09-23T13:49:33.712085+00:00
Falcon3-7B-Base,belief_bank_facts,hidden,18,27416,belief_bank_facts,4,10546,8225,5273,5273,2260,5965,43.8863,3073,0.7424908424908425,0.8969026548672566,0.8862006079027356,0.8124248496993988,0.9311855291560652,24698.789,10,2026-09-23T13:49:33.712085+00:00
Falcon3-7B-Base,belief_bank_facts,hidden,18,27416,belief_bank_facts,24,10546,8225,5273,5273,2260,5965,43.0409,3073,0.7431259044862518,0.9088495575221239,0.8886322188449848,0.8176751592356688,0.9393860944002256,24742.742,10,2026-09-23T13:49:33.712085+00:00
Falcon3-7B-Base,belief_bank_facts,hidden,18,27416,belief_bank_facts,42,10546,8225,5273,5273,2260,5965,43.3062,3073,0.7476050110537952,0.897787610619469,0.8886322188449848,0.8158423803779654,0.9330490545883436,24786.958,10,2026-09-23T13:49:33.712085+00:00
Falcon3-7B-Base,belief_bank_facts,hidden,18,27416,belief_bank_facts,64,10546,8225,5273,5273,2260,5965,39.3287,3073,0.7584793142005218,0.9004424778761062,0.8938601823708207,0.8233866073234878,0.9349712927178452,24827.194,10,2026-09-23T13:49:33.712085+00:00
Falcon3-7B-Base,belief_bank_facts,hidden,18,27416,belief_bank_facts,67,10546,8225,5273,5273,2260,5965,43.3768,3073,0.7444077741107444,0.8982300884955752,0.8872948328267477,0.8141167034289152,0.9340490620062459,24871.478,10,2026-09-23T13:49:33.712085+00:00
Falcon3-7B-Base,belief_bank_facts,hidden,18,27416,belief_bank_facts,104,10546,8225,5273,5273,2260,5965,43.1698,3073,0.7549201633865578,0.8995575221238938,0.8921580547112462,0.8209166161922068,0.937558174899302,24915.58,10,2026-09-23T13:49:33.712085+00:00
Falcon3-7B-Base,belief_bank_facts,hidden,18,27416,belief_bank_facts,123,10546,8225,5273,5273,2260,5965,39.3621,3073,0.7534044902465955,0.9057522123893805,0.892644376899696,0.8225838858750251,0.9330538020458574,24955.861,10,2026-09-23T13:49:33.712085+00:00
Falcon3-7B-Base,belief_bank_facts,hidden,18,27416,belief_bank_facts,420,10546,8225,5273,5273,2260,5965,44.2126,3073,0.7617260787992496,0.8982300884955752,0.8948328267477204,0.8243654822335026,0.9348668857420498,25000.975,10,2026-09-23T13:49:33.712085+00:00
Falcon3-7B-Base,belief_bank_facts,hidden,18,27416,belief_bank_facts,511,10546,8225,5273,5273,2260,5965,42.8517,3073,0.7425959780621573,0.8986725663716815,0.886565349544073,0.8132132132132132,0.9315140309623245,25044.752,10,2026-09-23T13:49:33.712085+00:00
Falcon3-7B-Base,belief_bank_facts,hidden,18,27416,belief_bank_facts,mean,0,0,0,0,0,0,42.32075,3073.0,0.7509329297182431,0.9019469026548672,0.8908328267477204,0.8195213790931462,0.9352710427345355,37739.656,10,2026-09-23T13:49:33.712085+00:00
Falcon3-7B-Base,belief_bank_facts,hidden,18,27416,belief_bank_facts,std,0,0,0,0,0,0,1.7338061340588233,0.0,0.007374061297197053,0.005680974812638606,0.0036963085814841596,0.005574514311858929,0.0035425439430198007,37739.656,10,2026-09-23T13:49:33.712085+00:00
Falcon3-7B-Base,belief_bank_facts,hidden,18,27416,belief_bank_constraints,2,10546,25610,5273,5273,12021,13589,40.6796,3073,0.4666484168263528,0.4254221778554197,0.502069504099961,0.445082680591819,0.49907557156044946,25086.917,10,2026-09-23T13:49:33.712085+00:00
Falcon3-7B-Base,belief_bank_facts,hidden,18,27416,belief_bank_constraints,4,10546,25610,5273,5273,12021,13589,44.8627,3073,0.4691040164778579,0.4547042675318193,0.5024990238188207,0.4617919148396908,0.4984895352846993,25133.277,10,2026-09-23T13:49:33.712085+00:00
Falcon3-7B-Base,belief_bank_facts,hidden,18,27416,belief_bank_constraints,24,10546,25610,5273,5273,12021,13589,40.4337,3073,0.4776837416481069,0.44605274103651943,0.5110503709488481,0.46132667985890047,0.5087334807279058,25175.194,10,2026-09-23T13:49:33.712085+00:00
Falcon3-7B-Base,belief_bank_facts,hidden,18,27416,belief_bank_constraints,42,10546,25610,5273,5273,12021,13589,42.8783,3073,0.46687616782741637,0.45728308792945677,0.5001561889886763,0.4620298382013028,0.505413641025059,25219.565,10,2026-09-23T13:49:33.712085+00:00
Falcon3-7B-Base,belief_bank_facts,hidden,18,27416,belief_bank_constraints,64,10546,25610,5273,5273,12021,13589,38.439,3073,0.47429688163820205,0.4643540470842692,0.5069894572432644,0.4692728036990332,0.5121873611311929,25259.483,10,2026-09-23T13:49:33.712085+00:00
Falcon3-7B-Base,belief_bank_facts,hidden,18,27416,belief_bank_constraints,67,10546,25610,5273,5273,12021,13589,44.7389,3073,0.4714086471408647,0.4498793777555944,0.5049980476376416,0.46039245732771467,0.5116112756756183,25305.713,10,2026-09-23T13:49:33.712085+00:00
Falcon3-7B-Base,belief_bank_facts,hidden,18,27416,belief_bank_constraints,104,10546,25610,5273,5273,12021,13589,42.7316,3073,0.4584228985179319,0.33707678229764576,0.5019133151112847,0.3884947267497603,0.49910383850118206,25349.925,10,2026-09-23T13:49:33.712085+00:00
Falcon3-7B-Base,belief_bank_facts,hidden,18,27416,belief_bank_constraints,123,10546,25610,5273,5273,12021,13589,41.6062,3073,0.4647730437204121,0.41652108809583227,0.5009761811792268,0.4393261384574888,0.5006476113755572,25393.041,10,2026-09-23T13:49:33.712085+00:00
Falcon3-7B-Base,belief_bank_facts,hidden,18,27416,belief_bank_constraints,420,10546,25610,5273,5273,12021,13589,44.3445,3073,0.46941139307149626,0.37085101073122034,0.5079265911753221,0.41435077609443255,0.5058291482191591,25438.9,10,2026-09-23T13:49:33.712085+00:00
Falcon3-7B-Base,belief_bank_facts,hidden,18,27416,belief_bank_constraints,511,10546,25610,5273,5273,12021,13589,42.2516,3073,0.4648653998416469,0.3907328841194576,0.5028894962905115,0.4245875706214689,0.5059751354133382,25482.657,10,2026-09-23T13:49:33.712085+00:00
Falcon3-7B-Base,belief_bank_facts,hidden,18,27416,belief_bank_constraints,mean,0,0,0,0,0,0,42.29661,3073.0,0.4683490606710287,0.4212877464437235,0.5041468176493558,0.4426655586441612,0.5047066598914162,37739.656,10,2026-09-23T13:49:33.712085+00:00
Falcon3-7B-Base,belief_bank_facts,hidden,18,27416,belief_bank_constraints,std,0,0,0,0,0,0,1.9676390199678389,0.0,0.005119438532467803,0.04038141408832287,0.0033215783572108316,0.024882187385828928,0.004913735903423722,37739.656,10,2026-09-23T13:49:33.712085+00:00
Falcon3-7B-Base,belief_bank_facts,hidden,18,27416,halu_eval,2,10546,10000,5273,5273,3259,6741,42.083,3073,0.3273713531740214,0.6851795029150046,0.4386,0.44305555555555554,0.5028327975536712,25525.669,10,2026-09-23T13:49:33.712085+00:00
Falcon3-7B-Base,belief_bank_facts,hidden,18,27416,halu_eval,4,10546,10000,5273,5273,3259,6741,42.0421,3073,0.32699040949916275,0.6590978827861307,0.4468,0.4371184371184371,0.5007644663808901,25568.654,10,2026-09-23T13:49:33.712085+00:00
Falcon3-7B-Base,belief_bank_facts,hidden,18,27416,halu_eval,24,10546,10000,5273,5273,3259,6741,43.5795,3073,0.3241833312631971,0.8008591592513041,0.391,0.46153846153846156,0.496352528770305,25613.204,10,2026-09-23T13:49:33.712085+00:00
Falcon3-7B-Base,belief_bank_facts,hidden,18,27416,halu_eval,42,10546,10000,5273,5273,3259,6741,42.275,3073,0.32382169222032936,0.6999079472230746,0.4259,0.44278365524604485,0.49863279572381325,25656.414,10,2026-09-23T13:49:33.712085+00:00
Falcon3-7B-Base,belief_bank_facts,hidden,18,27416,halu_eval,64,10546,10000,5273,5273,3259,6741,38.7944,3073,0.32389979688557885,0.7339674746854864,0.414,0.44945509207065015,0.501387733279002,25696.152,10,2026-09-23T13:49:33.712085+00:00
Falcon3-7B-Base,belief_bank_facts,hidden,18,27416,halu_eval,67,10546,10000,5273,5273,3259,6741,46.2194,3073,0.32801200709510164,0.7376495857625038,0.422,0.45409897997733284,0.5005312277768423,25743.303,10,2026-09-23T13:49:33.712085+00:00
Falcon3-7B-Base,belief_bank_facts,hidden,18,27416,halu_eval,104,10546,10000,5273,5273,3259,6741,40.3673,3073,0.32524835505096117,0.7735501687634244,0.4032,0.45794732061762033,0.4991484105339912,25784.613,10,2026-09-23T13:49:33.712085+00:00
Falcon3-7B-Base,belief_bank_facts,hidden,18,27416,halu_eval,123,10546,10000,5273,5273,3259,6741,41.09,3073,0.3256317689530686,0.6919300398895367,0.4326,0.4428515318146112,0.49352915361925637,25826.637,10,2026-09-23T13:49:33.712085+00:00
Falcon3-7B-Base,belief_bank_facts,hidden,18,27416,halu_eval,420,10546,10000,5273,5273,3259,6741,42.6452,3073,0.32659574468085106,0.7536054004295796,0.4133,0.4557008998979497,0.499339225566811,25870.222,10,2026-09-23T13:49:33.712085+00:00
Falcon3-7B-Base,belief_bank_facts,hidden,18,27416,halu_eval,511,10546,10000,5273,5273,3259,6741,43.6553,3073,0.32044046799724707,0.7143295489413931,0.4132,0.44241733181299886,0.4929441908361536,25914.834,10,2026-09-23T13:49:33.712085+00:00
Falcon3-7B-Base,belief_bank_facts,hidden,18,27416,halu_eval,mean,0,0,0,0,0,0,42.27512,3073.0,0.32521949268195194,0.7250076710647437,0.42006,0.44869672656496623,0.4985462530040737,37739.656,10,2026-09-23T13:49:33.712085+00:00
Falcon3-7B-Base,belief_bank_facts,hidden,18,27416,halu_eval,std,0,0,0,0,0,0,1.911845042256301,0.0,0.0021269182300035516,0.041153711665148994,0.01584961829193371,0.007770087908864961,0.003125296327786153,37739.656,10,2026-09-23T13:49:33.712085+00:00
Falcon3-7B-Base,belief_bank_facts,hidden,19,27416,belief_bank_facts,2,10546,8225,5273,5273,2260,5965,43.3088,3073,0.7424023154848046,0.9079646017699115,0.888145896656535,0.8168789808917197,0.9367198777529689,25959.734,10,2026-09-23T13:49:33.712085+00:00
Falcon3-7B-Base,belief_bank_facts,hidden,19,27416,belief_bank_facts,4,10546,8225,5273,5273,2260,5965,43.1453,3073,0.7322266329844821,0.897787610619469,0.8817021276595745,0.8065990856688531,0.9264513496873353,26003.79,10,2026-09-23T13:49:33.712085+00:00
Falcon3-7B-Base,belief_bank_facts,hidden,19,27416,belief_bank_facts,24,10546,8225,5273,5273,2260,5965,42.3169,3073,0.7234497505345688,0.8982300884955752,0.8776899696048632,0.8014212396367943,0.9325484574472032,26047.021,10,2026-09-23T13:49:33.712085+00:00
Falcon3-7B-Base,belief_bank_facts,hidden,19,27416,belief_bank_facts,42,10546,8225,5273,5273,2260,5965,42.3231,3073,0.736784140969163,0.8880530973451327,0.8820668693009118,0.8053772070626003,0.9249445511798173,26090.237,10,2026-09-23T13:49:33.712085+00:00
Falcon3-7B-Base,belief_bank_facts,hidden,19,27416,belief_bank_facts,64,10546,8225,5273,5273,2260,5965,42.8807,3073,0.7435992578849722,0.8867256637168142,0.8848632218844985,0.8088799192734611,0.9279584820004599,26134.03,10,2026-09-23T13:49:33.712085+00:00
Falcon3-7B-Base,belief_bank_facts,hidden,19,27416,belief_bank_facts,67,10546,8225,5273,5273,2260,5965,42.1705,3073,0.7309772809231879,0.8969026548672566,0.8809726443768997,0.8054838068746275,0.9292245324867036,26177.121,10,2026-09-23T13:49:33.712085+00:00
Falcon3-7B-Base,belief_bank_facts,hidden,19,27416,belief_bank_facts,104,10546,8225,5273,5273,2260,5965,42.2145,3073,0.7490733876945885,0.8942477876106195,0.8886322188449848,0.8152480839048003,0.927600827837904,26220.251,10,2026-09-23T13:49:33.712085+00:00
Falcon3-7B-Base,belief_bank_facts,hidden,19,27416,belief_bank_facts,123,10546,8225,5273,5273,2260,5965,43.6971,3073,0.7346125995655323,0.897787610619469,0.8827963525835866,0.8080446037435285,0.9285073696860001,26264.86,10,2026-09-23T13:49:33.712085+00:00
Falcon3-7B-Base,belief_bank_facts,hidden,19,27416,belief_bank_facts,420,10546,8225,5273,5273,2260,5965,42.6911,3073,0.7384276267450404,0.8893805309734514,0.8830395136778115,0.8069048574869531,0.9270904761551528,26308.477,10,2026-09-23T13:49:33.712085+00:00
Falcon3-7B-Base,belief_bank_facts,hidden,19,27416,belief_bank_facts,511,10546,8225,5273,5273,2260,5965,43.6421,3073,0.7417096536477524,0.8907079646017699,0.884741641337386,0.8094089264173703,0.926142282785274,26353.037,10,2026-09-23T13:49:33.712085+00:00
Falcon3-7B-Base,belief_bank_facts,hidden,19,27416,belief_bank_facts,mean,0,0,0,0,0,0,42.839009999999995,3073.0,0.7373262646434092,0.894778761061947,0.8834650455927052,0.8084246710960707,0.928718820701882,37739.656,10,2026-09-23T13:49:33.712085+00:00
Falcon3-7B-Base,belief_bank_facts,hidden,19,27416,belief_bank_facts,std,0,0,0,0,0,0,0.5563347885041887,0.0,0.007000500634649355,0.0060371886374550356,0.0031216856112991544,0.004381565294272188,0.00330889859753438,37739.656,10,2026-09-23T13:49:33.712085+00:00
Falcon3-7B-Base,belief_bank_facts,hidden,19,27416,belief_bank_constraints,2,10546,25610,5273,5273,12021,13589,41.5044,3073,0.4482164026295937,0.3459778720572332,0.4930886372510738,0.3905164319248826,0.480030231271202,26396.074,10,2026-09-23T13:49:33.712085+00:00
Falcon3-7B-Base,belief_bank_facts,hidden,19,27416,belief_bank_constraints,4,10546,25610,5273,5273,12021,13589,42.4149,3073,0.4385169378500934,0.4102820064886449,0.47661069894572433,0.42392986075296546,0.46648251252167316,26439.997,10,2026-09-23T13:49:33.712085+00:00
Falcon3-7B-Base,belief_bank_facts,hidden,19,27416,belief_bank_constraints,24,10546,25610,5273,5273,12021,13589,40.742,3073,0.4559842667166136,0.40504117793860744,0.4939086294416244,0.42900568306973874,0.4832936809524877,26482.256,10,2026-09-23T13:49:33.712085+00:00
Falcon3-7B-Base,belief_bank_facts,hidden,19,27416,belief_bank_constraints,42,10546,25610,5273,5273,12021,13589,43.5379,3073,0.46064296588161546,0.42791781049829464,0.49629051151893794,0.4436777643608763,0.48922855089692086,26527.3,10,2026-09-23T13:49:33.712085+00:00
Falcon3-7B-Base,belief_bank_facts,hidden,19,27416,belief_bank_constraints,64,10546,25610,5273,5273,12021,13589,42.4137,3073,0.4586711396887522,0.4094501289410199,0.4959781335415853,0.43266526019690577,0.49293706026962936,26571.207,10,2026-09-23T13:49:33.712085+00:00
Falcon3-7B-Base,belief_bank_facts,hidden,19,27416,belief_bank_constraints,67,10546,25610,5273,5273,12021,13589,44.397,3073,0.4564032697547684,0.3901505698361201,0.4956267083170636,0.4206843970040813,0.4927261371634153,26617.109,10,2026-09-23T13:49:33.712085+00:00
Falcon3-7B-Base,belief_bank_facts,hidden,19,27416,belief_bank_constraints,104,10546,25610,5273,5273,12021,13589,40.9971,3073,0.46025029260826505,0.42525580234589466,0.49613432253026163,0.4420615703908682,0.49418772318065873,26659.621,10,2026-09-23T13:49:33.712085+00:00
Falcon3-7B-Base,belief_bank_facts,hidden,19,27416,belief_bank_constraints,123,10546,25610,5273,5273,12021,13589,44.8971,3073,0.44471859945952297,0.3148656517760586,0.4938695821944553,0.36869277225793884,0.48134449250324307,26706.027,10,2026-09-23T13:49:33.712085+00:00
Falcon3-7B-Base,belief_bank_facts,hidden,19,27416,belief_bank_constraints,420,10546,25610,5273,5273,12021,13589,43.1786,3073,0.44794156706507304,0.280592296813909,0.5,0.3450462891923687,0.48958815168360564,26750.704,10,2026-09-23T13:49:33.712085+00:00
Falcon3-7B-Base,belief_bank_facts,hidden,19,27416,belief_bank_constraints,511,10546,25610,5273,5273,12021,13589,40.0396,3073,0.4599878444084279,0.3777555943765078,0.49976571651698554,0.41483579226236694,0.5016797786398883,26792.244,10,2026-09-23T13:49:33.712085+00:00
Falcon3-7B-Base,belief_bank_facts,hidden,19,27416,belief_bank_constraints,mean,0,0,0,0,0,0,42.41223,3073.0,0.45313332860627253,0.37872889110722896,0.4941272940257712,0.4111115821412993,0.4871498319082724,37739.656,10,2026-09-23T13:49:33.712085+00:00
Falcon3-7B-Base,belief_bank_facts,hidden,19,27416,belief_bank_constraints,std,0,0,0,0,0,0,1.5236189051399964,0.0,0.007342309068780912,0.04704186329278285,0.006234469887667213,0.03108242791601677,0.00928387636502967,37739.656,10,2026-09-23T13:49:33.712085+00:00
Falcon3-7B-Base,belief_bank_facts,hidden,19,27416,halu_eval,2,10546,10000,5273,5273,3259,6741,44.1552,3073,0.3247900376484217,0.6882479288125192,0.4321,0.4413182488932612,0.4983912044101942,26837.328,10,2026-09-23T13:49:33.712085+00:00
Falcon3-7B-Base,belief_bank_facts,hidden,19,27416,halu_eval,4,10546,10000,5273,5273,3259,6741,42.184,3073,0.32215942311440265,0.5072108008591593,0.4916,0.39404052443384985,0.4897827699214513,26880.429,10,2026-09-23T13:49:33.712085+00:00
Falcon3-7B-Base,belief_bank_facts,hidden,19,27416,halu_eval,24,10546,10000,5273,5273,3259,6741,41.346,3073,0.3246850629874025,0.6643142068119054,0.4403,0.43618414425304725,0.4978858541014239,26922.701,10,2026-09-23T13:49:33.712085+00:00
Falcon3-7B-Base,belief_bank_facts,hidden,19,27416,halu_eval,42,10546,10000,5273,5273,3259,6741,44.9845,3073,0.31387478849407785,0.3415158023933722,0.5421,0.32711241734019103,0.48910123889118073,26968.635,10,2026-09-23T13:49:33.712085+00:00
Falcon3-7B-Base,belief_bank_facts,hidden,19,27416,halu_eval,64,10546,10000,5273,5273,3259,6741,41.9174,3073,0.32297217288336294,0.6695305308376802,0.4349,0.435746380429356,0.4998870904845159,27011.491,10,2026-09-23T13:49:33.712085+00:00
Falcon3-7B-Base,belief_bank_facts,hidden,19,27416,halu_eval,67,10546,10000,5273,5273,3259,6741,43.3037,3073,0.3262479871175523,0.6216630868364529,0.4583,0.42792269511036013,0.49947157163263245,27055.724,10,2026-09-23T13:49:33.712085+00:00
Falcon3-7B-Base,belief_bank_facts,hidden,19,27416,halu_eval,104,10546,10000,5273,5273,3259,6741,39.7137,3073,0.32192374350086655,0.6839521325559987,0.4275,0.43778847098104684,0.5004529808681073,27096.367,10,2026-09-23T13:49:33.712085+00:00
Falcon3-7B-Base,belief_bank_facts,hidden,19,27416,halu_eval,123,10546,10000,5273,5273,3259,6741,44.6561,3073,0.3207418751063468,0.5783982816814974,0.4634,0.41265323992994746,0.4943042258929536,27141.942,10,2026-09-23T13:49:33.712085+00:00
Falcon3-7B-Base,belief_bank_facts,hidden,19,27416,halu_eval,420,10546,10000,5273,5273,3259,6741,43.284,3073,0.3258795468097794,0.6707579011966861,0.4405,0.4386475368716765,0.4973600430681182,27186.146,10,2026-09-23T13:49:33.712085+00:00
Falcon3-7B-Base,belief_bank_facts,hidden,19,27416,halu_eval,511,10546,10000,5273,5273,3259,6741,42.5756,3073,0.3212017964999226,0.6363915311445228,0.4432,0.4269246603540552,0.4939014068011267,27229.629,10,2026-09-23T13:49:33.712085+00:00
Falcon3-7B-Base,belief_bank_facts,hidden,19,27416,halu_eval,mean,0,0,0,0,0,0,42.812020000000004,3073.0,0.3224476434162135,0.6061982203129794,0.45739,0.41783383185967915,0.4960538386071704,37739.656,10,2026-09-23T13:49:33.712085+00:00
Falcon3-7B-Base,belief_bank_facts,hidden,19,27416,halu_eval,std,0,0,0,0,0,0,1.5293265575409325,0.0,0.0033956107703187,0.10301123901898787,0.03346722127694501,0.03323894181711747,0.003893737972486097,37739.656,10,2026-09-23T13:49:33.712085+00:00
Falcon3-7B-Base,belief_bank_facts,hidden,20,27416,belief_bank_facts,2,10546,8225,5273,5273,2260,5965,42.4137,3073,0.7321620652563643,0.9035398230088496,0.8826747720364742,0.8088730441671618,0.9323087479322596,27273.666,10,2026-09-23T13:49:33.712085+00:00
Falcon3-7B-Base,belief_bank_facts,hidden,20,27416,belief_bank_facts,4,10546,8225,5273,5273,2260,5965,44.8889,3073,0.7241627655743608,0.8898230088495576,0.8765957446808511,0.798491165376216,0.9225183778531107,27319.459,10,2026-09-23T13:49:33.712085+00:00
Falcon3-7B-Base,belief_bank_facts,hidden,20,27416,belief_bank_facts,24,10546,8225,5273,5273,2260,5965,42.8182,3073,0.7207654145995748,0.9,0.8767173252279635,0.8004722550177096,0.9293526396605568,27363.174,10,2026-09-23T13:49:33.712085+00:00
Falcon3-7B-Base,belief_bank_facts,hidden,20,27416,belief_bank_facts,42,10546,8225,5273,5273,2260,5965,40.1223,3073,0.728788977519942,0.8893805309734514,0.8786626139817629,0.8011159824631328,0.9233636849171791,27404.184,10,2026-09-23T13:49:33.712085+00:00
Falcon3-7B-Base,belief_bank_facts,hidden,20,27416,belief_bank_facts,64,10546,8225,5273,5273,2260,5965,43.6557,3073,0.7311906501095691,0.8858407079646018,0.8791489361702127,0.8011204481792717,0.921624001364894,27448.754,10,2026-09-23T13:49:33.712085+00:00
Falcon3-7B-Base,belief_bank_facts,hidden,20,27416,belief_bank_facts,67,10546,8225,5273,5273,2260,5965,42.7029,3073,0.7341587764020393,0.8920353982300885,0.881580547112462,0.805433479824211,0.9263486117395722,27492.349,10,2026-09-23T13:49:33.712085+00:00
Falcon3-7B-Base,belief_bank_facts,hidden,20,27416,belief_bank_facts,104,10546,8225,5273,5273,2260,5965,40.9181,3073,0.728158844765343,0.8924778761061947,0.8789057750759879,0.8019880715705765,0.9237690361919456,27534.148,10,2026-09-23T13:49:33.712085+00:00
Falcon3-7B-Base,belief_bank_facts,hidden,20,27416,belief_bank_facts,123,10546,8225,5273,5273,2260,5965,41.0732,3073,0.7221825962910129,0.8960176991150443,0.8767173252279635,0.7997630331753555,0.9223372697668553,27576.108,10,2026-09-23T13:49:33.712085+00:00
Falcon3-7B-Base,belief_bank_facts,hidden,20,27416,belief_bank_facts,420,10546,8225,5273,5273,2260,5965,40.4658,3073,0.7361827560795873,0.8840707964601769,0.8810942249240121,0.8033775633293124,0.9227677677306412,27617.473,10,2026-09-23T13:49:33.712085+00:00
Falcon3-7B-Base,belief_bank_facts,hidden,20,27416,belief_bank_facts,511,10546,8225,5273,5273,2260,5965,41.4172,3073,0.724591329068941,0.9022123893805309,0.8789057750759879,0.8037051635790303,0.9253717481770505,27659.797,10,2026-09-23T13:49:33.712085+00:00
Falcon3-7B-Base,belief_bank_facts,hidden,20,27416,belief_bank_facts,mean,0,0,0,0,0,0,42.047599999999996,3073.0,0.7282344175666735,0.8935398230088495,0.8791003039513677,0.8024340206681979,0.9249761885334065,37739.656,10,2026-09-23T13:49:33.712085+00:00
Falcon3-7B-Base,belief_bank_facts,hidden,20,27416,belief_bank_facts,std,0,0,0,0,0,0,1.4369322899844645,0.0,0.004949889673134209,0.006375981832936306,0.0020199941082981194,0.002883647523556109,0.0032884062436664605,37739.656,10,2026-09-23T13:49:33.712085+00:00
Falcon3-7B-Base,belief_bank_facts,hidden,20,27416,belief_bank_constraints,2,10546,25610,5273,5273,12021,13589,44.524,3073,0.4725614856951648,0.46992762665335663,0.5049980476376416,0.47124087591240876,0.5112053213913207,27705.8,10,2026-09-23T13:49:33.712085+00:00
Falcon3-7B-Base,belief_bank_facts,hidden,20,27416,belief_bank_constraints,4,10546,25610,5273,5273,12021,13589,44.2668,3073,0.4471646042909285,0.4178520921720323,0.4842639593908629,0.4320116969123592,0.4813932089763021,27751.561,10,2026-09-23T13:49:33.712085+00:00
Falcon3-7B-Base,belief_bank_facts,hidden,20,27416,belief_bank_constraints,24,10546,25610,5273,5273,12021,13589,43.1585,3073,0.45552854388465086,0.45204225937941933,0.4891839125341663,0.4537787056367432,0.4828185361760124,27796.198,10,2026-09-23T13:49:33.712085+00:00
Falcon3-7B-Base,belief_bank_facts,hidden,20,27416,belief_bank_constraints,42,10546,25610,5273,5273,12021,13589,42.6221,3073,0.45827929096411585,0.4408951002412445,0.4929324482623975,0.44941914695158147,0.49320101870687466,27840.296,10,2026-09-23T13:49:33.712085+00:00
Falcon3-7B-Base,belief_bank_facts,hidden,20,27416,belief_bank_constraints,64,10546,25610,5273,5273,12021,13589,42.8666,3073,0.47393441302070743,0.48931037351301887,0.5053494728621633,0.4814996725605763,0.5148067377783926,27884.664,10,2026-09-23T13:49:33.712085+00:00
Falcon3-7B-Base,belief_bank_facts,hidden,20,27416,belief_bank_constraints,67,10546,25610,5273,5273,12021,13589,44.4263,3073,0.4790874524714829,0.5136011979036685,0.5095665755564233,0.49574433916813876,0.5153783084816573,27930.587,10,2026-09-23T13:49:33.712085+00:00
Falcon3-7B-Base,belief_bank_facts,hidden,20,27416,belief_bank_constraints,104,10546,25610,5273,5273,12021,13589,41.7446,3073,0.4702762808998375,0.4573662756842193,0.5034752049980477,0.46373144399460187,0.5045019334740504,27973.809,10,2026-09-23T13:49:33.712085+00:00
Falcon3-7B-Base,belief_bank_facts,hidden,20,27416,belief_bank_constraints,123,10546,25610,5273,5273,12021,13589,40.9824,3073,0.4616523541604975,0.38906912902420765,0.5002733307301835,0.42226435536294693,0.4986984351697087,28016.265,10,2026-09-23T13:49:33.712085+00:00
Falcon3-7B-Base,belief_bank_facts,hidden,20,27416,belief_bank_constraints,420,10546,25610,5273,5273,12021,13589,41.5073,3073,0.4406962785114046,0.30538224773313366,0.4920343615775088,0.36076851260380327,0.48003605606689387,28059.228,10,2026-09-23T13:49:33.712085+00:00
Falcon3-7B-Base,belief_bank_facts,hidden,20,27416,belief_bank_constraints,511,10546,25610,5273,5273,12021,13589,40.8741,3073,0.47451456310679613,0.4878961816820564,0.5060132760640375,0.48111234157745786,0.5165261758390793,28101.582,10,2026-09-23T13:49:33.712085+00:00
Falcon3-7B-Base,belief_bank_facts,hidden,20,27416,belief_bank_constraints,mean,0,0,0,0,0,0,42.697269999999996,3073.0,0.46336952670055853,0.4423342483986358,0.49880905896134325,0.45115710906806183,0.49985657320602916,37739.656,10,2026-09-23T13:49:33.712085+00:00
Falcon3-7B-Base,belief_bank_facts,hidden,20,27416,belief_bank_constraints,std,0,0,0,0,0,0,1.3276032781294274,0.0,0.012174124610728518,0.05712941149814348,0.00810713855835533,0.03707938708559153,0.014008432851768332,37739.656,10,2026-09-23T13:49:33.712085+00:00
Falcon3-7B-Base,belief_bank_facts,hidden,20,27416,halu_eval,2,10546,10000,5273,5273,3259,6741,42.1049,3073,0.3270300333704116,0.7216937710954281,0.4253,0.45010046885465504,0.5008057974996403,28144.594,10,2026-09-23T13:49:33.712085+00:00
Falcon3-7B-Base,belief_bank_facts,hidden,20,27416,halu_eval,4,10546,10000,5273,5273,3259,6741,45.3242,3073,0.32023895727733526,0.5428045412703283,0.4755,0.40282363657064785,0.49261035556642546,28190.84,10,2026-09-23T13:49:33.712085+00:00
Falcon3-7B-Base,belief_bank_facts,hidden,20,27416,halu_eval,24,10546,10000,5273,5273,3259,6741,41.0309,3073,0.320947922761849,0.6732126419146978,0.4293,0.43467062902426945,0.49001823894930835,28232.814,10,2026-09-23T13:49:33.712085+00:00
Falcon3-7B-Base,belief_bank_facts,hidden,20,27416,halu_eval,42,10546,10000,5273,5273,3259,6741,41.8782,3073,0.3275304267447235,0.6523473458115987,0.4502,0.4361025641025641,0.4985342246471026,28275.642,10,2026-09-23T13:49:33.712085+00:00
Falcon3-7B-Base,belief_bank_facts,hidden,20,27416,halu_eval,64,10546,10000,5273,5273,3259,6741,42.7901,3073,0.3234732824427481,0.6241178275544645,0.4521,0.4261024405572431,0.4939174294374703,28319.356,10,2026-09-23T13:49:33.712085+00:00
Falcon3-7B-Base,belief_bank_facts,hidden,20,27416,halu_eval,67,10546,10000,5273,5273,3259,6741,43.2995,3073,0.3257918552036199,0.7069653267873581,0.4277,0.4460362017229697,0.5005064882801016,28363.602,10,2026-09-23T13:49:33.712085+00:00
Falcon3-7B-Base,belief_bank_facts,hidden,20,27416,halu_eval,104,10546,10000,5273,5273,3259,6741,42.24,3073,0.32282608695652176,0.6379257440932802,0.4459,0.4287039901020724,0.4972185477127937,28406.787,10,2026-09-23T13:49:33.712085+00:00
Falcon3-7B-Base,belief_bank_facts,hidden,20,27416,halu_eval,123,10546,10000,5273,5273,3259,6741,40.6671,3073,0.32060301507537686,0.5872967167842896,0.4599,0.41477949940405245,0.4932257249434986,28448.39,10,2026-09-23T13:49:33.712085+00:00
Falcon3-7B-Base,belief_bank_facts,hidden,20,27416,halu_eval,420,10546,10000,5273,5273,3259,6741,40.7094,3073,0.32502381708478884,0.6281067812212335,0.4537,0.42837710578633464,0.5002425016906841,28490.05,10,2026-09-23T13:49:33.712085+00:00
Falcon3-7B-Base,belief_bank_facts,hidden,20,27416,halu_eval,511,10546,10000,5273,5273,3259,6741,42.5667,3073,0.3272591486183719,0.6722921141454434,0.4428,0.44022503516174405,0.4962898720688078,28533.552,10,2026-09-23T13:49:33.712085+00:00
Falcon3-7B-Base,belief_bank_facts,hidden,20,27416,halu_eval,mean,0,0,0,0,0,0,42.2611,3073.0,0.3240724545535747,0.6446762810678122,0.4462400000000001,0.43079215712865526,0.4963369180795832,37739.656,10,2026-09-23T13:49:33.712085+00:00
Falcon3-7B-Base,belief_bank_facts,hidden,20,27416,halu_eval,std,0,0,0,0,0,0,1.3216484222364124,0.0,0.002704240049238266,0.0508531770888193,0.01493165764407956,0.013447095066997412,0.0035716081069384663,37739.656,10,2026-09-23T13:49:33.712085+00:00
Falcon3-7B-Base,belief_bank_facts,hidden,21,27416,belief_bank_facts,2,10546,8225,5273,5273,2260,5965,42.226,3073,0.7117750439367311,0.8960176991150443,0.8717325227963526,0.7933398628795298,0.9228275189341957,28577.406,10,2026-09-23T13:49:33.712085+00:00
Falcon3-7B-Base,belief_bank_facts,hidden,21,27416,belief_bank_facts,4,10546,8225,5273,5273,2260,5965,42.6062,3073,0.7270398829125503,0.8792035398230088,0.8761094224924012,0.7959142799919888,0.9190730589203984,28620.894,10,2026-09-23T13:49:33.712085+00:00
Falcon3-7B-Base,belief_bank_facts,hidden,21,27416,belief_bank_facts,24,10546,8225,5273,5273,2260,5965,44.6011,3073,0.7125748502994012,0.8951327433628319,0.8719756838905776,0.79348891939596,0.9253714143714441,28666.4,10,2026-09-23T13:49:33.712085+00:00
Falcon3-7B-Base,belief_bank_facts,hidden,21,27416,belief_bank_facts,42,10546,8225,5273,5273,2260,5965,42.3029,3073,0.72302679217958,0.8836283185840708,0.8750151975683891,0.7953006770211072,0.9181499380605151,28709.603,10,2026-09-23T13:49:33.712085+00:00
Falcon3-7B-Base,belief_bank_facts,hidden,21,27416,belief_bank_facts,64,10546,8225,5273,5273,2260,5965,43.0085,3073,0.7323065639897323,0.8836283185840708,0.8792705167173253,0.8008822939643072,0.9194994399483714,28753.502,10,2026-09-23T13:49:33.712085+00:00
Falcon3-7B-Base,belief_bank_facts,hidden,21,27416,belief_bank_facts,67,10546,8225,5273,5273,2260,5965,43.7359,3073,0.7291741795888929,0.8946902654867257,0.879756838905775,0.8034969203258494,0.9275477898359902,28798.14,10,2026-09-23T13:49:33.712085+00:00
Falcon3-7B-Base,belief_bank_facts,hidden,21,27416,belief_bank_facts,104,10546,8225,5273,5273,2260,5965,43.2396,3073,0.7129629629629629,0.8858407079646018,0.8706382978723404,0.7900552486187845,0.918246927133945,28842.303,10,2026-09-23T13:49:33.712085+00:00
Falcon3-7B-Base,belief_bank_facts,hidden,21,27416,belief_bank_facts,123,10546,8225,5273,5273,2260,5965,41.1559,3073,0.7182553640520577,0.9035398230088496,0.8761094224924012,0.8003135410542818,0.9221196656009613,28884.375,10,2026-09-23T13:49:33.712085+00:00
Falcon3-7B-Base,belief_bank_facts,hidden,21,27416,belief_bank_facts,420,10546,8225,5273,5273,2260,5965,42.3121,3073,0.7188281529117542,0.8902654867256637,0.8741641337386018,0.7954141134611583,0.9241871833482926,28927.604,10,2026-09-23T13:49:33.712085+00:00
Falcon3-7B-Base,belief_bank_facts,hidden,21,27416,belief_bank_facts,511,10546,8225,5273,5273,2260,5965,41.575,3073,0.7231153983565559,0.8955752212389381,0.8770820668693009,0.8001581340185807,0.9238444020799799,28970.097,10,2026-09-23T13:49:33.712085+00:00
Falcon3-7B-Base,belief_bank_facts,hidden,21,27416,belief_bank_facts,mean,0,0,0,0,0,0,42.67632,3073.0,0.7209059191190218,0.8907522123893805,0.8751854103343465,0.7968363990731546,0.9220867338234093,37739.656,10,2026-09-23T13:49:33.712085+00:00
Falcon3-7B-Base,belief_bank_facts,hidden,21,27416,belief_bank_facts,std,0,0,0,0,0,0,0.9622630656946155,0.0,0.006874277735661234,0.007130486698068769,0.0029472689476646593,0.003981247008700726,0.003077047194508092,37739.656,10,2026-09-23T13:49:33.712085+00:00
Falcon3-7B-Base,belief_bank_facts,hidden,21,27416,belief_bank_constraints,2,10546,25610,5273,5273,12021,13589,42.7281,3073,0.4506172839506173,0.3036353048831212,0.4993752440452948,0.3628050295710949,0.4980053303951142,29014.318,10,2026-09-23T13:49:33.712085+00:00
Falcon3-7B-Base,belief_bank_facts,hidden,21,27416,belief_bank_constraints,4,10546,25610,5273,5273,12021,13589,42.3522,3073,0.45837083708370835,0.33890691290242075,0.5017180788754393,0.38968865082022097,0.5007598251616101,29058.146,10,2026-09-23T13:49:33.712085+00:00
Falcon3-7B-Base,belief_bank_facts,hidden,21,27416,belief_bank_constraints,24,10546,25610,5273,5273,12021,13589,43.9022,3073,0.4579927770385858,0.4008817902004825,0.49609527528309255,0.42753848201215455,0.4993724800374335,29103.528,10,2026-09-23T13:49:33.712085+00:00
Falcon3-7B-Base,belief_bank_facts,hidden,21,27416,belief_bank_constraints,42,10546,25610,5273,5273,12021,13589,43.4058,3073,0.4556937427127866,0.3901505698361201,0.49500195236235844,0.4203827365213105,0.4961505109821151,29148.431,10,2026-09-23T13:49:33.712085+00:00
Falcon3-7B-Base,belief_bank_facts,hidden,21,27416,belief_bank_constraints,64,10546,25610,5273,5273,12021,13589,44.3707,3073,0.4589033942558747,0.36552699442642045,0.49988285825849277,0.4069272087423597,0.5072709397257671,29194.283,10,2026-09-23T13:49:33.712085+00:00
Falcon3-7B-Base,belief_bank_facts,hidden,21,27416,belief_bank_constraints,67,10546,25610,5273,5273,12021,13589,43.6357,3073,0.4592177567072514,0.35454621079777054,0.501054275673565,0.40015022063656,0.502779939604429,29239.44,10,2026-09-23T13:49:33.712085+00:00
Falcon3-7B-Base,belief_bank_facts,hidden,21,27416,belief_bank_constraints,104,10546,25610,5273,5273,12021,13589,43.6975,3073,0.46762357004101013,0.360452541385908,0.5071846934791098,0.40710292666885894,0.5074508135794861,29284.677,10,2026-09-23T13:49:33.712085+00:00
Falcon3-7B-Base,belief_bank_facts,hidden,21,27416,belief_bank_constraints,123,10546,25610,5273,5273,12021,13589,41.5623,3073,0.45714853847683434,0.3824972963979702,0.4969543147208122,0.41650437066896145,0.5044374168983317,29327.761,10,2026-09-23T13:49:33.712085+00:00
Falcon3-7B-Base,belief_bank_facts,hidden,21,27416,belief_bank_constraints,420,10546,25610,5273,5273,12021,13589,41.9999,3073,0.442169341449917,0.26586806422094666,0.49796954314720815,0.3320691983999169,0.4909826469511014,29371.267,10,2026-09-23T13:49:33.712085+00:00
Falcon3-7B-Base,belief_bank_facts,hidden,21,27416,belief_bank_constraints,511,10546,25610,5273,5273,12021,13589,42.7063,3073,0.4619865113427345,0.3760918392812578,0.501561889886763,0.4146375017196313,0.503797298481184,29415.456,10,2026-09-23T13:49:33.712085+00:00
Falcon3-7B-Base,belief_bank_facts,hidden,21,27416,belief_bank_constraints,mean,0,0,0,0,0,0,43.03607,3073.0,0.45697237530593204,0.35385575243324185,0.4996798125732137,0.3977806325761069,0.5011007201816573,37739.656,10,2026-09-23T13:49:33.712085+00:00
Falcon3-7B-Base,belief_bank_facts,hidden,21,27416,belief_bank_constraints,std,0,0,0,0,0,0,0.8591904737018444,0.0,0.006415137789558453,0.03938419768979612,0.0033335831186117357,0.027953644909719022,0.004890650172702809,37739.656,10,2026-09-23T13:49:33.712085+00:00
Falcon3-7B-Base,belief_bank_facts,hidden,21,27416,halu_eval,2,10546,10000,5273,5273,3259,6741,41.9551,3073,0.3223275580254985,0.30254679349493707,0.5654,0.3121240899018677,0.4959013686563276,29458.341,10,2026-09-23T13:49:33.712085+00:00
Falcon3-7B-Base,belief_bank_facts,hidden,21,27416,halu_eval,4,10546,10000,5273,5273,3259,6741,41.6097,3073,0.3145042659605766,0.32801472844430807,0.548,0.32111745268849506,0.49316709666051384,29500.889,10,2026-09-23T13:49:33.712085+00:00
Falcon3-7B-Base,belief_bank_facts,hidden,21,27416,halu_eval,24,10546,10000,5273,5273,3259,6741,43.9366,3073,0.3200870985302123,0.36084688554771405,0.5419,0.3392470791864994,0.4934574386659626,29545.758,10,2026-09-23T13:49:33.712085+00:00
Falcon3-7B-Base,belief_bank_facts,hidden,21,27416,halu_eval,42,10546,10000,5273,5273,3259,6741,42.1699,3073,0.316330145235565,0.2740104326480515,0.5704,0.2936534034856955,0.4927909060978376,29588.863,10,2026-09-23T13:49:33.712085+00:00
Falcon3-7B-Base,belief_bank_facts,hidden,21,27416,halu_eval,64,10546,10000,5273,5273,3259,6741,44.3586,3073,0.3179080824088748,0.3077631175207119,0.5592,0.31275335204240723,0.4924295319218938,29634.157,10,2026-09-23T13:49:33.712085+00:00
Falcon3-7B-Base,belief_bank_facts,hidden,21,27416,halu_eval,67,10546,10000,5273,5273,3259,6741,43.1963,3073,0.32316338819751106,0.24700828474992328,0.586,0.28,0.5015342584676106,29678.288,10,2026-09-23T13:49:33.712085+00:00
Falcon3-7B-Base,belief_bank_facts,hidden,21,27416,halu_eval,104,10546,10000,5273,5273,3259,6741,42.8898,3073,0.3190648666447152,0.2973304694691623,0.5642,0.30781448538754763,0.49626574707658583,29722.13,10,2026-09-23T13:49:33.712085+00:00
Falcon3-7B-Base,belief_bank_facts,hidden,21,27416,halu_eval,123,10546,10000,5273,5273,3259,6741,42.5801,3073,0.3184257602862254,0.2730899048787972,0.5726,0.2940204823257351,0.49253144863431836,29765.643,10,2026-09-23T13:49:33.712085+00:00
Falcon3-7B-Base,belief_bank_facts,hidden,21,27416,halu_eval,420,10546,10000,5273,5273,3259,6741,42.7971,3073,0.3166345536287733,0.30254679349493707,0.5599,0.3094304095402479,0.4930730091908483,29809.369,10,2026-09-23T13:49:33.712085+00:00
Falcon3-7B-Base,belief_bank_facts,hidden,21,27416,halu_eval,511,10546,10000,5273,5273,3259,6741,42.5379,3073,0.32298136645962733,0.30316047867444,0.5658,0.31275720164609055,0.4939532527749772,29852.834,10,2026-09-23T13:49:33.712085+00:00
Falcon3-7B-Base,belief_bank_facts,hidden,21,27416,halu_eval,mean,0,0,0,0,0,0,42.80311,3073.0,0.31914270853775795,0.29963178889229825,0.56334,0.3082917956204586,0.4945104058146875,37739.656,10,2026-09-23T13:49:33.712085+00:00
Falcon3-7B-Base,belief_bank_facts,hidden,21,27416,halu_eval,std,0,0,0,0,0,0,0.808138074155649,0.0,0.0028230688450127444,0.029637642852872438,0.011764624940898012,0.0154827702612097,0.0026616393723056485,37739.656,10,2026-09-23T13:49:33.712085+00:00
Falcon3-7B-Base,belief_bank_facts,hidden,22,27416,belief_bank_facts,2,10546,8225,5273,5273,2260,5965,45.1743,3073,0.7140845070422536,0.8973451327433628,0.8730699088145897,0.7952941176470588,0.920229880794309,29899.613,10,2026-09-23T13:49:33.712085+00:00
Falcon3-7B-Base,belief_bank_facts,hidden,22,27416,belief_bank_facts,4,10546,8225,5273,5273,2260,5965,42.1611,3073,0.714951595553962,0.8823008849557522,0.8710030395136779,0.7898593780946722,0.915565540876351,29942.652,10,2026-09-23T13:49:33.712085+00:00
Falcon3-7B-Base,belief_bank_facts,hidden,22,27416,belief_bank_facts,24,10546,8225,5273,5273,2260,5965,43.2419,3073,0.7042402826855124,0.881858407079646,0.865775075987842,0.7831041257367387,0.9215325386287265,29986.772,10,2026-09-23T13:49:33.712085+00:00
Falcon3-7B-Base,belief_bank_facts,hidden,22,27416,belief_bank_facts,42,10546,8225,5273,5273,2260,5965,44.4951,3073,0.7090779127948534,0.8778761061946903,0.8674772036474164,0.7844998022933966,0.9151759526441113,30032.166,10,2026-09-23T13:49:33.712085+00:00
Falcon3-7B-Base,belief_bank_facts,hidden,22,27416,belief_bank_facts,64,10546,8225,5273,5273,2260,5965,41.2235,3073,0.7209805335255948,0.8849557522123894,0.8742857142857143,0.7945967421533572,0.9169092568003621,30074.289,10,2026-09-23T13:49:33.712085+00:00
Falcon3-7B-Base,belief_bank_facts,hidden,22,27416,belief_bank_facts,67,10546,8225,5273,5273,2260,5965,42.7712,3073,0.7182340272792535,0.8853982300884956,0.8730699088145897,0.7931034482758621,0.9199083518162734,30117.958,10,2026-09-23T13:49:33.712085+00:00
Falcon3-7B-Base,belief_bank_facts,hidden,22,27416,belief_bank_facts,104,10546,8225,5273,5273,2260,5965,41.6544,3073,0.7169197396963124,0.8774336283185841,0.8711246200607903,0.7890966971746916,0.9138895029263625,30160.498,10,2026-09-23T13:49:33.712085+00:00
Falcon3-7B-Base,belief_bank_facts,hidden,22,27416,belief_bank_facts,123,10546,8225,5273,5273,2260,5965,42.2418,3073,0.7044179523141655,0.8889380530973451,0.8669908814589665,0.7859937402190923,0.9139085669354419,30203.634,10,2026-09-23T13:49:33.712085+00:00
Falcon3-7B-Base,belief_bank_facts,hidden,22,27416,belief_bank_facts,420,10546,8225,5273,5273,2260,5965,44.7301,3073,0.7115044247787611,0.8893805309734514,0.870516717325228,0.7905604719764012,0.9210605004116935,30249.267,10,2026-09-23T13:49:33.712085+00:00
Falcon3-7B-Base,belief_bank_facts,hidden,22,27416,belief_bank_facts,511,10546,8225,5273,5273,2260,5965,45.3806,3073,0.7180316091954023,0.8845132743362832,0.8728267477203647,0.7926249008723235,0.9204051658272073,30295.547,10,2026-09-23T13:49:33.712085+00:00
Falcon3-7B-Base,belief_bank_facts,hidden,22,27416,belief_bank_facts,mean,0,0,0,0,0,0,43.3074,3073.0,0.7132442584866071,0.885,0.8706139817629179,0.7898733424443594,0.9178585257660838,37739.656,10,2026-09-23T13:49:33.712085+00:00
Falcon3-7B-Base,belief_bank_facts,hidden,22,27416,belief_bank_facts,std,0,0,0,0,0,0,1.4503288034097652,0.0,0.005515046410885325,0.005591526935193134,0.00277927918535773,0.00400654499489487,0.0029115615423237354,37739.656,10,2026-09-23T13:49:33.712085+00:00
Falcon3-7B-Base,belief_bank_facts,hidden,22,27416,belief_bank_constraints,2,10546,25610,5273,5273,12021,13589,44.7069,3073,0.4498956158663883,0.2868313784210964,0.5006247559547052,0.3503175006350013,0.48516815407706715,30341.781,10,2026-09-23T13:49:33.712085+00:00
Falcon3-7B-Base,belief_bank_facts,hidden,22,27416,belief_bank_constraints,4,10546,25610,5273,5273,12021,13589,41.548,3073,0.4641545367977146,0.2838366192496464,0.5100351425224522,0.35226099525087756,0.49996045076976653,30384.837,10,2026-09-23T13:49:33.712085+00:00
Falcon3-7B-Base,belief_bank_facts,hidden,22,27416,belief_bank_constraints,24,10546,25610,5273,5273,12021,13589,44.012,3073,0.4568975386376646,0.33200232925713336,0.5012104646622413,0.38456349971092696,0.4979398710778961,30430.334,10,2026-09-23T13:49:33.712085+00:00
Falcon3-7B-Base,belief_bank_facts,hidden,22,27416,belief_bank_constraints,42,10546,25610,5273,5273,12021,13589,44.086,3073,0.44512055109070037,0.3225189252142085,0.49328387348691916,0.37402923158554824,0.48448022519817147,30475.906,10,2026-09-23T13:49:33.712085+00:00
Falcon3-7B-Base,belief_bank_facts,hidden,22,27416,belief_bank_constraints,64,10546,25610,5273,5273,12021,13589,43.6041,3073,0.44963401882188914,0.321936610930871,0.4967590784849668,0.37521815008726006,0.49173755945002884,30521.027,10,2026-09-23T13:49:33.712085+00:00
Falcon3-7B-Base,belief_bank_facts,hidden,22,27416,belief_bank_constraints,67,10546,25610,5273,5273,12021,13589,43.3413,3073,0.4510408635312259,0.34065385575243323,0.49590003904724717,0.3881516587677725,0.487367126171729,30565.88,10,2026-09-23T13:49:33.712085+00:00
Falcon3-7B-Base,belief_bank_facts,hidden,22,27416,belief_bank_constraints,104,10546,25610,5273,5273,12021,13589,41.0998,3073,0.4572078095747526,0.2844189335329839,0.5056228035923468,0.35068465049489717,0.4939180317731922,30608.484,10,2026-09-23T13:49:33.712085+00:00
Falcon3-7B-Base,belief_bank_facts,hidden,22,27416,belief_bank_constraints,123,10546,25610,5273,5273,12021,13589,43.2952,3073,0.4346631629240325,0.30272023958073374,0.4878953533775869,0.35688716716520374,0.48690639187245655,30653.293,10,2026-09-23T13:49:33.712085+00:00
Falcon3-7B-Base,belief_bank_facts,hidden,22,27416,belief_bank_constraints,420,10546,25610,5273,5273,12021,13589,42.131,3073,0.4453768207726409,0.23400715414690956,0.503670441233893,0.30681136499972733,0.4916371605412069,30696.978,10,2026-09-23T13:49:33.712085+00:00
Falcon3-7B-Base,belief_bank_facts,hidden,22,27416,belief_bank_constraints,511,10546,25610,5273,5273,12021,13589,44.7695,3073,0.4463391527946948,0.27435321520672157,0.4996485747754783,0.3398248325605358,0.48231097088667946,30743.287,10,2026-09-23T13:49:33.712085+00:00
Falcon3-7B-Base,belief_bank_facts,hidden,22,27416,belief_bank_constraints,mean,0,0,0,0,0,0,43.25938,3073.0,0.4500330070811704,0.2983279261292738,0.49946505271378366,0.3578749051257751,0.4901425941818195,37739.656,10,2026-09-23T13:49:33.712085+00:00
Falcon3-7B-Base,belief_bank_facts,hidden,22,27416,belief_bank_constraints,std,0,0,0,0,0,0,1.2090570125515165,0.0,0.007712976028424978,0.030553058322013223,0.006032011109149326,0.022946261755813192,0.005590504763912035,37739.656,10,2026-09-23T13:49:33.712085+00:00
Falcon3-7B-Base,belief_bank_facts,hidden,22,27416,halu_eval,2,10546,10000,5273,5273,3259,6741,44.3938,3073,0.3274732299824197,0.6287204664007364,0.4582,0.4306431273644388,0.5012347216538056,30788.619,10,2026-09-23T13:49:33.712085+00:00
Falcon3-7B-Base,belief_bank_facts,hidden,22,27416,halu_eval,4,10546,10000,5273,5273,3259,6741,42.3633,3073,0.32094759045919197,0.6069346425283829,0.4534,0.4198683931224793,0.4936892206667064,30831.906,10,2026-09-23T13:49:33.712085+00:00
Falcon3-7B-Base,belief_bank_facts,hidden,22,27416,halu_eval,24,10546,10000,5273,5273,3259,6741,44.6487,3073,0.32669241715795894,0.4930960417305922,0.5036,0.3930056248471509,0.49556043244549264,30877.483,10,2026-09-23T13:49:33.712085+00:00
Falcon3-7B-Base,belief_bank_facts,hidden,22,27416,halu_eval,42,10546,10000,5273,5273,3259,6741,43.9347,3073,0.32482124616956076,0.585455661245781,0.4683,0.41782546808277676,0.4991080353111593,30922.325,10,2026-09-23T13:49:33.712085+00:00
Falcon3-7B-Base,belief_bank_facts,hidden,22,27416,halu_eval,64,10546,10000,5273,5273,3259,6741,43.17,3073,0.32502748259435693,0.5443387542190856,0.4831,0.4070207640243203,0.4968606102102703,30966.42,10,2026-09-23T13:49:33.712085+00:00
Falcon3-7B-Base,belief_bank_facts,hidden,22,27416,halu_eval,67,10546,10000,5273,5273,3259,6741,42.3757,3073,0.3273493812049504,0.7385701135317582,0.4202,0.4536373916321146,0.5025988989262512,31009.723,10,2026-09-23T13:49:33.712085+00:00
Falcon3-7B-Base,belief_bank_facts,hidden,22,27416,halu_eval,104,10546,10000,5273,5273,3259,6741,41.9975,3073,0.3269026923892304,0.47315127339674745,0.5108,0.38665997993981943,0.4972863935635613,31052.649,10,2026-09-23T13:49:33.712085+00:00
Falcon3-7B-Base,belief_bank_facts,hidden,22,27416,halu_eval,123,10546,10000,5273,5273,3259,6741,42.9051,3073,0.32456518614345264,0.692850567658791,0.43,0.44205168363351605,0.4942654893488386,31096.482,10,2026-09-23T13:49:33.712085+00:00
Falcon3-7B-Base,belief_bank_facts,hidden,22,27416,halu_eval,420,10546,10000,5273,5273,3259,6741,45.0338,3073,0.3269856770833333,0.6164467628106781,0.4615,0.4273104328405828,0.4962732121685186,31142.425,10,2026-09-23T13:49:33.712085+00:00
Falcon3-7B-Base,belief_bank_facts,hidden,22,27416,halu_eval,511,10546,10000,5273,5273,3259,6741,45.1461,3073,0.3271276595744681,0.7548327707885855,0.4141,0.456443083774005,0.49928799409747926,31188.489,10,2026-09-23T13:49:33.712085+00:00
Falcon3-7B-Base,belief_bank_facts,hidden,22,27416,halu_eval,mean,0,0,0,0,0,0,43.59687,3073.0,0.3257892562758923,0.6134397054311138,0.46032,0.4234465949261204,0.49761650083920833,37739.656,10,2026-09-23T13:49:33.712085+00:00
Falcon3-7B-Base,belief_bank_facts,hidden,22,27416,halu_eval,std,0,0,0,0,0,0,1.1203639382361414,0.0,0.0019236777591794475,0.0905328960315097,0.031181686933198473,0.022376857124843153,0.0027622340245736683,37739.656,10,2026-09-23T13:49:33.712085+00:00
Falcon3-7B-Base,belief_bank_facts,hidden,23,27416,belief_bank_facts,2,10546,8225,5273,5273,2260,5965,40.3948,3073,0.7034722222222223,0.8964601769911504,0.8677203647416414,0.7883268482490272,0.9214974148610255,31230.593,10,2026-09-23T13:49:33.712085+00:00
Falcon3-7B-Base,belief_bank_facts,hidden,23,27416,belief_bank_facts,4,10546,8225,5273,5273,2260,5965,43.6555,3073,0.7033595425303788,0.8707964601769912,0.8635866261398176,0.7781731909845789,0.9154017906816311,31275.138,10,2026-09-23T13:49:33.712085+00:00
Falcon3-7B-Base,belief_bank_facts,hidden,23,27416,belief_bank_facts,24,10546,8225,5273,5273,2260,5965,38.1598,3073,0.7039403620873269,0.8774336283185841,0.8649240121580547,0.7811699822729958,0.917870394409869,31314.219,10,2026-09-23T13:49:33.712085+00:00
Falcon3-7B-Base,belief_bank_facts,hidden,23,27416,belief_bank_facts,42,10546,8225,5273,5273,2260,5965,40.0393,3073,0.6990014265335235,0.8672566371681416,0.8609118541033435,0.7740916271721959,0.907809159625841,31355.146,10,2026-09-23T13:49:33.712085+00:00
Falcon3-7B-Base,belief_bank_facts,hidden,23,27416,belief_bank_facts,64,10546,8225,5273,5273,2260,5965,42.7744,3073,0.7100675916044112,0.8831858407079646,0.8688145896656535,0.7872214553342536,0.9187554243411047,31398.815,10,2026-09-23T13:49:33.712085+00:00
Falcon3-7B-Base,belief_bank_facts,hidden,23,27416,belief_bank_facts,67,10546,8225,5273,5273,2260,5965,41.3732,3073,0.7082152974504249,0.8849557522123894,0.8682066869300912,0.7867820613690008,0.9191252438635403,31441.078,10,2026-09-23T13:49:33.712085+00:00
Falcon3-7B-Base,belief_bank_facts,hidden,23,27416,belief_bank_facts,104,10546,8225,5273,5273,2260,5965,43.8503,3073,0.6930346517325866,0.8761061946902655,0.8593313069908814,0.773890951729529,0.9123370843192962,31485.818,10,2026-09-23T13:49:33.712085+00:00
Falcon3-7B-Base,belief_bank_facts,hidden,23,27416,belief_bank_facts,123,10546,8225,5273,5273,2260,5965,41.971,3073,0.6918282548476454,0.8840707964601769,0.8599392097264438,0.7762237762237763,0.9157881892158535,31528.664,10,2026-09-23T13:49:33.712085+00:00
Falcon3-7B-Base,belief_bank_facts,hidden,23,27416,belief_bank_facts,420,10546,8225,5273,5273,2260,5965,43.1278,3073,0.7012847965738758,0.8694690265486725,0.862370820668693,0.7763729751086527,0.9157936413740921,31572.679,10,2026-09-23T13:49:33.712085+00:00
Falcon3-7B-Base,belief_bank_facts,hidden,23,27416,belief_bank_facts,511,10546,8225,5273,5273,2260,5965,42.4351,3073,0.696033696033696,0.8774336283185841,0.8610334346504559,0.7762771579565473,0.9173496205742941,31616.024,10,2026-09-23T13:49:33.712085+00:00
Falcon3-7B-Base,belief_bank_facts,hidden,23,27416,belief_bank_facts,mean,0,0,0,0,0,0,41.778119999999994,3073.0,0.7010237841616092,0.878716814159292,0.8636838905775075,0.7798530026400557,0.9161727963266546,37739.656,10,2026-09-23T13:49:33.712085+00:00
Falcon3-7B-Base,belief_bank_facts,hidden,23,27416,belief_bank_facts,std,0,0,0,0,0,0,1.711572084838966,0.0,0.005752463759541777,0.008319172451419114,0.0033767013421208496,0.005342997767862433,0.0036545104637502,37739.656,10,2026-09-23T13:49:33.712085+00:00
Falcon3-7B-Base,belief_bank_facts,hidden,23,27416,belief_bank_constraints,2,10546,25610,5273,5273,12021,13589,41.3376,3073,0.4566929133858268,0.2894933865734964,0.5048418586489652,0.35436077592790594,0.49039032063060783,31658.904,10,2026-09-23T13:49:33.712085+00:00
Falcon3-7B-Base,belief_bank_facts,hidden,23,27416,belief_bank_constraints,4,10546,25610,5273,5273,12021,13589,43.503,3073,0.45634161886551944,0.29781216204974625,0.5038656774697384,0.3604147790194302,0.49926171097211963,31703.955,10,2026-09-23T13:49:33.712085+00:00
Falcon3-7B-Base,belief_bank_facts,hidden,23,27416,belief_bank_constraints,24,10546,25610,5273,5273,12021,13589,40.3118,3073,0.46186387955704866,0.30879294567839616,0.5066770792659118,0.37012663276498153,0.4980722436156183,31745.812,10,2026-09-23T13:49:33.712085+00:00
Falcon3-7B-Base,belief_bank_facts,hidden,23,27416,belief_bank_constraints,42,10546,25610,5273,5273,12021,13589,40.3941,3073,0.44769975786924937,0.3076283171117212,0.49687622022647404,0.3646762980129185,0.4873950839667102,31787.756,10,2026-09-23T13:49:33.712085+00:00
Falcon3-7B-Base,belief_bank_facts,hidden,23,27416,belief_bank_constraints,64,10546,25610,5273,5273,12021,13589,42.5137,3073,0.4652947331705616,0.33291739455952085,0.5073018352206169,0.38812918242653477,0.5045584979640059,31831.796,10,2026-09-23T13:49:33.712085+00:00
Falcon3-7B-Base,belief_bank_facts,hidden,23,27416,belief_bank_constraints,67,10546,25610,5273,5273,12021,13589,42.5458,3073,0.4515173067804647,0.31686215789035854,0.4986723935962515,0.3723908686513174,0.48384838331678365,31875.85,10,2026-09-23T13:49:33.712085+00:00
Falcon3-7B-Base,belief_bank_facts,hidden,23,27416,belief_bank_constraints,104,10546,25610,5273,5273,12021,13589,40.9023,3073,0.4599246231155779,0.3045503701855087,0.5057008980866848,0.36644812571943347,0.4942211139826569,31918.262,10,2026-09-23T13:49:33.712085+00:00
Falcon3-7B-Base,belief_bank_facts,hidden,23,27416,belief_bank_constraints,123,10546,25610,5273,5273,12021,13589,41.2701,3073,0.44096535940913345,0.3526328924382331,0.4862944162436548,0.39188314689840065,0.4885466610731487,31961.046,10,2026-09-23T13:49:33.712085+00:00
Falcon3-7B-Base,belief_bank_facts,hidden,23,27416,belief_bank_constraints,420,10546,25610,5273,5273,12021,13589,42.9065,3073,0.4509290761580738,0.28666500291157143,0.5013276064037485,0.3505060265473224,0.49371861133760886,32005.466,10,2026-09-23T13:49:33.712085+00:00
Falcon3-7B-Base,belief_bank_facts,hidden,23,27416,belief_bank_constraints,511,10546,25610,5273,5273,12021,13589,42.9475,3073,0.4476118079310782,0.29390233757590883,0.4983209683717298,0.35482575072813094,0.490250194962309,32049.919,10,2026-09-23T13:49:33.712085+00:00
Falcon3-7B-Base,belief_bank_facts,hidden,23,27416,belief_bank_constraints,mean,0,0,0,0,0,0,41.86324,3073.0,0.45388410762425335,0.3091256966974461,0.5009878953533776,0.3673761586696376,0.493026282182157,37739.656,10,2026-09-23T13:49:33.712085+00:00
Falcon3-7B-Base,belief_bank_facts,hidden,23,27416,belief_bank_constraints,std,0,0,0,0,0,0,1.0935569013087525,0.0,0.007093036388915368,0.019472332621044332,0.006024727049438772,0.013160997210096366,0.005915297306739253,37739.656,10,2026-09-23T13:49:33.712085+00:00
Falcon3-7B-Base,belief_bank_facts,hidden,23,27416,halu_eval,2,10546,10000,5273,5273,3259,6741,42.0183,3073,0.3228081423305017,0.6179809757594354,0.453,0.4240892819540956,0.4922420852842144,32092.87,10,2026-09-23T13:49:33.712085+00:00
Falcon3-7B-Base,belief_bank_facts,hidden,23,27416,halu_eval,4,10546,10000,5273,5273,3259,6741,43.1338,3073,0.3182330827067669,0.5194845044492176,0.4807,0.3946846951859191,0.48968891004605186,32136.931,10,2026-09-23T13:49:33.712085+00:00
Falcon3-7B-Base,belief_bank_facts,hidden,23,27416,halu_eval,24,10546,10000,5273,5273,3259,6741,39.8171,3073,0.3206690561529271,0.411782755446456,0.524,0.36055883933369154,0.4884699606748971,32177.673,10,2026-09-23T13:49:33.712085+00:00
Falcon3-7B-Base,belief_bank_facts,hidden,23,27416,halu_eval,42,10546,10000,5273,5273,3259,6741,39.7249,3073,0.3254801029499109,0.5044492175513962,0.4978,0.3956678700361011,0.4934669748657182,32218.352,10,2026-09-23T13:49:33.712085+00:00
Falcon3-7B-Base,belief_bank_facts,hidden,23,27416,halu_eval,64,10546,10000,5273,5273,3259,6741,43.7499,3073,0.31486344537815125,0.36790426511199753,0.5331,0.3393236168105278,0.49100552011685233,32263.026,10,2026-09-23T13:49:33.712085+00:00
Falcon3-7B-Base,belief_bank_facts,hidden,23,27416,halu_eval,67,10546,10000,5273,5273,3259,6741,42.2296,3073,0.320084790673026,0.37066584841976064,0.5383,0.3435233897341106,0.4940545322234562,32306.159,10,2026-09-23T13:49:33.712085+00:00
Falcon3-7B-Base,belief_bank_facts,hidden,23,27416,halu_eval,104,10546,10000,5273,5273,3259,6741,43.3463,3073,0.31643625192012287,0.37925744093280145,0.5307,0.34501046755059317,0.4923141871477609,32350.435,10,2026-09-23T13:49:33.712085+00:00
Falcon3-7B-Base,belief_bank_facts,hidden,23,27416,halu_eval,123,10546,10000,5273,5273,3259,6741,41.3994,3073,0.32347800757355083,0.6814973918379871,0.4317,0.438716049382716,0.4934542295868085,32392.764,10,2026-09-23T13:49:33.712085+00:00
Falcon3-7B-Base,belief_bank_facts,hidden,23,27416,halu_eval,420,10546,10000,5273,5273,3259,6741,42.6044,3073,0.32291180587960805,0.4246701442160172,0.5223,0.3668654738237243,0.4898001581233924,32436.285,10,2026-09-23T13:49:33.712085+00:00
Falcon3-7B-Base,belief_bank_facts,hidden,23,27416,halu_eval,511,10546,10000,5273,5273,3259,6741,44.1707,3073,0.32275437584150796,0.5148818656029457,0.4898,0.3967841097186096,0.49396718154407143,32481.398,10,2026-09-23T13:49:33.712085+00:00
Falcon3-7B-Base,belief_bank_facts,hidden,23,27416,halu_eval,mean,0,0,0,0,0,0,42.219440000000006,3073.0,0.32077190614060735,0.4792574409328014,0.5001399999999999,0.3805223793530089,0.4918463739613224,37739.656,10,2026-09-23T13:49:33.712085+00:00
Falcon3-7B-Base,belief_bank_facts,hidden,23,27416,halu_eval,std,0,0,0,0,0,0,1.4529548748670746,0.0,0.0032059609059465408,0.10266032759181445,0.03454467252703375,0.03300210952726745,0.00189498345680065,37739.656,10,2026-09-23T13:49:33.712085+00:00
Falcon3-7B-Base,belief_bank_facts,hidden,24,27416,belief_bank_facts,2,10546,8225,5273,5273,2260,5965,40.3095,3073,0.6900241629271661,0.8845132743362832,0.8590881458966565,0.7752569323249952,0.9158011705449933,32523.262,10,2026-09-23T13:49:33.712085+00:00
Falcon3-7B-Base,belief_bank_facts,hidden,24,27416,belief_bank_facts,4,10546,8225,5273,5273,2260,5965,40.5251,3073,0.6897536594073546,0.8548672566371681,0.854468085106383,0.7634854771784232,0.9028249597578797,32564.661,10,2026-09-23T13:49:33.712085+00:00
Falcon3-7B-Base,belief_bank_facts,hidden,24,27416,belief_bank_facts,24,10546,8225,5273,5273,2260,5965,40.3725,3073,0.6697372910269532,0.8685840707964602,0.8462006079027355,0.756308996339819,0.9092925546513958,32605.916,10,2026-09-23T13:49:33.712085+00:00
Falcon3-7B-Base,belief_bank_facts,hidden,24,27416,belief_bank_facts,42,10546,8225,5273,5273,2260,5965,44.6913,3073,0.6849363507779349,0.8570796460176991,0.8524012158054711,0.7613993710691824,0.9036056939818558,32651.49,10,2026-09-23T13:49:33.712085+00:00
Falcon3-7B-Base,belief_bank_facts,hidden,24,27416,belief_bank_facts,64,10546,8225,5273,5273,2260,5965,40.555,3073,0.6996117190257677,0.8769911504424779,0.8627355623100303,0.7783231886903593,0.909802869244635,32692.94,10,2026-09-23T13:49:33.712085+00:00
Falcon3-7B-Base,belief_bank_facts,hidden,24,27416,belief_bank_facts,67,10546,8225,5273,5273,2260,5965,40.2653,3073,0.6983734087694484,0.8738938053097345,0.8616413373860182,0.7763364779874213,0.91238322367201,32734.09,10,2026-09-23T13:49:33.712085+00:00
Falcon3-7B-Base,belief_bank_facts,hidden,24,27416,belief_bank_facts,104,10546,8225,5273,5273,2260,5965,41.7543,3073,0.6810135369663312,0.868141592920354,0.8520364741641338,0.7632756273098619,0.9056983955077182,32776.738,10,2026-09-23T13:49:33.712085+00:00
Falcon3-7B-Base,belief_bank_facts,hidden,24,27416,belief_bank_facts,123,10546,8225,5273,5273,2260,5965,40.8144,3073,0.6781923998630606,0.8765486725663717,0.8517933130699088,0.7647172360548157,0.9068971285299943,32818.451,10,2026-09-23T13:49:33.712085+00:00
Falcon3-7B-Base,belief_bank_facts,hidden,24,27416,belief_bank_facts,420,10546,8225,5273,5273,2260,5965,43.0147,3073,0.6842847075405215,0.8592920353982301,0.8524012158054711,0.7618673989799921,0.9062975765712973,32862.386,10,2026-09-23T13:49:33.712085+00:00
Falcon3-7B-Base,belief_bank_facts,hidden,24,27416,belief_bank_facts,511,10546,8225,5273,5273,2260,5965,43.7315,3073,0.6825726141078838,0.8734513274336283,0.8536170212765958,0.7663043478260869,0.909321966634275,32907.05,10,2026-09-23T13:49:33.712085+00:00
Falcon3-7B-Base,belief_bank_facts,hidden,24,27416,belief_bank_facts,mean,0,0,0,0,0,0,41.603359999999995,3073.0,0.6858499850412422,0.8693362831858407,0.8546382978723404,0.7667275053760957,0.9081925539096055,37739.656,10,2026-09-23T13:49:33.712085+00:00
Falcon3-7B-Base,belief_bank_facts,hidden,24,27416,belief_bank_facts,std,0,0,0,0,0,0,1.547341997878942,0.0,0.008570639587065344,0.009171254639418442,0.004811948555625582,0.0069767097132839235,0.0037665859011793744,37739.656,10,2026-09-23T13:49:33.712085+00:00
Falcon3-7B-Base,belief_bank_facts,hidden,24,27416,belief_bank_constraints,2,10546,25610,5273,5273,12021,13589,46.1924,3073,0.45230838695112313,0.3333333333333333,0.49761811792268645,0.38381226053639844,0.5021007127193073,32954.84,10,2026-09-23T13:49:33.712085+00:00
Falcon3-7B-Base,belief_bank_facts,hidden,24,27416,belief_bank_constraints,4,10546,25610,5273,5273,12021,13589,42.7341,3073,0.47871598046057223,0.3424007986024457,0.5163217493166732,0.39924341626655024,0.5207628561367473,32999.176,10,2026-09-23T13:49:33.712085+00:00
Falcon3-7B-Base,belief_bank_facts,hidden,24,27416,belief_bank_constraints,24,10546,25610,5273,5273,12021,13589,41.401,3073,0.46627282491944144,0.361118043424008,0.5060913705583756,0.4070132670760864,0.51362968828638,33042.129,10,2026-09-23T13:49:33.712085+00:00
Falcon3-7B-Base,belief_bank_facts,hidden,24,27416,belief_bank_constraints,42,10546,25610,5273,5273,12021,13589,45.6745,3073,0.47164237888932653,0.39846934531237,0.5081218274111675,0.4319790774225549,0.5157735467335234,33089.375,10,2026-09-23T13:49:33.712085+00:00
Falcon3-7B-Base,belief_bank_facts,hidden,24,27416,belief_bank_constraints,64,10546,25610,5273,5273,12021,13589,41.7305,3073,0.4706130187486834,0.3716828882788454,0.5088246778602109,0.4153381361840576,0.5145039830797735,33132.69,10,2026-09-23T13:49:33.712085+00:00
Falcon3-7B-Base,belief_bank_facts,hidden,24,27416,belief_bank_constraints,67,10546,25610,5273,5273,12021,13589,43.6722,3073,0.4487707328549582,0.3173612844189335,0.4966028894962905,0.371796121235747,0.500099232725344,33177.908,10,2026-09-23T13:49:33.712085+00:00
Falcon3-7B-Base,belief_bank_facts,hidden,24,27416,belief_bank_constraints,104,10546,25610,5273,5273,12021,13589,44.2845,3073,0.47118816930137686,0.30746194160219614,0.5129636860601328,0.3721117543418072,0.5061448839784872,33223.719,10,2026-09-23T13:49:33.712085+00:00
Falcon3-7B-Base,belief_bank_facts,hidden,24,27416,belief_bank_constraints,123,10546,25610,5273,5273,12021,13589,43.6626,3073,0.45751707153251986,0.3399883537143332,0.5009761811792268,0.39009258375489164,0.507714196577115,33268.973,10,2026-09-23T13:49:33.712085+00:00
Falcon3-7B-Base,belief_bank_facts,hidden,24,27416,belief_bank_constraints,420,10546,25610,5273,5273,12021,13589,43.4612,3073,0.47393635222995323,0.3456451210381832,0.5127684498242874,0.39974985568597265,0.5158261719107856,33314.024,10,2026-09-23T13:49:33.712085+00:00
Falcon3-7B-Base,belief_bank_facts,hidden,24,27416,belief_bank_constraints,511,10546,25610,5273,5273,12021,13589,43.3744,3073,0.4628930817610063,0.3061309375259962,0.5075751659508004,0.3685343748435231,0.5118724609836482,33358.992,10,2026-09-23T13:49:33.712085+00:00
Falcon3-7B-Base,belief_bank_facts,hidden,24,27416,belief_bank_constraints,mean,0,0,0,0,0,0,43.61874,3073.0,0.46538579976489614,0.3423592047250644,0.5067864115579852,0.39396708473475894,0.5108427733131111,37739.656,10,2026-09-23T13:49:33.712085+00:00
Falcon3-7B-Base,belief_bank_facts,hidden,24,27416,belief_bank_constraints,std,0,0,0,0,0,0,1.4369698272406417,0.0,0.009310952006695822,0.027592044008247253,0.006272397911389381,0.019665397148164423,0.006272893147800839,37739.656,10,2026-09-23T13:49:33.712085+00:00
Falcon3-7B-Base,belief_bank_facts,hidden,24,27416,halu_eval,2,10546,10000,5273,5273,3259,6741,45.1587,3073,0.3220910623946037,0.41024854249769865,0.5264,0.36086369770580295,0.49600569786797427,33405.152,10,2026-09-23T13:49:33.712085+00:00
Falcon3-7B-Base,belief_bank_facts,hidden,24,27416,halu_eval,4,10546,10000,5273,5273,3259,6741,44.8849,3073,0.3232876712328767,0.4706965326787358,0.5064,0.38330834582708645,0.4904621388061925,33451.055,10,2026-09-23T13:49:33.712085+00:00
Falcon3-7B-Base,belief_bank_facts,hidden,24,27416,halu_eval,24,10546,10000,5273,5273,3259,6741,44.1591,3073,0.3229995810640972,0.47315127339674745,0.5051,0.3839163450765592,0.4913442486633048,33496.19,10,2026-09-23T13:49:33.712085+00:00
Falcon3-7B-Base,belief_bank_facts,hidden,24,27416,halu_eval,42,10546,10000,5273,5273,3259,6741,45.1023,3073,0.3216172287687932,0.4857318195765572,0.4985,0.38699425498105366,0.49300575508517286,33542.257,10,2026-09-23T13:49:33.712085+00:00
Falcon3-7B-Base,belief_bank_facts,hidden,24,27416,halu_eval,64,10546,10000,5273,5273,3259,6741,42.7957,3073,0.3147349733705301,0.3807916538815588,0.528,0.3446264926409331,0.49006068527996305,33586.026,10,2026-09-23T13:49:33.712085+00:00
Falcon3-7B-Base,belief_bank_facts,hidden,24,27416,halu_eval,67,10546,10000,5273,5273,3259,6741,43.2231,3073,0.3232261976955731,0.3270942006750537,0.5575,0.3251486960500229,0.49616556008058477,33630.238,10,2026-09-23T13:49:33.712085+00:00
Falcon3-7B-Base,belief_bank_facts,hidden,24,27416,halu_eval,104,10546,10000,5273,5273,3259,6741,43.8402,3073,0.3198044009779951,0.4013501073949064,0.5267,0.35596679820383725,0.4907744208989072,33675.059,10,2026-09-23T13:49:33.712085+00:00
Falcon3-7B-Base,belief_bank_facts,hidden,24,27416,halu_eval,123,10546,10000,5273,5273,3259,6741,44.4552,3073,0.32056265037941883,0.5314513654495244,0.4802,0.3999076425767721,0.4894663683725176,33720.473,10,2026-09-23T13:49:33.712085+00:00
Falcon3-7B-Base,belief_bank_facts,hidden,24,27416,halu_eval,420,10546,10000,5273,5273,3259,6741,44.3114,3073,0.3203600097299927,0.40411169070266956,0.5264,0.35739484396200816,0.4933842671093649,33765.761,10,2026-09-23T13:49:33.712085+00:00
Falcon3-7B-Base,belief_bank_facts,hidden,24,27416,halu_eval,511,10546,10000,5273,5273,3259,6741,43.5057,3073,0.3213474640423921,0.5210187173979748,0.4853,0.39751843614655274,0.49394790430972046,33810.254,10,2026-09-23T13:49:33.712085+00:00
Falcon3-7B-Base,belief_bank_facts,hidden,24,27416,halu_eval,mean,0,0,0,0,0,0,44.143629999999995,3073.0,0.32100312396562725,0.4405645903651427,0.5140499999999999,0.3695645553170629,0.49246170464737027,37739.656,10,2026-09-23T13:49:33.712085+00:00
Falcon3-7B-Base,belief_bank_facts,hidden,24,27416,halu_eval,std,0,0,0,0,0,0,0.7607676163586363,0.0,0.002390828734522884,0.06243169266814746,0.022136813230453918,0.02324685741289754,0.0022905275835237897,37739.656,10,2026-09-23T13:49:33.712085+00:00
Falcon3-7B-Base,belief_bank_facts,hidden,25,27416,belief_bank_facts,2,10546,8225,5273,5273,2260,5965,43.3526,3073,0.6923611111111111,0.8823008849557522,0.8599392097264438,0.775875486381323,0.9177911712126046,33855.262,10,2026-09-23T13:49:33.712085+00:00
Falcon3-7B-Base,belief_bank_facts,hidden,25,27416,belief_bank_facts,4,10546,8225,5273,5273,2260,5965,39.0116,3073,0.687875574407918,0.8610619469026549,0.854468085106383,0.7647867950481431,0.9062181308369619,33895.188,10,2026-09-23T13:49:33.712085+00:00
Falcon3-7B-Base,belief_bank_facts,hidden,25,27416,belief_bank_facts,24,10546,8225,5273,5273,2260,5965,42.1371,3073,0.6761970375473648,0.8685840707964602,0.8496048632218844,0.7604106139841178,0.9107196107084838,33938.294,10,2026-09-23T13:49:33.712085+00:00
Falcon3-7B-Base,belief_bank_facts,hidden,25,27416,belief_bank_facts,42,10546,8225,5273,5273,2260,5965,43.8582,3073,0.69140625,0.8615044247787611,0.8562917933130699,0.7671394799054374,0.9042885489841183,33983.114,10,2026-09-23T13:49:33.712085+00:00
Falcon3-7B-Base,belief_bank_facts,hidden,25,27416,belief_bank_facts,64,10546,8225,5273,5273,2260,5965,39.2146,3073,0.7001763668430335,0.8783185840707964,0.8632218844984803,0.7791952894995093,0.9145178734357498,34023.315,10,2026-09-23T13:49:33.712085+00:00
Falcon3-7B-Base,belief_bank_facts,hidden,25,27416,belief_bank_facts,67,10546,8225,5273,5273,2260,5965,41.751,3073,0.6896072297532152,0.8778761061946903,0.857872340425532,0.7724352735059373,0.9114318035146021,34066.034,10,2026-09-23T13:49:33.712085+00:00
Falcon3-7B-Base,belief_bank_facts,hidden,25,27416,belief_bank_facts,104,10546,8225,5273,5273,2260,5965,44.0278,3073,0.6831304347826087,0.8690265486725663,0.8532522796352584,0.7649464459591042,0.9097581022038588,34111.035,10,2026-09-23T13:49:33.712085+00:00
Falcon3-7B-Base,belief_bank_facts,hidden,25,27416,belief_bank_facts,123,10546,8225,5273,5273,2260,5965,43.4682,3073,0.6806922293858161,0.8876106194690265,0.8547112462006079,0.7705012483195698,0.9105311218093747,34155.47,10,2026-09-23T13:49:33.712085+00:00
Falcon3-7B-Base,belief_bank_facts,hidden,25,27416,belief_bank_facts,420,10546,8225,5273,5273,2260,5965,41.5714,3073,0.6952212389380531,0.8690265486725663,0.8593313069908814,0.7724680432645035,0.9103058401145323,34197.974,10,2026-09-23T13:49:33.712085+00:00
Falcon3-7B-Base,belief_bank_facts,hidden,25,27416,belief_bank_facts,511,10546,8225,5273,5273,2260,5965,37.6842,3073,0.690179806362379,0.8831858407079646,0.8589665653495441,0.7748447204968945,0.9123868213546572,34236.555,10,2026-09-23T13:49:33.712085+00:00
Falcon3-7B-Base,belief_bank_facts,hidden,25,27416,belief_bank_facts,mean,0,0,0,0,0,0,41.60767,3073.0,0.68868472791315,0.873849557522124,0.8567659574468085,0.7702603396364539,0.9107949024174943,37739.656,10,2026-09-23T13:49:33.712085+00:00
Falcon3-7B-Base,belief_bank_facts,hidden,25,27416,belief_bank_facts,std,0,0,0,0,0,0,2.1351909170142145,0.0,0.006709097046036792,0.008799526717493124,0.003711473970441991,0.00554072284811471,0.0036113293665409516,37739.656,10,2026-09-23T13:49:33.712085+00:00
Falcon3-7B-Base,belief_bank_facts,hidden,25,27416,belief_bank_constraints,2,10546,25610,5273,5273,12021,13589,40.1664,3073,0.45458005582339506,0.2980617253140338,0.502655212807497,0.3600462241873085,0.5009707696937674,34278.196,10,2026-09-23T13:49:33.712085+00:00
Falcon3-7B-Base,belief_bank_facts,hidden,25,27416,belief_bank_constraints,4,10546,25610,5273,5273,12021,13589,39.9209,3073,0.4576520842539402,0.2584643540470843,0.5081608746583366,0.33035619351408824,0.4978780113191299,34319.602,10,2026-09-23T13:49:33.712085+00:00
Falcon3-7B-Base,belief_bank_facts,hidden,25,27416,belief_bank_constraints,24,10546,25610,5273,5273,12021,13589,37.5365,3073,0.4672949002217295,0.2805091090591465,0.5121827411167512,0.3505744138898997,0.5018506382932328,34358.63,10,2026-09-23T13:49:33.712085+00:00
Falcon3-7B-Base,belief_bank_facts,hidden,25,27416,belief_bank_constraints,42,10546,25610,5273,5273,12021,13589,40.9235,3073,0.46830118998768977,0.37975210049080776,0.5064818430300664,0.41940373926225366,0.5040398554620565,34401.065,10,2026-09-23T13:49:33.712085+00:00
Falcon3-7B-Base,belief_bank_facts,hidden,25,27416,belief_bank_constraints,64,10546,25610,5273,5273,12021,13589,37.197,3073,0.46426482629547317,0.33017219865235836,0.5067551737602499,0.3859017987360233,0.5008446688356945,34439.764,10,2026-09-23T13:49:33.712085+00:00
Falcon3-7B-Base,belief_bank_facts,hidden,25,27416,belief_bank_constraints,67,10546,25610,5273,5273,12021,13589,40.3775,3073,0.470974930362117,0.3516346393810831,0.5102694260054667,0.4026481234520861,0.5083834175467786,34481.646,10,2026-09-23T13:49:33.712085+00:00
Falcon3-7B-Base,belief_bank_facts,hidden,25,27416,belief_bank_constraints,104,10546,25610,5273,5273,12021,13589,43.4194,3073,0.479682641792645,0.37218201480742036,0.5158141351034752,0.41914933483230277,0.5096321704880173,34526.582,10,2026-09-23T13:49:33.712085+00:00
Falcon3-7B-Base,belief_bank_facts,hidden,25,27416,belief_bank_constraints,123,10546,25610,5273,5273,12021,13589,40.8481,3073,0.4566118148455073,0.3208551701189585,0.5019914096056228,0.37688098495212036,0.5023250209183013,34568.935,10,2026-09-23T13:49:33.712085+00:00
Falcon3-7B-Base,belief_bank_facts,hidden,25,27416,belief_bank_constraints,420,10546,25610,5273,5273,12021,13589,38.3914,3073,0.45692789968652037,0.3031361783545462,0.5037875829754003,0.3644728945789158,0.49419720875178275,34608.848,10,2026-09-23T13:49:33.712085+00:00
Falcon3-7B-Base,belief_bank_facts,hidden,25,27416,belief_bank_constraints,511,10546,25610,5273,5273,12021,13589,39.0268,3073,0.45726264538815253,0.28125779885200897,0.5059351815696993,0.34828740664434715,0.5000166785663294,34649.409,10,2026-09-23T13:49:33.712085+00:00
Falcon3-7B-Base,belief_bank_facts,hidden,25,27416,belief_bank_constraints,mean,0,0,0,0,0,0,39.78075,3073.0,0.463355298865717,0.31760252890774476,0.5074033580632566,0.37577211140493455,0.502013843987509,37739.656,10,2026-09-23T13:49:33.712085+00:00
Falcon3-7B-Base,belief_bank_facts,hidden,25,27416,belief_bank_constraints,std,0,0,0,0,0,0,1.7441479887039408,0.0,0.007738788405633435,0.0386698248933105,0.0041316416066815185,0.029050605905285586,0.004329978038949666,37739.656,10,2026-09-23T13:49:33.712085+00:00
Falcon3-7B-Base,belief_bank_facts,hidden,25,27416,halu_eval,2,10546,10000,5273,5273,3259,6741,41.2874,3073,0.31708623460096413,0.3633016262657257,0.5375,0.3386243386243386,0.4918446374170709,34691.681,10,2026-09-23T13:49:33.712085+00:00
Falcon3-7B-Base,belief_bank_facts,hidden,25,27416,halu_eval,4,10546,10000,5273,5273,3259,6741,39.9382,3073,0.32100521574205787,0.4154648665234735,0.5231,0.3621773438544871,0.4912766986850833,34732.562,10,2026-09-23T13:49:33.712085+00:00
Falcon3-7B-Base,belief_bank_facts,hidden,25,27416,halu_eval,24,10546,10000,5273,5273,3259,6741,39.8196,3073,0.3169267707082833,0.4050322184719239,0.5216,0.35560344827586204,0.48767044477700516,34773.311,10,2026-09-23T13:49:33.712085+00:00
Falcon3-7B-Base,belief_bank_facts,hidden,25,27416,halu_eval,42,10546,10000,5273,5273,3259,6741,42.0193,3073,0.3165001350256549,0.3596195151887082,0.5382,0.33668486067222064,0.489213898052972,34816.254,10,2026-09-23T13:49:33.712085+00:00
Falcon3-7B-Base,belief_bank_facts,hidden,25,27416,halu_eval,64,10546,10000,5273,5273,3259,6741,37.8061,3073,0.3111111111111111,0.30070573795642835,0.5551,0.30581994070837887,0.48823196535068475,34855.003,10,2026-09-23T13:49:33.712085+00:00
Falcon3-7B-Base,belief_bank_facts,hidden,25,27416,halu_eval,67,10546,10000,5273,5273,3259,6741,39.7272,3073,0.31440225917791026,0.3074562749309604,0.5558,0.3108904747130003,0.49226168115053814,34895.709,10,2026-09-23T13:49:33.712085+00:00
Falcon3-7B-Base,belief_bank_facts,hidden,25,27416,halu_eval,104,10546,10000,5273,5273,3259,6741,39.3094,3073,0.3156297420333839,0.38293955200981894,0.5283,0.3460418688479135,0.49117999388135575,34936.031,10,2026-09-23T13:49:33.712085+00:00
Falcon3-7B-Base,belief_bank_facts,hidden,25,27416,halu_eval,123,10546,10000,5273,5273,3259,6741,41.1701,3073,0.32354881266490765,0.6020251610923596,0.4601,0.4208945618363188,0.4877601396773323,34978.144,10,2026-09-23T13:49:33.712085+00:00
Falcon3-7B-Base,belief_bank_facts,hidden,25,27416,halu_eval,420,10546,10000,5273,5273,3259,6741,37.3551,3073,0.3179544191217343,0.3510279226756674,0.5431,0.33367361820037916,0.49692781879709236,35016.458,10,2026-09-23T13:49:33.712085+00:00
Falcon3-7B-Base,belief_bank_facts,hidden,25,27416,halu_eval,511,10546,10000,5273,5273,3259,6741,38.9573,3073,0.3127403229941041,0.3743479594967781,0.528,0.3407821229050279,0.49013210436071064,35056.376,10,2026-09-23T13:49:33.712085+00:00
Falcon3-7B-Base,belief_bank_facts,hidden,25,27416,halu_eval,mean,0,0,0,0,0,0,39.73897,3073.0,0.3166905023180111,0.3861920834611844,0.5290799999999999,0.34511925786379266,0.49064993821498454,37739.656,10,2026-09-23T13:49:33.712085+00:00
Falcon3-7B-Base,belief_bank_facts,hidden,25,27416,halu_eval,std,0,0,0,0,0,0,1.410899243780363,0.0,0.003472666366224371,0.07995027303276382,0.02567753103396041,0.03020401763532866,0.002636586173985678,37739.656,10,2026-09-23T13:49:33.712085+00:00
Falcon3-7B-Base,belief_bank_facts,hidden,26,27416,belief_bank_facts,2,10546,8225,5273,5273,2260,5965,44.7518,3073,0.6722602739726027,0.8685840707964602,0.8475379939209726,0.7579150579150579,0.9061433583811169,35102.83,10,2026-09-23T13:49:33.712085+00:00
Falcon3-7B-Base,belief_bank_facts,hidden,26,27416,belief_bank_facts,4,10546,8225,5273,5273,2260,5965,44.0563,3073,0.6718858733472513,0.8544247787610619,0.8453495440729484,0.7522399688352162,0.8986317308191589,35147.781,10,2026-09-23T13:49:33.712085+00:00
Falcon3-7B-Base,belief_bank_facts,hidden,26,27416,belief_bank_facts,24,10546,8225,5273,5273,2260,5965,43.7025,3073,0.6490933512424446,0.8553097345132743,0.8331914893617022,0.7380679648720886,0.8959619535787671,35192.4,10,2026-09-23T13:49:33.712085+00:00
Falcon3-7B-Base,belief_bank_facts,hidden,26,27416,belief_bank_facts,42,10546,8225,5273,5273,2260,5965,39.9085,3073,0.678319209039548,0.85,0.8480243161094225,0.7545168892380204,0.8971304957384151,35233.201,10,2026-09-23T13:49:33.712085+00:00
Falcon3-7B-Base,belief_bank_facts,hidden,26,27416,belief_bank_facts,64,10546,8225,5273,5273,2260,5965,41.5868,3073,0.6792780284623394,0.8659292035398231,0.8508206686930091,0.761330480451274,0.9080279877456251,35275.666,10,2026-09-23T13:49:33.712085+00:00
Falcon3-7B-Base,belief_bank_facts,hidden,26,27416,belief_bank_facts,67,10546,8225,5273,5273,2260,5965,42.3901,3073,0.6582998661311914,0.870353982300885,0.8402431610942249,0.7496189024390244,0.9050526300172838,35318.964,10,2026-09-23T13:49:33.712085+00:00
Falcon3-7B-Base,belief_bank_facts,hidden,26,27416,belief_bank_facts,104,10546,8225,5273,5273,2260,5965,43.9889,3073,0.6601709401709401,0.8544247787610619,0.8391489361702128,0.744840887174542,0.8981433361274097,35363.872,10,2026-09-23T13:49:33.712085+00:00
Falcon3-7B-Base,belief_bank_facts,hidden,26,27416,belief_bank_facts,123,10546,8225,5273,5273,2260,5965,42.1283,3073,0.6571240539651201,0.8836283185840708,0.841337386018237,0.7537271183242121,0.9009414430787261,35406.902,10,2026-09-23T13:49:33.712085+00:00
Falcon3-7B-Base,belief_bank_facts,hidden,26,27416,belief_bank_facts,420,10546,8225,5273,5273,2260,5965,44.1749,3073,0.6674616695059625,0.8668141592920354,0.844741641337386,0.754186717998075,0.9035171984066345,35451.979,10,2026-09-23T13:49:33.712085+00:00
Falcon3-7B-Base,belief_bank_facts,hidden,26,27416,belief_bank_facts,511,10546,8225,5273,5273,2260,5965,46.2009,3073,0.6718480138169257,0.8606194690265486,0.8462006079027355,0.7546071774975752,0.9029405306767351,35499.118,10,2026-09-23T13:49:33.712085+00:00
Falcon3-7B-Base,belief_bank_facts,hidden,26,27416,belief_bank_facts,mean,0,0,0,0,0,0,43.2889,3073.0,0.6665741279654326,0.8630088495575221,0.843659574468085,0.7521051164745085,0.9016490664569872,37739.656,10,2026-09-23T13:49:33.712085+00:00
Falcon3-7B-Base,belief_bank_facts,hidden,26,27416,belief_bank_facts,std,0,0,0,0,0,0,1.7068645669765377,0.0,0.009448969207978119,0.009564484517468427,0.004927973190103815,0.006276255013915373,0.003902400069136175,37739.656,10,2026-09-23T13:49:33.712085+00:00
Falcon3-7B-Base,belief_bank_facts,hidden,26,27416,belief_bank_constraints,2,10546,25610,5273,5273,12021,13589,46.0934,3073,0.46972084646555606,0.34714250062390817,0.5096056228035923,0.39923463286295147,0.5057355841862068,35546.799,10,2026-09-23T13:49:33.712085+00:00
Falcon3-7B-Base,belief_bank_facts,hidden,26,27416,belief_bank_constraints,4,10546,25610,5273,5273,12021,13589,45.7762,3073,0.46838463373896444,0.3265951251975709,0.509918000780945,0.384845365877567,0.5041605386173578,35594.213,10,2026-09-23T13:49:33.712085+00:00
Falcon3-7B-Base,belief_bank_facts,hidden,26,27416,belief_bank_constraints,24,10546,25610,5273,5273,12021,13589,47.6006,3073,0.47149959532893976,0.33923966392147076,0.5113627489262007,0.394581519109821,0.5014022086070352,35643.374,10,2026-09-23T13:49:33.712085+00:00
Falcon3-7B-Base,belief_bank_facts,hidden,26,27416,belief_bank_constraints,42,10546,25610,5273,5273,12021,13589,44.5337,3073,0.47126314671199404,0.3690208801264454,0.5094884810620851,0.4139218064756928,0.5016831302695691,35689.544,10,2026-09-23T13:49:33.712085+00:00
Falcon3-7B-Base,belief_bank_facts,hidden,26,27416,belief_bank_constraints,64,10546,25610,5273,5273,12021,13589,45.7917,3073,0.4671106437667952,0.33258464354047085,0.5086294416243655,0.38853255587949465,0.49978006881510967,35736.998,10,2026-09-23T13:49:33.712085+00:00
Falcon3-7B-Base,belief_bank_facts,hidden,26,27416,belief_bank_constraints,67,10546,25610,5273,5273,12021,13589,44.45,3073,0.47620545073375264,0.37792196988603277,0.5128855915657946,0.42140902555540094,0.5049739255760315,35783.009,10,2026-09-23T13:49:33.712085+00:00
Falcon3-7B-Base,belief_bank_facts,hidden,26,27416,belief_bank_constraints,104,10546,25610,5273,5273,12021,13589,46.3626,3073,0.47458360372052777,0.3650278678978454,0.5122608356110894,0.412658108807072,0.5137843713526349,35830.923,10,2026-09-23T13:49:33.712085+00:00
Falcon3-7B-Base,belief_bank_facts,hidden,26,27416,belief_bank_constraints,123,10546,25610,5273,5273,12021,13589,44.4361,3073,0.45763278031399623,0.34190167207387073,0.5008980866848887,0.39139129606704126,0.49616456027913325,35876.962,10,2026-09-23T13:49:33.712085+00:00
Falcon3-7B-Base,belief_bank_facts,hidden,26,27416,belief_bank_constraints,420,10546,25610,5273,5273,12021,13589,46.1735,3073,0.45958244111349034,0.2856667498544214,0.5070285044904335,0.35233160621761656,0.49617149616302064,35924.732,10,2026-09-23T13:49:33.712085+00:00
Falcon3-7B-Base,belief_bank_facts,hidden,26,27416,belief_bank_constraints,511,10546,25610,5273,5273,12021,13589,47.5739,3073,0.46425,0.30895932118792113,0.5082780163998438,0.37101043903900904,0.5058272964055,35973.945,10,2026-09-23T13:49:33.712085+00:00
Falcon3-7B-Base,belief_bank_facts,hidden,26,27416,belief_bank_constraints,mean,0,0,0,0,0,0,45.87917,3073.0,0.4680233141894016,0.3394060394309958,0.5090355329949239,0.39299163558916667,0.5029683180271599,37739.656,10,2026-09-23T13:49:33.712085+00:00
Falcon3-7B-Base,belief_bank_facts,hidden,26,27416,belief_bank_constraints,std,0,0,0,0,0,0,1.1025053959505133,0.0,0.005743347194062688,0.026662084199225857,0.003208353365049303,0.01974616468624206,0.004949945724460021,37739.656,10,2026-09-23T13:49:33.712085+00:00
Falcon3-7B-Base,belief_bank_facts,hidden,26,27416,halu_eval,2,10546,10000,5273,5273,3259,6741,48.3255,3073,0.31756756756756754,0.25958883092973306,0.5769,0.28566604761100794,0.4976603309430018,36023.325,10,2026-09-23T13:49:33.712085+00:00
Falcon3-7B-Base,belief_bank_facts,hidden,26,27416,halu_eval,4,10546,10000,5273,5273,3259,6741,47.1529,3073,0.324792243767313,0.28781834918686716,0.5729,0.305189523344721,0.49618406349443045,36071.492,10,2026-09-23T13:49:33.712085+00:00
Falcon3-7B-Base,belief_bank_facts,hidden,26,27416,halu_eval,24,10546,10000,5273,5273,3259,6741,47.504,3073,0.313953488372093,0.2899662473151273,0.5621,0.30148349018982296,0.4935393043235309,36120.016,10,2026-09-23T13:49:33.712085+00:00
Falcon3-7B-Base,belief_bank_facts,hidden,26,27416,halu_eval,42,10546,10000,5273,5273,3259,6741,45.4795,3073,0.30513961958721164,0.23135931267259896,0.5778,0.2631762652705061,0.49229882453478935,36166.503,10,2026-09-23T13:49:33.712085+00:00
Falcon3-7B-Base,belief_bank_facts,hidden,26,27416,halu_eval,64,10546,10000,5273,5273,3259,6741,44.3088,3073,0.32377740303541314,0.23565510892911937,0.5905,0.27277570591369205,0.4951538808076993,36211.815,10,2026-09-23T13:49:33.712085+00:00
Falcon3-7B-Base,belief_bank_facts,hidden,26,27416,halu_eval,67,10546,10000,5273,5273,3259,6741,44.9701,3073,0.31308237048080506,0.2577477753912243,0.5738,0.282733086502861,0.49538586764328274,36257.796,10,2026-09-23T13:49:33.712085+00:00
Falcon3-7B-Base,belief_bank_facts,hidden,26,27416,halu_eval,104,10546,10000,5273,5273,3259,6741,47.0455,3073,0.3088471849865952,0.35348266339367906,0.5315,0.3296608956932322,0.49138325832053914,36305.872,10,2026-09-23T13:49:33.712085+00:00
Falcon3-7B-Base,belief_bank_facts,hidden,26,27416,halu_eval,123,10546,10000,5273,5273,3259,6741,43.474,3073,0.3069504489524443,0.2832157103405953,0.558,0.2946058091286307,0.4896599828148121,36350.358,10,2026-09-23T13:49:33.712085+00:00
Falcon3-7B-Base,belief_bank_facts,hidden,26,27416,halu_eval,420,10546,10000,5273,5273,3259,6741,45.9027,3073,0.3184098803550753,0.25314513654495246,0.58,0.28205128205128205,0.4960298683790495,36397.26,10,2026-09-23T13:49:33.712085+00:00
Falcon3-7B-Base,belief_bank_facts,hidden,26,27416,halu_eval,511,10546,10000,5273,5273,3259,6741,47.3529,3073,0.3101524730383042,0.25590671985271557,0.572,0.2804303967720242,0.4921439921554629,36445.6,10,2026-09-23T13:49:33.712085+00:00
Falcon3-7B-Base,belief_bank_facts,hidden,26,27416,halu_eval,mean,0,0,0,0,0,0,46.15158999999999,3073.0,0.3142672680142823,0.27078858545566126,0.56955,0.289777250247778,0.4939439373416598,37739.656,10,2026-09-23T13:49:33.712085+00:00
Falcon3-7B-Base,belief_bank_facts,hidden,26,27416,halu_eval,std,0,0,0,0,0,0,1.492470201679082,0.0,0.006433755368456747,0.03356758360825266,0.01530419877027216,0.017885289392238657,0.0024029825466746067,37739.656,10,2026-09-23T13:49:33.712085+00:00
Falcon3-7B-Base,belief_bank_facts,hidden,27,27416,belief_bank_facts,2,10546,8225,5273,5273,2260,5965,43.6301,3073,0.6713890808569454,0.8597345132743363,0.8458358662613982,0.753977493209158,0.9018371176998567,36490.963,10,2026-09-23T13:49:33.712085+00:00
Falcon3-7B-Base,belief_bank_facts,hidden,27,27416,belief_bank_facts,4,10546,8225,5273,5273,2260,5965,41.3218,3073,0.6551488197057818,0.8473451327433629,0.835501519756839,0.7389542735867258,0.8934400522220326,36533.239,10,2026-09-23T13:49:33.712085+00:00
Falcon3-7B-Base,belief_bank_facts,hidden,27,27416,belief_bank_facts,24,10546,8225,5273,5273,2260,5965,42.4102,3073,0.6551959114139694,0.8508849557522123,0.8359878419452887,0.7403272377285852,0.8982108761284484,36576.591,10,2026-09-23T13:49:33.712085+00:00
Falcon3-7B-Base,belief_bank_facts,hidden,27,27416,belief_bank_facts,42,10546,8225,5273,5273,2260,5965,41.9905,3073,0.6712089447938504,0.85,0.8443768996960487,0.7500976181179226,0.8962995052259122,36619.557,10,2026-09-23T13:49:33.712085+00:00
Falcon3-7B-Base,belief_bank_facts,hidden,27,27416,belief_bank_facts,64,10546,8225,5273,5273,2260,5965,41.7816,3073,0.6688423222260391,0.8615044247787611,0.844741641337386,0.7530458325275575,0.8960312367868614,36662.315,10,2026-09-23T13:49:33.712085+00:00
Falcon3-7B-Base,belief_bank_facts,hidden,27,27416,belief_bank_facts,67,10546,8225,5273,5273,2260,5965,40.6151,3073,0.6756850502948317,0.8619469026548673,0.8483890577507599,0.7575345129301964,0.9018337796437923,36703.881,10,2026-09-23T13:49:33.712085+00:00
Falcon3-7B-Base,belief_bank_facts,hidden,27,27416,belief_bank_facts,104,10546,8225,5273,5273,2260,5965,43.686,3073,0.6629059829059829,0.8579646017699115,0.8410942249240122,0.7479267116682738,0.8968438309014977,36748.531,10,2026-09-23T13:49:33.712085+00:00
Falcon3-7B-Base,belief_bank_facts,hidden,27,27416,belief_bank_facts,123,10546,8225,5273,5273,2260,5965,42.591,3073,0.6569148936170213,0.8743362831858407,0.84,0.7501898253606681,0.8990453159655513,36792.09,10,2026-09-23T13:49:33.712085+00:00
Falcon3-7B-Base,belief_bank_facts,hidden,27,27416,belief_bank_facts,420,10546,8225,5273,5273,2260,5965,38.4942,3073,0.6565758493104609,0.863716814159292,0.8384194528875379,0.7460347792853048,0.9019894814144457,36831.567,10,2026-09-23T13:49:33.712085+00:00
Falcon3-7B-Base,belief_bank_facts,hidden,27,27416,belief_bank_facts,511,10546,8225,5273,5273,2260,5965,44.2795,3073,0.6676986584107327,0.8588495575221239,0.8437689969604864,0.75130636733114,0.8964559116972903,36876.829,10,2026-09-23T13:49:33.712085+00:00
Falcon3-7B-Base,belief_bank_facts,hidden,27,27416,belief_bank_facts,mean,0,0,0,0,0,0,42.08,3073.0,0.6641565513535616,0.8586283185840708,0.8418115501519757,0.7489394651745532,0.8981987107685688,37739.656,10,2026-09-23T13:49:33.712085+00:00
Falcon3-7B-Base,belief_bank_facts,hidden,27,27416,belief_bank_facts,std,0,0,0,0,0,0,1.6082852048066598,0.0,0.007364508567539365,0.007452173453747854,0.004092571699533796,0.005549442785519679,0.002781391118570805,37739.656,10,2026-09-23T13:49:33.712085+00:00
Falcon3-7B-Base,belief_bank_facts,hidden,27,27416,belief_bank_constraints,2,10546,25610,5273,5273,12021,13589,43.0355,3073,0.4652604110035881,0.3559604026287331,0.5056618508395159,0.4033367895183335,0.4995571992151566,36921.443,10,2026-09-23T13:49:33.712085+00:00
Falcon3-7B-Base,belief_bank_facts,hidden,27,27416,belief_bank_constraints,4,10546,25610,5273,5273,12021,13589,41.1862,3073,0.4706249220406636,0.31386739871890856,0.5122217883639203,0.376584489470007,0.5044590448575321,36964.205,10,2026-09-23T13:49:33.712085+00:00
Falcon3-7B-Base,belief_bank_facts,hidden,27,27416,belief_bank_constraints,24,10546,25610,5273,5273,12021,13589,40.3088,3073,0.47258047604068365,0.3749272107145828,0.5101913315111285,0.4181278411726505,0.5023003627185675,37006.07,10,2026-09-23T13:49:33.712085+00:00
Falcon3-7B-Base,belief_bank_facts,hidden,27,27416,belief_bank_constraints,42,10546,25610,5273,5273,12021,13589,42.2367,3073,0.47552972060753795,0.42192829215539474,0.5102303787582976,0.44712831136774367,0.5085062953308297,37049.91,10,2026-09-23T13:49:33.712085+00:00
Falcon3-7B-Base,belief_bank_facts,hidden,27,27416,belief_bank_constraints,64,10546,25610,5273,5273,12021,13589,41.1331,3073,0.4685558583106267,0.35762415772398304,0.5080827801639984,0.40564257407057935,0.5028286254689978,37092.636,10,2026-09-23T13:49:33.712085+00:00
Falcon3-7B-Base,belief_bank_facts,hidden,27,27416,belief_bank_constraints,67,10546,25610,5273,5273,12021,13589,39.5871,3073,0.47381828474384374,0.41776890441726977,0.508941819601718,0.4440318302387268,0.5056301134505528,37133.812,10,2026-09-23T13:49:33.712085+00:00
Falcon3-7B-Base,belief_bank_facts,hidden,27,27416,belief_bank_constraints,104,10546,25610,5273,5273,12021,13589,42.2404,3073,0.4743975903614458,0.34065385575243323,0.5133541585318235,0.3965525589502736,0.5080029448306023,37177.622,10,2026-09-23T13:49:33.712085+00:00
Falcon3-7B-Base,belief_bank_facts,hidden,27,27416,belief_bank_constraints,123,10546,25610,5273,5273,12021,13589,40.7997,3073,0.46716282812028564,0.3864071208718077,0.5051151893791488,0.42296485157530506,0.4982003646340468,37219.936,10,2026-09-23T13:49:33.712085+00:00
Falcon3-7B-Base,belief_bank_facts,hidden,27,27416,belief_bank_constraints,420,10546,25610,5273,5273,12021,13589,42.5325,3073,0.4561186650185414,0.276266533566259,0.5056618508395159,0.3441094187130867,0.499600620419405,37264.006,10,2026-09-23T13:49:33.712085+00:00
Falcon3-7B-Base,belief_bank_facts,hidden,27,27416,belief_bank_constraints,511,10546,25610,5273,5273,12021,13589,44.3098,3073,0.4674390731122653,0.2919890192163713,0.511518937914877,0.35944700460829493,0.5023335453828319,37309.911,10,2026-09-23T13:49:33.712085+00:00
Falcon3-7B-Base,belief_bank_facts,hidden,27,27416,belief_bank_constraints,mean,0,0,0,0,0,0,41.73698,3073.0,0.4691487829359482,0.3537392895765743,0.5090980085903944,0.4017925669685001,0.5031419116308522,37739.656,10,2026-09-23T13:49:33.712085+00:00
Falcon3-7B-Base,belief_bank_facts,hidden,27,27416,belief_bank_constraints,std,0,0,0,0,0,0,1.3285242329743185,0.0,0.005441949920409275,0.04675659575831339,0.002770263908059567,0.03217949063933426,0.0033406862548450863,37739.656,10,2026-09-23T13:49:33.712085+00:00
Falcon3-7B-Base,belief_bank_facts,hidden,27,27416,halu_eval,2,10546,10000,5273,5273,3259,6741,43.8086,3073,0.31602914389799636,0.2129487572875115,0.5933,0.2544454628780935,0.5009009319029307,37354.71,10,2026-09-23T13:49:33.712085+00:00
Falcon3-7B-Base,belief_bank_facts,hidden,27,27416,halu_eval,4,10546,10000,5273,5273,3259,6741,41.8413,3073,0.3172329103561195,0.23780300705737956,0.5848,0.2718344440547176,0.49914631666674175,37397.528,10,2026-09-23T13:49:33.712085+00:00
Falcon3-7B-Base,belief_bank_facts,hidden,27,27416,halu_eval,24,10546,10000,5273,5273,3259,6741,41.1092,3073,0.32070075080443333,0.27523780300705736,0.5738,0.2962351387054161,0.5005387156282018,37439.636,10,2026-09-23T13:49:33.712085+00:00
Falcon3-7B-Base,belief_bank_facts,hidden,27,27416,halu_eval,42,10546,10000,5273,5273,3259,6741,42.4383,3073,0.3111419325011558,0.2065050629027309,0.5924,0.24824787901143489,0.49656858400725135,37483.086,10,2026-09-23T13:49:33.712085+00:00
Falcon3-7B-Base,belief_bank_facts,hidden,27,27416,halu_eval,64,10546,10000,5273,5273,3259,6741,41.5148,3073,0.3193717277486911,0.205891377723228,0.5982,0.2503731343283582,0.5036121485995738,37525.583,10,2026-09-23T13:49:33.712085+00:00
Falcon3-7B-Base,belief_bank_facts,hidden,27,27416,halu_eval,67,10546,10000,5273,5273,3259,6741,39.7574,3073,0.31309904153354634,0.2405645903651427,0.5805,0.27208051362137775,0.4992421338528309,37566.289,10,2026-09-23T13:49:33.712085+00:00
Falcon3-7B-Base,belief_bank_facts,hidden,27,27416,halu_eval,104,10546,10000,5273,5273,3259,6741,41.7986,3073,0.30727272727272725,0.25928198833998156,0.5681,0.28124479946746545,0.49811037584507456,37609.072,10,2026-09-23T13:49:33.712085+00:00
Falcon3-7B-Base,belief_bank_facts,hidden,27,27416,halu_eval,123,10546,10000,5273,5273,3259,6741,41.8694,3073,0.30547945205479454,0.2737035900583001,0.5605,0.28871985758213303,0.49359606633353237,37651.924,10,2026-09-23T13:49:33.712085+00:00
Falcon3-7B-Base,belief_bank_facts,hidden,27,27416,halu_eval,420,10546,10000,5273,5273,3259,6741,39.9417,3073,0.31287726358148893,0.19085609082540655,0.5997,0.23708785972936916,0.49659550840894806,37692.847,10,2026-09-23T13:49:33.712085+00:00
Falcon3-7B-Base,belief_bank_facts,hidden,27,27416,halu_eval,511,10546,10000,5273,5273,3259,6741,45.1233,3073,0.3123070136744596,0.2172445535440319,0.589,0.256243213897937,0.4941059230087743,37738.967,10,2026-09-23T13:49:33.712085+00:00
Falcon3-7B-Base,belief_bank_facts,hidden,27,27416,halu_eval,mean,0,0,0,0,0,0,41.92026,3073.0,0.31355119634254125,0.232003682111077,0.58403,0.26565123032763027,0.49824167042538603,37739.656,10,2026-09-23T13:49:33.712085+00:00
Falcon3-7B-Base,belief_bank_facts,hidden,27,27416,halu_eval,std,0,0,0,0,0,0,1.5340195697578314,0.0,0.004661259044860775,0.028399255570910924,0.012458575359967923,0.018320772966386775,0.0029533334702806667,37739.656,10,2026-09-23T13:49:33.712085+00:00
