model,train_dataset,layer_type,layer,num_samples,eval_dataset,split_seed,train_size,test_size,train_hall,train_not_hall,test_hall,test_not_hall,fit_time_s,model_params,precision,recall,accuracy,f1,auroc,total_runtime_s,num_splits,created_at_utc
Llama-3.1-8B-Instruct,belief_bank_facts,mlp,0,27416,belief_bank_facts,2,2760,8225,1380,1380,591,7634,10.8299,4097,0.36486486486486486,0.9137055837563451,0.8795136778115501,0.521487204249155,0.9409320534592992,48.084,10,2026-09-18T18:12:31.490599+00:00
Llama-3.1-8B-Instruct,belief_bank_facts,mlp,0,27416,belief_bank_facts,4,2760,8225,1380,1380,591,7634,10.0731,4097,0.3862212943632568,0.9390862944162437,0.8883890577507598,0.5473372781065089,0.9517059445964198,58.815,10,2026-09-18T18:12:31.490599+00:00
Llama-3.1-8B-Instruct,belief_bank_facts,mlp,0,27416,belief_bank_facts,24,2760,8225,1380,1380,591,7634,11.1598,4097,0.37731958762886597,0.9289340101522843,0.884741641337386,0.5366568914956011,0.9469060844995251,70.631,10,2026-09-18T18:12:31.490599+00:00
Llama-3.1-8B-Instruct,belief_bank_facts,mlp,0,27416,belief_bank_facts,42,2760,8225,1380,1380,591,7634,10.6306,4097,0.36752136752136755,0.9458544839255499,0.8791489361702127,0.5293560606060606,0.9502425253131087,81.92,10,2026-09-18T18:12:31.490599+00:00
Llama-3.1-8B-Instruct,belief_bank_facts,mlp,0,27416,belief_bank_facts,64,2760,8225,1380,1380,591,7634,11.0489,4097,0.38797423049391555,0.9170896785109983,0.8900911854103344,0.545271629778672,0.9405950403551304,93.627,10,2026-09-18T18:12:31.490599+00:00
Llama-3.1-8B-Instruct,belief_bank_facts,mlp,0,27416,belief_bank_facts,67,2760,8225,1380,1380,591,7634,11.1189,4097,0.3687038280725319,0.9289340101522843,0.8806079027355623,0.5278846153846154,0.9455559264435929,105.403,10,2026-09-18T18:12:31.490599+00:00
Llama-3.1-8B-Instruct,belief_bank_facts,mlp,0,27416,belief_bank_facts,104,2760,8225,1380,1380,591,7634,10.2054,4097,0.36069812540400775,0.9441624365482234,0.8757446808510638,0.5219831618334893,0.9446915061172146,116.268,10,2026-09-18T18:12:31.490599+00:00
Llama-3.1-8B-Instruct,belief_bank_facts,mlp,0,27416,belief_bank_facts,123,2760,8225,1380,1380,591,7634,11.4809,4097,0.3635765943458251,0.9357021996615905,0.8776899696048632,0.5236742424242424,0.9479647777531012,128.409,10,2026-09-18T18:12:31.490599+00:00
Llama-3.1-8B-Instruct,belief_bank_facts,mlp,0,27416,belief_bank_facts,420,2760,8225,1380,1380,591,7634,8.8929,4097,0.3584784010315925,0.9407783417935702,0.8747720364741641,0.5191409897292251,0.9507872209418458,137.959,10,2026-09-18T18:12:31.490599+00:00
Llama-3.1-8B-Instruct,belief_bank_facts,mlp,0,27416,belief_bank_facts,511,2760,8225,1380,1380,591,7634,8.4004,4097,0.36309914642153646,0.9357021996615905,0.8774468085106383,0.5231788079470199,0.9418056721045355,147.018,10,2026-09-18T18:12:31.490599+00:00
Llama-3.1-8B-Instruct,belief_bank_facts,mlp,0,27416,belief_bank_facts,mean,0,0,0,0,0,0,10.38408,4097.0,0.3698457440147765,0.9329949238578681,0.8808145896656535,0.5295970881554589,0.9461186751583774,5900.535,10,2026-09-18T18:12:31.490599+00:00
Llama-3.1-8B-Instruct,belief_bank_facts,mlp,0,27416,belief_bank_facts,std,0,0,0,0,0,0,0.9660987794216492,0.0,0.009909031709598805,0.010297884300983391,0.004966695559561458,0.009605121460804849,0.003904026471280099,5900.535,10,2026-09-18T18:12:31.490599+00:00
Llama-3.1-8B-Instruct,belief_bank_facts,mlp,0,27416,belief_bank_constraints,2,2760,25878,1380,1380,3058,22820,9.276,4097,0.2972027972027972,0.02779594506213211,0.8773475539067934,0.05083732057416268,0.3007788940547029,157.723,10,2026-09-18T18:12:31.490599+00:00
Llama-3.1-8B-Instruct,belief_bank_facts,mlp,0,27416,belief_bank_constraints,4,2760,25878,1380,1380,3058,22820,9.1549,4097,0.5012531328320802,0.06540222367560497,0.8818687688383956,0.11570726063060457,0.30279256317677117,168.302,10,2026-09-18T18:12:31.490599+00:00
Llama-3.1-8B-Instruct,belief_bank_facts,mlp,0,27416,belief_bank_constraints,24,2760,25878,1380,1380,3058,22820,9.5587,4097,0.4955357142857143,0.07259646827992151,0.8816755545250792,0.1266400456360525,0.293556161365227,179.283,10,2026-09-18T18:12:31.490599+00:00
Llama-3.1-8B-Instruct,belief_bank_facts,mlp,0,27416,belief_bank_constraints,42,2760,25878,1380,1380,3058,22820,9.5381,4097,0.3386243386243386,0.041857423152387184,0.8771156967308138,0.07450523864959255,0.3823204276193419,190.243,10,2026-09-18T18:12:31.490599+00:00
Llama-3.1-8B-Instruct,belief_bank_facts,mlp,0,27416,belief_bank_constraints,64,2760,25878,1380,1380,3058,22820,9.7001,4097,0.20777027027027026,0.040222367560497053,0.8684596954942422,0.06739726027397261,0.368318239998074,201.366,10,2026-09-18T18:12:31.490599+00:00
Llama-3.1-8B-Instruct,belief_bank_facts,mlp,0,27416,belief_bank_constraints,67,2760,25878,1380,1380,3058,22820,9.3068,4097,0.40772532188841204,0.06213211249182472,0.8785068397866914,0.10783200908059024,0.3858532081195055,212.095,10,2026-09-18T18:12:31.490599+00:00
Llama-3.1-8B-Instruct,belief_bank_facts,mlp,0,27416,belief_bank_constraints,104,2760,25878,1380,1380,3058,22820,9.3869,4097,0.3282442748091603,0.014061478090255068,0.8800911971558854,0.026967701473816243,0.3098626094742086,222.892,10,2026-09-18T18:12:31.490599+00:00
Llama-3.1-8B-Instruct,belief_bank_facts,mlp,0,27416,belief_bank_constraints,123,2760,25878,1380,1380,3058,22820,9.6392,4097,0.32167832167832167,0.04512753433616743,0.8759177679882526,0.07915113277889303,0.3864980089866439,233.955,10,2026-09-18T18:12:31.490599+00:00
Llama-3.1-8B-Instruct,belief_bank_facts,mlp,0,27416,belief_bank_constraints,420,2760,25878,1380,1380,3058,22820,8.5726,4097,0.30714285714285716,0.028122956180510136,0.8776566968080995,0.05152786099460755,0.28968446149780835,243.955,10,2026-09-18T18:12:31.490599+00:00
Llama-3.1-8B-Instruct,belief_bank_facts,mlp,0,27416,belief_bank_constraints,511,2760,25878,1380,1380,3058,22820,8.1881,4097,0.15712187958883994,0.03499018966644866,0.863783909111987,0.05723455469376839,0.29132115071228815,253.569,10,2026-09-18T18:12:31.490599+00:00
Llama-3.1-8B-Instruct,belief_bank_facts,mlp,0,27416,belief_bank_constraints,mean,0,0,0,0,0,0,9.23214,4097.0,0.3362298908322792,0.04323086984957489,0.876242368034624,0.07578003847860604,0.33109857250045716,5900.535,10,2026-09-18T18:12:31.490599+00:00
Llama-3.1-8B-Instruct,belief_bank_facts,mlp,0,27416,belief_bank_constraints,std,0,0,0,0,0,0,0.46339663183929175,0.0,0.10438131414629409,0.01763787752881813,0.005486257739628996,0.0303782802014423,0.04117576164912311,5900.535,10,2026-09-18T18:12:31.490599+00:00
Llama-3.1-8B-Instruct,belief_bank_facts,mlp,0,27416,halu_eval,2,2760,10000,1380,1380,1912,8088,9.2859,4097,0.19770684846606756,0.33368200836820083,0.6137,0.24829733411169488,0.506123120310476,263.546,10,2026-09-18T18:12:31.490599+00:00
Llama-3.1-8B-Instruct,belief_bank_facts,mlp,0,27416,halu_eval,4,2760,10000,1380,1380,1912,8088,8.9643,4097,0.18830634092780676,0.3587866108786611,0.5817,0.246984698469847,0.4979075941319129,273.204,10,2026-09-18T18:12:31.490599+00:00
Llama-3.1-8B-Instruct,belief_bank_facts,mlp,0,27416,halu_eval,24,2760,10000,1380,1380,1912,8088,9.3969,4097,0.20049710024855014,0.3797071129707113,0.5919,0.2624254473161034,0.5084805890435337,283.298,10,2026-09-18T18:12:31.490599+00:00
Llama-3.1-8B-Instruct,belief_bank_facts,mlp,0,27416,halu_eval,42,2760,10000,1380,1380,1912,8088,9.4368,4097,0.1990257480862909,0.29916317991631797,0.6358,0.23903050564145426,0.5048534504343436,293.427,10,2026-09-18T18:12:31.490599+00:00
Llama-3.1-8B-Instruct,belief_bank_facts,mlp,0,27416,halu_eval,64,2760,10000,1380,1380,1912,8088,10.1535,4097,0.19736360307579642,0.28190376569037656,0.6435,0.23217747146241655,0.5045606461765765,304.272,10,2026-09-18T18:12:31.490599+00:00
Llama-3.1-8B-Instruct,belief_bank_facts,mlp,0,27416,halu_eval,67,2760,10000,1380,1380,1912,8088,9.0454,4097,0.2005745625489684,0.401673640167364,0.5795,0.2675492074551472,0.5066569642923655,314.002,10,2026-09-18T18:12:31.490599+00:00
Llama-3.1-8B-Instruct,belief_bank_facts,mlp,0,27416,halu_eval,104,2760,10000,1380,1380,1912,8088,8.91,4097,0.2014846235418876,0.29811715481171547,0.6399,0.2404556000843704,0.505284121007826,323.62,10,2026-09-18T18:12:31.490599+00:00
Llama-3.1-8B-Instruct,belief_bank_facts,mlp,0,27416,halu_eval,123,2760,10000,1380,1380,1912,8088,9.2137,4097,0.1967116852613036,0.350418410041841,0.6022,0.25197442647611884,0.5039281230212433,333.561,10,2026-09-18T18:12:31.490599+00:00
Llama-3.1-8B-Instruct,belief_bank_facts,mlp,0,27416,halu_eval,420,2760,10000,1380,1380,1912,8088,8.6328,4097,0.19509251810136766,0.2536610878661088,0.6572,0.22055479763528876,0.5057742836124803,342.904,10,2026-09-18T18:12:31.490599+00:00
Llama-3.1-8B-Instruct,belief_bank_facts,mlp,0,27416,halu_eval,511,2760,10000,1380,1380,1912,8088,8.1999,4097,0.19642857142857142,0.3682008368200837,0.5912,0.2561863173216885,0.5029424305960791,351.816,10,2026-09-18T18:12:31.490599+00:00
Llama-3.1-8B-Instruct,belief_bank_facts,mlp,0,27416,halu_eval,mean,0,0,0,0,0,0,9.12392,4097.0,0.19731916016866102,0.3325313807531381,0.6136599999999999,0.24656358059741298,0.5046511322626837,5900.535,10,2026-09-18T18:12:31.490599+00:00
Llama-3.1-8B-Instruct,belief_bank_facts,mlp,0,27416,halu_eval,std,0,0,0,0,0,0,0.49387877419463977,0.0,0.003584184318119062,0.04513377116325454,0.026949033377841224,0.013395986259200417,0.0026736459101899365,5900.535,10,2026-09-18T18:12:31.490599+00:00
Llama-3.1-8B-Instruct,belief_bank_facts,mlp,1,27416,belief_bank_facts,2,2760,8225,1380,1380,591,7634,10.4136,4097,0.35561497326203206,0.9001692047377327,0.8756231003039514,0.5098227120268328,0.9294010187747661,363.657,10,2026-09-18T18:12:31.490599+00:00
Llama-3.1-8B-Instruct,belief_bank_facts,mlp,1,27416,belief_bank_facts,4,2760,8225,1380,1380,591,7634,11.0108,4097,0.379192334017796,0.937394247038917,0.8852279635258359,0.5399610136452242,0.9496982729768464,375.317,10,2026-09-18T18:12:31.490599+00:00
Llama-3.1-8B-Instruct,belief_bank_facts,mlp,1,27416,belief_bank_facts,24,2760,8225,1380,1380,591,7634,10.5904,4097,0.3646742780389523,0.9187817258883249,0.8791489361702127,0.5221153846153846,0.9435521336331762,386.561,10,2026-09-18T18:12:31.490599+00:00
Llama-3.1-8B-Instruct,belief_bank_facts,mlp,1,27416,belief_bank_facts,42,2760,8225,1380,1380,591,7634,8.7971,4097,0.35092180546726004,0.934010152284264,0.8711246200607903,0.5101663585951941,0.9435932490102388,396.013,10,2026-09-18T18:12:31.490599+00:00
Llama-3.1-8B-Instruct,belief_bank_facts,mlp,1,27416,belief_bank_facts,64,2760,8225,1380,1380,591,7634,9.193,4097,0.3795975017349063,0.9255499153976311,0.8859574468085106,0.5383858267716536,0.9404360091797007,405.875,10,2026-09-18T18:12:31.490599+00:00
Llama-3.1-8B-Instruct,belief_bank_facts,mlp,1,27416,belief_bank_facts,67,2760,8225,1380,1380,591,7634,10.0785,4097,0.34649122807017546,0.9357021996615905,0.8685714285714285,0.5057155921353452,0.9404340143635626,416.623,10,2026-09-18T18:12:31.490599+00:00
Llama-3.1-8B-Instruct,belief_bank_facts,mlp,1,27416,belief_bank_facts,104,2760,8225,1380,1380,591,7634,10.2086,4097,0.35626216742375083,0.9289340101522843,0.8742857142857143,0.5150093808630394,0.9402998075667366,427.501,10,2026-09-18T18:12:31.490599+00:00
Llama-3.1-8B-Instruct,belief_bank_facts,mlp,1,27416,belief_bank_facts,123,2760,8225,1380,1380,591,7634,9.9169,4097,0.35181644359464626,0.934010152284264,0.8716109422492401,0.5111111111111111,0.9441030353565644,438.089,10,2026-09-18T18:12:31.490599+00:00
Llama-3.1-8B-Instruct,belief_bank_facts,mlp,1,27416,belief_bank_facts,420,2760,8225,1380,1380,591,7634,9.532,4097,0.35088832487309646,0.9357021996615905,0.8710030395136779,0.5103830179972312,0.9450485782058802,448.302,10,2026-09-18T18:12:31.490599+00:00
Llama-3.1-8B-Instruct,belief_bank_facts,mlp,1,27416,belief_bank_facts,511,2760,8225,1380,1380,591,7634,10.519,4097,0.35900783289817234,0.9306260575296108,0.8756231003039514,0.5181347150259067,0.939259843420232,459.494,10,2026-09-18T18:12:31.490599+00:00
Llama-3.1-8B-Instruct,belief_bank_facts,mlp,1,27416,belief_bank_facts,mean,0,0,0,0,0,0,10.02599,4097.0,0.35944668893807874,0.928087986463621,0.8758176291793314,0.5180805112786924,0.9415825962487702,5900.535,10,2026-09-18T18:12:31.490599+00:00
Llama-3.1-8B-Instruct,belief_bank_facts,mlp,1,27416,belief_bank_facts,std,0,0,0,0,0,0,0.6463577329157593,0.0,0.011046597234787417,0.010734837174661187,0.005659492847902632,0.011438170448621042,0.005002170674096455,5900.535,10,2026-09-18T18:12:31.490599+00:00
Llama-3.1-8B-Instruct,belief_bank_facts,mlp,1,27416,belief_bank_constraints,2,2760,25878,1380,1380,3058,22820,10.0326,4097,0.41638280616382806,0.8394375408763898,0.841989334569905,0.5566518486392714,0.8913814944379451,470.978,10,2026-09-18T18:12:31.490599+00:00
Llama-3.1-8B-Instruct,belief_bank_facts,mlp,1,27416,belief_bank_constraints,4,2760,25878,1380,1380,3058,22820,10.2626,4097,0.5958188153310104,0.223675604970569,0.8903315557616508,0.3252496433666191,0.8717292439651976,482.693,10,2026-09-18T18:12:31.490599+00:00
Llama-3.1-8B-Instruct,belief_bank_facts,mlp,1,27416,belief_bank_constraints,24,2760,25878,1380,1380,3058,22820,11.2192,4097,0.34717416378316035,0.09843034663178549,0.8715897673699667,0.15337579617834396,0.7876714802168304,495.36,10,2026-09-18T18:12:31.490599+00:00
Llama-3.1-8B-Instruct,belief_bank_facts,mlp,1,27416,belief_bank_constraints,42,2760,25878,1380,1380,3058,22820,10.1506,4097,0.28125,0.058862001308044476,0.8710101244300178,0.09734991887506761,0.8604101739722078,506.942,10,2026-09-18T18:12:31.490599+00:00
Llama-3.1-8B-Instruct,belief_bank_facts,mlp,1,27416,belief_bank_constraints,64,2760,25878,1380,1380,3058,22820,10.0614,4097,0.4232309746328438,0.10366252452583388,0.8773861967694567,0.16653532965589704,0.8666680590672071,518.436,10,2026-09-18T18:12:31.490599+00:00
Llama-3.1-8B-Instruct,belief_bank_facts,mlp,1,27416,belief_bank_constraints,67,2760,25878,1380,1380,3058,22820,11.2615,4097,0.6140813253012049,0.5333551340745586,0.9052477007496715,0.5708785439271964,0.9157720027467788,531.125,10,2026-09-18T18:12:31.490599+00:00
Llama-3.1-8B-Instruct,belief_bank_facts,mlp,1,27416,belief_bank_constraints,104,2760,25878,1380,1380,3058,22820,11.2712,4097,0.41983471074380163,0.08306082406801832,0.8780817682973955,0.13868413868413867,0.8361663836009512,543.83,10,2026-09-18T18:12:31.490599+00:00
Llama-3.1-8B-Instruct,belief_bank_facts,mlp,1,27416,belief_bank_constraints,123,2760,25878,1380,1380,3058,22820,10.2942,4097,0.48282231252308827,0.854807063440157,0.8746425535203648,0.617091595845137,0.8952280952705765,555.557,10,2026-09-18T18:12:31.490599+00:00
Llama-3.1-8B-Instruct,belief_bank_facts,mlp,1,27416,belief_bank_constraints,420,2760,25878,1380,1380,3058,22820,10.2654,4097,0.29036004645760743,0.08175277959450622,0.8678800525542932,0.12758356723653994,0.8412183757893691,567.259,10,2026-09-18T18:12:31.490599+00:00
Llama-3.1-8B-Instruct,belief_bank_facts,mlp,1,27416,belief_bank_constraints,511,2760,25878,1380,1380,3058,22820,11.4713,4097,0.3837712965636731,0.86919555264879,0.8196151170878738,0.5324519230769231,0.8680017471163695,580.164,10,2026-09-18T18:12:31.490599+00:00
Llama-3.1-8B-Instruct,belief_bank_facts,mlp,1,27416,belief_bank_constraints,mean,0,0,0,0,0,0,10.629000000000001,4097.0,0.42547264515002176,0.3746239372138652,0.8697774171110595,0.3285852305485134,0.8634247056183433,5900.535,10,2026-09-18T18:12:31.490599+00:00
Llama-3.1-8B-Instruct,belief_bank_facts,mlp,1,27416,belief_bank_constraints,std,0,0,0,0,0,0,0.5617434165168291,0.0,0.1072029445459115,0.3404997424733354,0.022645037014443283,0.20552894887537498,0.03408443474990686,5900.535,10,2026-09-18T18:12:31.490599+00:00
Llama-3.1-8B-Instruct,belief_bank_facts,mlp,1,27416,halu_eval,2,2760,10000,1380,1380,1912,8088,9.8619,4097,0.1909562211981567,0.34675732217573224,0.5942,0.24628528974739972,0.5028167536802288,590.732,10,2026-09-18T18:12:31.490599+00:00
Llama-3.1-8B-Instruct,belief_bank_facts,mlp,1,27416,halu_eval,4,2760,10000,1380,1380,1912,8088,10.8994,4097,0.1974380395433027,0.37081589958158995,0.5915,0.2576776303834272,0.5104934566525542,602.339,10,2026-09-18T18:12:31.490599+00:00
Llama-3.1-8B-Instruct,belief_bank_facts,mlp,1,27416,halu_eval,24,2760,10000,1380,1380,1912,8088,11.2828,4097,0.19528985507246377,0.28190376569037656,0.6406,0.230736301369863,0.5083336049273888,614.327,10,2026-09-18T18:12:31.490599+00:00
Llama-3.1-8B-Instruct,belief_bank_facts,mlp,1,27416,halu_eval,42,2760,10000,1380,1380,1912,8088,9.4193,4097,0.19571511291256513,0.35355648535564854,0.5986,0.25195676481550505,0.5071697920675913,624.454,10,2026-09-18T18:12:31.490599+00:00
Llama-3.1-8B-Instruct,belief_bank_facts,mlp,1,27416,halu_eval,64,2760,10000,1380,1380,1912,8088,10.5076,4097,0.20211012199142764,0.3206066945606695,0.6281,0.24792719919110212,0.5221623012448837,635.669,10,2026-09-18T18:12:31.490599+00:00
Llama-3.1-8B-Instruct,belief_bank_facts,mlp,1,27416,halu_eval,67,2760,10000,1380,1380,1912,8088,10.0241,4097,0.19508196721311474,0.4356694560669456,0.5484,0.2694920737625364,0.5076249061060552,646.4,10,2026-09-18T18:12:31.490599+00:00
Llama-3.1-8B-Instruct,belief_bank_facts,mlp,1,27416,halu_eval,104,2760,10000,1380,1380,1912,8088,11.0902,4097,0.19482320314305523,0.4408995815899582,0.5447,0.27023561468184004,0.5107624964304781,658.194,10,2026-09-18T18:12:31.490599+00:00
Llama-3.1-8B-Instruct,belief_bank_facts,mlp,1,27416,halu_eval,123,2760,10000,1380,1380,1912,8088,10.7995,4097,0.1969872537659328,0.35564853556485354,0.5996,0.2535421327367636,0.5113355922198908,669.698,10,2026-09-18T18:12:31.490599+00:00
Llama-3.1-8B-Instruct,belief_bank_facts,mlp,1,27416,halu_eval,420,2760,10000,1380,1380,1912,8088,9.9009,4097,0.19570535471595543,0.37656903765690375,0.5849,0.257556787694509,0.5106848657963241,680.3,10,2026-09-18T18:12:31.490599+00:00
Llama-3.1-8B-Instruct,belief_bank_facts,mlp,1,27416,halu_eval,511,2760,10000,1380,1380,1912,8088,11.1314,4097,0.19497206703910613,0.36506276150627615,0.5904,0.2541879096868172,0.5092883226971928,692.134,10,2026-09-18T18:12:31.490599+00:00
Llama-3.1-8B-Instruct,belief_bank_facts,mlp,1,27416,halu_eval,mean,0,0,0,0,0,0,10.49171,4097.0,0.19590791965950805,0.36474895397489543,0.5921,0.2539597704069763,0.5100672091822587,5900.535,10,2026-09-18T18:12:31.490599+00:00
Llama-3.1-8B-Instruct,belief_bank_facts,mlp,1,27416,halu_eval,std,0,0,0,0,0,0,0.6139099843625283,0.0,0.002639842773991601,0.04510976441690312,0.028218256501775583,0.010824851748179671,0.004684951244125534,5900.535,10,2026-09-18T18:12:31.490599+00:00
Llama-3.1-8B-Instruct,belief_bank_facts,mlp,2,27416,belief_bank_facts,2,2760,8225,1380,1380,591,7634,8.4686,4097,0.3848334514528703,0.9187817258883249,0.8886322188449848,0.5424575424575424,0.9413230374223075,702.099,10,2026-09-18T18:12:31.490599+00:00
Llama-3.1-8B-Instruct,belief_bank_facts,mlp,2,27416,belief_bank_facts,4,2760,8225,1380,1380,591,7634,8.9426,4097,0.40145454545454545,0.934010152284264,0.8951975683890577,0.5615462868769074,0.9499429704230827,711.721,10,2026-09-18T18:12:31.490599+00:00
Llama-3.1-8B-Instruct,belief_bank_facts,mlp,2,27416,belief_bank_facts,24,2760,8225,1380,1380,591,7634,8.9147,4097,0.4117647058823529,0.9001692047377327,0.9004255319148936,0.5650557620817844,0.9449602521802232,721.34,10,2026-09-18T18:12:31.490599+00:00
Llama-3.1-8B-Instruct,belief_bank_facts,mlp,2,27416,belief_bank_facts,42,2760,8225,1380,1380,591,7634,9.5864,4097,0.3783597518952447,0.9289340101522843,0.8852279635258359,0.5377081292850147,0.9494959099619787,731.6,10,2026-09-18T18:12:31.490599+00:00
Llama-3.1-8B-Instruct,belief_bank_facts,mlp,2,27416,belief_bank_facts,64,2760,8225,1380,1380,591,7634,8.0514,4097,0.4078751857355126,0.9289340101522843,0.8979939209726444,0.5668559628291172,0.9447367219496712,740.329,10,2026-09-18T18:12:31.490599+00:00
Llama-3.1-8B-Instruct,belief_bank_facts,mlp,2,27416,belief_bank_facts,67,2760,8225,1380,1380,591,7634,7.2064,4097,0.3791208791208791,0.934010152284264,0.8853495440729483,0.5393258426966292,0.94757046909653,748.213,10,2026-09-18T18:12:31.490599+00:00
Llama-3.1-8B-Instruct,belief_bank_facts,mlp,2,27416,belief_bank_facts,104,2760,8225,1380,1380,591,7634,7.0962,4097,0.38900939985538685,0.9103214890016921,0.8908206686930091,0.5450861195542046,0.9389934246427173,755.992,10,2026-09-18T18:12:31.490599+00:00
Llama-3.1-8B-Instruct,belief_bank_facts,mlp,2,27416,belief_bank_facts,123,2760,8225,1380,1380,591,7634,7.3289,4097,0.37620357634112794,0.9255499153976311,0.8843768996960486,0.5349633251833741,0.9445585183746947,764.005,10,2026-09-18T18:12:31.490599+00:00
Llama-3.1-8B-Instruct,belief_bank_facts,mlp,2,27416,belief_bank_facts,420,2760,8225,1380,1380,591,7634,8.4354,4097,0.40542521994134895,0.9357021996615905,0.8967781155015198,0.5657289002557545,0.952894633368309,773.124,10,2026-09-18T18:12:31.490599+00:00
Llama-3.1-8B-Instruct,belief_bank_facts,mlp,2,27416,belief_bank_facts,511,2760,8225,1380,1380,591,7634,7.078,4097,0.3884992987377279,0.937394247038917,0.8894832826747721,0.5493306891422906,0.9492671710448448,780.886,10,2026-09-18T18:12:31.490599+00:00
Llama-3.1-8B-Instruct,belief_bank_facts,mlp,2,27416,belief_bank_facts,mean,0,0,0,0,0,0,8.11086,4097.0,0.39225460144169966,0.9253807106598984,0.8914285714285717,0.5508058560362619,0.9463743108464359,5900.535,10,2026-09-18T18:12:31.490599+00:00
Llama-3.1-8B-Instruct,belief_bank_facts,mlp,2,27416,belief_bank_facts,std,0,0,0,0,0,0,0.8531032823755866,0.0,0.012592279388805293,0.011536984049902391,0.005513379549108786,0.012073245762175822,0.004034413943220052,5900.535,10,2026-09-18T18:12:31.490599+00:00
Llama-3.1-8B-Instruct,belief_bank_facts,mlp,2,27416,belief_bank_constraints,2,2760,25878,1380,1380,3058,22820,7.3082,4097,0.29240588489831243,0.8839110529758012,0.733518819074117,0.4394407413428711,0.9123874161765322,789.624,10,2026-09-18T18:12:31.490599+00:00
Llama-3.1-8B-Instruct,belief_bank_facts,mlp,2,27416,belief_bank_constraints,4,2760,25878,1380,1380,3058,22820,7.8558,4097,0.21201508620689655,0.25735775016350554,0.7992116856016693,0.2324963072378139,0.8346481821792984,798.953,10,2026-09-18T18:12:31.490599+00:00
Llama-3.1-8B-Instruct,belief_bank_facts,mlp,2,27416,belief_bank_constraints,24,2760,25878,1380,1380,3058,22820,9.0581,4097,0.3800898420518765,0.8577501635055592,0.8178761882680269,0.5267597148308063,0.8915929697481757,809.467,10,2026-09-18T18:12:31.490599+00:00
Llama-3.1-8B-Instruct,belief_bank_facts,mlp,2,27416,belief_bank_constraints,42,2760,25878,1380,1380,3058,22820,9.3166,4097,0.2790579636585118,0.8989535644211903,0.7136177448025349,0.42590440777751953,0.9238975555274048,820.226,10,2026-09-18T18:12:31.490599+00:00
Llama-3.1-8B-Instruct,belief_bank_facts,mlp,2,27416,belief_bank_constraints,64,2760,25878,1380,1380,3058,22820,8.5829,4097,0.3437871228320266,0.946370176586004,0.7801993971713425,0.5043569187870338,0.9170674511303236,830.249,10,2026-09-18T18:12:31.490599+00:00
Llama-3.1-8B-Instruct,belief_bank_facts,mlp,2,27416,belief_bank_constraints,67,2760,25878,1380,1380,3058,22820,8.1794,4097,0.4105793450881612,0.8528449967298888,0.837931833990262,0.5543039319872476,0.917148723854157,839.881,10,2026-09-18T18:12:31.490599+00:00
Llama-3.1-8B-Instruct,belief_bank_facts,mlp,2,27416,belief_bank_constraints,104,2760,25878,1380,1380,3058,22820,7.5034,4097,0.3309725341164277,0.6265533028122956,0.8062060437437205,0.4331411778003843,0.8377418549583884,848.804,10,2026-09-18T18:12:31.490599+00:00
Llama-3.1-8B-Instruct,belief_bank_facts,mlp,2,27416,belief_bank_constraints,123,2760,25878,1380,1380,3058,22820,7.8662,4097,0.21226309921962097,0.31131458469587964,0.7820928974418425,0.2524194617526183,0.8206853448004086,858.101,10,2026-09-18T18:12:31.490599+00:00
Llama-3.1-8B-Instruct,belief_bank_facts,mlp,2,27416,belief_bank_constraints,420,2760,25878,1380,1380,3058,22820,8.7018,4097,0.3399846508058327,0.144865925441465,0.8657160522451504,0.2031644118321486,0.8804520505975907,868.241,10,2026-09-18T18:12:31.490599+00:00
Llama-3.1-8B-Instruct,belief_bank_facts,mlp,2,27416,belief_bank_constraints,511,2760,25878,1380,1380,3058,22820,8.138,4097,0.2598140962007039,0.9414650098103335,0.6761341680191668,0.40724237923474077,0.8852184955883592,877.815,10,2026-09-18T18:12:31.490599+00:00
Llama-3.1-8B-Instruct,belief_bank_facts,mlp,2,27416,belief_bank_constraints,mean,0,0,0,0,0,0,8.251040000000001,4097.0,0.306096962507837,0.6721386527141923,0.7812504830357833,0.3979229452583184,0.8820840044560638,5900.535,10,2026-09-18T18:12:31.490599+00:00
Llama-3.1-8B-Instruct,belief_bank_facts,mlp,2,27416,belief_bank_constraints,std,0,0,0,0,0,0,0.622110861824482,0.0,0.06347919524187763,0.2989097427211211,0.05526100629845763,0.11945045204440714,0.03634437163635235,5900.535,10,2026-09-18T18:12:31.490599+00:00
Llama-3.1-8B-Instruct,belief_bank_facts,mlp,2,27416,halu_eval,2,2760,10000,1380,1380,1912,8088,8.5133,4097,0.18424194190210905,0.48430962343096234,0.4914,0.2669357163447679,0.4876515882820357,887.038,10,2026-09-18T18:12:31.490599+00:00
Llama-3.1-8B-Instruct,belief_bank_facts,mlp,2,27416,halu_eval,4,2760,10000,1380,1380,1912,8088,8.6851,4097,0.1881918819188192,0.6668410041841004,0.3863,0.29354207436399216,0.4898913339251497,896.43,10,2026-09-18T18:12:31.490599+00:00
Llama-3.1-8B-Instruct,belief_bank_facts,mlp,2,27416,halu_eval,24,2760,10000,1380,1380,1912,8088,8.8857,4097,0.1896896896896897,0.5946652719665272,0.4368,0.28762964836832783,0.49660840456857414,906.021,10,2026-09-18T18:12:31.490599+00:00
Llama-3.1-8B-Instruct,belief_bank_facts,mlp,2,27416,halu_eval,42,2760,10000,1380,1380,1912,8088,9.4187,4097,0.18935926773455378,0.5193514644351465,0.483,0.2775293460033538,0.4940263534178431,916.143,10,2026-09-18T18:12:31.490599+00:00
Llama-3.1-8B-Instruct,belief_bank_facts,mlp,2,27416,halu_eval,64,2760,10000,1380,1380,1912,8088,8.4932,4097,0.1890142714902091,0.5957112970711297,0.434,0.2869740488788108,0.49553392675341124,925.338,10,2026-09-18T18:12:31.490599+00:00
Llama-3.1-8B-Instruct,belief_bank_facts,mlp,2,27416,halu_eval,67,2760,10000,1380,1380,1912,8088,8.5844,4097,0.18880679138500236,0.6281380753138075,0.4129,0.2903420766348362,0.49650021960319335,934.628,10,2026-09-18T18:12:31.490599+00:00
Llama-3.1-8B-Instruct,belief_bank_facts,mlp,2,27416,halu_eval,104,2760,10000,1380,1380,1912,8088,8.0085,4097,0.1889114070642733,0.6825313807531381,0.379,0.29591836734693877,0.4997953344797189,943.337,10,2026-09-18T18:12:31.490599+00:00
Llama-3.1-8B-Instruct,belief_bank_facts,mlp,2,27416,halu_eval,123,2760,10000,1380,1380,1912,8088,8.1495,4097,0.18766177739430542,0.45502092050209203,0.5192,0.2657299938912645,0.49729799480815634,952.193,10,2026-09-18T18:12:31.490599+00:00
Llama-3.1-8B-Instruct,belief_bank_facts,mlp,2,27416,halu_eval,420,2760,10000,1380,1380,1912,8088,9.62,4097,0.18877911079745943,0.5596234309623431,0.456,0.28232189973614774,0.49677996148020315,962.518,10,2026-09-18T18:12:31.490599+00:00
Llama-3.1-8B-Instruct,belief_bank_facts,mlp,2,27416,halu_eval,511,2760,10000,1380,1380,1912,8088,8.2199,4097,0.19483031475294532,0.5794979079497908,0.4617,0.2916173180681669,0.49850843131412204,971.443,10,2026-09-18T18:12:31.490599+00:00
Llama-3.1-8B-Instruct,belief_bank_facts,mlp,2,27416,halu_eval,mean,0,0,0,0,0,0,8.65783,4097.0,0.18894864541293666,0.5765690376569038,0.44603000000000004,0.2838540489636607,0.4952593548632408,5900.535,10,2026-09-18T18:12:31.490599+00:00
Llama-3.1-8B-Instruct,belief_bank_facts,mlp,2,27416,halu_eval,std,0,0,0,0,0,0,0.498252757242747,0.0,0.0024443430157462323,0.07041707064461074,0.0430258306137139,0.010113450026864085,0.003595122112206458,5900.535,10,2026-09-18T18:12:31.490599+00:00
Llama-3.1-8B-Instruct,belief_bank_facts,mlp,3,27416,belief_bank_facts,2,2760,8225,1380,1380,591,7634,7.3367,4097,0.4722932651321398,0.937394247038917,0.9202431610942249,0.6281179138321995,0.9570793143329313,980.311,10,2026-09-18T18:12:31.490599+00:00
Llama-3.1-8B-Instruct,belief_bank_facts,mlp,3,27416,belief_bank_facts,4,2760,8225,1380,1380,591,7634,7.1801,4097,0.45627062706270627,0.9357021996615905,0.915258358662614,0.6134220743205768,0.9567191391969402,988.169,10,2026-09-18T18:12:31.490599+00:00
Llama-3.1-8B-Instruct,belief_bank_facts,mlp,3,27416,belief_bank_facts,24,2760,8225,1380,1380,591,7634,7.3111,4097,0.49501359927470534,0.9238578680203046,0.9268085106382978,0.6446280991735537,0.9563968655675672,996.153,10,2026-09-18T18:12:31.490599+00:00
Llama-3.1-8B-Instruct,belief_bank_facts,mlp,3,27416,belief_bank_facts,42,2760,8225,1380,1380,591,7634,6.9712,4097,0.4359375,0.9441624365482234,0.9082066869300912,0.5964724746125066,0.9614581574016323,1003.798,10,2026-09-18T18:12:31.490599+00:00
Llama-3.1-8B-Instruct,belief_bank_facts,mlp,3,27416,belief_bank_facts,64,2760,8225,1380,1380,591,7634,7.0697,4097,0.49193548387096775,0.9289340101522843,0.9259574468085107,0.6432337434094904,0.9577888039392741,1011.544,10,2026-09-18T18:12:31.490599+00:00
Llama-3.1-8B-Instruct,belief_bank_facts,mlp,3,27416,belief_bank_facts,67,2760,8225,1380,1380,591,7634,7.0222,4097,0.4672818791946309,0.9424703891708968,0.918662613981763,0.6247896803140774,0.9645541120474928,1019.252,10,2026-09-18T18:12:31.490599+00:00
Llama-3.1-8B-Instruct,belief_bank_facts,mlp,3,27416,belief_bank_facts,104,2760,8225,1380,1380,591,7634,6.2535,4097,0.45341098169717137,0.922165820642978,0.9145288753799392,0.6079196876742889,0.9520696660722114,1026.195,10,2026-09-18T18:12:31.490599+00:00
Llama-3.1-8B-Instruct,belief_bank_facts,mlp,3,27416,belief_bank_facts,123,2760,8225,1380,1380,591,7634,5.9928,4097,0.4421553090332805,0.9441624365482234,0.9103951367781155,0.602266594711279,0.9593019828029118,1032.879,10,2026-09-18T18:12:31.490599+00:00
Llama-3.1-8B-Instruct,belief_bank_facts,mlp,3,27416,belief_bank_facts,420,2760,8225,1380,1380,591,7634,5.1281,4097,0.4658803706823926,0.9357021996615905,0.9182978723404255,0.6220472440944882,0.9571229786417252,1038.698,10,2026-09-18T18:12:31.490599+00:00
Llama-3.1-8B-Instruct,belief_bank_facts,mlp,3,27416,belief_bank_facts,511,2760,8225,1380,1380,591,7634,5.2681,4097,0.45118949958982774,0.9306260575296108,0.9136778115501519,0.6077348066298343,0.9521802675447403,1044.652,10,2026-09-18T18:12:31.490599+00:00
Llama-3.1-8B-Instruct,belief_bank_facts,mlp,3,27416,belief_bank_facts,mean,0,0,0,0,0,0,6.55335,4097.0,0.46313685155378215,0.9345177664974621,0.9172036474164132,0.6190632318772294,0.9574671287547426,5900.535,10,2026-09-18T18:12:31.490599+00:00
Llama-3.1-8B-Instruct,belief_bank_facts,mlp,3,27416,belief_bank_facts,std,0,0,0,0,0,0,0.7955504738858499,0.0,0.01848930226709556,0.007568957443771594,0.005762969232711282,0.015614940480110768,0.0035872148250703237,5900.535,10,2026-09-18T18:12:31.490599+00:00
Llama-3.1-8B-Instruct,belief_bank_facts,mlp,3,27416,belief_bank_constraints,2,2760,25878,1380,1380,3058,22820,5.8708,4097,0.28545288197621227,0.9182472204054938,0.718718602674086,0.4355176424970919,0.895551688678537,1051.949,10,2026-09-18T18:12:31.490599+00:00
Llama-3.1-8B-Instruct,belief_bank_facts,mlp,3,27416,belief_bank_constraints,4,2760,25878,1380,1380,3058,22820,5.9209,4097,0.31123703624505505,0.9519293655984303,0.7453821779117397,0.4690999919426315,0.8868016836630289,1059.304,10,2026-09-18T18:12:31.490599+00:00
Llama-3.1-8B-Instruct,belief_bank_facts,mlp,3,27416,belief_bank_constraints,24,2760,25878,1380,1380,3058,22820,5.9717,4097,0.3697490269762448,0.9009156311314584,0.8068243295463328,0.5243124940527167,0.9143891340596555,1066.712,10,2026-09-18T18:12:31.490599+00:00
Llama-3.1-8B-Instruct,belief_bank_facts,mlp,3,27416,belief_bank_constraints,42,2760,25878,1380,1380,3058,22820,5.8807,4097,0.28408203125,0.9512753433616743,0.7109513872787696,0.43750939990976084,0.897109104207352,1074.029,10,2026-09-18T18:12:31.490599+00:00
Llama-3.1-8B-Instruct,belief_bank_facts,mlp,3,27416,belief_bank_constraints,64,2760,25878,1380,1380,3058,22820,7.173,4097,0.27776671974522293,0.9126880313930673,0.7092511013215859,0.4259117961239127,0.9062462347865314,1082.638,10,2026-09-18T18:12:31.490599+00:00
Llama-3.1-8B-Instruct,belief_bank_facts,mlp,3,27416,belief_bank_constraints,67,2760,25878,1380,1380,3058,22820,6.6612,4097,0.3608286252354049,0.9398299542184434,0.7961588994512714,0.5214551392542864,0.9160536450132382,1090.734,10,2026-09-18T18:12:31.490599+00:00
Llama-3.1-8B-Instruct,belief_bank_facts,mlp,3,27416,belief_bank_constraints,104,2760,25878,1380,1380,3058,22820,7.0425,4097,0.2623054080806263,0.9532374100719424,0.6776798825256976,0.41140357067250016,0.8910814595873296,1099.209,10,2026-09-18T18:12:31.490599+00:00
Llama-3.1-8B-Instruct,belief_bank_facts,mlp,3,27416,belief_bank_constraints,123,2760,25878,1380,1380,3058,22820,6.7215,4097,0.24979969732039525,0.9175931981687377,0.6646185949455136,0.39269470295990483,0.8743333458482199,1107.367,10,2026-09-18T18:12:31.490599+00:00
Llama-3.1-8B-Instruct,belief_bank_facts,mlp,3,27416,belief_bank_constraints,420,2760,25878,1380,1380,3058,22820,6.118,4097,0.28233698285049896,0.9529103989535644,0.7082077440296777,0.435608042454593,0.9000081537829253,1114.919,10,2026-09-18T18:12:31.490599+00:00
Llama-3.1-8B-Instruct,belief_bank_facts,mlp,3,27416,belief_bank_constraints,511,2760,25878,1380,1380,3058,22820,6.5803,4097,0.2884174882979783,0.94702419882276,0.7176366025195147,0.442171158103672,0.9042951950287431,1122.934,10,2026-09-18T18:12:31.490599+00:00
Llama-3.1-8B-Instruct,belief_bank_facts,mlp,3,27416,belief_bank_constraints,mean,0,0,0,0,0,0,6.3940600000000005,4097.0,0.2971975897977639,0.9345650752125572,0.7255429322204189,0.44956839379710695,0.898586964465556,5900.535,10,2026-09-18T18:12:31.490599+00:00
Llama-3.1-8B-Instruct,belief_bank_facts,mlp,3,27416,belief_bank_constraints,std,0,0,0,0,0,0,0.47500579196468756,0.0,0.037362003279232094,0.019010824484241694,0.043448187140309305,0.041205735668465325,0.012012168927701083,5900.535,10,2026-09-18T18:12:31.490599+00:00
Llama-3.1-8B-Instruct,belief_bank_facts,mlp,3,27416,halu_eval,2,2760,10000,1380,1380,1912,8088,6.8545,4097,0.19184193753983428,0.4722803347280335,0.5187,0.27285088381930805,0.5050591182660193,1130.496,10,2026-09-18T18:12:31.490599+00:00
Llama-3.1-8B-Instruct,belief_bank_facts,mlp,3,27416,halu_eval,4,2760,10000,1380,1380,1912,8088,6.9751,4097,0.19130726631985231,0.5962343096234309,0.4409,0.2896709439715411,0.5022129742290867,1138.173,10,2026-09-18T18:12:31.490599+00:00
Llama-3.1-8B-Instruct,belief_bank_facts,mlp,3,27416,halu_eval,24,2760,10000,1380,1380,1912,8088,7.096,4097,0.1979677645409951,0.2955020920502092,0.6364,0.2370960973562736,0.5031835673180786,1145.97,10,2026-09-18T18:12:31.490599+00:00
Llama-3.1-8B-Instruct,belief_bank_facts,mlp,3,27416,halu_eval,42,2760,10000,1380,1380,1912,8088,7.4969,4097,0.1949785116489482,0.45083682008368203,0.5391,0.27222485393968104,0.504561842483725,1154.169,10,2026-09-18T18:12:31.490599+00:00
Llama-3.1-8B-Instruct,belief_bank_facts,mlp,3,27416,halu_eval,64,2760,10000,1380,1380,1912,8088,7.0247,4097,0.19603174603174603,0.3875523012552301,0.579,0.26036542515811667,0.5067105394530458,1161.9,10,2026-09-18T18:12:31.490599+00:00
Llama-3.1-8B-Instruct,belief_bank_facts,mlp,3,27416,halu_eval,67,2760,10000,1380,1380,1912,8088,6.9845,4097,0.19385026737967914,0.45502092050209203,0.534,0.271875,0.5074817372397353,1169.588,10,2026-09-18T18:12:31.490599+00:00
Llama-3.1-8B-Instruct,belief_bank_facts,mlp,3,27416,halu_eval,104,2760,10000,1380,1380,1912,8088,6.965,4097,0.1901318587834964,0.4675732217573222,0.5174,0.27033565164801937,0.5005959549557379,1177.258,10,2026-09-18T18:12:31.490599+00:00
Llama-3.1-8B-Instruct,belief_bank_facts,mlp,3,27416,halu_eval,123,2760,10000,1380,1380,1912,8088,6.8137,4097,0.2040529130312412,0.37918410041841005,0.5985,0.2653247941445563,0.5166147663359945,1184.777,10,2026-09-18T18:12:31.490599+00:00
Llama-3.1-8B-Instruct,belief_bank_facts,mlp,3,27416,halu_eval,420,2760,10000,1380,1380,1912,8088,6.3811,4097,0.19018909290216499,0.36297071129707115,0.5827,0.24959539651141882,0.5055953548622061,1191.859,10,2026-09-18T18:12:31.490599+00:00
Llama-3.1-8B-Instruct,belief_bank_facts,mlp,3,27416,halu_eval,511,2760,10000,1380,1380,1912,8088,6.5834,4097,0.1964876558920845,0.40376569037656906,0.5703,0.2643382982366033,0.5137055090138187,1199.144,10,2026-09-18T18:12:31.490599+00:00
Llama-3.1-8B-Instruct,belief_bank_facts,mlp,3,27416,halu_eval,mean,0,0,0,0,0,0,6.917489999999999,4097.0,0.1946839014070042,0.427092050209205,0.5517,0.2653677344785518,0.5065721364157447,5900.535,10,2026-09-18T18:12:31.490599+00:00
Llama-3.1-8B-Instruct,belief_bank_facts,mlp,3,27416,halu_eval,std,0,0,0,0,0,0,0.2834100684520577,0.0,0.004059764904947445,0.07711276922491764,0.0514108548849365,0.013545571602921663,0.004754681877453102,5900.535,10,2026-09-18T18:12:31.490599+00:00
Llama-3.1-8B-Instruct,belief_bank_facts,mlp,4,27416,belief_bank_facts,2,2760,8225,1380,1380,591,7634,6.7101,4097,0.46452702702702703,0.9306260575296108,0.9179331306990881,0.6197183098591549,0.9613739318313699,1207.314,10,2026-09-18T18:12:31.490599+00:00
Llama-3.1-8B-Instruct,belief_bank_facts,mlp,4,27416,belief_bank_facts,4,2760,8225,1380,1380,591,7634,6.4084,4097,0.49016100178890876,0.9272419627749577,0.9254711246200608,0.6413107080163839,0.9619278257789646,1214.395,10,2026-09-18T18:12:31.490599+00:00
Llama-3.1-8B-Instruct,belief_bank_facts,mlp,4,27416,belief_bank_facts,24,2760,8225,1380,1380,591,7634,6.9815,4097,0.4908759124087591,0.9103214890016921,0.9257142857142857,0.6378186129223473,0.9574142217978436,1222.048,10,2026-09-18T18:12:31.490599+00:00
Llama-3.1-8B-Instruct,belief_bank_facts,mlp,4,27416,belief_bank_facts,42,2760,8225,1380,1380,591,7634,6.7403,4097,0.47476475620188197,0.9390862944162437,0.9209726443768997,0.6306818181818182,0.962142600983134,1229.46,10,2026-09-18T18:12:31.490599+00:00
Llama-3.1-8B-Instruct,belief_bank_facts,mlp,4,27416,belief_bank_facts,64,2760,8225,1380,1380,591,7634,6.9319,4097,0.5126286248830683,0.9272419627749577,0.9314285714285714,0.6602409638554216,0.9574714065271271,1237.064,10,2026-09-18T18:12:31.490599+00:00
Llama-3.1-8B-Instruct,belief_bank_facts,mlp,4,27416,belief_bank_facts,67,2760,8225,1380,1380,591,7634,6.2574,4097,0.4550653594771242,0.9424703891708968,0.9147720364741642,0.6137741046831956,0.961530414075068,1243.99,10,2026-09-18T18:12:31.490599+00:00
Llama-3.1-8B-Instruct,belief_bank_facts,mlp,4,27416,belief_bank_facts,104,2760,8225,1380,1380,591,7634,6.178,4097,0.46815834767641995,0.9204737732656514,0.9191489361702128,0.6206503137478608,0.9574603242152505,1250.838,10,2026-09-18T18:12:31.490599+00:00
Llama-3.1-8B-Instruct,belief_bank_facts,mlp,4,27416,belief_bank_facts,123,2760,8225,1380,1380,591,7634,6.6093,4097,0.4675652906486942,0.9390862944162437,0.9187841945288754,0.6242969628796401,0.9661497433114924,1258.12,10,2026-09-18T18:12:31.490599+00:00
Llama-3.1-8B-Instruct,belief_bank_facts,mlp,4,27416,belief_bank_facts,420,2760,8225,1380,1380,591,7634,5.5595,4097,0.47560975609756095,0.9238578680203046,0.9213373860182371,0.6279470960322024,0.9608676918248447,1264.353,10,2026-09-18T18:12:31.490599+00:00
Llama-3.1-8B-Instruct,belief_bank_facts,mlp,4,27416,belief_bank_facts,511,2760,8225,1380,1380,591,7634,5.1534,4097,0.4599332220367279,0.9323181049069373,0.9164741641337386,0.6159865846841811,0.9587401095907655,1270.174,10,2026-09-18T18:12:31.490599+00:00
Llama-3.1-8B-Instruct,belief_bank_facts,mlp,4,27416,belief_bank_facts,mean,0,0,0,0,0,0,6.35298,4097.0,0.47592892982461726,0.9292724196277495,0.9212036474164134,0.6292425474862207,0.9605078269935861,5900.535,10,2026-09-18T18:12:31.490599+00:00
Llama-3.1-8B-Instruct,belief_bank_facts,mlp,4,27416,belief_bank_facts,std,0,0,0,0,0,0,0.5643460619159133,0.0,0.016509924227916892,0.009230579828755232,0.004771614408377038,0.01337097816766437,0.0026390863431898647,5900.535,10,2026-09-18T18:12:31.490599+00:00
Llama-3.1-8B-Instruct,belief_bank_facts,mlp,4,27416,belief_bank_constraints,2,2760,25878,1380,1380,3058,22820,5.8288,4097,0.38749655742219774,0.9202092871157619,0.8186876883839554,0.5453488372093023,0.9247394085369103,1277.405,10,2026-09-18T18:12:31.490599+00:00
Llama-3.1-8B-Instruct,belief_bank_facts,mlp,4,27416,belief_bank_constraints,4,2760,25878,1380,1380,3058,22820,5.46,4097,0.36069334692837113,0.9254414650098103,0.7973568281938326,0.5190755685986794,0.9018226284242306,1284.269,10,2026-09-18T18:12:31.490599+00:00
Llama-3.1-8B-Instruct,belief_bank_facts,mlp,4,27416,belief_bank_constraints,24,2760,25878,1380,1380,3058,22820,5.7437,4097,0.5671175858480749,0.8911052975801177,0.906754772393539,0.6931196744245199,0.9452821409512498,1291.42,10,2026-09-18T18:12:31.490599+00:00
Llama-3.1-8B-Instruct,belief_bank_facts,mlp,4,27416,belief_bank_constraints,42,2760,25878,1380,1380,3058,22820,5.9189,4097,0.3404367271770587,0.8463047743623283,0.7880825411546487,0.4855534709193246,0.9003358527423938,1298.749,10,2026-09-18T18:12:31.490599+00:00
Llama-3.1-8B-Instruct,belief_bank_facts,mlp,4,27416,belief_bank_constraints,64,2760,25878,1380,1380,3058,22820,6.0083,4097,0.3715363412157261,0.8374754741661217,0.813393616199088,0.5147221384785449,0.9113435886618566,1306.171,10,2026-09-18T18:12:31.490599+00:00
Llama-3.1-8B-Instruct,belief_bank_facts,mlp,4,27416,belief_bank_constraints,67,2760,25878,1380,1380,3058,22820,4.9011,4097,0.39035525752603795,0.894702419882276,0.8224360460622923,0.543558160325817,0.9283431799696089,1312.484,10,2026-09-18T18:12:31.490599+00:00
Llama-3.1-8B-Instruct,belief_bank_facts,mlp,4,27416,belief_bank_constraints,104,2760,25878,1380,1380,3058,22820,6.0645,4097,0.5144530511996978,0.8904512753433617,0.887742483963212,0.6521374685666387,0.9031769517061038,1319.963,10,2026-09-18T18:12:31.490599+00:00
Llama-3.1-8B-Instruct,belief_bank_facts,mlp,4,27416,belief_bank_constraints,123,2760,25878,1380,1380,3058,22820,6.9813,4097,0.3083121757368363,0.9133420536298235,0.7476234639462092,0.4610051993067591,0.9028625796677613,1328.358,10,2026-09-18T18:12:31.490599+00:00
Llama-3.1-8B-Instruct,belief_bank_facts,mlp,4,27416,belief_bank_constraints,420,2760,25878,1380,1380,3058,22820,6.7791,4097,0.5143592790651614,0.8492478744277305,0.8874333410619059,0.6406808930553842,0.9376012702705335,1336.55,10,2026-09-18T18:12:31.490599+00:00
Llama-3.1-8B-Instruct,belief_bank_facts,mlp,4,27416,belief_bank_constraints,511,2760,25878,1380,1380,3058,22820,6.5167,4097,0.42756818552996895,0.8561151079136691,0.8475539067934152,0.5703082452891842,0.9036468188209374,1344.478,10,2026-09-18T18:12:31.490599+00:00
Llama-3.1-8B-Instruct,belief_bank_facts,mlp,4,27416,belief_bank_constraints,mean,0,0,0,0,0,0,6.020239999999999,4097.0,0.41823285076491307,0.8824395029430999,0.8317064688152097,0.5625509656174155,0.9159154419751587,5900.535,10,2026-09-18T18:12:31.490599+00:00
Llama-3.1-8B-Instruct,belief_bank_facts,mlp,4,27416,belief_bank_constraints,std,0,0,0,0,0,0,0.5863288756320979,0.0,0.08130218944679841,0.031052370397691445,0.047825301860575514,0.07232765290746367,0.01584420245756371,5900.535,10,2026-09-18T18:12:31.490599+00:00
Llama-3.1-8B-Instruct,belief_bank_facts,mlp,4,27416,halu_eval,2,2760,10000,1380,1380,1912,8088,6.4671,4097,0.1888147768086198,0.38493723849372385,0.5662,0.2533562822719449,0.4931126334173464,1351.638,10,2026-09-18T18:12:31.490599+00:00
Llama-3.1-8B-Instruct,belief_bank_facts,mlp,4,27416,halu_eval,4,2760,10000,1380,1380,1912,8088,6.6074,4097,0.1818820224719101,0.2709205020920502,0.6276,0.21764705882352942,0.4919931809199227,1358.938,10,2026-09-18T18:12:31.490599+00:00
Llama-3.1-8B-Instruct,belief_bank_facts,mlp,4,27416,halu_eval,24,2760,10000,1380,1380,1912,8088,6.8813,4097,0.1914590747330961,0.2813807531380753,0.6354,0.22786954680220245,0.5018372044539356,1366.51,10,2026-09-18T18:12:31.490599+00:00
Llama-3.1-8B-Instruct,belief_bank_facts,mlp,4,27416,halu_eval,42,2760,10000,1380,1380,1912,8088,6.7852,4097,0.20427163198247536,0.1950836820083682,0.7008,0.19957196361690743,0.501790871801398,1373.986,10,2026-09-18T18:12:31.490599+00:00
Llama-3.1-8B-Instruct,belief_bank_facts,mlp,4,27416,halu_eval,64,2760,10000,1380,1380,1912,8088,7.1026,4097,0.18935837245696402,0.18985355648535565,0.6897,0.18960564115957168,0.4972109230473163,1381.782,10,2026-09-18T18:12:31.490599+00:00
Llama-3.1-8B-Instruct,belief_bank_facts,mlp,4,27416,halu_eval,67,2760,10000,1380,1380,1912,8088,5.9574,4097,0.19063545150501673,0.32792887029288703,0.6053,0.2411074793308979,0.5027311368875425,1388.431,10,2026-09-18T18:12:31.490599+00:00
Llama-3.1-8B-Instruct,belief_bank_facts,mlp,4,27416,halu_eval,104,2760,10000,1380,1380,1912,8088,6.4193,4097,0.19137120888509185,0.23430962343096234,0.6643,0.21067481777568775,0.5027939915117805,1395.541,10,2026-09-18T18:12:31.490599+00:00
Llama-3.1-8B-Instruct,belief_bank_facts,mlp,4,27416,halu_eval,123,2760,10000,1380,1380,1912,8088,7.076,4097,0.20275023984649823,0.33158995815899583,0.6229,0.25163722960904944,0.5118291174176113,1403.306,10,2026-09-18T18:12:31.490599+00:00
Llama-3.1-8B-Instruct,belief_bank_facts,mlp,4,27416,halu_eval,420,2760,10000,1380,1380,1912,8088,6.2554,4097,0.20124389160373168,0.23692468619246862,0.6743,0.2176315157338458,0.5020636298312703,1410.249,10,2026-09-18T18:12:31.490599+00:00
Llama-3.1-8B-Instruct,belief_bank_facts,mlp,4,27416,halu_eval,511,2760,10000,1380,1380,1912,8088,6.306,4097,0.19890873015873015,0.20972803347280336,0.6874,0.20417515274949083,0.5085158962707291,1417.246,10,2026-09-18T18:12:31.490599+00:00
Llama-3.1-8B-Instruct,belief_bank_facts,mlp,4,27416,halu_eval,mean,0,0,0,0,0,0,6.585770000000001,4097.0,0.1940695400452134,0.26626569037656905,0.6473899999999999,0.22132766878731278,0.5013878585558853,5900.535,10,2026-09-18T18:12:31.490599+00:00
Llama-3.1-8B-Instruct,belief_bank_facts,mlp,4,27416,halu_eval,std,0,0,0,0,0,0,0.3548346292288846,0.0,0.006917788778146587,0.06195721132853399,0.04092946249341664,0.02071964491620664,0.005819085171197071,5900.535,10,2026-09-18T18:12:31.490599+00:00
Llama-3.1-8B-Instruct,belief_bank_facts,mlp,5,27416,belief_bank_facts,2,2760,8225,1380,1380,591,7634,5.8222,4097,0.49506726457399103,0.934010152284264,0.9268085106382978,0.6471277842907386,0.9646230440273652,1424.659,10,2026-09-18T18:12:31.490599+00:00
Llama-3.1-8B-Instruct,belief_bank_facts,mlp,5,27416,belief_bank_facts,4,2760,8225,1380,1380,591,7634,5.7804,4097,0.4858369098712446,0.9576988155668359,0.9241337386018237,0.6446469248291572,0.9638714416358911,1431.112,10,2026-09-18T18:12:31.490599+00:00
Llama-3.1-8B-Instruct,belief_bank_facts,mlp,5,27416,belief_bank_facts,24,2760,8225,1380,1380,591,7634,6.1874,4097,0.5160377358490567,0.9255499153976311,0.9322796352583587,0.6626287098728043,0.9576354247429014,1437.975,10,2026-09-18T18:12:31.490599+00:00
Llama-3.1-8B-Instruct,belief_bank_facts,mlp,5,27416,belief_bank_facts,42,2760,8225,1380,1380,591,7634,5.3935,4097,0.49038461538461536,0.949238578680203,0.9254711246200608,0.646685878962536,0.9704700717734847,1444.042,10,2026-09-18T18:12:31.490599+00:00
Llama-3.1-8B-Instruct,belief_bank_facts,mlp,5,27416,belief_bank_facts,64,2760,8225,1380,1380,591,7634,6.4288,4097,0.5167597765363129,0.9390862944162437,0.9325227963525836,0.6666666666666666,0.9616678347423384,1451.146,10,2026-09-18T18:12:31.490599+00:00
Llama-3.1-8B-Instruct,belief_bank_facts,mlp,5,27416,belief_bank_facts,67,2760,8225,1380,1380,591,7634,6.2077,4097,0.46895973154362414,0.9458544839255499,0.9191489361702128,0.6270330902972518,0.9638503852433254,1458.027,10,2026-09-18T18:12:31.490599+00:00
Llama-3.1-8B-Instruct,belief_bank_facts,mlp,5,27416,belief_bank_facts,104,2760,8225,1380,1380,591,7634,6.069,4097,0.48849557522123893,0.934010152284264,0.924984802431611,0.641487507263219,0.9608885265711725,1464.772,10,2026-09-18T18:12:31.490599+00:00
Llama-3.1-8B-Instruct,belief_bank_facts,mlp,5,27416,belief_bank_facts,123,2760,8225,1380,1380,591,7634,5.883,4097,0.46616541353383456,0.9441624365482234,0.9182978723404255,0.6241610738255033,0.9637985200237427,1471.327,10,2026-09-18T18:12:31.490599+00:00
Llama-3.1-8B-Instruct,belief_bank_facts,mlp,5,27416,belief_bank_facts,420,2760,8225,1380,1380,591,7634,5.611,4097,0.4794168096054888,0.9458544839255499,0.9223100303951368,0.6363118952760387,0.9614727860533094,1477.612,10,2026-09-18T18:12:31.490599+00:00
Llama-3.1-8B-Instruct,belief_bank_facts,mlp,5,27416,belief_bank_facts,511,2760,8225,1380,1380,591,7634,5.5202,4097,0.4995442114858706,0.9272419627749577,0.9280243161094225,0.6492890995260664,0.9588746488569481,1483.801,10,2026-09-18T18:12:31.490599+00:00
Llama-3.1-8B-Instruct,belief_bank_facts,mlp,5,27416,belief_bank_facts,mean,0,0,0,0,0,0,5.89032,4097.0,0.49066680436052773,0.9402707275803721,0.9253981762917933,0.6446038630809983,0.9627152683670479,5900.535,10,2026-09-18T18:12:31.490599+00:00
Llama-3.1-8B-Instruct,belief_bank_facts,mlp,5,27416,belief_bank_facts,std,0,0,0,0,0,0,0.31456140195516674,0.0,0.01627543873756232,0.009632788715729465,0.004558281554341711,0.012843008836002092,0.0033779917036425057,5900.535,10,2026-09-18T18:12:31.490599+00:00
Llama-3.1-8B-Instruct,belief_bank_facts,mlp,5,27416,belief_bank_constraints,2,2760,25878,1380,1380,3058,22820,5.0729,4097,0.4079601990049751,0.9117069980379333,0.8332174047453436,0.5636878285483219,0.9337150970801719,1490.297,10,2026-09-18T18:12:31.490599+00:00
Llama-3.1-8B-Instruct,belief_bank_facts,mlp,5,27416,belief_bank_constraints,4,2760,25878,1380,1380,3058,22820,4.6295,4097,0.634703196347032,0.6363636363636364,0.91374913053559,0.6355323318092749,0.9248141396053742,1496.343,10,2026-09-18T18:12:31.490599+00:00
Llama-3.1-8B-Instruct,belief_bank_facts,mlp,5,27416,belief_bank_constraints,24,2760,25878,1380,1380,3058,22820,5.089,4097,0.5366795366795367,0.13636363636363635,0.8840327691475385,0.21747066492829203,0.7542839173008656,1502.849,10,2026-09-18T18:12:31.490599+00:00
Llama-3.1-8B-Instruct,belief_bank_facts,mlp,5,27416,belief_bank_constraints,42,2760,25878,1380,1380,3058,22820,4.8544,4097,0.4899981304916807,0.8570961412688032,0.8776953396707629,0.6235280123706435,0.932317669089969,1509.122,10,2026-09-18T18:12:31.490599+00:00
Llama-3.1-8B-Instruct,belief_bank_facts,mlp,5,27416,belief_bank_constraints,64,2760,25878,1380,1380,3058,22820,5.7009,4097,0.3902215711408167,0.6968606932635709,0.8354973336424762,0.5002934616739054,0.8582424857659884,1516.237,10,2026-09-18T18:12:31.490599+00:00
Llama-3.1-8B-Instruct,belief_bank_facts,mlp,5,27416,belief_bank_constraints,67,2760,25878,1380,1380,3058,22820,4.7501,4097,0.5305769230769231,0.9022236756049705,0.8941185563026509,0.6682005328166626,0.9331068091109137,1522.394,10,2026-09-18T18:12:31.490599+00:00
Llama-3.1-8B-Instruct,belief_bank_facts,mlp,5,27416,belief_bank_constraints,104,2760,25878,1380,1380,3058,22820,4.8208,4097,0.5982274741506647,0.9270765206017004,0.917806631115233,0.7272027702962678,0.938735427083399,1528.632,10,2026-09-18T18:12:31.490599+00:00
Llama-3.1-8B-Instruct,belief_bank_facts,mlp,5,27416,belief_bank_constraints,123,2760,25878,1380,1380,3058,22820,5.1227,4097,0.3996865203761755,0.16677567037279267,0.8719375531339362,0.23534840793724043,0.7042261243192522,1535.169,10,2026-09-18T18:12:31.490599+00:00
Llama-3.1-8B-Instruct,belief_bank_facts,mlp,5,27416,belief_bank_constraints,420,2760,25878,1380,1380,3058,22820,5.5501,4097,0.6423121387283237,0.908436886854153,0.9293994899142128,0.7525396180414465,0.9477988655207616,1542.141,10,2026-09-18T18:12:31.490599+00:00
Llama-3.1-8B-Instruct,belief_bank_facts,mlp,5,27416,belief_bank_constraints,511,2760,25878,1380,1380,3058,22820,5.6309,4097,0.5010743446497636,0.381294964028777,0.8820233402890486,0.4330547818012999,0.9010809136134642,1549.185,10,2026-09-18T18:12:31.490599+00:00
Llama-3.1-8B-Instruct,belief_bank_facts,mlp,5,27416,belief_bank_constraints,mean,0,0,0,0,0,0,5.12213,4097.0,0.5131440034645892,0.6524198822759975,0.8839477548496791,0.5356858410223355,0.882832144849016,5900.535,10,2026-09-18T18:12:31.490599+00:00
Llama-3.1-8B-Instruct,belief_bank_facts,mlp,5,27416,belief_bank_constraints,std,0,0,0,0,0,0,0.36387789449209457,0.0,0.0890424815427919,0.2983975451767931,0.030515423794909756,0.17971737403040797,0.08126266037820472,5900.535,10,2026-09-18T18:12:31.490599+00:00
Llama-3.1-8B-Instruct,belief_bank_facts,mlp,5,27416,halu_eval,2,2760,10000,1380,1380,1912,8088,5.5513,4097,0.19090730171226136,0.5073221757322176,0.4947,0.2774202774202774,0.4954818388935103,1555.428,10,2026-09-18T18:12:31.490599+00:00
Llama-3.1-8B-Instruct,belief_bank_facts,mlp,5,27416,halu_eval,4,2760,10000,1380,1380,1912,8088,5.5402,4097,0.19152462121212122,0.42311715481171547,0.5482,0.2636897001303781,0.4968157860294087,1561.658,10,2026-09-18T18:12:31.490599+00:00
Llama-3.1-8B-Instruct,belief_bank_facts,mlp,5,27416,halu_eval,24,2760,10000,1380,1380,1912,8088,6.0541,4097,0.18660714285714286,0.4372384937238494,0.528,0.2615769712140175,0.4936124634770661,1568.402,10,2026-09-18T18:12:31.490599+00:00
Llama-3.1-8B-Instruct,belief_bank_facts,mlp,5,27416,halu_eval,42,2760,10000,1380,1380,1912,8088,5.6816,4097,0.18738574040219377,0.42887029288702927,0.5352,0.2608142493638677,0.4923877682831945,1574.772,10,2026-09-18T18:12:31.490599+00:00
Llama-3.1-8B-Instruct,belief_bank_facts,mlp,5,27416,halu_eval,64,2760,10000,1380,1380,1912,8088,6.5384,4097,0.18720990201134605,0.569560669456067,0.4449,0.2817958338724285,0.4960716506503773,1581.998,10,2026-09-18T18:12:31.490599+00:00
Llama-3.1-8B-Instruct,belief_bank_facts,mlp,5,27416,halu_eval,67,2760,10000,1380,1380,1912,8088,6.0552,4097,0.18869828456104945,0.3912133891213389,0.562,0.2545949625595643,0.4933581673764325,1588.749,10,2026-09-18T18:12:31.490599+00:00
Llama-3.1-8B-Instruct,belief_bank_facts,mlp,5,27416,halu_eval,104,2760,10000,1380,1380,1912,8088,6.1048,4097,0.18134287286736378,0.3446652719665272,0.5772,0.23764875586007933,0.48428576195324236,1595.544,10,2026-09-18T18:12:31.490599+00:00
Llama-3.1-8B-Instruct,belief_bank_facts,mlp,5,27416,halu_eval,123,2760,10000,1380,1380,1912,8088,5.7121,4097,0.19166308551783412,0.4665271966527197,0.5218,0.27170271093512033,0.5004641995062679,1601.948,10,2026-09-18T18:12:31.490599+00:00
Llama-3.1-8B-Instruct,belief_bank_facts,mlp,5,27416,halu_eval,420,2760,10000,1380,1380,1912,8088,5.5321,4097,0.18851615558756946,0.4790794979079498,0.5061,0.27056564761482793,0.49677734253752653,1608.169,10,2026-09-18T18:12:31.490599+00:00
Llama-3.1-8B-Instruct,belief_bank_facts,mlp,5,27416,halu_eval,511,2760,10000,1380,1380,1912,8088,5.4704,4097,0.18753691671588896,0.3321129707112971,0.5972,0.2397130992827482,0.4929412705014713,1614.327,10,2026-09-18T18:12:31.490599+00:00
Llama-3.1-8B-Instruct,belief_bank_facts,mlp,5,27416,halu_eval,mean,0,0,0,0,0,0,5.82402,4097.0,0.18813920234447706,0.43797071129707116,0.53153,0.261952220825331,0.49421962492084964,5900.535,10,2026-09-18T18:12:31.490599+00:00
Llama-3.1-8B-Instruct,belief_bank_facts,mlp,5,27416,halu_eval,std,0,0,0,0,0,0,0.3306903560734726,0.0,0.002869271805378559,0.0685805681121,0.041512770324323094,0.013950318072259384,0.004025942664992042,5900.535,10,2026-09-18T18:12:31.490599+00:00
Llama-3.1-8B-Instruct,belief_bank_facts,mlp,6,27416,belief_bank_facts,2,2760,8225,1380,1380,591,7634,5.0291,4097,0.5295238095238095,0.9407783417935702,0.9356838905775076,0.6776355880560634,0.9692895839123842,1620.922,10,2026-09-18T18:12:31.490599+00:00
Llama-3.1-8B-Instruct,belief_bank_facts,mlp,6,27416,belief_bank_facts,4,2760,8225,1380,1380,591,7634,4.7564,4097,0.5146252285191956,0.9526226734348562,0.9320364741641337,0.6682492581602374,0.9686773970043181,1626.363,10,2026-09-18T18:12:31.490599+00:00
Llama-3.1-8B-Instruct,belief_bank_facts,mlp,6,27416,belief_bank_facts,24,2760,8225,1380,1380,591,7634,4.968,4097,0.5314885496183206,0.9424703891708968,0.9361702127659575,0.6796827333740085,0.9705128494973284,1632.017,10,2026-09-18T18:12:31.490599+00:00
Llama-3.1-8B-Instruct,belief_bank_facts,mlp,6,27416,belief_bank_facts,42,2760,8225,1380,1380,591,7634,4.9169,4097,0.5179392824287029,0.9526226734348562,0.932887537993921,0.6710369487485102,0.9749220581005716,1637.616,10,2026-09-18T18:12:31.490599+00:00
Llama-3.1-8B-Instruct,belief_bank_facts,mlp,6,27416,belief_bank_facts,64,2760,8225,1380,1380,591,7634,5.0282,4097,0.5380906460945034,0.9441624365482234,0.9377507598784195,0.6855036855036855,0.9650674447336189,1643.327,10,2026-09-18T18:12:31.490599+00:00
Llama-3.1-8B-Instruct,belief_bank_facts,mlp,6,27416,belief_bank_facts,67,2760,8225,1380,1380,591,7634,4.7671,4097,0.5109689213893968,0.9458544839255499,0.931063829787234,0.6635014836795252,0.9703995882699492,1648.776,10,2026-09-18T18:12:31.490599+00:00
Llama-3.1-8B-Instruct,belief_bank_facts,mlp,6,27416,belief_bank_facts,104,2760,8225,1380,1380,591,7634,4.5048,4097,0.5417895771878073,0.9323181049069373,0.9384802431610942,0.6853233830845771,0.9633073519613699,1653.968,10,2026-09-18T18:12:31.490599+00:00
Llama-3.1-8B-Instruct,belief_bank_facts,mlp,6,27416,belief_bank_facts,123,2760,8225,1380,1380,591,7634,5.108,4097,0.5308056872037915,0.9475465313028765,0.9360486322188449,0.6804374240583232,0.9725249540416526,1659.76,10,2026-09-18T18:12:31.490599+00:00
Llama-3.1-8B-Instruct,belief_bank_facts,mlp,6,27416,belief_bank_facts,420,2760,8225,1380,1380,591,7634,5.1783,4097,0.5165137614678899,0.9526226734348562,0.9325227963525836,0.6698393813206425,0.9673415351307071,1665.625,10,2026-09-18T18:12:31.490599+00:00
Llama-3.1-8B-Instruct,belief_bank_facts,mlp,6,27416,belief_bank_facts,511,2760,8225,1380,1380,591,7634,5.0977,4097,0.5307473982970672,0.949238578680203,0.9360486322188449,0.6808252427184466,0.9660185287388727,1671.408,10,2026-09-18T18:12:31.490599+00:00
Llama-3.1-8B-Instruct,belief_bank_facts,mlp,6,27416,belief_bank_facts,mean,0,0,0,0,0,0,4.93545,4097.0,0.5262492861730483,0.9460236886632826,0.9348693009118542,0.6762035128704019,0.9688061291390773,5900.535,10,2026-09-18T18:12:31.490599+00:00
Llama-3.1-8B-Instruct,belief_bank_facts,mlp,6,27416,belief_bank_facts,std,0,0,0,0,0,0,0.19486180359423944,0.0,0.009966591719575094,0.006121845182783613,0.0024170078219705937,0.0071757558339607145,0.003332665835569309,5900.535,10,2026-09-18T18:12:31.490599+00:00
Llama-3.1-8B-Instruct,belief_bank_facts,mlp,6,27416,belief_bank_constraints,2,2760,25878,1380,1380,3058,22820,4.8341,4097,0.468871925360475,0.9038587311968607,0.8676481953783136,0.6174466659220373,0.9165323752471212,1677.669,10,2026-09-18T18:12:31.490599+00:00
Llama-3.1-8B-Instruct,belief_bank_facts,mlp,6,27416,belief_bank_constraints,4,2760,25878,1380,1380,3058,22820,4.9154,4097,0.4472049689440994,0.14126880313930673,0.8778885539840792,0.2147117296222664,0.8655453591075032,1684.004,10,2026-09-18T18:12:31.490599+00:00
Llama-3.1-8B-Instruct,belief_bank_facts,mlp,6,27416,belief_bank_constraints,24,2760,25878,1380,1380,3058,22820,4.2759,4097,0.6889071938495333,0.8204708960104643,0.9350027050003864,0.748955223880597,0.9441996653653095,1689.707,10,2026-09-18T18:12:31.490599+00:00
Llama-3.1-8B-Instruct,belief_bank_facts,mlp,6,27416,belief_bank_constraints,42,2760,25878,1380,1380,3058,22820,4.226,4097,0.6395670198065407,0.9081098757357751,0.9286652755236108,0.7505405405405405,0.9311420340263524,1695.361,10,2026-09-18T18:12:31.490599+00:00
Llama-3.1-8B-Instruct,belief_bank_facts,mlp,6,27416,belief_bank_constraints,64,2760,25878,1380,1380,3058,22820,4.1273,4097,0.6013705103969754,0.8322432962720733,0.9149857021408145,0.6982167352537723,0.9147195485584284,1700.919,10,2026-09-18T18:12:31.490599+00:00
Llama-3.1-8B-Instruct,belief_bank_facts,mlp,6,27416,belief_bank_constraints,67,2760,25878,1380,1380,3058,22820,3.7727,4097,0.6661404893449092,0.8279921517331589,0.9306360615194373,0.7383000437381543,0.91579158472282,1706.118,10,2026-09-18T18:12:31.490599+00:00
Llama-3.1-8B-Instruct,belief_bank_facts,mlp,6,27416,belief_bank_constraints,104,2760,25878,1380,1380,3058,22820,3.8128,4097,0.49867724867724866,0.12328319162851537,0.8817528402504058,0.1976927110644992,0.8863038371788428,1711.349,10,2026-09-18T18:12:31.490599+00:00
Llama-3.1-8B-Instruct,belief_bank_facts,mlp,6,27416,belief_bank_constraints,123,2760,25878,1380,1380,3058,22820,4.0649,4097,0.5960601567464521,0.9202092871157619,0.9168792024113146,0.7234863092942537,0.9511994802214161,1716.836,10,2026-09-18T18:12:31.490599+00:00
Llama-3.1-8B-Instruct,belief_bank_facts,mlp,6,27416,belief_bank_constraints,420,2760,25878,1380,1380,3058,22820,4.0343,4097,0.7322810275456515,0.7737083060824068,0.9398330628332947,0.7524248688185721,0.942928921940927,1722.297,10,2026-09-18T18:12:31.490599+00:00
Llama-3.1-8B-Instruct,belief_bank_facts,mlp,6,27416,belief_bank_constraints,511,2760,25878,1380,1380,3058,22820,4.1253,4097,0.5136363636363637,0.11085676913015043,0.882525697503671,0.18235610543302852,0.8159344263892527,1727.841,10,2026-09-18T18:12:31.490599+00:00
Llama-3.1-8B-Instruct,belief_bank_facts,mlp,6,27416,belief_bank_constraints,mean,0,0,0,0,0,0,4.218870000000001,4097.0,0.5852716904308248,0.6362001308044474,0.9075817296545328,0.5624130933567721,0.9084297232757974,5900.535,10,2026-09-18T18:12:31.490599+00:00
Llama-3.1-8B-Instruct,belief_bank_facts,mlp,6,27416,belief_bank_constraints,std,0,0,0,0,0,0,0.3613639468735087,0.0,0.0935184011226926,0.3373936877107985,0.025846946491411397,0.24145538113676626,0.039822355507031615,5900.535,10,2026-09-18T18:12:31.490599+00:00
Llama-3.1-8B-Instruct,belief_bank_facts,mlp,6,27416,halu_eval,2,2760,10000,1380,1380,1912,8088,4.8582,4097,0.19595894804361771,0.3195606694560669,0.6192,0.24294234592445327,0.5094452975946595,1733.4,10,2026-09-18T18:12:31.490599+00:00
Llama-3.1-8B-Instruct,belief_bank_facts,mlp,6,27416,halu_eval,4,2760,10000,1380,1380,1912,8088,4.5959,4097,0.19810633648943918,0.42677824267782427,0.5601,0.27060189023379205,0.5109041133307675,1738.694,10,2026-09-18T18:12:31.490599+00:00
Llama-3.1-8B-Instruct,belief_bank_facts,mlp,6,27416,halu_eval,24,2760,10000,1380,1380,1912,8088,4.9887,4097,0.19445983379501386,0.36715481171548114,0.5882,0.25425570445490764,0.5057736692925932,1744.379,10,2026-09-18T18:12:31.490599+00:00
Llama-3.1-8B-Instruct,belief_bank_facts,mlp,6,27416,halu_eval,42,2760,10000,1380,1380,1912,8088,5.0591,4097,0.20259190690293574,0.4006276150627615,0.5839,0.2691024064640787,0.5152712810755332,1750.153,10,2026-09-18T18:12:31.490599+00:00
Llama-3.1-8B-Instruct,belief_bank_facts,mlp,6,27416,halu_eval,64,2760,10000,1380,1380,1912,8088,4.8142,4097,0.19598727673109861,0.4189330543933054,0.5603,0.267044507417903,0.5135166864800996,1755.668,10,2026-09-18T18:12:31.490599+00:00
Llama-3.1-8B-Instruct,belief_bank_facts,mlp,6,27416,halu_eval,67,2760,10000,1380,1380,1912,8088,4.7389,4097,0.19549218031278748,0.4445606694560669,0.544,0.2715654952076677,0.5090527795194286,1761.13,10,2026-09-18T18:12:31.490599+00:00
Llama-3.1-8B-Instruct,belief_bank_facts,mlp,6,27416,halu_eval,104,2760,10000,1380,1380,1912,8088,4.674,4097,0.20416386836803224,0.3179916317991632,0.6326,0.24867075664621677,0.5152584450231553,1766.499,10,2026-09-18T18:12:31.490599+00:00
Llama-3.1-8B-Instruct,belief_bank_facts,mlp,6,27416,halu_eval,123,2760,10000,1380,1380,1912,8088,5.0866,4097,0.2003046458492003,0.41265690376569036,0.5727,0.26969748760895573,0.5168198198477831,1772.286,10,2026-09-18T18:12:31.490599+00:00
Llama-3.1-8B-Instruct,belief_bank_facts,mlp,6,27416,halu_eval,420,2760,10000,1380,1380,1912,8088,5.2683,4097,0.2022998296422487,0.24843096234309622,0.669,0.22300469483568075,0.5088673195787756,1778.255,10,2026-09-18T18:12:31.490599+00:00
Llama-3.1-8B-Instruct,belief_bank_facts,mlp,6,27416,halu_eval,511,2760,10000,1380,1380,1912,8088,5.067,4097,0.20901932712956334,0.3054393305439331,0.6462,0.24819379515512113,0.5201538308729499,1784.02,10,2026-09-18T18:12:31.490599+00:00
Llama-3.1-8B-Instruct,belief_bank_facts,mlp,6,27416,halu_eval,mean,0,0,0,0,0,0,4.91509,4097.0,0.1998384153263937,0.36621338912133894,0.59762,0.2565079083948777,0.5125063242615744,5900.535,10,2026-09-18T18:12:31.490599+00:00
Llama-3.1-8B-Instruct,belief_bank_facts,mlp,6,27416,halu_eval,std,0,0,0,0,0,0,0.20195835437039975,0.0,0.004444736919196721,0.06164088463825825,0.039645978358466574,0.015202253774182026,0.004192439882054628,5900.535,10,2026-09-18T18:12:31.490599+00:00
Llama-3.1-8B-Instruct,belief_bank_facts,mlp,7,27416,belief_bank_facts,2,2760,8225,1380,1380,591,7634,4.1713,4097,0.5538922155688623,0.9390862944162437,0.9412765957446808,0.696798493408663,0.9722168657714819,1789.841,10,2026-09-18T18:12:31.490599+00:00
Llama-3.1-8B-Instruct,belief_bank_facts,mlp,7,27416,belief_bank_facts,4,2760,8225,1380,1380,591,7634,4.5725,4097,0.5476419634263715,0.9627749576988156,0.9401823708206687,0.698159509202454,0.9712810753566177,1795.082,10,2026-09-18T18:12:31.490599+00:00
Llama-3.1-8B-Instruct,belief_bank_facts,mlp,7,27416,belief_bank_facts,24,2760,8225,1380,1380,591,7634,4.2505,4097,0.5613160518444666,0.9526226734348562,0.9431003039513678,0.7063989962358845,0.9688358740641544,1800.018,10,2026-09-18T18:12:31.490599+00:00
Llama-3.1-8B-Instruct,belief_bank_facts,mlp,7,27416,belief_bank_facts,42,2760,8225,1380,1380,591,7634,4.4538,4097,0.5490196078431373,0.9475465313028765,0.9403039513677811,0.6952203600248293,0.9723545080849899,1805.17,10,2026-09-18T18:12:31.490599+00:00
Llama-3.1-8B-Instruct,belief_bank_facts,mlp,7,27416,belief_bank_facts,64,2760,8225,1380,1380,591,7634,4.6632,4097,0.5425219941348973,0.9390862944162437,0.9387234042553192,0.6877323420074349,0.9688006323123863,1810.52,10,2026-09-18T18:12:31.490599+00:00
Llama-3.1-8B-Instruct,belief_bank_facts,mlp,7,27416,belief_bank_facts,67,2760,8225,1380,1380,591,7634,4.2408,4097,0.5335221907459868,0.9560067681895094,0.9367781155015198,0.6848484848484848,0.9736336285217925,1815.451,10,2026-09-18T18:12:31.490599+00:00
Llama-3.1-8B-Instruct,belief_bank_facts,mlp,7,27416,belief_bank_facts,104,2760,8225,1380,1380,591,7634,4.5527,4097,0.578563995837669,0.9407783417935702,0.9465045592705167,0.7164948453608248,0.9699589555497337,1820.687,10,2026-09-18T18:12:31.490599+00:00
Llama-3.1-8B-Instruct,belief_bank_facts,mlp,7,27416,belief_bank_facts,123,2760,8225,1380,1380,591,7634,4.4719,4097,0.5276476101218369,0.9526226734348562,0.9353191489361702,0.6791314837153196,0.9726849826251515,1825.84,10,2026-09-18T18:12:31.490599+00:00
Llama-3.1-8B-Instruct,belief_bank_facts,mlp,7,27416,belief_bank_facts,420,2760,8225,1380,1380,591,7634,4.553,4097,0.570281124497992,0.961082910321489,0.9451671732522796,0.7158160050409578,0.9757636488644841,1831.076,10,2026-09-18T18:12:31.490599+00:00
Llama-3.1-8B-Instruct,belief_bank_facts,mlp,7,27416,belief_bank_facts,511,2760,8225,1380,1380,591,7634,4.3717,4097,0.5285714285714286,0.9390862944162437,0.9354407294832827,0.676416819012797,0.9660413583013387,1836.141,10,2026-09-18T18:12:31.490599+00:00
Llama-3.1-8B-Instruct,belief_bank_facts,mlp,7,27416,belief_bank_facts,mean,0,0,0,0,0,0,4.43014,4097.0,0.5492978182592648,0.9490693739424705,0.9402796352583586,0.695701733885765,0.9711571529452131,5900.535,10,2026-09-18T18:12:31.490599+00:00
Llama-3.1-8B-Instruct,belief_bank_facts,mlp,7,27416,belief_bank_facts,std,0,0,0,0,0,0,0.1566959169857339,0.0,0.016304204764590973,0.008806777448171295,0.0036647208560165257,0.013366485799951061,0.002660969068007489,5900.535,10,2026-09-18T18:12:31.490599+00:00
Llama-3.1-8B-Instruct,belief_bank_facts,mlp,7,27416,belief_bank_constraints,2,2760,25878,1380,1380,3058,22820,4.1613,4097,0.6421937195931003,0.4748201438848921,0.9066774866682124,0.5459672870840383,0.9537407807798857,1841.802,10,2026-09-18T18:12:31.490599+00:00
Llama-3.1-8B-Instruct,belief_bank_facts,mlp,7,27416,belief_bank_constraints,4,2760,25878,1380,1380,3058,22820,4.4133,4097,0.6021998166819432,0.644538914323087,0.9076822010974573,0.6226504501658505,0.9495359795344348,1847.717,10,2026-09-18T18:12:31.490599+00:00
Llama-3.1-8B-Instruct,belief_bank_facts,mlp,7,27416,belief_bank_constraints,24,2760,25878,1380,1380,3058,22820,4.2509,4097,0.6312984496124031,0.8521909744931327,0.9237189891027128,0.7252991928750347,0.9544133890561043,1853.409,10,2026-09-18T18:12:31.490599+00:00
Llama-3.1-8B-Instruct,belief_bank_facts,mlp,7,27416,belief_bank_constraints,42,2760,25878,1380,1380,3058,22820,4.4221,4097,0.6682333425490738,0.7903858731196861,0.9288584898369271,0.7241947565543071,0.9542609462744521,1859.297,10,2026-09-18T18:12:31.490599+00:00
Llama-3.1-8B-Instruct,belief_bank_facts,mlp,7,27416,belief_bank_constraints,64,2760,25878,1380,1380,3058,22820,3.8747,4097,0.5856015779092703,0.9708960104643558,0.9153721307674473,0.7305610236220472,0.9656081604320561,1864.602,10,2026-09-18T18:12:31.490599+00:00
Llama-3.1-8B-Instruct,belief_bank_facts,mlp,7,27416,belief_bank_constraints,67,2760,25878,1380,1380,3058,22820,3.486,4097,0.6173992256889091,0.8865271419228253,0.9216709173815596,0.727882937307021,0.9542154341223062,1869.511,10,2026-09-18T18:12:31.490599+00:00
Llama-3.1-8B-Instruct,belief_bank_facts,mlp,7,27416,belief_bank_constraints,104,2760,25878,1380,1380,3058,22820,3.2805,4097,0.6916558018252934,0.6939175931981687,0.9272741324677332,0.692784851452824,0.9471155240575289,1874.217,10,2026-09-18T18:12:31.490599+00:00
Llama-3.1-8B-Instruct,belief_bank_facts,mlp,7,27416,belief_bank_constraints,123,2760,25878,1380,1380,3058,22820,3.252,4097,0.5427958666406707,0.9103989535644212,0.8987943426849061,0.6801026016855991,0.9398019963441245,1878.9,10,2026-09-18T18:12:31.490599+00:00
Llama-3.1-8B-Instruct,belief_bank_facts,mlp,7,27416,belief_bank_constraints,420,2760,25878,1380,1380,3058,22820,3.3406,4097,0.7004429678848284,0.4136690647482014,0.9098075585439369,0.5201480263157895,0.962908355492325,1883.716,10,2026-09-18T18:12:31.490599+00:00
Llama-3.1-8B-Instruct,belief_bank_facts,mlp,7,27416,belief_bank_constraints,511,2760,25878,1380,1380,3058,22820,3.3518,4097,0.6545366327025716,0.882275997383911,0.9310611330087333,0.7515320334261838,0.9380376696173139,1888.525,10,2026-09-18T18:12:31.490599+00:00
Llama-3.1-8B-Instruct,belief_bank_facts,mlp,7,27416,belief_bank_constraints,mean,0,0,0,0,0,0,3.78332,4097.0,0.6336357401088064,0.7519620667102682,0.9170917381559626,0.6721123160488695,0.9519638235710532,5900.535,10,2026-09-18T18:12:31.490599+00:00
Llama-3.1-8B-Instruct,belief_bank_facts,mlp,7,27416,belief_bank_constraints,std,0,0,0,0,0,0,0.4669586187233297,0.0,0.04620939474000575,0.180500614079458,0.010440200927216066,0.07766525467938881,0.008346876172609218,5900.535,10,2026-09-18T18:12:31.490599+00:00
Llama-3.1-8B-Instruct,belief_bank_facts,mlp,7,27416,halu_eval,2,2760,10000,1380,1380,1912,8088,3.2023,4097,0.19290123456790123,0.3922594142259414,0.57,0.25862068965517243,0.5043693986959347,1892.437,10,2026-09-18T18:12:31.490599+00:00
Llama-3.1-8B-Instruct,belief_bank_facts,mlp,7,27416,halu_eval,4,2760,10000,1380,1380,1912,8088,3.5241,4097,0.19165129151291513,0.43462343096234307,0.5414,0.2660051216389245,0.5002686194537906,1896.668,10,2026-09-18T18:12:31.490599+00:00
Llama-3.1-8B-Instruct,belief_bank_facts,mlp,7,27416,halu_eval,24,2760,10000,1380,1380,1912,8088,4.0848,4097,0.1934657270980141,0.3158995815899582,0.6174,0.23996821613031386,0.49987484040615987,1901.478,10,2026-09-18T18:12:31.490599+00:00
Llama-3.1-8B-Instruct,belief_bank_facts,mlp,7,27416,halu_eval,42,2760,10000,1380,1380,1912,8088,4.2221,4097,0.19270474879559532,0.2928870292887029,0.6302,0.23246160232461602,0.5061871712418625,1906.401,10,2026-09-18T18:12:31.490599+00:00
Llama-3.1-8B-Instruct,belief_bank_facts,mlp,7,27416,halu_eval,64,2760,10000,1380,1380,1912,8088,4.6752,4097,0.19370698131760078,0.5151673640167364,0.4973,0.28154923538659427,0.5049275891449289,1911.768,10,2026-09-18T18:12:31.490599+00:00
Llama-3.1-8B-Instruct,belief_bank_facts,mlp,7,27416,halu_eval,67,2760,10000,1380,1380,1912,8088,4.3632,4097,0.20212765957446807,0.22855648535564854,0.68,0.21453117329405988,0.5082002975118881,1916.828,10,2026-09-18T18:12:31.490599+00:00
Llama-3.1-8B-Instruct,belief_bank_facts,mlp,7,27416,halu_eval,104,2760,10000,1380,1380,1912,8088,4.4144,4097,0.20827858081471748,0.16579497907949792,0.72,0.18462434478741993,0.5072014780407152,1921.938,10,2026-09-18T18:12:31.490599+00:00
Llama-3.1-8B-Instruct,belief_bank_facts,mlp,7,27416,halu_eval,123,2760,10000,1380,1380,1912,8088,4.4644,4097,0.1882770870337478,0.2217573221757322,0.6684,0.20365033621517772,0.5017277908487805,1927.1,10,2026-09-18T18:12:31.490599+00:00
Llama-3.1-8B-Instruct,belief_bank_facts,mlp,7,27416,halu_eval,420,2760,10000,1380,1380,1912,8088,4.626,4097,0.19563780568407138,0.30962343096234307,0.6246,0.2397731875253139,0.507553257007644,1932.424,10,2026-09-18T18:12:31.490599+00:00
Llama-3.1-8B-Instruct,belief_bank_facts,mlp,7,27416,halu_eval,511,2760,10000,1380,1380,1912,8088,4.3691,4097,0.1955085865257596,0.15481171548117154,0.7166,0.1727962638645651,0.5131484502067218,1937.495,10,2026-09-18T18:12:31.490599+00:00
Llama-3.1-8B-Instruct,belief_bank_facts,mlp,7,27416,halu_eval,mean,0,0,0,0,0,0,4.194560000000001,4097.0,0.19542597029247907,0.3031380753138075,0.62659,0.22939801708221577,0.5053458892558427,5900.535,10,2026-09-18T18:12:31.490599+00:00
Llama-3.1-8B-Instruct,belief_bank_facts,mlp,7,27416,halu_eval,std,0,0,0,0,0,0,0.45211773068527195,0.0,0.005441373735289023,0.11115147616597408,0.06978900271532759,0.03351859096600877,0.0038468328587633526,5900.535,10,2026-09-18T18:12:31.490599+00:00
Llama-3.1-8B-Instruct,belief_bank_facts,mlp,8,27416,belief_bank_facts,2,2760,8225,1380,1380,591,7634,4.0804,4097,0.5386100386100386,0.9441624365482234,0.9378723404255319,0.6859250153657037,0.969588141394341,1943.106,10,2026-09-18T18:12:31.490599+00:00
Llama-3.1-8B-Instruct,belief_bank_facts,mlp,8,27416,belief_bank_facts,4,2760,8225,1380,1380,591,7634,3.9992,4097,0.5599214145383105,0.9644670050761421,0.9429787234042554,0.7085146053449347,0.9707894640017697,1947.775,10,2026-09-18T18:12:31.490599+00:00
Llama-3.1-8B-Instruct,belief_bank_facts,mlp,8,27416,belief_bank_facts,24,2760,8225,1380,1380,591,7634,4.1305,4097,0.5576540755467196,0.949238578680203,0.9422492401215805,0.7025673137132122,0.9717525169038503,1952.583,10,2026-09-18T18:12:31.490599+00:00
Llama-3.1-8B-Instruct,belief_bank_facts,mlp,8,27416,belief_bank_facts,42,2760,8225,1380,1380,591,7634,4.3571,4097,0.5532945736434108,0.9661590524534687,0.9415197568389058,0.7036352433764633,0.9751616576833447,1957.624,10,2026-09-18T18:12:31.490599+00:00
Llama-3.1-8B-Instruct,belief_bank_facts,mlp,8,27416,belief_bank_facts,64,2760,8225,1380,1380,591,7634,4.1319,4097,0.5647773279352226,0.9441624365482234,0.9437082066869301,0.7067764407853071,0.974592913437835,1962.456,10,2026-09-18T18:12:31.490599+00:00
Llama-3.1-8B-Instruct,belief_bank_facts,mlp,8,27416,belief_bank_facts,67,2760,8225,1380,1380,591,7634,4.0468,4097,0.5325779036827195,0.9543147208121827,0.9365349544072948,0.6836363636363636,0.9720750121794608,1967.181,10,2026-09-18T18:12:31.490599+00:00
Llama-3.1-8B-Instruct,belief_bank_facts,mlp,8,27416,belief_bank_facts,104,2760,8225,1380,1380,591,7634,4.3378,4097,0.5740932642487047,0.937394247038917,0.945531914893617,0.712082262210797,0.9704389304771112,1972.197,10,2026-09-18T18:12:31.490599+00:00
Llama-3.1-8B-Instruct,belief_bank_facts,mlp,8,27416,belief_bank_facts,123,2760,8225,1380,1380,591,7634,4.158,4097,0.5401529636711281,0.9560067681895094,0.9383586626139817,0.6902871105681124,0.9730799562204351,1977.041,10,2026-09-18T18:12:31.490599+00:00
Llama-3.1-8B-Instruct,belief_bank_facts,mlp,8,27416,belief_bank_facts,420,2760,8225,1380,1380,591,7634,4.439,4097,0.5605911330049261,0.9627749576988156,0.9431003039513678,0.7085927770859277,0.9731320430862553,1982.179,10,2026-09-18T18:12:31.490599+00:00
Llama-3.1-8B-Instruct,belief_bank_facts,mlp,8,27416,belief_bank_facts,511,2760,8225,1380,1380,591,7634,4.1499,4097,0.5580221997981837,0.9357021996615905,0.9421276595744681,0.6991150442477876,0.9664695788322523,1987.026,10,2026-09-18T18:12:31.490599+00:00
Llama-3.1-8B-Instruct,belief_bank_facts,mlp,8,27416,belief_bank_facts,mean,0,0,0,0,0,0,4.183059999999999,4097.0,0.5539694894679364,0.9514382402707277,0.9413981762917935,0.7001132176334608,0.9717080214216655,5900.535,10,2026-09-18T18:12:31.490599+00:00
Llama-3.1-8B-Instruct,belief_bank_facts,mlp,8,27416,belief_bank_facts,std,0,0,0,0,0,0,0.1377525041514672,0.0,0.012312239698997626,0.010486599277391656,0.002727851340921236,0.009585982470018455,0.0024225280572679826,5900.535,10,2026-09-18T18:12:31.490599+00:00
Llama-3.1-8B-Instruct,belief_bank_facts,mlp,8,27416,belief_bank_constraints,2,2760,25878,1380,1380,3058,22820,4.0692,4097,0.5653871177618738,0.2841726618705036,0.8895973413710487,0.37823721436343855,0.945820218974211,1992.521,10,2026-09-18T18:12:31.490599+00:00
Llama-3.1-8B-Instruct,belief_bank_facts,mlp,8,27416,belief_bank_constraints,4,2760,25878,1380,1380,3058,22820,4.4686,4097,0.4642082429501085,0.13996075866579463,0.8792796970399567,0.2150753768844221,0.9383593499672416,1998.405,10,2026-09-18T18:12:31.490599+00:00
Llama-3.1-8B-Instruct,belief_bank_facts,mlp,8,27416,belief_bank_constraints,24,2760,25878,1380,1380,3058,22820,4.0506,4097,0.6057529610829103,0.3512099411379987,0.8963211994744571,0.44462844131649765,0.9420377521582447,2003.946,10,2026-09-18T18:12:31.490599+00:00
Llama-3.1-8B-Instruct,belief_bank_facts,mlp,8,27416,belief_bank_constraints,42,2760,25878,1380,1380,3058,22820,4.0816,4097,0.4064362336114422,0.11151079136690648,0.8757631965375995,0.1750064151911727,0.9428870496145508,2009.518,10,2026-09-18T18:12:31.490599+00:00
Llama-3.1-8B-Instruct,belief_bank_facts,mlp,8,27416,belief_bank_constraints,64,2760,25878,1380,1380,3058,22820,4.0594,4097,0.6501700037778617,0.5627861347285807,0.9125512017930288,0.603330411919369,0.9457774581864267,2015.074,10,2026-09-18T18:12:31.490599+00:00
Llama-3.1-8B-Instruct,belief_bank_facts,mlp,8,27416,belief_bank_constraints,67,2760,25878,1380,1380,3058,22820,3.8488,4097,0.640117994100295,0.5676913015042512,0.9111987015998145,0.6017331022530329,0.9226242255339222,2020.407,10,2026-09-18T18:12:31.490599+00:00
Llama-3.1-8B-Instruct,belief_bank_facts,mlp,8,27416,belief_bank_constraints,104,2760,25878,1380,1380,3058,22820,3.6024,4097,0.4091456077015644,0.11118378024852844,0.8759950537135791,0.17485214708151195,0.892275200634648,2025.511,10,2026-09-18T18:12:31.490599+00:00
Llama-3.1-8B-Instruct,belief_bank_facts,mlp,8,27416,belief_bank_constraints,123,2760,25878,1380,1380,3058,22820,3.1376,4097,0.6339507879458115,0.749836494440811,0.9192750598964371,0.6870411985018726,0.944042135425593,2030.159,10,2026-09-18T18:12:31.490599+00:00
Llama-3.1-8B-Instruct,belief_bank_facts,mlp,8,27416,belief_bank_constraints,420,2760,25878,1380,1380,3058,22820,3.1603,4097,0.6416382252559727,0.8606932635709614,0.9267331323904475,0.735195530726257,0.9540685513894677,2034.811,10,2026-09-18T18:12:31.490599+00:00
Llama-3.1-8B-Instruct,belief_bank_facts,mlp,8,27416,belief_bank_constraints,511,2760,25878,1380,1380,3058,22820,3.1682,4097,0.5407478427612655,0.18443427076520602,0.8851147693021099,0.27505486466715434,0.9449351036261263,2039.44,10,2026-09-18T18:12:31.490599+00:00
Llama-3.1-8B-Instruct,belief_bank_facts,mlp,8,27416,belief_bank_constraints,mean,0,0,0,0,0,0,3.76467,4097.0,0.5557555016949106,0.3923479398299542,0.8971829353118478,0.42901547029047293,0.937282704551043,5900.535,10,2026-09-18T18:12:31.490599+00:00
Llama-3.1-8B-Instruct,belief_bank_facts,mlp,8,27416,belief_bank_constraints,std,0,0,0,0,0,0,0.44777093262068735,0.0,0.0919297680558053,0.26176024889186267,0.01796130108496241,0.20541582407889733,0.01681305595617998,5900.535,10,2026-09-18T18:12:31.490599+00:00
Llama-3.1-8B-Instruct,belief_bank_facts,mlp,8,27416,halu_eval,2,2760,10000,1380,1380,1912,8088,2.8666,4097,0.19323241317898487,0.34048117154811713,0.6021,0.24654421511077448,0.5021738194194405,2043.037,10,2026-09-18T18:12:31.490599+00:00
Llama-3.1-8B-Instruct,belief_bank_facts,mlp,8,27416,halu_eval,4,2760,10000,1380,1380,1912,8088,3.158,4097,0.1922365988909427,0.2719665271966527,0.6423,0.22525449426034222,0.496203341434596,2046.914,10,2026-09-18T18:12:31.490599+00:00
Llama-3.1-8B-Instruct,belief_bank_facts,mlp,8,27416,halu_eval,24,2760,10000,1380,1380,1912,8088,3.1319,4097,0.17993079584775087,0.2175732217573222,0.6608,0.19696969696969696,0.4919357581767917,2050.769,10,2026-09-18T18:12:31.490599+00:00
Llama-3.1-8B-Instruct,belief_bank_facts,mlp,8,27416,halu_eval,42,2760,10000,1380,1380,1912,8088,3.2488,4097,0.1871016122984627,0.26098326359832635,0.6419,0.217951517798646,0.49465341235944366,2054.742,10,2026-09-18T18:12:31.490599+00:00
Llama-3.1-8B-Instruct,belief_bank_facts,mlp,8,27416,halu_eval,64,2760,10000,1380,1380,1912,8088,4.1697,4097,0.19321717485998754,0.3247907949790795,0.6116,0.24229418650019507,0.49952167113632884,2059.626,10,2026-09-18T18:12:31.490599+00:00
Llama-3.1-8B-Instruct,belief_bank_facts,mlp,8,27416,halu_eval,67,2760,10000,1380,1380,1912,8088,3.7473,4097,0.18332863981976907,0.34048117154811713,0.5839,0.23833058758923667,0.4929167623712386,2064.108,10,2026-09-18T18:12:31.490599+00:00
Llama-3.1-8B-Instruct,belief_bank_facts,mlp,8,27416,halu_eval,104,2760,10000,1380,1380,1912,8088,4.1974,4097,0.1896551724137931,0.35094142259414224,0.5892,0.24623853211009175,0.49493793946504766,2069.023,10,2026-09-18T18:12:31.490599+00:00
Llama-3.1-8B-Instruct,belief_bank_facts,mlp,8,27416,halu_eval,123,2760,10000,1380,1380,1912,8088,4.1674,4097,0.18662829311489926,0.4408995815899582,0.5257,0.26224918338777414,0.49242171754011316,2073.888,10,2026-09-18T18:12:31.490599+00:00
Llama-3.1-8B-Instruct,belief_bank_facts,mlp,8,27416,halu_eval,420,2760,10000,1380,1380,1912,8088,4.1585,4097,0.19405496354458776,0.3619246861924686,0.5906,0.2526469514421322,0.5014927003277753,2078.751,10,2026-09-18T18:12:31.490599+00:00
Llama-3.1-8B-Instruct,belief_bank_facts,mlp,8,27416,halu_eval,511,2760,10000,1380,1380,1912,8088,4.0976,4097,0.19519519519519518,0.20397489539748953,0.687,0.19948849104859334,0.49276305306896107,2083.562,10,2026-09-18T18:12:31.490599+00:00
Llama-3.1-8B-Instruct,belief_bank_facts,mlp,8,27416,halu_eval,mean,0,0,0,0,0,0,3.69432,4097.0,0.1894580859164373,0.31140167364016735,0.61351,0.23279678562174827,0.49590201752997365,5900.535,10,2026-09-18T18:12:31.490599+00:00
Llama-3.1-8B-Instruct,belief_bank_facts,mlp,8,27416,halu_eval,std,0,0,0,0,0,0,0.5070846966730508,0.0,0.004817479018413734,0.06870052080440323,0.043713852495519116,0.021029169445113297,0.003645283669694007,5900.535,10,2026-09-18T18:12:31.490599+00:00
Llama-3.1-8B-Instruct,belief_bank_facts,mlp,9,27416,belief_bank_facts,2,2760,8225,1380,1380,591,7634,3.7331,4097,0.5678137651821862,0.949238578680203,0.9444376899696049,0.7105763141228626,0.972492593690973,2088.747,10,2026-09-18T18:12:31.490599+00:00
Llama-3.1-8B-Instruct,belief_bank_facts,mlp,9,27416,belief_bank_facts,4,2760,8225,1380,1380,591,7634,3.7232,4097,0.5586206896551724,0.9593908629441624,0.9426139817629179,0.7061021170610212,0.9733115765386572,2093.137,10,2026-09-18T18:12:31.490599+00:00
Llama-3.1-8B-Instruct,belief_bank_facts,mlp,9,27416,belief_bank_facts,24,2760,8225,1380,1380,591,7634,3.7335,4097,0.5982905982905983,0.9475465313028765,0.9505167173252279,0.733464309102816,0.976657326494217,2097.552,10,2026-09-18T18:12:31.490599+00:00
Llama-3.1-8B-Instruct,belief_bank_facts,mlp,9,27416,belief_bank_facts,42,2760,8225,1380,1380,591,7634,3.9149,4097,0.586171310629515,0.961082910321489,0.9484498480243161,0.7282051282051282,0.9811744768151387,2102.161,10,2026-09-18T18:12:31.490599+00:00
Llama-3.1-8B-Instruct,belief_bank_facts,mlp,9,27416,belief_bank_facts,64,2760,8225,1380,1380,591,7634,3.7126,4097,0.5871369294605809,0.9576988155668359,0.9485714285714286,0.7279742765273312,0.9759715530352902,2106.548,10,2026-09-18T18:12:31.490599+00:00
Llama-3.1-8B-Instruct,belief_bank_facts,mlp,9,27416,belief_bank_facts,67,2760,8225,1380,1380,591,7634,3.7529,4097,0.5555555555555556,0.9560067681895094,0.9418844984802431,0.7027363184079602,0.9759992588149816,2110.974,10,2026-09-18T18:12:31.490599+00:00
Llama-3.1-8B-Instruct,belief_bank_facts,mlp,9,27416,belief_bank_facts,104,2760,8225,1380,1380,591,7634,3.7031,4097,0.5876826722338204,0.9526226734348562,0.9485714285714286,0.7269205939315687,0.9772978841206873,2115.352,10,2026-09-18T18:12:31.490599+00:00
Llama-3.1-8B-Instruct,belief_bank_facts,mlp,9,27416,belief_bank_facts,123,2760,8225,1380,1380,591,7634,4.1558,4097,0.5744897959183674,0.9526226734348562,0.9458966565349544,0.7167409293443666,0.9799984218787888,2120.195,10,2026-09-18T18:12:31.490599+00:00
Llama-3.1-8B-Instruct,belief_bank_facts,mlp,9,27416,belief_bank_facts,420,2760,8225,1380,1380,591,7634,3.7026,4097,0.5731584258324924,0.961082910321489,0.9457750759878419,0.718078381795196,0.9822425900338099,2124.578,10,2026-09-18T18:12:31.490599+00:00
Llama-3.1-8B-Instruct,belief_bank_facts,mlp,9,27416,belief_bank_facts,511,2760,8225,1380,1380,591,7634,3.8081,4097,0.5672396359959555,0.949238578680203,0.9443161094224924,0.710126582278481,0.9725701698741094,2129.079,10,2026-09-18T18:12:31.490599+00:00
Llama-3.1-8B-Instruct,belief_bank_facts,mlp,9,27416,belief_bank_facts,mean,0,0,0,0,0,0,3.79398,4097.0,0.5756159378754243,0.9546531302876481,0.9461033434650457,0.7180924950776731,0.9767715851296652,5900.535,10,2026-09-18T18:12:31.490599+00:00
Llama-3.1-8B-Instruct,belief_bank_facts,mlp,9,27416,belief_bank_facts,std,0,0,0,0,0,0,0.135288024599371,0.0,0.013166232331421104,0.004833454097152522,0.002706662610459246,0.010077201734939428,0.003304386895396142,5900.535,10,2026-09-18T18:12:31.490599+00:00
Llama-3.1-8B-Instruct,belief_bank_facts,mlp,9,27416,belief_bank_constraints,2,2760,25878,1380,1380,3058,22820,3.8029,4097,0.6291899441340782,0.8839110529758012,0.9247237035319577,0.7351101441392439,0.9225445935976899,2134.307,10,2026-09-18T18:12:31.490599+00:00
Llama-3.1-8B-Instruct,belief_bank_facts,mlp,9,27416,belief_bank_constraints,4,2760,25878,1380,1380,3058,22820,3.8133,4097,0.6301742919389978,0.7567037279267496,0.9187727026818147,0.687667161961367,0.9524168299811588,2139.552,10,2026-09-18T18:12:31.490599+00:00
Llama-3.1-8B-Instruct,belief_bank_facts,mlp,9,27416,belief_bank_constraints,24,2760,25878,1380,1380,3058,22820,3.7937,4097,0.5927954497577417,0.9202092871157619,0.9158744879820697,0.7210762331838565,0.9318332140120108,2144.771,10,2026-09-18T18:12:31.490599+00:00
Llama-3.1-8B-Instruct,belief_bank_facts,mlp,9,27416,belief_bank_constraints,42,2760,25878,1380,1380,3058,22820,3.9042,4097,0.693200663349917,0.41007194244604317,0.9088414869773552,0.51530717074173,0.9269068817927891,2150.111,10,2026-09-18T18:12:31.490599+00:00
Llama-3.1-8B-Instruct,belief_bank_facts,mlp,9,27416,belief_bank_constraints,64,2760,25878,1380,1380,3058,22820,3.6028,4097,0.5276232851316277,0.9306736429038587,0.8933456990493855,0.673450070989115,0.9526372257305301,2155.192,10,2026-09-18T18:12:31.490599+00:00
Llama-3.1-8B-Instruct,belief_bank_facts,mlp,9,27416,belief_bank_constraints,67,2760,25878,1380,1380,3058,22820,3.5745,4097,0.6298355339356034,0.8891432308698496,0.9251487750212536,0.7373559322033898,0.9515964935007615,2160.205,10,2026-09-18T18:12:31.490599+00:00
Llama-3.1-8B-Instruct,belief_bank_facts,mlp,9,27416,belief_bank_constraints,104,2760,25878,1380,1380,3058,22820,3.8784,4097,0.7188025563403969,0.6988227599738391,0.9321044903006415,0.7086718620460952,0.9432571367812133,2165.554,10,2026-09-18T18:12:31.490599+00:00
Llama-3.1-8B-Instruct,belief_bank_facts,mlp,9,27416,belief_bank_constraints,123,2760,25878,1380,1380,3058,22820,4.1082,4097,0.5739983646770237,0.9182472204054938,0.9098075585439369,0.7064150943396227,0.9467711019615508,2171.108,10,2026-09-18T18:12:31.490599+00:00
Llama-3.1-8B-Instruct,belief_bank_facts,mlp,9,27416,belief_bank_constraints,420,2760,25878,1380,1380,3058,22820,2.9977,4097,0.6538156852389755,0.8096795291039895,0.9268490609784373,0.7234477720964207,0.9206058561644032,2175.561,10,2026-09-18T18:12:31.490599+00:00
Llama-3.1-8B-Instruct,belief_bank_facts,mlp,9,27416,belief_bank_constraints,511,2760,25878,1380,1380,3058,22820,2.8466,4097,0.58,0.9198822759973839,0.9118169874024268,0.7114314618108245,0.9279330403894557,2179.863,10,2026-09-18T18:12:31.490599+00:00
Llama-3.1-8B-Instruct,belief_bank_facts,mlp,9,27416,belief_bank_constraints,mean,0,0,0,0,0,0,3.6322300000000007,4097.0,0.6229435774504363,0.8137344669718771,0.9167284952469279,0.6919932903511665,0.9376502373911564,5900.535,10,2026-09-18T18:12:31.490599+00:00
Llama-3.1-8B-Instruct,belief_bank_facts,mlp,9,27416,belief_bank_constraints,std,0,0,0,0,0,0,0.3838155339482757,0.0,0.05426927382411667,0.1540228060737174,0.01076829599182407,0.06180339090181156,0.012305122514036091,5900.535,10,2026-09-18T18:12:31.490599+00:00
Llama-3.1-8B-Instruct,belief_bank_facts,mlp,9,27416,halu_eval,2,2760,10000,1380,1380,1912,8088,2.5853,4097,0.18952467453829852,0.3274058577405858,0.6037,0.24007670182166826,0.4952309377185686,2183.192,10,2026-09-18T18:12:31.490599+00:00
Llama-3.1-8B-Instruct,belief_bank_facts,mlp,9,27416,halu_eval,4,2760,10000,1380,1380,1912,8088,2.7952,4097,0.18881777108433734,0.524581589958159,0.4782,0.27768549280177185,0.4951185171792293,2186.726,10,2026-09-18T18:12:31.490599+00:00
Llama-3.1-8B-Instruct,belief_bank_facts,mlp,9,27416,halu_eval,24,2760,10000,1380,1380,1912,8088,2.6647,4097,0.18677165354330708,0.3101464435146444,0.6099,0.2331433064674661,0.487185772144486,2190.102,10,2026-09-18T18:12:31.490599+00:00
Llama-3.1-8B-Instruct,belief_bank_facts,mlp,9,27416,halu_eval,42,2760,10000,1380,1380,1912,8088,2.887,4097,0.18557758031442242,0.2839958158995816,0.6248,0.22447292269532865,0.4914419096528148,2193.707,10,2026-09-18T18:12:31.490599+00:00
Llama-3.1-8B-Instruct,belief_bank_facts,mlp,9,27416,halu_eval,64,2760,10000,1380,1380,1912,8088,2.5238,4097,0.1870870870870871,0.32583682008368203,0.6004,0.23769553605494087,0.4936397845457292,2196.947,10,2026-09-18T18:12:31.490599+00:00
Llama-3.1-8B-Instruct,belief_bank_facts,mlp,9,27416,halu_eval,67,2760,10000,1380,1380,1912,8088,2.7569,4097,0.18445734702992408,0.2160041841004184,0.6675,0.19898819561551434,0.4969820080578076,2200.428,10,2026-09-18T18:12:31.490599+00:00
Llama-3.1-8B-Instruct,belief_bank_facts,mlp,9,27416,halu_eval,104,2760,10000,1380,1380,1912,8088,3.7569,4097,0.1886326194398682,0.2395397489539749,0.6576,0.2110599078341014,0.4944525620889877,2204.901,10,2026-09-18T18:12:31.490599+00:00
Llama-3.1-8B-Instruct,belief_bank_facts,mlp,9,27416,halu_eval,123,2760,10000,1380,1380,1912,8088,3.8868,4097,0.18905872888173772,0.36872384937238495,0.5769,0.24995568161673462,0.4975596627474351,2209.504,10,2026-09-18T18:12:31.490599+00:00
Llama-3.1-8B-Instruct,belief_bank_facts,mlp,9,27416,halu_eval,420,2760,10000,1380,1380,1912,8088,3.7974,4097,0.18350515463917524,0.32583682008368203,0.5939,0.23478424722065197,0.4927004247731025,2214.018,10,2026-09-18T18:12:31.490599+00:00
Llama-3.1-8B-Instruct,belief_bank_facts,mlp,9,27416,halu_eval,511,2760,10000,1380,1380,1912,8088,3.7869,4097,0.19218415417558887,0.18776150627615062,0.6938,0.18994708994708995,0.49043917793394,2218.522,10,2026-09-18T18:12:31.490599+00:00
Llama-3.1-8B-Instruct,belief_bank_facts,mlp,9,27416,halu_eval,mean,0,0,0,0,0,0,3.14409,4097.0,0.18756167707337465,0.31098326359832634,0.61067,0.22978090820752678,0.49347507568421,5900.535,10,2026-09-18T18:12:31.490599+00:00
Llama-3.1-8B-Instruct,belief_bank_facts,mlp,9,27416,halu_eval,std,0,0,0,0,0,0,0.5506114064383337,0.0,0.002471128477058711,0.08927877886365791,0.056273369367756884,0.024125565945415903,0.0029875549965159252,5900.535,10,2026-09-18T18:12:31.490599+00:00
Llama-3.1-8B-Instruct,belief_bank_facts,mlp,10,27416,belief_bank_facts,2,2760,8225,1380,1380,591,7634,3.5734,4097,0.5934530095036958,0.9509306260575296,0.9496656534954407,0.7308192457737321,0.9765057204677444,2223.533,10,2026-09-18T18:12:31.490599+00:00
Llama-3.1-8B-Instruct,belief_bank_facts,mlp,10,27416,belief_bank_facts,4,2760,8225,1380,1380,591,7634,3.6129,4097,0.5813715455475946,0.961082910321489,0.9474772036474164,0.7244897959183674,0.9774133618104419,2227.82,10,2026-09-18T18:12:31.490599+00:00
Llama-3.1-8B-Instruct,belief_bank_facts,mlp,10,27416,belief_bank_facts,24,2760,8225,1380,1380,591,7634,3.7032,4097,0.5997888067581837,0.961082910321489,0.9511246200607902,0.7386215864759428,0.978406115308352,2232.206,10,2026-09-18T18:12:31.490599+00:00
Llama-3.1-8B-Instruct,belief_bank_facts,mlp,10,27416,belief_bank_facts,42,2760,8225,1380,1380,591,7634,3.8745,4097,0.5750507099391481,0.9593908629441624,0.9461398176291793,0.7190868738110336,0.9784307180407181,2236.762,10,2026-09-18T18:12:31.490599+00:00
Llama-3.1-8B-Instruct,belief_bank_facts,mlp,10,27416,belief_bank_facts,64,2760,8225,1380,1380,591,7634,3.8843,4097,0.5746192893401015,0.9576988155668359,0.9460182370820669,0.7182741116751269,0.9780144664066313,2241.323,10,2026-09-18T18:12:31.490599+00:00
Llama-3.1-8B-Instruct,belief_bank_facts,mlp,10,27416,belief_bank_facts,67,2760,8225,1380,1380,591,7634,3.5566,4097,0.5645320197044335,0.9695431472081218,0.9440729483282675,0.7135740971357409,0.980083755680239,2245.565,10,2026-09-18T18:12:31.490599+00:00
Llama-3.1-8B-Instruct,belief_bank_facts,mlp,10,27416,belief_bank_facts,104,2760,8225,1380,1380,591,7634,3.7435,4097,0.5837669094693028,0.949238578680203,0.9477203647416413,0.7229381443298969,0.97994079385703,2249.996,10,2026-09-18T18:12:31.490599+00:00
Llama-3.1-8B-Instruct,belief_bank_facts,mlp,10,27416,belief_bank_facts,123,2760,8225,1380,1380,591,7634,4.3042,4097,0.5566502463054187,0.9560067681895094,0.9421276595744681,0.7036114570361146,0.9770394446077239,2255.022,10,2026-09-18T18:12:31.490599+00:00
Llama-3.1-8B-Instruct,belief_bank_facts,mlp,10,27416,belief_bank_facts,420,2760,8225,1380,1380,591,7634,4.0705,4097,0.5840978593272171,0.9695431472081218,0.9482066869300911,0.7290076335877863,0.9815217964693528,2259.799,10,2026-09-18T18:12:31.490599+00:00
Llama-3.1-8B-Instruct,belief_bank_facts,mlp,10,27416,belief_bank_facts,511,2760,8225,1380,1380,591,7634,3.8878,4097,0.5674846625766872,0.9390862944162437,0.9441945288753799,0.7074569789674953,0.970089726829878,2264.386,10,2026-09-18T18:12:31.490599+00:00
Llama-3.1-8B-Instruct,belief_bank_facts,mlp,10,27416,belief_bank_facts,mean,0,0,0,0,0,0,3.8210899999999994,4097.0,0.5780815058471782,0.9573604060913705,0.9466747720364742,0.7207879924711237,0.9777445899478112,5900.535,10,2026-09-18T18:12:31.490599+00:00
Llama-3.1-8B-Instruct,belief_bank_facts,mlp,10,27416,belief_bank_facts,std,0,0,0,0,0,0,0.22393427808176217,0.0,0.01250275144451365,0.008785620971740887,0.0025912348799527643,0.010190952348335485,0.002937382965823745,5900.535,10,2026-09-18T18:12:31.490599+00:00
Llama-3.1-8B-Instruct,belief_bank_facts,mlp,10,27416,belief_bank_constraints,2,2760,25878,1380,1380,3058,22820,3.7173,4097,0.6204732013520039,0.8404185742315239,0.9203957029136719,0.7138888888888889,0.9485704369338567,2269.591,10,2026-09-18T18:12:31.490599+00:00
Llama-3.1-8B-Instruct,belief_bank_facts,mlp,10,27416,belief_bank_constraints,4,2760,25878,1380,1380,3058,22820,3.8249,4097,0.6199607757681412,0.9303466317854807,0.9243759177679882,0.7440826467895907,0.9560128775316135,2274.891,10,2026-09-18T18:12:31.490599+00:00
Llama-3.1-8B-Instruct,belief_bank_facts,mlp,10,27416,belief_bank_constraints,24,2760,25878,1380,1380,3058,22820,3.7489,4097,0.6360601001669449,0.8721386527141923,0.9259216322745188,0.7356226727347952,0.9326676225747154,2280.124,10,2026-09-18T18:12:31.490599+00:00
Llama-3.1-8B-Instruct,belief_bank_facts,mlp,10,27416,belief_bank_constraints,42,2760,25878,1380,1380,3058,22820,3.7457,4097,0.6278142589118199,0.8754087638979725,0.9239508462786923,0.7312209778748976,0.916397787673773,2285.328,10,2026-09-18T18:12:31.490599+00:00
Llama-3.1-8B-Instruct,belief_bank_facts,mlp,10,27416,belief_bank_constraints,64,2760,25878,1380,1380,3058,22820,3.7596,4097,0.6112181545707557,0.933616742969261,0.9219800602828657,0.7387760382973217,0.9547973046946874,2290.552,10,2026-09-18T18:12:31.490599+00:00
Llama-3.1-8B-Instruct,belief_bank_facts,mlp,10,27416,belief_bank_constraints,67,2760,25878,1380,1380,3058,22820,3.578,4097,0.6294904907255224,0.8767168083714846,0.9244532034933148,0.7328139948066147,0.9467130940295965,2295.627,10,2026-09-18T18:12:31.490599+00:00
Llama-3.1-8B-Instruct,belief_bank_facts,mlp,10,27416,belief_bank_constraints,104,2760,25878,1380,1380,3058,22820,3.7877,4097,0.6556900726392252,0.8855461085676913,0.9315248473606925,0.7534780189204229,0.9461992910651164,2300.872,10,2026-09-18T18:12:31.490599+00:00
Llama-3.1-8B-Instruct,belief_bank_facts,mlp,10,27416,belief_bank_constraints,123,2760,25878,1380,1380,3058,22820,4.195,4097,0.6126560105101817,0.9149771092217135,0.9215936316562331,0.7339016393442623,0.9358389855719599,2306.582,10,2026-09-18T18:12:31.490599+00:00
Llama-3.1-8B-Instruct,belief_bank_facts,mlp,10,27416,belief_bank_constraints,420,2760,25878,1380,1380,3058,22820,3.9789,4097,0.6856010568031704,0.8485938521909745,0.9361233480176211,0.7584392810170978,0.930075450435604,2312.011,10,2026-09-18T18:12:31.490599+00:00
Llama-3.1-8B-Instruct,belief_bank_facts,mlp,10,27416,belief_bank_constraints,511,2760,25878,1380,1380,3058,22820,3.8336,4097,0.6309255079006773,0.9139960758665795,0.9266558466651209,0.7465277777777778,0.9257690063390288,2317.304,10,2026-09-18T18:12:31.490599+00:00
Llama-3.1-8B-Instruct,belief_bank_facts,mlp,10,27416,belief_bank_constraints,mean,0,0,0,0,0,0,3.8169599999999995,4097.0,0.6329889629348443,0.8891759319816874,0.9256975036710718,0.738875193645167,0.9393041856849953,5900.535,10,2026-09-18T18:12:31.490599+00:00
Llama-3.1-8B-Instruct,belief_bank_facts,mlp,10,27416,belief_bank_constraints,std,0,0,0,0,0,0,0.15823059249083293,0.0,0.021330387720574218,0.031022809042634256,0.00456881544985537,0.011985996725786393,0.012476538858841821,5900.535,10,2026-09-18T18:12:31.490599+00:00
Llama-3.1-8B-Instruct,belief_bank_facts,mlp,10,27416,halu_eval,2,2760,10000,1380,1380,1912,8088,3.0425,4097,0.19227313566936208,0.11192468619246862,0.7403,0.14148760330578514,0.5106942099251331,2321.076,10,2026-09-18T18:12:31.490599+00:00
Llama-3.1-8B-Instruct,belief_bank_facts,mlp,10,27416,halu_eval,4,2760,10000,1380,1380,1912,8088,2.9427,4097,0.20383386581469648,0.16684100418410042,0.7161,0.18349151567443198,0.5079067172711057,2324.741,10,2026-09-18T18:12:31.490599+00:00
Llama-3.1-8B-Instruct,belief_bank_facts,mlp,10,27416,halu_eval,24,2760,10000,1380,1380,1912,8088,2.7697,4097,0.20244037714919577,0.19089958158995815,0.7015,0.19650067294751009,0.5011517527904349,2328.23,10,2026-09-18T18:12:31.490599+00:00
Llama-3.1-8B-Instruct,belief_bank_facts,mlp,10,27416,halu_eval,42,2760,10000,1380,1380,1912,8088,3.0612,4097,0.2099236641221374,0.17259414225941422,0.7176,0.1894374282433984,0.51559098607783,2332.0,10,2026-09-18T18:12:31.490599+00:00
Llama-3.1-8B-Instruct,belief_bank_facts,mlp,10,27416,halu_eval,64,2760,10000,1380,1380,1912,8088,2.891,4097,0.20398970398970398,0.33158995815899583,0.6248,0.25258964143426293,0.5137858555885262,2335.626,10,2026-09-18T18:12:31.490599+00:00
Llama-3.1-8B-Instruct,belief_bank_facts,mlp,10,27416,halu_eval,67,2760,10000,1380,1380,1912,8088,2.6282,4097,0.1996989463120923,0.20815899581589958,0.6891,0.20384122919334188,0.505857637121372,2338.982,10,2026-09-18T18:12:31.490599+00:00
Llama-3.1-8B-Instruct,belief_bank_facts,mlp,10,27416,halu_eval,104,2760,10000,1380,1380,1912,8088,2.9605,4097,0.19682434667548793,0.3111924686192469,0.6255,0.24113475177304963,0.5043197357829565,2342.646,10,2026-09-18T18:12:31.490599+00:00
Llama-3.1-8B-Instruct,belief_bank_facts,mlp,10,27416,halu_eval,123,2760,10000,1380,1380,1912,8088,3.4718,4097,0.2073170731707317,0.26673640167364016,0.6648,0.23330283623055809,0.5130088055965965,2346.826,10,2026-09-18T18:12:31.490599+00:00
Llama-3.1-8B-Instruct,belief_bank_facts,mlp,10,27416,halu_eval,420,2760,10000,1380,1380,1912,8088,3.9707,4097,0.19921234000656382,0.3174686192468619,0.6255,0.244807420850978,0.5088567468101926,2351.513,10,2026-09-18T18:12:31.490599+00:00
Llama-3.1-8B-Instruct,belief_bank_facts,mlp,10,27416,halu_eval,511,2760,10000,1380,1380,1912,8088,3.7191,4097,0.25415676959619954,0.05596234309623431,0.7881,0.09172738962708958,0.5166427017245446,2355.935,10,2026-09-18T18:12:31.490599+00:00
Llama-3.1-8B-Instruct,belief_bank_facts,mlp,10,27416,halu_eval,mean,0,0,0,0,0,0,3.14574,4097.0,0.20696702225061708,0.213336820083682,0.6893299999999999,0.19783204892804057,0.5097815148688692,5900.535,10,2026-09-18T18:12:31.490599+00:00
Llama-3.1-8B-Instruct,belief_bank_facts,mlp,10,27416,halu_eval,std,0,0,0,0,0,0,0.4102568249279956,0.0,0.01645190665465693,0.08755437890887749,0.05189587748559611,0.048047142441220034,0.004818502941664271,5900.535,10,2026-09-18T18:12:31.490599+00:00
Llama-3.1-8B-Instruct,belief_bank_facts,mlp,11,27416,belief_bank_facts,2,2760,8225,1380,1380,591,7634,3.5276,4097,0.5939139559286464,0.9576988155668359,0.9499088145896657,0.7331606217616581,0.9724306435675825,2361.007,10,2026-09-18T18:12:31.490599+00:00
Llama-3.1-8B-Instruct,belief_bank_facts,mlp,11,27416,belief_bank_facts,4,2760,8225,1380,1380,591,7634,3.5897,4097,0.5736040609137056,0.9560067681895094,0.9457750759878419,0.7170050761421319,0.9712212308724838,2365.269,10,2026-09-18T18:12:31.490599+00:00
Llama-3.1-8B-Instruct,belief_bank_facts,mlp,11,27416,belief_bank_facts,24,2760,8225,1380,1380,591,7634,3.5711,4097,0.5888429752066116,0.9644670050761421,0.9490577507598784,0.7312379730596537,0.9748792803767277,2369.514,10,2026-09-18T18:12:31.490599+00:00
Llama-3.1-8B-Instruct,belief_bank_facts,mlp,11,27416,belief_bank_facts,42,2760,8225,1380,1380,591,7634,3.4914,4097,0.5544747081712063,0.9644670050761421,0.9417629179331307,0.7041383570105003,0.9738543881743753,2373.718,10,2026-09-18T18:12:31.490599+00:00
Llama-3.1-8B-Instruct,belief_bank_facts,mlp,11,27416,belief_bank_facts,64,2760,8225,1380,1380,591,7634,3.3459,4097,0.5598039215686275,0.9661590524534687,0.9429787234042554,0.7088764742396028,0.9736247626722911,2377.747,10,2026-09-18T18:12:31.490599+00:00
Llama-3.1-8B-Instruct,belief_bank_facts,mlp,11,27416,belief_bank_facts,67,2760,8225,1380,1380,591,7634,3.5682,4097,0.5700197238658777,0.9780033840947546,0.9454103343465046,0.7202492211838006,0.9773391103208684,2382.003,10,2026-09-18T18:12:31.490599+00:00
Llama-3.1-8B-Instruct,belief_bank_facts,mlp,11,27416,belief_bank_facts,104,2760,8225,1380,1380,591,7634,3.8298,4097,0.5899053627760252,0.949238578680203,0.948936170212766,0.7276264591439688,0.9769822598784403,2386.52,10,2026-09-18T18:12:31.490599+00:00
Llama-3.1-8B-Instruct,belief_bank_facts,mlp,11,27416,belief_bank_facts,123,2760,8225,1380,1380,591,7634,3.6688,4097,0.5514563106796116,0.961082910321489,0.941033434650456,0.7008019740900678,0.9752441100837069,2390.884,10,2026-09-18T18:12:31.490599+00:00
Llama-3.1-8B-Instruct,belief_bank_facts,mlp,11,27416,belief_bank_facts,420,2760,8225,1380,1380,591,7634,3.53,4097,0.5855670103092784,0.961082910321489,0.9483282674772037,0.7277386290839206,0.9795990153587544,2395.111,10,2026-09-18T18:12:31.490599+00:00
Llama-3.1-8B-Instruct,belief_bank_facts,mlp,11,27416,belief_bank_facts,511,2760,8225,1380,1380,591,7634,3.7265,4097,0.5791106514994829,0.9475465313028765,0.9467477203647416,0.7188703465982028,0.973822249469933,2399.511,10,2026-09-18T18:12:31.490599+00:00
Llama-3.1-8B-Instruct,belief_bank_facts,mlp,11,27416,belief_bank_facts,mean,0,0,0,0,0,0,3.5849,4097.0,0.5746698680919072,0.960575296108291,0.9459939209726445,0.7189705132313506,0.9748997050775163,5900.535,10,2026-09-18T18:12:31.490599+00:00
Llama-3.1-8B-Instruct,belief_bank_facts,mlp,11,27416,belief_bank_facts,std,0,0,0,0,0,0,0.12637986390244302,0.0,0.014602295471106723,0.008325492115155693,0.003022835702491966,0.010775626998814897,0.002366364192259073,5900.535,10,2026-09-18T18:12:31.490599+00:00
Llama-3.1-8B-Instruct,belief_bank_facts,mlp,11,27416,belief_bank_constraints,2,2760,25878,1380,1380,3058,22820,3.7471,4097,0.6050709067468844,0.920863309352518,0.9196228456604065,0.7302904564315352,0.9387790763325917,2404.672,10,2026-09-18T18:12:31.490599+00:00
Llama-3.1-8B-Instruct,belief_bank_facts,mlp,11,27416,belief_bank_constraints,4,2760,25878,1380,1380,3058,22820,3.5657,4097,0.6215445370776657,0.9264224983649444,0.9246464178066311,0.7439600840336135,0.9374314809963836,2409.645,10,2026-09-18T18:12:31.490599+00:00
Llama-3.1-8B-Instruct,belief_bank_facts,mlp,11,27416,belief_bank_constraints,24,2760,25878,1380,1380,3058,22820,3.6913,4097,0.6238374095763004,0.592217135382603,0.9096143442306206,0.6076161717832579,0.9299942135368273,2414.75,10,2026-09-18T18:12:31.490599+00:00
Llama-3.1-8B-Instruct,belief_bank_facts,mlp,11,27416,belief_bank_constraints,42,2760,25878,1380,1380,3058,22820,3.771,4097,0.6182620817843866,0.8701765860039241,0.9211685601669372,0.7229013854930725,0.9409407244342364,2419.937,10,2026-09-18T18:12:31.490599+00:00
Llama-3.1-8B-Instruct,belief_bank_facts,mlp,11,27416,belief_bank_constraints,64,2760,25878,1380,1380,3058,22820,3.4895,4097,0.6031574394463668,0.9120340091563113,0.9186954169564882,0.7261129914084874,0.935824755859403,2424.878,10,2026-09-18T18:12:31.490599+00:00
Llama-3.1-8B-Instruct,belief_bank_facts,mlp,11,27416,belief_bank_constraints,67,2760,25878,1380,1380,3058,22820,3.5505,4097,0.6261682242990654,0.8763897972531066,0.9235644176520597,0.7304442627418916,0.9322627636079328,2429.881,10,2026-09-18T18:12:31.490599+00:00
Llama-3.1-8B-Instruct,belief_bank_facts,mlp,11,27416,belief_bank_constraints,104,2760,25878,1380,1380,3058,22820,3.802,4097,0.621656378600823,0.7903858731196861,0.918386274055182,0.6959401094154909,0.9457079432462318,2435.114,10,2026-09-18T18:12:31.490599+00:00
Llama-3.1-8B-Instruct,belief_bank_facts,mlp,11,27416,belief_bank_constraints,123,2760,25878,1380,1380,3058,22820,3.6925,4097,0.6483333333333333,0.8904512753433617,0.9299791328541618,0.7503444475062001,0.9331745327982695,2440.252,10,2026-09-18T18:12:31.490599+00:00
Llama-3.1-8B-Instruct,belief_bank_facts,mlp,11,27416,belief_bank_constraints,420,2760,25878,1380,1380,3058,22820,3.5808,4097,0.6557956777996071,0.5457815565729235,0.9124739160677023,0.5957522755666608,0.9303749622403903,2445.279,10,2026-09-18T18:12:31.490599+00:00
Llama-3.1-8B-Instruct,belief_bank_facts,mlp,11,27416,belief_bank_constraints,511,2760,25878,1380,1380,3058,22820,3.8009,4097,0.6632200886262924,0.7341399607586658,0.9245304892186413,0.6968803352475554,0.9097529131503179,2450.518,10,2026-09-18T18:12:31.490599+00:00
Llama-3.1-8B-Instruct,belief_bank_facts,mlp,11,27416,belief_bank_constraints,mean,0,0,0,0,0,0,3.66913,4097.0,0.6287046077290726,0.8058862001308045,0.920268181466883,0.7000242519627765,0.9334243366202584,5900.535,10,2026-09-18T18:12:31.490599+00:00
Llama-3.1-8B-Instruct,belief_bank_facts,mlp,11,27416,belief_bank_constraints,std,0,0,0,0,0,0,0.1083292301274222,0.0,0.019395500379742577,0.13189694192767704,0.005692109410750911,0.05190987184451123,0.009168903450550426,5900.535,10,2026-09-18T18:12:31.490599+00:00
Llama-3.1-8B-Instruct,belief_bank_facts,mlp,11,27416,halu_eval,2,2760,10000,1380,1380,1912,8088,3.6618,4097,0.19291391620638557,0.7489539748953975,0.3529,0.30680235672201395,0.5007283893903464,2454.891,10,2026-09-18T18:12:31.490599+00:00
Llama-3.1-8B-Instruct,belief_bank_facts,mlp,11,27416,halu_eval,4,2760,10000,1380,1380,1912,8088,3.7225,4097,0.19529744314531672,0.7949790794979079,0.3345,0.31356369262506445,0.4990651344623369,2459.328,10,2026-09-18T18:12:31.490599+00:00
Llama-3.1-8B-Instruct,belief_bank_facts,mlp,11,27416,halu_eval,24,2760,10000,1380,1380,1912,8088,2.7005,4097,0.19546577532335416,0.7034518828451883,0.3897,0.3059251677470715,0.5044289230597321,2462.744,10,2026-09-18T18:12:31.490599+00:00
Llama-3.1-8B-Instruct,belief_bank_facts,mlp,11,27416,halu_eval,42,2760,10000,1380,1380,1912,8088,2.6603,4097,0.1911030413073082,0.6605648535564853,0.4005,0.29644407933341155,0.5018351028332693,2466.141,10,2026-09-18T18:12:31.490599+00:00
Llama-3.1-8B-Instruct,belief_bank_facts,mlp,11,27416,halu_eval,64,2760,10000,1380,1380,1912,8088,2.549,4097,0.1915039868023096,0.7285564853556485,0.36,0.30328761158284345,0.4982422368072541,2469.429,10,2026-09-18T18:12:31.490599+00:00
Llama-3.1-8B-Instruct,belief_bank_facts,mlp,11,27416,halu_eval,67,2760,10000,1380,1380,1912,8088,2.7501,4097,0.1901072705601907,0.6673640167364017,0.3928,0.29591836734693877,0.4918696379573644,2472.91,10,2026-09-18T18:12:31.490599+00:00
Llama-3.1-8B-Instruct,belief_bank_facts,mlp,11,27416,halu_eval,104,2760,10000,1380,1380,1912,8088,2.8196,4097,0.19157212317666125,0.6182008368200836,0.4282,0.2925018559762435,0.4980700332431124,2476.445,10,2026-09-18T18:12:31.490599+00:00
Llama-3.1-8B-Instruct,belief_bank_facts,mlp,11,27416,halu_eval,123,2760,10000,1380,1380,1912,8088,2.6795,4097,0.19141184124918673,0.7693514644351465,0.3345,0.3065541314994269,0.49708207753415357,2479.842,10,2026-09-18T18:12:31.490599+00:00
Llama-3.1-8B-Instruct,belief_bank_facts,mlp,11,27416,halu_eval,420,2760,10000,1380,1380,1912,8088,2.6805,4097,0.19208240759442538,0.4973849372384937,0.5039,0.2771382777211132,0.5025432196673412,2483.244,10,2026-09-18T18:12:31.490599+00:00
Llama-3.1-8B-Instruct,belief_bank_facts,mlp,11,27416,halu_eval,511,2760,10000,1380,1380,1912,8088,2.7096,4097,0.19179753011129747,0.6579497907949791,0.4045,0.2970133396293236,0.4980768230944961,2486.7,10,2026-09-18T18:12:31.490599+00:00
Llama-3.1-8B-Instruct,belief_bank_facts,mlp,11,27416,halu_eval,mean,0,0,0,0,0,0,2.89334,4097.0,0.1923255335476436,0.6846757322175732,0.39015,0.299514888018345,0.49919415780494064,5900.535,10,2026-09-18T18:12:31.490599+00:00
Llama-3.1-8B-Instruct,belief_bank_facts,mlp,11,27416,halu_eval,std,0,0,0,0,0,0,0.4048266424038814,0.0,0.00166943208592039,0.08175489243315694,0.04816385055204785,0.009663695292924889,0.0033089546293882176,5900.535,10,2026-09-18T18:12:31.490599+00:00
Llama-3.1-8B-Instruct,belief_bank_facts,mlp,12,27416,belief_bank_facts,2,2760,8225,1380,1380,591,7634,3.8484,4097,0.6,0.949238578680203,0.9508814589665654,0.7352555701179554,0.9768696635897735,2492.153,10,2026-09-18T18:12:31.490599+00:00
Llama-3.1-8B-Instruct,belief_bank_facts,mlp,12,27416,belief_bank_facts,4,2760,8225,1380,1380,591,7634,3.7354,4097,0.5896907216494846,0.9678510998307953,0.9493009118541034,0.7328635490070468,0.9792388402227634,2496.598,10,2026-09-18T18:12:31.490599+00:00
Llama-3.1-8B-Instruct,belief_bank_facts,mlp,12,27416,belief_bank_facts,24,2760,8225,1380,1380,591,7634,3.4185,4097,0.5828220858895705,0.9644670050761421,0.9478419452887538,0.7265774378585086,0.9754001490349301,2500.719,10,2026-09-18T18:12:31.490599+00:00
Llama-3.1-8B-Instruct,belief_bank_facts,mlp,12,27416,belief_bank_facts,42,2760,8225,1380,1380,591,7634,3.6585,4097,0.5539358600583091,0.9644670050761421,0.9416413373860182,0.7037037037037037,0.9774625672751742,2505.076,10,2026-09-18T18:12:31.490599+00:00
Llama-3.1-8B-Instruct,belief_bank_facts,mlp,12,27416,belief_bank_facts,64,2760,8225,1380,1380,591,7634,3.5503,4097,0.5758196721311475,0.9509306260575296,0.9461398176291793,0.7172941927249521,0.9740281588246011,2509.327,10,2026-09-18T18:12:31.490599+00:00
Llama-3.1-8B-Instruct,belief_bank_facts,mlp,12,27416,belief_bank_facts,67,2760,8225,1380,1380,591,7634,3.5065,4097,0.5529411764705883,0.9543147208121827,0.9412765957446808,0.7001862197392924,0.9754134478091822,2513.531,10,2026-09-18T18:12:31.490599+00:00
Llama-3.1-8B-Instruct,belief_bank_facts,mlp,12,27416,belief_bank_facts,104,2760,8225,1380,1380,591,7634,3.6402,4097,0.5589692765113974,0.9543147208121827,0.9426139817629179,0.705,0.9711762366862646,2517.868,10,2026-09-18T18:12:31.490599+00:00
Llama-3.1-8B-Instruct,belief_bank_facts,mlp,12,27416,belief_bank_facts,123,2760,8225,1380,1380,591,7634,3.7102,4097,0.5613160518444666,0.9526226734348562,0.9431003039513678,0.7063989962358845,0.9798348469554894,2522.272,10,2026-09-18T18:12:31.490599+00:00
Llama-3.1-8B-Instruct,belief_bank_facts,mlp,12,27416,belief_bank_facts,420,2760,8225,1380,1380,591,7634,3.5589,4097,0.604951560818084,0.9509306260575296,0.9518541033434651,0.7394736842105263,0.9770230427861464,2526.523,10,2026-09-18T18:12:31.490599+00:00
Llama-3.1-8B-Instruct,belief_bank_facts,mlp,12,27416,belief_bank_facts,511,2760,8225,1380,1380,591,7634,3.4281,4097,0.56841046277666,0.9560067681895094,0.9446808510638298,0.7129337539432177,0.973118965958241,2530.646,10,2026-09-18T18:12:31.490599+00:00
Llama-3.1-8B-Instruct,belief_bank_facts,mlp,12,27416,belief_bank_facts,mean,0,0,0,0,0,0,3.6055,4097.0,0.5748856868149708,0.9565143824027071,0.9459331306990879,0.7179687107541087,0.9759565919142567,5900.535,10,2026-09-18T18:12:31.490599+00:00
Llama-3.1-8B-Instruct,belief_bank_facts,mlp,12,27416,belief_bank_facts,std,0,0,0,0,0,0,0.1312665075333384,0.0,0.01793763009301873,0.0062879540358924116,0.003678107953591537,0.013801538715382857,0.0025550029512345397,5900.535,10,2026-09-18T18:12:31.490599+00:00
Llama-3.1-8B-Instruct,belief_bank_facts,mlp,12,27416,belief_bank_constraints,2,2760,25878,1380,1380,3058,22820,3.7271,4097,0.6081081081081081,0.8387835186396337,0.9170724167246309,0.7050577240241891,0.9145969193890366,2535.809,10,2026-09-18T18:12:31.490599+00:00
Llama-3.1-8B-Instruct,belief_bank_facts,mlp,12,27416,belief_bank_constraints,4,2760,25878,1380,1380,3058,22820,3.8574,4097,0.5551053484602917,0.8960104643557881,0.902851843264549,0.6855141356017013,0.911535539316137,2541.086,10,2026-09-18T18:12:31.490599+00:00
Llama-3.1-8B-Instruct,belief_bank_facts,mlp,12,27416,belief_bank_constraints,24,2760,25878,1380,1380,3058,22820,3.4928,4097,0.6288848263254113,0.8999345977763243,0.9254192750598964,0.7403820285176217,0.9034017324424263,2545.994,10,2026-09-18T18:12:31.490599+00:00
Llama-3.1-8B-Instruct,belief_bank_facts,mlp,12,27416,belief_bank_constraints,42,2760,25878,1380,1380,3058,22820,3.606,4097,0.6284644194756555,0.8230869849574886,0.9215936316562331,0.7127283024210675,0.9034206767324569,2551.036,10,2026-09-18T18:12:31.490599+00:00
Llama-3.1-8B-Instruct,belief_bank_facts,mlp,12,27416,belief_bank_constraints,64,2760,25878,1380,1380,3058,22820,3.5256,4097,0.4648353466821115,0.9185742315238719,0.8654069093438442,0.6172948027689265,0.9061994544273752,2555.978,10,2026-09-18T18:12:31.490599+00:00
Llama-3.1-8B-Instruct,belief_bank_facts,mlp,12,27416,belief_bank_constraints,67,2760,25878,1380,1380,3058,22820,3.7002,4097,0.4377496671105193,0.8600392413342054,0.8529252647036093,0.5801897198323406,0.8881095203512116,2561.095,10,2026-09-18T18:12:31.490599+00:00
Llama-3.1-8B-Instruct,belief_bank_facts,mlp,12,27416,belief_bank_constraints,104,2760,25878,1380,1380,3058,22820,3.771,4097,0.6220491029272899,0.8616742969260955,0.9217868459695494,0.7225116534137648,0.9162059086696064,2566.294,10,2026-09-18T18:12:31.490599+00:00
Llama-3.1-8B-Instruct,belief_bank_facts,mlp,12,27416,belief_bank_constraints,123,2760,25878,1380,1380,3058,22820,3.7016,4097,0.6274781005071461,0.8901242642249837,0.9245691320813045,0.7360735532720389,0.9124861786930905,2571.418,10,2026-09-18T18:12:31.490599+00:00
Llama-3.1-8B-Instruct,belief_bank_facts,mlp,12,27416,belief_bank_constraints,420,2760,25878,1380,1380,3058,22820,3.561,4097,0.6500442608439068,0.7204054937867888,0.9211299173042738,0.6834186443306964,0.8896112494117526,2576.415,10,2026-09-18T18:12:31.490599+00:00
Llama-3.1-8B-Instruct,belief_bank_facts,mlp,12,27416,belief_bank_constraints,511,2760,25878,1380,1380,3058,22820,3.5606,4097,0.6294642857142857,0.8760627861347285,0.9244145606306515,0.7325676784249385,0.9083353156531424,2581.433,10,2026-09-18T18:12:31.490599+00:00
Llama-3.1-8B-Instruct,belief_bank_facts,mlp,12,27416,belief_bank_constraints,mean,0,0,0,0,0,0,3.6503300000000003,4097.0,0.5852183466154726,0.8584695879659907,0.9077169796738543,0.6915738242607287,0.9053902495086235,5900.535,10,2026-09-18T18:12:31.490599+00:00
Llama-3.1-8B-Instruct,belief_bank_facts,mlp,12,27416,belief_bank_constraints,std,0,0,0,0,0,0,0.11261360530593102,0.0,0.07123853585443353,0.053634568853202745,0.025199350887685372,0.050652204369896994,0.009244566726953366,5900.535,10,2026-09-18T18:12:31.490599+00:00
Llama-3.1-8B-Instruct,belief_bank_facts,mlp,12,27416,halu_eval,2,2760,10000,1380,1380,1912,8088,3.7628,4097,0.1931751611013474,0.6898535564853556,0.3898,0.30183066361556066,0.5071082307483787,2585.916,10,2026-09-18T18:12:31.490599+00:00
Llama-3.1-8B-Instruct,belief_bank_facts,mlp,12,27416,halu_eval,4,2760,10000,1380,1380,1912,8088,3.7806,4097,0.1860413914575077,0.4419456066945607,0.5236,0.2618531143476914,0.497485071380091,2590.407,10,2026-09-18T18:12:31.490599+00:00
Llama-3.1-8B-Instruct,belief_bank_facts,mlp,12,27416,halu_eval,24,2760,10000,1380,1380,1912,8088,3.3676,4097,0.18505796479175612,0.45083682008368203,0.5154,0.2624048706240487,0.49765365369016135,2594.48,10,2026-09-18T18:12:31.490599+00:00
Llama-3.1-8B-Instruct,belief_bank_facts,mlp,12,27416,halu_eval,42,2760,10000,1380,1380,1912,8088,3.8819,4097,0.1933296683159245,0.5517782426778243,0.4741,0.2863346451350251,0.505028078945408,2599.069,10,2026-09-18T18:12:31.490599+00:00
Llama-3.1-8B-Instruct,belief_bank_facts,mlp,12,27416,halu_eval,64,2760,10000,1380,1380,1912,8088,2.8419,4097,0.19241155819605726,0.7452928870292888,0.3532,0.30585962652929816,0.5049267484966622,2602.641,10,2026-09-18T18:12:31.490599+00:00
Llama-3.1-8B-Instruct,belief_bank_facts,mlp,12,27416,halu_eval,67,2760,10000,1380,1380,1912,8088,2.5784,4097,0.19522817648172694,0.5392259414225942,0.4869,0.28666759349367443,0.5042603407496616,2605.935,10,2026-09-18T18:12:31.490599+00:00
Llama-3.1-8B-Instruct,belief_bank_facts,mlp,12,27416,halu_eval,104,2760,10000,1380,1380,1912,8088,2.8092,4097,0.19412582551268684,0.5842050209205021,0.4568,0.29141664492564573,0.5064284372943645,2609.454,10,2026-09-18T18:12:31.490599+00:00
Llama-3.1-8B-Instruct,belief_bank_facts,mlp,12,27416,halu_eval,123,2760,10000,1380,1380,1912,8088,2.8002,4097,0.18887373048355313,0.6516736401673641,0.3983,0.2928663767775297,0.48955303766311165,2612.969,10,2026-09-18T18:12:31.490599+00:00
Llama-3.1-8B-Instruct,belief_bank_facts,mlp,12,27416,halu_eval,420,2760,10000,1380,1380,1912,8088,2.5911,4097,0.19280257338158424,0.5015690376569037,0.5032,0.2785361603252977,0.50070064799755,2616.299,10,2026-09-18T18:12:31.490599+00:00
Llama-3.1-8B-Instruct,belief_bank_facts,mlp,12,27416,halu_eval,511,2760,10000,1380,1380,1912,8088,2.5696,4097,0.19004162664105026,0.62081589958159,0.4216,0.29100269673939694,0.49860875945147315,2619.6,10,2026-09-18T18:12:31.490599+00:00
Llama-3.1-8B-Instruct,belief_bank_facts,mlp,12,27416,halu_eval,mean,0,0,0,0,0,0,3.09833,4097.0,0.19110876763631948,0.5777196652719665,0.45228999999999997,0.2858772392513168,0.5011753006416862,5900.535,10,2026-09-18T18:12:31.490599+00:00
Llama-3.1-8B-Instruct,belief_bank_facts,mlp,12,27416,halu_eval,std,0,0,0,0,0,0,0.5137022387531517,0.0,0.0032903721335219905,0.09513717649530835,0.05561862008356554,0.013937169402171884,0.00518786134440551,5900.535,10,2026-09-18T18:12:31.490599+00:00
Llama-3.1-8B-Instruct,belief_bank_facts,mlp,13,27416,belief_bank_facts,2,2760,8225,1380,1380,591,7634,2.4644,4097,0.6220994475138122,0.9526226734348562,0.955015197568389,0.7526737967914439,0.9830305424082395,2623.563,10,2026-09-18T18:12:31.490599+00:00
Llama-3.1-8B-Instruct,belief_bank_facts,mlp,13,27416,belief_bank_facts,4,2760,8225,1380,1380,591,7634,2.909,4097,0.5887850467289719,0.9593908629441624,0.948936170212766,0.7297297297297297,0.9805002289605634,2627.163,10,2026-09-18T18:12:31.490599+00:00
Llama-3.1-8B-Instruct,belief_bank_facts,mlp,13,27416,belief_bank_facts,24,2760,8225,1380,1380,591,7634,3.6205,4097,0.6057385759829969,0.9644670050761421,0.9523404255319149,0.7441253263707572,0.981040824133906,2631.495,10,2026-09-18T18:12:31.490599+00:00
Llama-3.1-8B-Instruct,belief_bank_facts,mlp,13,27416,belief_bank_facts,42,2760,8225,1380,1380,591,7634,3.477,4097,0.5621890547263682,0.9560067681895094,0.9433434650455927,0.7080200501253133,0.9749794644760927,2635.666,10,2026-09-18T18:12:31.490599+00:00
Llama-3.1-8B-Instruct,belief_bank_facts,mlp,13,27416,belief_bank_facts,64,2760,8225,1380,1380,591,7634,3.4585,4097,0.6014957264957265,0.9526226734348562,0.9512462006079028,0.7373935821872953,0.9752538625181584,2639.823,10,2026-09-18T18:12:31.490599+00:00
Llama-3.1-8B-Instruct,belief_bank_facts,mlp,13,27416,belief_bank_facts,67,2760,8225,1380,1380,591,7634,3.6502,4097,0.571,0.9661590524534687,0.9454103343465046,0.7177875549968573,0.9781789279148806,2644.17,10,2026-09-18T18:12:31.490599+00:00
Llama-3.1-8B-Instruct,belief_bank_facts,mlp,13,27416,belief_bank_facts,104,2760,8225,1380,1380,591,7634,3.5499,4097,0.5909090909090909,0.9458544839255499,0.9490577507598784,0.7273910214703969,0.9766670789286686,2648.438,10,2026-09-18T18:12:31.490599+00:00
Llama-3.1-8B-Instruct,belief_bank_facts,mlp,13,27416,belief_bank_facts,123,2760,8225,1380,1380,591,7634,3.5678,4097,0.5799793601651186,0.9509306260575296,0.9469908814589666,0.7205128205128205,0.9786789618267551,2652.715,10,2026-09-18T18:12:31.490599+00:00
Llama-3.1-8B-Instruct,belief_bank_facts,mlp,13,27416,belief_bank_facts,420,2760,8225,1380,1380,591,7634,3.4305,4097,0.624315443592552,0.9644670050761421,0.9557446808510638,0.7579787234042553,0.9845423913944518,2656.862,10,2026-09-18T18:12:31.490599+00:00
Llama-3.1-8B-Instruct,belief_bank_facts,mlp,13,27416,belief_bank_facts,511,2760,8225,1380,1380,591,7634,3.5025,4097,0.5955649419218585,0.9543147208121827,0.9501519756838905,0.7334200260078023,0.9828813744903798,2661.064,10,2026-09-18T18:12:31.490599+00:00
Llama-3.1-8B-Instruct,belief_bank_facts,mlp,13,27416,belief_bank_facts,mean,0,0,0,0,0,0,3.3630299999999997,4097.0,0.5942076688036495,0.9566835871404399,0.949823708206687,0.7329032631596671,0.9795753657052095,5900.535,10,2026-09-18T18:12:31.490599+00:00
Llama-3.1-8B-Instruct,belief_bank_facts,mlp,13,27416,belief_bank_facts,std,0,0,0,0,0,0,0.35852411927233024,0.0,0.019180372701565123,0.006385097212897859,0.0037595921487783433,0.01485818136287499,0.003186716697094026,5900.535,10,2026-09-18T18:12:31.490599+00:00
Llama-3.1-8B-Instruct,belief_bank_facts,mlp,13,27416,belief_bank_constraints,2,2760,25878,1380,1380,3058,22820,3.4668,4097,0.6163895486935868,0.8485938521909745,0.919700131385733,0.7140891579526693,0.9243919914661848,2666.031,10,2026-09-18T18:12:31.490599+00:00
Llama-3.1-8B-Instruct,belief_bank_facts,mlp,13,27416,belief_bank_constraints,4,2760,25878,1380,1380,3058,22820,3.6297,4097,0.669008875739645,0.591563113145847,0.9171497024499575,0.627906976744186,0.9497671657909111,2671.114,10,2026-09-18T18:12:31.490599+00:00
Llama-3.1-8B-Instruct,belief_bank_facts,mlp,13,27416,belief_bank_constraints,24,2760,25878,1380,1380,3058,22820,3.6294,4097,0.6639045409347033,0.6550032701111838,0.9200479171497025,0.6594238683127572,0.922007647646523,2676.196,10,2026-09-18T18:12:31.490599+00:00
Llama-3.1-8B-Instruct,belief_bank_facts,mlp,13,27416,belief_bank_constraints,42,2760,25878,1380,1380,3058,22820,3.5898,4097,0.5042573320719016,0.17429692609548725,0.8821779117397017,0.25905224787363307,0.9140641721345258,2681.262,10,2026-09-18T18:12:31.490599+00:00
Llama-3.1-8B-Instruct,belief_bank_facts,mlp,13,27416,belief_bank_constraints,64,2760,25878,1380,1380,3058,22820,3.3241,4097,0.5911949685534591,0.9221713538260301,0.9154494164927738,0.7204905467552376,0.9544028564894081,2686.082,10,2026-09-18T18:12:31.490599+00:00
Llama-3.1-8B-Instruct,belief_bank_facts,mlp,13,27416,belief_bank_constraints,67,2760,25878,1380,1380,3058,22820,3.6395,4097,0.6536466280134269,0.7004578155657293,0.9207434886776412,0.6762430939226519,0.9361657100898837,2691.173,10,2026-09-18T18:12:31.490599+00:00
Llama-3.1-8B-Instruct,belief_bank_facts,mlp,13,27416,belief_bank_constraints,104,2760,25878,1380,1380,3058,22820,3.5191,4097,0.6780893042575286,0.6406147809025506,0.9215936316562331,0.658819572893896,0.9279354191732265,2696.139,10,2026-09-18T18:12:31.490599+00:00
Llama-3.1-8B-Instruct,belief_bank_facts,mlp,13,27416,belief_bank_constraints,123,2760,25878,1380,1380,3058,22820,3.8205,4097,0.6606535947712419,0.8263570961412688,0.9293222041888863,0.7342728461426703,0.9185662926912872,2701.407,10,2026-09-18T18:12:31.490599+00:00
Llama-3.1-8B-Instruct,belief_bank_facts,mlp,13,27416,belief_bank_constraints,420,2760,25878,1380,1380,3058,22820,3.6689,4097,0.6577298050139275,0.617724002616089,0.9168405595486514,0.6370994940978078,0.9260116279536327,2706.515,10,2026-09-18T18:12:31.490599+00:00
Llama-3.1-8B-Instruct,belief_bank_facts,mlp,13,27416,belief_bank_constraints,511,2760,25878,1380,1380,3058,22820,3.4178,4097,0.49006050129645634,0.1854153041203401,0.8809413401344771,0.2690391459074733,0.9224141760609518,2711.374,10,2026-09-18T18:12:31.490599+00:00
Llama-3.1-8B-Instruct,belief_bank_facts,mlp,13,27416,belief_bank_constraints,mean,0,0,0,0,0,0,3.5705599999999995,4097.0,0.6184935099345876,0.6162197514715501,0.9123966303423758,0.5956436950602984,0.9295727059496535,5900.535,10,2026-09-18T18:12:31.490599+00:00
Llama-3.1-8B-Instruct,belief_bank_facts,mlp,13,27416,belief_bank_constraints,std,0,0,0,0,0,0,0.13480198959956038,0.0,0.06558422294310164,0.2413411708651457,0.01583312725000688,0.1691488419086171,0.012570411631873741,5900.535,10,2026-09-18T18:12:31.490599+00:00
Llama-3.1-8B-Instruct,belief_bank_facts,mlp,13,27416,halu_eval,2,2760,10000,1380,1380,1912,8088,3.4385,4097,0.1888671875,0.5057531380753139,0.4902,0.275028441410694,0.4907131969362121,2715.522,10,2026-09-18T18:12:31.490599+00:00
Llama-3.1-8B-Instruct,belief_bank_facts,mlp,13,27416,halu_eval,4,2760,10000,1380,1380,1912,8088,3.7815,4097,0.1852078239608802,0.475418410041841,0.4998,0.2665689149560117,0.48486765221682826,2720.017,10,2026-09-18T18:12:31.490599+00:00
Llama-3.1-8B-Instruct,belief_bank_facts,mlp,13,27416,halu_eval,24,2760,10000,1380,1380,1912,8088,3.5395,4097,0.18405977584059777,0.3865062761506276,0.5551,0.2493673021764805,0.49190478352143163,2724.269,10,2026-09-18T18:12:31.490599+00:00
Llama-3.1-8B-Instruct,belief_bank_facts,mlp,13,27416,halu_eval,42,2760,10000,1380,1380,1912,8088,3.5096,4097,0.18979892103972534,0.40481171548117156,0.5558,0.2584307178631052,0.4939525380335142,2728.502,10,2026-09-18T18:12:31.490599+00:00
Llama-3.1-8B-Instruct,belief_bank_facts,mlp,13,27416,halu_eval,64,2760,10000,1380,1380,1912,8088,3.3679,4097,0.19538037719855902,0.48221757322175735,0.5213,0.27808776956718445,0.5030974978686333,2732.575,10,2026-09-18T18:12:31.490599+00:00
Llama-3.1-8B-Instruct,belief_bank_facts,mlp,13,27416,halu_eval,67,2760,10000,1380,1380,1912,8088,3.5721,4097,0.1830386378519974,0.29236401673640167,0.6152,0.225130890052356,0.48868927156922387,2736.869,10,2026-09-18T18:12:31.490599+00:00
Llama-3.1-8B-Instruct,belief_bank_facts,mlp,13,27416,halu_eval,104,2760,10000,1380,1380,1912,8088,2.9594,4097,0.19194664031620554,0.4063807531380753,0.5594,0.260738255033557,0.5023801985688804,2740.536,10,2026-09-18T18:12:31.490599+00:00
Llama-3.1-8B-Instruct,belief_bank_facts,mlp,13,27416,halu_eval,123,2760,10000,1380,1380,1912,8088,2.7293,4097,0.18383880348982135,0.4628661087866109,0.5044,0.2631578947368421,0.48694094950316397,2743.992,10,2026-09-18T18:12:31.490599+00:00
Llama-3.1-8B-Instruct,belief_bank_facts,mlp,13,27416,halu_eval,420,2760,10000,1380,1380,1912,8088,2.5488,4097,0.1902771667399912,0.4524058577405858,0.5272,0.26788479405388665,0.4937615492138775,2747.264,10,2026-09-18T18:12:31.490599+00:00
Llama-3.1-8B-Instruct,belief_bank_facts,mlp,13,27416,halu_eval,511,2760,10000,1380,1380,1912,8088,2.6489,4097,0.18745755037355671,0.4330543933054393,0.5327,0.26165270974877547,0.49655502340364777,2750.626,10,2026-09-18T18:12:31.490599+00:00
Llama-3.1-8B-Instruct,belief_bank_facts,mlp,13,27416,halu_eval,mean,0,0,0,0,0,0,3.2095499999999992,4097.0,0.18798728843113346,0.4301778242677824,0.53611,0.2606047689598893,0.4932862660835413,5900.535,10,2026-09-18T18:12:31.490599+00:00
Llama-3.1-8B-Instruct,belief_bank_facts,mlp,13,27416,halu_eval,std,0,0,0,0,0,0,0.4217929829904713,0.0,0.0038047927247706883,0.05843538989887193,0.03505422799035802,0.014139678682073628,0.005754234122668261,5900.535,10,2026-09-18T18:12:31.490599+00:00
Llama-3.1-8B-Instruct,belief_bank_facts,mlp,14,27416,belief_bank_facts,2,2760,8225,1380,1380,591,7634,2.5056,4097,0.5715746421267893,0.9458544839255499,0.9451671732522796,0.7125557680050988,0.9698239729910759,2754.654,10,2026-09-18T18:12:31.490599+00:00
Llama-3.1-8B-Instruct,belief_bank_facts,mlp,14,27416,belief_bank_facts,4,2760,8225,1380,1380,591,7634,2.6472,4097,0.564484126984127,0.9627749576988156,0.9439513677811551,0.7116948092557849,0.973641386140106,2758.003,10,2026-09-18T18:12:31.490599+00:00
Llama-3.1-8B-Instruct,belief_bank_facts,mlp,14,27416,belief_bank_facts,24,2760,8225,1380,1380,591,7634,2.5866,4097,0.5941422594142259,0.961082910321489,0.9500303951367781,0.7343244990303813,0.976429030869558,2761.279,10,2026-09-18T18:12:31.490599+00:00
Llama-3.1-8B-Instruct,belief_bank_facts,mlp,14,27416,belief_bank_facts,42,2760,8225,1380,1380,591,7634,3.0405,4097,0.5271028037383177,0.9543147208121827,0.9351975683890578,0.679108970499699,0.9711520772463735,2765.025,10,2026-09-18T18:12:31.490599+00:00
Llama-3.1-8B-Instruct,belief_bank_facts,mlp,14,27416,belief_bank_facts,64,2760,8225,1380,1380,591,7634,4.1094,4097,0.5756646216768916,0.9526226734348562,0.9461398176291793,0.7176545570427023,0.9740795807517088,2769.864,10,2026-09-18T18:12:31.490599+00:00
Llama-3.1-8B-Instruct,belief_bank_facts,mlp,14,27416,belief_bank_facts,67,2760,8225,1380,1380,591,7634,3.6616,4097,0.5504854368932038,0.9593908629441624,0.940790273556231,0.6995681677976557,0.971266668351178,2774.231,10,2026-09-18T18:12:31.490599+00:00
Llama-3.1-8B-Instruct,belief_bank_facts,mlp,14,27416,belief_bank_facts,104,2760,8225,1380,1380,591,7634,3.7906,4097,0.587117212249208,0.9407783417935702,0.9482066869300911,0.7230169050715215,0.9713116625373973,2778.719,10,2026-09-18T18:12:31.490599+00:00
Llama-3.1-8B-Instruct,belief_bank_facts,mlp,14,27416,belief_bank_facts,123,2760,8225,1380,1380,591,7634,3.8717,4097,0.5601990049751244,0.9526226734348562,0.9428571428571428,0.7055137844611529,0.9765863996982065,2783.296,10,2026-09-18T18:12:31.490599+00:00
Llama-3.1-8B-Instruct,belief_bank_facts,mlp,14,27416,belief_bank_facts,420,2760,8225,1380,1380,591,7634,3.8409,4097,0.6002098635886673,0.9678510998307953,0.9513677811550152,0.7409326424870466,0.9802497687121512,2787.858,10,2026-09-18T18:12:31.490599+00:00
Llama-3.1-8B-Instruct,belief_bank_facts,mlp,14,27416,belief_bank_facts,511,2760,8225,1380,1380,591,7634,3.8039,4097,0.5774358974358974,0.9526226734348562,0.9465045592705167,0.719029374201788,0.9706708832646895,2792.368,10,2026-09-18T18:12:31.490599+00:00
Llama-3.1-8B-Instruct,belief_bank_facts,mlp,14,27416,belief_bank_facts,mean,0,0,0,0,0,0,3.3858000000000006,4097.0,0.5708415869082454,0.9549915397631134,0.9450212765957448,0.7143399477852832,0.9735211430562444,5900.535,10,2026-09-18T18:12:31.490599+00:00
Llama-3.1-8B-Instruct,belief_bank_facts,mlp,14,27416,belief_bank_facts,std,0,0,0,0,0,0,0.5881991839504711,0.0,0.02053955404537073,0.0076498507989558855,0.004463446923722343,0.01662025601852822,0.0031752528187964806,5900.535,10,2026-09-18T18:12:31.490599+00:00
Llama-3.1-8B-Instruct,belief_bank_facts,mlp,14,27416,belief_bank_constraints,2,2760,25878,1380,1380,3058,22820,3.6408,4097,0.6086007421960271,0.9117069980379333,0.9202797743256821,0.7299384736222019,0.9110808190353142,2797.458,10,2026-09-18T18:12:31.490599+00:00
Llama-3.1-8B-Instruct,belief_bank_facts,mlp,14,27416,belief_bank_constraints,4,2760,25878,1380,1380,3058,22820,3.6804,4097,0.6243081180811808,0.8852190974493133,0.9234871319267332,0.7322153097105761,0.9474612071955055,2802.577,10,2026-09-18T18:12:31.490599+00:00
Llama-3.1-8B-Instruct,belief_bank_facts,mlp,14,27416,belief_bank_constraints,24,2760,25878,1380,1380,3058,22820,3.5317,4097,0.6571802420673863,0.656965336821452,0.918965916995131,0.6570727718724448,0.9334290196716819,2807.58,10,2026-09-18T18:12:31.490599+00:00
Llama-3.1-8B-Instruct,belief_bank_facts,mlp,14,27416,belief_bank_constraints,42,2760,25878,1380,1380,3058,22820,3.8198,4097,0.6307339449541285,0.8093525179856115,0.9214777030682433,0.7089659123460327,0.925538049362916,2812.9,10,2026-09-18T18:12:31.490599+00:00
Llama-3.1-8B-Instruct,belief_bank_facts,mlp,14,27416,belief_bank_constraints,64,2760,25878,1380,1380,3058,22820,3.9819,4097,0.6358535933742987,0.7782864617396992,0.9211299173042738,0.6998970739597118,0.9214599685083421,2818.339,10,2026-09-18T18:12:31.490599+00:00
Llama-3.1-8B-Instruct,belief_bank_facts,mlp,14,27416,belief_bank_constraints,67,2760,25878,1380,1380,3058,22820,3.7812,4097,0.6361488481984643,0.7043819489862655,0.9174588453512637,0.6685288640595903,0.9271297709661129,2823.567,10,2026-09-18T18:12:31.490599+00:00
Llama-3.1-8B-Instruct,belief_bank_facts,mlp,14,27416,belief_bank_constraints,104,2760,25878,1380,1380,3058,22820,3.671,4097,0.6323287671232877,0.37737083060824067,0.9004946286420898,0.4726602498464059,0.9524041479110552,2828.728,10,2026-09-18T18:12:31.490599+00:00
Llama-3.1-8B-Instruct,belief_bank_facts,mlp,14,27416,belief_bank_constraints,123,2760,25878,1380,1380,3058,22820,3.741,4097,0.6749471458773785,0.8351863963374755,0.9329932761418966,0.746565331774335,0.9355941141437897,2833.92,10,2026-09-18T18:12:31.490599+00:00
Llama-3.1-8B-Instruct,belief_bank_facts,mlp,14,27416,belief_bank_constraints,420,2760,25878,1380,1380,3058,22820,3.882,4097,0.5658402203856749,0.3358404185742315,0.8910657701522529,0.4215062589780423,0.9137465041909585,2839.237,10,2026-09-18T18:12:31.490599+00:00
Llama-3.1-8B-Instruct,belief_bank_facts,mlp,14,27416,belief_bank_constraints,511,2760,25878,1380,1380,3058,22820,4.0334,4097,0.5407608695652174,0.19522563767168083,0.8853079836154263,0.2868813070639116,0.9337312541807842,2844.704,10,2026-09-18T18:12:31.490599+00:00
Llama-3.1-8B-Instruct,belief_bank_facts,mlp,14,27416,belief_bank_constraints,mean,0,0,0,0,0,0,3.7763199999999997,4097.0,0.6206702491823044,0.6489535644211902,0.9132660947522993,0.6124231553233253,0.9301574855166461,5900.535,10,2026-09-18T18:12:31.490599+00:00
Llama-3.1-8B-Instruct,belief_bank_facts,mlp,14,27416,belief_bank_constraints,std,0,0,0,0,0,0,0.14872152366083405,0.0,0.038127456215284426,0.24141267748893427,0.014696193631002344,0.15173272191659673,0.012596654399687797,5900.535,10,2026-09-18T18:12:31.490599+00:00
Llama-3.1-8B-Instruct,belief_bank_facts,mlp,14,27416,halu_eval,2,2760,10000,1380,1380,1912,8088,3.4727,4097,0.19397116644823068,0.5418410041841004,0.4819,0.28567489314766303,0.508374893690327,2848.894,10,2026-09-18T18:12:31.490599+00:00
Llama-3.1-8B-Instruct,belief_bank_facts,mlp,14,27416,halu_eval,4,2760,10000,1380,1380,1912,8088,3.5583,4097,0.19766260162601626,0.40690376569037656,0.5708,0.2660738714090287,0.5120690901650877,2853.158,10,2026-09-18T18:12:31.490599+00:00
Llama-3.1-8B-Instruct,belief_bank_facts,mlp,14,27416,halu_eval,24,2760,10000,1380,1380,1912,8088,3.4674,4097,0.1958762886597938,0.3179916317991632,0.62,0.24242424242424243,0.5046578057166151,2857.338,10,2026-09-18T18:12:31.490599+00:00
Llama-3.1-8B-Instruct,belief_bank_facts,mlp,14,27416,halu_eval,42,2760,10000,1380,1380,1912,8088,3.9521,4097,0.1978021978021978,0.3106694560669456,0.6273,0.2417090539165819,0.5101294236205092,2861.998,10,2026-09-18T18:12:31.490599+00:00
Llama-3.1-8B-Instruct,belief_bank_facts,mlp,14,27416,halu_eval,64,2760,10000,1380,1380,1912,8088,4.1735,4097,0.19310344827586207,0.39539748953974896,0.5685,0.2594817230135576,0.5053597470191905,2866.874,10,2026-09-18T18:12:31.490599+00:00
Llama-3.1-8B-Instruct,belief_bank_facts,mlp,14,27416,halu_eval,67,2760,10000,1380,1380,1912,8088,3.6793,4097,0.20053956834532374,0.34989539748953974,0.609,0.2549542682926829,0.5120776906435072,2871.254,10,2026-09-18T18:12:31.490599+00:00
Llama-3.1-8B-Instruct,belief_bank_facts,mlp,14,27416,halu_eval,104,2760,10000,1380,1380,1912,8088,3.7812,4097,0.19511787326534025,0.6103556485355649,0.4441,0.2957050551121247,0.5144439861833637,2875.742,10,2026-09-18T18:12:31.490599+00:00
Llama-3.1-8B-Instruct,belief_bank_facts,mlp,14,27416,halu_eval,123,2760,10000,1380,1380,1912,8088,3.9523,4097,0.19897304236200256,0.32426778242677823,0.6212,0.2466189339697693,0.5149293635594238,2880.4,10,2026-09-18T18:12:31.490599+00:00
Llama-3.1-8B-Instruct,belief_bank_facts,mlp,14,27416,halu_eval,420,2760,10000,1380,1380,1912,8088,3.1235,4097,0.19124155602143023,0.4293933054393305,0.5437,0.26462530217566477,0.5038943030948272,2884.25,10,2026-09-18T18:12:31.490599+00:00
Llama-3.1-8B-Instruct,belief_bank_facts,mlp,14,27416,halu_eval,511,2760,10000,1380,1380,1912,8088,2.9104,4097,0.19148936170212766,0.21652719665271966,0.6754,0.203240058910162,0.5148236035409657,2887.876,10,2026-09-18T18:12:31.490599+00:00
Llama-3.1-8B-Instruct,belief_bank_facts,mlp,14,27416,halu_eval,mean,0,0,0,0,0,0,3.607070000000001,4097.0,0.1955777104508325,0.39032426778242674,0.57619,0.2560507402371478,0.5100759907233817,5900.535,10,2026-09-18T18:12:31.490599+00:00
Llama-3.1-8B-Instruct,belief_bank_facts,mlp,14,27416,halu_eval,std,0,0,0,0,0,0,0.3679322466161399,0.0,0.00299939684927408,0.10999018636266718,0.06705127068147179,0.024302896389486264,0.004072630835427657,5900.535,10,2026-09-18T18:12:31.490599+00:00
Llama-3.1-8B-Instruct,belief_bank_facts,mlp,15,27416,belief_bank_facts,2,2760,8225,1380,1380,591,7634,3.1544,4097,0.6038751345532831,0.949238578680203,0.9516109422492401,0.7381578947368421,0.9741578218735579,2892.554,10,2026-09-18T18:12:31.490599+00:00
Llama-3.1-8B-Instruct,belief_bank_facts,mlp,15,27416,belief_bank_facts,4,2760,8225,1380,1380,591,7634,3.0924,4097,0.5490767735665695,0.9560067681895094,0.9404255319148936,0.6975308641975309,0.9710365995566189,2896.347,10,2026-09-18T18:12:31.490599+00:00
Llama-3.1-8B-Instruct,belief_bank_facts,mlp,15,27416,belief_bank_facts,24,2760,8225,1380,1380,591,7634,2.9817,4097,0.5873836608066184,0.961082910321489,0.948693009118541,0.7291399229781772,0.9776944092396337,2900.042,10,2026-09-18T18:12:31.490599+00:00
Llama-3.1-8B-Instruct,belief_bank_facts,mlp,15,27416,belief_bank_facts,42,2760,8225,1380,1380,591,7634,2.9,4097,0.5606361829025845,0.9543147208121827,0.9429787234042554,0.7063243581715717,0.9732747832632266,2903.649,10,2026-09-18T18:12:31.490599+00:00
Llama-3.1-8B-Instruct,belief_bank_facts,mlp,15,27416,belief_bank_facts,64,2760,8225,1380,1380,591,7634,3.1715,4097,0.6045016077170418,0.9543147208121827,0.9518541033434651,0.7401574803149606,0.9696291459482846,2907.516,10,2026-09-18T18:12:31.490599+00:00
Llama-3.1-8B-Instruct,belief_bank_facts,mlp,15,27416,belief_bank_facts,67,2760,8225,1380,1380,591,7634,3.1928,4097,0.5949632738719832,0.9593908629441624,0.9501519756838905,0.7344559585492227,0.9791823204321924,2911.429,10,2026-09-18T18:12:31.490599+00:00
Llama-3.1-8B-Instruct,belief_bank_facts,mlp,15,27416,belief_bank_facts,104,2760,8225,1380,1380,591,7634,3.9723,4097,0.5965848452508005,0.9458544839255499,0.9501519756838905,0.731675392670157,0.9702595078478283,2916.12,10,2026-09-18T18:12:31.490599+00:00
Llama-3.1-8B-Instruct,belief_bank_facts,mlp,15,27416,belief_bank_facts,123,2760,8225,1380,1380,591,7634,4.096,4097,0.5394990366088632,0.9475465313028765,0.9381155015197569,0.6875383670963782,0.9758039884797153,2920.953,10,2026-09-18T18:12:31.490599+00:00
Llama-3.1-8B-Instruct,belief_bank_facts,mlp,15,27416,belief_bank_facts,420,2760,8225,1380,1380,591,7634,3.9432,4097,0.6113490364025695,0.9661590524534687,0.953434650455927,0.7488524590163934,0.980652721571986,2925.598,10,2026-09-18T18:12:31.490599+00:00
Llama-3.1-8B-Instruct,belief_bank_facts,mlp,15,27416,belief_bank_facts,511,2760,8225,1380,1380,591,7634,4.1437,4097,0.5789473684210527,0.949238578680203,0.9467477203647416,0.7192307692307692,0.9725870149881618,2930.445,10,2026-09-18T18:12:31.490599+00:00
Llama-3.1-8B-Instruct,belief_bank_facts,mlp,15,27416,belief_bank_facts,mean,0,0,0,0,0,0,3.4648000000000003,4097.0,0.5826816920101366,0.9543147208121828,0.9474164133738603,0.7233063466962003,0.9744278313201207,5900.535,10,2026-09-18T18:12:31.490599+00:00
Llama-3.1-8B-Instruct,belief_bank_facts,mlp,15,27416,belief_bank_facts,std,0,0,0,0,0,0,0.47887001576628285,0.0,0.023679765015745487,0.006193910395168566,0.00495602934642284,0.019063684203116372,0.0036140358275589517,5900.535,10,2026-09-18T18:12:31.490599+00:00
Llama-3.1-8B-Instruct,belief_bank_facts,mlp,15,27416,belief_bank_constraints,2,2760,25878,1380,1380,3058,22820,4.1437,4097,0.6719801629472193,0.6203400915631131,0.9193523456217637,0.6451283795272913,0.9595420038759845,2936.053,10,2026-09-18T18:12:31.490599+00:00
Llama-3.1-8B-Instruct,belief_bank_facts,mlp,15,27416,belief_bank_constraints,4,2760,25878,1380,1380,3058,22820,3.8206,4097,0.6467341306347746,0.4597776324395029,0.906484272354896,0.5374617737003058,0.9564620664236678,2941.338,10,2026-09-18T18:12:31.490599+00:00
Llama-3.1-8B-Instruct,belief_bank_facts,mlp,15,27416,belief_bank_constraints,24,2760,25878,1380,1380,3058,22820,3.8116,4097,0.40651162790697676,0.14290385873119685,0.8740629105804157,0.21146866682797,0.9235727010774457,2946.617,10,2026-09-18T18:12:31.490599+00:00
Llama-3.1-8B-Instruct,belief_bank_facts,mlp,15,27416,belief_bank_constraints,42,2760,25878,1380,1380,3058,22820,3.9335,4097,0.6988155668358714,0.6752779594506213,0.92723548960507,0.6868451688009313,0.9603454739196453,2952.003,10,2026-09-18T18:12:31.490599+00:00
Llama-3.1-8B-Instruct,belief_bank_facts,mlp,15,27416,belief_bank_constraints,64,2760,25878,1380,1380,3058,22820,4.1632,4097,0.6116118214210857,0.9542184434270765,0.9229847747121107,0.7454336441435688,0.9649682389376523,2957.603,10,2026-09-18T18:12:31.490599+00:00
Llama-3.1-8B-Instruct,belief_bank_facts,mlp,15,27416,belief_bank_constraints,67,2760,25878,1380,1380,3058,22820,3.9652,4097,0.6474070565948378,0.8940483976455199,0.9299404899914986,0.7509957423430847,0.9576442216476202,2963.005,10,2026-09-18T18:12:31.490599+00:00
Llama-3.1-8B-Instruct,belief_bank_facts,mlp,15,27416,belief_bank_constraints,104,2760,25878,1380,1380,3058,22820,3.905,4097,0.5481120584652862,0.1471550032701112,0.8848829121261303,0.23201856148491878,0.917220574588055,2968.426,10,2026-09-18T18:12:31.490599+00:00
Llama-3.1-8B-Instruct,belief_bank_facts,mlp,15,27416,belief_bank_constraints,123,2760,25878,1380,1380,3058,22820,4.2146,4097,0.6592449177153921,0.44538914323086987,0.9072571296081614,0.531615925058548,0.9574416381164846,2974.1,10,2026-09-18T18:12:31.490599+00:00
Llama-3.1-8B-Instruct,belief_bank_facts,mlp,15,27416,belief_bank_constraints,420,2760,25878,1380,1380,3058,22820,3.8813,4097,0.5356938892061679,0.30673642903858733,0.8866604838086406,0.3901018922852984,0.9288470522283472,2979.431,10,2026-09-18T18:12:31.490599+00:00
Llama-3.1-8B-Instruct,belief_bank_facts,mlp,15,27416,belief_bank_constraints,511,2760,25878,1380,1380,3058,22820,3.9426,4097,0.5242195909580194,0.1592544146500981,0.8835690547955792,0.24429395535490345,0.9379048303067369,2984.889,10,2026-09-18T18:12:31.490599+00:00
Llama-3.1-8B-Instruct,belief_bank_facts,mlp,15,27416,belief_bank_constraints,mean,0,0,0,0,0,0,3.9781299999999993,4097.0,0.5950330822685631,0.48051013734466974,0.9042429863204265,0.497536370952682,0.946394880112164,5900.535,10,2026-09-18T18:12:31.490599+00:00
Llama-3.1-8B-Instruct,belief_bank_facts,mlp,15,27416,belief_bank_constraints,std,0,0,0,0,0,0,0.13721362213716243,0.0,0.08531313787125866,0.2851438022176692,0.019506096430179084,0.20348948707086087,0.01677605896617639,5900.535,10,2026-09-18T18:12:31.490599+00:00
Llama-3.1-8B-Instruct,belief_bank_facts,mlp,15,27416,halu_eval,2,2760,10000,1380,1380,1912,8088,4.0443,4097,0.1897453196154495,0.5883891213389121,0.4409,0.2869531947455682,0.49747734388256376,2989.667,10,2026-09-18T18:12:31.490599+00:00
Llama-3.1-8B-Instruct,belief_bank_facts,mlp,15,27416,halu_eval,4,2760,10000,1380,1380,1912,8088,3.943,4097,0.18866291648636954,0.6841004184100419,0.3771,0.29576031656303,0.49812040747385455,2994.331,10,2026-09-18T18:12:31.490599+00:00
Llama-3.1-8B-Instruct,belief_bank_facts,mlp,15,27416,halu_eval,24,2760,10000,1380,1380,1912,8088,3.974,4097,0.191734921816828,0.26935146443514646,0.6432,0.2240104393214441,0.498375608888006,2999.026,10,2026-09-18T18:12:31.490599+00:00
Llama-3.1-8B-Instruct,belief_bank_facts,mlp,15,27416,halu_eval,42,2760,10000,1380,1380,1912,8088,3.9037,4097,0.19178345171818006,0.522489539748954,0.4877,0.28057857042550205,0.5014379288599464,3003.65,10,2026-09-18T18:12:31.490599+00:00
Llama-3.1-8B-Instruct,belief_bank_facts,mlp,15,27416,halu_eval,64,2760,10000,1380,1380,1912,8088,4.0439,4097,0.18859968009306383,0.678347280334728,0.3805,0.2951416543406531,0.4958652391683117,3008.411,10,2026-09-18T18:12:31.490599+00:00
Llama-3.1-8B-Instruct,belief_bank_facts,mlp,15,27416,halu_eval,67,2760,10000,1380,1380,1912,8088,4.1353,4097,0.18941151655768826,0.4696652719665272,0.5143,0.2699534044791823,0.49943385572509924,3013.259,10,2026-09-18T18:12:31.490599+00:00
Llama-3.1-8B-Instruct,belief_bank_facts,mlp,15,27416,halu_eval,104,2760,10000,1380,1380,1912,8088,3.9333,4097,0.1864184008762322,0.4450836820083682,0.5225,0.26277597653234525,0.49383529993295505,3017.905,10,2026-09-18T18:12:31.490599+00:00
Llama-3.1-8B-Instruct,belief_bank_facts,mlp,15,27416,halu_eval,123,2760,10000,1380,1380,1912,8088,4.1247,4097,0.18712574850299402,0.5883891213389121,0.4326,0.2839475012619889,0.49246058135612863,3022.743,10,2026-09-18T18:12:31.490599+00:00
Llama-3.1-8B-Instruct,belief_bank_facts,mlp,15,27416,halu_eval,420,2760,10000,1380,1380,1912,8088,4.1257,4097,0.1910195068089805,0.5428870292887029,0.473,0.2826027770215083,0.5019516296160643,3027.584,10,2026-09-18T18:12:31.490599+00:00
Llama-3.1-8B-Instruct,belief_bank_facts,mlp,15,27416,halu_eval,511,2760,10000,1380,1380,1912,8088,4.1244,4097,0.192650536656358,0.5538702928870293,0.4709,0.28586853826427316,0.5031757751553001,3032.425,10,2026-09-18T18:12:31.490599+00:00
Llama-3.1-8B-Instruct,belief_bank_facts,mlp,15,27416,halu_eval,mean,0,0,0,0,0,0,4.03523,4097.0,0.18971519991321437,0.5342573221757323,0.47427,0.2767592372955495,0.498213367005823,5900.535,10,2026-09-18T18:12:31.490599+00:00
Llama-3.1-8B-Instruct,belief_bank_facts,mlp,15,27416,halu_eval,std,0,0,0,0,0,0,0.0861729545739264,0.0,0.001967061730685102,0.11487914457248351,0.07331028645422141,0.020026338739089305,0.003299089361598427,5900.535,10,2026-09-18T18:12:31.490599+00:00
Llama-3.1-8B-Instruct,belief_bank_facts,mlp,16,27416,belief_bank_facts,2,2760,8225,1380,1380,591,7634,3.7133,4097,0.59192348565356,0.9424703891708968,0.9491793313069908,0.7271540469973891,0.9669600819559128,3037.645,10,2026-09-18T18:12:31.490599+00:00
Llama-3.1-8B-Instruct,belief_bank_facts,mlp,16,27416,belief_bank_facts,4,2760,8225,1380,1380,591,7634,3.3139,4097,0.549172346640701,0.9543147208121827,0.9404255319148936,0.6971569839307787,0.9789952510077146,3041.666,10,2026-09-18T18:12:31.490599+00:00
Llama-3.1-8B-Instruct,belief_bank_facts,mlp,16,27416,belief_bank_facts,24,2760,8225,1380,1380,591,7634,3.1164,4097,0.546679499518768,0.961082910321489,0.9399392097264437,0.6969325153374233,0.9742994538193416,3045.517,10,2026-09-18T18:12:31.490599+00:00
Llama-3.1-8B-Instruct,belief_bank_facts,mlp,16,27416,belief_bank_facts,42,2760,8225,1380,1380,591,7634,3.5546,4097,0.5178735105407882,0.9560067681895094,0.932887537993921,0.6718192627824019,0.9688587036266201,3049.778,10,2026-09-18T18:12:31.490599+00:00
Llama-3.1-8B-Instruct,belief_bank_facts,mlp,16,27416,belief_bank_facts,64,2760,8225,1380,1380,591,7634,3.3138,4097,0.5737704918032787,0.9475465313028765,0.9456534954407295,0.7147415443522654,0.9686913607172827,3053.812,10,2026-09-18T18:12:31.490599+00:00
Llama-3.1-8B-Instruct,belief_bank_facts,mlp,16,27416,belief_bank_facts,67,2760,8225,1380,1380,591,7634,3.2042,4097,0.5364238410596026,0.9593908629441624,0.9375075987841945,0.6881067961165048,0.9656827346890104,3057.732,10,2026-09-18T18:12:31.490599+00:00
Llama-3.1-8B-Instruct,belief_bank_facts,mlp,16,27416,belief_bank_facts,104,2760,8225,1380,1380,591,7634,3.4045,4097,0.5772442588726514,0.9357021996615905,0.9461398176291793,0.7140090380890898,0.9706205695687695,3061.842,10,2026-09-18T18:12:31.490599+00:00
Llama-3.1-8B-Instruct,belief_bank_facts,mlp,16,27416,belief_bank_facts,123,2760,8225,1380,1380,591,7634,3.4457,4097,0.5165137614678899,0.9526226734348562,0.9325227963525836,0.6698393813206425,0.9701881377593429,3066.0,10,2026-09-18T18:12:31.490599+00:00
Llama-3.1-8B-Instruct,belief_bank_facts,mlp,16,27416,belief_bank_facts,420,2760,8225,1380,1380,591,7634,4.3256,4097,0.5701125895598772,0.9424703891708968,0.9448024316109422,0.7104591836734694,0.9723299053526238,3071.049,10,2026-09-18T18:12:31.490599+00:00
Llama-3.1-8B-Instruct,belief_bank_facts,mlp,16,27416,belief_bank_facts,511,2760,8225,1380,1380,591,7634,4.3766,4097,0.5420289855072464,0.949238578680203,0.9387234042553192,0.6900369003690037,0.9663015709842023,3076.154,10,2026-09-18T18:12:31.490599+00:00
Llama-3.1-8B-Instruct,belief_bank_facts,mlp,16,27416,belief_bank_facts,mean,0,0,0,0,0,0,3.576860000000001,4097.0,0.5521742770624364,0.9500846023688663,0.9407781155015197,0.6980255652968969,0.9702927769480819,5900.535,10,2026-09-18T18:12:31.490599+00:00
Llama-3.1-8B-Instruct,belief_bank_facts,mlp,16,27416,belief_bank_facts,std,0,0,0,0,0,0,0.41898273997862956,0.0,0.024155962857947955,0.00772619293186523,0.005342756124500242,0.017841916573620803,0.003859598096056279,5900.535,10,2026-09-18T18:12:31.490599+00:00
Llama-3.1-8B-Instruct,belief_bank_facts,mlp,16,27416,belief_bank_constraints,2,2760,25878,1380,1380,3058,22820,4.2165,4097,0.6304641730509238,0.9149771092217135,0.9265785609397944,0.7465314834578441,0.9511347944988764,3081.882,10,2026-09-18T18:12:31.490599+00:00
Llama-3.1-8B-Instruct,belief_bank_facts,mlp,16,27416,belief_bank_constraints,4,2760,25878,1380,1380,3058,22820,4.2901,4097,0.6402266288951841,0.8129496402877698,0.9239122034160291,0.716323296354992,0.9462916050714524,3087.677,10,2026-09-18T18:12:31.490599+00:00
Llama-3.1-8B-Instruct,belief_bank_facts,mlp,16,27416,belief_bank_constraints,24,2760,25878,1380,1380,3058,22820,3.9764,4097,0.6080989876265467,0.8839110529758012,0.918965916995131,0.7205117952818872,0.95175946884911,3093.181,10,2026-09-18T18:12:31.490599+00:00
Llama-3.1-8B-Instruct,belief_bank_facts,mlp,16,27416,belief_bank_constraints,42,2760,25878,1380,1380,3058,22820,4.2448,4097,0.6074253075571178,0.9041857423152387,0.9196228456604065,0.7266754270696452,0.9294375208143579,3098.951,10,2026-09-18T18:12:31.490599+00:00
Llama-3.1-8B-Instruct,belief_bank_facts,mlp,16,27416,belief_bank_constraints,64,2760,25878,1380,1380,3058,22820,4.1349,4097,0.6367822318526544,0.7688031393067364,0.920859417265631,0.6965925925925925,0.9506842299246414,3104.563,10,2026-09-18T18:12:31.490599+00:00
Llama-3.1-8B-Instruct,belief_bank_facts,mlp,16,27416,belief_bank_constraints,67,2760,25878,1380,1380,3058,22820,4.2563,4097,0.6048197910002132,0.9274035317200785,0.9198160599737228,0.7321543823415516,0.9496914316208575,3110.305,10,2026-09-18T18:12:31.490599+00:00
Llama-3.1-8B-Instruct,belief_bank_facts,mlp,16,27416,belief_bank_constraints,104,2760,25878,1380,1380,3058,22820,4.3878,4097,0.5054484492875104,0.197187704381949,0.8823324831903547,0.2836979534227241,0.9260790077204432,3116.179,10,2026-09-18T18:12:31.490599+00:00
Llama-3.1-8B-Instruct,belief_bank_facts,mlp,16,27416,belief_bank_constraints,123,2760,25878,1380,1380,3058,22820,4.1748,4097,0.5882870981946279,0.8737737083060824,0.9128217018316717,0.7031578947368421,0.9426476522550584,3121.825,10,2026-09-18T18:12:31.490599+00:00
Llama-3.1-8B-Instruct,belief_bank_facts,mlp,16,27416,belief_bank_constraints,420,2760,25878,1380,1380,3058,22820,4.2859,4097,0.6248937977909941,0.4810333551340746,0.9045521292217328,0.5436067997043607,0.949013162985666,3127.582,10,2026-09-18T18:12:31.490599+00:00
Llama-3.1-8B-Instruct,belief_bank_facts,mlp,16,27416,belief_bank_constraints,511,2760,25878,1380,1380,3058,22820,4.4558,4097,0.5476381104883907,0.894702419882276,0.9002241286034469,0.6794139557983611,0.9270188995803595,3133.523,10,2026-09-18T18:12:31.490599+00:00
Llama-3.1-8B-Instruct,belief_bank_facts,mlp,16,27416,belief_bank_constraints,mean,0,0,0,0,0,0,4.24233,4097.0,0.5994084575744163,0.765892740353172,0.9129685447097922,0.6548665580760801,0.9423757773320822,5900.535,10,2026-09-18T18:12:31.490599+00:00
Llama-3.1-8B-Instruct,belief_bank_facts,mlp,16,27416,belief_bank_constraints,std,0,0,0,0,0,0,0.12593649232847484,0.0,0.04059346806851984,0.22724183320895644,0.012908310338402154,0.13507004280739085,0.010077711135559546,5900.535,10,2026-09-18T18:12:31.490599+00:00
Llama-3.1-8B-Instruct,belief_bank_facts,mlp,16,27416,halu_eval,2,2760,10000,1380,1380,1912,8088,4.2268,4097,0.19024558976132827,0.28765690376569036,0.6297,0.22902352696231523,0.49675846028415466,3138.476,10,2026-09-18T18:12:31.490599+00:00
Llama-3.1-8B-Instruct,belief_bank_facts,mlp,16,27416,halu_eval,4,2760,10000,1380,1380,1912,8088,4.1744,4097,0.19215233698788228,0.522489539748954,0.4887,0.2809731402053157,0.5026971552979982,3143.366,10,2026-09-18T18:12:31.490599+00:00
Llama-3.1-8B-Instruct,belief_bank_facts,mlp,16,27416,halu_eval,24,2760,10000,1380,1380,1912,8088,3.9934,4097,0.18961625282167044,0.48326359832635984,0.5063,0.27236551215917465,0.4952974459295035,3148.083,10,2026-09-18T18:12:31.490599+00:00
Llama-3.1-8B-Instruct,belief_bank_facts,mlp,16,27416,halu_eval,42,2760,10000,1380,1380,1912,8088,4.4483,4097,0.19120088544548977,0.36140167364016734,0.5856,0.25009048136083967,0.495919978303515,3153.251,10,2026-09-18T18:12:31.490599+00:00
Llama-3.1-8B-Instruct,belief_bank_facts,mlp,16,27416,halu_eval,64,2760,10000,1380,1380,1912,8088,4.2574,4097,0.1885998469778118,0.5156903765690377,0.4832,0.2761904761904762,0.49145665333010524,3158.26,10,2026-09-18T18:12:31.490599+00:00
Llama-3.1-8B-Instruct,belief_bank_facts,mlp,16,27416,halu_eval,67,2760,10000,1380,1380,1912,8088,4.2406,4097,0.18681907483479193,0.547071129707113,0.4581,0.2785248302489682,0.49072655031060014,3163.218,10,2026-09-18T18:12:31.490599+00:00
Llama-3.1-8B-Instruct,belief_bank_facts,mlp,16,27416,halu_eval,104,2760,10000,1380,1380,1912,8088,4.584,4097,0.18830409356725147,0.3368200836820084,0.5956,0.2415603900975244,0.4904563465581532,3168.508,10,2026-09-18T18:12:31.490599+00:00
Llama-3.1-8B-Instruct,belief_bank_facts,mlp,16,27416,halu_eval,123,2760,10000,1380,1380,1912,8088,4.3623,4097,0.18174239266360984,0.2280334728033473,0.6561,0.20227325446532127,0.493108397843388,3173.576,10,2026-09-18T18:12:31.490599+00:00
Llama-3.1-8B-Instruct,belief_bank_facts,mlp,16,27416,halu_eval,420,2760,10000,1380,1380,1912,8088,4.473,4097,0.18959842001316657,0.602510460251046,0.4316,0.2884326489734602,0.4945716431492081,3178.751,10,2026-09-18T18:12:31.490599+00:00
Llama-3.1-8B-Instruct,belief_bank_facts,mlp,16,27416,halu_eval,511,2760,10000,1380,1380,1912,8088,4.483,4097,0.189634391321816,0.49372384937238495,0.4998,0.27402031930333814,0.49567250438689064,3183.935,10,2026-09-18T18:12:31.490599+00:00
Llama-3.1-8B-Instruct,belief_bank_facts,mlp,16,27416,halu_eval,mean,0,0,0,0,0,0,4.324319999999999,4097.0,0.18879132843948182,0.4378661087866109,0.53347,0.2593454579966733,0.49466651353935165,5900.535,10,2026-09-18T18:12:31.490599+00:00
Llama-3.1-8B-Instruct,belief_bank_facts,mlp,16,27416,halu_eval,std,0,0,0,0,0,0,0.16867537935336022,0.0,0.0027406425216090157,0.11835620366308083,0.07303248660698881,0.02632283569379954,0.0034327461186258582,5900.535,10,2026-09-18T18:12:31.490599+00:00
Llama-3.1-8B-Instruct,belief_bank_facts,mlp,17,27416,belief_bank_facts,2,2760,8225,1380,1380,591,7634,4.5031,4097,0.5399422521655438,0.949238578680203,0.9382370820668693,0.6883435582822086,0.9651308355575533,3189.96,10,2026-09-18T18:12:31.490599+00:00
Llama-3.1-8B-Instruct,belief_bank_facts,mlp,17,27416,belief_bank_facts,4,2760,8225,1380,1380,591,7634,4.5538,4097,0.5288640595903166,0.961082910321489,0.9356838905775076,0.6822822822822823,0.971171803761514,3195.186,10,2026-09-18T18:12:31.490599+00:00
Llama-3.1-8B-Instruct,belief_bank_facts,mlp,17,27416,belief_bank_facts,24,2760,8225,1380,1380,591,7634,3.4323,4097,0.5268614514608859,0.9458544839255499,0.9350759878419453,0.6767554479418886,0.9681356935997877,3199.291,10,2026-09-18T18:12:31.490599+00:00
Llama-3.1-8B-Instruct,belief_bank_facts,mlp,17,27416,belief_bank_facts,42,2760,8225,1380,1380,591,7634,3.7962,4097,0.5206991720331187,0.9576988155668359,0.9336170212765957,0.6746126340882003,0.9693237174329643,3203.785,10,2026-09-18T18:12:31.490599+00:00
Llama-3.1-8B-Instruct,belief_bank_facts,mlp,17,27416,belief_bank_facts,64,2760,8225,1380,1380,591,7634,3.7456,4097,0.5423892100192679,0.9526226734348562,0.9388449848024316,0.6912216083486802,0.9656419517813042,3208.228,10,2026-09-18T18:12:31.490599+00:00
Llama-3.1-8B-Instruct,belief_bank_facts,mlp,17,27416,belief_bank_facts,67,2760,8225,1380,1380,591,7634,3.8166,4097,0.5376549094375596,0.9543147208121827,0.9377507598784195,0.6878048780487804,0.9694446254555386,3212.741,10,2026-09-18T18:12:31.490599+00:00
Llama-3.1-8B-Instruct,belief_bank_facts,mlp,17,27416,belief_bank_facts,104,2760,8225,1380,1380,591,7634,3.2941,4097,0.5416258570029383,0.9357021996615905,0.9384802431610942,0.6861042183622829,0.9636511252757832,3216.742,10,2026-09-18T18:12:31.490599+00:00
Llama-3.1-8B-Instruct,belief_bank_facts,mlp,17,27416,belief_bank_facts,123,2760,8225,1380,1380,591,7634,3.3151,4097,0.5229186155285314,0.9458544839255499,0.9341033434650456,0.6734939759036145,0.9709601316046699,3220.76,10,2026-09-18T18:12:31.490599+00:00
Llama-3.1-8B-Instruct,belief_bank_facts,mlp,17,27416,belief_bank_facts,420,2760,8225,1380,1380,591,7634,3.6074,4097,0.5784008307372793,0.9424703891708968,0.9465045592705167,0.7168597168597168,0.9735624800795444,3225.079,10,2026-09-18T18:12:31.490599+00:00
Llama-3.1-8B-Instruct,belief_bank_facts,mlp,17,27416,belief_bank_facts,511,2760,8225,1380,1380,591,7634,3.8879,4097,0.5223048327137546,0.9509306260575296,0.9339817629179331,0.6742651469706059,0.9662428347312562,3229.688,10,2026-09-18T18:12:31.490599+00:00
Llama-3.1-8B-Instruct,belief_bank_facts,mlp,17,27416,belief_bank_facts,mean,0,0,0,0,0,0,3.79521,4097.0,0.5361661190689196,0.9495769881556683,0.9372279635258358,0.685174346708826,0.9683265199279916,5900.535,10,2026-09-18T18:12:31.490599+00:00
Llama-3.1-8B-Instruct,belief_bank_facts,mlp,17,27416,belief_bank_facts,std,0,0,0,0,0,0,0.4167338777925308,0.0,0.016172622294868967,0.00709046593561995,0.003631596899607834,0.012266188002026493,0.0029723420171700425,5900.535,10,2026-09-18T18:12:31.490599+00:00
Llama-3.1-8B-Instruct,belief_bank_facts,mlp,17,27416,belief_bank_constraints,2,2760,25878,1380,1380,3058,22820,4.4083,4097,0.5540485829959514,0.895029431000654,0.9024654146379164,0.684421105276319,0.9368456553377329,3235.626,10,2026-09-18T18:12:31.490599+00:00
Llama-3.1-8B-Instruct,belief_bank_facts,mlp,17,27416,belief_bank_constraints,4,2760,25878,1380,1380,3058,22820,4.349,4097,0.5702668890742285,0.894375408763898,0.9078754154107737,0.6964604023427553,0.9374846023905916,3241.489,10,2026-09-18T18:12:31.490599+00:00
Llama-3.1-8B-Instruct,belief_bank_facts,mlp,17,27416,belief_bank_constraints,24,2760,25878,1380,1380,3058,22820,4.2078,4097,0.6370157819225251,0.8711576193590582,0.9261148465878353,0.7359116022099448,0.9103543298736837,3247.246,10,2026-09-18T18:12:31.490599+00:00
Llama-3.1-8B-Instruct,belief_bank_facts,mlp,17,27416,belief_bank_constraints,42,2760,25878,1380,1380,3058,22820,4.4475,4097,0.5657894736842105,0.8999345977763243,0.9065615580802225,0.694774046957839,0.9244136154704632,3253.201,10,2026-09-18T18:12:31.490599+00:00
Llama-3.1-8B-Instruct,belief_bank_facts,mlp,17,27416,belief_bank_constraints,64,2760,25878,1380,1380,3058,22820,4.5683,4097,0.605586249232658,0.645192936559843,0.9084164154880594,0.6247625079164028,0.9329412400284538,3259.245,10,2026-09-18T18:12:31.490599+00:00
Llama-3.1-8B-Instruct,belief_bank_facts,mlp,17,27416,belief_bank_constraints,67,2760,25878,1380,1380,3058,22820,4.5381,4097,0.5823655913978495,0.8855461085676913,0.9114305587757942,0.7026466009340945,0.9279141247594707,3265.266,10,2026-09-18T18:12:31.490599+00:00
Llama-3.1-8B-Instruct,belief_bank_facts,mlp,17,27416,belief_bank_constraints,104,2760,25878,1380,1380,3058,22820,4.196,4097,0.5981610337972167,0.7871157619359058,0.9123579874797125,0.6797514826320249,0.9001001238687164,3270.94,10,2026-09-18T18:12:31.490599+00:00
Llama-3.1-8B-Instruct,belief_bank_facts,mlp,17,27416,belief_bank_constraints,123,2760,25878,1380,1380,3058,22820,4.2757,4097,0.6319133913862085,0.8780248528449968,0.9251487750212536,0.7349117284795401,0.9109035996443862,3276.692,10,2026-09-18T18:12:31.490599+00:00
Llama-3.1-8B-Instruct,belief_bank_facts,mlp,17,27416,belief_bank_constraints,420,2760,25878,1380,1380,3058,22820,4.5981,4097,0.6184393869019972,0.8708306082406801,0.9212458458922637,0.7232482346550788,0.9114577272927893,3282.745,10,2026-09-18T18:12:31.490599+00:00
Llama-3.1-8B-Instruct,belief_bank_facts,mlp,17,27416,belief_bank_constraints,511,2760,25878,1380,1380,3058,22820,4.6396,4097,0.4102680599727397,0.29529103989535643,0.8665661952237421,0.34341129492298916,0.8775002450433884,3288.908,10,2026-09-18T18:12:31.490599+00:00
Llama-3.1-8B-Instruct,belief_bank_facts,mlp,17,27416,belief_bank_constraints,mean,0,0,0,0,0,0,4.422840000000001,4097.0,0.5773854440365586,0.7922498364944407,0.9088183012597574,0.6620299006326988,0.9169915263709676,5900.535,10,2026-09-18T18:12:31.490599+00:00
Llama-3.1-8B-Instruct,belief_bank_facts,mlp,17,27416,belief_bank_constraints,std,0,0,0,0,0,0,0.1541963306956427,0.0,0.06174478307309688,0.18156881481280515,0.016035570010463185,0.11052031531211115,0.01788730127907704,5900.535,10,2026-09-18T18:12:31.490599+00:00
Llama-3.1-8B-Instruct,belief_bank_facts,mlp,17,27416,halu_eval,2,2760,10000,1380,1380,1912,8088,4.2763,4097,0.17873406193078326,0.41056485355648537,0.5266,0.2490482233502538,0.48240895003290163,3293.93,10,2026-09-18T18:12:31.490599+00:00
Llama-3.1-8B-Instruct,belief_bank_facts,mlp,17,27416,halu_eval,4,2760,10000,1380,1380,1912,8088,4.4581,4097,0.17596081386586285,0.2442468619246862,0.6368,0.20455540954883925,0.4804474266333925,3299.13,10,2026-09-18T18:12:31.490599+00:00
Llama-3.1-8B-Instruct,belief_bank_facts,mlp,17,27416,halu_eval,24,2760,10000,1380,1380,1912,8088,4.1324,4097,0.17012123582323035,0.22751046025104602,0.6401,0.19467442380845826,0.48293969008273013,3303.999,10,2026-09-18T18:12:31.490599+00:00
Llama-3.1-8B-Instruct,belief_bank_facts,mlp,17,27416,halu_eval,42,2760,10000,1380,1380,1912,8088,4.3947,4097,0.18386436714410992,0.32897489539748953,0.5925,0.2358897431089443,0.48660255624324894,3309.096,10,2026-09-18T18:12:31.490599+00:00
Llama-3.1-8B-Instruct,belief_bank_facts,mlp,17,27416,halu_eval,64,2760,10000,1380,1380,1912,8088,4.5949,4097,0.18647166361974407,0.42677824267782427,0.5344,0.2595419847328244,0.4894238688236925,3314.389,10,2026-09-18T18:12:31.490599+00:00
Llama-3.1-8B-Instruct,belief_bank_facts,mlp,17,27416,halu_eval,67,2760,10000,1380,1380,1912,8088,4.7061,4097,0.18415482310250983,0.3185146443514644,0.5999,0.2333780417704541,0.48710500524564515,3319.791,10,2026-09-18T18:12:31.490599+00:00
Llama-3.1-8B-Instruct,belief_bank_facts,mlp,17,27416,halu_eval,104,2760,10000,1380,1380,1912,8088,4.3234,4097,0.1882490499853844,0.3368200836820084,0.5955,0.24151509469341834,0.4892263488136771,3324.809,10,2026-09-18T18:12:31.490599+00:00
Llama-3.1-8B-Instruct,belief_bank_facts,mlp,17,27416,halu_eval,123,2760,10000,1380,1380,1912,8088,4.082,4097,0.17831149927219797,0.25627615062761505,0.632,0.21030042918454936,0.4835541716329579,3329.613,10,2026-09-18T18:12:31.490599+00:00
Llama-3.1-8B-Instruct,belief_bank_facts,mlp,17,27416,halu_eval,420,2760,10000,1380,1380,1912,8088,4.4561,4097,0.18593111500291887,0.3331589958158996,0.5936,0.2386661671037842,0.49315563580944344,3334.778,10,2026-09-18T18:12:31.490599+00:00
Llama-3.1-8B-Instruct,belief_bank_facts,mlp,17,27416,halu_eval,511,2760,10000,1380,1380,1912,8088,4.758,4097,0.17787418655097614,0.3002092050209205,0.6009,0.22338976454563145,0.4857602913454097,3340.24,10,2026-09-18T18:12:31.490599+00:00
Llama-3.1-8B-Instruct,belief_bank_facts,mlp,17,27416,halu_eval,mean,0,0,0,0,0,0,4.418200000000001,4097.0,0.18096728162977177,0.3183054393305439,0.59523,0.22909592818471572,0.48606239446630994,5900.535,10,2026-09-18T18:12:31.490599+00:00
Llama-3.1-8B-Instruct,belief_bank_facts,mlp,17,27416,halu_eval,std,0,0,0,0,0,0,0.2137729496451785,0.0,0.0053928160990375775,0.062336953166775566,0.03683465895050477,0.01951482035277786,0.0036607683952865487,5900.535,10,2026-09-18T18:12:31.490599+00:00
Llama-3.1-8B-Instruct,belief_bank_facts,mlp,18,27416,belief_bank_facts,2,2760,8225,1380,1380,591,7634,4.5627,4097,0.5208140610545791,0.9526226734348562,0.9336170212765957,0.6734449760765551,0.9593733528913974,3346.254,10,2026-09-18T18:12:31.490599+00:00
Llama-3.1-8B-Instruct,belief_bank_facts,mlp,18,27416,belief_bank_facts,4,2760,8225,1380,1380,591,7634,4.7137,4097,0.5308988764044944,0.9593908629441624,0.9361702127659575,0.6835443037974683,0.9662200051687904,3351.629,10,2026-09-18T18:12:31.490599+00:00
Llama-3.1-8B-Instruct,belief_bank_facts,mlp,18,27416,belief_bank_facts,24,2760,8225,1380,1380,591,7634,4.6332,4097,0.5230046948356808,0.9424703891708968,0.9341033434650456,0.6727053140096618,0.9645627562507565,3356.928,10,2026-09-18T18:12:31.490599+00:00
Llama-3.1-8B-Instruct,belief_bank_facts,mlp,18,27416,belief_bank_facts,42,2760,8225,1380,1380,591,7634,5.0164,4097,0.5085972850678733,0.9509306260575296,0.9304559270516717,0.6627358490566038,0.9647906085829402,3362.613,10,2026-09-18T18:12:31.490599+00:00
Llama-3.1-8B-Instruct,belief_bank_facts,mlp,18,27416,belief_bank_facts,64,2760,8225,1380,1380,591,7634,4.2471,4097,0.5304592314901593,0.9576988155668359,0.9360486322188449,0.6827503015681544,0.9661752326288084,3367.539,10,2026-09-18T18:12:31.490599+00:00
Llama-3.1-8B-Instruct,belief_bank_facts,mlp,18,27416,belief_bank_facts,67,2760,8225,1380,1380,591,7634,3.7036,4097,0.5360531309297912,0.9560067681895094,0.9373860182370821,0.6869300911854104,0.9686605518902656,3371.941,10,2026-09-18T18:12:31.490599+00:00
Llama-3.1-8B-Instruct,belief_bank_facts,mlp,18,27416,belief_bank_facts,104,2760,8225,1380,1380,591,7634,3.8767,4097,0.554013875123885,0.9458544839255499,0.9413981762917933,0.69875,0.9661617122083191,3376.533,10,2026-09-18T18:12:31.490599+00:00
Llama-3.1-8B-Instruct,belief_bank_facts,mlp,18,27416,belief_bank_facts,123,2760,8225,1380,1380,591,7634,3.7476,4097,0.5178082191780822,0.9593908629441624,0.932887537993921,0.6725978647686833,0.9714909743435615,3380.989,10,2026-09-18T18:12:31.490599+00:00
Llama-3.1-8B-Instruct,belief_bank_facts,mlp,18,27416,belief_bank_facts,420,2760,8225,1380,1380,591,7634,4.01,4097,0.5400192864030858,0.9475465313028765,0.9382370820668693,0.687960687960688,0.9707666344393037,3385.715,10,2026-09-18T18:12:31.490599+00:00
Llama-3.1-8B-Instruct,belief_bank_facts,mlp,18,27416,belief_bank_facts,511,2760,8225,1380,1380,591,7634,3.9194,4097,0.5613682092555332,0.9441624365482234,0.9429787234042554,0.7041009463722397,0.9638200197087834,3390.353,10,2026-09-18T18:12:31.490599+00:00
Llama-3.1-8B-Instruct,belief_bank_facts,mlp,18,27416,belief_bank_facts,mean,0,0,0,0,0,0,4.243040000000001,4097.0,0.5323036869743165,0.9516074450084602,0.9363282674772038,0.6825520334795465,0.9662021848112927,5900.535,10,2026-09-18T18:12:31.490599+00:00
Llama-3.1-8B-Instruct,belief_bank_facts,mlp,18,27416,belief_bank_facts,std,0,0,0,0,0,0,0.43631893655902687,0.0,0.015445510269223847,0.006063104185167144,0.0036527013383765117,0.012032612468263242,0.003344243939285568,5900.535,10,2026-09-18T18:12:31.490599+00:00
Llama-3.1-8B-Instruct,belief_bank_facts,mlp,18,27416,belief_bank_constraints,2,2760,25878,1380,1380,3058,22820,3.6945,4097,0.393455098934551,0.8453237410071942,0.8277301182471597,0.5369754881595347,0.9390834460150786,3395.532,10,2026-09-18T18:12:31.490599+00:00
Llama-3.1-8B-Instruct,belief_bank_facts,mlp,18,27416,belief_bank_constraints,4,2760,25878,1380,1380,3058,22820,3.6461,4097,0.47433718558803534,0.9126880313930673,0.8701599814514259,0.624245135316484,0.9298183125079889,3400.652,10,2026-09-18T18:12:31.490599+00:00
Llama-3.1-8B-Instruct,belief_bank_facts,mlp,18,27416,belief_bank_constraints,24,2760,25878,1380,1380,3058,22820,4.5667,4097,0.42014366498548067,0.8989535644211903,0.8414483344926192,0.5726486824289136,0.9348597864597334,3406.697,10,2026-09-18T18:12:31.490599+00:00
Llama-3.1-8B-Instruct,belief_bank_facts,mlp,18,27416,belief_bank_constraints,42,2760,25878,1380,1380,3058,22820,4.6269,4097,0.552338094306398,0.9231523871811642,0.9025040575005796,0.6911494674990819,0.9278539816541318,3412.809,10,2026-09-18T18:12:31.490599+00:00
Llama-3.1-8B-Instruct,belief_bank_facts,mlp,18,27416,belief_bank_constraints,64,2760,25878,1380,1380,3058,22820,4.8474,4097,0.38738990633300713,0.9061478090255068,0.8195764742252106,0.5427480168445794,0.92352254599794,3419.128,10,2026-09-18T18:12:31.490599+00:00
Llama-3.1-8B-Instruct,belief_bank_facts,mlp,18,27416,belief_bank_constraints,67,2760,25878,1380,1380,3058,22820,4.7676,4097,0.45700531208499334,0.9002616088947024,0.8618131231161604,0.6062541290464656,0.9363174435354116,3425.369,10,2026-09-18T18:12:31.490599+00:00
Llama-3.1-8B-Instruct,belief_bank_facts,mlp,18,27416,belief_bank_constraints,104,2760,25878,1380,1380,3058,22820,4.7984,4097,0.6741506646971935,0.7462393721386528,0.927390061055723,0.708365668167003,0.9280499733748178,3431.636,10,2026-09-18T18:12:31.490599+00:00
Llama-3.1-8B-Instruct,belief_bank_facts,mlp,18,27416,belief_bank_constraints,123,2760,25878,1380,1380,3058,22820,4.4963,4097,0.42088998763906055,0.8907782864617397,0.8422598346085478,0.5716684155299055,0.9252084731704717,3437.591,10,2026-09-18T18:12:31.490599+00:00
Llama-3.1-8B-Instruct,belief_bank_facts,mlp,18,27416,belief_bank_constraints,420,2760,25878,1380,1380,3058,22820,4.8684,4097,0.44043766373863463,0.934597776324395,0.8519591931370276,0.5987221116581125,0.9507476689352047,3443.906,10,2026-09-18T18:12:31.490599+00:00
Llama-3.1-8B-Instruct,belief_bank_facts,mlp,18,27416,belief_bank_constraints,511,2760,25878,1380,1380,3058,22820,4.9391,4097,0.6006327573618886,0.8070634401569653,0.9137877733982533,0.6887121529231198,0.934477002892945,3450.302,10,2026-09-18T18:12:31.490599+00:00
Llama-3.1-8B-Instruct,belief_bank_facts,mlp,18,27416,belief_bank_constraints,mean,0,0,0,0,0,0,4.52514,4097.0,0.48207803356692425,0.8765206017004579,0.8658628951232707,0.6141489267573201,0.9329938634543724,5900.535,10,2026-09-18T18:12:31.490599+00:00
Llama-3.1-8B-Instruct,belief_bank_facts,mlp,18,27416,belief_bank_constraints,std,0,0,0,0,0,0,0.44744696937179046,0.0,0.09094272139422245,0.05636863579205877,0.03521768886105426,0.05945459939293087,0.007617551409157471,5900.535,10,2026-09-18T18:12:31.490599+00:00
Llama-3.1-8B-Instruct,belief_bank_facts,mlp,18,27416,halu_eval,2,2760,10000,1380,1380,1912,8088,4.7293,4097,0.19036537118920177,0.42782426778242677,0.5427,0.2634884844580448,0.49883098158747496,3455.756,10,2026-09-18T18:12:31.490599+00:00
Llama-3.1-8B-Instruct,belief_bank_facts,mlp,18,27416,halu_eval,4,2760,10000,1380,1380,1912,8088,4.4076,4097,0.19296465415186875,0.5967573221757322,0.4457,0.291629392971246,0.5004334188466616,3460.891,10,2026-09-18T18:12:31.490599+00:00
Llama-3.1-8B-Instruct,belief_bank_facts,mlp,18,27416,halu_eval,24,2760,10000,1380,1380,1912,8088,4.4466,4097,0.19353128313891835,0.3817991631799163,0.5776,0.2568613652357495,0.5047466234392395,3466.065,10,2026-09-18T18:12:31.490599+00:00
Llama-3.1-8B-Instruct,belief_bank_facts,mlp,18,27416,halu_eval,42,2760,10000,1380,1380,1912,8088,4.7591,4097,0.1892272983643542,0.35094142259414224,0.5884,0.2458776108464639,0.4980926660810582,3471.549,10,2026-09-18T18:12:31.490599+00:00
Llama-3.1-8B-Instruct,belief_bank_facts,mlp,18,27416,halu_eval,64,2760,10000,1380,1380,1912,8088,4.7891,4097,0.1857638888888889,0.5596234309623431,0.4468,0.2789363920750782,0.4937993783858725,3477.06,10,2026-09-18T18:12:31.490599+00:00
Llama-3.1-8B-Instruct,belief_bank_facts,mlp,18,27416,halu_eval,67,2760,10000,1380,1380,1912,8088,4.6279,4097,0.19034590580418215,0.5094142259414226,0.4919,0.2771375729122208,0.49881885685286126,3482.411,10,2026-09-18T18:12:31.490599+00:00
Llama-3.1-8B-Instruct,belief_bank_facts,mlp,18,27416,halu_eval,104,2760,10000,1380,1380,1912,8088,4.7387,4097,0.19250425894378195,0.35460251046025104,0.5922,0.24953993375046007,0.501596617386572,3487.873,10,2026-09-18T18:12:31.490599+00:00
Llama-3.1-8B-Instruct,belief_bank_facts,mlp,18,27416,halu_eval,123,2760,10000,1380,1380,1912,8088,4.6485,4097,0.18854625550660792,0.4476987447698745,0.526,0.2653440793552387,0.4942616702672279,3493.242,10,2026-09-18T18:12:31.490599+00:00
Llama-3.1-8B-Instruct,belief_bank_facts,mlp,18,27416,halu_eval,420,2760,10000,1380,1380,1912,8088,5.0311,4097,0.18842105263157893,0.46809623430962344,0.5128,0.26868808165716,0.49392385899457425,3498.991,10,2026-09-18T18:12:31.490599+00:00
Llama-3.1-8B-Instruct,belief_bank_facts,mlp,18,27416,halu_eval,511,2760,10000,1380,1380,1912,8088,4.8092,4097,0.1920889348500517,0.38859832635983266,0.5706,0.25709342560553633,0.5026118294989426,3504.517,10,2026-09-18T18:12:31.490599+00:00
Llama-3.1-8B-Instruct,belief_bank_facts,mlp,18,27416,halu_eval,mean,0,0,0,0,0,0,4.69871,4097.0,0.19037589034694347,0.4485355648535565,0.52947,0.26545963388671984,0.4987115901340484,5900.535,10,2026-09-18T18:12:31.490599+00:00
Llama-3.1-8B-Instruct,belief_bank_facts,mlp,18,27416,halu_eval,std,0,0,0,0,0,0,0.17113824499509156,0.0,0.002321259591739089,0.08076072546573916,0.05210007773506677,0.013408920028083028,0.0036081072386645657,5900.535,10,2026-09-18T18:12:31.490599+00:00
Llama-3.1-8B-Instruct,belief_bank_facts,mlp,19,27416,belief_bank_facts,2,2760,8225,1380,1380,591,7634,4.8661,4097,0.5027223230490018,0.937394247038917,0.9288753799392098,0.6544595392793857,0.9541566870448218,3510.866,10,2026-09-18T18:12:31.490599+00:00
Llama-3.1-8B-Instruct,belief_bank_facts,mlp,19,27416,belief_bank_facts,4,2760,8225,1380,1380,591,7634,5.2685,4097,0.4947460595446585,0.9560067681895094,0.9266869300911854,0.6520484708597807,0.9679701238603505,3516.803,10,2026-09-18T18:12:31.490599+00:00
Llama-3.1-8B-Instruct,belief_bank_facts,mlp,19,27416,belief_bank_facts,24,2760,8225,1380,1380,591,7634,4.8755,4097,0.5375,0.9458544839255499,0.937629179331307,0.6854690374003679,0.9625348040004487,3522.347,10,2026-09-18T18:12:31.490599+00:00
Llama-3.1-8B-Instruct,belief_bank_facts,mlp,19,27416,belief_bank_facts,42,2760,8225,1380,1380,591,7634,5.0762,4097,0.48588537211291705,0.961082910321489,0.9241337386018237,0.6454545454545455,0.9656488228146678,3528.09,10,2026-09-18T18:12:31.490599+00:00
Llama-3.1-8B-Instruct,belief_bank_facts,mlp,19,27416,belief_bank_facts,64,2760,8225,1380,1380,591,7634,5.1771,4097,0.504102096627165,0.9357021996615905,0.9292401215805471,0.6552132701421801,0.9606502568658247,3533.93,10,2026-09-18T18:12:31.490599+00:00
Llama-3.1-8B-Instruct,belief_bank_facts,mlp,19,27416,belief_bank_facts,67,2760,8225,1380,1380,591,7634,5.0468,4097,0.5194085027726433,0.9509306260575296,0.9332522796352584,0.6718469814704124,0.9670998299086775,3539.637,10,2026-09-18T18:12:31.490599+00:00
Llama-3.1-8B-Instruct,belief_bank_facts,mlp,19,27416,belief_bank_facts,104,2760,8225,1380,1380,591,7634,4.1252,4097,0.5168539325842697,0.934010152284264,0.9325227963525836,0.6654611211573237,0.9605388796314643,3544.439,10,2026-09-18T18:12:31.490599+00:00
Llama-3.1-8B-Instruct,belief_bank_facts,mlp,19,27416,belief_bank_facts,123,2760,8225,1380,1380,591,7634,3.6833,4097,0.4794871794871795,0.949238578680203,0.9223100303951368,0.637137989778535,0.9665690979929047,3548.811,10,2026-09-18T18:12:31.490599+00:00
Llama-3.1-8B-Instruct,belief_bank_facts,mlp,19,27416,belief_bank_facts,420,2760,8225,1380,1380,591,7634,3.866,4097,0.5311909262759924,0.9509306260575296,0.9361702127659575,0.6816252274105519,0.9676061807383213,3553.372,10,2026-09-18T18:12:31.490599+00:00
Llama-3.1-8B-Instruct,belief_bank_facts,mlp,19,27416,belief_bank_facts,511,2760,8225,1380,1380,591,7634,3.787,4097,0.5147058823529411,0.9475465313028765,0.9320364741641337,0.6670637284097677,0.9666445685367846,3557.856,10,2026-09-18T18:12:31.490599+00:00
Llama-3.1-8B-Instruct,belief_bank_facts,mlp,19,27416,belief_bank_facts,mean,0,0,0,0,0,0,4.577170000000001,4097.0,0.5086602274806769,0.9468697123519458,0.9302857142857144,0.6615779911362851,0.9639419251394266,5900.535,10,2026-09-18T18:12:31.490599+00:00
Llama-3.1-8B-Instruct,belief_bank_facts,mlp,19,27416,belief_bank_facts,std,0,0,0,0,0,0,0.6011097770790291,0.0,0.017826881770531412,0.00839910229847097,0.004721397045675687,0.014705682243255937,0.004205853159474103,5900.535,10,2026-09-18T18:12:31.490599+00:00
Llama-3.1-8B-Instruct,belief_bank_facts,mlp,19,27416,belief_bank_constraints,2,2760,25878,1380,1380,3058,22820,3.8157,4097,0.5266778211563488,0.9264224983649444,0.8929206275600896,0.67156572241318,0.9476827851717511,3563.13,10,2026-09-18T18:12:31.490599+00:00
Llama-3.1-8B-Instruct,belief_bank_facts,mlp,19,27416,belief_bank_constraints,4,2760,25878,1380,1380,3058,22820,3.9171,4097,0.6094392725698203,0.92053629823414,0.9208980601282943,0.7333593851765012,0.952284592531536,3568.509,10,2026-09-18T18:12:31.490599+00:00
Llama-3.1-8B-Instruct,belief_bank_facts,mlp,19,27416,belief_bank_constraints,24,2760,25878,1380,1380,3058,22820,3.9071,4097,0.4542733621549717,0.8933943754087639,0.8605765515109359,0.6022927689594356,0.9437801539503,3573.876,10,2026-09-18T18:12:31.490599+00:00
Llama-3.1-8B-Instruct,belief_bank_facts,mlp,19,27416,belief_bank_constraints,42,2760,25878,1380,1380,3058,22820,3.9387,4097,0.6440758293838863,0.8888162197514715,0.9288198469742639,0.7469084913437758,0.9532790674479777,3579.273,10,2026-09-18T18:12:31.490599+00:00
Llama-3.1-8B-Instruct,belief_bank_facts,mlp,19,27416,belief_bank_constraints,64,2760,25878,1380,1380,3058,22820,5.1207,4097,0.4699738903394256,0.8829300196206671,0.8684983383569055,0.6134272407133932,0.9358871917683764,3585.863,10,2026-09-18T18:12:31.490599+00:00
Llama-3.1-8B-Instruct,belief_bank_facts,mlp,19,27416,belief_bank_constraints,67,2760,25878,1380,1380,3058,22820,4.587,4097,0.5450619601952685,0.9493132766514062,0.9003787000541,0.6925095419847328,0.9455560450054425,3591.912,10,2026-09-18T18:12:31.490599+00:00
Llama-3.1-8B-Instruct,belief_bank_facts,mlp,19,27416,belief_bank_constraints,104,2760,25878,1380,1380,3058,22820,4.8186,4097,0.6953010279001468,0.6193590582079791,0.9229461318494474,0.6551366309235559,0.9497785868190158,3598.188,10,2026-09-18T18:12:31.490599+00:00
Llama-3.1-8B-Instruct,belief_bank_facts,mlp,19,27416,belief_bank_constraints,123,2760,25878,1380,1380,3058,22820,4.7077,4097,0.5575864779874213,0.9277305428384565,0.9044748434964062,0.6965381782469924,0.9540443766411459,3604.353,10,2026-09-18T18:12:31.490599+00:00
Llama-3.1-8B-Instruct,belief_bank_facts,mlp,19,27416,belief_bank_constraints,420,2760,25878,1380,1380,3058,22820,4.7471,4097,0.6315921647413361,0.8224329627207325,0.9223278460468352,0.7144886363636364,0.9431942996316038,3610.541,10,2026-09-18T18:12:31.490599+00:00
Llama-3.1-8B-Instruct,belief_bank_facts,mlp,19,27416,belief_bank_constraints,511,2760,25878,1380,1380,3058,22820,4.5354,4097,0.4559386973180077,0.15565729234793982,0.8782749826107118,0.23208191126279865,0.9416540801300477,3616.519,10,2026-09-18T18:12:31.490599+00:00
Llama-3.1-8B-Instruct,belief_bank_facts,mlp,19,27416,belief_bank_constraints,mean,0,0,0,0,0,0,4.409509999999999,4097.0,0.5589920503746633,0.7986592544146501,0.900011592858799,0.6358308507388002,0.9467141179097197,5900.535,10,2026-09-18T18:12:31.490599+00:00
Llama-3.1-8B-Instruct,belief_bank_facts,mlp,19,27416,belief_bank_constraints,std,0,0,0,0,0,0,0.4463784167049299,0.0,0.08024060577328791,0.2325732891867226,0.023197399290755594,0.1418536510519231,0.005507771228563888,5900.535,10,2026-09-18T18:12:31.490599+00:00
Llama-3.1-8B-Instruct,belief_bank_facts,mlp,19,27416,halu_eval,2,2760,10000,1380,1380,1912,8088,4.6973,4097,0.18971061093247588,0.5862970711297071,0.4421,0.28666410944891957,0.4972184242164641,3621.927,10,2026-09-18T18:12:31.490599+00:00
Llama-3.1-8B-Instruct,belief_bank_facts,mlp,19,27416,halu_eval,4,2760,10000,1380,1380,1912,8088,4.9682,4097,0.1956610724519034,0.5,0.5114,0.2812591938805531,0.5053095991168279,3627.603,10,2026-09-18T18:12:31.490599+00:00
Llama-3.1-8B-Instruct,belief_bank_facts,mlp,19,27416,halu_eval,24,2760,10000,1380,1380,1912,8088,4.9796,4097,0.19375,0.372907949790795,0.5834,0.2550071530758226,0.4975536812116923,3633.287,10,2026-09-18T18:12:31.490599+00:00
Llama-3.1-8B-Instruct,belief_bank_facts,mlp,19,27416,halu_eval,42,2760,10000,1380,1380,1912,8088,4.696,4097,0.18925750394944707,0.3132845188284519,0.6121,0.2359661217254284,0.5045449971857683,3638.692,10,2026-09-18T18:12:31.490599+00:00
Llama-3.1-8B-Instruct,belief_bank_facts,mlp,19,27416,halu_eval,64,2760,10000,1380,1380,1912,8088,5.0091,4097,0.19196254389387438,0.5146443514644351,0.493,0.2796248934356351,0.5010965286658472,3644.414,10,2026-09-18T18:12:31.490599+00:00
Llama-3.1-8B-Instruct,belief_bank_facts,mlp,19,27416,halu_eval,67,2760,10000,1380,1380,1912,8088,4.7083,4097,0.19230769230769232,0.6406903765690377,0.4168,0.2958222651533446,0.5044854404893453,3649.834,10,2026-09-18T18:12:31.490599+00:00
Llama-3.1-8B-Instruct,belief_bank_facts,mlp,19,27416,halu_eval,104,2760,10000,1380,1380,1912,8088,4.7785,4097,0.19743069641649763,0.3054393305439331,0.6298,0.23983572895277208,0.5068722025812299,3655.317,10,2026-09-18T18:12:31.490599+00:00
Llama-3.1-8B-Instruct,belief_bank_facts,mlp,19,27416,halu_eval,123,2760,10000,1380,1380,1912,8088,4.6066,4097,0.19635995955510616,0.5078451882845189,0.5085,0.2832142336298673,0.5042603084170361,3660.626,10,2026-09-18T18:12:31.490599+00:00
Llama-3.1-8B-Instruct,belief_bank_facts,mlp,19,27416,halu_eval,420,2760,10000,1380,1380,1912,8088,4.7681,4097,0.19654691314963377,0.5894351464435147,0.4608,0.29479466387653674,0.5064620308924012,3666.101,10,2026-09-18T18:12:31.490599+00:00
Llama-3.1-8B-Instruct,belief_bank_facts,mlp,19,27416,halu_eval,511,2760,10000,1380,1380,1912,8088,4.7176,4097,0.19447056610870792,0.5407949790794979,0.4839,0.28606999585004844,0.5045213943690534,3671.523,10,2026-09-18T18:12:31.490599+00:00
Llama-3.1-8B-Instruct,belief_bank_facts,mlp,19,27416,halu_eval,mean,0,0,0,0,0,0,4.79293,4097.0,0.19374575587653384,0.4871338912133892,0.51418,0.2738258359028928,0.5032324607145665,5900.535,10,2026-09-18T18:12:31.490599+00:00
Llama-3.1-8B-Instruct,belief_bank_facts,mlp,19,27416,halu_eval,std,0,0,0,0,0,0,0.13387147605072558,0.0,0.002722642229114726,0.11153178604003977,0.06832349229950122,0.02087613328471131,0.0032708142237147762,5900.535,10,2026-09-18T18:12:31.490599+00:00
Llama-3.1-8B-Instruct,belief_bank_facts,mlp,20,27416,belief_bank_facts,2,2760,8225,1380,1380,591,7634,4.8945,4097,0.5387634936211972,0.9289340101522843,0.9377507598784195,0.6819875776397516,0.9565178844132605,3677.932,10,2026-09-18T18:12:31.490599+00:00
Llama-3.1-8B-Instruct,belief_bank_facts,mlp,20,27416,belief_bank_facts,4,2760,8225,1380,1380,591,7634,5.458,4097,0.5265116279069767,0.9576988155668359,0.9350759878419453,0.6794717887154862,0.9676731179020561,3684.054,10,2026-09-18T18:12:31.490599+00:00
Llama-3.1-8B-Instruct,belief_bank_facts,mlp,20,27416,belief_bank_facts,24,2760,8225,1380,1380,591,7634,5.1559,4097,0.5284629981024668,0.9424703891708968,0.9354407294832827,0.6772036474164134,0.9658197120638057,3689.878,10,2026-09-18T18:12:31.490599+00:00
Llama-3.1-8B-Instruct,belief_bank_facts,mlp,20,27416,belief_bank_facts,42,2760,8225,1380,1380,591,7634,5.2082,4097,0.5172093023255814,0.9407783417935702,0.932644376899696,0.6674669867947179,0.9682021874710475,3695.755,10,2026-09-18T18:12:31.490599+00:00
Llama-3.1-8B-Instruct,belief_bank_facts,mlp,20,27416,belief_bank_facts,64,2760,8225,1380,1380,591,7634,5.4893,4097,0.5197066911090742,0.9593908629441624,0.9333738601823708,0.6741973840665874,0.9688141527328761,3701.908,10,2026-09-18T18:12:31.490599+00:00
Llama-3.1-8B-Instruct,belief_bank_facts,mlp,20,27416,belief_bank_facts,67,2760,8225,1380,1380,591,7634,5.1869,4097,0.5241635687732342,0.9543147208121827,0.934468085106383,0.6766646670665867,0.9676830919827454,3707.756,10,2026-09-18T18:12:31.490599+00:00
Llama-3.1-8B-Instruct,belief_bank_facts,mlp,20,27416,belief_bank_facts,104,2760,8225,1380,1380,591,7634,5.0774,4097,0.5424390243902439,0.9407783417935702,0.9387234042553192,0.6881188118811881,0.9631555242886596,3713.497,10,2026-09-18T18:12:31.490599+00:00
Llama-3.1-8B-Instruct,belief_bank_facts,mlp,20,27416,belief_bank_facts,123,2760,8225,1380,1380,591,7634,4.8446,4097,0.5040577096483319,0.9458544839255499,0.9292401215805471,0.6576470588235294,0.9674605591602622,3719.004,10,2026-09-18T18:12:31.490599+00:00
Llama-3.1-8B-Instruct,belief_bank_facts,mlp,20,27416,belief_bank_facts,420,2760,8225,1380,1380,591,7634,4.3374,4097,0.5541211519364448,0.9441624365482234,0.9413981762917933,0.6983729662077597,0.9687412311207275,3724.018,10,2026-09-18T18:12:31.490599+00:00
Llama-3.1-8B-Instruct,belief_bank_facts,mlp,20,27416,belief_bank_facts,511,2760,8225,1380,1380,591,7634,4.3276,4097,0.519589552238806,0.9424703891708968,0.9332522796352584,0.6698737221888154,0.9584774587992891,3729.023,10,2026-09-18T18:12:31.490599+00:00
Llama-3.1-8B-Instruct,belief_bank_facts,mlp,20,27416,belief_bank_facts,mean,0,0,0,0,0,0,4.99798,4097.0,0.5275025120052358,0.9456852791878173,0.9351367781155016,0.6771004610800836,0.9652544919934728,5900.535,10,2026-09-18T18:12:31.490599+00:00
Llama-3.1-8B-Instruct,belief_bank_facts,mlp,20,27416,belief_bank_facts,std,0,0,0,0,0,0,0.38524693846934077,0.0,0.013603355124708585,0.008708703372221838,0.0032724144503760884,0.010656094467292343,0.004208487312171566,5900.535,10,2026-09-18T18:12:31.490599+00:00
Llama-3.1-8B-Instruct,belief_bank_facts,mlp,20,27416,belief_bank_constraints,2,2760,25878,1380,1380,3058,22820,3.9153,4097,0.46627615062761507,0.9110529758011773,0.866257052322436,0.6168493302335879,0.9402949204655079,3734.358,10,2026-09-18T18:12:31.490599+00:00
Llama-3.1-8B-Instruct,belief_bank_facts,mlp,20,27416,belief_bank_constraints,4,2760,25878,1380,1380,3058,22820,4.5306,4097,0.5056120659417748,0.9427730542838456,0.8843032691861813,0.6582191780821918,0.9511314412735606,3740.314,10,2026-09-18T18:12:31.490599+00:00
Llama-3.1-8B-Instruct,belief_bank_facts,mlp,20,27416,belief_bank_constraints,24,2760,25878,1380,1380,3058,22820,4.0377,4097,0.40916410481627874,0.9139960758665795,0.833874333410619,0.5652745474769947,0.9290570730412723,3745.793,10,2026-09-18T18:12:31.490599+00:00
Llama-3.1-8B-Instruct,belief_bank_facts,mlp,20,27416,belief_bank_constraints,42,2760,25878,1380,1380,3058,22820,4.1178,4097,0.4897021276595745,0.9408109875735775,0.8771543395934771,0.6441285122579201,0.944912082444633,3751.349,10,2026-09-18T18:12:31.490599+00:00
Llama-3.1-8B-Instruct,belief_bank_facts,mlp,20,27416,belief_bank_constraints,64,2760,25878,1380,1380,3058,22820,4.0976,4097,0.34185001182872016,0.9450621321124918,0.7784991112141587,0.5020847810979847,0.9416986751607398,3756.884,10,2026-09-18T18:12:31.490599+00:00
Llama-3.1-8B-Instruct,belief_bank_facts,mlp,20,27416,belief_bank_constraints,67,2760,25878,1380,1380,3058,22820,4.0573,4097,0.4455550507345146,0.9620667102681492,0.854045907720844,0.6090466825380395,0.939914573002581,3762.378,10,2026-09-18T18:12:31.490599+00:00
Llama-3.1-8B-Instruct,belief_bank_facts,mlp,20,27416,belief_bank_constraints,104,2760,25878,1380,1380,3058,22820,5.2201,4097,0.5870615416929217,0.9139960758665795,0.9138650591235798,0.7149251822483693,0.9353984090235581,3769.034,10,2026-09-18T18:12:31.490599+00:00
Llama-3.1-8B-Instruct,belief_bank_facts,mlp,20,27416,belief_bank_constraints,123,2760,25878,1380,1380,3058,22820,4.5654,4097,0.425765542839468,0.9002616088947024,0.8447329778189968,0.5781184376312474,0.9268122606527955,3775.034,10,2026-09-18T18:12:31.490599+00:00
Llama-3.1-8B-Instruct,belief_bank_facts,mlp,20,27416,belief_bank_constraints,420,2760,25878,1380,1380,3058,22820,4.8873,4097,0.4106531766106234,0.9025506867233486,0.8354200479171497,0.5644748951835566,0.9410645859855816,3781.369,10,2026-09-18T18:12:31.490599+00:00
Llama-3.1-8B-Instruct,belief_bank_facts,mlp,20,27416,belief_bank_constraints,511,2760,25878,1380,1380,3058,22820,5.2101,4097,0.49564444444444444,0.9117069980379333,0.8799366257052322,0.6421743636991823,0.9121342619952322,3788.014,10,2026-09-18T18:12:31.490599+00:00
Llama-3.1-8B-Instruct,belief_bank_facts,mlp,20,27416,belief_bank_constraints,mean,0,0,0,0,0,0,4.463919999999999,4097.0,0.4577284217195935,0.9244277305428386,0.8568088724012674,0.6095295910449074,0.9362418283045463,5900.535,10,2026-09-18T18:12:31.490599+00:00
Llama-3.1-8B-Instruct,belief_bank_facts,mlp,20,27416,belief_bank_constraints,std,0,0,0,0,0,0,0.47165288465141403,0.0,0.0638162202507818,0.020170224979460298,0.03509815408584063,0.0568462550110576,0.010498810522618564,5900.535,10,2026-09-18T18:12:31.490599+00:00
Llama-3.1-8B-Instruct,belief_bank_facts,mlp,20,27416,halu_eval,2,2760,10000,1380,1380,1912,8088,4.6569,4097,0.18968501211491864,0.28661087866108786,0.6295,0.22828577379712559,0.49938710274842846,3793.376,10,2026-09-18T18:12:31.490599+00:00
Llama-3.1-8B-Instruct,belief_bank_facts,mlp,20,27416,halu_eval,4,2760,10000,1380,1380,1912,8088,5.2515,4097,0.1961904761904762,0.32322175732217573,0.6174,0.24417226392730146,0.4997708910147375,3799.333,10,2026-09-18T18:12:31.490599+00:00
Llama-3.1-8B-Instruct,belief_bank_facts,mlp,20,27416,halu_eval,24,2760,10000,1380,1380,1912,8088,4.9185,4097,0.19909331318473744,0.2756276150627615,0.6495,0.23119105066900636,0.5001851042817709,3804.955,10,2026-09-18T18:12:31.490599+00:00
Llama-3.1-8B-Instruct,belief_bank_facts,mlp,20,27416,halu_eval,42,2760,10000,1380,1380,1912,8088,5.1507,4097,0.19049213257448946,0.2975941422594142,0.6239,0.23229230455194938,0.5034654431483804,3810.807,10,2026-09-18T18:12:31.490599+00:00
Llama-3.1-8B-Instruct,belief_bank_facts,mlp,20,27416,halu_eval,64,2760,10000,1380,1380,1912,8088,5.2111,4097,0.19020338012030938,0.3472803347280335,0.5925,0.24578937627244124,0.5017571488728587,3816.714,10,2026-09-18T18:12:31.490599+00:00
Llama-3.1-8B-Instruct,belief_bank_facts,mlp,20,27416,halu_eval,67,2760,10000,1380,1380,1912,8088,4.7986,4097,0.19893758300132802,0.39173640167364016,0.5821,0.2638717632552404,0.5044802349366178,3822.214,10,2026-09-18T18:12:31.490599+00:00
Llama-3.1-8B-Instruct,belief_bank_facts,mlp,20,27416,halu_eval,104,2760,10000,1380,1380,1912,8088,5.0807,4097,0.1992248062015504,0.2688284518828452,0.6536,0.2288512911843277,0.5092823088288243,3827.997,10,2026-09-18T18:12:31.490599+00:00
Llama-3.1-8B-Instruct,belief_bank_facts,mlp,20,27416,halu_eval,123,2760,10000,1380,1380,1912,8088,4.7484,4097,0.19683191551774715,0.35094142259414224,0.6021,0.25220823153542565,0.5010174430635397,3833.446,10,2026-09-18T18:12:31.490599+00:00
Llama-3.1-8B-Instruct,belief_bank_facts,mlp,20,27416,halu_eval,420,2760,10000,1380,1380,1912,8088,4.8981,4097,0.19044895624821276,0.348326359832636,0.5923,0.24625623960066556,0.5022698473175818,3839.045,10,2026-09-18T18:12:31.490599+00:00
Llama-3.1-8B-Instruct,belief_bank_facts,mlp,20,27416,halu_eval,511,2760,10000,1380,1380,1912,8088,5.0397,4097,0.19756480754124117,0.2630753138075314,0.6548,0.22566173171825932,0.5064121739836691,3844.784,10,2026-09-18T18:12:31.490599+00:00
Llama-3.1-8B-Instruct,belief_bank_facts,mlp,20,27416,halu_eval,mean,0,0,0,0,0,0,4.97542,4097.0,0.19486723826950106,0.3153242677824267,0.6197699999999999,0.23985800265117424,0.5028027698196409,5900.535,10,2026-09-18T18:12:31.490599+00:00
Llama-3.1-8B-Instruct,belief_bank_facts,mlp,20,27416,halu_eval,std,0,0,0,0,0,0,0.19266051904840273,0.0,0.003918844416200104,0.04109324634136719,0.025694943082248692,0.011886439593308918,0.003009006713699254,5900.535,10,2026-09-18T18:12:31.490599+00:00
Llama-3.1-8B-Instruct,belief_bank_facts,mlp,21,27416,belief_bank_facts,2,2760,8225,1380,1380,591,7634,5.0171,4097,0.5009157509157509,0.9255499153976311,0.9283890577507599,0.6500297088532383,0.9496898504198202,3851.327,10,2026-09-18T18:12:31.490599+00:00
Llama-3.1-8B-Instruct,belief_bank_facts,mlp,21,27416,belief_bank_facts,4,2760,8225,1380,1380,591,7634,4.9664,4097,0.5049683830171635,0.9458544839255499,0.929483282674772,0.6584216725559482,0.9646893162523879,3856.974,10,2026-09-18T18:12:31.490599+00:00
Llama-3.1-8B-Instruct,belief_bank_facts,mlp,21,27416,belief_bank_facts,24,2760,8225,1380,1380,591,7634,4.9661,4097,0.4947460595446585,0.9560067681895094,0.9266869300911854,0.6520484708597807,0.9627570043535754,3862.618,10,2026-09-18T18:12:31.490599+00:00
Llama-3.1-8B-Instruct,belief_bank_facts,mlp,21,27416,belief_bank_facts,42,2760,8225,1380,1380,591,7634,5.2983,4097,0.5086916742909423,0.9407783417935702,0.9304559270516717,0.6603325415676959,0.9644313200318994,3868.594,10,2026-09-18T18:12:31.490599+00:00
Llama-3.1-8B-Instruct,belief_bank_facts,mlp,21,27416,belief_bank_facts,64,2760,8225,1380,1380,591,7634,5.5007,4097,0.5132662397072278,0.949238578680203,0.9316717325227963,0.666270783847981,0.9627720762977277,3874.779,10,2026-09-18T18:12:31.490599+00:00
Llama-3.1-8B-Instruct,belief_bank_facts,mlp,21,27416,belief_bank_facts,67,2760,8225,1380,1380,591,7634,5.3588,4097,0.515179392824287,0.9475465313028765,0.9321580547112462,0.6674612634088201,0.9655883133918214,3880.82,10,2026-09-18T18:12:31.490599+00:00
Llama-3.1-8B-Instruct,belief_bank_facts,mlp,21,27416,belief_bank_facts,104,2760,8225,1380,1380,591,7634,5.4701,4097,0.48729184925503943,0.9407783417935702,0.9246200607902736,0.6420323325635104,0.9532095926718434,3886.972,10,2026-09-18T18:12:31.490599+00:00
Llama-3.1-8B-Instruct,belief_bank_facts,mlp,21,27416,belief_bank_facts,123,2760,8225,1380,1380,591,7634,4.513,4097,0.4724540901502504,0.9576988155668359,0.9201215805471125,0.6327557294577977,0.96700884412817,3892.165,10,2026-09-18T18:12:31.490599+00:00
Llama-3.1-8B-Instruct,belief_bank_facts,mlp,21,27416,belief_bank_facts,420,2760,8225,1380,1380,591,7634,5.4637,4097,0.501788908765653,0.949238578680203,0.9286322188449848,0.6565242832065535,0.9657534398387834,3898.315,10,2026-09-18T18:12:31.490599+00:00
Llama-3.1-8B-Instruct,belief_bank_facts,mlp,21,27416,belief_bank_facts,511,2760,8225,1380,1380,591,7634,5.4441,4097,0.48299912816041846,0.937394247038917,0.9234042553191489,0.6375143843498274,0.9574002580848789,3904.447,10,2026-09-18T18:12:31.490599+00:00
Llama-3.1-8B-Instruct,belief_bank_facts,mlp,21,27416,belief_bank_facts,mean,0,0,0,0,0,0,5.19983,4097.0,0.49823014766313917,0.9450084602368867,0.9275623100303951,0.6523391170671152,0.9613300015470909,5900.535,10,2026-09-18T18:12:31.490599+00:00
Llama-3.1-8B-Instruct,belief_bank_facts,mlp,21,27416,belief_bank_facts,std,0,0,0,0,0,0,0.30693266704604777,0.0,0.013100610344784115,0.008929458410801209,0.0036602812634773034,0.011207622406757982,0.00558431204020097,5900.535,10,2026-09-18T18:12:31.490599+00:00
Llama-3.1-8B-Instruct,belief_bank_facts,mlp,21,27416,belief_bank_constraints,2,2760,25878,1380,1380,3058,22820,4.0806,4097,0.4066864155734236,0.9427730542838456,0.8307056186722312,0.5682467724450576,0.9465903000649436,3909.965,10,2026-09-18T18:12:31.490599+00:00
Llama-3.1-8B-Instruct,belief_bank_facts,mlp,21,27416,belief_bank_constraints,4,2760,25878,1380,1380,3058,22820,4.0511,4097,0.49031705227077976,0.9355788096795291,0.8774634824947832,0.6434274148206455,0.917612916279995,3915.451,10,2026-09-18T18:12:31.490599+00:00
Llama-3.1-8B-Instruct,belief_bank_facts,mlp,21,27416,belief_bank_constraints,24,2760,25878,1380,1380,3058,22820,3.9107,4097,0.35004442188094936,0.9018966644865926,0.7905170415024345,0.5043430556825454,0.9276582765338999,3920.795,10,2026-09-18T18:12:31.490599+00:00
Llama-3.1-8B-Instruct,belief_bank_facts,mlp,21,27416,belief_bank_constraints,42,2760,25878,1380,1380,3058,22820,4.5347,4097,0.38919977616116397,0.9097449313276651,0.8206198315171188,0.5451695081324711,0.8956129351956248,3926.789,10,2026-09-18T18:12:31.490599+00:00
Llama-3.1-8B-Instruct,belief_bank_facts,mlp,21,27416,belief_bank_constraints,64,2760,25878,1380,1380,3058,22820,4.339,4097,0.5362455281491244,0.9313276651406148,0.8967076281010897,0.680607002031306,0.9487737799561958,3932.595,10,2026-09-18T18:12:31.490599+00:00
Llama-3.1-8B-Instruct,belief_bank_facts,mlp,21,27416,belief_bank_constraints,67,2760,25878,1380,1380,3058,22820,4.0889,4097,0.4217233009708738,0.9090909090909091,0.8419506917072417,0.5761658031088083,0.9206309981892583,3938.146,10,2026-09-18T18:12:31.490599+00:00
Llama-3.1-8B-Instruct,belief_bank_facts,mlp,21,27416,belief_bank_constraints,104,2760,25878,1380,1380,3058,22820,4.3608,4097,0.5626792298238427,0.8982995421844343,0.9054795579256512,0.6919395465994962,0.918653978100286,3943.967,10,2026-09-18T18:12:31.490599+00:00
Llama-3.1-8B-Instruct,belief_bank_facts,mlp,21,27416,belief_bank_constraints,123,2760,25878,1380,1380,3058,22820,3.6559,4097,0.5804389516300874,0.8907782864617397,0.9110054872864982,0.7028770481228228,0.8975675359640579,3949.086,10,2026-09-18T18:12:31.490599+00:00
Llama-3.1-8B-Instruct,belief_bank_facts,mlp,21,27416,belief_bank_constraints,420,2760,25878,1380,1380,3058,22820,5.2614,4097,0.4384790874524715,0.9427730542838456,0.85056805008115,0.5985674244783556,0.9412291089763836,3955.806,10,2026-09-18T18:12:31.490599+00:00
Llama-3.1-8B-Instruct,belief_bank_facts,mlp,21,27416,belief_bank_constraints,511,2760,25878,1380,1380,3058,22820,4.9696,4097,0.45113279312055565,0.8920863309352518,0.858992194141742,0.5992311916529379,0.9087662051061884,3962.233,10,2026-09-18T18:12:31.490599+00:00
Llama-3.1-8B-Instruct,belief_bank_facts,mlp,21,27416,belief_bank_constraints,mean,0,0,0,0,0,0,4.32527,4097.0,0.46269465570332713,0.9154349247874427,0.8584009583429941,0.6110574767074446,0.9223096034366833,5900.535,10,2026-09-18T18:12:31.490599+00:00
Llama-3.1-8B-Instruct,belief_bank_facts,mlp,21,27416,belief_bank_constraints,std,0,0,0,0,0,0,0.4634263912424497,0.0,0.07325338196788363,0.019636030610226417,0.03734889370831325,0.06319250909530387,0.01795273427679834,5900.535,10,2026-09-18T18:12:31.490599+00:00
Llama-3.1-8B-Instruct,belief_bank_facts,mlp,21,27416,halu_eval,2,2760,10000,1380,1380,1912,8088,4.8487,4097,0.19423240033927056,0.2395397489539749,0.6646,0.21451990632318502,0.496589457649951,3967.799,10,2026-09-18T18:12:31.490599+00:00
Llama-3.1-8B-Instruct,belief_bank_facts,mlp,21,27416,halu_eval,4,2760,10000,1380,1380,1912,8088,4.9894,4097,0.1910891089108911,0.5047071129707112,0.4968,0.27721918988796324,0.5003117835090158,3973.499,10,2026-09-18T18:12:31.490599+00:00
Llama-3.1-8B-Instruct,belief_bank_facts,mlp,21,27416,halu_eval,24,2760,10000,1380,1380,1912,8088,4.8187,4097,0.1854669464847849,0.36976987447698745,0.569,0.24703004891684138,0.49653319888134295,3979.026,10,2026-09-18T18:12:31.490599+00:00
Llama-3.1-8B-Instruct,belief_bank_facts,mlp,21,27416,halu_eval,42,2760,10000,1380,1380,1912,8088,5.1983,4097,0.18889194390981578,0.35930962343096234,0.5825,0.24761218237520274,0.49917619703139937,3984.935,10,2026-09-18T18:12:31.490599+00:00
Llama-3.1-8B-Instruct,belief_bank_facts,mlp,21,27416,halu_eval,64,2760,10000,1380,1380,1912,8088,5.1453,4097,0.18401169875700707,0.3948744769874477,0.5495,0.2510390689941812,0.49412412727776883,3990.805,10,2026-09-18T18:12:31.490599+00:00
Llama-3.1-8B-Instruct,belief_bank_facts,mlp,21,27416,halu_eval,67,2760,10000,1380,1380,1912,8088,5.1652,4097,0.1886919452546556,0.4398535564853556,0.5313,0.26409169414350764,0.5000441986992455,3996.685,10,2026-09-18T18:12:31.490599+00:00
Llama-3.1-8B-Instruct,belief_bank_facts,mlp,21,27416,halu_eval,104,2760,10000,1380,1380,1912,8088,5.4472,4097,0.19491274770777878,0.3446652719665272,0.6025,0.24900812393727564,0.50351746634303,4002.847,10,2026-09-18T18:12:31.490599+00:00
Llama-3.1-8B-Instruct,belief_bank_facts,mlp,21,27416,halu_eval,123,2760,10000,1380,1380,1912,8088,4.4519,4097,0.1767224601012067,0.23744769874476987,0.6427,0.20263334077214906,0.4879573255900575,4008.014,10,2026-09-18T18:12:31.490599+00:00
Llama-3.1-8B-Instruct,belief_bank_facts,mlp,21,27416,halu_eval,420,2760,10000,1380,1380,1912,8088,5.0942,4097,0.18817733990147784,0.399581589958159,0.5556,0.25586068318821165,0.49582773332257307,4013.827,10,2026-09-18T18:12:31.490599+00:00
Llama-3.1-8B-Instruct,belief_bank_facts,mlp,21,27416,halu_eval,511,2760,10000,1380,1380,1912,8088,5.1142,4097,0.19090909090909092,0.41736401673640167,0.5504,0.26198292843072885,0.49848916106924246,4019.658,10,2026-09-18T18:12:31.490599+00:00
Llama-3.1-8B-Instruct,belief_bank_facts,mlp,21,27416,halu_eval,mean,0,0,0,0,0,0,5.02731,4097.0,0.18831056822759792,0.3707112970711297,0.57449,0.24709971669692465,0.4972570649373626,5900.535,10,2026-09-18T18:12:31.490599+00:00
Llama-3.1-8B-Instruct,belief_bank_facts,mlp,21,27416,halu_eval,std,0,0,0,0,0,0,0.2566043898689185,0.0,0.005044614822760412,0.078805965243187,0.048077072498229345,0.021336131583503583,0.004010066028387601,5900.535,10,2026-09-18T18:12:31.490599+00:00
Llama-3.1-8B-Instruct,belief_bank_facts,mlp,22,27416,belief_bank_facts,2,2760,8225,1380,1380,591,7634,5.3699,4097,0.5050136736554239,0.937394247038917,0.929483282674772,0.6563981042654028,0.9526672243286003,4026.547,10,2026-09-18T18:12:31.490599+00:00
Llama-3.1-8B-Instruct,belief_bank_facts,mlp,22,27416,belief_bank_facts,4,2760,8225,1380,1380,591,7634,5.3684,4097,0.49167397020157755,0.949238578680203,0.9258358662613981,0.6478060046189377,0.9521895766867167,4032.587,10,2026-09-18T18:12:31.490599+00:00
Llama-3.1-8B-Instruct,belief_bank_facts,mlp,22,27416,belief_bank_facts,24,2760,8225,1380,1380,591,7634,5.0515,4097,0.5189035916824196,0.9289340101522843,0.9330091185410334,0.6658580958156458,0.9558059566983045,4038.313,10,2026-09-18T18:12:31.490599+00:00
Llama-3.1-8B-Instruct,belief_bank_facts,mlp,22,27416,belief_bank_facts,42,2760,8225,1380,1380,591,7634,5.5334,4097,0.4833190761334474,0.9560067681895094,0.9234042553191489,0.6420454545454546,0.9620639165688099,4044.517,10,2026-09-18T18:12:31.490599+00:00
Llama-3.1-8B-Instruct,belief_bank_facts,mlp,22,27416,belief_bank_facts,64,2760,8225,1380,1380,591,7634,5.2524,4097,0.5013380909901873,0.9509306260575296,0.9285106382978724,0.6565420560747663,0.9570755463468933,4050.441,10,2026-09-18T18:12:31.490599+00:00
Llama-3.1-8B-Instruct,belief_bank_facts,mlp,22,27416,belief_bank_facts,67,2760,8225,1380,1380,591,7634,5.0007,4097,0.5234521575984991,0.9441624365482234,0.9342249240121581,0.6735063367531684,0.9686944637646081,4056.118,10,2026-09-18T18:12:31.490599+00:00
Llama-3.1-8B-Instruct,belief_bank_facts,mlp,22,27416,belief_bank_facts,104,2760,8225,1380,1380,591,7634,5.2831,4097,0.5164319248826291,0.9306260575296108,0.9324012158054711,0.6642512077294686,0.9591517066538645,4062.075,10,2026-09-18T18:12:31.490599+00:00
Llama-3.1-8B-Instruct,belief_bank_facts,mlp,22,27416,belief_bank_facts,123,2760,8225,1380,1380,591,7634,5.1016,4097,0.4741306191687871,0.9458544839255499,0.9207294832826748,0.631638418079096,0.9605318977749819,4067.853,10,2026-09-18T18:12:31.490599+00:00
Llama-3.1-8B-Instruct,belief_bank_facts,mlp,22,27416,belief_bank_facts,420,2760,8225,1380,1380,591,7634,5.9163,4097,0.5223463687150838,0.949238578680203,0.9339817629179331,0.6738738738738739,0.9689291871301555,4074.445,10,2026-09-18T18:12:31.490599+00:00
Llama-3.1-8B-Instruct,belief_bank_facts,mlp,22,27416,belief_bank_facts,511,2760,8225,1380,1380,591,7634,5.4543,4097,0.5147058823529411,0.9475465313028765,0.9320364741641337,0.6670637284097677,0.9558285646145328,4080.573,10,2026-09-18T18:12:31.490599+00:00
Llama-3.1-8B-Instruct,belief_bank_facts,mlp,22,27416,belief_bank_facts,mean,0,0,0,0,0,0,5.3331599999999995,4097.0,0.5051315355380996,0.9439932318104907,0.9293617021276596,0.6578983280165582,0.9592938040567468,5900.535,10,2026-09-18T18:12:31.490599+00:00
Llama-3.1-8B-Instruct,belief_bank_facts,mlp,22,27416,belief_bank_facts,std,0,0,0,0,0,0,0.2549362908649923,0.0,0.016350481642653392,0.008441603846542429,0.004448253239559456,0.013165831360956538,0.005602810341644865,5900.535,10,2026-09-18T18:12:31.490599+00:00
Llama-3.1-8B-Instruct,belief_bank_facts,mlp,22,27416,belief_bank_constraints,2,2760,25878,1380,1380,3058,22820,5.714,4097,0.4028129395218003,0.9365598430346632,0.8284256897750986,0.5633359559402046,0.943591069300563,4087.699,10,2026-09-18T18:12:31.490599+00:00
Llama-3.1-8B-Instruct,belief_bank_facts,mlp,22,27416,belief_bank_constraints,4,2760,25878,1380,1380,3058,22820,5.3924,4097,0.39290205393321226,0.9195552648790059,0.8225906175129454,0.5505628976994615,0.9478596821371681,4094.502,10,2026-09-18T18:12:31.490599+00:00
Llama-3.1-8B-Instruct,belief_bank_facts,mlp,22,27416,belief_bank_constraints,24,2760,25878,1380,1380,3058,22820,4.4115,4097,0.40507042253521125,0.9404839764551994,0.8297395471056496,0.5662531994487103,0.9373166258643153,4100.337,10,2026-09-18T18:12:31.490599+00:00
Llama-3.1-8B-Instruct,belief_bank_facts,mlp,22,27416,belief_bank_constraints,42,2760,25878,1380,1380,3058,22820,4.2715,4097,0.39509150234075757,0.9107259646827992,0.8246773320967618,0.5511031958048876,0.9443134170856288,4106.03,10,2026-09-18T18:12:31.490599+00:00
Llama-3.1-8B-Instruct,belief_bank_facts,mlp,22,27416,belief_bank_constraints,64,2760,25878,1380,1380,3058,22820,4.2624,4097,0.3885367498314228,0.9421190320470896,0.8179534739933534,0.550176644705433,0.9345957557911921,4111.727,10,2026-09-18T18:12:31.490599+00:00
Llama-3.1-8B-Instruct,belief_bank_facts,mlp,22,27416,belief_bank_constraints,67,2760,25878,1380,1380,3058,22820,4.3239,4097,0.39983223822172514,0.935251798561151,0.826454903779272,0.560180197825874,0.9495740114147229,4117.493,10,2026-09-18T18:12:31.490599+00:00
Llama-3.1-8B-Instruct,belief_bank_facts,mlp,22,27416,belief_bank_constraints,104,2760,25878,1380,1380,3058,22820,4.274,4097,0.5756964069438837,0.9326357096141269,0.9108122729731819,0.7119321018472291,0.9429394545076231,4123.216,10,2026-09-18T18:12:31.490599+00:00
Llama-3.1-8B-Instruct,belief_bank_facts,mlp,22,27416,belief_bank_constraints,123,2760,25878,1380,1380,3058,22820,3.8715,4097,0.3967050590465082,0.8897972531066056,0.8270731895818842,0.5487546637087829,0.9406506274543746,4128.545,10,2026-09-18T18:12:31.490599+00:00
Llama-3.1-8B-Instruct,belief_bank_facts,mlp,22,27416,belief_bank_constraints,420,2760,25878,1380,1380,3058,22820,5.5254,4097,0.42592592592592593,0.9401569653368215,0.8431872633124662,0.5862561174551386,0.9613511692438735,4135.521,10,2026-09-18T18:12:31.490599+00:00
Llama-3.1-8B-Instruct,belief_bank_facts,mlp,22,27416,belief_bank_constraints,511,2760,25878,1380,1380,3058,22820,5.4271,4097,0.3635788407997975,0.9395029431000654,0.7985161140737306,0.5242700729927007,0.9192957338375972,4142.402,10,2026-09-18T18:12:31.490599+00:00
Llama-3.1-8B-Instruct,belief_bank_facts,mlp,22,27416,belief_bank_constraints,mean,0,0,0,0,0,0,4.74737,4097.0,0.4146152139100245,0.9286788750817527,0.8329430404204343,0.5712825047428423,0.9421487546637058,5900.535,10,2026-09-18T18:12:31.490599+00:00
Llama-3.1-8B-Instruct,belief_bank_facts,mlp,22,27416,belief_bank_constraints,std,0,0,0,0,0,0,0.6451985648620122,0.0,0.0556616780151672,0.016146834187725438,0.02803778936850815,0.04921164224617873,0.010338158946379385,5900.535,10,2026-09-18T18:12:31.490599+00:00
Llama-3.1-8B-Instruct,belief_bank_facts,mlp,22,27416,halu_eval,2,2760,10000,1380,1380,1912,8088,5.4938,4097,0.1881686595342983,0.3127615062761506,0.6106,0.23497053045186642,0.4914599835905458,4148.605,10,2026-09-18T18:12:31.490599+00:00
Llama-3.1-8B-Instruct,belief_bank_facts,mlp,22,27416,halu_eval,4,2760,10000,1380,1380,1912,8088,5.1809,4097,0.18414201183431952,0.40690376569037656,0.5419,0.2535440769105426,0.4890662376515237,4154.495,10,2026-09-18T18:12:31.490599+00:00
Llama-3.1-8B-Instruct,belief_bank_facts,mlp,22,27416,halu_eval,24,2760,10000,1380,1380,1912,8088,4.888,4097,0.18379850238257317,0.2824267782426778,0.623,0.22268041237113403,0.4919543817691585,4160.09,10,2026-09-18T18:12:31.490599+00:00
Llama-3.1-8B-Instruct,belief_bank_facts,mlp,22,27416,halu_eval,42,2760,10000,1380,1380,1912,8088,5.2716,4097,0.18127564341663557,0.25418410041841005,0.6379,0.2116263879817113,0.48890577083048803,4166.063,10,2026-09-18T18:12:31.490599+00:00
Llama-3.1-8B-Instruct,belief_bank_facts,mlp,22,27416,halu_eval,64,2760,10000,1380,1380,1912,8088,5.1201,4097,0.1852607709750567,0.4273012552301255,0.5312,0.2584625118633344,0.4862512945983305,4171.879,10,2026-09-18T18:12:31.490599+00:00
Llama-3.1-8B-Instruct,belief_bank_facts,mlp,22,27416,halu_eval,67,2760,10000,1380,1380,1912,8088,5.0195,4097,0.18665919282511212,0.348326359832636,0.5852,0.24306569343065693,0.49088831043666115,4177.604,10,2026-09-18T18:12:31.490599+00:00
Llama-3.1-8B-Instruct,belief_bank_facts,mlp,22,27416,halu_eval,104,2760,10000,1380,1380,1912,8088,4.2799,4097,0.18874264911789415,0.35251046025104604,0.5865,0.24585081159948932,0.48914577591059016,4182.592,10,2026-09-18T18:12:31.490599+00:00
Llama-3.1-8B-Instruct,belief_bank_facts,mlp,22,27416,halu_eval,123,2760,10000,1380,1380,1912,8088,4.0183,4097,0.18360886387618713,0.2730125523012552,0.6289,0.2195583596214511,0.5005871281489391,4187.322,10,2026-09-18T18:12:31.490599+00:00
Llama-3.1-8B-Instruct,belief_bank_facts,mlp,22,27416,halu_eval,420,2760,10000,1380,1380,1912,8088,5.7145,4097,0.1838474025974026,0.47384937238493724,0.4972,0.2649122807017544,0.4884884536313936,4193.751,10,2026-09-18T18:12:31.490599+00:00
Llama-3.1-8B-Instruct,belief_bank_facts,mlp,22,27416,halu_eval,511,2760,10000,1380,1380,1912,8088,5.2766,4097,0.1834625322997416,0.29707112970711297,0.6128,0.2268370607028754,0.49231288592221967,4199.743,10,2026-09-18T18:12:31.490599+00:00
Llama-3.1-8B-Instruct,belief_bank_facts,mlp,22,27416,halu_eval,mean,0,0,0,0,0,0,5.02632,4097.0,0.18489662288592207,0.34283472803347276,0.58552,0.2381508125634816,0.49090602224898505,5900.535,10,2026-09-18T18:12:31.490599+00:00
Llama-3.1-8B-Instruct,belief_bank_facts,mlp,22,27416,halu_eval,std,0,0,0,0,0,0,0.49396835485686746,0.0,0.0022009088875536704,0.06921701138328856,0.0447864890340826,0.016958221590411042,0.0036756595217401463,5900.535,10,2026-09-18T18:12:31.490599+00:00
Llama-3.1-8B-Instruct,belief_bank_facts,mlp,23,27416,belief_bank_facts,2,2760,8225,1380,1380,591,7634,5.5538,4097,0.5054945054945055,0.934010152284264,0.9296048632218845,0.6559714795008913,0.9522323544105605,4206.942,10,2026-09-18T18:12:31.490599+00:00
Llama-3.1-8B-Instruct,belief_bank_facts,mlp,23,27416,belief_bank_facts,4,2760,8225,1380,1380,591,7634,5.5266,4097,0.47297297297297297,0.9475465313028765,0.9203647416413374,0.6309859154929578,0.9564429679849743,4213.141,10,2026-09-18T18:12:31.490599+00:00
Llama-3.1-8B-Instruct,belief_bank_facts,mlp,23,27416,belief_bank_facts,24,2760,8225,1380,1380,591,7634,5.4192,4097,0.5157407407407407,0.9424703891708968,0.9322796352583587,0.6666666666666666,0.95767598600437,4219.229,10,2026-09-18T18:12:31.490599+00:00
Llama-3.1-8B-Instruct,belief_bank_facts,mlp,23,27416,belief_bank_facts,42,2760,8225,1380,1380,591,7634,5.3494,4097,0.49601417183348095,0.9475465313028765,0.9270516717325228,0.6511627906976745,0.9592006904723592,4225.244,10,2026-09-18T18:12:31.490599+00:00
Llama-3.1-8B-Instruct,belief_bank_facts,mlp,23,27416,belief_bank_facts,64,2760,8225,1380,1380,591,7634,5.4899,4097,0.4864154250657318,0.9390862944162437,0.9243768996960486,0.640877598152425,0.9532044948083802,4231.401,10,2026-09-18T18:12:31.490599+00:00
Llama-3.1-8B-Instruct,belief_bank_facts,mlp,23,27416,belief_bank_facts,67,2760,8225,1380,1380,591,7634,5.488,4097,0.5077062556663645,0.9475465313028765,0.9302127659574468,0.6611570247933884,0.9585486072415371,4237.555,10,2026-09-18T18:12:31.490599+00:00
Llama-3.1-8B-Instruct,belief_bank_facts,mlp,23,27416,belief_bank_facts,104,2760,8225,1380,1380,591,7634,5.4696,4097,0.5059687786960514,0.9323181049069373,0.9297264437689969,0.655952380952381,0.9550313030981268,4243.693,10,2026-09-18T18:12:31.490599+00:00
Llama-3.1-8B-Instruct,belief_bank_facts,mlp,23,27416,belief_bank_facts,123,2760,8225,1380,1380,591,7634,5.1164,4097,0.47163420829805247,0.9424703891708968,0.92,0.628668171557562,0.9587425476993785,4249.48,10,2026-09-18T18:12:31.490599+00:00
Llama-3.1-8B-Instruct,belief_bank_facts,mlp,23,27416,belief_bank_facts,420,2760,8225,1380,1380,591,7634,5.3995,4097,0.5223048327137546,0.9509306260575296,0.9339817629179331,0.6742651469706059,0.9638475038422375,4255.551,10,2026-09-18T18:12:31.490599+00:00
Llama-3.1-8B-Instruct,belief_bank_facts,mlp,23,27416,belief_bank_facts,511,2760,8225,1380,1380,591,7634,5.4908,4097,0.49638336347197104,0.9289340101522843,0.9271732522796352,0.6470241602828521,0.9475265831414985,4261.724,10,2026-09-18T18:12:31.490599+00:00
Llama-3.1-8B-Instruct,belief_bank_facts,mlp,23,27416,belief_bank_facts,mean,0,0,0,0,0,0,5.43032,4097.0,0.49806352549536265,0.9412859560067682,0.9274772036474165,0.6512731335067404,0.956245303870342,5900.535,10,2026-09-18T18:12:31.490599+00:00
Llama-3.1-8B-Instruct,belief_bank_facts,mlp,23,27416,belief_bank_facts,std,0,0,0,0,0,0,0.11948305151777813,0.0,0.016067250304340225,0.007100553386922943,0.004458957241678196,0.013985504240931347,0.004277794784148771,5900.535,10,2026-09-18T18:12:31.490599+00:00
Llama-3.1-8B-Instruct,belief_bank_facts,mlp,23,27416,belief_bank_constraints,2,2760,25878,1380,1380,3058,22820,5.5694,4097,0.3974179062587707,0.9260954872465664,0.8253342607620372,0.5561665357423409,0.9248656417070152,4268.706,10,2026-09-18T18:12:31.490599+00:00
Llama-3.1-8B-Instruct,belief_bank_facts,mlp,23,27416,belief_bank_constraints,4,2760,25878,1380,1380,3058,22820,5.4601,4097,0.4629965386517224,0.9185742315238719,0.8644794806399259,0.6156712328767123,0.9170824474990956,4275.585,10,2026-09-18T18:12:31.490599+00:00
Llama-3.1-8B-Instruct,belief_bank_facts,mlp,23,27416,belief_bank_constraints,24,2760,25878,1380,1380,3058,22820,5.4697,4097,0.4461156768491239,0.9408109875735775,0.8549733364247624,0.6052382455033134,0.9312448519393394,4282.481,10,2026-09-18T18:12:31.490599+00:00
Llama-3.1-8B-Instruct,belief_bank_facts,mlp,23,27416,belief_bank_constraints,42,2760,25878,1380,1380,3058,22820,5.5595,4097,0.5448548812664907,0.9453891432308699,0.9002241286034469,0.6912960306073649,0.9335750426031576,4289.448,10,2026-09-18T18:12:31.490599+00:00
Llama-3.1-8B-Instruct,belief_bank_facts,mlp,23,27416,belief_bank_constraints,64,2760,25878,1380,1380,3058,22820,5.5803,4097,0.4786369140287148,0.9048397645519948,0.8722853388979056,0.6260889240864351,0.9082930420861304,4296.429,10,2026-09-18T18:12:31.490599+00:00
Llama-3.1-8B-Instruct,belief_bank_facts,mlp,23,27416,belief_bank_constraints,67,2760,25878,1380,1380,3058,22820,5.4492,4097,0.3663876368319382,0.9303466317854807,0.8016461859494551,0.525732236902892,0.9160781565170937,4303.286,10,2026-09-18T18:12:31.490599+00:00
Llama-3.1-8B-Instruct,belief_bank_facts,mlp,23,27416,belief_bank_constraints,104,2760,25878,1380,1380,3058,22820,5.5206,4097,0.6024043715846995,0.9012426422498365,0.9180384882912126,0.7221276038254946,0.9248715743364198,4310.216,10,2026-09-18T18:12:31.490599+00:00
Llama-3.1-8B-Instruct,belief_bank_facts,mlp,23,27416,belief_bank_constraints,123,2760,25878,1380,1380,3058,22820,5.1984,4097,0.43280632411067194,0.9310006540222368,0.8476698353814051,0.5909090909090909,0.925591614987828,4316.824,10,2026-09-18T18:12:31.490599+00:00
Llama-3.1-8B-Instruct,belief_bank_facts,mlp,23,27416,belief_bank_constraints,420,2760,25878,1380,1380,3058,22820,5.6717,4097,0.44320151252560264,0.9198822759973839,0.8539686219955174,0.5981924508240297,0.9378675435876301,4323.901,10,2026-09-18T18:12:31.490599+00:00
Llama-3.1-8B-Instruct,belief_bank_facts,mlp,23,27416,belief_bank_constraints,511,2760,25878,1380,1380,3058,22820,5.2579,4097,0.4710095497953615,0.9032047089601046,0.8686915526702218,0.6191436897556601,0.9206400332685809,4330.568,10,2026-09-18T18:12:31.490599+00:00
Llama-3.1-8B-Instruct,belief_bank_facts,mlp,23,27416,belief_bank_constraints,mean,0,0,0,0,0,0,5.47368,4097.0,0.46458313119030964,0.9221386527141924,0.860731122961589,0.6150566041033334,0.9240109948532291,5900.535,10,2026-09-18T18:12:31.490599+00:00
Llama-3.1-8B-Instruct,belief_bank_facts,mlp,23,27416,belief_bank_constraints,std,0,0,0,0,0,0,0.1387257135501562,0.0,0.06452990129801331,0.014707104646632536,0.03169889357952192,0.054613394153127805,0.008420956789671445,5900.535,10,2026-09-18T18:12:31.490599+00:00
Llama-3.1-8B-Instruct,belief_bank_facts,mlp,23,27416,halu_eval,2,2760,10000,1380,1380,1912,8088,5.199,4097,0.18618988902589395,0.3948744769874477,0.5543,0.253058488352606,0.4980129014936121,4336.452,10,2026-09-18T18:12:31.490599+00:00
Llama-3.1-8B-Instruct,belief_bank_facts,mlp,23,27416,halu_eval,4,2760,10000,1380,1380,1912,8088,5.3897,4097,0.18878101402373246,0.549163179916318,0.4626,0.280974043350281,0.49126760446800677,4342.525,10,2026-09-18T18:12:31.490599+00:00
Llama-3.1-8B-Instruct,belief_bank_facts,mlp,23,27416,halu_eval,24,2760,10000,1380,1380,1912,8088,4.6001,4097,0.1890074211502783,0.426255230125523,0.5406,0.26188946015424164,0.49883010860658283,4347.82,10,2026-09-18T18:12:31.490599+00:00
Llama-3.1-8B-Instruct,belief_bank_facts,mlp,23,27416,halu_eval,42,2760,10000,1380,1380,1912,8088,4.2001,4097,0.19025568753774916,0.4942468619246862,0.5011,0.27474923680767555,0.49859660238423364,4352.725,10,2026-09-18T18:12:31.490599+00:00
Llama-3.1-8B-Instruct,belief_bank_facts,mlp,23,27416,halu_eval,64,2760,10000,1380,1380,1912,8088,4.5021,4097,0.19245773732119636,0.46443514644351463,0.525,0.272142200429053,0.4994329504115814,4357.93,10,2026-09-18T18:12:31.490599+00:00
Llama-3.1-8B-Instruct,belief_bank_facts,mlp,23,27416,halu_eval,67,2760,10000,1380,1380,1912,8088,4.4617,4097,0.19358034475926292,0.5109832635983264,0.4995,0.28078746946400346,0.499029859567767,4363.095,10,2026-09-18T18:12:31.490599+00:00
Llama-3.1-8B-Instruct,belief_bank_facts,mlp,23,27416,halu_eval,104,2760,10000,1380,1380,1912,8088,4.2494,4097,0.19179487179487179,0.48901673640167365,0.5083,0.2755267423014587,0.5007180106175169,4368.04,10,2026-09-18T18:12:31.490599+00:00
Llama-3.1-8B-Instruct,belief_bank_facts,mlp,23,27416,halu_eval,123,2760,10000,1380,1380,1912,8088,4.0379,4097,0.18978543366576006,0.3284518828451883,0.6035,0.24056694119900401,0.4960467545286369,4372.811,10,2026-09-18T18:12:31.490599+00:00
Llama-3.1-8B-Instruct,belief_bank_facts,mlp,23,27416,halu_eval,420,2760,10000,1380,1380,1912,8088,5.3256,4097,0.19054530375285092,0.48064853556485354,0.5103,0.2729027468448404,0.4997958841343547,4378.892,10,2026-09-18T18:12:31.490599+00:00
Llama-3.1-8B-Instruct,belief_bank_facts,mlp,23,27416,halu_eval,511,2760,10000,1380,1380,1912,8088,5.5365,4097,0.18732551647124512,0.35094142259414224,0.5848,0.24426647251547143,0.49750621691725744,4385.185,10,2026-09-18T18:12:31.490599+00:00
Llama-3.1-8B-Instruct,belief_bank_facts,mlp,23,27416,halu_eval,mean,0,0,0,0,0,0,4.75021,4097.0,0.1899723219502841,0.4489016736401674,0.5290000000000001,0.2656863801418635,0.49792368931295494,5900.535,10,2026-09-18T18:12:31.490599+00:00
Llama-3.1-8B-Instruct,belief_bank_facts,mlp,23,27416,halu_eval,std,0,0,0,0,0,0,0.5279992754729879,0.0,0.002159235136021721,0.06808613082146699,0.04036129333903958,0.014135615003951659,0.002531754851842896,5900.535,10,2026-09-18T18:12:31.490599+00:00
Llama-3.1-8B-Instruct,belief_bank_facts,mlp,24,27416,belief_bank_facts,2,2760,8225,1380,1380,591,7634,5.5047,4097,0.49417040358744396,0.9323181049069373,0.926565349544073,0.6459554513481829,0.9471123263235495,4392.299,10,2026-09-18T18:12:31.490599+00:00
Llama-3.1-8B-Instruct,belief_bank_facts,mlp,24,27416,belief_bank_facts,4,2760,8225,1380,1380,591,7634,5.2221,4097,0.4772344013490725,0.9576988155668359,0.921580547112462,0.6370287000562747,0.9598237380460642,4398.237,10,2026-09-18T18:12:31.490599+00:00
Llama-3.1-8B-Instruct,belief_bank_facts,mlp,24,27416,belief_bank_facts,24,2760,8225,1380,1380,591,7634,5.1721,4097,0.49910071942446044,0.9390862944162437,0.9279027355623101,0.6517909571344686,0.9526067149057539,4404.128,10,2026-09-18T18:12:31.490599+00:00
Llama-3.1-8B-Instruct,belief_bank_facts,mlp,24,27416,belief_bank_facts,42,2760,8225,1380,1380,591,7634,5.3228,4097,0.48017241379310344,0.9424703891708968,0.9225531914893617,0.6362078812107367,0.9560712672446313,4410.169,10,2026-09-18T18:12:31.490599+00:00
Llama-3.1-8B-Instruct,belief_bank_facts,mlp,24,27416,belief_bank_facts,64,2760,8225,1380,1380,591,7634,5.1813,4097,0.4777397260273973,0.9441624365482234,0.9218237082066869,0.6344513928368392,0.9507537523599782,4416.068,10,2026-09-18T18:12:31.490599+00:00
Llama-3.1-8B-Instruct,belief_bank_facts,mlp,24,27416,belief_bank_facts,67,2760,8225,1380,1380,591,7634,5.2514,4097,0.4932855863921218,0.9323181049069373,0.926322188449848,0.6451990632318502,0.9571908023904102,4422.038,10,2026-09-18T18:12:31.490599+00:00
Llama-3.1-8B-Instruct,belief_bank_facts,mlp,24,27416,belief_bank_facts,104,2760,8225,1380,1380,591,7634,4.3818,4097,0.5027726432532348,0.9204737732656514,0.9288753799392098,0.6503287507471608,0.9527638620881647,4427.14,10,2026-09-18T18:12:31.490599+00:00
Llama-3.1-8B-Instruct,belief_bank_facts,mlp,24,27416,belief_bank_facts,123,2760,8225,1380,1380,591,7634,4.3615,4097,0.4603434178250204,0.9526226734348562,0.9163525835866262,0.6207276736493936,0.9589637506444364,4432.225,10,2026-09-18T18:12:31.490599+00:00
Llama-3.1-8B-Instruct,belief_bank_facts,mlp,24,27416,belief_bank_facts,420,2760,8225,1380,1380,591,7634,5.3319,4097,0.4780361757105943,0.9390862944162437,0.9219452887537994,0.6335616438356164,0.960890743033548,4438.274,10,2026-09-18T18:12:31.490599+00:00
Llama-3.1-8B-Instruct,belief_bank_facts,mlp,24,27416,belief_bank_facts,511,2760,8225,1380,1380,591,7634,5.5132,4097,0.47766323024054985,0.9407783417935702,0.9218237082066869,0.6336182336182337,0.9505567088548116,4444.51,10,2026-09-18T18:12:31.490599+00:00
Llama-3.1-8B-Instruct,belief_bank_facts,mlp,24,27416,belief_bank_facts,mean,0,0,0,0,0,0,5.12428,4097.0,0.48405187176029985,0.9401015228426395,0.9235744680851063,0.6388869747668756,0.9546733665891349,5900.535,10,2026-09-18T18:12:31.490599+00:00
Llama-3.1-8B-Instruct,belief_bank_facts,mlp,24,27416,belief_bank_facts,std,0,0,0,0,0,0,0.3927939098305878,0.0,0.01226803440515568,0.009987380415142974,0.0035956611767584464,0.008963352802557788,0.004350608391001016,5900.535,10,2026-09-18T18:12:31.490599+00:00
Llama-3.1-8B-Instruct,belief_bank_facts,mlp,24,27416,belief_bank_constraints,2,2760,25878,1380,1380,3058,22820,5.3065,4097,0.4119702927042377,0.9251144538914323,0.8351109050158436,0.5700755667506298,0.9460456732216012,4451.315,10,2026-09-18T18:12:31.490599+00:00
Llama-3.1-8B-Instruct,belief_bank_facts,mlp,24,27416,belief_bank_constraints,4,2760,25878,1380,1380,3058,22820,5.4096,4097,0.4031653477717618,0.9496402877697842,0.8279233325604761,0.5660267030503849,0.935675823933316,4458.215,10,2026-09-18T18:12:31.490599+00:00
Llama-3.1-8B-Instruct,belief_bank_facts,mlp,24,27416,belief_bank_constraints,24,2760,25878,1380,1380,3058,22820,5.141,4097,0.3910891089108911,0.9558534990189667,0.8189195455599351,0.5550702620584884,0.9517219743446739,4464.84,10,2026-09-18T18:12:31.490599+00:00
Llama-3.1-8B-Instruct,belief_bank_facts,mlp,24,27416,belief_bank_constraints,42,2760,25878,1380,1380,3058,22820,5.2009,4097,0.39842671818934583,0.9440810987573578,0.8249478321354046,0.5603649068322981,0.9538500185430495,4471.512,10,2026-09-18T18:12:31.490599+00:00
Llama-3.1-8B-Instruct,belief_bank_facts,mlp,24,27416,belief_bank_constraints,64,2760,25878,1380,1380,3058,22820,5.1712,4097,0.3929205958726254,0.9401569653368215,0.8212767601823943,0.5542168674698795,0.9379936907775985,4478.156,10,2026-09-18T18:12:31.490599+00:00
Llama-3.1-8B-Instruct,belief_bank_facts,mlp,24,27416,belief_bank_constraints,67,2760,25878,1380,1380,3058,22820,5.3642,4097,0.37923866441470705,0.9545454545454546,0.8099930442847206,0.5428172942817294,0.9546563402612306,4485.002,10,2026-09-18T18:12:31.490599+00:00
Llama-3.1-8B-Instruct,belief_bank_facts,mlp,24,27416,belief_bank_constraints,104,2760,25878,1380,1380,3058,22820,5.5145,4097,0.4681721485845197,0.9355788096795291,0.8667980523997217,0.624059330352274,0.9334746321339868,4492.068,10,2026-09-18T18:12:31.490599+00:00
Llama-3.1-8B-Instruct,belief_bank_facts,mlp,24,27416,belief_bank_constraints,123,2760,25878,1380,1380,3058,22820,5.0033,4097,0.3946603956287177,0.9329627207325049,0.822977046139578,0.5546806649168854,0.9288218743784351,4498.563,10,2026-09-18T18:12:31.490599+00:00
Llama-3.1-8B-Instruct,belief_bank_facts,mlp,24,27416,belief_bank_constraints,420,2760,25878,1380,1380,3058,22820,5.2058,4097,0.3907427341227126,0.9496402877697842,0.8190741170105882,0.5536701620591039,0.9412786621949353,4505.26,10,2026-09-18T18:12:31.490599+00:00
Llama-3.1-8B-Instruct,belief_bank_facts,mlp,24,27416,belief_bank_constraints,511,2760,25878,1380,1380,3058,22820,5.7487,4097,0.4293317563571851,0.9496402877697842,0.8448875492696499,0.5913255956017105,0.9489103450726789,4512.539,10,2026-09-18T18:12:31.490599+00:00
Llama-3.1-8B-Instruct,belief_bank_facts,mlp,24,27416,belief_bank_constraints,mean,0,0,0,0,0,0,5.306569999999999,4097.0,0.4059717762556704,0.9437213865271419,0.8291908184558313,0.5672307353373384,0.9432429034861507,5900.535,10,2026-09-18T18:12:31.490599+00:00
Llama-3.1-8B-Instruct,belief_bank_facts,mlp,24,27416,belief_bank_constraints,std,0,0,0,0,0,0,0.20289951232075457,0.0,0.024457552108084493,0.009542283052604263,0.01546930119414899,0.022630468951649177,0.008641214384583417,5900.535,10,2026-09-18T18:12:31.490599+00:00
Llama-3.1-8B-Instruct,belief_bank_facts,mlp,24,27416,halu_eval,2,2760,10000,1380,1380,1912,8088,6.1019,4097,0.1953659820958399,0.3880753138075314,0.5774,0.2598949211908932,0.5068076666604588,4519.37,10,2026-09-18T18:12:31.490599+00:00
Llama-3.1-8B-Instruct,belief_bank_facts,mlp,24,27416,halu_eval,4,2760,10000,1380,1380,1912,8088,5.303,4097,0.19345711759504863,0.5721757322175732,0.4621,0.28915025769789876,0.515602205498926,4525.372,10,2026-09-18T18:12:31.490599+00:00
Llama-3.1-8B-Instruct,belief_bank_facts,mlp,24,27416,halu_eval,24,2760,10000,1380,1380,1912,8088,5.5138,4097,0.19590697674418606,0.5507322175732218,0.4819,0.28900782214903253,0.5119616488500967,4531.592,10,2026-09-18T18:12:31.490599+00:00
Llama-3.1-8B-Instruct,belief_bank_facts,mlp,24,27416,halu_eval,42,2760,10000,1380,1380,1912,8088,5.4934,4097,0.1931778628611208,0.5805439330543933,0.4562,0.2898929224340559,0.5068570385798061,4537.791,10,2026-09-18T18:12:31.490599+00:00
Llama-3.1-8B-Instruct,belief_bank_facts,mlp,24,27416,halu_eval,64,2760,10000,1380,1380,1912,8088,5.4028,4097,0.19119754350051177,0.4884937238493724,0.5071,0.2748271296160071,0.5075686796700727,4543.898,10,2026-09-18T18:12:31.490599+00:00
Llama-3.1-8B-Instruct,belief_bank_facts,mlp,24,27416,halu_eval,67,2760,10000,1380,1380,1912,8088,5.2718,4097,0.19488011537768163,0.5653765690376569,0.4703,0.2898511864861241,0.505076965875371,4549.876,10,2026-09-18T18:12:31.490599+00:00
Llama-3.1-8B-Instruct,belief_bank_facts,mlp,24,27416,halu_eval,104,2760,10000,1380,1380,1912,8088,5.4178,4097,0.20422339538760767,0.3844142259414226,0.5959,0.2667392487751769,0.5241074966684462,4555.999,10,2026-09-18T18:12:31.490599+00:00
Llama-3.1-8B-Instruct,belief_bank_facts,mlp,24,27416,halu_eval,123,2760,10000,1380,1380,1912,8088,5.5475,4097,0.19814174589455488,0.47960251046025104,0.5294,0.28042813455657495,0.51201690530731,4562.25,10,2026-09-18T18:12:31.490599+00:00
Llama-3.1-8B-Instruct,belief_bank_facts,mlp,24,27416,halu_eval,420,2760,10000,1380,1380,1912,8088,5.2778,4097,0.19517205957883924,0.39748953974895396,0.5714,0.2617981398553221,0.5071993764200489,4568.231,10,2026-09-18T18:12:31.490599+00:00
Llama-3.1-8B-Instruct,belief_bank_facts,mlp,24,27416,halu_eval,511,2760,10000,1380,1380,1912,8088,5.8277,4097,0.19638118214716527,0.42573221757322177,0.5571,0.2687799240548126,0.5111690791978611,4574.759,10,2026-09-18T18:12:31.490599+00:00
Llama-3.1-8B-Instruct,belief_bank_facts,mlp,24,27416,halu_eval,mean,0,0,0,0,0,0,5.51575,4097.0,0.1957903981182556,0.48326359832635984,0.52088,0.27703696868158983,0.5108367062728398,5900.535,10,2026-09-18T18:12:31.490599+00:00
Llama-3.1-8B-Instruct,belief_bank_facts,mlp,24,27416,halu_eval,std,0,0,0,0,0,0,0.25022835271007954,0.0,0.0033430799248824945,0.07629102189909748,0.04966438965697656,0.011559367372204053,0.005392108945932641,5900.535,10,2026-09-18T18:12:31.490599+00:00
Llama-3.1-8B-Instruct,belief_bank_facts,mlp,25,27416,belief_bank_facts,2,2760,8225,1380,1380,591,7634,5.0662,4097,0.5009090909090909,0.9323181049069373,0.9283890577507599,0.651685393258427,0.9572626157713708,4581.396,10,2026-09-18T18:12:31.490599+00:00
Llama-3.1-8B-Instruct,belief_bank_facts,mlp,25,27416,belief_bank_facts,4,2760,8225,1380,1380,591,7634,5.292,4097,0.48234280792420325,0.9475465313028765,0.923161094224924,0.639269406392694,0.9605378822233955,4587.366,10,2026-09-18T18:12:31.490599+00:00
Llama-3.1-8B-Instruct,belief_bank_facts,mlp,25,27416,belief_bank_facts,24,2760,8225,1380,1380,591,7634,4.3211,4097,0.4977538185085355,0.937394247038917,0.9275379939209727,0.6502347417840375,0.9544516981869781,4592.385,10,2026-09-18T18:12:31.490599+00:00
Llama-3.1-8B-Instruct,belief_bank_facts,mlp,25,27416,belief_bank_facts,42,2760,8225,1380,1380,591,7634,4.2352,4097,0.4688279301745636,0.9543147208121827,0.9190273556231003,0.6287625418060201,0.9616348094529459,4597.334,10,2026-09-18T18:12:31.490599+00:00
Llama-3.1-8B-Instruct,belief_bank_facts,mlp,25,27416,belief_bank_facts,64,2760,8225,1380,1380,591,7634,4.3186,4097,0.5068243858052776,0.9424703891708968,0.9299696048632219,0.659171597633136,0.9575190604681967,4602.361,10,2026-09-18T18:12:31.490599+00:00
Llama-3.1-8B-Instruct,belief_bank_facts,mlp,25,27416,belief_bank_facts,67,2760,8225,1380,1380,591,7634,4.0622,4097,0.49460431654676257,0.9306260575296108,0.9266869300911854,0.6459189665296535,0.9558730046851582,4607.142,10,2026-09-18T18:12:31.490599+00:00
Llama-3.1-8B-Instruct,belief_bank_facts,mlp,25,27416,belief_bank_facts,104,2760,8225,1380,1380,591,7634,4.6024,4097,0.5050505050505051,0.9306260575296108,0.929483282674772,0.6547619047619048,0.9549920717140836,4612.451,10,2026-09-18T18:12:31.490599+00:00
Llama-3.1-8B-Instruct,belief_bank_facts,mlp,25,27416,belief_bank_facts,123,2760,8225,1380,1380,591,7634,3.8341,4097,0.4535830618892508,0.9424703891708968,0.9142857142857143,0.6124244090159429,0.9527476819128248,4616.994,10,2026-09-18T18:12:31.490599+00:00
Llama-3.1-8B-Instruct,belief_bank_facts,mlp,25,27416,belief_bank_facts,420,2760,8225,1380,1380,591,7634,5.1363,4097,0.4781115879828326,0.9424703891708968,0.9219452887537994,0.6343963553530751,0.9587181666132498,4622.852,10,2026-09-18T18:12:31.490599+00:00
Llama-3.1-8B-Instruct,belief_bank_facts,mlp,25,27416,belief_bank_facts,511,2760,8225,1380,1380,591,7634,5.4166,4097,0.4826689774696707,0.9424703891708968,0.9232826747720365,0.6383954154727793,0.958301914979163,4629.004,10,2026-09-18T18:12:31.490599+00:00
Llama-3.1-8B-Instruct,belief_bank_facts,mlp,25,27416,belief_bank_facts,mean,0,0,0,0,0,0,4.628470000000001,4097.0,0.48706764822606924,0.9402707275803722,0.9243768996960485,0.641502073200767,0.9572038906007367,5900.535,10,2026-09-18T18:12:31.490599+00:00
Llama-3.1-8B-Instruct,belief_bank_facts,mlp,25,27416,belief_bank_facts,std,0,0,0,0,0,0,0.5299473465354837,0.0,0.016285211793831016,0.007260046684576971,0.004773023729986933,0.013268146989709842,0.0026162142714951024,5900.535,10,2026-09-18T18:12:31.490599+00:00
Llama-3.1-8B-Instruct,belief_bank_facts,mlp,25,27416,belief_bank_constraints,2,2760,25878,1380,1380,3058,22820,5.298,4097,0.4176187612748046,0.908436886854153,0.8394775484967927,0.5721936148300721,0.9308690470936135,4635.79,10,2026-09-18T18:12:31.490599+00:00
Llama-3.1-8B-Instruct,belief_bank_facts,mlp,25,27416,belief_bank_constraints,4,2760,25878,1380,1380,3058,22820,5.138,4097,0.4017933390264731,0.9231523871811642,0.8285029755004251,0.5598968663228877,0.9240177485929351,4642.413,10,2026-09-18T18:12:31.490599+00:00
Llama-3.1-8B-Instruct,belief_bank_facts,mlp,25,27416,belief_bank_constraints,24,2760,25878,1380,1380,3058,22820,5.2257,4097,0.4091490268504049,0.9417920209287116,0.832405904629415,0.5704664751906506,0.9485988247088569,4649.098,10,2026-09-18T18:12:31.490599+00:00
Llama-3.1-8B-Instruct,belief_bank_facts,mlp,25,27416,belief_bank_constraints,42,2760,25878,1380,1380,3058,22820,5.3955,4097,0.4150858849887976,0.9087638979725311,0.8378931911275987,0.5698759356095561,0.9381388825677566,4655.939,10,2026-09-18T18:12:31.490599+00:00
Llama-3.1-8B-Instruct,belief_bank_facts,mlp,25,27416,belief_bank_constraints,64,2760,25878,1380,1380,3058,22820,5.3314,4097,0.4192739079102715,0.9290385873119686,0.8395548342221192,0.577791336180598,0.950269626542412,4662.738,10,2026-09-18T18:12:31.490599+00:00
Llama-3.1-8B-Instruct,belief_bank_facts,mlp,25,27416,belief_bank_constraints,67,2760,25878,1380,1380,3058,22820,5.0989,4097,0.4322541046493785,0.921190320470896,0.8477084782440684,0.5884073107049609,0.9349572950993041,4669.261,10,2026-09-18T18:12:31.490599+00:00
Llama-3.1-8B-Instruct,belief_bank_facts,mlp,25,27416,belief_bank_constraints,104,2760,25878,1380,1380,3058,22820,4.6318,4097,0.538504777965149,0.9398299542184434,0.8977123425303346,0.6846932698034545,0.9444212791666118,4675.332,10,2026-09-18T18:12:31.490599+00:00
Llama-3.1-8B-Instruct,belief_bank_facts,mlp,25,27416,belief_bank_constraints,123,2760,25878,1380,1380,3058,22820,4.0995,4097,0.4075352315214265,0.9267495094833225,0.8321354045907721,0.5661206552137436,0.9287242510986828,4680.892,10,2026-09-18T18:12:31.490599+00:00
Llama-3.1-8B-Instruct,belief_bank_facts,mlp,25,27416,belief_bank_constraints,420,2760,25878,1380,1380,3058,22820,5.2818,4097,0.42071246054411543,0.9153041203400916,0.8410619058659865,0.5764596848934198,0.9350156827768602,4687.653,10,2026-09-18T18:12:31.490599+00:00
Llama-3.1-8B-Instruct,belief_bank_facts,mlp,25,27416,belief_bank_constraints,511,2760,25878,1380,1380,3058,22820,5.2633,4097,0.4910242872228089,0.9123610202746893,0.8778885539840792,0.6384439359267735,0.9274092493991423,4694.372,10,2026-09-18T18:12:31.490599+00:00
Llama-3.1-8B-Instruct,belief_bank_facts,mlp,25,27416,belief_bank_constraints,mean,0,0,0,0,0,0,5.07639,4097.0,0.435295178195363,0.9226618705035972,0.847434113919159,0.5904349084676117,0.9362421887046176,5900.535,10,2026-09-18T18:12:31.490599+00:00
Llama-3.1-8B-Instruct,belief_bank_facts,mlp,25,27416,belief_bank_constraints,std,0,0,0,0,0,0,0.3836236709328558,0.0,0.04187364362679483,0.011297039137438195,0.0212855779253943,0.037718288351299,0.008578773174732839,5900.535,10,2026-09-18T18:12:31.490599+00:00
Llama-3.1-8B-Instruct,belief_bank_facts,mlp,25,27416,halu_eval,2,2760,10000,1380,1380,1912,8088,5.1521,4097,0.1877846790890269,0.4743723849372385,0.5072,0.2690596262236725,0.4898178741997029,4700.241,10,2026-09-18T18:12:31.490599+00:00
Llama-3.1-8B-Instruct,belief_bank_facts,mlp,25,27416,halu_eval,4,2760,10000,1380,1380,1912,8088,5.2878,4097,0.18982188295165395,0.3901673640167364,0.565,0.25539198904484767,0.49136069009721517,4706.289,10,2026-09-18T18:12:31.490599+00:00
Llama-3.1-8B-Instruct,belief_bank_facts,mlp,25,27416,halu_eval,24,2760,10000,1380,1380,1912,8088,4.8852,4097,0.19000793021411577,0.6265690376569037,0.4179,0.2915906048436169,0.49100874946715833,4711.929,10,2026-09-18T18:12:31.490599+00:00
Llama-3.1-8B-Instruct,belief_bank_facts,mlp,25,27416,halu_eval,42,2760,10000,1380,1380,1912,8088,5.1969,4097,0.18692372170997484,0.5831589958158996,0.4353,0.28310270407515553,0.48956141181315155,4717.869,10,2026-09-18T18:12:31.490599+00:00
Llama-3.1-8B-Instruct,belief_bank_facts,mlp,25,27416,halu_eval,64,2760,10000,1380,1380,1912,8088,5.2346,4097,0.19029710417450169,0.5292887029288703,0.4794,0.27994467496542186,0.49966053976343905,4723.832,10,2026-09-18T18:12:31.490599+00:00
Llama-3.1-8B-Instruct,belief_bank_facts,mlp,25,27416,halu_eval,67,2760,10000,1380,1380,1912,8088,5.017,4097,0.1902673350041771,0.4764644351464435,0.5122,0.2719402985074627,0.4953909518828452,4729.572,10,2026-09-18T18:12:31.490599+00:00
Llama-3.1-8B-Instruct,belief_bank_facts,mlp,25,27416,halu_eval,104,2760,10000,1380,1380,1912,8088,5.7386,4097,0.18893709327548808,0.4555439330543933,0.522,0.2670959828273536,0.4971648813884095,4736.024,10,2026-09-18T18:12:31.490599+00:00
Llama-3.1-8B-Instruct,belief_bank_facts,mlp,25,27416,halu_eval,123,2760,10000,1380,1380,1912,8088,4.7736,4097,0.1886569515557306,0.5010460251046025,0.4926,0.27410586552217453,0.4974398703694507,4741.511,10,2026-09-18T18:12:31.490599+00:00
Llama-3.1-8B-Instruct,belief_bank_facts,mlp,25,27416,halu_eval,420,2760,10000,1380,1380,1912,8088,5.1557,4097,0.1866469330702187,0.5936192468619247,0.4277,0.2839984986863506,0.48844667987907076,4747.381,10,2026-09-18T18:12:31.490599+00:00
Llama-3.1-8B-Instruct,belief_bank_facts,mlp,25,27416,halu_eval,511,2760,10000,1380,1380,1912,8088,5.5492,4097,0.18387553041018387,0.40794979079497906,0.5406,0.25349366265843354,0.49289872076613317,4753.64,10,2026-09-18T18:12:31.490599+00:00
Llama-3.1-8B-Instruct,belief_bank_facts,mlp,25,27416,halu_eval,mean,0,0,0,0,0,0,5.19907,4097.0,0.18832191614550714,0.5038179916317993,0.48998999999999987,0.27297239073544893,0.4932750369626577,5900.535,10,2026-09-18T18:12:31.490599+00:00
Llama-3.1-8B-Instruct,belief_bank_facts,mlp,25,27416,halu_eval,std,0,0,0,0,0,0,0.2719557796775056,0.0,0.0019516337647262048,0.07492419051617523,0.04710514727712884,0.01166247055925135,0.0036841129731813712,5900.535,10,2026-09-18T18:12:31.490599+00:00
Llama-3.1-8B-Instruct,belief_bank_facts,mlp,26,27416,belief_bank_facts,2,2760,8225,1380,1380,591,7634,5.5504,4097,0.48717948717948717,0.9323181049069373,0.9246200607902736,0.6399535423925667,0.9445563019123193,4760.772,10,2026-09-18T18:12:31.490599+00:00
Llama-3.1-8B-Instruct,belief_bank_facts,mlp,26,27416,belief_bank_facts,4,2760,8225,1380,1380,591,7634,5.111,4097,0.4735071488645921,0.9526226734348562,0.9204863221884498,0.6325842696629214,0.9582183543476132,4766.547,10,2026-09-18T18:12:31.490599+00:00
Llama-3.1-8B-Instruct,belief_bank_facts,mlp,26,27416,belief_bank_facts,24,2760,8225,1380,1380,591,7634,5.1113,4097,0.48761061946902656,0.9323181049069373,0.924741641337386,0.6403253922138291,0.9545392484508036,4772.322,10,2026-09-18T18:12:31.490599+00:00
Llama-3.1-8B-Instruct,belief_bank_facts,mlp,26,27416,belief_bank_facts,42,2760,8225,1380,1380,591,7634,5.564,4097,0.46243739565943237,0.937394247038917,0.9172036474164134,0.6193404136389045,0.9579534870937613,4778.544,10,2026-09-18T18:12:31.490599+00:00
Llama-3.1-8B-Instruct,belief_bank_facts,mlp,26,27416,belief_bank_facts,64,2760,8225,1380,1380,591,7634,5.5337,4097,0.48118985126859143,0.9306260575296108,0.9229179331306991,0.6343713956170703,0.9482378459177416,4784.743,10,2026-09-18T18:12:31.490599+00:00
Llama-3.1-8B-Instruct,belief_bank_facts,mlp,26,27416,belief_bank_facts,67,2760,8225,1380,1380,591,7634,5.2328,4097,0.5027075812274369,0.9424703891708968,0.9288753799392098,0.6556798116539141,0.9613422364194025,4790.64,10,2026-09-18T18:12:31.490599+00:00
Llama-3.1-8B-Instruct,belief_bank_facts,mlp,26,27416,belief_bank_facts,104,2760,8225,1380,1380,591,7634,5.5837,4097,0.5135895032802249,0.9272419627749577,0.9316717325227963,0.661037394451146,0.9544778524430071,4796.887,10,2026-09-18T18:12:31.490599+00:00
Llama-3.1-8B-Instruct,belief_bank_facts,mlp,26,27416,belief_bank_facts,123,2760,8225,1380,1380,591,7634,4.9603,4097,0.43209876543209874,0.9475465313028765,0.9067477203647416,0.59353471118177,0.9550315247443643,4802.523,10,2026-09-18T18:12:31.490599+00:00
Llama-3.1-8B-Instruct,belief_bank_facts,mlp,26,27416,belief_bank_facts,420,2760,8225,1380,1380,591,7634,5.0214,4097,0.4942119323241318,0.9390862944162437,0.926565349544073,0.6476079346557759,0.9623095005999964,4808.234,10,2026-09-18T18:12:31.490599+00:00
Llama-3.1-8B-Instruct,belief_bank_facts,mlp,26,27416,belief_bank_facts,511,2760,8225,1380,1380,591,7634,5.4027,4097,0.4950584007187781,0.9323181049069373,0.9268085106382978,0.6467136150234741,0.9542907830185292,4814.317,10,2026-09-18T18:12:31.490599+00:00
Llama-3.1-8B-Instruct,belief_bank_facts,mlp,26,27416,belief_bank_facts,mean,0,0,0,0,0,0,5.30713,4097.0,0.48295906854238,0.937394247038917,0.9230638297872341,0.6371148480491372,0.9550957134947538,5900.535,10,2026-09-18T18:12:31.490599+00:00
Llama-3.1-8B-Instruct,belief_bank_facts,mlp,26,27416,belief_bank_facts,std,0,0,0,0,0,0,0.2337509445970219,0.0,0.021774010501384347,0.0076797331424096294,0.0066829056693367625,0.01838685561241136,0.0051810087047454555,5900.535,10,2026-09-18T18:12:31.490599+00:00
Llama-3.1-8B-Instruct,belief_bank_facts,mlp,26,27416,belief_bank_constraints,2,2760,25878,1380,1380,3058,22820,5.2221,4097,0.42613636363636365,0.9074558534990189,0.8446556920936703,0.5799373040752351,0.930706616286128,4820.985,10,2026-09-18T18:12:31.490599+00:00
Llama-3.1-8B-Instruct,belief_bank_facts,mlp,26,27416,belief_bank_constraints,4,2760,25878,1380,1380,3058,22820,5.5708,4097,0.3898584581558334,0.9277305428384565,0.8198856171265168,0.5490082244799226,0.9411912490563681,4827.986,10,2026-09-18T18:12:31.490599+00:00
Llama-3.1-8B-Instruct,belief_bank_facts,mlp,26,27416,belief_bank_constraints,24,2760,25878,1380,1380,3058,22820,4.2398,4097,0.49891225525743294,0.8999345977763243,0.881366411623773,0.641940751108001,0.9303940068405797,4833.683,10,2026-09-18T18:12:31.490599+00:00
Llama-3.1-8B-Instruct,belief_bank_facts,mlp,26,27416,belief_bank_constraints,42,2760,25878,1380,1380,3058,22820,4.643,4097,0.4004053271569195,0.9045127534336167,0.8286575469510782,0.5550872968091511,0.9387372183362386,4839.812,10,2026-09-18T18:12:31.490599+00:00
Llama-3.1-8B-Instruct,belief_bank_facts,mlp,26,27416,belief_bank_constraints,64,2760,25878,1380,1380,3058,22820,4.1792,4097,0.42949120603015073,0.894375408763898,0.8471288353041193,0.5803097814555485,0.939835671897507,4845.519,10,2026-09-18T18:12:31.490599+00:00
Llama-3.1-8B-Instruct,belief_bank_facts,mlp,26,27416,belief_bank_constraints,67,2760,25878,1380,1380,3058,22820,4.4905,4097,0.4762235334953141,0.8973185088293002,0.8712419816059974,0.6222222222222222,0.9420542603444136,4851.538,10,2026-09-18T18:12:31.490599+00:00
Llama-3.1-8B-Instruct,belief_bank_facts,mlp,26,27416,belief_bank_constraints,104,2760,25878,1380,1380,3058,22820,4.3191,4097,0.6141442064040543,0.8718116415958143,0.920125202875029,0.7206379240437897,0.9372635474601755,4857.31,10,2026-09-18T18:12:31.490599+00:00
Llama-3.1-8B-Instruct,belief_bank_facts,mlp,26,27416,belief_bank_constraints,123,2760,25878,1380,1380,3058,22820,3.9097,4097,0.39774830351634793,0.8433616742969261,0.8305896900842414,0.5405575351079438,0.8899181411782373,4862.677,10,2026-09-18T18:12:31.490599+00:00
Llama-3.1-8B-Instruct,belief_bank_facts,mlp,26,27416,belief_bank_constraints,420,2760,25878,1380,1380,3058,22820,5.0093,4097,0.40079760717846463,0.9202092871157619,0.8280006182858026,0.5583887290405795,0.9370509759032071,4869.142,10,2026-09-18T18:12:31.490599+00:00
Llama-3.1-8B-Instruct,belief_bank_facts,mlp,26,27416,belief_bank_constraints,511,2760,25878,1380,1380,3058,22820,5.2811,4097,0.583838821490468,0.8812949640287769,0.9117397016771003,0.7023716445139432,0.9214238568510978,4875.88,10,2026-09-18T18:12:31.490599+00:00
Llama-3.1-8B-Instruct,belief_bank_facts,mlp,26,27416,belief_bank_constraints,mean,0,0,0,0,0,0,4.68646,4097.0,0.4617556082321349,0.8948005232177895,0.8583391297627327,0.6050461412856337,0.9308575544153952,5900.535,10,2026-09-18T18:12:31.490599+00:00
Llama-3.1-8B-Instruct,belief_bank_facts,mlp,26,27416,belief_bank_constraints,std,0,0,0,0,0,0,0.5255669571044209,0.0,0.07666298027955323,0.0231823207558787,0.034247499249847865,0.06140367555719642,0.014898020831129507,5900.535,10,2026-09-18T18:12:31.490599+00:00
Llama-3.1-8B-Instruct,belief_bank_facts,mlp,26,27416,halu_eval,2,2760,10000,1380,1380,1912,8088,5.4647,4097,0.20060462103217447,0.4858786610878661,0.5315,0.2839675989607214,0.5142969697345932,4882.065,10,2026-09-18T18:12:31.490599+00:00
Llama-3.1-8B-Instruct,belief_bank_facts,mlp,26,27416,halu_eval,4,2760,10000,1380,1380,1912,8088,5.0447,4097,0.20304167489630653,0.5376569037656904,0.5081,0.2947670250896057,0.5131482562109682,4887.861,10,2026-09-18T18:12:31.490599+00:00
Llama-3.1-8B-Instruct,belief_bank_facts,mlp,26,27416,halu_eval,24,2760,10000,1380,1380,1912,8088,4.8812,4097,0.20286632073140598,0.4293933054393305,0.5683,0.27554958885719083,0.5174377933215798,4893.468,10,2026-09-18T18:12:31.490599+00:00
Llama-3.1-8B-Instruct,belief_bank_facts,mlp,26,27416,halu_eval,42,2760,10000,1380,1380,1912,8088,5.3451,4097,0.19529139328444617,0.5292887029288703,0.493,0.28531153087115874,0.5113836061689615,4899.546,10,2026-09-18T18:12:31.490599+00:00
Llama-3.1-8B-Instruct,belief_bank_facts,mlp,26,27416,halu_eval,64,2760,10000,1380,1380,1912,8088,5.1026,4097,0.19947414548641543,0.5951882845188284,0.4659,0.29880530392543,0.5151271098978185,4905.362,10,2026-09-18T18:12:31.490599+00:00
Llama-3.1-8B-Instruct,belief_bank_facts,mlp,26,27416,halu_eval,67,2760,10000,1380,1380,1912,8088,5.2614,4097,0.20144199257155343,0.48221757322175735,0.5355,0.28417321621205116,0.5132636190192402,4911.331,10,2026-09-18T18:12:31.490599+00:00
Llama-3.1-8B-Instruct,belief_bank_facts,mlp,26,27416,halu_eval,104,2760,10000,1380,1380,1912,8088,4.341,4097,0.20070535428021802,0.3274058577405858,0.6221,0.2488570860663884,0.5108731063427817,4916.386,10,2026-09-18T18:12:31.490599+00:00
Llama-3.1-8B-Instruct,belief_bank_facts,mlp,26,27416,halu_eval,123,2760,10000,1380,1380,1912,8088,4.1307,4097,0.2001984619201191,0.42207112970711297,0.5671,0.27158001009591115,0.5132007320623766,4921.236,10,2026-09-18T18:12:31.490599+00:00
Llama-3.1-8B-Instruct,belief_bank_facts,mlp,26,27416,halu_eval,420,2760,10000,1380,1380,1912,8088,5.142,4097,0.20352353405206416,0.40481171548117156,0.5833,0.27086614173228346,0.5165444105426087,4927.092,10,2026-09-18T18:12:31.490599+00:00
Llama-3.1-8B-Instruct,belief_bank_facts,mlp,26,27416,halu_eval,511,2760,10000,1380,1380,1912,8088,5.0303,4097,0.20282602296143656,0.36035564853556484,0.6069,0.25955923902806555,0.5131961408295362,4932.838,10,2026-09-18T18:12:31.490599+00:00
Llama-3.1-8B-Instruct,belief_bank_facts,mlp,26,27416,halu_eval,mean,0,0,0,0,0,0,4.97437,4097.0,0.20099735212161401,0.45742677824267786,0.54817,0.2773436740838806,0.5138471744130465,5900.535,10,2026-09-18T18:12:31.490599+00:00
Llama-3.1-8B-Instruct,belief_bank_facts,mlp,26,27416,halu_eval,std,0,0,0,0,0,0,0.4042876403008135,0.0,0.0023097940881037526,0.07945805266092132,0.047716497147213155,0.014575147686480262,0.001964514772957015,5900.535,10,2026-09-18T18:12:31.490599+00:00
Llama-3.1-8B-Instruct,belief_bank_facts,mlp,27,27416,belief_bank_facts,2,2760,8225,1380,1380,591,7634,5.1085,4097,0.49327354260089684,0.9306260575296108,0.926322188449848,0.6447831184056272,0.9461592475021577,4939.613,10,2026-09-18T18:12:31.490599+00:00
Llama-3.1-8B-Instruct,belief_bank_facts,mlp,27,27416,belief_bank_facts,4,2760,8225,1380,1380,591,7634,5.6326,4097,0.4956293706293706,0.9593908629441624,0.9269300911854104,0.6536023054755044,0.9633295165851231,4945.93,10,2026-09-18T18:12:31.490599+00:00
Llama-3.1-8B-Instruct,belief_bank_facts,mlp,27,27416,belief_bank_facts,24,2760,8225,1380,1380,591,7634,5.0559,4097,0.4889867841409692,0.9390862944162437,0.9251063829787234,0.6431054461181923,0.9571070201126227,4951.675,10,2026-09-18T18:12:31.490599+00:00
Llama-3.1-8B-Instruct,belief_bank_facts,mlp,27,27416,belief_bank_facts,42,2760,8225,1380,1380,591,7634,5.5296,4097,0.46236559139784944,0.9458544839255499,0.9170820668693009,0.6211111111111111,0.9579477242915854,4957.877,10,2026-09-18T18:12:31.490599+00:00
Llama-3.1-8B-Instruct,belief_bank_facts,mlp,27,27416,belief_bank_facts,64,2760,8225,1380,1380,591,7634,5.458,4097,0.48804251550044286,0.9323181049069373,0.9248632218844984,0.6406976744186047,0.9572329151755417,4964.018,10,2026-09-18T18:12:31.490599+00:00
Llama-3.1-8B-Instruct,belief_bank_facts,mlp,27,27416,belief_bank_facts,67,2760,8225,1380,1380,591,7634,5.4436,4097,0.4911504424778761,0.9390862944162437,0.9257142857142857,0.6449738524113887,0.9571624316720062,4970.155,10,2026-09-18T18:12:31.490599+00:00
Llama-3.1-8B-Instruct,belief_bank_facts,mlp,27,27416,belief_bank_facts,104,2760,8225,1380,1380,591,7634,5.5368,4097,0.49099099099099097,0.922165820642978,0.9257142857142857,0.6407995296884186,0.9523857336069336,4976.408,10,2026-09-18T18:12:31.490599+00:00
Llama-3.1-8B-Instruct,belief_bank_facts,mlp,27,27416,belief_bank_facts,123,2760,8225,1380,1380,591,7634,5.0003,4097,0.4603960396039604,0.9441624365482234,0.9164741641337386,0.6189683860232945,0.9598611962602074,4982.101,10,2026-09-18T18:12:31.490599+00:00
Llama-3.1-8B-Instruct,belief_bank_facts,mlp,27,27416,belief_bank_facts,420,2760,8225,1380,1380,591,7634,5.6494,4097,0.4774083546462063,0.9475465313028765,0.9217021276595745,0.6349206349206349,0.9659360763385105,4988.448,10,2026-09-18T18:12:31.490599+00:00
Llama-3.1-8B-Instruct,belief_bank_facts,mlp,27,27416,belief_bank_facts,511,2760,8225,1380,1380,591,7634,5.3628,4097,0.47746967071057195,0.9323181049069373,0.9218237082066869,0.6315186246418338,0.957035871670375,4994.51,10,2026-09-18T18:12:31.490599+00:00
Llama-3.1-8B-Instruct,belief_bank_facts,mlp,27,27416,belief_bank_facts,mean,0,0,0,0,0,0,5.37775,4097.0,0.48257133026991345,0.9392554991539763,0.9231732522796353,0.637448068321461,0.9574157733215063,5900.535,10,2026-09-18T18:12:31.490599+00:00
Llama-3.1-8B-Instruct,belief_bank_facts,mlp,27,27416,belief_bank_facts,std,0,0,0,0,0,0,0.22729910800528888,0.0,0.012055422775564113,0.010023149387221588,0.003598640430875288,0.010368890833786013,0.005159253182646913,5900.535,10,2026-09-18T18:12:31.490599+00:00
Llama-3.1-8B-Instruct,belief_bank_facts,mlp,27,27416,belief_bank_constraints,2,2760,25878,1380,1380,3058,22820,5.3789,4097,0.46049931600547195,0.8806409417920209,0.8639771234253033,0.6047608353918706,0.9333875055958739,5001.329,10,2026-09-18T18:12:31.490599+00:00
Llama-3.1-8B-Instruct,belief_bank_facts,mlp,27,27416,belief_bank_constraints,4,2760,25878,1380,1380,3058,22820,5.5592,4097,0.5420969023034155,0.8927403531720078,0.8982146997449572,0.6745737583395107,0.9287275971589871,5008.317,10,2026-09-18T18:12:31.490599+00:00
Llama-3.1-8B-Instruct,belief_bank_facts,mlp,27,27416,belief_bank_constraints,24,2760,25878,1380,1380,3058,22820,5.1974,4097,0.6027728873239436,0.89568345323741,0.9179225597032228,0.7205998421468035,0.9314673255420044,5014.982,10,2026-09-18T18:12:31.490599+00:00
Llama-3.1-8B-Instruct,belief_bank_facts,mlp,27,27416,belief_bank_constraints,42,2760,25878,1380,1380,3058,22820,5.6507,4097,0.5527555828723623,0.882275997383911,0.9017312002473143,0.6796825796699836,0.9185956405778094,5022.063,10,2026-09-18T18:12:31.490599+00:00
Llama-3.1-8B-Instruct,belief_bank_facts,mlp,27,27416,belief_bank_constraints,64,2760,25878,1380,1380,3058,22820,5.5201,4097,0.5261927945472249,0.8835840418574231,0.8922250560321509,0.6595874527035274,0.9089350127737823,5029.009,10,2026-09-18T18:12:31.490599+00:00
Llama-3.1-8B-Instruct,belief_bank_facts,mlp,27,27416,belief_bank_constraints,67,2760,25878,1380,1380,3058,22820,5.4449,4097,0.5142568250758341,0.8315892740353172,0.8872787696112528,0.6355116831188304,0.8903082473866337,5035.888,10,2026-09-18T18:12:31.490599+00:00
Llama-3.1-8B-Instruct,belief_bank_facts,mlp,27,27416,belief_bank_constraints,104,2760,25878,1380,1380,3058,22820,5.6643,4097,0.38934426229508196,0.12426422498364945,0.8734832676404668,0.18839861179970252,0.9212503202760078,5042.993,10,2026-09-18T18:12:31.490599+00:00
Llama-3.1-8B-Instruct,belief_bank_facts,mlp,27,27416,belief_bank_constraints,123,2760,25878,1380,1380,3058,22820,5.3121,4097,0.5675616677581314,0.8502289077828646,0.905750057964294,0.6807173713836889,0.8921337633104416,5049.749,10,2026-09-18T18:12:31.490599+00:00
Llama-3.1-8B-Instruct,belief_bank_facts,mlp,27,27416,belief_bank_constraints,420,2760,25878,1380,1380,3058,22820,5.7742,4097,0.5113817891373802,0.8374754741661217,0.8862354123193447,0.6350111579469377,0.9161352473275939,5056.962,10,2026-09-18T18:12:31.490599+00:00
Llama-3.1-8B-Instruct,belief_bank_facts,mlp,27,27416,belief_bank_constraints,511,2760,25878,1380,1380,3058,22820,5.3224,4097,0.5533773705518857,0.8492478744277305,0.9011902001700286,0.6701070829570378,0.8974233329454673,5063.722,10,2026-09-18T18:12:31.490599+00:00
Llama-3.1-8B-Instruct,belief_bank_facts,mlp,27,27416,belief_bank_constraints,mean,0,0,0,0,0,0,5.482419999999999,4097.0,0.5220239397870732,0.7927730542838456,0.8928008346858334,0.6148950375457892,0.91383639928946,5900.535,10,2026-09-18T18:12:31.490599+00:00
Llama-3.1-8B-Instruct,belief_bank_facts,mlp,27,27416,belief_bank_constraints,std,0,0,0,0,0,0,0.17373107263814383,0.0,0.05701281563907562,0.2239334341999019,0.015020421067703852,0.14530741557503624,0.015217539464852157,5900.535,10,2026-09-18T18:12:31.490599+00:00
Llama-3.1-8B-Instruct,belief_bank_facts,mlp,27,27416,halu_eval,2,2760,10000,1380,1380,1912,8088,5.2673,4097,0.19621386543873112,0.40115062761506276,0.5713,0.2635286033327607,0.5066862899838181,5069.707,10,2026-09-18T18:12:31.490599+00:00
Llama-3.1-8B-Instruct,belief_bank_facts,mlp,27,27416,halu_eval,4,2760,10000,1380,1380,1912,8088,5.5685,4097,0.1913546255506608,0.3634937238493724,0.5846,0.25072150072150073,0.5023810392171469,5075.99,10,2026-09-18T18:12:31.490599+00:00
Llama-3.1-8B-Instruct,belief_bank_facts,mlp,27,27416,halu_eval,24,2760,10000,1380,1380,1912,8088,4.4372,4097,0.1849931787175989,0.35460251046025104,0.5779,0.24314147391070468,0.49682959206055566,5081.173,10,2026-09-18T18:12:31.490599+00:00
Llama-3.1-8B-Instruct,belief_bank_facts,mlp,27,27416,halu_eval,42,2760,10000,1380,1380,1912,8088,4.4657,4097,0.19579579579579579,0.3410041841004184,0.6062,0.24876001526135064,0.5030830775175994,5086.365,10,2026-09-18T18:12:31.490599+00:00
Llama-3.1-8B-Instruct,belief_bank_facts,mlp,27,27416,halu_eval,64,2760,10000,1380,1380,1912,8088,4.228,4097,0.19457013574660634,0.4497907949790795,0.5388,0.2716361339229311,0.503393179730082,5091.342,10,2026-09-18T18:12:31.490599+00:00
Llama-3.1-8B-Instruct,belief_bank_facts,mlp,27,27416,halu_eval,67,2760,10000,1380,1380,1912,8088,4.5384,4097,0.1915061988921129,0.3797071129707113,0.5749,0.25460284061020516,0.49963920023051867,5096.612,10,2026-09-18T18:12:31.490599+00:00
Llama-3.1-8B-Instruct,belief_bank_facts,mlp,27,27416,halu_eval,104,2760,10000,1380,1380,1912,8088,4.4913,4097,0.20015591502631067,0.5371338912133892,0.5011,0.2916370864688343,0.5106521775118052,5101.828,10,2026-09-18T18:12:31.490599+00:00
Llama-3.1-8B-Instruct,belief_bank_facts,mlp,27,27416,halu_eval,123,2760,10000,1380,1380,1912,8088,4.1116,4097,0.19054090785539549,0.3666317991631799,0.5811,0.2507601502414595,0.49791687359547077,5106.662,10,2026-09-18T18:12:31.490599+00:00
Llama-3.1-8B-Instruct,belief_bank_facts,mlp,27,27416,halu_eval,420,2760,10000,1380,1380,1912,8088,5.3631,4097,0.19255718675315808,0.5899581589958159,0.4486,0.29034749034749036,0.5043551723406545,5112.759,10,2026-09-18T18:12:31.490599+00:00
Llama-3.1-8B-Instruct,belief_bank_facts,mlp,27,27416,halu_eval,511,2760,10000,1380,1380,1912,8088,5.2533,4097,0.19242310577644411,0.26830543933054396,0.6448,0.22411533420707733,0.4951875796675896,5118.749,10,2026-09-18T18:12:31.490599+00:00
Llama-3.1-8B-Instruct,belief_bank_facts,mlp,27,27416,halu_eval,mean,0,0,0,0,0,0,4.772440000000001,4097.0,0.19301109155528143,0.4051778242677824,0.5629299999999999,0.25892506290243145,0.5020124181855241,5900.535,10,2026-09-18T18:12:31.490599+00:00
Llama-3.1-8B-Instruct,belief_bank_facts,mlp,27,27416,halu_eval,std,0,0,0,0,0,0,0.5032015147036027,0.0,0.003839798584038029,0.0910192269825601,0.0522386073704114,0.019892265499286965,0.004483452548384887,5900.535,10,2026-09-18T18:12:31.490599+00:00
Llama-3.1-8B-Instruct,belief_bank_facts,mlp,28,27416,belief_bank_facts,2,2760,8225,1380,1380,591,7634,5.4102,4097,0.48816827344434705,0.9424703891708968,0.9248632218844984,0.6431870669745958,0.9604598627477838,5125.626,10,2026-09-18T18:12:31.490599+00:00
Llama-3.1-8B-Instruct,belief_bank_facts,mlp,28,27416,belief_bank_facts,4,2760,8225,1380,1380,591,7634,5.3501,4097,0.4904513888888889,0.9560067681895094,0.9254711246200608,0.6483075157773953,0.9643304709938219,5131.639,10,2026-09-18T18:12:31.490599+00:00
Llama-3.1-8B-Instruct,belief_bank_facts,mlp,28,27416,belief_bank_facts,24,2760,8225,1380,1380,591,7634,5.1576,4097,0.4959349593495935,0.9289340101522843,0.9270516717325228,0.6466431095406361,0.9601577589260265,5137.466,10,2026-09-18T18:12:31.490599+00:00
Llama-3.1-8B-Instruct,belief_bank_facts,mlp,28,27416,belief_bank_facts,42,2760,8225,1380,1380,591,7634,5.1937,4097,0.47332768839966133,0.9458544839255499,0.9204863221884498,0.6309255079006773,0.9592215252186874,5143.33,10,2026-09-18T18:12:31.490599+00:00
Llama-3.1-8B-Instruct,belief_bank_facts,mlp,28,27416,belief_bank_facts,64,2760,8225,1380,1380,591,7634,5.5265,4097,0.47844827586206895,0.9390862944162437,0.9220668693009119,0.633923472301542,0.9590045335521425,5149.523,10,2026-09-18T18:12:31.490599+00:00
Llama-3.1-8B-Instruct,belief_bank_facts,mlp,28,27416,belief_bank_facts,67,2760,8225,1380,1380,591,7634,5.8383,4097,0.4924309884238646,0.9357021996615905,0.9260790273556231,0.6452742123687282,0.9608100638030859,5156.024,10,2026-09-18T18:12:31.490599+00:00
Llama-3.1-8B-Instruct,belief_bank_facts,mlp,28,27416,belief_bank_facts,104,2760,8225,1380,1380,591,7634,4.8777,4097,0.4968152866242038,0.9238578680203046,0.9272948328267477,0.6461538461538462,0.957686403377534,5161.585,10,2026-09-18T18:12:31.490599+00:00
Llama-3.1-8B-Instruct,belief_bank_facts,mlp,28,27416,belief_bank_facts,123,2760,8225,1380,1380,591,7634,4.7632,4097,0.47377326565143824,0.9475465313028765,0.9206079027355623,0.631697687535251,0.9609583451359954,5167.038,10,2026-09-18T18:12:31.490599+00:00
Llama-3.1-8B-Instruct,belief_bank_facts,mlp,28,27416,belief_bank_facts,420,2760,8225,1380,1380,591,7634,6.0451,4097,0.4840379637618637,0.949238578680203,0.9236474164133739,0.6411428571428571,0.9660896771811209,5173.769,10,2026-09-18T18:12:31.490599+00:00
Llama-3.1-8B-Instruct,belief_bank_facts,mlp,28,27416,belief_bank_facts,511,2760,8225,1380,1380,591,7634,4.9375,4097,0.4872695346795435,0.9390862944162437,0.9246200607902736,0.6416184971098265,0.962508095628826,5179.391,10,2026-09-18T18:12:31.490599+00:00
Llama-3.1-8B-Instruct,belief_bank_facts,mlp,28,27416,belief_bank_facts,mean,0,0,0,0,0,0,5.30999,4097.0,0.4860657625085474,0.9407783417935702,0.9242188449848024,0.6408873772805356,0.9611226736565024,5900.535,10,2026-09-18T18:12:31.490599+00:00
Llama-3.1-8B-Instruct,belief_bank_facts,mlp,28,27416,belief_bank_facts,std,0,0,0,0,0,0,0.3923486241851753,0.0,0.008087489325668563,0.009143320532051642,0.002345622462041841,0.0061093413410390545,0.002414216760102958,5900.535,10,2026-09-18T18:12:31.490599+00:00
Llama-3.1-8B-Instruct,belief_bank_facts,mlp,28,27416,belief_bank_constraints,2,2760,25878,1380,1380,3058,22820,5.5548,4097,0.5758377425044092,0.854153041203401,0.9084164154880594,0.6879115090861206,0.9140934770309799,5186.459,10,2026-09-18T18:12:31.490599+00:00
Llama-3.1-8B-Instruct,belief_bank_facts,mlp,28,27416,belief_bank_constraints,4,2760,25878,1380,1380,3058,22820,5.5961,4097,0.4464487034949267,0.9064748201438849,0.8561326223046604,0.5982518614438329,0.9345034991049468,5193.52,10,2026-09-18T18:12:31.490599+00:00
Llama-3.1-8B-Instruct,belief_bank_facts,mlp,28,27416,belief_bank_constraints,24,2760,25878,1380,1380,3058,22820,5.1637,4097,0.5143504531722054,0.8907782864617397,0.8877038411005487,0.6521426861383768,0.9263415050765539,5200.148,10,2026-09-18T18:12:31.490599+00:00
Llama-3.1-8B-Instruct,belief_bank_facts,mlp,28,27416,belief_bank_constraints,42,2760,25878,1380,1380,3058,22820,5.1556,4097,0.5706644723307961,0.907128842380641,0.9083777726253961,0.7005935092814749,0.9283343813356615,5206.752,10,2026-09-18T18:12:31.490599+00:00
Llama-3.1-8B-Instruct,belief_bank_facts,mlp,28,27416,belief_bank_constraints,64,2760,25878,1380,1380,3058,22820,5.2796,4097,0.460222554392958,0.9061478090255068,0.8633201947600279,0.6104196497411609,0.9206478288009381,5213.487,10,2026-09-18T18:12:31.490599+00:00
Llama-3.1-8B-Instruct,belief_bank_facts,mlp,28,27416,belief_bank_constraints,67,2760,25878,1380,1380,3058,22820,5.6844,4097,0.5872475054757849,0.7890778286461739,0.9095370585052941,0.6733640295800195,0.9200489628216159,5220.658,10,2026-09-18T18:12:31.490599+00:00
Llama-3.1-8B-Instruct,belief_bank_facts,mlp,28,27416,belief_bank_constraints,104,2760,25878,1380,1380,3058,22820,5.9468,4097,0.4394904458598726,0.36102027468933945,0.8700826957260994,0.3964093357271095,0.8893358980252656,5228.086,10,2026-09-18T18:12:31.490599+00:00
Llama-3.1-8B-Instruct,belief_bank_facts,mlp,28,27416,belief_bank_constraints,123,2760,25878,1380,1380,3058,22820,5.5235,4097,0.39116809116809115,0.8979725310660562,0.8227838318262617,0.5449493947211749,0.9226671582819793,5235.125,10,2026-09-18T18:12:31.490599+00:00
Llama-3.1-8B-Instruct,belief_bank_facts,mlp,28,27416,belief_bank_constraints,420,2760,25878,1380,1380,3058,22820,5.7865,4097,0.4021536252692032,0.9159581425768476,0.8291599041657006,0.5589144966576873,0.9333882794171006,5242.389,10,2026-09-18T18:12:31.490599+00:00
Llama-3.1-8B-Instruct,belief_bank_facts,mlp,28,27416,belief_bank_constraints,511,2760,25878,1380,1380,3058,22820,5.1203,4097,0.5465069860279441,0.8953564421190321,0.8998376999768143,0.6787307882994547,0.9203441756195873,5249.022,10,2026-09-18T18:12:31.490599+00:00
Llama-3.1-8B-Instruct,belief_bank_facts,mlp,28,27416,belief_bank_constraints,mean,0,0,0,0,0,0,5.48113,4097.0,0.4934090579696191,0.8324068018312623,0.8755352036478863,0.6101687260676412,0.9209705165514628,5900.535,10,2026-09-18T18:12:31.490599+00:00
Llama-3.1-8B-Instruct,belief_bank_facts,mlp,28,27416,belief_bank_constraints,std,0,0,0,0,0,0,0.27375223852966013,0.0,0.0705840479453138,0.1611559264992981,0.03089238370021122,0.08797301098396247,0.012135417258285958,5900.535,10,2026-09-18T18:12:31.490599+00:00
Llama-3.1-8B-Instruct,belief_bank_facts,mlp,28,27416,halu_eval,2,2760,10000,1380,1380,1912,8088,5.2033,4097,0.20842042400716632,0.36506276150627615,0.6135,0.2653487930051321,0.5139805949927369,5254.956,10,2026-09-18T18:12:31.490599+00:00
Llama-3.1-8B-Instruct,belief_bank_facts,mlp,28,27416,halu_eval,4,2760,10000,1380,1380,1912,8088,5.4272,4097,0.19649122807017544,0.3514644351464435,0.6012,0.25206301575393847,0.5074240881682248,5261.113,10,2026-09-18T18:12:31.490599+00:00
Llama-3.1-8B-Instruct,belief_bank_facts,mlp,28,27416,halu_eval,24,2760,10000,1380,1380,1912,8088,5.1396,4097,0.19591507659231389,0.38127615062761505,0.5825,0.2588318835434049,0.5099727073840474,5266.972,10,2026-09-18T18:12:31.490599+00:00
Llama-3.1-8B-Instruct,belief_bank_facts,mlp,28,27416,halu_eval,42,2760,10000,1380,1380,1912,8088,5.291,4097,0.19924098671726756,0.4393305439330544,0.5552,0.2741514360313316,0.5088291347478986,5272.985,10,2026-09-18T18:12:31.490599+00:00
Llama-3.1-8B-Instruct,belief_bank_facts,mlp,28,27416,halu_eval,64,2760,10000,1380,1380,1912,8088,5.3409,4097,0.1914989825910016,0.4429916317991632,0.5359,0.2674033149171271,0.5073481388306039,5279.075,10,2026-09-18T18:12:31.490599+00:00
Llama-3.1-8B-Instruct,belief_bank_facts,mlp,28,27416,halu_eval,67,2760,10000,1380,1380,1912,8088,5.4441,4097,0.19713902548055431,0.46129707112970714,0.5378,0.27622925148762917,0.5073930811802392,5285.247,10,2026-09-18T18:12:31.490599+00:00
Llama-3.1-8B-Instruct,belief_bank_facts,mlp,28,27416,halu_eval,104,2760,10000,1380,1380,1912,8088,5.7772,4097,0.2101652634861241,0.35251046025104604,0.6229,0.26333268216448524,0.5152291516643284,5291.753,10,2026-09-18T18:12:31.490599+00:00
Llama-3.1-8B-Instruct,belief_bank_facts,mlp,28,27416,halu_eval,123,2760,10000,1380,1380,1912,8088,5.6962,4097,0.1966501240694789,0.33158995815899583,0.6132,0.2468847352024922,0.5135344694241999,5298.172,10,2026-09-18T18:12:31.490599+00:00
Llama-3.1-8B-Instruct,belief_bank_facts,mlp,28,27416,halu_eval,420,2760,10000,1380,1380,1912,8088,5.644,4097,0.19477751132427393,0.38232217573221755,0.5797,0.2580759046778464,0.5100325550741012,5304.539,10,2026-09-18T18:12:31.490599+00:00
Llama-3.1-8B-Instruct,belief_bank_facts,mlp,28,27416,halu_eval,511,2760,10000,1380,1380,1912,8088,4.9595,4097,0.1922645739910314,0.3587866108786611,0.5892,0.2503649635036496,0.5047069513075831,5310.22,10,2026-09-18T18:12:31.490599+00:00
Llama-3.1-8B-Instruct,belief_bank_facts,mlp,28,27416,halu_eval,mean,0,0,0,0,0,0,5.3923000000000005,4097.0,0.19825631963293874,0.38666317991631793,0.58311,0.26126859802870367,0.5098450872773964,5900.535,10,2026-09-18T18:12:31.490599+00:00
Llama-3.1-8B-Instruct,belief_bank_facts,mlp,28,27416,halu_eval,std,0,0,0,0,0,0,0.24648633633530273,0.0,0.005934571890969088,0.042716423854257606,0.029747754537107502,0.00935409119892756,0.00324491090782739,5900.535,10,2026-09-18T18:12:31.490599+00:00
Llama-3.1-8B-Instruct,belief_bank_facts,mlp,29,27416,belief_bank_facts,2,2760,8225,1380,1380,591,7634,5.4229,4097,0.46446700507614214,0.9289340101522843,0.9179331306990881,0.6192893401015228,0.9503944638089374,5317.256,10,2026-09-18T18:12:31.490599+00:00
Llama-3.1-8B-Instruct,belief_bank_facts,mlp,29,27416,belief_bank_facts,4,2760,8225,1380,1380,591,7634,5.4429,4097,0.4724540901502504,0.9576988155668359,0.9201215805471125,0.6327557294577977,0.9634445509824027,5323.373,10,2026-09-18T18:12:31.490599+00:00
Llama-3.1-8B-Instruct,belief_bank_facts,mlp,29,27416,belief_bank_facts,24,2760,8225,1380,1380,591,7634,4.5133,4097,0.4968152866242038,0.9238578680203046,0.9272948328267477,0.6461538461538462,0.9577085680012872,5328.561,10,2026-09-18T18:12:31.490599+00:00
Llama-3.1-8B-Instruct,belief_bank_facts,mlp,29,27416,belief_bank_facts,42,2760,8225,1380,1380,591,7634,4.2778,4097,0.46851385390428213,0.9441624365482234,0.9190273556231003,0.6262626262626263,0.9581637185500613,5333.571,10,2026-09-18T18:12:31.490599+00:00
Llama-3.1-8B-Instruct,belief_bank_facts,mlp,29,27416,belief_bank_facts,64,2760,8225,1380,1380,591,7634,4.1444,4097,0.4752981260647359,0.9441624365482234,0.9210942249240122,0.6322946175637394,0.9561295602051026,5338.419,10,2026-09-18T18:12:31.490599+00:00
Llama-3.1-8B-Instruct,belief_bank_facts,mlp,29,27416,belief_bank_facts,67,2760,8225,1380,1380,591,7634,4.6871,4097,0.4836206896551724,0.949238578680203,0.9235258358662614,0.6407766990291263,0.9605106197361788,5343.815,10,2026-09-18T18:12:31.490599+00:00
Llama-3.1-8B-Instruct,belief_bank_facts,mlp,29,27416,belief_bank_facts,104,2760,8225,1380,1380,591,7634,4.5973,4097,0.5117591721542804,0.9204737732656514,0.9311854103343465,0.6577992744860943,0.9587383364208655,5349.119,10,2026-09-18T18:12:31.490599+00:00
Llama-3.1-8B-Instruct,belief_bank_facts,mlp,29,27416,belief_bank_facts,123,2760,8225,1380,1380,591,7634,3.6824,4097,0.4478330658105939,0.9441624365482234,0.9123404255319149,0.6075122482308111,0.9576593625365549,5353.514,10,2026-09-18T18:12:31.490599+00:00
Llama-3.1-8B-Instruct,belief_bank_facts,mlp,29,27416,belief_bank_facts,420,2760,8225,1380,1380,591,7634,5.3977,4097,0.4891398783666377,0.9526226734348562,0.9251063829787234,0.6463834672789897,0.9660347089142127,5359.621,10,2026-09-18T18:12:31.490599+00:00
Llama-3.1-8B-Instruct,belief_bank_facts,mlp,29,27416,belief_bank_facts,511,2760,8225,1380,1380,591,7634,5.4884,4097,0.4757446808510638,0.9458544839255499,0.9212158054711246,0.6330690826727067,0.9606342983367223,5365.818,10,2026-09-18T18:12:31.490599+00:00
Llama-3.1-8B-Instruct,belief_bank_facts,mlp,29,27416,belief_bank_facts,mean,0,0,0,0,0,0,4.765420000000001,4097.0,0.4785645848657363,0.9411167512690355,0.9218844984802432,0.634229693123726,0.9589418187492326,5900.535,10,2026-09-18T18:12:31.490599+00:00
Llama-3.1-8B-Instruct,belief_bank_facts,mlp,29,27416,belief_bank_facts,std,0,0,0,0,0,0,0.6089393611846751,0.0,0.016948494735061086,0.011815289509371312,0.004978942363185344,0.013769758062359375,0.0040085886925934995,5900.535,10,2026-09-18T18:12:31.490599+00:00
Llama-3.1-8B-Instruct,belief_bank_facts,mlp,29,27416,belief_bank_constraints,2,2760,25878,1380,1380,3058,22820,5.4872,4097,0.45276580459770116,0.8243950294310006,0.8615039802148543,0.5845119406445629,0.9087691141007997,5372.82,10,2026-09-18T18:12:31.490599+00:00
Llama-3.1-8B-Instruct,belief_bank_facts,mlp,29,27416,belief_bank_constraints,4,2760,25878,1380,1380,3058,22820,5.1752,4097,0.5013840191917328,0.8884892086330936,0.8824097689156812,0.6410286658015808,0.916086288804985,5379.493,10,2026-09-18T18:12:31.490599+00:00
Llama-3.1-8B-Instruct,belief_bank_facts,mlp,29,27416,belief_bank_constraints,24,2760,25878,1380,1380,3058,22820,5.1352,4097,0.3890449438202247,0.9058207979071289,0.8207744029677718,0.5443112595794851,0.9214663596984736,5386.131,10,2026-09-18T18:12:31.490599+00:00
Llama-3.1-8B-Instruct,belief_bank_facts,mlp,29,27416,belief_bank_constraints,42,2760,25878,1380,1380,3058,22820,5.3253,4097,0.5215094339622641,0.9038587311968607,0.8906406986629569,0.6614022493419478,0.9259133383278241,5392.953,10,2026-09-18T18:12:31.490599+00:00
Llama-3.1-8B-Instruct,belief_bank_facts,mlp,29,27416,belief_bank_constraints,64,2760,25878,1380,1380,3058,22820,4.9436,4097,0.47938689217758984,0.8897972531066056,0.872787696112528,0.623082207465079,0.9016135892178616,5399.395,10,2026-09-18T18:12:31.490599+00:00
Llama-3.1-8B-Instruct,belief_bank_facts,mlp,29,27416,belief_bank_constraints,67,2760,25878,1380,1380,3058,22820,5.3665,4097,0.48,0.9378678875081753,0.8725944817992117,0.6350049817336433,0.9276266645037886,5406.259,10,2026-09-18T18:12:31.490599+00:00
Llama-3.1-8B-Instruct,belief_bank_facts,mlp,29,27416,belief_bank_constraints,104,2760,25878,1380,1380,3058,22820,4.5768,4097,0.551702786377709,0.8741007194244604,0.9011902001700286,0.6764519802606606,0.9284130245003264,5412.349,10,2026-09-18T18:12:31.490599+00:00
Llama-3.1-8B-Instruct,belief_bank_facts,mlp,29,27416,belief_bank_constraints,123,2760,25878,1380,1380,3058,22820,3.8226,4097,0.46922163812107853,0.9048397645519948,0.8678027668289667,0.6179787828029034,0.9298074216907248,5417.698,10,2026-09-18T18:12:31.490599+00:00
Llama-3.1-8B-Instruct,belief_bank_facts,mlp,29,27416,belief_bank_constraints,420,2760,25878,1380,1380,3058,22820,5.5766,4097,0.435093593060417,0.9349247874427731,0.8488677641239663,0.5938311351126805,0.9360886718877627,5424.783,10,2026-09-18T18:12:31.490599+00:00
Llama-3.1-8B-Instruct,belief_bank_facts,mlp,29,27416,belief_bank_constraints,511,2760,25878,1380,1380,3058,22820,5.2948,4097,0.5890285714285715,0.8427076520601701,0.9119329159904166,0.6933943226153639,0.9276602970671031,5431.585,10,2026-09-18T18:12:31.490599+00:00
Llama-3.1-8B-Instruct,belief_bank_facts,mlp,29,27416,belief_bank_constraints,mean,0,0,0,0,0,0,5.07038,4097.0,0.4869137682737289,0.8906801831262262,0.8730504675786381,0.6270997525357908,0.922344476979965,5900.535,10,2026-09-18T18:12:31.490599+00:00
Llama-3.1-8B-Instruct,belief_bank_facts,mlp,29,27416,belief_bank_constraints,std,0,0,0,0,0,0,0.4964747099299218,0.0,0.054661215174389634,0.03429754282143747,0.024858457069934004,0.04258822714575396,0.010021567341896347,5900.535,10,2026-09-18T18:12:31.490599+00:00
Llama-3.1-8B-Instruct,belief_bank_facts,mlp,29,27416,halu_eval,2,2760,10000,1380,1380,1912,8088,5.3282,4097,0.1906321650835244,0.3043933054393305,0.6199,0.23444108761329305,0.5014900813850987,5437.658,10,2026-09-18T18:12:31.490599+00:00
Llama-3.1-8B-Instruct,belief_bank_facts,mlp,29,27416,halu_eval,4,2760,10000,1380,1380,1912,8088,5.3177,4097,0.20052168242582327,0.321652719665272,0.6251,0.24703755774251857,0.5082677433689664,5443.72,10,2026-09-18T18:12:31.490599+00:00
Llama-3.1-8B-Instruct,belief_bank_facts,mlp,29,27416,halu_eval,24,2760,10000,1380,1380,1912,8088,5.0964,4097,0.2038809144072302,0.40115062761506276,0.586,0.2703560098695805,0.5083725657412811,5449.559,10,2026-09-18T18:12:31.490599+00:00
Llama-3.1-8B-Instruct,belief_bank_facts,mlp,29,27416,halu_eval,42,2760,10000,1380,1380,1912,8088,5.1671,4097,0.1944216570959803,0.37186192468619245,0.5853,0.2553420721853115,0.5102143614280571,5455.466,10,2026-09-18T18:12:31.490599+00:00
Llama-3.1-8B-Instruct,belief_bank_facts,mlp,29,27416,halu_eval,64,2760,10000,1380,1380,1912,8088,4.9248,4097,0.19421613394216133,0.33368200836820083,0.6079,0.24552626515297288,0.5038669496935384,5461.126,10,2026-09-18T18:12:31.490599+00:00
Llama-3.1-8B-Instruct,belief_bank_facts,mlp,29,27416,halu_eval,67,2760,10000,1380,1380,1912,8088,5.5693,4097,0.19694489907255866,0.3776150627615063,0.5866,0.2588741484403012,0.5051811739277984,5467.43,10,2026-09-18T18:12:31.490599+00:00
Llama-3.1-8B-Instruct,belief_bank_facts,mlp,29,27416,halu_eval,104,2760,10000,1380,1380,1912,8088,5.6388,4097,0.19258789990497308,0.3179916317991632,0.6147,0.23988952456105742,0.5061642797429117,5473.811,10,2026-09-18T18:12:31.490599+00:00
Llama-3.1-8B-Instruct,belief_bank_facts,mlp,29,27416,halu_eval,123,2760,10000,1380,1380,1912,8088,4.5537,4097,0.2021978021978022,0.28870292887029286,0.6462,0.23782852218871176,0.5113725484109937,5479.106,10,2026-09-18T18:12:31.490599+00:00
Llama-3.1-8B-Instruct,belief_bank_facts,mlp,29,27416,halu_eval,420,2760,10000,1380,1380,1912,8088,5.3983,4097,0.20269541778975741,0.39330543933054396,0.5882,0.26752045535396657,0.516796508024699,5485.241,10,2026-09-18T18:12:31.490599+00:00
Llama-3.1-8B-Instruct,belief_bank_facts,mlp,29,27416,halu_eval,511,2760,10000,1380,1380,1912,8088,5.4779,4097,0.19727104532839962,0.44612970711297073,0.547,0.27357280307889675,0.5120427067425681,5491.455,10,2026-09-18T18:12:31.490599+00:00
Llama-3.1-8B-Instruct,belief_bank_facts,mlp,29,27416,halu_eval,mean,0,0,0,0,0,0,5.24722,4097.0,0.19753696172482108,0.3556485355648536,0.60069,0.253038844618661,0.5083768918465912,5900.535,10,2026-09-18T18:12:31.490599+00:00
Llama-3.1-8B-Instruct,belief_bank_facts,mlp,29,27416,halu_eval,std,0,0,0,0,0,0,0.309632778626553,0.0,0.004368192939295202,0.047524547950155566,0.026408500525399007,0.013465473353012703,0.004237526662482308,5900.535,10,2026-09-18T18:12:31.490599+00:00
Llama-3.1-8B-Instruct,belief_bank_facts,mlp,30,27416,belief_bank_facts,2,2760,8225,1380,1380,591,7634,5.5444,4097,0.48236331569664903,0.9255499153976311,0.9232826747720365,0.6342028985507246,0.9539111030136354,5498.464,10,2026-09-18T18:12:31.490599+00:00
Llama-3.1-8B-Instruct,belief_bank_facts,mlp,30,27416,belief_bank_facts,4,2760,8225,1380,1380,591,7634,5.7751,4097,0.49428320140721194,0.9509306260575296,0.926565349544073,0.6504629629629629,0.961796722029464,5504.903,10,2026-09-18T18:12:31.490599+00:00
Llama-3.1-8B-Instruct,belief_bank_facts,mlp,30,27416,belief_bank_facts,24,2760,8225,1380,1380,591,7634,5.5438,4097,0.4872021182700794,0.934010152284264,0.9246200607902736,0.6403712296983759,0.9526076014907039,5511.107,10,2026-09-18T18:12:31.490599+00:00
Llama-3.1-8B-Instruct,belief_bank_facts,mlp,30,27416,belief_bank_facts,42,2760,8225,1380,1380,591,7634,5.5618,4097,0.48398268398268396,0.9458544839255499,0.9236474164133739,0.6403207331042382,0.9646245955510281,5517.326,10,2026-09-18T18:12:31.490599+00:00
Llama-3.1-8B-Instruct,belief_bank_facts,mlp,30,27416,belief_bank_facts,64,2760,8225,1380,1380,591,7634,5.8716,4097,0.49024822695035464,0.9357021996615905,0.9254711246200608,0.6433973240255962,0.9558899606223293,5523.853,10,2026-09-18T18:12:31.490599+00:00
Llama-3.1-8B-Instruct,belief_bank_facts,mlp,30,27416,belief_bank_facts,67,2760,8225,1380,1380,591,7634,5.4493,4097,0.5036429872495446,0.9357021996615905,0.9291185410334346,0.6548253404381291,0.9627341747911096,5529.961,10,2026-09-18T18:12:31.490599+00:00
Llama-3.1-8B-Instruct,belief_bank_facts,mlp,30,27416,belief_bank_facts,104,2760,8225,1380,1380,591,7634,5.6922,4097,0.5121495327102804,0.9272419627749577,0.931306990881459,0.6598434677904876,0.9576859600850589,5536.315,10,2026-09-18T18:12:31.490599+00:00
Llama-3.1-8B-Instruct,belief_bank_facts,mlp,30,27416,belief_bank_facts,123,2760,8225,1380,1380,591,7634,5.5403,4097,0.46319272125723737,0.9475465313028765,0.9173252279635259,0.6222222222222222,0.9606209995624704,5542.517,10,2026-09-18T18:12:31.490599+00:00
Llama-3.1-8B-Instruct,belief_bank_facts,mlp,30,27416,belief_bank_facts,420,2760,8225,1380,1380,591,7634,5.4595,4097,0.4865100087032202,0.9458544839255499,0.9243768996960486,0.6425287356321839,0.9662468243635318,5548.638,10,2026-09-18T18:12:31.490599+00:00
Llama-3.1-8B-Instruct,belief_bank_facts,mlp,30,27416,belief_bank_facts,511,2760,8225,1380,1380,591,7634,5.631,4097,0.4872695346795435,0.9390862944162437,0.9246200607902736,0.6416184971098265,0.9580971138556825,5554.928,10,2026-09-18T18:12:31.490599+00:00
Llama-3.1-8B-Instruct,belief_bank_facts,mlp,30,27416,belief_bank_facts,mean,0,0,0,0,0,0,5.6068999999999996,4097.0,0.48908443309068056,0.9387478849407783,0.9250334346504558,0.6429793411534747,0.9594215055365014,5900.535,10,2026-09-18T18:12:31.490599+00:00
Llama-3.1-8B-Instruct,belief_bank_facts,mlp,30,27416,belief_bank_facts,std,0,0,0,0,0,0,0.12928115872005472,0.0,0.012358715785712286,0.008212968595270124,0.003517945263521753,0.010023547707295235,0.004309792394251605,5900.535,10,2026-09-18T18:12:31.490599+00:00
Llama-3.1-8B-Instruct,belief_bank_facts,mlp,30,27416,belief_bank_constraints,2,2760,25878,1380,1380,3058,22820,5.6412,4097,0.4187444998533294,0.933616742969261,0.8390138341448334,0.5781692993114621,0.9450871666621765,5561.989,10,2026-09-18T18:12:31.490599+00:00
Llama-3.1-8B-Instruct,belief_bank_facts,mlp,30,27416,belief_bank_constraints,4,2760,25878,1380,1380,3058,22820,5.9632,4097,0.5302550735431019,0.9313276651406148,0.8943890563412937,0.6757622493771503,0.9453221073846045,5569.377,10,2026-09-18T18:12:31.490599+00:00
Llama-3.1-8B-Instruct,belief_bank_facts,mlp,30,27416,belief_bank_constraints,24,2760,25878,1380,1380,3058,22820,4.7613,4097,0.44558037118590754,0.9264224983649444,0.8550892650127522,0.6017417162276976,0.9448977954119854,5575.572,10,2026-09-18T18:12:31.490599+00:00
Llama-3.1-8B-Instruct,belief_bank_facts,mlp,30,27416,belief_bank_constraints,42,2760,25878,1380,1380,3058,22820,4.5199,4097,0.5764304013663536,0.8829300196206671,0.9094984156426308,0.6974941875484371,0.9438497118805634,5581.544,10,2026-09-18T18:12:31.490599+00:00
Llama-3.1-8B-Instruct,belief_bank_facts,mlp,30,27416,belief_bank_constraints,64,2760,25878,1380,1380,3058,22820,4.761,4097,0.46360276394022176,0.9434270765206016,0.8643249091892727,0.621700247818123,0.940366455938906,5587.76,10,2026-09-18T18:12:31.490599+00:00
Llama-3.1-8B-Instruct,belief_bank_facts,mlp,30,27416,belief_bank_constraints,67,2760,25878,1380,1380,3058,22820,4.7225,4097,0.3937875751503006,0.8996075866579464,0.8244841177834454,0.5477897252090801,0.9320835881689039,5593.957,10,2026-09-18T18:12:31.490599+00:00
Llama-3.1-8B-Instruct,belief_bank_facts,mlp,30,27416,belief_bank_constraints,104,2760,25878,1380,1380,3058,22820,4.7744,4097,0.6290522147983173,0.8312622629169392,0.9221346317335188,0.7161572052401747,0.9367131456176783,5600.212,10,2026-09-18T18:12:31.490599+00:00
Llama-3.1-8B-Instruct,belief_bank_facts,mlp,30,27416,belief_bank_constraints,123,2760,25878,1380,1380,3058,22820,4.4018,4097,0.44114906832298134,0.9290385873119686,0.8525388360769766,0.5982312065698042,0.9453345601743448,5606.095,10,2026-09-18T18:12:31.490599+00:00
Llama-3.1-8B-Instruct,belief_bank_facts,mlp,30,27416,belief_bank_constraints,420,2760,25878,1380,1380,3058,22820,5.3772,4097,0.5376425855513308,0.9247874427730542,0.8971326995903857,0.679971146910315,0.9366954337096014,5612.951,10,2026-09-18T18:12:31.490599+00:00
Llama-3.1-8B-Instruct,belief_bank_facts,mlp,30,27416,belief_bank_constraints,511,2760,25878,1380,1380,3058,22820,5.5066,4097,0.5423275367857825,0.9280575539568345,0.8989489141355591,0.684597756603546,0.9348559030235777,5619.95,10,2026-09-18T18:12:31.490599+00:00
Llama-3.1-8B-Instruct,belief_bank_facts,mlp,30,27416,belief_bank_constraints,mean,0,0,0,0,0,0,5.04291,4097.0,0.4978572090497627,0.9130477436232832,0.8757554679650668,0.6401614740815791,0.9405205867972344,5900.535,10,2026-09-18T18:12:31.490599+00:00
Llama-3.1-8B-Instruct,belief_bank_facts,mlp,30,27416,belief_bank_constraints,std,0,0,0,0,0,0,0.5049496954152958,0.0,0.07225464788378312,0.03202253767806517,0.031156390295859406,0.05462582847825226,0.004793217805169507,5900.535,10,2026-09-18T18:12:31.490599+00:00
Llama-3.1-8B-Instruct,belief_bank_facts,mlp,30,27416,halu_eval,2,2760,10000,1380,1380,1912,8088,5.7389,4097,0.19078464923001712,0.8164225941422594,0.3028,0.3092926490984743,0.49429785047531544,5626.416,10,2026-09-18T18:12:31.490599+00:00
Llama-3.1-8B-Instruct,belief_bank_facts,mlp,30,27416,halu_eval,4,2760,10000,1380,1380,1912,8088,5.5274,4097,0.18635675973043597,0.7086820083682008,0.3527,0.2951105303277796,0.4869299564104474,5632.67,10,2026-09-18T18:12:31.490599+00:00
Llama-3.1-8B-Instruct,belief_bank_facts,mlp,30,27416,halu_eval,24,2760,10000,1380,1380,1912,8088,5.3163,4097,0.1953560371517028,0.6600418410041841,0.4152,0.3014811275680841,0.5024665266793307,5638.707,10,2026-09-18T18:12:31.490599+00:00
Llama-3.1-8B-Instruct,belief_bank_facts,mlp,30,27416,halu_eval,42,2760,10000,1380,1380,1912,8088,5.5772,4097,0.18963703314045238,0.75418410041841,0.3368,0.3030685161832703,0.4987668013255859,5645.007,10,2026-09-18T18:12:31.490599+00:00
Llama-3.1-8B-Instruct,belief_bank_facts,mlp,30,27416,halu_eval,64,2760,10000,1380,1380,1912,8088,5.5709,4097,0.19254365266635207,0.8535564853556485,0.2876,0.31420870234886406,0.49834246794672826,5651.3,10,2026-09-18T18:12:31.490599+00:00
Llama-3.1-8B-Instruct,belief_bank_facts,mlp,30,27416,halu_eval,67,2760,10000,1380,1380,1912,8088,5.3984,4097,0.19281635106702735,0.6710251046025104,0.4,0.2995563857109503,0.4942511298312703,5657.42,10,2026-09-18T18:12:31.490599+00:00
Llama-3.1-8B-Instruct,belief_bank_facts,mlp,30,27416,halu_eval,104,2760,10000,1380,1380,1912,8088,4.7077,4097,0.19276270006958943,0.7243723849372385,0.3673,0.30449598768824887,0.498355045338101,5662.856,10,2026-09-18T18:12:31.490599+00:00
Llama-3.1-8B-Instruct,belief_bank_facts,mlp,30,27416,halu_eval,123,2760,10000,1380,1380,1912,8088,4.5874,4097,0.19043250327653996,0.7599372384937239,0.3364,0.30454831272269967,0.5010848565879924,5668.168,10,2026-09-18T18:12:31.490599+00:00
Llama-3.1-8B-Instruct,belief_bank_facts,mlp,30,27416,halu_eval,420,2760,10000,1380,1380,1912,8088,5.5582,4097,0.19308464493741478,0.8148535564853556,0.3135,0.3121931670173329,0.5046547987824308,5674.447,10,2026-09-18T18:12:31.490599+00:00
Llama-3.1-8B-Instruct,belief_bank_facts,mlp,30,27416,halu_eval,511,2760,10000,1380,1380,1912,8088,5.3263,4097,0.1905829596412556,0.8002092050209205,0.312,0.30784708249496984,0.5002952938699411,5680.495,10,2026-09-18T18:12:31.490599+00:00
Llama-3.1-8B-Instruct,belief_bank_facts,mlp,30,27416,halu_eval,mean,0,0,0,0,0,0,5.33087,4097.0,0.19143572909107875,0.7563284518828453,0.34242999999999996,0.3051802461160674,0.4979444727247143,5900.535,10,2026-09-18T18:12:31.490599+00:00
Llama-3.1-8B-Instruct,belief_bank_facts,mlp,30,27416,halu_eval,std,0,0,0,0,0,0,0.36345099821021276,0.0,0.00232746690781108,0.06186442649984161,0.03967571171384327,0.005538550069651928,0.004797157681648062,5900.535,10,2026-09-18T18:12:31.490599+00:00
Llama-3.1-8B-Instruct,belief_bank_facts,mlp,31,27416,belief_bank_facts,2,2760,8225,1380,1380,591,7634,6.4394,4097,0.44931062449310627,0.937394247038917,0.9129483282674772,0.6074561403508771,0.9504476589059454,5688.401,10,2026-09-18T18:12:31.490599+00:00
Llama-3.1-8B-Instruct,belief_bank_facts,mlp,31,27416,belief_bank_facts,4,2760,8225,1380,1380,591,7634,6.8116,4097,0.45588235294117646,0.9441624365482234,0.915015197568389,0.6148760330578512,0.9536690653222493,5695.877,10,2026-09-18T18:12:31.490599+00:00
Llama-3.1-8B-Instruct,belief_bank_facts,mlp,31,27416,belief_bank_facts,24,2760,8225,1380,1380,591,7634,6.0945,4097,0.4733676975945017,0.9323181049069373,0.9206079027355623,0.627920227920228,0.9478945158958032,5702.636,10,2026-09-18T18:12:31.490599+00:00
Llama-3.1-8B-Instruct,belief_bank_facts,mlp,31,27416,belief_bank_facts,42,2760,8225,1380,1380,591,7634,6.2161,4097,0.4527526705012325,0.9323181049069373,0.9141641337386018,0.6095132743362832,0.9496605931164658,5709.52,10,2026-09-18T18:12:31.490599+00:00
Llama-3.1-8B-Instruct,belief_bank_facts,mlp,31,27416,belief_bank_facts,64,2760,8225,1380,1380,591,7634,6.407,4097,0.4703389830508475,0.9390862944162437,0.9196352583586627,0.626764539808018,0.9541283163264176,5716.594,10,2026-09-18T18:12:31.490599+00:00
Llama-3.1-8B-Instruct,belief_bank_facts,mlp,31,27416,belief_bank_facts,67,2760,8225,1380,1380,591,7634,6.8987,4097,0.45759865659109994,0.922165820642978,0.9158662613981763,0.611672278338945,0.9547577916410112,5724.157,10,2026-09-18T18:12:31.490599+00:00
Llama-3.1-8B-Instruct,belief_bank_facts,mlp,31,27416,belief_bank_facts,104,2760,8225,1380,1380,591,7634,7.136,4097,0.49371633752244165,0.9306260575296108,0.9264437689969605,0.6451612903225806,0.9585313188350096,5731.963,10,2026-09-18T18:12:31.490599+00:00
Llama-3.1-8B-Instruct,belief_bank_facts,mlp,31,27416,belief_bank_facts,123,2760,8225,1380,1380,591,7634,6.7189,4097,0.43508500772797526,0.9526226734348562,0.9077203647416413,0.5973474801061008,0.9618422703312769,5739.345,10,2026-09-18T18:12:31.490599+00:00
Llama-3.1-8B-Instruct,belief_bank_facts,mlp,31,27416,belief_bank_facts,420,2760,8225,1380,1380,591,7634,6.3361,4097,0.46716541978387366,0.9509306260575296,0.9185410334346504,0.6265328874024526,0.9584526344206855,5746.345,10,2026-09-18T18:12:31.490599+00:00
Llama-3.1-8B-Instruct,belief_bank_facts,mlp,31,27416,belief_bank_facts,511,2760,8225,1380,1380,591,7634,6.2756,4097,0.48218940052128584,0.9390862944162437,0.923161094224924,0.6371986222732492,0.9565834916995699,5753.281,10,2026-09-18T18:12:31.490599+00:00
Llama-3.1-8B-Instruct,belief_bank_facts,mlp,31,27416,belief_bank_facts,mean,0,0,0,0,0,0,6.53339,4097.0,0.46374071507275405,0.9380710659898478,0.9174103343465045,0.6204442773916586,0.9545967656494435,5900.535,10,2026-09-18T18:12:31.490599+00:00
Llama-3.1-8B-Instruct,belief_bank_facts,mlp,31,27416,belief_bank_facts,std,0,0,0,0,0,0,0.3212304358245028,0.0,0.0162370853604441,0.008895728885343445,0.00513411200392676,0.013979053668249976,0.0041761212995257355,5900.535,10,2026-09-18T18:12:31.490599+00:00
Llama-3.1-8B-Instruct,belief_bank_facts,mlp,31,27416,belief_bank_constraints,2,2760,25878,1380,1380,3058,22820,6.4067,4097,0.36414253897550114,0.855461085676913,0.8063992580570368,0.510837727006444,0.9176370337082258,5761.129,10,2026-09-18T18:12:31.490599+00:00
Llama-3.1-8B-Instruct,belief_bank_facts,mlp,31,27416,belief_bank_constraints,4,2760,25878,1380,1380,3058,22820,6.9337,4097,0.36846715328467156,0.8253760627861347,0.8121956874565268,0.5094872830036334,0.9136148112821989,5769.502,10,2026-09-18T18:12:31.490599+00:00
Llama-3.1-8B-Instruct,belief_bank_facts,mlp,31,27416,belief_bank_constraints,24,2760,25878,1380,1380,3058,22820,6.3891,4097,0.4274180526400775,0.8655984303466318,0.8470901924414561,0.5722624581126364,0.9355994449122401,5777.327,10,2026-09-18T18:12:31.490599+00:00
Llama-3.1-8B-Instruct,belief_bank_facts,mlp,31,27416,belief_bank_constraints,42,2760,25878,1380,1380,3058,22820,6.4095,4097,0.39703125,0.8309352517985612,0.8308988329855476,0.537322901247621,0.9250764936612577,5785.185,10,2026-09-18T18:12:31.490599+00:00
Llama-3.1-8B-Instruct,belief_bank_facts,mlp,31,27416,belief_bank_constraints,64,2760,25878,1380,1380,3058,22820,6.6199,4097,0.39385517986722246,0.8342053629823414,0.8286961898137414,0.5350812794965915,0.9150756854479767,5793.254,10,2026-09-18T18:12:31.490599+00:00
Llama-3.1-8B-Instruct,belief_bank_facts,mlp,31,27416,belief_bank_constraints,67,2760,25878,1380,1380,3058,22820,7.0668,4097,0.3758582806921176,0.895029431000654,0.8119638302805472,0.5294003868471954,0.9193153158136387,5801.754,10,2026-09-18T18:12:31.490599+00:00
Llama-3.1-8B-Instruct,belief_bank_facts,mlp,31,27416,belief_bank_constraints,104,2760,25878,1380,1380,3058,22820,7.0508,4097,0.5391038696537678,0.8655984303466318,0.8966689852384264,0.6644076305220884,0.9285060550077984,5810.23,10,2026-09-18T18:12:31.490599+00:00
Llama-3.1-8B-Instruct,belief_bank_facts,mlp,31,27416,belief_bank_constraints,123,2760,25878,1380,1380,3058,22820,6.9313,4097,0.388125,0.8122956180510137,0.8264935466419352,0.5252696130260097,0.9302756121929003,5818.592,10,2026-09-18T18:12:31.490599+00:00
Llama-3.1-8B-Instruct,belief_bank_facts,mlp,31,27416,belief_bank_constraints,420,2760,25878,1380,1380,3058,22820,6.4259,4097,0.3837242977121344,0.8665794637017659,0.8197696885385269,0.5319148936170213,0.9135113055281214,5826.454,10,2026-09-18T18:12:31.490599+00:00
Llama-3.1-8B-Instruct,belief_bank_facts,mlp,31,27416,belief_bank_constraints,511,2760,25878,1380,1380,3058,22820,6.1642,4097,0.31271053222546596,0.9107259646827992,0.7529175361310766,0.4655633567368773,0.9284271109126562,5834.052,10,2026-09-18T18:12:31.490599+00:00
Llama-3.1-8B-Instruct,belief_bank_facts,mlp,31,27416,belief_bank_constraints,mean,0,0,0,0,0,0,6.63979,4097.0,0.39504361550509587,0.8561805101373446,0.8233093747584821,0.538154752961612,0.9227038868467015,5900.535,10,2026-09-18T18:12:31.490599+00:00
Llama-3.1-8B-Instruct,belief_bank_facts,mlp,31,27416,belief_bank_constraints,std,0,0,0,0,0,0,0.31067156757579206,0.0,0.05548947361455232,0.029606626629622153,0.03398476737941382,0.049226434979524,0.007470849159122686,5900.535,10,2026-09-18T18:12:31.490599+00:00
Llama-3.1-8B-Instruct,belief_bank_facts,mlp,31,27416,halu_eval,2,2760,10000,1380,1380,1912,8088,6.3887,4097,0.18997912317327767,0.3807531380753138,0.5712,0.25348189415041783,0.49672541634075384,5841.144,10,2026-09-18T18:12:31.490599+00:00
Llama-3.1-8B-Instruct,belief_bank_facts,mlp,31,27416,halu_eval,4,2760,10000,1380,1380,1912,8088,6.8415,4097,0.18937717356939615,0.3132845188284519,0.6123,0.23605911330049262,0.5019588397915813,5848.688,10,2026-09-18T18:12:31.490599+00:00
Llama-3.1-8B-Instruct,belief_bank_facts,mlp,31,27416,halu_eval,24,2760,10000,1380,1380,1912,8088,5.4174,4097,0.18781583380123526,0.34989539748953974,0.5864,0.2444282060650347,0.5007726527548432,5854.817,10,2026-09-18T18:12:31.490599+00:00
Llama-3.1-8B-Instruct,belief_bank_facts,mlp,31,27416,halu_eval,42,2760,10000,1380,1380,1912,8088,4.9849,4097,0.19648351648351647,0.4675732217573222,0.5326,0.27669452181987003,0.5083676188495586,5860.508,10,2026-09-18T18:12:31.490599+00:00
Llama-3.1-8B-Instruct,belief_bank_facts,mlp,31,27416,halu_eval,64,2760,10000,1380,1380,1912,8088,5.3881,4097,0.19667497921862012,0.6187238493723849,0.4439,0.2984735713384635,0.5104291147275368,5866.626,10,2026-09-18T18:12:31.490599+00:00
Llama-3.1-8B-Instruct,belief_bank_facts,mlp,31,27416,halu_eval,67,2760,10000,1380,1380,1912,8088,5.9223,4097,0.1916940403566401,0.4273012552301255,0.546,0.264658244250081,0.5039400537601033,5873.265,10,2026-09-18T18:12:31.490599+00:00
Llama-3.1-8B-Instruct,belief_bank_facts,mlp,31,27416,halu_eval,104,2760,10000,1380,1380,1912,8088,5.7011,4097,0.1908616187989556,0.38232217573221755,0.572,0.2546151166840822,0.5008789947605627,5879.683,10,2026-09-18T18:12:31.490599+00:00
Llama-3.1-8B-Instruct,belief_bank_facts,mlp,31,27416,halu_eval,123,2760,10000,1380,1380,1912,8088,5.8618,4097,0.19447989789406508,0.6375523012552301,0.4258,0.2980440097799511,0.5121207577008554,5886.26,10,2026-09-18T18:12:31.490599+00:00
Llama-3.1-8B-Instruct,belief_bank_facts,mlp,31,27416,halu_eval,420,2760,10000,1380,1380,1912,8088,6.1284,4097,0.19303721488595438,0.4205020920502092,0.5531,0.2646042455158795,0.5038947557515862,5893.103,10,2026-09-18T18:12:31.490599+00:00
Llama-3.1-8B-Instruct,belief_bank_facts,mlp,31,27416,halu_eval,511,2760,10000,1380,1380,1912,8088,6.0575,4097,0.1928386540120794,0.7013598326359832,0.3816,0.30250394766523797,0.5088442664166967,5899.88,10,2026-09-18T18:12:31.490599+00:00
Llama-3.1-8B-Instruct,belief_bank_facts,mlp,31,27416,halu_eval,mean,0,0,0,0,0,0,5.8691699999999996,4097.0,0.19232420521937404,0.4699267782426778,0.52249,0.2693562870569511,0.5047932470854078,5900.535,10,2026-09-18T18:12:31.490599+00:00
Llama-3.1-8B-Instruct,belief_bank_facts,mlp,31,27416,halu_eval,std,0,0,0,0,0,0,0.5066150393543406,0.0,0.0028052672033410655,0.1275289188125131,0.07344485618475946,0.02251106779662739,0.0046988066593809715,5900.535,10,2026-09-18T18:12:31.490599+00:00
