model,train_dataset,layer_type,layer,num_samples,eval_dataset,split_seed,train_size,test_size,train_hall,train_not_hall,test_hall,test_not_hall,fit_time_s,model_params,precision,recall,accuracy,f1,auroc,total_runtime_s,num_splits,created_at_utc
Falcon3-7B-Base,belief_bank_constraints,hidden,0,25610,belief_bank_constraints,2,16830,7683,8415,8415,3606,4077,113.9288,3073,0.7391634980988593,0.8086522462562395,0.7762592737212026,0.7723480333730631,0.847812716684685,162.276,10,2026-09-24T14:37:13.188354+00:00
Falcon3-7B-Base,belief_bank_constraints,hidden,0,25610,belief_bank_constraints,4,16830,7683,8415,8415,3606,4077,117.1125,3073,0.7355392156862746,0.8322240709927898,0.780814785890928,0.7809003382773875,0.8464891928545222,280.634,10,2026-09-24T14:37:13.188354+00:00
Falcon3-7B-Base,belief_bank_constraints,hidden,0,25610,belief_bank_constraints,24,16830,7683,8415,8415,3606,4077,112.6118,3073,0.7313321756387993,0.817526344980588,0.7733958089288039,0.7720309021867225,0.8472614864904391,394.503,10,2026-09-24T14:37:13.188354+00:00
Falcon3-7B-Base,belief_bank_constraints,hidden,0,25610,belief_bank_constraints,42,16830,7683,8415,8415,3606,4077,109.9748,3073,0.734633423845964,0.8252911813643927,0.7780814785890928,0.7773279352226721,0.8461701813033113,505.717,10,2026-09-24T14:37:13.188354+00:00
Falcon3-7B-Base,belief_bank_constraints,hidden,0,25610,belief_bank_constraints,64,16830,7683,8415,8415,3606,4077,113.375,3073,0.7385818824123139,0.8117027176927343,0.776779903683457,0.7734178887567711,0.8467863021201277,620.324,10,2026-09-24T14:37:13.188354+00:00
Falcon3-7B-Base,belief_bank_constraints,hidden,0,25610,belief_bank_constraints,67,16830,7683,8415,8415,3606,4077,107.0282,3073,0.7351632047477745,0.8244592346089851,0.7782116360796564,0.7772549019607843,0.8494564764174282,728.593,10,2026-09-24T14:37:13.188354+00:00
Falcon3-7B-Base,belief_bank_constraints,hidden,0,25610,belief_bank_constraints,104,16830,7683,8415,8415,3606,4077,106.2937,3073,0.7334644701253995,0.8272323904603439,0.7778211636079656,0.7775316043268604,0.8468788086680267,836.15,10,2026-09-24T14:37:13.188354+00:00
Falcon3-7B-Base,belief_bank_constraints,hidden,0,25610,belief_bank_constraints,123,16830,7683,8415,8415,3606,4077,105.8663,3073,0.7314341368395423,0.8330560177481975,0.7780814785890928,0.7789446389213017,0.8449375995720756,943.249,10,2026-09-24T14:37:13.188354+00:00
Falcon3-7B-Base,belief_bank_constraints,hidden,0,25610,belief_bank_constraints,420,16830,7683,8415,8415,3606,4077,109.8779,3073,0.7407126611068992,0.8128119800332779,0.7786021085513471,0.775089250297501,0.8448939990594261,1054.373,10,2026-09-24T14:37:13.188354+00:00
Falcon3-7B-Base,belief_bank_constraints,hidden,0,25610,belief_bank_constraints,511,16830,7683,8415,8415,3606,4077,110.3136,3073,0.73975,0.8205768164170827,0.7802941559286737,0.7780699447804365,0.8490554333244772,1165.935,10,2026-09-24T14:37:13.188354+00:00
Falcon3-7B-Base,belief_bank_constraints,hidden,0,25610,belief_bank_constraints,mean,0,0,0,0,0,0,110.63825999999999,3073.0,0.7359774668501827,0.8213533000554631,0.7778341793570219,0.77629154381035,0.8469742196494519,88166.354,10,2026-09-24T14:37:13.188354+00:00
Falcon3-7B-Base,belief_bank_constraints,hidden,0,25610,belief_bank_constraints,std,0,0,0,0,0,0,3.4631071407624687,0.0,0.0032370529122538834,0.00810862424871295,0.001976894764871767,0.0027998262617470134,0.0014380518936780238,88166.354,10,2026-09-24T14:37:13.188354+00:00
Falcon3-7B-Base,belief_bank_constraints,hidden,0,25610,belief_bank_facts,2,16830,27416,8415,8415,7533,19883,108.8624,3073,0.21506442021803765,0.25925925925925924,0.5364750510650715,0.23510292524377033,0.47199601673506997,1276.799,10,2026-09-24T14:37:13.188354+00:00
Falcon3-7B-Base,belief_bank_constraints,hidden,0,25610,belief_bank_facts,4,16830,27416,8415,8415,7533,19883,117.0188,3073,0.20572163291546128,0.2548785344484269,0.5248759848263788,0.22767698327997155,0.4637036860776923,1395.846,10,2026-09-24T14:37:13.188354+00:00
Falcon3-7B-Base,belief_bank_constraints,hidden,0,25610,belief_bank_facts,24,16830,27416,8415,8415,7533,19883,117.0427,3073,0.18416053194015672,0.20589406610911987,0.5311861686606362,0.19442181134440614,0.46053492981732863,1514.866,10,2026-09-24T14:37:13.188354+00:00
Falcon3-7B-Base,belief_bank_constraints,hidden,0,25610,belief_bank_facts,42,16830,27416,8415,8415,7533,19883,115.5679,3073,0.20841661114812346,0.2491703172706757,0.533666472133061,0.22697865650885785,0.45605408058221175,1632.439,10,2026-09-24T14:37:13.188354+00:00
Falcon3-7B-Base,belief_bank_constraints,hidden,0,25610,belief_bank_facts,64,16830,27416,8415,8415,7533,19883,119.9985,3073,0.19589239870521263,0.23297491039426524,0.5264808870732419,0.21283046325491148,0.45243338070390665,1754.488,10,2026-09-24T14:37:13.188354+00:00
Falcon3-7B-Base,belief_bank_constraints,hidden,0,25610,belief_bank_facts,67,16830,27416,8415,8415,7533,19883,113.7652,3073,0.2117001401214386,0.2406743661223948,0.5451196381674934,0.22525936509908678,0.460804187171176,1870.322,10,2026-09-24T14:37:13.188354+00:00
Falcon3-7B-Base,belief_bank_constraints,hidden,0,25610,belief_bank_facts,104,16830,27416,8415,8415,7533,19883,108.562,3073,0.2260370410484133,0.2770476569759724,0.5407061569886198,0.24895622092329714,0.46831198339303914,1980.934,10,2026-09-24T14:37:13.188354+00:00
Falcon3-7B-Base,belief_bank_constraints,hidden,0,25610,belief_bank_facts,123,16830,27416,8415,8415,7533,19883,115.623,3073,0.2115711252653928,0.26456922872693484,0.527028012839218,0.23512062761753083,0.44677929340778694,2098.667,10,2026-09-24T14:37:13.188354+00:00
Falcon3-7B-Base,belief_bank_constraints,hidden,0,25610,belief_bank_facts,420,16830,27416,8415,8415,7533,19883,112.9668,3073,0.1933348550559233,0.22487720695606,0.5292165159031222,0.2079165388155876,0.4644891151668163,2213.731,10,2026-09-24T14:37:13.188354+00:00
Falcon3-7B-Base,belief_bank_constraints,hidden,0,25610,belief_bank_facts,511,16830,27416,8415,8415,7533,19883,118.2582,3073,0.20905027932960893,0.24837382185052437,0.5352713743799241,0.22702178001577383,0.4699609334813091,2334.089,10,2026-09-24T14:37:13.188354+00:00
Falcon3-7B-Base,belief_bank_constraints,hidden,0,25610,belief_bank_facts,mean,0,0,0,0,0,0,114.76654999999998,3073.0,0.20609490357477686,0.24577193681136333,0.5330026262036767,0.22412853721031936,0.4615067606536337,88166.354,10,2026-09-24T14:37:13.188354+00:00
Falcon3-7B-Base,belief_bank_constraints,hidden,0,25610,belief_bank_facts,std,0,0,0,0,0,0,3.5887505854405677,0.0,0.011409817098867315,0.019573576723568353,0.006210616274075545,0.014700361650913056,0.0075625644292116635,88166.354,10,2026-09-24T14:37:13.188354+00:00
Falcon3-7B-Base,belief_bank_constraints,hidden,0,25610,halu_eval,2,16830,10000,8415,8415,3259,6741,112.3517,3073,0.3293778062860808,0.3151273396747469,0.5677,0.3220950290105065,0.5101051171429964,2447.755,10,2026-09-24T14:37:13.188354+00:00
Falcon3-7B-Base,belief_bank_constraints,hidden,0,25610,halu_eval,4,16830,10000,8415,8415,3259,6741,114.2152,3073,0.33227114716106604,0.35194845044492173,0.5583,0.34182685143793773,0.5091890502213605,2563.241,10,2026-09-24T14:37:13.188354+00:00
Falcon3-7B-Base,belief_bank_constraints,hidden,0,25610,halu_eval,24,16830,10000,8415,8415,3259,6741,107.5044,3073,0.325434439178515,0.3160478674440012,0.5636,0.3206724782067248,0.5075551965028411,2672.017,10,2026-09-24T14:37:13.188354+00:00
Falcon3-7B-Base,belief_bank_constraints,hidden,0,25610,halu_eval,42,16830,10000,8415,8415,3259,6741,110.796,3073,0.3309587414663105,0.3421294875728751,0.5602,0.3364514182257091,0.5075717426059971,2784.069,10,2026-09-24T14:37:13.188354+00:00
Falcon3-7B-Base,belief_bank_constraints,hidden,0,25610,halu_eval,64,16830,10000,8415,8415,3259,6741,113.1593,3073,0.32900302114803626,0.3341515802393372,0.5609,0.33155731465976557,0.5094074724386757,2898.485,10,2026-09-24T14:37:13.188354+00:00
Falcon3-7B-Base,belief_bank_constraints,hidden,0,25610,halu_eval,67,16830,10000,8415,8415,3259,6741,105.7673,3073,0.33365231259968103,0.32095734888002453,0.5698,0.3271817328745699,0.5104218373239029,3005.512,10,2026-09-24T14:37:13.188354+00:00
Falcon3-7B-Base,belief_bank_constraints,hidden,0,25610,halu_eval,104,16830,10000,8415,8415,3259,6741,104.3045,3073,0.33052697224820704,0.32525314513654496,0.5654,0.32786885245901637,0.5117338955093784,3111.079,10,2026-09-24T14:37:13.188354+00:00
Falcon3-7B-Base,belief_bank_constraints,hidden,0,25610,halu_eval,123,16830,10000,8415,8415,3259,6741,104.1984,3073,0.33203667685468186,0.3666768947529917,0.5532,0.3484981044036162,0.5095512437366627,3216.535,10,2026-09-24T14:37:13.188354+00:00
Falcon3-7B-Base,belief_bank_constraints,hidden,0,25610,halu_eval,420,16830,10000,8415,8415,3259,6741,108.9019,3073,0.33127317676143386,0.32893525621356245,0.5649,0.3301000769822941,0.511024962129452,3326.705,10,2026-09-24T14:37:13.188354+00:00
Falcon3-7B-Base,belief_bank_constraints,hidden,0,25610,halu_eval,511,16830,10000,8415,8415,3259,6741,110.5985,3073,0.32591414944356123,0.31451365449524393,0.5646,0.32011242973141785,0.506120556045566,3438.56,10,2026-09-24T14:37:13.188354+00:00
Falcon3-7B-Base,belief_bank_constraints,hidden,0,25610,halu_eval,mean,0,0,0,0,0,0,109.17972,3073.0,0.33004484431475734,0.33157410248542496,0.56286,0.33063642879915583,0.5092681073656834,88166.354,10,2026-09-24T14:37:13.188354+00:00
Falcon3-7B-Base,belief_bank_constraints,hidden,0,25610,halu_eval,std,0,0,0,0,0,0,3.4494880918188398,0.0,0.002536984735593327,0.016515544076352577,0.0045913396737771285,0.008841943231946993,0.001643866272216367,88166.354,10,2026-09-24T14:37:13.188354+00:00
Falcon3-7B-Base,belief_bank_constraints,hidden,1,25610,belief_bank_constraints,2,16830,7683,8415,8415,3606,4077,97.9411,3073,0.7720510095642933,0.8058790904048807,0.7972146297019393,0.7886024423337856,0.8850563290055233,3538.664,10,2026-09-24T14:37:13.188354+00:00
Falcon3-7B-Base,belief_bank_constraints,hidden,1,25610,belief_bank_constraints,4,16830,7683,8415,8415,3606,4077,99.6883,3073,0.7670984455958549,0.8211314475873545,0.7990368345698295,0.7931958210554514,0.881876246372689,3639.575,10,2026-09-24T14:37:13.188354+00:00
Falcon3-7B-Base,belief_bank_constraints,hidden,1,25610,belief_bank_constraints,24,16830,7683,8415,8415,3606,4077,98.1115,3073,0.7654774396642182,0.8092068774265113,0.7940908499284134,0.7867349689943381,0.882933167692197,3738.904,10,2026-09-24T14:37:13.188354+00:00
Falcon3-7B-Base,belief_bank_constraints,hidden,1,25610,belief_bank_constraints,42,16830,7683,8415,8415,3606,4077,100.9251,3073,0.7613546862693621,0.8042151968940654,0.7897956527398152,0.7821982467970331,0.8782433237820322,3841.046,10,2026-09-24T14:37:13.188354+00:00
Falcon3-7B-Base,belief_bank_constraints,hidden,1,25610,belief_bank_constraints,64,16830,7683,8415,8415,3606,4077,93.3233,3073,0.7643937383921464,0.7989462007764836,0.7900559677209423,0.7812881355932203,0.8791690354464687,3935.572,10,2026-09-24T14:37:13.188354+00:00
Falcon3-7B-Base,belief_bank_constraints,hidden,1,25610,belief_bank_constraints,67,16830,7683,8415,8415,3606,4077,116.58,3073,0.7687483668669977,0.8158624514697727,0.7983860471170116,0.7916050047087313,0.8812998489558527,4053.367,10,2026-09-24T14:37:13.188354+00:00
Falcon3-7B-Base,belief_bank_constraints,hidden,1,25610,belief_bank_constraints,104,16830,7683,8415,8415,3606,4077,103.4944,3073,0.7603924606248387,0.8166943982251803,0.7931797474944683,0.7875384409680438,0.8813413068536061,4158.076,10,2026-09-24T14:37:13.188354+00:00
Falcon3-7B-Base,belief_bank_constraints,hidden,1,25610,belief_bank_constraints,123,16830,7683,8415,8415,3606,4077,99.5451,3073,0.7597707139134966,0.8086522462562395,0.7901861252115059,0.7834497581945191,0.8776404327619556,4258.837,10,2026-09-24T14:37:13.188354+00:00
Falcon3-7B-Base,belief_bank_constraints,hidden,1,25610,belief_bank_constraints,420,16830,7683,8415,8415,3606,4077,89.562,3073,0.762493424513414,0.8039378813089295,0.7904464401926331,0.7826673866090713,0.8784705429903095,4349.616,10,2026-09-24T14:37:13.188354+00:00
Falcon3-7B-Base,belief_bank_constraints,hidden,1,25610,belief_bank_constraints,511,16830,7683,8415,8415,3606,4077,103.5129,3073,0.7674479852515144,0.8080976150859678,0.7950019523623585,0.7872484128056193,0.879697955237986,4454.341,10,2026-09-24T14:37:13.188354+00:00
Falcon3-7B-Base,belief_bank_constraints,hidden,1,25610,belief_bank_constraints,mean,0,0,0,0,0,0,100.26837,3073.0,0.7649228270656137,0.8092623405435384,0.7937394247038918,0.7864528618059813,0.8805728189098619,88166.354,10,2026-09-24T14:37:13.188354+00:00
Falcon3-7B-Base,belief_bank_constraints,hidden,1,25610,belief_bank_constraints,std,0,0,0,0,0,0,6.791340386558459,0.0,0.0037794857565647145,0.006427263574657847,0.0034110451799371244,0.0038294691518079202,0.002228725494085887,88166.354,10,2026-09-24T14:37:13.188354+00:00
Falcon3-7B-Base,belief_bank_constraints,hidden,1,25610,belief_bank_facts,2,16830,27416,8415,8415,7533,19883,94.213,3073,0.18609890728849837,0.21930173901500066,0.521957980741173,0.20134064594759293,0.4525862028963956,4550.494,10,2026-09-24T14:37:13.188354+00:00
Falcon3-7B-Base,belief_bank_constraints,hidden,1,25610,belief_bank_facts,4,16830,27416,8415,8415,7533,19883,100.6624,3073,0.19366589092380856,0.2540820390282756,0.5043770061278086,0.21979788700045935,0.44625359761748135,4653.114,10,2026-09-24T14:37:13.188354+00:00
Falcon3-7B-Base,belief_bank_constraints,hidden,1,25610,belief_bank_facts,24,16830,27416,8415,8415,7533,19883,99.1427,3073,0.18821187658962735,0.22593920084959512,0.5195506273708783,0.20535714285714285,0.4549522679265366,4754.2,10,2026-09-24T14:37:13.188354+00:00
Falcon3-7B-Base,belief_bank_constraints,hidden,1,25610,belief_bank_facts,42,16830,27416,8415,8415,7533,19883,104.7525,3073,0.19660352710646636,0.2797026417098102,0.48803618325065656,0.2309041095890411,0.43449007772062875,4860.887,10,2026-09-24T14:37:13.188354+00:00
Falcon3-7B-Base,belief_bank_constraints,hidden,1,25610,belief_bank_facts,64,16830,27416,8415,8415,7533,19883,93.2487,3073,0.1934529490360756,0.26908270277445906,0.4909177122847972,0.22508467047915162,0.4289979294043392,4956.077,10,2026-09-24T14:37:13.188354+00:00
Falcon3-7B-Base,belief_bank_constraints,hidden,1,25610,belief_bank_facts,67,16830,27416,8415,8415,7533,19883,117.1161,3073,0.19467871485943775,0.2574007699455728,0.5033921797490516,0.22168867547018808,0.44785222344021963,5075.121,10,2026-09-24T14:37:13.188354+00:00
Falcon3-7B-Base,belief_bank_constraints,hidden,1,25610,belief_bank_facts,104,16830,27416,8415,8415,7533,19883,105.2994,3073,0.17700642439351807,0.24505509093322714,0.4795010213014298,0.20554503952789221,0.4267162455655643,5182.355,10,2026-09-24T14:37:13.188354+00:00
Falcon3-7B-Base,belief_bank_constraints,hidden,1,25610,belief_bank_facts,123,16830,27416,8415,8415,7533,19883,100.5015,3073,0.1884372533543804,0.253551042081508,0.49485701779982494,0.21619786065991284,0.43079439385211665,5284.799,10,2026-09-24T14:37:13.188354+00:00
Falcon3-7B-Base,belief_bank_constraints,hidden,1,25610,belief_bank_facts,420,16830,27416,8415,8415,7533,19883,92.6438,3073,0.1899035969731523,0.24319660161954068,0.5070032098044938,0.21327124563445868,0.4295029146312379,5379.384,10,2026-09-24T14:37:13.188354+00:00
Falcon3-7B-Base,belief_bank_constraints,hidden,1,25610,belief_bank_facts,511,16830,27416,8415,8415,7533,19883,103.414,3073,0.19359349180119487,0.20217708748174698,0.5493872191421068,0.1977922077922078,0.4520053857613167,5484.754,10,2026-09-24T14:37:13.188354+00:00
Falcon3-7B-Base,belief_bank_constraints,hidden,1,25610,belief_bank_facts,mean,0,0,0,0,0,0,101.09941,3073.0,0.19016526323261598,0.24494889154387361,0.5058980157572222,0.21369794849580473,0.4404151238815837,88166.354,10,2026-09-24T14:37:13.188354+00:00
Falcon3-7B-Base,belief_bank_constraints,hidden,1,25610,belief_bank_facts,std,0,0,0,0,0,0,6.912362018651802,0.0,0.0054147853844382565,0.022258433102611056,0.01925513109095494,0.010367914436044418,0.010714236524830518,88166.354,10,2026-09-24T14:37:13.188354+00:00
Falcon3-7B-Base,belief_bank_constraints,hidden,1,25610,halu_eval,2,16830,10000,8415,8415,3259,6741,94.212,3073,0.3253398503131205,0.6535747161706045,0.4454,0.4344279012849276,0.4994503370875918,5580.243,10,2026-09-24T14:37:13.188354+00:00
Falcon3-7B-Base,belief_bank_constraints,hidden,1,25610,halu_eval,4,16830,10000,8415,8415,3259,6741,101.795,3073,0.32816471784443313,0.7922675667382633,0.4037,0.46409634223061025,0.5004963830946803,5683.303,10,2026-09-24T14:37:13.188354+00:00
Falcon3-7B-Base,belief_bank_constraints,hidden,1,25610,halu_eval,24,16830,10000,8415,8415,3259,6741,98.1909,3073,0.3278538812785388,0.6609389383246395,0.4479,0.4382948417946892,0.5028610192426856,5782.765,10,2026-09-24T14:37:13.188354+00:00
Falcon3-7B-Base,belief_bank_constraints,hidden,1,25610,halu_eval,42,16830,10000,8415,8415,3259,6741,100.7642,3073,0.32815131493716804,0.7772322798404419,0.4088,0.4614683913281108,0.5011514676712131,5884.802,10,2026-09-24T14:37:13.188354+00:00
Falcon3-7B-Base,belief_bank_constraints,hidden,1,25610,halu_eval,64,16830,10000,8415,8415,3259,6741,95.0496,3073,0.32803000905445606,0.7781528076096962,0.4082,0.46151046405823476,0.4972148151668273,5981.125,10,2026-09-24T14:37:13.188354+00:00
Falcon3-7B-Base,belief_bank_constraints,hidden,1,25610,halu_eval,67,16830,10000,8415,8415,3259,6741,122.4653,3073,0.33001831981156765,0.7738570113531759,0.4143,0.4627098431336575,0.5057781404720005,6104.889,10,2026-09-24T14:37:13.188354+00:00
Falcon3-7B-Base,belief_bank_constraints,hidden,1,25610,halu_eval,104,16830,10000,8415,8415,3259,6741,108.5603,3073,0.32848518111964875,0.7345811598649893,0.4241,0.4539679529724092,0.5030486024369245,6214.753,10,2026-09-24T14:37:13.188354+00:00
Falcon3-7B-Base,belief_bank_constraints,hidden,1,25610,halu_eval,123,16830,10000,8415,8415,3259,6741,100.8337,3073,0.33040010999587516,0.7373427431727524,0.4274,0.45632358526395744,0.5040077757125874,6316.849,10,2026-09-24T14:37:13.188354+00:00
Falcon3-7B-Base,belief_bank_constraints,hidden,1,25610,halu_eval,420,16830,10000,8415,8415,3259,6741,96.3954,3073,0.32797258107039284,0.7634243633016262,0.4131,0.45882895343476254,0.503516126578645,6414.526,10,2026-09-24T14:37:13.188354+00:00
Falcon3-7B-Base,belief_bank_constraints,hidden,1,25610,halu_eval,511,16830,10000,8415,8415,3259,6741,105.6679,3073,0.325826028320971,0.7413316968395213,0.4158,0.4526887764661795,0.4957738931078038,6521.565,10,2026-09-24T14:37:13.188354+00:00
Falcon3-7B-Base,belief_bank_constraints,hidden,1,25610,halu_eval,mean,0,0,0,0,0,0,102.39343000000001,3073.0,0.32802419937461724,0.741270328321571,0.42087,0.4544317051967539,0.5013298560570958,88166.354,10,2026-09-24T14:37:13.188354+00:00
Falcon3-7B-Base,belief_bank_constraints,hidden,1,25610,halu_eval,std,0,0,0,0,0,0,7.9472191954230125,0.0,0.0014811910036768682,0.04583755885049067,0.014545380710039876,0.009737941033757115,0.002984932051222194,88166.354,10,2026-09-24T14:37:13.188354+00:00
Falcon3-7B-Base,belief_bank_constraints,hidden,2,25610,belief_bank_constraints,2,16830,7683,8415,8415,3606,4077,101.7207,3073,0.7723577235772358,0.7903494176372712,0.7922686450605232,0.78125,0.8701143448951554,6625.671,10,2026-09-24T14:37:13.188354+00:00
Falcon3-7B-Base,belief_bank_constraints,hidden,2,25610,belief_bank_constraints,4,16830,7683,8415,8415,3606,4077,100.3568,3073,0.7610805140309468,0.8047698280643372,0.7897956527398152,0.7823156759671115,0.8733545907938843,6727.357,10,2026-09-24T14:37:13.188354+00:00
Falcon3-7B-Base,belief_bank_constraints,hidden,2,25610,belief_bank_constraints,24,16830,7683,8415,8415,3606,4077,104.6039,3073,0.7604931794333684,0.8039378813089295,0.7891448652869972,0.7816122944189808,0.868257139907039,6833.229,10,2026-09-24T14:37:13.188354+00:00
Falcon3-7B-Base,belief_bank_constraints,hidden,2,25610,belief_bank_constraints,42,16830,7683,8415,8415,3606,4077,101.312,3073,0.7594732598763774,0.78369384359401,0.7819862033060002,0.771393476183977,0.8641384899203913,6935.796,10,2026-09-24T14:37:13.188354+00:00
Falcon3-7B-Base,belief_bank_constraints,hidden,2,25610,belief_bank_constraints,64,16830,7683,8415,8415,3606,4077,106.1754,3073,0.7672273467173087,0.7842484747642817,0.7870623454379799,0.775644541963796,0.865173679003095,7043.184,10,2026-09-24T14:37:13.188354+00:00
Falcon3-7B-Base,belief_bank_constraints,hidden,2,25610,belief_bank_constraints,67,16830,7683,8415,8415,3606,4077,100.7399,3073,0.7608580508474576,0.7967276760953965,0.7870623454379799,0.7783798428610132,0.867788213332615,7145.16,10,2026-09-24T14:37:13.188354+00:00
Falcon3-7B-Base,belief_bank_constraints,hidden,2,25610,belief_bank_constraints,104,16830,7683,8415,8415,3606,4077,105.0393,3073,0.7587822014051522,0.8086522462562395,0.789535337758688,0.7829238824003222,0.8673774774579909,7251.506,10,2026-09-24T14:37:13.188354+00:00
Falcon3-7B-Base,belief_bank_constraints,hidden,2,25610,belief_bank_constraints,123,16830,7683,8415,8415,3606,4077,102.0426,3073,0.7536231884057971,0.807542983915696,0.7857607705323442,0.7796519410977242,0.8653175062792221,7354.789,10,2026-09-24T14:37:13.188354+00:00
Falcon3-7B-Base,belief_bank_constraints,hidden,2,25610,belief_bank_constraints,420,16830,7683,8415,8415,3606,4077,103.7441,3073,0.7589238145977624,0.7900721020521353,0.7836782506833269,0.7741847826086956,0.8682762533923035,7459.777,10,2026-09-24T14:37:13.188354+00:00
Falcon3-7B-Base,belief_bank_constraints,hidden,2,25610,belief_bank_constraints,511,16830,7683,8415,8415,3606,4077,103.7045,3073,0.7631296891747053,0.7897947864669994,0.7862814004945985,0.7762333060779504,0.862125146122935,7564.704,10,2026-09-24T14:37:13.188354+00:00
Falcon3-7B-Base,belief_bank_constraints,hidden,2,25610,belief_bank_constraints,mean,0,0,0,0,0,0,102.94392,3073.0,0.7615948968066111,0.7959789240155296,0.7872575816738253,0.7783589743579571,0.8671922841104631,88166.354,10,2026-09-24T14:37:13.188354+00:00
Falcon3-7B-Base,belief_bank_constraints,hidden,2,25610,belief_bank_constraints,std,0,0,0,0,0,0,1.8796299038906548,0.0,0.004848043380181686,0.009104275305869535,0.002901227690479074,0.003673375051046758,0.0030298828890107945,88166.354,10,2026-09-24T14:37:13.188354+00:00
Falcon3-7B-Base,belief_bank_constraints,hidden,2,25610,belief_bank_facts,2,16830,27416,8415,8415,7533,19883,101.8926,3073,0.14457627118644067,0.11323509889818134,0.5722570761599066,0.1270006699918112,0.3944697414429036,7668.577,10,2026-09-24T14:37:13.188354+00:00
Falcon3-7B-Base,belief_bank_constraints,hidden,2,25610,belief_bank_facts,4,16830,27416,8415,8415,7533,19883,98.3572,3073,0.14672289580038658,0.11084561263772734,0.578567259994164,0.12628554143980641,0.3905896320769746,7768.975,10,2026-09-24T14:37:13.188354+00:00
Falcon3-7B-Base,belief_bank_constraints,hidden,2,25610,belief_bank_facts,24,16830,27416,8415,8415,7533,19883,103.5569,3073,0.14986425339366516,0.10991636798088411,0.5841114677560548,0.1268188083933221,0.4020972409824074,7874.559,10,2026-09-24T14:37:13.188354+00:00
Falcon3-7B-Base,belief_bank_constraints,hidden,2,25610,belief_bank_facts,42,16830,27416,8415,8415,7533,19883,103.1069,3073,0.13009774182676104,0.10248241072613833,0.5651079661511527,0.11465062745971634,0.37750387423402876,7979.735,10,2026-09-24T14:37:13.188354+00:00
Falcon3-7B-Base,belief_bank_constraints,hidden,2,25610,belief_bank_facts,64,16830,27416,8415,8415,7533,19883,103.2527,3073,0.1385185185185185,0.12412053630691623,0.5472351911292676,0.130924875726388,0.38547005357686553,8085.063,10,2026-09-24T14:37:13.188354+00:00
Falcon3-7B-Base,belief_bank_constraints,hidden,2,25610,belief_bank_facts,67,16830,27416,8415,8415,7533,19883,104.3169,3073,0.13783783783783785,0.09478295499800876,0.5883790487306683,0.1123259655470778,0.3908906863548146,8191.436,10,2026-09-24T14:37:13.188354+00:00
Falcon3-7B-Base,belief_bank_constraints,hidden,2,25610,belief_bank_facts,104,16830,27416,8415,8415,7533,19883,107.4311,3073,0.1335131490222522,0.10513739545997611,0.5666399182958857,0.11763832157445228,0.3758189176762382,8300.874,10,2026-09-24T14:37:13.188354+00:00
Falcon3-7B-Base,belief_bank_constraints,hidden,2,25610,belief_bank_facts,123,16830,27416,8415,8415,7533,19883,101.4368,3073,0.15546843314857375,0.15266162219567236,0.5393201050481471,0.15405224380442062,0.3853010842220298,8404.292,10,2026-09-24T14:37:13.188354+00:00
Falcon3-7B-Base,belief_bank_constraints,hidden,2,25610,belief_bank_facts,420,16830,27416,8415,8415,7533,19883,98.8656,3073,0.13319878910191726,0.10513739545997611,0.5661292675809746,0.11751613621188516,0.3829737229752769,8505.107,10,2026-09-24T14:37:13.188354+00:00
Falcon3-7B-Base,belief_bank_constraints,hidden,2,25610,belief_bank_facts,511,16830,27416,8415,8415,7533,19883,97.5732,3073,0.14845844504021447,0.11761582370901368,0.5721841260577765,0.13124953707132805,0.40472118991547257,8604.651,10,2026-09-24T14:37:13.188354+00:00
Falcon3-7B-Base,belief_bank_constraints,hidden,2,25610,belief_bank_facts,mean,0,0,0,0,0,0,101.97899,3073.0,0.14182563348765675,0.11359352183724944,0.5679931426903998,0.1258462727220208,0.38898361434570117,88166.354,10,2026-09-24T14:37:13.188354+00:00
Falcon3-7B-Base,belief_bank_constraints,hidden,2,25610,belief_bank_facts,std,0,0,0,0,0,0,2.88268318704987,0.0,0.007963614606442649,0.015148665636343227,0.014455476906601768,0.011392710431513024,0.009072325493564603,88166.354,10,2026-09-24T14:37:13.188354+00:00
Falcon3-7B-Base,belief_bank_constraints,hidden,2,25610,halu_eval,2,16830,10000,8415,8415,3259,6741,95.6289,3073,0.3300441443780836,0.779993863148205,0.4123,0.4638262932214214,0.5074535073846829,8701.549,10,2026-09-24T14:37:13.188354+00:00
Falcon3-7B-Base,belief_bank_constraints,hidden,2,25610,halu_eval,4,16830,10000,8415,8415,3259,6741,98.373,3073,0.3297652824348723,0.7845965019944768,0.4101,0.46436030146190865,0.5073568708592353,8801.19,10,2026-09-24T14:37:13.188354+00:00
Falcon3-7B-Base,belief_bank_constraints,hidden,2,25610,halu_eval,24,16830,10000,8415,8415,3259,6741,100.3349,3073,0.32979447393493944,0.7434795949677815,0.424,0.4569111823496134,0.5048275019813219,8902.802,10,2026-09-24T14:37:13.188354+00:00
Falcon3-7B-Base,belief_bank_constraints,hidden,2,25610,halu_eval,42,16830,10000,8415,8415,3259,6741,101.3572,3073,0.32953652788688137,0.7723227984044185,0.4137,0.46196200789208036,0.5046785870529178,9005.426,10,2026-09-24T14:37:13.188354+00:00
Falcon3-7B-Base,belief_bank_constraints,hidden,2,25610,halu_eval,64,16830,10000,8415,8415,3259,6741,103.8117,3073,0.32883056734851407,0.7842896594047254,0.408,0.46337926033357507,0.5059525914770772,9110.499,10,2026-09-24T14:37:13.188354+00:00
Falcon3-7B-Base,belief_bank_constraints,hidden,2,25610,halu_eval,67,16830,10000,8415,8415,3259,6741,95.9573,3073,0.32714468629961585,0.783982816814974,0.4041,0.4616496521817689,0.5043810530686558,9207.727,10,2026-09-24T14:37:13.188354+00:00
Falcon3-7B-Base,belief_bank_constraints,hidden,2,25610,halu_eval,104,16830,10000,8415,8415,3259,6741,99.0539,3073,0.3303838646714379,0.7790733353789506,0.4134,0.4639985380116959,0.5101060957983413,9308.038,10,2026-09-24T14:37:13.188354+00:00
Falcon3-7B-Base,belief_bank_constraints,hidden,2,25610,halu_eval,123,16830,10000,8415,8415,3259,6741,99.6942,3073,0.33224115334207077,0.7778459650199447,0.4181,0.4656074938010837,0.5115020224709281,9408.991,10,2026-09-24T14:37:13.188354+00:00
Falcon3-7B-Base,belief_bank_constraints,hidden,2,25610,halu_eval,420,16830,10000,8415,8415,3259,6741,103.2837,3073,0.3308592275757957,0.8069960110463332,0.4052,0.4693076374018558,0.5111979792906516,9513.538,10,2026-09-24T14:37:13.188354+00:00
Falcon3-7B-Base,belief_bank_constraints,hidden,2,25610,halu_eval,511,16830,10000,8415,8415,3259,6741,95.1745,3073,0.33053257497414684,0.7845965019944768,0.4119,0.4651205093224193,0.5079457710231441,9609.975,10,2026-09-24T14:37:13.188354+00:00
Falcon3-7B-Base,belief_bank_constraints,hidden,2,25610,halu_eval,mean,0,0,0,0,0,0,99.26692999999999,3073.0,0.3299132502846358,0.7797177048174286,0.41208,0.46361228759774226,0.5075401980406956,88166.354,10,2026-09-24T14:37:13.188354+00:00
Falcon3-7B-Base,belief_bank_constraints,hidden,2,25610,halu_eval,std,0,0,0,0,0,0,2.902810927032624,0.0,0.001262982615324032,0.014841446678831579,0.005606745936815756,0.003016315245815407,0.0025281038402669258,88166.354,10,2026-09-24T14:37:13.188354+00:00
Falcon3-7B-Base,belief_bank_constraints,hidden,3,25610,belief_bank_constraints,2,16830,7683,8415,8415,3606,4077,101.4788,3073,0.7577292110874201,0.78840820854132,0.782376675777691,0.7727643381353628,0.8585219140529826,9714.056,10,2026-09-24T14:37:13.188354+00:00
Falcon3-7B-Base,belief_bank_constraints,hidden,3,25610,belief_bank_constraints,4,16830,7683,8415,8415,3606,4077,101.0056,3073,0.7591567852437417,0.7989462007764836,0.7866718729662893,0.7785434400756654,0.8637457452089431,9816.287,10,2026-09-24T14:37:13.188354+00:00
Falcon3-7B-Base,belief_bank_constraints,hidden,3,25610,belief_bank_constraints,24,16830,7683,8415,8415,3606,4077,100.3927,3073,0.7499334929502527,0.7817526344980588,0.775218013796694,0.7655125594025798,0.8563413442643423,9917.897,10,2026-09-24T14:37:13.188354+00:00
Falcon3-7B-Base,belief_bank_constraints,hidden,3,25610,belief_bank_constraints,42,16830,7683,8415,8415,3606,4077,100.7757,3073,0.7452905279915096,0.7789794786466999,0.7713132890797866,0.7617627118644068,0.853315665943075,10019.895,10,2026-09-24T14:37:13.188354+00:00
Falcon3-7B-Base,belief_bank_constraints,hidden,3,25610,belief_bank_constraints,64,16830,7683,8415,8415,3606,4077,98.0157,3073,0.754880694143167,0.7720465890183028,0.7753481712872576,0.763367151083082,0.8518393362600772,10119.134,10,2026-09-24T14:37:13.188354+00:00
Falcon3-7B-Base,belief_bank_constraints,hidden,3,25610,belief_bank_constraints,67,16830,7683,8415,8415,3606,4077,100.2552,3073,0.7593766508188061,0.7972823072656683,0.7862814004945985,0.7778679653679653,0.8610374119606341,10220.621,10,2026-09-24T14:37:13.188354+00:00
Falcon3-7B-Base,belief_bank_constraints,hidden,3,25610,belief_bank_constraints,104,16830,7683,8415,8415,3606,4077,102.2694,3073,0.7498047383493882,0.7986688851913477,0.7804243134192372,0.7734658251644958,0.8581445417531705,10324.12,10,2026-09-24T14:37:13.188354+00:00
Falcon3-7B-Base,belief_bank_constraints,hidden,3,25610,belief_bank_constraints,123,16830,7683,8415,8415,3606,4077,100.1168,3073,0.7539556962025317,0.7928452579034941,0.7813354158531823,0.772911597729116,0.8551903179382032,10425.468,10,2026-09-24T14:37:13.188354+00:00
Falcon3-7B-Base,belief_bank_constraints,hidden,3,25610,belief_bank_constraints,420,16830,7683,8415,8415,3606,4077,100.4119,3073,0.7539724576271186,0.7895174708818635,0.7802941559286737,0.7713356813871579,0.8574422402038626,10527.113,10,2026-09-24T14:37:13.188354+00:00
Falcon3-7B-Base,belief_bank_constraints,hidden,3,25610,belief_bank_constraints,511,16830,7683,8415,8415,3606,4077,107.3668,3073,0.7549721559268099,0.7895174708818635,0.7809449433814916,0.771858479056527,0.8535967906213596,10635.716,10,2026-09-24T14:37:13.188354+00:00
Falcon3-7B-Base,belief_bank_constraints,hidden,3,25610,belief_bank_constraints,mean,0,0,0,0,0,0,101.20886,3073.0,0.7539072410340746,0.7887964503605102,0.7800208251984901,0.7709389749266359,0.8569175308206651,88166.354,10,2026-09-24T14:37:13.188354+00:00
Falcon3-7B-Base,belief_bank_constraints,hidden,3,25610,belief_bank_constraints,std,0,0,0,0,0,0,2.301007943576032,0.0,0.004254842117545758,0.008465350650399954,0.0046100195664565006,0.005398445441361027,0.0034793234257987304,88166.354,10,2026-09-24T14:37:13.188354+00:00
Falcon3-7B-Base,belief_bank_constraints,hidden,3,25610,belief_bank_facts,2,16830,27416,8415,8415,7533,19883,97.5874,3073,0.1386151977324875,0.13633346608257002,0.5299095418733586,0.13746486414134654,0.37321658731322827,10735.284,10,2026-09-24T14:37:13.188354+00:00
Falcon3-7B-Base,belief_bank_constraints,hidden,3,25610,belief_bank_facts,4,16830,27416,8415,8415,7533,19883,100.0096,3073,0.135096497498213,0.12544802867383512,0.5390283046396265,0.13009361233480177,0.36084987726454104,10837.242,10,2026-09-24T14:37:13.188354+00:00
Falcon3-7B-Base,belief_bank_constraints,hidden,3,25610,belief_bank_facts,24,16830,27416,8415,8415,7533,19883,105.589,3073,0.1361582801059355,0.116022832868711,0.5548584768018675,0.1252866972477064,0.37786248010973045,10944.779,10,2026-09-24T14:37:13.188354+00:00
Falcon3-7B-Base,belief_bank_constraints,hidden,3,25610,belief_bank_facts,42,16830,27416,8415,8415,7533,19883,96.8584,3073,0.11824979230130157,0.11336784813487323,0.5241100087540123,0.11575737038292104,0.3554011196483098,11043.573,10,2026-09-24T14:37:13.188354+00:00
Falcon3-7B-Base,belief_bank_constraints,hidden,3,25610,belief_bank_facts,64,16830,27416,8415,8415,7533,19883,96.9847,3073,0.14144170017231475,0.13075799814151068,0.5430770353078495,0.13589018417603643,0.3828779316121306,11142.506,10,2026-09-24T14:37:13.188354+00:00
Falcon3-7B-Base,belief_bank_constraints,hidden,3,25610,belief_bank_facts,67,16830,27416,8415,8415,7533,19883,102.6712,3073,0.13800546841272127,0.12730651798752157,0.5417274584184418,0.13244027068084518,0.3730092680305367,11247.12,10,2026-09-24T14:37:13.188354+00:00
Falcon3-7B-Base,belief_bank_constraints,hidden,3,25610,belief_bank_facts,104,16830,27416,8415,8415,7533,19883,100.3223,3073,0.12872911694510739,0.11456259126510022,0.5436606361248906,0.12123340591416731,0.35761084062193943,11349.375,10,2026-09-24T14:37:13.188354+00:00
Falcon3-7B-Base,belief_bank_constraints,hidden,3,25610,belief_bank_facts,123,16830,27416,8415,8415,7533,19883,98.7293,3073,0.15208869974241238,0.1802734634275853,0.4986139480595273,0.16498602842910948,0.3645624260212432,11450.042,10,2026-09-24T14:37:13.188354+00:00
Falcon3-7B-Base,belief_bank_constraints,hidden,3,25610,belief_bank_facts,420,16830,27416,8415,8415,7533,19883,104.9721,3073,0.13130193905817175,0.1258462763839108,0.5310402684563759,0.12851623398630788,0.3710803681424826,11556.955,10,2026-09-24T14:37:13.188354+00:00
Falcon3-7B-Base,belief_bank_constraints,hidden,3,25610,belief_bank_facts,511,16830,27416,8415,8415,7533,19883,102.9332,3073,0.1423780487804878,0.12398778707022434,0.554092500729501,0.13254807351167247,0.3886038449047464,11661.826,10,2026-09-24T14:37:13.188354+00:00
Falcon3-7B-Base,belief_bank_constraints,hidden,3,25610,belief_bank_facts,mean,0,0,0,0,0,0,100.66572,3073.0,0.13620647407491532,0.12939068100358425,0.5360118179165452,0.13242167408049144,0.37050747436688886,88166.354,10,2026-09-24T14:37:13.188354+00:00
Falcon3-7B-Base,belief_bank_constraints,hidden,3,25610,belief_bank_facts,std,0,0,0,0,0,0,3.062136692833942,0.0,0.008546469876107453,0.01831959186237237,0.01560290006862995,0.012539435456099014,0.010352136575629578,88166.354,10,2026-09-24T14:37:13.188354+00:00
Falcon3-7B-Base,belief_bank_constraints,hidden,3,25610,halu_eval,2,16830,10000,8415,8415,3259,6741,96.7563,3073,0.32678702122468894,0.8220312979441546,0.3901,0.46766169154228854,0.5030071347616147,11759.839,10,2026-09-24T14:37:13.188354+00:00
Falcon3-7B-Base,belief_bank_constraints,hidden,3,25610,halu_eval,4,16830,10000,8415,8415,3259,6741,105.594,3073,0.3255084107456691,0.7956428352255293,0.3961,0.4620044543429844,0.5029055139217364,11866.695,10,2026-09-24T14:37:13.188354+00:00
Falcon3-7B-Base,belief_bank_constraints,hidden,3,25610,halu_eval,24,16830,10000,8415,8415,3259,6741,101.6992,3073,0.3273883761536543,0.8054617980975759,0.3973,0.4655493482309125,0.5016141668144891,11969.649,10,2026-09-24T14:37:13.188354+00:00
Falcon3-7B-Base,belief_bank_constraints,hidden,3,25610,halu_eval,42,16830,10000,8415,8415,3259,6741,96.1413,3073,0.32916719806147177,0.7919607241485118,0.4062,0.46504504504504507,0.5071510573642699,12067.047,10,2026-09-24T14:37:13.188354+00:00
Falcon3-7B-Base,belief_bank_constraints,hidden,3,25610,halu_eval,64,16830,10000,8415,8415,3259,6741,103.8915,3073,0.33101793382167216,0.8042344277385701,0.4065,0.4689988368971996,0.5061878556700946,12172.214,10,2026-09-24T14:37:13.188354+00:00
Falcon3-7B-Base,belief_bank_constraints,hidden,3,25610,halu_eval,67,16830,10000,8415,8415,3259,6741,102.3707,3073,0.3278278278278278,0.8039275851488187,0.3989,0.46573637898853437,0.5059274195512306,12275.863,10,2026-09-24T14:37:13.188354+00:00
Falcon3-7B-Base,belief_bank_constraints,hidden,3,25610,halu_eval,104,16830,10000,8415,8415,3259,6741,101.5159,3073,0.32810662485299885,0.7704817428659098,0.411,0.4602272727272727,0.5053081810716312,12378.649,10,2026-09-24T14:37:13.188354+00:00
Falcon3-7B-Base,belief_bank_constraints,hidden,3,25610,halu_eval,123,16830,10000,8415,8415,3259,6741,100.2995,3073,0.3288482903345266,0.8174286590978828,0.3968,0.46901408450704224,0.502861724784911,12480.235,10,2026-09-24T14:37:13.188354+00:00
Falcon3-7B-Base,belief_bank_constraints,hidden,3,25610,halu_eval,420,16830,10000,8415,8415,3259,6741,102.1061,3073,0.3271315919172006,0.8146670757901197,0.3935,0.4668131868131868,0.5001435437037207,12583.626,10,2026-09-24T14:37:13.188354+00:00
Falcon3-7B-Base,belief_bank_constraints,hidden,3,25610,halu_eval,511,16830,10000,8415,8415,3259,6741,103.1795,3073,0.3299414907148308,0.7959496778152808,0.4067,0.46650481071846056,0.5053069975814468,12688.092,10,2026-09-24T14:37:13.188354+00:00
Falcon3-7B-Base,belief_bank_constraints,hidden,3,25610,halu_eval,mean,0,0,0,0,0,0,101.3554,3073.0,0.3281724765654541,0.8021785823872353,0.40031,0.4657555109812927,0.5040413595225146,88166.354,10,2026-09-24T14:37:13.188354+00:00
Falcon3-7B-Base,belief_bank_constraints,hidden,3,25610,halu_eval,std,0,0,0,0,0,0,2.809211663082723,0.0,0.0015333081837420406,0.014111456849182165,0.006479421270453089,0.002676389210643444,0.002141894071661715,88166.354,10,2026-09-24T14:37:13.188354+00:00
Falcon3-7B-Base,belief_bank_constraints,hidden,4,25610,belief_bank_constraints,2,16830,7683,8415,8415,3606,4077,104.0647,3073,0.7525387493319081,0.7809206877426511,0.7766497461928934,0.7664670658682635,0.8495431672963233,12795.025,10,2026-09-24T14:37:13.188354+00:00
Falcon3-7B-Base,belief_bank_constraints,hidden,4,25610,belief_bank_constraints,4,16830,7683,8415,8415,3606,4077,100.5181,3073,0.7522792393852565,0.8008874098724348,0.7827671482493818,0.7758226997985225,0.8552126283409318,12896.773,10,2026-09-24T14:37:13.188354+00:00
Falcon3-7B-Base,belief_bank_constraints,hidden,4,25610,belief_bank_constraints,24,16830,7683,8415,8415,3606,4077,100.7431,3073,0.7465413730096581,0.79312257348863,0.7765195887023298,0.7691273362915154,0.8530981395164711,12998.756,10,2026-09-24T14:37:13.188354+00:00
Falcon3-7B-Base,belief_bank_constraints,hidden,4,25610,belief_bank_constraints,42,16830,7683,8415,8415,3606,4077,99.0693,3073,0.750801282051282,0.7795341098169717,0.7750878563061304,0.7648979591836734,0.8505836959113875,13099.06,10,2026-09-24T14:37:13.188354+00:00
Falcon3-7B-Base,belief_bank_constraints,hidden,4,25610,belief_bank_constraints,64,16830,7683,8415,8415,3606,4077,98.1026,3073,0.7487397187582914,0.7825845812534664,0.7746973838344396,0.7652881355932203,0.8499662827236811,13198.423,10,2026-09-24T14:37:13.188354+00:00
Falcon3-7B-Base,belief_bank_constraints,hidden,4,25610,belief_bank_constraints,67,16830,7683,8415,8415,3606,4077,102.9739,3073,0.7585933368588048,0.795618413754853,0.7852401405700898,0.7766648619382783,0.857088742755751,13302.638,10,2026-09-24T14:37:13.188354+00:00
Falcon3-7B-Base,belief_bank_constraints,hidden,4,25610,belief_bank_constraints,104,16830,7683,8415,8415,3606,4077,96.2688,3073,0.7428201811125485,0.7961730449251248,0.7749576988155669,0.7685718110025431,0.8517274441488315,13400.146,10,2026-09-24T14:37:13.188354+00:00
Falcon3-7B-Base,belief_bank_constraints,hidden,4,25610,belief_bank_constraints,123,16830,7683,8415,8415,3606,4077,98.452,3073,0.7450722733245729,0.7861896838602329,0.7733958089288039,0.7650789367156929,0.8426534360536925,13499.844,10,2026-09-24T14:37:13.188354+00:00
Falcon3-7B-Base,belief_bank_constraints,hidden,4,25610,belief_bank_constraints,420,16830,7683,8415,8415,3606,4077,102.5182,3073,0.7492055084745762,0.7845257903494176,0.7756084862683847,0.7664589542129504,0.8507628253186612,13603.597,10,2026-09-24T14:37:13.188354+00:00
Falcon3-7B-Base,belief_bank_constraints,hidden,4,25610,belief_bank_constraints,511,16830,7683,8415,8415,3606,4077,101.8308,3073,0.7497997329773031,0.778702163061564,0.7741767538721853,0.7639776901101891,0.8479725625578932,13706.661,10,2026-09-24T14:37:13.188354+00:00
Falcon3-7B-Base,belief_bank_constraints,hidden,4,25610,belief_bank_constraints,mean,0,0,0,0,0,0,100.45415,3073.0,0.7496391395284202,0.7878258458125347,0.7769100611740205,0.7682355450714848,0.8508608924623624,88166.354,10,2026-09-24T14:37:13.188354+00:00
Falcon3-7B-Base,belief_bank_constraints,hidden,4,25610,belief_bank_constraints,std,0,0,0,0,0,0,2.3366988865705403,0.0,0.004181859531546642,0.00754833461651619,0.0037075470279734836,0.004286381541516745,0.003765738735861784,88166.354,10,2026-09-24T14:37:13.188354+00:00
Falcon3-7B-Base,belief_bank_constraints,hidden,4,25610,belief_bank_facts,2,16830,27416,8415,8415,7533,19883,100.3962,3073,0.16524411061795835,0.19275189167662285,0.5106507149110009,0.17794117647058824,0.38085232901602206,13808.996,10,2026-09-24T14:37:13.188354+00:00
Falcon3-7B-Base,belief_bank_constraints,hidden,4,25610,belief_bank_facts,4,16830,27416,8415,8415,7533,19883,99.5992,3073,0.17920729122509538,0.22447895924598432,0.5044134811788736,0.1993046142966586,0.3876553985778974,13910.54,10,2026-09-24T14:37:13.188354+00:00
Falcon3-7B-Base,belief_bank_constraints,hidden,4,25610,belief_bank_facts,24,16830,27416,8415,8415,7533,19883,96.9536,3073,0.1593726283835062,0.16726403823178015,0.5287788152903414,0.16322300667141654,0.3932484891921071,14009.44,10,2026-09-24T14:37:13.188354+00:00
Falcon3-7B-Base,belief_bank_constraints,hidden,4,25610,belief_bank_facts,42,16830,27416,8415,8415,7533,19883,95.3078,3073,0.16021663093760577,0.1885039161024824,0.5055442077618909,0.17321297877531106,0.38151914306017964,14106.688,10,2026-09-24T14:37:13.188354+00:00
Falcon3-7B-Base,belief_bank_constraints,hidden,4,25610,belief_bank_facts,64,16830,27416,8415,8415,7533,19883,102.6029,3073,0.16454535030386425,0.19049515465286074,0.5118179165450831,0.17657192075796727,0.37641600215101434,14211.246,10,2026-09-24T14:37:13.188354+00:00
Falcon3-7B-Base,belief_bank_constraints,hidden,4,25610,belief_bank_facts,67,16830,27416,8415,8415,7533,19883,99.1228,3073,0.16291482942678115,0.1863799283154122,0.5133133936387511,0.17385920376447278,0.37696590366267113,14312.321,10,2026-09-24T14:37:13.188354+00:00
Falcon3-7B-Base,belief_bank_constraints,hidden,4,25610,belief_bank_facts,104,16830,27416,8415,8415,7533,19883,97.8072,3073,0.16290786948176583,0.1802734634275853,0.5202436533411147,0.17115130127922365,0.37681578212230915,14412.094,10,2026-09-24T14:37:13.188354+00:00
Falcon3-7B-Base,belief_bank_constraints,hidden,4,25610,belief_bank_facts,123,16830,27416,8415,8415,7533,19883,99.5631,3073,0.16550912301353737,0.18664542678879598,0.5179457251240152,0.1754429747941103,0.3826482126066054,14513.622,10,2026-09-24T14:37:13.188354+00:00
Falcon3-7B-Base,belief_bank_constraints,hidden,4,25610,belief_bank_facts,420,16830,27416,8415,8415,7533,19883,96.7697,3073,0.16251292063856668,0.18784016991902297,0.5108695652173914,0.17426108374384236,0.37846486574096855,14612.367,10,2026-09-24T14:37:13.188354+00:00
Falcon3-7B-Base,belief_bank_constraints,hidden,4,25610,belief_bank_facts,511,16830,27416,8415,8415,7533,19883,101.6548,3073,0.17260940032414912,0.19792911190760654,0.5189305515027721,0.18440418032280007,0.38934151685007634,14715.98,10,2026-09-24T14:37:13.188354+00:00
Falcon3-7B-Base,belief_bank_constraints,hidden,4,25610,belief_bank_facts,mean,0,0,0,0,0,0,98.97773,3073.0,0.165504015435283,0.1902562060268153,0.5142508024511235,0.17693724408763908,0.3823927642979851,88166.354,10,2026-09-24T14:37:13.188354+00:00
Falcon3-7B-Base,belief_bank_constraints,hidden,4,25610,belief_bank_facts,std,0,0,0,0,0,0,2.1652152821601836,0.0,0.005720085010843021,0.0137899303900941,0.0069735118063131065,0.009008286904388336,0.005556368172765401,88166.354,10,2026-09-24T14:37:13.188354+00:00
Falcon3-7B-Base,belief_bank_constraints,hidden,4,25610,halu_eval,2,16830,10000,8415,8415,3259,6741,98.7892,3073,0.32682729842509084,0.7450138079165388,0.4168,0.45434131736526945,0.49951618010881643,14816.049,10,2026-09-24T14:37:13.188354+00:00
Falcon3-7B-Base,belief_bank_constraints,hidden,4,25610,halu_eval,4,16830,10000,8415,8415,3259,6741,100.4456,3073,0.3275731584258325,0.7968702055845351,0.4007,0.46428890676678286,0.4991725582856398,14917.776,10,2026-09-24T14:37:13.188354+00:00
Falcon3-7B-Base,belief_bank_constraints,hidden,4,25610,halu_eval,24,16830,10000,8415,8415,3259,6741,97.9015,3073,0.32769848967715115,0.725682724762197,0.4254,0.451508209240168,0.5003156732472818,15016.961,10,2026-09-24T14:37:13.188354+00:00
Falcon3-7B-Base,belief_bank_constraints,hidden,4,25610,halu_eval,42,16830,10000,8415,8415,3259,6741,93.7607,3073,0.3271852445870088,0.7511506597115679,0.4155,0.4558234801228936,0.49970587992973164,15112.011,10,2026-09-24T14:37:13.188354+00:00
Falcon3-7B-Base,belief_bank_constraints,hidden,4,25610,halu_eval,64,16830,10000,8415,8415,3259,6741,101.1632,3073,0.3299492385786802,0.7379564283522553,0.4262,0.4560106181266591,0.500328509563898,15214.461,10,2026-09-24T14:37:13.188354+00:00
Falcon3-7B-Base,belief_bank_constraints,hidden,4,25610,halu_eval,67,16830,10000,8415,8415,3259,6741,97.8406,3073,0.32663248785752835,0.7428659097882786,0.4171,0.45375316277762157,0.5002803961360138,15313.588,10,2026-09-24T14:37:13.188354+00:00
Falcon3-7B-Base,belief_bank_constraints,hidden,4,25610,halu_eval,104,16830,10000,8415,8415,3259,6741,97.9082,3073,0.32370820668693007,0.6535747161706045,0.4421,0.4329708303689399,0.4971724143550259,15412.778,10,2026-09-24T14:37:13.188354+00:00
Falcon3-7B-Base,belief_bank_constraints,hidden,4,25610,halu_eval,123,16830,10000,8415,8415,3259,6741,97.9467,3073,0.3260539046302695,0.7238416692236882,0.4224,0.44959024204307224,0.4928722710480201,15512.008,10,2026-09-24T14:37:13.188354+00:00
Falcon3-7B-Base,belief_bank_constraints,hidden,4,25610,halu_eval,420,16830,10000,8415,8415,3259,6741,102.4693,3073,0.326686295503212,0.7490027615833078,0.4151,0.4549436212841301,0.4991250821217011,15615.763,10,2026-09-24T14:37:13.188354+00:00
Falcon3-7B-Base,belief_bank_constraints,hidden,4,25610,halu_eval,511,16830,10000,8415,8415,3259,6741,102.8212,3073,0.3281609195402299,0.7008284749923289,0.4349,0.4470104706918485,0.5007389303042176,15719.861,10,2026-09-24T14:37:13.188354+00:00
Falcon3-7B-Base,belief_bank_constraints,hidden,4,25610,halu_eval,mean,0,0,0,0,0,0,99.10461999999998,3073.0,0.32704752439119333,0.7326787358085303,0.42162,0.45202408587873855,0.49892278951003466,88166.354,10,2026-09-24T14:37:13.188354+00:00
Falcon3-7B-Base,belief_bank_constraints,hidden,4,25610,halu_eval,std,0,0,0,0,0,0,2.562116936363368,0.0,0.0015122225976101679,0.035229164184935234,0.010922160958345192,0.007694083638460874,0.002231566125014346,88166.354,10,2026-09-24T14:37:13.188354+00:00
Falcon3-7B-Base,belief_bank_constraints,hidden,5,25610,belief_bank_constraints,2,16830,7683,8415,8415,3606,4077,111.3544,3073,0.7359034880671388,0.7781475318912923,0.7648054145516074,0.7564361773823965,0.8304533528250072,15833.732,10,2026-09-24T14:37:13.188354+00:00
Falcon3-7B-Base,belief_bank_constraints,hidden,5,25610,belief_bank_constraints,4,16830,7683,8415,8415,3606,4077,110.1271,3073,0.7425691393124838,0.7967276760953965,0.7749576988155669,0.768695652173913,0.8344878286550187,15945.083,10,2026-09-24T14:37:13.188354+00:00
Falcon3-7B-Base,belief_bank_constraints,hidden,5,25610,belief_bank_constraints,24,16830,7683,8415,8415,3606,4077,103.7475,3073,0.7404780667192015,0.7817526344980588,0.768970454249642,0.7605557803858087,0.8361210453620821,16050.064,10,2026-09-24T14:37:13.188354+00:00
Falcon3-7B-Base,belief_bank_constraints,hidden,5,25610,belief_bank_constraints,42,16830,7683,8415,8415,3606,4077,107.1351,3073,0.7377005347593583,0.7651136993899057,0.7620721072497723,0.7511570922951266,0.8294580912008452,16158.431,10,2026-09-24T14:37:13.188354+00:00
Falcon3-7B-Base,belief_bank_constraints,hidden,5,25610,belief_bank_constraints,64,16830,7683,8415,8415,3606,4077,108.782,3073,0.7362666666666666,0.7656683305601775,0.7612911623063907,0.7506797172376292,0.8271319256285447,16268.438,10,2026-09-24T14:37:13.188354+00:00
Falcon3-7B-Base,belief_bank_constraints,hidden,5,25610,belief_bank_constraints,67,16830,7683,8415,8415,3606,4077,106.4289,3073,0.7491251682368775,0.7717692734331669,0.7715736040609137,0.7602786504575878,0.8313578083892826,16376.101,10,2026-09-24T14:37:13.188354+00:00
Falcon3-7B-Base,belief_bank_constraints,hidden,5,25610,belief_bank_constraints,104,16830,7683,8415,8415,3606,4077,106.3151,3073,0.7263617677286742,0.7839711591791458,0.759989587400755,0.7540677514003734,0.8268469578473508,16483.651,10,2026-09-24T14:37:13.188354+00:00
Falcon3-7B-Base,belief_bank_constraints,hidden,5,25610,belief_bank_constraints,123,16830,7683,8415,8415,3606,4077,104.7691,3073,0.7289719626168224,0.778702163061564,0.7602499023818821,0.7530168946098149,0.8262231848344765,16589.65,10,2026-09-24T14:37:13.188354+00:00
Falcon3-7B-Base,belief_bank_constraints,hidden,5,25610,belief_bank_constraints,420,16830,7683,8415,8415,3606,4077,102.7116,3073,0.7352315061202768,0.7662229617304492,0.7607705323441364,0.7504073872895166,0.8272979612781195,16693.608,10,2026-09-24T14:37:13.188354+00:00
Falcon3-7B-Base,belief_bank_constraints,hidden,5,25610,belief_bank_constraints,511,16830,7683,8415,8415,3606,4077,109.9975,3073,0.7381142098273572,0.7706600110926234,0.7640244696082259,0.7540360873694207,0.8248441570755742,16804.84,10,2026-09-24T14:37:13.188354+00:00
Falcon3-7B-Base,belief_bank_constraints,hidden,5,25610,belief_bank_constraints,mean,0,0,0,0,0,0,107.13683,3073.0,0.7370722510054856,0.775873544093178,0.7648704932968893,0.7559331190601588,0.8294222313096302,88166.354,10,2026-09-24T14:37:13.188354+00:00
Falcon3-7B-Base,belief_bank_constraints,hidden,5,25610,belief_bank_constraints,std,0,0,0,0,0,0,2.7472240604107987,0.0,0.006118014652253138,0.009514632660489216,0.004968283784395685,0.00547643154590572,0.0035061098249385848,88166.354,10,2026-09-24T14:37:13.188354+00:00
Falcon3-7B-Base,belief_bank_constraints,hidden,5,25610,belief_bank_facts,2,16830,27416,8415,8415,7533,19883,114.3618,3073,0.17364864864864865,0.17058276914907738,0.5490589436825212,0.17210205584946092,0.38949437576342244,16921.156,10,2026-09-24T14:37:13.188354+00:00
Falcon3-7B-Base,belief_bank_constraints,hidden,5,25610,belief_bank_facts,4,16830,27416,8415,8415,7533,19883,112.4637,3073,0.17033290201152806,0.1922208947298553,0.5207907791070907,0.18061619059498565,0.3748431243256256,17035.574,10,2026-09-24T14:37:13.188354+00:00
Falcon3-7B-Base,belief_bank_constraints,hidden,5,25610,belief_bank_facts,24,16830,27416,8415,8415,7533,19883,105.0906,3073,0.17050379198266521,0.16713128899508828,0.5477458418441786,0.16880069719112423,0.3886482671270634,17142.618,10,2026-09-24T14:37:13.188354+00:00
Falcon3-7B-Base,belief_bank_constraints,hidden,5,25610,belief_bank_facts,42,16830,27416,8415,8415,7533,19883,108.5179,3073,0.17258682160306352,0.17350325235629896,0.5443536620951269,0.17304382364623327,0.38590473505370815,17253.08,10,2026-09-24T14:37:13.188354+00:00
Falcon3-7B-Base,belief_bank_constraints,hidden,5,25610,belief_bank_facts,64,16830,27416,8415,8415,7533,19883,108.4619,3073,0.17437952430196485,0.1790787202973583,0.5414721330609863,0.17669788460278996,0.38840721139147216,17363.488,10,2026-09-24T14:37:13.188354+00:00
Falcon3-7B-Base,belief_bank_constraints,hidden,5,25610,belief_bank_facts,67,16830,27416,8415,8415,7533,19883,106.5197,3073,0.18171881404563464,0.1765564848002124,0.5552961774146484,0.1791004578507945,0.38709441070565476,17471.973,10,2026-09-24T14:37:13.188354+00:00
Falcon3-7B-Base,belief_bank_constraints,hidden,5,25610,belief_bank_facts,104,16830,27416,8415,8415,7533,19883,107.6814,3073,0.1805830365387152,0.18173370503119607,0.5485847680186752,0.18115654360195846,0.3942613739466547,17581.617,10,2026-09-24T14:37:13.188354+00:00
Falcon3-7B-Base,belief_bank_constraints,hidden,5,25610,belief_bank_facts,123,16830,27416,8415,8415,7533,19883,100.9026,3073,0.17082590612002377,0.15266162219567236,0.5635760140064197,0.16123378899404137,0.3772913572809271,17684.478,10,2026-09-24T14:37:13.188354+00:00
Falcon3-7B-Base,belief_bank_constraints,hidden,5,25610,belief_bank_facts,420,16830,27416,8415,8415,7533,19883,103.8808,3073,0.15258342303552205,0.15053763440860216,0.5368762766267873,0.15155362512529236,0.36900820349956576,17790.318,10,2026-09-24T14:37:13.188354+00:00
Falcon3-7B-Base,belief_bank_constraints,hidden,5,25610,belief_bank_facts,511,16830,27416,8415,8415,7533,19883,114.8268,3073,0.1779248851661713,0.17483074472321783,0.5513203968485556,0.17636424506193504,0.3929116821524864,17907.104,10,2026-09-24T14:37:13.188354+00:00
Falcon3-7B-Base,belief_bank_constraints,hidden,5,25610,belief_bank_facts,mean,0,0,0,0,0,0,108.27072000000001,3073.0,0.17250877534539372,0.1718837116686579,0.545907499270499,0.1720669312518616,0.384786474124658,88166.354,10,2026-09-24T14:37:13.188354+00:00
Falcon3-7B-Base,belief_bank_constraints,hidden,5,25610,belief_bank_facts,std,0,0,0,0,0,0,4.299410329521947,0.0,0.007699116526232143,0.012020632132644217,0.010883940101341713,0.008915551335600165,0.007852121610968934,88166.354,10,2026-09-24T14:37:13.188354+00:00
Falcon3-7B-Base,belief_bank_constraints,hidden,5,25610,halu_eval,2,16830,10000,8415,8415,3259,6741,110.742,3073,0.32361166600079905,0.7456274930960417,0.4092,0.4513372956909361,0.4936025527701204,18019.135,10,2026-09-24T14:37:13.188354+00:00
Falcon3-7B-Base,belief_bank_constraints,hidden,5,25610,halu_eval,4,16830,10000,8415,8415,3259,6741,110.666,3073,0.32477238755265664,0.7333537895059834,0.4162,0.4501789414202298,0.49446650060478625,18131.083,10,2026-09-24T14:37:13.188354+00:00
Falcon3-7B-Base,belief_bank_constraints,hidden,5,25610,halu_eval,24,16830,10000,8415,8415,3259,6741,108.4167,3073,0.32808581777653945,0.7226142988646824,0.4273,0.451279103190572,0.49647806976756576,18240.781,10,2026-09-24T14:37:13.188354+00:00
Falcon3-7B-Base,belief_bank_constraints,hidden,5,25610,halu_eval,42,16830,10000,8415,8415,3259,6741,109.4416,3073,0.32711700511120323,0.7266032525314514,0.4238,0.45113354924747573,0.4958737614718321,18351.512,10,2026-09-24T14:37:13.188354+00:00
Falcon3-7B-Base,belief_bank_constraints,hidden,5,25610,halu_eval,64,16830,10000,8415,8415,3259,6741,108.3239,3073,0.325171939477304,0.7253758821724455,0.4199,0.4490454933991832,0.49792627484310903,18461.112,10,2026-09-24T14:37:13.188354+00:00
Falcon3-7B-Base,belief_bank_constraints,hidden,5,25610,halu_eval,67,16830,10000,8415,8415,3259,6741,109.2545,3073,0.32550924052340485,0.7404111690702669,0.4154,0.45221139430284857,0.4957158110510581,18571.638,10,2026-09-24T14:37:13.188354+00:00
Falcon3-7B-Base,belief_bank_constraints,hidden,5,25610,halu_eval,104,16830,10000,8415,8415,3259,6741,106.8852,3073,0.325960951799878,0.6557226142988647,0.4459,0.43545593479368316,0.49521503538703926,18679.797,10,2026-09-24T14:37:13.188354+00:00
Falcon3-7B-Base,belief_bank_constraints,hidden,5,25610,halu_eval,123,16830,10000,8415,8415,3259,6741,100.3355,3073,0.32711353523754844,0.6992942620435717,0.4332,0.4457265793076472,0.498696089689256,18781.405,10,2026-09-24T14:37:13.188354+00:00
Falcon3-7B-Base,belief_bank_constraints,hidden,5,25610,halu_eval,420,16830,10000,8415,8415,3259,6741,106.7264,3073,0.32558139534883723,0.7904265111997545,0.3981,0.46119416345895625,0.49343624963977517,18889.414,10,2026-09-24T14:37:13.188354+00:00
Falcon3-7B-Base,belief_bank_constraints,hidden,5,25610,halu_eval,511,16830,10000,8415,8415,3259,6741,111.3722,3073,0.3268466493079348,0.7318195765572262,0.4214,0.45187571049640013,0.49909251338220145,19002.077,10,2026-09-24T14:37:13.188354+00:00
Falcon3-7B-Base,belief_bank_constraints,hidden,5,25610,halu_eval,mean,0,0,0,0,0,0,108.2164,3073.0,0.32597705881361055,0.7271248849340288,0.42103999999999997,0.44994381653079324,0.4960502858606744,88166.354,10,2026-09-24T14:37:13.188354+00:00
Falcon3-7B-Base,belief_bank_constraints,hidden,5,25610,halu_eval,std,0,0,0,0,0,0,3.0177721981620826,0.0,0.001259535800705006,0.032377942251593704,0.012392675255972778,0.006075613080246054,0.0019008260288793308,88166.354,10,2026-09-24T14:37:13.188354+00:00
Falcon3-7B-Base,belief_bank_constraints,hidden,6,25610,belief_bank_constraints,2,16830,7683,8415,8415,3606,4077,106.9926,3073,0.7363972530375066,0.7731558513588463,0.7636339971365352,0.7543290043290043,0.8311532396813366,19111.193,10,2026-09-24T14:37:13.188354+00:00
Falcon3-7B-Base,belief_bank_constraints,hidden,6,25610,belief_bank_constraints,4,16830,7683,8415,8415,3606,4077,111.1735,3073,0.7324607329842932,0.7759290072102052,0.761811792268645,0.7535685429571775,0.820740913510323,19223.593,10,2026-09-24T14:37:13.188354+00:00
Falcon3-7B-Base,belief_bank_constraints,hidden,6,25610,belief_bank_constraints,24,16830,7683,8415,8415,3606,4077,103.3981,3073,0.7235155636934345,0.7670549084858569,0.753091240400885,0.7446493471530489,0.8252774414212487,19328.203,10,2026-09-24T14:37:13.188354+00:00
Falcon3-7B-Base,belief_bank_constraints,hidden,6,25610,belief_bank_constraints,42,16830,7683,8415,8415,3606,4077,107.7724,3073,0.7272964509394572,0.7728785357737105,0.7573864375894833,0.7493949986555526,0.8195092840523746,19437.191,10,2026-09-24T14:37:13.188354+00:00
Falcon3-7B-Base,belief_bank_constraints,hidden,6,25610,belief_bank_constraints,64,16830,7683,8415,8415,3606,4077,108.5429,3073,0.7249666221628839,0.7529118136439268,0.7499674606273591,0.7386750102026935,0.8134821763689031,19546.956,10,2026-09-24T14:37:13.188354+00:00
Falcon3-7B-Base,belief_bank_constraints,hidden,6,25610,belief_bank_constraints,67,16830,7683,8415,8415,3606,4077,112.8482,3073,0.7298071912454404,0.7767609539656128,0.7602499023818821,0.7525523911875336,0.8241246465875763,19661.025,10,2026-09-24T14:37:13.188354+00:00
Falcon3-7B-Base,belief_bank_constraints,hidden,6,25610,belief_bank_constraints,104,16830,7683,8415,8415,3606,4077,105.6956,3073,0.7204218106995884,0.7767609539656128,0.753742027853703,0.7475313584200693,0.8195076855936424,19767.941,10,2026-09-24T14:37:13.188354+00:00
Falcon3-7B-Base,belief_bank_constraints,hidden,6,25610,belief_bank_constraints,123,16830,7683,8415,8415,3606,4077,112.5695,3073,0.7202273314389047,0.7731558513588463,0.7525706104386307,0.7457536445098302,0.8186686648081012,19881.75,10,2026-09-24T14:37:13.188354+00:00
Falcon3-7B-Base,belief_bank_constraints,hidden,6,25610,belief_bank_constraints,420,16830,7683,8415,8415,3606,4077,116.1401,3073,0.7275871242351689,0.7584581253466445,0.7533515553820123,0.7427019687712152,0.8137927534995704,19999.159,10,2026-09-24T14:37:13.188354+00:00
Falcon3-7B-Base,belief_bank_constraints,hidden,6,25610,belief_bank_constraints,511,16830,7683,8415,8415,3606,4077,116.9887,3073,0.7286166842661035,0.7653910149750416,0.7560848626838474,0.7465512577765756,0.8179260276831286,20117.532,10,2026-09-24T14:37:13.188354+00:00
Falcon3-7B-Base,belief_bank_constraints,hidden,6,25610,belief_bank_constraints,mean,0,0,0,0,0,0,110.21216,3073.0,0.727129676470278,0.7692457016084304,0.7561889886762984,0.7475707523962701,0.8204182833206204,88166.354,10,2026-09-24T14:37:13.188354+00:00
Falcon3-7B-Base,belief_bank_constraints,hidden,6,25610,belief_bank_constraints,std,0,0,0,0,0,0,4.247670569665214,0.0,0.004840495160130745,0.00777320086678013,0.004247523739033432,0.004748776202909048,0.0050559580740609745,88166.354,10,2026-09-24T14:37:13.188354+00:00
Falcon3-7B-Base,belief_bank_constraints,hidden,6,25610,belief_bank_facts,2,16830,27416,8415,8415,7533,19883,111.7347,3073,0.20638935731684466,0.2924465684322315,0.49660782025094835,0.24199483715054648,0.4199108458983928,20231.256,10,2026-09-24T14:37:13.188354+00:00
Falcon3-7B-Base,belief_bank_constraints,hidden,6,25610,belief_bank_facts,4,16830,27416,8415,8415,7533,19883,110.2376,3073,0.20063559322033897,0.2514270542944378,0.5190764517070324,0.2231779885700819,0.41284692805894707,20343.469,10,2026-09-24T14:37:13.188354+00:00
Falcon3-7B-Base,belief_bank_constraints,hidden,6,25610,belief_bank_facts,24,16830,27416,8415,8415,7533,19883,113.4376,3073,0.20413943355119826,0.24877206956060002,0.5271009629413481,0.22425656674445044,0.42581846400673995,20458.895,10,2026-09-24T14:37:13.188354+00:00
Falcon3-7B-Base,belief_bank_constraints,hidden,6,25610,belief_bank_facts,42,16830,27416,8415,8415,7533,19883,111.6853,3073,0.19266846361185982,0.23722288596840568,0.5172891742048439,0.2126368396001904,0.39796658187019573,20572.555,10,2026-09-24T14:37:13.188354+00:00
Falcon3-7B-Base,belief_bank_constraints,hidden,6,25610,belief_bank_facts,64,16830,27416,8415,8415,7533,19883,108.8203,3073,0.19300794111950417,0.26456922872693484,0.4939816165742632,0.2231927879500532,0.40128583355601194,20683.363,10,2026-09-24T14:37:13.188354+00:00
Falcon3-7B-Base,belief_bank_constraints,hidden,6,25610,belief_bank_facts,67,16830,27416,8415,8415,7533,19883,118.5474,3073,0.20214342720328354,0.23536439665471923,0.5346512985118179,0.2174926398429833,0.42083518331342296,20803.907,10,2026-09-24T14:37:13.188354+00:00
Falcon3-7B-Base,belief_bank_constraints,hidden,6,25610,belief_bank_facts,104,16830,27416,8415,8415,7533,19883,109.9937,3073,0.18543607112616428,0.23257666268418956,0.5084257367960315,0.20634827159766797,0.3915955866043088,20915.886,10,2026-09-24T14:37:13.188354+00:00
Falcon3-7B-Base,belief_bank_constraints,hidden,6,25610,belief_bank_facts,123,16830,27416,8415,8415,7533,19883,107.3392,3073,0.18425478242589868,0.23270941192088146,0.506091333527867,0.20566668622044934,0.39702080615113616,21025.216,10,2026-09-24T14:37:13.188354+00:00
Falcon3-7B-Base,belief_bank_constraints,hidden,6,25610,belief_bank_facts,420,16830,27416,8415,8415,7533,19883,114.9441,3073,0.19495890410958905,0.23616089207487057,0.5221768310475635,0.21359106735502462,0.4005517368868601,21142.145,10,2026-09-24T14:37:13.188354+00:00
Falcon3-7B-Base,belief_bank_constraints,hidden,6,25610,belief_bank_facts,511,16830,27416,8415,8415,7533,19883,115.6581,3073,0.1867345016016582,0.26310898712332403,0.48267435074409104,0.21843830936242906,0.39834173549941254,21259.794,10,2026-09-24T14:37:13.188354+00:00
Falcon3-7B-Base,belief_bank_constraints,hidden,6,25610,belief_bank_facts,mean,0,0,0,0,0,0,112.23980000000002,3073.0,0.19503684752863396,0.24943581574405943,0.5108075576305806,0.21867959943938767,0.4066173701845428,88166.354,10,2026-09-24T14:37:13.188354+00:00
Falcon3-7B-Base,belief_bank_constraints,hidden,6,25610,belief_bank_facts,std,0,0,0,0,0,0,3.248750265871477,0.0,0.007620200396669087,0.018324011446483282,0.015420062842284785,0.010002899605462742,0.011457048412244776,88166.354,10,2026-09-24T14:37:13.188354+00:00
Falcon3-7B-Base,belief_bank_constraints,hidden,6,25610,halu_eval,2,16830,10000,8415,8415,3259,6741,112.5739,3073,0.3259543315321597,0.5737956428352256,0.4744,0.4157403290351267,0.4994978132515305,21373.67,10,2026-09-24T14:37:13.188354+00:00
Falcon3-7B-Base,belief_bank_constraints,hidden,6,25610,halu_eval,4,16830,10000,8415,8415,3259,6741,113.645,3073,0.32487055286453986,0.5968088370665848,0.4644,0.42072247458360373,0.495054376594497,21488.606,10,2026-09-24T14:37:13.188354+00:00
Falcon3-7B-Base,belief_bank_constraints,hidden,6,25610,halu_eval,24,16830,10000,8415,8415,3259,6741,114.7202,3073,0.3257687880282848,0.6078551702976374,0.4622,0.4241970021413276,0.49609300302850584,21604.631,10,2026-09-24T14:37:13.188354+00:00
Falcon3-7B-Base,belief_bank_constraints,hidden,6,25610,halu_eval,42,16830,10000,8415,8415,3259,6741,112.7885,3073,0.3267094351431701,0.6406873274010433,0.4526,0.4327461139896373,0.49785779172839595,21718.722,10,2026-09-24T14:37:13.188354+00:00
Falcon3-7B-Base,belief_bank_constraints,hidden,6,25610,halu_eval,64,16830,10000,8415,8415,3259,6741,108.5392,3073,0.32402060246605274,0.6370052163240257,0.4486,0.42954686530105524,0.4954797047592555,21828.562,10,2026-09-24T14:37:13.188354+00:00
Falcon3-7B-Base,belief_bank_constraints,hidden,6,25610,halu_eval,67,16830,10000,8415,8415,3259,6741,118.7874,3073,0.3261520901697817,0.7014421601718318,0.4304,0.4452668484612388,0.4930379141549932,21948.653,10,2026-09-24T14:37:13.188354+00:00
Falcon3-7B-Base,belief_bank_constraints,hidden,6,25610,halu_eval,104,16830,10000,8415,8415,3259,6741,109.8644,3073,0.32682425488180883,0.6830316047867444,0.4382,0.4421052631578947,0.4954009343837082,22059.811,10,2026-09-24T14:37:13.188354+00:00
Falcon3-7B-Base,belief_bank_constraints,hidden,6,25610,halu_eval,123,16830,10000,8415,8415,3259,6741,111.0228,3073,0.3257285595337219,0.6001841055538508,0.4648,0.422279792746114,0.4984271415448343,22172.139,10,2026-09-24T14:37:13.188354+00:00
Falcon3-7B-Base,belief_bank_constraints,hidden,6,25610,halu_eval,420,16830,10000,8415,8415,3259,6741,117.6392,3073,0.3292129557189798,0.6455968088370666,0.4558,0.4360621761658031,0.5027903512230165,22291.088,10,2026-09-24T14:37:13.188354+00:00
Falcon3-7B-Base,belief_bank_constraints,hidden,6,25610,halu_eval,511,16830,10000,8415,8415,3259,6741,116.5357,3073,0.3252194071866203,0.6026388462718625,0.463,0.4224564422456442,0.49716544997047873,22408.917,10,2026-09-24T14:37:13.188354+00:00
Falcon3-7B-Base,belief_bank_constraints,hidden,6,25610,halu_eval,mean,0,0,0,0,0,0,113.61162999999999,3073.0,0.326046097752512,0.6289045719545873,0.45544,0.4291123307827445,0.4970804480639216,88166.354,10,2026-09-24T14:37:13.188354+00:00
Falcon3-7B-Base,belief_bank_constraints,hidden,6,25610,halu_eval,std,0,0,0,0,0,0,3.1783311290833143,0.0,0.0013206011986062003,0.03833990484802383,0.01268630757943382,0.009251071755719584,0.002601479567406433,88166.354,10,2026-09-24T14:37:13.188354+00:00
Falcon3-7B-Base,belief_bank_constraints,hidden,7,25610,belief_bank_constraints,2,16830,7683,8415,8415,3606,4077,117.7763,3073,0.7370070514494647,0.7825845812534664,0.7668879344006247,0.7591123066577,0.8279182312856872,22528.782,10,2026-09-24T14:37:13.188354+00:00
Falcon3-7B-Base,belief_bank_constraints,hidden,7,25610,belief_bank_constraints,4,16830,7683,8415,8415,3606,4077,109.3097,3073,0.7291828793774319,0.7795341098169717,0.7606403748535728,0.7535182951347005,0.8266470824863204,22639.328,10,2026-09-24T14:37:13.188354+00:00
Falcon3-7B-Base,belief_bank_constraints,hidden,7,25610,belief_bank_constraints,24,16830,7683,8415,8415,3606,4077,111.895,3073,0.7241740954378605,0.7659456461453134,0.7532213978914487,0.7444743935309973,0.8266414368661177,22752.467,10,2026-09-24T14:37:13.188354+00:00
Falcon3-7B-Base,belief_bank_constraints,hidden,7,25610,belief_bank_constraints,42,16830,7683,8415,8415,3606,4077,109.358,3073,0.7255619445896497,0.7698280643372157,0.755303917740466,0.7470398277717977,0.8189710795963069,22863.073,10,2026-09-24T14:37:13.188354+00:00
Falcon3-7B-Base,belief_bank_constraints,hidden,7,25610,belief_bank_constraints,64,16830,7683,8415,8415,3606,4077,114.1672,3073,0.7337387625594923,0.7695507487520798,0.7607705323441364,0.7512181916621549,0.822302913779408,22978.492,10,2026-09-24T14:37:13.188354+00:00
Falcon3-7B-Base,belief_bank_constraints,hidden,7,25610,belief_bank_constraints,67,16830,7683,8415,8415,3606,4077,112.1807,3073,0.7258949568852887,0.7703826955074875,0.7556943902121567,0.747477465357191,0.8224329330928708,23091.934,10,2026-09-24T14:37:13.188354+00:00
Falcon3-7B-Base,belief_bank_constraints,hidden,7,25610,belief_bank_constraints,104,16830,7683,8415,8415,3606,4077,112.4493,3073,0.7165394402035623,0.7809206877426511,0.7521801379669399,0.7473460721868365,0.8228841065724406,23205.63,10,2026-09-24T14:37:13.188354+00:00
Falcon3-7B-Base,belief_bank_constraints,hidden,7,25610,belief_bank_constraints,123,16830,7683,8415,8415,3606,4077,111.4721,3073,0.7269200930954228,0.7795341098169717,0.7590784849668099,0.7523083099156965,0.8217840948866869,23318.361,10,2026-09-24T14:37:13.188354+00:00
Falcon3-7B-Base,belief_bank_constraints,hidden,7,25610,belief_bank_constraints,420,16830,7683,8415,8415,3606,4077,111.5417,3073,0.7271533613445378,0.7678868552412645,0.7558245477027203,0.7469652009711357,0.8185024931194853,23431.149,10,2026-09-24T14:37:13.188354+00:00
Falcon3-7B-Base,belief_bank_constraints,hidden,7,25610,belief_bank_constraints,511,16830,7683,8415,8415,3606,4077,112.2832,3073,0.7267960146827478,0.7687188019966722,0.7558245477027203,0.7471698113207547,0.8173050094608352,23544.68,10,2026-09-24T14:37:13.188354+00:00
Falcon3-7B-Base,belief_bank_constraints,hidden,7,25610,belief_bank_constraints,mean,0,0,0,0,0,0,112.24332,3073.0,0.7272968599625459,0.7734886300610094,0.7575426265781596,0.7496629874508965,0.8225389381146158,88166.354,10,2026-09-24T14:37:13.188354+00:00
Falcon3-7B-Base,belief_bank_constraints,hidden,7,25610,belief_bank_constraints,std,0,0,0,0,0,0,2.291346698254107,0.0,0.005198128411948559,0.006005403298342386,0.0041408905532001865,0.004135341312724,0.003461452398602352,88166.354,10,2026-09-24T14:37:13.188354+00:00
Falcon3-7B-Base,belief_bank_constraints,hidden,7,25610,belief_bank_facts,2,16830,27416,8415,8415,7533,19883,115.8221,3073,0.19431905758009468,0.23430240276118414,0.5226874817624745,0.21244583533943187,0.419109282999961,23662.483,10,2026-09-24T14:37:13.188354+00:00
Falcon3-7B-Base,belief_bank_constraints,hidden,7,25610,belief_bank_facts,4,16830,27416,8415,8415,7533,19883,113.074,3073,0.20059848241957892,0.2491703172706757,0.5208637292092209,0.22226169330965068,0.4293944846167283,23777.527,10,2026-09-24T14:37:13.188354+00:00
Falcon3-7B-Base,belief_bank_constraints,hidden,7,25610,belief_bank_facts,24,16830,27416,8415,8415,7533,19883,114.4947,3073,0.19448459913265873,0.2321784149741139,0.5248030347242486,0.21166646496429867,0.4259889155488988,23893.994,10,2026-09-24T14:37:13.188354+00:00
Falcon3-7B-Base,belief_bank_constraints,hidden,7,25610,belief_bank_facts,42,16830,27416,8415,8415,7533,19883,107.1502,3073,0.1963660245183888,0.2381521306252489,0.5228698570177999,0.21524986501889734,0.4165684099987048,24003.136,10,2026-09-24T14:37:13.188354+00:00
Falcon3-7B-Base,belief_bank_constraints,hidden,7,25610,belief_bank_facts,64,16830,27416,8415,8415,7533,19883,113.8383,3073,0.20214652356509566,0.28753484667463164,0.4924131893784651,0.2373958790004384,0.4246098771133846,24118.959,10,2026-09-24T14:37:13.188354+00:00
Falcon3-7B-Base,belief_bank_constraints,hidden,7,25610,belief_bank_facts,67,16830,27416,8415,8415,7533,19883,116.2793,3073,0.19195287317994889,0.22925793176689235,0.5230522322731251,0.20895341802782819,0.42713200244795924,24237.217,10,2026-09-24T14:37:13.188354+00:00
Falcon3-7B-Base,belief_bank_constraints,hidden,7,25610,belief_bank_facts,104,16830,27416,8415,8415,7533,19883,113.6629,3073,0.19094823270251327,0.25315279437143234,0.5000729501021302,0.21769406392694063,0.41842681251763814,24352.9,10,2026-09-24T14:37:13.188354+00:00
Falcon3-7B-Base,belief_bank_constraints,hidden,7,25610,belief_bank_facts,123,16830,27416,8415,8415,7533,19883,115.7705,3073,0.1861743912018853,0.22023098367184388,0.5212284797198716,0.20177572366820726,0.41355781714640893,24470.768,10,2026-09-24T14:37:13.188354+00:00
Falcon3-7B-Base,belief_bank_constraints,hidden,7,25610,belief_bank_facts,420,16830,27416,8415,8415,7533,19883,114.8804,3073,0.18723256620793338,0.21492101420416831,0.5279398891158448,0.20012360939431398,0.41889749712574165,24587.651,10,2026-09-24T14:37:13.188354+00:00
Falcon3-7B-Base,belief_bank_constraints,hidden,7,25610,belief_bank_facts,511,16830,27416,8415,8415,7533,19883,111.2529,3073,0.19001459245361685,0.2420018584893137,0.5082798365917712,0.21288024756232848,0.4218338036841155,24700.907,10,2026-09-24T14:37:13.188354+00:00
Falcon3-7B-Base,belief_bank_constraints,hidden,7,25610,belief_bank_facts,mean,0,0,0,0,0,0,113.62253000000001,3073.0,0.19342373429617146,0.2400902694809505,0.5164210679894952,0.21404468002123353,0.42155189031995405,88166.354,10,2026-09-24T14:37:13.188354+00:00
Falcon3-7B-Base,belief_bank_constraints,hidden,7,25610,belief_bank_facts,std,0,0,0,0,0,0,2.582798891532209,0.0,0.004989443849385945,0.01937213026880715,0.01131607289008271,0.010036836329844277,0.0048299111271000806,88166.354,10,2026-09-24T14:37:13.188354+00:00
Falcon3-7B-Base,belief_bank_constraints,hidden,7,25610,halu_eval,2,16830,10000,8415,8415,3259,6741,116.0641,3073,0.3218203982121089,0.7290579932494631,0.411,0.4465326066528848,0.49492985977143433,24818.279,10,2026-09-24T14:37:13.188354+00:00
Falcon3-7B-Base,belief_bank_constraints,hidden,7,25610,halu_eval,4,16830,10000,8415,8415,3259,6741,112.1472,3073,0.3221897200167154,0.7097269100951212,0.4188,0.44318835025867026,0.49723543520734914,24931.733,10,2026-09-24T14:37:13.188354+00:00
Falcon3-7B-Base,belief_bank_constraints,hidden,7,25610,halu_eval,24,16830,10000,8415,8415,3259,6741,113.0023,3073,0.3223935492997595,0.6992942620435717,0.423,0.44132455460883036,0.49948304238365115,25046.052,10,2026-09-24T14:37:13.188354+00:00
Falcon3-7B-Base,belief_bank_constraints,hidden,7,25610,halu_eval,42,16830,10000,8415,8415,3259,6741,107.8824,3073,0.32647708448371066,0.725682724762197,0.4227,0.45034751975626014,0.501767155680259,25155.247,10,2026-09-24T14:37:13.188354+00:00
Falcon3-7B-Base,belief_bank_constraints,hidden,7,25610,halu_eval,64,16830,10000,8415,8415,3259,6741,116.2358,3073,0.3248325972360735,0.6996011046333231,0.4282,0.44366608289550497,0.49660206312381594,25272.769,10,2026-09-24T14:37:13.188354+00:00
Falcon3-7B-Base,belief_bank_constraints,hidden,7,25610,halu_eval,67,16830,10000,8415,8415,3259,6741,110.2433,3073,0.32472067039106145,0.7134090211721387,0.4231,0.44630002879355024,0.49812571569861946,25384.316,10,2026-09-24T14:37:13.188354+00:00
Falcon3-7B-Base,belief_bank_constraints,hidden,7,25610,halu_eval,104,16830,10000,8415,8415,3259,6741,114.8148,3073,0.3205058471580092,0.7232279840441853,0.4101,0.4441722415905022,0.4926046429503427,25500.426,10,2026-09-24T14:37:13.188354+00:00
Falcon3-7B-Base,belief_bank_constraints,hidden,7,25610,halu_eval,123,16830,10000,8415,8415,3259,6741,113.8732,3073,0.32588717658702104,0.7072721693771096,0.4278,0.4461866047231901,0.49895586578474793,25615.59,10,2026-09-24T14:37:13.188354+00:00
Falcon3-7B-Base,belief_bank_constraints,hidden,7,25610,halu_eval,420,16830,10000,8415,8415,3259,6741,113.0147,3073,0.3263247620400625,0.7048174286590979,0.4296,0.4461060400077685,0.4998864077017171,25729.908,10,2026-09-24T14:37:13.188354+00:00
Falcon3-7B-Base,belief_bank_constraints,hidden,7,25610,halu_eval,511,16830,10000,8415,8415,3259,6741,111.5051,3073,0.3232140370421947,0.7121816508131329,0.4202,0.4446360153256705,0.49701198315674977,25842.709,10,2026-09-24T14:37:13.188354+00:00
Falcon3-7B-Base,belief_bank_constraints,hidden,7,25610,halu_eval,mean,0,0,0,0,0,0,112.87829000000002,3073.0,0.3238365842466717,0.712427124884934,0.42145,0.4452460044612832,0.4976602171458686,88166.354,10,2026-09-24T14:37:13.188354+00:00
Falcon3-7B-Base,belief_bank_constraints,hidden,7,25610,halu_eval,std,0,0,0,0,0,0,2.4600486655552145,0.0,0.001987026464767485,0.0099936516440897,0.006368712585758601,0.002324845718673045,0.0024854571699120544,88166.354,10,2026-09-24T14:37:13.188354+00:00
Falcon3-7B-Base,belief_bank_constraints,hidden,8,25610,belief_bank_constraints,2,16830,7683,8415,8415,3606,4077,117.1339,3073,0.7431289640591966,0.7798114254021076,0.7701418716647143,0.7610284167794317,0.8334420285271149,25961.971,10,2026-09-24T14:37:13.188354+00:00
Falcon3-7B-Base,belief_bank_constraints,hidden,8,25610,belief_bank_constraints,4,16830,7683,8415,8415,3606,4077,117.0275,3073,0.7335064935064936,0.7831392124237382,0.7646752570610439,0.7575107296137339,0.8301217236527407,26080.305,10,2026-09-24T14:37:13.188354+00:00
Falcon3-7B-Base,belief_bank_constraints,hidden,8,25610,belief_bank_constraints,24,16830,7683,8415,8415,3606,4077,109.4555,3073,0.736318407960199,0.7798114254021076,0.765586359494989,0.7574410774410775,0.8286792336811987,26191.125,10,2026-09-24T14:37:13.188354+00:00
Falcon3-7B-Base,belief_bank_constraints,hidden,8,25610,belief_bank_constraints,42,16830,7683,8415,8415,3606,4077,114.4367,3073,0.7413290971670639,0.776483638380477,0.7679291943251334,0.7584992550453745,0.8257071207323362,26306.81,10,2026-09-24T14:37:13.188354+00:00
Falcon3-7B-Base,belief_bank_constraints,hidden,8,25610,belief_bank_constraints,64,16830,7683,8415,8415,3606,4077,110.721,3073,0.7328730748805098,0.7653910149750416,0.7589483274762463,0.74877916440586,0.8240419688603913,26418.77,10,2026-09-24T14:37:13.188354+00:00
Falcon3-7B-Base,belief_bank_constraints,hidden,8,25610,belief_bank_constraints,67,16830,7683,8415,8415,3606,4077,119.4486,3073,0.7372815027393687,0.78369384359401,0.7674085643628791,0.7597795402607878,0.8312518679860821,26539.468,10,2026-09-24T14:37:13.188354+00:00
Falcon3-7B-Base,belief_bank_constraints,hidden,8,25610,belief_bank_constraints,104,16830,7683,8415,8415,3606,4077,106.4066,3073,0.7256206808292808,0.7861896838602329,0.7601197448913185,0.7546918674297883,0.8251801735069138,26647.11,10,2026-09-24T14:37:13.188354+00:00
Falcon3-7B-Base,belief_bank_constraints,hidden,8,25610,belief_bank_constraints,123,16830,7683,8415,8415,3606,4077,111.9711,3073,0.7321615949632738,0.773987798114254,0.7610308473252636,0.752493933674845,0.822078619410513,26760.319,10,2026-09-24T14:37:13.188354+00:00
Falcon3-7B-Base,belief_bank_constraints,hidden,8,25610,belief_bank_constraints,420,16830,7683,8415,8415,3606,4077,114.7642,3073,0.7423557564477533,0.7742651136993899,0.7679291943251334,0.7579747522736527,0.8250650504684436,26876.314,10,2026-09-24T14:37:13.188354+00:00
Falcon3-7B-Base,belief_bank_constraints,hidden,8,25610,belief_bank_constraints,511,16830,7683,8415,8415,3606,4077,114.3037,3073,0.7390612569610183,0.7728785357737105,0.7653260445138618,0.755591703944693,0.8237463900339974,26991.868,10,2026-09-24T14:37:13.188354+00:00
Falcon3-7B-Base,belief_bank_constraints,hidden,8,25610,belief_bank_constraints,mean,0,0,0,0,0,0,113.56688,3073.0,0.7363636829514157,0.777565169162507,0.7649095405440584,0.7563790440869245,0.8269314176859732,88166.354,10,2026-09-24T14:37:13.188354+00:00
Falcon3-7B-Base,belief_bank_constraints,hidden,8,25610,belief_bank_constraints,std,0,0,0,0,0,0,3.7529431159557958,0.0,0.005175598268762468,0.005900308616799504,0.00355060473494779,0.003448897945973415,0.003526745097013988,88166.354,10,2026-09-24T14:37:13.188354+00:00
Falcon3-7B-Base,belief_bank_constraints,hidden,8,25610,belief_bank_facts,2,16830,27416,8415,8415,7533,19883,111.0738,3073,0.15524730278828638,0.14708615425461305,0.5457397140355996,0.1510565780504431,0.39096084989796176,27104.919,10,2026-09-24T14:37:13.188354+00:00
Falcon3-7B-Base,belief_bank_constraints,hidden,8,25610,belief_bank_facts,4,16830,27416,8415,8415,7533,19883,112.5783,3073,0.16104294478527606,0.15332536837913183,0.5478917420484388,0.15708942536552192,0.4103434936406386,27219.478,10,2026-09-24T14:37:13.188354+00:00
Falcon3-7B-Base,belief_bank_constraints,hidden,8,25610,belief_bank_facts,24,16830,27416,8415,8415,7533,19883,110.1639,3073,0.1490855888807608,0.1352714721890349,0.5502626203676685,0.14184298440979956,0.3898897492318648,27331.66,10,2026-09-24T14:37:13.188354+00:00
Falcon3-7B-Base,belief_bank_constraints,hidden,8,25610,belief_bank_facts,42,16830,27416,8415,8415,7533,19883,117.5266,3073,0.14326688656245518,0.13261648745519714,0.5437700612780858,0.13773610919619467,0.3762187009857928,27451.177,10,2026-09-24T14:37:13.188354+00:00
Falcon3-7B-Base,belief_bank_constraints,hidden,8,25610,belief_bank_facts,64,16830,27416,8415,8415,7533,19883,116.0278,3073,0.15857734991309,0.15744059471658037,0.5389553545374963,0.15800692779110045,0.39486451068633355,27569.189,10,2026-09-24T14:37:13.188354+00:00
Falcon3-7B-Base,belief_bank_constraints,hidden,8,25610,belief_bank_facts,67,16830,27416,8415,8415,7533,19883,116.4139,3073,0.15914880863179978,0.14097968936678615,0.5593084330318062,0.14951428973673095,0.39955706901569593,27687.581,10,2026-09-24T14:37:13.188354+00:00
Falcon3-7B-Base,belief_bank_constraints,hidden,8,25610,belief_bank_facts,104,16830,27416,8415,8415,7533,19883,105.5818,3073,0.14829170255526844,0.13712996150272136,0.5465056901079661,0.14249258569556522,0.37960620673018663,27795.15,10,2026-09-24T14:37:13.188354+00:00
Falcon3-7B-Base,belief_bank_constraints,hidden,8,25610,belief_bank_facts,123,16830,27416,8415,8415,7533,19883,114.0444,3073,0.16790273556231003,0.18332669587149875,0.525970236358331,0.1752760502601853,0.3952026997654853,27911.215,10,2026-09-24T14:37:13.188354+00:00
Falcon3-7B-Base,belief_bank_constraints,hidden,8,25610,belief_bank_facts,420,16830,27416,8415,8415,7533,19883,115.5559,3073,0.16477044572346405,0.1634143103677154,0.5425299095418734,0.1640895761130365,0.3874719311610249,28028.732,10,2026-09-24T14:37:13.188354+00:00
Falcon3-7B-Base,belief_bank_constraints,hidden,8,25610,belief_bank_facts,511,16830,27416,8415,8415,7533,19883,111.2123,3073,0.15502294747577766,0.16142307181733706,0.5278304639626495,0.1581582883527346,0.3882458198862389,28141.906,10,2026-09-24T14:37:13.188354+00:00
Falcon3-7B-Base,belief_bank_constraints,hidden,8,25610,belief_bank_facts,mean,0,0,0,0,0,0,113.01786999999999,3073.0,0.15623567128784882,0.15120138059206162,0.5428764225269915,0.15352628149713124,0.3912361031001223,88166.354,10,2026-09-24T14:37:13.188354+00:00
Falcon3-7B-Base,belief_bank_constraints,hidden,8,25610,belief_bank_facts,std,0,0,0,0,0,0,3.4509375462473955,0.0,0.007286355303855279,0.014992320544742314,0.009484639026581955,0.010810320233477446,0.009214152976494354,88166.354,10,2026-09-24T14:37:13.188354+00:00
Falcon3-7B-Base,belief_bank_constraints,hidden,8,25610,halu_eval,2,16830,10000,8415,8415,3259,6741,111.698,3073,0.3252929953665849,0.7324332617367291,0.4177,0.4505048598659998,0.498709608788671,28254.897,10,2026-09-24T14:37:13.188354+00:00
Falcon3-7B-Base,belief_bank_constraints,hidden,8,25610,halu_eval,4,16830,10000,8415,8415,3259,6741,112.1543,3073,0.3265044814340589,0.7042037434795949,0.4302,0.44615085536547433,0.499632640094854,28368.333,10,2026-09-24T14:37:13.188354+00:00
Falcon3-7B-Base,belief_bank_constraints,hidden,8,25610,halu_eval,24,16830,10000,8415,8415,3259,6741,107.1038,3073,0.3274791824375473,0.6637005216324026,0.4462,0.43856447688564476,0.4987855342358903,28476.727,10,2026-09-24T14:37:13.188354+00:00
Falcon3-7B-Base,belief_bank_constraints,hidden,8,25610,halu_eval,42,16830,10000,8415,8415,3259,6741,115.2263,3073,0.32623399050223056,0.6956121509665542,0.4326,0.4441614420062696,0.5034033081008674,28593.272,10,2026-09-24T14:37:13.188354+00:00
Falcon3-7B-Base,belief_bank_constraints,hidden,8,25610,halu_eval,64,16830,10000,8415,8415,3259,6741,115.8773,3073,0.3264182895850974,0.7097269100951212,0.4281,0.4471725471242146,0.50100740050068,28710.461,10,2026-09-24T14:37:13.188354+00:00
Falcon3-7B-Base,belief_bank_constraints,hidden,8,25610,halu_eval,67,16830,10000,8415,8415,3259,6741,112.3712,3073,0.3243740274437686,0.703590058300092,0.4258,0.4440356312935709,0.49946048779186636,28824.148,10,2026-09-24T14:37:13.188354+00:00
Falcon3-7B-Base,belief_bank_constraints,hidden,8,25610,halu_eval,104,16830,10000,8415,8415,3259,6741,107.2204,3073,0.32781310069495784,0.6802700214789813,0.4412,0.4424266613450409,0.5037102872471786,28932.654,10,2026-09-24T14:37:13.188354+00:00
Falcon3-7B-Base,belief_bank_constraints,hidden,8,25610,halu_eval,123,16830,10000,8415,8415,3259,6741,115.3194,3073,0.32773356911287943,0.6824179196072415,0.4403,0.4428073668491787,0.49909153472685663,29049.262,10,2026-09-24T14:37:13.188354+00:00
Falcon3-7B-Base,belief_bank_constraints,hidden,8,25610,halu_eval,420,16830,10000,8415,8415,3259,6741,114.5953,3073,0.32489033536153955,0.7045105860693465,0.4266,0.44470269223319775,0.5040941022177742,29165.148,10,2026-09-24T14:37:13.188354+00:00
Falcon3-7B-Base,belief_bank_constraints,hidden,8,25610,halu_eval,511,16830,10000,8415,8415,3259,6741,112.6267,3073,0.3268938241557651,0.6594047253758821,0.4465,0.4370995626970406,0.5009657962688104,29279.052,10,2026-09-24T14:37:13.188354+00:00
Falcon3-7B-Base,belief_bank_constraints,hidden,8,25610,halu_eval,mean,0,0,0,0,0,0,112.41927000000001,3073.0,0.3263633796094429,0.6935869898741946,0.43352,0.44376260956656316,0.500886069997345,88166.354,10,2026-09-24T14:37:13.188354+00:00
Falcon3-7B-Base,belief_bank_constraints,hidden,8,25610,halu_eval,std,0,0,0,0,0,0,2.9816354156905223,0.0,0.0011321779040043799,0.021141075887378593,0.009128066607995361,0.003715113969926503,0.002014899518608099,88166.354,10,2026-09-24T14:37:13.188354+00:00
Falcon3-7B-Base,belief_bank_constraints,hidden,9,25610,belief_bank_constraints,2,16830,7683,8415,8415,3606,4077,107.8594,3073,0.7483337776592909,0.7784248474764282,0.7731354939476767,0.7630827783063748,0.8384963890477145,29389.189,10,2026-09-24T14:37:13.188354+00:00
Falcon3-7B-Base,belief_bank_constraints,hidden,9,25610,belief_bank_constraints,4,16830,7683,8415,8415,3606,4077,109.0704,3073,0.7438799684127402,0.78369384359401,0.7718339190420409,0.763268062120189,0.8349836229400458,29499.484,10,2026-09-24T14:37:13.188354+00:00
Falcon3-7B-Base,belief_bank_constraints,hidden,9,25610,belief_bank_constraints,24,16830,7683,8415,8415,3606,4077,107.2368,3073,0.7350405016984584,0.7800887409872435,0.7648054145516074,0.7568949280236782,0.8352186303834219,29607.955,10,2026-09-24T14:37:13.188354+00:00
Falcon3-7B-Base,belief_bank_constraints,hidden,9,25610,belief_bank_constraints,42,16830,7683,8415,8415,3606,4077,111.2047,3073,0.7409559017692104,0.7781475318912923,0.7681895093062606,0.7590964425808197,0.8294116338683342,29720.4,10,2026-09-24T14:37:13.188354+00:00
Falcon3-7B-Base,belief_bank_constraints,hidden,9,25610,belief_bank_constraints,64,16830,7683,8415,8415,3606,4077,105.9747,3073,0.7455177950227455,0.7726012201885746,0.7694910842118964,0.7588179218303146,0.8302842562970092,29827.635,10,2026-09-24T14:37:13.188354+00:00
Falcon3-7B-Base,belief_bank_constraints,hidden,9,25610,belief_bank_constraints,67,16830,7683,8415,8415,3606,4077,105.0246,3073,0.7354566991313504,0.7748197448696617,0.7635038396459716,0.7546252532072923,0.8294264281140458,29933.932,10,2026-09-24T14:37:13.188354+00:00
Falcon3-7B-Base,belief_bank_constraints,hidden,9,25610,belief_bank_constraints,104,16830,7683,8415,8415,3606,4077,109.9431,3073,0.7329048843187661,0.7906267332224071,0.766497461928934,0.7606723585912487,0.832609775683865,30045.138,10,2026-09-24T14:37:13.188354+00:00
Falcon3-7B-Base,belief_bank_constraints,hidden,9,25610,belief_bank_constraints,123,16830,7683,8415,8415,3606,4077,112.3891,3073,0.730216766779838,0.7753743760399334,0.7601197448913185,0.7521183591123066,0.8266576255120001,30158.79,10,2026-09-24T14:37:13.188354+00:00
Falcon3-7B-Base,belief_bank_constraints,hidden,9,25610,belief_bank_constraints,420,16830,7683,8415,8415,3606,4077,110.3026,3073,0.741969737191399,0.7750970604547975,0.7679291943251334,0.758171707581717,0.8311038575094436,30270.359,10,2026-09-24T14:37:13.188354+00:00
Falcon3-7B-Base,belief_bank_constraints,hidden,9,25610,belief_bank_constraints,511,16830,7683,8415,8415,3606,4077,114.1338,3073,0.7409766454352441,0.7742651136993899,0.7670180918911883,0.7572552210469217,0.8322982122701501,30385.74,10,2026-09-24T14:37:13.188354+00:00
Falcon3-7B-Base,belief_bank_constraints,hidden,9,25610,belief_bank_constraints,mean,0,0,0,0,0,0,109.31392000000001,3073.0,0.7395252677419042,0.7783139212423739,0.7672523753742028,0.7584003032400862,0.8320490431626031,88166.354,10,2026-09-24T14:37:13.188354+00:00
Falcon3-7B-Base,belief_bank_constraints,hidden,9,25610,belief_bank_constraints,std,0,0,0,0,0,0,2.714302747594673,0.0,0.0055653960664143924,0.005137753032554961,0.0036536021366256454,0.0032982623996514683,0.003278903584263099,88166.354,10,2026-09-24T14:37:13.188354+00:00
Falcon3-7B-Base,belief_bank_constraints,hidden,9,25610,belief_bank_facts,2,16830,27416,8415,8415,7533,19883,106.3313,3073,0.19965000380430648,0.3483339970795168,0.43726291216807706,0.2538208550976978,0.4227855381968052,30494.036,10,2026-09-24T14:37:13.188354+00:00
Falcon3-7B-Base,belief_bank_constraints,hidden,9,25610,belief_bank_facts,4,16830,27416,8415,8415,7533,19883,107.471,3073,0.19104526479495784,0.30983671843886895,0.44988327983659177,0.23635443037974682,0.4193881545418503,30603.482,10,2026-09-24T14:37:13.188354+00:00
Falcon3-7B-Base,belief_bank_constraints,hidden,9,25610,belief_bank_facts,24,16830,27416,8415,8415,7533,19883,109.2018,3073,0.17909967845659164,0.2957652993495287,0.43401663262328566,0.22310118660191258,0.4052911310003291,30714.675,10,2026-09-24T14:37:13.188354+00:00
Falcon3-7B-Base,belief_bank_constraints,hidden,9,25610,belief_bank_facts,42,16830,27416,8415,8415,7533,19883,111.4816,3073,0.1811605723370429,0.30253551042081506,0.43263058068281296,0.2266195992641575,0.3979677869819608,30828.126,10,2026-09-24T14:37:13.188354+00:00
Falcon3-7B-Base,belief_bank_constraints,hidden,9,25610,belief_bank_facts,64,16830,27416,8415,8415,7533,19883,102.3278,3073,0.19058312747960177,0.33797955661754947,0.42369419317187046,0.2437296572850852,0.41149248258291354,30932.449,10,2026-09-24T14:37:13.188354+00:00
Falcon3-7B-Base,belief_bank_constraints,hidden,9,25610,belief_bank_facts,67,16830,27416,8415,8415,7533,19883,105.9643,3073,0.1855949249574501,0.3184654188238418,0.42876422526991537,0.23451781612004496,0.4125972863193129,31040.387,10,2026-09-24T14:37:13.188354+00:00
Falcon3-7B-Base,belief_bank_constraints,hidden,9,25610,belief_bank_facts,104,16830,27416,8415,8415,7533,19883,112.1154,3073,0.18297362110311752,0.303863002787734,0.4359133352786694,0.2284089208202365,0.41440517763016926,31154.472,10,2026-09-24T14:37:13.188354+00:00
Falcon3-7B-Base,belief_bank_constraints,hidden,9,25610,belief_bank_facts,123,16830,27416,8415,8415,7533,19883,115.1905,3073,0.19514876154184377,0.35351121731050045,0.42176101546542166,0.25147551820199254,0.4039005688922037,31271.653,10,2026-09-24T14:37:13.188354+00:00
Falcon3-7B-Base,belief_bank_constraints,hidden,9,25610,belief_bank_facts,420,16830,27416,8415,8415,7533,19883,113.8572,3073,0.19300291545189505,0.30757998141510684,0.4563758389261745,0.23717883099600778,0.41971204585454935,31387.513,10,2026-09-24T14:37:13.188354+00:00
Falcon3-7B-Base,belief_bank_constraints,hidden,9,25610,belief_bank_facts,511,16830,27416,8415,8415,7533,19883,114.8583,3073,0.19700946472600017,0.3288198592858091,0.4473300262620368,0.2463941112105839,0.4242673482965752,31504.369,10,2026-09-24T14:37:13.188354+00:00
Falcon3-7B-Base,belief_bank_constraints,hidden,9,25610,belief_bank_facts,mean,0,0,0,0,0,0,109.87992000000001,3073.0,0.1895268334652807,0.3206690561529271,0.43676320396848556,0.23816009259774656,0.4131807520296669,88166.354,10,2026-09-24T14:37:13.188354+00:00
Falcon3-7B-Base,belief_bank_constraints,hidden,9,25610,belief_bank_facts,std,0,0,0,0,0,0,4.093776690245819,0.0,0.006653595598913619,0.01932622822175948,0.010741937217773272,0.009969491511356805,0.008251341149670176,88166.354,10,2026-09-24T14:37:13.188354+00:00
Falcon3-7B-Base,belief_bank_constraints,hidden,9,25610,halu_eval,2,16830,10000,8415,8415,3259,6741,111.1054,3073,0.325884268166346,0.6756673826327094,0.4388,0.4396964856230032,0.500438096203095,31616.759,10,2026-09-24T14:37:13.188354+00:00
Falcon3-7B-Base,belief_bank_constraints,hidden,9,25610,halu_eval,4,16830,10000,8415,8415,3259,6741,109.0569,3073,0.3287958115183246,0.6744400122737035,0.4452,0.4420756234915527,0.5062961677814006,31727.109,10,2026-09-24T14:37:13.188354+00:00
Falcon3-7B-Base,belief_bank_constraints,hidden,9,25610,halu_eval,24,16830,10000,8415,8415,3259,6741,110.2315,3073,0.3262542320714066,0.6505062902730899,0.4483,0.4345598032182023,0.5006450249099649,31838.602,10,2026-09-24T14:37:13.188354+00:00
Falcon3-7B-Base,belief_bank_constraints,hidden,9,25610,halu_eval,42,16830,10000,8415,8415,3259,6741,113.9453,3073,0.32559456398640996,0.7057379564283522,0.4277,0.44560689721980046,0.5031414836569792,31953.814,10,2026-09-24T14:37:13.188354+00:00
Falcon3-7B-Base,belief_bank_constraints,hidden,9,25610,halu_eval,64,16830,10000,8415,8415,3259,6741,105.6095,3073,0.3261897723913686,0.6772015955814668,0.4389,0.4402992518703242,0.5011318262860363,32060.731,10,2026-09-24T14:37:13.188354+00:00
Falcon3-7B-Base,belief_bank_constraints,hidden,9,25610,halu_eval,67,16830,10000,8415,8415,3259,6741,102.6654,3073,0.3296252927400468,0.6910095121202823,0.4413,0.4463383212763849,0.5019780217679349,32164.711,10,2026-09-24T14:37:13.188354+00:00
Falcon3-7B-Base,belief_bank_constraints,hidden,9,25610,halu_eval,104,16830,10000,8415,8415,3259,6741,110.486,3073,0.327883605819709,0.6707579011966861,0.4446,0.4404593995567197,0.5024070597192334,32276.464,10,2026-09-24T14:37:13.188354+00:00
Falcon3-7B-Base,belief_bank_constraints,hidden,9,25610,halu_eval,123,16830,10000,8415,8415,3259,6741,110.6993,3073,0.32729227461219473,0.6538815587603559,0.4492,0.4362333674513818,0.5030496948894027,32388.453,10,2026-09-24T14:37:13.188354+00:00
Falcon3-7B-Base,belief_bank_constraints,hidden,9,25610,halu_eval,420,16830,10000,8415,8415,3259,6741,111.5372,3073,0.33085988651243997,0.6977600490948144,0.4416,0.4488748519542045,0.5059106230943817,32501.256,10,2026-09-24T14:37:13.188354+00:00
Falcon3-7B-Base,belief_bank_constraints,hidden,9,25610,halu_eval,511,16830,10000,8415,8415,3259,6741,117.0449,3073,0.32661668228678536,0.6416078551702976,0.4521,0.43287444363937483,0.5007790779327832,32619.569,10,2026-09-24T14:37:13.188354+00:00
Falcon3-7B-Base,belief_bank_constraints,hidden,9,25610,halu_eval,mean,0,0,0,0,0,0,110.23814,3073.0,0.32749963901050316,0.6738570113531758,0.44277,0.4407018445300948,0.5025777076241212,88166.354,10,2026-09-24T14:37:13.188354+00:00
Falcon3-7B-Base,belief_bank_constraints,hidden,9,25610,halu_eval,std,0,0,0,0,0,0,3.7809375591776173,0.0,0.0016722827547365642,0.019724728571392614,0.006554395471742596,0.004946781797498858,0.001987548032564531,88166.354,10,2026-09-24T14:37:13.188354+00:00
Falcon3-7B-Base,belief_bank_constraints,hidden,10,25610,belief_bank_constraints,2,16830,7683,8415,8415,3606,4077,114.4721,3073,0.7557046979865771,0.7806433721575152,0.7786021085513471,0.7679716273359706,0.844799655984473,32736.12,10,2026-09-24T14:37:13.188354+00:00
Falcon3-7B-Base,belief_bank_constraints,hidden,10,25610,belief_bank_constraints,4,16830,7683,8415,8415,3606,4077,114.8467,3073,0.758840733847381,0.7914586799778147,0.7840687231550175,0.7748065698384689,0.8479087602476509,32852.192,10,2026-09-24T14:37:13.188354+00:00
Falcon3-7B-Base,belief_bank_constraints,hidden,10,25610,belief_bank_constraints,24,16830,7683,8415,8415,3606,4077,110.078,3073,0.7564204395022505,0.7922906267332224,0.7827671482493818,0.7739401327373696,0.8486248017401026,32963.487,10,2026-09-24T14:37:13.188354+00:00
Falcon3-7B-Base,belief_bank_constraints,hidden,10,25610,belief_bank_constraints,42,16830,7683,8415,8415,3606,4077,109.5662,3073,0.7471477845582383,0.7809206877426511,0.7731354939476767,0.7636610169491526,0.8409811081223334,33074.279,10,2026-09-24T14:37:13.188354+00:00
Falcon3-7B-Base,belief_bank_constraints,hidden,10,25610,belief_bank_constraints,64,16830,7683,8415,8415,3606,4077,111.5677,3073,0.7560511286374763,0.7709373266777593,0.7757386437589483,0.76342166689551,0.8418042463498343,33187.065,10,2026-09-24T14:37:13.188354+00:00
Falcon3-7B-Base,belief_bank_constraints,hidden,10,25610,belief_bank_constraints,67,16830,7683,8415,8415,3606,4077,120.996,3073,0.7419270149645576,0.78369384359401,0.770532344136405,0.7622387053270397,0.8412938958874173,33309.285,10,2026-09-24T14:37:13.188354+00:00
Falcon3-7B-Base,belief_bank_constraints,hidden,10,25610,belief_bank_constraints,104,16830,7683,8415,8415,3606,4077,110.8283,3073,0.7415672029060716,0.7925679423183583,0.7730053364571131,0.7662198391420911,0.8412207408931045,33421.322,10,2026-09-24T14:37:13.188354+00:00
Falcon3-7B-Base,belief_bank_constraints,hidden,10,25610,belief_bank_constraints,123,16830,7683,8415,8415,3606,4077,106.7009,3073,0.7502651113467657,0.7848031059345535,0.7763894312117663,0.7671455679045812,0.8396093924618864,33529.239,10,2026-09-24T14:37:13.188354+00:00
Falcon3-7B-Base,belief_bank_constraints,hidden,10,25610,belief_bank_constraints,420,16830,7683,8415,8415,3606,4077,109.2077,3073,0.7534063585359337,0.7820299500831946,0.7775608486268385,0.7674513539257042,0.8401569155922642,33639.67,10,2026-09-24T14:37:13.188354+00:00
Falcon3-7B-Base,belief_bank_constraints,hidden,10,25610,belief_bank_constraints,511,16830,7683,8415,8415,3606,4077,105.4271,3073,0.7581803671189146,0.7903494176372712,0.7832877782116361,0.7739307535641547,0.8454330877692604,33746.319,10,2026-09-24T14:37:13.188354+00:00
Falcon3-7B-Base,belief_bank_constraints,hidden,10,25610,belief_bank_constraints,mean,0,0,0,0,0,0,111.36907000000001,3073.0,0.7519510839404165,0.7849694952856351,0.777508785630613,0.7680787233620043,0.8431832605048328,88166.354,10,2026-09-24T14:37:13.188354+00:00
Falcon3-7B-Base,belief_bank_constraints,hidden,10,25610,belief_bank_constraints,std,0,0,0,0,0,0,4.259341660174726,0.0,0.006111344579386047,0.006516857247110191,0.004446816902638443,0.0044034952334879715,0.003093845653204048,88166.354,10,2026-09-24T14:37:13.188354+00:00
Falcon3-7B-Base,belief_bank_constraints,hidden,10,25610,belief_bank_facts,2,16830,27416,8415,8415,7533,19883,116.7309,3073,0.23543629152206247,0.5043143501924864,0.41380945433323607,0.32101060458828,0.4317836170216502,33864.997,10,2026-09-24T14:37:13.188354+00:00
Falcon3-7B-Base,belief_bank_constraints,hidden,10,25610,belief_bank_facts,4,16830,27416,8415,8415,7533,19883,114.554,3073,0.24161479422251766,0.5307314482941723,0.4133352786693901,0.33205980066445184,0.44252694805165105,33981.485,10,2026-09-24T14:37:13.188354+00:00
Falcon3-7B-Base,belief_bank_constraints,hidden,10,25610,belief_bank_facts,24,16830,27416,8415,8415,7533,19883,107.9743,3073,0.22279925626723088,0.4613035975043144,0.40983367376714325,0.3004755728491137,0.426823063200621,34091.399,10,2026-09-24T14:37:13.188354+00:00
Falcon3-7B-Base,belief_bank_constraints,hidden,10,25610,belief_bank_facts,42,16830,27416,8415,8415,7533,19883,111.7282,3073,0.22814833406538243,0.4826762246117085,0.409177122847972,0.30984235193864507,0.4348422407550385,34205.088,10,2026-09-24T14:37:13.188354+00:00
Falcon3-7B-Base,belief_bank_constraints,hidden,10,25610,belief_bank_facts,64,16830,27416,8415,8415,7533,19883,113.5355,3073,0.23012730705975512,0.5015266162219567,0.40202801283921796,0.31549060542797497,0.4432455752251828,34320.614,10,2026-09-24T14:37:13.188354+00:00
Falcon3-7B-Base,belief_bank_constraints,hidden,10,25610,belief_bank_facts,67,16830,27416,8415,8415,7533,19883,124.4844,3073,0.22455337275096954,0.468870303995752,0.409177122847972,0.3036712234545611,0.44099071430339276,34447.07,10,2026-09-24T14:37:13.188354+00:00
Falcon3-7B-Base,belief_bank_constraints,hidden,10,25610,belief_bank_facts,104,16830,27416,8415,8415,7533,19883,111.0415,3073,0.23168853569888498,0.4992698791981946,0.4074992704989787,0.3165025666919128,0.4365740998621305,34560.12,10,2026-09-24T14:37:13.188354+00:00
Falcon3-7B-Base,belief_bank_constraints,hidden,10,25610,belief_bank_facts,123,16830,27416,8415,8415,7533,19883,111.3542,3073,0.23389594791074025,0.4911721757599894,0.41814998540997955,0.3168893456663241,0.4376420191666984,34673.417,10,2026-09-24T14:37:13.188354+00:00
Falcon3-7B-Base,belief_bank_constraints,hidden,10,25610,belief_bank_facts,420,16830,27416,8415,8415,7533,19883,111.0009,3073,0.2409752075849479,0.5432098765432098,0.40436241610738255,0.33385004487231784,0.4416818642610313,34786.366,10,2026-09-24T14:37:13.188354+00:00
Falcon3-7B-Base,belief_bank_constraints,hidden,10,25610,belief_bank_facts,511,16830,27416,8415,8415,7533,19883,107.6269,3073,0.23340064867511168,0.5063055887428647,0.40742632039684856,0.3195107648487895,0.439324325146258,34895.975,10,2026-09-24T14:37:13.188354+00:00
Falcon3-7B-Base,belief_bank_constraints,hidden,10,25610,belief_bank_facts,mean,0,0,0,0,0,0,113.00308,3073.0,0.23226396957576032,0.4989380061064649,0.40947986577181206,0.31693028810023705,0.43754344669936546,88166.354,10,2026-09-24T14:37:13.188354+00:00
Falcon3-7B-Base,belief_bank_constraints,hidden,10,25610,belief_bank_facts,std,0,0,0,0,0,0,4.634638708637382,0.0,0.005900945825325158,0.023887209860574278,0.004460349945400899,0.01018599410434218,0.004958622399382124,88166.354,10,2026-09-24T14:37:13.188354+00:00
Falcon3-7B-Base,belief_bank_constraints,hidden,10,25610,halu_eval,2,16830,10000,8415,8415,3259,6741,120.4035,3073,0.327457539886773,0.7809143909174593,0.4059,0.4614268878614813,0.5030441643487329,35017.651,10,2026-09-24T14:37:13.188354+00:00
Falcon3-7B-Base,belief_bank_constraints,hidden,10,25610,halu_eval,4,16830,10000,8415,8415,3259,6741,109.5029,3073,0.326117054751416,0.7950291500460264,0.3978,0.46251338807568726,0.5018716669673187,35128.447,10,2026-09-24T14:37:13.188354+00:00
Falcon3-7B-Base,belief_bank_constraints,hidden,10,25610,halu_eval,24,16830,10000,8415,8415,3259,6741,107.8707,3073,0.3259989200863931,0.7410248542497698,0.4163,0.4527983500515609,0.5041205714309384,35237.609,10,2026-09-24T14:37:13.188354+00:00
Falcon3-7B-Base,belief_bank_constraints,hidden,10,25610,halu_eval,42,16830,10000,8415,8415,3259,6741,113.1189,3073,0.32803822807697275,0.7793801779687021,0.4078,0.46173423013997456,0.5026530663616176,35352.008,10,2026-09-24T14:37:13.188354+00:00
Falcon3-7B-Base,belief_bank_constraints,hidden,10,25610,halu_eval,64,16830,10000,8415,8415,3259,6741,110.6645,3073,0.3291106177354055,0.7732433261736729,0.4124,0.4617075851960425,0.5076196511990417,35463.958,10,2026-09-24T14:37:13.188354+00:00
Falcon3-7B-Base,belief_bank_constraints,hidden,10,25610,halu_eval,67,16830,10000,8415,8415,3259,6741,123.9877,3073,0.32579245034854665,0.7600490948143602,0.4092,0.4560854354630823,0.5026186541085613,35589.221,10,2026-09-24T14:37:13.188354+00:00
Falcon3-7B-Base,belief_bank_constraints,hidden,10,25610,halu_eval,104,16830,10000,8415,8415,3259,6741,113.7786,3073,0.3287187839305103,0.74317275237803,0.4217,0.45582008092594334,0.5027774238686937,35704.274,10,2026-09-24T14:37:13.188354+00:00
Falcon3-7B-Base,belief_bank_constraints,hidden,10,25610,halu_eval,123,16830,10000,8415,8415,3259,6741,105.8736,3073,0.32670098789481006,0.7204664007364222,0.425,0.4495500670112962,0.5015851940643962,35811.459,10,2026-09-24T14:37:13.188354+00:00
Falcon3-7B-Base,belief_bank_constraints,hidden,10,25610,halu_eval,420,16830,10000,8415,8415,3259,6741,111.4675,3073,0.3294323379069142,0.7514575023013195,0.4205,0.4580566725895446,0.5099369704990947,35924.212,10,2026-09-24T14:37:13.188354+00:00
Falcon3-7B-Base,belief_bank_constraints,hidden,10,25610,halu_eval,511,16830,10000,8415,8415,3259,6741,108.4357,3073,0.32904850251789025,0.761890150352869,0.4161,0.45960203609440076,0.5051918576421535,36033.913,10,2026-09-24T14:37:13.188354+00:00
Falcon3-7B-Base,belief_bank_constraints,hidden,10,25610,halu_eval,mean,0,0,0,0,0,0,112.51035999999999,3073.0,0.3276415423135631,0.7606627799938632,0.41326999999999997,0.45792947334090134,0.504141922049055,88166.354,10,2026-09-24T14:37:13.188354+00:00
Falcon3-7B-Base,belief_bank_constraints,hidden,10,25610,halu_eval,std,0,0,0,0,0,0,5.401159137296363,0.0,0.0013424748890048328,0.021198359720812066,0.00786766166023934,0.004113405166404163,0.002570503589388422,88166.354,10,2026-09-24T14:37:13.188354+00:00
Falcon3-7B-Base,belief_bank_constraints,hidden,11,25610,belief_bank_constraints,2,16830,7683,8415,8415,3606,4077,116.0467,3073,0.7573233001881214,0.7814753189129229,0.7799036834569829,0.7692097720758837,0.844393715486045,36152.053,10,2026-09-24T14:37:13.188354+00:00
Falcon3-7B-Base,belief_bank_constraints,hidden,11,25610,belief_bank_constraints,4,16830,7683,8415,8415,3606,4077,115.734,3073,0.7556142668428005,0.79312257348863,0.7825068332682545,0.773914219997294,0.8459200735263809,36269.064,10,2026-09-24T14:37:13.188354+00:00
Falcon3-7B-Base,belief_bank_constraints,hidden,11,25610,belief_bank_constraints,24,16830,7683,8415,8415,3606,4077,110.505,3073,0.7535456248327536,0.7809206877426511,0.7773005336457113,0.7669889690862045,0.8455470544758816,36380.808,10,2026-09-24T14:37:13.188354+00:00
Falcon3-7B-Base,belief_bank_constraints,hidden,11,25610,belief_bank_constraints,42,16830,7683,8415,8415,3606,4077,111.5615,3073,0.7449894514767933,0.7834165280088741,0.7724847064948588,0.7637199243038659,0.8401388564095679,36493.605,10,2026-09-24T14:37:13.188354+00:00
Falcon3-7B-Base,belief_bank_constraints,hidden,11,25610,belief_bank_constraints,64,16830,7683,8415,8415,3606,4077,107.7511,3073,0.749591280653951,0.7628951747088186,0.7691006117402056,0.7561847168774052,0.835895696690619,36602.575,10,2026-09-24T14:37:13.188354+00:00
Falcon3-7B-Base,belief_bank_constraints,hidden,11,25610,belief_bank_constraints,67,16830,7683,8415,8415,3606,4077,112.8366,3073,0.7504004271222637,0.7795341098169717,0.7748275413250032,0.764689880304679,0.8413497739235196,36716.63,10,2026-09-24T14:37:13.188354+00:00
Falcon3-7B-Base,belief_bank_constraints,hidden,11,25610,belief_bank_constraints,104,16830,7683,8415,8415,3606,4077,111.9337,3073,0.7461638491547464,0.795618413754853,0.7770402186645842,0.7700979734263858,0.8381851657316024,36829.797,10,2026-09-24T14:37:13.188354+00:00
Falcon3-7B-Base,belief_bank_constraints,hidden,11,25610,belief_bank_constraints,123,16830,7683,8415,8415,3606,4077,109.0477,3073,0.7513973915357999,0.7828618968386023,0.7765195887023298,0.7668070080130381,0.837910060780883,36940.069,10,2026-09-24T14:37:13.188354+00:00
Falcon3-7B-Base,belief_bank_constraints,hidden,11,25610,belief_bank_constraints,420,16830,7683,8415,8415,3606,4077,107.6465,3073,0.7522147651006711,0.7770382695507487,0.775218013796694,0.7644250443322875,0.8385107751763031,37048.943,10,2026-09-24T14:37:13.188354+00:00
Falcon3-7B-Base,belief_bank_constraints,hidden,11,25610,belief_bank_constraints,511,16830,7683,8415,8415,3606,4077,116.3253,3073,0.7519768054823406,0.7911813643926788,0.7795132109852922,0.7710810810810811,0.8430887609849825,37166.486,10,2026-09-24T14:37:13.188354+00:00
Falcon3-7B-Base,belief_bank_constraints,hidden,11,25610,belief_bank_constraints,mean,0,0,0,0,0,0,111.93880999999999,3073.0,0.7513217162390242,0.7828064337215751,0.7764414942079917,0.7667118589498125,0.8410939933185786,88166.354,10,2026-09-24T14:37:13.188354+00:00
Falcon3-7B-Base,belief_bank_constraints,hidden,11,25610,belief_bank_constraints,std,0,0,0,0,0,0,3.127988268344368,0.0,0.00362170575534045,0.008870458210550476,0.003646361575464514,0.004667393310735594,0.0033355627207298576,88166.354,10,2026-09-24T14:37:13.188354+00:00
Falcon3-7B-Base,belief_bank_constraints,hidden,11,25610,belief_bank_facts,2,16830,27416,8415,8415,7533,19883,116.5566,3073,0.22811993517017828,0.44842692154520114,0.4315363291508608,0.3024036524775077,0.43675190892874916,37285.014,10,2026-09-24T14:37:13.188354+00:00
Falcon3-7B-Base,belief_bank_constraints,hidden,11,25610,belief_bank_facts,4,16830,27416,8415,8415,7533,19883,110.7469,3073,0.2290633608815427,0.4415239612372229,0.43824773854683396,0.3016369654922233,0.44081731841614613,37397.706,10,2026-09-24T14:37:13.188354+00:00
Falcon3-7B-Base,belief_bank_constraints,hidden,11,25610,belief_bank_facts,24,16830,27416,8415,8415,7533,19883,110.4197,3073,0.21107219827586207,0.4160361077923802,0.41227750218850306,0.2800589785979179,0.41949333976789577,37510.055,10,2026-09-24T14:37:13.188354+00:00
Falcon3-7B-Base,belief_bank_constraints,hidden,11,25610,belief_bank_facts,42,16830,27416,8415,8415,7533,19883,108.5357,3073,0.22284812978819288,0.3938669852648347,0.45604756346658887,0.28464527270110807,0.4381355374714014,37620.534,10,2026-09-24T14:37:13.188354+00:00
Falcon3-7B-Base,belief_bank_constraints,hidden,11,25610,belief_bank_facts,64,16830,27416,8415,8415,7533,19883,103.24,3073,0.2330268981954375,0.45426788795964423,0.4392325649255909,0.3080385273201908,0.4513719209319294,37725.724,10,2026-09-24T14:37:13.188354+00:00
Falcon3-7B-Base,belief_bank_constraints,hidden,11,25610,belief_bank_facts,67,16830,27416,8415,8415,7533,19883,112.2251,3073,0.22196559413826059,0.3699721226602947,0.4705646337904873,0.2774652795061974,0.4535209523435448,37839.911,10,2026-09-24T14:37:13.188354+00:00
Falcon3-7B-Base,belief_bank_constraints,hidden,11,25610,belief_bank_facts,104,16830,27416,8415,8415,7533,19883,113.1952,3073,0.23116937161880982,0.4424532058940661,0.44247884447038227,0.3036763700970343,0.44480785741416706,37955.042,10,2026-09-24T14:37:13.188354+00:00
Falcon3-7B-Base,belief_bank_constraints,hidden,11,25610,belief_bank_facts,123,16830,27416,8415,8415,7533,19883,106.1509,3073,0.22369565217391305,0.40979689366786143,0.4470747009045813,0.28941077204331317,0.4378741049983769,38063.118,10,2026-09-24T14:37:13.188354+00:00
Falcon3-7B-Base,belief_bank_constraints,hidden,11,25610,belief_bank_facts,420,16830,27416,8415,8415,7533,19883,110.4905,3073,0.2259933774834437,0.4348864994026284,0.4354756346658885,0.2974261201143947,0.43729155530649466,38175.576,10,2026-09-24T14:37:13.188354+00:00
Falcon3-7B-Base,belief_bank_constraints,hidden,11,25610,belief_bank_facts,511,16830,27416,8415,8415,7533,19883,113.3346,3073,0.22368517837440235,0.4036904287800345,0.45119638167493437,0.28786444528587657,0.4429879750743362,38290.868,10,2026-09-24T14:37:13.188354+00:00
Falcon3-7B-Base,belief_bank_constraints,hidden,11,25610,belief_bank_facts,mean,0,0,0,0,0,0,110.48952,3073.0,0.2250639696100043,0.4214921014204168,0.4424131893784652,0.2932626383635764,0.44030524706530416,88166.354,10,2026-09-24T14:37:13.188354+00:00
Falcon3-7B-Base,belief_bank_constraints,hidden,11,25610,belief_bank_facts,std,0,0,0,0,0,0,3.612541746693041,0.0,0.005838963264252572,0.025924294547573615,0.01476259189718078,0.010197667914492902,0.008890000055237563,88166.354,10,2026-09-24T14:37:13.188354+00:00
Falcon3-7B-Base,belief_bank_constraints,hidden,11,25610,halu_eval,2,16830,10000,8415,8415,3259,6741,115.8036,3073,0.3261874197689345,0.7796870205584535,0.4033,0.45995112679880534,0.4951641680685336,38407.986,10,2026-09-24T14:37:13.188354+00:00
Falcon3-7B-Base,belief_bank_constraints,hidden,11,25610,halu_eval,4,16830,10000,8415,8415,3259,6741,115.7536,3073,0.32786037491919845,0.7781528076096962,0.4078,0.4613425504820811,0.4991397391924473,38525.054,10,2026-09-24T14:37:13.188354+00:00
Falcon3-7B-Base,belief_bank_constraints,hidden,11,25610,halu_eval,24,16830,10000,8415,8415,3259,6741,107.4811,3073,0.32368988707016877,0.7827554464559681,0.3962,0.45798922800718134,0.4966161284494699,38633.84,10,2026-09-24T14:37:13.188354+00:00
Falcon3-7B-Base,belief_bank_constraints,hidden,11,25610,halu_eval,42,16830,10000,8415,8415,3259,6741,113.4992,3073,0.32598564050888024,0.794108622276772,0.3978,0.4622253973923915,0.49651204959151607,38748.6,10,2026-09-24T14:37:13.188354+00:00
Falcon3-7B-Base,belief_bank_constraints,hidden,11,25610,halu_eval,64,16830,10000,8415,8415,3259,6741,110.6768,3073,0.32555555555555554,0.8091439091745934,0.3915,0.46430143498547405,0.4989546822945635,38860.543,10,2026-09-24T14:37:13.188354+00:00
Falcon3-7B-Base,belief_bank_constraints,hidden,11,25610,halu_eval,67,16830,10000,8415,8415,3259,6741,108.411,3073,0.32432432432432434,0.7437864375575329,0.4115,0.4516910463057859,0.4989227053001561,38970.23,10,2026-09-24T14:37:13.188354+00:00
Falcon3-7B-Base,belief_bank_constraints,hidden,11,25610,halu_eval,104,16830,10000,8415,8415,3259,6741,111.6931,3073,0.3253131588738683,0.804848112918073,0.3924,0.4633456986398163,0.49613035124759663,39083.222,10,2026-09-24T14:37:13.188354+00:00
Falcon3-7B-Base,belief_bank_constraints,hidden,11,25610,halu_eval,123,16830,10000,8415,8415,3259,6741,105.19,3073,0.32456581928014094,0.7913470389690089,0.3953,0.4603302097278001,0.497305989429885,39189.683,10,2026-09-24T14:37:13.188354+00:00
Falcon3-7B-Base,belief_bank_constraints,hidden,11,25610,halu_eval,420,16830,10000,8415,8415,3259,6741,108.6032,3073,0.32783790586458594,0.7993249463025468,0.4005,0.46497099509147705,0.5009047099677504,39299.551,10,2026-09-24T14:37:13.188354+00:00
Falcon3-7B-Base,belief_bank_constraints,hidden,11,25610,halu_eval,511,16830,10000,8415,8415,3259,6741,112.1522,3073,0.32246827569047026,0.7953359926357778,0.3887,0.4588828892626361,0.49409333704585096,39413.003,10,2026-09-24T14:37:13.188354+00:00
Falcon3-7B-Base,belief_bank_constraints,hidden,11,25610,halu_eval,mean,0,0,0,0,0,0,110.92638000000002,3073.0,0.32537883618561275,0.7878490334458422,0.3985,0.46050305766934485,0.497374386058777,88166.354,10,2026-09-24T14:37:13.188354+00:00
Falcon3-7B-Base,belief_bank_constraints,hidden,11,25610,halu_eval,std,0,0,0,0,0,0,3.3520415668067143,0.0,0.0016235616274074705,0.01763434801364749,0.00693397432934388,0.0036479073266697803,0.001974728156978211,88166.354,10,2026-09-24T14:37:13.188354+00:00
Falcon3-7B-Base,belief_bank_constraints,hidden,12,25610,belief_bank_constraints,2,16830,7683,8415,8415,3606,4077,101.9343,3073,0.758990874932904,0.7842484747642817,0.7818560458154367,0.7714129841789417,0.8483309574114817,39517.33,10,2026-09-24T14:37:13.188354+00:00
Falcon3-7B-Base,belief_bank_constraints,hidden,12,25610,belief_bank_constraints,4,16830,7683,8415,8415,3606,4077,107.6685,3073,0.7564655172413793,0.778702163061564,0.7784719510607836,0.7674227931128723,0.8444383362915022,39626.206,10,2026-09-24T14:37:13.188354+00:00
Falcon3-7B-Base,belief_bank_constraints,hidden,12,25610,belief_bank_constraints,24,16830,7683,8415,8415,3606,4077,102.9617,3073,0.7605445808862787,0.7900721020521353,0.7847195106078355,0.7750272034820457,0.8500036254404435,39730.381,10,2026-09-24T14:37:13.188354+00:00
Falcon3-7B-Base,belief_bank_constraints,hidden,12,25610,belief_bank_constraints,42,16830,7683,8415,8415,3606,4077,105.9349,3073,0.7520443154840412,0.7906267332224071,0.7793830534947286,0.7708530485331891,0.8397533897868146,39837.539,10,2026-09-24T14:37:13.188354+00:00
Falcon3-7B-Base,belief_bank_constraints,hidden,12,25610,belief_bank_constraints,64,16830,7683,8415,8415,3606,4077,112.0427,3073,0.7562082777036048,0.7853577371048253,0.7804243134192372,0.7705074139572847,0.8412146531460184,39950.798,10,2026-09-24T14:37:13.188354+00:00
Falcon3-7B-Base,belief_bank_constraints,hidden,12,25610,belief_bank_constraints,67,16830,7683,8415,8415,3606,4077,107.2226,3073,0.7513326226012793,0.7817526344980588,0.7761291162306391,0.7662408263114977,0.841123949115413,40059.244,10,2026-09-24T14:37:13.188354+00:00
Falcon3-7B-Base,belief_bank_constraints,hidden,12,25610,belief_bank_constraints,104,16830,7683,8415,8415,3606,4077,104.2461,3073,0.7454592631032694,0.7967276760953965,0.7769100611740206,0.7702412868632708,0.83944580551505,40164.709,10,2026-09-24T14:37:13.188354+00:00
Falcon3-7B-Base,belief_bank_constraints,hidden,12,25610,belief_bank_constraints,123,16830,7683,8415,8415,3606,4077,104.4468,3073,0.7529411764705882,0.7809206877426511,0.7769100611740206,0.7666757419003539,0.8435706792878248,40270.383,10,2026-09-24T14:37:13.188354+00:00
Falcon3-7B-Base,belief_bank_constraints,hidden,12,25610,belief_bank_constraints,420,16830,7683,8415,8415,3606,4077,105.9491,3073,0.7561370380361478,0.7773155851358846,0.7778211636079656,0.7665800629016819,0.8416967074879017,40377.558,10,2026-09-24T14:37:13.188354+00:00
Falcon3-7B-Base,belief_bank_constraints,hidden,12,25610,belief_bank_constraints,511,16830,7683,8415,8415,3606,4077,110.018,3073,0.7558108469142399,0.7845257903494176,0.7799036834569829,0.769900666757382,0.8388549879598647,40488.804,10,2026-09-24T14:37:13.188354+00:00
Falcon3-7B-Base,belief_bank_constraints,hidden,12,25610,belief_bank_constraints,mean,0,0,0,0,0,0,106.24247,3073.0,0.7545934513373732,0.7850249584026622,0.779252896004165,0.7694862027998519,0.8428433091442316,88166.354,10,2026-09-24T14:37:13.188354+00:00
Falcon3-7B-Base,belief_bank_constraints,hidden,12,25610,belief_bank_constraints,std,0,0,0,0,0,0,2.9598290650137224,0.0,0.004099082685088746,0.005672171517816008,0.0024873365478258434,0.0026306408821318247,0.003582992393740148,88166.354,10,2026-09-24T14:37:13.188354+00:00
Falcon3-7B-Base,belief_bank_constraints,hidden,12,25610,belief_bank_facts,2,16830,27416,8415,8415,7533,19883,100.1713,3073,0.2448886869604725,0.42931103146156907,0.4794645462503648,0.31187617532185735,0.4724432233624448,40590.928,10,2026-09-24T14:37:13.188354+00:00
Falcon3-7B-Base,belief_bank_constraints,hidden,12,25610,belief_bank_facts,4,16830,27416,8415,8415,7533,19883,108.1537,3073,0.24134878480605182,0.3981149608389752,0.49077181208053694,0.3005160579187334,0.46949457859608407,40701.021,10,2026-09-24T14:37:13.188354+00:00
Falcon3-7B-Base,belief_bank_constraints,hidden,12,25610,belief_bank_facts,24,16830,27416,8415,8415,7533,19883,106.3679,3073,0.23332553241282472,0.39705296694544007,0.47585351619492267,0.2939268867924528,0.4598567089396506,40809.316,10,2026-09-24T14:37:13.188354+00:00
Falcon3-7B-Base,belief_bank_constraints,hidden,12,25610,belief_bank_facts,42,16830,27416,8415,8415,7533,19883,104.9365,3073,0.2433518597691321,0.3778043276251162,0.5062737087831923,0.29602662783440814,0.4735764790865805,40916.195,10,2026-09-24T14:37:13.188354+00:00
Falcon3-7B-Base,belief_bank_constraints,hidden,12,25610,belief_bank_facts,64,16830,27416,8415,8415,7533,19883,111.9688,3073,0.23666769420468559,0.4076729058807912,0.4759629413481179,0.2994782778292457,0.46185686398178577,41030.108,10,2026-09-24T14:37:13.188354+00:00
Falcon3-7B-Base,belief_bank_constraints,hidden,12,25610,belief_bank_facts,67,16830,27416,8415,8415,7533,19883,104.9954,3073,0.2424219345011424,0.42254082039028273,0.4785161949226729,0.3080869186468567,0.4701149774768617,41137.055,10,2026-09-24T14:37:13.188354+00:00
Falcon3-7B-Base,belief_bank_constraints,hidden,12,25610,belief_bank_facts,104,16830,27416,8415,8415,7533,19883,104.8442,3073,0.23353443941679236,0.3699721226602947,0.4932521155529618,0.2863307135151795,0.461365702488457,41243.836,10,2026-09-24T14:37:13.188354+00:00
Falcon3-7B-Base,belief_bank_constraints,hidden,12,25610,belief_bank_facts,123,16830,27416,8415,8415,7533,19883,105.0806,3073,0.2408578923005709,0.41444311695207753,0.4801940472716662,0.3046596730909978,0.4617074835350854,41350.855,10,2026-09-24T14:37:13.188354+00:00
Falcon3-7B-Base,belief_bank_constraints,hidden,12,25610,belief_bank_facts,420,16830,27416,8415,8415,7533,19883,106.3816,3073,0.24686735941320292,0.42891278375149344,0.4835497519696528,0.313369865670918,0.4707674169745928,41459.171,10,2026-09-24T14:37:13.188354+00:00
Falcon3-7B-Base,belief_bank_constraints,hidden,12,25610,belief_bank_facts,511,16830,27416,8415,8415,7533,19883,107.7175,3073,0.24265911462214934,0.4322315146687907,0.47333673767143275,0.3108204858956613,0.4680061654185548,41568.858,10,2026-09-24T14:37:13.188354+00:00
Falcon3-7B-Base,belief_bank_constraints,hidden,12,25610,belief_bank_facts,mean,0,0,0,0,0,0,106.06175,3073.0,0.24059232984070245,0.4078056551174831,0.4837175372045522,0.30250916825163104,0.4669189599860097,88166.354,10,2026-09-24T14:37:13.188354+00:00
Falcon3-7B-Base,belief_bank_constraints,hidden,12,25610,belief_bank_facts,std,0,0,0,0,0,0,2.8592448098230414,0.0,0.004378748829431713,0.020752828750061937,0.009678710986790358,0.008373109398061325,0.00491100176877442,88166.354,10,2026-09-24T14:37:13.188354+00:00
Falcon3-7B-Base,belief_bank_constraints,hidden,12,25610,halu_eval,2,16830,10000,8415,8415,3259,6741,101.2626,3073,0.32501781895937276,0.5596808837066585,0.4777,0.41122759553601623,0.4981605603807816,41671.419,10,2026-09-24T14:37:13.188354+00:00
Falcon3-7B-Base,belief_bank_constraints,hidden,12,25610,halu_eval,4,16830,10000,8415,8415,3259,6741,108.1545,3073,0.32798978578521776,0.7094200675053698,0.4316,0.4485836243694218,0.502122931037253,41780.842,10,2026-09-24T14:37:13.188354+00:00
Falcon3-7B-Base,belief_bank_constraints,hidden,12,25610,halu_eval,24,16830,10000,8415,8415,3259,6741,105.2132,3073,0.3252032520325203,0.6505062902730899,0.4462,0.4336265084884434,0.5044242959792423,41887.379,10,2026-09-24T14:37:13.188354+00:00
Falcon3-7B-Base,belief_bank_constraints,hidden,12,25610,halu_eval,42,16830,10000,8415,8415,3259,6741,105.292,3073,0.32514149538278225,0.6698373734274318,0.4393,0.4377820114308633,0.5002276625445248,41994.002,10,2026-09-24T14:37:13.188354+00:00
Falcon3-7B-Base,belief_bank_constraints,hidden,12,25610,halu_eval,64,16830,10000,8415,8415,3259,6741,113.6697,3073,0.32713928794503433,0.6428352255293035,0.4527,0.43361274966366553,0.5012669717613325,42108.993,10,2026-09-24T14:37:13.188354+00:00
Falcon3-7B-Base,belief_bank_constraints,hidden,12,25610,halu_eval,67,16830,10000,8415,8415,3259,6741,111.3704,3073,0.3262816553428042,0.6483583921448297,0.4491,0.4341037493579866,0.5050633806788581,42221.626,10,2026-09-24T14:37:13.188354+00:00
Falcon3-7B-Base,belief_bank_constraints,hidden,12,25610,halu_eval,104,16830,10000,8415,8415,3259,6741,104.5842,3073,0.3271519085149127,0.6495857625038355,0.4504,0.43514902363823227,0.5005869883720724,42327.468,10,2026-09-24T14:37:13.188354+00:00
Falcon3-7B-Base,belief_bank_constraints,hidden,12,25610,halu_eval,123,16830,10000,8415,8415,3259,6741,106.1905,3073,0.32346204188481675,0.6066277999386315,0.4583,0.42194002774517125,0.5010141828098142,42434.933,10,2026-09-24T14:37:13.188354+00:00
Falcon3-7B-Base,belief_bank_constraints,hidden,12,25610,halu_eval,420,16830,10000,8415,8415,3259,6741,105.9371,3073,0.3260068065796937,0.7054311138386008,0.4287,0.4459315294345844,0.5041014535125738,42542.149,10,2026-09-24T14:37:13.188354+00:00
Falcon3-7B-Base,belief_bank_constraints,hidden,12,25610,halu_eval,511,16830,10000,8415,8415,3259,6741,110.1117,3073,0.3284856149225419,0.6376189015035287,0.4571,0.4335941575378195,0.49833553485267074,42653.527,10,2026-09-24T14:37:13.188354+00:00
Falcon3-7B-Base,belief_bank_constraints,hidden,12,25610,halu_eval,mean,0,0,0,0,0,0,107.17859000000001,3073.0,0.3261879667349697,0.6479901810371279,0.44910999999999995,0.4335550977202205,0.5015303961929123,88166.354,10,2026-09-24T14:37:13.188354+00:00
Falcon3-7B-Base,belief_bank_constraints,hidden,12,25610,halu_eval,std,0,0,0,0,0,0,3.4775093214684563,0.0,0.0014582938278074014,0.041476402162986134,0.013446594364373456,0.010164537600991539,0.0022870068426043767,88166.354,10,2026-09-24T14:37:13.188354+00:00
Falcon3-7B-Base,belief_bank_constraints,hidden,13,25610,belief_bank_constraints,2,16830,7683,8415,8415,3606,4077,105.9735,3073,0.7577209797657082,0.7892401552967276,0.7826369907588182,0.7731594675359956,0.8391949835331542,42761.542,10,2026-09-24T14:37:13.188354+00:00
Falcon3-7B-Base,belief_bank_constraints,hidden,13,25610,belief_bank_constraints,4,16830,7683,8415,8415,3606,4077,103.3879,3073,0.75,0.7853577371048253,0.7763894312117663,0.7672717420753183,0.8354859470990422,42866.156,10,2026-09-24T14:37:13.188354+00:00
Falcon3-7B-Base,belief_bank_constraints,hidden,13,25610,belief_bank_constraints,24,16830,7683,8415,8415,3606,4077,105.2746,3073,0.7450357426528992,0.7803660565723793,0.7715736040609137,0.7622917513206013,0.8356624577547763,42972.656,10,2026-09-24T14:37:13.188354+00:00
Falcon3-7B-Base,belief_bank_constraints,hidden,13,25610,belief_bank_constraints,42,16830,7683,8415,8415,3606,4077,99.651,3073,0.7470103640712198,0.7795341098169717,0.7726148639854223,0.7629257701180622,0.8301053309482969,43073.523,10,2026-09-24T14:37:13.188354+00:00
Falcon3-7B-Base,belief_bank_constraints,hidden,13,25610,belief_bank_constraints,64,16830,7683,8415,8415,3606,4077,106.2061,3073,0.7544812601846822,0.7703826955074875,0.7745672263438761,0.7623490669593853,0.837024310584749,43180.946,10,2026-09-24T14:37:13.188354+00:00
Falcon3-7B-Base,belief_bank_constraints,hidden,13,25610,belief_bank_constraints,67,16830,7683,8415,8415,3606,4077,102.6683,3073,0.7398309561542525,0.7767609539656128,0.7670180918911883,0.7578463203463204,0.832650417347372,43284.828,10,2026-09-24T14:37:13.188354+00:00
Falcon3-7B-Base,belief_bank_constraints,hidden,13,25610,belief_bank_constraints,104,16830,7683,8415,8415,3606,4077,102.7992,3073,0.7415846711548421,0.7942318358291736,0.7735259664193674,0.7670058918050349,0.8362372907226407,43388.845,10,2026-09-24T14:37:13.188354+00:00
Falcon3-7B-Base,belief_bank_constraints,hidden,13,25610,belief_bank_constraints,123,16830,7683,8415,8415,3606,4077,102.3086,3073,0.753250198991775,0.7872989462007765,0.7791227385136015,0.7698983050847458,0.8351687720748852,43492.372,10,2026-09-24T14:37:13.188354+00:00
Falcon3-7B-Base,belief_bank_constraints,hidden,13,25610,belief_bank_constraints,420,16830,7683,8415,8415,3606,4077,104.0447,3073,0.7546259050683829,0.7803660565723793,0.7778211636079656,0.767280163599182,0.8362926586123391,43597.639,10,2026-09-24T14:37:13.188354+00:00
Falcon3-7B-Base,belief_bank_constraints,hidden,13,25610,belief_bank_constraints,511,16830,7683,8415,8415,3606,4077,104.3332,3073,0.7539041464728056,0.776483638380477,0.7761291162306391,0.7650273224043715,0.8320746321062203,43703.188,10,2026-09-24T14:37:13.188354+00:00
Falcon3-7B-Base,belief_bank_constraints,hidden,13,25610,belief_bank_constraints,mean,0,0,0,0,0,0,103.66471000000001,3073.0,0.7497444224516567,0.7820022185246811,0.7751399193023559,0.7655055801249018,0.8349896800783476,88166.354,10,2026-09-24T14:37:13.188354+00:00
Falcon3-7B-Base,belief_bank_constraints,hidden,13,25610,belief_bank_constraints,std,0,0,0,0,0,0,1.863857773785331,0.0,0.005779759162161062,0.0066757067471656046,0.004120548522693628,0.004150158023211046,0.002522619467020347,88166.354,10,2026-09-24T14:37:13.188354+00:00
Falcon3-7B-Base,belief_bank_constraints,hidden,13,25610,belief_bank_facts,2,16830,27416,8415,8415,7533,19883,104.514,3073,0.24517468004150814,0.4704632948360547,0.45652173913043476,0.3223576496270693,0.45873898613807007,43809.65,10,2026-09-24T14:37:13.188354+00:00
Falcon3-7B-Base,belief_bank_constraints,hidden,13,25610,belief_bank_facts,4,16830,27416,8415,8415,7533,19883,103.7385,3073,0.23615441722345953,0.422275321916899,0.4659687773562883,0.30290910822263484,0.45402746315514325,43915.314,10,2026-09-24T14:37:13.188354+00:00
Falcon3-7B-Base,belief_bank_constraints,hidden,13,25610,belief_bank_facts,24,16830,27416,8415,8415,7533,19883,103.9209,3073,0.2356381403612674,0.42254082039028273,0.4647286256200759,0.3025521600684378,0.45856515961531735,44021.161,10,2026-09-24T14:37:13.188354+00:00
Falcon3-7B-Base,belief_bank_constraints,hidden,13,25610,belief_bank_facts,42,16830,27416,8415,8415,7533,19883,104.4426,3073,0.23862699542831448,0.42267356962697467,0.47081995914794283,0.3050392795554704,0.46084350185609574,44127.547,10,2026-09-24T14:37:13.188354+00:00
Falcon3-7B-Base,belief_bank_constraints,hidden,13,25610,belief_bank_facts,64,16830,27416,8415,8415,7533,19883,105.616,3073,0.24858907111081602,0.4970131421744325,0.44900787861103003,0.33141542002301494,0.4643224091520821,44235.099,10,2026-09-24T14:37:13.188354+00:00
Falcon3-7B-Base,belief_bank_constraints,hidden,13,25610,belief_bank_facts,67,16830,27416,8415,8415,7533,19883,102.4113,3073,0.255370820100878,0.5444046196734369,0.43864896410854975,0.34766022380467954,0.46542772364222107,44339.465,10,2026-09-24T14:37:13.188354+00:00
Falcon3-7B-Base,belief_bank_constraints,hidden,13,25610,belief_bank_facts,104,16830,27416,8415,8415,7533,19883,105.2606,3073,0.23878596767836027,0.40209743793973185,0.4835132769185877,0.2996339895142942,0.4656330599986291,44446.684,10,2026-09-24T14:37:13.188354+00:00
Falcon3-7B-Base,belief_bank_constraints,hidden,13,25610,belief_bank_facts,123,16830,27416,8415,8415,7533,19883,104.3828,3073,0.2435078178110129,0.4755077658303465,0.449992704989787,0.32207885626938815,0.46307849679419244,44553.006,10,2026-09-24T14:37:13.188354+00:00
Falcon3-7B-Base,belief_bank_constraints,hidden,13,25610,belief_bank_facts,420,16830,27416,8415,8415,7533,19883,101.8235,3073,0.23960809739932282,0.4415239612372229,0.46155529617741464,0.31063790043896516,0.4603825582899041,44656.768,10,2026-09-24T14:37:13.188354+00:00
Falcon3-7B-Base,belief_bank_constraints,hidden,13,25610,belief_bank_facts,511,16830,27416,8415,8415,7533,19883,106.233,3073,0.2535299436600125,0.4838709677419355,0.4667347534286548,0.33272478320401644,0.47848624128571504,44764.953,10,2026-09-24T14:37:13.188354+00:00
Falcon3-7B-Base,belief_bank_constraints,hidden,13,25610,belief_bank_facts,mean,0,0,0,0,0,0,104.23432,3073.0,0.24349859508149524,0.45823709013673175,0.4607491975488765,0.31770093707279706,0.462950559992737,88166.354,10,2026-09-24T14:37:13.188354+00:00
Falcon3-7B-Base,belief_bank_constraints,hidden,13,25610,belief_bank_facts,std,0,0,0,0,0,0,1.2876406461431713,0.0,0.006686561018396845,0.0415890646975856,0.012079041805685501,0.015287626702903994,0.0061984913641924795,88166.354,10,2026-09-24T14:37:13.188354+00:00
Falcon3-7B-Base,belief_bank_constraints,hidden,13,25610,halu_eval,2,16830,10000,8415,8415,3259,6741,107.3714,3073,0.3220868014268728,0.6649278919914084,0.4347,0.43396415339941924,0.500391302821955,44873.582,10,2026-09-24T14:37:13.188354+00:00
Falcon3-7B-Base,belief_bank_constraints,hidden,13,25610,halu_eval,4,16830,10000,8415,8415,3259,6741,100.7192,3073,0.3277310924369748,0.6581773550168764,0.4486,0.4375764993880049,0.5026134649592908,44975.566,10,2026-09-24T14:37:13.188354+00:00
Falcon3-7B-Base,belief_bank_constraints,hidden,13,25610,halu_eval,24,16830,10000,8415,8415,3259,6741,106.59,3073,0.32587959343236905,0.6394599570420374,0.4514,0.4317381396312409,0.4987255403873081,45083.426,10,2026-09-24T14:37:13.188354+00:00
Falcon3-7B-Base,belief_bank_constraints,hidden,13,25610,halu_eval,42,16830,10000,8415,8415,3259,6741,103.6152,3073,0.3255433894427194,0.6112304387849034,0.4606,0.4248240563019834,0.5041098972598514,45188.304,10,2026-09-24T14:37:13.188354+00:00
Falcon3-7B-Base,belief_bank_constraints,hidden,13,25610,halu_eval,64,16830,10000,8415,8415,3259,6741,103.7763,3073,0.32569360675512665,0.6627799938631482,0.4429,0.4367606915377616,0.49877253860328763,45293.363,10,2026-09-24T14:37:13.188354+00:00
Falcon3-7B-Base,belief_bank_constraints,hidden,13,25610,halu_eval,67,16830,10000,8415,8415,3259,6741,104.2763,3073,0.3260132645541636,0.678735808530224,0.438,0.44046196734368775,0.5034776859070762,45398.947,10,2026-09-24T14:37:13.188354+00:00
Falcon3-7B-Base,belief_bank_constraints,hidden,13,25610,halu_eval,104,16830,10000,8415,8415,3259,6741,104.5705,3073,0.3245640408899579,0.6624731512733968,0.4407,0.43567753001715265,0.5007915956174266,45504.804,10,2026-09-24T14:37:13.188354+00:00
Falcon3-7B-Base,belief_bank_constraints,hidden,13,25610,halu_eval,123,16830,10000,8415,8415,3259,6741,100.5399,3073,0.3250883392226148,0.62104940165695,0.4563,0.42677912493410647,0.5029048538983643,45606.615,10,2026-09-24T14:37:13.188354+00:00
Falcon3-7B-Base,belief_bank_constraints,hidden,13,25610,halu_eval,420,16830,10000,8415,8415,3259,6741,103.7787,3073,0.32574320050600886,0.6320957348880024,0.4537,0.42992799749556504,0.5016402491174008,45711.654,10,2026-09-24T14:37:13.188354+00:00
Falcon3-7B-Base,belief_bank_constraints,hidden,13,25610,halu_eval,511,16830,10000,8415,8415,3259,6741,106.7025,3073,0.32581123373414594,0.6069346425283829,0.4626,0.4240085744908896,0.501336888719923,45819.617,10,2026-09-24T14:37:13.188354+00:00
Falcon3-7B-Base,belief_bank_constraints,hidden,13,25610,halu_eval,mean,0,0,0,0,0,0,104.194,3073.0,0.3254154562400954,0.6437864375575331,0.44894999999999996,0.43217187345398117,0.5014764017291883,88166.354,10,2026-09-24T14:37:13.188354+00:00
Falcon3-7B-Base,belief_bank_constraints,hidden,13,25610,halu_eval,std,0,0,0,0,0,0,2.1996914151762277,0.0,0.0013492448391254205,0.02382389178949979,0.0091235135775643,0.005379865172464753,0.0017562644527798663,88166.354,10,2026-09-24T14:37:13.188354+00:00
Falcon3-7B-Base,belief_bank_constraints,hidden,14,25610,belief_bank_constraints,2,16830,7683,8415,8415,3606,4077,104.5777,3073,0.7546517809675705,0.7872989462007765,0.7800338409475466,0.7706297502714441,0.8373726385493014,45926.043,10,2026-09-24T14:37:13.188354+00:00
Falcon3-7B-Base,belief_bank_constraints,hidden,14,25610,belief_bank_constraints,4,16830,7683,8415,8415,3606,4077,104.1587,3073,0.7516146393972013,0.7745424292845258,0.7740465963816218,0.762906309751434,0.8281864322550743,46031.409,10,2026-09-24T14:37:13.188354+00:00
Falcon3-7B-Base,belief_bank_constraints,hidden,14,25610,belief_bank_constraints,24,16830,7683,8415,8415,3606,4077,103.2101,3073,0.7419952368351416,0.7775929007210205,0.768710139268515,0.75937711577522,0.830604322150788,46135.837,10,2026-09-24T14:37:13.188354+00:00
Falcon3-7B-Base,belief_bank_constraints,hidden,14,25610,belief_bank_constraints,42,16830,7683,8415,8415,3606,4077,96.4458,3073,0.7479935794542536,0.7753743760399334,0.7719640765326045,0.761437908496732,0.823678846650127,46233.523,10,2026-09-24T14:37:13.188354+00:00
Falcon3-7B-Base,belief_bank_constraints,hidden,14,25610,belief_bank_constraints,64,16830,7683,8415,8415,3606,4077,108.2751,3073,0.7480547357123692,0.7731558513588463,0.7713132890797866,0.7603981999181781,0.8307607670479706,46343.02,10,2026-09-24T14:37:13.188354+00:00
Falcon3-7B-Base,belief_bank_constraints,hidden,14,25610,belief_bank_constraints,67,16830,7683,8415,8415,3606,4077,102.7999,3073,0.7420886075949367,0.7803660565723793,0.7696212417024599,0.7607461476074615,0.8299082783973677,46447.038,10,2026-09-24T14:37:13.188354+00:00
Falcon3-7B-Base,belief_bank_constraints,hidden,14,25610,belief_bank_constraints,104,16830,7683,8415,8415,3606,4077,98.551,3073,0.7419691825541916,0.7878535773710482,0.7718339190420409,0.7642232683254876,0.8349050263840917,46546.81,10,2026-09-24T14:37:13.188354+00:00
Falcon3-7B-Base,belief_bank_constraints,hidden,14,25610,belief_bank_constraints,123,16830,7683,8415,8415,3606,4077,101.7625,3073,0.7413479052823315,0.7900721020521353,0.772094234023168,0.7649348905893408,0.8336282659742824,46649.788,10,2026-09-24T14:37:13.188354+00:00
Falcon3-7B-Base,belief_bank_constraints,hidden,14,25610,belief_bank_constraints,420,16830,7683,8415,8415,3606,4077,99.6873,3073,0.7475470697427739,0.7817526344980588,0.773656123909931,0.7642673173376712,0.830717812720766,46750.701,10,2026-09-24T14:37:13.188354+00:00
Falcon3-7B-Base,belief_bank_constraints,hidden,14,25610,belief_bank_constraints,511,16830,7683,8415,8415,3606,4077,99.4076,3073,0.7555496121957743,0.7834165280088741,0.7793830534947286,0.7692307692307693,0.8327169064286746,46851.334,10,2026-09-24T14:37:13.188354+00:00
Falcon3-7B-Base,belief_bank_constraints,hidden,14,25610,belief_bank_constraints,mean,0,0,0,0,0,0,101.88757000000001,3073.0,0.7472812349736545,0.7811425402107598,0.7732656514382403,0.7638151677303738,0.8312479296558444,88166.354,10,2026-09-24T14:37:13.188354+00:00
Falcon3-7B-Base,belief_bank_constraints,hidden,14,25610,belief_bank_constraints,std,0,0,0,0,0,0,3.2791682466900016,0.0,0.005108554274524729,0.005674882492265973,0.0035630835913498834,0.0035307263056633827,0.0035791247620887796,88166.354,10,2026-09-24T14:37:13.188354+00:00
Falcon3-7B-Base,belief_bank_constraints,hidden,14,25610,belief_bank_facts,2,16830,27416,8415,8415,7533,19883,109.9182,3073,0.2570150994750826,0.5264834727200318,0.45170703238984533,0.3454102072809615,0.47165026983587427,46963.193,10,2026-09-24T14:37:13.188354+00:00
Falcon3-7B-Base,belief_bank_constraints,hidden,14,25610,belief_bank_facts,4,16830,27416,8415,8415,7533,19883,103.8005,3073,0.2550335570469799,0.5145360414177619,0.4536402100962941,0.3410320707403986,0.47015059670825293,47068.914,10,2026-09-24T14:37:13.188354+00:00
Falcon3-7B-Base,belief_bank_constraints,hidden,14,25610,belief_bank_facts,24,16830,27416,8415,8415,7533,19883,100.4373,3073,0.252607677570425,0.47258728262312494,0.47089290925007293,0.32923333025062423,0.46999513729057185,47171.305,10,2026-09-24T14:37:13.188354+00:00
Falcon3-7B-Base,belief_bank_constraints,hidden,14,25610,belief_bank_facts,42,16830,27416,8415,8415,7533,19883,98.2713,3073,0.2475598293688092,0.454533386433028,0.4705281587394222,0.3205392248642576,0.4760464340979891,47271.527,10,2026-09-24T14:37:13.188354+00:00
Falcon3-7B-Base,belief_bank_constraints,hidden,14,25610,belief_bank_facts,64,16830,27416,8415,8415,7533,19883,105.0438,3073,0.26100328048113725,0.5069693349263241,0.47012693317770643,0.34459733814572524,0.4824918792325253,47378.526,10,2026-09-24T14:37:13.188354+00:00
Falcon3-7B-Base,belief_bank_constraints,hidden,14,25610,belief_bank_facts,67,16830,27416,8415,8415,7533,19883,98.9913,3073,0.26077038388841817,0.531129696004248,0.45747009045812664,0.3497989158943871,0.47688068189750343,47479.472,10,2026-09-24T14:37:13.188354+00:00
Falcon3-7B-Base,belief_bank_constraints,hidden,14,25610,belief_bank_facts,104,16830,27416,8415,8415,7533,19883,100.9003,3073,0.2567506067961165,0.4493561662020443,0.4912824627954479,0.3267847661340928,0.4864994667230218,47582.309,10,2026-09-24T14:37:13.188354+00:00
Falcon3-7B-Base,belief_bank_constraints,hidden,14,25610,belief_bank_facts,123,16830,27416,8415,8415,7533,19883,105.8645,3073,0.25549542326451524,0.5076330811097837,0.4582725415815582,0.3399111111111111,0.4830897582131188,47690.092,10,2026-09-24T14:37:13.188354+00:00
Falcon3-7B-Base,belief_bank_constraints,hidden,14,25610,belief_bank_facts,420,16830,27416,8415,8415,7533,19883,99.218,3073,0.2636437137852041,0.5194477631753618,0.46932448205427485,0.3497653631284916,0.48876687950142206,47791.259,10,2026-09-24T14:37:13.188354+00:00
Falcon3-7B-Base,belief_bank_constraints,hidden,14,25610,belief_bank_facts,511,16830,27416,8415,8415,7533,19883,100.8959,3073,0.2632145344052668,0.5519713261648745,0.45236358330901666,0.3564509215602229,0.4872111836988985,47894.1,10,2026-09-24T14:37:13.188354+00:00
Falcon3-7B-Base,belief_bank_constraints,hidden,14,25610,belief_bank_facts,mean,0,0,0,0,0,0,102.33411,3073.0,0.25730941060819545,0.5034647550776583,0.46456084038517653,0.34035232491102724,0.4792782287199178,88166.354,10,2026-09-24T14:37:13.188354+00:00
Falcon3-7B-Base,belief_bank_constraints,hidden,14,25610,belief_bank_facts,std,0,0,0,0,0,0,3.5297009339177747,0.0,0.004760740096267551,0.032142217161607194,0.011689729774700619,0.010869852096930368,0.006883573127022719,88166.354,10,2026-09-24T14:37:13.188354+00:00
Falcon3-7B-Base,belief_bank_constraints,hidden,14,25610,halu_eval,2,16830,10000,8415,8415,3259,6741,107.6896,3073,0.3255013469021251,0.6673826327094201,0.4409,0.4375817322200986,0.49826454820102895,48003.088,10,2026-09-24T14:37:13.188354+00:00
Falcon3-7B-Base,belief_bank_constraints,hidden,14,25610,halu_eval,4,16830,10000,8415,8415,3259,6741,102.384,3073,0.32305795314426633,0.6431420681190549,0.4445,0.43008105057966556,0.49358031681030823,48106.753,10,2026-09-24T14:37:13.188354+00:00
Falcon3-7B-Base,belief_bank_constraints,hidden,14,25610,halu_eval,24,16830,10000,8415,8415,3259,6741,102.5697,3073,0.32273352698364166,0.6477447069653268,0.4422,0.43081632653061225,0.49436319556733765,48210.617,10,2026-09-24T14:37:13.188354+00:00
Falcon3-7B-Base,belief_bank_constraints,hidden,14,25610,halu_eval,42,16830,10000,8415,8415,3259,6741,97.4009,3073,0.323199251637044,0.6360846885547714,0.4473,0.42861573451876356,0.49511412008938627,48309.293,10,2026-09-24T14:37:13.188354+00:00
Falcon3-7B-Base,belief_bank_constraints,hidden,14,25610,halu_eval,64,16830,10000,8415,8415,3259,6741,105.4487,3073,0.32429441062534586,0.7192390303774164,0.4201,0.4470296557642796,0.49679706589113465,48416.026,10,2026-09-24T14:37:13.188354+00:00
Falcon3-7B-Base,belief_bank_constraints,hidden,14,25610,halu_eval,67,16830,10000,8415,8415,3259,6741,103.5433,3073,0.324583394779531,0.675360540042958,0.4362,0.4384462151394422,0.49380875317533823,48520.853,10,2026-09-24T14:37:13.188354+00:00
Falcon3-7B-Base,belief_bank_constraints,hidden,14,25610,halu_eval,104,16830,10000,8415,8415,3259,6741,98.8233,3073,0.323388848660391,0.6851795029150046,0.4302,0.4393939393939394,0.4959215790271702,48620.958,10,2026-09-24T14:37:13.188354+00:00
Falcon3-7B-Base,belief_bank_constraints,hidden,14,25610,halu_eval,123,16830,10000,8415,8415,3259,6741,102.5173,3073,0.3256682096461102,0.6692236882479288,0.4406,0.43812776215347526,0.4966440087470849,48724.755,10,2026-09-24T14:37:13.188354+00:00
Falcon3-7B-Base,belief_bank_constraints,hidden,14,25610,halu_eval,420,16830,10000,8415,8415,3259,6741,99.3831,3073,0.32627697350450696,0.733046946916232,0.4197,0.4515641243738777,0.4998230682174211,48825.441,10,2026-09-24T14:37:13.188354+00:00
Falcon3-7B-Base,belief_bank_constraints,hidden,14,25610,halu_eval,511,16830,10000,8415,8415,3259,6741,102.8587,3073,0.3244697202582232,0.6477447069653268,0.4457,0.43236047107014847,0.4956280279425674,48929.562,10,2026-09-24T14:37:13.188354+00:00
Falcon3-7B-Base,belief_bank_constraints,hidden,14,25610,halu_eval,mean,0,0,0,0,0,0,102.26186,3073.0,0.32431736361411845,0.6724148511813441,0.43674,0.4374017011744303,0.49599446836687777,88166.354,10,2026-09-24T14:37:13.188354+00:00
Falcon3-7B-Base,belief_bank_constraints,hidden,14,25610,halu_eval,std,0,0,0,0,0,0,2.9245416140653577,0.0,0.0011562072450382178,0.03077317586295181,0.009614281044363114,0.007060153214360132,0.0018723952273409221,88166.354,10,2026-09-24T14:37:13.188354+00:00
Falcon3-7B-Base,belief_bank_constraints,hidden,15,25610,belief_bank_constraints,2,16830,7683,8415,8415,3606,4077,101.8392,3073,0.7556695464362851,0.7762063227953411,0.7771703761551477,0.7658002735978112,0.8374896321245857,49033.363,10,2026-09-24T14:37:13.188354+00:00
Falcon3-7B-Base,belief_bank_constraints,hidden,15,25610,belief_bank_constraints,4,16830,7683,8415,8415,3606,4077,97.404,3073,0.7536932581251679,0.7781475318912923,0.7765195887023298,0.7657252012552872,0.8316263834660327,49132.015,10,2026-09-24T14:37:13.188354+00:00
Falcon3-7B-Base,belief_bank_constraints,hidden,15,25610,belief_bank_constraints,24,16830,7683,8415,8415,3606,4077,101.8968,3073,0.7428119229754682,0.7809206877426511,0.7702720291552779,0.7613897526024064,0.8281085499040857,49235.146,10,2026-09-24T14:37:13.188354+00:00
Falcon3-7B-Base,belief_bank_constraints,hidden,15,25610,belief_bank_constraints,42,16830,7683,8415,8415,3606,4077,97.2237,3073,0.744692144373673,0.7781475318912923,0.7706625016269686,0.7610523460808245,0.8268397137684161,49333.599,10,2026-09-24T14:37:13.188354+00:00
Falcon3-7B-Base,belief_bank_constraints,hidden,15,25610,belief_bank_constraints,64,16830,7683,8415,8415,3606,4077,94.497,3073,0.7453913972749132,0.7737104825291181,0.7697513991930236,0.7592869778201116,0.8273543834703858,49429.329,10,2026-09-24T14:37:13.188354+00:00
Falcon3-7B-Base,belief_bank_constraints,hidden,15,25610,belief_bank_constraints,67,16830,7683,8415,8415,3606,4077,102.3151,3073,0.7413148049171566,0.769273433166944,0.7657165169855525,0.7550353837778987,0.8263594279340662,49532.876,10,2026-09-24T14:37:13.188354+00:00
Falcon3-7B-Base,belief_bank_constraints,hidden,15,25610,belief_bank_constraints,104,16830,7683,8415,8415,3606,4077,104.0729,3073,0.7450566833640917,0.78369384359401,0.7726148639854223,0.7638870117583457,0.8353502141458564,49638.17,10,2026-09-24T14:37:13.188354+00:00
Falcon3-7B-Base,belief_bank_constraints,hidden,15,25610,belief_bank_constraints,123,16830,7683,8415,8415,3606,4077,100.5733,3073,0.7407602956705386,0.7781475318912923,0.768059351815697,0.7589937787395186,0.8322846763855678,49739.969,10,2026-09-24T14:37:13.188354+00:00
Falcon3-7B-Base,belief_bank_constraints,hidden,15,25610,belief_bank_constraints,420,16830,7683,8415,8415,3606,4077,108.0243,3073,0.748195669607057,0.7762063227953411,0.7723545490042952,0.7619436504695795,0.8306073830292112,49849.234,10,2026-09-24T14:37:13.188354+00:00
Falcon3-7B-Base,belief_bank_constraints,hidden,15,25610,belief_bank_constraints,511,16830,7683,8415,8415,3606,4077,105.0267,3073,0.7485943775100402,0.7753743760399334,0.7723545490042952,0.761749080506743,0.8319469254564551,49955.484,10,2026-09-24T14:37:13.188354+00:00
Falcon3-7B-Base,belief_bank_constraints,hidden,15,25610,belief_bank_constraints,mean,0,0,0,0,0,0,101.2873,3073.0,0.7466180100254391,0.7769828064337216,0.771547572562801,0.7614863456608525,0.8307967289684663,88166.354,10,2026-09-24T14:37:13.188354+00:00
Falcon3-7B-Base,belief_bank_constraints,hidden,15,25610,belief_bank_constraints,std,0,0,0,0,0,0,3.8350115952888606,0.0,0.004721852010251516,0.003722232220867998,0.0033254156298215235,0.003090015045605239,0.003524400045945908,88166.354,10,2026-09-24T14:37:13.188354+00:00
Falcon3-7B-Base,belief_bank_constraints,hidden,15,25610,belief_bank_facts,2,16830,27416,8415,8415,7533,19883,100.8683,3073,0.265262710061689,0.4966148944643568,0.4837321272249781,0.34581253466444817,0.49955248291446946,50058.313,10,2026-09-24T14:37:13.188354+00:00
Falcon3-7B-Base,belief_bank_constraints,hidden,15,25610,belief_bank_facts,4,16830,27416,8415,8415,7533,19883,96.8829,3073,0.2613761720904578,0.5032523562989513,0.4727531368543916,0.3440577211054136,0.4903172808240032,50157.157,10,2026-09-24T14:37:13.188354+00:00
Falcon3-7B-Base,belief_bank_constraints,hidden,15,25610,belief_bank_facts,24,16830,27416,8415,8415,7533,19883,101.9227,3073,0.26230244925473745,0.46488782689499536,0.4937262912168077,0.33537636468109555,0.5012324287443952,50261.041,10,2026-09-24T14:37:13.188354+00:00
Falcon3-7B-Base,belief_bank_constraints,hidden,15,25610,belief_bank_facts,42,16830,27416,8415,8415,7533,19883,96.1045,3073,0.2509951010410288,0.4352847471127041,0.48792675809746133,0.3183958828955673,0.4900460438821319,50359.103,10,2026-09-24T14:37:13.188354+00:00
Falcon3-7B-Base,belief_bank_constraints,hidden,15,25610,belief_bank_facts,64,16830,27416,8415,8415,7533,19883,94.7907,3073,0.25391195493427915,0.4846674631620868,0.4670995039393055,0.3332420591456736,0.4835767435435169,50455.847,10,2026-09-24T14:37:13.188354+00:00
Falcon3-7B-Base,belief_bank_constraints,hidden,15,25610,belief_bank_facts,67,16830,27416,8415,8415,7533,19883,104.57,3073,0.25885171045736954,0.4590468604805522,0.49022468631456084,0.33103580317825004,0.49147296297705045,50562.366,10,2026-09-24T14:37:13.188354+00:00
Falcon3-7B-Base,belief_bank_constraints,hidden,15,25610,belief_bank_facts,104,16830,27416,8415,8415,7533,19883,103.3581,3073,0.2523906824683286,0.4099296429045533,0.5042311059235483,0.31242411978955886,0.4913460890774952,50667.666,10,2026-09-24T14:37:13.188354+00:00
Falcon3-7B-Base,belief_bank_constraints,hidden,15,25610,belief_bank_facts,123,16830,27416,8415,8415,7533,19883,101.7806,3073,0.2560057887120116,0.46966679941590334,0.4792456959439743,0.33138200721210137,0.48922156049234766,50771.408,10,2026-09-24T14:37:13.188354+00:00
Falcon3-7B-Base,belief_bank_constraints,hidden,15,25610,belief_bank_facts,420,16830,27416,8415,8415,7533,19883,107.3002,3073,0.25663037409268563,0.4881189433160759,0.47085643419900786,0.33639815196011164,0.47205468331168376,50880.641,10,2026-09-24T14:37:13.188354+00:00
Falcon3-7B-Base,belief_bank_constraints,hidden,15,25610,belief_bank_facts,511,16830,27416,8415,8415,7533,19883,103.4311,3073,0.2630820931349016,0.5092260719500863,0.4732273125182375,0.3469295468933707,0.4972396564506104,50986.007,10,2026-09-24T14:37:13.188354+00:00
Falcon3-7B-Base,belief_bank_constraints,hidden,15,25610,belief_bank_facts,mean,0,0,0,0,0,0,101.10091000000001,3073.0,0.2580809036247489,0.4720695606000266,0.48230230522322726,0.3335054191525591,0.49060599322177045,88166.354,10,2026-09-24T14:37:13.188354+00:00
Falcon3-7B-Base,belief_bank_constraints,hidden,15,25610,belief_bank_facts,std,0,0,0,0,0,0,3.8046861929599385,0.0,0.004606974182987913,0.029686982813290033,0.011193037296386064,0.010669059111055283,0.00796329503733949,88166.354,10,2026-09-24T14:37:13.188354+00:00
Falcon3-7B-Base,belief_bank_constraints,hidden,15,25610,halu_eval,2,16830,10000,8415,8415,3259,6741,101.0829,3073,0.3230310929063489,0.5323718932187788,0.484,0.4020857473928158,0.4964437030333627,51088.355,10,2026-09-24T14:37:13.188354+00:00
Falcon3-7B-Base,belief_bank_constraints,hidden,15,25610,halu_eval,4,16830,10000,8415,8415,3259,6741,101.3326,3073,0.31887088342916886,0.5615219392451672,0.4662,0.4067570571238053,0.49006931110265367,51190.965,10,2026-09-24T14:37:13.188354+00:00
Falcon3-7B-Base,belief_bank_constraints,hidden,15,25610,halu_eval,24,16830,10000,8415,8415,3259,6741,104.2219,3073,0.32011795543905636,0.5995704203743479,0.4545,0.41738758944782656,0.4942785077408679,51296.474,10,2026-09-24T14:37:13.188354+00:00
Falcon3-7B-Base,belief_bank_constraints,hidden,15,25610,halu_eval,42,16830,10000,8415,8415,3259,6741,99.7433,3073,0.31939628798694675,0.48051549555078243,0.497,0.38372947806910074,0.4920912130451207,51397.51,10,2026-09-24T14:37:13.188354+00:00
Falcon3-7B-Base,belief_bank_constraints,hidden,15,25610,halu_eval,64,16830,10000,8415,8415,3259,6741,101.1222,3073,0.3220775044219328,0.6146057072721693,0.4528,0.42266300907364424,0.4932709024053482,51499.929,10,2026-09-24T14:37:13.188354+00:00
Falcon3-7B-Base,belief_bank_constraints,hidden,15,25610,halu_eval,67,16830,10000,8415,8415,3259,6741,104.2396,3073,0.32116436153103894,0.6127646517336607,0.4517,0.42144138440434736,0.49287249864228644,51605.471,10,2026-09-24T14:37:13.188354+00:00
Falcon3-7B-Base,belief_bank_constraints,hidden,15,25610,halu_eval,104,16830,10000,8415,8415,3259,6741,104.0587,3073,0.32421120412105603,0.6179809757594354,0.4557,0.42529827895681555,0.49703210248988583,51710.831,10,2026-09-24T14:37:13.188354+00:00
Falcon3-7B-Base,belief_bank_constraints,hidden,15,25610,halu_eval,123,16830,10000,8415,8415,3259,6741,109.678,3073,0.3238095238095238,0.5946609389383246,0.4632,0.4192990047598442,0.493151756806969,51821.809,10,2026-09-24T14:37:13.188354+00:00
Falcon3-7B-Base,belief_bank_constraints,hidden,15,25610,halu_eval,420,16830,10000,8415,8415,3259,6741,109.6877,3073,0.3253731343283582,0.6020251610923596,0.4635,0.4224351383356658,0.4980475143087377,51932.794,10,2026-09-24T14:37:13.188354+00:00
Falcon3-7B-Base,belief_bank_constraints,hidden,15,25610,halu_eval,511,16830,10000,8415,8415,3259,6741,105.5906,3073,0.32347344750043244,0.5737956428352256,0.47,0.413716814159292,0.4945185058946232,52039.711,10,2026-09-24T14:37:13.188354+00:00
Falcon3-7B-Base,belief_bank_constraints,hidden,15,25610,halu_eval,mean,0,0,0,0,0,0,104.07575,3073.0,0.3221525395473863,0.5789812826020251,0.46586,0.41348135017231574,0.49417760154698553,88166.354,10,2026-09-24T14:37:13.188354+00:00
Falcon3-7B-Base,belief_bank_constraints,hidden,15,25610,halu_eval,std,0,0,0,0,0,0,3.304512965400499,0.0,0.0020823167227541238,0.04163152917055553,0.013899654671969372,0.012152712291297371,0.002306400570347134,88166.354,10,2026-09-24T14:37:13.188354+00:00
Falcon3-7B-Base,belief_bank_constraints,hidden,16,25610,belief_bank_constraints,2,16830,7683,8415,8415,3606,4077,109.5034,3073,0.7426373043247546,0.7762063227953411,0.768710139268515,0.7590508474576271,0.8283034258303585,52151.924,10,2026-09-24T14:37:13.188354+00:00
Falcon3-7B-Base,belief_bank_constraints,hidden,16,25610,belief_bank_constraints,4,16830,7683,8415,8415,3606,4077,104.8341,3073,0.7369393139841689,0.7745424292845258,0.7644149420799167,0.7552731206057328,0.8193851484274363,52258.008,10,2026-09-24T14:37:13.188354+00:00
Falcon3-7B-Base,belief_bank_constraints,hidden,16,25610,belief_bank_constraints,24,16830,7683,8415,8415,3606,4077,105.0002,3073,0.7292599420595207,0.7678868552412645,0.7572562800989197,0.7480751046872889,0.8156351642419748,52364.262,10,2026-09-24T14:37:13.188354+00:00
Falcon3-7B-Base,belief_bank_constraints,hidden,16,25610,belief_bank_constraints,42,16830,7683,8415,8415,3606,4077,104.746,3073,0.7352,0.7645590682196339,0.7602499023818821,0.7495921696574225,0.818662679090296,52470.257,10,2026-09-24T14:37:13.188354+00:00
Falcon3-7B-Base,belief_bank_constraints,hidden,16,25610,belief_bank_constraints,64,16830,7683,8415,8415,3606,4077,105.1746,3073,0.7435553168635876,0.7678868552412645,0.7667577769100612,0.7555252387448841,0.824669891064017,52576.681,10,2026-09-24T14:37:13.188354+00:00
Falcon3-7B-Base,belief_bank_constraints,hidden,16,25610,belief_bank_constraints,67,16830,7683,8415,8415,3606,4077,104.3927,3073,0.7359042553191489,0.7673322240709928,0.7615514772875179,0.7512897094759706,0.8236424221968918,52682.318,10,2026-09-24T14:37:13.188354+00:00
Falcon3-7B-Base,belief_bank_constraints,hidden,16,25610,belief_bank_constraints,104,16830,7683,8415,8415,3606,4077,103.6452,3073,0.7336460776648424,0.7806433721575152,0.7640244696082259,0.7564154238882171,0.8252565934382113,52787.212,10,2026-09-24T14:37:13.188354+00:00
Falcon3-7B-Base,belief_bank_constraints,hidden,16,25610,belief_bank_constraints,123,16830,7683,8415,8415,3606,4077,106.8834,3073,0.7400052952078369,0.7750970604547975,0.7666276194194976,0.7571447920899363,0.8226319582098949,52895.35,10,2026-09-24T14:37:13.188354+00:00
Falcon3-7B-Base,belief_bank_constraints,hidden,16,25610,belief_bank_constraints,420,16830,7683,8415,8415,3606,4077,98.4508,3073,0.7347207586933614,0.7734331669439822,0.7625927372120266,0.7535801134828425,0.8237745501154903,52995.059,10,2026-09-24T14:37:13.188354+00:00
Falcon3-7B-Base,belief_bank_constraints,hidden,16,25610,belief_bank_constraints,511,16830,7683,8415,8415,3606,4077,113.7881,3073,0.7379664683612763,0.7567942318358292,0.7597292724196277,0.7472617743702081,0.8181681771761588,53110.105,10,2026-09-24T14:37:13.188354+00:00
Falcon3-7B-Base,belief_bank_constraints,hidden,16,25610,belief_bank_constraints,mean,0,0,0,0,0,0,105.64185,3073.0,0.7369834732478497,0.7704381586245146,0.763191461668619,0.753320829446013,0.8220130009790729,88166.354,10,2026-09-24T14:37:13.188354+00:00
Falcon3-7B-Base,belief_bank_constraints,hidden,16,25610,belief_bank_constraints,std,0,0,0,0,0,0,3.770379761840973,0.0,0.004068305302708068,0.006544647809206871,0.0034071442430550544,0.0038474475906238484,0.003699733990503887,88166.354,10,2026-09-24T14:37:13.188354+00:00
Falcon3-7B-Base,belief_bank_constraints,hidden,16,25610,belief_bank_facts,2,16830,27416,8415,8415,7533,19883,106.9794,3073,0.24584769664681919,0.41656710473914776,0.4885833090166326,0.3092082573779376,0.4848435997605773,53219.092,10,2026-09-24T14:37:13.188354+00:00
Falcon3-7B-Base,belief_bank_constraints,hidden,16,25610,belief_bank_facts,4,16830,27416,8415,8415,7533,19883,103.1525,3073,0.24147956711355192,0.3969202177087482,0.49172016340822877,0.30027617373838816,0.4793977531068365,53324.245,10,2026-09-24T14:37:13.188354+00:00
Falcon3-7B-Base,belief_bank_constraints,hidden,16,25610,belief_bank_facts,24,16830,27416,8415,8415,7533,19883,107.7167,3073,0.24974463738508682,0.38948626045400236,0.5107601400641961,0.3043410611482807,0.492436087631962,53433.949,10,2026-09-24T14:37:13.188354+00:00
Falcon3-7B-Base,belief_bank_constraints,hidden,16,25610,belief_bank_facts,42,16830,27416,8415,8415,7533,19883,103.6425,3073,0.25269126468896375,0.40820390282755875,0.5056901079661511,0.31215105065475585,0.4945079518315025,53539.593,10,2026-09-24T14:37:13.188354+00:00
Falcon3-7B-Base,belief_bank_constraints,hidden,16,25610,belief_bank_facts,64,16830,27416,8415,8415,7533,19883,103.241,3073,0.24779140578094175,0.3835125448028674,0.510723665013131,0.30106294289287205,0.49325963630902,53644.83,10,2026-09-24T14:37:13.188354+00:00
Falcon3-7B-Base,belief_bank_constraints,hidden,16,25610,belief_bank_facts,67,16830,27416,8415,8415,7533,19883,106.9606,3073,0.2624693376941946,0.42612504978096377,0.5133133936387511,0.3248494661741638,0.5070713855264768,53753.799,10,2026-09-24T14:37:13.188354+00:00
Falcon3-7B-Base,belief_bank_constraints,hidden,16,25610,belief_bank_facts,104,16830,27416,8415,8415,7533,19883,100.6406,3073,0.24852177029206235,0.36824638258330017,0.5204625036475051,0.29676384059909067,0.49165237440834275,53856.475,10,2026-09-24T14:37:13.188354+00:00
Falcon3-7B-Base,belief_bank_constraints,hidden,16,25610,belief_bank_facts,123,16830,27416,8415,8415,7533,19883,109.0404,3073,0.2528919330289193,0.44112571352714725,0.4883644587102422,0.32148212644512164,0.48428139008527116,53967.548,10,2026-09-24T14:37:13.188354+00:00
Falcon3-7B-Base,belief_bank_constraints,hidden,16,25610,belief_bank_facts,420,16830,27416,8415,8415,7533,19883,100.46,3073,0.25705024311183144,0.421080578786672,0.5065290341406478,0.31922709203441857,0.48822516006438005,54070.022,10,2026-09-24T14:37:13.188354+00:00
Falcon3-7B-Base,belief_bank_constraints,hidden,16,25610,belief_bank_facts,511,16830,27416,8415,8415,7533,19883,110.5829,3073,0.259826887953625,0.43435550245586085,0.504595856434199,0.3251515452648316,0.5050801236082804,54182.594,10,2026-09-24T14:37:13.188354+00:00
Falcon3-7B-Base,belief_bank_constraints,hidden,16,25610,belief_bank_facts,mean,0,0,0,0,0,0,105.24166,3073.0,0.25183147436959963,0.4085623257666269,0.5040742632039685,0.31145135563298604,0.492075546233265,88166.354,10,2026-09-24T14:37:13.188354+00:00
Falcon3-7B-Base,belief_bank_constraints,hidden,16,25610,belief_bank_facts,std,0,0,0,0,0,0,3.3168984983565593,0.0,0.0061708094865583814,0.02237705258066898,0.01044582100463681,0.01016310611852517,0.008307970821176524,88166.354,10,2026-09-24T14:37:13.188354+00:00
Falcon3-7B-Base,belief_bank_constraints,hidden,16,25610,halu_eval,2,16830,10000,8415,8415,3259,6741,110.5931,3073,0.3247467438494935,0.6885547714022706,0.4319,0.44134133149768906,0.4957955828413769,54294.49,10,2026-09-24T14:37:13.188354+00:00
Falcon3-7B-Base,belief_bank_constraints,hidden,16,25610,halu_eval,4,16830,10000,8415,8415,3259,6741,105.4538,3073,0.3275102759835584,0.6845658177355017,0.4391,0.4430543143679873,0.49797828013294604,54401.239,10,2026-09-24T14:37:13.188354+00:00
Falcon3-7B-Base,belief_bank_constraints,hidden,16,25610,halu_eval,24,16830,10000,8415,8415,3259,6741,105.2105,3073,0.3244747460692918,0.7155569193003989,0.4218,0.44648669347118514,0.4939238248363517,54507.745,10,2026-09-24T14:37:13.188354+00:00
Falcon3-7B-Base,belief_bank_constraints,hidden,16,25610,halu_eval,42,16830,10000,8415,8415,3259,6741,105.7167,3073,0.31187598528638993,0.36422215403498004,0.5309,0.33602264685067235,0.4878731857493762,54614.761,10,2026-09-24T14:37:13.188354+00:00
Falcon3-7B-Base,belief_bank_constraints,hidden,16,25610,halu_eval,64,16830,10000,8415,8415,3259,6741,107.8539,3073,0.3263533426399876,0.6455968088370666,0.4502,0.4335462600453328,0.49572502861884105,54723.925,10,2026-09-24T14:37:13.188354+00:00
Falcon3-7B-Base,belief_bank_constraints,hidden,16,25610,halu_eval,67,16830,10000,8415,8415,3259,6741,104.4952,3073,0.32263585793752675,0.6940779380177968,0.4254,0.44050632911392407,0.48747491854287417,54829.724,10,2026-09-24T14:37:13.188354+00:00
Falcon3-7B-Base,belief_bank_constraints,hidden,16,25610,halu_eval,104,16830,10000,8415,8415,3259,6741,104.9906,3073,0.32575391065957104,0.6198220312979441,0.458,0.427061310782241,0.49583347728670674,54936.016,10,2026-09-24T14:37:13.188354+00:00
Falcon3-7B-Base,belief_bank_constraints,hidden,16,25610,halu_eval,123,16830,10000,8415,8415,3259,6741,107.0234,3073,0.32400734774622014,0.703590058300092,0.425,0.4436919504643963,0.4909889512542698,55044.351,10,2026-09-24T14:37:13.188354+00:00
Falcon3-7B-Base,belief_bank_constraints,hidden,16,25610,halu_eval,420,16830,10000,8415,8415,3259,6741,98.9782,3073,0.3238398725353515,0.4989260509358699,0.4972,0.3927536231884058,0.49229882453478935,55144.62,10,2026-09-24T14:37:13.188354+00:00
Falcon3-7B-Base,belief_bank_constraints,hidden,16,25610,halu_eval,511,16830,10000,8415,8415,3259,6741,112.3229,3073,0.32734899328859063,0.5986498926050936,0.4683,0.4232563184727194,0.49596518608858264,55258.232,10,2026-09-24T14:37:13.188354+00:00
Falcon3-7B-Base,belief_bank_constraints,hidden,16,25610,halu_eval,mean,0,0,0,0,0,0,106.26383000000001,3073.0,0.32385470759959817,0.6213562442467014,0.4547800000000001,0.4227720778254553,0.4933857259886115,88166.354,10,2026-09-24T14:37:13.188354+00:00
Falcon3-7B-Base,belief_bank_constraints,hidden,16,25610,halu_eval,std,0,0,0,0,0,0,3.441725618363557,0.0,0.004261483781951813,0.10566377529732321,0.03378596750131629,0.032606748443293365,0.0034286670887845724,88166.354,10,2026-09-24T14:37:13.188354+00:00
Falcon3-7B-Base,belief_bank_constraints,hidden,17,25610,belief_bank_constraints,2,16830,7683,8415,8415,3606,4077,107.5319,3073,0.7420305384409323,0.7681641708264004,0.7658466744761161,0.7548712358631966,0.8267830535078278,55370.406,10,2026-09-24T14:37:13.188354+00:00
Falcon3-7B-Base,belief_bank_constraints,hidden,17,25610,belief_bank_constraints,4,16830,7683,8415,8415,3606,4077,106.1044,3073,0.7464937814236571,0.7823072656683305,0.7731354939476767,0.7639810426540284,0.8265996048610014,55477.789,10,2026-09-24T14:37:13.188354+00:00
Falcon3-7B-Base,belief_bank_constraints,hidden,17,25610,belief_bank_constraints,24,16830,7683,8415,8415,3606,4077,106.6223,3073,0.7291338582677165,0.7703826955074875,0.7579070675517376,0.7491909385113269,0.8210926764606613,55585.673,10,2026-09-24T14:37:13.188354+00:00
Falcon3-7B-Base,belief_bank_constraints,hidden,17,25610,belief_bank_constraints,42,16830,7683,8415,8415,3606,4077,98.5921,3073,0.7427262931034483,0.7645590682196339,0.7651958870232982,0.7534845586225745,0.8206965307731874,55685.525,10,2026-09-24T14:37:13.188354+00:00
Falcon3-7B-Base,belief_bank_constraints,hidden,17,25610,belief_bank_constraints,64,16830,7683,8415,8415,3606,4077,102.8842,3073,0.7410187667560322,0.7665002773155851,0.7646752570610439,0.7535441657579062,0.8293214059743721,55789.665,10,2026-09-24T14:37:13.188354+00:00
Falcon3-7B-Base,belief_bank_constraints,hidden,17,25610,belief_bank_constraints,67,16830,7683,8415,8415,3606,4077,99.2389,3073,0.7416576964477933,0.764281752634498,0.7644149420799167,0.7527997814804698,0.8263238537248373,55890.165,10,2026-09-24T14:37:13.188354+00:00
Falcon3-7B-Base,belief_bank_constraints,hidden,17,25610,belief_bank_constraints,104,16830,7683,8415,8415,3606,4077,103.928,3073,0.7393276414087513,0.7684414864115363,0.7641546270987896,0.7536034810987218,0.826249304330354,55995.355,10,2026-09-24T14:37:13.188354+00:00
Falcon3-7B-Base,belief_bank_constraints,hidden,17,25610,belief_bank_constraints,123,16830,7683,8415,8415,3606,4077,97.7315,3073,0.7429106474050294,0.7701053799223516,0.7670180918911883,0.7562636165577342,0.8249679526029098,56094.35,10,2026-09-24T14:37:13.188354+00:00
Falcon3-7B-Base,belief_bank_constraints,hidden,17,25610,belief_bank_constraints,420,16830,7683,8415,8415,3606,4077,99.899,3073,0.7401869158878505,0.7687188019966722,0.7648054145516074,0.7541831043395456,0.824391487166553,56195.505,10,2026-09-24T14:37:13.188354+00:00
Falcon3-7B-Base,belief_bank_constraints,hidden,17,25610,belief_bank_constraints,511,16830,7683,8415,8415,3606,4077,104.5903,3073,0.7401934443847394,0.7640044370493622,0.763373682155408,0.7519104803493449,0.823468598312218,56301.358,10,2026-09-24T14:37:13.188354+00:00
Falcon3-7B-Base,belief_bank_constraints,hidden,17,25610,belief_bank_constraints,mean,0,0,0,0,0,0,102.71225999999999,3073.0,0.740567958352595,0.7687465335551857,0.7650527137836782,0.7543832405234848,0.8249894467713922,88166.354,10,2026-09-24T14:37:13.188354+00:00
Falcon3-7B-Base,belief_bank_constraints,hidden,17,25610,belief_bank_constraints,std,0,0,0,0,0,0,3.417907660894306,0.0,0.004258572093489408,0.005038374687793024,0.0035375311822060658,0.00365559023548713,0.0025343309189485587,88166.354,10,2026-09-24T14:37:13.188354+00:00
Falcon3-7B-Base,belief_bank_constraints,hidden,17,25610,belief_bank_facts,2,16830,27416,8415,8415,7533,19883,106.3468,3073,0.2559671567691426,0.3559007035709545,0.538772979282171,0.2977730882434609,0.4998754228231437,56409.722,10,2026-09-24T14:37:13.188354+00:00
Falcon3-7B-Base,belief_bank_constraints,hidden,17,25610,belief_bank_facts,4,16830,27416,8415,8415,7533,19883,103.0948,3073,0.26292031321971443,0.3788663215186513,0.5374963524948935,0.3104198390254514,0.5085042300324281,56514.806,10,2026-09-24T14:37:13.188354+00:00
Falcon3-7B-Base,belief_bank_constraints,hidden,17,25610,belief_bank_facts,24,16830,27416,8415,8415,7533,19883,102.3747,3073,0.2650819017179385,0.35231647418027345,0.5536548001167202,0.30253633513821604,0.5099343839010314,56619.18,10,2026-09-24T14:37:13.188354+00:00
Falcon3-7B-Base,belief_bank_constraints,hidden,17,25610,belief_bank_facts,42,16830,27416,8415,8415,7533,19883,96.5273,3073,0.26134992108439326,0.3736891012876676,0.5377152028012839,0.307583041958042,0.5054734440469846,56717.698,10,2026-09-24T14:37:13.188354+00:00
Falcon3-7B-Base,belief_bank_constraints,hidden,17,25610,belief_bank_facts,64,16830,27416,8415,8415,7533,19883,103.6846,3073,0.25926291868392454,0.3483339970795168,0.5474905164867231,0.29726974056870964,0.5072993652986793,56823.369,10,2026-09-24T14:37:13.188354+00:00
Falcon3-7B-Base,belief_bank_constraints,hidden,17,25610,belief_bank_facts,67,16830,27416,8415,8415,7533,19883,99.9776,3073,0.27097422774629865,0.39360148679145096,0.5424204843886782,0.3209742895805142,0.5104302857231865,56925.35,10,2026-09-24T14:37:13.188354+00:00
Falcon3-7B-Base,belief_bank_constraints,hidden,17,25610,belief_bank_facts,104,16830,27416,8415,8415,7533,19883,100.9598,3073,0.2571178699834807,0.35125448028673834,0.5428946600525241,0.29690305206463197,0.5054511778545404,57028.345,10,2026-09-24T14:37:13.188354+00:00
Falcon3-7B-Base,belief_bank_constraints,hidden,17,25610,belief_bank_facts,123,16830,27416,8415,8415,7533,19883,97.1709,3073,0.26344130560848317,0.4221425726802071,0.5169244236941932,0.3244235870230565,0.5035684694664638,57127.513,10,2026-09-24T14:37:13.188354+00:00
Falcon3-7B-Base,belief_bank_constraints,hidden,17,25610,belief_bank_facts,420,16830,27416,8415,8415,7533,19883,105.2026,3073,0.2561827449499717,0.3602814283817868,0.5368033265246571,0.29944282010260936,0.49957327025785037,57234.799,10,2026-09-24T14:37:13.188354+00:00
Falcon3-7B-Base,belief_bank_constraints,hidden,17,25610,belief_bank_facts,511,16830,27416,8415,8415,7533,19883,104.2682,3073,0.26009970775313734,0.40169919022965617,0.5216297052815874,0.3157510304168623,0.505011205236015,57341.131,10,2026-09-24T14:37:13.188354+00:00
Falcon3-7B-Base,belief_bank_constraints,hidden,17,25610,belief_bank_facts,mean,0,0,0,0,0,0,101.96072999999998,3073.0,0.2612398067516485,0.37380857560069025,0.5375802451123431,0.30730768241215545,0.5055121254640322,88166.354,10,2026-09-24T14:37:13.188354+00:00
Falcon3-7B-Base,belief_bank_constraints,hidden,17,25610,belief_bank_facts,std,0,0,0,0,0,0,3.11288067713814,0.0,0.004390631583117576,0.023779494194777817,0.010447056369633764,0.00972280164549724,0.003563256016479037,88166.354,10,2026-09-24T14:37:13.188354+00:00
Falcon3-7B-Base,belief_bank_constraints,hidden,17,25610,halu_eval,2,16830,10000,8415,8415,3259,6741,104.432,3073,0.33138616987685504,0.6440625958883093,0.4605,0.43761075784426146,0.502863408982481,57446.911,10,2026-09-24T14:37:13.188354+00:00
Falcon3-7B-Base,belief_bank_constraints,hidden,17,25610,halu_eval,4,16830,10000,8415,8415,3259,6741,106.0466,3073,0.32691051600261267,0.6142988646824179,0.4621,0.42672919109026963,0.4982270179065251,57554.308,10,2026-09-24T14:37:13.188354+00:00
Falcon3-7B-Base,belief_bank_constraints,hidden,17,25610,halu_eval,24,16830,10000,8415,8415,3259,6741,101.912,3073,0.3245519987746975,0.6501994476833385,0.445,0.4329791581528402,0.5012905732867421,57657.551,10,2026-09-24T14:37:13.188354+00:00
Falcon3-7B-Base,belief_bank_constraints,hidden,17,25610,halu_eval,42,16830,10000,8415,8415,3259,6741,96.5814,3073,0.32610169491525426,0.5903651426818043,0.4689,0.42013320231466317,0.49714653688695387,57755.436,10,2026-09-24T14:37:13.188354+00:00
Falcon3-7B-Base,belief_bank_constraints,hidden,17,25610,halu_eval,64,16830,10000,8415,8415,3259,6741,105.7833,3073,0.3271623222748815,0.6778152807609696,0.4407,0.4413145539906103,0.5006097705581235,57862.538,10,2026-09-24T14:37:13.188354+00:00
Falcon3-7B-Base,belief_bank_constraints,hidden,17,25610,halu_eval,67,16830,10000,8415,8415,3259,6741,100.3534,3073,0.32734337056823704,0.6204357164774471,0.4608,0.42857142857142855,0.5006473463714806,57964.238,10,2026-09-24T14:37:13.188354+00:00
Falcon3-7B-Base,belief_bank_constraints,hidden,17,25610,halu_eval,104,16830,10000,8415,8415,3259,6741,101.0965,3073,0.32855453739284657,0.6821110770174901,0.4421,0.4434912718204489,0.5023562606790074,58066.645,10,2026-09-24T14:37:13.188354+00:00
Falcon3-7B-Base,belief_bank_constraints,hidden,17,25610,halu_eval,123,16830,10000,8415,8415,3259,6741,99.5833,3073,0.3251694393099199,0.6477447069653268,0.4471,0.4329812326940827,0.49964276803970187,58167.571,10,2026-09-24T14:37:13.188354+00:00
Falcon3-7B-Base,belief_bank_constraints,hidden,17,25610,halu_eval,420,16830,10000,8415,8415,3259,6741,101.432,3073,0.32908163265306123,0.5937404111690703,0.4731,0.42345989714410764,0.5029461394982612,58270.305,10,2026-09-24T14:37:13.188354+00:00
Falcon3-7B-Base,belief_bank_constraints,hidden,17,25610,halu_eval,511,16830,10000,8415,8415,3259,6741,104.488,3073,0.3311709373986377,0.6265725682724762,0.4659,0.43331564986737403,0.50274353508245,58376.117,10,2026-09-24T14:37:13.188354+00:00
Falcon3-7B-Base,belief_bank_constraints,hidden,17,25610,halu_eval,mean,0,0,0,0,0,0,102.17085,3073.0,0.3277432619167003,0.6347345811598649,0.45662,0.43205863434900865,0.5008473357291727,88166.354,10,2026-09-24T14:37:13.188354+00:00
Falcon3-7B-Base,belief_bank_constraints,hidden,17,25610,halu_eval,std,0,0,0,0,0,0,2.8558858150318263,0.0,0.0021946178922567583,0.029889429409616104,0.011229407820539786,0.007121795724204111,0.0019143617339035927,88166.354,10,2026-09-24T14:37:13.188354+00:00
Falcon3-7B-Base,belief_bank_constraints,hidden,18,25610,belief_bank_constraints,2,16830,7683,8415,8415,3606,4077,104.66,3073,0.7465940054495913,0.7598447032723239,0.7662371469478069,0.7531610775151182,0.8237058844095314,58482.848,10,2026-09-24T14:37:13.188354+00:00
Falcon3-7B-Base,belief_bank_constraints,hidden,18,25610,belief_bank_constraints,4,16830,7683,8415,8415,3606,4077,102.7508,3073,0.7335612835349816,0.7734331669439822,0.761811792268645,0.7529697624190065,0.8197890823500091,58586.861,10,2026-09-24T14:37:13.188354+00:00
Falcon3-7B-Base,belief_bank_constraints,hidden,18,25610,belief_bank_constraints,24,16830,7683,8415,8415,3606,4077,102.0405,3073,0.735480464625132,0.7726012201885746,0.7628530521931537,0.7535839870164999,0.8259509707133792,58690.153,10,2026-09-24T14:37:13.188354+00:00
Falcon3-7B-Base,belief_bank_constraints,hidden,18,25610,belief_bank_constraints,42,16830,7683,8415,8415,3606,4077,112.3124,3073,0.7373383620689655,0.7590127565169162,0.759989587400755,0.7480185843126538,0.814555864500218,58803.713,10,2026-09-24T14:37:13.188354+00:00
Falcon3-7B-Base,belief_bank_constraints,hidden,18,25610,belief_bank_constraints,64,16830,7683,8415,8415,3606,4077,99.9914,3073,0.7447325769854133,0.7645590682196339,0.766497461928934,0.7545155993431856,0.8215446661744774,58904.954,10,2026-09-24T14:37:13.188354+00:00
Falcon3-7B-Base,belief_bank_constraints,hidden,18,25610,belief_bank_constraints,67,16830,7683,8415,8415,3606,4077,111.1751,3073,0.7302423603793466,0.7687188019966722,0.7581673825328648,0.7489867603350446,0.8191165733506865,59017.378,10,2026-09-24T14:37:13.188354+00:00
Falcon3-7B-Base,belief_bank_constraints,hidden,18,25610,belief_bank_constraints,104,16830,7683,8415,8415,3606,4077,104.8812,3073,0.7352239597137556,0.769273433166944,0.7616816347780815,0.7518633961241361,0.81994930233058,59123.514,10,2026-09-24T14:37:13.188354+00:00
Falcon3-7B-Base,belief_bank_constraints,hidden,18,25610,belief_bank_constraints,123,16830,7683,8415,8415,3606,4077,105.8074,3073,0.7332280978689818,0.7728785357737105,0.7614213197969543,0.7525313892264075,0.8188886059276835,59230.57,10,2026-09-24T14:37:13.188354+00:00
Falcon3-7B-Base,belief_bank_constraints,hidden,18,25610,belief_bank_constraints,420,16830,7683,8415,8415,3606,4077,102.7338,3073,0.7445828819068255,0.7623405435385469,0.7657165169855525,0.7533570841326391,0.8215635075816599,59334.573,10,2026-09-24T14:37:13.188354+00:00
Falcon3-7B-Base,belief_bank_constraints,hidden,18,25610,belief_bank_constraints,511,16830,7683,8415,8415,3606,4077,104.4329,3073,0.7381399088716162,0.7637271214642263,0.7619419497592086,0.7507155513152515,0.8151131144220293,59440.321,10,2026-09-24T14:37:13.188354+00:00
Falcon3-7B-Base,belief_bank_constraints,hidden,18,25610,belief_bank_constraints,mean,0,0,0,0,0,0,105.07854999999999,3073.0,0.737912390140461,0.7666389351081531,0.7626317844591955,0.7519703191739943,0.8200177571760253,88166.354,10,2026-09-24T14:37:13.188354+00:00
Falcon3-7B-Base,belief_bank_constraints,hidden,18,25610,belief_bank_constraints,std,0,0,0,0,0,0,3.697077773661247,0.0,0.005287798460280269,0.00517214011393329,0.002606434215935037,0.00199601579664454,0.0033099544708863897,88166.354,10,2026-09-24T14:37:13.188354+00:00
Falcon3-7B-Base,belief_bank_constraints,hidden,18,25610,belief_bank_facts,2,16830,27416,8415,8415,7533,19883,102.4906,3073,0.2601834577114428,0.44431169520775254,0.5001823752553254,0.3281855174780605,0.4880893863643667,59544.85,10,2026-09-24T14:37:13.188354+00:00
Falcon3-7B-Base,belief_bank_constraints,hidden,18,25610,belief_bank_facts,4,16830,27416,8415,8415,7533,19883,102.7111,3073,0.2673036412879928,0.4716580379662817,0.4995987744382842,0.34122448979591835,0.5046460630477487,59649.551,10,2026-09-24T14:37:13.188354+00:00
Falcon3-7B-Base,belief_bank_constraints,hidden,18,25610,belief_bank_facts,24,16830,27416,8415,8415,7533,19883,104.431,3073,0.26962295470713776,0.45280764635603343,0.5126203676685147,0.33799048751486327,0.5078132736938543,59755.972,10,2026-09-24T14:37:13.188354+00:00
Falcon3-7B-Base,belief_bank_constraints,hidden,18,25610,belief_bank_facts,42,16830,27416,8415,8415,7533,19883,109.4697,3073,0.2685022026431718,0.4854639585822382,0.49522176831047565,0.3457665579350447,0.4979706218321292,59867.467,10,2026-09-24T14:37:13.188354+00:00
Falcon3-7B-Base,belief_bank_constraints,hidden,18,25610,belief_bank_facts,64,16830,27416,8415,8415,7533,19883,100.2726,3073,0.26189038200211384,0.460507102084163,0.4951488182083455,0.33389479763222485,0.4892554104460784,59969.749,10,2026-09-24T14:37:13.188354+00:00
Falcon3-7B-Base,belief_bank_constraints,hidden,18,25610,belief_bank_facts,67,16830,27416,8415,8415,7533,19883,116.2356,3073,0.2768470790378007,0.5133412982875348,0.4978479719871608,0.35970419980466023,0.5096945833511013,60087.969,10,2026-09-24T14:37:13.188354+00:00
Falcon3-7B-Base,belief_bank_constraints,hidden,18,25610,belief_bank_facts,104,16830,27416,8415,8415,7533,19883,100.3554,3073,0.26476220874561124,0.44046196734368775,0.5101765392471549,0.33072514328432595,0.497512449021519,60190.314,10,2026-09-24T14:37:13.188354+00:00
Falcon3-7B-Base,belief_bank_constraints,hidden,18,25610,belief_bank_facts,123,16830,27416,8415,8415,7533,19883,105.787,3073,0.2664695365149223,0.51440329218107,0.4774948934928509,0.3510758776896942,0.491397805397337,60298.087,10,2026-09-24T14:37:13.188354+00:00
Falcon3-7B-Base,belief_bank_constraints,hidden,18,25610,belief_bank_facts,420,16830,27416,8415,8415,7533,19883,105.3301,3073,0.25702872945152866,0.44417894597106067,0.4944922672891742,0.3256289231667559,0.4891376533338643,60405.414,10,2026-09-24T14:37:13.188354+00:00
Falcon3-7B-Base,belief_bank_constraints,hidden,18,25610,belief_bank_facts,511,16830,27416,8415,8415,7533,19883,102.1033,3073,0.27283276450511945,0.5305986990574805,0.48245550043770064,0.3603660460713159,0.5020598698323063,60509.515,10,2026-09-24T14:37:13.188354+00:00
Falcon3-7B-Base,belief_bank_constraints,hidden,18,25610,belief_bank_facts,mean,0,0,0,0,0,0,104.91864000000001,3073.0,0.2665442956606841,0.47577326430373024,0.49652392763349873,0.34145620403728644,0.49775771163203053,88166.354,10,2026-09-24T14:37:13.188354+00:00
Falcon3-7B-Base,belief_bank_constraints,hidden,18,25610,belief_bank_facts,std,0,0,0,0,0,0,4.594022957539504,0.0,0.005616288164996763,0.031647596213739616,0.010187345943262215,0.011885697719942037,0.007682357197115071,88166.354,10,2026-09-24T14:37:13.188354+00:00
Falcon3-7B-Base,belief_bank_constraints,hidden,18,25610,halu_eval,2,16830,10000,8415,8415,3259,6741,101.7082,3073,0.32686939914793595,0.682724762196993,0.4384,0.44208225710311944,0.5038844196202826,60612.523,10,2026-09-24T14:37:13.188354+00:00
Falcon3-7B-Base,belief_bank_constraints,hidden,18,25610,halu_eval,4,16830,10000,8415,8415,3259,6741,107.4574,3073,0.32475937603717225,0.6004909481436024,0.4629,0.4215401184706516,0.5023395780192917,60721.348,10,2026-09-24T14:37:13.188354+00:00
Falcon3-7B-Base,belief_bank_constraints,hidden,18,25610,halu_eval,24,16830,10000,8415,8415,3259,6741,102.3627,3073,0.3288539066999424,0.5256213562442467,0.4958,0.4045819555975437,0.5017235486188465,60825.007,10,2026-09-24T14:37:13.188354+00:00
Falcon3-7B-Base,belief_bank_constraints,hidden,18,25610,halu_eval,42,16830,10000,8415,8415,3259,6741,111.1487,3073,0.32741116751269034,0.5145750230131942,0.4973,0.4001909080062045,0.5004442412482835,60937.46,10,2026-09-24T14:37:13.188354+00:00
Falcon3-7B-Base,belief_bank_constraints,hidden,18,25610,halu_eval,64,16830,10000,8415,8415,3259,6741,102.5792,3073,0.3322454308093995,0.6247315127339674,0.4685,0.4337914136571855,0.5051482050618876,61041.342,10,2026-09-24T14:37:13.188354+00:00
Falcon3-7B-Base,belief_bank_constraints,hidden,18,25610,halu_eval,67,16830,10000,8415,8415,3259,6741,111.4681,3073,0.3268095681888785,0.6455968088370666,0.4511,0.43394864391048776,0.504833373913391,61154.117,10,2026-09-24T14:37:13.188354+00:00
Falcon3-7B-Base,belief_bank_constraints,hidden,18,25610,halu_eval,104,16830,10000,8415,8415,3259,6741,101.741,3073,0.3261861313868613,0.6581773550168764,0.4455,0.4361972547025928,0.5001771821362717,61257.163,10,2026-09-24T14:37:13.188354+00:00
Falcon3-7B-Base,belief_bank_constraints,hidden,18,25610,halu_eval,123,16830,10000,8415,8415,3259,6741,108.5276,3073,0.32701937731330283,0.46087756980668915,0.5152,0.3825776872134488,0.5020422261104427,61367.019,10,2026-09-24T14:37:13.188354+00:00
Falcon3-7B-Base,belief_bank_constraints,hidden,18,25610,halu_eval,420,16830,10000,8415,8415,3259,6741,104.0412,3073,0.32560879811468973,0.5087450138079166,0.4965,0.39707819422823615,0.5027880525209274,61472.367,10,2026-09-24T14:37:13.188354+00:00
Falcon3-7B-Base,belief_bank_constraints,hidden,18,25610,halu_eval,511,16830,10000,8415,8415,3259,6741,102.2472,3073,0.3245142620917735,0.48174286590978826,0.5043,0.3877979498579721,0.5005799557092454,61575.922,10,2026-09-24T14:37:13.188354+00:00
Falcon3-7B-Base,belief_bank_constraints,hidden,18,25610,halu_eval,mean,0,0,0,0,0,0,105.32812999999999,3073.0,0.3270277417302646,0.5703283215710341,0.47755000000000003,0.41397863827474424,0.502396078295887,88166.354,10,2026-09-24T14:37:13.188354+00:00
Falcon3-7B-Base,belief_bank_constraints,hidden,18,25610,halu_eval,std,0,0,0,0,0,0,3.739234818796489,0.0,0.0021204642640151516,0.0765583083857559,0.02602184659089358,0.020898506686391254,0.0016880635191959814,88166.354,10,2026-09-24T14:37:13.188354+00:00
Falcon3-7B-Base,belief_bank_constraints,hidden,19,25610,belief_bank_constraints,2,16830,7683,8415,8415,3606,4077,104.3854,3073,0.7410617551462622,0.7587354409317804,0.7623324222308994,0.7497944642367772,0.8172165160646463,61682.332,10,2026-09-24T14:37:13.188354+00:00
Falcon3-7B-Base,belief_bank_constraints,hidden,19,25610,belief_bank_constraints,4,16830,7683,8415,8415,3606,4077,104.3919,3073,0.7301545716531307,0.7728785357737105,0.759338799947937,0.7509093358480399,0.8140342568071556,61787.989,10,2026-09-24T14:37:13.188354+00:00
Falcon3-7B-Base,belief_bank_constraints,hidden,19,25610,belief_bank_constraints,24,16830,7683,8415,8415,3606,4077,101.7177,3073,0.7239003709591945,0.7576261785912368,0.750618248080177,0.740379403794038,0.8096000642648429,61890.973,10,2026-09-24T14:37:13.188354+00:00
Falcon3-7B-Base,belief_bank_constraints,hidden,19,25610,belief_bank_constraints,42,16830,7683,8415,8415,3606,4077,96.711,3073,0.7275649611572462,0.7531891292290627,0.7517896654952493,0.740155334514239,0.8007635463255787,61988.936,10,2026-09-24T14:37:13.188354+00:00
Falcon3-7B-Base,belief_bank_constraints,hidden,19,25610,belief_bank_constraints,64,16830,7683,8415,8415,3606,4077,95.1246,3073,0.7233243967828418,0.7481974486966168,0.747494468306651,0.7355507088331515,0.8074939418414054,62085.314,10,2026-09-24T14:37:13.188354+00:00
Falcon3-7B-Base,belief_bank_constraints,hidden,19,25610,belief_bank_constraints,67,16830,7683,8415,8415,3606,4077,100.3241,3073,0.7298387096774194,0.7529118136439268,0.7532213978914487,0.7411957411957412,0.810863152751029,62186.891,10,2026-09-24T14:37:13.188354+00:00
Falcon3-7B-Base,belief_bank_constraints,hidden,19,25610,belief_bank_constraints,104,16830,7683,8415,8415,3606,4077,102.8092,3073,0.7205766710353866,0.7623405435385469,0.749707145646232,0.7408705026276782,0.8083521101219712,62290.965,10,2026-09-24T14:37:13.188354+00:00
Falcon3-7B-Base,belief_bank_constraints,hidden,19,25610,belief_bank_constraints,123,16830,7683,8415,8415,3606,4077,100.4591,3073,0.725925925925926,0.7609539656128674,0.7529610829103215,0.7430273490387219,0.806315503648499,62392.678,10,2026-09-24T14:37:13.188354+00:00
Falcon3-7B-Base,belief_bank_constraints,hidden,19,25610,belief_bank_constraints,420,16830,7683,8415,8415,3606,4077,105.6326,3073,0.7305825242718447,0.7512479201331115,0.7532213978914487,0.7407711238720263,0.8061574943023448,62499.575,10,2026-09-24T14:37:13.188354+00:00
Falcon3-7B-Base,belief_bank_constraints,hidden,19,25610,belief_bank_constraints,511,16830,7683,8415,8415,3606,4077,100.051,3073,0.7266398929049531,0.7526344980587909,0.7510087205518677,0.739408799891023,0.8081457729064918,62600.899,10,2026-09-24T14:37:13.188354+00:00
Falcon3-7B-Base,belief_bank_constraints,hidden,19,25610,belief_bank_constraints,mean,0,0,0,0,0,0,101.16066000000001,3073.0,0.7279569779514204,0.757071547420965,0.7531693348952232,0.7422062763851436,0.8088942359033965,88166.354,10,2026-09-24T14:37:13.188354+00:00
Falcon3-7B-Base,belief_bank_constraints,hidden,19,25610,belief_bank_constraints,std,0,0,0,0,0,0,3.2019204219343123,0.0,0.005342268922827411,0.006786020596420531,0.0042349015299534025,0.00445566397993781,0.004279224667238277,88166.354,10,2026-09-24T14:37:13.188354+00:00
Falcon3-7B-Base,belief_bank_constraints,hidden,19,25610,belief_bank_facts,2,16830,27416,8415,8415,7533,19883,99.9327,3073,0.27144783414798584,0.4275852913845745,0.5273927633498687,0.3320789731429455,0.5072715141976955,62702.831,10,2026-09-24T14:37:13.188354+00:00
Falcon3-7B-Base,belief_bank_constraints,hidden,19,25610,belief_bank_facts,4,16830,27416,8415,8415,7533,19883,102.2312,3073,0.2624168947985921,0.44537368910128766,0.5036475051065071,0.3302490402598681,0.5001000509825704,62807.076,10,2026-09-24T14:37:13.188354+00:00
Falcon3-7B-Base,belief_bank_constraints,hidden,19,25610,belief_bank_facts,24,16830,27416,8415,8415,7533,19883,102.7654,3073,0.2669832348095746,0.36572414708615425,0.5498249197548877,0.3086488908805736,0.5130716570338177,62911.847,10,2026-09-24T14:37:13.188354+00:00
Falcon3-7B-Base,belief_bank_constraints,hidden,19,25610,belief_bank_facts,42,16830,27416,8415,8415,7533,19883,95.5841,3073,0.2601857399640503,0.46117084826762245,0.4916472133060986,0.3326789561886521,0.490186057172011,63009.444,10,2026-09-24T14:37:13.188354+00:00
Falcon3-7B-Base,belief_bank_constraints,hidden,19,25610,belief_bank_facts,64,16830,27416,8415,8415,7533,19883,94.8026,3073,0.24754716981132074,0.3918757467144564,0.5056171578640211,0.303422756706753,0.4741384250393676,63106.251,10,2026-09-24T14:37:13.188354+00:00
Falcon3-7B-Base,belief_bank_constraints,hidden,19,25610,belief_bank_facts,67,16830,27416,8415,8415,7533,19883,103.0366,3073,0.25754337977604924,0.3999734501526616,0.5183104756346659,0.31333194675540765,0.49664510571497444,63211.273,10,2026-09-24T14:37:13.188354+00:00
Falcon3-7B-Base,belief_bank_constraints,hidden,19,25610,belief_bank_facts,104,16830,27416,8415,8415,7533,19883,105.695,3073,0.26658378474380606,0.39851320854905087,0.5334840968777357,0.3194636586144514,0.5043406456644328,63318.962,10,2026-09-24T14:37:13.188354+00:00
Falcon3-7B-Base,belief_bank_constraints,hidden,19,25610,belief_bank_facts,123,16830,27416,8415,8415,7533,19883,100.7046,3073,0.255622641509434,0.44962166467542813,0.4890210096294135,0.3259394697589376,0.47700078914457217,63421.7,10,2026-09-24T14:37:13.188354+00:00
Falcon3-7B-Base,belief_bank_constraints,hidden,19,25610,belief_bank_facts,420,16830,27416,8415,8415,7533,19883,103.3883,3073,0.2525879917184265,0.4048851719102615,0.5072950102130143,0.31109751121991025,0.48558114819029696,63527.136,10,2026-09-24T14:37:13.188354+00:00
Falcon3-7B-Base,belief_bank_constraints,hidden,19,25610,belief_bank_facts,511,16830,27416,8415,8415,7533,19883,100.0544,3073,0.26485320181860217,0.4562591265100226,0.5026262036766852,0.33515358361774744,0.49929399478653297,63629.208,10,2026-09-24T14:37:13.188354+00:00
Falcon3-7B-Base,belief_bank_constraints,hidden,19,25610,belief_bank_facts,mean,0,0,0,0,0,0,100.81949,3073.0,0.26057718730978413,0.42009823443515193,0.5128866355412899,0.3212064787145247,0.49476293879262717,88166.354,10,2026-09-24T14:37:13.188354+00:00
Falcon3-7B-Base,belief_bank_constraints,hidden,19,25610,belief_bank_facts,std,0,0,0,0,0,0,3.256711267966504,0.0,0.0069603864057974545,0.030686340659429916,0.01823175463116443,0.010907384714680071,0.012174077091121987,88166.354,10,2026-09-24T14:37:13.188354+00:00
Falcon3-7B-Base,belief_bank_constraints,hidden,19,25610,halu_eval,2,16830,10000,8415,8415,3259,6741,100.1678,3073,0.31994171523730225,0.4716170604479902,0.5011,0.38124767456281783,0.49778375531358643,63730.672,10,2026-09-24T14:37:13.188354+00:00
Falcon3-7B-Base,belief_bank_constraints,hidden,19,25610,halu_eval,4,16830,10000,8415,8415,3259,6741,103.0826,3073,0.32287644787644787,0.41055538508745015,0.5273,0.3614750776712144,0.49734158517312577,63835.054,10,2026-09-24T14:37:13.188354+00:00
Falcon3-7B-Base,belief_bank_constraints,hidden,19,25610,halu_eval,24,16830,10000,8415,8415,3259,6741,107.7995,3073,0.32204919882645,0.43786437557532987,0.5164,0.3711313394018205,0.4931209405433194,63944.172,10,2026-09-24T14:37:13.188354+00:00
Falcon3-7B-Base,belief_bank_constraints,hidden,19,25610,halu_eval,42,16830,10000,8415,8415,3259,6741,99.4184,3073,0.32406091370558376,0.4897207732433262,0.5008,0.39002932551319647,0.4958800203141538,64044.892,10,2026-09-24T14:37:13.188354+00:00
Falcon3-7B-Base,belief_bank_constraints,hidden,19,25610,halu_eval,64,16830,10000,8415,8415,3259,6741,94.8701,3073,0.32567049808429116,0.46946916231972996,0.5103,0.38456704788236773,0.49816757028418196,64141.054,10,2026-09-24T14:37:13.188354+00:00
Falcon3-7B-Base,belief_bank_constraints,hidden,19,25610,halu_eval,67,16830,10000,8415,8415,3259,6741,103.8583,3073,0.3180203646696661,0.4120895980362074,0.5204,0.3589949211440791,0.49413749033350257,64246.209,10,2026-09-24T14:37:13.188354+00:00
Falcon3-7B-Base,belief_bank_constraints,hidden,19,25610,halu_eval,104,16830,10000,8415,8415,3259,6741,101.112,3073,0.32026383290582633,0.5363608468855477,0.4779,0.40105540897097625,0.4959268136952938,64348.633,10,2026-09-24T14:37:13.188354+00:00
Falcon3-7B-Base,belief_bank_constraints,hidden,19,25610,halu_eval,123,16830,10000,8415,8415,3259,6741,100.8758,3073,0.3169164882226981,0.4087143295489414,0.5202,0.35700884481372286,0.4961443255355441,64450.834,10,2026-09-24T14:37:13.188354+00:00
Falcon3-7B-Base,belief_bank_constraints,hidden,19,25610,halu_eval,420,16830,10000,8415,8415,3259,6741,103.6908,3073,0.3311380942580778,0.4937097269100951,0.51,0.3964030549396403,0.5048770947719367,64555.832,10,2026-09-24T14:37:13.188354+00:00
Falcon3-7B-Base,belief_bank_constraints,hidden,19,25610,halu_eval,511,16830,10000,8415,8415,3259,6741,98.3713,3073,0.32264911908299726,0.4664007364222154,0.507,0.38143036386449186,0.4954801144289348,64655.505,10,2026-09-24T14:37:13.188354+00:00
Falcon3-7B-Base,belief_bank_constraints,hidden,19,25610,halu_eval,mean,0,0,0,0,0,0,101.32466,3073.0,0.3223586672869341,0.4596501994476833,0.5091399999999999,0.3783343058764327,0.4968859710393579,88166.354,10,2026-09-24T14:37:13.188354+00:00
Falcon3-7B-Base,belief_bank_constraints,hidden,19,25610,halu_eval,std,0,0,0,0,0,0,3.3561047081996707,0.0,0.0038737656694128424,0.0399692361211119,0.013222722866338835,0.014836864429522407,0.0030447027332208528,88166.354,10,2026-09-24T14:37:13.188354+00:00
Falcon3-7B-Base,belief_bank_constraints,hidden,20,25610,belief_bank_constraints,2,16830,7683,8415,8415,3606,4077,98.8444,3073,0.7246995994659546,0.7526344980587909,0.749707145646232,0.7384029383757312,0.8081478475018675,64756.362,10,2026-09-24T14:37:13.188354+00:00
Falcon3-7B-Base,belief_bank_constraints,hidden,20,25610,belief_bank_constraints,4,16830,7683,8415,8415,3606,4077,99.6654,3073,0.7174427782162589,0.7562396006655574,0.7458024209293245,0.7363304981773997,0.7998748032705418,64857.276,10,2026-09-24T14:37:13.188354+00:00
Falcon3-7B-Base,belief_bank_constraints,hidden,20,25610,belief_bank_constraints,24,16830,7683,8415,8415,3606,4077,97.21,3073,0.7223529411764706,0.7662229617304492,0.7520499804763764,0.7436415018167137,0.8028937136495181,64955.747,10,2026-09-24T14:37:13.188354+00:00
Falcon3-7B-Base,belief_bank_constraints,hidden,20,25610,belief_bank_constraints,42,16830,7683,8415,8415,3606,4077,93.455,3073,0.714961872206153,0.7540210759844703,0.7434595860991801,0.7339721959778648,0.7988917851600725,65050.501,10,2026-09-24T14:37:13.188354+00:00
Falcon3-7B-Base,belief_bank_constraints,hidden,20,25610,belief_bank_constraints,64,16830,7683,8415,8415,3606,4077,101.9616,3073,0.7122591006423983,0.737936772046589,0.7370818690615645,0.7248706074639063,0.7957960807424358,65153.782,10,2026-09-24T14:37:13.188354+00:00
Falcon3-7B-Base,belief_bank_constraints,hidden,20,25610,belief_bank_constraints,67,16830,7683,8415,8415,3606,4077,99.5916,3073,0.7188744358906292,0.7509706045479756,0.7452817909670701,0.7345720873457209,0.8039657353025802,65254.636,10,2026-09-24T14:37:13.188354+00:00
Falcon3-7B-Base,belief_bank_constraints,hidden,20,25610,belief_bank_constraints,104,16830,7683,8415,8415,3606,4077,97.7736,3073,0.7097022587268994,0.766777592900721,0.7433294286086164,0.7371367635297255,0.8000240040887894,65353.671,10,2026-09-24T14:37:13.188354+00:00
Falcon3-7B-Base,belief_bank_constraints,hidden,20,25610,belief_bank_constraints,123,16830,7683,8415,8415,3606,4077,99.1364,3073,0.7106572401152134,0.7526344980587909,0.7400754913445269,0.731043771043771,0.7971413368094029,65454.057,10,2026-09-24T14:37:13.188354+00:00
Falcon3-7B-Base,belief_bank_constraints,hidden,20,25610,belief_bank_constraints,420,16830,7683,8415,8415,3606,4077,99.8591,3073,0.7198207696362678,0.7573488630061009,0.7477547832877782,0.7381081081081081,0.7990403397928751,65555.17,10,2026-09-24T14:37:13.188354+00:00
Falcon3-7B-Base,belief_bank_constraints,hidden,20,25610,belief_bank_constraints,511,16830,7683,8415,8415,3606,4077,100.3313,3073,0.7226801382611008,0.7537437603993344,0.7486658857217233,0.7378851635672594,0.8051890323692655,65656.759,10,2026-09-24T14:37:13.188354+00:00
Falcon3-7B-Base,belief_bank_constraints,hidden,20,25610,belief_bank_constraints,mean,0,0,0,0,0,0,98.78284000000001,3073.0,0.7173451134337346,0.754853022739878,0.7453208382142392,0.7355963635406201,0.8010964678687349,88166.354,10,2026-09-24T14:37:13.188354+00:00
Falcon3-7B-Base,belief_bank_constraints,hidden,20,25610,belief_bank_constraints,std,0,0,0,0,0,0,2.170268379809282,0.0,0.005007941444192025,0.007698192733030537,0.004297582746787458,0.004759363068384507,0.003652422809179491,88166.354,10,2026-09-24T14:37:13.188354+00:00
Falcon3-7B-Base,belief_bank_constraints,hidden,20,25610,belief_bank_facts,2,16830,27416,8415,8415,7533,19883,100.1168,3073,0.26576667338303445,0.5252887295898049,0.47081995914794283,0.35295691731335294,0.488489743854596,65758.886,10,2026-09-24T14:37:13.188354+00:00
Falcon3-7B-Base,belief_bank_constraints,hidden,20,25610,belief_bank_facts,4,16830,27416,8415,8415,7533,19883,98.9376,3073,0.2638691853953558,0.4691358024691358,0.4945287423402393,0.3377616362419956,0.49634084003126777,65859.831,10,2026-09-24T14:37:13.188354+00:00
Falcon3-7B-Base,belief_bank_constraints,hidden,20,25610,belief_bank_facts,24,16830,27416,8415,8415,7533,19883,100.0835,3073,0.2664453832226916,0.468870303995752,0.4993799241318938,0.3397950839386214,0.49395087973793117,65961.919,10,2026-09-24T14:37:13.188354+00:00
Falcon3-7B-Base,belief_bank_constraints,hidden,20,25610,belief_bank_facts,42,16830,27416,8415,8415,7533,19883,95.3095,3073,0.2646454265159301,0.4785609982742599,0.49135541289757806,0.34081777357598675,0.49733811842154607,66059.218,10,2026-09-24T14:37:13.188354+00:00
Falcon3-7B-Base,belief_bank_constraints,hidden,20,25610,belief_bank_facts,64,16830,27416,8415,8415,7533,19883,100.8856,3073,0.2576260470997313,0.43276251161555823,0.5014954770936679,0.32298013573091594,0.49729035460123255,66162.1,10,2026-09-24T14:37:13.188354+00:00
Falcon3-7B-Base,belief_bank_constraints,hidden,20,25610,belief_bank_facts,67,16830,27416,8415,8415,7533,19883,98.4462,3073,0.25762662385053275,0.4686048055223683,0.4829661511526116,0.33246997880857077,0.48963794830583285,66262.535,10,2026-09-24T14:37:13.188354+00:00
Falcon3-7B-Base,belief_bank_constraints,hidden,20,25610,belief_bank_facts,104,16830,27416,8415,8415,7533,19883,98.0283,3073,0.2605784090072853,0.470065047125979,0.48789028304639626,0.335290218729287,0.4923055883823327,66362.611,10,2026-09-24T14:37:13.188354+00:00
Falcon3-7B-Base,belief_bank_constraints,hidden,20,25610,belief_bank_facts,123,16830,27416,8415,8415,7533,19883,96.7542,3073,0.2716205756104426,0.5124120536306916,0.48847388386343743,0.3550404709345107,0.5106532447527448,66461.43,10,2026-09-24T14:37:13.188354+00:00
Falcon3-7B-Base,belief_bank_constraints,hidden,20,25610,belief_bank_facts,420,16830,27416,8415,8415,7533,19883,104.2888,3073,0.257360581918947,0.4931634143103677,0.46972570761599064,0.3382192279679534,0.48490621883671936,66567.712,10,2026-09-24T14:37:13.188354+00:00
Falcon3-7B-Base,belief_bank_constraints,hidden,20,25610,belief_bank_facts,511,16830,27416,8415,8415,7533,19883,101.6693,3073,0.271552281245961,0.5578122925793176,0.46735482929676103,0.3652801321336984,0.49305335856336624,66671.371,10,2026-09-24T14:37:13.188354+00:00
Falcon3-7B-Base,belief_bank_constraints,hidden,20,25610,belief_bank_facts,mean,0,0,0,0,0,0,99.45198,3073.0,0.2637091187249912,0.48766759591132347,0.48539903705865195,0.34206115753748934,0.4943966295487569,88166.354,10,2026-09-24T14:37:13.188354+00:00
Falcon3-7B-Base,belief_bank_constraints,hidden,20,25610,belief_bank_facts,std,0,0,0,0,0,0,2.4279334331072584,0.0,0.005107201619099629,0.03383138192912788,0.011742089432439012,0.011696794659252273,0.006626184860169715,88166.354,10,2026-09-24T14:37:13.188354+00:00
Falcon3-7B-Base,belief_bank_constraints,hidden,20,25610,halu_eval,2,16830,10000,8415,8415,3259,6741,103.5443,3073,0.3295390668915121,0.7195458729671679,0.4315,0.4520481927710843,0.5063143753227002,66776.263,10,2026-09-24T14:37:13.188354+00:00
Falcon3-7B-Base,belief_bank_constraints,hidden,20,25610,halu_eval,4,16830,10000,8415,8415,3259,6741,101.1203,3073,0.33322384628017737,0.6225836146057073,0.471,0.4341035515618314,0.5099405437290747,66878.685,10,2026-09-24T14:37:13.188354+00:00
Falcon3-7B-Base,belief_bank_constraints,hidden,20,25610,halu_eval,24,16830,10000,8415,8415,3259,6741,98.9932,3073,0.32367632367632365,0.6959189935563056,0.427,0.4418468731735827,0.5028308857618347,66978.98,10,2026-09-24T14:37:13.188354+00:00
Falcon3-7B-Base,belief_bank_constraints,hidden,20,25610,halu_eval,42,16830,10000,8415,8415,3259,6741,95.0389,3073,0.3311092577147623,0.6090825406566431,0.4716,0.42900367408688134,0.5070855784938713,67075.313,10,2026-09-24T14:37:13.188354+00:00
Falcon3-7B-Base,belief_bank_constraints,hidden,20,25610,halu_eval,64,16830,10000,8415,8415,3259,6741,105.9584,3073,0.3287438118811881,0.6520405032218471,0.4527,0.4371078885117762,0.5060947468557738,67182.572,10,2026-09-24T14:37:13.188354+00:00
Falcon3-7B-Base,belief_bank_constraints,hidden,20,25610,halu_eval,67,16830,10000,8415,8415,3259,6741,100.0225,3073,0.32620320855614976,0.6551089291193618,0.4466,0.4355365157078743,0.507055536050727,67283.897,10,2026-09-24T14:37:13.188354+00:00
Falcon3-7B-Base,belief_bank_constraints,hidden,20,25610,halu_eval,104,16830,10000,8415,8415,3259,6741,100.0171,3073,0.32357142857142857,0.6949984657870513,0.4271,0.4415635052149332,0.5051816159001724,67385.213,10,2026-09-24T14:37:13.188354+00:00
Falcon3-7B-Base,belief_bank_constraints,hidden,20,25610,halu_eval,123,16830,10000,8415,8415,3259,6741,101.3927,3073,0.33153044871794873,0.5078244860386621,0.5059,0.40116349533389895,0.5074074650646215,67487.903,10,2026-09-24T14:37:13.188354+00:00
Falcon3-7B-Base,belief_bank_constraints,hidden,20,25610,halu_eval,420,16830,10000,8415,8415,3259,6741,101.336,3073,0.33090783090783094,0.5860693464252839,0.4789,0.42298748754290777,0.5095355852511451,67590.557,10,2026-09-24T14:37:13.188354+00:00
Falcon3-7B-Base,belief_bank_constraints,hidden,20,25610,halu_eval,511,16830,10000,8415,8415,3259,6741,100.437,3073,0.32826839175567923,0.6695305308376802,0.4458,0.4405410862103776,0.5063782610332352,67692.309,10,2026-09-24T14:37:13.188354+00:00
Falcon3-7B-Base,belief_bank_constraints,hidden,20,25610,halu_eval,mean,0,0,0,0,0,0,100.78604000000001,3073.0,0.3286773614953001,0.641270328321571,0.45581000000000005,0.43359022701151473,0.5067824593463156,88166.354,10,2026-09-24T14:37:13.188354+00:00
Falcon3-7B-Base,belief_bank_constraints,hidden,20,25610,halu_eval,std,0,0,0,0,0,0,2.69598799559642,0.0,0.003127559987744711,0.05945299068327636,0.024417553112463998,0.013122992334883938,0.001927260864549155,88166.354,10,2026-09-24T14:37:13.188354+00:00
Falcon3-7B-Base,belief_bank_constraints,hidden,21,25610,belief_bank_constraints,2,16830,7683,8415,8415,3606,4077,106.775,3073,0.7101910828025477,0.7420965058236273,0.7368215540804374,0.725793327908869,0.7940449181868009,67801.049,10,2026-09-24T14:37:13.188354+00:00
Falcon3-7B-Base,belief_bank_constraints,hidden,21,25610,belief_bank_constraints,4,16830,7683,8415,8415,3606,4077,99.9758,3073,0.7048837816662314,0.7484747642817526,0.7348691917219836,0.726025554808339,0.7843097263425047,67902.279,10,2026-09-24T14:37:13.188354+00:00
Falcon3-7B-Base,belief_bank_constraints,hidden,21,25610,belief_bank_constraints,24,16830,7683,8415,8415,3606,4077,97.7483,3073,0.7109765727823112,0.7490293954520244,0.7392945464011453,0.7295070898041863,0.796113391805634,68001.285,10,2026-09-24T14:37:13.188354+00:00
Falcon3-7B-Base,belief_bank_constraints,hidden,21,25610,belief_bank_constraints,42,16830,7683,8415,8415,3606,4077,107.8997,3073,0.7055408970976254,0.7415418746533555,0.7334374593257842,0.7230935640886966,0.7833958160648775,68110.466,10,2026-09-24T14:37:13.188354+00:00
Falcon3-7B-Base,belief_bank_constraints,hidden,21,25610,belief_bank_constraints,64,16830,7683,8415,8415,3606,4077,101.1924,3073,0.7005263157894737,0.7382140876317249,0.7290121046466224,0.7188765865514448,0.7847178774753494,68212.958,10,2026-09-24T14:37:13.188354+00:00
Falcon3-7B-Base,belief_bank_constraints,hidden,21,25610,belief_bank_constraints,67,16830,7683,8415,8415,3606,4077,102.2375,3073,0.7079457879351582,0.7387687188019967,0.7343485617597293,0.7230289048717601,0.7868138989999905,68316.463,10,2026-09-24T14:37:13.188354+00:00
Falcon3-7B-Base,belief_bank_constraints,hidden,21,25610,belief_bank_constraints,104,16830,7683,8415,8415,3606,4077,106.7793,3073,0.7027655724993538,0.7540210759844703,0.7348691917219836,0.7274916387959867,0.7891464924169798,68424.496,10,2026-09-24T14:37:13.188354+00:00
Falcon3-7B-Base,belief_bank_constraints,hidden,21,25610,belief_bank_constraints,123,16830,7683,8415,8415,3606,4077,102.8513,3073,0.7021886399166233,0.7473655019412091,0.7326565143824028,0.7240730789897905,0.7843616932561774,68528.603,10,2026-09-24T14:37:13.188354+00:00
Falcon3-7B-Base,belief_bank_constraints,hidden,21,25610,belief_bank_constraints,420,16830,7683,8415,8415,3606,4077,103.2403,3073,0.7007645663063539,0.7371048252911814,0.7288819471560588,0.7184754696580619,0.7844536896576727,68633.094,10,2026-09-24T14:37:13.188354+00:00
Falcon3-7B-Base,belief_bank_constraints,hidden,21,25610,belief_bank_constraints,511,16830,7683,8415,8415,3606,4077,104.4551,3073,0.7091053467443091,0.742928452579035,0.736300924118183,0.7256229685807151,0.7904833140634032,68738.813,10,2026-09-24T14:37:13.188354+00:00
Falcon3-7B-Base,belief_bank_constraints,hidden,21,25610,belief_bank_constraints,mean,0,0,0,0,0,0,103.31547,3073.0,0.7054888563539987,0.7439545202440377,0.734049199531433,0.724198818405785,0.7877840818269389,88166.354,10,2026-09-24T14:37:13.188354+00:00
Falcon3-7B-Base,belief_bank_constraints,hidden,21,25610,belief_bank_constraints,std,0,0,0,0,0,0,3.0711189280293265,0.0,0.0037008611581740023,0.005255916860611766,0.0030998530491839734,0.0033259135512592143,0.004268402930053369,88166.354,10,2026-09-24T14:37:13.188354+00:00
Falcon3-7B-Base,belief_bank_constraints,hidden,21,25610,belief_bank_facts,2,16830,27416,8415,8415,7533,19883,103.3076,3073,0.2869166029074216,0.5475906013540423,0.5017508024511235,0.3765403925148334,0.5226220175495119,68844.13,10,2026-09-24T14:37:13.188354+00:00
Falcon3-7B-Base,belief_bank_constraints,hidden,21,25610,belief_bank_facts,4,16830,27416,8415,8415,7533,19883,101.7193,3073,0.2796961325966851,0.5376344086021505,0.49252261453166035,0.36796438468177894,0.5078268804405413,68947.865,10,2026-09-24T14:37:13.188354+00:00
Falcon3-7B-Base,belief_bank_constraints,hidden,21,25610,belief_bank_facts,24,16830,27416,8415,8415,7533,19883,100.2396,3073,0.27104069334416686,0.5313951944776317,0.47855266997373797,0.35898125728634206,0.5012664222432945,69050.106,10,2026-09-24T14:37:13.188354+00:00
Falcon3-7B-Base,belief_bank_constraints,hidden,21,25610,belief_bank_facts,42,16830,27416,8415,8415,7533,19883,105.1933,3073,0.2808879639264655,0.5375016593654587,0.49482054274875986,0.3689630034627301,0.5138117959530931,69157.295,10,2026-09-24T14:37:13.188354+00:00
Falcon3-7B-Base,belief_bank_constraints,hidden,21,25610,belief_bank_facts,64,16830,27416,8415,8415,7533,19883,98.7382,3073,0.26980163684283537,0.5163945307314483,0.4831120513568719,0.354425766479887,0.5023486493290943,69258.033,10,2026-09-24T14:37:13.188354+00:00
Falcon3-7B-Base,belief_bank_constraints,hidden,21,25610,belief_bank_facts,67,16830,27416,8415,8415,7533,19883,103.8394,3073,0.2756275083327665,0.5378999070755344,0.48460752845053984,0.3644868219843483,0.5088216217534197,69363.879,10,2026-09-24T14:37:13.188354+00:00
Falcon3-7B-Base,belief_bank_constraints,hidden,21,25610,belief_bank_facts,104,16830,27416,8415,8415,7533,19883,109.5518,3073,0.27495476477683956,0.48413646621531925,0.5074773854683396,0.35072366206664424,0.5165392576440757,69475.43,10,2026-09-24T14:37:13.188354+00:00
Falcon3-7B-Base,belief_bank_constraints,hidden,21,25610,belief_bank_facts,123,16830,27416,8415,8415,7533,19883,102.0448,3073,0.28028034839412086,0.5467941059338909,0.48967756054858474,0.3705969679247829,0.530331698367215,69579.466,10,2026-09-24T14:37:13.188354+00:00
Falcon3-7B-Base,belief_bank_constraints,hidden,21,25610,belief_bank_facts,420,16830,27416,8415,8415,7533,19883,103.2134,3073,0.2816962622625109,0.6022832868711004,0.46874088123723373,0.38385718516011674,0.5086778595978563,69684.676,10,2026-09-24T14:37:13.188354+00:00
Falcon3-7B-Base,belief_bank_constraints,hidden,21,25610,belief_bank_facts,511,16830,27416,8415,8415,7533,19883,104.3221,3073,0.2779095821800448,0.559803531129696,0.4793915961482346,0.3714273131633417,0.5089437586624084,69791.0,10,2026-09-24T14:37:13.188354+00:00
Falcon3-7B-Base,belief_bank_constraints,hidden,21,25610,belief_bank_facts,mean,0,0,0,0,0,0,103.21695,3073.0,0.2778811495563857,0.5401433691756272,0.4880653632915086,0.36679667547248057,0.5121189961540511,88166.354,10,2026-09-24T14:37:13.188354+00:00
Falcon3-7B-Base,belief_bank_constraints,hidden,21,25610,belief_bank_facts,std,0,0,0,0,0,0,2.796319368831106,0.0,0.004898974946980379,0.02853629725294088,0.010990312399051488,0.009517036809413537,0.008537428124850682,88166.354,10,2026-09-24T14:37:13.188354+00:00
Falcon3-7B-Base,belief_bank_constraints,hidden,21,25610,halu_eval,2,16830,10000,8415,8415,3259,6741,102.2191,3073,0.33062660711868996,0.7496164467628107,0.4238,0.45886551465063863,0.5119294672623628,69894.529,10,2026-09-24T14:37:13.188354+00:00
Falcon3-7B-Base,belief_bank_constraints,hidden,21,25610,halu_eval,4,16830,10000,8415,8415,3259,6741,104.2856,3073,0.33042291950886765,0.74317275237803,0.4255,0.45745585041080367,0.5107214879348411,70000.163,10,2026-09-24T14:37:13.188354+00:00
Falcon3-7B-Base,belief_bank_constraints,hidden,21,25610,halu_eval,24,16830,10000,8415,8415,3259,6741,98.1465,3073,0.33045134818288396,0.6919300398895367,0.4427,0.44728751363681446,0.51436684253786,70099.622,10,2026-09-24T14:37:13.188354+00:00
Falcon3-7B-Base,belief_bank_constraints,hidden,21,25610,halu_eval,42,16830,10000,8415,8415,3259,6741,107.4457,3073,0.3310580204778157,0.6548020865296104,0.4563,0.43977331272539927,0.5138865275983766,70208.382,10,2026-09-24T14:37:13.188354+00:00
Falcon3-7B-Base,belief_bank_constraints,hidden,21,25610,halu_eval,64,16830,10000,8415,8415,3259,6741,101.1714,3073,0.3319268635724332,0.7241485118134398,0.4351,0.4552030089690423,0.5108977596940477,70310.88,10,2026-09-24T14:37:13.188354+00:00
Falcon3-7B-Base,belief_bank_constraints,hidden,21,25610,halu_eval,67,16830,10000,8415,8415,3259,6741,103.0802,3073,0.33169062286105405,0.7434795949677815,0.4282,0.45872775463839455,0.5122466653912283,70415.31,10,2026-09-24T14:37:13.188354+00:00
Falcon3-7B-Base,belief_bank_constraints,hidden,21,25610,halu_eval,104,16830,10000,8415,8415,3259,6741,104.3359,3073,0.3302411873840445,0.7646517336606321,0.4179,0.46126793151318835,0.5080188060231821,70520.953,10,2026-09-24T14:37:13.188354+00:00
Falcon3-7B-Base,belief_bank_constraints,hidden,21,25610,halu_eval,123,16830,10000,8415,8415,3259,6741,104.0405,3073,0.33151236342725704,0.707579011966861,0.4397,0.4514929025942242,0.5112997822059429,70626.301,10,2026-09-24T14:37:13.188354+00:00
Falcon3-7B-Base,belief_bank_constraints,hidden,21,25610,halu_eval,420,16830,10000,8415,8415,3259,6741,102.4512,3073,0.3316762466987727,0.6551089291193618,0.4574,0.4403877887788779,0.5140921590179289,70730.057,10,2026-09-24T14:37:13.188354+00:00
Falcon3-7B-Base,belief_bank_constraints,hidden,21,25610,halu_eval,511,16830,10000,8415,8415,3259,6741,101.9222,3073,0.3302143072743737,0.671371586376189,0.4491,0.44269094587759233,0.5108752733805427,70833.282,10,2026-09-24T14:37:13.188354+00:00
Falcon3-7B-Base,belief_bank_constraints,hidden,21,25610,halu_eval,mean,0,0,0,0,0,0,102.90982999999999,3073.0,0.33098204865061925,0.7105860693464254,0.4375699999999999,0.45131525237949754,0.5118334771046313,88166.354,10,2026-09-24T14:37:13.188354+00:00
Falcon3-7B-Base,belief_bank_constraints,hidden,21,25610,halu_eval,std,0,0,0,0,0,0,2.3061285731936096,0.0,0.0006342379965300353,0.03854700187298795,0.013129893373519825,0.00779158392664562,0.0018379697079047464,88166.354,10,2026-09-24T14:37:13.188354+00:00
Falcon3-7B-Base,belief_bank_constraints,hidden,22,25610,belief_bank_constraints,2,16830,7683,8415,8415,3606,4077,100.3197,3073,0.7047139830508474,0.737936772046589,0.7318755694390212,0.7209428339203467,0.7842644933613628,70935.949,10,2026-09-24T14:37:13.188354+00:00
Falcon3-7B-Base,belief_bank_constraints,hidden,22,25610,belief_bank_constraints,4,16830,7683,8415,8415,3606,4077,103.2655,3073,0.6805482340537691,0.7160288408208542,0.7089678510998308,0.6978378378378378,0.7646075661377605,71040.468,10,2026-09-24T14:37:13.188354+00:00
Falcon3-7B-Base,belief_bank_constraints,hidden,22,25610,belief_bank_constraints,24,16830,7683,8415,8415,3606,4077,96.9153,3073,0.7003393369877317,0.7440377149195785,0.7304438370428218,0.7215274976469006,0.7800060632600585,71138.606,10,2026-09-24T14:37:13.188354+00:00
Falcon3-7B-Base,belief_bank_constraints,hidden,22,25610,belief_bank_constraints,42,16830,7683,8415,8415,3606,4077,101.6236,3073,0.6887646432374867,0.7174154187465336,0.7152154106468828,0.7027981526759033,0.771527396018219,71241.443,10,2026-09-24T14:37:13.188354+00:00
Falcon3-7B-Base,belief_bank_constraints,hidden,22,25610,belief_bank_constraints,64,16830,7683,8415,8415,3606,4077,92.8787,3073,0.6899325376232486,0.7373821408763173,0.7212026552128075,0.7128686327077748,0.778498648656186,71335.563,10,2026-09-24T14:37:13.188354+00:00
Falcon3-7B-Base,belief_bank_constraints,hidden,22,25610,belief_bank_constraints,67,16830,7683,8415,8415,3606,4077,97.7639,3073,0.6961690885072656,0.730726566833056,0.7239359625146428,0.713029360032472,0.7792150982657607,71434.562,10,2026-09-24T14:37:13.188354+00:00
Falcon3-7B-Base,belief_bank_constraints,hidden,22,25610,belief_bank_constraints,104,16830,7683,8415,8415,3606,4077,100.9345,3073,0.6911424903722722,0.7465335551858014,0.7244565924768971,0.7177709638714838,0.775592650681263,71536.724,10,2026-09-24T14:37:13.188354+00:00
Falcon3-7B-Base,belief_bank_constraints,hidden,22,25610,belief_bank_constraints,123,16830,7683,8415,8415,3606,4077,99.7503,3073,0.6920251836306401,0.7315585135884637,0.7212026552128075,0.7112429226206525,0.77210576600115,71637.722,10,2026-09-24T14:37:13.188354+00:00
Falcon3-7B-Base,belief_bank_constraints,hidden,22,25610,belief_bank_constraints,420,16830,7683,8415,8415,3606,4077,102.5671,3073,0.6927083333333334,0.7376594564614531,0.7232851750618248,0.7144775718506581,0.7758430985557959,71741.513,10,2026-09-24T14:37:13.188354+00:00
Falcon3-7B-Base,belief_bank_constraints,hidden,22,25610,belief_bank_constraints,511,16830,7683,8415,8415,3606,4077,94.0221,3073,0.6987247608926673,0.7293399889073766,0.7253676949108421,0.7137042062415196,0.7816025834358047,71836.77,10,2026-09-24T14:37:13.188354+00:00
Falcon3-7B-Base,belief_bank_constraints,hidden,22,25610,belief_bank_constraints,mean,0,0,0,0,0,0,99.00407,3073.0,0.6935068591689262,0.7328618968386024,0.7225953403618378,0.712619997940555,0.7763263364373361,88166.354,10,2026-09-24T14:37:13.188354+00:00
Falcon3-7B-Base,belief_bank_constraints,hidden,22,25610,belief_bank_constraints,std,0,0,0,0,0,0,3.346227305503917,0.0,0.006466915333779036,0.009600127252095792,0.006365499750686998,0.007048959660613805,0.005444279818605881,88166.354,10,2026-09-24T14:37:13.188354+00:00
Falcon3-7B-Base,belief_bank_constraints,hidden,22,25610,belief_bank_facts,2,16830,27416,8415,8415,7533,19883,94.5865,3073,0.27453333333333335,0.546661356697199,0.4785161949226729,0.3655083655083655,0.5087640935233761,71933.356,10,2026-09-24T14:37:13.188354+00:00
Falcon3-7B-Base,belief_bank_constraints,hidden,22,25610,belief_bank_facts,4,16830,27416,8415,8415,7533,19883,100.5755,3073,0.27666571346868746,0.5137395459976105,0.4973373212722498,0.3596487152084011,0.5114094473778734,72035.884,10,2026-09-24T14:37:13.188354+00:00
Falcon3-7B-Base,belief_bank_constraints,hidden,22,25610,belief_bank_facts,24,16830,27416,8415,8415,7533,19883,98.9845,3073,0.26887215967953587,0.5167927784415239,0.48110592354829296,0.3537161548246411,0.49869574525910865,72136.82,10,2026-09-24T14:37:13.188354+00:00
Falcon3-7B-Base,belief_bank_constraints,hidden,22,25610,belief_bank_facts,42,16830,27416,8415,8415,7533,19883,98.6497,3073,0.2717526073955218,0.4946236559139785,0.496936095710534,0.3507813971003578,0.5134076595528418,72237.421,10,2026-09-24T14:37:13.188354+00:00
Falcon3-7B-Base,belief_bank_constraints,hidden,22,25610,belief_bank_facts,64,16830,27416,8415,8415,7533,19883,92.1302,3073,0.26815985272685433,0.464091331474844,0.5047417566384593,0.3399124939231891,0.5067748979879567,72331.493,10,2026-09-24T14:37:13.188354+00:00
Falcon3-7B-Base,belief_bank_constraints,hidden,22,25610,belief_bank_facts,67,16830,27416,8415,8415,7533,19883,99.2006,3073,0.26678752171614173,0.468870303995752,0.5,0.3400731754284614,0.498478815126635,72432.63,10,2026-09-24T14:37:13.188354+00:00
Falcon3-7B-Base,belief_bank_constraints,hidden,22,25610,belief_bank_facts,104,16830,27416,8415,8415,7533,19883,103.4285,3073,0.27967581918535594,0.5313951944776317,0.4951852932594106,0.3664744117916323,0.5163387383964679,72538.039,10,2026-09-24T14:37:13.188354+00:00
Falcon3-7B-Base,belief_bank_constraints,hidden,22,25610,belief_bank_facts,123,16830,27416,8415,8415,7533,19883,94.7275,3073,0.2593022412417495,0.47457852117350324,0.483148526407937,0.3353658536585366,0.5016223408199082,72634.704,10,2026-09-24T14:37:13.188354+00:00
Falcon3-7B-Base,belief_bank_constraints,hidden,22,25610,belief_bank_facts,420,16830,27416,8415,8415,7533,19883,97.4479,3073,0.2833057851239669,0.5688304792247445,0.48613948059527284,0.37823285373819404,0.5153592929897033,72734.118,10,2026-09-24T14:37:13.188354+00:00
Falcon3-7B-Base,belief_bank_constraints,hidden,22,25610,belief_bank_facts,511,16830,27416,8415,8415,7533,19883,97.9812,3073,0.27260576087682953,0.5414841364662153,0.47702071782900496,0.36264224751066854,0.5034552390344527,72834.049,10,2026-09-24T14:37:13.188354+00:00
Falcon3-7B-Base,belief_bank_constraints,hidden,22,25610,belief_bank_facts,mean,0,0,0,0,0,0,97.77121,3073.0,0.27216607947479765,0.5121067303863003,0.4900131310183834,0.35523556686924473,0.5074306270068324,88166.354,10,2026-09-24T14:37:13.188354+00:00
Falcon3-7B-Base,belief_bank_constraints,hidden,22,25610,belief_bank_facts,std,0,0,0,0,0,0,3.0908269597148257,0.0,0.006542255622479203,0.03400029313010662,0.009420409115369049,0.013102291592963469,0.006339993919093388,88166.354,10,2026-09-24T14:37:13.188354+00:00
Falcon3-7B-Base,belief_bank_constraints,hidden,22,25610,halu_eval,2,16830,10000,8415,8415,3259,6741,96.7057,3073,0.32266666666666666,0.6683031604786744,0.4347,0.43520831251873315,0.495344695840519,72932.033,10,2026-09-24T14:37:13.188354+00:00
Falcon3-7B-Base,belief_bank_constraints,hidden,22,25610,halu_eval,4,16830,10000,8415,8415,3259,6741,100.6334,3073,0.3271001953670109,0.7192390303774164,0.4263,0.44968824940047963,0.5051132921014457,73033.958,10,2026-09-24T14:37:13.188354+00:00
Falcon3-7B-Base,belief_bank_constraints,hidden,22,25610,halu_eval,24,16830,10000,8415,8415,3259,6741,102.8033,3073,0.3260614934114202,0.6833384473764958,0.4365,0.4414709089106948,0.49993017407911605,73138.056,10,2026-09-24T14:37:13.188354+00:00
Falcon3-7B-Base,belief_bank_constraints,hidden,22,25610,halu_eval,42,16830,10000,8415,8415,3259,6741,97.6253,3073,0.3255734919286321,0.5879104019637926,0.4688,0.41907261592300965,0.4987013243573796,73236.981,10,2026-09-24T14:37:13.188354+00:00
Falcon3-7B-Base,belief_bank_constraints,hidden,22,25610,halu_eval,64,16830,10000,8415,8415,3259,6741,95.2075,3073,0.3279851897562481,0.6523473458115987,0.4511,0.4365054922492557,0.5024997816233016,73333.463,10,2026-09-24T14:37:13.188354+00:00
Falcon3-7B-Base,belief_bank_constraints,hidden,22,25610,halu_eval,67,16830,10000,8415,8415,3259,6741,100.1191,3073,0.3266617969320672,0.686100030684259,0.4368,0.442596991290578,0.5027921947365731,73434.848,10,2026-09-24T14:37:13.188354+00:00
Falcon3-7B-Base,belief_bank_constraints,hidden,22,25610,halu_eval,104,16830,10000,8415,8415,3259,6741,100.3174,3073,0.32639865054821476,0.7124884934028843,0.4271,0.44770076159259614,0.498564927113619,73536.44,10,2026-09-24T14:37:13.188354+00:00
Falcon3-7B-Base,belief_bank_constraints,hidden,22,25610,halu_eval,123,16830,10000,8415,8415,3259,6741,97.9375,3073,0.3284166164960867,0.6695305308376802,0.4461,0.4406745430677572,0.5018063929317597,73635.651,10,2026-09-24T14:37:13.188354+00:00
Falcon3-7B-Base,belief_bank_constraints,hidden,22,25610,halu_eval,420,16830,10000,8415,8415,3259,6741,100.9559,3073,0.3297161936560935,0.6060141147591286,0.4701,0.42707319710238945,0.5012943285921351,73737.888,10,2026-09-24T14:37:13.188354+00:00
Falcon3-7B-Base,belief_bank_constraints,hidden,22,25610,halu_eval,511,16830,10000,8415,8415,3259,6741,95.3345,3073,0.3296969696969697,0.6676894752991716,0.4493,0.4414240795212496,0.5044321024625745,73834.486,10,2026-09-24T14:37:13.188354+00:00
Falcon3-7B-Base,belief_bank_constraints,hidden,22,25610,halu_eval,mean,0,0,0,0,0,0,98.76396000000001,3073.0,0.32702772644594097,0.6652961030991101,0.44467999999999996,0.43814151515767435,0.5010479213838424,88166.354,10,2026-09-24T14:37:13.188354+00:00
Falcon3-7B-Base,belief_bank_constraints,hidden,22,25610,halu_eval,std,0,0,0,0,0,0,2.439075139145983,0.0,0.001995008931826791,0.03949501600937856,0.01472418418792702,0.008776358498136,0.0028145021356586037,88166.354,10,2026-09-24T14:37:13.188354+00:00
Falcon3-7B-Base,belief_bank_constraints,hidden,23,25610,belief_bank_constraints,2,16830,7683,8415,8415,3606,4077,97.133,3073,0.6842800528401585,0.7182473655019412,0.7122217883639204,0.7008523880395076,0.7697667787492326,73933.615,10,2026-09-24T14:37:13.188354+00:00
Falcon3-7B-Base,belief_bank_constraints,hidden,23,25610,belief_bank_constraints,4,16830,7683,8415,8415,3606,4077,97.3132,3073,0.6827477713686418,0.7221297836938436,0.7120916308733568,0.7018867924528301,0.7610959903717008,74032.16,10,2026-09-24T14:37:13.188354+00:00
Falcon3-7B-Base,belief_bank_constraints,hidden,23,25610,belief_bank_constraints,24,16830,7683,8415,8415,3606,4077,96.3067,3073,0.6895740789129867,0.7318358291735996,0.7195106078354809,0.7100766850531414,0.7726854963744915,74129.712,10,2026-09-24T14:37:13.188354+00:00
Falcon3-7B-Base,belief_bank_constraints,hidden,23,25610,belief_bank_constraints,42,16830,7683,8415,8415,3606,4077,99.1378,3073,0.6916488222698073,0.7165834719911259,0.7170376155147729,0.7038953963497685,0.7673505213220112,74230.1,10,2026-09-24T14:37:13.188354+00:00
Falcon3-7B-Base,belief_bank_constraints,hidden,23,25610,belief_bank_constraints,64,16830,7683,8415,8415,3606,4077,104.2188,3073,0.6764553014553014,0.7218524681087077,0.7074059612130678,0.6984169573383419,0.7647119761017496,74335.539,10,2026-09-24T14:37:13.188354+00:00
Falcon3-7B-Base,belief_bank_constraints,hidden,23,25610,belief_bank_constraints,67,16830,7683,8415,8415,3606,4077,110.1941,3073,0.6915713905876096,0.721297836938436,0.7182090329298451,0.7061218949368807,0.7673394681499275,74446.973,10,2026-09-24T14:37:13.188354+00:00
Falcon3-7B-Base,belief_bank_constraints,hidden,23,25610,belief_bank_constraints,104,16830,7683,8415,8415,3606,4077,101.5296,3073,0.6818181818181818,0.7321131447587355,0.7139138357412469,0.7060711420165819,0.7652858227865666,74549.76,10,2026-09-24T14:37:13.188354+00:00
Falcon3-7B-Base,belief_bank_constraints,hidden,23,25610,belief_bank_constraints,123,16830,7683,8415,8415,3606,4077,97.0182,3073,0.6887331256490135,0.735718247365502,0.7199010803071717,0.7114507910968088,0.7696915151497838,74648.012,10,2026-09-24T14:37:13.188354+00:00
Falcon3-7B-Base,belief_bank_constraints,hidden,23,25610,belief_bank_constraints,420,16830,7683,8415,8415,3606,4077,96.6494,3073,0.6867247294800739,0.7215751525235718,0.714824938175192,0.7037187288708587,0.7653843490620311,74745.889,10,2026-09-24T14:37:13.188354+00:00
Falcon3-7B-Base,belief_bank_constraints,hidden,23,25610,belief_bank_constraints,511,16830,7683,8415,8415,3606,4077,97.5923,3073,0.684748427672956,0.7246256239600666,0.7141741507223741,0.704122877930477,0.7666212160230591,74844.71,10,2026-09-24T14:37:13.188354+00:00
Falcon3-7B-Base,belief_bank_constraints,hidden,23,25610,belief_bank_constraints,mean,0,0,0,0,0,0,99.70931,3073.0,0.6858301882054729,0.724597892401553,0.7149290641676428,0.7046613654085196,0.7669933134090554,88166.354,10,2026-09-24T14:37:13.188354+00:00
Falcon3-7B-Base,belief_bank_constraints,hidden,23,25610,belief_bank_constraints,std,0,0,0,0,0,0,4.230244975282168,0.0,0.004551054719258636,0.006088892955702265,0.0036674861154276117,0.0037750104828222354,0.003053627940887807,88166.354,10,2026-09-24T14:37:13.188354+00:00
Falcon3-7B-Base,belief_bank_constraints,hidden,23,25610,belief_bank_facts,2,16830,27416,8415,8415,7533,19883,99.3819,3073,0.2750913691312904,0.5195805124120536,0.4917931135103589,0.35972611552777906,0.5074039796823097,74946.035,10,2026-09-24T14:37:13.188354+00:00
Falcon3-7B-Base,belief_bank_constraints,hidden,23,25610,belief_bank_facts,4,16830,27416,8415,8415,7533,19883,96.514,3073,0.2770732457151641,0.4785609982742599,0.5136416690983368,0.3509540498442368,0.5108920338099747,75044.491,10,2026-09-24T14:37:13.188354+00:00
Falcon3-7B-Base,belief_bank_constraints,hidden,23,25610,belief_bank_facts,24,16830,27416,8415,8415,7533,19883,96.679,3073,0.2633705553923009,0.47590601354042217,0.4902611613656259,0.3390872546701348,0.49877049890939384,75143.112,10,2026-09-24T14:37:13.188354+00:00
Falcon3-7B-Base,belief_bank_constraints,hidden,23,25610,belief_bank_facts,42,16830,27416,8415,8415,7533,19883,101.1976,3073,0.27525003521622765,0.5187840169919022,0.4924496644295302,0.3596705167732732,0.5120795429313522,75246.251,10,2026-09-24T14:37:13.188354+00:00
Falcon3-7B-Base,belief_bank_constraints,hidden,23,25610,belief_bank_facts,64,16830,27416,8415,8415,7533,19883,102.5453,3073,0.2699638631049387,0.5057745917960972,0.4884009337613073,0.35202808833040744,0.501841147054354,75350.75,10,2026-09-24T14:37:13.188354+00:00
Falcon3-7B-Base,belief_bank_constraints,hidden,23,25610,belief_bank_facts,67,16830,27416,8415,8415,7533,19883,109.505,3073,0.2798967593920275,0.5182530200451347,0.5012766267872775,0.3634840091243424,0.5166633841558675,75462.195,10,2026-09-24T14:37:13.188354+00:00
Falcon3-7B-Base,belief_bank_constraints,hidden,23,25610,belief_bank_facts,104,16830,27416,8415,8415,7533,19883,97.7797,3073,0.2668797443068318,0.5320589406610912,0.46983513276918587,0.35546095516828524,0.4982688686335306,75561.891,10,2026-09-24T14:37:13.188354+00:00
Falcon3-7B-Base,belief_bank_constraints,hidden,23,25610,belief_bank_facts,123,16830,27416,8415,8415,7533,19883,95.3644,3073,0.26917938260319246,0.5081640780565512,0.48577473008462213,0.3519352762710306,0.5137459921771622,75659.182,10,2026-09-24T14:37:13.188354+00:00
Falcon3-7B-Base,belief_bank_constraints,hidden,23,25610,belief_bank_facts,420,16830,27416,8415,8415,7533,19883,91.1258,3073,0.2773168692520419,0.5724147086154254,0.4726437117011964,0.3736244692834243,0.5106141570694871,75752.236,10,2026-09-24T14:37:13.188354+00:00
Falcon3-7B-Base,belief_bank_constraints,hidden,23,25610,belief_bank_facts,511,16830,27416,8415,8415,7533,19883,101.5349,3073,0.27356168939142,0.5459976105137395,0.47687481762474465,0.36449840482098544,0.5169706242289998,75855.715,10,2026-09-24T14:37:13.188354+00:00
Falcon3-7B-Base,belief_bank_constraints,hidden,23,25610,belief_bank_facts,mean,0,0,0,0,0,0,99.16275999999999,3073.0,0.2727583513505435,0.5175494490906677,0.48829515611321855,0.35704691398139,0.5087250228652431,88166.354,10,2026-09-24T14:37:13.188354+00:00
Falcon3-7B-Base,belief_bank_constraints,hidden,23,25610,belief_bank_facts,std,0,0,0,0,0,0,4.715265235212117,0.0,0.004959425332030541,0.02741746122484174,0.012517400548172344,0.008940596927855043,0.006582490666819955,88166.354,10,2026-09-24T14:37:13.188354+00:00
Falcon3-7B-Base,belief_bank_constraints,hidden,23,25610,halu_eval,2,16830,10000,8415,8415,3259,6741,99.3012,3073,0.3254295532646048,0.5811598649892605,0.4709,0.4172265668025113,0.49913457280260354,75956.285,10,2026-09-24T14:37:13.188354+00:00
Falcon3-7B-Base,belief_bank_constraints,hidden,23,25610,halu_eval,4,16830,10000,8415,8415,3259,6741,104.7605,3073,0.3328328328328328,0.6121509665541577,0.4737,0.43121149897330596,0.5062148483500712,76062.322,10,2026-09-24T14:37:13.188354+00:00
Falcon3-7B-Base,belief_bank_constraints,hidden,23,25610,halu_eval,24,16830,10000,8415,8415,3259,6741,102.9804,3073,0.3288047626316593,0.6609389383246395,0.4498,0.43914373088685016,0.5039644645237209,76166.592,10,2026-09-24T14:37:13.188354+00:00
Falcon3-7B-Base,belief_bank_constraints,hidden,23,25610,halu_eval,42,16830,10000,8415,8415,3259,6741,101.6457,3073,0.3262801523487093,0.47315127339674745,0.5099,0.3862241703193488,0.501818910616403,76269.574,10,2026-09-24T14:37:13.188354+00:00
Falcon3-7B-Base,belief_bank_constraints,hidden,23,25610,halu_eval,64,16830,10000,8415,8415,3259,6741,106.049,3073,0.32547841214613316,0.6314820497084995,0.4534,0.4295554164057608,0.5010116565134589,76376.887,10,2026-09-24T14:37:13.188354+00:00
Falcon3-7B-Base,belief_bank_constraints,hidden,23,25610,halu_eval,67,16830,10000,8415,8415,3259,6741,105.7269,3073,0.3264274061990212,0.6139920220926665,0.4613,0.4262434764085632,0.5027522291834204,76483.887,10,2026-09-24T14:37:13.188354+00:00
Falcon3-7B-Base,belief_bank_constraints,hidden,23,25610,halu_eval,104,16830,10000,8415,8415,3259,6741,100.1094,3073,0.3261543481807799,0.6133783369131636,0.461,0.42586280357903705,0.5022342701523002,76585.265,10,2026-09-24T14:37:13.188354+00:00
Falcon3-7B-Base,belief_bank_constraints,hidden,23,25610,halu_eval,123,16830,10000,8415,8415,3259,6741,99.5994,3073,0.3274387874076953,0.5170297637312059,0.4965,0.40095181439619276,0.5057535147723927,76686.144,10,2026-09-24T14:37:13.188354+00:00
Falcon3-7B-Base,belief_bank_constraints,hidden,23,25610,halu_eval,420,16830,10000,8415,8415,3259,6741,93.1889,3073,0.3315343099460293,0.5277692543725069,0.4993,0.4072451758020599,0.5069525041263978,76780.611,10,2026-09-24T14:37:13.188354+00:00
Falcon3-7B-Base,belief_bank_constraints,hidden,23,25610,halu_eval,511,16830,10000,8415,8415,3259,6741,99.4776,3073,0.3287793287793288,0.6793494937097269,0.4435,0.4431101771239868,0.5063447136383907,76881.363,10,2026-09-24T14:37:13.188354+00:00
Falcon3-7B-Base,belief_bank_constraints,hidden,23,25610,halu_eval,mean,0,0,0,0,0,0,101.28389999999999,3073.0,0.3279159893736794,0.5910401963792575,0.47193000000000007,0.4206774830697616,0.5036181684679158,88166.354,10,2026-09-24T14:37:13.188354+00:00
Falcon3-7B-Base,belief_bank_constraints,hidden,23,25610,halu_eval,std,0,0,0,0,0,0,3.667179032171732,0.0,0.0024320764279380197,0.06266380806992716,0.021616061158314673,0.016912562072889385,0.0025054561047067863,88166.354,10,2026-09-24T14:37:13.188354+00:00
Falcon3-7B-Base,belief_bank_constraints,hidden,24,25610,belief_bank_constraints,2,16830,7683,8415,8415,3606,4077,94.8981,3073,0.689214380825566,0.7176927343316695,0.7156058831185734,0.703165330797446,0.7681174074060471,76978.268,10,2026-09-24T14:37:13.188354+00:00
Falcon3-7B-Base,belief_bank_constraints,hidden,24,25610,belief_bank_constraints,4,16830,7683,8415,8415,3606,4077,104.9481,3073,0.6799257491381596,0.7110371602884082,0.7072758037225042,0.6951335231123763,0.7577327311701221,77084.474,10,2026-09-24T14:37:13.188354+00:00
Falcon3-7B-Base,belief_bank_constraints,hidden,24,25610,belief_bank_constraints,24,16830,7683,8415,8415,3606,4077,98.4202,3073,0.6823066841415465,0.7218524681087077,0.711701158401666,0.7015227058347931,0.7627587275506675,77184.162,10,2026-09-24T14:37:13.188354+00:00
Falcon3-7B-Base,belief_bank_constraints,hidden,24,25610,belief_bank_constraints,42,16830,7683,8415,8415,3606,4077,96.3786,3073,0.6833905466068128,0.7176927343316695,0.7114408434205388,0.7001217367780332,0.7605097981439105,77281.758,10,2026-09-24T14:37:13.188354+00:00
Falcon3-7B-Base,belief_bank_constraints,hidden,24,25610,belief_bank_constraints,64,16830,7683,8415,8415,3606,4077,95.4298,3073,0.6787470877556303,0.7271214642262895,0.7103995834960302,0.7021020216896505,0.7630759025748246,77378.42,10,2026-09-24T14:37:13.188354+00:00
Falcon3-7B-Base,belief_bank_constraints,hidden,24,25610,belief_bank_constraints,67,16830,7683,8415,8415,3606,4077,97.0272,3073,0.6838215888097123,0.7185246810870771,0.7119614733827931,0.7007437457741718,0.7617612212823286,77476.668,10,2026-09-24T14:37:13.188354+00:00
Falcon3-7B-Base,belief_bank_constraints,hidden,24,25610,belief_bank_constraints,104,16830,7683,8415,8415,3606,4077,93.1864,3073,0.6726034573074908,0.7121464226289518,0.7021996615905245,0.6918103448275862,0.7555085948785927,77571.069,10,2026-09-24T14:37:13.188354+00:00
Falcon3-7B-Base,belief_bank_constraints,hidden,24,25610,belief_bank_constraints,123,16830,7683,8415,8415,3606,4077,92.0271,3073,0.6768994627782041,0.7337770382695508,0.7106598984771574,0.704191616766467,0.763081004038863,77664.32,10,2026-09-24T14:37:13.188354+00:00
Falcon3-7B-Base,belief_bank_constraints,hidden,24,25610,belief_bank_constraints,420,16830,7683,8415,8415,3606,4077,98.0567,3073,0.6824271079590228,0.7204658901830283,0.7114408434205388,0.7009307972480777,0.7657909697556644,77763.611,10,2026-09-24T14:37:13.188354+00:00
Falcon3-7B-Base,belief_bank_constraints,hidden,24,25610,belief_bank_constraints,511,16830,7683,8415,8415,3606,4077,97.4858,3073,0.6847014925373134,0.7124237382140877,0.7110503709488482,0.6982875781462354,0.7640714702868289,77862.317,10,2026-09-24T14:37:13.188354+00:00
Falcon3-7B-Base,belief_bank_constraints,hidden,24,25610,belief_bank_constraints,mean,0,0,0,0,0,0,96.7858,3073.0,0.6814037557859459,0.719273433166944,0.7103735519979174,0.6998009400974838,0.7622407827087848,88166.354,10,2026-09-24T14:37:13.188354+00:00
Falcon3-7B-Base,belief_bank_constraints,hidden,24,25610,belief_bank_constraints,std,0,0,0,0,0,0,3.3559906227520937,0.0,0.004364779630826011,0.006716592631872079,0.003329997426619268,0.0035923481018992013,0.0034789767924480195,88166.354,10,2026-09-24T14:37:13.188354+00:00
Falcon3-7B-Base,belief_bank_constraints,hidden,24,25610,belief_bank_facts,2,16830,27416,8415,8415,7533,19883,100.0338,3073,0.2670962850644428,0.46767556086552503,0.5011307265830172,0.3400086860010616,0.49260132147415225,77964.335,10,2026-09-24T14:37:13.188354+00:00
Falcon3-7B-Base,belief_bank_constraints,hidden,24,25610,belief_bank_facts,4,16830,27416,8415,8415,7533,19883,102.7754,3073,0.2830698033166217,0.48718969865923273,0.5200612780857893,0.3580837154844375,0.5240682050796309,78069.075,10,2026-09-24T14:37:13.188354+00:00
Falcon3-7B-Base,belief_bank_constraints,hidden,24,25610,belief_bank_facts,24,16830,27416,8415,8415,7533,19883,93.9795,3073,0.27105724521686103,0.4720562856763574,0.506127808578932,0.3443734263025373,0.5040020426410738,78165.008,10,2026-09-24T14:37:13.188354+00:00
Falcon3-7B-Base,belief_bank_constraints,hidden,24,25610,belief_bank_facts,42,16830,27416,8415,8415,7533,19883,100.8658,3073,0.2715325041070171,0.4607726005575468,0.5121826670557339,0.341701122268163,0.509074127719908,78267.814,10,2026-09-24T14:37:13.188354+00:00
Falcon3-7B-Base,belief_bank_constraints,hidden,24,25610,belief_bank_facts,64,16830,27416,8415,8415,7533,19883,96.5328,3073,0.2710144927536232,0.49648214522766493,0.49471111759556463,0.35063047860122815,0.5038672770955009,78366.331,10,2026-09-24T14:37:13.188354+00:00
Falcon3-7B-Base,belief_bank_constraints,hidden,24,25610,belief_bank_facts,67,16830,27416,8415,8415,7533,19883,100.7591,3073,0.26682456713492325,0.4336917562724014,0.5169608987452582,0.3303837791373818,0.506801310298994,78469.034,10,2026-09-24T14:37:13.188354+00:00
Falcon3-7B-Base,belief_bank_constraints,hidden,24,25610,belief_bank_facts,104,16830,27416,8415,8415,7533,19883,97.5823,3073,0.2833648668316111,0.5169255276782159,0.5080609862853808,0.36606345475910695,0.515484384258559,78568.591,10,2026-09-24T14:37:13.188354+00:00
Falcon3-7B-Base,belief_bank_constraints,hidden,24,25610,belief_bank_facts,123,16830,27416,8415,8415,7533,19883,93.5635,3073,0.2670651910493578,0.43886897650338513,0.5148818208345491,0.3320610687022901,0.5078652236918777,78664.135,10,2026-09-24T14:37:13.188354+00:00
Falcon3-7B-Base,belief_bank_constraints,hidden,24,25610,belief_bank_facts,420,16830,27416,8415,8415,7533,19883,94.5748,3073,0.28114886731391586,0.5535643170051773,0.48843740881237235,0.37290409121395035,0.5095505307669407,78760.68,10,2026-09-24T14:37:13.188354+00:00
Falcon3-7B-Base,belief_bank_constraints,hidden,24,25610,belief_bank_facts,511,16830,27416,8415,8415,7533,19883,101.6004,3073,0.27386380350051476,0.4943581574405947,0.5009118762766268,0.3524679381004212,0.5191446658825629,78864.24,10,2026-09-24T14:37:13.188354+00:00
Falcon3-7B-Base,belief_bank_constraints,hidden,24,25610,belief_bank_facts,mean,0,0,0,0,0,0,98.22674,3073.0,0.27360376262888886,0.4821585025886101,0.5063466588853225,0.3488677760570578,0.50924590889092,88166.354,10,2026-09-24T14:37:13.188354+00:00
Falcon3-7B-Base,belief_bank_constraints,hidden,24,25610,belief_bank_facts,std,0,0,0,0,0,0,3.2422383719276406,0.0,0.006248345084101208,0.03417458613835181,0.00960998196377616,0.01322348205267389,0.008355113343707971,88166.354,10,2026-09-24T14:37:13.188354+00:00
Falcon3-7B-Base,belief_bank_constraints,hidden,24,25610,halu_eval,2,16830,10000,8415,8415,3259,6741,99.2356,3073,0.3226096064641628,0.6615526235041423,0.437,0.4337155501911084,0.4944238039204387,78964.75,10,2026-09-24T14:37:13.188354+00:00
Falcon3-7B-Base,belief_bank_constraints,hidden,24,25610,halu_eval,4,16830,10000,8415,8415,3259,6741,99.6846,3073,0.32814814814814813,0.6796563362994784,0.4421,0.4426016585073434,0.5010334600441652,79065.706,10,2026-09-24T14:37:13.188354+00:00
Falcon3-7B-Base,belief_bank_constraints,hidden,24,25610,halu_eval,24,16830,10000,8415,8415,3259,6741,93.9896,3073,0.3225157955198162,0.6891684565817735,0.4269,0.4394013498972904,0.4992466857381558,79160.964,10,2026-09-24T14:37:13.188354+00:00
Falcon3-7B-Base,belief_bank_constraints,hidden,24,25610,halu_eval,42,16830,10000,8415,8415,3259,6741,101.481,3073,0.3252731245447924,0.6851795029150046,0.4342,0.44112998814697746,0.4980588712626234,79263.724,10,2026-09-24T14:37:13.188354+00:00
Falcon3-7B-Base,belief_bank_constraints,hidden,24,25610,halu_eval,64,16830,10000,8415,8415,3259,6741,97.9629,3073,0.32440598818843563,0.7247621969929426,0.4184,0.4481973434535104,0.49519143386162967,79362.949,10,2026-09-24T14:37:13.188354+00:00
Falcon3-7B-Base,belief_bank_constraints,hidden,24,25610,halu_eval,67,16830,10000,8415,8415,3259,6741,92.3377,3073,0.32290380128996843,0.7220006136851795,0.416,0.4462355395410582,0.4957917364982774,79456.551,10,2026-09-24T14:37:13.188354+00:00
Falcon3-7B-Base,belief_bank_constraints,hidden,24,25610,halu_eval,104,16830,10000,8415,8415,3259,6741,92.5116,3073,0.3241781106949646,0.7170911322491562,0.4206,0.4465036301108139,0.49550257798301317,79550.339,10,2026-09-24T14:37:13.188354+00:00
Falcon3-7B-Base,belief_bank_constraints,hidden,24,25610,halu_eval,123,16830,10000,8415,8415,3259,6741,93.5335,3073,0.3299477221807319,0.6778152807609696,0.4464,0.44384167168977295,0.5039070197309208,79645.176,10,2026-09-24T14:37:13.188354+00:00
Falcon3-7B-Base,belief_bank_constraints,hidden,24,25610,halu_eval,420,16830,10000,8415,8415,3259,6741,94.2558,3073,0.3244184206361766,0.6290273089904879,0.4522,0.4280643140530382,0.49585439319977465,79740.782,10,2026-09-24T14:37:13.188354+00:00
Falcon3-7B-Base,belief_bank_constraints,hidden,24,25610,halu_eval,511,16830,10000,8415,8415,3259,6741,98.8369,3073,0.32840677966101695,0.74317275237803,0.421,0.45552003009215725,0.4977752660474555,79840.939,10,2026-09-24T14:37:13.188354+00:00
Falcon3-7B-Base,belief_bank_constraints,hidden,24,25610,halu_eval,mean,0,0,0,0,0,0,96.38292,3073.0,0.32528074973282134,0.6929426204357165,0.43148,0.44252110756830715,0.4976785248286454,88166.354,10,2026-09-24T14:37:13.188354+00:00
Falcon3-7B-Base,belief_bank_constraints,hidden,24,25610,halu_eval,std,0,0,0,0,0,0,3.2135710070885324,0.0,0.0025085697298899063,0.032424435545493624,0.012093287394253067,0.0072856319559562515,0.0028471721181899663,88166.354,10,2026-09-24T14:37:13.188354+00:00
Falcon3-7B-Base,belief_bank_constraints,hidden,25,25610,belief_bank_constraints,2,16830,7683,8415,8415,3606,4077,88.1915,3073,0.6814757079760977,0.7273987798114254,0.7124821033450475,0.7036887994634473,0.763704470963895,79931.167,10,2026-09-24T14:37:13.188354+00:00
Falcon3-7B-Base,belief_bank_constraints,hidden,25,25610,belief_bank_constraints,4,16830,7683,8415,8415,3606,4077,94.4733,3073,0.6721439749608764,0.7146422628951747,0.7024599765716517,0.692741935483871,0.750985602852249,80026.858,10,2026-09-24T14:37:13.188354+00:00
Falcon3-7B-Base,belief_bank_constraints,hidden,25,25610,belief_bank_constraints,24,16830,7683,8415,8415,3606,4077,91.0399,3073,0.6707252514557968,0.7027176927343317,0.6985552518547442,0.6863488624052004,0.7552799132506242,80119.116,10,2026-09-24T14:37:13.188354+00:00
Falcon3-7B-Base,belief_bank_constraints,hidden,25,25610,belief_bank_constraints,42,16830,7683,8415,8415,3606,4077,90.9719,3073,0.6744798525151435,0.7102052135330006,0.7031107640244696,0.6918816695934081,0.7511879949355387,80211.308,10,2026-09-24T14:37:13.188354+00:00
Falcon3-7B-Base,belief_bank_constraints,hidden,25,25610,belief_bank_constraints,64,16830,7683,8415,8415,3606,4077,91.2116,3073,0.667274622199062,0.7102052135330006,0.6977743069113628,0.6880709296077377,0.7504790614829807,80303.784,10,2026-09-24T14:37:13.188354+00:00
Falcon3-7B-Base,belief_bank_constraints,hidden,25,25610,belief_bank_constraints,67,16830,7683,8415,8415,3606,4077,95.1261,3073,0.6693653695481849,0.7107598447032724,0.6994663542886893,0.689441829186281,0.7496243962077213,80400.137,10,2026-09-24T14:37:13.188354+00:00
Falcon3-7B-Base,belief_bank_constraints,hidden,25,25610,belief_bank_constraints,104,16830,7683,8415,8415,3606,4077,94.5107,3073,0.670922355393434,0.714087631724903,0.7014187166471431,0.6918323481998925,0.7489902502179685,80495.886,10,2026-09-24T14:37:13.188354+00:00
Falcon3-7B-Base,belief_bank_constraints,hidden,25,25610,belief_bank_constraints,123,16830,7683,8415,8415,3606,4077,93.5257,3073,0.6612318840579711,0.7085413200221853,0.6928283222699466,0.6840696117804551,0.7440510467455992,80590.68,10,2026-09-24T14:37:13.188354+00:00
Falcon3-7B-Base,belief_bank_constraints,hidden,25,25610,belief_bank_constraints,420,16830,7683,8415,8415,3606,4077,89.1663,3073,0.6681485355648535,0.7085413200221853,0.6980346218924899,0.6877523553162853,0.7531347136126514,80681.07,10,2026-09-24T14:37:13.188354+00:00
Falcon3-7B-Base,belief_bank_constraints,hidden,25,25610,belief_bank_constraints,511,16830,7683,8415,8415,3606,4077,92.1265,3073,0.6723639232185117,0.709095951192457,0.7012885591565795,0.6902415980564178,0.7528249187064701,80774.426,10,2026-09-24T14:37:13.188354+00:00
Falcon3-7B-Base,belief_bank_constraints,hidden,25,25610,belief_bank_constraints,mean,0,0,0,0,0,0,92.03434999999999,3073.0,0.6708131476889931,0.7116195230171936,0.7007418976962125,0.6906069939092997,0.7520262368975698,88166.354,10,2026-09-24T14:37:13.188354+00:00
Falcon3-7B-Base,belief_bank_constraints,hidden,25,25610,belief_bank_constraints,std,0,0,0,0,0,0,2.228456331746257,0.0,0.004948217547021023,0.0061115850307047175,0.004819976332061592,0.005057258732996419,0.0048125170786498805,88166.354,10,2026-09-24T14:37:13.188354+00:00
Falcon3-7B-Base,belief_bank_constraints,hidden,25,25610,belief_bank_facts,2,16830,27416,8415,8415,7533,19883,88.3432,3073,0.26797084771768315,0.46369308376476837,0.504595856434199,0.33965383119408793,0.4927237187674005,80864.693,10,2026-09-24T14:37:13.188354+00:00
Falcon3-7B-Base,belief_bank_constraints,hidden,25,25610,belief_bank_facts,4,16830,27416,8415,8415,7533,19883,91.6532,3073,0.2855537239622359,0.5059073410327891,0.5164502480303472,0.3650557976914603,0.5203277351184905,80958.26,10,2026-09-24T14:37:13.188354+00:00
Falcon3-7B-Base,belief_bank_constraints,hidden,25,25610,belief_bank_facts,24,16830,27416,8415,8415,7533,19883,92.5119,3073,0.25593846617902116,0.4505509093322713,0.4891304347826087,0.3264403193228816,0.48136516315921396,81052.68,10,2026-09-24T14:37:13.188354+00:00
Falcon3-7B-Base,belief_bank_constraints,hidden,25,25610,belief_bank_facts,42,16830,27416,8415,8415,7533,19883,87.8734,3073,0.26804123711340205,0.48320722155847606,0.49544061861686606,0.34481125372992943,0.4903507301865655,81142.458,10,2026-09-24T14:37:13.188354+00:00
Falcon3-7B-Base,belief_bank_constraints,hidden,25,25610,belief_bank_facts,64,16830,27416,8415,8415,7533,19883,90.5566,3073,0.2722137404580153,0.47338377804327625,0.5075503355704698,0.3456598652643823,0.5056846690935681,81234.937,10,2026-09-24T14:37:13.188354+00:00
Falcon3-7B-Base,belief_bank_constraints,hidden,25,25610,belief_bank_facts,67,16830,27416,8415,8415,7533,19883,92.0418,3073,0.25042087542087543,0.39492897915836983,0.5089363875109425,0.3064956472466904,0.486260397251974,81328.916,10,2026-09-24T14:37:13.188354+00:00
Falcon3-7B-Base,belief_bank_constraints,hidden,25,25610,belief_bank_facts,104,16830,27416,8415,8415,7533,19883,96.7426,3073,0.2765646680785803,0.5027213593521838,0.502042602859644,0.35682653349665505,0.5023697271010721,81427.579,10,2026-09-24T14:37:13.188354+00:00
Falcon3-7B-Base,belief_bank_constraints,hidden,25,25610,belief_bank_facts,123,16830,27416,8415,8415,7533,19883,92.2967,3073,0.2709271692020056,0.4232045665737422,0.528596440035016,0.3303626943005181,0.5071615018480706,81521.822,10,2026-09-24T14:37:13.188354+00:00
Falcon3-7B-Base,belief_bank_constraints,hidden,25,25610,belief_bank_facts,420,16830,27416,8415,8415,7533,19883,91.2272,3073,0.26695108944080453,0.4651533253683791,0.502079077910709,0.3392226148409894,0.4957219867647482,81615.029,10,2026-09-24T14:37:13.188354+00:00
Falcon3-7B-Base,belief_bank_constraints,hidden,25,25610,belief_bank_facts,511,16830,27416,8415,8415,7533,19883,91.6209,3073,0.27763272410791995,0.5081640780565512,0.5015684271957981,0.35908259462501757,0.5072048825333498,81708.603,10,2026-09-24T14:37:13.188354+00:00
Falcon3-7B-Base,belief_bank_constraints,hidden,25,25610,belief_bank_facts,mean,0,0,0,0,0,0,91.48675,3073.0,0.2692214541680544,0.46709146422408077,0.50563904289466,0.3413611151712612,0.49891705118244534,88166.354,10,2026-09-24T14:37:13.188354+00:00
Falcon3-7B-Base,belief_bank_constraints,hidden,25,25610,belief_bank_facts,std,0,0,0,0,0,0,2.314204898555872,0.0,0.00970200776187752,0.034906749402213694,0.010383918540107031,0.01646734633272485,0.011149015406819123,88166.354,10,2026-09-24T14:37:13.188354+00:00
Falcon3-7B-Base,belief_bank_constraints,hidden,25,25610,halu_eval,2,16830,10000,8415,8415,3259,6741,92.3049,3073,0.32359671557410147,0.7376495857625038,0.412,0.4498502994011976,0.4833166575014455,81802.187,10,2026-09-24T14:37:13.188354+00:00
Falcon3-7B-Base,belief_bank_constraints,hidden,25,25610,halu_eval,4,16830,10000,8415,8415,3259,6741,94.5067,3073,0.3200364022448051,0.6474378643755754,0.4368,0.4283394234673163,0.4854138476271864,81897.964,10,2026-09-24T14:37:13.188354+00:00
Falcon3-7B-Base,belief_bank_constraints,hidden,25,25610,halu_eval,24,16830,10000,8415,8415,3259,6741,93.4679,3073,0.3212760612911329,0.7849033445842283,0.3895,0.45593084395330186,0.48745941937334286,81992.725,10,2026-09-24T14:37:13.188354+00:00
Falcon3-7B-Base,belief_bank_constraints,hidden,25,25610,halu_eval,42,16830,10000,8415,8415,3259,6741,89.8734,3073,0.3205183585313175,0.6830316047867444,0.4248,0.43629949039592314,0.48714533928592485,82083.874,10,2026-09-24T14:37:13.188354+00:00
Falcon3-7B-Base,belief_bank_constraints,hidden,25,25610,halu_eval,64,16830,10000,8415,8415,3259,6741,93.718,3073,0.3196271929824561,0.7155569193003989,0.4109,0.44187588820464235,0.4830191007577569,82178.873,10,2026-09-24T14:37:13.188354+00:00
Falcon3-7B-Base,belief_bank_constraints,hidden,25,25610,halu_eval,67,16830,10000,8415,8415,3259,6741,93.0505,3073,0.3207897177686498,0.7428659097882786,0.4036,0.4480843975569128,0.48170856745386514,82273.208,10,2026-09-24T14:37:13.188354+00:00
Falcon3-7B-Base,belief_bank_constraints,hidden,25,25610,halu_eval,104,16830,10000,8415,8415,3259,6741,93.2211,3073,0.3195454545454545,0.6471310217858238,0.4359,0.42783243736687293,0.48336386055226477,82367.744,10,2026-09-24T14:37:13.188354+00:00
Falcon3-7B-Base,belief_bank_constraints,hidden,25,25610,halu_eval,123,16830,10000,8415,8415,3259,6741,92.1649,3073,0.32330633757552385,0.7717091132249156,0.3992,0.45569849610436675,0.48431641083477983,82461.188,10,2026-09-24T14:37:13.188354+00:00
Falcon3-7B-Base,belief_bank_constraints,hidden,25,25610,halu_eval,420,16830,10000,8415,8415,3259,6741,89.2247,3073,0.3162828947368421,0.5900583000920527,0.4507,0.4118213941535496,0.4850318078918676,82551.682,10,2026-09-24T14:37:13.188354+00:00
Falcon3-7B-Base,belief_bank_constraints,hidden,25,25610,halu_eval,511,16830,10000,8415,8415,3259,6741,94.6339,3073,0.3215654077723043,0.7210800859159251,0.4133,0.4447809217374846,0.4852347764585048,82647.584,10,2026-09-24T14:37:13.188354+00:00
Falcon3-7B-Base,belief_bank_constraints,hidden,25,25610,halu_eval,mean,0,0,0,0,0,0,92.6166,3073.0,0.3206544543022588,0.7041423749616446,0.41767000000000004,0.4400513592341568,0.48460097877369385,88166.354,10,2026-09-24T14:37:13.188354+00:00
Falcon3-7B-Base,belief_bank_constraints,hidden,25,25610,halu_eval,std,0,0,0,0,0,0,1.7165308631073306,0.0,0.00196774245478632,0.05835542665583387,0.018082701678676226,0.013344348867392435,0.0017326807242425205,88166.354,10,2026-09-24T14:37:13.188354+00:00
Falcon3-7B-Base,belief_bank_constraints,hidden,26,25610,belief_bank_constraints,2,16830,7683,8415,8415,3606,4077,93.6379,3073,0.6642411642411642,0.7088186356073212,0.6951711571000911,0.6858062785081835,0.7507156673850888,82743.147,10,2026-09-24T14:37:13.188354+00:00
Falcon3-7B-Base,belief_bank_constraints,hidden,26,25610,belief_bank_constraints,4,16830,7683,8415,8415,3606,4077,89.6095,3073,0.6617954070981211,0.7032723239046035,0.6920473773265652,0.6819037375638612,0.741101074150664,82833.986,10,2026-09-24T14:37:13.188354+00:00
Falcon3-7B-Base,belief_bank_constraints,hidden,26,25610,belief_bank_constraints,24,16830,7683,8415,8415,3606,4077,91.0673,3073,0.6613535406323491,0.7018857459789241,0.6913965898737472,0.6810170859679806,0.7426594353754019,82926.268,10,2026-09-24T14:37:13.188354+00:00
Falcon3-7B-Base,belief_bank_constraints,hidden,26,25610,belief_bank_constraints,42,16830,7683,8415,8415,3606,4077,95.8193,3073,0.6642913697545526,0.6980033277870217,0.6926981647793831,0.6807302231237322,0.7457775522250477,83023.312,10,2026-09-24T14:37:13.188354+00:00
Falcon3-7B-Base,belief_bank_constraints,hidden,26,25610,belief_bank_constraints,64,16830,7683,8415,8415,3606,4077,88.2185,3073,0.6636794939377966,0.6982806433721576,0.6923076923076923,0.6805405405405406,0.7434780503047886,83112.753,10,2026-09-24T14:37:13.188354+00:00
Falcon3-7B-Base,belief_bank_constraints,hidden,26,25610,belief_bank_constraints,67,16830,7683,8415,8415,3606,4077,90.7927,3073,0.6603674540682415,0.6977260122018858,0.6897045424964207,0.6785329018338727,0.740036058508215,83204.764,10,2026-09-24T14:37:13.188354+00:00
Falcon3-7B-Base,belief_bank_constraints,hidden,26,25610,belief_bank_constraints,104,16830,7683,8415,8415,3606,4077,91.5633,3073,0.650383631713555,0.7052135330005547,0.6837172979304958,0.6766897285790314,0.7375254580060404,83297.56,10,2026-09-24T14:37:13.188354+00:00
Falcon3-7B-Base,belief_bank_constraints,hidden,26,25610,belief_bank_constraints,123,16830,7683,8415,8415,3606,4077,99.6351,3073,0.6488277268093782,0.7060454797559623,0.6826760380059872,0.6762284196547145,0.7357385852021356,83398.423,10,2026-09-24T14:37:13.188354+00:00
Falcon3-7B-Base,belief_bank_constraints,hidden,26,25610,belief_bank_constraints,420,16830,7683,8415,8415,3606,4077,95.4594,3073,0.659942363112392,0.6985579589572934,0.6895743850058571,0.6787013336925771,0.7426951456236717,83495.102,10,2026-09-24T14:37:13.188354+00:00
Falcon3-7B-Base,belief_bank_constraints,hidden,26,25610,belief_bank_constraints,511,16830,7683,8415,8415,3606,4077,91.0394,3073,0.664390756302521,0.7016084303937882,0.6936092672133282,0.6824925816023739,0.7428053372469045,83587.386,10,2026-09-24T14:37:13.188354+00:00
Falcon3-7B-Base,belief_bank_constraints,hidden,26,25610,belief_bank_constraints,mean,0,0,0,0,0,0,92.68424,3073.0,0.6599272907670072,0.7019412090959513,0.6902902512039568,0.6802642831066867,0.7422532364027958,88166.354,10,2026-09-24T14:37:13.188354+00:00
Falcon3-7B-Base,belief_bank_constraints,hidden,26,25610,belief_bank_constraints,std,0,0,0,0,0,0,3.2604496595408414,0.0,0.0054005185804006026,0.003672311781973785,0.003886568923318783,0.0027153838477740524,0.003965283476033134,88166.354,10,2026-09-24T14:37:13.188354+00:00
Falcon3-7B-Base,belief_bank_constraints,hidden,26,25610,belief_bank_facts,2,16830,27416,8415,8415,7533,19883,92.6779,3073,0.2758539826467599,0.46847205628567634,0.5160490224686315,0.3472399881924629,0.4968180809814943,83682.048,10,2026-09-24T14:37:13.188354+00:00
Falcon3-7B-Base,belief_bank_constraints,hidden,26,25610,belief_bank_facts,4,16830,27416,8415,8415,7533,19883,91.1708,3073,0.2752567836884869,0.4767025089605735,0.5113437408812372,0.3489965498809466,0.49708108911311444,83775.239,10,2026-09-24T14:37:13.188354+00:00
Falcon3-7B-Base,belief_bank_constraints,hidden,26,25610,belief_bank_facts,24,16830,27416,8415,8415,7533,19883,92.8725,3073,0.2609652698516224,0.4249303066507368,0.5113437408812372,0.3233496641244507,0.48367456456858315,83870.093,10,2026-09-24T14:37:13.188354+00:00
Falcon3-7B-Base,belief_bank_constraints,hidden,26,25610,belief_bank_facts,42,16830,27416,8415,8415,7533,19883,93.2341,3073,0.2810077519379845,0.5004646223284216,0.5109060402684564,0.35992171464031697,0.5027299987683824,83965.302,10,2026-09-24T14:37:13.188354+00:00
Falcon3-7B-Base,belief_bank_constraints,hidden,26,25610,belief_bank_facts,64,16830,27416,8415,8415,7533,19883,89.2721,3073,0.27220840040977606,0.49382716049382713,0.49813977239568136,0.3509599509410821,0.49014146136018766,84056.54,10,2026-09-24T14:37:13.188354+00:00
Falcon3-7B-Base,belief_bank_constraints,hidden,26,25610,belief_bank_facts,67,16830,27416,8415,8415,7533,19883,92.77,3073,0.2635205512378816,0.43661223947962297,0.5099212138896995,0.3286699310482662,0.48384393785284696,84151.243,10,2026-09-24T14:37:13.188354+00:00
Falcon3-7B-Base,belief_bank_constraints,hidden,26,25610,belief_bank_facts,104,16830,27416,8415,8415,7533,19883,92.9101,3073,0.27762470997679817,0.5082968272932431,0.5014954770936679,0.35910902696365765,0.5020154809925866,84246.129,10,2026-09-24T14:37:13.188354+00:00
Falcon3-7B-Base,belief_bank_constraints,hidden,26,25610,belief_bank_facts,123,16830,27416,8415,8415,7533,19883,94.4367,3073,0.2732163549081278,0.43820523031992564,0.5253501604902246,0.33657914861075705,0.5066308153594585,84342.568,10,2026-09-24T14:37:13.188354+00:00
Falcon3-7B-Base,belief_bank_constraints,hidden,26,25610,belief_bank_facts,420,16830,27416,8415,8415,7533,19883,93.5112,3073,0.2833864158210503,0.5078985795831674,0.5118908666472133,0.36379195588095464,0.5087430658252944,84438.038,10,2026-09-24T14:37:13.188354+00:00
Falcon3-7B-Base,belief_bank_constraints,hidden,26,25610,belief_bank_facts,511,16830,27416,8415,8415,7533,19883,92.2606,3073,0.278778386844166,0.5198460108854374,0.49854099795739715,0.3629286376274328,0.4999676789692287,84532.283,10,2026-09-24T14:37:13.188354+00:00
Falcon3-7B-Base,belief_bank_constraints,hidden,26,25610,belief_bank_facts,mean,0,0,0,0,0,0,92.5116,3073.0,0.27418186073226536,0.47752555422806314,0.5094981032973447,0.34815465679103275,0.49716461737911777,88166.354,10,2026-09-24T14:37:13.188354+00:00
Falcon3-7B-Base,belief_bank_constraints,hidden,26,25610,belief_bank_facts,std,0,0,0,0,0,0,1.3403656075862305,0.0,0.00679277469958864,0.03243647124964493,0.007886783282250407,0.01363674145413518,0.008336094334225944,88166.354,10,2026-09-24T14:37:13.188354+00:00
Falcon3-7B-Base,belief_bank_constraints,hidden,26,25610,halu_eval,2,16830,10000,8415,8415,3259,6741,94.2711,3073,0.3219566118557413,0.714943234120896,0.4164,0.44397865853658536,0.4826727250439587,84627.834,10,2026-09-24T14:37:13.188354+00:00
Falcon3-7B-Base,belief_bank_constraints,hidden,26,25610,halu_eval,4,16830,10000,8415,8415,3259,6741,92.5674,3073,0.3225337212377678,0.7483890764038048,0.4057,0.4507901303021902,0.4848377155016139,84721.69,10,2026-09-24T14:37:13.188354+00:00
Falcon3-7B-Base,belief_bank_constraints,hidden,26,25610,halu_eval,24,16830,10000,8415,8415,3259,6741,92.8914,3073,0.3227335079186931,0.794108622276772,0.3898,0.4589466217414435,0.48479902447635226,84815.864,10,2026-09-24T14:37:13.188354+00:00
Falcon3-7B-Base,belief_bank_constraints,hidden,26,25610,halu_eval,42,16830,10000,8415,8415,3259,6741,91.9175,3073,0.32429006085192696,0.7849033445842283,0.3969,0.45895756705840135,0.48573878396110437,84909.08,10,2026-09-24T14:37:13.188354+00:00
Falcon3-7B-Base,belief_bank_constraints,hidden,26,25610,halu_eval,64,16830,10000,8415,8415,3259,6741,90.9773,3073,0.3218315402781422,0.7526848726603252,0.4025,0.4508776766841283,0.48661836752186116,85001.346,10,2026-09-24T14:37:13.188354+00:00
Falcon3-7B-Base,belief_bank_constraints,hidden,26,25610,halu_eval,67,16830,10000,8415,8415,3259,6741,97.488,3073,0.3228454172366621,0.7241485118134398,0.4151,0.4465890812754281,0.4871377831562855,85100.156,10,2026-09-24T14:37:13.188354+00:00
Falcon3-7B-Base,belief_bank_constraints,hidden,26,25610,halu_eval,104,16830,10000,8415,8415,3259,6741,93.647,3073,0.32417979476803005,0.6882479288125192,0.4308,0.4407545686775398,0.4871754272479224,85195.141,10,2026-09-24T14:37:13.188354+00:00
Falcon3-7B-Base,belief_bank_constraints,hidden,26,25610,halu_eval,123,16830,10000,8415,8415,3259,6741,99.4944,3073,0.31872914550993764,0.6741331696839521,0.4242,0.43282111899133174,0.4810116282917698,85295.955,10,2026-09-24T14:37:13.188354+00:00
Falcon3-7B-Base,belief_bank_constraints,hidden,26,25610,halu_eval,420,16830,10000,8415,8415,3259,6741,96.2196,3073,0.32330408134837724,0.7121816508131329,0.4204,0.44472121095995404,0.4885164354240643,85393.445,10,2026-09-24T14:37:13.188354+00:00
Falcon3-7B-Base,belief_bank_constraints,hidden,26,25610,halu_eval,511,16830,10000,8415,8415,3259,6741,90.3909,3073,0.32390018008747107,0.77262964099417,0.4003,0.45644883531224506,0.4867238119454125,85485.112,10,2026-09-24T14:37:13.188354+00:00
Falcon3-7B-Base,belief_bank_constraints,hidden,26,25610,halu_eval,mean,0,0,0,0,0,0,93.98646000000001,3073.0,0.32263040610927496,0.736637005216324,0.41021,0.44848854695392476,0.4855231702570345,88166.354,10,2026-09-24T14:37:13.188354+00:00
Falcon3-7B-Base,belief_bank_constraints,hidden,26,25610,halu_eval,std,0,0,0,0,0,0,2.7795311022544777,0.0,0.0015362112703902998,0.03846637498221592,0.012479779645490552,0.007979760212991223,0.002155396373550746,88166.354,10,2026-09-24T14:37:13.188354+00:00
Falcon3-7B-Base,belief_bank_constraints,hidden,27,25610,belief_bank_constraints,2,16830,7683,8415,8415,3606,4077,85.0612,3073,0.6717921527041357,0.7027176927343317,0.6993361967981258,0.6869070208728653,0.7537525349174807,85576.882,10,2026-09-24T14:37:13.188354+00:00
Falcon3-7B-Base,belief_bank_constraints,hidden,27,25610,belief_bank_constraints,4,16830,7683,8415,8415,3606,4077,93.2071,3073,0.6557632398753894,0.7004991680532446,0.6868410777040219,0.6773934030571199,0.7391127615367568,85671.28,10,2026-09-24T14:37:13.188354+00:00
Falcon3-7B-Base,belief_bank_constraints,hidden,27,25610,belief_bank_constraints,24,16830,7683,8415,8415,3606,4077,87.1906,3073,0.6659751037344398,0.7121464226289518,0.6972536769491084,0.6882873224336639,0.743138700916944,85759.657,10,2026-09-24T14:37:13.188354+00:00
Falcon3-7B-Base,belief_bank_constraints,hidden,27,25610,belief_bank_constraints,42,16830,7683,8415,8415,3606,4077,92.0544,3073,0.658703071672355,0.6957848031059346,0.6880124951190941,0.6767363452461227,0.7452189419128259,85852.902,10,2026-09-24T14:37:13.188354+00:00
Falcon3-7B-Base,belief_bank_constraints,hidden,27,25610,belief_bank_constraints,64,16830,7683,8415,8415,3606,4077,86.9288,3073,0.6662310507056979,0.70687742651137,0.6962124170245998,0.6859526372443487,0.7441482466404138,85941.028,10,2026-09-24T14:37:13.188354+00:00
Falcon3-7B-Base,belief_bank_constraints,hidden,27,25610,belief_bank_constraints,67,16830,7683,8415,8415,3606,4077,83.0517,3073,0.6632492113564669,0.699667221297837,0.6923076923076923,0.6809716599190283,0.743225765903202,86025.272,10,2026-09-24T14:37:13.188354+00:00
Falcon3-7B-Base,belief_bank_constraints,hidden,27,25610,belief_bank_constraints,104,16830,7683,8415,8415,3606,4077,88.6874,3073,0.6522628483763744,0.7074320576816417,0.6856696602889496,0.6787282160436344,0.7379717680898935,86115.148,10,2026-09-24T14:37:13.188354+00:00
Falcon3-7B-Base,belief_bank_constraints,hidden,27,25610,belief_bank_constraints,123,16830,7683,8415,8415,3606,4077,88.6606,3073,0.650593089221248,0.699667221297837,0.6826760380059872,0.6742383752004276,0.7299437981909801,86204.999,10,2026-09-24T14:37:13.188354+00:00
Falcon3-7B-Base,belief_bank_constraints,hidden,27,25610,belief_bank_constraints,420,16830,7683,8415,8415,3606,4077,84.6793,3073,0.6575844904375163,0.6960621186910705,0.6872315501757126,0.6762764380978041,0.7390694331021893,86290.866,10,2026-09-24T14:37:13.188354+00:00
Falcon3-7B-Base,belief_bank_constraints,hidden,27,25610,belief_bank_constraints,511,16830,7683,8415,8415,3606,4077,89.8436,3073,0.669051404345522,0.7002218524681088,0.6967330469868541,0.6842818428184282,0.745160989281348,86381.901,10,2026-09-24T14:37:13.188354+00:00
Falcon3-7B-Base,belief_bank_constraints,hidden,27,25610,belief_bank_constraints,mean,0,0,0,0,0,0,87.93647000000001,3073.0,0.6611205662429145,0.7021075984470329,0.6912273851360146,0.6809773260933442,0.7420742940492034,88166.354,10,2026-09-24T14:37:13.188354+00:00
Falcon3-7B-Base,belief_bank_constraints,hidden,27,25610,belief_bank_constraints,std,0,0,0,0,0,0,3.062210408528454,0.0,0.006836166048911062,0.0049682075821538925,0.005549366535669306,0.004771494908207547,0.005868027345943596,88166.354,10,2026-09-24T14:37:13.188354+00:00
Falcon3-7B-Base,belief_bank_constraints,hidden,27,25610,belief_bank_facts,2,16830,27416,8415,8415,7533,19883,86.0854,3073,0.2832653677692192,0.49794238683127573,0.5158666472133061,0.36110709987966305,0.5161707872108519,86469.877,10,2026-09-24T14:37:13.188354+00:00
Falcon3-7B-Base,belief_bank_constraints,hidden,27,25610,belief_bank_facts,4,16830,27416,8415,8415,7533,19883,92.2697,3073,0.2951552029577139,0.5086950750033188,0.5312226437117012,0.3735620978748294,0.5298263960056414,86564.034,10,2026-09-24T14:37:13.188354+00:00
Falcon3-7B-Base,belief_bank_constraints,hidden,27,25610,belief_bank_facts,24,16830,27416,8415,8415,7533,19883,84.0237,3073,0.2700397953382604,0.441391212000531,0.5186752261453166,0.335080116900131,0.492950897357266,86649.947,10,2026-09-24T14:37:13.188354+00:00
Falcon3-7B-Base,belief_bank_constraints,hidden,27,25610,belief_bank_facts,42,16830,27416,8415,8415,7533,19883,88.8551,3073,0.2720678900413433,0.49794238683127573,0.49598774438284216,0.3518761726078799,0.49591854683630826,86740.692,10,2026-09-24T14:37:13.188354+00:00
Falcon3-7B-Base,belief_bank_constraints,hidden,27,25610,belief_bank_facts,64,16830,27416,8415,8415,7533,19883,90.4286,3073,0.27424210600014004,0.5199787601221293,0.49000583600817044,0.3590942427576091,0.4945606629527458,86833.009,10,2026-09-24T14:37:13.188354+00:00
Falcon3-7B-Base,belief_bank_constraints,hidden,27,25610,belief_bank_facts,67,16830,27416,8415,8415,7533,19883,84.0873,3073,0.27022361710474696,0.4571883711668658,0.5115990662386928,0.33967846927704903,0.49490710754822653,86918.984,10,2026-09-24T14:37:13.188354+00:00
Falcon3-7B-Base,belief_bank_constraints,hidden,27,25610,belief_bank_facts,104,16830,27416,8415,8415,7533,19883,85.3443,3073,0.28411600176652435,0.5124120536306916,0.5112707907791071,0.36554761115583123,0.5179595669847153,87006.225,10,2026-09-24T14:37:13.188354+00:00
Falcon3-7B-Base,belief_bank_constraints,hidden,27,25610,belief_bank_facts,123,16830,27416,8415,8415,7533,19883,87.6655,3073,0.285584451901566,0.5422806318863667,0.5014954770936679,0.3741356413426753,0.5189263069749218,87095.796,10,2026-09-24T14:37:13.188354+00:00
Falcon3-7B-Base,belief_bank_constraints,hidden,27,25610,belief_bank_facts,420,16830,27416,8415,8415,7533,19883,87.9404,3073,0.27704385898694045,0.48718969865923273,0.5097753136854392,0.3532242540904716,0.5049854939595224,87185.642,10,2026-09-24T14:37:13.188354+00:00
Falcon3-7B-Base,belief_bank_constraints,hidden,27,25610,belief_bank_facts,511,16830,27416,8415,8415,7533,19883,91.1044,3073,0.2850204676333865,0.5453338643302801,0.4991975488765684,0.3743734621343297,0.5210628299273037,87278.648,10,2026-09-24T14:37:13.188354+00:00
Falcon3-7B-Base,belief_bank_constraints,hidden,27,25610,belief_bank_facts,mean,0,0,0,0,0,0,87.78044,3073.0,0.2796758759499841,0.5010354440461968,0.5085096294134812,0.35876791680204695,0.5087268595757504,88166.354,10,2026-09-24T14:37:13.188354+00:00
Falcon3-7B-Base,belief_bank_constraints,hidden,27,25610,belief_bank_facts,std,0,0,0,0,0,0,2.7562461160788945,0.0,0.007824440740512122,0.031466332584556084,0.011520494029298948,0.013243328596768472,0.01288661562530644,88166.354,10,2026-09-24T14:37:13.188354+00:00
Falcon3-7B-Base,belief_bank_constraints,hidden,27,25610,halu_eval,2,16830,10000,8415,8415,3259,6741,85.8046,3073,0.32402379105249546,0.7689475299171525,0.4019,0.4559264986809788,0.4949455410163786,87365.689,10,2026-09-24T14:37:13.188354+00:00
Falcon3-7B-Base,belief_bank_constraints,hidden,27,25610,halu_eval,4,16830,10000,8415,8415,3259,6741,90.6142,3073,0.3242471443406023,0.7664927891991409,0.4033,0.45571467663960596,0.4949614043367359,87457.543,10,2026-09-24T14:37:13.188354+00:00
Falcon3-7B-Base,belief_bank_constraints,hidden,27,25610,halu_eval,24,16830,10000,8415,8415,3259,6741,87.1299,3073,0.3233679072605247,0.8131328628413624,0.3846,0.462720447005413,0.496639638937173,87545.905,10,2026-09-24T14:37:13.188354+00:00
Falcon3-7B-Base,belief_bank_constraints,hidden,27,25610,halu_eval,42,16830,10000,8415,8415,3259,6741,89.91,3073,0.3258527827648115,0.7796870205584535,0.4025,0.45961834132223933,0.49385864183849915,87637.046,10,2026-09-24T14:37:13.188354+00:00
Falcon3-7B-Base,belief_bank_constraints,hidden,27,25610,halu_eval,64,16830,10000,8415,8415,3259,6741,86.8027,3073,0.3236977256052825,0.6768947529917152,0.4338,0.4379591026404606,0.4959967534133109,87725.082,10,2026-09-24T14:37:13.188354+00:00
Falcon3-7B-Base,belief_bank_constraints,hidden,27,25610,halu_eval,67,16830,10000,8415,8415,3259,6741,83.0904,3073,0.32579890880748247,0.7695612150966554,0.4059,0.45778954093273705,0.4940036876643771,87809.41,10,2026-09-24T14:37:13.188354+00:00
Falcon3-7B-Base,belief_bank_constraints,hidden,27,25610,halu_eval,104,16830,10000,8415,8415,3259,6741,88.4656,3073,0.32489731018947926,0.7523780300705738,0.4098,0.4538219507680918,0.4947079326024189,87899.11,10,2026-09-24T14:37:13.188354+00:00
Falcon3-7B-Base,belief_bank_constraints,hidden,27,25610,halu_eval,123,16830,10000,8415,8415,3259,6741,89.1024,3073,0.32385149572649574,0.7440932801472845,0.4103,0.45128873173908995,0.4966493799717683,87989.449,10,2026-09-24T14:37:13.188354+00:00
Falcon3-7B-Base,belief_bank_constraints,hidden,27,25610,halu_eval,420,16830,10000,8415,8415,3259,6741,84.5044,3073,0.32631170845179636,0.7747775391224302,0.4053,0.45921614985905246,0.4987399698637881,88075.191,10,2026-09-24T14:37:13.188354+00:00
Falcon3-7B-Base,belief_bank_constraints,hidden,27,25610,halu_eval,511,16830,10000,8415,8415,3259,6741,89.6519,3073,0.3257596877613605,0.7170911322491562,0.4241,0.4480015335953225,0.4992215138123091,88166.084,10,2026-09-24T14:37:13.188354+00:00
Falcon3-7B-Base,belief_bank_constraints,hidden,27,25610,halu_eval,mean,0,0,0,0,0,0,87.50760999999999,3073.0,0.32478084619603304,0.7563056152193925,0.40815,0.4542056973182992,0.49597244634567594,88166.354,10,2026-09-24T14:37:13.188354+00:00
Falcon3-7B-Base,belief_bank_constraints,hidden,27,25610,halu_eval,std,0,0,0,0,0,0,2.3569531015486906,0.0,0.0010194087753142983,0.03544710619642135,0.012577619011561769,0.0067533980981278816,0.0017646392689066892,88166.354,10,2026-09-24T14:37:13.188354+00:00
