model,train_dataset,layer_type,layer,num_samples,eval_dataset,split_seed,train_size,test_size,train_hall,train_not_hall,test_hall,test_not_hall,fit_time_s,model_params,precision,recall,accuracy,f1,auroc,total_runtime_s,num_splits,created_at_utc
Falcon3-7B-Base,belief_bank_constraints,mlp,0,25610,belief_bank_constraints,2,16830,7683,8415,8415,3606,4077,125.3385,3073,0.7280261175288799,0.8039378813089295,0.7670180918911883,0.7641012124406958,0.8388506007007916,172.762,10,2026-09-24T14:37:14.047481+00:00
Falcon3-7B-Base,belief_bank_constraints,mlp,0,25610,belief_bank_constraints,4,16830,7683,8415,8415,3606,4077,117.9576,3073,0.728134110787172,0.8311148086522463,0.7750878563061304,0.7762237762237763,0.8391243112513401,292.016,10,2026-09-24T14:37:14.047481+00:00
Falcon3-7B-Base,belief_bank_constraints,mlp,0,25610,belief_bank_constraints,24,16830,7683,8415,8415,3606,4077,123.6984,3073,0.7209985315712188,0.8169717138103162,0.7657165169855525,0.765990639625585,0.8383446374974476,416.99,10,2026-09-24T14:37:14.047481+00:00
Falcon3-7B-Base,belief_bank_constraints,mlp,0,25610,belief_bank_constraints,42,16830,7683,8415,8415,3606,4077,125.5946,3073,0.7225632212128652,0.8161397670549085,0.7666276194194976,0.7665060554759734,0.8379614495286316,543.853,10,2026-09-24T14:37:14.047481+00:00
Falcon3-7B-Base,belief_bank_constraints,mlp,0,25610,belief_bank_constraints,64,16830,7683,8415,8415,3606,4077,123.3284,3073,0.7300475356517389,0.8092068774265113,0.7700117141741507,0.7675917401025911,0.8378170440865801,668.459,10,2026-09-24T14:37:14.047481+00:00
Falcon3-7B-Base,belief_bank_constraints,mlp,0,25610,belief_bank_constraints,67,16830,7683,8415,8415,3606,4077,121.3868,3073,0.7298752140934671,0.8272323904603439,0.775218013796694,0.7755102040816326,0.8427065933089741,791.165,10,2026-09-24T14:37:14.047481+00:00
Falcon3-7B-Base,belief_bank_constraints,mlp,0,25610,belief_bank_constraints,104,16830,7683,8415,8415,3606,4077,130.9407,3073,0.721048798252003,0.8236272878535774,0.7676688793440063,0.7689320388349514,0.8374635466384683,923.378,10,2026-09-24T14:37:14.047481+00:00
Falcon3-7B-Base,belief_bank_constraints,mlp,0,25610,belief_bank_constraints,123,16830,7683,8415,8415,3606,4077,123.0878,3073,0.7185759263744248,0.8227953410981698,0.765586359494989,0.7671622495151907,0.8361130190586615,1047.743,10,2026-09-24T14:37:14.047481+00:00
Falcon3-7B-Base,belief_bank_constraints,mlp,0,25610,belief_bank_constraints,420,16830,7683,8415,8415,3606,4077,120.0629,3073,0.7298377028714107,0.8105934553521907,0.7702720291552779,0.7680988043621074,0.8359574584152458,1169.063,10,2026-09-24T14:37:14.047481+00:00
Falcon3-7B-Base,belief_bank_constraints,mlp,0,25610,belief_bank_constraints,511,16830,7683,8415,8415,3606,4077,126.3981,3073,0.7287050713934022,0.8208541320022186,0.7724847064948588,0.7720396452790819,0.8386419848313749,1296.746,10,2026-09-24T14:37:14.047481+00:00
Falcon3-7B-Base,belief_bank_constraints,mlp,0,25610,belief_bank_constraints,mean,0,0,0,0,0,0,123.77937999999999,3073.0,0.7257812229736582,0.8182473655019411,0.7695691787062345,0.7692156365941586,0.8382980645317515,89742.907,10,2026-09-24T14:37:14.047481+00:00
Falcon3-7B-Base,belief_bank_constraints,mlp,0,25610,belief_bank_constraints,std,0,0,0,0,0,0,3.4349102759169696,0.0,0.00421999471253548,0.008086210524063307,0.003478980926305486,0.00385735111073565,0.0017843073504376463,89742.907,10,2026-09-24T14:37:14.047481+00:00
Falcon3-7B-Base,belief_bank_constraints,mlp,0,25610,belief_bank_facts,2,16830,27416,8415,8415,7533,19883,124.2635,3073,0.218045990428388,0.24797557414044868,0.5490224686314561,0.2320496894409938,0.4682017807626092,1423.006,10,2026-09-24T14:37:14.047481+00:00
Falcon3-7B-Base,belief_bank_constraints,mlp,0,25610,belief_bank_facts,4,16830,27416,8415,8415,7533,19883,118.9392,3073,0.2190554583804918,0.28262312491703173,0.526043186460461,0.24681196383028053,0.4672381486922177,1544.12,10,2026-09-24T14:37:14.047481+00:00
Falcon3-7B-Base,belief_bank_constraints,mlp,0,25610,belief_bank_facts,24,16830,27416,8415,8415,7533,19883,126.3259,3073,0.1981893809640323,0.21505376344086022,0.5452655383717537,0.20627745591137708,0.46178969485762256,1672.487,10,2026-09-24T14:37:14.047481+00:00
Falcon3-7B-Base,belief_bank_constraints,mlp,0,25610,belief_bank_facts,42,16830,27416,8415,8415,7533,19883,124.3854,3073,0.21089845178593197,0.229656179476968,0.5522322731251824,0.21987798678190137,0.4511220822349708,1798.89,10,2026-09-24T14:37:14.047481+00:00
Falcon3-7B-Base,belief_bank_constraints,mlp,0,25610,belief_bank_facts,64,16830,27416,8415,8415,7533,19883,124.3065,3073,0.19326482604927572,0.20722155847603876,0.5444995622993872,0.2,0.4559214748906885,1925.208,10,2026-09-24T14:37:14.047481+00:00
Falcon3-7B-Base,belief_bank_constraints,mlp,0,25610,belief_bank_facts,67,16830,27416,8415,8415,7533,19883,120.2989,3073,0.2224186704384724,0.2504978096375946,0.5534359498103297,0.2356246488106387,0.46047555886791036,2047.545,10,2026-09-24T14:37:14.047481+00:00
Falcon3-7B-Base,belief_bank_constraints,mlp,0,25610,belief_bank_facts,104,16830,27416,8415,8415,7533,19883,127.1591,3073,0.22691671263099836,0.2730651798752157,0.5446454625036475,0.2478611880949512,0.470275988420485,2176.968,10,2026-09-24T14:37:14.047481+00:00
Falcon3-7B-Base,belief_bank_constraints,mlp,0,25610,belief_bank_facts,123,16830,27416,8415,8415,7533,19883,126.0731,3073,0.2134133042529989,0.2597902562060268,0.5335205719288006,0.2343291624259115,0.4492988482823642,2305.049,10,2026-09-24T14:37:14.047481+00:00
Falcon3-7B-Base,belief_bank_constraints,mlp,0,25610,belief_bank_facts,420,16830,27416,8415,8415,7533,19883,112.6989,3073,0.20879609062638826,0.24956856498075136,0.5339582725415816,0.22736893027755942,0.4617640369932858,2419.656,10,2026-09-24T14:37:14.047481+00:00
Falcon3-7B-Base,belief_bank_constraints,mlp,0,25610,belief_bank_facts,511,16830,27416,8415,8415,7533,19883,118.194,3073,0.21044357102751263,0.24877206956060002,0.5371316019842428,0.22800827351259279,0.4658256608941413,2539.766,10,2026-09-24T14:37:14.047481+00:00
Falcon3-7B-Base,belief_bank_constraints,mlp,0,25610,belief_bank_facts,mean,0,0,0,0,0,0,122.26444999999998,3073.0,0.21214424565844903,0.24642240807115362,0.5419754887656842,0.2278209299086206,0.46119132748962943,89742.907,10,2026-09-24T14:37:14.047481+00:00
Falcon3-7B-Base,belief_bank_constraints,mlp,0,25610,belief_bank_facts,std,0,0,0,0,0,0,4.365917680453904,0.0,0.009873300965032868,0.022439415956504075,0.00850641359185001,0.014781285477349103,0.006793445992957125,89742.907,10,2026-09-24T14:37:14.047481+00:00
Falcon3-7B-Base,belief_bank_constraints,mlp,0,25610,halu_eval,2,16830,10000,8415,8415,3259,6741,117.2181,3073,0.33296903460837884,0.2804541270328322,0.5824,0.3044636908727515,0.5083491591006366,2658.242,10,2026-09-24T14:37:14.047481+00:00
Falcon3-7B-Base,belief_bank_constraints,mlp,0,25610,halu_eval,4,16830,10000,8415,8415,3259,6741,112.1535,3073,0.3301171605789111,0.2939552009818963,0.5755,0.31098847589677,0.5063977203429991,2771.657,10,2026-09-24T14:37:14.047481+00:00
Falcon3-7B-Base,belief_bank_constraints,mlp,0,25610,halu_eval,24,16830,10000,8415,8415,3259,6741,118.8831,3073,0.32356020942408376,0.2844430806996011,0.573,0.30274330502939256,0.5040735049366789,2891.8,10,2026-09-24T14:37:14.047481+00:00
Falcon3-7B-Base,belief_bank_constraints,mlp,0,25610,halu_eval,42,16830,10000,8415,8415,3259,6741,117.2322,3073,0.32736213558131366,0.2859772936483584,0.5758,0.30527350147396004,0.5059510665954935,3010.278,10,2026-09-24T14:37:14.047481+00:00
Falcon3-7B-Base,belief_bank_constraints,mlp,0,25610,halu_eval,64,16830,10000,8415,8415,3259,6741,117.0835,3073,0.3333333333333333,0.292420988033139,0.5788,0.3115397188623733,0.5074966592575629,3128.609,10,2026-09-24T14:37:14.047481+00:00
Falcon3-7B-Base,belief_bank_constraints,mlp,0,25610,halu_eval,67,16830,10000,8415,8415,3259,6741,117.1463,3073,0.33370247323735697,0.2773857011353176,0.584,0.30294906166219837,0.5097092169168633,3247.027,10,2026-09-24T14:37:14.047481+00:00
Falcon3-7B-Base,belief_bank_constraints,mlp,0,25610,halu_eval,104,16830,10000,8415,8415,3259,6741,127.9184,3073,0.3271349862258953,0.29150046026388465,0.5737,0.3082914165179296,0.5067112314447516,3376.27,10,2026-09-24T14:37:14.047481+00:00
Falcon3-7B-Base,belief_bank_constraints,mlp,0,25610,halu_eval,123,16830,10000,8415,8415,3259,6741,117.1207,3073,0.3330197554092192,0.32586683031604785,0.5676,0.3294044665012407,0.50879535765961,3494.72,10,2026-09-24T14:37:14.047481+00:00
Falcon3-7B-Base,belief_bank_constraints,mlp,0,25610,halu_eval,420,16830,10000,8415,8415,3259,6741,111.2007,3073,0.3253177602198557,0.29057993249463027,0.5724,0.30696920583468396,0.5082066168116874,3607.206,10,2026-09-24T14:37:14.047481+00:00
Falcon3-7B-Base,belief_bank_constraints,mlp,0,25610,halu_eval,511,16830,10000,8415,8415,3259,6741,129.6888,3073,0.32731865752435946,0.27830622890457196,0.5784,0.30082918739635156,0.504815735357757,3738.184,10,2026-09-24T14:37:14.047481+00:00
Falcon3-7B-Base,belief_bank_constraints,mlp,0,25610,halu_eval,mean,0,0,0,0,0,0,118.56452999999999,3073.0,0.3293835506142707,0.2900889843510279,0.57616,0.30834520300476514,0.507050626842404,89742.907,10,2026-09-24T14:37:14.047481+00:00
Falcon3-7B-Base,belief_bank_constraints,mlp,0,25610,halu_eval,std,0,0,0,0,0,0,5.626282076300476,0.0,0.003531538456262183,0.013207925131625695,0.00465192433300457,0.007772208457221292,0.0017012387903478918,89742.907,10,2026-09-24T14:37:14.047481+00:00
Falcon3-7B-Base,belief_bank_constraints,mlp,1,25610,belief_bank_constraints,2,16830,7683,8415,8415,3606,4077,113.5227,3073,0.7512569462820852,0.7872989462007765,0.7778211636079656,0.768855788761002,0.8540639146784901,3853.841,10,2026-09-24T14:37:14.047481+00:00
Falcon3-7B-Base,belief_bank_constraints,mlp,1,25610,belief_bank_constraints,4,16830,7683,8415,8415,3606,4077,112.568,3073,0.7436227776346302,0.800332778702163,0.776779903683457,0.7709362895685855,0.8535524078842243,3967.589,10,2026-09-24T14:37:14.047481+00:00
Falcon3-7B-Base,belief_bank_constraints,mlp,1,25610,belief_bank_constraints,24,16830,7683,8415,8415,3606,4077,108.5561,3073,0.7422015983500903,0.7983915696062118,0.775218013796694,0.7692718770875083,0.8550298598893105,4077.351,10,2026-09-24T14:37:14.047481+00:00
Falcon3-7B-Base,belief_bank_constraints,mlp,1,25610,belief_bank_constraints,42,16830,7683,8415,8415,3606,4077,111.0461,3073,0.7367605269956083,0.790904048807543,0.7692307692307693,0.7628728099505149,0.8499003037887826,4189.611,10,2026-09-24T14:37:14.047481+00:00
Falcon3-7B-Base,belief_bank_constraints,mlp,1,25610,belief_bank_constraints,64,16830,7683,8415,8415,3606,4077,111.7058,3073,0.7392213221844787,0.7845257903494176,0.768970454249642,0.7612000538140724,0.8506245756432165,4302.518,10,2026-09-24T14:37:14.047481+00:00
Falcon3-7B-Base,belief_bank_constraints,mlp,1,25610,belief_bank_constraints,67,16830,7683,8415,8415,3606,4077,113.0622,3073,0.7402731254831229,0.7967276760953965,0.7733958089288039,0.7674636035795379,0.8492055524062518,4416.822,10,2026-09-24T14:37:14.047481+00:00
Falcon3-7B-Base,belief_bank_constraints,mlp,1,25610,belief_bank_constraints,104,16830,7683,8415,8415,3606,4077,132.2622,3073,0.7344105023983842,0.8067110371602884,0.7723545490042952,0.7688648077177217,0.8522818712605419,4550.369,10,2026-09-24T14:37:14.047481+00:00
Falcon3-7B-Base,belief_bank_constraints,mlp,1,25610,belief_bank_constraints,123,16830,7683,8415,8415,3606,4077,125.342,3073,0.7357087926172776,0.7958957293399889,0.7700117141741507,0.7646196882909284,0.8465651026394159,4677.02,10,2026-09-24T14:37:14.047481+00:00
Falcon3-7B-Base,belief_bank_constraints,mlp,1,25610,belief_bank_constraints,420,16830,7683,8415,8415,3606,4077,122.8973,3073,0.7402563431859795,0.7848031059345535,0.7697513991930236,0.7618791223583254,0.849786303072401,4801.228,10,2026-09-24T14:37:14.047481+00:00
Falcon3-7B-Base,belief_bank_constraints,mlp,1,25610,belief_bank_constraints,511,16830,7683,8415,8415,3606,4077,116.5932,3073,0.7431408413901228,0.7886855241264559,0.7728751789665496,0.7652361092425669,0.8508687997316222,4919.136,10,2026-09-24T14:37:14.047481+00:00
Falcon3-7B-Base,belief_bank_constraints,mlp,1,25610,belief_bank_constraints,mean,0,0,0,0,0,0,116.75556000000002,3073.0,0.7406852776521781,0.7934276206322795,0.7726408954835351,0.7661200150370763,0.8511878690994257,89742.907,10,2026-09-24T14:37:14.047481+00:00
Falcon3-7B-Base,belief_bank_constraints,mlp,1,25610,belief_bank_constraints,std,0,0,0,0,0,0,7.203383034547034,0.0,0.004590827820775982,0.006969895689060608,0.003027833647481725,0.0032514936486022525,0.0024323092226965354,89742.907,10,2026-09-24T14:37:14.047481+00:00
Falcon3-7B-Base,belief_bank_constraints,mlp,1,25610,belief_bank_facts,2,16830,27416,8415,8415,7533,19883,122.5917,3073,0.23128351556515078,0.44086021505376344,0.44375547125765974,0.3033985017357939,0.4242002626289053,5043.795,10,2026-09-24T14:37:14.047481+00:00
Falcon3-7B-Base,belief_bank_constraints,mlp,1,25610,belief_bank_facts,4,16830,27416,8415,8415,7533,19883,122.5042,3073,0.22804512351849207,0.42400106199389354,0.44736650131310185,0.2965782998282186,0.42767863914159343,5168.348,10,2026-09-24T14:37:14.047481+00:00
Falcon3-7B-Base,belief_bank_constraints,mlp,1,25610,belief_bank_facts,24,16830,27416,8415,8415,7533,19883,118.9229,3073,0.2252054794520548,0.3819195539625647,0.4691421067989495,0.2833366161118771,0.4352828109220568,5289.394,10,2026-09-24T14:37:14.047481+00:00
Falcon3-7B-Base,belief_bank_constraints,mlp,1,25610,belief_bank_facts,42,16830,27416,8415,8415,7533,19883,121.2409,3073,0.23914905768132497,0.4447099429178282,0.458673767143274,0.3110347709020008,0.4274243572209252,5412.685,10,2026-09-24T14:37:14.047481+00:00
Falcon3-7B-Base,belief_bank_constraints,mlp,1,25610,belief_bank_facts,64,16830,27416,8415,8415,7533,19883,118.1368,3073,0.23204188481675392,0.4412584627638391,0.44521447330026265,0.30414493549272575,0.4312090991826945,5532.921,10,2026-09-24T14:37:14.047481+00:00
Falcon3-7B-Base,belief_bank_constraints,mlp,1,25610,belief_bank_facts,67,16830,27416,8415,8415,7533,19883,117.0575,3073,0.22500576346730192,0.38868976503385105,0.4641814998540998,0.28501898179694346,0.4201912363484622,5651.993,10,2026-09-24T14:37:14.047481+00:00
Falcon3-7B-Base,belief_bank_constraints,mlp,1,25610,belief_bank_facts,104,16830,27416,8415,8415,7533,19883,123.9962,3073,0.22345788849347567,0.4001061993893535,0.4531295593813831,0.2867608581894296,0.4261151918999611,5777.955,10,2026-09-24T14:37:14.047481+00:00
Falcon3-7B-Base,belief_bank_constraints,mlp,1,25610,belief_bank_facts,123,16830,27416,8415,8415,7533,19883,115.1674,3073,0.23377478598082974,0.4241338112305854,0.45980449372629123,0.30141509433962266,0.42614791352190085,5895.11,10,2026-09-24T14:37:14.047481+00:00
Falcon3-7B-Base,belief_bank_constraints,mlp,1,25610,belief_bank_facts,420,16830,27416,8415,8415,7533,19883,119.6309,3073,0.22550587580835826,0.4305057745917961,0.43726291216807706,0.29597517568677556,0.4173163904901019,6017.009,10,2026-09-24T14:37:14.047481+00:00
Falcon3-7B-Base,belief_bank_constraints,mlp,1,25610,belief_bank_facts,511,16830,27416,8415,8415,7533,19883,115.2041,3073,0.2213394772384206,0.3698393734236028,0.4693609571053399,0.27693836978131214,0.4235960042339549,6134.288,10,2026-09-24T14:37:14.047481+00:00
Falcon3-7B-Base,belief_bank_constraints,mlp,1,25610,belief_bank_facts,mean,0,0,0,0,0,0,119.44525999999999,3073.0,0.2284808852022163,0.4146024160361078,0.4547891742048439,0.29446016038646994,0.4259161905590557,89742.907,10,2026-09-24T14:37:14.047481+00:00
Falcon3-7B-Base,belief_bank_constraints,mlp,1,25610,belief_bank_facts,std,0,0,0,0,0,0,2.952979654247554,0.0,0.005200444898125447,0.02586906279933926,0.010607735656546437,0.010405387603282296,0.004860883486137653,89742.907,10,2026-09-24T14:37:14.047481+00:00
Falcon3-7B-Base,belief_bank_constraints,mlp,1,25610,halu_eval,2,16830,10000,8415,8415,3259,6741,120.4498,3073,0.33258300506471583,0.36268794108622276,0.5551,0.3469837076177895,0.5077178126060731,6256.132,10,2026-09-24T14:37:14.047481+00:00
Falcon3-7B-Base,belief_bank_constraints,mlp,1,25610,halu_eval,4,16830,10000,8415,8415,3259,6741,119.8241,3073,0.32460732984293195,0.3995090518563977,0.5334,0.35818431911966986,0.5078147677634934,6377.361,10,2026-09-24T14:37:14.047481+00:00
Falcon3-7B-Base,belief_bank_constraints,mlp,1,25610,halu_eval,24,16830,10000,8415,8415,3259,6741,121.1502,3073,0.3316532258064516,0.40380484811291806,0.5405,0.36418984364189844,0.5082557771731964,6499.859,10,2026-09-24T14:37:14.047481+00:00
Falcon3-7B-Base,belief_bank_constraints,mlp,1,25610,halu_eval,42,16830,10000,8415,8415,3259,6741,113.2248,3073,0.33177812337998963,0.3927585148818656,0.5443,0.3597021216804833,0.5100965140797323,6614.395,10,2026-09-24T14:37:14.047481+00:00
Falcon3-7B-Base,belief_bank_constraints,mlp,1,25610,halu_eval,64,16830,10000,8415,8415,3259,6741,119.8698,3073,0.330761316872428,0.39459957042037436,0.5425,0.3598712746606968,0.5072047923705304,6735.65,10,2026-09-24T14:37:14.047481+00:00
Falcon3-7B-Base,belief_bank_constraints,mlp,1,25610,halu_eval,67,16830,10000,8415,8415,3259,6741,120.5817,3073,0.33074146070535965,0.36544952439398587,0.5522,0.34723032069970844,0.5100846791778877,6857.528,10,2026-09-24T14:37:14.047481+00:00
Falcon3-7B-Base,belief_bank_constraints,mlp,1,25610,halu_eval,104,16830,10000,8415,8415,3259,6741,122.084,3073,0.33280085197018106,0.3835532371893219,0.5485,0.3563791874554526,0.5119314700919058,6980.975,10,2026-09-24T14:37:14.047481+00:00
Falcon3-7B-Base,belief_bank_constraints,mlp,1,25610,halu_eval,123,16830,10000,8415,8415,3259,6741,122.6087,3073,0.3338048090523338,0.3620742559067199,0.5566,0.347365322343244,0.5121995306186891,7104.981,10,2026-09-24T14:37:14.047481+00:00
Falcon3-7B-Base,belief_bank_constraints,mlp,1,25610,halu_eval,420,16830,10000,8415,8415,3259,6741,128.4993,3073,0.33322932917316694,0.3277078858545566,0.5672,0.33044554455445546,0.5088346631893904,7234.894,10,2026-09-24T14:37:14.047481+00:00
Falcon3-7B-Base,belief_bank_constraints,mlp,1,25610,halu_eval,511,16830,10000,8415,8415,3259,6741,118.1693,3073,0.3309206716850029,0.3507210800859159,0.5573,0.3405332936094146,0.5063682468855204,7354.472,10,2026-09-24T14:37:14.047481+00:00
Falcon3-7B-Base,belief_bank_constraints,mlp,1,25610,halu_eval,mean,0,0,0,0,0,0,120.64617000000001,3073.0,0.3312880123552561,0.3742865909788278,0.5497599999999999,0.3510884935382813,0.509050825395642,89742.907,10,2026-09-24T14:37:14.047481+00:00
Falcon3-7B-Base,belief_bank_constraints,mlp,1,25610,halu_eval,std,0,0,0,0,0,0,3.6107819214264385,0.0,0.002445093882401986,0.023310668165423612,0.009379573551073647,0.009921994499599017,0.0018698243674258855,89742.907,10,2026-09-24T14:37:14.047481+00:00
Falcon3-7B-Base,belief_bank_constraints,mlp,2,25610,belief_bank_constraints,2,16830,7683,8415,8415,3606,4077,118.0221,3073,0.7481879194630873,0.7728785357737105,0.7713132890797866,0.7603328331741918,0.8431754178541174,7474.736,10,2026-09-24T14:37:14.047481+00:00
Falcon3-7B-Base,belief_bank_constraints,mlp,2,25610,belief_bank_constraints,4,16830,7683,8415,8415,3606,4077,116.0753,3073,0.7403693931398417,0.7781475318912923,0.7677990368345698,0.7587885343428881,0.8431618139500147,7592.237,10,2026-09-24T14:37:14.047481+00:00
Falcon3-7B-Base,belief_bank_constraints,mlp,2,25610,belief_bank_constraints,24,16830,7683,8415,8415,3606,4077,116.8572,3073,0.7380517106294071,0.78369384359401,0.7679291943251334,0.7601882985877606,0.8394544099843949,7710.408,10,2026-09-24T14:37:14.047481+00:00
Falcon3-7B-Base,belief_bank_constraints,mlp,2,25610,belief_bank_constraints,42,16830,7683,8415,8415,3606,4077,107.4338,3073,0.730516924691682,0.7720465890183028,0.759338799947937,0.7507078333558043,0.8336150021677821,7819.119,10,2026-09-24T14:37:14.047481+00:00
Falcon3-7B-Base,belief_bank_constraints,mlp,2,25610,belief_bank_constraints,64,16830,7683,8415,8415,3606,4077,110.2075,3073,0.7420730082600586,0.7723239046034387,0.767148249381752,0.756896317434434,0.8332486830400536,7930.612,10,2026-09-24T14:37:14.047481+00:00
Falcon3-7B-Base,belief_bank_constraints,mlp,2,25610,belief_bank_constraints,67,16830,7683,8415,8415,3606,4077,110.9086,3073,0.7386122881355932,0.7734331669439822,0.7651958870232982,0.7556217827147115,0.8367047208676135,8042.807,10,2026-09-24T14:37:14.047481+00:00
Falcon3-7B-Base,belief_bank_constraints,mlp,2,25610,belief_bank_constraints,104,16830,7683,8415,8415,3606,4077,111.3996,3073,0.7299479166666667,0.7773155851358846,0.7605102173630093,0.752887456352404,0.8322388992482619,8155.506,10,2026-09-24T14:37:14.047481+00:00
Falcon3-7B-Base,belief_bank_constraints,mlp,2,25610,belief_bank_constraints,123,16830,7683,8415,8415,3606,4077,111.3538,3073,0.7328586497890295,0.7706600110926234,0.7605102173630093,0.7512841308461746,0.8363755403980856,8268.151,10,2026-09-24T14:37:14.047481+00:00
Falcon3-7B-Base,belief_bank_constraints,mlp,2,25610,belief_bank_constraints,420,16830,7683,8415,8415,3606,4077,117.0237,3073,0.735387045813586,0.7745424292845258,0.763373682155408,0.7544570502431118,0.8371235170554187,8386.472,10,2026-09-24T14:37:14.047481+00:00
Falcon3-7B-Base,belief_bank_constraints,mlp,2,25610,belief_bank_constraints,511,16830,7683,8415,8415,3606,4077,111.6829,3073,0.7362608466999737,0.776483638380477,0.7645450995704803,0.7558374949385882,0.8357232331963557,8499.454,10,2026-09-24T14:37:14.047481+00:00
Falcon3-7B-Base,belief_bank_constraints,mlp,2,25610,belief_bank_constraints,mean,0,0,0,0,0,0,113.09645,3073.0,0.7372265703288925,0.7751525235718247,0.7647663673044385,0.755700173199007,0.8370821237762099,89742.907,10,2026-09-24T14:37:14.047481+00:00
Falcon3-7B-Base,belief_bank_constraints,mlp,2,25610,belief_bank_constraints,std,0,0,0,0,0,0,3.403155677676234,0.0,0.005267930211788272,0.0036702170286335408,0.003682353008405173,0.003263129843887609,0.003638428523050462,89742.907,10,2026-09-24T14:37:14.047481+00:00
Falcon3-7B-Base,belief_bank_constraints,mlp,2,25610,belief_bank_facts,2,16830,27416,8415,8415,7533,19883,115.2555,3073,0.18783232348213183,0.20164609053497942,0.5410709074992704,0.19449423815620998,0.4016911183176127,8616.687,10,2026-09-24T14:37:14.047481+00:00
Falcon3-7B-Base,belief_bank_constraints,mlp,2,25610,belief_bank_facts,4,16830,27416,8415,8415,7533,19883,113.7254,3073,0.18679568838804508,0.20244258595513076,0.5387000291800409,0.19430464419952856,0.4050913728759413,8732.395,10,2026-09-24T14:37:14.047481+00:00
Falcon3-7B-Base,belief_bank_constraints,mlp,2,25610,belief_bank_facts,24,16830,27416,8415,8415,7533,19883,112.504,3073,0.19468279645519765,0.1837249435815744,0.5668952436533411,0.18904521240267724,0.42003372390104304,8847.006,10,2026-09-24T14:37:14.047481+00:00
Falcon3-7B-Base,belief_bank_constraints,mlp,2,25610,belief_bank_facts,42,16830,27416,8415,8415,7533,19883,111.3706,3073,0.18354094884707128,0.1838576928182663,0.551028596440035,0.18369918429604085,0.4009324487185386,8960.603,10,2026-09-24T14:37:14.047481+00:00
Falcon3-7B-Base,belief_bank_constraints,mlp,2,25610,belief_bank_facts,64,16830,27416,8415,8415,7533,19883,108.5227,3073,0.17734313468101864,0.17934421877074208,0.545922089290925,0.1783380634941588,0.3981884392740409,9071.167,10,2026-09-24T14:37:14.047481+00:00
Falcon3-7B-Base,belief_bank_constraints,mlp,2,25610,belief_bank_facts,67,16830,27416,8415,8415,7533,19883,112.0353,3073,0.19498529205771117,0.18478693747510952,0.5663845929384301,0.18974918211559433,0.4240025241516582,9185.343,10,2026-09-24T14:37:14.047481+00:00
Falcon3-7B-Base,belief_bank_constraints,mlp,2,25610,belief_bank_facts,104,16830,27416,8415,8415,7533,19883,113.4665,3073,0.1753315649867374,0.1754944909066773,0.5466515903122264,0.17541299011477476,0.3963934169544697,9300.839,10,2026-09-24T14:37:14.047481+00:00
Falcon3-7B-Base,belief_bank_constraints,mlp,2,25610,belief_bank_facts,123,16830,27416,8415,8415,7533,19883,111.5625,3073,0.18297300598509833,0.19885835656444975,0.5358914502480303,0.1905852417302799,0.40194120070753214,9414.475,10,2026-09-24T14:37:14.047481+00:00
Falcon3-7B-Base,belief_bank_constraints,mlp,2,25610,belief_bank_facts,420,16830,27416,8415,8415,7533,19883,117.5861,3073,0.18209268740974136,0.18412319129165008,0.5485847680186752,0.1831023102310231,0.397790208255264,9534.09,10,2026-09-24T14:37:14.047481+00:00
Falcon3-7B-Base,belief_bank_constraints,mlp,2,25610,belief_bank_facts,511,16830,27416,8415,8415,7533,19883,114.9232,3073,0.19439728353140917,0.1823974512146555,0.5676612197257076,0.18820628724059996,0.4145499446019135,9651.014,10,2026-09-24T14:37:14.047481+00:00
Falcon3-7B-Base,belief_bank_constraints,mlp,2,25610,belief_bank_facts,mean,0,0,0,0,0,0,113.09518,3073.0,0.1859974725824162,0.1876675959113235,0.5508790487306682,0.18669373539808878,0.40606143977580134,89742.907,10,2026-09-24T14:37:14.047481+00:00
Falcon3-7B-Base,belief_bank_constraints,mlp,2,25610,belief_bank_facts,std,0,0,0,0,0,0,2.375200092118556,0.0,0.006707196162536435,0.009138326709206173,0.01138185777570052,0.006082834434424686,0.009361376384726476,89742.907,10,2026-09-24T14:37:14.047481+00:00
Falcon3-7B-Base,belief_bank_constraints,mlp,2,25610,halu_eval,2,16830,10000,8415,8415,3259,6741,113.0002,3073,0.32622387632407673,0.6992942620435717,0.4313,0.44489995119570525,0.49723117919457027,9765.371,10,2026-09-24T14:37:14.047481+00:00
Falcon3-7B-Base,belief_bank_constraints,mlp,2,25610,halu_eval,4,16830,10000,8415,8415,3259,6741,112.8917,3073,0.3252355712603062,0.6778152807609696,0.4367,0.4395582529101582,0.49522284187037147,9879.564,10,2026-09-24T14:37:14.047481+00:00
Falcon3-7B-Base,belief_bank_constraints,mlp,2,25610,halu_eval,24,16830,10000,8415,8415,3259,6741,111.9645,3073,0.3288562137706772,0.7137158637618901,0.432,0.4502516453735966,0.49954881712659605,9992.85,10,2026-09-24T14:37:14.047481+00:00
Falcon3-7B-Base,belief_bank_constraints,mlp,2,25610,halu_eval,42,16830,10000,8415,8415,3259,6741,109.5835,3073,0.3256334873302534,0.7137158637618901,0.425,0.4472216881368968,0.4959052149994271,10103.773,10,2026-09-24T14:37:14.047481+00:00
Falcon3-7B-Base,belief_bank_constraints,mlp,2,25610,halu_eval,64,16830,10000,8415,8415,3259,6741,108.1868,3073,0.32757830404889227,0.6578705124271249,0.4484,0.43737250101999187,0.4987663707986725,10213.313,10,2026-09-24T14:37:14.047481+00:00
Falcon3-7B-Base,belief_bank_constraints,mlp,2,25610,halu_eval,67,16830,10000,8415,8415,3259,6741,110.3882,3073,0.32683679192372406,0.7152500767106474,0.4271,0.4486574920604369,0.49860336778518777,10325.083,10,2026-09-24T14:37:14.047481+00:00
Falcon3-7B-Base,belief_bank_constraints,mlp,2,25610,halu_eval,104,16830,10000,8415,8415,3259,6741,113.5591,3073,0.32996632996632996,0.7216937710954281,0.4317,0.45287378453836524,0.5012807412144402,10440.14,10,2026-09-24T14:37:14.047481+00:00
Falcon3-7B-Base,belief_bank_constraints,mlp,2,25610,halu_eval,123,16830,10000,8415,8415,3259,6741,108.08,3073,0.32536219235468666,0.5719545872967168,0.474,0.41477525589675124,0.4989556609499084,10549.74,10,2026-09-24T14:37:14.047481+00:00
Falcon3-7B-Base,belief_bank_constraints,mlp,2,25610,halu_eval,420,16830,10000,8415,8415,3259,6741,118.4642,3073,0.32761877088478863,0.6919300398895367,0.4368,0.44468546637744033,0.4965875653690562,10669.512,10,2026-09-24T14:37:14.047481+00:00
Falcon3-7B-Base,belief_bank_constraints,mlp,2,25610,halu_eval,511,16830,10000,8415,8415,3259,6741,112.0823,3073,0.32357777047024006,0.6038662166308684,0.4595,0.4213681618670378,0.49518164730818115,10783.062,10,2026-09-24T14:37:14.047481+00:00
Falcon3-7B-Base,belief_bank_constraints,mlp,2,25610,halu_eval,mean,0,0,0,0,0,0,111.82005,3073.0,0.3266889308333975,0.6767106474378644,0.44025,0.44016641993763805,0.49772834066164107,89742.907,10,2026-09-24T14:37:14.047481+00:00
Falcon3-7B-Base,belief_bank_constraints,mlp,2,25610,halu_eval,std,0,0,0,0,0,0,2.8989771062393728,0.0,0.0017887972237302912,0.04860607450328498,0.014924158267721503,0.011975615512932762,0.0019214232894302285,89742.907,10,2026-09-24T14:37:14.047481+00:00
Falcon3-7B-Base,belief_bank_constraints,mlp,3,25610,belief_bank_constraints,2,16830,7683,8415,8415,3606,4077,108.9847,3073,0.7403592181722134,0.7773155851358846,0.7675387218534426,0.7583874458874459,0.8351497266091411,10893.957,10,2026-09-24T14:37:14.047481+00:00
Falcon3-7B-Base,belief_bank_constraints,mlp,3,25610,belief_bank_constraints,4,16830,7683,8415,8415,3606,4077,114.8375,3073,0.7286050772049202,0.7720465890183028,0.7580372250423012,0.7496970512993133,0.8304882808487911,11010.138,10,2026-09-24T14:37:14.047481+00:00
Falcon3-7B-Base,belief_bank_constraints,mlp,3,25610,belief_bank_constraints,24,16830,7683,8415,8415,3606,4077,116.7638,3073,0.7255874673629242,0.7706600110926234,0.7555642327215931,0.7474448628294782,0.8286127105901361,11128.093,10,2026-09-24T14:37:14.047481+00:00
Falcon3-7B-Base,belief_bank_constraints,mlp,3,25610,belief_bank_constraints,42,16830,7683,8415,8415,3606,4077,112.3955,3073,0.7297011372652737,0.7651136993899057,0.7567356501366653,0.7469879518072289,0.826193868421135,11241.68,10,2026-09-24T14:37:14.047481+00:00
Falcon3-7B-Base,belief_bank_constraints,mlp,3,25610,belief_bank_constraints,64,16830,7683,8415,8415,3606,4077,107.2395,3073,0.7302981895633652,0.7606766500277315,0.7558245477027203,0.7451779407769628,0.826794582816555,11350.119,10,2026-09-24T14:37:14.047481+00:00
Falcon3-7B-Base,belief_bank_constraints,mlp,3,25610,belief_bank_constraints,67,16830,7683,8415,8415,3606,4077,106.9984,3073,0.7295364238410597,0.7637271214642263,0.756215020174411,0.746240346836472,0.8319845742610598,11458.311,10,2026-09-24T14:37:14.047481+00:00
Falcon3-7B-Base,belief_bank_constraints,mlp,3,25610,belief_bank_constraints,104,16830,7683,8415,8415,3606,4077,105.3286,3073,0.7221211333506629,0.7703826955074875,0.753091240400885,0.745471622165571,0.8252026199486834,11564.832,10,2026-09-24T14:37:14.047481+00:00
Falcon3-7B-Base,belief_bank_constraints,mlp,3,25610,belief_bank_constraints,123,16830,7683,8415,8415,3606,4077,104.2756,3073,0.7223387519664395,0.7640044370493622,0.7513991930235585,0.7425876010781671,0.8237670679682337,11670.316,10,2026-09-24T14:37:14.047481+00:00
Falcon3-7B-Base,belief_bank_constraints,mlp,3,25610,belief_bank_constraints,420,16830,7683,8415,8415,3606,4077,106.9237,3073,0.7287417218543046,0.7628951747088186,0.7554340752310296,0.7454274488551687,0.8285872712894636,11778.437,10,2026-09-24T14:37:14.047481+00:00
Falcon3-7B-Base,belief_bank_constraints,mlp,3,25610,belief_bank_constraints,511,16830,7683,8415,8415,3606,4077,101.1236,3073,0.7328021248339973,0.7651136993899057,0.7588181699856826,0.7486094152760819,0.8248052499098402,11880.747,10,2026-09-24T14:37:14.047481+00:00
Falcon3-7B-Base,belief_bank_constraints,mlp,3,25610,belief_bank_constraints,mean,0,0,0,0,0,0,108.48709,3073.0,0.729009124541516,0.7671935662784248,0.7568658076272289,0.7476031686811889,0.828158595266304,89742.907,10,2026-09-24T14:37:14.047481+00:00
Falcon3-7B-Base,belief_bank_constraints,mlp,3,25610,belief_bank_constraints,std,0,0,0,0,0,0,4.609831657761488,0.0,0.004995106411947677,0.004898762346713346,0.004104813162510552,0.004053063575768819,0.0033811294000899365,89742.907,10,2026-09-24T14:37:14.047481+00:00
Falcon3-7B-Base,belief_bank_constraints,mlp,3,25610,belief_bank_facts,2,16830,27416,8415,8415,7533,19883,108.2272,3073,0.14969983395069614,0.15558210540289394,0.5251677852348994,0.15258429891941153,0.3858994973241812,11990.876,10,2026-09-24T14:37:14.047481+00:00
Falcon3-7B-Base,belief_bank_constraints,mlp,3,25610,belief_bank_facts,4,16830,27416,8415,8415,7533,19883,114.8423,3073,0.15893089960886572,0.16182131952741272,0.5343959731543624,0.16036308623298035,0.39302088998151463,12107.635,10,2026-09-24T14:37:14.047481+00:00
Falcon3-7B-Base,belief_bank_constraints,mlp,3,25610,belief_bank_facts,24,16830,27416,8415,8415,7533,19883,120.2944,3073,0.16770624926444627,0.18916766228594187,0.5192588269623577,0.17779164067373673,0.4011120838132332,12229.855,10,2026-09-24T14:37:14.047481+00:00
Falcon3-7B-Base,belief_bank_constraints,mlp,3,25610,belief_bank_facts,42,16830,27416,8415,8415,7533,19883,110.4288,3073,0.17546640653578832,0.1910261515996283,0.5310767435074409,0.18291597813651964,0.40386712286790105,12342.205,10,2026-09-24T14:37:14.047481+00:00
Falcon3-7B-Base,belief_bank_constraints,mlp,3,25610,belief_bank_facts,64,16830,27416,8415,8415,7533,19883,107.4103,3073,0.16172334441319355,0.16792778441523962,0.5322074700904581,0.1647671768153696,0.3911180485489657,12451.547,10,2026-09-24T14:37:14.047481+00:00
Falcon3-7B-Base,belief_bank_constraints,mlp,3,25610,belief_bank_facts,67,16830,27416,8415,8415,7533,19883,117.0982,3073,0.16071893722323521,0.16381255807779105,0.535198424277794,0.162251002563934,0.40323856528032676,12570.58,10,2026-09-24T14:37:14.047481+00:00
Falcon3-7B-Base,belief_bank_constraints,mlp,3,25610,belief_bank_facts,104,16830,27416,8415,8415,7533,19883,118.0759,3073,0.16609480238912186,0.17350325235629896,0.5335570469798657,0.1697182184131931,0.4013445835891192,12690.632,10,2026-09-24T14:37:14.047481+00:00
Falcon3-7B-Base,belief_bank_constraints,mlp,3,25610,belief_bank_facts,123,16830,27416,8415,8415,7533,19883,111.6846,3073,0.18722466960352424,0.22567370237621134,0.5180551502772104,0.2046590019863962,0.41381275670424533,12804.292,10,2026-09-24T14:37:14.047481+00:00
Falcon3-7B-Base,belief_bank_constraints,mlp,3,25610,belief_bank_facts,420,16830,27416,8415,8415,7533,19883,109.4645,3073,0.16323713927227101,0.17270675693614762,0.5294353662095127,0.1678384828742824,0.3978903226647693,12915.696,10,2026-09-24T14:37:14.047481+00:00
Falcon3-7B-Base,belief_bank_constraints,mlp,3,25610,belief_bank_facts,511,16830,27416,8415,8415,7533,19883,108.9508,3073,0.18806637636812992,0.21213328023363864,0.5318791946308725,0.19937616968184654,0.41084722702013604,13026.592,10,2026-09-24T14:37:14.047481+00:00
Falcon3-7B-Base,belief_bank_constraints,mlp,3,25610,belief_bank_facts,mean,0,0,0,0,0,0,112.64770000000001,3073.0,0.16788686586292723,0.18133545732112039,0.5290231981324773,0.174226505629767,0.40021510977943925,89742.907,10,2026-09-24T14:37:14.047481+00:00
Falcon3-7B-Base,belief_bank_constraints,mlp,3,25610,belief_bank_facts,std,0,0,0,0,0,0,4.349513596024273,0.0,0.011678280972532231,0.021763021769437268,0.005837331380850743,0.016129048729145175,0.00816915780120152,89742.907,10,2026-09-24T14:37:14.047481+00:00
Falcon3-7B-Base,belief_bank_constraints,mlp,3,25610,halu_eval,2,16830,10000,8415,8415,3259,6741,108.0831,3073,0.3293668954996186,0.6624731512733968,0.4504,0.439983696759731,0.5022139232248979,13135.952,10,2026-09-24T14:37:14.047481+00:00
Falcon3-7B-Base,belief_bank_constraints,mlp,3,25610,halu_eval,4,16830,10000,8415,8415,3259,6741,117.6412,3073,0.32929075836659505,0.6581773550168764,0.4517,0.4389644940141205,0.49897539337279184,13254.886,10,2026-09-24T14:37:14.047481+00:00
Falcon3-7B-Base,belief_bank_constraints,mlp,3,25610,halu_eval,24,16830,10000,8415,8415,3259,6741,120.7409,3073,0.32970636458488595,0.678735808530224,0.4456,0.4438202247191011,0.5027464255296312,13376.908,10,2026-09-24T14:37:14.047481+00:00
Falcon3-7B-Base,belief_bank_constraints,mlp,3,25610,halu_eval,42,16830,10000,8415,8415,3259,6741,114.2527,3073,0.327556914712878,0.5915925130408101,0.4711,0.4216511755057408,0.5027213901603442,13492.436,10,2026-09-24T14:37:14.047481+00:00
Falcon3-7B-Base,belief_bank_constraints,mlp,3,25610,halu_eval,64,16830,10000,8415,8415,3259,6741,108.1629,3073,0.32935127778617873,0.6683031604786744,0.4484,0.4412479740680713,0.5028434717247581,13601.845,10,2026-09-24T14:37:14.047481+00:00
Falcon3-7B-Base,belief_bank_constraints,mlp,3,25610,halu_eval,67,16830,10000,8415,8415,3259,6741,115.8893,3073,0.3267357352713778,0.6483583921448297,0.45,0.43450544931112484,0.4999282850467062,13718.987,10,2026-09-24T14:37:14.047481+00:00
Falcon3-7B-Base,belief_bank_constraints,mlp,3,25610,halu_eval,104,16830,10000,8415,8415,3259,6741,122.0033,3073,0.3276265730172666,0.6870205584535134,0.4385,0.44367383334984645,0.5017587802112613,13842.369,10,2026-09-24T14:37:14.047481+00:00
Falcon3-7B-Base,belief_bank_constraints,mlp,3,25610,halu_eval,123,16830,10000,8415,8415,3259,6741,117.9525,3073,0.3287733012627781,0.6710647437864375,0.4463,0.44132781757643025,0.4992965061230368,13961.745,10,2026-09-24T14:37:14.047481+00:00
Falcon3-7B-Base,belief_bank_constraints,mlp,3,25610,halu_eval,420,16830,10000,8415,8415,3259,6741,117.6891,3073,0.3299967180833607,0.617060447990181,0.4669,0.4300224526889768,0.5015794814483134,14080.798,10,2026-09-24T14:37:14.047481+00:00
Falcon3-7B-Base,belief_bank_constraints,mlp,3,25610,halu_eval,511,16830,10000,8415,8415,3259,6741,120.3607,3073,0.33112094395280234,0.6888616139920221,0.4451,0.447255702759239,0.5046906040301755,14202.483,10,2026-09-24T14:37:14.047481+00:00
Falcon3-7B-Base,belief_bank_constraints,mlp,3,25610,halu_eval,mean,0,0,0,0,0,0,116.27757,3073.0,0.3289525482537742,0.6571647744706965,0.4514,0.4382452820752382,0.5016754260871916,89742.907,10,2026-09-24T14:37:14.047481+00:00
Falcon3-7B-Base,belief_bank_constraints,mlp,3,25610,halu_eval,std,0,0,0,0,0,0,4.618252953671983,0.0,0.0012432987232843958,0.029484699079190692,0.009519138616492567,0.007216370390530414,0.001703078988432574,89742.907,10,2026-09-24T14:37:14.047481+00:00
Falcon3-7B-Base,belief_bank_constraints,mlp,4,25610,belief_bank_constraints,2,16830,7683,8415,8415,3606,4077,109.576,3073,0.7435488161745145,0.7750970604547975,0.768970454249642,0.7589952477936185,0.8381375860770027,14314.131,10,2026-09-24T14:37:14.047481+00:00
Falcon3-7B-Base,belief_bank_constraints,mlp,4,25610,belief_bank_constraints,4,16830,7683,8415,8415,3606,4077,113.4656,3073,0.7373235755358076,0.7823072656683305,0.7670180918911883,0.7591496232508074,0.8391645788074845,14428.904,10,2026-09-24T14:37:14.047481+00:00
Falcon3-7B-Base,belief_bank_constraints,mlp,4,25610,belief_bank_constraints,24,16830,7683,8415,8415,3606,4077,110.6301,3073,0.7314092563702548,0.7800887409872435,0.7623324222308994,0.7549651100375738,0.8371490243756115,14540.823,10,2026-09-24T14:37:14.047481+00:00
Falcon3-7B-Base,belief_bank_constraints,mlp,4,25610,belief_bank_constraints,42,16830,7683,8415,8415,3606,4077,118.7576,3073,0.7382143797735053,0.7773155851358846,0.7661069894572433,0.7572605700391734,0.8347324948703079,14660.864,10,2026-09-24T14:37:14.047481+00:00
Falcon3-7B-Base,belief_bank_constraints,mlp,4,25610,belief_bank_constraints,64,16830,7683,8415,8415,3606,4077,111.7729,3073,0.7307488050982475,0.7631724902939545,0.756865807627229,0.7466087900162778,0.8316374026283558,14773.896,10,2026-09-24T14:37:14.047481+00:00
Falcon3-7B-Base,belief_bank_constraints,mlp,4,25610,belief_bank_constraints,67,16830,7683,8415,8415,3606,4077,112.6332,3073,0.7365079365079366,0.7720465890183028,0.763373682155408,0.7538586515028433,0.8409246179105463,14887.833,10,2026-09-24T14:37:14.047481+00:00
Falcon3-7B-Base,belief_bank_constraints,mlp,4,25610,belief_bank_constraints,104,16830,7683,8415,8415,3606,4077,115.7919,3073,0.7307986731309007,0.7942318358291736,0.7661069894572433,0.7611960132890365,0.8368217144428977,15004.947,10,2026-09-24T14:37:14.047481+00:00
Falcon3-7B-Base,belief_bank_constraints,mlp,4,25610,belief_bank_constraints,123,16830,7683,8415,8415,3606,4077,114.7899,3073,0.7308900523560209,0.7742651136993899,0.7602499023818821,0.7519525989765689,0.8325669573957013,15121.048,10,2026-09-24T14:37:14.047481+00:00
Falcon3-7B-Base,belief_bank_constraints,mlp,4,25610,belief_bank_constraints,420,16830,7683,8415,8415,3606,4077,113.7549,3073,0.7345319936541512,0.7703826955074875,0.7615514772875179,0.7520303194369248,0.8349839290278881,15236.081,10,2026-09-24T14:37:14.047481+00:00
Falcon3-7B-Base,belief_bank_constraints,mlp,4,25610,belief_bank_constraints,511,16830,7683,8415,8415,3606,4077,116.0951,3073,0.7349841938883035,0.7737104825291181,0.7628530521931537,0.7538503107268306,0.8333414276562745,15353.491,10,2026-09-24T14:37:14.047481+00:00
Falcon3-7B-Base,belief_bank_constraints,mlp,4,25610,belief_bank_constraints,mean,0,0,0,0,0,0,113.72672,3073.0,0.7348957682489643,0.7762617859123683,0.7635428868931408,0.7549867235069655,0.835945973319207,89742.907,10,2026-09-24T14:37:14.047481+00:00
Falcon3-7B-Base,belief_bank_constraints,mlp,4,25610,belief_bank_constraints,std,0,0,0,0,0,0,2.6117811132635143,0.0,0.003958622529298824,0.007814987398214554,0.0034065723930870114,0.004096634139691061,0.0028517887611161368,89742.907,10,2026-09-24T14:37:14.047481+00:00
Falcon3-7B-Base,belief_bank_constraints,mlp,4,25610,belief_bank_facts,2,16830,27416,8415,8415,7533,19883,109.7252,3073,0.15342902711323764,0.12770476569759723,0.5667128683980157,0.13938998768383684,0.37919685262996683,15465.268,10,2026-09-24T14:37:14.047481+00:00
Falcon3-7B-Base,belief_bank_constraints,mlp,4,25610,belief_bank_facts,4,16830,27416,8415,8415,7533,19883,112.8693,3073,0.15409885023144693,0.13699721226602948,0.5562445287423402,0.14504567814476457,0.38208292505582186,15580.216,10,2026-09-24T14:37:14.047481+00:00
Falcon3-7B-Base,belief_bank_constraints,mlp,4,25610,belief_bank_facts,24,16830,27416,8415,8415,7533,19883,111.4246,3073,0.15335815749551787,0.14761715120138058,0.541873358622702,0.15043290043290045,0.3757955665493796,15693.735,10,2026-09-24T14:37:14.047481+00:00
Falcon3-7B-Base,belief_bank_constraints,mlp,4,25610,belief_bank_facts,42,16830,27416,8415,8415,7533,19883,119.8329,3073,0.14162162162162162,0.12173105004646223,0.5559527283338197,0.13092518560822386,0.3797972686879602,15815.805,10,2026-09-24T14:37:14.047481+00:00
Falcon3-7B-Base,belief_bank_constraints,mlp,4,25610,belief_bank_facts,64,16830,27416,8415,8415,7533,19883,112.0459,3073,0.16235840836479815,0.14841364662153192,0.555624452874234,0.15507316734863721,0.39030791299952994,15930.022,10,2026-09-24T14:37:14.047481+00:00
Falcon3-7B-Base,belief_bank_constraints,mlp,4,25610,belief_bank_facts,67,16830,27416,8415,8415,7533,19883,112.1593,3073,0.15413863702837086,0.13991769547325103,0.5527064487890283,0.1466842947602811,0.3869527850363228,16044.297,10,2026-09-24T14:37:14.047481+00:00
Falcon3-7B-Base,belief_bank_constraints,mlp,4,25610,belief_bank_facts,104,16830,27416,8415,8415,7533,19883,115.9735,3073,0.17007534983853606,0.14682065578122927,0.5687189962065947,0.15759475634083783,0.38875908733554454,16162.335,10,2026-09-24T14:37:14.047481+00:00
Falcon3-7B-Base,belief_bank_constraints,mlp,4,25610,belief_bank_facts,123,16830,27416,8415,8415,7533,19883,114.9657,3073,0.16568494185168403,0.14562591265100225,0.5637583892617449,0.1550091846827752,0.392167954603994,16279.336,10,2026-09-24T14:37:14.047481+00:00
Falcon3-7B-Base,belief_bank_constraints,mlp,4,25610,belief_bank_facts,420,16830,27416,8415,8415,7533,19883,116.4475,3073,0.15518744551002617,0.11814682065578123,0.5809746133644587,0.13415737111848056,0.39404682733163304,16397.809,10,2026-09-24T14:37:14.047481+00:00
Falcon3-7B-Base,belief_bank_constraints,mlp,4,25610,belief_bank_facts,511,16830,27416,8415,8415,7533,19883,114.8369,3073,0.16047024246877295,0.1449621664675428,0.5566822293551211,0.15232249965127634,0.3862010623557609,16514.811,10,2026-09-24T14:37:14.047481+00:00
Falcon3-7B-Base,belief_bank_constraints,mlp,4,25610,belief_bank_facts,mean,0,0,0,0,0,0,114.02808,3073.0,0.15704226815240122,0.1377937076861808,0.5599248613948059,0.1466635025772014,0.38553082425859136,89742.907,10,2026-09-24T14:37:14.047481+00:00
Falcon3-7B-Base,belief_bank_constraints,mlp,4,25610,belief_bank_facts,std,0,0,0,0,0,0,2.809351173064698,0.0,0.007546714867704413,0.010744490649945712,0.010087095411505457,0.008750528786827985,0.00576145264760552,89742.907,10,2026-09-24T14:37:14.047481+00:00
Falcon3-7B-Base,belief_bank_constraints,mlp,4,25610,halu_eval,2,16830,10000,8415,8415,3259,6741,107.9135,3073,0.3180231489987139,0.531144522859773,0.476,0.39783957710871065,0.4868529034132266,16624.177,10,2026-09-24T14:37:14.047481+00:00
Falcon3-7B-Base,belief_bank_constraints,mlp,4,25610,halu_eval,4,16830,10000,8415,8415,3259,6741,113.9024,3073,0.32429378531073444,0.6164467628106781,0.4564,0.4250052887666596,0.4928819665637622,16739.479,10,2026-09-24T14:37:14.047481+00:00
Falcon3-7B-Base,belief_bank_constraints,mlp,4,25610,halu_eval,24,16830,10000,8415,8415,3259,6741,111.3545,3073,0.31915237787123907,0.6054004295796257,0.4505,0.417964198707764,0.48772998343705487,16852.171,10,2026-09-24T14:37:14.047481+00:00
Falcon3-7B-Base,belief_bank_constraints,mlp,4,25610,halu_eval,42,16830,10000,8415,8415,3259,6741,118.7218,3073,0.3213806070373355,0.7342743172752378,0.4081,0.4470808033629145,0.4908874214520979,16972.293,10,2026-09-24T14:37:14.047481+00:00
Falcon3-7B-Base,belief_bank_constraints,mlp,4,25610,halu_eval,64,16830,10000,8415,8415,3259,6741,112.7662,3073,0.32264262488915163,0.6698373734274318,0.4341,0.43551122194513714,0.49339753585508694,17086.422,10,2026-09-24T14:37:14.047481+00:00
Falcon3-7B-Base,belief_bank_constraints,mlp,4,25610,halu_eval,67,16830,10000,8415,8415,3259,6741,111.4451,3073,0.32405151409676297,0.5713409021172139,0.4719,0.4135480288728484,0.49130756046758606,17199.203,10,2026-09-24T14:37:14.047481+00:00
Falcon3-7B-Base,belief_bank_constraints,mlp,4,25610,halu_eval,104,16830,10000,8415,8415,3259,6741,114.7285,3073,0.32616675406397483,0.5725682724762197,0.4752,0.4155902004454343,0.49395220584135247,17315.291,10,2026-09-24T14:37:14.047481+00:00
Falcon3-7B-Base,belief_bank_constraints,mlp,4,25610,halu_eval,123,16830,10000,8415,8415,3259,6741,114.7588,3073,0.323943661971831,0.5998772629640994,0.4616,0.42070152786744136,0.49423487792002874,17431.406,10,2026-09-24T14:37:14.047481+00:00
Falcon3-7B-Base,belief_bank_constraints,mlp,4,25610,halu_eval,420,16830,10000,8415,8415,3259,6741,115.7328,3073,0.3236501901140684,0.6529610309911016,0.4422,0.4327842180191174,0.4942981718854714,17548.474,10,2026-09-24T14:37:14.047481+00:00
Falcon3-7B-Base,belief_bank_constraints,mlp,4,25610,halu_eval,511,16830,10000,8415,8415,3259,6741,115.2191,3073,0.32444865376809634,0.7358085302239951,0.4146,0.4503286384976526,0.493507054216004,17665.054,10,2026-09-24T14:37:14.047481+00:00
Falcon3-7B-Base,belief_bank_constraints,mlp,4,25610,halu_eval,mean,0,0,0,0,0,0,113.65427,3073.0,0.32277533181219076,0.6289659404725376,0.44905999999999996,0.425635370359368,0.49190496810516715,89742.907,10,2026-09-24T14:37:14.047481+00:00
Falcon3-7B-Base,belief_bank_constraints,mlp,4,25610,halu_eval,std,0,0,0,0,0,0,2.807113249603585,0.0,0.0024091154184674533,0.06509993673361567,0.022978259290033255,0.015236484567534183,0.0025581673619562823,89742.907,10,2026-09-24T14:37:14.047481+00:00
Falcon3-7B-Base,belief_bank_constraints,mlp,5,25610,belief_bank_constraints,2,16830,7683,8415,8415,3606,4077,130.9051,3073,0.7300613496932515,0.7590127565169162,0.7551737602499023,0.7442556084296397,0.8195098622182989,17798.266,10,2026-09-24T14:37:14.047481+00:00
Falcon3-7B-Base,belief_bank_constraints,mlp,5,25610,belief_bank_constraints,4,16830,7683,8415,8415,3606,4077,116.4902,3073,0.724011521340665,0.766777592900721,0.7533515553820123,0.7447811447811448,0.8189850235980123,17916.078,10,2026-09-24T14:37:14.047481+00:00
Falcon3-7B-Base,belief_bank_constraints,mlp,5,25610,belief_bank_constraints,24,16830,7683,8415,8415,3606,4077,120.6595,3073,0.7211113996364581,0.7701053799223516,0.7523102954575036,0.7448035402977069,0.8186296556130865,18038.061,10,2026-09-24T14:37:14.047481+00:00
Falcon3-7B-Base,belief_bank_constraints,mlp,5,25610,belief_bank_constraints,42,16830,7683,8415,8415,3606,4077,118.5416,3073,0.7124967388468563,0.7573488630061009,0.7426786411557985,0.7342384729130259,0.8138372382659865,18157.882,10,2026-09-24T14:37:14.047481+00:00
Falcon3-7B-Base,belief_bank_constraints,mlp,5,25610,belief_bank_constraints,64,16830,7683,8415,8415,3606,4077,123.3649,3073,0.7231016903675879,0.7473655019412091,0.7471039958349603,0.7350334106095732,0.8176686418175033,18282.515,10,2026-09-24T14:37:14.047481+00:00
Falcon3-7B-Base,belief_bank_constraints,mlp,5,25610,belief_bank_constraints,67,16830,7683,8415,8415,3606,4077,122.7123,3073,0.7167630057803468,0.7565169162506933,0.7454119484576337,0.7361036157582299,0.8167589487501482,18406.558,10,2026-09-24T14:37:14.047481+00:00
Falcon3-7B-Base,belief_bank_constraints,mlp,5,25610,belief_bank_constraints,104,16830,7683,8415,8415,3606,4077,118.2228,3073,0.7152813629323697,0.7684414864115363,0.7477547832877782,0.740909090909091,0.816231933505205,18526.14,10,2026-09-24T14:37:14.047481+00:00
Falcon3-7B-Base,belief_bank_constraints,mlp,5,25610,belief_bank_constraints,123,16830,7683,8415,8415,3606,4077,115.4942,3073,0.7104037267080745,0.7612312811980033,0.7422881686841077,0.7349397590361446,0.8154776650422244,18643.008,10,2026-09-24T14:37:14.047481+00:00
Falcon3-7B-Base,belief_bank_constraints,mlp,5,25610,belief_bank_constraints,420,16830,7683,8415,8415,3606,4077,117.3298,3073,0.7202521670606777,0.7603993344425957,0.7489262007028504,0.7397814649939296,0.8180380558334153,18761.656,10,2026-09-24T14:37:14.047481+00:00
Falcon3-7B-Base,belief_bank_constraints,mlp,5,25610,belief_bank_constraints,511,16830,7683,8415,8415,3606,4077,111.4819,3073,0.7199262963937878,0.7584581253466445,0.748145255759469,0.7386900742741391,0.8166515799370166,18874.415,10,2026-09-24T14:37:14.047481+00:00
Falcon3-7B-Base,belief_bank_constraints,mlp,5,25610,belief_bank_constraints,mean,0,0,0,0,0,0,119.52023000000001,3073.0,0.7193409258760075,0.7605657237936772,0.7483144604972016,0.7393536182002625,0.8171788604580896,89742.907,10,2026-09-24T14:37:14.047481+00:00
Falcon3-7B-Base,belief_bank_constraints,mlp,5,25610,belief_bank_constraints,std,0,0,0,0,0,0,5.033167717859202,0.0,0.005522997765918318,0.006324011520559122,0.004087463313732015,0.004013796409411367,0.0016489460121869404,89742.907,10,2026-09-24T14:37:14.047481+00:00
Falcon3-7B-Base,belief_bank_constraints,mlp,5,25610,belief_bank_facts,2,16830,27416,8415,8415,7533,19883,129.8184,3073,0.201961271102284,0.21598300809770343,0.5500802451123431,0.2087369298864584,0.4244007418173963,19006.32,10,2026-09-24T14:37:14.047481+00:00
Falcon3-7B-Base,belief_bank_constraints,mlp,5,25610,belief_bank_facts,4,16830,27416,8415,8415,7533,19883,116.9587,3073,0.1930933852140078,0.21080578786671977,0.5411073825503355,0.2015612108903979,0.4240699035861849,19125.344,10,2026-09-24T14:37:14.047481+00:00
Falcon3-7B-Base,belief_bank_constraints,mlp,5,25610,belief_bank_facts,24,16830,27416,8415,8415,7533,19883,121.9424,3073,0.21034077555816685,0.21385902031063322,0.5633936387510943,0.21208530805687204,0.4427523573638561,19249.31,10,2026-09-24T14:37:14.047481+00:00
Falcon3-7B-Base,belief_bank_constraints,mlp,5,25610,belief_bank_facts,42,16830,27416,8415,8415,7533,19883,117.9189,3073,0.20050958236401906,0.24027611841231913,0.5280128392179749,0.21859903381642512,0.41368661054531275,19369.24,10,2026-09-24T14:37:14.047481+00:00
Falcon3-7B-Base,belief_bank_constraints,mlp,5,25610,belief_bank_facts,64,16830,27416,8415,8415,7533,19883,122.8375,3073,0.19829400686828405,0.23762113367848134,0.5265538371753721,0.21618357487922704,0.418571596180681,19494.148,10,2026-09-24T14:37:14.047481+00:00
Falcon3-7B-Base,belief_bank_constraints,mlp,5,25610,belief_bank_facts,67,16830,27416,8415,8415,7533,19883,123.2021,3073,0.20486815415821502,0.20111509358821186,0.5660198424277794,0.2029742765273312,0.43206787651475453,19619.373,10,2026-09-24T14:37:14.047481+00:00
Falcon3-7B-Base,belief_bank_constraints,mlp,5,25610,belief_bank_facts,104,16830,27416,8415,8415,7533,19883,117.3836,3073,0.20173374613003095,0.2162485065710872,0.5495331193463671,0.20873910814966684,0.42852508160392616,19738.817,10,2026-09-24T14:37:14.047481+00:00
Falcon3-7B-Base,belief_bank_constraints,mlp,5,25610,belief_bank_facts,123,16830,27416,8415,8415,7533,19883,114.5145,3073,0.17592592592592593,0.16646754281162884,0.5567187044061862,0.17106609371802742,0.40040264353049704,19855.359,10,2026-09-24T14:37:14.047481+00:00
Falcon3-7B-Base,belief_bank_constraints,mlp,5,25610,belief_bank_facts,420,16830,27416,8415,8415,7533,19883,119.2866,3073,0.18846419525673497,0.21731050046462233,0.5278304639626495,0.20186201368765028,0.40953599197813517,19976.676,10,2026-09-24T14:37:14.047481+00:00
Falcon3-7B-Base,belief_bank_constraints,mlp,5,25610,belief_bank_facts,511,16830,27416,8415,8415,7533,19883,110.3146,3073,0.1958277254374159,0.19315013938669853,0.5603662095126933,0.19447971663436478,0.43334151941385984,20089.018,10,2026-09-24T14:37:14.047481+00:00
Falcon3-7B-Base,belief_bank_constraints,mlp,5,25610,belief_bank_facts,mean,0,0,0,0,0,0,119.41772999999998,3073.0,0.19710187680150842,0.21128368511881054,0.5469616282462795,0.2036287266246421,0.42273543225346033,89742.907,10,2026-09-24T14:37:14.047481+00:00
Falcon3-7B-Base,belief_bank_constraints,mlp,5,25610,belief_bank_facts,std,0,0,0,0,0,0,5.098244975292969,0.0,0.009134587929807371,0.020161475788253745,0.014492261211833802,0.012873660971081136,0.011876583607146923,89742.907,10,2026-09-24T14:37:14.047481+00:00
Falcon3-7B-Base,belief_bank_constraints,mlp,5,25610,halu_eval,2,16830,10000,8415,8415,3259,6741,123.5163,3073,0.3293872980323148,0.631788892298251,0.4608,0.4330178759200841,0.508304414067893,20213.858,10,2026-09-24T14:37:14.047481+00:00
Falcon3-7B-Base,belief_bank_constraints,mlp,5,25610,halu_eval,4,16830,10000,8415,8415,3259,6741,108.1869,3073,0.32965647652064295,0.6419146977600491,0.4579,0.4356064549713691,0.503420787340515,20323.328,10,2026-09-24T14:37:14.047481+00:00
Falcon3-7B-Base,belief_bank_constraints,mlp,5,25610,halu_eval,24,16830,10000,8415,8415,3259,6741,112.0978,3073,0.3288405575126359,0.6587910401963792,0.4506,0.4387004495300368,0.5067661044223433,20436.663,10,2026-09-24T14:37:14.047481+00:00
Falcon3-7B-Base,belief_bank_constraints,mlp,5,25610,halu_eval,42,16830,10000,8415,8415,3259,6741,109.6073,3073,0.3283242258652095,0.6637005216324026,0.4479,0.43932162079821263,0.506055828236246,20547.51,10,2026-09-24T14:37:14.047481+00:00
Falcon3-7B-Base,belief_bank_constraints,mlp,5,25610,halu_eval,64,16830,10000,8415,8415,3259,6741,114.6588,3073,0.3280055594162613,0.5793188094507518,0.4761,0.41885745978924016,0.5077844977260829,20663.39,10,2026-09-24T14:37:14.047481+00:00
Falcon3-7B-Base,belief_bank_constraints,mlp,5,25610,halu_eval,67,16830,10000,8415,8415,3259,6741,109.4678,3073,0.3303094119552892,0.6256520405032219,0.4646,0.4323579304495335,0.5071689462735968,20774.091,10,2026-09-24T14:37:14.047481+00:00
Falcon3-7B-Base,belief_bank_constraints,mlp,5,25610,halu_eval,104,16830,10000,8415,8415,3259,6741,106.7965,3073,0.3322463768115942,0.562749309604173,0.4889,0.41781524091582184,0.5109141920000706,20882.122,10,2026-09-24T14:37:14.047481+00:00
Falcon3-7B-Base,belief_bank_constraints,mlp,5,25610,halu_eval,123,16830,10000,8415,8415,3259,6741,108.2206,3073,0.33105696104299237,0.6544952439398588,0.4564,0.4397031539888683,0.5062853115349008,20991.57,10,2026-09-24T14:37:14.047481+00:00
Falcon3-7B-Base,belief_bank_constraints,mlp,5,25610,halu_eval,420,16830,10000,8415,8415,3259,6741,108.3623,3073,0.3277031904143208,0.6965326787358085,0.4354,0.4457097977616336,0.5017172670170982,21101.161,10,2026-09-24T14:37:14.047481+00:00
Falcon3-7B-Base,belief_bank_constraints,mlp,5,25610,halu_eval,511,16830,10000,8415,8415,3259,6741,106.5147,3073,0.33125541125541125,0.5869898741945382,0.4792,0.42351117998671683,0.5047477757098563,21208.926,10,2026-09-24T14:37:14.047481+00:00
Falcon3-7B-Base,belief_bank_constraints,mlp,5,25610,halu_eval,mean,0,0,0,0,0,0,110.74289999999999,3073.0,0.32967854688266723,0.6301933108315434,0.46177999999999997,0.4324601164111517,0.5063165124328602,89742.907,10,2026-09-24T14:37:14.047481+00:00
Falcon3-7B-Base,belief_bank_constraints,mlp,5,25610,halu_eval,std,0,0,0,0,0,0,4.850354415916429,0.0,0.0014387811844500822,0.04011990035469312,0.015200249997944115,0.008965750061661455,0.0024544309809325033,89742.907,10,2026-09-24T14:37:14.047481+00:00
Falcon3-7B-Base,belief_bank_constraints,mlp,6,25610,belief_bank_constraints,2,16830,7683,8415,8415,3606,4077,99.8132,3073,0.7121495327102804,0.7396006655574043,0.7374723415332552,0.7256155625085022,0.8031781712843078,21311.194,10,2026-09-24T14:37:14.047481+00:00
Falcon3-7B-Base,belief_bank_constraints,mlp,6,25610,belief_bank_constraints,4,16830,7683,8415,8415,3606,4077,111.5859,3073,0.7120622568093385,0.7612312811980033,0.7434595860991801,0.7358262967430639,0.8044891795226962,21423.985,10,2026-09-24T14:37:14.047481+00:00
Falcon3-7B-Base,belief_bank_constraints,mlp,6,25610,belief_bank_constraints,24,16830,7683,8415,8415,3606,4077,107.2964,3073,0.710395391463734,0.752357182473655,0.7398151763633997,0.7307744107744107,0.8045039397586476,21532.493,10,2026-09-24T14:37:14.047481+00:00
Falcon3-7B-Base,belief_bank_constraints,mlp,6,25610,belief_bank_constraints,42,16830,7683,8415,8415,3606,4077,103.7251,3073,0.7058359621451105,0.7445923460898503,0.7344787192502928,0.7246963562753036,0.7973758341063752,21637.428,10,2026-09-24T14:37:14.047481+00:00
Falcon3-7B-Base,belief_bank_constraints,mlp,6,25610,belief_bank_constraints,64,16830,7683,8415,8415,3606,4077,104.5355,3073,0.711282597126131,0.7412645590682196,0.7373421840426917,0.7259641499185225,0.8003408730251043,21743.166,10,2026-09-24T14:37:14.047481+00:00
Falcon3-7B-Base,belief_bank_constraints,mlp,6,25610,belief_bank_constraints,67,16830,7683,8415,8415,3606,4077,112.4844,3073,0.7094898228918848,0.7443150305047144,0.7369517115710009,0.7264853160102855,0.8017861517969874,21856.846,10,2026-09-24T14:37:14.047481+00:00
Falcon3-7B-Base,belief_bank_constraints,mlp,6,25610,belief_bank_constraints,104,16830,7683,8415,8415,3606,4077,113.727,3073,0.701600413009809,0.7537437603993344,0.7339580892880385,0.7267379679144385,0.7988481166279023,21971.753,10,2026-09-24T14:37:14.047481+00:00
Falcon3-7B-Base,belief_bank_constraints,mlp,6,25610,belief_bank_constraints,123,16830,7683,8415,8415,3606,4077,113.57,3073,0.7038199895342753,0.7459789240155297,0.7334374593257842,0.7242864835756596,0.798310354298718,22086.509,10,2026-09-24T14:37:14.047481+00:00
Falcon3-7B-Base,belief_bank_constraints,mlp,6,25610,belief_bank_constraints,420,16830,7683,8415,8415,3606,4077,107.3857,3073,0.7092838196286472,0.7415418746533555,0.7360406091370558,0.7250542299349241,0.7982259080639998,22195.098,10,2026-09-24T14:37:14.047481+00:00
Falcon3-7B-Base,belief_bank_constraints,mlp,6,25610,belief_bank_constraints,511,16830,7683,8415,8415,3606,4077,109.2826,3073,0.7099038211593449,0.7573488630061009,0.7408564362879083,0.7328592513081981,0.8006356016074917,22305.573,10,2026-09-24T14:37:14.047481+00:00
Falcon3-7B-Base,belief_bank_constraints,mlp,6,25610,belief_bank_constraints,mean,0,0,0,0,0,0,108.34058,3073.0,0.7085823606478555,0.7481974486966168,0.7373812312898607,0.7278300024963309,0.8007694130092231,89742.907,10,2026-09-24T14:37:14.047481+00:00
Falcon3-7B-Base,belief_bank_constraints,mlp,6,25610,belief_bank_constraints,std,0,0,0,0,0,0,4.420980756755225,0.0,0.0034270252127004777,0.007077797853201279,0.0030435987072212783,0.0037332379413588307,0.0025008983157916447,89742.907,10,2026-09-24T14:37:14.047481+00:00
Falcon3-7B-Base,belief_bank_constraints,mlp,6,25610,belief_bank_facts,2,16830,27416,8415,8415,7533,19883,100.0469,3073,0.19236386396828709,0.24478959245984336,0.5101035891450248,0.21543314445937262,0.433701640859482,22407.535,10,2026-09-24T14:37:14.047481+00:00
Falcon3-7B-Base,belief_bank_constraints,mlp,6,25610,belief_bank_facts,4,16830,27416,8415,8415,7533,19883,110.0913,3073,0.22383985441310283,0.326563122262047,0.5038298803618325,0.2656157209955191,0.44811139257314253,22519.539,10,2026-09-24T14:37:14.047481+00:00
Falcon3-7B-Base,belief_bank_constraints,mlp,6,25610,belief_bank_facts,24,16830,27416,8415,8415,7533,19883,110.2082,3073,0.21344632768361582,0.25076330811097836,0.5402319813247739,0.23060489531831777,0.45465276593947423,22631.691,10,2026-09-24T14:37:14.047481+00:00
Falcon3-7B-Base,belief_bank_constraints,mlp,6,25610,belief_bank_facts,42,16830,27416,8415,8415,7533,19883,106.3992,3073,0.21285185600538298,0.25195805124120535,0.5384447038225854,0.2307598784194529,0.44746482173602875,22740.136,10,2026-09-24T14:37:14.047481+00:00
Falcon3-7B-Base,belief_bank_constraints,mlp,6,25610,belief_bank_facts,64,16830,27416,8415,8415,7533,19883,106.0019,3073,0.19094704460558118,0.23071817337050313,0.5200248030347242,0.20895701833483618,0.43095960098822905,22848.093,10,2026-09-24T14:37:14.047481+00:00
Falcon3-7B-Base,belief_bank_constraints,mlp,6,25610,belief_bank_facts,67,16830,27416,8415,8415,7533,19883,114.0332,3073,0.2037525652301378,0.27678215850258864,0.504085205719288,0.23471800067544749,0.4407622104244117,22964.099,10,2026-09-24T14:37:14.047481+00:00
Falcon3-7B-Base,belief_bank_constraints,mlp,6,25610,belief_bank_facts,104,16830,27416,8415,8415,7533,19883,115.2478,3073,0.20356999598876854,0.2694809504845347,0.5095929384301138,0.23193373321908026,0.4374402580864686,23081.264,10,2026-09-24T14:37:14.047481+00:00
Falcon3-7B-Base,belief_bank_constraints,mlp,6,25610,belief_bank_facts,123,16830,27416,8415,8415,7533,19883,114.4175,3073,0.19441984056687334,0.23310765963095711,0.5238911584476218,0.21201328101418654,0.4325810137719305,23197.631,10,2026-09-24T14:37:14.047481+00:00
Falcon3-7B-Base,belief_bank_constraints,mlp,6,25610,belief_bank_facts,420,16830,27416,8415,8415,7533,19883,109.016,3073,0.20658010348530703,0.2808973848400372,0.5059819083746717,0.23807380738073808,0.43536767949934435,23308.636,10,2026-09-24T14:37:14.047481+00:00
Falcon3-7B-Base,belief_bank_constraints,mlp,6,25610,belief_bank_facts,511,16830,27416,8415,8415,7533,19883,110.2674,3073,0.1931792685663002,0.2285941855834329,0.5257149110008754,0.20939989055754848,0.4440812584763839,23420.894,10,2026-09-24T14:37:14.047481+00:00
Falcon3-7B-Base,belief_bank_constraints,mlp,6,25610,belief_bank_facts,mean,0,0,0,0,0,0,109.57293999999999,3073.0,0.20349507205133568,0.25936545864861277,0.5181901079661511,0.22775093703744992,0.4405122642354895,89742.907,10,2026-09-24T14:37:14.047481+00:00
Falcon3-7B-Base,belief_bank_constraints,mlp,6,25610,belief_bank_facts,std,0,0,0,0,0,0,4.365808246407532,0.0,0.010393309451072256,0.02860620074762901,0.012969545982593068,0.016470920436541723,0.0074517478648153486,89742.907,10,2026-09-24T14:37:14.047481+00:00
Falcon3-7B-Base,belief_bank_constraints,mlp,6,25610,halu_eval,2,16830,10000,8415,8415,3259,6741,94.8277,3073,0.331524197195839,0.6747468548634551,0.4506,0.4446016983420946,0.5089655526519079,23517.022,10,2026-09-24T14:37:14.047481+00:00
Falcon3-7B-Base,belief_bank_constraints,mlp,6,25610,halu_eval,4,16830,10000,8415,8415,3259,6741,110.2508,3073,0.328490832157969,0.7146363915311446,0.4309,0.4500917963088221,0.505233097723197,23628.532,10,2026-09-24T14:37:14.047481+00:00
Falcon3-7B-Base,belief_bank_constraints,mlp,6,25610,halu_eval,24,16830,10000,8415,8415,3259,6741,114.2931,3073,0.328027781797135,0.6956121509665542,0.4364,0.44582104228121927,0.5077943525578114,23744.1,10,2026-09-24T14:37:14.047481+00:00
Falcon3-7B-Base,belief_bank_constraints,mlp,6,25610,halu_eval,42,16830,10000,8415,8415,3259,6741,114.541,3073,0.33030440708768743,0.6692236882479288,0.45,0.44230379233421213,0.5062492150842743,23860.028,10,2026-09-24T14:37:14.047481+00:00
Falcon3-7B-Base,belief_bank_constraints,mlp,6,25610,halu_eval,64,16830,10000,8415,8415,3259,6741,112.6278,3073,0.3289911709364597,0.6974532065050629,0.4378,0.4470889063729347,0.5057171224492202,23974.259,10,2026-09-24T14:37:14.047481+00:00
Falcon3-7B-Base,belief_bank_constraints,mlp,6,25610,halu_eval,67,16830,10000,8415,8415,3259,6741,124.1884,3073,0.3279862503580636,0.7026695305308377,0.4339,0.4472219509813495,0.5058359266562,24099.749,10,2026-09-24T14:37:14.047481+00:00
Falcon3-7B-Base,belief_bank_constraints,mlp,6,25610,halu_eval,104,16830,10000,8415,8415,3259,6741,124.2899,3073,0.331352393189849,0.6330162626572569,0.4641,0.43500263574064313,0.5082561413240224,24225.417,10,2026-09-24T14:37:14.047481+00:00
Falcon3-7B-Base,belief_bank_constraints,mlp,6,25610,halu_eval,123,16830,10000,8415,8415,3259,6741,123.8014,3073,0.327911074962722,0.7422522246087757,0.4202,0.4548702519744265,0.5014129962425553,24350.582,10,2026-09-24T14:37:14.047481+00:00
Falcon3-7B-Base,belief_bank_constraints,mlp,6,25610,halu_eval,420,16830,10000,8415,8415,3259,6741,118.7819,3073,0.32943645083932854,0.6744400122737035,0.4465,0.4426543147719263,0.5017101888354178,24470.691,10,2026-09-24T14:37:14.047481+00:00
Falcon3-7B-Base,belief_bank_constraints,mlp,6,25610,halu_eval,511,16830,10000,8415,8415,3259,6741,119.6623,3073,0.3292251027057657,0.7131021785823872,0.433,0.45047489823609227,0.5036944011673947,24591.67,10,2026-09-24T14:37:14.047481+00:00
Falcon3-7B-Base,belief_bank_constraints,mlp,6,25610,halu_eval,mean,0,0,0,0,0,0,115.72642999999998,3073.0,0.3293249661230819,0.6917152500767106,0.44034000000000006,0.4460131287343721,0.5054868994692001,89742.907,10,2026-09-24T14:37:14.047481+00:00
Falcon3-7B-Base,belief_bank_constraints,mlp,6,25610,halu_eval,std,0,0,0,0,0,0,8.454411223503387,0.0,0.0012731817606439412,0.02871005612490696,0.011887489221866826,0.005156654863357033,0.002449238903549939,89742.907,10,2026-09-24T14:37:14.047481+00:00
Falcon3-7B-Base,belief_bank_constraints,mlp,7,25610,belief_bank_constraints,2,16830,7683,8415,8415,3606,4077,120.5011,3073,0.7154966887417219,0.7490293954520244,0.7424183261746714,0.7318791491667795,0.807489656611613,24714.594,10,2026-09-24T14:37:14.047481+00:00
Falcon3-7B-Base,belief_bank_constraints,mlp,7,25610,belief_bank_constraints,4,16830,7683,8415,8415,3606,4077,115.3037,3073,0.710587626197256,0.7612312811980033,0.7424183261746714,0.7350381577185701,0.8087250271431896,24831.156,10,2026-09-24T14:37:14.047481+00:00
Falcon3-7B-Base,belief_bank_constraints,mlp,7,25610,belief_bank_constraints,24,16830,7683,8415,8415,3606,4077,115.4564,3073,0.7122207621550591,0.7515252357182474,0.7408564362879083,0.7313452975306977,0.8092237462675989,24947.885,10,2026-09-24T14:37:14.047481+00:00
Falcon3-7B-Base,belief_bank_constraints,mlp,7,25610,belief_bank_constraints,42,16830,7683,8415,8415,3606,4077,117.3377,3073,0.7131578947368421,0.7515252357182474,0.7415072237407263,0.7318390494193897,0.799954998285228,25066.521,10,2026-09-24T14:37:14.047481+00:00
Falcon3-7B-Base,belief_bank_constraints,mlp,7,25610,belief_bank_constraints,64,16830,7683,8415,8415,3606,4077,114.3025,3073,0.7088204038257173,0.7398779811425402,0.7352596641936744,0.7240162822252374,0.7985681482814664,25182.131,10,2026-09-24T14:37:14.047481+00:00
Falcon3-7B-Base,belief_bank_constraints,mlp,7,25610,belief_bank_constraints,67,16830,7683,8415,8415,3606,4077,115.4263,3073,0.7113672079622839,0.7531891292290627,0.7407262787973448,0.7316810344827587,0.8068978527733804,25299.124,10,2026-09-24T14:37:14.047481+00:00
Falcon3-7B-Base,belief_bank_constraints,mlp,7,25610,belief_bank_constraints,104,16830,7683,8415,8415,3606,4077,114.6836,3073,0.7033307513555384,0.7554076539101497,0.735650136665365,0.7284396309667068,0.8009394448056282,25415.112,10,2026-09-24T14:37:14.047481+00:00
Falcon3-7B-Base,belief_bank_constraints,mlp,7,25610,belief_bank_constraints,123,16830,7683,8415,8415,3606,4077,111.0256,3073,0.7098878163318549,0.7545757071547421,0.7400754913445269,0.7315499395079984,0.8061237566201698,25527.413,10,2026-09-24T14:37:14.047481+00:00
Falcon3-7B-Base,belief_bank_constraints,mlp,7,25610,belief_bank_constraints,420,16830,7683,8415,8415,3606,4077,124.7269,3073,0.7104635761589404,0.7437603993344426,0.7374723415332552,0.7267307952851917,0.7960557792717585,25653.459,10,2026-09-24T14:37:14.047481+00:00
Falcon3-7B-Base,belief_bank_constraints,mlp,7,25610,belief_bank_constraints,511,16830,7683,8415,8415,3606,4077,113.1146,3073,0.7157497303128371,0.7359955629506378,0.7389040739294547,0.7257314738856987,0.7973755960380534,25767.876,10,2026-09-24T14:37:14.047481+00:00
Falcon3-7B-Base,belief_bank_constraints,mlp,7,25610,belief_bank_constraints,mean,0,0,0,0,0,0,116.18784000000001,3073.0,0.711108245777805,0.7496117581808098,0.7395288298841598,0.7298250810189029,0.8031354006098086,89742.907,10,2026-09-24T14:37:14.047481+00:00
Falcon3-7B-Base,belief_bank_constraints,mlp,7,25610,belief_bank_constraints,std,0,0,0,0,0,0,3.6966113877982902,0.0,0.003379457904431203,0.007266991280656998,0.0024899233404135383,0.0032584663646617394,0.004790105453477334,89742.907,10,2026-09-24T14:37:14.047481+00:00
Falcon3-7B-Base,belief_bank_constraints,mlp,7,25610,belief_bank_facts,2,16830,27416,8415,8415,7533,19883,114.0334,3073,0.19332318983263225,0.2867383512544803,0.47526991537788155,0.23094194376135999,0.41464113250488277,25883.942,10,2026-09-24T14:37:14.047481+00:00
Falcon3-7B-Base,belief_bank_constraints,mlp,7,25610,belief_bank_facts,4,16830,27416,8415,8415,7533,19883,121.7542,3073,0.1938562481359976,0.2588610115491836,0.5005836008170411,0.22169167803547066,0.41391187297408943,26007.869,10,2026-09-24T14:37:14.047481+00:00
Falcon3-7B-Base,belief_bank_constraints,mlp,7,25610,belief_bank_facts,24,16830,27416,8415,8415,7533,19883,119.4948,3073,0.20184870779098282,0.28408336652064253,0.4946381674934345,0.23600771987868763,0.4210717023540319,26129.512,10,2026-09-24T14:37:14.047481+00:00
Falcon3-7B-Base,belief_bank_constraints,mlp,7,25610,belief_bank_facts,42,16830,27416,8415,8415,7533,19883,116.9807,3073,0.2111896123734963,0.29364131156245854,0.5045593813831339,0.2456822346865108,0.41662892263295304,26248.814,10,2026-09-24T14:37:14.047481+00:00
Falcon3-7B-Base,belief_bank_constraints,mlp,7,25610,belief_bank_facts,64,16830,27416,8415,8415,7533,19883,113.9055,3073,0.18935779816513762,0.27399442453205897,0.47822439451415233,0.22394618347528888,0.4113147469580091,26364.798,10,2026-09-24T14:37:14.047481+00:00
Falcon3-7B-Base,belief_bank_constraints,mlp,7,25610,belief_bank_facts,67,16830,27416,8415,8415,7533,19883,119.2441,3073,0.18279143536875495,0.24478959245984336,0.4917931135103589,0.2092957266897452,0.4061301558495267,26486.228,10,2026-09-24T14:37:14.047481+00:00
Falcon3-7B-Base,belief_bank_constraints,mlp,7,25610,belief_bank_facts,104,16830,27416,8415,8415,7533,19883,114.5962,3073,0.18778085859068744,0.26071950086287005,0.4870148818208345,0.21831925300133392,0.40576655593725885,26602.917,10,2026-09-24T14:37:14.047481+00:00
Falcon3-7B-Base,belief_bank_constraints,mlp,7,25610,belief_bank_facts,123,16830,27416,8415,8415,7533,19883,113.7498,3073,0.18102247861547643,0.24160361077923803,0.4912824627954479,0.20697105816796496,0.40456372086542997,26718.643,10,2026-09-24T14:37:14.047481+00:00
Falcon3-7B-Base,belief_bank_constraints,mlp,7,25610,belief_bank_facts,420,16830,27416,8415,8415,7533,19883,122.519,3073,0.18251928020565553,0.2262046993229789,0.5090093376130727,0.2020273875155611,0.4076929154096533,26843.188,10,2026-09-24T14:37:14.047481+00:00
Falcon3-7B-Base,belief_bank_constraints,mlp,7,25610,belief_bank_facts,511,16830,27416,8415,8415,7533,19883,114.7693,3073,0.1835150800668042,0.24797557414044868,0.49022468631456084,0.2109304426377597,0.4058677953402955,26960.268,10,2026-09-24T14:37:14.047481+00:00
Falcon3-7B-Base,belief_bank_constraints,mlp,7,25610,belief_bank_facts,mean,0,0,0,0,0,0,117.10470000000001,3073.0,0.19072046891456249,0.2618611442984203,0.4922599941639918,0.2205813627849683,0.41075895208261304,89742.907,10,2026-09-24T14:37:14.047481+00:00
Falcon3-7B-Base,belief_bank_constraints,mlp,7,25610,belief_bank_facts,std,0,0,0,0,0,0,3.22346498135159,0.0,0.009197970949409492,0.021086011776982255,0.010125421617816968,0.01320240922067892,0.005330902120436855,89742.907,10,2026-09-24T14:37:14.047481+00:00
Falcon3-7B-Base,belief_bank_constraints,mlp,7,25610,halu_eval,2,16830,10000,8415,8415,3259,6741,117.5182,3073,0.3279737745863253,0.6446762810678122,0.4537,0.4347646145887222,0.5008810174046343,27079.144,10,2026-09-24T14:37:14.047481+00:00
Falcon3-7B-Base,belief_bank_constraints,mlp,7,25610,halu_eval,4,16830,10000,8415,8415,3259,6741,120.7722,3073,0.31923929098966025,0.53053083768027,0.4783,0.39861671469740634,0.4924052931325388,27201.267,10,2026-09-24T14:37:14.047481+00:00
Falcon3-7B-Base,belief_bank_constraints,mlp,7,25610,halu_eval,24,16830,10000,8415,8415,3259,6741,118.7601,3073,0.32394571720414417,0.6811905492482356,0.4328,0.43908227848101267,0.49977850526009043,27321.369,10,2026-09-24T14:37:14.047481+00:00
Falcon3-7B-Base,belief_bank_constraints,mlp,7,25610,halu_eval,42,16830,10000,8415,8415,3259,6741,116.8617,3073,0.32215080733657314,0.6305615219392452,0.4472,0.4264370201286574,0.4962920342143371,27439.551,10,2026-09-24T14:37:14.047481+00:00
Falcon3-7B-Base,belief_bank_constraints,mlp,7,25610,halu_eval,64,16830,10000,8415,8415,3259,6741,119.1926,3073,0.3247620637836033,0.5968088370665848,0.4642,0.42063148788927335,0.4959772030658404,27560.105,10,2026-09-24T14:37:14.047481+00:00
Falcon3-7B-Base,belief_bank_constraints,mlp,7,25610,halu_eval,67,16830,10000,8415,8415,3259,6741,117.5933,3073,0.32488412514484355,0.6882479288125192,0.4323,0.44140509692020075,0.4957491308516364,27679.048,10,2026-09-24T14:37:14.047481+00:00
Falcon3-7B-Base,belief_bank_constraints,mlp,7,25610,halu_eval,104,16830,10000,8415,8415,3259,6741,114.4001,3073,0.32838283828382836,0.6716784289659404,0.4453,0.44110831234256925,0.5023977738731705,27794.807,10,2026-09-24T14:37:14.047481+00:00
Falcon3-7B-Base,belief_bank_constraints,mlp,7,25610,halu_eval,123,16830,10000,8415,8415,3259,6741,110.5384,3073,0.3255265639735932,0.6354710033752685,0.4521,0.4305165783182621,0.4968550796696004,27906.676,10,2026-09-24T14:37:14.047481+00:00
Falcon3-7B-Base,belief_bank_constraints,mlp,7,25610,halu_eval,420,16830,10000,8415,8415,3259,6741,117.4178,3073,0.3272673906662753,0.6842589751457502,0.4387,0.44276779509580066,0.4978083354943409,28025.376,10,2026-09-24T14:37:14.047481+00:00
Falcon3-7B-Base,belief_bank_constraints,mlp,7,25610,halu_eval,511,16830,10000,8415,8415,3259,6741,112.5467,3073,0.3218390804597701,0.6701442160171832,0.4323,0.4348432055749129,0.4941634815987077,28139.305,10,2026-09-24T14:37:14.047481+00:00
Falcon3-7B-Base,belief_bank_constraints,mlp,7,25610,halu_eval,mean,0,0,0,0,0,0,116.56011000000001,3073.0,0.3245971652428617,0.6433568579318809,0.44769,0.43101731040368174,0.4972307854564897,89742.907,10,2026-09-24T14:37:14.047481+00:00
Falcon3-7B-Base,belief_bank_constraints,mlp,7,25610,halu_eval,std,0,0,0,0,0,0,2.9892768826089027,0.0,0.002766932129538619,0.046651185268965424,0.014308420597676038,0.012729593453819021,0.0029039509268046926,89742.907,10,2026-09-24T14:37:14.047481+00:00
Falcon3-7B-Base,belief_bank_constraints,mlp,8,25610,belief_bank_constraints,2,16830,7683,8415,8415,3606,4077,110.5338,3073,0.7253465864504316,0.7689961175818081,0.7549134452687752,0.746533853816126,0.8185909865156743,28252.819,10,2026-09-24T14:37:14.047481+00:00
Falcon3-7B-Base,belief_bank_constraints,mlp,8,25610,belief_bank_constraints,4,16830,7683,8415,8415,3606,4077,115.8255,3073,0.7310636051728688,0.7681641708264004,0.7585578550045555,0.7491548343475322,0.8171461158609142,28369.931,10,2026-09-24T14:37:14.047481+00:00
Falcon3-7B-Base,belief_bank_constraints,mlp,8,25610,belief_bank_constraints,24,16830,7683,8415,8415,3606,4077,114.8491,3073,0.7183428869202709,0.7645590682196339,0.7487960432122869,0.7407307898979043,0.8137322161263127,28486.069,10,2026-09-24T14:37:14.047481+00:00
Falcon3-7B-Base,belief_bank_constraints,mlp,8,25610,belief_bank_constraints,42,16830,7683,8415,8415,3606,4077,119.0168,3073,0.719435736677116,0.7637271214642263,0.7493166731745412,0.7409200968523002,0.811277799748083,28606.375,10,2026-09-24T14:37:14.047481+00:00
Falcon3-7B-Base,belief_bank_constraints,mlp,8,25610,belief_bank_constraints,64,16830,7683,8415,8415,3606,4077,113.7145,3073,0.7269087026161238,0.7551303383250139,0.7519198229858128,0.7407508161044614,0.8163335546688532,28721.437,10,2026-09-24T14:37:14.047481+00:00
Falcon3-7B-Base,belief_bank_constraints,mlp,8,25610,belief_bank_constraints,67,16830,7683,8415,8415,3606,4077,117.5099,3073,0.7233986236103759,0.7579034941763727,0.7503579330990499,0.7402491874322861,0.8118532108818718,28840.207,10,2026-09-24T14:37:14.047481+00:00
Falcon3-7B-Base,belief_bank_constraints,mlp,8,25610,belief_bank_constraints,104,16830,7683,8415,8415,3606,4077,114.3749,3073,0.7149179901067431,0.7615085967831392,0.7455421059481974,0.7374781791325365,0.8149443920013941,28955.828,10,2026-09-24T14:37:14.047481+00:00
Falcon3-7B-Base,belief_bank_constraints,mlp,8,25610,belief_bank_constraints,123,16830,7683,8415,8415,3606,4077,113.5858,3073,0.720126615668689,0.757071547420965,0.7478849407783418,0.7381370826010545,0.8089934661808984,29070.692,10,2026-09-24T14:37:14.047481+00:00
Falcon3-7B-Base,belief_bank_constraints,mlp,8,25610,belief_bank_constraints,420,16830,7683,8415,8415,3606,4077,108.723,3073,0.7247754886423666,0.7609539656128674,0.7521801379669399,0.7424242424242424,0.8139539257534285,29180.68,10,2026-09-24T14:37:14.047481+00:00
Falcon3-7B-Base,belief_bank_constraints,mlp,8,25610,belief_bank_constraints,511,16830,7683,8415,8415,3606,4077,114.4291,3073,0.7256613756613757,0.7606766500277315,0.7527007679291943,0.7427565664771189,0.8130529051749389,29296.391,10,2026-09-24T14:37:14.047481+00:00
Falcon3-7B-Base,belief_bank_constraints,mlp,8,25610,belief_bank_constraints,mean,0,0,0,0,0,0,114.25624,3073.0,0.7229977611526361,0.7618691070438158,0.7512169725367694,0.7419135649085562,0.8139878572912369,89742.907,10,2026-09-24T14:37:14.047481+00:00
Falcon3-7B-Base,belief_bank_constraints,mlp,8,25610,belief_bank_constraints,std,0,0,0,0,0,0,2.851728109129622,0.0,0.004518497318638526,0.00433189668350903,0.0035311801551823033,0.0033940688578377493,0.002745293420499568,89742.907,10,2026-09-24T14:37:14.047481+00:00
Falcon3-7B-Base,belief_bank_constraints,mlp,8,25610,belief_bank_facts,2,16830,27416,8415,8415,7533,19883,112.4674,3073,0.19404027470608776,0.221292977565379,0.5334840968777357,0.20677251302406352,0.42060318761475723,29410.897,10,2026-09-24T14:37:14.047481+00:00
Falcon3-7B-Base,belief_bank_constraints,mlp,8,25610,belief_bank_facts,4,16830,27416,8415,8415,7533,19883,116.3733,3073,0.19186591654946086,0.21731050046462233,0.5334476218266706,0.20379707438530967,0.4375168744856868,29529.261,10,2026-09-24T14:37:14.047481+00:00
Falcon3-7B-Base,belief_bank_constraints,mlp,8,25610,belief_bank_facts,24,16830,27416,8415,8415,7533,19883,112.6917,3073,0.19826925183481214,0.24027611841231913,0.5242923840093376,0.2172608330332493,0.427760439858183,29643.959,10,2026-09-24T14:37:14.047481+00:00
Falcon3-7B-Base,belief_bank_constraints,mlp,8,25610,belief_bank_facts,42,16830,27416,8415,8415,7533,19883,115.647,3073,0.17977386934673367,0.18996415770609318,0.539283629997082,0.18472858710385334,0.4238950054820567,29761.657,10,2026-09-24T14:37:14.047481+00:00
Falcon3-7B-Base,belief_bank_constraints,mlp,8,25610,belief_bank_facts,64,16830,27416,8415,8415,7533,19883,112.5294,3073,0.18056528848399905,0.20523031992566043,0.5257149110008754,0.19210935073004037,0.4139125406260368,29876.24,10,2026-09-24T14:37:14.047481+00:00
Falcon3-7B-Base,belief_bank_constraints,mlp,8,25610,belief_bank_facts,67,16830,27416,8415,8415,7533,19883,108.4897,3073,0.17238680827277808,0.20469932297889287,0.5114531660344325,0.1871586357567666,0.41410339561170667,29986.722,10,2026-09-24T14:37:14.047481+00:00
Falcon3-7B-Base,belief_bank_constraints,mlp,8,25610,belief_bank_facts,104,16830,27416,8415,8415,7533,19883,117.3583,3073,0.18235441767068272,0.19288464091331475,0.5405967318354246,0.18747177601445067,0.4243028306593172,30106.019,10,2026-09-24T14:37:14.047481+00:00
Falcon3-7B-Base,belief_bank_constraints,mlp,8,25610,belief_bank_facts,123,16830,27416,8415,8415,7533,19883,107.3165,3073,0.18003255561584372,0.22023098367184388,0.5101400641960899,0.19811320754716982,0.42456328836049845,30215.249,10,2026-09-24T14:37:14.047481+00:00
Falcon3-7B-Base,belief_bank_constraints,mlp,8,25610,belief_bank_facts,420,16830,27416,8415,8415,7533,19883,106.5207,3073,0.18563080096253007,0.21505376344086022,0.5250948351327692,0.1992619926199262,0.4216777033205649,30323.669,10,2026-09-24T14:37:14.047481+00:00
Falcon3-7B-Base,belief_bank_constraints,mlp,8,25610,belief_bank_facts,511,16830,27416,8415,8415,7533,19883,107.8663,3073,0.18189271492152728,0.20615956458250365,0.5271009629413481,0.19326737601891605,0.42845252452854776,30433.433,10,2026-09-24T14:37:14.047481+00:00
Falcon3-7B-Base,belief_bank_constraints,mlp,8,25610,belief_bank_facts,mean,0,0,0,0,0,0,111.72603,3073.0,0.18468118983644552,0.21131023496614895,0.5270608403851765,0.19699413462337456,0.4236787790547355,89742.907,10,2026-09-24T14:37:14.047481+00:00
Falcon3-7B-Base,belief_bank_constraints,mlp,8,25610,belief_bank_facts,std,0,0,0,0,0,0,3.777987608515941,0.0,0.007427809066235011,0.014037916379501534,0.009787343730373977,0.009667663072613783,0.006577925089502536,89742.907,10,2026-09-24T14:37:14.047481+00:00
Falcon3-7B-Base,belief_bank_constraints,mlp,8,25610,halu_eval,2,16830,10000,8415,8415,3259,6741,100.9858,3073,0.3302155992390615,0.639153114452286,0.4599,0.43545521061983905,0.49978474134298545,30535.666,10,2026-09-24T14:37:14.047481+00:00
Falcon3-7B-Base,belief_bank_constraints,mlp,8,25610,halu_eval,4,16830,10000,8415,8415,3259,6741,108.5399,3073,0.325085910652921,0.5805461798097576,0.4705,0.4167859896464368,0.4986202552797432,30645.436,10,2026-09-24T14:37:14.047481+00:00
Falcon3-7B-Base,belief_bank_constraints,mlp,8,25610,halu_eval,24,16830,10000,8415,8415,3259,6741,105.5731,3073,0.32998018594726414,0.6643142068119054,0.451,0.4409368635437882,0.4996287254734746,30752.243,10,2026-09-24T14:37:14.047481+00:00
Falcon3-7B-Base,belief_bank_constraints,mlp,8,25610,halu_eval,42,16830,10000,8415,8415,3259,6741,114.734,3073,0.32907153729071537,0.6633936790426511,0.4495,0.43992267779021266,0.49714191672334895,30868.215,10,2026-09-24T14:37:14.047481+00:00
Falcon3-7B-Base,belief_bank_constraints,mlp,8,25610,halu_eval,64,16830,10000,8415,8415,3259,6741,105.4822,3073,0.3249419746473844,0.5584535133476527,0.478,0.4108352144469526,0.49682886081012906,30974.932,10,2026-09-24T14:37:14.047481+00:00
Falcon3-7B-Base,belief_bank_constraints,mlp,8,25610,halu_eval,67,16830,10000,8415,8415,3259,6741,103.8926,3073,0.3277336591325596,0.6584841976066278,0.4485,0.4376465789742021,0.49806151135611176,31080.062,10,2026-09-24T14:37:14.047481+00:00
Falcon3-7B-Base,belief_bank_constraints,mlp,8,25610,halu_eval,104,16830,10000,8415,8415,3259,6741,103.775,3073,0.32888824467314104,0.696225836146057,0.438,0.4467414845442016,0.500843031921598,31185.066,10,2026-09-24T14:37:14.047481+00:00
Falcon3-7B-Base,belief_bank_constraints,mlp,8,25610,halu_eval,123,16830,10000,8415,8415,3259,6741,105.1967,3073,0.3247004252029378,0.5154955507824486,0.4927,0.3984347207399502,0.4968942941616745,31291.499,10,2026-09-24T14:37:14.047481+00:00
Falcon3-7B-Base,belief_bank_constraints,mlp,8,25610,halu_eval,420,16830,10000,8415,8415,3259,6741,104.1773,3073,0.3274233396308676,0.6913163547100337,0.4366,0.4443786982248521,0.4963978200292877,31396.911,10,2026-09-24T14:37:14.047481+00:00
Falcon3-7B-Base,belief_bank_constraints,mlp,8,25610,halu_eval,511,16830,10000,8415,8415,3259,6741,103.6137,3073,0.3278181537034173,0.6505062902730899,0.4514,0.4359448899856056,0.502039176347275,31501.753,10,2026-09-24T14:37:14.047481+00:00
Falcon3-7B-Base,belief_bank_constraints,mlp,8,25610,halu_eval,mean,0,0,0,0,0,0,105.59702999999999,3073.0,0.32758590301202695,0.631788892298251,0.45761,0.43070823285160403,0.4986240333445629,89742.907,10,2026-09-24T14:37:14.047481+00:00
Falcon3-7B-Base,belief_bank_constraints,mlp,8,25610,halu_eval,std,0,0,0,0,0,0,3.54621312840895,0.0,0.001954983281773303,0.05691892821663977,0.01695714893488879,0.015368539253643416,0.0018063108392470408,89742.907,10,2026-09-24T14:37:14.047481+00:00
Falcon3-7B-Base,belief_bank_constraints,mlp,9,25610,belief_bank_constraints,2,16830,7683,8415,8415,3606,4077,109.369,3073,0.7268896497234659,0.7653910149750416,0.7549134452687752,0.745643657976496,0.8212487132407207,31613.152,10,2026-09-24T14:37:14.047481+00:00
Falcon3-7B-Base,belief_bank_constraints,mlp,9,25610,belief_bank_constraints,4,16830,7683,8415,8415,3606,4077,104.8778,3073,0.729287598944591,0.7665002773155851,0.756865807627229,0.7474310438074635,0.8233353820812912,31719.213,10,2026-09-24T14:37:14.047481+00:00
Falcon3-7B-Base,belief_bank_constraints,mlp,9,25610,belief_bank_constraints,24,16830,7683,8415,8415,3606,4077,109.0216,3073,0.7193798449612403,0.7720465890183028,0.7516595080046856,0.7447833065810594,0.8188209605145323,31829.42,10,2026-09-24T14:37:14.047481+00:00
Falcon3-7B-Base,belief_bank_constraints,mlp,9,25610,belief_bank_constraints,42,16830,7683,8415,8415,3606,4077,108.7618,3073,0.7254746835443038,0.7628951747088186,0.7532213978914487,0.7437145174371452,0.8161448345091868,31939.366,10,2026-09-24T14:37:14.047481+00:00
Falcon3-7B-Base,belief_bank_constraints,mlp,9,25610,belief_bank_constraints,64,16830,7683,8415,8415,3606,4077,115.211,3073,0.719674355495251,0.7354409317803661,0.7413770662501626,0.7274722260320944,0.8132312523577265,32055.764,10,2026-09-24T14:37:14.047481+00:00
Falcon3-7B-Base,belief_bank_constraints,mlp,9,25610,belief_bank_constraints,67,16830,7683,8415,8415,3606,4077,98.847,3073,0.7285867237687366,0.754853022739878,0.7529610829103215,0.7414873331517298,0.8198772696583556,32155.794,10,2026-09-24T14:37:14.047481+00:00
Falcon3-7B-Base,belief_bank_constraints,mlp,9,25610,belief_bank_constraints,104,16830,7683,8415,8415,3606,4077,111.9039,3073,0.7150037697914049,0.7889628397115918,0.7533515553820123,0.7501647989452868,0.8235940943275666,32268.883,10,2026-09-24T14:37:14.047481+00:00
Falcon3-7B-Base,belief_bank_constraints,mlp,9,25610,belief_bank_constraints,123,16830,7683,8415,8415,3606,4077,106.0958,3073,0.7230034491907668,0.7556849694952856,0.7494468306651048,0.7389830508474576,0.8138054731499064,32376.161,10,2026-09-24T14:37:14.047481+00:00
Falcon3-7B-Base,belief_bank_constraints,mlp,9,25610,belief_bank_constraints,420,16830,7683,8415,8415,3606,4077,103.1011,3073,0.7179757511860833,0.7554076539101497,0.745932578419888,0.7362162162162162,0.8097964706303273,32480.45,10,2026-09-24T14:37:14.047481+00:00
Falcon3-7B-Base,belief_bank_constraints,mlp,9,25610,belief_bank_constraints,511,16830,7683,8415,8415,3606,4077,110.6275,3073,0.7293650793650793,0.7645590682196339,0.7563451776649747,0.7465475223395613,0.8206134789386398,32592.262,10,2026-09-24T14:37:14.047481+00:00
Falcon3-7B-Base,belief_bank_constraints,mlp,9,25610,belief_bank_constraints,mean,0,0,0,0,0,0,107.78164999999998,3073.0,0.7234640905970924,0.7621741541874654,0.7516074450084602,0.742244367333451,0.8180467929408254,89742.907,10,2026-09-24T14:37:14.047481+00:00
Falcon3-7B-Base,belief_bank_constraints,mlp,9,25610,belief_bank_constraints,std,0,0,0,0,0,0,4.453255581313519,0.0,0.004936673683150353,0.013063418586615977,0.004583022491564643,0.006277569386078957,0.004386289634930047,89742.907,10,2026-09-24T14:37:14.047481+00:00
Falcon3-7B-Base,belief_bank_constraints,mlp,9,25610,belief_bank_facts,2,16830,27416,8415,8415,7533,19883,110.388,3073,0.22219631615761248,0.37953006770211073,0.46447330026262035,0.2802941176470588,0.4553206281971891,32704.561,10,2026-09-24T14:37:14.047481+00:00
Falcon3-7B-Base,belief_bank_constraints,mlp,9,25610,belief_bank_facts,4,16830,27416,8415,8415,7533,19883,103.8404,3073,0.2294467242111221,0.4305057745917961,0.4462722497811497,0.2993492407809111,0.4567569545080457,32810.322,10,2026-09-24T14:37:14.047481+00:00
Falcon3-7B-Base,belief_bank_constraints,mlp,9,25610,belief_bank_facts,24,16830,27416,8415,8415,7533,19883,109.9379,3073,0.21466804394778852,0.3034647550776583,0.503574555004377,0.25145748542514573,0.4487065775781285,32922.18,10,2026-09-24T14:37:14.047481+00:00
Falcon3-7B-Base,belief_bank_constraints,mlp,9,25610,belief_bank_facts,42,16830,27416,8415,8415,7533,19883,112.2021,3073,0.21279302198800654,0.31089871233240407,0.4946381674934345,0.2526565618426021,0.452750535408457,33036.286,10,2026-09-24T14:37:14.047481+00:00
Falcon3-7B-Base,belief_bank_constraints,mlp,9,25610,belief_bank_facts,64,16830,27416,8415,8415,7533,19883,114.3387,3073,0.22132631232516045,0.3570954467011815,0.4781514444120222,0.27327678163254937,0.45204066115195507,33152.526,10,2026-09-24T14:37:14.047481+00:00
Falcon3-7B-Base,belief_bank_constraints,mlp,9,25610,belief_bank_facts,67,16830,27416,8415,8415,7533,19883,98.2421,3073,0.20836463811670422,0.331342094782955,0.47038225853516197,0.25584255842558423,0.44064480382946997,33252.67,10,2026-09-24T14:37:14.047481+00:00
Falcon3-7B-Base,belief_bank_constraints,mlp,9,25610,belief_bank_facts,104,16830,27416,8415,8415,7533,19883,112.0211,3073,0.2262530539720145,0.40568166733041283,0.45550043770061277,0.2904942965779468,0.45564211262461796,33366.588,10,2026-09-24T14:37:14.047481+00:00
Falcon3-7B-Base,belief_bank_constraints,mlp,9,25610,belief_bank_facts,123,16830,27416,8415,8415,7533,19883,111.1248,3073,0.2291950886766712,0.4014336917562724,0.4645827254158156,0.2917933130699088,0.45441959183512143,33479.604,10,2026-09-24T14:37:14.047481+00:00
Falcon3-7B-Base,belief_bank_constraints,mlp,9,25610,belief_bank_facts,420,16830,27416,8415,8415,7533,19883,105.5664,3073,0.23148224778614582,0.3712996150272136,0.48854683396556753,0.28517536704730834,0.4615451005667103,33587.07,10,2026-09-24T14:37:14.047481+00:00
Falcon3-7B-Base,belief_bank_constraints,mlp,9,25610,belief_bank_facts,511,16830,27416,8415,8415,7533,19883,110.4549,3073,0.22139785852794874,0.3485994955529006,0.48416982783775897,0.27080540373311335,0.45885487048657186,33699.43,10,2026-09-24T14:37:14.047481+00:00
Falcon3-7B-Base,belief_bank_constraints,mlp,9,25610,belief_bank_facts,mean,0,0,0,0,0,0,108.81164000000001,3073.0,0.22171233057091744,0.36398513208549055,0.475029180040852,0.27511451261821285,0.45366818361862676,89742.907,10,2026-09-24T14:37:14.047481+00:00
Falcon3-7B-Base,belief_bank_constraints,mlp,9,25610,belief_bank_facts,std,0,0,0,0,0,0,4.594655758639597,0.0,0.007346434805582808,0.03961284601267875,0.017105143882063766,0.0163934733049135,0.005508143909204316,89742.907,10,2026-09-24T14:37:14.047481+00:00
Falcon3-7B-Base,belief_bank_constraints,mlp,9,25610,halu_eval,2,16830,10000,8415,8415,3259,6741,108.4759,3073,0.32804385458742064,0.6977600490948144,0.4357,0.4462761259935237,0.5033468192039854,33809.137,10,2026-09-24T14:37:14.047481+00:00
Falcon3-7B-Base,belief_bank_constraints,mlp,9,25610,halu_eval,4,16830,10000,8415,8415,3259,6741,108.9844,3073,0.32701702442635083,0.6778152807609696,0.4404,0.44118234471739565,0.49792122225039837,33919.355,10,2026-09-24T14:37:14.047481+00:00
Falcon3-7B-Base,belief_bank_constraints,mlp,9,25610,halu_eval,24,16830,10000,8415,8415,3259,6741,107.7453,3073,0.3291607396870555,0.7100337526848727,0.4339,0.4498007580911653,0.5011734077584791,34028.329,10,2026-09-24T14:37:14.047481+00:00
Falcon3-7B-Base,belief_bank_constraints,mlp,9,25610,halu_eval,42,16830,10000,8415,8415,3259,6741,107.381,3073,0.32811568276684555,0.675360540042958,0.4435,0.4416574696498445,0.4990491339150551,34136.938,10,2026-09-24T14:37:14.047481+00:00
Falcon3-7B-Base,belief_bank_constraints,mlp,9,25610,halu_eval,64,16830,10000,8415,8415,3259,6741,111.4207,3073,0.3263254113345521,0.657256827247622,0.4461,0.43611931181919983,0.49829436304990693,34249.584,10,2026-09-24T14:37:14.047481+00:00
Falcon3-7B-Base,belief_bank_constraints,mlp,9,25610,halu_eval,67,16830,10000,8415,8415,3259,6741,103.5976,3073,0.3282051282051282,0.6873274010432648,0.4396,0.4442681475604919,0.496719888675451,34354.413,10,2026-09-24T14:37:14.047481+00:00
Falcon3-7B-Base,belief_bank_constraints,mlp,9,25610,halu_eval,104,16830,10000,8415,8415,3259,6741,112.8258,3073,0.3290903890160183,0.7060447990181037,0.4351,0.44893181153058237,0.4992458663987973,34468.478,10,2026-09-24T14:37:14.047481+00:00
Falcon3-7B-Base,belief_bank_constraints,mlp,9,25610,halu_eval,123,16830,10000,8415,8415,3259,6741,113.4698,3073,0.33037884203002144,0.7091132249156182,0.4368,0.4507509264677199,0.5023335467712362,34583.181,10,2026-09-24T14:37:14.047481+00:00
Falcon3-7B-Base,belief_bank_constraints,mlp,9,25610,halu_eval,420,16830,10000,8415,8415,3259,6741,103.4945,3073,0.3270214236351071,0.7259895673519484,0.4238,0.4509243377167905,0.4967412597770514,34687.909,10,2026-09-24T14:37:14.047481+00:00
Falcon3-7B-Base,belief_bank_constraints,mlp,9,25610,halu_eval,511,16830,10000,8415,8415,3259,6741,102.6174,3073,0.3298458928318959,0.7158637618901503,0.4334,0.4516066589237321,0.49899020975952435,34791.758,10,2026-09-24T14:37:14.047481+00:00
Falcon3-7B-Base,belief_bank_constraints,mlp,9,25610,halu_eval,mean,0,0,0,0,0,0,108.00124000000001,3073.0,0.3283204388520396,0.6962565204050323,0.43682999999999994,0.4461517892470446,0.4993815717559885,89742.907,10,2026-09-24T14:37:14.047481+00:00
Falcon3-7B-Base,belief_bank_constraints,mlp,9,25610,halu_eval,std,0,0,0,0,0,0,3.677020897737732,0.0,0.0012394009514972283,0.020246240466188642,0.005875721232325439,0.004937983792275387,0.0021283928858422774,89742.907,10,2026-09-24T14:37:14.047481+00:00
Falcon3-7B-Base,belief_bank_constraints,mlp,10,25610,belief_bank_constraints,2,16830,7683,8415,8415,3606,4077,107.4762,3073,0.7342391304347826,0.7493067110371603,0.7550436027593388,0.7416964040625857,0.8212578958759901,34901.14,10,2026-09-24T14:37:14.047481+00:00
Falcon3-7B-Base,belief_bank_constraints,mlp,10,25610,belief_bank_constraints,4,16830,7683,8415,8415,3606,4077,104.5539,3073,0.7356168049237356,0.7623405435385469,0.7598594299101913,0.7487402968813837,0.8255566275431989,35006.886,10,2026-09-24T14:37:14.047481+00:00
Falcon3-7B-Base,belief_bank_constraints,mlp,10,25610,belief_bank_constraints,24,16830,7683,8415,8415,3606,4077,107.5712,3073,0.727369259357579,0.7598447032723239,0.7536118703631394,0.7432524074325241,0.8222286024532464,35115.647,10,2026-09-24T14:37:14.047481+00:00
Falcon3-7B-Base,belief_bank_constraints,mlp,10,25610,belief_bank_constraints,42,16830,7683,8415,8415,3606,4077,102.1542,3073,0.7309847878302642,0.759567387687188,0.7559547051932839,0.7450020399836801,0.8183644134928417,35218.989,10,2026-09-24T14:37:14.047481+00:00
Falcon3-7B-Base,belief_bank_constraints,mlp,10,25610,belief_bank_constraints,64,16830,7683,8415,8415,3606,4077,103.7537,3073,0.7313152960085721,0.757071547420965,0.7554340752310296,0.7439705681973021,0.8233899677465037,35323.933,10,2026-09-24T14:37:14.047481+00:00
Falcon3-7B-Base,belief_bank_constraints,mlp,10,25610,belief_bank_constraints,67,16830,7683,8415,8415,3606,4077,101.6627,3073,0.7269362939466032,0.7626178591236827,0.7541325003253937,0.7443497090269319,0.8239340558910959,35426.781,10,2026-09-24T14:37:14.047481+00:00
Falcon3-7B-Base,belief_bank_constraints,mlp,10,25610,belief_bank_constraints,104,16830,7683,8415,8415,3606,4077,106.2234,3073,0.7254395036194415,0.7781475318912923,0.7576467525706104,0.7508696815627509,0.8261905014548696,35534.19,10,2026-09-24T14:37:14.047481+00:00
Falcon3-7B-Base,belief_bank_constraints,mlp,10,25610,belief_bank_constraints,123,16830,7683,8415,8415,3606,4077,103.1304,3073,0.7266225165562914,0.7606766500277315,0.7533515553820123,0.7432597209050265,0.8163247121311863,35638.514,10,2026-09-24T14:37:14.047481+00:00
Falcon3-7B-Base,belief_bank_constraints,mlp,10,25610,belief_bank_constraints,420,16830,7683,8415,8415,3606,4077,106.8262,3073,0.7247265937583356,0.7534664448141986,0.7499674606273591,0.7388171312032631,0.818039586272627,35746.531,10,2026-09-24T14:37:14.047481+00:00
Falcon3-7B-Base,belief_bank_constraints,mlp,10,25610,belief_bank_constraints,511,16830,7683,8415,8415,3606,4077,113.4029,3073,0.739641807003475,0.7673322240709928,0.7640244696082259,0.753232611950456,0.8273195574758827,35861.127,10,2026-09-24T14:37:14.047481+00:00
Falcon3-7B-Base,belief_bank_constraints,mlp,10,25610,belief_bank_constraints,mean,0,0,0,0,0,0,105.67548,3073.0,0.730289199343908,0.7610371602884082,0.7559026421970585,0.7453190571205905,0.8222605920337441,89742.907,10,2026-09-24T14:37:14.047481+00:00
Falcon3-7B-Base,belief_bank_constraints,mlp,10,25610,belief_bank_constraints,std,0,0,0,0,0,0,3.287919828341319,0.0,0.004697531701764645,0.007422583592285773,0.0036842617558421123,0.004146176354269531,0.0035385778253222296,89742.907,10,2026-09-24T14:37:14.047481+00:00
Falcon3-7B-Base,belief_bank_constraints,mlp,10,25610,belief_bank_facts,2,16830,27416,8415,8415,7533,19883,115.6737,3073,0.2514036182158453,0.4279835390946502,0.4926685147359206,0.3167460824286486,0.47897088983429736,35978.701,10,2026-09-24T14:37:14.047481+00:00
Falcon3-7B-Base,belief_bank_constraints,mlp,10,25610,belief_bank_facts,4,16830,27416,8415,8415,7533,19883,105.3332,3073,0.2433854699605321,0.44205495818399043,0.46910563174788444,0.31392882394532173,0.4700368087868658,36085.933,10,2026-09-24T14:37:14.047481+00:00
Falcon3-7B-Base,belief_bank_constraints,mlp,10,25610,belief_bank_facts,24,16830,27416,8415,8415,7533,19883,108.3498,3073,0.23622803130999853,0.42466480817735297,0.46465567551794573,0.30358244365361803,0.46565975272348414,36196.197,10,2026-09-24T14:37:14.047481+00:00
Falcon3-7B-Base,belief_bank_constraints,mlp,10,25610,belief_bank_facts,42,16830,27416,8415,8415,7533,19883,108.768,3073,0.24255007327796776,0.3954599761051374,0.4945652173913043,0.30068130204390614,0.47423271084737256,36306.875,10,2026-09-24T14:37:14.047481+00:00
Falcon3-7B-Base,belief_bank_constraints,mlp,10,25610,belief_bank_facts,64,16830,27416,8415,8415,7533,19883,102.9454,3073,0.22696809936556162,0.3371830611973981,0.5023344032681646,0.27130954924161504,0.4615966165909679,36411.73,10,2026-09-24T14:37:14.047481+00:00
Falcon3-7B-Base,belief_bank_constraints,mlp,10,25610,belief_bank_facts,67,16830,27416,8415,8415,7533,19883,107.5502,3073,0.24207472403056893,0.45413513872295236,0.4593303180624453,0.31580890837756753,0.4649431418588334,36521.182,10,2026-09-24T14:37:14.047481+00:00
Falcon3-7B-Base,belief_bank_constraints,mlp,10,25610,belief_bank_facts,104,16830,27416,8415,8415,7533,19883,106.7327,3073,0.24610374505699,0.42134607726005574,0.48635833090166325,0.31071953010279,0.47237767329425395,36629.808,10,2026-09-24T14:37:14.047481+00:00
Falcon3-7B-Base,belief_bank_constraints,mlp,10,25610,belief_bank_facts,123,16830,27416,8415,8415,7533,19883,106.2284,3073,0.24355444305381727,0.38749502190362406,0.501021301429822,0.29910851521672305,0.4759316680664991,36737.934,10,2026-09-24T14:37:14.047481+00:00
Falcon3-7B-Base,belief_bank_constraints,mlp,10,25610,belief_bank_facts,420,16830,27416,8415,8415,7533,19883,105.3065,3073,0.2388268156424581,0.43130227001194743,0.46604172745841843,0.3074230023182098,0.45956402701723037,36845.148,10,2026-09-24T14:37:14.047481+00:00
Falcon3-7B-Base,belief_bank_constraints,mlp,10,25610,belief_bank_facts,511,16830,27416,8415,8415,7533,19883,112.746,3073,0.22330915837409343,0.35151997876012214,0.4858841552378173,0.2731163942034965,0.4715372931116032,36959.813,10,2026-09-24T14:37:14.047481+00:00
Falcon3-7B-Base,belief_bank_constraints,mlp,10,25610,belief_bank_facts,mean,0,0,0,0,0,0,107.96339,3073.0,0.2394404178287833,0.4073144829417231,0.48219652757513864,0.3012424551531896,0.4694850582131408,89742.907,10,2026-09-24T14:37:14.047481+00:00
Falcon3-7B-Base,belief_bank_constraints,mlp,10,25610,belief_bank_facts,std,0,0,0,0,0,0,3.5633081588462128,0.0,0.008143024337030291,0.03669387012083772,0.01521961400437273,0.015616979169248396,0.006023949219063972,89742.907,10,2026-09-24T14:37:14.047481+00:00
Falcon3-7B-Base,belief_bank_constraints,mlp,10,25610,halu_eval,2,16830,10000,8415,8415,3259,6741,114.9429,3073,0.32677023121387283,0.5550782448603866,0.4823,0.41137009664582147,0.5045182924112015,37075.998,10,2026-09-24T14:37:14.047481+00:00
Falcon3-7B-Base,belief_bank_constraints,mlp,10,25610,halu_eval,4,16830,10000,8415,8415,3259,6741,98.028,3073,0.3309625414888573,0.6425283829395521,0.4602,0.43688712706029625,0.5059233683732913,37175.266,10,2026-09-24T14:37:14.047481+00:00
Falcon3-7B-Base,belief_bank_constraints,mlp,10,25610,halu_eval,24,16830,10000,8415,8415,3259,6741,108.7006,3073,0.33275699465576863,0.6495857625038355,0.4613,0.4400789938675813,0.506262984537382,37285.197,10,2026-09-24T14:37:14.047481+00:00
Falcon3-7B-Base,belief_bank_constraints,mlp,10,25610,halu_eval,42,16830,10000,8415,8415,3259,6741,109.6351,3073,0.33091939546599497,0.6449831236575637,0.4593,0.4374154614504214,0.5040724352436277,37396.066,10,2026-09-24T14:37:14.047481+00:00
Falcon3-7B-Base,belief_bank_constraints,mlp,10,25610,halu_eval,64,16830,10000,8415,8415,3259,6741,100.5875,3073,0.33057130396860007,0.6977600490948144,0.441,0.44860919313474057,0.506660045494273,37497.886,10,2026-09-24T14:37:14.047481+00:00
Falcon3-7B-Base,belief_bank_constraints,mlp,10,25610,halu_eval,67,16830,10000,8415,8415,3259,6741,106.6271,3073,0.3316005040957782,0.645903651426818,0.4603,0.43822212969709584,0.5049057488900569,37605.756,10,2026-09-24T14:37:14.047481+00:00
Falcon3-7B-Base,belief_bank_constraints,mlp,10,25610,halu_eval,104,16830,10000,8415,8415,3259,6741,105.3251,3073,0.3296506419826814,0.6775084381712182,0.4459,0.44350708044591747,0.505577311291466,37712.313,10,2026-09-24T14:37:14.047481+00:00
Falcon3-7B-Base,belief_bank_constraints,mlp,10,25610,halu_eval,123,16830,10000,8415,8415,3259,6741,105.9705,3073,0.33183183183183185,0.610309911015649,0.4725,0.4299146222846644,0.5093886731522839,37819.532,10,2026-09-24T14:37:14.047481+00:00
Falcon3-7B-Base,belief_bank_constraints,mlp,10,25610,halu_eval,420,16830,10000,8415,8415,3259,6741,106.1922,3073,0.33224194382216093,0.5915925130408101,0.4794,0.4255131317589936,0.5063345174152629,37926.964,10,2026-09-24T14:37:14.047481+00:00
Falcon3-7B-Base,belief_bank_constraints,mlp,10,25610,halu_eval,511,16830,10000,8415,8415,3259,6741,112.486,3073,0.3301033591731266,0.6271862534519791,0.4637,0.43254682044228127,0.510261815795306,38040.683,10,2026-09-24T14:37:14.047481+00:00
Falcon3-7B-Base,belief_bank_constraints,mlp,10,25610,halu_eval,mean,0,0,0,0,0,0,106.8495,3073.0,0.33074087476986735,0.6342436330162627,0.46259000000000006,0.4344064656787814,0.506390519260415,89742.907,10,2026-09-24T14:37:14.047481+00:00
Falcon3-7B-Base,belief_bank_constraints,mlp,10,25610,halu_eval,std,0,0,0,0,0,0,4.786113684817774,0.0,0.001603680190315267,0.038949191975934425,0.012404148499594798,0.009898908448103866,0.0018981763988618623,89742.907,10,2026-09-24T14:37:14.047481+00:00
Falcon3-7B-Base,belief_bank_constraints,mlp,11,25610,belief_bank_constraints,2,16830,7683,8415,8415,3606,4077,120.5848,3073,0.7324056729997324,0.7590127565169162,0.7567356501366653,0.7454718779790277,0.8200245319202687,38163.626,10,2026-09-24T14:37:14.047481+00:00
Falcon3-7B-Base,belief_bank_constraints,mlp,11,25610,belief_bank_constraints,4,16830,7683,8415,8415,3606,4077,116.2712,3073,0.7306772908366533,0.7628951747088186,0.7567356501366653,0.7464387464387464,0.8170851363607734,38281.084,10,2026-09-24T14:37:14.047481+00:00
Falcon3-7B-Base,belief_bank_constraints,mlp,11,25610,belief_bank_constraints,24,16830,7683,8415,8415,3606,4077,111.2517,3073,0.7299867899603699,0.7662229617304492,0.7572562800989197,0.7476660803680152,0.8182897960788379,38393.525,10,2026-09-24T14:37:14.047481+00:00
Falcon3-7B-Base,belief_bank_constraints,mlp,11,25610,belief_bank_constraints,42,16830,7683,8415,8415,3606,4077,113.9381,3073,0.7307896131425543,0.7648363838047698,0.7573864375894833,0.7474254742547426,0.8163606264380175,38508.653,10,2026-09-24T14:37:14.047481+00:00
Falcon3-7B-Base,belief_bank_constraints,mlp,11,25610,belief_bank_constraints,64,16830,7683,8415,8415,3606,4077,113.2498,3073,0.7308206361935311,0.7581808097615086,0.7554340752310296,0.7442493534776099,0.8170938088496389,38623.087,10,2026-09-24T14:37:14.047481+00:00
Falcon3-7B-Base,belief_bank_constraints,mlp,11,25610,belief_bank_constraints,67,16830,7683,8415,8415,3606,4077,114.3914,3073,0.7319753417314393,0.7573488630061009,0.7559547051932839,0.7444459588387624,0.8200501072599818,38738.664,10,2026-09-24T14:37:14.047481+00:00
Falcon3-7B-Base,belief_bank_constraints,mlp,11,25610,belief_bank_constraints,104,16830,7683,8415,8415,3606,4077,119.584,3073,0.7185813415574402,0.7753743760399334,0.7520499804763764,0.7458983593437375,0.8183999877020707,38859.426,10,2026-09-24T14:37:14.047481+00:00
Falcon3-7B-Base,belief_bank_constraints,mlp,11,25610,belief_bank_constraints,123,16830,7683,8415,8415,3606,4077,113.4229,3073,0.7269606548719303,0.7634498058790904,0.7543928153065209,0.7447585553902341,0.8202044095422681,38974.036,10,2026-09-24T14:37:14.047481+00:00
Falcon3-7B-Base,belief_bank_constraints,mlp,11,25610,belief_bank_constraints,420,16830,7683,8415,8415,3606,4077,124.8784,3073,0.7310474149477632,0.7567942318358292,0.7551737602499023,0.7436980515056547,0.813179013365972,39100.096,10,2026-09-24T14:37:14.047481+00:00
Falcon3-7B-Base,belief_bank_constraints,mlp,11,25610,belief_bank_constraints,511,16830,7683,8415,8415,3606,4077,118.8116,3073,0.7318390494193897,0.7515252357182474,0.7541325003253937,0.7415515118347243,0.8195776776802515,39220.096,10,2026-09-24T14:37:14.047481+00:00
Falcon3-7B-Base,belief_bank_constraints,mlp,11,25610,belief_bank_constraints,mean,0,0,0,0,0,0,116.63839,3073.0,0.7295083805660804,0.7615640599001664,0.755525185474424,0.7451603969431255,0.818026509519808,89742.907,10,2026-09-24T14:37:14.047481+00:00
Falcon3-7B-Base,belief_bank_constraints,mlp,11,25610,belief_bank_constraints,std,0,0,0,0,0,0,4.002312863695192,0.0,0.003913192190453201,0.006226707576566245,0.0015813465554884876,0.001742102625150237,0.0020850591749327465,89742.907,10,2026-09-24T14:37:14.047481+00:00
Falcon3-7B-Base,belief_bank_constraints,mlp,11,25610,belief_bank_facts,2,16830,27416,8415,8415,7533,19883,117.1239,3073,0.278253331888612,0.681800079649542,0.42664867230814124,0.3952137278288638,0.4952970429915577,39339.121,10,2026-09-24T14:37:14.047481+00:00
Falcon3-7B-Base,belief_bank_constraints,mlp,11,25610,belief_bank_facts,4,16830,27416,8415,8415,7533,19883,109.8454,3073,0.27335911664144386,0.6474180273463428,0.4302597023635833,0.384409237802475,0.4804728863906955,39450.884,10,2026-09-24T14:37:14.047481+00:00
Falcon3-7B-Base,belief_bank_constraints,mlp,11,25610,belief_bank_facts,24,16830,27416,8415,8415,7533,19883,114.2502,3073,0.2772287862513426,0.6852515598035311,0.42263641669098334,0.39475394792184454,0.47946001498918683,39567.035,10,2026-09-24T14:37:14.047481+00:00
Falcon3-7B-Base,belief_bank_constraints,mlp,11,25610,belief_bank_facts,42,16830,27416,8415,8415,7533,19883,112.1854,3073,0.2663944417357387,0.5802469135802469,0.4456156988619784,0.36514765465101706,0.4806253881102498,39681.119,10,2026-09-24T14:37:14.047481+00:00
Falcon3-7B-Base,belief_bank_constraints,mlp,11,25610,belief_bank_facts,64,16830,27416,8415,8415,7533,19883,113.1007,3073,0.28074048913043476,0.6583034647550776,0.4426976947767727,0.3936182878914156,0.4918972123922157,39796.123,10,2026-09-24T14:37:14.047481+00:00
Falcon3-7B-Base,belief_bank_constraints,mlp,11,25610,belief_bank_facts,67,16830,27416,8415,8415,7533,19883,107.4732,3073,0.2857604829147354,0.7038364529403955,0.4352567843594981,0.406485989190018,0.498615747202777,39905.5,10,2026-09-24T14:37:14.047481+00:00
Falcon3-7B-Base,belief_bank_constraints,mlp,11,25610,belief_bank_facts,104,16830,27416,8415,8415,7533,19883,117.5239,3073,0.2813008130081301,0.6660029204832072,0.4406915669681938,0.3955376852727846,0.48841134482467824,40024.942,10,2026-09-24T14:37:14.047481+00:00
Falcon3-7B-Base,belief_bank_constraints,mlp,11,25610,belief_bank_facts,123,16830,27416,8415,8415,7533,19883,113.4098,3073,0.2747042253521127,0.6472852781096509,0.4335059819083747,0.3857137206818811,0.48751128991097326,40140.257,10,2026-09-24T14:37:14.047481+00:00
Falcon3-7B-Base,belief_bank_constraints,mlp,11,25610,belief_bank_facts,420,16830,27416,8415,8415,7533,19883,121.1794,3073,0.2799472730268578,0.6766228594185584,0.4329588561423986,0.39603729603729604,0.49645861049652085,40263.339,10,2026-09-24T14:37:14.047481+00:00
Falcon3-7B-Base,belief_bank_constraints,mlp,11,25610,belief_bank_facts,511,16830,27416,8415,8415,7533,19883,115.7191,3073,0.2773696682464455,0.6215319261914244,0.45108695652173914,0.38356613279809937,0.49265975771084425,40380.969,10,2026-09-24T14:37:14.047481+00:00
Falcon3-7B-Base,belief_bank_constraints,mlp,11,25610,belief_bank_facts,mean,0,0,0,0,0,0,114.18110000000001,3073.0,0.27750586281958534,0.6568299482277976,0.43613583309016624,0.3900483680075695,0.48914092950196986,89742.907,10,2026-09-24T14:37:14.047481+00:00
Falcon3-7B-Base,belief_bank_constraints,mlp,11,25610,belief_bank_facts,std,0,0,0,0,0,0,3.751266567707498,0.0,0.004981225514700247,0.033778066101077815,0.008377159951042984,0.010537631903779201,0.0066764897034861225,89742.907,10,2026-09-24T14:37:14.047481+00:00
Falcon3-7B-Base,belief_bank_constraints,mlp,11,25610,halu_eval,2,16830,10000,8415,8415,3259,6741,121.1278,3073,0.33039468330394683,0.7474685486345505,0.424,0.4582392776523702,0.5080835110730755,40503.331,10,2026-09-24T14:37:14.047481+00:00
Falcon3-7B-Base,belief_bank_constraints,mlp,11,25610,halu_eval,4,16830,10000,8415,8415,3259,6741,110.0724,3073,0.3277331995987964,0.8020865296103099,0.3993,0.46533155318202046,0.4979091825137141,40614.635,10,2026-09-24T14:37:14.047481+00:00
Falcon3-7B-Base,belief_bank_constraints,mlp,11,25610,halu_eval,24,16830,10000,8415,8415,3259,6741,114.8785,3073,0.33102143757881464,0.6443694384780607,0.4597,0.4373633239612621,0.504621961599476,40730.743,10,2026-09-24T14:37:14.047481+00:00
Falcon3-7B-Base,belief_bank_constraints,mlp,11,25610,halu_eval,42,16830,10000,8415,8415,3259,6741,113.5572,3073,0.3292067111907477,0.6201288738876957,0.4644,0.4300915088316663,0.5051372805371079,40845.529,10,2026-09-24T14:37:14.047481+00:00
Falcon3-7B-Base,belief_bank_constraints,mlp,11,25610,halu_eval,64,16830,10000,8415,8415,3259,6741,113.5974,3073,0.3268036970616637,0.7269100951212029,0.423,0.45089455652835936,0.49872422034056385,40960.355,10,2026-09-24T14:37:14.047481+00:00
Falcon3-7B-Base,belief_bank_constraints,mlp,11,25610,halu_eval,67,16830,10000,8415,8415,3259,6741,109.079,3073,0.32833382833382835,0.6784289659404725,0.4429,0.44250975682978083,0.5003085723061749,41070.668,10,2026-09-24T14:37:14.047481+00:00
Falcon3-7B-Base,belief_bank_constraints,mlp,11,25610,halu_eval,104,16830,10000,8415,8415,3259,6741,119.3974,3073,0.32946443375891227,0.609696225836146,0.4684,0.42777179763186224,0.5016202663408246,41191.306,10,2026-09-24T14:37:14.047481+00:00
Falcon3-7B-Base,belief_bank_constraints,mlp,11,25610,halu_eval,123,16830,10000,8415,8415,3259,6741,113.6349,3073,0.32796780684104626,0.700214789812826,0.4347,0.4467064696094744,0.507505011967134,41306.173,10,2026-09-24T14:37:14.047481+00:00
Falcon3-7B-Base,belief_bank_constraints,mlp,11,25610,halu_eval,420,16830,10000,8415,8415,3259,6741,125.1207,3073,0.32910469524642755,0.6925437250690396,0.4397,0.4461796975387961,0.5071989659573145,41432.531,10,2026-09-24T14:37:14.047481+00:00
Falcon3-7B-Base,belief_bank_constraints,mlp,11,25610,halu_eval,511,16830,10000,8415,8415,3259,6741,112.8778,3073,0.3290248456125233,0.7029763731205891,0.436,0.44824887497554294,0.5110167687358673,41546.639,10,2026-09-24T14:37:14.047481+00:00
Falcon3-7B-Base,belief_bank_constraints,mlp,11,25610,halu_eval,mean,0,0,0,0,0,0,115.33431,3073.0,0.32890553385267074,0.6924823565510894,0.43921,0.4453336816741135,0.5042125741371253,89742.907,10,2026-09-24T14:37:14.047481+00:00
Falcon3-7B-Base,belief_bank_constraints,mlp,11,25610,halu_eval,std,0,0,0,0,0,0,4.774603970896435,0.0,0.0011895317047039453,0.05567105575999103,0.02009439971733418,0.011048692233737742,0.004169875816489804,89742.907,10,2026-09-24T14:37:14.047481+00:00
Falcon3-7B-Base,belief_bank_constraints,mlp,12,25610,belief_bank_constraints,2,16830,7683,8415,8415,3606,4077,113.5197,3073,0.7466379774072082,0.7698280643372157,0.7693609267213328,0.7580557072637902,0.8281303161506501,41662.081,10,2026-09-24T14:37:14.047481+00:00
Falcon3-7B-Base,belief_bank_constraints,mlp,12,25610,belief_bank_constraints,4,16830,7683,8415,8415,3606,4077,105.3137,3073,0.7360526315789474,0.7756516916250693,0.7641546270987896,0.7553335133675398,0.8228373091423269,41768.601,10,2026-09-24T14:37:14.047481+00:00
Falcon3-7B-Base,belief_bank_constraints,mlp,12,25610,belief_bank_constraints,24,16830,7683,8415,8415,3606,4077,110.457,3073,0.7416622551614611,0.7770382695507487,0.7683196667968242,0.7589382448537378,0.828588903757956,41880.233,10,2026-09-24T14:37:14.047481+00:00
Falcon3-7B-Base,belief_bank_constraints,mlp,12,25610,belief_bank_constraints,42,16830,7683,8415,8415,3606,4077,115.4237,3073,0.7362579281183932,0.7726012201885746,0.763373682155408,0.7539918809201623,0.8216400975617587,41996.83,10,2026-09-24T14:37:14.047481+00:00
Falcon3-7B-Base,belief_bank_constraints,mlp,12,25610,belief_bank_constraints,64,16830,7683,8415,8415,3606,4077,114.4282,3073,0.732610420523671,0.7681641708264004,0.7595991149290642,0.7499661567618789,0.8217079130237112,42112.463,10,2026-09-24T14:37:14.047481+00:00
Falcon3-7B-Base,belief_bank_constraints,mlp,12,25610,belief_bank_constraints,67,16830,7683,8415,8415,3606,4077,116.9474,3073,0.7441924022957093,0.7551303383250139,0.7632435246648445,0.7496214728148658,0.8246949902670868,42230.617,10,2026-09-24T14:37:14.047481+00:00
Falcon3-7B-Base,belief_bank_constraints,mlp,12,25610,belief_bank_constraints,104,16830,7683,8415,8415,3606,4077,101.5853,3073,0.7333509513742071,0.7695507487520798,0.7605102173630093,0.7510148849797023,0.8180741061792878,42333.39,10,2026-09-24T14:37:14.047481+00:00
Falcon3-7B-Base,belief_bank_constraints,mlp,12,25610,belief_bank_constraints,123,16830,7683,8415,8415,3606,4077,104.9237,3073,0.7486471861471862,0.7673322240709928,0.7698815566835872,0.7578745549164613,0.8217769868467932,42439.49,10,2026-09-24T14:37:14.047481+00:00
Falcon3-7B-Base,belief_bank_constraints,mlp,12,25610,belief_bank_constraints,420,16830,7683,8415,8415,3606,4077,110.6066,3073,0.7346184314761025,0.771491957848031,0.7619419497592086,0.752603814419045,0.8223267886311085,42551.271,10,2026-09-24T14:37:14.047481+00:00
Falcon3-7B-Base,belief_bank_constraints,mlp,12,25610,belief_bank_constraints,511,16830,7683,8415,8415,3606,4077,97.8263,3073,0.7309139784946237,0.7540210759844703,0.7542626578159574,0.7422877422877423,0.8175171623453185,42650.272,10,2026-09-24T14:37:14.047481+00:00
Falcon3-7B-Base,belief_bank_constraints,mlp,12,25610,belief_bank_constraints,mean,0,0,0,0,0,0,109.10316,3073.0,0.7384944162577509,0.7680809761508597,0.7634647923988025,0.7529687972584926,0.8227294573905997,89742.907,10,2026-09-24T14:37:14.047481+00:00
Falcon3-7B-Base,belief_bank_constraints,mlp,12,25610,belief_bank_constraints,std,0,0,0,0,0,0,6.07412628815042,0.0,0.0059701398305371575,0.007353884365343785,0.004590354105993978,0.004800753591734866,0.0034571267420138233,89742.907,10,2026-09-24T14:37:14.047481+00:00
Falcon3-7B-Base,belief_bank_constraints,mlp,12,25610,belief_bank_facts,2,16830,27416,8415,8415,7533,19883,111.0281,3073,0.23758606723369785,0.3893535112173105,0.48891158447621824,0.2951001106751182,0.46562126926523884,42763.193,10,2026-09-24T14:37:14.047481+00:00
Falcon3-7B-Base,belief_bank_constraints,mlp,12,25610,belief_bank_facts,4,16830,27416,8415,8415,7533,19883,102.1096,3073,0.2360068386233554,0.4214788264967476,0.46615115261161366,0.3025826741637282,0.45734475862075363,42867.202,10,2026-09-24T14:37:14.047481+00:00
Falcon3-7B-Base,belief_bank_constraints,mlp,12,25610,belief_bank_facts,24,16830,27416,8415,8415,7533,19883,106.1161,3073,0.21984194991907074,0.3065179875215718,0.5105777648088707,0.2560434686183189,0.4563962388521904,42975.199,10,2026-09-24T14:37:14.047481+00:00
Falcon3-7B-Base,belief_bank_constraints,mlp,12,25610,belief_bank_facts,42,16830,27416,8415,8415,7533,19883,104.7887,3073,0.23299565846599132,0.34196203371830614,0.5098847388386344,0.2771531550917209,0.47237587063399605,43081.87,10,2026-09-24T14:37:14.047481+00:00
Falcon3-7B-Base,belief_bank_constraints,mlp,12,25610,belief_bank_facts,64,16830,27416,8415,8415,7533,19883,111.7818,3073,0.2261200680547679,0.3705031196070623,0.4786256200758681,0.28084121553632524,0.45737244948527006,43195.536,10,2026-09-24T14:37:14.047481+00:00
Falcon3-7B-Base,belief_bank_constraints,mlp,12,25610,belief_bank_facts,67,16830,27416,8415,8415,7533,19883,116.7917,3073,0.22447606229571238,0.3099694676755609,0.5161584476218267,0.2603847226094229,0.4640546039412202,43314.211,10,2026-09-24T14:37:14.047481+00:00
Falcon3-7B-Base,belief_bank_constraints,mlp,12,25610,belief_bank_facts,104,16830,27416,8415,8415,7533,19883,105.6295,3073,0.23050634049824625,0.3402362936413116,0.506638459293843,0.27482307527342914,0.4608891058223596,43421.732,10,2026-09-24T14:37:14.047481+00:00
Falcon3-7B-Base,belief_bank_constraints,mlp,12,25610,belief_bank_facts,123,16830,27416,8415,8415,7533,19883,105.6467,3073,0.23181780400631702,0.3702376211336785,0.48985993580391013,0.2851155182989164,0.4637110035430353,43529.281,10,2026-09-24T14:37:14.047481+00:00
Falcon3-7B-Base,belief_bank_constraints,mlp,12,25610,belief_bank_facts,420,16830,27416,8415,8415,7533,19883,109.5907,3073,0.24161125124206986,0.4196203371830612,0.4786256200758681,0.30665502522312765,0.45972197677667503,43640.78,10,2026-09-24T14:37:14.047481+00:00
Falcon3-7B-Base,belief_bank_constraints,mlp,12,25610,belief_bank_facts,511,16830,27416,8415,8415,7533,19883,102.9906,3073,0.22246474143720618,0.3517854772335059,0.48406040268456374,0.27256364103882746,0.4528758603554943,43745.691,10,2026-09-24T14:37:14.047481+00:00
Falcon3-7B-Base,belief_bank_constraints,mlp,12,25610,belief_bank_facts,mean,0,0,0,0,0,0,107.64735,3073.0,0.2303426781776435,0.3621664675428117,0.49294937262912164,0.2811262606528935,0.46103631372962334,89742.907,10,2026-09-24T14:37:14.047481+00:00
Falcon3-7B-Base,belief_bank_constraints,mlp,12,25610,belief_bank_facts,std,0,0,0,0,0,0,4.322751607078529,0.0,0.006673425079066041,0.03809314695603797,0.015990514705552784,0.01584787505629885,0.0053178504652416315,89742.907,10,2026-09-24T14:37:14.047481+00:00
Falcon3-7B-Base,belief_bank_constraints,mlp,12,25610,halu_eval,2,16830,10000,8415,8415,3259,6741,110.0479,3073,0.32877079978529256,0.7517643448910709,0.4189,0.4574736252450752,0.4999757384512183,43856.974,10,2026-09-24T14:37:14.047481+00:00
Falcon3-7B-Base,belief_bank_constraints,mlp,12,25610,halu_eval,4,16830,10000,8415,8415,3259,6741,102.2379,3073,0.3282025187635161,0.7916538815587604,0.404,0.46402877697841727,0.5016197201145856,43960.452,10,2026-09-24T14:37:14.047481+00:00
Falcon3-7B-Base,belief_bank_constraints,mlp,12,25610,halu_eval,24,16830,10000,8415,8415,3259,6741,106.7981,3073,0.328666837914205,0.7852101871739797,0.4073,0.46337709370756,0.4989340394946151,44068.478,10,2026-09-24T14:37:14.047481+00:00
Falcon3-7B-Base,belief_bank_constraints,mlp,12,25610,halu_eval,42,16830,10000,8415,8415,3259,6741,111.1492,3073,0.3291877186164011,0.7796870205584535,0.4104,0.46292585170340683,0.5012950568937871,44180.861,10,2026-09-24T14:37:14.047481+00:00
Falcon3-7B-Base,belief_bank_constraints,mlp,12,25610,halu_eval,64,16830,10000,8415,8415,3259,6741,110.9477,3073,0.3295648744577363,0.769254372506904,0.4148,0.46143935210749126,0.5036632435123458,44293.049,10,2026-09-24T14:37:14.047481+00:00
Falcon3-7B-Base,belief_bank_constraints,mlp,12,25610,halu_eval,67,16830,10000,8415,8415,3259,6741,114.963,3073,0.3274734260016353,0.7373427431727524,0.4209,0.45352458242898935,0.501282812322263,44409.248,10,2026-09-24T14:37:14.047481+00:00
Falcon3-7B-Base,belief_bank_constraints,mlp,12,25610,halu_eval,104,16830,10000,8415,8415,3259,6741,106.0617,3073,0.32842132239876987,0.7864375575329856,0.4063,0.46334628943324596,0.4982289979766415,44516.539,10,2026-09-24T14:37:14.047481+00:00
Falcon3-7B-Base,belief_bank_constraints,mlp,12,25610,halu_eval,123,16830,10000,8415,8415,3259,6741,98.6075,3073,0.3269301358130429,0.8198833998158944,0.3912,0.46745976207137857,0.49696300487065387,44616.381,10,2026-09-24T14:37:14.047481+00:00
Falcon3-7B-Base,belief_bank_constraints,mlp,12,25610,halu_eval,420,16830,10000,8415,8415,3259,6741,108.7271,3073,0.32809906804544875,0.7885854556612458,0.4048,0.46339704291381173,0.4987099956989236,44726.342,10,2026-09-24T14:37:14.047481+00:00
Falcon3-7B-Base,belief_bank_constraints,mlp,12,25610,halu_eval,511,16830,10000,8415,8415,3259,6741,101.0122,3073,0.32887663680220536,0.7321264191469776,0.4258,0.45387102910405175,0.4991220551179601,44828.587,10,2026-09-24T14:37:14.047481+00:00
Falcon3-7B-Base,belief_bank_constraints,mlp,12,25610,halu_eval,mean,0,0,0,0,0,0,107.05522999999998,3073.0,0.32841933385982536,0.7741945382019024,0.41044,0.46108434056934283,0.49997946644529934,89742.907,10,2026-09-24T14:37:14.047481+00:00
Falcon3-7B-Base,belief_bank_constraints,mlp,12,25610,halu_eval,std,0,0,0,0,0,0,4.881989371362864,0.0,0.0007455619599515362,0.025604888019978258,0.009520420158795517,0.004367764804605141,0.0018786419600563308,89742.907,10,2026-09-24T14:37:14.047481+00:00
Falcon3-7B-Base,belief_bank_constraints,mlp,13,25610,belief_bank_constraints,2,16830,7683,8415,8415,3606,4077,97.6979,3073,0.7245683930942896,0.7565169162506933,0.7507484055707406,0.7401980735314069,0.8114390400214615,44928.449,10,2026-09-24T14:37:14.047481+00:00
Falcon3-7B-Base,belief_bank_constraints,mlp,13,25610,belief_bank_constraints,4,16830,7683,8415,8415,3606,4077,98.533,3073,0.7214360587002097,0.7634498058790904,0.750618248080177,0.74184855834007,0.8043533785499898,45028.162,10,2026-09-24T14:37:14.047481+00:00
Falcon3-7B-Base,belief_bank_constraints,mlp,13,25610,belief_bank_constraints,24,16830,7683,8415,8415,3606,4077,98.7182,3073,0.7309356408869659,0.7495840266222962,0.7529610829103215,0.7401423877327492,0.8070451490450535,45128.061,10,2026-09-24T14:37:14.047481+00:00
Falcon3-7B-Base,belief_bank_constraints,mlp,13,25610,belief_bank_constraints,42,16830,7683,8415,8415,3606,4077,110.5377,3073,0.7203816591571693,0.7537437603993344,0.7471039958349603,0.7366851876948096,0.8041313968447921,45239.783,10,2026-09-24T14:37:14.047481+00:00
Falcon3-7B-Base,belief_bank_constraints,mlp,13,25610,belief_bank_constraints,64,16830,7683,8415,8415,3606,4077,98.9065,3073,0.7298321602598808,0.747642817526345,0.7516595080046856,0.7386301369863014,0.8119338480234412,45339.879,10,2026-09-24T14:37:14.047481+00:00
Falcon3-7B-Base,belief_bank_constraints,mlp,13,25610,belief_bank_constraints,67,16830,7683,8415,8415,3606,4077,98.16,3073,0.7202238209432454,0.7495840266222962,0.7458024209293245,0.7346106807990216,0.8025051861483417,45439.231,10,2026-09-24T14:37:14.047481+00:00
Falcon3-7B-Base,belief_bank_constraints,mlp,13,25610,belief_bank_constraints,104,16830,7683,8415,8415,3606,4077,105.0975,3073,0.7076523994811933,0.7565169162506933,0.7390342314200182,0.731269266854309,0.8031714373517769,45545.517,10,2026-09-24T14:37:14.047481+00:00
Falcon3-7B-Base,belief_bank_constraints,mlp,13,25610,belief_bank_constraints,123,16830,7683,8415,8415,3606,4077,96.9365,3073,0.7166132478632479,0.7440377149195785,0.7417675387218534,0.7300680272108844,0.8019925910417476,45643.635,10,2026-09-24T14:37:14.047481+00:00
Falcon3-7B-Base,belief_bank_constraints,mlp,13,25610,belief_bank_constraints,420,16830,7683,8415,8415,3606,4077,98.9345,3073,0.7215833110457341,0.7481974486966168,0.7463230508915788,0.734649421375085,0.8041888393298662,45743.772,10,2026-09-24T14:37:14.047481+00:00
Falcon3-7B-Base,belief_bank_constraints,mlp,13,25610,belief_bank_constraints,511,16830,7683,8415,8415,3606,4077,103.3448,3073,0.7256851155292854,0.7490293954520244,0.7493166731745412,0.7371724890829694,0.8090158105933873,45848.266,10,2026-09-24T14:37:14.047481+00:00
Falcon3-7B-Base,belief_bank_constraints,mlp,13,25610,belief_bank_constraints,mean,0,0,0,0,0,0,100.68665999999999,3073.0,0.7218911806961221,0.7518302828618968,0.7475335155538201,0.7365274229607607,0.8059776676949857,89742.907,10,2026-09-24T14:37:14.047481+00:00
Falcon3-7B-Base,belief_bank_constraints,mlp,13,25610,belief_bank_constraints,std,0,0,0,0,0,0,4.095079052033062,0.0,0.006343366246471932,0.005403670475616795,0.004238440336899984,0.0036917654785982913,0.0034746702211738267,89742.907,10,2026-09-24T14:37:14.047481+00:00
Falcon3-7B-Base,belief_bank_constraints,mlp,13,25610,belief_bank_facts,2,16830,27416,8415,8415,7533,19883,98.5068,3073,0.25872149052361065,0.5345811761582371,0.45126933177706446,0.34868819811239066,0.4684079249778735,45948.667,10,2026-09-24T14:37:14.047481+00:00
Falcon3-7B-Base,belief_bank_constraints,mlp,13,25610,belief_bank_facts,4,16830,27416,8415,8415,7533,19883,103.0962,3073,0.266407422567881,0.5183857692818267,0.4754522906332069,0.35194448199720607,0.4758605898401841,46053.657,10,2026-09-24T14:37:14.047481+00:00
Falcon3-7B-Base,belief_bank_constraints,mlp,13,25610,belief_bank_facts,24,16830,27416,8415,8415,7533,19883,98.0002,3073,0.256566933558084,0.4849329616354706,0.47238838634374086,0.33558403380643975,0.47087639780195895,46153.552,10,2026-09-24T14:37:14.047481+00:00
Falcon3-7B-Base,belief_bank_constraints,mlp,13,25610,belief_bank_facts,42,16830,27416,8415,8415,7533,19883,99.9631,3073,0.2558186330404454,0.5063055887428647,0.4596585935220309,0.33989840477675787,0.4682154743040494,46255.402,10,2026-09-24T14:37:14.047481+00:00
Falcon3-7B-Base,belief_bank_constraints,mlp,13,25610,belief_bank_facts,64,16830,27416,8415,8415,7533,19883,98.9101,3073,0.2565125897975474,0.4692685517058277,0.4804493726291217,0.331706859341278,0.46715221854833383,46356.197,10,2026-09-24T14:37:14.047481+00:00
Falcon3-7B-Base,belief_bank_constraints,mlp,13,25610,belief_bank_facts,67,16830,27416,8415,8415,7533,19883,98.0876,3073,0.24826017130620984,0.49249966812690826,0.4507951561132186,0.330115228900654,0.45993040436159927,46456.174,10,2026-09-24T14:37:14.047481+00:00
Falcon3-7B-Base,belief_bank_constraints,mlp,13,25610,belief_bank_facts,104,16830,27416,8415,8415,7533,19883,101.4946,3073,0.2601894374282434,0.4813487322447896,0.4814341990078786,0.33778937072057386,0.4819375044528212,46559.55,10,2026-09-24T14:37:14.047481+00:00
Falcon3-7B-Base,belief_bank_constraints,mlp,13,25610,belief_bank_facts,123,16830,27416,8415,8415,7533,19883,93.8666,3073,0.26179824837754395,0.5515730784547989,0.4494455792238109,0.35506750982737995,0.4792859547882526,46655.299,10,2026-09-24T14:37:14.047481+00:00
Falcon3-7B-Base,belief_bank_constraints,mlp,13,25610,belief_bank_facts,420,16830,27416,8415,8415,7533,19883,100.3947,3073,0.26429695697796435,0.5349794238683128,0.46305077327108257,0.3538036082700496,0.4826418939485757,46757.578,10,2026-09-24T14:37:14.047481+00:00
Falcon3-7B-Base,belief_bank_constraints,mlp,13,25610,belief_bank_facts,511,16830,27416,8415,8415,7533,19883,94.9012,3073,0.2610978203083466,0.5215717509624319,0.4629778231689524,0.3479916744165449,0.4738845804307248,46854.373,10,2026-09-24T14:37:14.047481+00:00
Falcon3-7B-Base,belief_bank_constraints,mlp,13,25610,belief_bank_facts,mean,0,0,0,0,0,0,98.72211,3073.0,0.2589669703885876,0.5095446701181467,0.46469215056901075,0.34325893701692745,0.47281929434543735,89742.907,10,2026-09-24T14:37:14.047481+00:00
Falcon3-7B-Base,belief_bank_constraints,mlp,13,25610,belief_bank_facts,std,0,0,0,0,0,0,2.6521267659936605,0.0,0.004839547124011595,0.02566494245228507,0.011577240965387035,0.00885589006235331,0.006888371703772528,89742.907,10,2026-09-24T14:37:14.047481+00:00
Falcon3-7B-Base,belief_bank_constraints,mlp,13,25610,halu_eval,2,16830,10000,8415,8415,3259,6741,105.8513,3073,0.3174404015056462,0.310524700828475,0.5577,0.3139444702962618,0.4877017389886139,46961.462,10,2026-09-24T14:37:14.047481+00:00
Falcon3-7B-Base,belief_bank_constraints,mlp,13,25610,halu_eval,4,16830,10000,8415,8415,3259,6741,105.2264,3073,0.31860970311368575,0.4050322184719239,0.5238,0.35666036206430696,0.4901797170812091,47067.914,10,2026-09-24T14:37:14.047481+00:00
Falcon3-7B-Base,belief_bank_constraints,mlp,13,25610,halu_eval,24,16830,10000,8415,8415,3259,6741,98.5552,3073,0.31945578231292515,0.3602332003682111,0.5414,0.3386212864147678,0.48999707268254755,47167.7,10,2026-09-24T14:37:14.047481+00:00
Falcon3-7B-Base,belief_bank_constraints,mlp,13,25610,halu_eval,42,16830,10000,8415,8415,3259,6741,102.9596,3073,0.32498653742595585,0.3703590058300092,0.5441,0.3461924566183852,0.49237324785985137,47271.894,10,2026-09-24T14:37:14.047481+00:00
Falcon3-7B-Base,belief_bank_constraints,mlp,13,25610,halu_eval,64,16830,10000,8415,8415,3259,6741,104.3178,3073,0.3192032686414709,0.3835532371893219,0.5325,0.34843205574912894,0.49311616106372824,47377.436,10,2026-09-24T14:37:14.047481+00:00
Falcon3-7B-Base,belief_bank_constraints,mlp,13,25610,halu_eval,67,16830,10000,8415,8415,3259,6741,98.8756,3073,0.3166268894192522,0.36637005216324026,0.5358,0.33968705547652916,0.4911787193534648,47477.542,10,2026-09-24T14:37:14.047481+00:00
Falcon3-7B-Base,belief_bank_constraints,mlp,13,25610,halu_eval,104,16830,10000,8415,8415,3259,6741,106.0129,3073,0.3234100135317997,0.3666768947529917,0.5436,0.3436870865688812,0.494942491253211,47584.803,10,2026-09-24T14:37:14.047481+00:00
Falcon3-7B-Base,belief_bank_constraints,mlp,13,25610,halu_eval,123,16830,10000,8415,8415,3259,6741,97.2581,3073,0.31402439024390244,0.34765265418840136,0.5399,0.32998398136012813,0.49287026821847724,47683.335,10,2026-09-24T14:37:14.047481+00:00
Falcon3-7B-Base,belief_bank_constraints,mlp,13,25610,halu_eval,420,16830,10000,8415,8415,3259,6741,99.0024,3073,0.3138401559454191,0.3458115986498926,0.5404,0.32905109489051093,0.4862154346329012,47783.647,10,2026-09-24T14:37:14.047481+00:00
Falcon3-7B-Base,belief_bank_constraints,mlp,13,25610,halu_eval,511,16830,10000,8415,8415,3259,6741,101.6954,3073,0.31427845528455284,0.37956428352255295,0.5279,0.3438498957609451,0.48958494498523125,47886.617,10,2026-09-24T14:37:14.047481+00:00
Falcon3-7B-Base,belief_bank_constraints,mlp,13,25610,halu_eval,mean,0,0,0,0,0,0,101.97547,3073.0,0.318187559742461,0.363577784596502,0.5387099999999999,0.3390109745199845,0.4908159796119236,89742.907,10,2026-09-24T14:37:14.047481+00:00
Falcon3-7B-Base,belief_bank_constraints,mlp,13,25610,halu_eval,std,0,0,0,0,0,0,3.1752963921656194,0.0,0.0036169782167405425,0.024148511813439705,0.009007158264402801,0.011431259353344589,0.002501001655636949,89742.907,10,2026-09-24T14:37:14.047481+00:00
Falcon3-7B-Base,belief_bank_constraints,mlp,14,25610,belief_bank_constraints,2,16830,7683,8415,8415,3606,4077,102.2408,3073,0.7310143388210303,0.7634498058790904,0.7571261226083561,0.7468800868149755,0.8178173324893471,47990.859,10,2026-09-24T14:37:14.047481+00:00
Falcon3-7B-Base,belief_bank_constraints,mlp,14,25610,belief_bank_constraints,4,16830,7683,8415,8415,3606,4077,103.472,3073,0.7189800210304942,0.7584581253466445,0.747494468306651,0.738191632928475,0.8064818793956765,48095.512,10,2026-09-24T14:37:14.047481+00:00
Falcon3-7B-Base,belief_bank_constraints,mlp,14,25610,belief_bank_constraints,24,16830,7683,8415,8415,3606,4077,100.0544,3073,0.7313907284768212,0.7656683305601775,0.7580372250423012,0.7481371087928465,0.8118372603043112,48196.756,10,2026-09-24T14:37:14.047481+00:00
Falcon3-7B-Base,belief_bank_constraints,mlp,14,25610,belief_bank_constraints,42,16830,7683,8415,8415,3606,4077,101.7875,3073,0.7212765957446808,0.7520798668885191,0.7472341533255239,0.7363562313331523,0.805268479169226,48299.721,10,2026-09-24T14:37:14.047481+00:00
Falcon3-7B-Base,belief_bank_constraints,mlp,14,25610,belief_bank_constraints,64,16830,7683,8415,8415,3606,4077,95.0076,3073,0.7293738242407954,0.7526344980587909,0.7528309254197579,0.7408216186706701,0.8131789453464513,48395.903,10,2026-09-24T14:37:14.047481+00:00
Falcon3-7B-Base,belief_bank_constraints,mlp,14,25610,belief_bank_constraints,67,16830,7683,8415,8415,3606,4077,97.8327,3073,0.7330292460423934,0.7576261785912368,0.7567356501366653,0.7451247783990181,0.8141135335583147,48494.915,10,2026-09-24T14:37:14.047481+00:00
Falcon3-7B-Base,belief_bank_constraints,mlp,14,25610,belief_bank_constraints,104,16830,7683,8415,8415,3606,4077,110.5775,3073,0.7237384140061792,0.7795341098169717,0.756865807627229,0.7506008010680908,0.8143423172155638,48606.685,10,2026-09-24T14:37:14.047481+00:00
Falcon3-7B-Base,belief_bank_constraints,mlp,14,25610,belief_bank_constraints,123,16830,7683,8415,8415,3606,4077,94.634,3073,0.7233986236103759,0.7579034941763727,0.7503579330990499,0.7402491874322861,0.8093083625511184,48702.509,10,2026-09-24T14:37:14.047481+00:00
Falcon3-7B-Base,belief_bank_constraints,mlp,14,25610,belief_bank_constraints,420,16830,7683,8415,8415,3606,4077,94.8868,3073,0.7248072321191172,0.7559622850804215,0.7507484055707406,0.7400570109949776,0.8098381665964025,48798.586,10,2026-09-24T14:37:14.047481+00:00
Falcon3-7B-Base,belief_bank_constraints,mlp,14,25610,belief_bank_constraints,511,16830,7683,8415,8415,3606,4077,94.5392,3073,0.7329025309639203,0.754853022739878,0.7558245477027203,0.7437158469945355,0.8097385179988494,48894.303,10,2026-09-24T14:37:14.047481+00:00
Falcon3-7B-Base,belief_bank_constraints,mlp,14,25610,belief_bank_constraints,mean,0,0,0,0,0,0,99.50325000000001,3073.0,0.7269911555055807,0.7598169717138104,0.7533255238838995,0.7430134303429028,0.811192479462526,89742.907,10,2026-09-24T14:37:14.047481+00:00
Falcon3-7B-Base,belief_bank_constraints,mlp,14,25610,belief_bank_constraints,std,0,0,0,0,0,0,4.9403475465294955,0.0,0.004875580546331982,0.0077295470176608596,0.003922386193276042,0.004387208782550178,0.0036261011823689794,89742.907,10,2026-09-24T14:37:14.047481+00:00
Falcon3-7B-Base,belief_bank_constraints,mlp,14,25610,belief_bank_facts,2,16830,27416,8415,8415,7533,19883,103.9895,3073,0.2705256570713392,0.5738749502190362,0.4577254158155821,0.3677114787564326,0.48739629687782116,49000.187,10,2026-09-24T14:37:14.047481+00:00
Falcon3-7B-Base,belief_bank_constraints,mlp,14,25610,belief_bank_facts,4,16830,27416,8415,8415,7533,19883,104.565,3073,0.2712478681068789,0.5067038364529404,0.49040706156988617,0.35334413330247627,0.5026210446470942,49106.69,10,2026-09-24T14:37:14.047481+00:00
Falcon3-7B-Base,belief_bank_constraints,mlp,14,25610,belief_bank_facts,24,16830,27416,8415,8415,7533,19883,107.2872,3073,0.2619349387410224,0.49382716049382713,0.47858914502480304,0.34230503795721184,0.48451699444271223,49215.999,10,2026-09-24T14:37:14.047481+00:00
Falcon3-7B-Base,belief_bank_constraints,mlp,14,25610,belief_bank_facts,42,16830,27416,8415,8415,7533,19883,105.6275,3073,0.26398491514770583,0.5017921146953405,0.4786985701779983,0.34596375617792424,0.48860625579592826,49323.567,10,2026-09-24T14:37:14.047481+00:00
Falcon3-7B-Base,belief_bank_constraints,mlp,14,25610,belief_bank_facts,64,16830,27416,8415,8415,7533,19883,99.1792,3073,0.2651795895096921,0.49395990973051906,0.4848628538079953,0.34509622072803153,0.48984420602192813,49424.697,10,2026-09-24T14:37:14.047481+00:00
Falcon3-7B-Base,belief_bank_constraints,mlp,14,25610,belief_bank_facts,67,16830,27416,8415,8415,7533,19883,108.56,3073,0.27007641775036867,0.5348466746316208,0.475014590020426,0.3589149703799385,0.4857061693556983,49535.305,10,2026-09-24T14:37:14.047481+00:00
Falcon3-7B-Base,belief_bank_constraints,mlp,14,25610,belief_bank_facts,104,16830,27416,8415,8415,7533,19883,108.119,3073,0.255222071718828,0.4752422673569627,0.4747592646629705,0.3320964749536178,0.4686320757661578,49645.604,10,2026-09-24T14:37:14.047481+00:00
Falcon3-7B-Base,belief_bank_constraints,mlp,14,25610,belief_bank_facts,123,16830,27416,8415,8415,7533,19883,100.4132,3073,0.26308503625576796,0.5298022036373291,0.46305077327108257,0.351583491168568,0.4828430040681569,49747.917,10,2026-09-24T14:37:14.047481+00:00
Falcon3-7B-Base,belief_bank_constraints,mlp,14,25610,belief_bank_facts,420,16830,27416,8415,8415,7533,19883,95.6736,3073,0.2715213486251209,0.5217045001991238,0.48398745258243364,0.35715908574544464,0.48938069533399886,49845.479,10,2026-09-24T14:37:14.047481+00:00
Falcon3-7B-Base,belief_bank_constraints,mlp,14,25610,belief_bank_facts,511,16830,27416,8415,8415,7533,19883,101.1336,3073,0.2831725176212961,0.5493163414310368,0.49409104172745844,0.37370179716427343,0.5070447695815956,49948.506,10,2026-09-24T14:37:14.047481+00:00
Falcon3-7B-Base,belief_bank_constraints,mlp,14,25610,belief_bank_facts,mean,0,0,0,0,0,0,103.45477999999999,3073.0,0.26759503605480195,0.5181069958847736,0.47811861686606355,0.35278764463339185,0.48865915118910913,89742.907,10,2026-09-24T14:37:14.047481+00:00
Falcon3-7B-Base,belief_bank_constraints,mlp,14,25610,belief_bank_facts,std,0,0,0,0,0,0,4.0275466559184645,0.0,0.007144908958417967,0.028142866356570387,0.010725915932682352,0.011671627500963299,0.009986375188222969,89742.907,10,2026-09-24T14:37:14.047481+00:00
Falcon3-7B-Base,belief_bank_constraints,mlp,14,25610,halu_eval,2,16830,10000,8415,8415,3259,6741,99.134,3073,0.3259339469409854,0.7388769561215097,0.4169,0.4523339907955293,0.4899119524269719,50048.869,10,2026-09-24T14:37:14.047481+00:00
Falcon3-7B-Base,belief_bank_constraints,mlp,14,25610,halu_eval,4,16830,10000,8415,8415,3259,6741,106.6866,3073,0.3202786377708978,0.6348573181957655,0.4419,0.4257639674863669,0.4880773605656245,50156.783,10,2026-09-24T14:37:14.047481+00:00
Falcon3-7B-Base,belief_bank_constraints,mlp,14,25610,halu_eval,24,16830,10000,8415,8415,3259,6741,100.0043,3073,0.3219082908754053,0.6397667996317888,0.4434,0.4283073130649137,0.48607380272101686,50258.015,10,2026-09-24T14:37:14.047481+00:00
Falcon3-7B-Base,belief_bank_constraints,mlp,14,25610,halu_eval,42,16830,10000,8415,8415,3259,6741,100.2642,3073,0.31931897150799166,0.5639766799631789,0.4661,0.4077648363838048,0.48724479798027387,50359.509,10,2026-09-24T14:37:14.047481+00:00
Falcon3-7B-Base,belief_bank_constraints,mlp,14,25610,halu_eval,64,16830,10000,8415,8415,3259,6741,100.6869,3073,0.3235587721487397,0.7956428352255293,0.3913,0.46003725716313315,0.4865449683709972,50461.424,10,2026-09-24T14:37:14.047481+00:00
Falcon3-7B-Base,belief_bank_constraints,mlp,14,25610,halu_eval,67,16830,10000,8415,8415,3259,6741,106.242,3073,0.318289384719405,0.5777845965019944,0.4591,0.4104632152588556,0.4886505339657358,50568.891,10,2026-09-24T14:37:14.047481+00:00
Falcon3-7B-Base,belief_bank_constraints,mlp,14,25610,halu_eval,104,16830,10000,8415,8415,3259,6741,108.246,3073,0.32314062748845357,0.6225836146057073,0.452,0.42545607045502204,0.49053715387634683,50678.363,10,2026-09-24T14:37:14.047481+00:00
Falcon3-7B-Base,belief_bank_constraints,mlp,14,25610,halu_eval,123,16830,10000,8415,8415,3259,6741,102.0455,3073,0.32226754817836545,0.7029763731205891,0.4214,0.4419367283950617,0.4879771508101969,50781.634,10,2026-09-24T14:37:14.047481+00:00
Falcon3-7B-Base,belief_bank_constraints,mlp,14,25610,halu_eval,420,16830,10000,8415,8415,3259,6741,97.7809,3073,0.3209529446581829,0.6655415771709113,0.4321,0.4330637915543576,0.4883547296978973,50880.641,10,2026-09-24T14:37:14.047481+00:00
Falcon3-7B-Base,belief_bank_constraints,mlp,14,25610,halu_eval,511,16830,10000,8415,8415,3259,6741,100.5359,3073,0.3230419673883988,0.7416385394292728,0.4093,0.450051205660553,0.4936899262089318,50982.406,10,2026-09-24T14:37:14.047481+00:00
Falcon3-7B-Base,belief_bank_constraints,mlp,14,25610,halu_eval,mean,0,0,0,0,0,0,102.16263000000001,3073.0,0.3218691091676825,0.6683645289966247,0.43335,0.43351783762175977,0.4887062376623993,89742.907,10,2026-09-24T14:37:14.047481+00:00
Falcon3-7B-Base,belief_bank_constraints,mlp,14,25610,halu_eval,std,0,0,0,0,0,0,3.3998130242853053,0.0,0.002126431214303988,0.07133358371104323,0.022403403759250522,0.016579385436750634,0.0021079248850880846,89742.907,10,2026-09-24T14:37:14.047481+00:00
Falcon3-7B-Base,belief_bank_constraints,mlp,15,25610,belief_bank_constraints,2,16830,7683,8415,8415,3606,4077,102.574,3073,0.7103682423609298,0.7542983915696062,0.740335806325654,0.7316745124411567,0.8029577200183218,51087.548,10,2026-09-24T14:37:14.047481+00:00
Falcon3-7B-Base,belief_bank_constraints,mlp,15,25610,belief_bank_constraints,4,16830,7683,8415,8415,3606,4077,107.6986,3073,0.7193823216187434,0.7493067110371603,0.7451516334765066,0.7340396631350177,0.8005172476417973,51196.405,10,2026-09-24T14:37:14.047481+00:00
Falcon3-7B-Base,belief_bank_constraints,mlp,15,25610,belief_bank_constraints,24,16830,7683,8415,8415,3606,4077,102.8336,3073,0.7112228692429857,0.745146977260122,0.7383834439672003,0.7277898158179849,0.7993748597947633,51300.475,10,2026-09-24T14:37:14.047481+00:00
Falcon3-7B-Base,belief_bank_constraints,mlp,15,25610,belief_bank_constraints,42,16830,7683,8415,8415,3606,4077,99.6476,3073,0.717765422292825,0.7518025513033832,0.7447611610048158,0.7343898144385751,0.8017546247492291,51401.356,10,2026-09-24T14:37:14.047481+00:00
Falcon3-7B-Base,belief_bank_constraints,mlp,15,25610,belief_bank_constraints,64,16830,7683,8415,8415,3606,4077,103.8266,3073,0.72670639219935,0.7440377149195785,0.7485357282311597,0.7352699369690326,0.8062502729283261,51506.371,10,2026-09-24T14:37:14.047481+00:00
Falcon3-7B-Base,belief_bank_constraints,mlp,15,25610,belief_bank_constraints,67,16830,7683,8415,8415,3606,4077,105.6105,3073,0.7163101604278075,0.742928452579035,0.7412469087595991,0.7293765314456847,0.7969792803017781,51613.168,10,2026-09-24T14:37:14.047481+00:00
Falcon3-7B-Base,belief_bank_constraints,mlp,15,25610,belief_bank_constraints,104,16830,7683,8415,8415,3606,4077,103.2344,3073,0.7112676056338029,0.7562396006655574,0.7415072237407263,0.7330645161290322,0.8054069329032323,51717.578,10,2026-09-24T14:37:14.047481+00:00
Falcon3-7B-Base,belief_bank_constraints,mlp,15,25610,belief_bank_constraints,123,16830,7683,8415,8415,3606,4077,104.5204,3073,0.7169069462647444,0.7584581253466445,0.7460627359104517,0.737097426222881,0.8028275306560577,51823.279,10,2026-09-24T14:37:14.047481+00:00
Falcon3-7B-Base,belief_bank_constraints,mlp,15,25610,belief_bank_constraints,420,16830,7683,8415,8415,3606,4077,104.7708,3073,0.7162988566870513,0.7470881863560732,0.7424183261746714,0.7313696212841048,0.8046441279904272,51929.231,10,2026-09-24T14:37:14.047481+00:00
Falcon3-7B-Base,belief_bank_constraints,mlp,15,25610,belief_bank_constraints,511,16830,7683,8415,8415,3606,4077,102.3481,3073,0.7185106944811196,0.7545757071547421,0.7460627359104517,0.7361017178412012,0.8030601914259762,52032.765,10,2026-09-24T14:37:14.047481+00:00
Falcon3-7B-Base,belief_bank_constraints,mlp,15,25610,belief_bank_constraints,mean,0,0,0,0,0,0,103.70645999999999,3073.0,0.7164739511209359,0.7503882418191903,0.7434465703501236,0.733017355572467,0.8023772788409909,89742.907,10,2026-09-24T14:37:14.047481+00:00
Falcon3-7B-Base,belief_bank_constraints,mlp,15,25610,belief_bank_constraints,std,0,0,0,0,0,0,2.0483890974128913,0.0,0.004595456828299477,0.005193211003804309,0.0029865117666687487,0.0028154288917005164,0.002689308885163383,89742.907,10,2026-09-24T14:37:14.047481+00:00
Falcon3-7B-Base,belief_bank_constraints,mlp,15,25610,belief_bank_facts,2,16830,27416,8415,8415,7533,19883,103.0057,3073,0.2659454436848742,0.5319261914243993,0.4679749051648672,0.35460176991150444,0.4922539822250621,52137.68,10,2026-09-24T14:37:14.047481+00:00
Falcon3-7B-Base,belief_bank_constraints,mlp,15,25610,belief_bank_facts,4,16830,27416,8415,8415,7533,19883,106.4157,3073,0.2607327037706785,0.5167927784415239,0.46461920046688066,0.34659900284900286,0.48336082490374344,52246.012,10,2026-09-24T14:37:14.047481+00:00
Falcon3-7B-Base,belief_bank_constraints,mlp,15,25610,belief_bank_facts,24,16830,27416,8415,8415,7533,19883,101.4707,3073,0.2537711412463812,0.4421877074206823,0.48945871024219434,0.3224744663342853,0.49078835600849596,52349.383,10,2026-09-24T14:37:14.047481+00:00
Falcon3-7B-Base,belief_bank_constraints,mlp,15,25610,belief_bank_facts,42,16830,27416,8415,8415,7533,19883,100.0663,3073,0.2547780064686857,0.46010885437408733,0.48187189962065946,0.32795571746227,0.48736403593572514,52451.368,10,2026-09-24T14:37:14.047481+00:00
Falcon3-7B-Base,belief_bank_constraints,mlp,15,25610,belief_bank_facts,64,16830,27416,8415,8415,7533,19883,102.6657,3073,0.2626514611546686,0.48918093720961103,0.4823096002334403,0.3417891759031675,0.492919637893091,52555.929,10,2026-09-24T14:37:14.047481+00:00
Falcon3-7B-Base,belief_bank_constraints,mlp,15,25610,belief_bank_facts,67,16830,27416,8415,8415,7533,19883,107.0721,3073,0.2602196057679587,0.5222354971458915,0.46078932010504814,0.3473577325504393,0.48820241650079355,52664.895,10,2026-09-24T14:37:14.047481+00:00
Falcon3-7B-Base,belief_bank_constraints,mlp,15,25610,belief_bank_facts,104,16830,27416,8415,8415,7533,19883,106.1979,3073,0.2621951219512195,0.48519846010885437,0.48340385176539247,0.34042751362175755,0.4888185958212639,52772.995,10,2026-09-24T14:37:14.047481+00:00
Falcon3-7B-Base,belief_bank_constraints,mlp,15,25610,belief_bank_facts,123,16830,27416,8415,8415,7533,19883,108.045,3073,0.26276753549480825,0.49382716049382713,0.4802305223227313,0.343015214384509,0.49225182904753195,52882.897,10,2026-09-24T14:37:14.047481+00:00
Falcon3-7B-Base,belief_bank_constraints,mlp,15,25610,belief_bank_facts,420,16830,27416,8415,8415,7533,19883,104.2557,3073,0.25856555504796713,0.45081640780565513,0.49390866647213305,0.3286398606474089,0.48934617439006106,52988.973,10,2026-09-24T14:37:14.047481+00:00
Falcon3-7B-Base,belief_bank_constraints,mlp,15,25610,belief_bank_facts,511,16830,27416,8415,8415,7533,19883,106.3964,3073,0.2694442672111274,0.5606000265498473,0.4616282462795448,0.36395759717314485,0.5012096250921334,53097.262,10,2026-09-24T14:37:14.047481+00:00
Falcon3-7B-Base,belief_bank_constraints,mlp,15,25610,belief_bank_facts,mean,0,0,0,0,0,0,104.55912000000001,3073.0,0.26110708417983697,0.49528740209743793,0.47661949226728917,0.34168180508374896,0.49065154778179015,89742.907,10,2026-09-24T14:37:14.047481+00:00
Falcon3-7B-Base,belief_bank_constraints,mlp,15,25610,belief_bank_facts,std,0,0,0,0,0,0,2.5256385564050943,0.0,0.004477776244366418,0.03601778162526514,0.011299827179400299,0.012042897511262677,0.004436090315187548,89742.907,10,2026-09-24T14:37:14.047481+00:00
Falcon3-7B-Base,belief_bank_constraints,mlp,15,25610,halu_eval,2,16830,10000,8415,8415,3259,6741,102.1086,3073,0.32894945333544606,0.6370052163240257,0.4582,0.43385579937304075,0.510145993073214,53200.605,10,2026-09-24T14:37:14.047481+00:00
Falcon3-7B-Base,belief_bank_constraints,mlp,15,25610,halu_eval,4,16830,10000,8415,8415,3259,6741,106.7175,3073,0.326033603926751,0.5299171525007671,0.4898,0.40369331463300606,0.4963645457475627,53308.568,10,2026-09-24T14:37:14.047481+00:00
Falcon3-7B-Base,belief_bank_constraints,mlp,15,25610,halu_eval,24,16830,10000,8415,8415,3259,6741,101.1605,3073,0.32399530654150777,0.6778152807609696,0.4341,0.4384241341669148,0.5035372473265526,53410.979,10,2026-09-24T14:37:14.047481+00:00
Falcon3-7B-Base,belief_bank_constraints,mlp,15,25610,halu_eval,42,16830,10000,8415,8415,3259,6741,96.3409,3073,0.32648934515476746,0.6440625958883093,0.451,0.4333195706028076,0.503071612217242,53508.561,10,2026-09-24T14:37:14.047481+00:00
Falcon3-7B-Base,belief_bank_constraints,mlp,15,25610,halu_eval,64,16830,10000,8415,8415,3259,6741,102.4137,3073,0.3229119468358254,0.6560294568886161,0.4396,0.43279352226720647,0.5007209503571842,53612.194,10,2026-09-24T14:37:14.047481+00:00
Falcon3-7B-Base,belief_bank_constraints,mlp,15,25610,halu_eval,67,16830,10000,8415,8415,3259,6741,104.5268,3073,0.32727272727272727,0.7180116600184105,0.4271,0.4496109136324335,0.5055657039838873,53717.963,10,2026-09-24T14:37:14.047481+00:00
Falcon3-7B-Base,belief_bank_constraints,mlp,15,25610,halu_eval,104,16830,10000,8415,8415,3259,6741,102.5701,3073,0.3254695017848828,0.6434489107088064,0.4492,0.4322820037105751,0.5013653380032035,53821.784,10,2026-09-24T14:37:14.047481+00:00
Falcon3-7B-Base,belief_bank_constraints,mlp,15,25610,halu_eval,123,16830,10000,8415,8415,3259,6741,104.7146,3073,0.328033598320084,0.6710647437864375,0.4448,0.4406608905903687,0.5012265055007941,53927.743,10,2026-09-24T14:37:14.047481+00:00
Falcon3-7B-Base,belief_bank_constraints,mlp,15,25610,halu_eval,420,16830,10000,8415,8415,3259,6741,106.7251,3073,0.32423515296940614,0.6633936790426511,0.4397,0.43557973204392064,0.5010019154788635,54035.706,10,2026-09-24T14:37:14.047481+00:00
Falcon3-7B-Base,belief_bank_constraints,mlp,15,25610,halu_eval,511,16830,10000,8415,8415,3259,6741,106.255,3073,0.3297738693467337,0.6443694384780607,0.4573,0.43627298223745714,0.508354780679013,54143.195,10,2026-09-24T14:37:14.047481+00:00
Falcon3-7B-Base,belief_bank_constraints,mlp,15,25610,halu_eval,mean,0,0,0,0,0,0,103.35328,3073.0,0.32631645054881314,0.6485118134397053,0.44908000000000003,0.4336492863257731,0.5031354592367517,89742.907,10,2026-09-24T14:37:14.047481+00:00
Falcon3-7B-Base,belief_bank_constraints,mlp,15,25610,halu_eval,std,0,0,0,0,0,0,3.0226583299473315,0.0,0.002118652441370623,0.04553594689604572,0.016481067926563505,0.01112411393092528,0.003813988276774284,89742.907,10,2026-09-24T14:37:14.047481+00:00
Falcon3-7B-Base,belief_bank_constraints,mlp,16,25610,belief_bank_constraints,2,16830,7683,8415,8415,3606,4077,96.2875,3073,0.7062863180137348,0.7415418746533555,0.7339580892880385,0.7234848484848485,0.7900056129708328,54241.827,10,2026-09-24T14:37:14.047481+00:00
Falcon3-7B-Base,belief_bank_constraints,mlp,16,25610,belief_bank_constraints,4,16830,7683,8415,8415,3606,4077,94.6746,3073,0.7038208168642951,0.7407099278979479,0.7320057269295848,0.7217943521145791,0.7908573193969499,54337.687,10,2026-09-24T14:37:14.047481+00:00
Falcon3-7B-Base,belief_bank_constraints,mlp,16,25610,belief_bank_constraints,24,16830,7683,8415,8415,3606,4077,100.4405,3073,0.7013192612137203,0.7371048252911814,0.7292724196277496,0.7187669010275824,0.7896866014196219,54439.32,10,2026-09-24T14:37:14.047481+00:00
Falcon3-7B-Base,belief_bank_constraints,mlp,16,25610,belief_bank_constraints,42,16830,7683,8415,8415,3606,4077,105.7767,3073,0.7111585691404164,0.7387687188019967,0.7365612390993101,0.7247007616974973,0.7920550751336821,54546.278,10,2026-09-24T14:37:14.047481+00:00
Falcon3-7B-Base,belief_bank_constraints,mlp,16,25610,belief_bank_constraints,64,16830,7683,8415,8415,3606,4077,109.2845,3073,0.6972016895459345,0.7323904603438713,0.725107379929715,0.7143629970246146,0.7868669542259915,54656.744,10,2026-09-24T14:37:14.047481+00:00
Falcon3-7B-Base,belief_bank_constraints,mlp,16,25610,belief_bank_constraints,67,16830,7683,8415,8415,3606,4077,103.8736,3073,0.7137139807897546,0.7418191902384914,0.7391643889105818,0.7274952406853413,0.7944801750985704,54761.799,10,2026-09-24T14:37:14.047481+00:00
Falcon3-7B-Base,belief_bank_constraints,mlp,16,25610,belief_bank_constraints,104,16830,7683,8415,8415,3606,4077,108.842,3073,0.7022049286640726,0.7506932889628397,0.7335676168163477,0.7256399946387884,0.7917973491704543,54871.798,10,2026-09-24T14:37:14.047481+00:00
Falcon3-7B-Base,belief_bank_constraints,mlp,16,25610,belief_bank_constraints,123,16830,7683,8415,8415,3606,4077,99.1995,3073,0.7040843214756258,0.7409872434830838,0.732266041910712,0.7220645858667748,0.7909015660950443,54972.132,10,2026-09-24T14:37:14.047481+00:00
Falcon3-7B-Base,belief_bank_constraints,mlp,16,25610,belief_bank_constraints,420,16830,7683,8415,8415,3606,4077,101.4392,3073,0.7021893959377473,0.7382140876317249,0.7301835220616947,0.7197512505069623,0.7916772266972264,55074.804,10,2026-09-24T14:37:14.047481+00:00
Falcon3-7B-Base,belief_bank_constraints,mlp,16,25610,belief_bank_constraints,511,16830,7683,8415,8415,3606,4077,98.5129,3073,0.7032498668087374,0.7321131447587355,0.7292724196277496,0.717391304347826,0.7884189896353214,55174.499,10,2026-09-24T14:37:14.047481+00:00
Falcon3-7B-Base,belief_bank_constraints,mlp,16,25610,belief_bank_constraints,mean,0,0,0,0,0,0,101.83309999999999,3073.0,0.7045229148454039,0.7394342762063228,0.7321358844201484,0.7215452236394815,0.7906746869843695,89742.907,10,2026-09-24T14:37:14.047481+00:00
Falcon3-7B-Base,belief_bank_constraints,mlp,16,25610,belief_bank_constraints,std,0,0,0,0,0,0,4.758314123300394,0.0,0.004567332435675929,0.005015043618616663,0.0037947103311501253,0.0038209692519603176,0.001993701798854894,89742.907,10,2026-09-24T14:37:14.047481+00:00
Falcon3-7B-Base,belief_bank_constraints,mlp,16,25610,belief_bank_facts,2,16830,27416,8415,8415,7533,19883,104.9248,3073,0.2737139850019734,0.5523695738749502,0.4742850889991246,0.36604354519463383,0.5015366042950891,55281.3,10,2026-09-24T14:37:14.047481+00:00
Falcon3-7B-Base,belief_bank_constraints,mlp,16,25610,belief_bank_facts,4,16830,27416,8415,8415,7533,19883,101.6968,3073,0.26433720854711956,0.5402893933359884,0.46053399474759266,0.3549934583515046,0.483813729940489,55384.849,10,2026-09-24T14:37:14.047481+00:00
Falcon3-7B-Base,belief_bank_constraints,mlp,16,25610,belief_bank_facts,24,16830,27416,8415,8415,7533,19883,100.9728,3073,0.25606250460676644,0.46117084826762245,0.48380507732710826,0.32928909952606633,0.4768394710810532,55487.669,10,2026-09-24T14:37:14.047481+00:00
Falcon3-7B-Base,belief_bank_constraints,mlp,16,25610,belief_bank_facts,42,16830,27416,8415,8415,7533,19883,96.9869,3073,0.26039811013864145,0.4463029337581309,0.49956229938721913,0.3288984543142242,0.4956112233066826,55586.564,10,2026-09-24T14:37:14.047481+00:00
Falcon3-7B-Base,belief_bank_constraints,mlp,16,25610,belief_bank_facts,64,16830,27416,8415,8415,7533,19883,108.8542,3073,0.2669419321011928,0.540687641046064,0.465822877152028,0.35742178930279495,0.48560730345533454,55697.33,10,2026-09-24T14:37:14.047481+00:00
Falcon3-7B-Base,belief_bank_constraints,mlp,16,25610,belief_bank_facts,67,16830,27416,8415,8415,7533,19883,102.4106,3073,0.26199784308438934,0.5159962830213727,0.4676466297052816,0.3475345344002861,0.4811614224909601,55801.637,10,2026-09-24T14:37:14.047481+00:00
Falcon3-7B-Base,belief_bank_constraints,mlp,16,25610,belief_bank_facts,104,16830,27416,8415,8415,7533,19883,104.0999,3073,0.25608902575587905,0.4857294570556219,0.47100233440326816,0.33536501535218366,0.4740763500995626,55907.628,10,2026-09-24T14:37:14.047481+00:00
Falcon3-7B-Base,belief_bank_constraints,mlp,16,25610,belief_bank_facts,123,16830,27416,8415,8415,7533,19883,97.6617,3073,0.2610266027644648,0.4988716314881189,0.4742486139480595,0.34272685818513454,0.49054011299969147,56007.184,10,2026-09-24T14:37:14.047481+00:00
Falcon3-7B-Base,belief_bank_constraints,mlp,16,25610,belief_bank_facts,420,16830,27416,8415,8415,7533,19883,92.0531,3073,0.2705773243681892,0.4647550776583035,0.508681062153487,0.3420281359906213,0.4978144947625008,56101.131,10,2026-09-24T14:37:14.047481+00:00
Falcon3-7B-Base,belief_bank_constraints,mlp,16,25610,belief_bank_facts,511,16830,27416,8415,8415,7533,19883,101.618,3073,0.27004136300965137,0.5459976105137395,0.46972570761599064,0.3613600421718503,0.49567074781604875,56204.639,10,2026-09-24T14:37:14.047481+00:00
Falcon3-7B-Base,belief_bank_constraints,mlp,16,25610,belief_bank_facts,mean,0,0,0,0,0,0,101.12788,3073.0,0.2641185899378267,0.5052170450019913,0.47753136854391603,0.34656609327892995,0.4882671460247412,89742.907,10,2026-09-24T14:37:14.047481+00:00
Falcon3-7B-Base,belief_bank_constraints,mlp,16,25610,belief_bank_facts,std,0,0,0,0,0,0,4.435003768837182,0.0,0.005780652960117811,0.037361720228868696,0.014641050967036998,0.012487887981200435,0.00889109097943662,89742.907,10,2026-09-24T14:37:14.047481+00:00
Falcon3-7B-Base,belief_bank_constraints,mlp,16,25610,halu_eval,2,16830,10000,8415,8415,3259,6741,102.8549,3073,0.3258991360257183,0.49769868057686406,0.5008,0.39388052452646916,0.49673158702073594,56308.731,10,2026-09-24T14:37:14.047481+00:00
Falcon3-7B-Base,belief_bank_constraints,mlp,16,25610,halu_eval,4,16830,10000,8415,8415,3259,6741,97.657,3073,0.3203370229638196,0.5949677815280761,0.4566,0.4164518900343643,0.49352837979875114,56407.563,10,2026-09-24T14:37:14.047481+00:00
Falcon3-7B-Base,belief_bank_constraints,mlp,16,25610,halu_eval,24,16830,10000,8415,8415,3259,6741,96.9129,3073,0.3254562920268972,0.519791347038969,0.4924,0.4002835538752363,0.4965869281051107,56505.682,10,2026-09-24T14:37:14.047481+00:00
Falcon3-7B-Base,belief_bank_constraints,mlp,16,25610,halu_eval,42,16830,10000,8415,8415,3259,6741,97.881,3073,0.3181715320208192,0.43142068119054927,0.5134,0.36624120864808546,0.4934024291318112,56604.827,10,2026-09-24T14:37:14.047481+00:00
Falcon3-7B-Base,belief_bank_constraints,mlp,16,25610,halu_eval,64,16830,10000,8415,8415,3259,6741,109.9365,3073,0.3268608414239482,0.6508131328628414,0.4494,0.4351661879359869,0.498888406844233,56715.994,10,2026-09-24T14:37:14.047481+00:00
Falcon3-7B-Base,belief_bank_constraints,mlp,16,25610,halu_eval,67,16830,10000,8415,8415,3259,6741,95.8229,3073,0.3233379364766226,0.5029150046026388,0.495,0.393611911623439,0.49494224089951805,56813.057,10,2026-09-24T14:37:14.047481+00:00
Falcon3-7B-Base,belief_bank_constraints,mlp,16,25610,halu_eval,104,16830,10000,8415,8415,3259,6741,98.8523,3073,0.32302070645554204,0.40687327401043266,0.5288,0.3601303639326453,0.4924960804853439,56913.156,10,2026-09-24T14:37:14.047481+00:00
Falcon3-7B-Base,belief_bank_constraints,mlp,16,25610,halu_eval,123,16830,10000,8415,8415,3259,6741,96.7287,3073,0.32135901320060595,0.4556612457809144,0.509,0.3769035532994924,0.4936053066607419,57011.131,10,2026-09-24T14:37:14.047481+00:00
Falcon3-7B-Base,belief_bank_constraints,mlp,16,25610,halu_eval,420,16830,10000,8415,8415,3259,6741,100.3306,3073,0.3251074967283604,0.5335992635777846,0.487,0.40404275092936803,0.5011747960835032,57112.682,10,2026-09-24T14:37:14.047481+00:00
Falcon3-7B-Base,belief_bank_constraints,mlp,16,25610,halu_eval,511,16830,10000,8415,8415,3259,6741,93.4219,3073,0.3197571960054827,0.50107394906413,0.49,0.39038967248386325,0.4953829089178216,57207.332,10,2026-09-24T14:37:14.047481+00:00
Falcon3-7B-Base,belief_bank_constraints,mlp,16,25610,halu_eval,mean,0,0,0,0,0,0,99.03987,3073.0,0.3229307173327816,0.50948143602332,0.49224000000000007,0.393710161728895,0.49567390639475695,89742.907,10,2026-09-24T14:37:14.047481+00:00
Falcon3-7B-Base,belief_bank_constraints,mlp,16,25610,halu_eval,std,0,0,0,0,0,0,4.35916810711631,0.0,0.0027832857068857725,0.06909536459801804,0.022987266040136223,0.021357511125556214,0.0025943339624351263,89742.907,10,2026-09-24T14:37:14.047481+00:00
Falcon3-7B-Base,belief_bank_constraints,mlp,17,25610,belief_bank_constraints,2,16830,7683,8415,8415,3606,4077,94.8158,3073,0.720305504345536,0.7584581253466445,0.7484055707405961,0.7388896393354045,0.8106235539900183,57303.987,10,2026-09-24T14:37:14.047481+00:00
Falcon3-7B-Base,belief_bank_constraints,mlp,17,25610,belief_bank_constraints,4,16830,7683,8415,8415,3606,4077,97.1825,3073,0.7214060860440713,0.7626178591236827,0.7503579330990499,0.7414397411701267,0.8096958697594872,57402.312,10,2026-09-24T14:37:14.047481+00:00
Falcon3-7B-Base,belief_bank_constraints,mlp,17,25610,belief_bank_constraints,24,16830,7683,8415,8415,3606,4077,96.3456,3073,0.7206777866031242,0.754853022739878,0.7476246257972147,0.737369632940539,0.8074623807838869,57499.802,10,2026-09-24T14:37:14.047481+00:00
Falcon3-7B-Base,belief_bank_constraints,mlp,17,25610,belief_bank_constraints,42,16830,7683,8415,8415,3606,4077,98.1118,3073,0.7271037961242368,0.759567387687188,0.7533515553820123,0.7429811474298115,0.8075433920328192,57599.06,10,2026-09-24T14:37:14.047481+00:00
Falcon3-7B-Base,belief_bank_constraints,mlp,17,25610,belief_bank_constraints,64,16830,7683,8415,8415,3606,4077,90.2105,3073,0.7161138678506137,0.7603993344425957,0.7460627359104517,0.7375924680564896,0.8030255014705139,57690.423,10,2026-09-24T14:37:14.047481+00:00
Falcon3-7B-Base,belief_bank_constraints,mlp,17,25610,belief_bank_constraints,67,16830,7683,8415,8415,3606,4077,94.7172,3073,0.7274189225408738,0.7526344980587909,0.7515293505141221,0.7398119122257053,0.8123678805838415,57786.315,10,2026-09-24T14:37:14.047481+00:00
Falcon3-7B-Base,belief_bank_constraints,mlp,17,25610,belief_bank_constraints,104,16830,7683,8415,8415,3606,4077,87.8502,3073,0.7196652719665272,0.7631724902939545,0.7493166731745412,0.7407806191117093,0.8134348347826252,57875.338,10,2026-09-24T14:37:14.047481+00:00
Falcon3-7B-Base,belief_bank_constraints,mlp,17,25610,belief_bank_constraints,123,16830,7683,8415,8415,3606,4077,103.0978,3073,0.7191276931161324,0.7590127565169162,0.7477547832877782,0.7385321100917431,0.8038494899420214,57979.609,10,2026-09-24T14:37:14.047481+00:00
Falcon3-7B-Base,belief_bank_constraints,mlp,17,25610,belief_bank_constraints,420,16830,7683,8415,8415,3606,4077,93.6417,3073,0.7162090813093981,0.752357182473655,0.7438500585708707,0.7338382472274817,0.806721308107886,58074.422,10,2026-09-24T14:37:14.047481+00:00
Falcon3-7B-Base,belief_bank_constraints,mlp,17,25610,belief_bank_constraints,511,16830,7683,8415,8415,3606,4077,95.373,3073,0.7126954677975086,0.7457016084303938,0.7395548613822726,0.7288250440439084,0.8037366115477285,58170.966,10,2026-09-24T14:37:14.047481+00:00
Falcon3-7B-Base,belief_bank_constraints,mlp,17,25610,belief_bank_constraints,mean,0,0,0,0,0,0,95.13461000000001,3073.0,0.7200723477698021,0.7568774265113699,0.7477808147858909,0.738006056163292,0.8078460823000828,89742.907,10,2026-09-24T14:37:14.047481+00:00
Falcon3-7B-Base,belief_bank_constraints,mlp,17,25610,belief_bank_constraints,std,0,0,0,0,0,0,3.9724976378721757,0.0,0.004378173535238412,0.005164402508233479,0.0037492587556712414,0.0038832486138433288,0.0034701490137129046,89742.907,10,2026-09-24T14:37:14.047481+00:00
Falcon3-7B-Base,belief_bank_constraints,mlp,17,25610,belief_bank_facts,2,16830,27416,8415,8415,7533,19883,93.6241,3073,0.2745002437835202,0.5231647418027346,0.48905748468047855,0.3600730927364093,0.5161311654060363,58266.474,10,2026-09-24T14:37:14.047481+00:00
Falcon3-7B-Base,belief_bank_constraints,mlp,17,25610,belief_bank_facts,4,16830,27416,8415,8415,7533,19883,98.4828,3073,0.2768875415042587,0.5092260719500863,0.4997446746425445,0.35872258848833405,0.5160904920494037,58366.886,10,2026-09-24T14:37:14.047481+00:00
Falcon3-7B-Base,belief_bank_constraints,mlp,17,25610,belief_bank_facts,24,16830,27416,8415,8415,7533,19883,98.8093,3073,0.27343565525383706,0.46117084826762245,0.5152465713451999,0.3433145567743848,0.5131042017279914,58467.696,10,2026-09-24T14:37:14.047481+00:00
Falcon3-7B-Base,belief_bank_constraints,mlp,17,25610,belief_bank_facts,42,16830,27416,8415,8415,7533,19883,101.1726,3073,0.26949549958399516,0.47298553033320057,0.5029180040852057,0.3433554977353763,0.5207211356754283,58570.851,10,2026-09-24T14:37:14.047481+00:00
Falcon3-7B-Base,belief_bank_constraints,mlp,17,25610,belief_bank_facts,64,16830,27416,8415,8415,7533,19883,97.7067,3073,0.27390552995391704,0.5049780963759458,0.4961701196381675,0.35516549180710516,0.5260546699185857,58670.501,10,2026-09-24T14:37:14.047481+00:00
Falcon3-7B-Base,belief_bank_constraints,mlp,17,25610,belief_bank_facts,67,16830,27416,8415,8415,7533,19883,100.1548,3073,0.270977508650519,0.49900438072481085,0.4934709658593522,0.3512263489838823,0.518017258789486,58772.549,10,2026-09-24T14:37:14.047481+00:00
Falcon3-7B-Base,belief_bank_constraints,mlp,17,25610,belief_bank_facts,104,16830,27416,8415,8415,7533,19883,94.0492,3073,0.2715040150473848,0.4982078853046595,0.49482054274875986,0.3514703127926578,0.5148771848567806,58868.482,10,2026-09-24T14:37:14.047481+00:00
Falcon3-7B-Base,belief_bank_constraints,mlp,17,25610,belief_bank_facts,123,16830,27416,8415,8415,7533,19883,105.3064,3073,0.27886212624584716,0.5348466746316208,0.49215786402100964,0.3665893271461717,0.5308202626944687,58975.676,10,2026-09-24T14:37:14.047481+00:00
Falcon3-7B-Base,belief_bank_constraints,mlp,17,25610,belief_bank_facts,420,16830,27416,8415,8415,7533,19883,94.1295,3073,0.2754725024868552,0.5146687906544537,0.49471111759556463,0.35886518257971955,0.521633241706783,59071.684,10,2026-09-24T14:37:14.047481+00:00
Falcon3-7B-Base,belief_bank_constraints,mlp,17,25610,belief_bank_facts,511,16830,27416,8415,8415,7533,19883,98.7061,3073,0.281451502263685,0.5446701181468206,0.4928144149401809,0.37112749310298043,0.5235804719790517,59172.268,10,2026-09-24T14:37:14.047481+00:00
Falcon3-7B-Base,belief_bank_constraints,mlp,17,25610,belief_bank_facts,mean,0,0,0,0,0,0,98.21414999999999,3073.0,0.27464921247738194,0.5062923138191955,0.49711117595564636,0.3559909892147021,0.5201030084804016,89742.907,10,2026-09-24T14:37:14.047481+00:00
Falcon3-7B-Base,belief_bank_constraints,mlp,17,25610,belief_bank_facts,std,0,0,0,0,0,0,3.4473785499274667,0.0,0.0034884111137482303,0.024325184714211946,0.007089079833485068,0.00859064636842077,0.005268936941137628,89742.907,10,2026-09-24T14:37:14.047481+00:00
Falcon3-7B-Base,belief_bank_constraints,mlp,17,25610,halu_eval,2,16830,10000,8415,8415,3259,6741,89.5811,3073,0.3304883831199621,0.6416078551702976,0.4596,0.4362612142708116,0.5097730798679716,59263.075,10,2026-09-24T14:37:14.047481+00:00
Falcon3-7B-Base,belief_bank_constraints,mlp,17,25610,halu_eval,4,16830,10000,8415,8415,3259,6741,100.7002,3073,0.3294567468535925,0.6345504756060141,0.46,0.4337248322147651,0.5153619757075895,59365.017,10,2026-09-24T14:37:14.047481+00:00
Falcon3-7B-Base,belief_bank_constraints,mlp,17,25610,halu_eval,24,16830,10000,8415,8415,3259,6741,94.1676,3073,0.3299723532281672,0.6225836146057073,0.465,0.43133503401360546,0.5078427618582416,59460.428,10,2026-09-24T14:37:14.047481+00:00
Falcon3-7B-Base,belief_bank_constraints,mlp,17,25610,halu_eval,42,16830,10000,8415,8415,3259,6741,97.7506,3073,0.3281063321385902,0.6741331696839521,0.4439,0.44138623807132094,0.5092048680228645,59559.426,10,2026-09-24T14:37:14.047481+00:00
Falcon3-7B-Base,belief_bank_constraints,mlp,17,25610,halu_eval,64,16830,10000,8415,8415,3259,6741,97.3229,3073,0.3296014330497089,0.6775084381712182,0.4458,0.44346254267925284,0.502830385054449,59657.981,10,2026-09-24T14:37:14.047481+00:00
Falcon3-7B-Base,belief_bank_constraints,mlp,17,25610,halu_eval,67,16830,10000,8415,8415,3259,6741,99.7199,3073,0.33202757756189283,0.6501994476833385,0.4597,0.4395809563323307,0.5115813390727145,59758.934,10,2026-09-24T14:37:14.047481+00:00
Falcon3-7B-Base,belief_bank_constraints,mlp,17,25610,halu_eval,104,16830,10000,8415,8415,3259,6741,88.2395,3073,0.331194622670333,0.6652347345811599,0.4531,0.4422233554309026,0.5097765393008187,59848.408,10,2026-09-24T14:37:14.047481+00:00
Falcon3-7B-Base,belief_bank_constraints,mlp,17,25610,halu_eval,123,16830,10000,8415,8415,3259,6741,102.5983,3073,0.330064308681672,0.6299478367597422,0.4627,0.4331680557020783,0.5067027421786207,59952.266,10,2026-09-24T14:37:14.047481+00:00
Falcon3-7B-Base,belief_bank_constraints,mlp,17,25610,halu_eval,420,16830,10000,8415,8415,3259,6741,88.8567,3073,0.3291877782895747,0.6578705124271249,0.4516,0.43880474826033566,0.5058265270130042,60042.356,10,2026-09-24T14:37:14.047481+00:00
Falcon3-7B-Base,belief_bank_constraints,mlp,17,25610,halu_eval,511,16830,10000,8415,8415,3259,6741,97.966,3073,0.32927514515826933,0.5394292727830623,0.4918,0.4089323098394976,0.5086915746742022,60141.579,10,2026-09-24T14:37:14.047481+00:00
Falcon3-7B-Base,belief_bank_constraints,mlp,17,25610,halu_eval,mean,0,0,0,0,0,0,95.69028,3073.0,0.32993746807517627,0.6393065357471617,0.45931999999999995,0.43488792868149007,0.5087591792750477,89742.907,10,2026-09-24T14:37:14.047481+00:00
Falcon3-7B-Base,belief_bank_constraints,mlp,17,25610,halu_eval,std,0,0,0,0,0,0,4.929500147438882,0.0,0.0010472624271350185,0.03765428688765332,0.012720754694592617,0.009483883063573213,0.0032038654145136506,89742.907,10,2026-09-24T14:37:14.047481+00:00
Falcon3-7B-Base,belief_bank_constraints,mlp,18,25610,belief_bank_constraints,2,16830,7683,8415,8415,3606,4077,90.6728,3073,0.7175141242937854,0.7396006655574043,0.7411167512690355,0.7283900040966816,0.8013090288703413,60234.136,10,2026-09-24T14:37:14.047481+00:00
Falcon3-7B-Base,belief_bank_constraints,mlp,18,25610,belief_bank_constraints,4,16830,7683,8415,8415,3606,4077,97.3134,3073,0.71705118005834,0.7498613422074321,0.7437199010803072,0.7330893317066558,0.7989762994143111,60332.649,10,2026-09-24T14:37:14.047481+00:00
Falcon3-7B-Base,belief_bank_constraints,mlp,18,25610,belief_bank_constraints,24,16830,7683,8415,8415,3606,4077,92.743,3073,0.7097196751375425,0.7512479201331115,0.7390342314200182,0.7298935740266739,0.8021845081188779,60426.591,10,2026-09-24T14:37:14.047481+00:00
Falcon3-7B-Base,belief_bank_constraints,mlp,18,25610,belief_bank_constraints,42,16830,7683,8415,8415,3606,4077,98.1383,3073,0.7143612800846337,0.7490293954520244,0.7416373812312899,0.7312846893190741,0.8022644650652423,60525.909,10,2026-09-24T14:37:14.047481+00:00
Falcon3-7B-Base,belief_bank_constraints,mlp,18,25610,belief_bank_constraints,64,16830,7683,8415,8415,3606,4077,97.0925,3073,0.7180451127819549,0.7415418746533555,0.7420278537029806,0.7296043656207367,0.7979157730602159,60624.187,10,2026-09-24T14:37:14.047481+00:00
Falcon3-7B-Base,belief_bank_constraints,mlp,18,25610,belief_bank_constraints,67,16830,7683,8415,8415,3606,4077,97.7218,3073,0.7156836815657234,0.7504159733777038,0.7429389561369257,0.732638418843915,0.8026199350794488,60723.085,10,2026-09-24T14:37:14.047481+00:00
Falcon3-7B-Base,belief_bank_constraints,mlp,18,25610,belief_bank_constraints,104,16830,7683,8415,8415,3606,4077,92.026,3073,0.7051514367072224,0.7554076539101497,0.7369517115710009,0.7294149149819253,0.7970685219126925,60816.294,10,2026-09-24T14:37:14.047481+00:00
Falcon3-7B-Base,belief_bank_constraints,mlp,18,25610,belief_bank_constraints,123,16830,7683,8415,8415,3606,4077,91.9618,3073,0.7220765600419508,0.7637271214642263,0.7511388780424313,0.7423180592991914,0.8074435393767044,60909.447,10,2026-09-24T14:37:14.047481+00:00
Falcon3-7B-Base,belief_bank_constraints,mlp,18,25610,belief_bank_constraints,420,16830,7683,8415,8415,3606,4077,91.0724,3073,0.7209612817089452,0.7487520798668885,0.7460627359104517,0.7345939327982587,0.8004841901548275,61001.693,10,2026-09-24T14:37:14.047481+00:00
Falcon3-7B-Base,belief_bank_constraints,mlp,18,25610,belief_bank_constraints,511,16830,7683,8415,8415,3606,4077,95.6618,3073,0.7139058760967828,0.7445923460898503,0.7400754913445269,0.7289262929279218,0.8000423693593282,61098.531,10,2026-09-24T14:37:14.047481+00:00
Falcon3-7B-Base,belief_bank_constraints,mlp,18,25610,belief_bank_constraints,mean,0,0,0,0,0,0,94.44037999999999,3073.0,0.7154470208476882,0.7494176372712147,0.7424703891708968,0.7320153583621034,0.801030863041199,89742.907,10,2026-09-24T14:37:14.047481+00:00
Falcon3-7B-Base,belief_bank_constraints,mlp,18,25610,belief_bank_constraints,std,0,0,0,0,0,0,2.856813217135487,0.0,0.004799642674442967,0.0065380641279163005,0.0037489876367221325,0.0039323386480069195,0.002783500500865342,89742.907,10,2026-09-24T14:37:14.047481+00:00
Falcon3-7B-Base,belief_bank_constraints,mlp,18,25610,belief_bank_facts,2,16830,27416,8415,8415,7533,19883,91.2055,3073,0.2723291745848137,0.4375414841364662,0.5242194339072075,0.33570992055408433,0.4954520450676548,61191.626,10,2026-09-24T14:37:14.047481+00:00
Falcon3-7B-Base,belief_bank_constraints,mlp,18,25610,belief_bank_facts,4,16830,27416,8415,8415,7533,19883,97.7027,3073,0.2675053799039894,0.4290455329881853,0.5203166034432448,0.32954371654346165,0.4921687464392035,61291.177,10,2026-09-24T14:37:14.047481+00:00
Falcon3-7B-Base,belief_bank_constraints,mlp,18,25610,belief_bank_facts,24,16830,27416,8415,8415,7533,19883,92.5666,3073,0.26221470836855454,0.41178813221823973,0.5200248030347242,0.32040489593554716,0.4729811705659844,61385.583,10,2026-09-24T14:37:14.047481+00:00
Falcon3-7B-Base,belief_bank_constraints,mlp,18,25610,belief_bank_facts,42,16830,27416,8415,8415,7533,19883,98.6649,3073,0.2586456981448966,0.44975441391212,0.4946016924423694,0.3284218689414502,0.4788056960512239,61486.092,10,2026-09-24T14:37:14.047481+00:00
Falcon3-7B-Base,belief_bank_constraints,mlp,18,25610,belief_bank_facts,64,16830,27416,8415,8415,7533,19883,91.9215,3073,0.2682495773782081,0.46342758529138456,0.5052159323023052,0.33980629775636345,0.4858812710936704,61579.866,10,2026-09-24T14:37:14.047481+00:00
Falcon3-7B-Base,belief_bank_constraints,mlp,18,25610,belief_bank_facts,67,16830,27416,8415,8415,7533,19883,99.1779,3073,0.27070622649394066,0.42997477764502856,0.5250948351327692,0.3322392040209252,0.4931553590896229,61680.928,10,2026-09-24T14:37:14.047481+00:00
Falcon3-7B-Base,belief_bank_constraints,mlp,18,25610,belief_bank_facts,104,16830,27416,8415,8415,7533,19883,92.0043,3073,0.2693979394719897,0.44431169520775254,0.5162313977239568,0.33542115548429124,0.4888660658747206,61774.827,10,2026-09-24T14:37:14.047481+00:00
Falcon3-7B-Base,belief_bank_constraints,mlp,18,25610,belief_bank_facts,123,16830,27416,8415,8415,7533,19883,92.4914,3073,0.267513069454817,0.4755077658303465,0.49813977239568136,0.3423983176408737,0.4818428180536478,61869.194,10,2026-09-24T14:37:14.047481+00:00
Falcon3-7B-Base,belief_bank_constraints,mlp,18,25610,belief_bank_facts,420,16830,27416,8415,8415,7533,19883,91.5234,3073,0.26422558922558925,0.41669985397583964,0.5209002042602859,0.32339154175037343,0.47735170700810015,61962.625,10,2026-09-24T14:37:14.047481+00:00
Falcon3-7B-Base,belief_bank_constraints,mlp,18,25610,belief_bank_facts,511,16830,27416,8415,8415,7533,19883,96.1239,3073,0.2739998526486407,0.49369441125713526,0.5014590020426029,0.3524116365014688,0.4934708446643049,62060.606,10,2026-09-24T14:37:14.047481+00:00
Falcon3-7B-Base,belief_bank_constraints,mlp,18,25610,belief_bank_facts,mean,0,0,0,0,0,0,94.33821,3073.0,0.26747872156754393,0.4451745652462498,0.5126203676685148,0.333974855512884,0.48599757239081337,89742.907,10,2026-09-24T14:37:14.047481+00:00
Falcon3-7B-Base,belief_bank_constraints,mlp,18,25610,belief_bank_facts,std,0,0,0,0,0,0,3.036861652248914,0.0,0.004439181764332113,0.024706430454576527,0.010952468481832045,0.008942097248648887,0.007456263850337813,89742.907,10,2026-09-24T14:37:14.047481+00:00
Falcon3-7B-Base,belief_bank_constraints,mlp,18,25610,halu_eval,2,16830,10000,8415,8415,3259,6741,96.4524,3073,0.32501572656741456,0.4756060141147591,0.5072,0.3861484803188839,0.49529571755442314,62158.281,10,2026-09-24T14:37:14.047481+00:00
Falcon3-7B-Base,belief_bank_constraints,mlp,18,25610,halu_eval,4,16830,10000,8415,8415,3259,6741,98.1173,3073,0.3218150087260035,0.5658177355016877,0.4699,0.410279230170208,0.4902577819145312,62257.616,10,2026-09-24T14:37:14.047481+00:00
Falcon3-7B-Base,belief_bank_constraints,mlp,18,25610,halu_eval,24,16830,10000,8415,8415,3259,6741,92.6953,3073,0.3251810136765889,0.6201288738876957,0.4568,0.42664133417774963,0.49442155073720284,62351.55,10,2026-09-24T14:37:14.047481+00:00
Falcon3-7B-Base,belief_bank_constraints,mlp,18,25610,halu_eval,42,16830,10000,8415,8415,3259,6741,93.4911,3073,0.32079252003561887,0.44216017183185025,0.5131,0.3718229905818604,0.4912962717919803,62446.289,10,2026-09-24T14:37:14.047481+00:00
Falcon3-7B-Base,belief_bank_constraints,mlp,18,25610,halu_eval,64,16830,10000,8415,8415,3259,6741,96.3034,3073,0.3219873150105708,0.4673212641914698,0.5057,0.38127425209663285,0.4905740696663318,62543.882,10,2026-09-24T14:37:14.047481+00:00
Falcon3-7B-Base,belief_bank_constraints,mlp,18,25610,halu_eval,67,16830,10000,8415,8415,3259,6741,97.0853,3073,0.3162592161428017,0.5001534212948757,0.4847,0.3874955426126233,0.4848056929883532,62642.211,10,2026-09-24T14:37:14.047481+00:00
Falcon3-7B-Base,belief_bank_constraints,mlp,18,25610,halu_eval,104,16830,10000,8415,8415,3259,6741,93.4797,3073,0.31724611161939614,0.42559067198527156,0.5143,0.36351723234176386,0.4924813323768912,62736.95,10,2026-09-24T14:37:14.047481+00:00
Falcon3-7B-Base,belief_bank_constraints,mlp,18,25610,halu_eval,123,16830,10000,8415,8415,3259,6741,91.7642,3073,0.32031671765341013,0.5461798097575944,0.4744,0.40381125226860254,0.4877164188187867,62829.974,10,2026-09-24T14:37:14.047481+00:00
Falcon3-7B-Base,belief_bank_constraints,mlp,18,25610,halu_eval,420,16830,10000,8415,8415,3259,6741,95.459,3073,0.3257226644323418,0.47714022706351644,0.5077,0.38715299390016183,0.49368981241179866,62926.624,10,2026-09-24T14:37:14.047481+00:00
Falcon3-7B-Base,belief_bank_constraints,mlp,18,25610,halu_eval,511,16830,10000,8415,8415,3259,6741,95.6595,3073,0.3280328747543327,0.563362994783676,0.4816,0.4146341463414634,0.49879227102617113,63023.478,10,2026-09-24T14:37:14.047481+00:00
Falcon3-7B-Base,belief_bank_constraints,mlp,18,25610,halu_eval,mean,0,0,0,0,0,0,95.05072,3073.0,0.3222369168618479,0.5083461184412397,0.49154,0.3932777454809949,0.49193309192864704,89742.907,10,2026-09-24T14:37:14.047481+00:00
Falcon3-7B-Base,belief_bank_constraints,mlp,18,25610,halu_eval,std,0,0,0,0,0,0,1.971405178952312,0.0,0.0035887024264559452,0.05939826643201521,0.019504522552474857,0.01892374575112358,0.003762631306503238,89742.907,10,2026-09-24T14:37:14.047481+00:00
Falcon3-7B-Base,belief_bank_constraints,mlp,19,25610,belief_bank_constraints,2,16830,7683,8415,8415,3606,4077,93.7711,3073,0.6885638297872341,0.7179700499168054,0.7152154106468828,0.7029595438501222,0.7705254004615261,63119.088,10,2026-09-24T14:37:14.047481+00:00
Falcon3-7B-Base,belief_bank_constraints,mlp,19,25610,belief_bank_constraints,4,16830,7683,8415,8415,3606,4077,91.9471,3073,0.685506870624838,0.733222407099279,0.7169074580242093,0.7085622403859038,0.7739401504401339,63212.208,10,2026-09-24T14:37:14.047481+00:00
Falcon3-7B-Base,belief_bank_constraints,mlp,19,25610,belief_bank_constraints,24,16830,7683,8415,8415,3606,4077,96.3604,3073,0.6893483381313792,0.7304492512479202,0.7189899778732266,0.7093038912077555,0.7700979998043758,63309.758,10,2026-09-24T14:37:14.047481+00:00
Falcon3-7B-Base,belief_bank_constraints,mlp,19,25610,belief_bank_constraints,42,16830,7683,8415,8415,3606,4077,89.7644,3073,0.683778777454353,0.7165834719911259,0.7114408434205388,0.6997968855788761,0.7638488764059463,63400.701,10,2026-09-24T14:37:14.047481+00:00
Falcon3-7B-Base,belief_bank_constraints,mlp,19,25610,belief_bank_constraints,64,16830,7683,8415,8415,3606,4077,89.951,3073,0.6799585706887623,0.7282307265668331,0.7115710009111025,0.7032672737011249,0.7700546373600482,63491.849,10,2026-09-24T14:37:14.047481+00:00
Falcon3-7B-Base,belief_bank_constraints,mlp,19,25610,belief_bank_constraints,67,16830,7683,8415,8415,3606,4077,88.1306,3073,0.686373276776246,0.7179700499168054,0.7136535207601198,0.7018162103551098,0.7719945880948699,63581.17,10,2026-09-24T14:37:14.047481+00:00
Falcon3-7B-Base,belief_bank_constraints,mlp,19,25610,belief_bank_constraints,104,16830,7683,8415,8415,3606,4077,91.0713,3073,0.6864807995791689,0.7237936772046589,0.7152154106468828,0.7046436285097192,0.7730568149369779,63673.448,10,2026-09-24T14:37:14.047481+00:00
Falcon3-7B-Base,belief_bank_constraints,mlp,19,25610,belief_bank_constraints,123,16830,7683,8415,8415,3606,4077,89.2408,3073,0.6883963494132985,0.7321131447587355,0.7187296628920994,0.7095820454240022,0.7736434833014117,63763.885,10,2026-09-24T14:37:14.047481+00:00
Falcon3-7B-Base,belief_bank_constraints,mlp,19,25610,belief_bank_constraints,420,16830,7683,8415,8415,3606,4077,92.9964,3073,0.6862231534834992,0.7265668330560178,0.7157360406091371,0.7058189655172413,0.7726673351625142,63858.08,10,2026-09-24T14:37:14.047481+00:00
Falcon3-7B-Base,belief_bank_constraints,mlp,19,25610,belief_bank_constraints,511,16830,7683,8415,8415,3606,4077,92.1027,3073,0.6866298923036511,0.7249029395452025,0.7156058831185734,0.7052475381087279,0.7704350025187628,63951.393,10,2026-09-24T14:37:14.047481+00:00
Falcon3-7B-Base,belief_bank_constraints,mlp,19,25610,belief_bank_constraints,mean,0,0,0,0,0,0,91.53358,3073.0,0.686125985824243,0.7251802551303383,0.7153065208902772,0.7050998222638583,0.7710264288486567,89742.907,10,2026-09-24T14:37:14.047481+00:00
Falcon3-7B-Base,belief_bank_constraints,mlp,19,25610,belief_bank_constraints,std,0,0,0,0,0,0,2.3157028936372654,0.0,0.0025663456028076443,0.0057585567842118246,0.002444779019612208,0.00311997162968758,0.0027751676318686588,89742.907,10,2026-09-24T14:37:14.047481+00:00
Falcon3-7B-Base,belief_bank_constraints,mlp,19,25610,belief_bank_facts,2,16830,27416,8415,8415,7533,19883,95.8448,3073,0.28597057768209544,0.5290057082171777,0.507659760723665,0.37125023290478854,0.5165692786138883,64049.156,10,2026-09-24T14:37:14.047481+00:00
Falcon3-7B-Base,belief_bank_constraints,mlp,19,25610,belief_bank_facts,4,16830,27416,8415,8415,7533,19883,88.7032,3073,0.27514750323787596,0.5076330811097837,0.4972643711701196,0.35686622182819283,0.49813298810920564,64139.744,10,2026-09-24T14:37:14.047481+00:00
Falcon3-7B-Base,belief_bank_constraints,mlp,19,25610,belief_bank_facts,24,16830,27416,8415,8415,7533,19883,96.9173,3073,0.27541371158392436,0.4639585822381521,0.517325649255909,0.34564604658062603,0.4951941478116916,64238.578,10,2026-09-24T14:37:14.047481+00:00
Falcon3-7B-Base,belief_bank_constraints,mlp,19,25610,belief_bank_facts,42,16830,27416,8415,8415,7533,19883,89.4688,3073,0.2667018947686269,0.4690030532324439,0.4997811496936096,0.34003849855630414,0.4948363965304825,64329.946,10,2026-09-24T14:37:14.047481+00:00
Falcon3-7B-Base,belief_bank_constraints,mlp,19,25610,belief_bank_facts,64,16830,27416,8415,8415,7533,19883,89.5827,3073,0.265788070389274,0.4631620868180008,0.5009483513276919,0.3377541142303969,0.48817628794183393,64421.419,10,2026-09-24T14:37:14.047481+00:00
Falcon3-7B-Base,belief_bank_constraints,mlp,19,25610,belief_bank_facts,67,16830,27416,8415,8415,7533,19883,91.3991,3073,0.2650266502665027,0.4290455329881853,0.5161949226728917,0.32765612327656124,0.5002463235094559,64514.754,10,2026-09-24T14:37:14.047481+00:00
Falcon3-7B-Base,belief_bank_constraints,mlp,19,25610,belief_bank_facts,104,16830,27416,8415,8415,7533,19883,93.3364,3073,0.27468499427262316,0.4774990043807248,0.5099941639918296,0.34874927283304247,0.5006415167118724,64610.013,10,2026-09-24T14:37:14.047481+00:00
Falcon3-7B-Base,belief_bank_constraints,mlp,19,25610,belief_bank_facts,123,16830,27416,8415,8415,7533,19883,86.9175,3073,0.25870528648306423,0.4339572547457852,0.5028085789320105,0.32416084089444197,0.4886261117648425,64698.834,10,2026-09-24T14:37:14.047481+00:00
Falcon3-7B-Base,belief_bank_constraints,mlp,19,25610,belief_bank_facts,420,16830,27416,8415,8415,7533,19883,92.8874,3073,0.2665323182564562,0.4740475242267357,0.4970455208637292,0.3412163776217094,0.49003658659229776,64793.627,10,2026-09-24T14:37:14.047481+00:00
Falcon3-7B-Base,belief_bank_constraints,mlp,19,25610,belief_bank_facts,511,16830,27416,8415,8415,7533,19883,94.8719,3073,0.274693532478512,0.5175892738616753,0.4919390137146192,0.35890827081511484,0.5062126782978713,64890.406,10,2026-09-24T14:37:14.047481+00:00
Falcon3-7B-Base,belief_bank_constraints,mlp,19,25610,belief_bank_facts,mean,0,0,0,0,0,0,91.99291,3073.0,0.2708664539418955,0.4764901101818665,0.5040961482346076,0.3452245999541178,0.4978672315883442,89742.907,10,2026-09-24T14:37:14.047481+00:00
Falcon3-7B-Base,belief_bank_constraints,mlp,19,25610,belief_bank_facts,std,0,0,0,0,0,0,3.1479384842941256,0.0,0.007350393425957277,0.031423973558169546,0.008020299747700374,0.01365213420734343,0.008305440566294835,89742.907,10,2026-09-24T14:37:14.047481+00:00
Falcon3-7B-Base,belief_bank_constraints,mlp,19,25610,halu_eval,2,16830,10000,8415,8415,3259,6741,99.2766,3073,0.3234050730207533,0.516416078551703,0.4903,0.3977313009571074,0.49390502554995996,64990.922,10,2026-09-24T14:37:14.047481+00:00
Falcon3-7B-Base,belief_bank_constraints,mlp,19,25610,halu_eval,4,16830,10000,8415,8415,3259,6741,88.1874,3073,0.3166058394160584,0.31942313593126725,0.5535,0.31800824805254313,0.4900945285473537,65080.379,10,2026-09-24T14:37:14.047481+00:00
Falcon3-7B-Base,belief_bank_constraints,mlp,19,25610,halu_eval,24,16830,10000,8415,8415,3259,6741,96.5379,3073,0.31825273010920435,0.37557532985578396,0.5343,0.3445460942997889,0.4919102073251761,65178.171,10,2026-09-24T14:37:14.047481+00:00
Falcon3-7B-Base,belief_bank_constraints,mlp,19,25610,halu_eval,42,16830,10000,8415,8415,3259,6741,96.8023,3073,0.31613793103448273,0.3516416078551703,0.5408,0.33294596165020335,0.4958266266992928,65276.249,10,2026-09-24T14:37:14.047481+00:00
Falcon3-7B-Base,belief_bank_constraints,mlp,19,25610,halu_eval,64,16830,10000,8415,8415,3259,6741,96.0629,3073,0.32360939431396785,0.4016569499846579,0.5314,0.35843373493975905,0.49792147260409125,65373.552,10,2026-09-24T14:37:14.047481+00:00
Falcon3-7B-Base,belief_bank_constraints,mlp,19,25610,halu_eval,67,16830,10000,8415,8415,3259,6741,87.7278,3073,0.31890158348366404,0.48818656029456886,0.4934,0.3857904946653734,0.4875271286675507,65462.531,10,2026-09-24T14:37:14.047481+00:00
Falcon3-7B-Base,belief_bank_constraints,mlp,19,25610,halu_eval,104,16830,10000,8415,8415,3259,6741,94.0153,3073,0.3209562563580875,0.3872353482663394,0.5333,0.3509942984285913,0.4959239004886859,65557.791,10,2026-09-24T14:37:14.047481+00:00
Falcon3-7B-Base,belief_bank_constraints,mlp,19,25610,halu_eval,123,16830,10000,8415,8415,3259,6741,98.4526,3073,0.3127962085308057,0.32402577477753913,0.5477,0.31831198191409193,0.49049095224029915,65657.506,10,2026-09-24T14:37:14.047481+00:00
Falcon3-7B-Base,belief_bank_constraints,mlp,19,25610,halu_eval,420,16830,10000,8415,8415,3259,6741,92.1769,3073,0.32337283187360466,0.5777845965019944,0.4684,0.4146663730455847,0.49572541552909366,65750.931,10,2026-09-24T14:37:14.047481+00:00
Falcon3-7B-Base,belief_bank_constraints,mlp,19,25610,halu_eval,511,16830,10000,8415,8415,3259,6741,90.3263,3073,0.31779257849666986,0.4099416999079472,0.5209,0.35803296261557016,0.4962814965998099,65842.496,10,2026-09-24T14:37:14.047481+00:00
Falcon3-7B-Base,belief_bank_constraints,mlp,19,25610,halu_eval,mean,0,0,0,0,0,0,93.95660000000001,3073.0,0.3191830426637298,0.41518870819269715,0.5214000000000001,0.35794614505686134,0.4935606754251314,89742.907,10,2026-09-24T14:37:14.047481+00:00
Falcon3-7B-Base,belief_bank_constraints,mlp,19,25610,halu_eval,std,0,0,0,0,0,0,3.951525121013405,0.0,0.0034307604502665447,0.08129840016118149,0.026583716820640403,0.03097482394907181,0.0032016959652560423,89742.907,10,2026-09-24T14:37:14.047481+00:00
Falcon3-7B-Base,belief_bank_constraints,mlp,20,25610,belief_bank_constraints,2,16830,7683,8415,8415,3606,4077,87.782,3073,0.694327731092437,0.733222407099279,0.7232851750618248,0.7132452117615322,0.7739752485127191,65932.42,10,2026-09-24T14:37:14.047481+00:00
Falcon3-7B-Base,belief_bank_constraints,mlp,20,25610,belief_bank_constraints,4,16830,7683,8415,8415,3606,4077,85.0119,3073,0.6814112690889942,0.7176927343316695,0.7100091110243395,0.6990815775256618,0.7635280963472021,66018.565,10,2026-09-24T14:37:14.047481+00:00
Falcon3-7B-Base,belief_bank_constraints,mlp,20,25610,belief_bank_constraints,24,16830,7683,8415,8415,3606,4077,89.4474,3073,0.6863468634686347,0.7221297836938436,0.7146947806846284,0.7037837837837838,0.7680158882716798,66109.136,10,2026-09-24T14:37:14.047481+00:00
Falcon3-7B-Base,belief_bank_constraints,mlp,20,25610,belief_bank_constraints,42,16830,7683,8415,8415,3606,4077,90.547,3073,0.6884502534009069,0.7157515252357183,0.7145646231940648,0.7018354860639021,0.7715858247863404,66200.805,10,2026-09-24T14:37:14.047481+00:00
Falcon3-7B-Base,belief_bank_constraints,mlp,20,25610,belief_bank_constraints,64,16830,7683,8415,8415,3606,4077,89.9783,3073,0.6793692509855453,0.7168607875762618,0.7083170636470129,0.6976116583457024,0.76725114480254,66291.916,10,2026-09-24T14:37:14.047481+00:00
Falcon3-7B-Base,belief_bank_constraints,mlp,20,25610,belief_bank_constraints,67,16830,7683,8415,8415,3606,4077,93.135,3073,0.694206008583691,0.7176927343316695,0.7191201353637902,0.7057540223616035,0.777654220318764,66386.187,10,2026-09-24T14:37:14.047481+00:00
Falcon3-7B-Base,belief_bank_constraints,mlp,20,25610,belief_bank_constraints,104,16830,7683,8415,8415,3606,4077,94.6309,3073,0.6806484817292846,0.7334997226844149,0.7133932057789926,0.7060864922584089,0.7671107185024387,66481.963,10,2026-09-24T14:37:14.047481+00:00
Falcon3-7B-Base,belief_bank_constraints,mlp,20,25610,belief_bank_constraints,123,16830,7683,8415,8415,3606,4077,94.1366,3073,0.6847599164926931,0.7276760953965613,0.7149550956657555,0.7055660123689164,0.7707563947531919,66577.238,10,2026-09-24T14:37:14.047481+00:00
Falcon3-7B-Base,belief_bank_constraints,mlp,20,25610,belief_bank_constraints,420,16830,7683,8415,8415,3606,4077,92.5868,3073,0.6885072655217965,0.7226844148641154,0.716386828061955,0.7051819780814504,0.7718706565284932,66670.998,10,2026-09-24T14:37:14.047481+00:00
Falcon3-7B-Base,belief_bank_constraints,mlp,20,25610,belief_bank_constraints,511,16830,7683,8415,8415,3606,4077,89.5509,3073,0.6856770833333333,0.7301719356627843,0.7162566705713914,0.707225355895783,0.7701771065067338,66761.744,10,2026-09-24T14:37:14.047481+00:00
Falcon3-7B-Base,belief_bank_constraints,mlp,20,25610,belief_bank_constraints,mean,0,0,0,0,0,0,90.68068000000001,3073.0,0.6863704123697316,0.7237382140876318,0.7150982689053755,0.7045371578446745,0.7701925299330102,89742.907,10,2026-09-24T14:37:14.047481+00:00
Falcon3-7B-Base,belief_bank_constraints,mlp,20,25610,belief_bank_constraints,std,0,0,0,0,0,0,2.846938777985927,0.0,0.004929829399940588,0.006557560796578761,0.004018242319333082,0.004171386409132365,0.0037731034470746315,89742.907,10,2026-09-24T14:37:14.047481+00:00
Falcon3-7B-Base,belief_bank_constraints,mlp,20,25610,belief_bank_facts,2,16830,27416,8415,8415,7533,19883,94.5308,3073,0.28026678265912713,0.513208549050843,0.5041216807703531,0.36254513058564264,0.5187465583793961,66858.191,10,2026-09-24T14:37:14.047481+00:00
Falcon3-7B-Base,belief_bank_constraints,mlp,20,25610,belief_bank_facts,4,16830,27416,8415,8415,7533,19883,85.5944,3073,0.2905106257378985,0.522633744855967,0.5181281003793405,0.3734408347166232,0.5263747956743017,66945.702,10,2026-09-24T14:37:14.047481+00:00
Falcon3-7B-Base,belief_bank_constraints,mlp,20,25610,belief_bank_facts,24,16830,27416,8415,8415,7533,19883,94.4779,3073,0.2718788139852107,0.5027213593521838,0.4934344908082871,0.35290280495759946,0.502821043126183,67042.042,10,2026-09-24T14:37:14.047481+00:00
Falcon3-7B-Base,belief_bank_constraints,mlp,20,25610,belief_bank_facts,42,16830,27416,8415,8415,7533,19883,86.8711,3073,0.27516640362313866,0.532324439134475,0.486212430697403,0.36279743056183844,0.503474827942588,67130.813,10,2026-09-24T14:37:14.047481+00:00
Falcon3-7B-Base,belief_bank_constraints,mlp,20,25610,belief_bank_facts,64,16830,27416,8415,8415,7533,19883,95.9255,3073,0.2722959448439469,0.48758794636930836,0.5011672016340822,0.349443440205499,0.5035987741883541,67228.617,10,2026-09-24T14:37:14.047481+00:00
Falcon3-7B-Base,belief_bank_constraints,mlp,20,25610,belief_bank_facts,67,16830,27416,8415,8415,7533,19883,88.8637,3073,0.2837185108122167,0.5068365856896323,0.5129121680770353,0.3637922820390662,0.5194126413446714,67319.378,10,2026-09-24T14:37:14.047481+00:00
Falcon3-7B-Base,belief_bank_constraints,mlp,20,25610,belief_bank_facts,104,16830,27416,8415,8415,7533,19883,94.4768,3073,0.28500324605063837,0.5244922341696535,0.5078056609279253,0.36932136848008973,0.5199744971644455,67415.77,10,2026-09-24T14:37:14.047481+00:00
Falcon3-7B-Base,belief_bank_constraints,mlp,20,25610,belief_bank_facts,123,16830,27416,8415,8415,7533,19883,88.2992,3073,0.27123834886817577,0.5408203902827559,0.4745768894076452,0.36128231277435374,0.5032255200289275,67505.98,10,2026-09-24T14:37:14.047481+00:00
Falcon3-7B-Base,belief_bank_constraints,mlp,20,25610,belief_bank_facts,420,16830,27416,8415,8415,7533,19883,93.3816,3073,0.28614937357236797,0.5487853444842692,0.4998540997957397,0.3761601455868972,0.5120011472396941,67601.249,10,2026-09-24T14:37:14.047481+00:00
Falcon3-7B-Base,belief_bank_constraints,mlp,20,25610,belief_bank_facts,511,16830,27416,8415,8415,7533,19883,90.0586,3073,0.2916499933306656,0.5805124120536307,0.4973373212722498,0.38824521685089003,0.5327639009992606,67693.206,10,2026-09-24T14:37:14.047481+00:00
Falcon3-7B-Base,belief_bank_constraints,mlp,20,25610,belief_bank_facts,mean,0,0,0,0,0,0,91.24796,3073.0,0.28078780434833867,0.5259923005442719,0.4995550043770061,0.36599309667584995,0.5142393706087821,89742.907,10,2026-09-24T14:37:14.047481+00:00
Falcon3-7B-Base,belief_bank_constraints,mlp,20,25610,belief_bank_facts,std,0,0,0,0,0,0,3.535263234102945,0.0,0.0073632283391334916,0.025124212561393862,0.012080147046313485,0.010767797451800419,0.010277092672367854,89742.907,10,2026-09-24T14:37:14.047481+00:00
Falcon3-7B-Base,belief_bank_constraints,mlp,20,25610,halu_eval,2,16830,10000,8415,8415,3259,6741,93.9919,3073,0.3226371061843641,0.678735808530224,0.4309,0.43737024221453286,0.4919690859618537,67788.464,10,2026-09-24T14:37:14.047481+00:00
Falcon3-7B-Base,belief_bank_constraints,mlp,20,25610,halu_eval,4,16830,10000,8415,8415,3259,6741,88.4907,3073,0.3255295429208473,0.6271862534519791,0.455,0.42860138393793246,0.4958165442732981,67878.189,10,2026-09-24T14:37:14.047481+00:00
Falcon3-7B-Base,belief_bank_constraints,mlp,20,25610,halu_eval,24,16830,10000,8415,8415,3259,6741,96.4348,3073,0.32570579494799407,0.6725989567351949,0.4395,0.438882771048153,0.495393127900376,67975.858,10,2026-09-24T14:37:14.047481+00:00
Falcon3-7B-Base,belief_bank_constraints,mlp,20,25610,halu_eval,42,16830,10000,8415,8415,3259,6741,93.5871,3073,0.3204868154158215,0.5332924209880331,0.4794,0.40036857866850956,0.490502718863864,68070.683,10,2026-09-24T14:37:14.047481+00:00
Falcon3-7B-Base,belief_bank_constraints,mlp,20,25610,halu_eval,64,16830,10000,8415,8415,3259,6741,95.2186,3073,0.3243623217513557,0.49555078244860384,0.4992,0.3920854576353484,0.4928015802689245,68167.141,10,2026-09-24T14:37:14.047481+00:00
Falcon3-7B-Base,belief_bank_constraints,mlp,20,25610,halu_eval,67,16830,10000,8415,8415,3259,6741,86.6926,3073,0.32378888716916887,0.6419146977600491,0.4464,0.43045267489711936,0.4986022525732832,68255.074,10,2026-09-24T14:37:14.047481+00:00
Falcon3-7B-Base,belief_bank_constraints,mlp,20,25610,halu_eval,104,16830,10000,8415,8415,3259,6741,101.5126,3073,0.32092365692742697,0.6268794108622276,0.4461,0.4245194805194805,0.49063115030830606,68357.823,10,2026-09-24T14:37:14.047481+00:00
Falcon3-7B-Base,belief_bank_constraints,mlp,20,25610,halu_eval,123,16830,10000,8415,8415,3259,6741,88.7,3073,0.32510288065843623,0.678735808530224,0.4361,0.43963032892775517,0.4992705831361115,68447.764,10,2026-09-24T14:37:14.047481+00:00
Falcon3-7B-Base,belief_bank_constraints,mlp,20,25610,halu_eval,420,16830,10000,8415,8415,3259,6741,94.4901,3073,0.3169197396963124,0.4482970236268794,0.5053,0.3713305375524209,0.4897889377260665,68543.496,10,2026-09-24T14:37:14.047481+00:00
Falcon3-7B-Base,belief_bank_constraints,mlp,20,25610,halu_eval,511,16830,10000,8415,8415,3259,6741,90.5542,3073,0.3222457627118644,0.46670757901196686,0.5063,0.38125078330617873,0.4892479689146289,68635.289,10,2026-09-24T14:37:14.047481+00:00
Falcon3-7B-Base,belief_bank_constraints,mlp,20,25610,halu_eval,mean,0,0,0,0,0,0,92.96726000000001,3073.0,0.32277025083835914,0.5869898741945382,0.46441999999999994,0.4144492238707431,0.4934023949926713,89742.907,10,2026-09-24T14:37:14.047481+00:00
Falcon3-7B-Base,belief_bank_constraints,mlp,20,25610,halu_eval,std,0,0,0,0,0,0,4.210838937836498,0.0,0.002615145616935859,0.08679589249816995,0.028556708493802277,0.024441815982146446,0.0034653266299530553,89742.907,10,2026-09-24T14:37:14.047481+00:00
Falcon3-7B-Base,belief_bank_constraints,mlp,21,25610,belief_bank_constraints,2,16830,7683,8415,8415,3606,4077,97.8432,3073,0.6778541226215645,0.7113144758735441,0.7058440713263048,0.6941813261163735,0.7592094009507224,68734.992,10,2026-09-24T14:37:14.047481+00:00
Falcon3-7B-Base,belief_bank_constraints,mlp,21,25610,belief_bank_constraints,4,16830,7683,8415,8415,3606,4077,99.636,3073,0.6760051880674449,0.7226844148641154,0.7072758037225042,0.6985658758879507,0.7608514261856925,68835.822,10,2026-09-24T14:37:14.047481+00:00
Falcon3-7B-Base,belief_bank_constraints,mlp,21,25610,belief_bank_constraints,24,16830,7683,8415,8415,3606,4077,94.7099,3073,0.673490813648294,0.71159179145868,0.7027202915527788,0.692017259978425,0.7582869542232709,68931.737,10,2026-09-24T14:37:14.047481+00:00
Falcon3-7B-Base,belief_bank_constraints,mlp,21,25610,belief_bank_constraints,42,16830,7683,8415,8415,3606,4077,92.5136,3073,0.6637840670859538,0.7024403771491958,0.6933489522322009,0.6825653462678524,0.7452942395220349,69025.461,10,2026-09-24T14:37:14.047481+00:00
Falcon3-7B-Base,belief_bank_constraints,mlp,21,25610,belief_bank_constraints,64,16830,7683,8415,8415,3606,4077,98.9195,3073,0.6712793733681462,0.7129783693843594,0.7014187166471431,0.6915008068854223,0.7515034354619227,69125.597,10,2026-09-24T14:37:14.047481+00:00
Falcon3-7B-Base,belief_bank_constraints,mlp,21,25610,belief_bank_constraints,67,16830,7683,8415,8415,3606,4077,97.6819,3073,0.6652774159937483,0.7082640044370494,0.695821944552909,0.6860980523841504,0.7494360841651782,69224.48,10,2026-09-24T14:37:14.047481+00:00
Falcon3-7B-Base,belief_bank_constraints,mlp,21,25610,belief_bank_constraints,104,16830,7683,8415,8415,3606,4077,92.7233,3073,0.6693877551020408,0.7276760953965613,0.7035012364961604,0.6973159712994951,0.7562109304376607,69318.411,10,2026-09-24T14:37:14.047481+00:00
Falcon3-7B-Base,belief_bank_constraints,mlp,21,25610,belief_bank_constraints,123,16830,7683,8415,8415,3606,4077,94.0156,3073,0.6651970954356846,0.7113144758735441,0.6964727320057269,0.6874832484588582,0.7489023349877041,69413.639,10,2026-09-24T14:37:14.047481+00:00
Falcon3-7B-Base,belief_bank_constraints,mlp,21,25610,belief_bank_constraints,420,16830,7683,8415,8415,3606,4077,99.1974,3073,0.6744798525151435,0.7102052135330006,0.7031107640244696,0.6918816695934081,0.752425712140573,69514.034,10,2026-09-24T14:37:14.047481+00:00
Falcon3-7B-Base,belief_bank_constraints,mlp,21,25610,belief_bank_constraints,511,16830,7683,8415,8415,3606,4077,96.2452,3073,0.6673602080624187,0.71159179145868,0.6981647793830535,0.688766608508925,0.7526623860622017,69611.476,10,2026-09-24T14:37:14.047481+00:00
Falcon3-7B-Base,belief_bank_constraints,mlp,21,25610,belief_bank_constraints,mean,0,0,0,0,0,0,96.34855999999999,3073.0,0.670411589190044,0.713006100942873,0.7007679291943251,0.691037616538086,0.7534782904136961,89742.907,10,2026-09-24T14:37:14.047481+00:00
Falcon3-7B-Base,belief_bank_constraints,mlp,21,25610,belief_bank_constraints,std,0,0,0,0,0,0,2.5599345379130303,0.0,0.004704242587247852,0.006786530548747422,0.004359401654128186,0.004709901027237093,0.0047721115835644545,89742.907,10,2026-09-24T14:37:14.047481+00:00
Falcon3-7B-Base,belief_bank_constraints,mlp,21,25610,belief_bank_facts,2,16830,27416,8415,8415,7533,19883,90.7969,3073,0.2890336444832449,0.5713527147218903,0.49606069448497225,0.38387442026400287,0.5253830153978098,69704.197,10,2026-09-24T14:37:14.047481+00:00
Falcon3-7B-Base,belief_bank_constraints,mlp,21,25610,belief_bank_facts,4,16830,27416,8415,8415,7533,19883,97.9938,3073,0.29088851160158463,0.5458648612770477,0.5095929384301138,0.3795283584844709,0.5238006435617298,69804.109,10,2026-09-24T14:37:14.047481+00:00
Falcon3-7B-Base,belief_bank_constraints,mlp,21,25610,belief_bank_facts,24,16830,27416,8415,8415,7533,19883,95.1149,3073,0.2873935151555174,0.577724678083101,0.49037058651882115,0.38384194743340977,0.5187627990130155,69901.128,10,2026-09-24T14:37:14.047481+00:00
Falcon3-7B-Base,belief_bank_constraints,mlp,21,25610,belief_bank_facts,42,16830,27416,8415,8415,7533,19883,98.2202,3073,0.29280751941152433,0.5706889685384309,0.5033192296469216,0.38703578663065497,0.5258230247371923,70001.258,10,2026-09-24T14:37:14.047481+00:00
Falcon3-7B-Base,belief_bank_constraints,mlp,21,25610,belief_bank_facts,64,16830,27416,8415,8415,7533,19883,93.0219,3073,0.2809215844785772,0.5535643170051773,0.4879997081995915,0.3727041158332216,0.5123562479426722,70096.185,10,2026-09-24T14:37:14.047481+00:00
Falcon3-7B-Base,belief_bank_constraints,mlp,21,25610,belief_bank_facts,67,16830,27416,8415,8415,7533,19883,98.2827,3073,0.2845982142857143,0.5077658303464755,0.5140428946600525,0.36475468459447863,0.5259782337853931,70196.379,10,2026-09-24T14:37:14.047481+00:00
Falcon3-7B-Base,belief_bank_constraints,mlp,21,25610,belief_bank_facts,104,16830,27416,8415,8415,7533,19883,98.4128,3073,0.2849157955865273,0.5210407540156644,0.5090822877152028,0.36838894363883806,0.5222369726566951,70296.69,10,2026-09-24T14:37:14.047481+00:00
Falcon3-7B-Base,belief_bank_constraints,mlp,21,25610,belief_bank_facts,123,16830,27416,8415,8415,7533,19883,89.6822,3073,0.28353721041481583,0.5507765830346476,0.4941639918295886,0.37435712352251194,0.5212424216246216,70388.285,10,2026-09-24T14:37:14.047481+00:00
Falcon3-7B-Base,belief_bank_constraints,mlp,21,25610,belief_bank_facts,420,16830,27416,8415,8415,7533,19883,92.482,3073,0.2944058258854684,0.5903358555688305,0.4986868981616574,0.39287922961392346,0.5273856774730074,70482.674,10,2026-09-24T14:37:14.047481+00:00
Falcon3-7B-Base,belief_bank_constraints,mlp,21,25610,belief_bank_facts,511,16830,27416,8415,8415,7533,19883,94.9685,3073,0.302411587949765,0.5210407540156644,0.5381529034140647,0.3827028081123245,0.5405269005014793,70579.573,10,2026-09-24T14:37:14.047481+00:00
Falcon3-7B-Base,belief_bank_constraints,mlp,21,25610,belief_bank_facts,mean,0,0,0,0,0,0,94.89759,3073.0,0.2890913409252739,0.5510155316606931,0.5041472133060985,0.3790067418127837,0.5243495936693615,89742.907,10,2026-09-24T14:37:14.047481+00:00
Falcon3-7B-Base,belief_bank_constraints,mlp,21,25610,belief_bank_facts,std,0,0,0,0,0,0,3.128312897537588,0.0,0.006006788904161058,0.026001356830725998,0.013980045828388066,0.008337378442418835,0.00682851475463579,89742.907,10,2026-09-24T14:37:14.047481+00:00
Falcon3-7B-Base,belief_bank_constraints,mlp,21,25610,halu_eval,2,16830,10000,8415,8415,3259,6741,97.9237,3073,0.3284313725490196,0.5550782448603866,0.4851,0.41268392836774265,0.5041249184814237,70678.756,10,2026-09-24T14:37:14.047481+00:00
Falcon3-7B-Base,belief_bank_constraints,mlp,21,25610,halu_eval,4,16830,10000,8415,8415,3259,6741,99.1359,3073,0.32583373224828466,0.6265725682724762,0.4558,0.4287213940793618,0.504997992846166,70779.117,10,2026-09-24T14:37:14.047481+00:00
Falcon3-7B-Base,belief_bank_constraints,mlp,21,25610,halu_eval,24,16830,10000,8415,8415,3259,6741,95.3298,3073,0.33168009919404834,0.656643142068119,0.4569,0.4407373082071877,0.5062881564632289,70875.678,10,2026-09-24T14:37:14.047481+00:00
Falcon3-7B-Base,belief_bank_constraints,mlp,21,25610,halu_eval,42,16830,10000,8415,8415,3259,6741,99.5385,3073,0.32988267770876467,0.5866830316047867,0.4769,0.42230811706239646,0.5089322328513297,70976.441,10,2026-09-24T14:37:14.047481+00:00
Falcon3-7B-Base,belief_bank_constraints,mlp,21,25610,halu_eval,64,16830,10000,8415,8415,3259,6741,99.6199,3073,0.3320514964052834,0.6093893832463946,0.4732,0.42987012987012985,0.507837527190118,71077.28,10,2026-09-24T14:37:14.047481+00:00
Falcon3-7B-Base,belief_bank_constraints,mlp,21,25610,halu_eval,67,16830,10000,8415,8415,3259,6741,99.2417,3073,0.3288060644346178,0.6388462718625345,0.4573,0.4341570222083203,0.5060170234138512,71177.755,10,2026-09-24T14:37:14.047481+00:00
Falcon3-7B-Base,belief_bank_constraints,mlp,21,25610,halu_eval,104,16830,10000,8415,8415,3259,6741,91.9869,3073,0.328604118993135,0.6609389383246395,0.4494,0.43896474424291826,0.5045489038400114,71270.975,10,2026-09-24T14:37:14.047481+00:00
Falcon3-7B-Base,belief_bank_constraints,mlp,21,25610,halu_eval,123,16830,10000,8415,8415,3259,6741,89.6257,3073,0.32785185185185184,0.6790426511199754,0.4417,0.44220201818363475,0.49669428432049845,71361.835,10,2026-09-24T14:37:14.047481+00:00
Falcon3-7B-Base,belief_bank_constraints,mlp,21,25610,halu_eval,420,16830,10000,8415,8415,3259,6741,109.2985,3073,0.3281754803604829,0.592206198220313,0.472,0.4223194748358862,0.5045012000818064,71472.379,10,2026-09-24T14:37:14.047481+00:00
Falcon3-7B-Base,belief_bank_constraints,mlp,21,25610,halu_eval,511,16830,10000,8415,8415,3259,6741,91.1675,3073,0.33075471698113207,0.537895059834305,0.4947,0.40962729290805,0.5074668216492583,71564.792,10,2026-09-24T14:37:14.047481+00:00
Falcon3-7B-Base,belief_bank_constraints,mlp,21,25610,halu_eval,mean,0,0,0,0,0,0,97.28681,3073.0,0.329207161072662,0.6143295489413931,0.46630000000000005,0.4281591429965628,0.5051409061137692,89742.907,10,2026-09-24T14:37:14.047481+00:00
Falcon3-7B-Base,belief_bank_constraints,mlp,21,25610,halu_eval,std,0,0,0,0,0,0,5.389786327202592,0.0,0.001801792295390278,0.04419586872786734,0.015883450506738134,0.010782577259177986,0.0031983954870461848,89742.907,10,2026-09-24T14:37:14.047481+00:00
Falcon3-7B-Base,belief_bank_constraints,mlp,22,25610,belief_bank_constraints,2,16830,7683,8415,8415,3606,4077,96.6665,3073,0.6530773277222515,0.6885745978924016,0.6821554080437329,0.6703563714902808,0.732558468559541,71663.335,10,2026-09-24T14:37:14.047481+00:00
Falcon3-7B-Base,belief_bank_constraints,mlp,22,25610,belief_bank_constraints,4,16830,7683,8415,8415,3606,4077,107.7276,3073,0.6478690228690228,0.6913477537437605,0.6787713132890798,0.6689026026294607,0.7288287201814325,71772.275,10,2026-09-24T14:37:14.047481+00:00
Falcon3-7B-Base,belief_bank_constraints,mlp,22,25610,belief_bank_constraints,24,16830,7683,8415,8415,3606,4077,102.8075,3073,0.6625622216400314,0.7013311148086523,0.6921775348171287,0.6813956621312138,0.7417451850001721,71876.269,10,2026-09-24T14:37:14.047481+00:00
Falcon3-7B-Base,belief_bank_constraints,mlp,22,25610,belief_bank_constraints,42,16830,7683,8415,8415,3606,4077,103.3833,3073,0.6589897932478409,0.6982806433721576,0.6887934400624756,0.6780665140702841,0.7375555226341077,71980.858,10,2026-09-24T14:37:14.047481+00:00
Falcon3-7B-Base,belief_bank_constraints,mlp,22,25610,belief_bank_constraints,64,16830,7683,8415,8415,3606,4077,95.413,3073,0.6547681083897864,0.6968940654464781,0.6852791878172588,0.6751746372917786,0.7373569396439669,72077.46,10,2026-09-24T14:37:14.047481+00:00
Falcon3-7B-Base,belief_bank_constraints,mlp,22,25610,belief_bank_constraints,67,16830,7683,8415,8415,3606,4077,98.3625,3073,0.6634870164281929,0.6943982251802552,0.6912664323831836,0.678590785907859,0.7410290754881999,72177.028,10,2026-09-24T14:37:14.047481+00:00
Falcon3-7B-Base,belief_bank_constraints,mlp,22,25610,belief_bank_constraints,104,16830,7683,8415,8415,3606,4077,96.929,3073,0.6581461399431965,0.70687742651137,0.6900950149681114,0.6816419307394037,0.7405142357374289,72275.159,10,2026-09-24T14:37:14.047481+00:00
Falcon3-7B-Base,belief_bank_constraints,mlp,22,25610,belief_bank_constraints,123,16830,7683,8415,8415,3606,4077,102.4179,3073,0.6515426497277677,0.6968940654464781,0.6828061954965509,0.6734557148599759,0.7389289387825676,72378.684,10,2026-09-24T14:37:14.047481+00:00
Falcon3-7B-Base,belief_bank_constraints,mlp,22,25610,belief_bank_constraints,420,16830,7683,8415,8415,3606,4077,100.3739,3073,0.6589473684210526,0.6943982251802552,0.6878823376285306,0.6762084796111261,0.7411036248826834,72480.178,10,2026-09-24T14:37:14.047481+00:00
Falcon3-7B-Base,belief_bank_constraints,mlp,22,25610,belief_bank_constraints,511,16830,7683,8415,8415,3606,4077,94.0102,3073,0.6548420507509063,0.7013311148086523,0.6863204477417676,0.677289769683985,0.7371263534694241,72575.409,10,2026-09-24T14:37:14.047481+00:00
Falcon3-7B-Base,belief_bank_constraints,mlp,22,25610,belief_bank_constraints,mean,0,0,0,0,0,0,99.80914,3073.0,0.6564231699140048,0.6970327232390461,0.6865547312247819,0.6761082468415367,0.7376747064379524,89742.907,10,2026-09-24T14:37:14.047481+00:00
Falcon3-7B-Base,belief_bank_constraints,mlp,22,25610,belief_bank_constraints,std,0,0,0,0,0,0,4.059670992383497,0.0,0.004657685886977877,0.005031959875658358,0.00410844340480134,0.004036027784708196,0.003925013744432137,89742.907,10,2026-09-24T14:37:14.047481+00:00
Falcon3-7B-Base,belief_bank_constraints,mlp,22,25610,belief_bank_facts,2,16830,27416,8415,8415,7533,19883,102.9668,3073,0.2959404275762671,0.49064117881322183,0.5393201050481471,0.36919388672460296,0.5390409142387786,72680.336,10,2026-09-24T14:37:14.047481+00:00
Falcon3-7B-Base,belief_bank_constraints,mlp,22,25610,belief_bank_facts,4,16830,27416,8415,8415,7533,19883,107.1631,3073,0.3059386209645277,0.50949157042347,0.5476364166909834,0.38230899491981274,0.5400059283487013,72789.405,10,2026-09-24T14:37:14.047481+00:00
Falcon3-7B-Base,belief_bank_constraints,mlp,22,25610,belief_bank_facts,24,16830,27416,8415,8415,7533,19883,103.0735,3073,0.2875098193244305,0.43727598566308246,0.5476364166909834,0.3469194312796208,0.5262536735962731,72894.422,10,2026-09-24T14:37:14.047481+00:00
Falcon3-7B-Base,belief_bank_constraints,mlp,22,25610,belief_bank_facts,42,16830,27416,8415,8415,7533,19883,104.6275,3073,0.29272953884503533,0.46767556086552503,0.5432594105631748,0.3600776778413737,0.5367115633892227,73000.963,10,2026-09-24T14:37:14.047481+00:00
Falcon3-7B-Base,belief_bank_constraints,mlp,22,25610,belief_bank_facts,64,16830,27416,8415,8415,7533,19883,102.8775,3073,0.2971051295073641,0.4659498207885305,0.5503720455208637,0.3628469530159715,0.530839788175669,73105.738,10,2026-09-24T14:37:14.047481+00:00
Falcon3-7B-Base,belief_bank_constraints,mlp,22,25610,belief_bank_facts,67,16830,27416,8415,8415,7533,19883,96.8369,3073,0.29538855678906917,0.45917960971724414,0.5504449956229939,0.35950735332328637,0.5286553244752077,73204.486,10,2026-09-24T14:37:14.047481+00:00
Falcon3-7B-Base,belief_bank_constraints,mlp,22,25610,belief_bank_facts,104,16830,27416,8415,8415,7533,19883,102.217,3073,0.29564496059726253,0.4731182795698925,0.5455208637292093,0.3638962630181744,0.5347265440167339,73308.597,10,2026-09-24T14:37:14.047481+00:00
Falcon3-7B-Base,belief_bank_constraints,mlp,22,25610,belief_bank_facts,123,16830,27416,8415,8415,7533,19883,103.4854,3073,0.2896263634253887,0.4970131421744325,0.5268456375838926,0.3659824046920821,0.5303601970905878,73413.983,10,2026-09-24T14:37:14.047481+00:00
Falcon3-7B-Base,belief_bank_constraints,mlp,22,25610,belief_bank_facts,420,16830,27416,8415,8415,7533,19883,102.5598,3073,0.2914684167350287,0.4716580379662817,0.539794280711993,0.3602900167317345,0.5198372446153687,73518.469,10,2026-09-24T14:37:14.047481+00:00
Falcon3-7B-Base,belief_bank_constraints,mlp,22,25610,belief_bank_facts,511,16830,27416,8415,8415,7533,19883,102.6932,3073,0.28938326747981447,0.4472321784149741,0.5463597899037058,0.35139504563233376,0.5309837639798556,73623.165,10,2026-09-24T14:37:14.047481+00:00
Falcon3-7B-Base,belief_bank_constraints,mlp,22,25610,belief_bank_facts,mean,0,0,0,0,0,0,102.85007,3073.0,0.29407351012441885,0.47192353643966545,0.5437189962065947,0.3622418027178993,0.5317414941926398,89742.907,10,2026-09-24T14:37:14.047481+00:00
Falcon3-7B-Base,belief_bank_constraints,mlp,22,25610,belief_bank_facts,std,0,0,0,0,0,0,2.426876276224233,0.0,0.005011048328793143,0.021021293274511535,0.0067088754874543455,0.009146127858700791,0.005829592628324907,89742.907,10,2026-09-24T14:37:14.047481+00:00
Falcon3-7B-Base,belief_bank_constraints,mlp,22,25610,halu_eval,2,16830,10000,8415,8415,3259,6741,108.9457,3073,0.3263718263718264,0.48910708806382325,0.5045,0.3915019034753776,0.49815216215235714,73733.446,10,2026-09-24T14:37:14.047481+00:00
Falcon3-7B-Base,belief_bank_constraints,mlp,22,25610,halu_eval,4,16830,10000,8415,8415,3259,6741,119.7426,3073,0.31505128741888216,0.46179809757594353,0.4974,0.37456445993031356,0.4866192778989262,73854.513,10,2026-09-24T14:37:14.047481+00:00
Falcon3-7B-Base,belief_bank_constraints,mlp,22,25610,halu_eval,24,16830,10000,8415,8415,3259,6741,108.2077,3073,0.32363356428021556,0.6449831236575637,0.445,0.43100266557309824,0.49736495910426903,73964.025,10,2026-09-24T14:37:14.047481+00:00
Falcon3-7B-Base,belief_bank_constraints,mlp,22,25610,halu_eval,42,16830,10000,8415,8415,3259,6741,96.649,3073,0.3260972904452543,0.6314820497084995,0.4546,0.43009404388714734,0.49813557053034785,74061.933,10,2026-09-24T14:37:14.047481+00:00
Falcon3-7B-Base,belief_bank_constraints,mlp,22,25610,halu_eval,64,16830,10000,8415,8415,3259,6741,96.8766,3073,0.32260920897284534,0.6707579011966861,0.4337,0.4356751370204285,0.4946513981866837,74160.077,10,2026-09-24T14:37:14.047481+00:00
Falcon3-7B-Base,belief_bank_constraints,mlp,22,25610,halu_eval,67,16830,10000,8415,8415,3259,6741,94.5888,3073,0.3271614624195826,0.6397667996317888,0.4538,0.4329318936877076,0.5019725139866918,74255.859,10,2026-09-24T14:37:14.047481+00:00
Falcon3-7B-Base,belief_bank_constraints,mlp,22,25610,halu_eval,104,16830,10000,8415,8415,3259,6741,104.4145,3073,0.3233404710920771,0.602332003682111,0.4596,0.4207931404072883,0.49427129300262795,74361.46,10,2026-09-24T14:37:14.047481+00:00
Falcon3-7B-Base,belief_bank_constraints,mlp,22,25610,halu_eval,123,16830,10000,8415,8415,3259,6741,102.0394,3073,0.32590930940554397,0.6241178275544645,0.4568,0.4282105263157895,0.49777781510323743,74464.716,10,2026-09-24T14:37:14.047481+00:00
Falcon3-7B-Base,belief_bank_constraints,mlp,22,25610,halu_eval,420,16830,10000,8415,8415,3259,6741,99.14,3073,0.32711380063876283,0.5971156796563363,0.4684,0.4226759339704605,0.49897801070685366,74565.119,10,2026-09-24T14:37:14.047481+00:00
Falcon3-7B-Base,belief_bank_constraints,mlp,22,25610,halu_eval,511,16830,10000,8415,8415,3259,6741,100.1234,3073,0.3293518076126772,0.6345504756060141,0.4598,0.43363388551058923,0.4981260570900188,74666.475,10,2026-09-24T14:37:14.047481+00:00
Falcon3-7B-Base,belief_bank_constraints,mlp,22,25610,halu_eval,mean,0,0,0,0,0,0,103.07276999999999,3073.0,0.32466400286576674,0.5996011046333231,0.46335999999999994,0.42010835897782,0.49660490577620137,89742.907,10,2026-09-24T14:37:14.047481+00:00
Falcon3-7B-Base,belief_bank_constraints,mlp,22,25610,halu_eval,std,0,0,0,0,0,0,7.193126524544108,0.0,0.0037440099589580843,0.06541196747866507,0.02081202536996339,0.019425215128169308,0.00390412326969243,89742.907,10,2026-09-24T14:37:14.047481+00:00
Falcon3-7B-Base,belief_bank_constraints,mlp,23,25610,belief_bank_constraints,2,16830,7683,8415,8415,3606,4077,101.4985,3073,0.6454451345755694,0.6916250693288963,0.6769491084211896,0.6677376171352075,0.7250538068417026,74770.943,10,2026-09-24T14:37:14.047481+00:00
Falcon3-7B-Base,belief_bank_constraints,mlp,23,25610,belief_bank_constraints,4,16830,7683,8415,8415,3606,4077,95.8859,3073,0.6392682298376707,0.6880199667221298,0.6713523363269556,0.662748764525177,0.7204177663722645,74867.963,10,2026-09-24T14:37:14.047481+00:00
Falcon3-7B-Base,belief_bank_constraints,mlp,23,25610,belief_bank_constraints,24,16830,7683,8415,8415,3606,4077,98.0249,3073,0.6506086506086506,0.6966167498613423,0.6820252505531693,0.6728271059327708,0.7282201155216328,74967.117,10,2026-09-24T14:37:14.047481+00:00
Falcon3-7B-Base,belief_bank_constraints,mlp,23,25610,belief_bank_constraints,42,16830,7683,8415,8415,3606,4077,98.2063,3073,0.6446524064171123,0.6686078757626178,0.6714824938175192,0.6564116526000544,0.7201922476520002,75066.455,10,2026-09-24T14:37:14.047481+00:00
Falcon3-7B-Base,belief_bank_constraints,mlp,23,25610,belief_bank_constraints,64,16830,7683,8415,8415,3606,4077,101.3707,3073,0.6454235510097036,0.682473655019412,0.674996746062736,0.6634317293435773,0.7208287063054503,75168.963,10,2026-09-24T14:37:14.047481+00:00
Falcon3-7B-Base,belief_bank_constraints,mlp,23,25610,belief_bank_constraints,67,16830,7683,8415,8415,3606,4077,94.5139,3073,0.6337480559875583,0.6780366056572379,0.6649746192893401,0.655144694533762,0.7200477741904283,75264.643,10,2026-09-24T14:37:14.047481+00:00
Falcon3-7B-Base,belief_bank_constraints,mlp,23,25610,belief_bank_constraints,104,16830,7683,8415,8415,3606,4077,98.0862,3073,0.6390577507598785,0.699667221297837,0.6735650136665365,0.6679904686258936,0.7260046857287292,75363.937,10,2026-09-24T14:37:14.047481+00:00
Falcon3-7B-Base,belief_bank_constraints,mlp,23,25610,belief_bank_constraints,123,16830,7683,8415,8415,3606,4077,101.4989,3073,0.6372599896211728,0.6810870770937326,0.6683587140439933,0.6584450402144773,0.71954388558246,75466.636,10,2026-09-24T14:37:14.047481+00:00
Falcon3-7B-Base,belief_bank_constraints,mlp,23,25610,belief_bank_constraints,420,16830,7683,8415,8415,3606,4077,98.7658,3073,0.6459093277748827,0.687465335551858,0.6764284784589353,0.6660397635679742,0.7248547137051579,75566.556,10,2026-09-24T14:37:14.047481+00:00
Falcon3-7B-Base,belief_bank_constraints,mlp,23,25610,belief_bank_constraints,511,16830,7683,8415,8415,3606,4077,99.3042,3073,0.642508352608584,0.6932889628397116,0.674996746062736,0.6669334400426837,0.7247726141438976,75667.033,10,2026-09-24T14:37:14.047481+00:00
Falcon3-7B-Base,belief_bank_constraints,mlp,23,25610,belief_bank_constraints,mean,0,0,0,0,0,0,98.71553,3073.0,0.6423881449200783,0.6866888519134775,0.673512950670311,0.6637710276521578,0.7229936316043722,89742.907,10,2026-09-24T14:37:14.047481+00:00
Falcon3-7B-Base,belief_bank_constraints,mlp,23,25610,belief_bank_constraints,std,0,0,0,0,0,0,2.228988550464088,0.0,0.004748159193688985,0.008878257483644514,0.004532471810201605,0.0053739965995738695,0.0029496417978966518,89742.907,10,2026-09-24T14:37:14.047481+00:00
Falcon3-7B-Base,belief_bank_constraints,mlp,23,25610,belief_bank_facts,2,16830,27416,8415,8415,7533,19883,101.736,3073,0.29294294294294293,0.517987521571751,0.5240370586518821,0.3742387186495948,0.5187559388892564,75770.617,10,2026-09-24T14:37:14.047481+00:00
Falcon3-7B-Base,belief_bank_constraints,mlp,23,25610,belief_bank_facts,4,16830,27416,8415,8415,7533,19883,96.9094,3073,0.2941792126237823,0.4850657108721625,0.538736504231106,0.3662423574220708,0.5210884510707832,75869.341,10,2026-09-24T14:37:14.047481+00:00
Falcon3-7B-Base,belief_bank_constraints,mlp,23,25610,belief_bank_facts,24,16830,27416,8415,8415,7533,19883,101.4702,3073,0.2735937367032593,0.4267887959644232,0.5311496936095711,0.3334370462559635,0.5033580255726586,75972.689,10,2026-09-24T14:37:14.047481+00:00
Falcon3-7B-Base,belief_bank_constraints,mlp,23,25610,belief_bank_facts,42,16830,27416,8415,8415,7533,19883,92.2693,3073,0.2898142509135201,0.5053763440860215,0.5238182083454916,0.3683777638008612,0.5145437561360134,76066.818,10,2026-09-24T14:37:14.047481+00:00
Falcon3-7B-Base,belief_bank_constraints,mlp,23,25610,belief_bank_facts,64,16830,27416,8415,8415,7533,19883,101.5726,3073,0.2922162079743844,0.5088278242400106,0.5264079369711118,0.37123486682808715,0.5118539032792253,76170.247,10,2026-09-24T14:37:14.047481+00:00
Falcon3-7B-Base,belief_bank_constraints,mlp,23,25610,belief_bank_facts,67,16830,27416,8415,8415,7533,19883,94.6316,3073,0.2861418736905118,0.5076330811097837,0.5167420484388678,0.3659855481648083,0.5089572051726282,76266.78,10,2026-09-24T14:37:14.047481+00:00
Falcon3-7B-Base,belief_bank_constraints,mlp,23,25610,belief_bank_facts,104,16830,27416,8415,8415,7533,19883,99.4136,3073,0.2995165489029379,0.5345811761582371,0.528596440035016,0.383926017732863,0.5191193852415764,76368.076,10,2026-09-24T14:37:14.047481+00:00
Falcon3-7B-Base,belief_bank_constraints,mlp,23,25610,belief_bank_facts,123,16830,27416,8415,8415,7533,19883,97.6109,3073,0.2838260597528547,0.48174697995486526,0.5235993580391013,0.35720261823908656,0.5183752838079935,76467.562,10,2026-09-24T14:37:14.047481+00:00
Falcon3-7B-Base,belief_bank_constraints,mlp,23,25610,belief_bank_facts,420,16830,27416,8415,8415,7533,19883,106.791,3073,0.29645886028864754,0.5290057082171777,0.5256419608987453,0.3799761620977354,0.5221608236138399,76576.305,10,2026-09-24T14:37:14.047481+00:00
Falcon3-7B-Base,belief_bank_constraints,mlp,23,25610,belief_bank_facts,511,16830,27416,8415,8415,7533,19883,99.2147,3073,0.28458015267175574,0.49488915438736225,0.5193682521155529,0.36136286531284834,0.5133397860558742,76677.479,10,2026-09-24T14:37:14.047481+00:00
Falcon3-7B-Base,belief_bank_constraints,mlp,23,25610,belief_bank_facts,mean,0,0,0,0,0,0,99.16193000000001,3073.0,0.2893269846464597,0.49919022965617943,0.5258097461336446,0.36619839645039187,0.5151552558839849,89742.907,10,2026-09-24T14:37:14.047481+00:00
Falcon3-7B-Base,belief_bank_constraints,mlp,23,25610,belief_bank_facts,std,0,0,0,0,0,0,3.8928900809167457,0.0,0.007144003020975434,0.02908863843732349,0.005826475837811958,0.013328606566627132,0.0056168307001397445,89742.907,10,2026-09-24T14:37:14.047481+00:00
Falcon3-7B-Base,belief_bank_constraints,mlp,23,25610,halu_eval,2,16830,10000,8415,8415,3259,6741,100.7778,3073,0.3245788566122828,0.7508438171218165,0.4096,0.4532320800148176,0.49715730209574716,76779.548,10,2026-09-24T14:37:14.047481+00:00
Falcon3-7B-Base,belief_bank_constraints,mlp,23,25610,halu_eval,4,16830,10000,8415,8415,3259,6741,95.8546,3073,0.3243606998654105,0.6655415771709113,0.4392,0.43615523828674846,0.49539813497423335,76876.655,10,2026-09-24T14:37:14.047481+00:00
Falcon3-7B-Base,belief_bank_constraints,mlp,23,25610,halu_eval,24,16830,10000,8415,8415,3259,6741,98.2616,3073,0.3255678509027373,0.686100030684259,0.4345,0.441591784338896,0.4970318066173397,76976.191,10,2026-09-24T14:37:14.047481+00:00
Falcon3-7B-Base,belief_bank_constraints,mlp,23,25610,halu_eval,42,16830,10000,8415,8415,3259,6741,92.2201,3073,0.3237139272271016,0.6333231052470083,0.4493,0.4284379865075246,0.497048398239349,77069.688,10,2026-09-24T14:37:14.047481+00:00
Falcon3-7B-Base,belief_bank_constraints,mlp,23,25610,halu_eval,64,16830,10000,8415,8415,3259,6741,102.6318,3073,0.32433230042791794,0.6744400122737035,0.436,0.4380231167795935,0.4954090594990131,77173.57,10,2026-09-24T14:37:14.047481+00:00
Falcon3-7B-Base,belief_bank_constraints,mlp,23,25610,halu_eval,67,16830,10000,8415,8415,3259,6741,95.5358,3073,0.31962346125995655,0.6772015955814668,0.425,0.43427784336875247,0.48983438830103565,77270.369,10,2026-09-24T14:37:14.047481+00:00
Falcon3-7B-Base,belief_bank_constraints,mlp,23,25610,halu_eval,104,16830,10000,8415,8415,3259,6741,103.3773,3073,0.32175032175032175,0.6903958269407794,0.4248,0.4389387436597737,0.5014269022522229,77375.01,10,2026-09-24T14:37:14.047481+00:00
Falcon3-7B-Base,belief_bank_constraints,mlp,23,25610,halu_eval,123,16830,10000,8415,8415,3259,6741,101.3973,3073,0.3246278755074425,0.7361153728137465,0.4149,0.4505587379096629,0.49605877285086264,77477.658,10,2026-09-24T14:37:14.047481+00:00
Falcon3-7B-Base,belief_bank_constraints,mlp,23,25610,halu_eval,420,16830,10000,8415,8415,3259,6741,100.4381,3073,0.32576985413290116,0.6784289659404725,0.4376,0.4401751941071073,0.4977910838489596,77579.344,10,2026-09-24T14:37:14.047481+00:00
Falcon3-7B-Base,belief_bank_constraints,mlp,23,25610,halu_eval,511,16830,10000,8415,8415,3259,6741,101.6997,3073,0.32889908256880734,0.6600184105553851,0.4503,0.43902439024390244,0.5029448649703702,77682.275,10,2026-09-24T14:37:14.047481+00:00
Falcon3-7B-Base,belief_bank_constraints,mlp,23,25610,halu_eval,mean,0,0,0,0,0,0,99.21941,3073.0,0.3243224230254879,0.6852408714329549,0.43212,0.4400415115216779,0.4970100713649133,89742.907,10,2026-09-24T14:37:14.047481+00:00
Falcon3-7B-Base,belief_bank_constraints,mlp,23,25610,halu_eval,std,0,0,0,0,0,0,3.442963146026981,0.0,0.002319887838810467,0.03296460653310031,0.01278474090468789,0.006901548361659664,0.0033603681822638215,89742.907,10,2026-09-24T14:37:14.047481+00:00
Falcon3-7B-Base,belief_bank_constraints,mlp,24,25610,belief_bank_constraints,2,16830,7683,8415,8415,3606,4077,103.4536,3073,0.6370819067685014,0.6708264004437049,0.6661460367044123,0.6535188437120086,0.7128334537959041,77787.558,10,2026-09-24T14:37:14.047481+00:00
Falcon3-7B-Base,belief_bank_constraints,mlp,24,25610,belief_bank_constraints,4,16830,7683,8415,8415,3606,4077,99.3314,3073,0.6278709677419355,0.6747088186356073,0.6596381621762333,0.6504478010961101,0.7051582671401369,77888.053,10,2026-09-24T14:37:14.047481+00:00
Falcon3-7B-Base,belief_bank_constraints,mlp,24,25610,belief_bank_constraints,24,16830,7683,8415,8415,3606,4077,94.5309,3073,0.6367177356530771,0.6799778147531891,0.6677079265911753,0.6576371194850477,0.7146453917931184,77983.751,10,2026-09-24T14:37:14.047481+00:00
Falcon3-7B-Base,belief_bank_constraints,mlp,24,25610,belief_bank_constraints,42,16830,7683,8415,8415,3606,4077,102.2299,3073,0.635,0.6691625069328896,0.6641936743459587,0.6516338104239806,0.7107261750406177,78087.161,10,2026-09-24T14:37:14.047481+00:00
Falcon3-7B-Base,belief_bank_constraints,mlp,24,25610,belief_bank_constraints,64,16830,7683,8415,8415,3606,4077,93.9189,3073,0.6332280147446024,0.6669439822518025,0.6623714694780685,0.6496488384656942,0.7124840035092631,78182.294,10,2026-09-24T14:37:14.047481+00:00
Falcon3-7B-Base,belief_bank_constraints,mlp,24,25610,belief_bank_constraints,67,16830,7683,8415,8415,3606,4077,98.1354,3073,0.6304576538663861,0.6647254575707154,0.6597683196667968,0.6471382289416847,0.709907560111231,78281.631,10,2026-09-24T14:37:14.047481+00:00
Falcon3-7B-Base,belief_bank_constraints,mlp,24,25610,belief_bank_constraints,104,16830,7683,8415,8415,3606,4077,100.1459,3073,0.6264044943820225,0.680255130338325,0.6595080046856696,0.6522201542143047,0.7090007238637372,78382.971,10,2026-09-24T14:37:14.047481+00:00
Falcon3-7B-Base,belief_bank_constraints,mlp,24,25610,belief_bank_constraints,123,16830,7683,8415,8415,3606,4077,94.693,3073,0.6313614053216223,0.677759290072102,0.6630222569308863,0.6537381302661496,0.6959485941113325,78478.841,10,2026-09-24T14:37:14.047481+00:00
Falcon3-7B-Base,belief_bank_constraints,mlp,24,25610,belief_bank_constraints,420,16830,7683,8415,8415,3606,4077,101.6458,3073,0.6324183006535947,0.6708264004437049,0.662501626968632,0.6510563854124614,0.7095867120329662,78581.653,10,2026-09-24T14:37:14.047481+00:00
Falcon3-7B-Base,belief_bank_constraints,mlp,24,25610,belief_bank_constraints,511,16830,7683,8415,8415,3606,4077,98.1099,3073,0.6391134289439374,0.6797004991680532,0.6695301314590655,0.6587824217175111,0.7141713637546557,78680.935,10,2026-09-24T14:37:14.047481+00:00
Falcon3-7B-Base,belief_bank_constraints,mlp,24,25610,belief_bank_constraints,mean,0,0,0,0,0,0,98.61947,3073.0,0.632965390807568,0.6734886300610093,0.66343876090069,0.6525821733734952,0.7094462245152962,89742.907,10,2026-09-24T14:37:14.047481+00:00
Falcon3-7B-Base,belief_bank_constraints,mlp,24,25610,belief_bank_constraints,std,0,0,0,0,0,0,3.211268265981526,0.0,0.0038883428892135326,0.005465579935326731,0.0032983048379665084,0.0033520763134660364,0.005222084076835642,89742.907,10,2026-09-24T14:37:14.047481+00:00
Falcon3-7B-Base,belief_bank_constraints,mlp,24,25610,belief_bank_facts,2,16830,27416,8415,8415,7533,19883,103.8641,3073,0.26298351055632607,0.45307314482941724,0.5008389261744967,0.33279703573692165,0.48865399624842365,78786.668,10,2026-09-24T14:37:14.047481+00:00
Falcon3-7B-Base,belief_bank_constraints,mlp,24,25610,belief_bank_facts,4,16830,27416,8415,8415,7533,19883,101.2152,3073,0.2800236931734044,0.5020576131687243,0.5084986868981617,0.35952279100717716,0.5032684734169603,78889.744,10,2026-09-24T14:37:14.047481+00:00
Falcon3-7B-Base,belief_bank_constraints,mlp,24,25610,belief_bank_facts,24,16830,27416,8415,8415,7533,19883,96.2981,3073,0.26632041550139834,0.4424532058940661,0.5118908666472133,0.33250199521149243,0.4894563636674519,78987.907,10,2026-09-24T14:37:14.047481+00:00
Falcon3-7B-Base,belief_bank_constraints,mlp,24,25610,belief_bank_facts,42,16830,27416,8415,8415,7533,19883,99.7588,3073,0.2632563009498168,0.46727731315544935,0.49430989203384884,0.33677765021048606,0.4846531386895564,79089.522,10,2026-09-24T14:37:14.047481+00:00
Falcon3-7B-Base,belief_bank_constraints,mlp,24,25610,belief_bank_facts,64,16830,27416,8415,8415,7533,19883,94.4347,3073,0.27045235803657364,0.4849329616354706,0.49905164867230817,0.34724334600760454,0.49483292807861606,79185.816,10,2026-09-24T14:37:14.047481+00:00
Falcon3-7B-Base,belief_bank_constraints,mlp,24,25610,belief_bank_facts,67,16830,27416,8415,8415,7533,19883,99.554,3073,0.27765966493749467,0.43342625779901767,0.5345053983075576,0.3384822724445366,0.4990744507966854,79287.225,10,2026-09-24T14:37:14.047481+00:00
Falcon3-7B-Base,belief_bank_constraints,mlp,24,25610,belief_bank_facts,104,16830,27416,8415,8415,7533,19883,99.2048,3073,0.27544996400287974,0.5078985795831674,0.4977020717829005,0.35718620174578725,0.496350995017387,79388.311,10,2026-09-24T14:37:14.047481+00:00
Falcon3-7B-Base,belief_bank_constraints,mlp,24,25610,belief_bank_facts,123,16830,27416,8415,8415,7533,19883,105.4767,3073,0.2760989010989011,0.4536041417761848,0.5230887073241902,0.34326184137827115,0.5124544461910887,79495.685,10,2026-09-24T14:37:14.047481+00:00
Falcon3-7B-Base,belief_bank_constraints,mlp,24,25610,belief_bank_facts,420,16830,27416,8415,8415,7533,19883,104.4098,3073,0.27628032345013476,0.544271870436745,0.48303910125474175,0.36651320788450364,0.4973369767367161,79601.99,10,2026-09-24T14:37:14.047481+00:00
Falcon3-7B-Base,belief_bank_constraints,mlp,24,25610,belief_bank_facts,511,16830,27416,8415,8415,7533,19883,100.0104,3073,0.28292261811332603,0.4785609982742599,0.523453457834841,0.35561035758323056,0.5163746580712354,79703.877,10,2026-09-24T14:37:14.047481+00:00
Falcon3-7B-Base,belief_bank_constraints,mlp,24,25610,belief_bank_facts,mean,0,0,0,0,0,0,100.42266,3073.0,0.2731447749820256,0.4767556086552502,0.5076378756930261,0.3469896699210011,0.4982456426914121,89742.907,10,2026-09-24T14:37:14.047481+00:00
Falcon3-7B-Base,belief_bank_constraints,mlp,24,25610,belief_bank_facts,std,0,0,0,0,0,0,3.311016707357421,0.0,0.006648583229303594,0.032371940452979836,0.014936390449639752,0.01148250397326173,0.009625675580707347,89742.907,10,2026-09-24T14:37:14.047481+00:00
Falcon3-7B-Base,belief_bank_constraints,mlp,24,25610,halu_eval,2,16830,10000,8415,8415,3259,6741,102.7251,3073,0.3291594928783847,0.6452899662473152,0.4558,0.43594527363184077,0.4982611570464619,79807.832,10,2026-09-24T14:37:14.047481+00:00
Falcon3-7B-Base,belief_bank_constraints,mlp,24,25610,halu_eval,4,16830,10000,8415,8415,3259,6741,95.5562,3073,0.326671145448438,0.5968088370665848,0.4677,0.4222294583740367,0.49809951959857474,79904.626,10,2026-09-24T14:37:14.047481+00:00
Falcon3-7B-Base,belief_bank_constraints,mlp,24,25610,halu_eval,24,16830,10000,8415,8415,3259,6741,93.8643,3073,0.3241391125578208,0.5805461798097576,0.4688,0.4160070360598065,0.49804478317754286,79999.729,10,2026-09-24T14:37:14.047481+00:00
Falcon3-7B-Base,belief_bank_constraints,mlp,24,25610,halu_eval,42,16830,10000,8415,8415,3259,6741,100.4573,3073,0.326984126984127,0.6320957348880024,0.4561,0.4310074275551836,0.4989185858439371,80101.415,10,2026-09-24T14:37:14.047481+00:00
Falcon3-7B-Base,belief_bank_constraints,mlp,24,25610,halu_eval,64,16830,10000,8415,8415,3259,6741,97.2558,3073,0.3232408660351827,0.5863761890150353,0.4651,0.41674844618907425,0.4970986738127624,80199.895,10,2026-09-24T14:37:14.047481+00:00
Falcon3-7B-Base,belief_bank_constraints,mlp,24,25610,halu_eval,67,16830,10000,8415,8415,3259,6741,89.6522,3073,0.3281628696073679,0.6231972997852102,0.4614,0.42993226079593566,0.502976090903699,80290.768,10,2026-09-24T14:37:14.047481+00:00
Falcon3-7B-Base,belief_bank_constraints,mlp,24,25610,halu_eval,104,16830,10000,8415,8415,3259,6741,96.0078,3073,0.32548211394082144,0.6784289659404725,0.437,0.4399124552327895,0.5017267576980006,80388.007,10,2026-09-24T14:37:14.047481+00:00
Falcon3-7B-Base,belief_bank_constraints,mlp,24,25610,halu_eval,123,16830,10000,8415,8415,3259,6741,104.5991,3073,0.3286589297227595,0.6256520405032219,0.4615,0.4309415618725563,0.4964998960576986,80493.867,10,2026-09-24T14:37:14.047481+00:00
Falcon3-7B-Base,belief_bank_constraints,mlp,24,25610,halu_eval,420,16830,10000,8415,8415,3259,6741,101.5004,3073,0.3337689919947721,0.6268794108622276,0.4706,0.4356076759061834,0.5051607455059578,80596.721,10,2026-09-24T14:37:14.047481+00:00
Falcon3-7B-Base,belief_bank_constraints,mlp,24,25610,halu_eval,511,16830,10000,8415,8415,3259,6741,91.055,3073,0.3280321285140562,0.6265725682724762,0.46,0.4306199915647406,0.5014036876370658,80689.003,10,2026-09-24T14:37:14.047481+00:00
Falcon3-7B-Base,belief_bank_constraints,mlp,24,25610,halu_eval,mean,0,0,0,0,0,0,97.26732,3073.0,0.327429977768373,0.6221847192390304,0.46040000000000003,0.4288951587182147,0.4998189897281701,89742.907,10,2026-09-24T14:37:14.047481+00:00
Falcon3-7B-Base,belief_bank_constraints,mlp,24,25610,halu_eval,std,0,0,0,0,0,0,4.736193320547633,0.0,0.002802348954039836,0.02740399814049998,0.00916275067869906,0.007661075618763294,0.0026909282118630948,89742.907,10,2026-09-24T14:37:14.047481+00:00
Falcon3-7B-Base,belief_bank_constraints,mlp,25,25610,belief_bank_constraints,2,16830,7683,8415,8415,3606,4077,98.3454,3073,0.6337317397078354,0.6616749861342207,0.6617206820252506,0.6474019807353141,0.7143954200552292,80789.161,10,2026-09-24T14:37:14.047481+00:00
Falcon3-7B-Base,belief_bank_constraints,mlp,25,25610,belief_bank_constraints,4,16830,7683,8415,8415,3606,4077,93.1586,3073,0.6234276729559748,0.6597337770382695,0.6532604451386177,0.6410670978172999,0.6993701120322314,80883.497,10,2026-09-24T14:37:14.047481+00:00
Falcon3-7B-Base,belief_bank_constraints,mlp,25,25610,belief_bank_constraints,24,16830,7683,8415,8415,3606,4077,95.0689,3073,0.6387733887733887,0.6816417082640044,0.669660288949629,0.6595116715857258,0.7138528283400883,80979.731,10,2026-09-24T14:37:14.047481+00:00
Falcon3-7B-Base,belief_bank_constraints,mlp,25,25610,belief_bank_constraints,42,16830,7683,8415,8415,3606,4077,90.4445,3073,0.6313436760452275,0.665834719911259,0.6606794221007419,0.6481306519098394,0.7061344492887948,81071.349,10,2026-09-24T14:37:14.047481+00:00
Falcon3-7B-Base,belief_bank_constraints,mlp,25,25610,belief_bank_constraints,64,16830,7683,8415,8415,3606,4077,93.2899,3073,0.6274765380604796,0.6674986134220743,0.6579461147989066,0.6468691212039774,0.7092886504940734,81165.845,10,2026-09-24T14:37:14.047481+00:00
Falcon3-7B-Base,belief_bank_constraints,mlp,25,25610,belief_bank_constraints,67,16830,7683,8415,8415,3606,4077,92.3013,3073,0.6271941315168981,0.6638935108153078,0.6570350123649616,0.6450222282096187,0.7013692737596605,81259.338,10,2026-09-24T14:37:14.047481+00:00
Falcon3-7B-Base,belief_bank_constraints,mlp,25,25610,belief_bank_constraints,104,16830,7683,8415,8415,3606,4077,89.7595,3073,0.6298499741334713,0.675263449805879,0.6613302095535598,0.6517665952890792,0.7097878457551261,81350.286,10,2026-09-24T14:37:14.047481+00:00
Falcon3-7B-Base,belief_bank_constraints,mlp,25,25610,belief_bank_constraints,123,16830,7683,8415,8415,3606,4077,92.4901,3073,0.6277089783281734,0.6747088186356073,0.6595080046856696,0.6503608660785886,0.7026893285942772,81443.937,10,2026-09-24T14:37:14.047481+00:00
Falcon3-7B-Base,belief_bank_constraints,mlp,25,25610,belief_bank_constraints,420,16830,7683,8415,8415,3606,4077,91.9898,3073,0.629746835443038,0.6622296173044925,0.6587270597422882,0.6455798864557989,0.7047787522254287,81537.088,10,2026-09-24T14:37:14.047481+00:00
Falcon3-7B-Base,belief_bank_constraints,mlp,25,25610,belief_bank_constraints,511,16830,7683,8415,8415,3606,4077,88.2553,3073,0.6333757961783439,0.6894065446478093,0.6669269816477938,0.660204488115788,0.7126068807730717,81626.522,10,2026-09-24T14:37:14.047481+00:00
Falcon3-7B-Base,belief_bank_constraints,mlp,25,25610,belief_bank_constraints,mean,0,0,0,0,0,0,92.51033,3073.0,0.6302628731142831,0.6701885745978925,0.6606794221007419,0.649591458740103,0.7074273541317981,89742.907,10,2026-09-24T14:37:14.047481+00:00
Falcon3-7B-Base,belief_bank_constraints,mlp,25,25610,belief_bank_constraints,std,0,0,0,0,0,0,2.6809953297422937,0.0,0.004076521746032711,0.009260887428732868,0.004496371470670769,0.005833904552316026,0.00508389193066061,89742.907,10,2026-09-24T14:37:14.047481+00:00
Falcon3-7B-Base,belief_bank_constraints,mlp,25,25610,belief_bank_facts,2,16830,27416,8415,8415,7533,19883,97.8841,3073,0.2795161290322581,0.46010885437408733,0.5257878611030056,0.34776501279285604,0.5029385131480597,81726.282,10,2026-09-24T14:37:14.047481+00:00
Falcon3-7B-Base,belief_bank_constraints,mlp,25,25610,belief_bank_facts,4,16830,27416,8415,8415,7533,19883,88.5852,3073,0.27034473489684835,0.5340501792114696,0.4759264662970528,0.35897207102703665,0.4886014253340892,81816.769,10,2026-09-24T14:37:14.047481+00:00
Falcon3-7B-Base,belief_bank_constraints,mlp,25,25610,belief_bank_facts,24,16830,27416,8415,8415,7533,19883,97.7906,3073,0.264827050136028,0.4522766494092659,0.5045229063320689,0.334052358074321,0.4839626196630082,81916.472,10,2026-09-24T14:37:14.047481+00:00
Falcon3-7B-Base,belief_bank_constraints,mlp,25,25610,belief_bank_facts,42,16830,27416,8415,8415,7533,19883,90.6596,3073,0.2691370063383715,0.5129430505774591,0.48344032681645754,0.35303791685701236,0.4858417527749067,82009.023,10,2026-09-24T14:37:14.047481+00:00
Falcon3-7B-Base,belief_bank_constraints,mlp,25,25610,belief_bank_facts,64,16830,27416,8415,8415,7533,19883,92.0589,3073,0.27115490628445427,0.5223682463825833,0.4829661511526116,0.3569970514855976,0.4847964468417956,82102.986,10,2026-09-24T14:37:14.047481+00:00
Falcon3-7B-Base,belief_bank_constraints,mlp,25,25610,belief_bank_facts,67,16830,27416,8415,8415,7533,19883,93.0927,3073,0.27748102333427044,0.5240939864595778,0.49427341698278376,0.36285097192224625,0.5017933331601444,82197.981,10,2026-09-24T14:37:14.047481+00:00
Falcon3-7B-Base,belief_bank_constraints,mlp,25,25610,belief_bank_facts,104,16830,27416,8415,8415,7533,19883,93.1519,3073,0.26964219845075615,0.48519846010885437,0.497446746425445,0.3466426403641882,0.4929459033206998,82293.0,10,2026-09-24T14:37:14.047481+00:00
Falcon3-7B-Base,belief_bank_constraints,mlp,25,25610,belief_bank_facts,123,16830,27416,8415,8415,7533,19883,91.7245,3073,0.27346382734638275,0.5063055887428647,0.4947475926466297,0.35512104283054,0.4943240437643448,82386.603,10,2026-09-24T14:37:14.047481+00:00
Falcon3-7B-Base,belief_bank_constraints,mlp,25,25610,belief_bank_facts,420,16830,27416,8415,8415,7533,19883,91.1221,3073,0.27484868373076643,0.5003318730917298,0.5,0.354796196931187,0.49204769446462926,82479.642,10,2026-09-24T14:37:14.047481+00:00
Falcon3-7B-Base,belief_bank_constraints,mlp,25,25610,belief_bank_facts,511,16830,27416,8415,8415,7533,19883,89.8441,3073,0.28739458499778076,0.5157307845479888,0.5155748468047855,0.36910360552942856,0.5097791147641554,82571.419,10,2026-09-24T14:37:14.047481+00:00
Falcon3-7B-Base,belief_bank_constraints,mlp,25,25610,belief_bank_facts,mean,0,0,0,0,0,0,92.59137000000001,3073.0,0.27378101445479175,0.5013407672905881,0.497468631456084,0.3539338867814414,0.4937030847235834,89742.907,10,2026-09-24T14:37:14.047481+00:00
Falcon3-7B-Base,belief_bank_constraints,mlp,25,25610,belief_bank_facts,std,0,0,0,0,0,0,2.9348403224196034,0.0,0.006088727131703418,0.026009718892745632,0.014404091416055961,0.009131534359129912,0.008215324442882184,89742.907,10,2026-09-24T14:37:14.047481+00:00
Falcon3-7B-Base,belief_bank_constraints,mlp,25,25610,halu_eval,2,16830,10000,8415,8415,3259,6741,97.3083,3073,0.32687517298643787,0.7247621969929426,0.4239,0.45054840247973293,0.49755739005637917,82669.965,10,2026-09-24T14:37:14.047481+00:00
Falcon3-7B-Base,belief_bank_constraints,mlp,25,25610,halu_eval,4,16830,10000,8415,8415,3259,6741,92.4037,3073,0.32703019642333625,0.6845658177355017,0.4381,0.44261481995833746,0.4990082579848376,82763.615,10,2026-09-24T14:37:14.047481+00:00
Falcon3-7B-Base,belief_bank_constraints,mlp,25,25610,halu_eval,24,16830,10000,8415,8415,3259,6741,96.7041,3073,0.3272382500338616,0.7413316968395213,0.419,0.45404999060327006,0.4960379934943544,82861.572,10,2026-09-24T14:37:14.047481+00:00
Falcon3-7B-Base,belief_bank_constraints,mlp,25,25610,halu_eval,42,16830,10000,8415,8415,3259,6741,93.424,3073,0.32843343133137337,0.7198527155569193,0.429,0.45106710248029225,0.49489205636381106,82956.262,10,2026-09-24T14:37:14.047481+00:00
Falcon3-7B-Base,belief_bank_constraints,mlp,25,25610,halu_eval,64,16830,10000,8415,8415,3259,6741,96.1199,3073,0.32598674733506194,0.6943847806075484,0.4325,0.4436819919615724,0.4953547555070871,83053.645,10,2026-09-24T14:37:14.047481+00:00
Falcon3-7B-Base,belief_bank_constraints,mlp,25,25610,halu_eval,67,16830,10000,8415,8415,3259,6741,94.3058,3073,0.3283912983234031,0.7272169377109543,0.4264,0.4524627720504009,0.49302373503220615,83149.19,10,2026-09-24T14:37:14.047481+00:00
Falcon3-7B-Base,belief_bank_constraints,mlp,25,25610,halu_eval,104,16830,10000,8415,8415,3259,6741,93.4679,3073,0.32645161290322583,0.6986805768640687,0.432,0.44498729724447916,0.49707159009507934,83243.893,10,2026-09-24T14:37:14.047481+00:00
Falcon3-7B-Base,belief_bank_constraints,mlp,25,25610,halu_eval,123,16830,10000,8415,8415,3259,6741,93.7649,3073,0.3288524126220461,0.7131021785823872,0.4322,0.45012589579701723,0.49831803285359644,83338.893,10,2026-09-24T14:37:14.047481+00:00
Falcon3-7B-Base,belief_bank_constraints,mlp,25,25610,halu_eval,420,16830,10000,8415,8415,3259,6741,97.8393,3073,0.3277854195323246,0.7312058913777232,0.4237,0.4526545730838636,0.49509964509405313,83437.978,10,2026-09-24T14:37:14.047481+00:00
Falcon3-7B-Base,belief_bank_constraints,mlp,25,25610,halu_eval,511,16830,10000,8415,8415,3259,6741,95.1893,3073,0.3271481587210962,0.7032832157103406,0.4319,0.44656600097418414,0.4945813446715335,83534.424,10,2026-09-24T14:37:14.047481+00:00
Falcon3-7B-Base,belief_bank_constraints,mlp,25,25610,halu_eval,mean,0,0,0,0,0,0,95.05272,3073.0,0.3274192700212167,0.7138386007977907,0.42887000000000003,0.448875884663315,0.49609448011529383,89742.907,10,2026-09-24T14:37:14.047481+00:00
Falcon3-7B-Base,belief_bank_constraints,mlp,25,25610,halu_eval,std,0,0,0,0,0,0,1.7645201176523873,0.0,0.0008776956378557978,0.0172308985563306,0.005323542053933638,0.003869250911940549,0.0017673170267328547,89742.907,10,2026-09-24T14:37:14.047481+00:00
Falcon3-7B-Base,belief_bank_constraints,mlp,26,25610,belief_bank_constraints,2,16830,7683,8415,8415,3606,4077,112.4057,3073,0.6273033999480924,0.6702717692734331,0.6583365872705974,0.6480761496179113,0.7104498797482897,83654.706,10,2026-09-24T14:37:14.047481+00:00
Falcon3-7B-Base,belief_bank_constraints,mlp,26,25610,belief_bank_constraints,4,16830,7683,8415,8415,3606,4077,105.4394,3073,0.6248066013408974,0.6719356627842484,0.6566445398932709,0.6475146980224479,0.7057313656102283,83761.369,10,2026-09-24T14:37:14.047481+00:00
Falcon3-7B-Base,belief_bank_constraints,mlp,26,25610,belief_bank_constraints,24,16830,7683,8415,8415,3606,4077,110.9243,3073,0.6345506345506345,0.6794231835829173,0.6658857217232852,0.6562207044328379,0.7157045237470431,83873.531,10,2026-09-24T14:37:14.047481+00:00
Falcon3-7B-Base,belief_bank_constraints,mlp,26,25610,belief_bank_constraints,42,16830,7683,8415,8415,3606,4077,105.7555,3073,0.6375856615709015,0.6708264004437049,0.6665365091761031,0.6537837837837838,0.7148263917372062,83980.503,10,2026-09-24T14:37:14.047481+00:00
Falcon3-7B-Base,belief_bank_constraints,mlp,26,25610,belief_bank_constraints,64,16830,7683,8415,8415,3606,4077,105.3195,3073,0.6321216808455787,0.6799778147531891,0.664063516855395,0.6551770207080828,0.7146466161444875,84087.058,10,2026-09-24T14:37:14.047481+00:00
Falcon3-7B-Base,belief_bank_constraints,mlp,26,25610,belief_bank_constraints,67,16830,7683,8415,8415,3606,4077,108.1138,3073,0.6332811684924361,0.6733222407099279,0.6636730443837043,0.6526881720430108,0.7111897280729211,84196.404,10,2026-09-24T14:37:14.047481+00:00
Falcon3-7B-Base,belief_bank_constraints,mlp,26,25610,belief_bank_constraints,104,16830,7683,8415,8415,3606,4077,102.2784,3073,0.6295913088463528,0.6749861342207432,0.6610698945724326,0.6514989293361885,0.7106804319130722,84299.906,10,2026-09-24T14:37:14.047481+00:00
Falcon3-7B-Base,belief_bank_constraints,mlp,26,25610,belief_bank_constraints,123,16830,7683,8415,8415,3606,4077,104.5744,3073,0.6258937691521961,0.6797004991680532,0.6589873747234153,0.6516883807498006,0.7057479283634734,84405.702,10,2026-09-24T14:37:14.047481+00:00
Falcon3-7B-Base,belief_bank_constraints,mlp,26,25610,belief_bank_constraints,420,16830,7683,8415,8415,3606,4077,105.4828,3073,0.6403810531886742,0.6711037160288408,0.6687491865156839,0.6553825321597834,0.7140743679184027,84512.41,10,2026-09-24T14:37:14.047481+00:00
Falcon3-7B-Base,belief_bank_constraints,mlp,26,25610,belief_bank_constraints,511,16830,7683,8415,8415,3606,4077,99.2781,3073,0.6343741659994663,0.6591791458679978,0.6617206820252506,0.6465388276893785,0.7103946478976323,84612.915,10,2026-09-24T14:37:14.047481+00:00
Falcon3-7B-Base,belief_bank_constraints,mlp,26,25610,belief_bank_constraints,mean,0,0,0,0,0,0,105.95719,3073.0,0.6319889443935229,0.6730726566833056,0.6625667057139137,0.6518569198543226,0.7113445881152757,89742.907,10,2026-09-24T14:37:14.047481+00:00
Falcon3-7B-Base,belief_bank_constraints,mlp,26,25610,belief_bank_constraints,std,0,0,0,0,0,0,3.6318419113309433,0.0,0.004817986402704749,0.005888566437827785,0.0037040041114303245,0.0032937394158085807,0.0033835768632530347,89742.907,10,2026-09-24T14:37:14.047481+00:00
Falcon3-7B-Base,belief_bank_constraints,mlp,26,25610,belief_bank_facts,2,16830,27416,8415,8415,7533,19883,101.8917,3073,0.2834569493711706,0.5834328952608523,0.4803034724248614,0.3815435367653442,0.5088464517293417,84716.757,10,2026-09-24T14:37:14.047481+00:00
Falcon3-7B-Base,belief_bank_constraints,mlp,26,25610,belief_bank_facts,4,16830,27416,8415,8415,7533,19883,102.2663,3073,0.28127174064282734,0.5367051639453073,0.4958783192296469,0.36910576528050393,0.5134192399758687,84820.966,10,2026-09-24T14:37:14.047481+00:00
Falcon3-7B-Base,belief_bank_constraints,mlp,26,25610,belief_bank_facts,24,16830,27416,8415,8415,7533,19883,103.8013,3073,0.27750167897918065,0.5485198460108854,0.4835497519696528,0.36855014940016945,0.5026348383363265,84926.708,10,2026-09-24T14:37:14.047481+00:00
Falcon3-7B-Base,belief_bank_constraints,mlp,26,25610,belief_bank_facts,42,16830,27416,8415,8415,7533,19883,102.1238,3073,0.273819915396495,0.5413513872295235,0.4795010213014298,0.36368500847230895,0.5040528209099295,85030.776,10,2026-09-24T14:37:14.047481+00:00
Falcon3-7B-Base,belief_bank_constraints,mlp,26,25610,belief_bank_facts,64,16830,27416,8415,8415,7533,19883,106.8741,3073,0.2816196542311192,0.4930306650736758,0.5151371461920047,0.35847690748516,0.5117629089953207,85139.601,10,2026-09-24T14:37:14.047481+00:00
Falcon3-7B-Base,belief_bank_constraints,mlp,26,25610,belief_bank_facts,67,16830,27416,8415,8415,7533,19883,105.6878,3073,0.2793538219070134,0.5647152528872958,0.48012109716953605,0.3737972848293133,0.4993817976941291,85247.23,10,2026-09-24T14:37:14.047481+00:00
Falcon3-7B-Base,belief_bank_constraints,mlp,26,25610,belief_bank_facts,104,16830,27416,8415,8415,7533,19883,100.7078,3073,0.2876311129273941,0.5606000265498473,0.49777502188503064,0.3801935629079451,0.5160905588145983,85349.888,10,2026-09-24T14:37:14.047481+00:00
Falcon3-7B-Base,belief_bank_constraints,mlp,26,25610,belief_bank_facts,123,16830,27416,8415,8415,7533,19883,108.4022,3073,0.28218582032249806,0.5854241338112306,0.47691129267580973,0.3808125728595484,0.5076805144423833,85460.24,10,2026-09-24T14:37:14.047481+00:00
Falcon3-7B-Base,belief_bank_constraints,mlp,26,25610,belief_bank_facts,420,16830,27416,8415,8415,7533,19883,102.3726,3073,0.2900907715582451,0.6109119872560733,0.4823096002334403,0.3933837671496346,0.5119493708311771,85564.559,10,2026-09-24T14:37:14.047481+00:00
Falcon3-7B-Base,belief_bank_constraints,mlp,26,25610,belief_bank_facts,511,16830,27416,8415,8415,7533,19883,101.3103,3073,0.29118264520643805,0.5523695738749502,0.5075503355704698,0.3813407872428172,0.5256122837382706,85667.794,10,2026-09-24T14:37:14.047481+00:00
Falcon3-7B-Base,belief_bank_constraints,mlp,26,25610,belief_bank_facts,mean,0,0,0,0,0,0,103.54379000000002,3073.0,0.2828114110542381,0.5577060931899641,0.48990370586518817,0.37508893423927453,0.5101430785467346,89742.907,10,2026-09-24T14:37:14.047481+00:00
Falcon3-7B-Base,belief_bank_constraints,mlp,26,25610,belief_bank_facts,std,0,0,0,0,0,0,2.452324596153614,0.0,0.0052143101278209715,0.03053329407033638,0.012683490858165503,0.009800495272196128,0.007129545180468034,89742.907,10,2026-09-24T14:37:14.047481+00:00
Falcon3-7B-Base,belief_bank_constraints,mlp,26,25610,halu_eval,2,16830,10000,8415,8415,3259,6741,103.7804,3073,0.33100334935197323,0.6974532065050629,0.442,0.4489433142405688,0.5055647708473958,85772.86,10,2026-09-24T14:37:14.047481+00:00
Falcon3-7B-Base,belief_bank_constraints,mlp,26,25610,halu_eval,4,16830,10000,8415,8415,3259,6741,101.079,3073,0.32838235294117646,0.6851795029150046,0.4407,0.4439805149617258,0.5054637417526098,85875.229,10,2026-09-24T14:37:14.047481+00:00
Falcon3-7B-Base,belief_bank_constraints,mlp,26,25610,halu_eval,24,16830,10000,8415,8415,3259,6741,103.2605,3073,0.32837512395523444,0.7112611230438785,0.4318,0.44931188214770307,0.4997496235477039,85979.795,10,2026-09-24T14:37:14.047481+00:00
Falcon3-7B-Base,belief_bank_constraints,mlp,26,25610,halu_eval,42,16830,10000,8415,8415,3259,6741,104.7877,3073,0.3300548210254757,0.6281067812212335,0.4633,0.43272381355036466,0.5042290428582308,86085.883,10,2026-09-24T14:37:14.047481+00:00
Falcon3-7B-Base,belief_bank_constraints,mlp,26,25610,halu_eval,64,16830,10000,8415,8415,3259,6741,105.7347,3073,0.33016061867935753,0.6811905492482356,0.4457,0.44475608534508665,0.5044259118985326,86192.914,10,2026-09-24T14:37:14.047481+00:00
Falcon3-7B-Base,belief_bank_constraints,mlp,26,25610,halu_eval,67,16830,10000,8415,8415,3259,6741,108.953,3073,0.32237614463489084,0.42129487572875113,0.5228,0.36525671721202446,0.49565916283818967,86303.181,10,2026-09-24T14:37:14.047481+00:00
Falcon3-7B-Base,belief_bank_constraints,mlp,26,25610,halu_eval,104,16830,10000,8415,8415,3259,6741,106.4119,3073,0.3228445563247325,0.4722307456274931,0.5052,0.383503613256915,0.5004975210660115,86410.9,10,2026-09-24T14:37:14.047481+00:00
Falcon3-7B-Base,belief_bank_constraints,mlp,26,25610,halu_eval,123,16830,10000,8415,8415,3259,6741,108.2214,3073,0.32976409570018406,0.6047867444001227,0.4706,0.42680814205283674,0.50120711446931,86520.42,10,2026-09-24T14:37:14.047481+00:00
Falcon3-7B-Base,belief_bank_constraints,mlp,26,25610,halu_eval,420,16830,10000,8415,8415,3259,6741,106.9385,3073,0.32515060240963856,0.6624731512733968,0.4419,0.43620567734114557,0.5018843439679486,86628.659,10,2026-09-24T14:37:14.047481+00:00
Falcon3-7B-Base,belief_bank_constraints,mlp,26,25610,halu_eval,511,16830,10000,8415,8415,3259,6741,101.453,3073,0.33055189576928706,0.692850567658791,0.4426,0.44757185332011895,0.5060923571159782,86731.406,10,2026-09-24T14:37:14.047481+00:00
Falcon3-7B-Base,belief_bank_constraints,mlp,26,25610,halu_eval,mean,0,0,0,0,0,0,105.06201000000001,3073.0,0.327866356079195,0.625682724762197,0.46066,0.427906161342849,0.5024773590361911,89742.907,10,2026-09-24T14:37:14.047481+00:00
Falcon3-7B-Base,belief_bank_constraints,mlp,26,25610,halu_eval,std,0,0,0,0,0,0,2.5449952496812274,0.0,0.003065429750838414,0.09524973746522401,0.02903853302079842,0.027963632490599164,0.003133645573706476,89742.907,10,2026-09-24T14:37:14.047481+00:00
Falcon3-7B-Base,belief_bank_constraints,mlp,27,25610,belief_bank_constraints,2,16830,7683,8415,8415,3606,4077,100.0372,3073,0.6390063424947146,0.670549084858569,0.6675777691006117,0.6543978349120433,0.7169911809970873,86833.387,10,2026-09-24T14:37:14.047481+00:00
Falcon3-7B-Base,belief_bank_constraints,mlp,27,25610,belief_bank_constraints,4,16830,7683,8415,8415,3606,4077,101.4308,3073,0.628586332811685,0.6683305601774819,0.6589873747234153,0.6478494623655914,0.7048027971259303,86936.035,10,2026-09-24T14:37:14.047481+00:00
Falcon3-7B-Base,belief_bank_constraints,mlp,27,25610,belief_bank_constraints,24,16830,7683,8415,8415,3606,4077,98.5622,3073,0.6322647902006776,0.6727676095396561,0.6627619419497592,0.651887679699046,0.7138170500722979,87035.813,10,2026-09-24T14:37:14.047481+00:00
Falcon3-7B-Base,belief_bank_constraints,mlp,27,25610,belief_bank_constraints,42,16830,7683,8415,8415,3606,4077,96.6722,3073,0.6366492146596858,0.6744315030504714,0.6665365091761031,0.6549959601400485,0.711543769677197,87133.723,10,2026-09-24T14:37:14.047481+00:00
Falcon3-7B-Base,belief_bank_constraints,mlp,27,25610,belief_bank_constraints,64,16830,7683,8415,8415,3606,4077,96.1491,3073,0.625676720804331,0.673044925124792,0.657555642327216,0.648496993987976,0.7010143479016182,87231.105,10,2026-09-24T14:37:14.047481+00:00
Falcon3-7B-Base,belief_bank_constraints,mlp,27,25610,belief_bank_constraints,67,16830,7683,8415,8415,3606,4077,95.8859,3073,0.6337084673097535,0.6558513588463671,0.6605492646101783,0.6445898064867811,0.7109544485514632,87328.222,10,2026-09-24T14:37:14.047481+00:00
Falcon3-7B-Base,belief_bank_constraints,mlp,27,25610,belief_bank_constraints,104,16830,7683,8415,8415,3606,4077,100.5516,3073,0.6355647454122513,0.6819190238491403,0.667187296628921,0.6579264214046823,0.7157319696235704,87430.004,10,2026-09-24T14:37:14.047481+00:00
Falcon3-7B-Base,belief_bank_constraints,mlp,27,25610,belief_bank_constraints,123,16830,7683,8415,8415,3606,4077,100.4909,3073,0.6251594794590457,0.6794231835829173,0.6583365872705974,0.6511627906976745,0.7042036471794821,87531.719,10,2026-09-24T14:37:14.047481+00:00
Falcon3-7B-Base,belief_bank_constraints,mlp,27,25610,belief_bank_constraints,420,16830,7683,8415,8415,3606,4077,96.2674,3073,0.6356466876971609,0.670549084858569,0.6649746192893401,0.6526315789473685,0.7098204271054525,87629.204,10,2026-09-24T14:37:14.047481+00:00
Falcon3-7B-Base,belief_bank_constraints,mlp,27,25610,belief_bank_constraints,511,16830,7683,8415,8415,3606,4077,99.0025,3073,0.6353305785123967,0.6821963394342762,0.6670571391383574,0.6579299277881786,0.7173005677861455,87729.437,10,2026-09-24T14:37:14.047481+00:00
Falcon3-7B-Base,belief_bank_constraints,mlp,27,25610,belief_bank_constraints,mean,0,0,0,0,0,0,98.50498,3073.0,0.6327593359361703,0.672906267332224,0.66315241442145,0.652186845642939,0.7106180206020245,89742.907,10,2026-09-24T14:37:14.047481+00:00
Falcon3-7B-Base,belief_bank_constraints,mlp,27,25610,belief_bank_constraints,std,0,0,0,0,0,0,2.001675552031346,0.0,0.0045106018981568696,0.007316350394365452,0.0038036285815963673,0.004125338769521174,0.005389413370249422,89742.907,10,2026-09-24T14:37:14.047481+00:00
Falcon3-7B-Base,belief_bank_constraints,mlp,27,25610,belief_bank_facts,2,16830,27416,8415,8415,7533,19883,100.9859,3073,0.27539371719023414,0.4387362272666932,0.528596440035016,0.33838435548274803,0.5185062003400899,87832.378,10,2026-09-24T14:37:14.047481+00:00
Falcon3-7B-Base,belief_bank_constraints,mlp,27,25610,belief_bank_facts,4,16830,27416,8415,8415,7533,19883,100.7785,3073,0.28550488599348534,0.4654188238417629,0.5330828713160198,0.35390904961388986,0.52778054018771,87935.092,10,2026-09-24T14:37:14.047481+00:00
Falcon3-7B-Base,belief_bank_constraints,mlp,27,25610,belief_bank_facts,24,16830,27416,8415,8415,7533,19883,98.7651,3073,0.28448993176901316,0.45386964024956855,0.5362926758097462,0.349751930847527,0.5204821797052115,88035.807,10,2026-09-24T14:37:14.047481+00:00
Falcon3-7B-Base,belief_bank_constraints,mlp,27,25610,belief_bank_facts,42,16830,27416,8415,8415,7533,19883,95.8074,3073,0.2807570977917981,0.4253285543608124,0.5427122847971987,0.3382422802850356,0.5212373541463412,88133.586,10,2026-09-24T14:37:14.047481+00:00
Falcon3-7B-Base,belief_bank_constraints,mlp,27,25610,belief_bank_facts,64,16830,27416,8415,8415,7533,19883,100.5177,3073,0.2986467968482357,0.462896588344617,0.5537277502188503,0.3630589827684939,0.5318315951582389,88236.06,10,2026-09-24T14:37:14.047481+00:00
Falcon3-7B-Base,belief_bank_constraints,mlp,27,25610,belief_bank_facts,67,16830,27416,8415,8415,7533,19883,95.3682,3073,0.3005536925836388,0.5116155582105403,0.5386635541289758,0.3786598545883278,0.5388868034780314,88333.373,10,2026-09-24T14:37:14.047481+00:00
Falcon3-7B-Base,belief_bank_constraints,mlp,27,25610,belief_bank_facts,104,16830,27416,8415,8415,7533,19883,101.1391,3073,0.29563130895250705,0.4743130227001195,0.5450466880653633,0.36423874815230134,0.5277838851239661,88436.467,10,2026-09-24T14:37:14.047481+00:00
Falcon3-7B-Base,belief_bank_constraints,mlp,27,25610,belief_bank_facts,123,16830,27416,8415,8415,7533,19883,102.3949,3073,0.28094517322569795,0.44351519978760123,0.535198424277794,0.34398970398970397,0.5247969238123469,88540.827,10,2026-09-24T14:37:14.047481+00:00
Falcon3-7B-Base,belief_bank_constraints,mlp,27,25610,belief_bank_facts,420,16830,27416,8415,8415,7533,19883,96.2989,3073,0.29455937569020096,0.531129696004248,0.5216661803326524,0.378954347414283,0.5289589391982658,88639.074,10,2026-09-24T14:37:14.047481+00:00
Falcon3-7B-Base,belief_bank_constraints,mlp,27,25610,belief_bank_facts,511,16830,27416,8415,8415,7533,19883,98.5675,3073,0.2800634231828424,0.44550643833797954,0.5329734461628246,0.34392293502766963,0.5225665623787648,88739.581,10,2026-09-24T14:37:14.047481+00:00
Falcon3-7B-Base,belief_bank_constraints,mlp,27,25610,belief_bank_facts,mean,0,0,0,0,0,0,99.06232,3073.0,0.2876545403227654,0.4652329749103942,0.5367960315144442,0.355311218816998,0.5262830983528966,89742.907,10,2026-09-24T14:37:14.047481+00:00
Falcon3-7B-Base,belief_bank_constraints,mlp,27,25610,belief_bank_facts,std,0,0,0,0,0,0,2.3747288859151903,0.0,0.008448090591720048,0.031410231112684726,0.008488800008942112,0.014534420457409486,0.005804357895232644,89742.907,10,2026-09-24T14:37:14.047481+00:00
Falcon3-7B-Base,belief_bank_constraints,mlp,27,25610,halu_eval,2,16830,10000,8415,8415,3259,6741,98.1481,3073,0.32095369096744614,0.4295796256520405,0.5179,0.3674058522503608,0.4956035160400928,88839.017,10,2026-09-24T14:37:14.047481+00:00
Falcon3-7B-Base,belief_bank_constraints,mlp,27,25610,halu_eval,4,16830,10000,8415,8415,3259,6741,98.4024,3073,0.32526259569165034,0.5606014114759128,0.4778,0.4116719242902208,0.49820061697164075,88938.713,10,2026-09-24T14:37:14.047481+00:00
Falcon3-7B-Base,belief_bank_constraints,mlp,27,25610,halu_eval,24,16830,10000,8415,8415,3259,6741,100.7534,3073,0.3203065134099617,0.3847806075483277,0.5334,0.34959576247560636,0.4966898689917333,89040.768,10,2026-09-24T14:37:14.047481+00:00
Falcon3-7B-Base,belief_bank_constraints,mlp,27,25610,halu_eval,42,16830,10000,8415,8415,3259,6741,96.3338,3073,0.3258058955352525,0.5799324946302546,0.472,0.41721854304635764,0.4977996869122236,89138.402,10,2026-09-24T14:37:14.047481+00:00
Falcon3-7B-Base,belief_bank_constraints,mlp,27,25610,halu_eval,64,16830,10000,8415,8415,3259,6741,99.2628,3073,0.32500945894816496,0.263577784596502,0.5816,0.291087766858692,0.49775196039459196,89238.953,10,2026-09-24T14:37:14.047481+00:00
Falcon3-7B-Base,belief_bank_constraints,mlp,27,25610,halu_eval,67,16830,10000,8415,8415,3259,6741,98.3862,3073,0.33102803738317754,0.5434182264498313,0.4933,0.41142989894296667,0.5049923029895098,89338.634,10,2026-09-24T14:37:14.047481+00:00
Falcon3-7B-Base,belief_bank_constraints,mlp,27,25610,halu_eval,104,16830,10000,8415,8415,3259,6741,101.7453,3073,0.3254616477272727,0.5624424670144216,0.4775,0.41232707232032395,0.49711633512782305,89441.666,10,2026-09-24T14:37:14.047481+00:00
Falcon3-7B-Base,belief_bank_constraints,mlp,27,25610,halu_eval,123,16830,10000,8415,8415,3259,6741,102.9716,3073,0.3271206339888465,0.6839521325559987,0.4385,0.4425692445150402,0.5009969539238595,89545.933,10,2026-09-24T14:37:14.047481+00:00
Falcon3-7B-Base,belief_bank_constraints,mlp,27,25610,halu_eval,420,16830,10000,8415,8415,3259,6741,96.9495,3073,0.3218990120746433,0.35992635777845966,0.5443,0.3398522381573229,0.49637551579119576,89644.174,10,2026-09-24T14:37:14.047481+00:00
Falcon3-7B-Base,belief_bank_constraints,mlp,27,25610,halu_eval,511,16830,10000,8415,8415,3259,6741,97.1459,3073,0.31802120141342755,0.3037741638539429,0.5608,0.3107344632768362,0.49200076708371493,89742.617,10,2026-09-24T14:37:14.047481+00:00
Falcon3-7B-Base,belief_bank_constraints,mlp,27,25610,halu_eval,mean,0,0,0,0,0,0,99.00989999999999,3073.0,0.3240868687139843,0.4671985271555692,0.5097099999999999,0.37538927661337274,0.4977527524226385,89742.907,10,2026-09-24T14:37:14.047481+00:00
Falcon3-7B-Base,belief_bank_constraints,mlp,27,25610,halu_eval,std,0,0,0,0,0,0,2.0655082488336856,0.0,0.0036076177311681807,0.13083583805013424,0.04291974953328596,0.048498973517476285,0.0032291609310431675,89742.907,10,2026-09-24T14:37:14.047481+00:00
