model,train_dataset,layer_type,layer,num_samples,eval_dataset,split_seed,train_size,test_size,train_hall,train_not_hall,test_hall,test_not_hall,fit_time_s,model_params,precision,recall,accuracy,f1,auroc,total_runtime_s,num_splits,created_at_utc
Falcon3-7B-Base,belief_bank_constraints,attn,0,25610,belief_bank_constraints,2,16830,7683,8415,8415,3606,4077,111.8857,3073,0.7922149122807017,0.8014420410427066,0.8081478589092802,0.7968017645437,0.9124806433449496,158.884,10,2026-09-24T14:37:13.525546+00:00
Falcon3-7B-Base,belief_bank_constraints,attn,0,25610,belief_bank_constraints,4,16830,7683,8415,8415,3606,4077,114.4627,3073,0.7854294070725871,0.8191902384914033,0.810100221267734,0.8019546626849464,0.9133751680592302,274.425,10,2026-09-24T14:37:13.525546+00:00
Falcon3-7B-Base,belief_bank_constraints,attn,0,25610,belief_bank_constraints,24,16830,7683,8415,8415,3606,4077,112.6855,3073,0.7833964305029746,0.8033832501386577,0.8034621892489913,0.7932639649507119,0.9120032143304615,388.176,10,2026-09-24T14:37:13.525546+00:00
Falcon3-7B-Base,belief_bank_constraints,attn,0,25610,belief_bank_constraints,42,16830,7683,8415,8415,3606,4077,114.1082,3073,0.781047516198704,0.8022739877981142,0.8016399843811012,0.7915184678522572,0.9085183702359638,503.377,10,2026-09-24T14:37:13.525546+00:00
Falcon3-7B-Base,belief_bank_constraints,attn,0,25610,belief_bank_constraints,64,16830,7683,8415,8415,3606,4077,110.4538,3073,0.7842119639442775,0.7961730449251248,0.8015098268905375,0.7901472409522499,0.9104748837240306,614.908,10,2026-09-24T14:37:13.525546+00:00
Falcon3-7B-Base,belief_bank_constraints,attn,0,25610,belief_bank_constraints,67,16830,7683,8415,8415,3606,4077,115.6108,3073,0.7832036490474913,0.8094841930116472,0.805414551607445,0.7961270966862131,0.9108579696635659,731.62,10,2026-09-24T14:37:13.525546+00:00
Falcon3-7B-Base,belief_bank_constraints,attn,0,25610,belief_bank_constraints,104,16830,7683,8415,8415,3606,4077,109.8091,3073,0.7755584756898818,0.8183582917359956,0.8035923467395548,0.7963837538793685,0.9114050506670606,842.514,10,2026-09-24T14:37:13.525546+00:00
Falcon3-7B-Base,belief_bank_constraints,attn,0,25610,belief_bank_constraints,123,16830,7683,8415,8415,3606,4077,114.572,3073,0.7772117962466488,0.8039378813089295,0.799817779513211,0.7903489640130862,0.9078969438965472,958.216,10,2026-09-24T14:37:13.525546+00:00
Falcon3-7B-Base,belief_bank_constraints,attn,0,25610,belief_bank_constraints,420,16830,7683,8415,8415,3606,4077,109.3391,3073,0.7841493102515553,0.8039378813089295,0.8041129767018091,0.7939203067232644,0.9114271570112276,1068.743,10,2026-09-24T14:37:13.525546+00:00
Falcon3-7B-Base,belief_bank_constraints,attn,0,25610,belief_bank_constraints,511,16830,7683,8415,8415,3606,4077,111.131,3073,0.787176724137931,0.8103161397670549,0.8081478589092802,0.7985788466794206,0.914361791204287,1181.085,10,2026-09-24T14:37:13.525546+00:00
Falcon3-7B-Base,belief_bank_constraints,attn,0,25610,belief_bank_constraints,mean,0,0,0,0,0,0,112.40579,3073.0,0.7833600185372754,0.8068496949528562,0.8045945594168945,0.7949045068965218,0.9112801192137324,93059.129,10,2026-09-24T14:37:13.525546+00:00
Falcon3-7B-Base,belief_bank_constraints,attn,0,25610,belief_bank_constraints,std,0,0,0,0,0,0,2.0982160453347016,0.0,0.004501618582192686,0.007048672669742093,0.0031593971447462714,0.00359162626096843,0.0018917460643908751,93059.129,10,2026-09-24T14:37:13.525546+00:00
Falcon3-7B-Base,belief_bank_constraints,attn,0,25610,belief_bank_facts,2,16830,27416,8415,8415,7533,19883,115.9366,3073,0.10352187833511206,0.038630027877339705,0.6439305515027721,0.05626450116009281,0.41618847931980474,1298.987,10,2026-09-24T14:37:13.525546+00:00
Falcon3-7B-Base,belief_bank_constraints,attn,0,25610,belief_bank_facts,4,16830,27416,8415,8415,7533,19883,119.2611,3073,0.11671575846833579,0.04208150803132882,0.6492923840093376,0.0618596936286467,0.42039211612812155,1420.213,10,2026-09-24T14:37:13.525546+00:00
Falcon3-7B-Base,belief_bank_constraints,attn,0,25610,belief_bank_facts,24,16830,27416,8415,8415,7533,19883,117.4647,3073,0.10246679316888045,0.02867383512544803,0.6641012547417566,0.044808629810185664,0.4112516605255039,1539.61,10,2026-09-24T14:37:13.525546+00:00
Falcon3-7B-Base,belief_bank_constraints,attn,0,25610,belief_bank_facts,42,16830,27416,8415,8415,7533,19883,123.5299,3073,0.12274368231046931,0.054161688570290724,0.6337540122556171,0.07515888366952196,0.4106452789973609,1665.093,10,2026-09-24T14:37:13.525546+00:00
Falcon3-7B-Base,belief_bank_constraints,attn,0,25610,belief_bank_facts,64,16830,27416,8415,8415,7533,19883,115.6758,3073,0.09140767824497258,0.03318730917297225,0.6437117011963817,0.04869497467861317,0.3984097959389256,1782.692,10,2026-09-24T14:37:13.525546+00:00
Falcon3-7B-Base,belief_bank_constraints,attn,0,25610,belief_bank_facts,67,16830,27416,8415,8415,7533,19883,118.0252,3073,0.12496375761090171,0.05721492101420417,0.6308724832214765,0.07849207794572938,0.38710333053567136,1902.645,10,2026-09-24T14:37:13.525546+00:00
Falcon3-7B-Base,belief_bank_constraints,attn,0,25610,belief_bank_facts,104,16830,27416,8415,8415,7533,19883,115.8965,3073,0.13558368495077355,0.0639851320854905,0.6307265830172162,0.08694083694083694,0.4206230636132299,2020.459,10,2026-09-24T14:37:13.525546+00:00
Falcon3-7B-Base,belief_bank_constraints,attn,0,25610,belief_bank_facts,123,16830,27416,8415,8415,7533,19883,121.6194,3073,0.09392987964416535,0.04765697597238816,0.6120148818208345,0.06323205636283576,0.4136756577151165,2144.001,10,2026-09-24T14:37:13.525546+00:00
Falcon3-7B-Base,belief_bank_constraints,attn,0,25610,belief_bank_facts,420,16830,27416,8415,8415,7533,19883,114.143,3073,0.11061490896599106,0.04274525421478827,0.6425444995622994,0.06166219839142091,0.41107958658911303,2260.152,10,2026-09-24T14:37:13.525546+00:00
Falcon3-7B-Base,belief_bank_constraints,attn,0,25610,belief_bank_facts,511,16830,27416,8415,8415,7533,19883,112.1316,3073,0.1628997867803838,0.050710208416301604,0.6675663845929384,0.07734359182020652,0.41744765086295116,2374.234,10,2026-09-24T14:37:13.525546+00:00
Falcon3-7B-Base,belief_bank_constraints,attn,0,25610,belief_bank_facts,mean,0,0,0,0,0,0,117.36838,3073.0,0.11648478084799858,0.04590468604805522,0.6418514735920631,0.065445744440809,0.4106816620225799,93059.129,10,2026-09-24T14:37:13.525546+00:00
Falcon3-7B-Base,belief_bank_constraints,attn,0,25610,belief_bank_facts,std,0,0,0,0,0,0,3.239857581376069,0.0,0.02041279505132327,0.010417863739857385,0.015556453201170635,0.01300384203830258,0.009925789718317512,93059.129,10,2026-09-24T14:37:13.525546+00:00
Falcon3-7B-Base,belief_bank_constraints,attn,0,25610,halu_eval,2,16830,10000,8415,8415,3259,6741,110.4175,3073,0.3290349417637271,0.7281374654802086,0.4275,0.453251838410849,0.5043313237214813,2485.942,10,2026-09-24T14:37:13.525546+00:00
Falcon3-7B-Base,belief_bank_constraints,attn,0,25610,halu_eval,4,16830,10000,8415,8415,3259,6741,114.8315,3073,0.32478273058592655,0.710954280454127,0.4241,0.44587703261810835,0.5004782210722339,2602.072,10,2026-09-24T14:37:13.525546+00:00
Falcon3-7B-Base,belief_bank_constraints,attn,0,25610,halu_eval,24,16830,10000,8415,8415,3259,6741,117.0605,3073,0.3264295948938387,0.7689475299171525,0.4076,0.458302852962692,0.5003644466985381,2720.431,10,2026-09-24T14:37:13.525546+00:00
Falcon3-7B-Base,belief_bank_constraints,attn,0,25610,halu_eval,42,16830,10000,8415,8415,3259,6741,125.3656,3073,0.3261741493078018,0.7735501687634244,0.4054,0.45886421550782674,0.5010578581495067,2847.101,10,2026-09-24T14:37:13.525546+00:00
Falcon3-7B-Base,belief_bank_constraints,attn,0,25610,halu_eval,64,16830,10000,8415,8415,3259,6741,113.1182,3073,0.32667039418507127,0.7170911322491562,0.4261,0.4488619994237972,0.5002116854270344,2961.505,10,2026-09-24T14:37:13.525546+00:00
Falcon3-7B-Base,belief_bank_constraints,attn,0,25610,halu_eval,67,16830,10000,8415,8415,3259,6741,121.2956,3073,0.327123592381482,0.7220006136851795,0.4254,0.4502487562189055,0.5024524875347758,3084.088,10,2026-09-24T14:37:13.525546+00:00
Falcon3-7B-Base,belief_bank_constraints,attn,0,25610,halu_eval,104,16830,10000,8415,8415,3259,6741,122.1803,3073,0.32725504497933383,0.8260202516109236,0.3899,0.46878537222464084,0.5038171427551805,3207.54,10,2026-09-24T14:37:13.525546+00:00
Falcon3-7B-Base,belief_bank_constraints,attn,0,25610,halu_eval,123,16830,10000,8415,8415,3259,6741,119.5363,3073,0.32678593769548353,0.801472844430807,0.3972,0.4642730181301102,0.5019230349932102,3328.381,10,2026-09-24T14:37:13.525546+00:00
Falcon3-7B-Base,belief_bank_constraints,attn,0,25610,halu_eval,420,16830,10000,8415,8415,3259,6741,123.4659,3073,0.32867215041128084,0.8582387235348267,0.3825,0.47531650947404197,0.499735740297463,3453.2,10,2026-09-24T14:37:13.525546+00:00
Falcon3-7B-Base,belief_bank_constraints,attn,0,25610,halu_eval,511,16830,10000,8415,8415,3259,6741,114.3103,3073,0.3300275482093664,0.7351948450444922,0.4273,0.45555661184523244,0.5005745162062822,3568.797,10,2026-09-24T14:37:13.525546+00:00
Falcon3-7B-Base,belief_bank_constraints,attn,0,25610,halu_eval,mean,0,0,0,0,0,0,118.15817000000001,3073.0,0.32729560844133115,0.7641607855170298,0.41129999999999994,0.4579338206816205,0.5014946456855707,93059.129,10,2026-09-24T14:37:13.525546+00:00
Falcon3-7B-Base,belief_bank_constraints,attn,0,25610,halu_eval,std,0,0,0,0,0,0,4.69506410926411,0.0,0.0014624547966040136,0.04810528554096578,0.016232190240383453,0.008805666693482636,0.0015043051176291608,93059.129,10,2026-09-24T14:37:13.525546+00:00
Falcon3-7B-Base,belief_bank_constraints,attn,1,25610,belief_bank_constraints,2,16830,7683,8415,8415,3606,4077,111.4653,3073,0.7884089666484417,0.7997781475318912,0.8052843941168815,0.7940528634361234,0.8993358710056046,3682.384,10,2026-09-24T14:37:13.525546+00:00
Falcon3-7B-Base,belief_bank_constraints,attn,1,25610,belief_bank_constraints,4,16830,7683,8415,8415,3606,4077,118.7262,3073,0.78051363516018,0.817526344980588,0.8064558115319537,0.7985913585263443,0.8987931432514229,3802.385,10,2026-09-24T14:37:13.525546+00:00
Falcon3-7B-Base,belief_bank_constraints,attn,1,25610,belief_bank_constraints,24,16830,7683,8415,8415,3606,4077,117.6045,3073,0.7759533898305084,0.812534664448142,0.8019002993622283,0.7938228122460038,0.8979839830353875,3921.203,10,2026-09-24T14:37:13.525546+00:00
Falcon3-7B-Base,belief_bank_constraints,attn,1,25610,belief_bank_constraints,42,16830,7683,8415,8415,3606,4077,103.6958,3073,0.7745989304812835,0.8033832501386577,0.7979955746453209,0.7887285597604138,0.8922153155201094,4026.149,10,2026-09-24T14:37:13.525546+00:00
Falcon3-7B-Base,belief_bank_constraints,attn,1,25610,belief_bank_constraints,64,16830,7683,8415,8415,3606,4077,107.4617,3073,0.77427119550682,0.802828618968386,0.7976051021736301,0.7882913546630361,0.8929401995502277,4134.858,10,2026-09-24T14:37:13.525546+00:00
Falcon3-7B-Base,belief_bank_constraints,attn,1,25610,belief_bank_constraints,67,16830,7683,8415,8415,3606,4077,106.7892,3073,0.7681274900398406,0.8019966722129783,0.7934400624755955,0.7846967846967847,0.8931447342484136,4242.911,10,2026-09-24T14:37:13.525546+00:00
Falcon3-7B-Base,belief_bank_constraints,attn,1,25610,belief_bank_constraints,104,16830,7683,8415,8415,3606,4077,110.9545,3073,0.7675745784695202,0.8205768164170827,0.7991669920603931,0.7931912612250368,0.8949066778980499,4355.136,10,2026-09-24T14:37:13.525546+00:00
Falcon3-7B-Base,belief_bank_constraints,attn,1,25610,belief_bank_constraints,123,16830,7683,8415,8415,3606,4077,104.178,3073,0.7699184854062582,0.8119800332778702,0.7978654171547572,0.7903900661357808,0.8929516948491947,4460.586,10,2026-09-24T14:37:13.525546+00:00
Falcon3-7B-Base,belief_bank_constraints,attn,1,25610,belief_bank_constraints,420,16830,7683,8415,8415,3606,4077,106.9338,3073,0.7837692100296576,0.8061564059900166,0.8046336066640635,0.7948051948051948,0.8970963963121992,4568.756,10,2026-09-24T14:37:13.525546+00:00
Falcon3-7B-Base,belief_bank_constraints,attn,1,25610,belief_bank_constraints,511,16830,7683,8415,8415,3606,4077,107.0052,3073,0.780010718113612,0.8072656683305601,0.8026812443056098,0.7934041973289725,0.8949424901756006,4677.035,10,2026-09-24T14:37:13.525546+00:00
Falcon3-7B-Base,belief_bank_constraints,attn,1,25610,belief_bank_constraints,mean,0,0,0,0,0,0,109.48142,3073.0,0.7763146599686122,0.8084026622296172,0.8007028504490433,0.791997445282369,0.8954310505846209,93059.129,10,2026-09-24T14:37:13.525546+00:00
Falcon3-7B-Base,belief_bank_constraints,attn,1,25610,belief_bank_constraints,std,0,0,0,0,0,0,4.930569373977006,0.0,0.0065170133115366805,0.006628306595000494,0.003936613248302547,0.003776612746330385,0.0025352618450800225,93059.129,10,2026-09-24T14:37:13.525546+00:00
Falcon3-7B-Base,belief_bank_constraints,attn,1,25610,belief_bank_facts,2,16830,27416,8415,8415,7533,19883,109.7216,3073,0.22140702139330773,0.42864728527810964,0.4288371753720455,0.29199258488945157,0.39489232840472,4788.734,10,2026-09-24T14:37:13.525546+00:00
Falcon3-7B-Base,belief_bank_constraints,attn,1,25610,belief_bank_facts,4,16830,27416,8415,8415,7533,19883,113.9395,3073,0.20197116799058545,0.36452940395592726,0.4296396264954771,0.25992711439254107,0.39689031691628607,4904.673,10,2026-09-24T14:37:13.525546+00:00
Falcon3-7B-Base,belief_bank_constraints,attn,1,25610,belief_bank_facts,24,16830,27416,8415,8415,7533,19883,113.9109,3073,0.22493523316062175,0.46103809903093057,0.41541435658009923,0.30235493840595484,0.4004266356032251,5020.58,10,2026-09-24T14:37:13.525546+00:00
Falcon3-7B-Base,belief_bank_constraints,attn,1,25610,belief_bank_facts,42,16830,27416,8415,8415,7533,19883,105.092,3073,0.19074100823342482,0.3505907341032789,0.4128611030055442,0.24706487674821087,0.39778973756064107,5127.705,10,2026-09-24T14:37:13.525546+00:00
Falcon3-7B-Base,belief_bank_constraints,attn,1,25610,belief_bank_facts,64,16830,27416,8415,8415,7533,19883,112.5566,3073,0.20342730790491984,0.3908137528209213,0.41213160198424276,0.26757555101113384,0.38333714262151897,5242.27,10,2026-09-24T14:37:13.525546+00:00
Falcon3-7B-Base,belief_bank_constraints,attn,1,25610,belief_bank_facts,67,16830,27416,8415,8415,7533,19883,107.797,3073,0.2159257775997864,0.429443780698261,0.4147578056609279,0.2873639795691761,0.3981337452265139,5352.108,10,2026-09-24T14:37:13.525546+00:00
Falcon3-7B-Base,belief_bank_constraints,attn,1,25610,belief_bank_facts,104,16830,27416,8415,8415,7533,19883,108.0242,3073,0.23574120603015075,0.4982078853046595,0.41833236066530494,0.32004434400716325,0.3970615930085999,5462.152,10,2026-09-24T14:37:13.525546+00:00
Falcon3-7B-Base,belief_bank_constraints,attn,1,25610,belief_bank_facts,123,16830,27416,8415,8415,7533,19883,102.3427,3073,0.2054280045351474,0.38484003716978626,0.42197986577181207,0.26786786786786787,0.39425594593632274,5566.508,10,2026-09-24T14:37:13.525546+00:00
Falcon3-7B-Base,belief_bank_constraints,attn,1,25610,belief_bank_facts,420,16830,27416,8415,8415,7533,19883,113.6058,3073,0.2261414729909442,0.4740475242267357,0.40976072366501315,0.30620819756474016,0.395805799784307,5682.182,10,2026-09-24T14:37:13.525546+00:00
Falcon3-7B-Base,belief_bank_constraints,attn,1,25610,belief_bank_facts,511,16830,27416,8415,8415,7533,19883,109.8956,3073,0.21694872121135003,0.45267489711934156,0.40067843594981034,0.2933207173884994,0.39083276087186236,5794.165,10,2026-09-24T14:37:13.525546+00:00
Falcon3-7B-Base,belief_bank_constraints,attn,1,25610,belief_bank_facts,mean,0,0,0,0,0,0,109.68859,3073.0,0.2142666921050238,0.4234833399707951,0.41643930551502767,0.28437201718447386,0.3949426005933997,93059.129,10,2026-09-24T14:37:13.525546+00:00
Falcon3-7B-Base,belief_bank_constraints,attn,1,25610,belief_bank_facts,std,0,0,0,0,0,0,3.754346044639467,0.0,0.012950542256931975,0.04670620929187207,0.00830953299954451,0.021825919172434653,0.004576511037098348,93059.129,10,2026-09-24T14:37:13.525546+00:00
Falcon3-7B-Base,belief_bank_constraints,attn,1,25610,halu_eval,2,16830,10000,8415,8415,3259,6741,116.4071,3073,0.3287373930805566,0.790119668610003,0.4058,0.46429859358095926,0.5024956849265092,5911.934,10,2026-09-24T14:37:13.525546+00:00
Falcon3-7B-Base,belief_bank_constraints,attn,1,25610,halu_eval,4,16830,10000,8415,8415,3259,6741,117.9196,3073,0.32649451715599576,0.8496471310217858,0.3798,0.4717206132879046,0.5007526314790454,6031.205,10,2026-09-24T14:37:13.525546+00:00
Falcon3-7B-Base,belief_bank_constraints,attn,1,25610,halu_eval,24,16830,10000,8415,8415,3259,6741,113.6594,3073,0.32897969740075006,0.7806075483277078,0.4096,0.462882096069869,0.5014644097873,6146.188,10,2026-09-24T14:37:13.525546+00:00
Falcon3-7B-Base,belief_bank_constraints,attn,1,25610,halu_eval,42,16830,10000,8415,8415,3259,6741,115.808,3073,0.3267801486454088,0.8364528996624732,0.3851,0.4699594862511852,0.49853381497742333,6263.35,10,2026-09-24T14:37:13.525546+00:00
Falcon3-7B-Base,belief_bank_constraints,attn,1,25610,halu_eval,64,16830,10000,8415,8415,3259,6741,104.2957,3073,0.3291197425879108,0.8787971770481743,0.3767,0.47888972493938636,0.5011429101268023,6368.989,10,2026-09-24T14:37:13.525546+00:00
Falcon3-7B-Base,belief_bank_constraints,attn,1,25610,halu_eval,67,16830,10000,8415,8415,3259,6741,110.4008,3073,0.3284572971756498,0.8956735194845045,0.3692,0.48065206652395853,0.5001248354550354,6480.754,10,2026-09-24T14:37:13.525546+00:00
Falcon3-7B-Base,belief_bank_constraints,attn,1,25610,halu_eval,104,16830,10000,8415,8415,3259,6741,114.5383,3073,0.3292832596956308,0.8232586683031605,0.3959,0.4704129043569738,0.5035745727862168,6596.638,10,2026-09-24T14:37:13.525546+00:00
Falcon3-7B-Base,belief_bank_constraints,attn,1,25610,halu_eval,123,16830,10000,8415,8415,3259,6741,102.3706,3073,0.3280262825372757,0.7965633629947837,0.4019,0.46469166741251233,0.4989314676794065,6700.36,10,2026-09-24T14:37:13.525546+00:00
Falcon3-7B-Base,belief_bank_constraints,attn,1,25610,halu_eval,420,16830,10000,8415,8415,3259,6741,116.2537,3073,0.3272098294166766,0.8416692236882479,0.3844,0.47122487545095343,0.4987162773006719,6817.969,10,2026-09-24T14:37:13.525546+00:00
Falcon3-7B-Base,belief_bank_constraints,attn,1,25610,halu_eval,511,16830,10000,8415,8415,3259,6741,116.4299,3073,0.32838057185666125,0.8069960110463332,0.3992,0.4668086616968406,0.5020777308159768,6935.854,10,2026-09-24T14:37:13.525546+00:00
Falcon3-7B-Base,belief_bank_constraints,attn,1,25610,halu_eval,mean,0,0,0,0,0,0,112.80831,3073.0,0.3281468739552516,0.8299785210187174,0.39075999999999994,0.47015406895705436,0.5007814335334386,93059.129,10,2026-09-24T14:37:13.525546+00:00
Falcon3-7B-Base,belief_bank_constraints,attn,1,25610,halu_eval,std,0,0,0,0,0,0,5.137946909505782,0.0,0.0009445605731202591,0.036028716821217964,0.012876428076139751,0.005642897714476755,0.0016182946874634147,93059.129,10,2026-09-24T14:37:13.525546+00:00
Falcon3-7B-Base,belief_bank_constraints,attn,2,25610,belief_bank_constraints,2,16830,7683,8415,8415,3606,4077,125.1992,3073,0.7741847826086956,0.7900721020521353,0.7933099049850318,0.7820477628328301,0.8843305607216381,7063.488,10,2026-09-24T14:37:13.525546+00:00
Falcon3-7B-Base,belief_bank_constraints,attn,2,25610,belief_bank_constraints,4,16830,7683,8415,8415,3606,4077,122.9337,3073,0.7697018104366348,0.8017193566278424,0.7943511649095405,0.7853844064113013,0.8843403215228319,7187.742,10,2026-09-24T14:37:13.525546+00:00
Falcon3-7B-Base,belief_bank_constraints,attn,2,25610,belief_bank_constraints,24,16830,7683,8415,8415,3606,4077,128.2851,3073,0.7651757188498403,0.7970049916805324,0.7899258102303788,0.7807660961695192,0.8834755553487761,7317.286,10,2026-09-24T14:37:13.525546+00:00
Falcon3-7B-Base,belief_bank_constraints,attn,2,25610,belief_bank_constraints,42,16830,7683,8415,8415,3606,4077,115.9463,3073,0.7648634172469202,0.7920133111480865,0.7881036053624886,0.7782016348773841,0.8825625293249157,7434.539,10,2026-09-24T14:37:13.525546+00:00
Falcon3-7B-Base,belief_bank_constraints,attn,2,25610,belief_bank_constraints,64,16830,7683,8415,8415,3606,4077,124.4657,3073,0.7615551930396954,0.7767609539656128,0.7810751008720552,0.7690829214717189,0.876041837990834,7560.269,10,2026-09-24T14:37:13.525546+00:00
Falcon3-7B-Base,belief_bank_constraints,attn,2,25610,belief_bank_constraints,67,16830,7683,8415,8415,3606,4077,113.4821,3073,0.7712737127371274,0.7892401552967276,0.7912273851360145,0.7801535087719298,0.8821088391230869,7675.055,10,2026-09-24T14:37:13.525546+00:00
Falcon3-7B-Base,belief_bank_constraints,attn,2,25610,belief_bank_constraints,104,16830,7683,8415,8415,3606,4077,109.4297,3073,0.7596204533473906,0.7992235163616195,0.7870623454379799,0.778918918918919,0.8802374860747036,7785.778,10,2026-09-24T14:37:13.525546+00:00
Falcon3-7B-Base,belief_bank_constraints,attn,2,25610,belief_bank_constraints,123,16830,7683,8415,8415,3606,4077,114.9731,3073,0.7595570788294226,0.7989462007764836,0.7869321879474164,0.7787538856602244,0.8805107204886087,7902.048,10,2026-09-24T14:37:13.525546+00:00
Falcon3-7B-Base,belief_bank_constraints,attn,2,25610,belief_bank_constraints,420,16830,7683,8415,8415,3606,4077,126.5099,3073,0.7725923927704343,0.7942318358291736,0.7937003774567226,0.7832626828934773,0.8820298004402495,8029.827,10,2026-09-24T14:37:13.525546+00:00
Falcon3-7B-Base,belief_bank_constraints,attn,2,25610,belief_bank_constraints,511,16830,7683,8415,8415,3606,4077,123.0111,3073,0.7685309071447686,0.7964503605102606,0.7918781725888325,0.7822415906305324,0.8838546961561217,8154.198,10,2026-09-24T14:37:13.525546+00:00
Falcon3-7B-Base,belief_bank_constraints,attn,2,25610,belief_bank_constraints,mean,0,0,0,0,0,0,120.42358999999999,3073.0,0.7667055467010929,0.7935662784248475,0.7897566054926461,0.7798813408637837,0.8819492347191765,93059.129,10,2026-09-24T14:37:13.525546+00:00
Falcon3-7B-Base,belief_bank_constraints,attn,2,25610,belief_bank_constraints,std,0,0,0,0,0,0,6.081047121746386,0.0,0.005072777367691013,0.006810003539953772,0.0038641871640546807,0.004176875860931971,0.002401109847105332,93059.129,10,2026-09-24T14:37:13.525546+00:00
Falcon3-7B-Base,belief_bank_constraints,attn,2,25610,belief_bank_facts,2,16830,27416,8415,8415,7533,19883,125.0711,3073,0.1378026070763501,0.10805787866719767,0.5691566968193755,0.12113095238095238,0.3501822512888504,8281.317,10,2026-09-24T14:37:13.525546+00:00
Falcon3-7B-Base,belief_bank_constraints,attn,2,25610,belief_bank_facts,4,16830,27416,8415,8415,7533,19883,126.1931,3073,0.15361670395227442,0.10938537103411655,0.5896921505690108,0.12778165464836783,0.36868762374052555,8409.567,10,2026-09-24T14:37:13.525546+00:00
Falcon3-7B-Base,belief_bank_constraints,attn,2,25610,belief_bank_facts,24,16830,27416,8415,8415,7533,19883,129.5639,3073,0.14655172413793102,0.11283685118810567,0.5756857309600233,0.12750318757968948,0.36521647789842715,8541.197,10,2026-09-24T14:37:13.525546+00:00
Falcon3-7B-Base,belief_bank_constraints,attn,2,25610,belief_bank_facts,42,16830,27416,8415,8415,7533,19883,123.7335,3073,0.13942832205978617,0.08482676224611709,0.6046833965567552,0.10548035655331793,0.3710420349059254,8666.967,10,2026-09-24T14:37:13.525546+00:00
Falcon3-7B-Base,belief_bank_constraints,attn,2,25610,belief_bank_facts,64,16830,27416,8415,8415,7533,19883,120.7467,3073,0.14011691633175008,0.10181866454267888,0.5815217391304348,0.1179364957330668,0.3607974365423363,8789.746,10,2026-09-24T14:37:13.525546+00:00
Falcon3-7B-Base,belief_bank_constraints,attn,2,25610,belief_bank_facts,67,16830,27416,8415,8415,7533,19883,112.9681,3073,0.13973365136155833,0.09332271339439799,0.5930113802159322,0.11190703597580388,0.3675190826109723,8904.74,10,2026-09-24T14:37:13.525546+00:00
Falcon3-7B-Base,belief_bank_constraints,attn,2,25610,belief_bank_facts,104,16830,27416,8415,8415,7533,19883,109.2868,3073,0.14765763984977268,0.0991636798088411,0.5951998832798366,0.11864675984752224,0.37131616611898843,9016.077,10,2026-09-24T14:37:13.525546+00:00
Falcon3-7B-Base,belief_bank_constraints,attn,2,25610,belief_bank_facts,123,16830,27416,8415,8415,7533,19883,113.599,3073,0.15376984126984128,0.12345679012345678,0.5724759264662971,0.13695604152860613,0.37638272971621806,9131.751,10,2026-09-24T14:37:13.525546+00:00
Falcon3-7B-Base,belief_bank_constraints,attn,2,25610,belief_bank_facts,420,16830,27416,8415,8415,7533,19883,120.105,3073,0.1416343998369676,0.09226071950086287,0.59695068573096,0.11173633440514469,0.36846479490309697,9253.889,10,2026-09-24T14:37:13.525546+00:00
Falcon3-7B-Base,belief_bank_constraints,attn,2,25610,belief_bank_facts,511,16830,27416,8415,8415,7533,19883,118.7356,3073,0.1443908851884312,0.08748174697995487,0.6068354245695944,0.10895263288418616,0.3786578872572076,9374.662,10,2026-09-24T14:37:13.525546+00:00
Falcon3-7B-Base,belief_bank_constraints,attn,2,25610,belief_bank_facts,mean,0,0,0,0,0,0,120.00028,3073.0,0.14447026910646626,0.10126111774857297,0.588521301429822,0.11880314515366575,0.3678266484982548,93059.129,10,2026-09-24T14:37:13.525546+00:00
Falcon3-7B-Base,belief_bank_constraints,attn,2,25610,belief_bank_facts,std,0,0,0,0,0,0,6.13871414545424,0.0,0.0055131273470303875,0.011608357176945697,0.01256979636594732,0.009295437944707774,0.0076277675107424125,93059.129,10,2026-09-24T14:37:13.525546+00:00
Falcon3-7B-Base,belief_bank_constraints,attn,2,25610,halu_eval,2,16830,10000,8415,8415,3259,6741,118.5605,3073,0.31843276936776493,0.548634550475606,0.4702,0.40297498309668695,0.48905977121587096,9494.594,10,2026-09-24T14:37:13.525546+00:00
Falcon3-7B-Base,belief_bank_constraints,attn,2,25610,halu_eval,4,16830,10000,8415,8415,3259,6741,117.4112,3073,0.32333521976985474,0.5259281988339981,0.4868,0.40046728971962614,0.4914514000438529,9613.328,10,2026-09-24T14:37:13.525546+00:00
Falcon3-7B-Base,belief_bank_constraints,attn,2,25610,halu_eval,24,16830,10000,8415,8415,3259,6741,120.249,3073,0.32244485603636974,0.5876035593740411,0.4632,0.41639486844966295,0.48896272502074406,9734.919,10,2026-09-24T14:37:13.525546+00:00
Falcon3-7B-Base,belief_bank_constraints,attn,2,25610,halu_eval,42,16830,10000,8415,8415,3259,6741,116.2412,3073,0.317974105102818,0.512427124884934,0.4829,0.3924333215838327,0.48641801628928577,9852.52,10,2026-09-24T14:37:13.525546+00:00
Falcon3-7B-Base,belief_bank_constraints,attn,2,25610,halu_eval,64,16830,10000,8415,8415,3259,6741,121.5303,3073,0.3195031055900621,0.39459957042037436,0.5288,0.3531026908292147,0.49134103958415076,9975.386,10,2026-09-24T14:37:13.525546+00:00
Falcon3-7B-Base,belief_bank_constraints,attn,2,25610,halu_eval,67,16830,10000,8415,8415,3259,6741,115.2404,3073,0.31812772709242365,0.49217551396133785,0.4907,0.3864594627153355,0.48754849976915116,10091.99,10,2026-09-24T14:37:13.525546+00:00
Falcon3-7B-Base,belief_bank_constraints,attn,2,25610,halu_eval,104,16830,10000,8415,8415,3259,6741,108.6189,3073,0.3228169014084507,0.5274624117827554,0.4854,0.4005125815470643,0.4939944473371676,10201.97,10,2026-09-24T14:37:13.525546+00:00
Falcon3-7B-Base,belief_bank_constraints,attn,2,25610,halu_eval,123,16830,10000,8415,8415,3259,6741,121.5056,3073,0.32335623159960747,0.6066277999386315,0.4581,0.42184999466552864,0.49250680017528403,10324.894,10,2026-09-24T14:37:13.525546+00:00
Falcon3-7B-Base,belief_bank_constraints,attn,2,25610,halu_eval,420,16830,10000,8415,8415,3259,6741,127.0651,3073,0.3245819397993311,0.595581466707579,0.4643,0.4201753436519104,0.4938325140167342,10453.306,10,2026-09-24T14:37:13.525546+00:00
Falcon3-7B-Base,belief_bank_constraints,attn,2,25610,halu_eval,511,16830,10000,8415,8415,3259,6741,121.7275,3073,0.3227522020940668,0.5958883092973305,0.4608,0.41871496334626995,0.4943623534685525,10576.416,10,2026-09-24T14:37:13.525546+00:00
Falcon3-7B-Base,belief_bank_constraints,attn,2,25610,halu_eval,mean,0,0,0,0,0,0,118.81496999999999,3073.0,0.32133250578607486,0.5386928505676588,0.47912,0.40130854996051324,0.49094775669207946,93059.129,10,2026-09-24T14:37:13.525546+00:00
Falcon3-7B-Base,belief_bank_constraints,attn,2,25610,halu_eval,std,0,0,0,0,0,0,4.675611577120153,0.0,0.0023963739258117274,0.061253220934106484,0.02011222513796026,0.01983853647958951,0.00267732889529429,93059.129,10,2026-09-24T14:37:13.525546+00:00
Falcon3-7B-Base,belief_bank_constraints,attn,3,25610,belief_bank_constraints,2,16830,7683,8415,8415,3606,4077,124.481,3073,0.7747207845273767,0.7886855241264559,0.7931797474944683,0.7816407860382025,0.8716019998283188,10703.141,10,2026-09-24T14:37:13.525546+00:00
Falcon3-7B-Base,belief_bank_constraints,attn,3,25610,belief_bank_constraints,4,16830,7683,8415,8415,3606,4077,130.6311,3073,0.7652358240593534,0.8008874098724348,0.7912273851360145,0.7826558265582656,0.8743736932599866,10835.061,10,2026-09-24T14:37:13.525546+00:00
Falcon3-7B-Base,belief_bank_constraints,attn,3,25610,belief_bank_constraints,24,16830,7683,8415,8415,3606,4077,119.046,3073,0.7596179357919872,0.7939545202440377,0.7853702980606534,0.7764067796610169,0.8721730237030344,10955.373,10,2026-09-24T14:37:13.525546+00:00
Falcon3-7B-Base,belief_bank_constraints,attn,3,25610,belief_bank_constraints,42,16830,7683,8415,8415,3606,4077,121.7086,3073,0.7673480365788058,0.7911813643926788,0.7894051802681245,0.7790824685963954,0.869511215806757,11078.364,10,2026-09-24T14:37:13.525546+00:00
Falcon3-7B-Base,belief_bank_constraints,attn,3,25610,belief_bank_constraints,64,16830,7683,8415,8415,3606,4077,118.8841,3073,0.7627255588472933,0.7853577371048253,0.7845893531172718,0.7738762125973494,0.867860586102442,11198.521,10,2026-09-24T14:37:13.525546+00:00
Falcon3-7B-Base,belief_bank_constraints,attn,3,25610,belief_bank_constraints,67,16830,7683,8415,8415,3606,4077,114.9179,3073,0.7657004830917874,0.7911813643926788,0.7883639203436158,0.7782324058919804,0.8682970673655809,11314.751,10,2026-09-24T14:37:13.525546+00:00
Falcon3-7B-Base,belief_bank_constraints,attn,3,25610,belief_bank_constraints,104,16830,7683,8415,8415,3606,4077,122.0764,3073,0.7526465272398657,0.8083749306711037,0.7853702980606534,0.7795159780719347,0.8668193432824125,11438.1,10,2026-09-24T14:37:13.525546+00:00
Falcon3-7B-Base,belief_bank_constraints,attn,3,25610,belief_bank_constraints,123,16830,7683,8415,8415,3606,4077,117.966,3073,0.7578392621870883,0.7975596228508042,0.7853702980606534,0.7771922713146872,0.8701131885633067,11557.35,10,2026-09-24T14:37:13.525546+00:00
Falcon3-7B-Base,belief_bank_constraints,attn,3,25610,belief_bank_constraints,420,16830,7683,8415,8415,3606,4077,119.1113,3073,0.7612222823147647,0.7806433721575152,0.7821163607965639,0.7708105147864184,0.8666972482430897,11677.744,10,2026-09-24T14:37:13.525546+00:00
Falcon3-7B-Base,belief_bank_constraints,attn,3,25610,belief_bank_constraints,511,16830,7683,8415,8415,3606,4077,123.993,3073,0.7659176029962547,0.7939545202440377,0.7894051802681245,0.7796840958605664,0.8697955714122663,11803.065,10,2026-09-24T14:37:13.525546+00:00
Falcon3-7B-Base,belief_bank_constraints,attn,3,25610,belief_bank_constraints,mean,0,0,0,0,0,0,121.28153999999999,3073.0,0.7632974297634577,0.7931780366056571,0.7874398021606143,0.7779097339376817,0.8697242937567194,93059.129,10,2026-09-24T14:37:13.525546+00:00
Falcon3-7B-Base,belief_bank_constraints,attn,3,25610,belief_bank_constraints,std,0,0,0,0,0,0,4.156453215471093,0.0,0.005698272213341219,0.007464684470532425,0.0032432206712268005,0.003362971607012551,0.0023335127868033914,93059.129,10,2026-09-24T14:37:13.525546+00:00
Falcon3-7B-Base,belief_bank_constraints,attn,3,25610,belief_bank_facts,2,16830,27416,8415,8415,7533,19883,129.1166,3073,0.153639846743295,0.15969733174034248,0.5273927633498687,0.15661003710212848,0.37984312636196405,11934.358,10,2026-09-24T14:37:13.525546+00:00
Falcon3-7B-Base,belief_bank_constraints,attn,3,25610,belief_bank_facts,4,16830,27416,8415,8415,7533,19883,132.284,3073,0.16418937517203414,0.1583698393734236,0.5472351911292676,0.1612271099398608,0.40293440975919137,12068.759,10,2026-09-24T14:37:13.525546+00:00
Falcon3-7B-Base,belief_bank_constraints,attn,3,25610,belief_bank_facts,24,16830,27416,8415,8415,7533,19883,122.3288,3073,0.17534345625451916,0.19315013938669853,0.5287058651882113,0.18381656244078073,0.38566286478274114,12193.154,10,2026-09-24T14:37:13.525546+00:00
Falcon3-7B-Base,belief_bank_constraints,attn,3,25610,belief_bank_facts,42,16830,27416,8415,8415,7533,19883,118.916,3073,0.1604408186632317,0.1488118943316076,0.5521593230230523,0.1544077134986226,0.3834986709954014,12314.158,10,2026-09-24T14:37:13.525546+00:00
Falcon3-7B-Base,belief_bank_constraints,attn,3,25610,belief_bank_facts,64,16830,27416,8415,8415,7533,19883,117.8796,3073,0.16314398943196828,0.16394530731448295,0.5392106798949519,0.16354366682116137,0.388840203708888,12434.067,10,2026-09-24T14:37:13.525546+00:00
Falcon3-7B-Base,belief_bank_constraints,attn,3,25610,belief_bank_facts,67,16830,27416,8415,8415,7533,19883,115.2662,3073,0.15630007283321196,0.14243993097039692,0.553107674350744,0.14904847895541048,0.3763097420053336,12551.436,10,2026-09-24T14:37:13.525546+00:00
Falcon3-7B-Base,belief_bank_constraints,attn,3,25610,belief_bank_facts,104,16830,27416,8415,8415,7533,19883,122.9809,3073,0.15507765830346476,0.17230850922607194,0.5146264954770937,0.16323964031943658,0.3762768367791084,12676.452,10,2026-09-24T14:37:13.525546+00:00
Falcon3-7B-Base,belief_bank_constraints,attn,3,25610,belief_bank_facts,123,16830,27416,8415,8415,7533,19883,123.0752,3073,0.16207575012297099,0.17496349395990973,0.5247665596731835,0.16827322055537824,0.3834206758949118,12801.647,10,2026-09-24T14:37:13.525546+00:00
Falcon3-7B-Base,belief_bank_constraints,attn,3,25610,belief_bank_facts,420,16830,27416,8415,8415,7533,19883,123.7219,3073,0.17020992111244818,0.16898977830877474,0.5453020134228188,0.169597655209166,0.3744613809716885,12927.433,10,2026-09-24T14:37:13.525546+00:00
Falcon3-7B-Base,belief_bank_constraints,attn,3,25610,belief_bank_facts,511,16830,27416,8415,8415,7533,19883,121.1418,3073,0.16198004405857197,0.16593654586486128,0.5349430989203385,0.16393442622950818,0.37606173935123016,13050.645,10,2026-09-24T14:37:13.525546+00:00
Falcon3-7B-Base,belief_bank_constraints,attn,3,25610,belief_bank_facts,mean,0,0,0,0,0,0,122.6711,3073.0,0.16224009326957162,0.16486127704765696,0.5367449664429531,0.16336985110714536,0.38273096506104587,93059.129,10,2026-09-24T14:37:13.525546+00:00
Falcon3-7B-Base,belief_bank_constraints,attn,3,25610,belief_bank_facts,std,0,0,0,0,0,0,4.792321881927382,0.0,0.006353845974524851,0.013438452485464774,0.012176759723027532,0.009038642198778927,0.008119452975931534,93059.129,10,2026-09-24T14:37:13.525546+00:00
Falcon3-7B-Base,belief_bank_constraints,attn,3,25610,halu_eval,2,16830,10000,8415,8415,3259,6741,122.0894,3073,0.32804859979256185,0.6793494937097269,0.442,0.44244604316546765,0.49869472412365856,13174.051,10,2026-09-24T14:37:13.525546+00:00
Falcon3-7B-Base,belief_bank_constraints,attn,3,25610,halu_eval,4,16830,10000,8415,8415,3259,6741,132.2542,3073,0.3276818253842497,0.6345504756060141,0.4566,0.432183908045977,0.5005240813168823,13307.661,10,2026-09-24T14:37:13.525546+00:00
Falcon3-7B-Base,belief_bank_constraints,attn,3,25610,halu_eval,24,16830,10000,8415,8415,3259,6741,119.598,3073,0.32560413465567817,0.7152500767106474,0.4244,0.4474947206757535,0.49851264871066253,13428.575,10,2026-09-24T14:37:13.525546+00:00
Falcon3-7B-Base,belief_bank_constraints,attn,3,25610,halu_eval,42,16830,10000,8415,8415,3259,6741,117.126,3073,0.3255072463768116,0.6891684565817735,0.4333,0.4421695048725268,0.5004563720226743,13547.055,10,2026-09-24T14:37:13.525546+00:00
Falcon3-7B-Base,belief_bank_constraints,attn,3,25610,halu_eval,64,16830,10000,8415,8415,3259,6741,121.3207,3073,0.32740619902120716,0.6158330776311752,0.4625,0.42752156779209716,0.501041107211511,13669.705,10,2026-09-24T14:37:13.525546+00:00
Falcon3-7B-Base,belief_bank_constraints,attn,3,25610,halu_eval,67,16830,10000,8415,8415,3259,6741,113.8796,3073,0.3285838906658912,0.6934642528382939,0.4383,0.4458912893360955,0.5023063492564199,13784.965,10,2026-09-24T14:37:13.525546+00:00
Falcon3-7B-Base,belief_bank_constraints,attn,3,25610,halu_eval,104,16830,10000,8415,8415,3259,6741,120.8662,3073,0.32555573072678545,0.6336299478367597,0.4528,0.43011872526556966,0.4994661093702426,13907.149,10,2026-09-24T14:37:13.525546+00:00
Falcon3-7B-Base,belief_bank_constraints,attn,3,25610,halu_eval,123,16830,10000,8415,8415,3259,6741,117.7679,3073,0.3272547356516822,0.7103405952746241,0.4297,0.44807897028936416,0.5000571489202541,14026.288,10,2026-09-24T14:37:13.525546+00:00
Falcon3-7B-Base,belief_bank_constraints,attn,3,25610,halu_eval,420,16830,10000,8415,8415,3259,6741,119.6455,3073,0.3252126279371486,0.6922368824792882,0.4316,0.44252648097293057,0.5009852100597212,14147.272,10,2026-09-24T14:37:13.525546+00:00
Falcon3-7B-Base,belief_bank_constraints,attn,3,25610,halu_eval,511,16830,10000,8415,8415,3259,6741,120.2207,3073,0.32726130653266333,0.6394599570420374,0.4541,0.43294899761088607,0.5024158220984838,14268.832,10,2026-09-24T14:37:13.525546+00:00
Falcon3-7B-Base,belief_bank_constraints,attn,3,25610,halu_eval,mean,0,0,0,0,0,0,120.47682,3073.0,0.326811629674468,0.6703283215710341,0.44253,0.4391380208026668,0.500445957309051,93059.129,10,2026-09-24T14:37:13.525546+00:00
Falcon3-7B-Base,belief_bank_constraints,attn,3,25610,halu_eval,std,0,0,0,0,0,0,4.536401802265756,0.0,0.0011607694986675446,0.034088043592738156,0.012458896419827881,0.007279763602993011,0.0012612853761720067,93059.129,10,2026-09-24T14:37:13.525546+00:00
Falcon3-7B-Base,belief_bank_constraints,attn,4,25610,belief_bank_constraints,2,16830,7683,8415,8415,3606,4077,114.5361,3073,0.7724024189114899,0.7792567942318358,0.7886242353247429,0.7758144671452236,0.8684106599648393,14386.077,10,2026-09-24T14:37:13.525546+00:00
Falcon3-7B-Base,belief_bank_constraints,attn,4,25610,belief_bank_constraints,4,16830,7683,8415,8415,3606,4077,114.9948,3073,0.7603674540682415,0.8033832501386577,0.7888845503058701,0.7812837108953614,0.8735707568300782,14502.385,10,2026-09-24T14:37:13.525546+00:00
Falcon3-7B-Base,belief_bank_constraints,attn,4,25610,belief_bank_constraints,24,16830,7683,8415,8415,3606,4077,119.0351,3073,0.7653006918573709,0.7975596228508042,0.7901861252115059,0.7810972297664313,0.8723989845501822,14622.739,10,2026-09-24T14:37:13.525546+00:00
Falcon3-7B-Base,belief_bank_constraints,attn,4,25610,belief_bank_constraints,42,16830,7683,8415,8415,3606,4077,127.3906,3073,0.7589165996245643,0.7848031059345535,0.7819862033060002,0.7716428084526245,0.8646484322656853,14751.518,10,2026-09-24T14:37:13.525546+00:00
Falcon3-7B-Base,belief_bank_constraints,attn,4,25610,belief_bank_constraints,64,16830,7683,8415,8415,3606,4077,128.4142,3073,0.763911399243652,0.7842484747642817,0.7849798255889626,0.7739463601532567,0.8681473564009294,14881.228,10,2026-09-24T14:37:13.525546+00:00
Falcon3-7B-Base,belief_bank_constraints,attn,4,25610,belief_bank_constraints,67,16830,7683,8415,8415,3606,4077,120.7987,3073,0.7649253731343284,0.7958957293399889,0.7894051802681245,0.7801032889372111,0.8739163640138101,15003.45,10,2026-09-24T14:37:13.525546+00:00
Falcon3-7B-Base,belief_bank_constraints,attn,4,25610,belief_bank_constraints,104,16830,7683,8415,8415,3606,4077,117.3649,3073,0.7561357702349869,0.8031059345535219,0.7860210855134713,0.7789133942980097,0.8737549536916301,15122.141,10,2026-09-24T14:37:13.525546+00:00
Falcon3-7B-Base,belief_bank_constraints,attn,4,25610,belief_bank_constraints,123,16830,7683,8415,8415,3606,4077,125.1776,3073,0.7555965235712404,0.795618413754853,0.7832877782116361,0.7750911792516547,0.8698017951983932,15248.687,10,2026-09-24T14:37:13.525546+00:00
Falcon3-7B-Base,belief_bank_constraints,attn,4,25610,belief_bank_constraints,420,16830,7683,8415,8415,3606,4077,125.9903,3073,0.7675733907891193,0.7903494176372712,0.7892750227775609,0.7787949173384342,0.8739002433874484,15376.007,10,2026-09-24T14:37:13.525546+00:00
Falcon3-7B-Base,belief_bank_constraints,attn,4,25610,belief_bank_constraints,511,16830,7683,8415,8415,3606,4077,118.3215,3073,0.763538873994638,0.7897947864669994,0.7865417154757256,0.7764449291166848,0.8716882825900909,15495.625,10,2026-09-24T14:37:13.525546+00:00
Falcon3-7B-Base,belief_bank_constraints,attn,4,25610,belief_bank_constraints,mean,0,0,0,0,0,0,121.20237999999999,3073.0,0.7628668495429631,0.7924015529672768,0.7869191721983599,0.7773132285354891,0.8710237828893088,93059.129,10,2026-09-24T14:37:13.525546+00:00
Falcon3-7B-Base,belief_bank_constraints,attn,4,25610,belief_bank_constraints,std,0,0,0,0,0,0,4.897857566487616,0.0,0.004947716068596334,0.007696394346623023,0.0026721621275141642,0.0030667729608216607,0.0030026779793764467,93059.129,10,2026-09-24T14:37:13.525546+00:00
Falcon3-7B-Base,belief_bank_constraints,attn,4,25610,belief_bank_facts,2,16830,27416,8415,8415,7533,19883,119.6337,3073,0.15972963358235504,0.23841762909863268,0.4461263495768894,0.19129786440858498,0.3661262137653688,15617.321,10,2026-09-24T14:37:13.525546+00:00
Falcon3-7B-Base,belief_bank_constraints,attn,4,25610,belief_bank_facts,4,16830,27416,8415,8415,7533,19883,118.5124,3073,0.1728619918867456,0.27718040621266427,0.43697111175955644,0.21293085865796452,0.3684251730982814,15737.893,10,2026-09-24T14:37:13.525546+00:00
Falcon3-7B-Base,belief_bank_constraints,attn,4,25610,belief_bank_facts,24,16830,27416,8415,8415,7533,19883,119.5214,3073,0.17602565156622543,0.2842161157573344,0.437773562882988,0.21740454914703494,0.37919114086755723,15859.491,10,2026-09-24T14:37:13.525546+00:00
Falcon3-7B-Base,belief_bank_constraints,attn,4,25610,belief_bank_facts,42,16830,27416,8415,8415,7533,19883,122.137,3073,0.18150369003690037,0.31342094782955,0.4230011672016341,0.22988170001460492,0.3732725699290137,15983.717,10,2026-09-24T14:37:13.525546+00:00
Falcon3-7B-Base,belief_bank_constraints,attn,4,25610,belief_bank_facts,64,16830,27416,8415,8415,7533,19883,122.5901,3073,0.15078814315455538,0.2019115890083632,0.4682667055733878,0.17264472190692395,0.3693059362089677,16108.386,10,2026-09-24T14:37:13.525546+00:00
Falcon3-7B-Base,belief_bank_constraints,attn,4,25610,belief_bank_facts,67,16830,27416,8415,8415,7533,19883,116.1222,3073,0.15390279823269515,0.22195672374883843,0.45094105631747883,0.18176876664673589,0.36659233831067195,16226.571,10,2026-09-24T14:37:13.525546+00:00
Falcon3-7B-Base,belief_bank_constraints,attn,4,25610,belief_bank_facts,104,16830,27416,8415,8415,7533,19883,120.4536,3073,0.13221299858270905,0.17337050311960706,0.460205719288007,0.15002010223421974,0.3512426561707508,16349.274,10,2026-09-24T14:37:13.525546+00:00
Falcon3-7B-Base,belief_bank_constraints,attn,4,25610,belief_bank_facts,123,16830,27416,8415,8415,7533,19883,124.8601,3073,0.1529006882989184,0.20642506305588743,0.46771957980741174,0.17567643902163474,0.3666517693487654,16476.34,10,2026-09-24T14:37:13.525546+00:00
Falcon3-7B-Base,belief_bank_constraints,attn,4,25610,belief_bank_facts,420,16830,27416,8415,8415,7533,19883,130.455,3073,0.14444550033260478,0.20177883977167133,0.4522906332068865,0.1683650863978733,0.35637865223224524,16608.81,10,2026-09-24T14:37:13.525546+00:00
Falcon3-7B-Base,belief_bank_constraints,attn,4,25610,belief_bank_facts,511,16830,27416,8415,8415,7533,19883,123.2003,3073,0.14537795992714025,0.1695207752555423,0.49799387219142105,0.1565238708095851,0.36792651387358377,16734.116,10,2026-09-24T14:37:13.525546+00:00
Falcon3-7B-Base,belief_bank_constraints,attn,4,25610,belief_bank_facts,mean,0,0,0,0,0,0,121.74857999999999,3073.0,0.15697490556008495,0.2288198592858091,0.4541289757805661,0.18565139592451624,0.36651129638052066,93059.129,10,2026-09-24T14:37:13.525546+00:00
Falcon3-7B-Base,belief_bank_constraints,attn,4,25610,belief_bank_facts,std,0,0,0,0,0,0,3.76415803541775,0.0,0.014810538575746492,0.04609974277328561,0.019884799536623626,0.025379520648705297,0.007456175245981735,93059.129,10,2026-09-24T14:37:13.525546+00:00
Falcon3-7B-Base,belief_bank_constraints,attn,4,25610,halu_eval,2,16830,10000,8415,8415,3259,6741,114.6212,3073,0.33013493253373316,0.3378336913163547,0.5608,0.33393994540491356,0.5068336088817115,16850.064,10,2026-09-24T14:37:13.525546+00:00
Falcon3-7B-Base,belief_bank_constraints,attn,4,25610,halu_eval,4,16830,10000,8415,8415,3259,6741,115.2953,3073,0.32673860911270985,0.33445842282908866,0.5585,0.3305534495830174,0.5031404367233545,16966.717,10,2026-09-24T14:37:13.525546+00:00
Falcon3-7B-Base,belief_bank_constraints,attn,4,25610,halu_eval,24,16830,10000,8415,8415,3259,6741,119.8126,3073,0.33150015276504735,0.3329242098803314,0.5638,0.3322106552357624,0.5040658577693331,17087.874,10,2026-09-24T14:37:13.525546+00:00
Falcon3-7B-Base,belief_bank_constraints,attn,4,25610,halu_eval,42,16830,10000,8415,8415,3259,6741,126.762,3073,0.3280264343646741,0.3350721080085916,0.5596,0.331511839708561,0.502852689292541,17215.98,10,2026-09-24T14:37:13.525546+00:00
Falcon3-7B-Base,belief_bank_constraints,attn,4,25610,halu_eval,64,16830,10000,8415,8415,3259,6741,123.3277,3073,0.33001988071570576,0.3565510892911936,0.5544,0.34277286135693213,0.503809176955862,17340.656,10,2026-09-24T14:37:13.525546+00:00
Falcon3-7B-Base,belief_bank_constraints,attn,4,25610,halu_eval,67,16830,10000,8415,8415,3259,6741,117.9732,3073,0.3259579060982191,0.37066584841976064,0.5451,0.3468772433596554,0.5021791013021624,17460.001,10,2026-09-24T14:37:13.525546+00:00
Falcon3-7B-Base,belief_bank_constraints,attn,4,25610,halu_eval,104,16830,10000,8415,8415,3259,6741,117.4952,3073,0.3252473667411427,0.3126725989567352,0.5646,0.3188360450563204,0.5026524746165253,17578.865,10,2026-09-24T14:37:13.525546+00:00
Falcon3-7B-Base,belief_bank_constraints,attn,4,25610,halu_eval,123,16830,10000,8415,8415,3259,6741,119.4568,3073,0.32825322391559203,0.3436637005216324,0.5569,0.3357817418677859,0.5021951239385061,17699.703,10,2026-09-24T14:37:13.525546+00:00
Falcon3-7B-Base,belief_bank_constraints,attn,4,25610,halu_eval,420,16830,10000,8415,8415,3259,6741,127.0807,3073,0.3254271869421066,0.39153114452285975,0.5372,0.3554317548746518,0.5034117290887185,17828.126,10,2026-09-24T14:37:13.525546+00:00
Falcon3-7B-Base,belief_bank_constraints,attn,4,25610,halu_eval,511,16830,10000,8415,8415,3259,6741,117.0621,3073,0.32089753987564207,0.36422215403498004,0.5416,0.3411899971256108,0.5012457372162917,17946.544,10,2026-09-24T14:37:13.525546+00:00
Falcon3-7B-Base,belief_bank_constraints,attn,4,25610,halu_eval,mean,0,0,0,0,0,0,119.88868,3073.0,0.3272203233064573,0.34795949677815285,0.55425,0.3369105533573211,0.5032385935785005,93059.129,10,2026-09-24T14:37:13.525546+00:00
Falcon3-7B-Base,belief_bank_constraints,attn,4,25610,halu_eval,std,0,0,0,0,0,0,4.209746982610711,0.0,0.002920228402906616,0.021663173760524883,0.009107167506969433,0.009609810645464472,0.001436974736886557,93059.129,10,2026-09-24T14:37:13.525546+00:00
Falcon3-7B-Base,belief_bank_constraints,attn,5,25610,belief_bank_constraints,2,16830,7683,8415,8415,3606,4077,112.6591,3073,0.7505969753250199,0.7845257903494176,0.7765195887023298,0.7671864406779662,0.8495360252466693,18061.517,10,2026-09-24T14:37:13.525546+00:00
Falcon3-7B-Base,belief_bank_constraints,attn,5,25610,belief_bank_constraints,4,16830,7683,8415,8415,3606,4077,109.3662,3073,0.7469313136589187,0.79312257348863,0.776779903683457,0.769334229993275,0.8470694673840278,18172.183,10,2026-09-24T14:37:13.525546+00:00
Falcon3-7B-Base,belief_bank_constraints,attn,5,25610,belief_bank_constraints,24,16830,7683,8415,8415,3606,4077,108.6149,3073,0.7419100236779794,0.7820299500831946,0.7700117141741507,0.7614418793033617,0.8389077370980232,18282.1,10,2026-09-24T14:37:13.525546+00:00
Falcon3-7B-Base,belief_bank_constraints,attn,5,25610,belief_bank_constraints,42,16830,7683,8415,8415,3606,4077,102.4405,3073,0.7406819984139572,0.7770382695507487,0.7676688793440063,0.7584246853430775,0.8397273723202179,18385.841,10,2026-09-24T14:37:13.525546+00:00
Falcon3-7B-Base,belief_bank_constraints,attn,5,25610,belief_bank_constraints,64,16830,7683,8415,8415,3606,4077,115.2215,3073,0.7470238095238095,0.7656683305601775,0.7683196667968242,0.7562311695425911,0.841259444000277,18502.353,10,2026-09-24T14:37:13.525546+00:00
Falcon3-7B-Base,belief_bank_constraints,attn,5,25610,belief_bank_constraints,67,16830,7683,8415,8415,3606,4077,112.4712,3073,0.743225466982373,0.7834165280088741,0.7713132890797866,0.7627919535574457,0.8425133158414333,18616.125,10,2026-09-24T14:37:13.525546+00:00
Falcon3-7B-Base,belief_bank_constraints,attn,5,25610,belief_bank_constraints,104,16830,7683,8415,8415,3606,4077,113.6074,3073,0.7403300670448685,0.7961730449251248,0.7732656514382402,0.7672367717797969,0.8414830241642068,18731.075,10,2026-09-24T14:37:13.525546+00:00
Falcon3-7B-Base,belief_bank_constraints,attn,5,25610,belief_bank_constraints,123,16830,7683,8415,8415,3606,4077,114.3583,3073,0.7367463617463618,0.7861896838602329,0.7677990368345698,0.7606654145425275,0.8376315548541382,18846.837,10,2026-09-24T14:37:13.525546+00:00
Falcon3-7B-Base,belief_bank_constraints,attn,5,25610,belief_bank_constraints,420,16830,7683,8415,8415,3606,4077,117.3114,3073,0.7431216931216931,0.7789794786466999,0.7698815566835872,0.760628215542919,0.8383163413769137,18965.467,10,2026-09-24T14:37:13.525546+00:00
Falcon3-7B-Base,belief_bank_constraints,attn,5,25610,belief_bank_constraints,511,16830,7683,8415,8415,3606,4077,107.7172,3073,0.7474530831099195,0.7731558513588463,0.7709228166080958,0.7600872410032715,0.8386088253151243,19074.483,10,2026-09-24T14:37:13.525546+00:00
Falcon3-7B-Base,belief_bank_constraints,attn,5,25610,belief_bank_constraints,mean,0,0,0,0,0,0,111.37677000000001,3073.0,0.74380207926049,0.7820299500831946,0.7712482103345046,0.7624028001286233,0.841505310760103,93059.129,10,2026-09-24T14:37:13.525546+00:00
Falcon3-7B-Base,belief_bank_constraints,attn,5,25610,belief_bank_constraints,std,0,0,0,0,0,0,4.142811271600482,0.0,0.00394487388574293,0.008539338966836273,0.003150375953935573,0.004010161125801035,0.0037416951773906458,93059.129,10,2026-09-24T14:37:13.525546+00:00
Falcon3-7B-Base,belief_bank_constraints,attn,5,25610,belief_bank_facts,2,16830,27416,8415,8415,7533,19883,116.8084,3073,0.18048838032322756,0.2031063321385902,0.5276480887073242,0.19113054341036853,0.3849180856824317,19193.355,10,2026-09-24T14:37:13.525546+00:00
Falcon3-7B-Base,belief_bank_constraints,attn,5,25610,belief_bank_facts,4,16830,27416,8415,8415,7533,19883,113.381,3073,0.17952391448093455,0.2162485065710872,0.5130945433323607,0.19618233275124947,0.38672343323936864,19308.851,10,2026-09-24T14:37:13.525546+00:00
Falcon3-7B-Base,belief_bank_constraints,attn,5,25610,belief_bank_facts,24,16830,27416,8415,8415,7533,19883,109.443,3073,0.1849508682191412,0.1823974512146555,0.5544937262912168,0.1836652853896538,0.3956832455928512,19420.35,10,2026-09-24T14:37:13.525546+00:00
Falcon3-7B-Base,belief_bank_constraints,attn,5,25610,belief_bank_facts,42,16830,27416,8415,8415,7533,19883,103.5393,3073,0.19153964315254637,0.2151865126775521,0.5347971987160782,0.2026756689172293,0.39279099070996365,19525.956,10,2026-09-24T14:37:13.525546+00:00
Falcon3-7B-Base,belief_bank_constraints,attn,5,25610,belief_bank_facts,64,16830,27416,8415,8415,7533,19883,114.2974,3073,0.1693606064940638,0.1571750962431966,0.556609279252991,0.16304048471495455,0.3848683222445358,19642.284,10,2026-09-24T14:37:13.525546+00:00
Falcon3-7B-Base,belief_bank_constraints,attn,5,25610,belief_bank_facts,67,16830,27416,8415,8415,7533,19883,111.0663,3073,0.18275234131113424,0.18651267755210407,0.5473081412313977,0.1846133631167466,0.3942640679222623,19755.396,10,2026-09-24T14:37:13.525546+00:00
Falcon3-7B-Base,belief_bank_constraints,attn,5,25610,belief_bank_facts,104,16830,27416,8415,8415,7533,19883,111.7724,3073,0.18904593639575973,0.227266693216514,0.5198059527283339,0.2064018325396347,0.39351402772460764,19869.229,10,2026-09-24T14:37:13.525546+00:00
Falcon3-7B-Base,belief_bank_constraints,attn,5,25610,belief_bank_facts,123,16830,27416,8415,8415,7533,19883,112.3406,3073,0.18521505376344086,0.18292844816142306,0.5543843011380216,0.18406464970279837,0.41054034080253593,19983.655,10,2026-09-24T14:37:13.525546+00:00
Falcon3-7B-Base,belief_bank_constraints,attn,5,25610,belief_bank_facts,420,16830,27416,8415,8415,7533,19883,112.1852,3073,0.19058686809994188,0.21770874817469799,0.5310037934053108,0.20324699467096294,0.38328318632939373,20097.885,10,2026-09-24T14:37:13.525546+00:00
Falcon3-7B-Base,belief_bank_constraints,attn,5,25610,belief_bank_facts,511,16830,27416,8415,8415,7533,19883,106.2945,3073,0.20104140208280416,0.2101420416832603,0.5535088999124599,0.20549101057960667,0.41273511638732413,20206.281,10,2026-09-24T14:37:13.525546+00:00
Falcon3-7B-Base,belief_bank_constraints,attn,5,25610,belief_bank_facts,mean,0,0,0,0,0,0,111.11281000000001,3073.0,0.1854505014322994,0.1998672507633081,0.5392653924715495,0.1920512165793205,0.3939320816635275,93059.129,10,2026-09-24T14:37:13.525546+00:00
Falcon3-7B-Base,belief_bank_constraints,attn,5,25610,belief_bank_facts,std,0,0,0,0,0,0,3.6631023183771436,0.0,0.008035422702090138,0.02069110532027452,0.01521716442644007,0.012937386735760033,0.009812285546137044,93059.129,10,2026-09-24T14:37:13.525546+00:00
Falcon3-7B-Base,belief_bank_constraints,attn,5,25610,halu_eval,2,16830,10000,8415,8415,3259,6741,119.9881,3073,0.3297694620781824,0.30285363608468857,0.5722,0.31573896353166986,0.49929898690053887,20327.714,10,2026-09-24T14:37:13.525546+00:00
Falcon3-7B-Base,belief_bank_constraints,attn,5,25610,halu_eval,4,16830,10000,8415,8415,3259,6741,117.7943,3073,0.3251457119067444,0.4792881251917766,0.5061,0.3874488403819918,0.4987133868534906,20446.866,10,2026-09-24T14:37:13.525546+00:00
Falcon3-7B-Base,belief_bank_constraints,attn,5,25610,halu_eval,24,16830,10000,8415,8415,3259,6741,115.3026,3073,0.32861476238624876,0.39889536667689474,0.5385,0.36036036036036034,0.5015256554043465,20563.484,10,2026-09-24T14:37:13.525546+00:00
Falcon3-7B-Base,belief_bank_constraints,attn,5,25610,halu_eval,42,16830,10000,8415,8415,3259,6741,106.9886,3073,0.32538686741948974,0.4774470696532679,0.5071,0.3870165402313145,0.5022668161323732,20671.826,10,2026-09-24T14:37:13.525546+00:00
Falcon3-7B-Base,belief_bank_constraints,attn,5,25610,halu_eval,64,16830,10000,8415,8415,3259,6741,115.7431,3073,0.3263777421080792,0.3743479594967781,0.5443,0.34872088037730453,0.500433908468596,20788.927,10,2026-09-24T14:37:13.525546+00:00
Falcon3-7B-Base,belief_bank_constraints,attn,5,25610,halu_eval,67,16830,10000,8415,8415,3259,6741,110.7285,3073,0.3274400581254541,0.41485118134397053,0.5316,0.36599891716296695,0.5055690951384545,20900.989,10,2026-09-24T14:37:13.525546+00:00
Falcon3-7B-Base,belief_bank_constraints,attn,5,25610,halu_eval,104,16830,10000,8415,8415,3259,6741,111.3368,3073,0.3274494248314161,0.5065971156796564,0.5001,0.3977833995904108,0.5018413514110549,21013.677,10,2026-09-24T14:37:13.525546+00:00
Falcon3-7B-Base,belief_bank_constraints,attn,5,25610,halu_eval,123,16830,10000,8415,8415,3259,6741,107.7892,3073,0.3254670599803343,0.4062595888309297,0.5321,0.36140302988945,0.5004350009210741,21122.811,10,2026-09-24T14:37:13.525546+00:00
Falcon3-7B-Base,belief_bank_constraints,attn,5,25610,halu_eval,420,16830,10000,8415,8415,3259,6741,112.4702,3073,0.32383197599657093,0.4636391531144523,0.5097,0.3813249211356467,0.4997084972637934,21236.608,10,2026-09-24T14:37:13.525546+00:00
Falcon3-7B-Base,belief_bank_constraints,attn,5,25610,halu_eval,511,16830,10000,8415,8415,3259,6741,109.2354,3073,0.3270293860925225,0.34489107088063825,0.5552,0.33572281959378736,0.4991626806944848,21347.199,10,2026-09-24T14:37:13.525546+00:00
Falcon3-7B-Base,belief_bank_constraints,attn,5,25610,halu_eval,mean,0,0,0,0,0,0,112.73768,3073.0,0.3266512450925042,0.4169070266953053,0.52969,0.3641518672254903,0.5008955379188207,93059.129,10,2026-09-24T14:37:13.525546+00:00
Falcon3-7B-Base,belief_bank_constraints,attn,5,25610,halu_eval,std,0,0,0,0,0,0,4.118561823452455,0.0,0.0016814173311870597,0.06183240597368362,0.022583952267041314,0.024304350541895517,0.001927743925160696,93059.129,10,2026-09-24T14:37:13.525546+00:00
Falcon3-7B-Base,belief_bank_constraints,attn,6,25610,belief_bank_constraints,2,16830,7683,8415,8415,3606,4077,121.2252,3073,0.7567132116004296,0.7814753189129229,0.7795132109852922,0.7688949522510232,0.8494089987921094,21470.92,10,2026-09-24T14:37:13.525546+00:00
Falcon3-7B-Base,belief_bank_constraints,attn,6,25610,belief_bank_constraints,4,16830,7683,8415,8415,3606,4077,130.167,3073,0.7479035639412998,0.7914586799778147,0.7769100611740206,0.7690649420641337,0.8473950768287287,21602.374,10,2026-09-24T14:37:13.525546+00:00
Falcon3-7B-Base,belief_bank_constraints,attn,6,25610,belief_bank_constraints,24,16830,7683,8415,8415,3606,4077,128.0064,3073,0.7440398218496201,0.7875762617859123,0.7731354939476767,0.7651892765728142,0.8429330643025257,21731.701,10,2026-09-24T14:37:13.525546+00:00
Falcon3-7B-Base,belief_bank_constraints,attn,6,25610,belief_bank_constraints,42,16830,7683,8415,8415,3606,4077,124.0905,3073,0.7472962279082036,0.7856350526899611,0.7746973838344396,0.7659862106259294,0.837889144778325,21857.07,10,2026-09-24T14:37:13.525546+00:00
Falcon3-7B-Base,belief_bank_constraints,attn,6,25610,belief_bank_constraints,64,16830,7683,8415,8415,3606,4077,123.8605,3073,0.7451137884872825,0.7717692734331669,0.768970454249642,0.7582073287018117,0.8362109671682018,21982.22,10,2026-09-24T14:37:13.525546+00:00
Falcon3-7B-Base,belief_bank_constraints,attn,6,25610,belief_bank_constraints,67,16830,7683,8415,8415,3606,4077,121.045,3073,0.7447765141496958,0.7809206877426511,0.7715736040609137,0.7624204683904156,0.8413044049033369,22104.558,10,2026-09-24T14:37:13.525546+00:00
Falcon3-7B-Base,belief_bank_constraints,attn,6,25610,belief_bank_constraints,104,16830,7683,8415,8415,3606,4077,123.5642,3073,0.7405391394504924,0.7922906267332224,0.7722243915137316,0.7655412647374062,0.8378662902194323,22229.441,10,2026-09-24T14:37:13.525546+00:00
Falcon3-7B-Base,belief_bank_constraints,attn,6,25610,belief_bank_constraints,123,16830,7683,8415,8415,3606,4077,132.1733,3073,0.7396049896049897,0.7892401552967276,0.7706625016269686,0.7636168500134156,0.8433382565862282,22362.94,10,2026-09-24T14:37:13.525546+00:00
Falcon3-7B-Base,belief_bank_constraints,attn,6,25610,belief_bank_constraints,420,16830,7683,8415,8415,3606,4077,120.4764,3073,0.7511409395973154,0.7759290072102052,0.7741767538721853,0.763333788023462,0.8379334935057002,22484.705,10,2026-09-24T14:37:13.525546+00:00
Falcon3-7B-Base,belief_bank_constraints,attn,6,25610,belief_bank_constraints,511,16830,7683,8415,8415,3606,4077,128.1238,3073,0.7484711512895507,0.7806433721575152,0.7739164388910582,0.7642188136283427,0.840337473409469,22614.103,10,2026-09-24T14:37:13.525546+00:00
Falcon3-7B-Base,belief_bank_constraints,attn,6,25610,belief_bank_constraints,mean,0,0,0,0,0,0,125.27323000000001,3073.0,0.746559934787888,0.78369384359401,0.7735780294155928,0.7646473895008754,0.8414617170494058,93059.129,10,2026-09-24T14:37:13.525546+00:00
Falcon3-7B-Base,belief_bank_constraints,attn,6,25610,belief_bank_constraints,std,0,0,0,0,0,0,3.8825946492133347,0.0,0.004757299517397203,0.006389100722278066,0.002895353304448282,0.002997439824095616,0.004135795957559666,93059.129,10,2026-09-24T14:37:13.525546+00:00
Falcon3-7B-Base,belief_bank_constraints,attn,6,25610,belief_bank_facts,2,16830,27416,8415,8415,7533,19883,125.2498,3073,0.14492063492063492,0.12120005309969467,0.5620440618616867,0.13200318079953735,0.3675002882086544,22741.398,10,2026-09-24T14:37:13.525546+00:00
Falcon3-7B-Base,belief_bank_constraints,attn,6,25610,belief_bank_facts,4,16830,27416,8415,8415,7533,19883,130.1086,3073,0.1568175657359718,0.1535908668525156,0.5405237817332944,0.15518744551002617,0.372658360181788,22873.547,10,2026-09-24T14:37:13.525546+00:00
Falcon3-7B-Base,belief_bank_constraints,attn,6,25610,belief_bank_facts,24,16830,27416,8415,8415,7533,19883,124.769,3073,0.1458300978412797,0.12465153325368379,0.5588707324190254,0.13441168050386487,0.37511713869959784,23000.352,10,2026-09-24T14:37:13.525546+00:00
Falcon3-7B-Base,belief_bank_constraints,attn,6,25610,belief_bank_facts,42,16830,27416,8415,8415,7533,19883,126.2564,3073,0.1451147242060477,0.126775521040754,0.5548584768018675,0.13532662604506165,0.3682343181126115,23128.633,10,2026-09-24T14:37:13.525546+00:00
Falcon3-7B-Base,belief_bank_constraints,attn,6,25610,belief_bank_facts,64,16830,27416,8415,8415,7533,19883,123.0791,3073,0.1658774785439479,0.1488118943316076,0.5605121097169536,0.15688195367713945,0.3889281935590295,23253.741,10,2026-09-24T14:37:13.525546+00:00
Falcon3-7B-Base,belief_bank_constraints,attn,6,25610,belief_bank_facts,67,16830,27416,8415,8415,7533,19883,120.9529,3073,0.15668751861781352,0.13965219699986725,0.5570834549168369,0.14768021337825507,0.3770263128108675,23376.699,10,2026-09-24T14:37:13.525546+00:00
Falcon3-7B-Base,belief_bank_constraints,attn,6,25610,belief_bank_facts,104,16830,27416,8415,8415,7533,19883,124.8066,3073,0.16567802455511105,0.15943183326695873,0.548438867814415,0.1624949262616696,0.3845686700357853,23503.564,10,2026-09-24T14:37:13.525546+00:00
Falcon3-7B-Base,belief_bank_constraints,attn,6,25610,belief_bank_facts,123,16830,27416,8415,8415,7533,19883,125.7839,3073,0.16997080067619486,0.14682065578122927,0.5685730960023344,0.15754985754985754,0.3932771414754276,23631.388,10,2026-09-24T14:37:13.525546+00:00
Falcon3-7B-Base,belief_bank_constraints,attn,6,25610,belief_bank_facts,420,16830,27416,8415,8415,7533,19883,120.032,3073,0.1687442592835586,0.1707155183857693,0.5410709074992704,0.16972416523690115,0.37445710799922544,23753.499,10,2026-09-24T14:37:13.525546+00:00
Falcon3-7B-Base,belief_bank_constraints,attn,6,25610,belief_bank_facts,511,16830,27416,8415,8415,7533,19883,128.6446,3073,0.1743644349793691,0.17390150006637461,0.5467610154654217,0.17413265984314769,0.3884081861633153,23884.202,10,2026-09-24T14:37:13.525546+00:00
Falcon3-7B-Base,belief_bank_constraints,attn,6,25610,belief_bank_facts,mean,0,0,0,0,0,0,124.96829,3073.0,0.15940055393599292,0.1465551573078455,0.5538736504231107,0.15253927088054603,0.3790175717246303,93059.129,10,2026-09-24T14:37:13.525546+00:00
Falcon3-7B-Base,belief_bank_constraints,attn,6,25610,belief_bank_facts,std,0,0,0,0,0,0,2.940526345214407,0.0,0.010565285251540553,0.017645265035282326,0.008862266527365997,0.014078046481067122,0.00865965562449636,93059.129,10,2026-09-24T14:37:13.525546+00:00
Falcon3-7B-Base,belief_bank_constraints,attn,6,25610,halu_eval,2,16830,10000,8415,8415,3259,6741,122.228,3073,0.3271451542172197,0.6867137158637618,0.4376,0.4431683168316832,0.4998532244576986,24007.826,10,2026-09-24T14:37:13.525546+00:00
Falcon3-7B-Base,belief_bank_constraints,attn,6,25610,halu_eval,4,16830,10000,8415,8415,3259,6741,127.1229,3073,0.3249146757679181,0.7302853636084689,0.4176,0.4497354497354497,0.4941133653412806,24136.33,10,2026-09-24T14:37:13.525546+00:00
Falcon3-7B-Base,belief_bank_constraints,attn,6,25610,halu_eval,24,16830,10000,8415,8415,3259,6741,128.406,3073,0.32657232704402517,0.6373120589137772,0.4535,0.43185362303773783,0.4986353675390218,24266.099,10,2026-09-24T14:37:13.525546+00:00
Falcon3-7B-Base,belief_bank_constraints,attn,6,25610,halu_eval,42,16830,10000,8415,8415,3259,6741,122.3889,3073,0.3247701460248783,0.737035900583001,0.4149,0.45086813702487094,0.49568053393979017,24389.858,10,2026-09-24T14:37:13.525546+00:00
Falcon3-7B-Base,belief_bank_constraints,attn,6,25610,halu_eval,64,16830,10000,8415,8415,3259,6741,120.1052,3073,0.3268806028322723,0.7720159558146671,0.4076,0.4592917123037605,0.4940204386023727,24511.283,10,2026-09-24T14:37:13.525546+00:00
Falcon3-7B-Base,belief_bank_constraints,attn,6,25610,halu_eval,67,16830,10000,8415,8415,3259,6741,127.4068,3073,0.32350669412976313,0.7710954280454128,0.3999,0.4557903328194432,0.4954779067645523,24640.012,10,2026-09-24T14:37:13.525546+00:00
Falcon3-7B-Base,belief_bank_constraints,attn,6,25610,halu_eval,104,16830,10000,8415,8415,3259,6741,122.5296,3073,0.32534588503779777,0.6999079472230746,0.4292,0.4442064264849075,0.4999135596976802,24763.911,10,2026-09-24T14:37:13.525546+00:00
Falcon3-7B-Base,belief_bank_constraints,attn,6,25610,halu_eval,123,16830,10000,8415,8415,3259,6741,130.9308,3073,0.322240042769313,0.739797483890764,0.4081,0.4489339912484871,0.49672646614974547,24896.198,10,2026-09-24T14:37:13.525546+00:00
Falcon3-7B-Base,belief_bank_constraints,attn,6,25610,halu_eval,420,16830,10000,8415,8415,3259,6741,123.9775,3073,0.32794549826342506,0.7532985578398281,0.4165,0.45695672405770127,0.49808534047578756,25021.526,10,2026-09-24T14:37:13.525546+00:00
Falcon3-7B-Base,belief_bank_constraints,attn,6,25610,halu_eval,511,16830,10000,8415,8415,3259,6741,124.7863,3073,0.32471895593745964,0.7710954280454128,0.4028,0.45699218039643574,0.4906968567729709,25147.663,10,2026-09-24T14:37:13.525546+00:00
Falcon3-7B-Base,belief_bank_constraints,attn,6,25610,halu_eval,mean,0,0,0,0,0,0,124.9882,3073.0,0.3254039982024072,0.7298557839828168,0.41877000000000003,0.4497796893940477,0.49632030597409005,93059.129,10,2026-09-24T14:37:13.525546+00:00
Falcon3-7B-Base,belief_bank_constraints,attn,6,25610,halu_eval,std,0,0,0,0,0,0,3.205123511504668,0.0,0.0016661465164373418,0.04147467690984386,0.015939764741049352,0.007925613601573164,0.0027737143102655247,93059.129,10,2026-09-24T14:37:13.525546+00:00
Falcon3-7B-Base,belief_bank_constraints,attn,7,25610,belief_bank_constraints,2,16830,7683,8415,8415,3606,4077,123.2736,3073,0.7430389817024662,0.7770382695507487,0.7692307692307693,0.7596583977226515,0.8420494227115275,25273.21,10,2026-09-24T14:37:13.525546+00:00
Falcon3-7B-Base,belief_bank_constraints,attn,7,25610,belief_bank_constraints,4,16830,7683,8415,8415,3606,4077,130.6988,3073,0.7397402597402597,0.7897947864669994,0.7709228166080958,0.7639484978540773,0.8395400465607221,25405.216,10,2026-09-24T14:37:13.525546+00:00
Falcon3-7B-Base,belief_bank_constraints,attn,7,25610,belief_bank_constraints,24,16830,7683,8415,8415,3606,4077,119.1183,3073,0.7352326189231574,0.7800887409872435,0.764935572042171,0.7569967707212056,0.8339232326249917,25525.631,10,2026-09-24T14:37:13.525546+00:00
Falcon3-7B-Base,belief_bank_constraints,attn,7,25610,belief_bank_constraints,42,16830,7683,8415,8415,3606,4077,121.0263,3073,0.7348504895474993,0.7701053799223516,0.7616816347780815,0.7520649966147597,0.8313127454569421,25647.96,10,2026-09-24T14:37:13.525546+00:00
Falcon3-7B-Base,belief_bank_constraints,attn,7,25610,belief_bank_constraints,64,16830,7683,8415,8415,3606,4077,120.708,3073,0.7410977242302543,0.7676095396561287,0.7650657295327347,0.7541206920038142,0.8333893133987165,25769.961,10,2026-09-24T14:37:13.525546+00:00
Falcon3-7B-Base,belief_bank_constraints,attn,7,25610,belief_bank_constraints,67,16830,7683,8415,8415,3606,4077,125.699,3073,0.735410615262741,0.7723239046034387,0.7627228947025901,0.7534153929392668,0.8339772061145194,25896.983,10,2026-09-24T14:37:13.525546+00:00
Falcon3-7B-Base,belief_bank_constraints,attn,7,25610,belief_bank_constraints,104,16830,7683,8415,8415,3606,4077,122.5483,3073,0.7282862328234379,0.7789794786466999,0.7598594299101913,0.7527803832239046,0.8331566866385582,26020.844,10,2026-09-24T14:37:13.525546+00:00
Falcon3-7B-Base,belief_bank_constraints,attn,7,25610,belief_bank_constraints,123,16830,7683,8415,8415,3606,4077,126.4374,3073,0.7353854112778065,0.78840820854132,0.7675387218534426,0.7609743040685225,0.8377209325040937,26148.59,10,2026-09-24T14:37:13.525546+00:00
Falcon3-7B-Base,belief_bank_constraints,attn,7,25610,belief_bank_constraints,420,16830,7683,8415,8415,3606,4077,127.6876,3073,0.7410526315789474,0.7809206877426511,0.7691006117402056,0.760464488252768,0.8359697019289383,26277.575,10,2026-09-24T14:37:13.525546+00:00
Falcon3-7B-Base,belief_bank_constraints,attn,7,25610,belief_bank_constraints,511,16830,7683,8415,8415,3606,4077,120.8671,3073,0.7399527186761229,0.781198003327787,0.7684498242873877,0.7600161877782274,0.83406195843708,26399.737,10,2026-09-24T14:37:13.525546+00:00
Falcon3-7B-Base,belief_bank_constraints,attn,7,25610,belief_bank_constraints,mean,0,0,0,0,0,0,123.80644,3073.0,0.7374047683762692,0.7786466999445368,0.765950800468567,0.7574440111179198,0.8355101246376089,93059.129,10,2026-09-24T14:37:13.525546+00:00
Falcon3-7B-Base,belief_bank_constraints,attn,7,25610,belief_bank_constraints,std,0,0,0,0,0,0,3.505516838698682,0.0,0.004160294139518769,0.006861305421715852,0.003488997720216902,0.0039188220097646775,0.0031419950068441774,93059.129,10,2026-09-24T14:37:13.525546+00:00
Falcon3-7B-Base,belief_bank_constraints,attn,7,25610,belief_bank_facts,2,16830,27416,8415,8415,7533,19883,123.4596,3073,0.2214622423514188,0.3180671711137661,0.5053983075576306,0.2611159546643418,0.4561735969573071,26525.239,10,2026-09-24T14:37:13.525546+00:00
Falcon3-7B-Base,belief_bank_constraints,attn,7,25610,belief_bank_facts,4,16830,27416,8415,8415,7533,19883,130.8477,3073,0.21156009344985724,0.3245718837116687,0.48205427487598485,0.25615505500261915,0.4466479228723663,26658.087,10,2026-09-24T14:37:13.525546+00:00
Falcon3-7B-Base,belief_bank_constraints,attn,7,25610,belief_bank_facts,24,16830,27416,8415,8415,7533,19883,123.4355,3073,0.19607290492296128,0.2770476569759724,0.48923985993580393,0.2296308521758266,0.44202794498620057,26783.562,10,2026-09-24T14:37:13.525546+00:00
Falcon3-7B-Base,belief_bank_constraints,attn,7,25610,belief_bank_facts,42,16830,27416,8415,8415,7533,19883,127.8608,3073,0.20754895468735218,0.2912518253020045,0.49970819959147944,0.24237737516570923,0.44348058537239077,26913.46,10,2026-09-24T14:37:13.525546+00:00
Falcon3-7B-Base,belief_bank_constraints,attn,7,25610,belief_bank_facts,64,16830,27416,8415,8415,7533,19883,124.7258,3073,0.21018896195787898,0.3351918226470198,0.47125765976072365,0.25836488284047887,0.4386614502485898,27040.284,10,2026-09-24T14:37:13.525546+00:00
Falcon3-7B-Base,belief_bank_constraints,attn,7,25610,belief_bank_facts,67,16830,27416,8415,8415,7533,19883,128.3936,3073,0.19998174516246806,0.29085357759192887,0.4854464546250365,0.2370057872248364,0.4378835956708086,27170.741,10,2026-09-24T14:37:13.525546+00:00
Falcon3-7B-Base,belief_bank_constraints,attn,7,25610,belief_bank_facts,104,16830,27416,8415,8415,7533,19883,122.9378,3073,0.20111070648215587,0.29324306385238286,0.48573825503355705,0.23859156450828967,0.4381414027937588,27295.771,10,2026-09-24T14:37:13.525546+00:00
Falcon3-7B-Base,belief_bank_constraints,attn,7,25610,belief_bank_facts,123,16830,27416,8415,8415,7533,19883,130.4982,3073,0.18298144593730006,0.26576397185716183,0.47220601108841553,0.21673703583414528,0.4248575592945534,27428.315,10,2026-09-24T14:37:13.525546+00:00
Falcon3-7B-Base,belief_bank_constraints,attn,7,25610,belief_bank_facts,420,16830,27416,8415,8415,7533,19883,132.5799,3073,0.2004026170105687,0.26430373025355103,0.5080974613364458,0.22795969773299748,0.437616140977219,27563.004,10,2026-09-24T14:37:13.525546+00:00
Falcon3-7B-Base,belief_bank_constraints,attn,7,25610,belief_bank_facts,511,16830,27416,8415,8415,7533,19883,122.1535,3073,0.2056209260983662,0.32244789592459844,0.47154946016924426,0.25111134084565284,0.4382390569058382,27687.177,10,2026-09-24T14:37:13.525546+00:00
Falcon3-7B-Base,belief_bank_constraints,attn,7,25610,belief_bank_facts,mean,0,0,0,0,0,0,126.68924,3073.0,0.20369305980603275,0.29827425992300544,0.48706959439743225,0.2419049545994897,0.4403729256079033,93059.129,10,2026-09-24T14:37:13.525546+00:00
Falcon3-7B-Base,belief_bank_constraints,attn,7,25610,belief_bank_facts,std,0,0,0,0,0,0,3.609667180004275,0.0,0.009781219420809222,0.024128352414408433,0.01297665495109227,0.01393400933261416,0.007539356064025666,93059.129,10,2026-09-24T14:37:13.525546+00:00
Falcon3-7B-Base,belief_bank_constraints,attn,7,25610,halu_eval,2,16830,10000,8415,8415,3259,6741,122.1924,3073,0.32829931972789117,0.7404111690702669,0.4217,0.45489678574794984,0.49918707879982627,27810.732,10,2026-09-24T14:37:13.525546+00:00
Falcon3-7B-Base,belief_bank_constraints,attn,7,25610,halu_eval,4,16830,10000,8415,8415,3259,6741,127.184,3073,0.3277452891487979,0.7738570113531759,0.409,0.46047106079970784,0.5015215131887008,27939.238,10,2026-09-24T14:37:13.525546+00:00
Falcon3-7B-Base,belief_bank_constraints,attn,7,25610,halu_eval,24,16830,10000,8415,8415,3259,6741,123.6442,3073,0.32854578096947934,0.7299785210187174,0.4258,0.4531428571428571,0.5014220317349252,28064.259,10,2026-09-24T14:37:13.525546+00:00
Falcon3-7B-Base,belief_bank_constraints,attn,7,25610,halu_eval,42,16830,10000,8415,8415,3259,6741,125.1908,3073,0.3278127566383794,0.7348880024547407,0.4225,0.45338381448177945,0.5019787045507337,28190.819,10,2026-09-24T14:37:13.525546+00:00
Falcon3-7B-Base,belief_bank_constraints,attn,7,25610,halu_eval,64,16830,10000,8415,8415,3259,6741,116.8696,3073,0.3294757389849414,0.7250690395826941,0.4295,0.4530725721407344,0.5019716036096269,28309.055,10,2026-09-24T14:37:13.525546+00:00
Falcon3-7B-Base,belief_bank_constraints,attn,7,25610,halu_eval,67,16830,10000,8415,8415,3259,6741,124.2734,3073,0.32824525397639814,0.7852101871739797,0.4063,0.46295793758480325,0.501505558830637,28434.695,10,2026-09-24T14:37:13.525546+00:00
Falcon3-7B-Base,belief_bank_constraints,attn,7,25610,halu_eval,104,16830,10000,8415,8415,3259,6741,125.2419,3073,0.33022234422179525,0.7382632709420067,0.4267,0.45633001422475106,0.5013006557127367,28561.297,10,2026-09-24T14:37:13.525546+00:00
Falcon3-7B-Base,belief_bank_constraints,attn,7,25610,halu_eval,123,16830,10000,8415,8415,3259,6741,128.0603,3073,0.32879695155144256,0.7413316968395213,0.4225,0.4555482228716885,0.5042416743400073,28690.725,10,2026-09-24T14:37:13.525546+00:00
Falcon3-7B-Base,belief_bank_constraints,attn,7,25610,halu_eval,420,16830,10000,8415,8415,3259,6741,128.5974,3073,0.3299410819496518,0.7560601411475912,0.4201,0.45940151020788667,0.5037497065740922,28820.685,10,2026-09-24T14:37:13.525546+00:00
Falcon3-7B-Base,belief_bank_constraints,attn,7,25610,halu_eval,511,16830,10000,8415,8415,3259,6741,124.9637,3073,0.32696693272519955,0.7038969008898435,0.4313,0.44652068126520683,0.5021072953111622,28946.992,10,2026-09-24T14:37:13.525546+00:00
Falcon3-7B-Base,belief_bank_constraints,attn,7,25610,halu_eval,mean,0,0,0,0,0,0,124.62177,3073.0,0.32860514498939764,0.7428965940472537,0.42153999999999997,0.45557254564673644,0.5018985822652448,93059.129,10,2026-09-24T14:37:13.525546+00:00
Falcon3-7B-Base,belief_bank_constraints,attn,7,25610,halu_eval,std,0,0,0,0,0,0,3.1952214411680435,0.0,0.0009732589628689306,0.022410203956063485,0.007725567940287636,0.004394445160982494,0.001311700066031859,93059.129,10,2026-09-24T14:37:13.525546+00:00
Falcon3-7B-Base,belief_bank_constraints,attn,8,25610,belief_bank_constraints,2,16830,7683,8415,8415,3606,4077,108.1619,3073,0.7675849157528751,0.7958957293399889,0.791097227645451,0.7814840027229408,0.8614123355577077,29057.536,10,2026-09-24T14:37:13.525546+00:00
Falcon3-7B-Base,belief_bank_constraints,attn,8,25610,belief_bank_constraints,4,16830,7683,8415,8415,3606,4077,111.873,3073,0.7615911485774499,0.8017193566278424,0.7891448652869972,0.7811402323696298,0.8565336354488357,29170.677,10,2026-09-24T14:37:13.525546+00:00
Falcon3-7B-Base,belief_bank_constraints,attn,8,25610,belief_bank_constraints,24,16830,7683,8415,8415,3606,4077,118.9359,3073,0.7715355805243446,0.7997781475318912,0.7948717948717948,0.7854030501089324,0.8579756492837342,29290.918,10,2026-09-24T14:37:13.525546+00:00
Falcon3-7B-Base,belief_bank_constraints,attn,8,25610,belief_bank_constraints,42,16830,7683,8415,8415,3606,4077,114.6742,3073,0.7608291256975818,0.7939545202440377,0.7861512430040348,0.7770389469398833,0.8540569086678771,29406.905,10,2026-09-24T14:37:13.525546+00:00
Falcon3-7B-Base,belief_bank_constraints,attn,8,25610,belief_bank_constraints,64,16830,7683,8415,8415,3606,4077,116.0483,3073,0.7615426398696361,0.7775929007210205,0.7813354158531823,0.7694840834248079,0.8510735724981298,29524.24,10,2026-09-24T14:37:13.525546+00:00
Falcon3-7B-Base,belief_bank_constraints,attn,8,25610,belief_bank_constraints,67,16830,7683,8415,8415,3606,4077,116.5887,3073,0.7714744447417715,0.7995008319467554,0.7947416373812313,0.7852376412910255,0.8612805817464719,29642.133,10,2026-09-24T14:37:13.525546+00:00
Falcon3-7B-Base,belief_bank_constraints,attn,8,25610,belief_bank_constraints,104,16830,7683,8415,8415,3606,4077,113.198,3073,0.7611901000526593,0.8017193566278424,0.7888845503058701,0.7809292274446246,0.859914715764789,29756.652,10,2026-09-24T14:37:13.525546+00:00
Falcon3-7B-Base,belief_bank_constraints,attn,8,25610,belief_bank_constraints,123,16830,7683,8415,8415,3606,4077,114.5927,3073,0.7602415966386554,0.802828618968386,0.7886242353247429,0.780954950094416,0.85996644461014,29872.553,10,2026-09-24T14:37:13.525546+00:00
Falcon3-7B-Base,belief_bank_constraints,attn,8,25610,belief_bank_constraints,420,16830,7683,8415,8415,3606,4077,114.1394,3073,0.7712137486573577,0.7964503605102606,0.7935702199661591,0.7836289222373807,0.8552290890648963,29987.998,10,2026-09-24T14:37:13.525546+00:00
Falcon3-7B-Base,belief_bank_constraints,attn,8,25610,belief_bank_constraints,511,16830,7683,8415,8415,3606,4077,108.8474,3073,0.7669928590320021,0.8042151968940654,0.7934400624755955,0.7851631244077434,0.8590406309164229,30098.137,10,2026-09-24T14:37:13.525546+00:00
Falcon3-7B-Base,belief_bank_constraints,attn,8,25610,belief_bank_constraints,mean,0,0,0,0,0,0,113.70594999999999,3073.0,0.7654196159544333,0.797365501941209,0.7901861252115059,0.7810464181041386,0.8576483563559005,93059.129,10,2026-09-24T14:37:13.525546+00:00
Falcon3-7B-Base,belief_bank_constraints,attn,8,25610,belief_bank_constraints,std,0,0,0,0,0,0,3.1783747108388596,0.0,0.004585443933324559,0.0072845372765348365,0.004067083156557471,0.004584026422780925,0.003211507498900152,93059.129,10,2026-09-24T14:37:13.525546+00:00
Falcon3-7B-Base,belief_bank_constraints,attn,8,25610,belief_bank_facts,2,16830,27416,8415,8415,7533,19883,108.6336,3073,0.16226525821596244,0.14682065578122927,0.5573023052232273,0.1541570841173601,0.4094417428909872,30208.804,10,2026-09-24T14:37:13.525546+00:00
Falcon3-7B-Base,belief_bank_constraints,attn,8,25610,belief_bank_facts,4,16830,27416,8415,8415,7533,19883,115.0014,3073,0.1454769610109416,0.12531527943714324,0.5574117303764226,0.1346455569818856,0.39614492357618497,30325.814,10,2026-09-24T14:37:13.525546+00:00
Falcon3-7B-Base,belief_bank_constraints,attn,8,25610,belief_bank_facts,24,16830,27416,8415,8415,7533,19883,114.0802,3073,0.16221185122330647,0.1522633744855967,0.5509921213889699,0.1570802519857573,0.3928193458881677,30441.912,10,2026-09-24T14:37:13.525546+00:00
Falcon3-7B-Base,belief_bank_constraints,attn,8,25610,belief_bank_facts,42,16830,27416,8415,8415,7533,19883,114.0041,3073,0.16034985422740525,0.14602416036107793,0.5552597023635834,0.15285208087264643,0.391841359300908,30557.958,10,2026-09-24T14:37:13.525546+00:00
Falcon3-7B-Base,belief_bank_constraints,attn,8,25610,belief_bank_facts,64,16830,27416,8415,8415,7533,19883,115.7997,3073,0.1582776540460282,0.1415106863135537,0.5573387802742924,0.14942528735632185,0.4007894844070522,30675.784,10,2026-09-24T14:37:13.525546+00:00
Falcon3-7B-Base,belief_bank_constraints,attn,8,25610,belief_bank_facts,67,16830,27416,8415,8415,7533,19883,112.0141,3073,0.1623980540849907,0.15067038364529403,0.553107674350744,0.15631455722352294,0.38968688986418154,30789.827,10,2026-09-24T14:37:13.525546+00:00
Falcon3-7B-Base,belief_bank_constraints,attn,8,25610,belief_bank_facts,104,16830,27416,8415,8415,7533,19883,112.414,3073,0.1544038253894802,0.13288198592858091,0.5617887365042311,0.1428367579908676,0.3893065719471519,30904.251,10,2026-09-24T14:37:13.525546+00:00
Falcon3-7B-Base,belief_bank_constraints,attn,8,25610,belief_bank_facts,123,16830,27416,8415,8415,7533,19883,114.4429,3073,0.16568047337278108,0.17469799548652595,0.5315144441202218,0.17006978547428275,0.4006601435335515,31020.698,10,2026-09-24T14:37:13.525546+00:00
Falcon3-7B-Base,belief_bank_constraints,attn,8,25610,belief_bank_facts,420,16830,27416,8415,8415,7533,19883,110.134,3073,0.16340227366114232,0.1583698393734236,0.5459585643419901,0.16084670351894298,0.38826213729983217,31132.843,10,2026-09-24T14:37:13.525546+00:00
Falcon3-7B-Base,belief_bank_constraints,attn,8,25610,belief_bank_facts,511,16830,27416,8415,8415,7533,19883,108.0072,3073,0.1614678899082569,0.15186512677552105,0.5502626203676685,0.15651935969352854,0.3995535304603749,31242.85,10,2026-09-24T14:37:13.525546+00:00
Falcon3-7B-Base,belief_bank_constraints,attn,8,25610,belief_bank_facts,mean,0,0,0,0,0,0,112.45311999999998,3073.0,0.1595934095140295,0.14804194875879467,0.552093667931135,0.1534747425215116,0.3958506129168392,93059.129,10,2026-09-24T14:37:13.525546+00:00
Falcon3-7B-Base,belief_bank_constraints,attn,8,25610,belief_bank_facts,std,0,0,0,0,0,0,2.581336970951294,0.0,0.005526697347262871,0.012849522691985752,0.0080850437256815,0.00919255963805398,0.006400817745032533,93059.129,10,2026-09-24T14:37:13.525546+00:00
Falcon3-7B-Base,belief_bank_constraints,attn,8,25610,halu_eval,2,16830,10000,8415,8415,3259,6741,110.4394,3073,0.33428981348637016,0.5719545872967168,0.4893,0.42195812110922465,0.5120896253475193,31354.625,10,2026-09-24T14:37:13.525546+00:00
Falcon3-7B-Base,belief_bank_constraints,attn,8,25610,halu_eval,4,16830,10000,8415,8415,3259,6741,111.3423,3073,0.33380010502363033,0.5851488186560294,0.4842,0.42510031208203297,0.5131450937572304,31467.298,10,2026-09-24T14:37:13.525546+00:00
Falcon3-7B-Base,belief_bank_constraints,attn,8,25610,halu_eval,24,16830,10000,8415,8415,3259,6741,118.3187,3073,0.33367399080224835,0.6011046333231053,0.4788,0.42913472070098574,0.5116160244388902,31586.956,10,2026-09-24T14:37:13.525546+00:00
Falcon3-7B-Base,belief_bank_constraints,attn,8,25610,halu_eval,42,16830,10000,8415,8415,3259,6741,121.2376,3073,0.33279273434965945,0.6296409941699908,0.4679,0.4354376657824934,0.5101538450753994,31709.59,10,2026-09-24T14:37:13.525546+00:00
Falcon3-7B-Base,belief_bank_constraints,attn,8,25610,halu_eval,64,16830,10000,8415,8415,3259,6741,120.7997,3073,0.3317797341619196,0.5897514575023013,0.4792,0.4246575342465753,0.5147439889964545,31831.769,10,2026-09-24T14:37:13.525546+00:00
Falcon3-7B-Base,belief_bank_constraints,attn,8,25610,halu_eval,67,16830,10000,8415,8415,3259,6741,113.38,3073,0.3317179928091293,0.6511199754525928,0.4588,0.4395194697597349,0.5123540216066161,31946.568,10,2026-09-24T14:37:13.525546+00:00
Falcon3-7B-Base,belief_bank_constraints,attn,8,25610,halu_eval,104,16830,10000,8415,8415,3259,6741,116.2729,3073,0.331973293768546,0.5492482356551089,0.4929,0.413824991330482,0.5141813532108703,32064.176,10,2026-09-24T14:37:13.525546+00:00
Falcon3-7B-Base,belief_bank_constraints,attn,8,25610,halu_eval,123,16830,10000,8415,8415,3259,6741,114.0098,3073,0.3293718166383701,0.5952746241178275,0.4731,0.4240900644879222,0.5138518649916275,32179.542,10,2026-09-24T14:37:13.525546+00:00
Falcon3-7B-Base,belief_bank_constraints,attn,8,25610,halu_eval,420,16830,10000,8415,8415,3259,6741,110.3405,3073,0.33141970519782776,0.6554157717091132,0.4568,0.4402308326463314,0.5100516097310022,32291.185,10,2026-09-24T14:37:13.525546+00:00
Falcon3-7B-Base,belief_bank_constraints,attn,8,25610,halu_eval,511,16830,10000,8415,8415,3259,6741,110.5537,3073,0.33314339981006647,0.5382019024240564,0.4984,0.4115438761145002,0.5112377400089645,32403.067,10,2026-09-24T14:37:13.525546+00:00
Falcon3-7B-Base,belief_bank_constraints,attn,8,25610,halu_eval,mean,0,0,0,0,0,0,114.66946,3073.0,0.33239625860477673,0.5966861000306841,0.47794,0.4265497588260283,0.5123425167164575,93059.129,10,2026-09-24T14:37:13.525546+00:00
Falcon3-7B-Base,belief_bank_constraints,attn,8,25610,halu_eval,std,0,0,0,0,0,0,4.041644623961884,0.0,0.0013792860224902794,0.03739433122035613,0.01323043461115319,0.009278862900119568,0.0015466608634428442,93059.129,10,2026-09-24T14:37:13.525546+00:00
Falcon3-7B-Base,belief_bank_constraints,attn,9,25610,belief_bank_constraints,2,16830,7683,8415,8415,3606,4077,117.0976,3073,0.7680384820951363,0.7970049916805324,0.7917480150982689,0.7822536744692433,0.8578146470786772,32522.55,10,2026-09-24T14:37:13.525546+00:00
Falcon3-7B-Base,belief_bank_constraints,attn,9,25610,belief_bank_constraints,4,16830,7683,8415,8415,3606,4077,111.211,3073,0.7730912973838762,0.8031059345535219,0.7969543147208121,0.7878128400435256,0.8530503217935496,32635.031,10,2026-09-24T14:37:13.525546+00:00
Falcon3-7B-Base,belief_bank_constraints,attn,9,25610,belief_bank_constraints,24,16830,7683,8415,8415,3606,4077,116.8251,3073,0.7604694585222727,0.7906267332224071,0.7848496680983991,0.7752549286199863,0.8505273757484019,32753.111,10,2026-09-24T14:37:13.525546+00:00
Falcon3-7B-Base,belief_bank_constraints,attn,9,25610,belief_bank_constraints,42,16830,7683,8415,8415,3606,4077,110.3928,3073,0.7555381808704718,0.8039378813089295,0.7858909280229077,0.7789869676205831,0.8497230449183228,32864.756,10,2026-09-24T14:37:13.525546+00:00
Falcon3-7B-Base,belief_bank_constraints,attn,9,25610,belief_bank_constraints,64,16830,7683,8415,8415,3606,4077,112.7469,3073,0.7681594756963408,0.7800887409872435,0.7862814004945985,0.7740781507980187,0.8465402755144281,32978.771,10,2026-09-24T14:37:13.525546+00:00
Falcon3-7B-Base,belief_bank_constraints,attn,9,25610,belief_bank_constraints,67,16830,7683,8415,8415,3606,4077,105.6294,3073,0.762603360896239,0.7928452579034941,0.7869321879474164,0.7774303195105371,0.8490699214823466,33085.703,10,2026-09-24T14:37:13.525546+00:00
Falcon3-7B-Base,belief_bank_constraints,attn,9,25610,belief_bank_constraints,104,16830,7683,8415,8415,3606,4077,114.76,3073,0.7562240663900415,0.8086522462562395,0.7878432903813615,0.781559903511123,0.8529500950300721,33201.782,10,2026-09-24T14:37:13.525546+00:00
Falcon3-7B-Base,belief_bank_constraints,attn,9,25610,belief_bank_constraints,123,16830,7683,8415,8415,3606,4077,119.057,3073,0.7622340425531915,0.7947864669994453,0.7873226604191071,0.7781699701330437,0.8486324199264001,33322.102,10,2026-09-24T14:37:13.525546+00:00
Falcon3-7B-Base,belief_bank_constraints,attn,9,25610,belief_bank_constraints,420,16830,7683,8415,8415,3606,4077,114.3023,3073,0.7664175120128137,0.7961730449251248,0.7904464401926331,0.7810119695321001,0.8515736520129493,33437.728,10,2026-09-24T14:37:13.525546+00:00
Falcon3-7B-Base,belief_bank_constraints,attn,9,25610,belief_bank_constraints,511,16830,7683,8415,8415,3606,4077,113.0315,3073,0.7661463939720129,0.7895174708818635,0.7881036053624886,0.7776563780387872,0.8535616585390141,33552.067,10,2026-09-24T14:37:13.525546+00:00
Falcon3-7B-Base,belief_bank_constraints,attn,9,25610,belief_bank_constraints,mean,0,0,0,0,0,0,113.50536000000002,3073.0,0.7638922270392396,0.7956738768718801,0.7886372510737993,0.7794215102276948,0.8513443412044162,93059.129,10,2026-09-24T14:37:13.525546+00:00
Falcon3-7B-Base,belief_bank_constraints,attn,9,25610,belief_bank_constraints,std,0,0,0,0,0,0,3.670660319670019,0.0,0.0052554632643670865,0.0078041552637029155,0.003392819078874017,0.0037454700812243565,0.0030203532290521856,93059.129,10,2026-09-24T14:37:13.525546+00:00
Falcon3-7B-Base,belief_bank_constraints,attn,9,25610,belief_bank_facts,2,16830,27416,8415,8415,7533,19883,117.1356,3073,0.23716293315716774,0.5242267356962698,0.4059673183542457,0.32657955673172345,0.4369873697410216,33671.227,10,2026-09-24T14:37:13.525546+00:00
Falcon3-7B-Base,belief_bank_constraints,attn,9,25610,belief_bank_facts,4,16830,27416,8415,8415,7533,19883,111.1117,3073,0.25721841437746235,0.6326828620735431,0.39706740589436823,0.36574322768782136,0.4382058712657951,33784.316,10,2026-09-24T14:37:13.525546+00:00
Falcon3-7B-Base,belief_bank_constraints,attn,9,25610,belief_bank_facts,24,16830,27416,8415,8415,7533,19883,113.4769,3073,0.2383332329740471,0.5254214788264967,0.40822877152028014,0.327920463960232,0.4313712818554854,33899.8,10,2026-09-24T14:37:13.525546+00:00
Falcon3-7B-Base,belief_bank_constraints,attn,9,25610,belief_bank_facts,42,16830,27416,8415,8415,7533,19883,115.5693,3073,0.22335958005249343,0.45187840169919025,0.41767580974613366,0.2989505115707197,0.4383070639331954,34017.367,10,2026-09-24T14:37:13.525546+00:00
Falcon3-7B-Base,belief_bank_constraints,attn,9,25610,belief_bank_facts,64,16830,27416,8415,8415,7533,19883,118.5398,3073,0.24305812661977044,0.5228992433293509,0.4214692150569011,0.3318589662580564,0.44623715668827785,34137.978,10,2026-09-24T14:37:13.525546+00:00
Falcon3-7B-Base,belief_bank_constraints,attn,9,25610,belief_bank_facts,67,16830,27416,8415,8415,7533,19883,106.0749,3073,0.23862513992230197,0.4810832337714058,0.4356580099212139,0.3190140845070423,0.45313527651963775,34246.084,10,2026-09-24T14:37:13.525546+00:00
Falcon3-7B-Base,belief_bank_constraints,attn,9,25610,belief_bank_facts,104,16830,27416,8415,8415,7533,19883,115.6487,3073,0.24374514838478534,0.541882384176291,0.41216807703530783,0.3362438220757825,0.4428097353722115,34363.759,10,2026-09-24T14:37:13.525546+00:00
Falcon3-7B-Base,belief_bank_constraints,attn,9,25610,belief_bank_facts,123,16830,27416,8415,8415,7533,19883,113.5589,3073,0.22491237180319357,0.45997610513739545,0.4160709074992705,0.30210558437595364,0.43857978973890926,34479.324,10,2026-09-24T14:37:13.525546+00:00
Falcon3-7B-Base,belief_bank_constraints,attn,9,25610,belief_bank_facts,420,16830,27416,8415,8415,7533,19883,110.0914,3073,0.23915737298636927,0.5124120536306916,0.4181135103589145,0.32610991424829977,0.43943888420564436,34591.447,10,2026-09-24T14:37:13.525546+00:00
Falcon3-7B-Base,belief_bank_constraints,attn,9,25610,belief_bank_facts,511,16830,27416,8415,8415,7533,19883,115.9951,3073,0.25402056419720537,0.5116155582105403,0.45298365917712285,0.33948469500110107,0.46197303542062496,34709.447,10,2026-09-24T14:37:13.525546+00:00
Falcon3-7B-Base,belief_bank_constraints,attn,9,25610,belief_bank_facts,mean,0,0,0,0,0,0,113.72023000000002,3073.0,0.23995928844747966,0.5164078056551175,0.4185402684563758,0.3274010826416732,0.4427045464740803,93059.129,10,2026-09-24T14:37:13.525546+00:00
Falcon3-7B-Base,belief_bank_constraints,attn,9,25610,belief_bank_facts,std,0,0,0,0,0,0,3.5456345093791044,0.0,0.01017044313864826,0.04794653426146065,0.01503683747902833,0.017990139753512432,0.008490867396274228,93059.129,10,2026-09-24T14:37:13.525546+00:00
Falcon3-7B-Base,belief_bank_constraints,attn,9,25610,halu_eval,2,16830,10000,8415,8415,3259,6741,112.8761,3073,0.3260104381599709,0.8241791960724149,0.3874,0.4672116889893895,0.4954223282447352,34823.658,10,2026-09-24T14:37:13.525546+00:00
Falcon3-7B-Base,belief_bank_constraints,attn,9,25610,halu_eval,4,16830,10000,8415,8415,3259,6741,111.4276,3073,0.3252294124657371,0.8373734274317275,0.3808,0.4684978540772532,0.49325016856769327,34936.403,10,2026-09-24T14:37:13.525546+00:00
Falcon3-7B-Base,belief_bank_constraints,attn,9,25610,halu_eval,24,16830,10000,8415,8415,3259,6741,118.1358,3073,0.3276617684970353,0.779993863148205,0.4067,0.4614686393755106,0.4967585797007126,35055.854,10,2026-09-24T14:37:13.525546+00:00
Falcon3-7B-Base,belief_bank_constraints,attn,9,25610,halu_eval,42,16830,10000,8415,8415,3259,6741,110.763,3073,0.3296980981513499,0.7606627799938631,0.418,0.46001113379105585,0.4971371372437579,35167.953,10,2026-09-24T14:37:13.525546+00:00
Falcon3-7B-Base,belief_bank_constraints,attn,9,25610,halu_eval,64,16830,10000,8415,8415,3259,6741,112.0473,3073,0.3252576629634587,0.7456274930960417,0.413,0.45293569431500463,0.49740902135421405,35281.339,10,2026-09-24T14:37:13.525546+00:00
Falcon3-7B-Base,belief_bank_constraints,attn,9,25610,halu_eval,67,16830,10000,8415,8415,3259,6741,103.9408,3073,0.32693333333333335,0.7523780300705738,0.4145,0.45580444279208104,0.49749632651474573,35386.623,10,2026-09-24T14:37:13.525546+00:00
Falcon3-7B-Base,belief_bank_constraints,attn,9,25610,halu_eval,104,16830,10000,8415,8415,3259,6741,114.1963,3073,0.3279212477627205,0.7870512427124885,0.4049,0.4629546069849292,0.5007279602605845,35502.145,10,2026-09-24T14:37:13.525546+00:00
Falcon3-7B-Base,belief_bank_constraints,attn,9,25610,halu_eval,123,16830,10000,8415,8415,3259,6741,114.1916,3073,0.32581484694509855,0.8066891684565818,0.393,0.464159604519774,0.4981964064777152,35617.666,10,2026-09-24T14:37:13.525546+00:00
Falcon3-7B-Base,belief_bank_constraints,attn,9,25610,halu_eval,420,16830,10000,8415,8415,3259,6741,113.5531,3073,0.32611417125688535,0.7993249463025468,0.3963,0.4632346403485374,0.4953098739177836,35732.562,10,2026-09-24T14:37:13.525546+00:00
Falcon3-7B-Base,belief_bank_constraints,attn,9,25610,halu_eval,511,16830,10000,8415,8415,3259,6741,111.548,3073,0.3262602722924077,0.816201288738877,0.3908,0.4661759551349457,0.49655335795083955,35845.458,10,2026-09-24T14:37:13.525546+00:00
Falcon3-7B-Base,belief_bank_constraints,attn,9,25610,halu_eval,mean,0,0,0,0,0,0,112.26795999999999,3073.0,0.3266901251827997,0.790948143602332,0.40054,0.4622454260328482,0.4968261160232781,93059.129,10,2026-09-24T14:37:13.525546+00:00
Falcon3-7B-Base,belief_bank_constraints,attn,9,25610,halu_eval,std,0,0,0,0,0,0,3.416893147056256,0.0,0.0013227629283844432,0.029680435001888536,0.012016505315606515,0.00467016139111056,0.001874133076511081,93059.129,10,2026-09-24T14:37:13.525546+00:00
Falcon3-7B-Base,belief_bank_constraints,attn,10,25610,belief_bank_constraints,2,16830,7683,8415,8415,3606,4077,90.7321,3073,0.7990182710662667,0.812534664448142,0.8160874658336588,0.8057197855080435,0.884039845290961,35938.288,10,2026-09-24T14:37:13.525546+00:00
Falcon3-7B-Base,belief_bank_constraints,attn,10,25610,belief_bank_constraints,4,16830,7683,8415,8415,3606,4077,91.3014,3073,0.793233082706767,0.8191902384914033,0.8149160484185864,0.8060027285129604,0.8827941357922662,36030.873,10,2026-09-24T14:37:13.525546+00:00
Falcon3-7B-Base,belief_bank_constraints,attn,10,25610,belief_bank_constraints,24,16830,7683,8415,8415,3606,4077,100.9329,3073,0.7857332978440245,0.8186356073211315,0.810100221267734,0.8018470732038572,0.8810337225818415,36133.076,10,2026-09-24T14:37:13.525546+00:00
Falcon3-7B-Base,belief_bank_constraints,attn,10,25610,belief_bank_constraints,42,16830,7683,8415,8415,3606,4077,90.3207,3073,0.7908355795148247,0.8136439267886856,0.8115319536639334,0.8020776380535812,0.8763096308430979,36224.668,10,2026-09-24T14:37:13.525546+00:00
Falcon3-7B-Base,belief_bank_constraints,attn,10,25610,belief_bank_constraints,64,16830,7683,8415,8415,3606,4077,92.1724,3073,0.7924374319912949,0.8078202995008319,0.8104906937394247,0.8000549299642955,0.8771268173625539,36318.127,10,2026-09-24T14:37:13.525546+00:00
Falcon3-7B-Base,belief_bank_constraints,attn,10,25610,belief_bank_constraints,67,16830,7683,8415,8415,3606,4077,94.493,3073,0.781559903511123,0.8086522462562395,0.8041129767018091,0.7948752896279133,0.8800290402540883,36413.906,10,2026-09-24T14:37:13.525546+00:00
Falcon3-7B-Base,belief_bank_constraints,attn,10,25610,belief_bank_constraints,104,16830,7683,8415,8415,3606,4077,94.2078,3073,0.7830660005259006,0.8258458125346645,0.8108811662111155,0.8038871642596842,0.8784087812656827,36509.438,10,2026-09-24T14:37:13.525546+00:00
Falcon3-7B-Base,belief_bank_constraints,attn,10,25610,belief_bank_constraints,123,16830,7683,8415,8415,3606,4077,89.885,3073,0.7772474144789181,0.8128119800332779,0.8028114017961734,0.7946319642130948,0.8761587635465977,36600.609,10,2026-09-24T14:37:13.525546+00:00
Falcon3-7B-Base,belief_bank_constraints,attn,10,25610,belief_bank_constraints,420,16830,7683,8415,8415,3606,4077,93.9397,3073,0.7996198751018192,0.8166943982251803,0.8179096707015489,0.8080669501989299,0.8812207422534948,36695.838,10,2026-09-24T14:37:13.525546+00:00
Falcon3-7B-Base,belief_bank_constraints,attn,10,25610,belief_bank_constraints,511,16830,7683,8415,8415,3606,4077,93.6894,3073,0.7932239849421887,0.8180809761508597,0.8145255759468958,0.8054607508532423,0.8850877540240009,36790.804,10,2026-09-24T14:37:13.525546+00:00
Falcon3-7B-Base,belief_bank_constraints,attn,10,25610,belief_bank_constraints,mean,0,0,0,0,0,0,93.16744,3073.0,0.7895974841683128,0.8153910149750414,0.811336717428088,0.8022624274395602,0.8802209233214585,93059.129,10,2026-09-24T14:37:13.525546+00:00
Falcon3-7B-Base,belief_bank_constraints,attn,10,25610,belief_bank_constraints,std,0,0,0,0,0,0,3.0543753335829567,0.0,0.007070261330349752,0.005136031378288433,0.004648736535665769,0.0043632349151849605,0.0030206858420791876,93059.129,10,2026-09-24T14:37:13.525546+00:00
Falcon3-7B-Base,belief_bank_constraints,attn,10,25610,belief_bank_facts,2,16830,27416,8415,8415,7533,19883,90.8538,3073,0.2880337813726656,0.6429045532988186,0.46523927633498685,0.3978313549924015,0.5084946024913473,36883.681,10,2026-09-24T14:37:13.525546+00:00
Falcon3-7B-Base,belief_bank_constraints,attn,10,25610,belief_bank_facts,4,16830,27416,8415,8415,7533,19883,87.5088,3073,0.2747742726563371,0.6544537368910128,0.4304420776189087,0.3870461236506379,0.492711994799205,36973.191,10,2026-09-24T14:37:13.525546+00:00
Falcon3-7B-Base,belief_bank_constraints,attn,10,25610,belief_bank_facts,24,16830,27416,8415,8415,7533,19883,91.3745,3073,0.2801938146796674,0.6217974246648081,0.4571782900496061,0.3863092783505155,0.5037535359097501,37066.585,10,2026-09-24T14:37:13.525546+00:00
Falcon3-7B-Base,belief_bank_constraints,attn,10,25610,belief_bank_facts,42,16830,27416,8415,8415,7533,19883,94.3621,3073,0.2643836515121695,0.5349794238683128,0.46323314852640796,0.3538812785388128,0.48727570224483074,37162.947,10,2026-09-24T14:37:13.525546+00:00
Falcon3-7B-Base,belief_bank_constraints,attn,10,25610,belief_bank_facts,64,16830,27416,8415,8415,7533,19883,91.9563,3073,0.26239067055393583,0.5615292712066906,0.44579807411730377,0.35765621036611145,0.48046590942784567,37256.93,10,2026-09-24T14:37:13.525546+00:00
Falcon3-7B-Base,belief_bank_constraints,attn,10,25610,belief_bank_facts,67,16830,27416,8415,8415,7533,19883,87.3633,3073,0.2773922677707155,0.631488118943316,0.4467464254449956,0.3854630905113038,0.4934813000938004,37346.302,10,2026-09-24T14:37:13.525546+00:00
Falcon3-7B-Base,belief_bank_constraints,attn,10,25610,belief_bank_facts,104,16830,27416,8415,8415,7533,19883,94.6568,3073,0.27012013951685826,0.5551573078454799,0.46560402684563756,0.36341516402346297,0.48655223125642105,37443.01,10,2026-09-24T14:37:13.525546+00:00
Falcon3-7B-Base,belief_bank_constraints,attn,10,25610,belief_bank_facts,123,16830,27416,8415,8415,7533,19883,89.7051,3073,0.2719475586595601,0.5892738616752954,0.4536766851473592,0.3721495640509725,0.4925739243764927,37534.755,10,2026-09-24T14:37:13.525546+00:00
Falcon3-7B-Base,belief_bank_constraints,attn,10,25610,belief_bank_facts,420,16830,27416,8415,8415,7533,19883,96.3891,3073,0.2744691237490847,0.5971060666401168,0.455609862853808,0.3760712344801639,0.4950524887597624,37633.187,10,2026-09-24T14:37:13.525546+00:00
Falcon3-7B-Base,belief_bank_constraints,attn,10,25610,belief_bank_facts,511,16830,27416,8415,8415,7533,19883,90.2154,3073,0.2754656920537609,0.6203371830611975,0.44736650131310185,0.3815161040127363,0.48449579983164354,37725.453,10,2026-09-24T14:37:13.525546+00:00
Falcon3-7B-Base,belief_bank_constraints,attn,10,25610,belief_bank_facts,mean,0,0,0,0,0,0,91.43852000000001,3073.0,0.2739170972524755,0.6009026948095049,0.4530894368252116,0.37613394029771186,0.49248574891910996,93059.129,10,2026-09-24T14:37:13.525546+00:00
Falcon3-7B-Base,belief_bank_constraints,attn,10,25610,belief_bank_facts,std,0,0,0,0,0,0,2.8386240581662108,0.0,0.007044384015374318,0.03810519147721069,0.010342133303243874,0.013504242663710522,0.0081335828516221,93059.129,10,2026-09-24T14:37:13.525546+00:00
Falcon3-7B-Base,belief_bank_constraints,attn,10,25610,halu_eval,2,16830,10000,8415,8415,3259,6741,91.8825,3073,0.3326536160957042,0.7508438171218165,0.4279,0.4610456900612341,0.5133254849726561,37818.67,10,2026-09-24T14:37:13.525546+00:00
Falcon3-7B-Base,belief_bank_constraints,attn,10,25610,halu_eval,4,16830,10000,8415,8415,3259,6741,92.8779,3073,0.3323716099249856,0.7069653267873581,0.4417,0.45216367382984984,0.513630779921397,37912.875,10,2026-09-24T14:37:13.525546+00:00
Falcon3-7B-Base,belief_bank_constraints,attn,10,25610,halu_eval,24,16830,10000,8415,8415,3259,6741,91.5348,3073,0.3327702702702703,0.7253758821724455,0.4365,0.4562385409630416,0.5111860988699535,38005.753,10,2026-09-24T14:37:13.525546+00:00
Falcon3-7B-Base,belief_bank_constraints,attn,10,25610,halu_eval,42,16830,10000,8415,8415,3259,6741,90.4128,3073,0.3332436432127001,0.7600490948143602,0.4262,0.46333707444818556,0.5105461493121259,38097.509,10,2026-09-24T14:37:13.525546+00:00
Falcon3-7B-Base,belief_bank_constraints,attn,10,25610,halu_eval,64,16830,10000,8415,8415,3259,6741,96.2885,3073,0.33300423131170664,0.7244553544031912,0.4373,0.4562759686926273,0.5145574982546934,38195.13,10,2026-09-24T14:37:13.525546+00:00
Falcon3-7B-Base,belief_bank_constraints,attn,10,25610,halu_eval,67,16830,10000,8415,8415,3259,6741,91.1425,3073,0.33614190687361417,0.6977600490948144,0.4524,0.4537110933758978,0.5168154154512564,38287.584,10,2026-09-24T14:37:13.525546+00:00
Falcon3-7B-Base,belief_bank_constraints,attn,10,25610,halu_eval,104,16830,10000,8415,8415,3259,6741,92.4391,3073,0.33284624127293394,0.6290273089904879,0.4682,0.43533658950945,0.5168501463362853,38381.341,10,2026-09-24T14:37:13.525546+00:00
Falcon3-7B-Base,belief_bank_constraints,attn,10,25610,halu_eval,123,16830,10000,8415,8415,3259,6741,88.9771,3073,0.33367768595041325,0.6937710954280454,0.4487,0.4506228201295466,0.5131651903309398,38471.657,10,2026-09-24T14:37:13.525546+00:00
Falcon3-7B-Base,belief_bank_constraints,attn,10,25610,halu_eval,420,16830,10000,8415,8415,3259,6741,96.9507,3073,0.3324297332001712,0.714943234120896,0.4392,0.4538371640046747,0.5150478273418915,38569.929,10,2026-09-24T14:37:13.525546+00:00
Falcon3-7B-Base,belief_bank_constraints,attn,10,25610,halu_eval,511,16830,10000,8415,8415,3259,6741,90.9351,3073,0.33022831050228313,0.5547714022706351,0.4882,0.41401419738951223,0.5102829593026403,38662.178,10,2026-09-24T14:37:13.525546+00:00
Falcon3-7B-Base,belief_bank_constraints,attn,10,25610,halu_eval,mean,0,0,0,0,0,0,92.3441,3073.0,0.3329367248614782,0.695796256520405,0.44663,0.44965828124040197,0.5135407550093839,93059.129,10,2026-09-24T14:37:13.525546+00:00
Falcon3-7B-Base,belief_bank_constraints,attn,10,25610,halu_eval,std,0,0,0,0,0,0,2.3756429794899736,0.0,0.0013765507554223725,0.05805202305964368,0.018078387649345284,0.013858511142152228,0.0022427951754786313,93059.129,10,2026-09-24T14:37:13.525546+00:00
Falcon3-7B-Base,belief_bank_constraints,attn,11,25610,belief_bank_constraints,2,16830,7683,8415,8415,3606,4077,102.4215,3073,0.8122380553227159,0.8061564059900166,0.8215540804373291,0.8091858037578288,0.8800472014660655,38766.662,10,2026-09-24T14:37:13.525546+00:00
Falcon3-7B-Base,belief_bank_constraints,attn,11,25610,belief_bank_constraints,4,16830,7683,8415,8415,3606,4077,101.6139,3073,0.7936124530327429,0.8200221852468109,0.8154366783808408,0.8066012002182215,0.8770521319290294,38869.555,10,2026-09-24T14:37:13.525546+00:00
Falcon3-7B-Base,belief_bank_constraints,attn,11,25610,belief_bank_constraints,24,16830,7683,8415,8415,3606,4077,97.8856,3073,0.79004329004329,0.8097615085967831,0.8097097487960432,0.7997808819501506,0.872461018352891,38968.719,10,2026-09-24T14:37:13.525546+00:00
Falcon3-7B-Base,belief_bank_constraints,attn,11,25610,belief_bank_constraints,42,16830,7683,8415,8415,3606,4077,99.524,3073,0.793168880455408,0.8114254021075984,0.8121827411167513,0.8021932830705963,0.8743978061800088,39069.515,10,2026-09-24T14:37:13.525546+00:00
Falcon3-7B-Base,belief_bank_constraints,attn,11,25610,belief_bank_constraints,64,16830,7683,8415,8415,3606,4077,100.0933,3073,0.7964088397790056,0.7995008319467554,0.8099700637771704,0.7979518405756989,0.8715603038622436,39170.913,10,2026-09-24T14:37:13.525546+00:00
Falcon3-7B-Base,belief_bank_constraints,attn,11,25610,belief_bank_constraints,67,16830,7683,8415,8415,3606,4077,100.4427,3073,0.8032515844585285,0.8083749306711037,0.8171287257581674,0.8058051140290255,0.8794484936465007,39272.611,10,2026-09-24T14:37:13.525546+00:00
Falcon3-7B-Base,belief_bank_constraints,attn,11,25610,belief_bank_constraints,104,16830,7683,8415,8415,3606,4077,98.9616,3073,0.7835269271383316,0.8230726566833056,0.8102303787582975,0.8028130916959697,0.8710575715861242,39372.855,10,2026-09-24T14:37:13.525546+00:00
Falcon3-7B-Base,belief_bank_constraints,attn,11,25610,belief_bank_constraints,123,16830,7683,8415,8415,3606,4077,96.9,3073,0.8005449591280654,0.8147531891292291,0.8177795132109853,0.8075865860362836,0.8786921505881445,39471.01,10,2026-09-24T14:37:13.525546+00:00
Falcon3-7B-Base,belief_bank_constraints,attn,11,25610,belief_bank_constraints,420,16830,7683,8415,8415,3606,4077,105.9241,3073,0.7970974808324206,0.8072656683305601,0.8130938435506964,0.8021493524386883,0.8689399198539594,39578.196,10,2026-09-24T14:37:13.525546+00:00
Falcon3-7B-Base,belief_bank_constraints,attn,11,25610,belief_bank_constraints,511,16830,7683,8415,8415,3606,4077,98.7623,3073,0.7979714912280702,0.8072656683305601,0.8136144735129507,0.8025916735594155,0.876604835562129,39678.195,10,2026-09-24T14:37:13.525546+00:00
Falcon3-7B-Base,belief_bank_constraints,attn,11,25610,belief_bank_constraints,mean,0,0,0,0,0,0,100.25289999999998,3073.0,0.7967863961418579,0.8107598447032723,0.8140700247299233,0.8036658827331878,0.8750261433027096,93059.129,10,2026-09-24T14:37:13.525546+00:00
Falcon3-7B-Base,belief_bank_constraints,attn,11,25610,belief_bank_constraints,std,0,0,0,0,0,0,2.4504252602354537,0.0,0.007353681613324861,0.006579104048201496,0.003691634489870819,0.0033634348878572203,0.0036957152235616952,93059.129,10,2026-09-24T14:37:13.525546+00:00
Falcon3-7B-Base,belief_bank_constraints,attn,11,25610,belief_bank_facts,2,16830,27416,8415,8415,7533,19883,99.1842,3073,0.23106471816283924,0.3673171379264569,0.490297636416691,0.28367849087553826,0.47148909197926414,39779.378,10,2026-09-24T14:37:13.525546+00:00
Falcon3-7B-Base,belief_bank_constraints,attn,11,25610,belief_bank_facts,4,16830,27416,8415,8415,7533,19883,102.74,3073,0.23700294272994793,0.4169653524492234,0.4709658593522031,0.30222264986048303,0.4602464040282807,39884.089,10,2026-09-24T14:37:13.525546+00:00
Falcon3-7B-Base,belief_bank_constraints,attn,11,25610,belief_bank_facts,24,16830,27416,8415,8415,7533,19883,97.3512,3073,0.22115293895650534,0.3111642108057879,0.5096294134811789,0.2585484226781381,0.4669136364632076,39983.437,10,2026-09-24T14:37:13.525546+00:00
Falcon3-7B-Base,belief_bank_constraints,attn,11,25610,belief_bank_facts,42,16830,27416,8415,8415,7533,19883,98.1321,3073,0.22978762191231428,0.33466082570025224,0.5089728625620076,0.27248162559446604,0.4791198596750502,40083.573,10,2026-09-24T14:37:13.525546+00:00
Falcon3-7B-Base,belief_bank_constraints,attn,11,25610,belief_bank_facts,64,16830,27416,8415,8415,7533,19883,101.1533,3073,0.2345195432952746,0.3735563520509757,0.492850889991246,0.28814253532664347,0.4805978942030579,40186.723,10,2026-09-24T14:37:13.525546+00:00
Falcon3-7B-Base,belief_bank_constraints,attn,11,25610,belief_bank_facts,67,16830,27416,8415,8415,7533,19883,100.7284,3073,0.23519959404600813,0.36917562724014336,0.49682667055733876,0.28733791393294417,0.47722461278340234,40289.449,10,2026-09-24T14:37:13.525546+00:00
Falcon3-7B-Base,belief_bank_constraints,attn,11,25610,belief_bank_facts,104,16830,27416,8415,8415,7533,19883,98.4688,3073,0.2274020372579609,0.328952608522501,0.5085351619492268,0.26890938686923493,0.4783127118680789,40389.961,10,2026-09-24T14:37:13.525546+00:00
Falcon3-7B-Base,belief_bank_constraints,attn,11,25610,belief_bank_facts,123,16830,27416,8415,8415,7533,19883,101.1277,3073,0.2419390057500546,0.4412584627638391,0.46658885322439453,0.31252350507709664,0.4791047406967024,40493.067,10,2026-09-24T14:37:13.525546+00:00
Falcon3-7B-Base,belief_bank_constraints,attn,11,25610,belief_bank_facts,420,16830,27416,8415,8415,7533,19883,93.4629,3073,0.23167932191417975,0.3483339970795168,0.5035380799533119,0.27827562437032716,0.48166480201492556,40588.558,10,2026-09-24T14:37:13.525546+00:00
Falcon3-7B-Base,belief_bank_constraints,attn,11,25610,belief_bank_facts,511,16830,27416,8415,8415,7533,19883,106.0065,3073,0.23251833740831296,0.37873357228195936,0.4858112051356872,0.28813816088471444,0.47376658964032914,40696.576,10,2026-09-24T14:37:13.525546+00:00
Falcon3-7B-Base,belief_bank_constraints,attn,11,25610,belief_bank_facts,mean,0,0,0,0,0,0,99.83551,3073.0,0.2322266061433398,0.36701181468206556,0.4934016632623286,0.28402583154695865,0.4748440343352299,93059.129,10,2026-09-24T14:37:13.525546+00:00
Falcon3-7B-Base,belief_bank_constraints,attn,11,25610,belief_bank_facts,std,0,0,0,0,0,0,3.204628195735036,0.0,0.005336910529254105,0.03762423680982876,0.014625826449322442,0.014940312805435663,0.006497411022849628,93059.129,10,2026-09-24T14:37:13.525546+00:00
Falcon3-7B-Base,belief_bank_constraints,attn,11,25610,halu_eval,2,16830,10000,8415,8415,3259,6741,102.5831,3073,0.33385826771653543,0.6505062902730899,0.4631,0.44125299198667917,0.5082962206743081,40800.469,10,2026-09-24T14:37:13.525546+00:00
Falcon3-7B-Base,belief_bank_constraints,attn,11,25610,halu_eval,4,16830,10000,8415,8415,3259,6741,103.6172,3073,0.3331365313653136,0.6925437250690396,0.448,0.4498704405022922,0.5080342824332869,40905.397,10,2026-09-24T14:37:13.525546+00:00
Falcon3-7B-Base,belief_bank_constraints,attn,11,25610,halu_eval,24,16830,10000,8415,8415,3259,6741,97.3496,3073,0.3311210503534843,0.7042037434795949,0.44,0.450441609421001,0.5058137362152412,41004.087,10,2026-09-24T14:37:13.525546+00:00
Falcon3-7B-Base,belief_bank_constraints,attn,11,25610,halu_eval,42,16830,10000,8415,8415,3259,6741,100.0823,3073,0.3314178997270507,0.7078858545566125,0.4394,0.45146771037182,0.5070841218905673,41105.487,10,2026-09-24T14:37:13.525546+00:00
Falcon3-7B-Base,belief_bank_constraints,attn,11,25610,halu_eval,64,16830,10000,8415,8415,3259,6741,106.7173,3073,0.32763178354843725,0.6465173366063209,0.4524,0.4348813209494324,0.5048206058750546,41213.584,10,2026-09-24T14:37:13.525546+00:00
Falcon3-7B-Base,belief_bank_constraints,attn,11,25610,halu_eval,67,16830,10000,8415,8415,3259,6741,101.2753,3073,0.33047844063792087,0.6867137158637618,0.4445,0.4462167281427575,0.5119847499096337,41316.208,10,2026-09-24T14:37:13.525546+00:00
Falcon3-7B-Base,belief_bank_constraints,attn,11,25610,halu_eval,104,16830,10000,8415,8415,3259,6741,106.3581,3073,0.3291425342562509,0.714943234120896,0.4322,0.4507641710195396,0.5070871033754552,41423.901,10,2026-09-24T14:37:13.525546+00:00
Falcon3-7B-Base,belief_bank_constraints,attn,11,25610,halu_eval,123,16830,10000,8415,8415,3259,6741,98.519,3073,0.32919730392156865,0.6594047253758821,0.4511,0.43915397976908144,0.5061725840948296,41523.754,10,2026-09-24T14:37:13.525546+00:00
Falcon3-7B-Base,belief_bank_constraints,attn,11,25610,halu_eval,420,16830,10000,8415,8415,3259,6741,93.8239,3073,0.33094890510948904,0.6956121509665542,0.4425,0.4485112276189534,0.5090497170115653,41618.897,10,2026-09-24T14:37:13.525546+00:00
Falcon3-7B-Base,belief_bank_constraints,attn,11,25610,halu_eval,511,16830,10000,8415,8415,3259,6741,97.9929,3073,0.3324730529831486,0.6719852715556919,0.4534,0.4448507007921999,0.5071414756456611,41718.204,10,2026-09-24T14:37:13.525546+00:00
Falcon3-7B-Base,belief_bank_constraints,attn,11,25610,halu_eval,mean,0,0,0,0,0,0,100.83187,3073.0,0.3309405769619199,0.6830316047867445,0.44666000000000006,0.4457410880573757,0.5075484597125605,93059.129,10,2026-09-24T14:37:13.525546+00:00
Falcon3-7B-Base,belief_bank_constraints,attn,11,25610,halu_eval,std,0,0,0,0,0,0,3.8911158494832803,0.0,0.0018269575025681778,0.023276796526056052,0.008356338911269703,0.005360338217174538,0.0018885760657753586,93059.129,10,2026-09-24T14:37:13.525546+00:00
Falcon3-7B-Base,belief_bank_constraints,attn,12,25610,belief_bank_constraints,2,16830,7683,8415,8415,3606,4077,98.141,3073,0.8228792484111633,0.8258458125346645,0.8348301444748145,0.8243598615916955,0.8944079927834011,41818.371,10,2026-09-24T14:37:13.525546+00:00
Falcon3-7B-Base,belief_bank_constraints,attn,12,25610,belief_bank_constraints,4,16830,7683,8415,8415,3606,4077,85.1116,3073,0.8228822882288229,0.8297282307265669,0.8362618768710139,0.8262910798122066,0.895048532608082,41904.743,10,2026-09-24T14:37:13.525546+00:00
Falcon3-7B-Base,belief_bank_constraints,attn,12,25610,belief_bank_constraints,24,16830,7683,8415,8415,3606,4077,89.4605,3073,0.8147345612134345,0.834165280088741,0.833138097097488,0.8243354343655797,0.8918030492062734,41995.478,10,2026-09-24T14:37:13.525546+00:00
Falcon3-7B-Base,belief_bank_constraints,attn,12,25610,belief_bank_constraints,42,16830,7683,8415,8415,3606,4077,94.9442,3073,0.8173155458753063,0.8325013865779257,0.8340491995314331,0.8248385767275724,0.8950839027587494,42091.709,10,2026-09-24T14:37:13.525546+00:00
Falcon3-7B-Base,belief_bank_constraints,attn,12,25610,belief_bank_constraints,64,16830,7683,8415,8415,3606,4077,87.9493,3073,0.8131047829693115,0.8155851358846368,0.8254588051542366,0.8143430707462274,0.886443723165449,42180.952,10,2026-09-24T14:37:13.525546+00:00
Falcon3-7B-Base,belief_bank_constraints,attn,12,25610,belief_bank_constraints,67,16830,7683,8415,8415,3606,4077,92.1971,3073,0.8146633960207141,0.8288962839711592,0.8311857347390342,0.8217182130584192,0.8914560816321312,42274.433,10,2026-09-24T14:37:13.525546+00:00
Falcon3-7B-Base,belief_bank_constraints,attn,12,25610,belief_bank_constraints,104,16830,7683,8415,8415,3606,4077,90.6797,3073,0.813550135501355,0.8325013865779257,0.8318365221918521,0.8229166666666666,0.8939000910237224,42366.414,10,2026-09-24T14:37:13.525546+00:00
Falcon3-7B-Base,belief_bank_constraints,attn,12,25610,belief_bank_constraints,123,16830,7683,8415,8415,3606,4077,93.8219,3073,0.8187038556193601,0.8302828618968386,0.8340491995314331,0.8244527054935977,0.8935656390413547,42461.511,10,2026-09-24T14:37:13.525546+00:00
Falcon3-7B-Base,belief_bank_constraints,attn,12,25610,belief_bank_constraints,420,16830,7683,8415,8415,3606,4077,90.9455,3073,0.8187229437229437,0.8391569606211869,0.8373031367955226,0.8288140235551904,0.8980311885826243,42553.737,10,2026-09-24T14:37:13.525546+00:00
Falcon3-7B-Base,belief_bank_constraints,attn,12,25610,belief_bank_constraints,511,16830,7683,8415,8415,3606,4077,94.1158,3073,0.813776204737272,0.8288962839711592,0.8306651047767799,0.8212666575078994,0.8867039318411756,42649.144,10,2026-09-24T14:37:13.525546+00:00
Falcon3-7B-Base,belief_bank_constraints,attn,12,25610,belief_bank_constraints,mean,0,0,0,0,0,0,91.73666,3073.0,0.8170332962299683,0.8297559622850805,0.8328777821163609,0.8233336289525054,0.8926444132642963,93059.129,10,2026-09-24T14:37:13.525546+00:00
Falcon3-7B-Base,belief_bank_constraints,attn,12,25610,belief_bank_constraints,std,0,0,0,0,0,0,3.55926875051604,0.0,0.003509787547190676,0.005837410728173032,0.0031865998849048326,0.0036364975194073897,0.0034948783414794657,93059.129,10,2026-09-24T14:37:13.525546+00:00
Falcon3-7B-Base,belief_bank_constraints,attn,12,25610,belief_bank_facts,2,16830,27416,8415,8415,7533,19883,92.4544,3073,0.3053390717692218,0.6969334926324173,0.4810694484972279,0.4246370364379019,0.5484928461661345,42743.606,10,2026-09-24T14:37:13.525546+00:00
Falcon3-7B-Base,belief_bank_constraints,attn,12,25610,belief_bank_facts,4,16830,27416,8415,8415,7533,19883,85.7036,3073,0.2937970287478294,0.808575600690296,0.4133717537204552,0.4309923934194233,0.5387531662642495,42831.338,10,2026-09-24T14:37:13.525546+00:00
Falcon3-7B-Base,belief_bank_constraints,attn,12,25610,belief_bank_facts,24,16830,27416,8415,8415,7533,19883,89.9746,3073,0.30151877665661087,0.7695473251028807,0.44685585059819083,0.4332747860532905,0.5531761475012468,42923.356,10,2026-09-24T14:37:13.525546+00:00
Falcon3-7B-Base,belief_bank_constraints,attn,12,25610,belief_bank_facts,42,16830,27416,8415,8415,7533,19883,95.4056,3073,0.3044889129259059,0.6726403823178017,0.48789028304639626,0.41921072226358896,0.5626530028757972,43020.787,10,2026-09-24T14:37:13.525546+00:00
Falcon3-7B-Base,belief_bank_constraints,attn,12,25610,belief_bank_facts,64,16830,27416,8415,8415,7533,19883,89.635,3073,0.2969068660774983,0.6957387495021904,0.46370732419025384,0.41620011911852295,0.5361455447595568,43112.433,10,2026-09-24T14:37:13.525546+00:00
Falcon3-7B-Base,belief_bank_constraints,attn,12,25610,belief_bank_facts,67,16830,27416,8415,8415,7533,19883,89.9793,3073,0.29355522249211846,0.7540156644099296,0.43383425736796033,0.4225876050889071,0.5315767691012334,43204.427,10,2026-09-24T14:37:13.525546+00:00
Falcon3-7B-Base,belief_bank_constraints,attn,12,25610,belief_bank_facts,104,16830,27416,8415,8415,7533,19883,91.269,3073,0.3005416643869344,0.7291915571485464,0.4592938430113802,0.4256489732661759,0.5546205423858872,43297.722,10,2026-09-24T14:37:13.525546+00:00
Falcon3-7B-Base,belief_bank_constraints,attn,12,25610,belief_bank_facts,123,16830,27416,8415,8415,7533,19883,93.3106,3073,0.3030119819720787,0.7318465418823842,0.463780274292384,0.4285769813814281,0.5485008446364639,43393.046,10,2026-09-24T14:37:13.525546+00:00
Falcon3-7B-Base,belief_bank_constraints,attn,12,25610,belief_bank_facts,420,16830,27416,8415,8415,7533,19883,93.6574,3073,0.30192962542565266,0.7062259392008496,0.47063758389261745,0.4230111716296267,0.5538091416360112,43488.78,10,2026-09-24T14:37:13.525546+00:00
Falcon3-7B-Base,belief_bank_constraints,attn,12,25610,belief_bank_facts,511,16830,27416,8415,8415,7533,19883,95.2741,3073,0.29820306471171865,0.7181733705031196,0.458163116428363,0.4214216163583252,0.5473132687498916,43586.142,10,2026-09-24T14:37:13.525546+00:00
Falcon3-7B-Base,belief_bank_constraints,attn,12,25610,belief_bank_facts,mean,0,0,0,0,0,0,91.66636,3073.0,0.2999292215165569,0.7282888623390416,0.4578603735045229,0.4245561405017191,0.5475041274076473,93059.129,10,2026-09-24T14:37:13.525546+00:00
Falcon3-7B-Base,belief_bank_constraints,attn,12,25610,belief_bank_facts,std,0,0,0,0,0,0,2.8254826979473817,0.0,0.003959923819651393,0.03814718800574205,0.0208630854656524,0.004992915104904209,0.009018545929508796,93059.129,10,2026-09-24T14:37:13.525546+00:00
Falcon3-7B-Base,belief_bank_constraints,attn,12,25610,halu_eval,2,16830,10000,8415,8415,3259,6741,91.747,3073,0.3250074783128926,0.6667689475299171,0.4401,0.43700351935646053,0.4963552599014999,43679.227,10,2026-09-24T14:37:13.525546+00:00
Falcon3-7B-Base,belief_bank_constraints,attn,12,25610,halu_eval,4,16830,10000,8415,8415,3259,6741,85.8549,3073,0.32670115399920413,0.7557532985578398,0.4128,0.45619559177625485,0.49682974842776745,43766.398,10,2026-09-24T14:37:13.525546+00:00
Falcon3-7B-Base,belief_bank_constraints,attn,12,25610,halu_eval,24,16830,10000,8415,8415,3259,6741,93.2155,3073,0.32456257513022574,0.7456274930960417,0.4114,0.45226130653266333,0.4978819849988978,43860.993,10,2026-09-24T14:37:13.525546+00:00
Falcon3-7B-Base,belief_bank_constraints,attn,12,25610,halu_eval,42,16830,10000,8415,8415,3259,6741,98.3349,3073,0.32341790609507143,0.6805768640687327,0.4319,0.4384699021449046,0.4972986608945119,43960.736,10,2026-09-24T14:37:13.525546+00:00
Falcon3-7B-Base,belief_bank_constraints,attn,12,25610,halu_eval,64,16830,10000,8415,8415,3259,6741,91.4304,3073,0.32375507747856175,0.6603252531451366,0.4398,0.4344841510195841,0.4962697754950983,44053.545,10,2026-09-24T14:37:13.525546+00:00
Falcon3-7B-Base,belief_bank_constraints,attn,12,25610,halu_eval,67,16830,10000,8415,8415,3259,6741,94.035,3073,0.3238537434706907,0.6848726603252532,0.4313,0.4397596295931435,0.49566612722273684,44148.914,10,2026-09-24T14:37:13.525546+00:00
Falcon3-7B-Base,belief_bank_constraints,attn,12,25610,halu_eval,104,16830,10000,8415,8415,3259,6741,97.1057,3073,0.3284475022434939,0.6738263270942006,0.4447,0.4416289592760181,0.5015665768534173,44247.388,10,2026-09-24T14:37:13.525546+00:00
Falcon3-7B-Base,belief_bank_constraints,attn,12,25610,halu_eval,123,16830,10000,8415,8415,3259,6741,95.7858,3073,0.3256186317321689,0.6864068732740104,0.4345,0.44170204363708165,0.4995861653456868,44344.542,10,2026-09-24T14:37:13.525546+00:00
Falcon3-7B-Base,belief_bank_constraints,attn,12,25610,halu_eval,420,16830,10000,8415,8415,3259,6741,93.797,3073,0.3253157753292126,0.7428659097882786,0.4141,0.45248107653490327,0.4986569434754619,44439.691,10,2026-09-24T14:37:13.525546+00:00
Falcon3-7B-Base,belief_bank_constraints,attn,12,25610,halu_eval,511,16830,10000,8415,8415,3259,6741,93.0457,3073,0.32473566164690804,0.6219699294262043,0.4553,0.42669192716556154,0.4978277720446782,44534.079,10,2026-09-24T14:37:13.525546+00:00
Falcon3-7B-Base,belief_bank_constraints,attn,12,25610,halu_eval,mean,0,0,0,0,0,0,93.43519,3073.0,0.32514155054384297,0.6918993556305615,0.43159000000000003,0.4420678107036576,0.49779390146597563,93059.129,10,2026-09-24T14:37:13.525546+00:00
Falcon3-7B-Base,belief_bank_constraints,attn,12,25610,halu_eval,std,0,0,0,0,0,0,3.286727531892475,0.0,0.0014383768215604517,0.04076099780293818,0.013961049387492328,0.00866090883402099,0.001682080969798345,93059.129,10,2026-09-24T14:37:13.525546+00:00
Falcon3-7B-Base,belief_bank_constraints,attn,13,25610,belief_bank_constraints,2,16830,7683,8415,8415,3606,4077,101.5956,3073,0.8153041563446187,0.8214087631724903,0.8288428999088897,0.8183450752866418,0.8949726908427087,44637.834,10,2026-09-24T14:37:13.525546+00:00
Falcon3-7B-Base,belief_bank_constraints,attn,13,25610,belief_bank_constraints,4,16830,7683,8415,8415,3606,4077,101.0977,3073,0.8205479452054795,0.8305601774819745,0.8352206169465053,0.8255237045203969,0.8956006470560947,44740.228,10,2026-09-24T14:37:13.525546+00:00
Falcon3-7B-Base,belief_bank_constraints,attn,13,25610,belief_bank_constraints,24,16830,7683,8415,8415,3606,4077,98.2342,3073,0.8078897595244529,0.8291735995562951,0.8272810100221267,0.8183933214725606,0.8916475565823784,44839.766,10,2026-09-24T14:37:13.525546+00:00
Falcon3-7B-Base,belief_bank_constraints,attn,13,25610,belief_bank_constraints,42,16830,7683,8415,8415,3606,4077,94.8943,3073,0.8033188248095756,0.8189129229062674,0.8209032929845113,0.8110409228234001,0.8868501398005204,44935.95,10,2026-09-24T14:37:13.525546+00:00
Falcon3-7B-Base,belief_bank_constraints,attn,13,25610,belief_bank_constraints,64,16830,7683,8415,8415,3606,4077,110.1392,3073,0.8092324805339266,0.8069883527454242,0.8201223480411297,0.8081088586503749,0.8846800450180394,45047.397,10,2026-09-24T14:37:13.525546+00:00
Falcon3-7B-Base,belief_bank_constraints,attn,13,25610,belief_bank_constraints,67,16830,7683,8415,8415,3606,4077,102.8299,3073,0.806917211328976,0.8216860787576262,0.8240270727580372,0.8142346798571036,0.8896094876892151,45151.55,10,2026-09-24T14:37:13.525546+00:00
Falcon3-7B-Base,belief_bank_constraints,attn,13,25610,belief_bank_constraints,104,16830,7683,8415,8415,3606,4077,101.5244,3073,0.8006474237928244,0.8230726566833056,0.8207731354939477,0.8117051825516204,0.8921048858285547,45254.375,10,2026-09-24T14:37:13.525546+00:00
Falcon3-7B-Base,belief_bank_constraints,attn,13,25610,belief_bank_constraints,123,16830,7683,8415,8415,3606,4077,105.603,3073,0.8071447757185066,0.8333333333333334,0.8283222699466354,0.8200300177377541,0.8902295536382212,45361.269,10,2026-09-24T14:37:13.525546+00:00
Falcon3-7B-Base,belief_bank_constraints,attn,13,25610,belief_bank_constraints,420,16830,7683,8415,8415,3606,4077,104.2095,3073,0.8015246392594609,0.8164170826400444,0.8189509306260575,0.8089023217474928,0.8866040451753006,45466.788,10,2026-09-24T14:37:13.525546+00:00
Falcon3-7B-Base,belief_bank_constraints,attn,13,25610,belief_bank_constraints,511,16830,7683,8415,8415,3606,4077,103.0141,3073,0.8026279770052012,0.8130892956184138,0.8184303006638032,0.8078247692519631,0.8883014042902089,45571.171,10,2026-09-24T14:37:13.525546+00:00
Falcon3-7B-Base,belief_bank_constraints,attn,13,25610,belief_bank_constraints,mean,0,0,0,0,0,0,102.31419000000001,3073.0,0.8075155193523023,0.8214642262895175,0.8242873877391643,0.8144108853899308,0.8900600455921241,93059.129,10,2026-09-24T14:37:13.525546+00:00
Falcon3-7B-Base,belief_bank_constraints,attn,13,25610,belief_bank_constraints,std,0,0,0,0,0,0,3.8822178878702824,0.0,0.005988757139304074,0.00772890028314776,0.005191636255415628,0.0056440438412094845,0.003406615704139846,93059.129,10,2026-09-24T14:37:13.525546+00:00
Falcon3-7B-Base,belief_bank_constraints,attn,13,25610,belief_bank_facts,2,16830,27416,8415,8415,7533,19883,112.6665,3073,0.2937482158150157,0.5463958582238152,0.5144076451707033,0.3820840102111859,0.5051380490912326,45686.023,10,2026-09-24T14:37:13.525546+00:00
Falcon3-7B-Base,belief_bank_constraints,attn,13,25610,belief_bank_facts,4,16830,27416,8415,8415,7533,19883,108.5802,3073,0.3003313721512139,0.5895393601486791,0.5098482637875693,0.39793906810035845,0.5166829730640028,45796.732,10,2026-09-24T14:37:13.525546+00:00
Falcon3-7B-Base,belief_bank_constraints,attn,13,25610,belief_bank_facts,24,16830,27416,8415,8415,7533,19883,103.1205,3073,0.2872446603233748,0.5730784547988849,0.49197548876568425,0.38267884052832196,0.4964908447325389,45901.993,10,2026-09-24T14:37:13.525546+00:00
Falcon3-7B-Base,belief_bank_constraints,attn,13,25610,belief_bank_facts,42,16830,27416,8415,8415,7533,19883,101.2658,3073,0.2929054054054054,0.575467941059339,0.5016413772979282,0.38821474947387274,0.4979484224048798,46005.35,10,2026-09-24T14:37:13.525546+00:00
Falcon3-7B-Base,belief_bank_constraints,attn,13,25610,belief_bank_facts,64,16830,27416,8415,8415,7533,19883,101.9939,3073,0.2884093466604885,0.5783884242665605,0.4920484388678144,0.3848939929328622,0.49649791182840164,46109.398,10,2026-09-24T14:37:13.525546+00:00
Falcon3-7B-Base,belief_bank_constraints,attn,13,25610,belief_bank_facts,67,16830,27416,8415,8415,7533,19883,99.1094,3073,0.28266188223780786,0.46010885437408733,0.5308214181499854,0.3501894417782268,0.5078921868157715,46210.539,10,2026-09-24T14:37:13.525546+00:00
Falcon3-7B-Base,belief_bank_constraints,attn,13,25610,belief_bank_facts,104,16830,27416,8415,8415,7533,19883,101.8917,3073,0.2860856478314407,0.5551573078454799,0.49711847096585937,0.3775901765157329,0.5099192749374628,46314.456,10,2026-09-24T14:37:13.525546+00:00
Falcon3-7B-Base,belief_bank_constraints,attn,13,25610,belief_bank_facts,123,16830,27416,8415,8415,7533,19883,104.0093,3073,0.3026967883117719,0.6243196601619541,0.5016049022468632,0.40771564802774163,0.5337581782940356,46420.478,10,2026-09-24T14:37:13.525546+00:00
Falcon3-7B-Base,belief_bank_constraints,attn,13,25610,belief_bank_facts,420,16830,27416,8415,8415,7533,19883,97.2933,3073,0.2928752657203593,0.566971989911058,0.5048876568427196,0.38623620907939954,0.5082491102085659,46519.804,10,2026-09-24T14:37:13.525546+00:00
Falcon3-7B-Base,belief_bank_constraints,attn,13,25610,belief_bank_facts,511,16830,27416,8415,8415,7533,19883,108.7301,3073,0.2925043269870856,0.5833001460241604,0.4978479719871608,0.38962536023054756,0.5110096306857215,46630.544,10,2026-09-24T14:37:13.525546+00:00
Falcon3-7B-Base,belief_bank_constraints,attn,13,25610,belief_bank_facts,mean,0,0,0,0,0,0,103.86607000000001,3073.0,0.29194629114439635,0.5652727996814019,0.5042201634082288,0.384716749687825,0.5083586582062614,93059.129,10,2026-09-24T14:37:13.525546+00:00
Falcon3-7B-Base,belief_bank_constraints,attn,13,25610,belief_bank_facts,std,0,0,0,0,0,0,4.515501562185534,0.0,0.005885462604853321,0.04032155305464284,0.011163082562843762,0.014129603988016574,0.010603726931271481,93059.129,10,2026-09-24T14:37:13.525546+00:00
Falcon3-7B-Base,belief_bank_constraints,attn,13,25610,halu_eval,2,16830,10000,8415,8415,3259,6741,105.3342,3073,0.3186215235792019,0.3234120895980362,0.5541,0.3209989340642607,0.4933377240819178,46737.209,10,2026-09-24T14:37:13.525546+00:00
Falcon3-7B-Base,belief_bank_constraints,attn,13,25610,halu_eval,4,16830,10000,8415,8415,3259,6741,100.9545,3073,0.32158590308370044,0.40319116293341517,0.5283,0.3577944179714091,0.493487048680001,46839.505,10,2026-09-24T14:37:13.525546+00:00
Falcon3-7B-Base,belief_bank_constraints,attn,13,25610,halu_eval,24,16830,10000,8415,8415,3259,6741,101.9722,3073,0.3268332875583631,0.3651426818042344,0.548,0.34492753623188405,0.49740178385654754,46942.791,10,2026-09-24T14:37:13.525546+00:00
Falcon3-7B-Base,belief_bank_constraints,attn,13,25610,halu_eval,42,16830,10000,8415,8415,3259,6741,94.1282,3073,0.3235543018335684,0.35194845044492173,0.549,0.33715461493239274,0.4950472756533902,47038.243,10,2026-09-24T14:37:13.525546+00:00
Falcon3-7B-Base,belief_bank_constraints,attn,13,25610,halu_eval,64,16830,10000,8415,8415,3259,6741,97.9356,3073,0.3265642151481888,0.3651426818042344,0.5477,0.3447776329132261,0.49469766810101123,47137.509,10,2026-09-24T14:37:13.525546+00:00
Falcon3-7B-Base,belief_bank_constraints,attn,13,25610,halu_eval,67,16830,10000,8415,8415,3259,6741,105.6688,3073,0.3218610579987253,0.30991101564897205,0.5623,0.3157730186024699,0.49233382853293783,47244.513,10,2026-09-24T14:37:13.525546+00:00
Falcon3-7B-Base,belief_bank_constraints,attn,13,25610,halu_eval,104,16830,10000,8415,8415,3259,6741,105.0277,3073,0.32122370936902483,0.41239644062595887,0.5245,0.3611446997178557,0.4914066094922558,47350.856,10,2026-09-24T14:37:13.525546+00:00
Falcon3-7B-Base,belief_bank_constraints,attn,13,25610,halu_eval,123,16830,10000,8415,8415,3259,6741,101.2652,3073,0.31878605467770255,0.3899969315741025,0.5296,0.3508142423406017,0.49231889834907216,47453.477,10,2026-09-24T14:37:13.525546+00:00
Falcon3-7B-Base,belief_bank_constraints,attn,13,25610,halu_eval,420,16830,10000,8415,8415,3259,6741,101.9506,3073,0.322973322973323,0.3826327094200675,0.5374,0.3502808988764045,0.49389817496254595,47556.847,10,2026-09-24T14:37:13.525546+00:00
Falcon3-7B-Base,belief_bank_constraints,attn,13,25610,halu_eval,511,16830,10000,8415,8415,3259,6741,106.395,3073,0.32879303821415057,0.26664621049401654,0.5836,0.2944764486614707,0.5001265651714588,47664.615,10,2026-09-24T14:37:13.525546+00:00
Falcon3-7B-Base,belief_bank_constraints,attn,13,25610,halu_eval,mean,0,0,0,0,0,0,102.0632,3073.0,0.3230796414435949,0.35704203743479596,0.54645,0.3378142444311975,0.4944055576881138,93059.129,10,2026-09-24T14:37:13.525546+00:00
Falcon3-7B-Base,belief_bank_constraints,attn,13,25610,halu_eval,std,0,0,0,0,0,0,3.648846804950845,0.0,0.003233914157685737,0.04314586529267639,0.016962856481147287,0.020035449954262135,0.002491700064753879,93059.129,10,2026-09-24T14:37:13.525546+00:00
Falcon3-7B-Base,belief_bank_constraints,attn,14,25610,belief_bank_constraints,2,16830,7683,8415,8415,3606,4077,98.9438,3073,0.8142076502732241,0.8264004437049363,0.830014317323962,0.8202587393338838,0.8902655359645734,47765.753,10,2026-09-24T14:37:13.525546+00:00
Falcon3-7B-Base,belief_bank_constraints,attn,14,25610,belief_bank_constraints,4,16830,7683,8415,8415,3606,4077,104.1065,3073,0.8104058839553255,0.8250138657792568,0.8272810100221267,0.8176446337776556,0.8872696842030513,47871.217,10,2026-09-24T14:37:13.525546+00:00
Falcon3-7B-Base,belief_bank_constraints,attn,14,25610,belief_bank_constraints,24,16830,7683,8415,8415,3606,4077,98.8907,3073,0.8035030103995622,0.8141985579589573,0.8193414030977483,0.8088154269972452,0.8845430537037241,47971.406,10,2026-09-24T14:37:13.525546+00:00
Falcon3-7B-Base,belief_bank_constraints,attn,14,25610,belief_bank_constraints,42,16830,7683,8415,8415,3606,4077,91.7682,3073,0.8039322774440196,0.8164170826400444,0.8203826630222569,0.810126582278481,0.880695597545366,48064.435,10,2026-09-24T14:37:13.525546+00:00
Falcon3-7B-Base,belief_bank_constraints,attn,14,25610,belief_bank_constraints,64,16830,7683,8415,8415,3606,4077,100.943,3073,0.8013082583810303,0.8153078202995009,0.8184303006638032,0.8082474226804124,0.8833040101180397,48166.67,10,2026-09-24T14:37:13.525546+00:00
Falcon3-7B-Base,belief_bank_constraints,attn,14,25610,belief_bank_constraints,67,16830,7683,8415,8415,3606,4077,95.0448,3073,0.8058887677208287,0.819744869661675,0.8227254978524015,0.8127577673907066,0.8820717684844067,48263.036,10,2026-09-24T14:37:13.525546+00:00
Falcon3-7B-Base,belief_bank_constraints,attn,14,25610,belief_bank_constraints,104,16830,7683,8415,8415,3606,4077,97.5171,3073,0.8048455804046858,0.8383250138657793,0.8287127424183262,0.8212442271121978,0.8898259258034907,48361.887,10,2026-09-24T14:37:13.525546+00:00
Falcon3-7B-Base,belief_bank_constraints,attn,14,25610,belief_bank_constraints,123,16830,7683,8415,8415,3606,4077,91.4134,3073,0.8007579859231185,0.8202995008319468,0.8198620330600026,0.8104109589041096,0.8808571439065869,48454.58,10,2026-09-24T14:37:13.525546+00:00
Falcon3-7B-Base,belief_bank_constraints,attn,14,25610,belief_bank_constraints,420,16830,7683,8415,8415,3606,4077,95.1966,3073,0.8041655396267243,0.8244592346089851,0.8233762853052193,0.8141859509790497,0.8853622808087956,48551.054,10,2026-09-24T14:37:13.525546+00:00
Falcon3-7B-Base,belief_bank_constraints,attn,14,25610,belief_bank_constraints,511,16830,7683,8415,8415,3606,4077,96.1789,3073,0.8025233132199671,0.8114254021075984,0.8177795132109853,0.806949806949807,0.8815742737113668,48648.522,10,2026-09-24T14:37:13.525546+00:00
Falcon3-7B-Base,belief_bank_constraints,attn,14,25610,belief_bank_constraints,mean,0,0,0,0,0,0,97.00030000000001,3073.0,0.8051538267348486,0.821159179145868,0.8227905765976832,0.8130641516403548,0.8845769274249401,93059.129,10,2026-09-24T14:37:13.525546+00:00
Falcon3-7B-Base,belief_bank_constraints,attn,14,25610,belief_bank_constraints,std,0,0,0,0,0,0,3.741673185888902,0.0,0.003954952365995459,0.007419889294249301,0.004220897247230327,0.004850931290923589,0.0033703812498954142,93059.129,10,2026-09-24T14:37:13.525546+00:00
Falcon3-7B-Base,belief_bank_constraints,attn,14,25610,belief_bank_facts,2,16830,27416,8415,8415,7533,19883,99.2005,3073,0.29843178870416226,0.6719766361343422,0.4758170411438576,0.4133088385384772,0.5417282634007644,48749.75,10,2026-09-24T14:37:13.525546+00:00
Falcon3-7B-Base,belief_bank_constraints,attn,14,25610,belief_bank_facts,4,16830,27416,8415,8415,7533,19883,95.2447,3073,0.2916693721186936,0.5963095712199655,0.4911730376422527,0.3917327984651609,0.5340722350935503,48846.999,10,2026-09-24T14:37:13.525546+00:00
Falcon3-7B-Base,belief_bank_constraints,attn,14,25610,belief_bank_facts,24,16830,27416,8415,8415,7533,19883,93.8602,3073,0.28972404021321096,0.5700252223549714,0.4978844470382259,0.3841818019146461,0.5388245148896031,48942.88,10,2026-09-24T14:37:13.525546+00:00
Falcon3-7B-Base,belief_bank_constraints,attn,14,25610,belief_bank_facts,42,16830,27416,8415,8415,7533,19883,93.7749,3073,0.28315545936263903,0.503650604009027,0.513276918587686,0.3625071660615326,0.5325972584114615,49038.653,10,2026-09-24T14:37:13.525546+00:00
Falcon3-7B-Base,belief_bank_constraints,attn,14,25610,belief_bank_facts,64,16830,27416,8415,8415,7533,19883,97.6214,3073,0.29698778456413105,0.5680339838045931,0.5118543915961482,0.3900460325418167,0.5372614615626197,49138.467,10,2026-09-24T14:37:13.525546+00:00
Falcon3-7B-Base,belief_bank_constraints,attn,14,25610,belief_bank_facts,67,16830,27416,8415,8415,7533,19883,93.4642,3073,0.2881322444678609,0.5807779105270144,0.4905529617741465,0.38517409869260905,0.5345372813809585,49233.951,10,2026-09-24T14:37:13.525546+00:00
Falcon3-7B-Base,belief_bank_constraints,attn,14,25610,belief_bank_facts,104,16830,27416,8415,8415,7533,19883,97.2068,3073,0.2927216193920934,0.612372228859684,0.4869419317187044,0.39610166580800277,0.5383469601429614,49333.296,10,2026-09-24T14:37:13.525546+00:00
Falcon3-7B-Base,belief_bank_constraints,attn,14,25610,belief_bank_facts,123,16830,27416,8415,8415,7533,19883,95.3234,3073,0.29060614012070324,0.5880791185450683,0.49237671432740004,0.38898889230363964,0.5391445404975271,49430.779,10,2026-09-24T14:37:13.525546+00:00
Falcon3-7B-Base,belief_bank_constraints,attn,14,25610,belief_bank_facts,420,16830,27416,8415,8415,7533,19883,95.8486,3073,0.28633451957295375,0.5340501792114696,0.5062372337321273,0.372793402214706,0.5306434851501087,49528.688,10,2026-09-24T14:37:13.525546+00:00
Falcon3-7B-Base,belief_bank_constraints,attn,14,25610,belief_bank_facts,511,16830,27416,8415,8415,7533,19883,94.3591,3073,0.29257950530035337,0.6045400238948626,0.4897140355996498,0.39431985453286,0.5375852260214489,49625.089,10,2026-09-24T14:37:13.525546+00:00
Falcon3-7B-Base,belief_bank_constraints,attn,14,25610,belief_bank_facts,mean,0,0,0,0,0,0,95.59038000000001,3073.0,0.29103424738168016,0.5829815478560999,0.4955828713160198,0.3879154551073451,0.5364741226551003,93059.129,10,2026-09-24T14:37:13.525546+00:00
Falcon3-7B-Base,belief_bank_constraints,attn,14,25610,belief_bank_facts,std,0,0,0,0,0,0,1.7987344194182746,0.0,0.004362234909505647,0.04305363717328032,0.011186945732539082,0.012918323709858863,0.003227541969426894,93059.129,10,2026-09-24T14:37:13.525546+00:00
Falcon3-7B-Base,belief_bank_constraints,attn,14,25610,halu_eval,2,16830,10000,8415,8415,3259,6741,97.5305,3073,0.3294456641053787,0.7367290579932495,0.4255,0.45529534464776716,0.5011955071617316,49723.962,10,2026-09-24T14:37:13.525546+00:00
Falcon3-7B-Base,belief_bank_constraints,attn,14,25610,halu_eval,4,16830,10000,8415,8415,3259,6741,95.5376,3073,0.3259498538686356,0.6501994476833385,0.4478,0.4342213114754098,0.5022385944433588,49820.83,10,2026-09-24T14:37:13.525546+00:00
Falcon3-7B-Base,belief_bank_constraints,attn,14,25610,halu_eval,24,16830,10000,8415,8415,3259,6741,94.9997,3073,0.32968560013896125,0.5823872353482663,0.478,0.4210292812777285,0.5042054640922478,49917.176,10,2026-09-24T14:37:13.525546+00:00
Falcon3-7B-Base,belief_bank_constraints,attn,14,25610,halu_eval,42,16830,10000,8415,8415,3259,6741,91.4056,3073,0.3314179482846037,0.6017183185026082,0.4746,0.4274193548387097,0.5065047124075609,50009.927,10,2026-09-24T14:37:13.525546+00:00
Falcon3-7B-Base,belief_bank_constraints,attn,14,25610,halu_eval,64,16830,10000,8415,8415,3259,6741,95.4785,3073,0.3299948195475738,0.5863761890150353,0.4772,0.4223204419889503,0.5035490367095441,50106.717,10,2026-09-24T14:37:13.525546+00:00
Falcon3-7B-Base,belief_bank_constraints,attn,14,25610,halu_eval,67,16830,10000,8415,8415,3259,6741,90.6576,3073,0.328023598820059,0.6824179196072415,0.4409,0.4430720191254109,0.5019541698888325,50198.715,10,2026-09-24T14:37:13.525546+00:00
Falcon3-7B-Base,belief_bank_constraints,attn,14,25610,halu_eval,104,16830,10000,8415,8415,3259,6741,92.998,3073,0.32801950487621906,0.5366676894752992,0.4907,0.40717029449423814,0.5036423048398513,50293.053,10,2026-09-24T14:37:13.525546+00:00
Falcon3-7B-Base,belief_bank_constraints,attn,14,25610,halu_eval,123,16830,10000,8415,8415,3259,6741,92.1423,3073,0.3245546088303641,0.5142681804234428,0.4929,0.39795797221892437,0.49605699761558586,50386.54,10,2026-09-24T14:37:13.525546+00:00
Falcon3-7B-Base,belief_bank_constraints,attn,14,25610,halu_eval,420,16830,10000,8415,8415,3259,6741,97.2938,3073,0.3274436699627168,0.6198220312979441,0.4612,0.4285108188375053,0.501926380628924,50485.163,10,2026-09-24T14:37:13.525546+00:00
Falcon3-7B-Base,belief_bank_constraints,attn,14,25610,halu_eval,511,16830,10000,8415,8415,3259,6741,97.9783,3073,0.3289029954374132,0.5087450138079166,0.5016,0.39951807228915664,0.5019802521917442,50584.523,10,2026-09-24T14:37:13.525546+00:00
Falcon3-7B-Base,belief_bank_constraints,attn,14,25610,halu_eval,mean,0,0,0,0,0,0,94.60219000000001,3073.0,0.3283438263871925,0.6019331083154341,0.46903999999999996,0.4236514911193801,0.5023253419979381,93059.129,10,2026-09-24T14:37:13.525546+00:00
Falcon3-7B-Base,belief_bank_constraints,attn,14,25610,halu_eval,std,0,0,0,0,0,0,2.5183579993519576,0.0,0.0019133834659833995,0.06967800688820946,0.023402102469650042,0.017466761794214417,0.002553938821869372,93059.129,10,2026-09-24T14:37:13.525546+00:00
Falcon3-7B-Base,belief_bank_constraints,attn,15,25610,belief_bank_constraints,2,16830,7683,8415,8415,3606,4077,94.4346,3073,0.7854652721909359,0.812257348863006,0.8077573864375894,0.7986366734832993,0.8683763781265001,50681.051,10,2026-09-24T14:37:13.525546+00:00
Falcon3-7B-Base,belief_bank_constraints,attn,15,25610,belief_bank_constraints,4,16830,7683,8415,8415,3606,4077,87.0728,3073,0.776448697501329,0.810038824181919,0.801379669399974,0.7928881650380022,0.8647895387609917,50769.404,10,2026-09-24T14:37:13.525546+00:00
Falcon3-7B-Base,belief_bank_constraints,attn,15,25610,belief_bank_constraints,24,16830,7683,8415,8415,3606,4077,92.9979,3073,0.774613506916192,0.7920133111480865,0.7942210074189769,0.7832167832167832,0.8591105549835115,50863.76,10,2026-09-24T14:37:13.525546+00:00
Falcon3-7B-Base,belief_bank_constraints,attn,15,25610,belief_bank_constraints,42,16830,7683,8415,8415,3606,4077,102.1959,3073,0.7874291880226598,0.8094841930116472,0.8080177014187166,0.7983043894434568,0.8660156246280182,50967.243,10,2026-09-24T14:37:13.525546+00:00
Falcon3-7B-Base,belief_bank_constraints,attn,15,25610,belief_bank_constraints,64,16830,7683,8415,8415,3606,4077,94.2145,3073,0.7807486631016043,0.8097615085967831,0.8039828192112456,0.7949904710046284,0.8671363482577683,51062.793,10,2026-09-24T14:37:13.525546+00:00
Falcon3-7B-Base,belief_bank_constraints,attn,15,25610,belief_bank_constraints,67,16830,7683,8415,8415,3606,4077,98.5462,3073,0.7788513150831992,0.8047698280643372,0.8011193544188469,0.7915984724495363,0.8622217678518252,51162.706,10,2026-09-24T14:37:13.525546+00:00
Falcon3-7B-Base,belief_bank_constraints,attn,15,25610,belief_bank_constraints,104,16830,7683,8415,8415,3606,4077,112.0574,3073,0.7795129698253044,0.8166943982251803,0.8055447090980086,0.797670639219935,0.8685583303438754,51276.098,10,2026-09-24T14:37:13.525546+00:00
Falcon3-7B-Base,belief_bank_constraints,attn,15,25610,belief_bank_constraints,123,16830,7683,8415,8415,3606,4077,99.7956,3073,0.7732943987257764,0.8078202995008319,0.7986463620981388,0.7901803879018039,0.864296567286066,51377.217,10,2026-09-24T14:37:13.525546+00:00
Falcon3-7B-Base,belief_bank_constraints,attn,15,25610,belief_bank_constraints,420,16830,7683,8415,8415,3606,4077,101.1214,3073,0.7796745798879702,0.8105934553521907,0.8035923467395548,0.7948334466349423,0.8666657211953315,51479.66,10,2026-09-24T14:37:13.525546+00:00
Falcon3-7B-Base,belief_bank_constraints,attn,15,25610,belief_bank_constraints,511,16830,7683,8415,8415,3606,4077,94.4411,3073,0.7938643702906351,0.8180809761508597,0.8149160484185864,0.8057907675498498,0.8700717646753137,51575.38,10,2026-09-24T14:37:13.525546+00:00
Falcon3-7B-Base,belief_bank_constraints,attn,15,25610,belief_bank_constraints,mean,0,0,0,0,0,0,97.68774,3073.0,0.7809902961545606,0.8091514143094841,0.8039177404659638,0.7948110195942236,0.8657242596109201,93059.129,10,2026-09-24T14:37:13.525546+00:00
Falcon3-7B-Base,belief_bank_constraints,attn,15,25610,belief_bank_constraints,std,0,0,0,0,0,0,6.415911635332892,0.0,0.005969004518020831,0.006814067731281364,0.005397770956220607,0.005705183185352051,0.0030960018333738726,93059.129,10,2026-09-24T14:37:13.525546+00:00
Falcon3-7B-Base,belief_bank_constraints,attn,15,25610,belief_bank_facts,2,16830,27416,8415,8415,7533,19883,97.6098,3073,0.2907892531977881,0.6910925262179742,0.4519988327983659,0.40934109136656704,0.5178619295639346,51675.022,10,2026-09-24T14:37:13.525546+00:00
Falcon3-7B-Base,belief_bank_constraints,attn,15,25610,belief_bank_facts,4,16830,27416,8415,8415,7533,19883,88.8475,3073,0.2734863009462552,0.5870171246515332,0.45805369127516776,0.37313306893933,0.5028285341810323,51765.886,10,2026-09-24T14:37:13.525546+00:00
Falcon3-7B-Base,belief_bank_constraints,attn,15,25610,belief_bank_facts,24,16830,27416,8415,8415,7533,19883,94.717,3073,0.2660675550046483,0.5698924731182796,0.44988327983659177,0.3627682947439581,0.49704572358946325,51862.608,10,2026-09-24T14:37:13.525546+00:00
Falcon3-7B-Base,belief_bank_constraints,attn,15,25610,belief_bank_facts,42,16830,27416,8415,8415,7533,19883,102.4712,3073,0.26115541486576976,0.5694942254082039,0.43901371461920047,0.3580968280467446,0.48904549733557134,51967.094,10,2026-09-24T14:37:13.525546+00:00
Falcon3-7B-Base,belief_bank_constraints,attn,15,25610,belief_bank_facts,64,16830,27416,8415,8415,7533,19883,92.8411,3073,0.27406976744186046,0.6257799017655649,0.44174934344908084,0.38119112117413984,0.49755609342931734,52061.978,10,2026-09-24T14:37:13.525546+00:00
Falcon3-7B-Base,belief_bank_constraints,attn,15,25610,belief_bank_facts,67,16830,27416,8415,8415,7533,19883,97.0405,3073,0.2650495300990602,0.5540953139519448,0.45531806244528744,0.35857566255745027,0.5024235031271715,52161.04,10,2026-09-24T14:37:13.525546+00:00
Falcon3-7B-Base,belief_bank_constraints,attn,15,25610,belief_bank_facts,104,16830,27416,8415,8415,7533,19883,103.6646,3073,0.2694856206025002,0.5236957387495021,0.479063320688649,0.355854230561068,0.5107875529567337,52266.731,10,2026-09-24T14:37:13.525546+00:00
Falcon3-7B-Base,belief_bank_constraints,attn,15,25610,belief_bank_facts,123,16830,27416,8415,8415,7533,19883,91.8641,3073,0.27074861103155967,0.6275056418425594,0.43325065655091916,0.3782810499359795,0.5019711722711007,52360.664,10,2026-09-24T14:37:13.525546+00:00
Falcon3-7B-Base,belief_bank_constraints,attn,15,25610,belief_bank_facts,420,16830,27416,8415,8415,7533,19883,104.574,3073,0.28963278101209133,0.6868445506438338,0.45108695652173914,0.4074496987833209,0.5178416596508131,52467.305,10,2026-09-24T14:37:13.525546+00:00
Falcon3-7B-Base,belief_bank_constraints,attn,15,25610,belief_bank_facts,511,16830,27416,8415,8415,7533,19883,92.1833,3073,0.2759708737864078,0.6037435284747112,0.45590166326232856,0.3787948194727856,0.5130873468545805,52561.54,10,2026-09-24T14:37:13.525546+00:00
Falcon3-7B-Base,belief_bank_constraints,attn,15,25610,belief_bank_facts,mean,0,0,0,0,0,0,96.58131,3073.0,0.27364557079879404,0.6039161024824107,0.45153195214473296,0.3763485865581344,0.5050449012959718,93059.129,10,2026-09-24T14:37:13.525546+00:00
Falcon3-7B-Base,belief_bank_constraints,attn,15,25610,belief_bank_facts,std,0,0,0,0,0,0,5.185429045787821,0.0,0.00931734337733424,0.05201619401040041,0.011931822714492212,0.01831048658612447,0.009071791734117086,93059.129,10,2026-09-24T14:37:13.525546+00:00
Falcon3-7B-Base,belief_bank_constraints,attn,15,25610,halu_eval,2,16830,10000,8415,8415,3259,6741,95.6281,3073,0.31607929515418504,0.35225529303467323,0.5405,0.33318821651429403,0.4898054155509426,52658.555,10,2026-09-24T14:37:13.525546+00:00
Falcon3-7B-Base,belief_bank_constraints,attn,15,25610,halu_eval,4,16830,10000,8415,8415,3259,6741,94.4933,3073,0.31901840490797545,0.3510279226756674,0.5443,0.33425858290723154,0.48922969309504943,52754.462,10,2026-09-24T14:37:13.525546+00:00
Falcon3-7B-Base,belief_bank_constraints,attn,15,25610,halu_eval,24,16830,10000,8415,8415,3259,6741,102.5688,3073,0.3269702754295064,0.36790426511199753,0.5472,0.34623159110597745,0.4967490662603836,52858.415,10,2026-09-24T14:37:13.525546+00:00
Falcon3-7B-Base,belief_bank_constraints,attn,15,25610,halu_eval,42,16830,10000,8415,8415,3259,6741,107.5406,3073,0.3238149628783552,0.3479594967781528,0.5507,0.3354533353054282,0.4944291751451221,52967.341,10,2026-09-24T14:37:13.525546+00:00
Falcon3-7B-Base,belief_bank_constraints,attn,15,25610,halu_eval,64,16830,10000,8415,8415,3259,6741,94.5594,3073,0.3189907038512616,0.3685179502915005,0.5378,0.34197038724373574,0.4927313674377879,53063.29,10,2026-09-24T14:37:13.525546+00:00
Falcon3-7B-Base,belief_bank_constraints,attn,15,25610,halu_eval,67,16830,10000,8415,8415,3259,6741,100.282,3073,0.3211548288196219,0.3857011353175821,0.5341,0.3504809703053116,0.49244150338029835,53164.916,10,2026-09-24T14:37:13.525546+00:00
Falcon3-7B-Base,belief_bank_constraints,attn,15,25610,halu_eval,104,16830,10000,8415,8415,3259,6741,99.5658,3073,0.3203955500618047,0.3976679963178889,0.5288,0.3548740416210296,0.4910908679666942,53265.802,10,2026-09-24T14:37:13.525546+00:00
Falcon3-7B-Base,belief_bank_constraints,attn,15,25610,halu_eval,123,16830,10000,8415,8415,3259,6741,99.2522,3073,0.3252302968270215,0.3899969315741025,0.5375,0.35468117761964557,0.49399674603925664,53366.379,10,2026-09-24T14:37:13.525546+00:00
Falcon3-7B-Base,belief_bank_constraints,attn,15,25610,halu_eval,420,16830,10000,8415,8415,3259,6741,96.7193,3073,0.3223813535523729,0.35225529303467323,0.5476,0.3366568914956012,0.49181425358252717,53464.41,10,2026-09-24T14:37:13.525546+00:00
Falcon3-7B-Base,belief_bank_constraints,attn,15,25610,halu_eval,511,16830,10000,8415,8415,3259,6741,98.4751,3073,0.3240977881257276,0.42712488493402884,0.523,0.36854646544876885,0.49381951838413163,53564.193,10,2026-09-24T14:37:13.525546+00:00
Falcon3-7B-Base,belief_bank_constraints,attn,15,25610,halu_eval,mean,0,0,0,0,0,0,98.90846,3073.0,0.3218133459607832,0.3740411169070267,0.53915,0.34563416595670243,0.49261076068421933,93059.129,10,2026-09-24T14:37:13.525546+00:00
Falcon3-7B-Base,belief_bank_constraints,attn,15,25610,halu_eval,std,0,0,0,0,0,0,3.8012858340829867,0.0,0.0031451452484359036,0.024482500872976883,0.008342331808313534,0.010945388118903474,0.0021471731554281166,93059.129,10,2026-09-24T14:37:13.525546+00:00
Falcon3-7B-Base,belief_bank_constraints,attn,16,25610,belief_bank_constraints,2,16830,7683,8415,8415,3606,4077,93.7416,3073,0.7926267281105991,0.8108707709373266,0.8116621111544969,0.8016449623029472,0.8777500462192643,53660.341,10,2026-09-24T14:37:13.525546+00:00
Falcon3-7B-Base,belief_bank_constraints,attn,16,25610,belief_bank_constraints,4,16830,7683,8415,8415,3606,4077,93.5458,3073,0.7919786096256685,0.8214087631724903,0.8149160484185864,0.8064252654505853,0.8820582666095846,53755.167,10,2026-09-24T14:37:13.525546+00:00
Falcon3-7B-Base,belief_bank_constraints,attn,16,25610,belief_bank_constraints,24,16830,7683,8415,8415,3606,4077,94.8245,3073,0.7879434515870899,0.8191902384914033,0.8116621111544969,0.803263086335826,0.8743930788233331,53851.256,10,2026-09-24T14:37:13.525546+00:00
Falcon3-7B-Base,belief_bank_constraints,attn,16,25610,belief_bank_constraints,42,16830,7683,8415,8415,3606,4077,92.4613,3073,0.7884667205604958,0.8114254021075984,0.8093192763243525,0.7997813311466448,0.8759305240455126,53945.0,10,2026-09-24T14:37:13.525546+00:00
Falcon3-7B-Base,belief_bank_constraints,attn,16,25610,belief_bank_constraints,64,16830,7683,8415,8415,3606,4077,91.4929,3073,0.7903743315508022,0.819744869661675,0.8133541585318235,0.8047917233868772,0.8822431776761023,54037.744,10,2026-09-24T14:37:13.525546+00:00
Falcon3-7B-Base,belief_bank_constraints,attn,16,25610,belief_bank_constraints,67,16830,7683,8415,8415,3606,4077,86.6937,3073,0.7836756468391571,0.8147531891292291,0.8074970714564623,0.7989123045547247,0.8730644195193714,54125.706,10,2026-09-24T14:37:13.525546+00:00
Falcon3-7B-Base,belief_bank_constraints,attn,16,25610,belief_bank_constraints,104,16830,7683,8415,8415,3606,4077,91.9758,3073,0.7895015906680806,0.8258458125346645,0.8149160484185864,0.8072648414204392,0.8758751221460539,54218.939,10,2026-09-24T14:37:13.525546+00:00
Falcon3-7B-Base,belief_bank_constraints,attn,16,25610,belief_bank_constraints,123,16830,7683,8415,8415,3606,4077,94.3933,3073,0.7860169491525424,0.8230726566833056,0.8117922686450605,0.8041181251693308,0.8750739202139186,54314.616,10,2026-09-24T14:37:13.525546+00:00
Falcon3-7B-Base,belief_bank_constraints,attn,16,25610,belief_bank_constraints,420,16830,7683,8415,8415,3606,4077,92.0371,3073,0.7843293492695883,0.8189129229062674,0.8093192763243525,0.8012481345814679,0.8714214080013539,54407.949,10,2026-09-24T14:37:13.525546+00:00
Falcon3-7B-Base,belief_bank_constraints,attn,16,25610,belief_bank_constraints,511,16830,7683,8415,8415,3606,4077,89.2391,3073,0.784656796769852,0.8083749306711037,0.8059351815696993,0.7963392979101216,0.8726569485817319,54498.469,10,2026-09-24T14:37:13.525546+00:00
Falcon3-7B-Base,belief_bank_constraints,attn,16,25610,belief_bank_constraints,mean,0,0,0,0,0,0,92.04051,3073.0,0.7879570174133875,0.8173599556295065,0.8110373551997917,0.8023789072258966,0.8760466911836227,93059.129,10,2026-09-24T14:37:13.525546+00:00
Falcon3-7B-Base,belief_bank_constraints,attn,16,25610,belief_bank_constraints,std,0,0,0,0,0,0,2.3529394677509226,0.0,0.00304325366562799,0.005452901699891532,0.002850894753326434,0.0032700556508044256,0.0035062528997468994,93059.129,10,2026-09-24T14:37:13.525546+00:00
Falcon3-7B-Base,belief_bank_constraints,attn,16,25610,belief_bank_facts,2,16830,27416,8415,8415,7533,19883,94.4976,3073,0.28019268914706713,0.6563122262046993,0.4422964692150569,0.39272380649773614,0.5114537427463204,54594.989,10,2026-09-24T14:37:13.525546+00:00
Falcon3-7B-Base,belief_bank_constraints,attn,16,25610,belief_bank_facts,4,16830,27416,8415,8415,7533,19883,89.2878,3073,0.27982226273214084,0.6520642506305588,0.44328129559381385,0.39159724159923465,0.5169248366584502,54686.315,10,2026-09-24T14:37:13.525546+00:00
Falcon3-7B-Base,belief_bank_constraints,attn,16,25610,belief_bank_facts,24,16830,27416,8415,8415,7533,19883,94.2209,3073,0.2650063051702396,0.5579450418160096,0.45334840968777357,0.35933826358312315,0.5017976361769452,54782.61,10,2026-09-24T14:37:13.525546+00:00
Falcon3-7B-Base,belief_bank_constraints,attn,16,25610,belief_bank_facts,42,16830,27416,8415,8415,7533,19883,93.0405,3073,0.27134087237479804,0.557414044869242,0.4670995039393055,0.36500347705146036,0.5151566305793445,54877.729,10,2026-09-24T14:37:13.525546+00:00
Falcon3-7B-Base,belief_bank_constraints,attn,16,25610,belief_bank_facts,64,16830,27416,8415,8415,7533,19883,91.5842,3073,0.2833631691401513,0.6514005044470994,0.4515611321855851,0.39492957746478874,0.5246689449488187,54971.371,10,2026-09-24T14:37:13.525546+00:00
Falcon3-7B-Base,belief_bank_constraints,attn,16,25610,belief_bank_facts,67,16830,27416,8415,8415,7533,19883,89.0492,3073,0.2766173311052757,0.6152927120669056,0.4521812080536913,0.38165424677837706,0.513789783468389,55062.475,10,2026-09-24T14:37:13.525546+00:00
Falcon3-7B-Base,belief_bank_constraints,attn,16,25610,belief_bank_facts,104,16830,27416,8415,8415,7533,19883,90.3001,3073,0.2873667498298934,0.6727731315544936,0.45167055733878025,0.40271762882911516,0.5313797316585311,55154.804,10,2026-09-24T14:37:13.525546+00:00
Falcon3-7B-Base,belief_bank_constraints,attn,16,25610,belief_bank_facts,123,16830,27416,8415,8415,7533,19883,92.5776,3073,0.288985945461672,0.6851188105668392,0.45032098044937263,0.4065059861373661,0.5263673279872706,55249.421,10,2026-09-24T14:37:13.525546+00:00
Falcon3-7B-Base,belief_bank_constraints,attn,16,25610,belief_bank_facts,420,16830,27416,8415,8415,7533,19883,91.2368,3073,0.26912764232711855,0.572945705562193,0.45513568718996206,0.366228256257955,0.4978375821668402,55342.747,10,2026-09-24T14:37:13.525546+00:00
Falcon3-7B-Base,belief_bank_constraints,attn,16,25610,belief_bank_facts,511,16830,27416,8415,8415,7533,19883,89.6566,3073,0.28112521604386437,0.6261781494756405,0.45732419025386634,0.388038828562027,0.5230289480731628,55434.458,10,2026-09-24T14:37:13.525546+00:00
Falcon3-7B-Base,belief_bank_constraints,attn,16,25610,belief_bank_facts,mean,0,0,0,0,0,0,91.54513,3073.0,0.2782948183332221,0.6247444577193682,0.4524219433907207,0.3848737312761183,0.5162405164464073,93059.129,10,2026-09-24T14:37:13.525546+00:00
Falcon3-7B-Base,belief_bank_constraints,attn,16,25610,belief_bank_facts,std,0,0,0,0,0,0,1.8899046097885475,0.0,0.0074028879316085944,0.04491692783760508,0.00662977977247037,0.015521701640123366,0.010132603505918217,93059.129,10,2026-09-24T14:37:13.525546+00:00
Falcon3-7B-Base,belief_bank_constraints,attn,16,25610,halu_eval,2,16830,10000,8415,8415,3259,6741,90.0045,3073,0.32622650160476846,0.43663700521632404,0.5225,0.3734418055373311,0.5019258571621117,55525.792,10,2026-09-24T14:37:13.525546+00:00
Falcon3-7B-Base,belief_bank_constraints,attn,16,25610,halu_eval,4,16830,10000,8415,8415,3259,6741,89.0999,3073,0.3162066940692895,0.33046946916231973,0.5489,0.3231807951987997,0.49505808638103677,55616.201,10,2026-09-24T14:37:13.525546+00:00
Falcon3-7B-Base,belief_bank_constraints,attn,16,25610,halu_eval,24,16830,10000,8415,8415,3259,6741,91.74,3073,0.32175689479060265,0.2899662473151273,0.5694,0.30503550677856683,0.4987850107690779,55709.261,10,2026-09-24T14:37:13.525546+00:00
Falcon3-7B-Base,belief_bank_constraints,attn,16,25610,halu_eval,42,16830,10000,8415,8415,3259,6741,93.619,3073,0.32153846153846155,0.25652040503221846,0.5813,0.28537293053422086,0.5025850384354369,55804.188,10,2026-09-24T14:37:13.525546+00:00
Falcon3-7B-Base,belief_bank_constraints,attn,16,25610,halu_eval,64,16830,10000,8415,8415,3259,6741,92.3042,3073,0.3228867165037378,0.34458422829088675,0.5509,0.3333828113403592,0.49560975212298786,55897.806,10,2026-09-24T14:37:13.525546+00:00
Falcon3-7B-Base,belief_bank_constraints,attn,16,25610,halu_eval,67,16830,10000,8415,8415,3259,6741,90.9438,3073,0.32142857142857145,0.31205891377723227,0.5611,0.3166744511910322,0.497797661323254,55990.058,10,2026-09-24T14:37:13.525546+00:00
Falcon3-7B-Base,belief_bank_constraints,attn,16,25610,halu_eval,104,16830,10000,8415,8415,3259,6741,89.3781,3073,0.3241872949597375,0.3335378950598343,0.5562,0.32879612825166366,0.4970002620520382,56080.745,10,2026-09-24T14:37:13.525546+00:00
Falcon3-7B-Base,belief_bank_constraints,attn,16,25610,halu_eval,123,16830,10000,8415,8415,3259,6741,90.0724,3073,0.3221674876847291,0.3010125805461798,0.5658,0.3112309644670051,0.5006131161938373,56172.137,10,2026-09-24T14:37:13.525546+00:00
Falcon3-7B-Base,belief_bank_constraints,attn,16,25610,halu_eval,420,16830,10000,8415,8415,3259,6741,92.5947,3073,0.3235742604452577,0.3255599877262964,0.5584,0.3245640868767207,0.49673349881257245,56266.094,10,2026-09-24T14:37:13.525546+00:00
Falcon3-7B-Base,belief_bank_constraints,attn,16,25610,halu_eval,511,16830,10000,8415,8415,3259,6741,95.4209,3073,0.32052896725440805,0.3123657563669837,0.5601,0.3163947163947164,0.5001038512636875,56362.881,10,2026-09-24T14:37:13.525546+00:00
Falcon3-7B-Base,belief_bank_constraints,attn,16,25610,halu_eval,mean,0,0,0,0,0,0,91.51774999999999,3073.0,0.32205018502795635,0.32427124884934033,0.5574600000000001,0.32180741965704157,0.49862121345160404,93059.129,10,2026-09-24T14:37:13.525546+00:00
Falcon3-7B-Base,belief_bank_constraints,attn,16,25610,halu_eval,std,0,0,0,0,0,0,1.913374845266865,0.0,0.002494794247422089,0.04445614395248472,0.01463442516807546,0.021528358287909753,0.0024790978499131824,93059.129,10,2026-09-24T14:37:13.525546+00:00
Falcon3-7B-Base,belief_bank_constraints,attn,17,25610,belief_bank_constraints,2,16830,7683,8415,8415,3606,4077,106.5345,3073,0.8049692759818328,0.8355518580144204,0.827801639984381,0.8199755068716832,0.887616311679591,56471.609,10,2026-09-24T14:37:13.525546+00:00
Falcon3-7B-Base,belief_bank_constraints,attn,17,25610,belief_bank_constraints,4,16830,7683,8415,8415,3606,4077,111.9285,3073,0.8027867095391211,0.8308374930671104,0.8248080177014188,0.8165712728263832,0.8869091807443268,56584.893,10,2026-09-24T14:37:13.525546+00:00
Falcon3-7B-Base,belief_bank_constraints,attn,17,25610,belief_bank_constraints,24,16830,7683,8415,8415,3606,4077,104.5547,3073,0.8102798708288482,0.8349972268441487,0.8307952622673435,0.8224528817263043,0.8837417497423081,56690.727,10,2026-09-24T14:37:13.525546+00:00
Falcon3-7B-Base,belief_bank_constraints,attn,17,25610,belief_bank_constraints,42,16830,7683,8415,8415,3606,4077,99.5359,3073,0.800978792822186,0.8169717138103162,0.818820773135494,0.8088962108731467,0.8779759390468914,56791.554,10,2026-09-24T14:37:13.525546+00:00
Falcon3-7B-Base,belief_bank_constraints,attn,17,25610,belief_bank_constraints,64,16830,7683,8415,8415,3606,4077,106.4559,3073,0.8047787130057019,0.8219633943427621,0.822855655342965,0.8132802853615037,0.8850202106401304,56899.296,10,2026-09-24T14:37:13.525546+00:00
Falcon3-7B-Base,belief_bank_constraints,attn,17,25610,belief_bank_constraints,67,16830,7683,8415,8415,3606,4077,101.9053,3073,0.8024489795918367,0.8178036605657238,0.8199921905505662,0.8100535640708694,0.8826333036360107,57002.479,10,2026-09-24T14:37:13.525546+00:00
Falcon3-7B-Base,belief_bank_constraints,attn,17,25610,belief_bank_constraints,104,16830,7683,8415,8415,3606,4077,100.3525,3073,0.8013422818791947,0.8277870216306157,0.822855655342965,0.8143500204610558,0.8863960074718082,57104.094,10,2026-09-24T14:37:13.525546+00:00
Falcon3-7B-Base,belief_bank_constraints,attn,17,25610,belief_bank_constraints,123,16830,7683,8415,8415,3606,4077,103.0602,3073,0.8008599838753023,0.8264004437049363,0.8220747103995835,0.8134297802647741,0.8830607723126813,57208.415,10,2026-09-24T14:37:13.525546+00:00
Falcon3-7B-Base,belief_bank_constraints,attn,17,25610,belief_bank_constraints,420,16830,7683,8415,8415,3606,4077,101.7008,3073,0.8009708737864077,0.8236272878535774,0.8211636079656385,0.8121410992616899,0.8821807357562702,57311.41,10,2026-09-24T14:37:13.525546+00:00
Falcon3-7B-Base,belief_bank_constraints,attn,17,25610,belief_bank_constraints,511,16830,7683,8415,8415,3606,4077,99.4756,3073,0.805990656773839,0.8133666112035497,0.8205128205128205,0.8096618357487922,0.881541488302479,57412.161,10,2026-09-24T14:37:13.525546+00:00
Falcon3-7B-Base,belief_bank_constraints,attn,17,25610,belief_bank_constraints,mean,0,0,0,0,0,0,103.55039,3073.0,0.8035406138084269,0.8249306711037161,0.8231680333203176,0.8140812457466202,0.8837075699332496,93059.129,10,2026-09-24T14:37:13.525546+00:00
Falcon3-7B-Base,belief_bank_constraints,attn,17,25610,belief_bank_constraints,std,0,0,0,0,0,0,3.7129826429570056,0.0,0.0028625028997983897,0.007195310781757105,0.003518202955723892,0.00422572102884952,0.0027554960388395146,93059.129,10,2026-09-24T14:37:13.525546+00:00
Falcon3-7B-Base,belief_bank_constraints,attn,17,25610,belief_bank_facts,2,16830,27416,8415,8415,7533,19883,102.8598,3073,0.286342209198624,0.5967078189300411,0.4805587977823169,0.3869829107657871,0.535435847430821,57516.975,10,2026-09-24T14:37:13.525546+00:00
Falcon3-7B-Base,belief_bank_constraints,attn,17,25610,belief_bank_facts,4,16830,27416,8415,8415,7533,19883,100.9099,3073,0.2967109867039888,0.6754281162883313,0.470929384301138,0.4123009602528261,0.5535976395138695,57619.932,10,2026-09-24T14:37:13.525546+00:00
Falcon3-7B-Base,belief_bank_constraints,attn,17,25610,belief_bank_facts,24,16830,27416,8415,8415,7533,19883,105.8413,3073,0.28303041429533077,0.6139652196999867,0.46658885322439453,0.3874507832788808,0.5272654567251075,57727.813,10,2026-09-24T14:37:13.525546+00:00
Falcon3-7B-Base,belief_bank_constraints,attn,17,25610,belief_bank_facts,42,16830,27416,8415,8415,7533,19883,97.7217,3073,0.28617096850580154,0.6417098101685915,0.46173767143274,0.3958239508700102,0.5347616491561257,57827.478,10,2026-09-24T14:37:13.525546+00:00
Falcon3-7B-Base,belief_bank_constraints,attn,17,25610,belief_bank_facts,64,16830,27416,8415,8415,7533,19883,105.1085,3073,0.28878591288229843,0.6204699322978893,0.47585351619492267,0.3941310397166709,0.5401920697116229,57934.595,10,2026-09-24T14:37:13.525546+00:00
Falcon3-7B-Base,belief_bank_constraints,attn,17,25610,belief_bank_facts,67,16830,27416,8415,8415,7533,19883,101.9346,3073,0.2867441426884594,0.6125049780963759,0.47490516486723083,0.3906197087707416,0.5356776876574503,58038.487,10,2026-09-24T14:37:13.525546+00:00
Falcon3-7B-Base,belief_bank_constraints,attn,17,25610,belief_bank_facts,104,16830,27416,8415,8415,7533,19883,99.8,3073,0.28179403953968724,0.6338776052037701,0.45550043770061277,0.3901462537789035,0.5241857785875594,58140.255,10,2026-09-24T14:37:13.525546+00:00
Falcon3-7B-Base,belief_bank_constraints,attn,17,25610,belief_bank_facts,123,16830,27416,8415,8415,7533,19883,101.3593,3073,0.2881111311564135,0.6360015929908402,0.46819375547125763,0.39657313136329775,0.5400094502127236,58243.572,10,2026-09-24T14:37:13.525546+00:00
Falcon3-7B-Base,belief_bank_constraints,attn,17,25610,belief_bank_facts,420,16830,27416,8415,8415,7533,19883,100.1646,3073,0.2933755727781863,0.6884375414841365,0.4587831922964692,0.41142403808012695,0.5479362047080691,58345.735,10,2026-09-24T14:37:13.525546+00:00
Falcon3-7B-Base,belief_bank_constraints,attn,17,25610,belief_bank_facts,511,16830,27416,8415,8415,7533,19883,100.5798,3073,0.2946911598596992,0.6580379662816939,0.4733002626203677,0.4070789192740412,0.5462431795764949,58448.311,10,2026-09-24T14:37:13.525546+00:00
Falcon3-7B-Base,belief_bank_constraints,attn,17,25610,belief_bank_facts,mean,0,0,0,0,0,0,101.62795,3073.0,0.2885756537608489,0.6377140581441657,0.468635103589145,0.3972531696151286,0.5385304963279843,93059.129,10,2026-09-24T14:37:13.525546+00:00
Falcon3-7B-Base,belief_bank_constraints,attn,17,25610,belief_bank_facts,std,0,0,0,0,0,0,2.3217666916596107,0.0,0.004666341826669535,0.02760484867395984,0.007629922464568322,0.009122081648564732,0.008628507344428016,93059.129,10,2026-09-24T14:37:13.525546+00:00
Falcon3-7B-Base,belief_bank_constraints,attn,17,25610,halu_eval,2,16830,10000,8415,8415,3259,6741,103.9008,3073,0.30862767805442964,0.16354710033752684,0.608,0.21379863618130765,0.4985420538898614,58553.52,10,2026-09-24T14:37:13.525546+00:00
Falcon3-7B-Base,belief_bank_constraints,attn,17,25610,halu_eval,4,16830,10000,8415,8415,3259,6741,100.242,3073,0.3108873505349276,0.15158023933722,0.614,0.2037953795379538,0.4933849726515902,58655.097,10,2026-09-24T14:37:13.525546+00:00
Falcon3-7B-Base,belief_bank_constraints,attn,17,25610,halu_eval,24,16830,10000,8415,8415,3259,6741,103.4789,3073,0.31017056222362605,0.15065971156796562,0.614,0.20280875671210244,0.4940806372857945,58759.925,10,2026-09-24T14:37:13.525546+00:00
Falcon3-7B-Base,belief_bank_constraints,attn,17,25610,halu_eval,42,16830,10000,8415,8415,3259,6741,98.1529,3073,0.3189806678383128,0.11138386007977907,0.6329,0.16511257675687968,0.4980995195985747,58859.41,10,2026-09-24T14:37:13.525546+00:00
Falcon3-7B-Base,belief_bank_constraints,attn,17,25610,halu_eval,64,16830,10000,8415,8415,3259,6741,106.1896,3073,0.31470588235294117,0.16416078551702976,0.6111,0.215769308328292,0.49644502308010696,58966.94,10,2026-09-24T14:37:13.525546+00:00
Falcon3-7B-Base,belief_bank_constraints,attn,17,25610,halu_eval,67,16830,10000,8415,8415,3259,6741,103.1754,3073,0.3033012379642366,0.13531758208039277,0.6169,0.18714194780394652,0.497476366497596,59071.404,10,2026-09-24T14:37:13.525546+00:00
Falcon3-7B-Base,belief_bank_constraints,attn,17,25610,halu_eval,104,16830,10000,8415,8415,3259,6741,101.6036,3073,0.30670553935860057,0.16139920220926665,0.6078,0.21149979895456372,0.4975679731897596,59174.338,10,2026-09-24T14:37:13.525546+00:00
Falcon3-7B-Base,belief_bank_constraints,attn,17,25610,halu_eval,123,16830,10000,8415,8415,3259,6741,105.5011,3073,0.3109826589595376,0.16508131328628414,0.6087,0.21567448386450191,0.4977527797339505,59281.171,10,2026-09-24T14:37:13.525546+00:00
Falcon3-7B-Base,belief_bank_constraints,attn,17,25610,halu_eval,420,16830,10000,8415,8415,3259,6741,102.089,3073,0.31014063656550706,0.1285670451058607,0.6228,0.18177874186550977,0.4950691247029496,59384.562,10,2026-09-24T14:37:13.525546+00:00
Falcon3-7B-Base,belief_bank_constraints,attn,17,25610,halu_eval,511,16830,10000,8415,8415,3259,6741,98.89,3073,0.3147039254823686,0.1451365449524394,0.6184,0.1986560268794624,0.49505371657112485,59484.781,10,2026-09-24T14:37:13.525546+00:00
Falcon3-7B-Base,belief_bank_constraints,attn,17,25610,halu_eval,mean,0,0,0,0,0,0,102.32233,3073.0,0.3109206139334488,0.1476833384473765,0.6154599999999999,0.199603565688452,0.4963472167201307,93059.129,10,2026-09-24T14:37:13.525546+00:00
Falcon3-7B-Base,belief_bank_constraints,attn,17,25610,halu_eval,std,0,0,0,0,0,0,2.523512045958963,0.0,0.004193582827499613,0.01697205695394887,0.007429966352548313,0.01598127968303985,0.0017279238617779042,93059.129,10,2026-09-24T14:37:13.525546+00:00
Falcon3-7B-Base,belief_bank_constraints,attn,18,25610,belief_bank_constraints,2,16830,7683,8415,8415,3606,4077,92.5393,3073,0.7937120794263651,0.7981142540210759,0.8078875439281531,0.7959070796460177,0.8758342424142249,59579.609,10,2026-09-24T14:37:13.525546+00:00
Falcon3-7B-Base,belief_bank_constraints,attn,18,25610,belief_bank_constraints,4,16830,7683,8415,8415,3606,4077,106.103,3073,0.7955098728698945,0.8155851358846368,0.8150462059091501,0.8054224291387101,0.8695013189665222,59686.991,10,2026-09-24T14:37:13.525546+00:00
Falcon3-7B-Base,belief_bank_constraints,attn,18,25610,belief_bank_constraints,24,16830,7683,8415,8415,3606,4077,94.8199,3073,0.7857142857142857,0.8114254021075984,0.8076272289470259,0.798362892223738,0.8729390255333036,59783.098,10,2026-09-24T14:37:13.525546+00:00
Falcon3-7B-Base,belief_bank_constraints,attn,18,25610,belief_bank_constraints,42,16830,7683,8415,8415,3606,4077,99.1239,3073,0.7935466229149576,0.8047698280643372,0.810100221267734,0.7991188214236541,0.8693192647198664,59883.48,10,2026-09-24T14:37:13.525546+00:00
Falcon3-7B-Base,belief_bank_constraints,attn,18,25610,belief_bank_constraints,64,16830,7683,8415,8415,3606,4077,106.1966,3073,0.7934901531728665,0.8044925124792013,0.8099700637771704,0.7989534563481134,0.873627485110187,59990.974,10,2026-09-24T14:37:13.525546+00:00
Falcon3-7B-Base,belief_bank_constraints,attn,18,25610,belief_bank_constraints,67,16830,7683,8415,8415,3606,4077,104.0561,3073,0.7885558583106267,0.8025513033832501,0.8063256540413901,0.7954920285871357,0.874500787734067,60096.355,10,2026-09-24T14:37:13.525546+00:00
Falcon3-7B-Base,belief_bank_constraints,attn,18,25610,belief_bank_constraints,104,16830,7683,8415,8415,3606,4077,99.0438,3073,0.7912176724137931,0.8144758735440932,0.8120525836261877,0.8026783274118612,0.8712120099074512,60196.668,10,2026-09-24T14:37:13.525546+00:00
Falcon3-7B-Base,belief_bank_constraints,attn,18,25610,belief_bank_constraints,123,16830,7683,8415,8415,3606,4077,108.1179,3073,0.7846813069094805,0.812534664448142,0.8073669139658988,0.7983651226158038,0.8678862974811964,60306.067,10,2026-09-24T14:37:13.525546+00:00
Falcon3-7B-Base,belief_bank_constraints,attn,18,25610,belief_bank_constraints,420,16830,7683,8415,8415,3606,4077,104.9076,3073,0.7968149368478857,0.8047698280643372,0.8120525836261877,0.8007726269315674,0.8736293896567613,60412.254,10,2026-09-24T14:37:13.525546+00:00
Falcon3-7B-Base,belief_bank_constraints,attn,18,25610,belief_bank_constraints,511,16830,7683,8415,8415,3606,4077,101.0205,3073,0.7915760869565217,0.8078202995008319,0.8099700637771704,0.7996157013450453,0.8709500327241912,60514.557,10,2026-09-24T14:37:13.525546+00:00
Falcon3-7B-Base,belief_bank_constraints,attn,18,25610,belief_bank_constraints,mean,0,0,0,0,0,0,101.59286,3073.0,0.7914818875536678,0.8076539101497504,0.8098399062866068,0.7994688485671647,0.8719399854247772,93059.129,10,2026-09-24T14:37:13.525546+00:00
Falcon3-7B-Base,belief_bank_constraints,attn,18,25610,belief_bank_constraints,std,0,0,0,0,0,0,4.918617555207967,0.0,0.0038221663694201708,0.0053961936101854105,0.0025332272551249007,0.002807099452983896,0.002432701804738856,93059.129,10,2026-09-24T14:37:13.525546+00:00
Falcon3-7B-Base,belief_bank_constraints,attn,18,25610,belief_bank_facts,2,16830,27416,8415,8415,7533,19883,103.1278,3073,0.29984466603196874,0.7943714323642639,0.43383425736796033,0.4353583121134958,0.5618654740212988,60619.69,10,2026-09-24T14:37:13.525546+00:00
Falcon3-7B-Base,belief_bank_constraints,attn,18,25610,belief_bank_facts,4,16830,27416,8415,8415,7533,19883,93.855,3073,0.29947541658095045,0.7729988052568698,0.44080099212138896,0.4317010786966675,0.5604837115658395,60715.549,10,2026-09-24T14:37:13.525546+00:00
Falcon3-7B-Base,belief_bank_constraints,attn,18,25610,belief_bank_facts,24,16830,27416,8415,8415,7533,19883,98.0887,3073,0.2884092454112848,0.675826363998407,0.4527648088707324,0.40428826682549135,0.5419685179540188,60815.642,10,2026-09-24T14:37:13.525546+00:00
Falcon3-7B-Base,belief_bank_constraints,attn,18,25610,belief_bank_facts,42,16830,27416,8415,8415,7533,19883,106.2755,3073,0.2910171942792865,0.721226602947033,0.44061861686606363,0.41470116784978245,0.5426365638160191,60923.931,10,2026-09-24T14:37:13.525546+00:00
Falcon3-7B-Base,belief_bank_constraints,attn,18,25610,belief_bank_facts,64,16830,27416,8415,8415,7533,19883,101.2393,3073,0.29110262008733623,0.7079516792778442,0.44605339947475925,0.4125633388774997,0.5354728520400028,61027.191,10,2026-09-24T14:37:13.525546+00:00
Falcon3-7B-Base,belief_bank_constraints,attn,18,25610,belief_bank_facts,67,16830,27416,8415,8415,7533,19883,104.7952,3073,0.3017163504968383,0.7537501659365459,0.45302013422818793,0.43093503339404976,0.5602127516995263,61134.0,10,2026-09-24T14:37:13.525546+00:00
Falcon3-7B-Base,belief_bank_constraints,attn,18,25610,belief_bank_facts,104,16830,27416,8415,8415,7533,19883,99.2541,3073,0.305037513397642,0.7556086552502324,0.4598409687773563,0.43461993662428894,0.5664527135942262,61235.279,10,2026-09-24T14:37:13.525546+00:00
Falcon3-7B-Base,belief_bank_constraints,attn,18,25610,belief_bank_facts,123,16830,27416,8415,8415,7533,19883,100.7243,3073,0.2898565315882205,0.7643701048718969,0.4207032389845346,0.4203226512884152,0.5305496833897656,61338.03,10,2026-09-24T14:37:13.525546+00:00
Falcon3-7B-Base,belief_bank_constraints,attn,18,25610,belief_bank_facts,420,16830,27416,8415,8415,7533,19883,107.435,3073,0.29484317446143543,0.7013142174432497,0.45706886489641085,0.41515068170209424,0.5406138054172064,61447.479,10,2026-09-24T14:37:13.525546+00:00
Falcon3-7B-Base,belief_bank_constraints,attn,18,25610,belief_bank_facts,511,16830,27416,8415,8415,7533,19883,102.2593,3073,0.3004049003322259,0.7682198327359617,0.4447402976364167,0.4319140202261447,0.5637750887828537,61551.765,10,2026-09-24T14:37:13.525546+00:00
Falcon3-7B-Base,belief_bank_constraints,attn,18,25610,belief_bank_facts,mean,0,0,0,0,0,0,101.70541999999998,3073.0,0.29617076126671893,0.7415637860082305,0.444944557922381,0.423155448759793,0.5504031162280757,93059.129,10,2026-09-24T14:37:13.525546+00:00
Falcon3-7B-Base,belief_bank_constraints,attn,18,25610,belief_bank_facts,std,0,0,0,0,0,0,3.840429641797905,0.0,0.005530257942421468,0.03583023628132371,0.011151267242808651,0.010499266198277497,0.012688562554538325,93059.129,10,2026-09-24T14:37:13.525546+00:00
Falcon3-7B-Base,belief_bank_constraints,attn,18,25610,halu_eval,2,16830,10000,8415,8415,3259,6741,95.9155,3073,0.3278089521075297,0.7707885854556612,0.4102,0.4599890130012818,0.5065870104942352,61648.979,10,2026-09-24T14:37:13.525546+00:00
Falcon3-7B-Base,belief_bank_constraints,attn,18,25610,halu_eval,4,16830,10000,8415,8415,3259,6741,93.0536,3073,0.3306897040079309,0.7164774470696532,0.435,0.45251937984496127,0.5045267133990525,61743.345,10,2026-09-24T14:37:13.525546+00:00
Falcon3-7B-Base,belief_bank_constraints,attn,18,25610,halu_eval,24,16830,10000,8415,8415,3259,6741,92.5706,3073,0.32857142857142857,0.7410248542497698,0.4221,0.45527382411160333,0.5083958386846436,61837.226,10,2026-09-24T14:37:13.525546+00:00
Falcon3-7B-Base,belief_bank_constraints,attn,18,25610,halu_eval,42,16830,10000,8415,8415,3259,6741,101.459,3073,0.32598225602027886,0.7891991408407487,0.3995,0.4613866714503543,0.505713981648346,61939.966,10,2026-09-24T14:37:13.525546+00:00
Falcon3-7B-Base,belief_bank_constraints,attn,18,25610,halu_eval,64,16830,10000,8415,8415,3259,6741,103.1131,3073,0.32494866529774125,0.7769254372506904,0.4013,0.4582390733870238,0.5016748889647233,62044.423,10,2026-09-24T14:37:13.525546+00:00
Falcon3-7B-Base,belief_bank_constraints,attn,18,25610,halu_eval,67,16830,10000,8415,8415,3259,6741,100.9793,3073,0.32743231181196075,0.675360540042958,0.4421,0.44103797214707946,0.5044959426542562,62146.733,10,2026-09-24T14:37:13.525546+00:00
Falcon3-7B-Base,belief_bank_constraints,attn,18,25610,halu_eval,104,16830,10000,8415,8415,3259,6741,103.2205,3073,0.32705283259070655,0.7882786130714943,0.4024,0.46229980205146665,0.5023360958270182,62251.255,10,2026-09-24T14:37:13.525546+00:00
Falcon3-7B-Base,belief_bank_constraints,attn,18,25610,halu_eval,123,16830,10000,8415,8415,3259,6741,103.872,3073,0.3280027220142906,0.5915925130408101,0.4719,0.42202035679106925,0.49910969674930294,62356.477,10,2026-09-24T14:37:13.525546+00:00
Falcon3-7B-Base,belief_bank_constraints,attn,18,25610,halu_eval,420,16830,10000,8415,8415,3259,6741,107.9622,3073,0.32827273937941137,0.7563669837373428,0.4162,0.4578380386329866,0.5044869299213129,62465.795,10,2026-09-24T14:37:13.525546+00:00
Falcon3-7B-Base,belief_bank_constraints,attn,18,25610,halu_eval,511,16830,10000,8415,8415,3259,6741,97.0302,3073,0.3293845315904139,0.7422522246087757,0.4235,0.45628595680467793,0.5054009484945527,62564.155,10,2026-09-24T14:37:13.525546+00:00
Falcon3-7B-Base,belief_bank_constraints,attn,18,25610,halu_eval,mean,0,0,0,0,0,0,99.91760000000001,3073.0,0.32781461433916925,0.7348266339367904,0.42241999999999996,0.4526890088222504,0.5042728046837444,93059.129,10,2026-09-24T14:37:13.525546+00:00
Falcon3-7B-Base,belief_bank_constraints,attn,18,25610,halu_eval,std,0,0,0,0,0,0,4.800241100194864,0.0,0.0015442315643581191,0.05815971212950736,0.02134313941293548,0.011724262958668625,0.002510427414516325,93059.129,10,2026-09-24T14:37:13.525546+00:00
Falcon3-7B-Base,belief_bank_constraints,attn,19,25610,belief_bank_constraints,2,16830,7683,8415,8415,3606,4077,100.6728,3073,0.7443450815360336,0.7848031059345535,0.7724847064948588,0.7640388768898488,0.8293483417044956,62666.932,10,2026-09-24T14:37:13.525546+00:00
Falcon3-7B-Base,belief_bank_constraints,attn,19,25610,belief_bank_constraints,4,16830,7683,8415,8415,3606,4077,112.3912,3073,0.7366492146596859,0.7803660565723793,0.7659768319666796,0.7578777269054673,0.8201022782322163,62780.564,10,2026-09-24T14:37:13.525546+00:00
Falcon3-7B-Base,belief_bank_constraints,attn,19,25610,belief_bank_constraints,24,16830,7683,8415,8415,3606,4077,116.7146,3073,0.7398586757393353,0.7839711591791458,0.7692307692307693,0.7612764238588933,0.8302976221327902,62898.549,10,2026-09-24T14:37:13.525546+00:00
Falcon3-7B-Base,belief_bank_constraints,attn,19,25610,belief_bank_constraints,42,16830,7683,8415,8415,3606,4077,110.1432,3073,0.7329455314648334,0.7687188019966722,0.759989587400755,0.750406063887385,0.8175855899829556,63009.955,10,2026-09-24T14:37:13.525546+00:00
Falcon3-7B-Base,belief_bank_constraints,attn,19,25610,belief_bank_constraints,64,16830,7683,8415,8415,3606,4077,108.8557,3073,0.735611038107753,0.7762063227953411,0.7640244696082259,0.7553636486304143,0.8190488259082545,63120.168,10,2026-09-24T14:37:13.525546+00:00
Falcon3-7B-Base,belief_bank_constraints,attn,19,25610,belief_bank_constraints,67,16830,7683,8415,8415,3606,4077,107.7391,3073,0.7406134320465362,0.7767609539656128,0.7675387218534426,0.7582566323768273,0.8213977780199273,63229.176,10,2026-09-24T14:37:13.525546+00:00
Falcon3-7B-Base,belief_bank_constraints,attn,19,25610,belief_bank_constraints,104,16830,7683,8415,8415,3606,4077,102.0772,3073,0.741001564945227,0.7878535773710482,0.7711831315892229,0.7637096774193548,0.824791475956936,63332.539,10,2026-09-24T14:37:13.525546+00:00
Falcon3-7B-Base,belief_bank_constraints,attn,19,25610,belief_bank_constraints,123,16830,7683,8415,8415,3606,4077,103.3138,3073,0.7330895795246801,0.7784248474764282,0.7629832096837172,0.7550773369199731,0.8183030258755779,63437.127,10,2026-09-24T14:37:13.525546+00:00
Falcon3-7B-Base,belief_bank_constraints,attn,19,25610,belief_bank_constraints,420,16830,7683,8415,8415,3606,4077,105.9451,3073,0.7279874213836478,0.7703826955074875,0.7571261226083561,0.7485852869846402,0.8136989885905416,63544.33,10,2026-09-24T14:37:13.525546+00:00
Falcon3-7B-Base,belief_bank_constraints,attn,19,25610,belief_bank_constraints,511,16830,7683,8415,8415,3606,4077,105.9581,3073,0.7391877637130801,0.7773155851358846,0.7667577769100612,0.7577723709110571,0.8232090018121762,63651.533,10,2026-09-24T14:37:13.525546+00:00
Falcon3-7B-Base,belief_bank_constraints,attn,19,25610,belief_bank_constraints,mean,0,0,0,0,0,0,107.38108,3073.0,0.7371289303120813,0.7784803105934553,0.7657295327346088,0.757236404478386,0.821778292821587,93059.129,10,2026-09-24T14:37:13.525546+00:00
Falcon3-7B-Base,belief_bank_constraints,attn,19,25610,belief_bank_constraints,std,0,0,0,0,0,0,4.646608744191833,0.0,0.004591521370259164,0.00576096013292449,0.004576456566640317,0.004856976870200493,0.004963325630775989,93059.129,10,2026-09-24T14:37:13.525546+00:00
Falcon3-7B-Base,belief_bank_constraints,attn,19,25610,belief_bank_facts,2,16830,27416,8415,8415,7533,19883,101.0588,3073,0.24714986118494892,0.5554228063188636,0.4129705281587394,0.3420815959447306,0.4487132808036799,63754.644,10,2026-09-24T14:37:13.525546+00:00
Falcon3-7B-Base,belief_bank_constraints,attn,19,25610,belief_bank_facts,4,16830,27416,8415,8415,7533,19883,112.9783,3073,0.252212389380531,0.5448028673835126,0.43109862853807995,0.3448015122873346,0.44746181396400586,63869.625,10,2026-09-24T14:37:13.525546+00:00
Falcon3-7B-Base,belief_bank_constraints,attn,19,25610,belief_bank_facts,24,16830,27416,8415,8415,7533,19883,103.7751,3073,0.24530698659139027,0.46143634674100625,0.46195652173913043,0.32032437911809425,0.455069641138881,63975.447,10,2026-09-24T14:37:13.525546+00:00
Falcon3-7B-Base,belief_bank_constraints,attn,19,25610,belief_bank_facts,42,16830,27416,8415,8415,7533,19883,108.3985,3073,0.24743381955699623,0.48639320323908136,0.4524000583600817,0.3280068036345732,0.45923466429682275,64085.874,10,2026-09-24T14:37:13.525546+00:00
Falcon3-7B-Base,belief_bank_constraints,attn,19,25610,belief_bank_facts,64,16830,27416,8415,8415,7533,19883,109.4206,3073,0.25174434831147086,0.5986990574804195,0.40078786110300557,0.3544482867022949,0.44424341444309695,64197.279,10,2026-09-24T14:37:13.525546+00:00
Falcon3-7B-Base,belief_bank_constraints,attn,19,25610,belief_bank_facts,67,16830,27416,8415,8415,7533,19883,101.2423,3073,0.24868004223864837,0.5627240143369175,0.41271520280128393,0.3449285975833028,0.44643376015721437,64300.521,10,2026-09-24T14:37:13.525546+00:00
Falcon3-7B-Base,belief_bank_constraints,attn,19,25610,belief_bank_facts,104,16830,27416,8415,8415,7533,19883,101.3954,3073,0.25847905175448893,0.5847603876277712,0.4249708199591479,0.3584944048830112,0.45758064005375293,64403.941,10,2026-09-24T14:37:13.525546+00:00
Falcon3-7B-Base,belief_bank_constraints,attn,19,25610,belief_bank_facts,123,16830,27416,8415,8415,7533,19883,106.8996,3073,0.2554112554112554,0.5404221425726802,0.44083746717245403,0.346881390593047,0.46457625376072487,64512.883,10,2026-09-24T14:37:13.525546+00:00
Falcon3-7B-Base,belief_bank_constraints,attn,19,25610,belief_bank_facts,420,16830,27416,8415,8415,7533,19883,113.8009,3073,0.2667354424575883,0.6178149475640515,0.4283265246571345,0.37260317841559587,0.4719615425267684,64628.786,10,2026-09-24T14:37:13.525546+00:00
Falcon3-7B-Base,belief_bank_constraints,attn,19,25610,belief_bank_facts,511,16830,27416,8415,8415,7533,19883,114.8035,3073,0.26539290168953394,0.6213991769547325,0.4233659177122848,0.3719359580469588,0.45978329393151984,64745.634,10,2026-09-24T14:37:13.525546+00:00
Falcon3-7B-Base,belief_bank_constraints,attn,19,25610,belief_bank_facts,mean,0,0,0,0,0,0,107.37729999999999,3073.0,0.25385460985768526,0.5573874950219035,0.42894295302013424,0.34845061072089434,0.4555058305076467,93059.129,10,2026-09-24T14:37:13.525546+00:00
Falcon3-7B-Base,belief_bank_constraints,attn,19,25610,belief_bank_facts,std,0,0,0,0,0,0,5.094595623992154,0.0,0.0071834876166489234,0.049930190952738554,0.017733263930077382,0.01596727726610501,0.008424656885141425,93059.129,10,2026-09-24T14:37:13.525546+00:00
Falcon3-7B-Base,belief_bank_constraints,attn,19,25610,halu_eval,2,16830,10000,8415,8415,3259,6741,110.5839,3073,0.3285307421678673,0.6017183185026082,0.4694,0.4250108365843086,0.5021736845586258,64857.574,10,2026-09-24T14:37:13.525546+00:00
Falcon3-7B-Base,belief_bank_constraints,attn,19,25610,halu_eval,4,16830,10000,8415,8415,3259,6741,113.3843,3073,0.3317401309966366,0.5750230131942313,0.484,0.42074539739559946,0.5040086860896523,64972.269,10,2026-09-24T14:37:13.525546+00:00
Falcon3-7B-Base,belief_bank_constraints,attn,19,25610,halu_eval,24,16830,10000,8415,8415,3259,6741,108.2241,3073,0.325284374376372,0.5001534212948757,0.499,0.3941958887545345,0.4979248865180849,65081.829,10,2026-09-24T14:37:13.525546+00:00
Falcon3-7B-Base,belief_bank_constraints,attn,19,25610,halu_eval,42,16830,10000,8415,8415,3259,6741,104.2464,3073,0.32677099108194513,0.5958883092973305,0.4682,0.42208215605303195,0.4972861432098684,65187.397,10,2026-09-24T14:37:13.525546+00:00
Falcon3-7B-Base,belief_bank_constraints,attn,19,25610,halu_eval,64,16830,10000,8415,8415,3259,6741,104.6537,3073,0.32632723319441925,0.5526235041423749,0.4824,0.4103440419229893,0.497656803231875,65293.368,10,2026-09-24T14:37:13.525546+00:00
Falcon3-7B-Base,belief_bank_constraints,attn,19,25610,halu_eval,67,16830,10000,8415,8415,3259,6741,104.2971,3073,0.3291743119266055,0.5504756060141147,0.4879,0.41198759903548055,0.5014562391531417,65398.994,10,2026-09-24T14:37:13.525546+00:00
Falcon3-7B-Base,belief_bank_constraints,attn,19,25610,halu_eval,104,16830,10000,8415,8415,3259,6741,101.4465,3073,0.3278134504900304,0.5952746241178275,0.4703,0.42279612073662415,0.5016316460541367,65501.748,10,2026-09-24T14:37:13.525546+00:00
Falcon3-7B-Base,belief_bank_constraints,attn,19,25610,halu_eval,123,16830,10000,8415,8415,3259,6741,107.2365,3073,0.3303821062441752,0.6526541884013501,0.4557,0.43869237908631536,0.5029343956341229,65610.303,10,2026-09-24T14:37:13.525546+00:00
Falcon3-7B-Base,belief_bank_constraints,attn,19,25610,halu_eval,420,16830,10000,8415,8415,3259,6741,105.7132,3073,0.32839703822293376,0.5035286897821417,0.5026,0.39752906976744184,0.5017337220825476,65717.356,10,2026-09-24T14:37:13.525546+00:00
Falcon3-7B-Base,belief_bank_constraints,attn,19,25610,halu_eval,511,16830,10000,8415,8415,3259,6741,116.1159,3073,0.32934320365411873,0.6416078551702976,0.4574,0.4352622814321399,0.5017692495475085,65834.793,10,2026-09-24T14:37:13.525546+00:00
Falcon3-7B-Base,belief_bank_constraints,attn,19,25610,halu_eval,mean,0,0,0,0,0,0,107.59016,3073.0,0.32837635823551037,0.5768947529917152,0.47768999999999995,0.41786457707684654,0.5008575456079564,93059.129,10,2026-09-24T14:37:13.525546+00:00
Falcon3-7B-Base,belief_bank_constraints,attn,19,25610,halu_eval,std,0,0,0,0,0,0,4.332032373655579,0.0,0.0018326789387857923,0.048789795423488484,0.015328108167676805,0.013794167911309897,0.0022390159677501695,93059.129,10,2026-09-24T14:37:13.525546+00:00
Falcon3-7B-Base,belief_bank_constraints,attn,20,25610,belief_bank_constraints,2,16830,7683,8415,8415,3606,4077,96.9383,3073,0.7903489640130862,0.8039378813089295,0.8078875439281531,0.7970855100357438,0.8679014658342711,65933.765,10,2026-09-24T14:37:13.525546+00:00
Falcon3-7B-Base,belief_bank_constraints,attn,20,25610,belief_bank_constraints,4,16830,7683,8415,8415,3606,4077,96.9796,3073,0.7834360761190029,0.8105934553521907,0.8059351815696993,0.7967834264685839,0.8634361543613234,66032.02,10,2026-09-24T14:37:13.525546+00:00
Falcon3-7B-Base,belief_bank_constraints,attn,20,25610,belief_bank_constraints,24,16830,7683,8415,8415,3606,4077,101.45,3073,0.7879537953795379,0.7945091514143094,0.8032018742678642,0.7912178956089478,0.8609268802397987,66134.753,10,2026-09-24T14:37:13.525546+00:00
Falcon3-7B-Base,belief_bank_constraints,attn,20,25610,belief_bank_constraints,42,16830,7683,8415,8415,3606,4077,94.4818,3073,0.7797667480336317,0.7972823072656683,0.7991669920603931,0.7884272590154943,0.8545906918551114,66230.519,10,2026-09-24T14:37:13.525546+00:00
Falcon3-7B-Base,belief_bank_constraints,attn,20,25610,belief_bank_constraints,64,16830,7683,8415,8415,3606,4077,92.1586,3073,0.7861994023363217,0.8025513033832501,0.8048939216451907,0.7942912035131056,0.8612724194040103,66323.932,10,2026-09-24T14:37:13.525546+00:00
Falcon3-7B-Base,belief_bank_constraints,attn,20,25610,belief_bank_constraints,67,16830,7683,8415,8415,3606,4077,96.8669,3073,0.7843784378437844,0.790904048807543,0.799817779513211,0.7876277271471969,0.8533718840767799,66422.067,10,2026-09-24T14:37:13.525546+00:00
Falcon3-7B-Base,belief_bank_constraints,attn,20,25610,belief_bank_constraints,104,16830,7683,8415,8415,3606,4077,93.5508,3073,0.7780763030628695,0.8031059345535219,0.8000780944943382,0.7903930131004366,0.859364675912152,66516.879,10,2026-09-24T14:37:13.525546+00:00
Falcon3-7B-Base,belief_bank_constraints,attn,20,25610,belief_bank_constraints,123,16830,7683,8415,8415,3606,4077,95.2148,3073,0.7795148247978436,0.8019966722129783,0.8005987244565925,0.7905959540732641,0.8577993426865616,66613.381,10,2026-09-24T14:37:13.525546+00:00
Falcon3-7B-Base,belief_bank_constraints,attn,20,25610,belief_bank_constraints,420,16830,7683,8415,8415,3606,4077,94.7984,3073,0.7948577680525164,0.8058790904048807,0.8112716386828062,0.8003304874690168,0.8611758997044008,66709.471,10,2026-09-24T14:37:13.525546+00:00
Falcon3-7B-Base,belief_bank_constraints,attn,20,25610,belief_bank_constraints,511,16830,7683,8415,8415,3606,4077,94.0457,3073,0.7927604310583034,0.795618413754853,0.8064558115319537,0.7941868512110727,0.8598570012016329,66804.8,10,2026-09-24T14:37:13.525546+00:00
Falcon3-7B-Base,belief_bank_constraints,attn,20,25610,belief_bank_constraints,mean,0,0,0,0,0,0,95.64849000000001,3073.0,0.7857292750696898,0.8006378258458126,0.8039307562150201,0.7930939327642863,0.8599696415276042,93059.129,10,2026-09-24T14:37:13.525546+00:00
Falcon3-7B-Base,belief_bank_constraints,attn,20,25610,belief_bank_constraints,std,0,0,0,0,0,0,2.4494485458772144,0.0,0.0054690053837576375,0.005637696939652194,0.0038334419331872154,0.0039147456186254944,0.003956659124211999,93059.129,10,2026-09-24T14:37:13.525546+00:00
Falcon3-7B-Base,belief_bank_constraints,attn,20,25610,belief_bank_facts,2,16830,27416,8415,8415,7533,19883,99.3833,3073,0.26656236837354835,0.5880791185450683,0.44222351911292673,0.3668433256045048,0.49259608708288505,66906.222,10,2026-09-24T14:37:13.525546+00:00
Falcon3-7B-Base,belief_bank_constraints,attn,20,25610,belief_bank_facts,4,16830,27416,8415,8415,7533,19883,100.7938,3073,0.2722565460429538,0.6142307181733705,0.44288007003209806,0.3772831050228311,0.49469809910610824,67009.032,10,2026-09-24T14:37:13.525546+00:00
Falcon3-7B-Base,belief_bank_constraints,attn,20,25610,belief_bank_facts,24,16830,27416,8415,8415,7533,19883,109.3352,3073,0.26316147000883094,0.514270542944378,0.47089290925007293,0.34816212815673586,0.4872193724500327,67120.448,10,2026-09-24T14:37:13.525546+00:00
Falcon3-7B-Base,belief_bank_constraints,attn,20,25610,belief_bank_facts,42,16830,27416,8415,8415,7533,19883,97.2702,3073,0.2630680325715787,0.5317934421877074,0.4620294718412606,0.3520056236544967,0.48830121229770285,67219.862,10,2026-09-24T14:37:13.525546+00:00
Falcon3-7B-Base,belief_bank_constraints,attn,20,25610,belief_bank_facts,64,16830,27416,8415,8415,7533,19883,93.5336,3073,0.2677575306805504,0.5734767025089605,0.4518894076451707,0.3650652807706934,0.49779310653236736,67315.442,10,2026-09-24T14:37:13.525546+00:00
Falcon3-7B-Base,belief_bank_constraints,attn,20,25610,belief_bank_facts,67,16830,27416,8415,8415,7533,19883,97.8919,3073,0.2652889349572428,0.5436081242532855,0.46093522030930845,0.35656754756410813,0.49483105531490373,67415.421,10,2026-09-24T14:37:13.525546+00:00
Falcon3-7B-Base,belief_bank_constraints,attn,20,25610,belief_bank_facts,104,16830,27416,8415,8415,7533,19883,101.4447,3073,0.26470219435736675,0.5604672773131555,0.45145170703238985,0.35957927011029256,0.48821027142595413,67518.883,10,2026-09-24T14:37:13.525546+00:00
Falcon3-7B-Base,belief_bank_constraints,attn,20,25610,belief_bank_facts,123,16830,27416,8415,8415,7533,19883,102.2085,3073,0.26760470339542874,0.5377671578388424,0.4685949810329734,0.35737285518944906,0.49842148719217555,67623.096,10,2026-09-24T14:37:13.525546+00:00
Falcon3-7B-Base,belief_bank_constraints,attn,20,25610,belief_bank_facts,420,16830,27416,8415,8415,7533,19883,99.1835,3073,0.26161863887185777,0.5664409929642904,0.44160344324482054,0.3579247577905465,0.48139054394799247,67724.273,10,2026-09-24T14:37:13.525546+00:00
Falcon3-7B-Base,belief_bank_constraints,attn,20,25610,belief_bank_facts,511,16830,27416,8415,8415,7533,19883,99.583,3073,0.26826568265682654,0.5790521704500199,0.4503574555004377,0.3666624637498424,0.49801682334688596,67825.95,10,2026-09-24T14:37:13.525546+00:00
Falcon3-7B-Base,belief_bank_constraints,attn,20,25610,belief_bank_facts,mean,0,0,0,0,0,0,100.06277,3073.0,0.2660286101916185,0.5609186247179079,0.4542858185001458,0.36074663576135,0.49214780586970075,93059.129,10,2026-09-24T14:37:13.525546+00:00
Falcon3-7B-Base,belief_bank_constraints,attn,20,25610,belief_bank_facts,std,0,0,0,0,0,0,3.868234866718926,0.0,0.002971357769685643,0.028208272604411527,0.010248737104879781,0.007982607304894033,0.005384117772731971,93059.129,10,2026-09-24T14:37:13.525546+00:00
Falcon3-7B-Base,belief_bank_constraints,attn,20,25610,halu_eval,2,16830,10000,8415,8415,3259,6741,97.8259,3073,0.32766849028052614,0.8637618901503529,0.378,0.4751054852320675,0.5015242215604692,67925.15,10,2026-09-24T14:37:13.525546+00:00
Falcon3-7B-Base,belief_bank_constraints,attn,20,25610,halu_eval,4,16830,10000,8415,8415,3259,6741,98.1941,3073,0.32518281535648996,0.8732740104326481,0.3681,0.4738989259845142,0.5006480063948526,68024.686,10,2026-09-24T14:37:13.525546+00:00
Falcon3-7B-Base,belief_bank_constraints,attn,20,25610,halu_eval,24,16830,10000,8415,8415,3259,6741,100.5345,3073,0.32534529571479165,0.8456581773550169,0.3782,0.4699062233589088,0.5025930497536087,68126.532,10,2026-09-24T14:37:13.525546+00:00
Falcon3-7B-Base,belief_bank_constraints,attn,20,25610,halu_eval,42,16830,10000,8415,8415,3259,6741,91.8601,3073,0.32481922090039655,0.8545566124578091,0.3737,0.47071748499957744,0.49721476964797406,68219.707,10,2026-09-24T14:37:13.525546+00:00
Falcon3-7B-Base,belief_bank_constraints,attn,20,25610,halu_eval,64,16830,10000,8415,8415,3259,6741,99.3636,3073,0.3251780381346198,0.8686713715863762,0.3697,0.4732135394901797,0.49959806852581146,68320.37,10,2026-09-24T14:37:13.525546+00:00
Falcon3-7B-Base,belief_bank_constraints,attn,20,25610,halu_eval,67,16830,10000,8415,8415,3259,6741,98.3071,3073,0.3247503308867766,0.8281681497391838,0.3828,0.4665514261019879,0.496740372159413,68419.969,10,2026-09-24T14:37:13.525546+00:00
Falcon3-7B-Base,belief_bank_constraints,attn,20,25610,halu_eval,104,16830,10000,8415,8415,3259,6741,96.5958,3073,0.3255754800966552,0.7855170297637312,0.3998,0.46034885811904336,0.49837431691563894,68517.912,10,2026-09-24T14:37:13.525546+00:00
Falcon3-7B-Base,belief_bank_constraints,attn,20,25610,halu_eval,123,16830,10000,8415,8415,3259,6741,94.4253,3073,0.32620443831206164,0.870512427124885,0.3718,0.4745734359317498,0.5028124733856956,68613.656,10,2026-09-24T14:37:13.525546+00:00
Falcon3-7B-Base,belief_bank_constraints,attn,20,25610,halu_eval,420,16830,10000,8415,8415,3259,6741,94.2606,3073,0.324769356533925,0.8533292420988033,0.374,0.4704787683979022,0.49901950114159005,68709.24,10,2026-09-24T14:37:13.525546+00:00
Falcon3-7B-Base,belief_bank_constraints,attn,20,25610,halu_eval,511,16830,10000,8415,8415,3259,6741,92.0384,3073,0.325025826446281,0.7723227984044185,0.4031,0.4575115877487958,0.4966674509565082,68802.594,10,2026-09-24T14:37:13.525546+00:00
Falcon3-7B-Base,belief_bank_constraints,attn,20,25610,halu_eval,mean,0,0,0,0,0,0,96.34054,3073.0,0.3254519292662523,0.8415771709113227,0.37992,0.4692305735364727,0.4995192230441562,93059.129,10,2026-09-24T14:37:13.525546+00:00
Falcon3-7B-Base,belief_bank_constraints,attn,20,25610,halu_eval,std,0,0,0,0,0,0,2.8788840369837767,0.0,0.0008481459824133726,0.03392659317552435,0.011538180099131757,0.0057301049274064595,0.0021981799226341615,93059.129,10,2026-09-24T14:37:13.525546+00:00
Falcon3-7B-Base,belief_bank_constraints,attn,21,25610,belief_bank_constraints,2,16830,7683,8415,8415,3606,4077,127.8197,3073,0.7606977378032161,0.773987798114254,0.7796433684758558,0.7672852233676976,0.8416185870685914,68932.552,10,2026-09-24T14:37:13.525546+00:00
Falcon3-7B-Base,belief_bank_constraints,attn,21,25610,belief_bank_constraints,4,16830,7683,8415,8415,3606,4077,116.2343,3073,0.746441750131787,0.7853577371048253,0.7740465963816218,0.7654054054054054,0.8319478437199822,69050.062,10,2026-09-24T14:37:13.525546+00:00
Falcon3-7B-Base,belief_bank_constraints,attn,21,25610,belief_bank_constraints,24,16830,7683,8415,8415,3606,4077,117.1392,3073,0.7482685135855088,0.7789794786466999,0.7732656514382402,0.7633152173913044,0.8351253756207971,69168.47,10,2026-09-24T14:37:13.525546+00:00
Falcon3-7B-Base,belief_bank_constraints,attn,21,25610,belief_bank_constraints,42,16830,7683,8415,8415,3606,4077,119.9131,3073,0.7541554959785522,0.7800887409872435,0.7774306911362749,0.7669029443838604,0.8352172699930117,69289.664,10,2026-09-24T14:37:13.525546+00:00
Falcon3-7B-Base,belief_bank_constraints,attn,21,25610,belief_bank_constraints,64,16830,7683,8415,8415,3606,4077,122.1726,3073,0.7493904091032241,0.7670549084858569,0.7702720291552779,0.7581197752501028,0.8283737240048098,69413.113,10,2026-09-24T14:37:13.525546+00:00
Falcon3-7B-Base,belief_bank_constraints,attn,21,25610,belief_bank_constraints,67,16830,7683,8415,8415,3606,4077,119.7431,3073,0.7525074545947411,0.7698280643372157,0.7731354939476767,0.7610692254969157,0.8342002421222852,69534.195,10,2026-09-24T14:37:13.525546+00:00
Falcon3-7B-Base,belief_bank_constraints,attn,21,25610,belief_bank_constraints,104,16830,7683,8415,8415,3606,4077,120.5417,3073,0.7486180573835219,0.7886855241264559,0.7765195887023298,0.7681296421336935,0.8397061502298175,69656.007,10,2026-09-24T14:37:13.525546+00:00
Falcon3-7B-Base,belief_bank_constraints,attn,21,25610,belief_bank_constraints,123,16830,7683,8415,8415,3606,4077,117.4036,3073,0.7481481481481481,0.7842484747642817,0.7748275413250032,0.7657730842133766,0.836316839551882,69774.692,10,2026-09-24T14:37:13.525546+00:00
Falcon3-7B-Base,belief_bank_constraints,attn,21,25610,belief_bank_constraints,420,16830,7683,8415,8415,3606,4077,121.3881,3073,0.7572894168466523,0.7778702163061564,0.7787322660419107,0.7674418604651163,0.8319744733622633,69897.334,10,2026-09-24T14:37:13.525546+00:00
Falcon3-7B-Base,belief_bank_constraints,attn,21,25610,belief_bank_constraints,511,16830,7683,8415,8415,3606,4077,121.5676,3073,0.7526881720430108,0.776483638380477,0.7753481712872576,0.7644007644007644,0.83640257815749,70020.186,10,2026-09-24T14:37:13.525546+00:00
Falcon3-7B-Base,belief_bank_constraints,attn,21,25610,belief_bank_constraints,mean,0,0,0,0,0,0,120.3923,3073.0,0.7518205155618363,0.7782584581253467,0.7753221397891449,0.7647843142508237,0.8350883083830929,93059.129,10,2026-09-24T14:37:13.525546+00:00
Falcon3-7B-Base,belief_bank_constraints,attn,21,25610,belief_bank_constraints,std,0,0,0,0,0,0,3.133465358353271,0.0,0.004319561046369153,0.006457583839302439,0.0026938513165659646,0.0030146915505454585,0.003642202546194012,93059.129,10,2026-09-24T14:37:13.525546+00:00
Falcon3-7B-Base,belief_bank_constraints,attn,21,25610,belief_bank_facts,2,16830,27416,8415,8415,7533,19883,123.4463,3073,0.2513442813544543,0.45917960971724414,0.4755981908374672,0.3248649917821085,0.4822995821186491,70145.653,10,2026-09-24T14:37:13.525546+00:00
Falcon3-7B-Base,belief_bank_constraints,attn,21,25610,belief_bank_facts,4,16830,27416,8415,8415,7533,19883,119.8321,3073,0.2540026684456304,0.40435417496349396,0.5100306390428947,0.31201024327784893,0.48618864135893236,70267.548,10,2026-09-24T14:37:13.525546+00:00
Falcon3-7B-Base,belief_bank_constraints,attn,21,25610,belief_bank_facts,24,16830,27416,8415,8415,7533,19883,116.7257,3073,0.23298760435112573,0.36678614097968937,0.4942369419317187,0.2849628712871287,0.475941839743917,70386.293,10,2026-09-24T14:37:13.525546+00:00
Falcon3-7B-Base,belief_bank_constraints,attn,21,25610,belief_bank_facts,42,16830,27416,8415,8415,7533,19883,115.6293,3073,0.2574686909676065,0.4885171910261516,0.4723519112926758,0.3372124988545771,0.48249232655933,70503.943,10,2026-09-24T14:37:13.525546+00:00
Falcon3-7B-Base,belief_bank_constraints,attn,21,25610,belief_bank_facts,64,16830,27416,8415,8415,7533,19883,127.3143,3073,0.23325535048955898,0.35736094517456524,0.5006565509191713,0.28226905735556257,0.4641567780569832,70633.373,10,2026-09-24T14:37:13.525546+00:00
Falcon3-7B-Base,belief_bank_constraints,attn,21,25610,belief_bank_facts,67,16830,27416,8415,8415,7533,19883,120.2744,3073,0.22469707769066286,0.3347935749369441,0.4998176247446746,0.26891293916937675,0.46496353194930556,70755.774,10,2026-09-24T14:37:13.525546+00:00
Falcon3-7B-Base,belief_bank_constraints,attn,21,25610,belief_bank_facts,104,16830,27416,8415,8415,7533,19883,121.5102,3073,0.2418340280409246,0.42360281428381785,0.4767289174204844,0.3078927055191046,0.4651152558543411,70879.262,10,2026-09-24T14:37:13.525546+00:00
Falcon3-7B-Base,belief_bank_constraints,attn,21,25610,belief_bank_facts,123,16830,27416,8415,8415,7533,19883,126.067,3073,0.2197649671509207,0.3152794371432364,0.5043040560256784,0.2589967284623773,0.46105244019475966,71007.414,10,2026-09-24T14:37:13.525546+00:00
Falcon3-7B-Base,belief_bank_constraints,attn,21,25610,belief_bank_facts,420,16830,27416,8415,8415,7533,19883,117.1792,3073,0.25931717487620537,0.5283419620337183,0.4557557630580683,0.34788689305537346,0.46785478535427205,71126.603,10,2026-09-24T14:37:13.525546+00:00
Falcon3-7B-Base,belief_bank_constraints,attn,21,25610,belief_bank_facts,511,16830,27416,8415,8415,7533,19883,118.1681,3073,0.2359415305245056,0.36426390548254345,0.5012036766851473,0.2863852215206387,0.4752307269930527,71246.76,10,2026-09-24T14:37:13.525546+00:00
Falcon3-7B-Base,belief_bank_constraints,attn,21,25610,belief_bank_facts,mean,0,0,0,0,0,0,120.61466,3073.0,0.24106133738915952,0.4042479755741405,0.48906842719579807,0.3011394150284097,0.47252959081835433,93059.129,10,2026-09-24T14:37:13.525546+00:00
Falcon3-7B-Base,belief_bank_constraints,attn,21,25610,belief_bank_facts,std,0,0,0,0,0,0,3.767325404899342,0.0,0.0132285535510615,0.06620615286218719,0.01678759262198867,0.028041554663860054,0.008579734671630907,93059.129,10,2026-09-24T14:37:13.525546+00:00
Falcon3-7B-Base,belief_bank_constraints,attn,21,25610,halu_eval,2,16830,10000,8415,8415,3259,6741,123.1133,3073,0.32760552857676506,0.2691009512120282,0.5818,0.29548517520215634,0.4943361573685077,71371.216,10,2026-09-24T14:37:13.525546+00:00
Falcon3-7B-Base,belief_bank_constraints,attn,21,25610,halu_eval,4,16830,10000,8415,8415,3259,6741,116.043,3073,0.31983323406789754,0.32954894139306534,0.5531,0.3246184071331419,0.49634683891364884,71488.59,10,2026-09-24T14:37:13.525546+00:00
Falcon3-7B-Base,belief_bank_constraints,attn,21,25610,halu_eval,24,16830,10000,8415,8415,3259,6741,116.0521,3073,0.3178294573643411,0.37741638539429273,0.5331,0.34506943470332446,0.488744712473108,71605.95,10,2026-09-24T14:37:13.525546+00:00
Falcon3-7B-Base,belief_bank_constraints,attn,21,25610,halu_eval,42,16830,10000,8415,8415,3259,6741,115.7736,3073,0.3230112119594234,0.3712795335992636,0.5415,0.3454675231977159,0.4929341084101589,71723.067,10,2026-09-24T14:37:13.525546+00:00
Falcon3-7B-Base,belief_bank_constraints,attn,21,25610,halu_eval,64,16830,10000,8415,8415,3259,6741,123.9449,3073,0.319650067294751,0.29150046026388465,0.5669,0.30492697801316,0.4928981940349455,71848.376,10,2026-09-24T14:37:13.525546+00:00
Falcon3-7B-Base,belief_bank_constraints,attn,21,25610,halu_eval,67,16830,10000,8415,8415,3259,6741,121.3546,3073,0.32158894645941277,0.28567045105860694,0.5708,0.30256743581410467,0.4924275973706307,71971.102,10,2026-09-24T14:37:13.525546+00:00
Falcon3-7B-Base,belief_bank_constraints,attn,21,25610,halu_eval,104,16830,10000,8415,8415,3259,6741,119.1328,3073,0.3198671831765357,0.3547100337526849,0.5439,0.3363887676414957,0.48999504709357805,72091.609,10,2026-09-24T14:37:13.525546+00:00
Falcon3-7B-Base,belief_bank_constraints,attn,21,25610,halu_eval,123,16830,10000,8415,8415,3259,6741,124.6709,3073,0.3183646112600536,0.4372506903958269,0.5115,0.3684550743374273,0.49104544015115176,72217.652,10,2026-09-24T14:37:13.525546+00:00
Falcon3-7B-Base,belief_bank_constraints,attn,21,25610,halu_eval,420,16830,10000,8415,8415,3259,6741,126.2628,3073,0.31887905604719763,0.33169683952132556,0.5513,0.3251616784478869,0.4960471200244309,72345.273,10,2026-09-24T14:37:13.525546+00:00
Falcon3-7B-Base,belief_bank_constraints,attn,21,25610,halu_eval,511,16830,10000,8415,8415,3259,6741,130.1493,3073,0.32308584686774944,0.34182264498312365,0.5521,0.3321902489935888,0.49648583073204466,72476.794,10,2026-09-24T14:37:13.525546+00:00
Falcon3-7B-Base,belief_bank_constraints,attn,21,25610,halu_eval,mean,0,0,0,0,0,0,121.64973,3073.0,0.32097151430741266,0.33899969315741024,0.5506000000000001,0.3280330723484002,0.49312610465722057,93059.129,10,2026-09-24T14:37:13.525546+00:00
Falcon3-7B-Base,belief_bank_constraints,attn,21,25610,halu_eval,std,0,0,0,0,0,0,4.623637536410052,0.0,0.0027987574874532534,0.047491620684435125,0.019023459201732998,0.021393682279190026,0.002560536052327064,93059.129,10,2026-09-24T14:37:13.525546+00:00
Falcon3-7B-Base,belief_bank_constraints,attn,22,25610,belief_bank_constraints,2,16830,7683,8415,8415,3606,4077,126.1071,3073,0.7531813361611877,0.7878535773710482,0.779252896004165,0.7701274058010301,0.8407090300402771,72605.146,10,2026-09-24T14:37:13.525546+00:00
Falcon3-7B-Base,belief_bank_constraints,attn,22,25610,belief_bank_constraints,4,16830,7683,8415,8415,3606,4077,135.1918,3073,0.7538064516129033,0.810038824181919,0.7866718729662893,0.7809116428284989,0.8399016723415353,72741.627,10,2026-09-24T14:37:13.525546+00:00
Falcon3-7B-Base,belief_bank_constraints,attn,22,25610,belief_bank_constraints,24,16830,7683,8415,8415,3606,4077,125.9469,3073,0.7464678178963893,0.7911813643926788,0.775868801249512,0.7681744749596123,0.8333799607146458,72868.905,10,2026-09-24T14:37:13.525546+00:00
Falcon3-7B-Base,belief_bank_constraints,attn,22,25610,belief_bank_constraints,42,16830,7683,8415,8415,3606,4077,127.2908,3073,0.7492625368731564,0.7748197448696617,0.7726148639854223,0.761826857532379,0.8298359056275406,72997.495,10,2026-09-24T14:37:13.525546+00:00
Falcon3-7B-Base,belief_bank_constraints,attn,22,25610,belief_bank_constraints,64,16830,7683,8415,8415,3606,4077,124.844,3073,0.7544474393530998,0.7762063227953411,0.7763894312117663,0.7651722252597047,0.8346167936659135,73123.653,10,2026-09-24T14:37:13.525546+00:00
Falcon3-7B-Base,belief_bank_constraints,attn,22,25610,belief_bank_constraints,67,16830,7683,8415,8415,3606,4077,137.1096,3073,0.756,0.7861896838602329,0.7805544709098009,0.7707993474714518,0.8376965815157498,73262.156,10,2026-09-24T14:37:13.525546+00:00
Falcon3-7B-Base,belief_bank_constraints,attn,22,25610,belief_bank_constraints,104,16830,7683,8415,8415,3606,4077,124.2044,3073,0.747874601487779,0.7806433721575152,0.7735259664193674,0.7639077340569878,0.8351240492401472,73387.751,10,2026-09-24T14:37:13.525546+00:00
Falcon3-7B-Base,belief_bank_constraints,attn,22,25610,belief_bank_constraints,123,16830,7683,8415,8415,3606,4077,117.6134,3073,0.7525718807702453,0.7911813643926788,0.7799036834569829,0.7713938083006624,0.8393307504961004,73506.616,10,2026-09-24T14:37:13.525546+00:00
Falcon3-7B-Base,belief_bank_constraints,attn,22,25610,belief_bank_constraints,420,16830,7683,8415,8415,3606,4077,117.1169,3073,0.7531612223393045,0.7928452579034941,0.780814785890928,0.7724939205620103,0.8383739199010287,73624.972,10,2026-09-24T14:37:13.525546+00:00
Falcon3-7B-Base,belief_bank_constraints,attn,22,25610,belief_bank_constraints,511,16830,7683,8415,8415,3606,4077,115.812,3073,0.7542213883677298,0.7803660565723793,0.7775608486268385,0.7670710099495707,0.8280391019736408,73741.981,10,2026-09-24T14:37:13.525546+00:00
Falcon3-7B-Base,belief_bank_constraints,attn,22,25610,belief_bank_constraints,mean,0,0,0,0,0,0,125.12368999999998,3073.0,0.7520994674861795,0.787132556849695,0.7783157620721072,0.7691878426721909,0.835700776551658,93059.129,10,2026-09-24T14:37:13.525546+00:00
Falcon3-7B-Base,belief_bank_constraints,attn,22,25610,belief_bank_constraints,std,0,0,0,0,0,0,6.778746539213573,0.0,0.002971153840420578,0.009748895193663811,0.003875459772265306,0.005103140007686458,0.004086900535072166,93059.129,10,2026-09-24T14:37:13.525546+00:00
Falcon3-7B-Base,belief_bank_constraints,attn,22,25610,belief_bank_facts,2,16830,27416,8415,8415,7533,19883,120.9981,3073,0.24236473217308865,0.4751095181202708,0.4476947767726875,0.3209865470852018,0.45432625409288174,73864.898,10,2026-09-24T14:37:13.525546+00:00
Falcon3-7B-Base,belief_bank_constraints,attn,22,25610,belief_bank_facts,4,16830,27416,8415,8415,7533,19883,131.0822,3073,0.2550642708123023,0.5031196070622594,0.4597315436241611,0.3385137549124687,0.4630569116067345,73997.982,10,2026-09-24T14:37:13.525546+00:00
Falcon3-7B-Base,belief_bank_constraints,attn,22,25610,belief_bank_facts,24,16830,27416,8415,8415,7533,19883,116.3512,3073,0.24389378017608634,0.4559936280366388,0.46210242194339074,0.3178054309108572,0.4564983261732002,74116.294,10,2026-09-24T14:37:13.525546+00:00
Falcon3-7B-Base,belief_bank_constraints,attn,22,25610,belief_bank_facts,42,16830,27416,8415,8415,7533,19883,122.1305,3073,0.23497673163822755,0.46249834063454137,0.4385760140064196,0.3116279069767442,0.4412148417238589,74240.337,10,2026-09-24T14:37:13.525546+00:00
Falcon3-7B-Base,belief_bank_constraints,attn,22,25610,belief_bank_facts,64,16830,27416,8415,8415,7533,19883,114.1154,3073,0.23954096455549098,0.43780698260985,0.46363437408812375,0.30965682362330404,0.4510151577756024,74356.465,10,2026-09-24T14:37:13.525546+00:00
Falcon3-7B-Base,belief_bank_constraints,attn,22,25610,belief_bank_facts,67,16830,27416,8415,8415,7533,19883,113.9689,3073,0.24559023066485752,0.48055223682463827,0.45167055733878025,0.3250572441970098,0.4532397273285411,74472.317,10,2026-09-24T14:37:13.525546+00:00
Falcon3-7B-Base,belief_bank_constraints,attn,22,25610,belief_bank_facts,104,16830,27416,8415,8415,7533,19883,118.1289,3073,0.24911242603550296,0.5029868578255675,0.44685585059819083,0.333201424614167,0.45701129985564903,74592.36,10,2026-09-24T14:37:13.525546+00:00
Falcon3-7B-Base,belief_bank_constraints,attn,22,25610,belief_bank_facts,123,16830,27416,8415,8415,7533,19883,117.7395,3073,0.24470148219975066,0.4690030532324439,0.4563393638751094,0.3216057530380957,0.45931914563598086,74712.067,10,2026-09-24T14:37:13.525546+00:00
Falcon3-7B-Base,belief_bank_constraints,attn,22,25610,belief_bank_facts,420,16830,27416,8415,8415,7533,19883,111.6731,3073,0.2500870776732846,0.4765697597238816,0.4635249489349285,0.32803362573099415,0.46268849124740674,74825.671,10,2026-09-24T14:37:13.525546+00:00
Falcon3-7B-Base,belief_bank_constraints,attn,22,25610,belief_bank_facts,511,16830,27416,8415,8415,7533,19883,118.6646,3073,0.24429428394125352,0.4703305455993628,0.4546979865771812,0.32156471228898165,0.4574963923927764,74946.263,10,2026-09-24T14:37:13.525546+00:00
Falcon3-7B-Base,belief_bank_constraints,attn,22,25610,belief_bank_facts,mean,0,0,0,0,0,0,118.48524,3073.0,0.2449625979869845,0.47339705296694545,0.4544827837758973,0.3228053223377824,0.45558665478326327,93059.129,10,2026-09-24T14:37:13.525546+00:00
Falcon3-7B-Base,belief_bank_constraints,attn,22,25610,belief_bank_facts,std,0,0,0,0,0,0,5.190888846469358,0.0,0.0053238784805286635,0.018815437740214838,0.007872706106990084,0.008463702942697356,0.0060101949724108775,93059.129,10,2026-09-24T14:37:13.525546+00:00
Falcon3-7B-Base,belief_bank_constraints,attn,22,25610,halu_eval,2,16830,10000,8415,8415,3259,6741,117.7598,3073,0.328804347826087,0.7425590671985272,0.4221,0.4557867972502119,0.5055849812182384,75065.274,10,2026-09-24T14:37:13.525546+00:00
Falcon3-7B-Base,belief_bank_constraints,attn,22,25610,halu_eval,4,16830,10000,8415,8415,3259,6741,120.426,3073,0.32979207770526636,0.6667689475299171,0.4498,0.44130787977254265,0.5082637884913681,75186.955,10,2026-09-24T14:37:13.525546+00:00
Falcon3-7B-Base,belief_bank_constraints,attn,22,25610,halu_eval,24,16830,10000,8415,8415,3259,6741,116.6361,3073,0.3277620396600567,0.7100337526848727,0.4309,0.4484930710340149,0.5067191289657903,75304.837,10,2026-09-24T14:37:13.525546+00:00
Falcon3-7B-Base,belief_bank_constraints,attn,22,25610,halu_eval,42,16830,10000,8415,8415,3259,6741,117.5117,3073,0.3271082579515611,0.6879410862227677,0.4371,0.4433896964303372,0.5057883366951281,75423.602,10,2026-09-24T14:37:13.525546+00:00
Falcon3-7B-Base,belief_bank_constraints,attn,22,25610,halu_eval,64,16830,10000,8415,8415,3259,6741,115.1699,3073,0.3284457478005865,0.7216937710954281,0.4284,0.4514395393474088,0.5083344565110373,75540.022,10,2026-09-24T14:37:13.525546+00:00
Falcon3-7B-Base,belief_bank_constraints,attn,22,25610,halu_eval,67,16830,10000,8415,8415,3259,6741,116.4216,3073,0.3302097278000892,0.6811905492482356,0.4458,0.44480064115407736,0.5093695324744928,75657.688,10,2026-09-24T14:37:13.525546+00:00
Falcon3-7B-Base,belief_bank_constraints,attn,22,25610,halu_eval,104,16830,10000,8415,8415,3259,6741,111.4615,3073,0.33116293155663235,0.6710647437864375,0.4511,0.4434756159383555,0.5103573371088491,75770.384,10,2026-09-24T14:37:13.525546+00:00
Falcon3-7B-Base,belief_bank_constraints,attn,22,25610,halu_eval,123,16830,10000,8415,8415,3259,6741,112.3617,3073,0.326031656302996,0.7078858545566125,0.4279,0.44644412191582,0.5063706821441692,75884.002,10,2026-09-24T14:37:13.525546+00:00
Falcon3-7B-Base,belief_bank_constraints,attn,22,25610,halu_eval,420,16830,10000,8415,8415,3259,6741,117.7095,3073,0.328894989704873,0.7351948450444922,0.4248,0.4544764795144158,0.5073735762783776,76002.964,10,2026-09-24T14:37:13.525546+00:00
Falcon3-7B-Base,belief_bank_constraints,attn,22,25610,halu_eval,511,16830,10000,8415,8415,3259,6741,114.1394,3073,0.3271780303030303,0.6360846885547714,0.4551,0.4321000521104742,0.5074665030172855,76118.364,10,2026-09-24T14:37:13.525546+00:00
Falcon3-7B-Base,belief_bank_constraints,attn,22,25610,halu_eval,mean,0,0,0,0,0,0,115.95971999999999,3073.0,0.32853898066111786,0.6960417305922062,0.4373,0.44617138944676576,0.5075628322904736,93059.129,10,2026-09-24T14:37:13.525546+00:00
Falcon3-7B-Base,belief_bank_constraints,attn,22,25610,halu_eval,std,0,0,0,0,0,0,2.577717045682091,0.0,0.0014913781260649224,0.031705972193676886,0.011539670705873716,0.006581708004290541,0.001462841419581666,93059.129,10,2026-09-24T14:37:13.525546+00:00
Falcon3-7B-Base,belief_bank_constraints,attn,23,25610,belief_bank_constraints,2,16830,7683,8415,8415,3606,4077,118.2669,3073,0.7016546018614271,0.7526344980587909,0.7336977743069114,0.7262510034787263,0.7912398611803211,76238.801,10,2026-09-24T14:37:13.525546+00:00
Falcon3-7B-Base,belief_bank_constraints,attn,23,25610,belief_bank_constraints,4,16830,7683,8415,8415,3606,4077,127.7727,3073,0.7019901783406565,0.7531891292290627,0.7340882467786021,0.7266889632107023,0.7829224342118598,76367.767,10,2026-09-24T14:37:13.525546+00:00
Falcon3-7B-Base,belief_bank_constraints,attn,23,25610,belief_bank_constraints,24,16830,7683,8415,8415,3606,4077,114.9199,3073,0.6990316671028527,0.7407099278979479,0.7286216321749317,0.7192675373636731,0.786871103416743,76483.905,10,2026-09-24T14:37:13.525546+00:00
Falcon3-7B-Base,belief_bank_constraints,attn,23,25610,belief_bank_constraints,42,16830,7683,8415,8415,3606,4077,121.6461,3073,0.7023560209424083,0.7440377149195785,0.7318755694390212,0.7225962833288446,0.7816306074782565,76606.781,10,2026-09-24T14:37:13.525546+00:00
Falcon3-7B-Base,belief_bank_constraints,attn,23,25610,belief_bank_constraints,64,16830,7683,8415,8415,3606,4077,123.7627,3073,0.6996595967530768,0.7409872434830838,0.729142262137186,0.7197306397306398,0.7853155650021065,76731.751,10,2026-09-24T14:37:13.525546+00:00
Falcon3-7B-Base,belief_bank_constraints,attn,23,25610,belief_bank_constraints,67,16830,7683,8415,8415,3606,4077,117.2966,3073,0.7009032258064516,0.7531891292290627,0.7333073018352206,0.7261061355433766,0.7891836310751805,76850.28,10,2026-09-24T14:37:13.525546+00:00
Falcon3-7B-Base,belief_bank_constraints,attn,23,25610,belief_bank_constraints,104,16830,7683,8415,8415,3606,4077,121.1784,3073,0.6977040816326531,0.7584581253466445,0.7323961994012755,0.72681371246346,0.7853257679301837,76972.663,10,2026-09-24T14:37:13.525546+00:00
Falcon3-7B-Base,belief_bank_constraints,attn,23,25610,belief_bank_constraints,123,16830,7683,8415,8415,3606,4077,121.8341,3073,0.6933771486349848,0.7606766500277315,0.7297930495900039,0.7254694525257869,0.782575942774361,77095.685,10,2026-09-24T14:37:13.525546+00:00
Falcon3-7B-Base,belief_bank_constraints,attn,23,25610,belief_bank_constraints,420,16830,7683,8415,8415,3606,4077,127.4123,3073,0.7129997352396081,0.7468108707709373,0.7400754913445269,0.7295137477989977,0.7901309049276197,77224.272,10,2026-09-24T14:37:13.525546+00:00
Falcon3-7B-Base,belief_bank_constraints,attn,23,25610,belief_bank_constraints,511,16830,7683,8415,8415,3606,4077,117.9382,3073,0.6986589534577965,0.7368275097060455,0.7273200572692958,0.7172357943042246,0.7787675298207781,77343.387,10,2026-09-24T14:37:13.525546+00:00
Falcon3-7B-Base,belief_bank_constraints,attn,23,25610,belief_bank_constraints,mean,0,0,0,0,0,0,121.20279000000001,3073.0,0.7008335209771915,0.7487520798668885,0.7320317584276975,0.7239673269748432,0.7853963347817411,93059.129,10,2026-09-24T14:37:13.525546+00:00
Falcon3-7B-Base,belief_bank_constraints,attn,23,25610,belief_bank_constraints,std,0,0,0,0,0,0,4.035846466715502,0.0,0.004765459714894918,0.007642044706541599,0.0034739129325747175,0.0038150870726115687,0.0038116868556548763,93059.129,10,2026-09-24T14:37:13.525546+00:00
Falcon3-7B-Base,belief_bank_constraints,attn,23,25610,belief_bank_facts,2,16830,27416,8415,8415,7533,19883,123.4516,3073,0.2700166574125486,0.6455595380326563,0.4230741173037642,0.3807696824961829,0.47721489177104887,77468.702,10,2026-09-24T14:37:13.525546+00:00
Falcon3-7B-Base,belief_bank_constraints,attn,23,25610,belief_bank_facts,4,16830,27416,8415,8415,7533,19883,124.1627,3073,0.2663505357802685,0.57414044869242,0.448460752845054,0.3638887720331496,0.4778682659815062,77594.728,10,2026-09-24T14:37:13.525546+00:00
Falcon3-7B-Base,belief_bank_constraints,attn,23,25610,belief_bank_facts,24,16830,27416,8415,8415,7533,19883,115.2719,3073,0.26693248852960455,0.6487455197132617,0.4139553545374964,0.3782361363724314,0.46217057694054753,77711.851,10,2026-09-24T14:37:13.525546+00:00
Falcon3-7B-Base,belief_bank_constraints,attn,23,25610,belief_bank_facts,42,16830,27416,8415,8415,7533,19883,129.1672,3073,0.25,0.4960838975175893,0.45261890866647214,0.33245852052844627,0.4760472753394428,77842.897,10,2026-09-24T14:37:13.525546+00:00
Falcon3-7B-Base,belief_bank_constraints,attn,23,25610,belief_bank_facts,64,16830,27416,8415,8415,7533,19883,123.7366,3073,0.25205117906936714,0.5831673967874684,0.40997957397140355,0.3519750020030446,0.4577820172341131,77968.516,10,2026-09-24T14:37:13.525546+00:00
Falcon3-7B-Base,belief_bank_constraints,attn,23,25610,belief_bank_facts,67,16830,27416,8415,8415,7533,19883,113.7565,3073,0.2624302973977695,0.5997610513739546,0.42686752261453165,0.3651056608347812,0.47528032685622146,78084.156,10,2026-09-24T14:37:13.525546+00:00
Falcon3-7B-Base,belief_bank_constraints,attn,23,25610,belief_bank_facts,104,16830,27416,8415,8415,7533,19883,124.1069,3073,0.2545676004872107,0.5271472189034913,0.4459439743215641,0.34333390973543143,0.4719088848176809,78210.122,10,2026-09-24T14:37:13.525546+00:00
Falcon3-7B-Base,belief_bank_constraints,attn,23,25610,belief_bank_facts,123,16830,27416,8415,8415,7533,19883,116.1826,3073,0.2585206671501088,0.5679012345679012,0.4337248322147651,0.3553008595988539,0.48014210157163995,78328.189,10,2026-09-24T14:37:13.525546+00:00
Falcon3-7B-Base,belief_bank_constraints,attn,23,25610,belief_bank_facts,420,16830,27416,8415,8415,7533,19883,122.2819,3073,0.25677238692396664,0.5599362803663879,0.4337613072658302,0.3520868113522538,0.46382029816681664,78452.336,10,2026-09-24T14:37:13.525546+00:00
Falcon3-7B-Base,belief_bank_constraints,attn,23,25610,belief_bank_facts,511,16830,27416,8415,8415,7533,19883,121.9217,3073,0.2761960669210449,0.6245851586353378,0.4471111759556463,0.3830185607294041,0.486212563328206,78576.142,10,2026-09-24T14:37:13.525546+00:00
Falcon3-7B-Base,belief_bank_constraints,attn,23,25610,belief_bank_facts,mean,0,0,0,0,0,0,121.40396000000001,3073.0,0.26138378796718886,0.5827027744590468,0.4335497519696528,0.3606173915683979,0.4728447202007223,93059.129,10,2026-09-24T14:37:13.525546+00:00
Falcon3-7B-Base,belief_bank_constraints,attn,23,25610,belief_bank_facts,std,0,0,0,0,0,0,4.573900995474214,0.0,0.008019307924654752,0.04664537873338131,0.014203731459064525,0.015863674983944198,0.008459387044138806,93059.129,10,2026-09-24T14:37:13.525546+00:00
Falcon3-7B-Base,belief_bank_constraints,attn,23,25610,halu_eval,2,16830,10000,8415,8415,3259,6741,126.125,3073,0.3262449528936743,0.7437864375575329,0.4159,0.4535503788941903,0.49832986775544125,78703.521,10,2026-09-24T14:37:13.525546+00:00
Falcon3-7B-Base,belief_bank_constraints,attn,23,25610,halu_eval,4,16830,10000,8415,8415,3259,6741,118.5592,3073,0.3223404255319149,0.46486652347345814,0.5071,0.3807010931021485,0.49477643847655867,78823.336,10,2026-09-24T14:37:13.525546+00:00
Falcon3-7B-Base,belief_bank_constraints,attn,23,25610,halu_eval,24,16830,10000,8415,8415,3259,6741,120.1732,3073,0.3232366024147426,0.46824179196072413,0.5072,0.3824561403508772,0.49878917574415027,78944.776,10,2026-09-24T14:37:13.525546+00:00
Falcon3-7B-Base,belief_bank_constraints,attn,23,25610,halu_eval,42,16830,10000,8415,8415,3259,6741,119.6864,3073,0.3284501642935378,0.7361153728137465,0.4235,0.4542270188393449,0.5028513920052233,79065.709,10,2026-09-24T14:37:13.525546+00:00
Falcon3-7B-Base,belief_bank_constraints,attn,23,25610,halu_eval,64,16830,10000,8415,8415,3259,6741,118.2486,3073,0.3229957109864731,0.6007977907333538,0.4595,0.42012659585881346,0.499167938122035,79185.211,10,2026-09-24T14:37:13.525546+00:00
Falcon3-7B-Base,belief_bank_constraints,attn,23,25610,halu_eval,67,16830,10000,8415,8415,3259,6741,119.4777,3073,0.3208781929491239,0.4664007364222154,0.5044,0.38019009504752377,0.4964319364097979,79305.955,10,2026-09-24T14:37:13.525546+00:00
Falcon3-7B-Base,belief_bank_constraints,attn,23,25610,halu_eval,104,16830,10000,8415,8415,3259,6741,121.2621,3073,0.3245496101102447,0.7407180116600184,0.4131,0.45134149761615405,0.4998619185586691,79428.485,10,2026-09-24T14:37:13.525546+00:00
Falcon3-7B-Base,belief_bank_constraints,attn,23,25610,halu_eval,123,16830,10000,8415,8415,3259,6741,112.5334,3073,0.32429002062509915,0.6271862534519791,0.4526,0.42752562225475843,0.4992814393826114,79542.283,10,2026-09-24T14:37:13.525546+00:00
Falcon3-7B-Base,belief_bank_constraints,attn,23,25610,halu_eval,420,16830,10000,8415,8415,3259,6741,127.7655,3073,0.32075897899254574,0.43571647744706965,0.5154,0.36950299245381213,0.49767510181088104,79671.321,10,2026-09-24T14:37:13.525546+00:00
Falcon3-7B-Base,belief_bank_constraints,attn,23,25610,halu_eval,511,16830,10000,8415,8415,3259,6741,119.0273,3073,0.3258659314147855,0.5802393372200061,0.472,0.41734716398146104,0.4996160484728448,79791.621,10,2026-09-24T14:37:13.525546+00:00
Falcon3-7B-Base,belief_bank_constraints,attn,23,25610,halu_eval,mean,0,0,0,0,0,0,120.28584000000001,3073.0,0.3239610590212142,0.5864068732740104,0.46707,0.41369685983990834,0.49867812567382125,93059.129,10,2026-09-24T14:37:13.525546+00:00
Falcon3-7B-Base,belief_bank_constraints,attn,23,25610,halu_eval,std,0,0,0,0,0,0,4.010426093870825,0.0,0.002308504952596027,0.11779010812478381,0.03829177587942349,0.03167731174919427,0.0020422860247809715,93059.129,10,2026-09-24T14:37:13.525546+00:00
Falcon3-7B-Base,belief_bank_constraints,attn,24,25610,belief_bank_constraints,2,16830,7683,8415,8415,3606,4077,92.0527,3073,0.7002866823038832,0.745146977260122,0.730704152023949,0.7220206905817547,0.7881206220085866,79885.676,10,2026-09-24T14:37:13.525546+00:00
Falcon3-7B-Base,belief_bank_constraints,attn,24,25610,belief_bank_constraints,4,16830,7683,8415,8415,3606,4077,102.8695,3073,0.6987983281086729,0.7418191902384914,0.7287517896654953,0.7196663976324993,0.7807398918571247,79989.756,10,2026-09-24T14:37:13.525546+00:00
Falcon3-7B-Base,belief_bank_constraints,attn,24,25610,belief_bank_constraints,24,16830,7683,8415,8415,3606,4077,96.4398,3073,0.6955618998183234,0.7432057681641708,0.7267994273070415,0.7185949859230459,0.7790452535230371,80087.412,10,2026-09-24T14:37:13.525546+00:00
Falcon3-7B-Base,belief_bank_constraints,attn,24,25610,belief_bank_constraints,42,16830,7683,8415,8415,3606,4077,96.1077,3073,0.7012850773669027,0.7415418746533555,0.7304438370428218,0.7208518668284135,0.7828931518082786,80184.733,10,2026-09-24T14:37:13.525546+00:00
Falcon3-7B-Base,belief_bank_constraints,attn,24,25610,belief_bank_constraints,64,16830,7683,8415,8415,3606,4077,99.6379,3073,0.6961268520925397,0.7426511369938991,0.7270597422881687,0.7186367905541393,0.778345026569105,80285.581,10,2026-09-24T14:37:13.525546+00:00
Falcon3-7B-Base,belief_bank_constraints,attn,24,25610,belief_bank_constraints,67,16830,7683,8415,8415,3606,4077,87.4762,3073,0.6972236773179675,0.7382140876317249,0.726669269816478,0.7171336206896551,0.7840857040516916,80374.266,10,2026-09-24T14:37:13.525546+00:00
Falcon3-7B-Base,belief_bank_constraints,attn,24,25610,belief_bank_constraints,104,16830,7683,8415,8415,3606,4077,95.356,3073,0.6945296523517382,0.7534664448141986,0.7287517896654953,0.7227986166533653,0.7890505848930549,80470.879,10,2026-09-24T14:37:13.525546+00:00
Falcon3-7B-Base,belief_bank_constraints,attn,24,25610,belief_bank_constraints,123,16830,7683,8415,8415,3606,4077,89.3839,3073,0.696875,0.7420965058236273,0.7274502147598594,0.7187751813053989,0.7779291552206818,80561.515,10,2026-09-24T14:37:13.525546+00:00
Falcon3-7B-Base,belief_bank_constraints,attn,24,25610,belief_bank_constraints,420,16830,7683,8415,8415,3606,4077,89.1166,3073,0.7033368091762252,0.7481974486966168,0.7336977743069114,0.7250739048642838,0.7815212320892699,80651.836,10,2026-09-24T14:37:13.525546+00:00
Falcon3-7B-Base,belief_bank_constraints,attn,24,25610,belief_bank_constraints,511,16830,7683,8415,8415,3606,4077,89.9946,3073,0.6963446475195822,0.7396006655574043,0.7264089548353507,0.7173211403980635,0.7760009718629091,80743.044,10,2026-09-24T14:37:13.525546+00:00
Falcon3-7B-Base,belief_bank_constraints,attn,24,25610,belief_bank_constraints,mean,0,0,0,0,0,0,93.84349,3073.0,0.6980368626055835,0.743594009983361,0.728673695171157,0.7200873195430619,0.781773159388374,93059.129,10,2026-09-24T14:37:13.525546+00:00
Falcon3-7B-Base,belief_bank_constraints,attn,24,25610,belief_bank_constraints,std,0,0,0,0,0,0,4.795767924420446,0.0,0.002668908818619282,0.004202406375932247,0.0022197099806547924,0.0024319885131403114,0.004102104832813065,93059.129,10,2026-09-24T14:37:13.525546+00:00
Falcon3-7B-Base,belief_bank_constraints,attn,24,25610,belief_bank_facts,2,16830,27416,8415,8415,7533,19883,96.5199,3073,0.27867494824016564,0.5360414177618479,0.4912824627954479,0.3667075330336466,0.5053619628630756,80841.47,10,2026-09-24T14:37:13.525546+00:00
Falcon3-7B-Base,belief_bank_constraints,attn,24,25610,belief_bank_facts,4,16830,27416,8415,8415,7533,19883,94.353,3073,0.27306356635965573,0.4801539891145626,0.5059454333236066,0.348139948986958,0.5088397785481279,80937.744,10,2026-09-24T14:37:13.525546+00:00
Falcon3-7B-Base,belief_bank_constraints,attn,24,25610,belief_bank_facts,24,16830,27416,8415,8415,7533,19883,91.3731,3073,0.2782180071129968,0.5919288464091331,0.4659323023052232,0.3785229202037351,0.5036248827177552,81031.08,10,2026-09-24T14:37:13.525546+00:00
Falcon3-7B-Base,belief_bank_constraints,attn,24,25610,belief_bank_facts,42,16830,27416,8415,8415,7533,19883,95.4533,3073,0.26794490205579014,0.5138722952343024,0.4806682229355121,0.3522292993630573,0.5026972904994818,81128.472,10,2026-09-24T14:37:13.525546+00:00
Falcon3-7B-Base,belief_bank_constraints,attn,24,25610,belief_bank_facts,64,16830,27416,8415,8415,7533,19883,95.2636,3073,0.28265732180137193,0.5032523562989513,0.5125838926174496,0.3619957030317498,0.516288277262287,81225.642,10,2026-09-24T14:37:13.525546+00:00
Falcon3-7B-Base,belief_bank_constraints,attn,24,25610,belief_bank_facts,67,16830,27416,8415,8415,7533,19883,86.7495,3073,0.2671408981830648,0.4137793707686181,0.527028012839218,0.3246705900734337,0.5104171930684989,81314.31,10,2026-09-24T14:37:13.525546+00:00
Falcon3-7B-Base,belief_bank_constraints,attn,24,25610,belief_bank_facts,104,16830,27416,8415,8415,7533,19883,91.9426,3073,0.27895148669796554,0.5679012345679012,0.47793259410563177,0.374130919585465,0.50663523521535,81408.156,10,2026-09-24T14:37:13.525546+00:00
Falcon3-7B-Base,belief_bank_constraints,attn,24,25610,belief_bank_facts,123,16830,27416,8415,8415,7533,19883,86.4678,3073,0.2674979588807244,0.47842824903756803,0.4967172454041436,0.34314005522231744,0.5054092927096233,81496.552,10,2026-09-24T14:37:13.525546+00:00
Falcon3-7B-Base,belief_bank_constraints,attn,24,25610,belief_bank_facts,420,16830,27416,8415,8415,7533,19883,85.7177,3073,0.280281597473518,0.5655117483074472,0.481616574263204,0.37480204117543553,0.5156758034101245,81584.217,10,2026-09-24T14:37:13.525546+00:00
Falcon3-7B-Base,belief_bank_constraints,attn,24,25610,belief_bank_facts,511,16830,27416,8415,8415,7533,19883,91.3455,3073,0.27552944589498113,0.5043143501924864,0.4994528742340239,0.3563622719384644,0.5034284762061432,81677.495,10,2026-09-24T14:37:13.525546+00:00
Falcon3-7B-Base,belief_bank_constraints,attn,24,25610,belief_bank_facts,mean,0,0,0,0,0,0,91.5186,3073.0,0.27499601327002343,0.5155183857692818,0.49391596148234607,0.3580701282614263,0.5078378192500467,93059.129,10,2026-09-24T14:37:13.525546+00:00
Falcon3-7B-Base,belief_bank_constraints,attn,24,25610,belief_bank_facts,std,0,0,0,0,0,0,3.8038133532022855,0.0,0.005457612565024116,0.04975830981509611,0.017321600436105592,0.01587549770059364,0.004664668461390054,93059.129,10,2026-09-24T14:37:13.525546+00:00
Falcon3-7B-Base,belief_bank_constraints,attn,24,25610,halu_eval,2,16830,10000,8415,8415,3259,6741,90.1947,3073,0.32527310666503007,0.8131328628413624,0.3894,0.46466771874452045,0.4981215734829738,81768.967,10,2026-09-24T14:37:13.525546+00:00
Falcon3-7B-Base,belief_bank_constraints,attn,24,25610,halu_eval,4,16830,10000,8415,8415,3259,6741,94.8725,3073,0.3253293084522503,0.7275237803007057,0.4195,0.4496065231819475,0.49886897029389565,81865.081,10,2026-09-24T14:37:13.525546+00:00
Falcon3-7B-Base,belief_bank_constraints,attn,24,25610,halu_eval,24,16830,10000,8415,8415,3259,6741,91.7427,3073,0.3300783936184844,0.7364222154034981,0.427,0.45584045584045585,0.5004093738066948,81958.069,10,2026-09-24T14:37:13.525546+00:00
Falcon3-7B-Base,belief_bank_constraints,attn,24,25610,halu_eval,42,16830,10000,8415,8415,3259,6741,95.2666,3073,0.325750562094961,0.7557532985578398,0.4106,0.45526802218114604,0.49703239836243196,82054.586,10,2026-09-24T14:37:13.525546+00:00
Falcon3-7B-Base,belief_bank_constraints,attn,24,25610,halu_eval,64,16830,10000,8415,8415,3259,6741,92.9745,3073,0.32935336731955994,0.7532985578398281,0.4197,0.45832166526649865,0.5011616411349142,82148.809,10,2026-09-24T14:37:13.525546+00:00
Falcon3-7B-Base,belief_bank_constraints,attn,24,25610,halu_eval,67,16830,10000,8415,8415,3259,6741,90.803,3073,0.32722308892355695,0.7723227984044185,0.4083,0.4596840471189846,0.5009586725682771,82240.86,10,2026-09-24T14:37:13.525546+00:00
Falcon3-7B-Base,belief_bank_constraints,attn,24,25610,halu_eval,104,16830,10000,8415,8415,3259,6741,91.4482,3073,0.3256880733944954,0.7625038355323719,0.4081,0.45642391404169347,0.49866040290830876,82333.547,10,2026-09-24T14:37:13.525546+00:00
Falcon3-7B-Base,belief_bank_constraints,attn,24,25610,halu_eval,123,16830,10000,8415,8415,3259,6741,88.484,3073,0.32605969400551793,0.7977907333537895,0.3967,0.4629217484198344,0.5003552291307551,82423.273,10,2026-09-24T14:37:13.525546+00:00
Falcon3-7B-Base,belief_bank_constraints,attn,24,25610,halu_eval,420,16830,10000,8415,8415,3259,6741,83.7376,3073,0.3261055634807418,0.7014421601718318,0.4303,0.44522348816827345,0.502452965482735,82508.264,10,2026-09-24T14:37:13.525546+00:00
Falcon3-7B-Base,belief_bank_constraints,attn,24,25610,halu_eval,511,16830,10000,8415,8415,3259,6741,95.9066,3073,0.3296891464699684,0.7680270021478981,0.4155,0.46133996866648236,0.5017774657005198,82605.458,10,2026-09-24T14:37:13.525546+00:00
Falcon3-7B-Base,belief_bank_constraints,attn,24,25610,halu_eval,mean,0,0,0,0,0,0,91.54304,3073.0,0.32705503044245654,0.7588217244553543,0.41251,0.45692975516298373,0.4999798692871506,93059.129,10,2026-09-24T14:37:13.525546+00:00
Falcon3-7B-Base,belief_bank_constraints,attn,24,25610,halu_eval,std,0,0,0,0,0,0,3.4458249314786733,0.0,0.0018167456702849832,0.030923278938137958,0.012086310437846609,0.0056535281285001356,0.0016475285615665059,93059.129,10,2026-09-24T14:37:13.525546+00:00
Falcon3-7B-Base,belief_bank_constraints,attn,25,25610,belief_bank_constraints,2,16830,7683,8415,8415,3606,4077,96.8885,3073,0.7359913793103449,0.7576261785912368,0.7586880124951191,0.7466520907351736,0.8231414584283057,82704.331,10,2026-09-24T14:37:13.525546+00:00
Falcon3-7B-Base,belief_bank_constraints,attn,25,25610,belief_bank_constraints,4,16830,7683,8415,8415,3606,4077,99.4468,3073,0.7359145527369827,0.764281752634498,0.7606403748535728,0.7498299551081485,0.8164221160845624,82804.971,10,2026-09-24T14:37:13.525546+00:00
Falcon3-7B-Base,belief_bank_constraints,attn,25,25610,belief_bank_constraints,24,16830,7683,8415,8415,3606,4077,92.589,3073,0.7294647588765236,0.7634498058790904,0.7560848626838474,0.746070460704607,0.8156665212409318,82898.777,10,2026-09-24T14:37:13.525546+00:00
Falcon3-7B-Base,belief_bank_constraints,attn,25,25610,belief_bank_constraints,42,16830,7683,8415,8415,3606,4077,98.0944,3073,0.7237670514165793,0.7651136993899057,0.7527007679291943,0.743866271232138,0.8127940228798621,82998.076,10,2026-09-24T14:37:13.525546+00:00
Falcon3-7B-Base,belief_bank_constraints,attn,25,25610,belief_bank_constraints,64,16830,7683,8415,8415,3606,4077,98.0985,3073,0.7352861404936263,0.7518025513033832,0.7564753351555382,0.743452625805567,0.8156007463645947,83097.379,10,2026-09-24T14:37:13.525546+00:00
Falcon3-7B-Base,belief_bank_constraints,attn,25,25610,belief_bank_constraints,67,16830,7683,8415,8415,3606,4077,94.9139,3073,0.7348749663888142,0.7579034941763727,0.7580372250423012,0.7462116040955631,0.8202901821576364,83193.496,10,2026-09-24T14:37:13.525546+00:00
Falcon3-7B-Base,belief_bank_constraints,attn,25,25610,belief_bank_constraints,104,16830,7683,8415,8415,3606,4077,95.2363,3073,0.7354248366013072,0.7800887409872435,0.7650657295327347,0.7570986408289597,0.8248385114553713,83289.939,10,2026-09-24T14:37:13.525546+00:00
Falcon3-7B-Base,belief_bank_constraints,attn,25,25610,belief_bank_constraints,123,16830,7683,8415,8415,3606,4077,97.3204,3073,0.7272002127093858,0.7584581253466445,0.753091240400885,0.7425003393511606,0.8124492659401367,83388.461,10,2026-09-24T14:37:13.525546+00:00
Falcon3-7B-Base,belief_bank_constraints,attn,25,25610,belief_bank_constraints,420,16830,7683,8415,8415,3606,4077,94.9772,3073,0.7357832618025751,0.7606766500277315,0.7594689574385006,0.7480229070084538,0.817828691749273,83484.622,10,2026-09-24T14:37:13.525546+00:00
Falcon3-7B-Base,belief_bank_constraints,attn,25,25610,belief_bank_constraints,511,16830,7683,8415,8415,3606,4077,94.8315,3073,0.734375,0.7689961175818081,0.7610308473252636,0.7512869141154159,0.8180640052804914,83580.652,10,2026-09-24T14:37:13.525546+00:00
Falcon3-7B-Base,belief_bank_constraints,attn,25,25610,belief_bank_constraints,mean,0,0,0,0,0,0,96.23965000000001,3073.0,0.7328082160336138,0.7628397115917914,0.7581283352856957,0.7474991808985187,0.8177095521581166,93059.129,10,2026-09-24T14:37:13.525546+00:00
Falcon3-7B-Base,belief_bank_constraints,attn,25,25610,belief_bank_constraints,std,0,0,0,0,0,0,1.960573768696296,0.0,0.004155922280546853,0.0073504848616879875,0.0035597776233046866,0.00413740336532273,0.0038631427215402975,93059.129,10,2026-09-24T14:37:13.525546+00:00
Falcon3-7B-Base,belief_bank_constraints,attn,25,25610,belief_bank_facts,2,16830,27416,8415,8415,7533,19883,96.1127,3073,0.2796208530805687,0.5482543475375017,0.487780857893201,0.3703537640676142,0.5077011382110369,83678.692,10,2026-09-24T14:37:13.525546+00:00
Falcon3-7B-Base,belief_bank_constraints,attn,25,25610,belief_bank_facts,4,16830,27416,8415,8415,7533,19883,103.0339,3073,0.2841465027105646,0.570556219301739,0.4870513568718996,0.3793636082792709,0.5134158883630929,83783.635,10,2026-09-24T14:37:13.525546+00:00
Falcon3-7B-Base,belief_bank_constraints,attn,25,25610,belief_bank_facts,24,16830,27416,8415,8415,7533,19883,92.6152,3073,0.2814249720044793,0.5337846807380857,0.49741027137437993,0.3685440630585216,0.5058316393167386,83878.166,10,2026-09-24T14:37:13.525546+00:00
Falcon3-7B-Base,belief_bank_constraints,attn,25,25610,belief_bank_facts,42,16830,27416,8415,8415,7533,19883,93.7949,3073,0.27159990209676105,0.44192220894729856,0.5210096294134812,0.3364325416877211,0.5028013407172167,83973.882,10,2026-09-24T14:37:13.525546+00:00
Falcon3-7B-Base,belief_bank_constraints,attn,25,25610,belief_bank_facts,64,16830,27416,8415,8415,7533,19883,96.4447,3073,0.27773986624812336,0.5402893933359884,0.4876349576889408,0.3668815071888944,0.5083563818469468,84072.245,10,2026-09-24T14:37:13.525546+00:00
Falcon3-7B-Base,belief_bank_constraints,attn,25,25610,belief_bank_facts,67,16830,27416,8415,8415,7533,19883,99.7699,3073,0.27679802598156616,0.5063055887428647,0.5008754012255617,0.35792042042042044,0.5090407384460209,84173.944,10,2026-09-24T14:37:13.525546+00:00
Falcon3-7B-Base,belief_bank_constraints,attn,25,25610,belief_bank_facts,104,16830,27416,8415,8415,7533,19883,96.9976,3073,0.28292921528893855,0.5375016593654587,0.4986139480595273,0.370719648416041,0.5150096136205378,84272.859,10,2026-09-24T14:37:13.525546+00:00
Falcon3-7B-Base,belief_bank_constraints,attn,25,25610,belief_bank_facts,123,16830,27416,8415,8415,7533,19883,93.1477,3073,0.2830655957161981,0.5613965219699987,0.48880215932302307,0.3763627464067993,0.5130361646562965,84367.94,10,2026-09-24T14:37:13.525546+00:00
Falcon3-7B-Base,belief_bank_constraints,attn,25,25610,belief_bank_facts,420,16830,27416,8415,8415,7533,19883,100.239,3073,0.2865887590428492,0.5469268551705828,0.5014225269915378,0.37610114564790725,0.5148247007371992,84470.097,10,2026-09-24T14:37:13.525546+00:00
Falcon3-7B-Base,belief_bank_constraints,attn,25,25610,belief_bank_facts,511,16830,27416,8415,8415,7533,19883,96.6269,3073,0.2822124016019887,0.5425461303597504,0.4951488182083455,0.37129230070406544,0.5135644108770411,84568.654,10,2026-09-24T14:37:13.525546+00:00
Falcon3-7B-Base,belief_bank_constraints,attn,25,25610,belief_bank_facts,mean,0,0,0,0,0,0,96.87825000000001,3073.0,0.2806126093772038,0.5329483605469268,0.4965749927049899,0.3673971745877256,0.5103582016792128,93059.129,10,2026-09-24T14:37:13.525546+00:00
Falcon3-7B-Base,belief_bank_constraints,attn,25,25610,belief_bank_facts,std,0,0,0,0,0,0,3.162236655992086,0.0,0.0040966085081544324,0.03437492974829058,0.009768880118562554,0.011766422620824309,0.003984781682506974,93059.129,10,2026-09-24T14:37:13.525546+00:00
Falcon3-7B-Base,belief_bank_constraints,attn,25,25610,halu_eval,2,16830,10000,8415,8415,3259,6741,96.8159,3073,0.32559598494353825,0.7962565204050323,0.3961,0.46219609938551964,0.5028469539170316,84666.723,10,2026-09-24T14:37:13.525546+00:00
Falcon3-7B-Base,belief_bank_constraints,attn,25,25610,halu_eval,4,16830,10000,8415,8415,3259,6741,103.3744,3073,0.3249143292295977,0.7855170297637312,0.3982,0.45968755611420364,0.5000370978653979,84771.351,10,2026-09-24T14:37:13.525546+00:00
Falcon3-7B-Base,belief_bank_constraints,attn,25,25610,halu_eval,24,16830,10000,8415,8415,3259,6741,96.8786,3073,0.3244517802405093,0.844430806996011,0.3763,0.4687846009709565,0.4998106415704842,84869.48,10,2026-09-24T14:37:13.525546+00:00
Falcon3-7B-Base,belief_bank_constraints,attn,25,25610,halu_eval,42,16830,10000,8415,8415,3259,6741,94.5759,3073,0.32658042470100074,0.8211107701749003,0.3899,0.46730114380511656,0.499194794245452,84965.315,10,2026-09-24T14:37:13.525546+00:00
Falcon3-7B-Base,belief_bank_constraints,attn,25,25610,halu_eval,64,16830,10000,8415,8415,3259,6741,96.7213,3073,0.32510849349039056,0.8045412703283216,0.392,0.46308724832214765,0.5006872436463533,85063.291,10,2026-09-24T14:37:13.525546+00:00
Falcon3-7B-Base,belief_bank_constraints,attn,25,25610,halu_eval,67,16830,10000,8415,8415,3259,6741,100.3098,3073,0.32512634443436567,0.7698680576864069,0.4042,0.4571793002915452,0.5027038198829901,85164.873,10,2026-09-24T14:37:13.525546+00:00
Falcon3-7B-Base,belief_bank_constraints,attn,25,25610,halu_eval,104,16830,10000,8415,8415,3259,6741,100.7342,3073,0.3246607743059878,0.8002454740718011,0.3924,0.46191994332270636,0.5022669754483595,85266.868,10,2026-09-24T14:37:13.525546+00:00
Falcon3-7B-Base,belief_bank_constraints,attn,25,25610,halu_eval,123,16830,10000,8415,8415,3259,6741,93.3816,3073,0.32594102133780867,0.8343050015342129,0.3837,0.46875269373329886,0.5006620944799332,85361.51,10,2026-09-24T14:37:13.525546+00:00
Falcon3-7B-Base,belief_bank_constraints,attn,25,25610,halu_eval,420,16830,10000,8415,8415,3259,6741,98.6389,3073,0.32659065833026846,0.8174286590978828,0.3912,0.4667133847231955,0.5037628615226812,85461.409,10,2026-09-24T14:37:13.525546+00:00
Falcon3-7B-Base,belief_bank_constraints,attn,25,25610,halu_eval,511,16830,10000,8415,8415,3259,6741,98.9662,3073,0.32561307901907355,0.8066891684565818,0.3925,0.463954822200653,0.5012797170402422,85561.628,10,2026-09-24T14:37:13.525546+00:00
Falcon3-7B-Base,belief_bank_constraints,attn,25,25610,halu_eval,mean,0,0,0,0,0,0,98.03968,3073.0,0.3254582890032541,0.808039275851488,0.39165,0.46395767928693427,0.5013252199618925,93059.129,10,2026-09-24T14:37:13.525546+00:00
Falcon3-7B-Base,belief_bank_constraints,attn,25,25610,halu_eval,std,0,0,0,0,0,0,2.8349598850071906,0.0,0.0007067478588252751,0.02109783243850239,0.007236746506545601,0.003704828841824043,0.0014277938023471747,93059.129,10,2026-09-24T14:37:13.525546+00:00
Falcon3-7B-Base,belief_bank_constraints,attn,26,25610,belief_bank_constraints,2,16830,7683,8415,8415,3606,4077,127.1305,3073,0.6984168180638464,0.7462562396006656,0.7296628920994404,0.7215444429548197,0.7849606391440641,85696.575,10,2026-09-24T14:37:13.525546+00:00
Falcon3-7B-Base,belief_bank_constraints,attn,26,25610,belief_bank_constraints,4,16830,7683,8415,8415,3606,4077,119.6133,3073,0.7000520291363164,0.7462562396006656,0.7308343095145126,0.7224161073825504,0.7824188857014942,85817.411,10,2026-09-24T14:37:13.525546+00:00
Falcon3-7B-Base,belief_bank_constraints,attn,26,25610,belief_bank_constraints,24,16830,7683,8415,8415,3606,4077,126.1444,3073,0.6855249745158002,0.7459789240155297,0.7201613952882988,0.7144754316069057,0.7842343267040148,85944.78,10,2026-09-24T14:37:13.525546+00:00
Falcon3-7B-Base,belief_bank_constraints,attn,26,25610,belief_bank_constraints,42,16830,7683,8415,8415,3606,4077,124.1948,3073,0.6936675461741425,0.7290626733222407,0.7217232851750618,0.7109248242293131,0.781698797047572,86070.199,10,2026-09-24T14:37:13.525546+00:00
Falcon3-7B-Base,belief_bank_constraints,attn,26,25610,belief_bank_constraints,64,16830,7683,8415,8415,3606,4077,112.1835,3073,0.6806467913087418,0.7470881863560732,0.7167773005336457,0.7123215230037018,0.7762914152155043,86183.589,10,2026-09-24T14:37:13.525546+00:00
Falcon3-7B-Base,belief_bank_constraints,attn,26,25610,belief_bank_constraints,67,16830,7683,8415,8415,3606,4077,122.6463,3073,0.7028795811518325,0.7445923460898503,0.7323961994012755,0.7231349313223808,0.7863100784115428,86307.449,10,2026-09-24T14:37:13.525546+00:00
Falcon3-7B-Base,belief_bank_constraints,attn,26,25610,belief_bank_constraints,104,16830,7683,8415,8415,3606,4077,120.8995,3073,0.6944086575624839,0.7473655019412091,0.7270597422881687,0.7199145184987311,0.7872119832437992,86429.582,10,2026-09-24T14:37:13.525546+00:00
Falcon3-7B-Base,belief_bank_constraints,attn,26,25610,belief_bank_constraints,123,16830,7683,8415,8415,3606,4077,124.0995,3073,0.693979057591623,0.7351636161952302,0.723545490042952,0.713977915432265,0.782027229302374,86554.904,10,2026-09-24T14:37:13.525546+00:00
Falcon3-7B-Base,belief_bank_constraints,attn,26,25610,belief_bank_constraints,420,16830,7683,8415,8415,3606,4077,121.2684,3073,0.6890560165975104,0.7368275097060455,0.720421710269426,0.7121415170195659,0.7818342579226756,86677.394,10,2026-09-24T14:37:13.525546+00:00
Falcon3-7B-Base,belief_bank_constraints,attn,26,25610,belief_bank_constraints,511,16830,7683,8415,8415,3606,4077,117.9656,3073,0.6967044284243048,0.7504159733777038,0.7295327346088767,0.7225634178905207,0.7885644833897012,86796.588,10,2026-09-24T14:37:13.525546+00:00
Falcon3-7B-Base,belief_bank_constraints,attn,26,25610,belief_bank_constraints,mean,0,0,0,0,0,0,121.61458,3073.0,0.6935335900526601,0.7429007210205214,0.7252115059221659,0.7173414629340754,0.7835552096082742,93059.129,10,2026-09-24T14:37:13.525546+00:00
Falcon3-7B-Base,belief_bank_constraints,attn,26,25610,belief_bank_constraints,std,0,0,0,0,0,0,4.144129319121209,0.0,0.006441863293711887,0.006457881559637648,0.005095728091145864,0.004730864993387015,0.003335973001813038,93059.129,10,2026-09-24T14:37:13.525546+00:00
Falcon3-7B-Base,belief_bank_constraints,attn,26,25610,belief_bank_facts,2,16830,27416,8415,8415,7533,19883,120.1519,3073,0.2905376947915204,0.5494490906677286,0.5075503355704698,0.3800909132650719,0.5311000255517077,86918.67,10,2026-09-24T14:37:13.525546+00:00
Falcon3-7B-Base,belief_bank_constraints,attn,26,25610,belief_bank_facts,4,16830,27416,8415,8415,7533,19883,116.7258,3073,0.3009562949498143,0.5055090933227134,0.5415086081120514,0.37729119191518873,0.5478622088427443,87037.322,10,2026-09-24T14:37:13.525546+00:00
Falcon3-7B-Base,belief_bank_constraints,attn,26,25610,belief_bank_facts,24,16830,27416,8415,8415,7533,19883,122.7415,3073,0.2860068259385666,0.444975441391212,0.5422745841844179,0.34820547447151096,0.5324212653581396,87161.983,10,2026-09-24T14:37:13.525546+00:00
Falcon3-7B-Base,belief_bank_constraints,attn,26,25610,belief_bank_facts,42,16830,27416,8415,8415,7533,19883,121.6805,3073,0.29108592433757086,0.5045798486658701,0.5262255617157864,0.36919042300033994,0.5328840983793423,87285.594,10,2026-09-24T14:37:13.525546+00:00
Falcon3-7B-Base,belief_bank_constraints,attn,26,25610,belief_bank_facts,64,16830,27416,8415,8415,7533,19883,113.6848,3073,0.29133510167992926,0.5248904818797292,0.5186387510942515,0.37469793887704334,0.5374785319020025,87401.206,10,2026-09-24T14:37:13.525546+00:00
Falcon3-7B-Base,belief_bank_constraints,attn,26,25610,belief_bank_facts,67,16830,27416,8415,8415,7533,19883,122.6374,3073,0.29612814802124376,0.45891411124386033,0.5516121972570761,0.3599729265372,0.5410729062640234,87525.766,10,2026-09-24T14:37:13.525546+00:00
Falcon3-7B-Base,belief_bank_constraints,attn,26,25610,belief_bank_facts,104,16830,27416,8415,8415,7533,19883,119.0717,3073,0.2911305671869052,0.5076330811097837,0.5250948351327692,0.370040642539191,0.5348311316942864,87646.764,10,2026-09-24T14:37:13.525546+00:00
Falcon3-7B-Base,belief_bank_constraints,attn,26,25610,belief_bank_facts,123,16830,27416,8415,8415,7533,19883,122.7388,3073,0.2950933497916988,0.5077658303464755,0.5314779690691567,0.37326177116369846,0.5473488245543479,87771.438,10,2026-09-24T14:37:13.525546+00:00
Falcon3-7B-Base,belief_bank_constraints,attn,26,25610,belief_bank_facts,420,16830,27416,8415,8415,7533,19883,121.5574,3073,0.28551034975017847,0.4778972520908005,0.5279398891158448,0.3574620196604111,0.5310963634807764,87894.937,10,2026-09-24T14:37:13.525546+00:00
Falcon3-7B-Base,belief_bank_constraints,attn,26,25610,belief_bank_facts,511,16830,27416,8415,8415,7533,19883,117.2299,3073,0.29141940657578186,0.4824107261383247,0.5354902246863146,0.36334549817527373,0.5384293650845633,88014.112,10,2026-09-24T14:37:13.525546+00:00
Falcon3-7B-Base,belief_bank_constraints,attn,26,25610,belief_bank_facts,mean,0,0,0,0,0,0,119.82197000000001,3073.0,0.291920366302321,0.49640249568564976,0.5307812955938138,0.3673558799604929,0.5374524721111933,93059.129,10,2026-09-24T14:37:13.525546+00:00
Falcon3-7B-Base,belief_bank_constraints,attn,26,25610,belief_bank_facts,std,0,0,0,0,0,0,2.9336966414576673,0.0,0.004350918080599927,0.029357949144115252,0.012050061297646287,0.00946291731210191,0.005951228047120684,93059.129,10,2026-09-24T14:37:13.525546+00:00
Falcon3-7B-Base,belief_bank_constraints,attn,26,25610,halu_eval,2,16830,10000,8415,8415,3259,6741,117.3069,3073,0.3346877351392024,0.6824179196072415,0.4544,0.4491114701130856,0.5145533787984743,88132.711,10,2026-09-24T14:37:13.525546+00:00
Falcon3-7B-Base,belief_bank_constraints,attn,26,25610,halu_eval,4,16830,10000,8415,8415,3259,6741,116.7164,3073,0.3266888150609081,0.8146670757901197,0.3924,0.4663621991919902,0.5119603290448655,88250.719,10,2026-09-24T14:37:13.525546+00:00
Falcon3-7B-Base,belief_bank_constraints,attn,26,25610,halu_eval,24,16830,10000,8415,8415,3259,6741,122.427,3073,0.328584419521067,0.6652347345811599,0.4479,0.43989043319468396,0.5079411963783926,88374.436,10,2026-09-24T14:37:13.525546+00:00
Falcon3-7B-Base,belief_bank_constraints,attn,26,25610,halu_eval,42,16830,10000,8415,8415,3259,6741,121.8547,3073,0.3276155372838106,0.7091132249156182,0.4309,0.44817220983225053,0.5109331733618755,88497.582,10,2026-09-24T14:37:13.525546+00:00
Falcon3-7B-Base,belief_bank_constraints,attn,26,25610,halu_eval,64,16830,10000,8415,8415,3259,6741,112.6875,3073,0.33129649309245485,0.765265418840135,0.4201,0.4624084546213034,0.5136617555010331,88611.558,10,2026-09-24T14:37:13.525546+00:00
Falcon3-7B-Base,belief_bank_constraints,attn,26,25610,halu_eval,67,16830,10000,8415,8415,3259,6741,121.5324,3073,0.32822928936003143,0.7695612150966554,0.4116,0.4601834862385321,0.5116562403457358,88734.395,10,2026-09-24T14:37:13.525546+00:00
Falcon3-7B-Base,belief_bank_constraints,attn,26,25610,halu_eval,104,16830,10000,8415,8415,3259,6741,118.9872,3073,0.3288590604026846,0.6465173366063209,0.4548,0.43596110076557004,0.5087540265408599,88854.676,10,2026-09-24T14:37:13.525546+00:00
Falcon3-7B-Base,belief_bank_constraints,attn,26,25610,halu_eval,123,16830,10000,8415,8415,3259,6741,123.0839,3073,0.32826379542395695,0.7483890764038048,0.4189,0.4563570025259613,0.5144338007709892,88979.032,10,2026-09-24T14:37:13.525546+00:00
Falcon3-7B-Base,belief_bank_constraints,attn,26,25610,halu_eval,420,16830,10000,8415,8415,3259,6741,120.0338,3073,0.32920129595717706,0.7170911322491562,0.4316,0.4512454141726202,0.5087392556729805,89100.354,10,2026-09-24T14:37:13.525546+00:00
Falcon3-7B-Base,belief_bank_constraints,attn,26,25610,halu_eval,511,16830,10000,8415,8415,3259,6741,116.6821,3073,0.3291800643086817,0.7539122430193311,0.4191,0.4582672759488949,0.514683767553606,89218.317,10,2026-09-24T14:37:13.525546+00:00
Falcon3-7B-Base,belief_bank_constraints,attn,26,25610,halu_eval,mean,0,0,0,0,0,0,119.13118999999999,3073.0,0.3292606505549975,0.7272169377109543,0.42817,0.45279590466048925,0.5117316923968813,93059.129,10,2026-09-24T14:37:13.525546+00:00
Falcon3-7B-Base,belief_bank_constraints,attn,26,25610,halu_eval,std,0,0,0,0,0,0,3.1174262045636305,0.0,0.0021355243769377976,0.049840342771202605,0.018955318514865427,0.00927878545881267,0.0024614594669068327,93059.129,10,2026-09-24T14:37:13.525546+00:00
Falcon3-7B-Base,belief_bank_constraints,attn,27,25610,belief_bank_constraints,2,16830,7683,8415,8415,3606,4077,129.6499,3073,0.7441168515012172,0.7628951747088186,0.765586359494989,0.7533890182116938,0.8340959681973372,89350.043,10,2026-09-24T14:37:13.525546+00:00
Falcon3-7B-Base,belief_bank_constraints,attn,27,25610,belief_bank_constraints,4,16830,7683,8415,8415,3606,4077,134.1687,3073,0.7548076923076923,0.78369384359401,0.7789925810230379,0.7689795918367347,0.839423597141602,89485.429,10,2026-09-24T14:37:13.525546+00:00
Falcon3-7B-Base,belief_bank_constraints,attn,27,25610,belief_bank_constraints,24,16830,7683,8415,8415,3606,4077,133.2838,3073,0.7456093666844066,0.7770382695507487,0.7709228166080958,0.7609994568169474,0.8361043805795562,89619.926,10,2026-09-24T14:37:13.525546+00:00
Falcon3-7B-Base,belief_bank_constraints,attn,27,25610,belief_bank_constraints,42,16830,7683,8415,8415,3606,4077,130.8931,3073,0.7505324813631523,0.7817526344980588,0.7756084862683847,0.7658245042108123,0.8354862191771243,89752.025,10,2026-09-24T14:37:13.525546+00:00
Falcon3-7B-Base,belief_bank_constraints,attn,27,25610,belief_bank_constraints,64,16830,7683,8415,8415,3606,4077,122.3963,3073,0.7505336179295624,0.7800887409872435,0.7750878563061304,0.7650258362795758,0.8361803583839704,89875.646,10,2026-09-24T14:37:13.525546+00:00
Falcon3-7B-Base,belief_bank_constraints,attn,27,25610,belief_bank_constraints,67,16830,7683,8415,8415,3606,4077,121.2741,3073,0.7380200105318588,0.7773155851358846,0.7659768319666796,0.7571582928146947,0.825957568606869,89998.14,10,2026-09-24T14:37:13.525546+00:00
Falcon3-7B-Base,belief_bank_constraints,attn,27,25610,belief_bank_constraints,104,16830,7683,8415,8415,3606,4077,125.9865,3073,0.7446527594401902,0.7820299500831946,0.7718339190420409,0.7628838090085216,0.8345011604810395,90125.36,10,2026-09-24T14:37:13.525546+00:00
Falcon3-7B-Base,belief_bank_constraints,attn,27,25610,belief_bank_constraints,123,16830,7683,8415,8415,3606,4077,131.4328,3073,0.74100341476228,0.7823072656683305,0.7694910842118964,0.76109537299339,0.8312617308165567,90258.021,10,2026-09-24T14:37:13.525546+00:00
Falcon3-7B-Base,belief_bank_constraints,attn,27,25610,belief_bank_constraints,420,16830,7683,8415,8415,3606,4077,131.0948,3073,0.7512012813667912,0.7803660565723793,0.7756084862683847,0.76550598476605,0.8360533659391707,90390.346,10,2026-09-24T14:37:13.525546+00:00
Falcon3-7B-Base,belief_bank_constraints,attn,27,25610,belief_bank_constraints,511,16830,7683,8415,8415,3606,4077,131.5395,3073,0.7534320323014805,0.7762063227953411,0.7757386437589483,0.7646496380275919,0.835286921982018,90523.108,10,2026-09-24T14:37:13.525546+00:00
Falcon3-7B-Base,belief_bank_constraints,attn,27,25610,belief_bank_constraints,mean,0,0,0,0,0,0,129.17195,3073.0,0.7473909508188632,0.7783693843594011,0.7724847064948588,0.7625511504966013,0.8344351271305245,93059.129,10,2026-09-24T14:37:13.525546+00:00
Falcon3-7B-Base,belief_bank_constraints,attn,27,25610,belief_bank_constraints,std,0,0,0,0,0,0,4.217964694079361,0.0,0.0052514141765674285,0.005680300559656528,0.004254378316339047,0.004346996122465406,0.003423812931961123,93059.129,10,2026-09-24T14:37:13.525546+00:00
Falcon3-7B-Base,belief_bank_constraints,attn,27,25610,belief_bank_facts,2,16830,27416,8415,8415,7533,19883,129.595,3073,0.26383443666045375,0.5449356166202044,0.4571782900496061,0.35553438420232114,0.4817318175791409,90654.606,10,2026-09-24T14:37:13.525546+00:00
Falcon3-7B-Base,belief_bank_constraints,attn,27,25610,belief_bank_facts,4,16830,27416,8415,8415,7533,19883,132.4043,3073,0.275668358714044,0.540687641046064,0.48344032681645754,0.3651604805450959,0.5027014566476331,90788.944,10,2026-09-24T14:37:13.525546+00:00
Falcon3-7B-Base,belief_bank_constraints,attn,27,25610,belief_bank_facts,24,16830,27416,8415,8415,7533,19883,129.6242,3073,0.26798368048099636,0.4970131421744325,0.488765684271958,0.3482142857142857,0.4940957335044285,90920.507,10,2026-09-24T14:37:13.525546+00:00
Falcon3-7B-Base,belief_bank_constraints,attn,27,25610,belief_bank_facts,42,16830,27416,8415,8415,7533,19883,130.925,3073,0.26143403189666536,0.5266162219567238,0.46115407061569885,0.34940767164310566,0.4828569212729994,91053.382,10,2026-09-24T14:37:13.525546+00:00
Falcon3-7B-Base,belief_bank_constraints,attn,27,25610,belief_bank_facts,64,16830,27416,8415,8415,7533,19883,122.3637,3073,0.26003824091778205,0.5235629895128103,0.4597315436241611,0.347488986784141,0.47329191247358043,91177.701,10,2026-09-24T14:37:13.525546+00:00
Falcon3-7B-Base,belief_bank_constraints,attn,27,25610,belief_bank_facts,67,16830,27416,8415,8415,7533,19883,123.0907,3073,0.26506024096385544,0.522766494092659,0.4706011088415524,0.3517641804376954,0.4815531605945491,91302.751,10,2026-09-24T14:37:13.525546+00:00
Falcon3-7B-Base,belief_bank_constraints,attn,27,25610,belief_bank_facts,104,16830,27416,8415,8415,7533,19883,126.5728,3073,0.26433163675328153,0.523961237222886,0.4685220309308433,0.35139105274872023,0.49263132909092594,91431.282,10,2026-09-24T14:37:13.525546+00:00
Falcon3-7B-Base,belief_bank_constraints,attn,27,25610,belief_bank_facts,123,16830,27416,8415,8415,7533,19883,130.9132,3073,0.25771647090958755,0.5009956192751892,0.46640647796906914,0.3403526175767687,0.4808059579176708,91564.153,10,2026-09-24T14:37:13.525546+00:00
Falcon3-7B-Base,belief_bank_constraints,attn,27,25610,belief_bank_facts,420,16830,27416,8415,8415,7533,19883,127.0964,3073,0.2719479381765847,0.5769281826629497,0.45936679311351036,0.3696521221400017,0.48929749922483945,91693.209,10,2026-09-24T14:37:13.525546+00:00
Falcon3-7B-Base,belief_bank_constraints,attn,27,25610,belief_bank_facts,511,16830,27416,8415,8415,7533,19883,128.7836,3073,0.2725310660562459,0.5531660692951016,0.4715129851181792,0.36515795469482537,0.49102455791443,91823.924,10,2026-09-24T14:37:13.525546+00:00
Falcon3-7B-Base,belief_bank_constraints,attn,27,25610,belief_bank_facts,mean,0,0,0,0,0,0,128.13689,3073.0,0.2660546101529497,0.531063321385902,0.4686679311351035,0.35441237364869604,0.48699903462201977,93059.129,10,2026-09-24T14:37:13.525546+00:00
Falcon3-7B-Base,belief_bank_constraints,attn,27,25610,belief_bank_facts,std,0,0,0,0,0,0,3.174451221691714,0.0,0.005556787345067068,0.022662689817788212,0.009969706431187426,0.00888657878818011,0.008068068726435488,93059.129,10,2026-09-24T14:37:13.525546+00:00
Falcon3-7B-Base,belief_bank_constraints,attn,27,25610,halu_eval,2,16830,10000,8415,8415,3259,6741,122.752,3073,0.3230887017390353,0.9064130101258054,0.3506,0.4763747782615707,0.49128616660655905,91947.905,10,2026-09-24T14:37:13.525546+00:00
Falcon3-7B-Base,belief_bank_constraints,attn,27,25610,halu_eval,4,16830,10000,8415,8415,3259,6741,121.894,3073,0.32638118482360773,0.902730899048788,0.3611,0.4794263831174122,0.50255103585206,92071.036,10,2026-09-24T14:37:13.525546+00:00
Falcon3-7B-Base,belief_bank_constraints,attn,27,25610,halu_eval,24,16830,10000,8415,8415,3259,6741,125.3662,3073,0.32563764291996483,0.9088677508438171,0.3569,0.47948199109672196,0.4961626468739768,92197.617,10,2026-09-24T14:37:13.525546+00:00
Falcon3-7B-Base,belief_bank_constraints,attn,27,25610,halu_eval,42,16830,10000,8415,8415,3259,6741,126.7075,3073,0.32412115852310414,0.8996624731512733,0.3559,0.4765542462413653,0.49449235531343166,92325.532,10,2026-09-24T14:37:13.525546+00:00
Falcon3-7B-Base,belief_bank_constraints,attn,27,25610,halu_eval,64,16830,10000,8415,8415,3259,6741,112.6146,3073,0.32392813843271245,0.9018103712795336,0.3546,0.47664612390528704,0.5001569034871494,92439.362,10,2026-09-24T14:37:13.525546+00:00
Falcon3-7B-Base,belief_bank_constraints,attn,27,25610,halu_eval,67,16830,10000,8415,8415,3259,6741,118.8972,3073,0.3247581354441513,0.9064130101258054,0.3553,0.4781869688385269,0.49442353080731916,92559.479,10,2026-09-24T14:37:13.525546+00:00
Falcon3-7B-Base,belief_bank_constraints,attn,27,25610,halu_eval,104,16830,10000,8415,8415,3259,6741,122.3512,3073,0.3249944653531105,0.9008898435102792,0.3579,0.4776702188237208,0.4931203943170804,92683.066,10,2026-09-24T14:37:13.525546+00:00
Falcon3-7B-Base,belief_bank_constraints,attn,27,25610,halu_eval,123,16830,10000,8415,8415,3259,6741,121.4195,3073,0.32439915826780374,0.898741945382019,0.357,0.4767252604166667,0.4913107012684602,92805.728,10,2026-09-24T14:37:13.525546+00:00
Falcon3-7B-Base,belief_bank_constraints,attn,27,25610,halu_eval,420,16830,10000,8415,8415,3259,6741,123.3257,3073,0.32446866485013626,0.913470389690089,0.352,0.4788483191249799,0.49367809130708706,92930.277,10,2026-09-24T14:37:13.525546+00:00
Falcon3-7B-Base,belief_bank_constraints,attn,27,25610,halu_eval,511,16830,10000,8415,8415,3259,6741,127.3719,3073,0.3230008984725966,0.8824792881251918,0.3589,0.47290964400230207,0.4948335646373861,93058.891,10,2026-09-24T14:37:13.525546+00:00
Falcon3-7B-Base,belief_bank_constraints,attn,27,25610,halu_eval,mean,0,0,0,0,0,0,122.26998,3073.0,0.3244778148826223,0.9021478981282602,0.35602,0.4772823933828553,0.49520153904705105,93059.129,10,2026-09-24T14:37:13.525546+00:00
Falcon3-7B-Base,belief_bank_constraints,attn,27,25610,halu_eval,std,0,0,0,0,0,0,4.0265111383926415,0.0,0.0009929784230653276,0.007851153947905365,0.0029572960622839153,0.0018451516860529267,0.003433058813971213,93059.129,10,2026-09-24T14:37:13.525546+00:00
