model,train_dataset,layer_type,layer,num_samples,eval_dataset,split_seed,train_size,test_size,train_hall,train_not_hall,test_hall,test_not_hall,fit_time_s,model_params,precision,recall,accuracy,f1,auroc,total_runtime_s,num_splits,created_at_utc
Qwen2.5-7B,belief_bank_constraints,hidden,0,25686,belief_bank_constraints,2,14026,7706,7013,7013,3005,4701,55.9564,3585,0.8744038155802861,0.9151414309484193,0.9156501427459123,0.8943089430894309,0.9773413169074727,86.647,10,2026-09-18T18:11:20.909992+00:00
Qwen2.5-7B,belief_bank_constraints,hidden,0,25686,belief_bank_constraints,4,14026,7706,7013,7013,3005,4701,59.4618,3585,0.8718609143593046,0.9011647254575708,0.9098105372437062,0.8862706594665357,0.9767011019356874,147.209,10,2026-09-18T18:11:20.909992+00:00
Qwen2.5-7B,belief_bank_constraints,hidden,0,25686,belief_bank_constraints,24,14026,7706,7013,7013,3005,4701,52.3917,3585,0.8615432482887367,0.9214642262895175,0.9116273033999481,0.8904968644476604,0.9769155215674364,200.706,10,2026-09-18T18:11:20.909992+00:00
Qwen2.5-7B,belief_bank_constraints,hidden,0,25686,belief_bank_constraints,42,14026,7706,7013,7013,3005,4701,57.295,3585,0.8751994893073731,0.9124792013311148,0.9151310667012718,0.8934506353861192,0.9781877399965525,259.103,10,2026-09-18T18:11:20.909992+00:00
Qwen2.5-7B,belief_bank_constraints,hidden,0,25686,belief_bank_constraints,64,14026,7706,7013,7013,3005,4701,56.6859,3585,0.8689611619829491,0.9158069883527454,0.9133143005450298,0.8917692806221647,0.9777614491340922,316.905,10,2026-09-18T18:11:20.909992+00:00
Qwen2.5-7B,belief_bank_constraints,hidden,0,25686,belief_bank_constraints,67,14026,7706,7013,7013,3005,4701,56.9929,3585,0.8622432859399684,0.908153078202995,0.9076044640539839,0.8846029173419773,0.9757967735119197,375.011,10,2026-09-18T18:11:20.909992+00:00
Qwen2.5-7B,belief_bank_constraints,hidden,0,25686,belief_bank_constraints,104,14026,7706,7013,7013,3005,4701,61.8822,3585,0.8800767508794372,0.9158069883527454,0.9185050609914353,0.8975864318330071,0.9803436872743825,438.003,10,2026-09-18T18:11:20.909992+00:00
Qwen2.5-7B,belief_bank_constraints,hidden,0,25686,belief_bank_constraints,123,14026,7706,7013,7013,3005,4701,50.8335,3585,0.8631214600377596,0.9128119800332779,0.9095509992213859,0.8872715510270095,0.9755857517482207,489.944,10,2026-09-18T18:11:20.909992+00:00
Qwen2.5-7B,belief_bank_constraints,hidden,0,25686,belief_bank_constraints,420,14026,7706,7013,7013,3005,4701,56.6427,3585,0.8681803847366761,0.9161397670549085,0.9130547625227096,0.8915155440414507,0.9773156205303435,547.694,10,2026-09-18T18:11:20.909992+00:00
Qwen2.5-7B,belief_bank_constraints,hidden,0,25686,belief_bank_constraints,511,14026,7706,7013,7013,3005,4701,54.2921,3585,0.855600123418698,0.9227953410981697,0.9091616921879055,0.8879282740954211,0.9759470583842218,603.1,10,2026-09-18T18:11:20.909992+00:00
Qwen2.5-7B,belief_bank_constraints,hidden,0,25686,belief_bank_constraints,mean,0,0,0,0,0,0,56.24341999999999,3585.0,0.8681190634531187,0.9141763727121462,0.9123410329613287,0.8905201101350777,0.9771896020990329,25443.341,10,2026-09-18T18:11:20.909992+00:00
Qwen2.5-7B,belief_bank_constraints,hidden,0,25686,belief_bank_constraints,std,0,0,0,0,0,0,3.0359442540336596,0.0,0.007118968833642544,0.005897698656120148,0.0032469492846354878,0.0038179804025365283,0.0013296771964257468,25443.341,10,2026-09-18T18:11:20.909992+00:00
Qwen2.5-7B,belief_bank_constraints,hidden,0,25686,belief_bank_facts,2,14026,27416,7013,7013,3556,23860,54.699,3585,0.03927986906710311,0.10123734533183353,0.562262912168077,0.05659932395251946,0.32378468277173655,659.653,10,2026-09-18T18:11:20.909992+00:00
Qwen2.5-7B,belief_bank_constraints,hidden,0,25686,belief_bank_facts,4,14026,27416,7013,7013,3556,23860,57.3312,3585,0.049055352999668546,0.04161979752530934,0.7710461044645462,0.04503270956945078,0.3728760146599446,718.836,10,2026-09-18T18:11:20.909992+00:00
Qwen2.5-7B,belief_bank_constraints,hidden,0,25686,belief_bank_facts,24,14026,27416,7013,7013,3556,23860,52.0487,3585,0.06179775280898876,0.06186726659167604,0.7564925590895827,0.061832490163012926,0.4115619021532619,772.733,10,2026-09-18T18:11:20.909992+00:00
Qwen2.5-7B,belief_bank_constraints,hidden,0,25686,belief_bank_facts,42,14026,27416,7013,7013,3556,23860,55.1055,3585,0.043451801363193765,0.10039370078740158,0.5966588853224395,0.060652395514780834,0.3641958221798134,829.689,10,2026-09-18T18:11:20.909992+00:00
Qwen2.5-7B,belief_bank_constraints,hidden,0,25686,belief_bank_facts,64,14026,27416,7013,7013,3556,23860,53.9787,3585,0.03432887058015791,0.0562429696287964,0.6723810913335279,0.042634832658281815,0.341381825647737,885.525,10,2026-09-18T18:11:20.909992+00:00
Qwen2.5-7B,belief_bank_constraints,hidden,0,25686,belief_bank_facts,67,14026,27416,7013,7013,3556,23860,54.6778,3585,0.034370296036126444,0.03852643419572553,0.7348993288590604,0.03632988597189075,0.3331467328633376,942.055,10,2026-09-18T18:11:20.909992+00:00
Qwen2.5-7B,belief_bank_constraints,hidden,0,25686,belief_bank_facts,104,14026,27416,7013,7013,3556,23860,61.5174,3585,0.033290029230269566,0.05764904386951631,0.6606361248905749,0.0422071237389335,0.31987487707163176,1005.442,10,2026-09-18T18:11:20.909992+00:00
Qwen2.5-7B,belief_bank_constraints,hidden,0,25686,belief_bank_facts,123,14026,27416,7013,7013,3556,23860,50.8784,3585,0.04026152787336545,0.06580427446569179,0.6753720455208637,0.04995730145175064,0.4042502218132205,1058.174,10,2026-09-18T18:11:20.909992+00:00
Qwen2.5-7B,belief_bank_constraints,hidden,0,25686,belief_bank_facts,420,14026,27416,7013,7013,3556,23860,59.1948,3585,0.06080132176786452,0.20697412823397077,0.48245550043770064,0.09399144371368368,0.3751720525713833,1119.218,10,2026-09-18T18:11:20.909992+00:00
Qwen2.5-7B,belief_bank_constraints,hidden,0,25686,belief_bank_facts,511,14026,27416,7013,7013,3556,23860,53.8339,3585,0.4768211920529801,0.020247469066366704,0.8700393930551503,0.03884542756946318,0.48558611255948414,1174.91,10,2026-09-18T18:11:20.909992+00:00
Qwen2.5-7B,belief_bank_constraints,hidden,0,25686,belief_bank_facts,mean,0,0,0,0,0,0,55.32654,3585.0,0.08734580137797182,0.07505624296962879,0.6782243945141524,0.052808293430376754,0.3731830244291551,25443.341,10,2026-09-18T18:11:20.909992+00:00
Qwen2.5-7B,belief_bank_constraints,hidden,0,25686,belief_bank_facts,std,0,0,0,0,0,0,3.04544257479927,0.0,0.13019513127590895,0.05010258247373624,0.10654759600906807,0.01613803377683756,0.04801412202840886,25443.341,10,2026-09-18T18:11:20.909992+00:00
Qwen2.5-7B,belief_bank_constraints,hidden,0,25686,halu_eval,2,14026,10000,7013,7013,2812,7188,51.7244,3585,0.2801223241590214,0.32574679943101,0.575,0.3012167050312397,0.4959666359532364,1227.807,10,2026-09-18T18:11:20.909992+00:00
Qwen2.5-7B,belief_bank_constraints,hidden,0,25686,halu_eval,4,14026,10000,7013,7013,2812,7188,56.3161,3585,0.2891674127126231,0.22972972972972974,0.6246,0.2560443915973048,0.5001399865510006,1285.3,10,2026-09-18T18:11:20.909992+00:00
Qwen2.5-7B,belief_bank_constraints,hidden,0,25686,halu_eval,24,14026,10000,7013,7013,2812,7188,51.1215,3585,0.27991266375545854,0.45590327169274536,0.5172,0.34686147186147187,0.4944517682386718,1337.595,10,2026-09-18T18:11:20.909992+00:00
Qwen2.5-7B,belief_bank_constraints,hidden,0,25686,halu_eval,42,14026,10000,7013,7013,2812,7188,54.4146,3585,0.2737929109684622,0.3488620199146515,0.5567,0.30680218921032054,0.49106997615751236,1393.182,10,2026-09-18T18:11:20.909992+00:00
Qwen2.5-7B,belief_bank_constraints,hidden,0,25686,halu_eval,64,14026,10000,7013,7013,2812,7188,55.7064,3585,0.2776904948939513,0.5028449502133713,0.4924,0.35779352226720645,0.49475964465036165,1450.062,10,2026-09-18T18:11:20.909992+00:00
Qwen2.5-7B,belief_bank_constraints,hidden,0,25686,halu_eval,67,14026,10000,7013,7013,2812,7188,53.5293,3585,0.2801652892561983,0.2411095305832148,0.6124,0.2591743119266055,0.49393098066874536,1504.769,10,2026-09-18T18:11:20.909992+00:00
Qwen2.5-7B,belief_bank_constraints,hidden,0,25686,halu_eval,104,14026,10000,7013,7013,2812,7188,57.8996,3585,0.281414762741652,0.45554765291607396,0.5198,0.34790874524714827,0.49889329240056324,1563.845,10,2026-09-18T18:11:20.909992+00:00
Qwen2.5-7B,belief_bank_constraints,hidden,0,25686,halu_eval,123,14026,10000,7013,7013,2812,7188,49.9929,3585,0.2749708963911525,0.41998577524893316,0.5255,0.3323483889123399,0.49513834302627024,1615.015,10,2026-09-18T18:11:20.909992+00:00
Qwen2.5-7B,belief_bank_constraints,hidden,0,25686,halu_eval,420,14026,10000,7013,7013,2812,7188,57.9704,3585,0.2723267921505807,0.24182076813655762,0.6051,0.25616877001318517,0.4957553574354602,1674.159,10,2026-09-18T18:11:20.909992+00:00
Qwen2.5-7B,belief_bank_constraints,hidden,0,25686,halu_eval,511,14026,10000,7013,7013,2812,7188,53.2403,3585,0.275599128540305,0.44985775248933146,0.5128,0.3417995136449608,0.4891506094003678,1728.579,10,2026-09-18T18:11:20.909992+00:00
Qwen2.5-7B,belief_bank_constraints,hidden,0,25686,halu_eval,mean,0,0,0,0,0,0,54.19154999999999,3585.0,0.27851626755694053,0.3671408250355619,0.5541500000000001,0.31061180097117835,0.494925659448219,25443.341,10,2026-09-18T18:11:20.909992+00:00
Qwen2.5-7B,belief_bank_constraints,hidden,0,25686,halu_eval,std,0,0,0,0,0,0,2.6338512908856493,0.0,0.004598670902386201,0.09811382197286737,0.04503590234468496,0.03881573164059942,0.003069325656835432,25443.341,10,2026-09-18T18:11:20.909992+00:00
Qwen2.5-7B,belief_bank_constraints,hidden,1,25686,belief_bank_constraints,2,14026,7706,7013,7013,3005,4701,59.624,3585,0.8949416342412452,0.9184692179700499,0.9261614326498832,0.9065528001313845,0.9812953026951818,1789.957,10,2026-09-18T18:11:20.909992+00:00
Qwen2.5-7B,belief_bank_constraints,hidden,1,25686,belief_bank_constraints,4,14026,7706,7013,7013,3005,4701,55.9946,3585,0.8923275306254029,0.9211314475873544,0.9259018946275629,0.9065007368593417,0.9804134143583285,1847.069,10,2026-09-18T18:11:20.909992+00:00
Qwen2.5-7B,belief_bank_constraints,hidden,1,25686,belief_bank_constraints,24,14026,7706,7013,7013,3005,4701,54.7403,3585,0.880201765447667,0.9291181364392679,0.9230469763820399,0.9039987048729157,0.9814335534514728,1902.918,10,2026-09-18T18:11:20.909992+00:00
Qwen2.5-7B,belief_bank_constraints,hidden,1,25686,belief_bank_constraints,42,14026,7706,7013,7013,3005,4701,57.2275,3585,0.8973113054745708,0.9217970049916805,0.9283675058396055,0.9093893630991464,0.9816332489883379,1961.251,10,2026-09-18T18:11:20.909992+00:00
Qwen2.5-7B,belief_bank_constraints,hidden,1,25686,belief_bank_constraints,64,14026,7706,7013,7013,3005,4701,56.2803,3585,0.8835659898477157,0.9267886855241264,0.9238255904490008,0.9046613610524606,0.9814104762642989,2018.64,10,2026-09-18T18:11:20.909992+00:00
Qwen2.5-7B,belief_bank_constraints,hidden,1,25686,belief_bank_constraints,67,14026,7706,7013,7013,3005,4701,53.3776,3585,0.8813397129186603,0.9194675540765391,0.9203218271476772,0.9,0.9797515379777234,2073.136,10,2026-09-18T18:11:20.909992+00:00
Qwen2.5-7B,belief_bank_constraints,hidden,1,25686,belief_bank_constraints,104,14026,7706,7013,7013,3005,4701,59.8501,3585,0.8886059834500318,0.9291181364392679,0.926940046716844,0.908410606800065,0.9827504396876651,2134.103,10,2026-09-18T18:11:20.909992+00:00
Qwen2.5-7B,belief_bank_constraints,hidden,1,25686,belief_bank_constraints,123,14026,7706,7013,7013,3005,4701,58.5479,3585,0.8877551020408163,0.9264559068219634,0.9256423566052426,0.9066927210552027,0.980551806692455,2193.774,10,2026-09-18T18:11:20.909992+00:00
Qwen2.5-7B,belief_bank_constraints,hidden,1,25686,belief_bank_constraints,420,14026,7706,7013,7013,3005,4701,53.9858,3585,0.8807570977917981,0.9291181364392679,0.9233065144043603,0.9042914979757085,0.9805122356874543,2248.894,10,2026-09-18T18:11:20.909992+00:00
Qwen2.5-7B,belief_bank_constraints,hidden,1,25686,belief_bank_constraints,511,14026,7706,7013,7013,3005,4701,54.9499,3585,0.8658649398704903,0.9344425956738769,0.9179859849467947,0.8988476312419974,0.9798875942775653,2304.965,10,2026-09-18T18:11:20.909992+00:00
Qwen2.5-7B,belief_bank_constraints,hidden,1,25686,belief_bank_constraints,mean,0,0,0,0,0,0,56.4578,3585.0,0.8852671061708397,0.9255906821963394,0.9241500129769011,0.9049345423088223,0.9809639610080483,25443.341,10,2026-09-18T18:11:20.909992+00:00
Qwen2.5-7B,belief_bank_constraints,hidden,1,25686,belief_bank_constraints,std,0,0,0,0,0,0,2.180860449914208,0.0,0.008640643335629097,0.00490258818254986,0.0029932791398049907,0.0032071091145824894,0.0008645632553782425,25443.341,10,2026-09-18T18:11:20.909992+00:00
Qwen2.5-7B,belief_bank_constraints,hidden,1,25686,belief_bank_facts,2,14026,27416,7013,7013,3556,23860,59.2841,3585,0.14445951585976627,0.7786839145106862,0.37313977239568136,0.2437070938215103,0.49785680341927085,2366.121,10,2026-09-18T18:11:20.909992+00:00
Qwen2.5-7B,belief_bank_constraints,hidden,1,25686,belief_bank_facts,4,14026,27416,7013,7013,3556,23860,55.9964,3585,0.14097622244358785,0.9153543307086615,0.26557484680478555,0.24432351285419404,0.4970018914232536,2423.985,10,2026-09-18T18:11:20.909992+00:00
Qwen2.5-7B,belief_bank_constraints,hidden,1,25686,belief_bank_facts,24,14026,27416,7013,7013,3556,23860,57.0826,3585,0.12086761406133134,0.4544431946006749,0.500510650714911,0.19094883611012645,0.4994129610579901,2482.94,10,2026-09-18T18:11:20.909992+00:00
Qwen2.5-7B,belief_bank_constraints,hidden,1,25686,belief_bank_facts,42,14026,27416,7013,7013,3556,23860,56.6398,3585,0.1442865117876927,0.9448818897637795,0.26601254741756636,0.250344596356592,0.5769269817278707,2541.443,10,2026-09-18T18:11:20.909992+00:00
Qwen2.5-7B,belief_bank_constraints,hidden,1,25686,belief_bank_facts,64,14026,27416,7013,7013,3556,23860,53.8934,3585,0.14702684141246494,0.7224409448818898,0.4203749635249489,0.24432925959389415,0.5356626510852113,2597.202,10,2026-09-18T18:11:20.909992+00:00
Qwen2.5-7B,belief_bank_constraints,hidden,1,25686,belief_bank_facts,67,14026,27416,7013,7013,3556,23860,53.2221,3585,0.13610467361915798,0.7927446569178853,0.32046979865771813,0.2323223998681391,0.4594787672182218,2652.289,10,2026-09-18T18:11:20.909992+00:00
Qwen2.5-7B,belief_bank_constraints,hidden,1,25686,belief_bank_facts,104,14026,27416,7013,7013,3556,23860,59.3037,3585,0.13299843932891142,0.766872890888639,0.32134519988327986,0.22668329177057356,0.4463522686235888,2713.453,10,2026-09-18T18:11:20.909992+00:00
Qwen2.5-7B,belief_bank_constraints,hidden,1,25686,belief_bank_facts,123,14026,27416,7013,7013,3556,23860,58.7791,3585,0.1647113545919686,0.8962317210348706,0.39703093084330315,0.2782798515607946,0.611270079871617,2774.094,10,2026-09-18T18:11:20.909992+00:00
Qwen2.5-7B,belief_bank_constraints,hidden,1,25686,belief_bank_facts,420,14026,27416,7013,7013,3556,23860,54.2499,3585,0.14112539225379359,0.9232283464566929,0.2612707907791071,0.24482642902419927,0.48009130878757506,2830.271,10,2026-09-18T18:11:20.909992+00:00
Qwen2.5-7B,belief_bank_constraints,hidden,1,25686,belief_bank_facts,511,14026,27416,7013,7013,3556,23860,51.0476,3585,0.15096590648373331,0.9251968503937008,0.31539976655967317,0.2595763146475206,0.6144348783728104,2883.358,10,2026-09-18T18:11:20.909992+00:00
Qwen2.5-7B,belief_bank_constraints,hidden,1,25686,belief_bank_facts,mean,0,0,0,0,0,0,55.94987,3585.0,0.1423522471842408,0.8120078740157479,0.34411292675809746,0.2415341585607544,0.5218488591587409,25443.341,10,2026-09-18T18:11:20.909992+00:00
Qwen2.5-7B,belief_bank_constraints,hidden,1,25686,belief_bank_facts,std,0,0,0,0,0,0,2.6593796389571764,0.0,0.010934681417409558,0.1414230701525664,0.07412931299167491,0.021561128296411422,0.05729097898688762,25443.341,10,2026-09-18T18:11:20.909992+00:00
Qwen2.5-7B,belief_bank_constraints,hidden,1,25686,halu_eval,2,14026,10000,7013,7013,2812,7188,53.4895,3585,0.28199179011243974,0.561877667140825,0.4745,0.37551990493166965,0.4993922124831096,2938.114,10,2026-09-18T18:11:20.909992+00:00
Qwen2.5-7B,belief_bank_constraints,hidden,1,25686,halu_eval,4,14026,10000,7013,7013,2812,7188,52.0604,3585,0.2890978123305008,0.5686344238975818,0.4855,0.3833153541891406,0.509883287975613,2991.447,10,2026-09-18T18:11:20.909992+00:00
Qwen2.5-7B,belief_bank_constraints,hidden,1,25686,halu_eval,24,14026,10000,7013,7013,2812,7188,53.9038,3585,0.2779319916724497,0.284850640113798,0.5908,0.2813487881981033,0.4999567350277965,3046.615,10,2026-09-18T18:11:20.909992+00:00
Qwen2.5-7B,belief_bank_constraints,hidden,1,25686,halu_eval,42,14026,10000,7013,7013,2812,7188,53.3761,3585,0.2790172267720983,0.35135135135135137,0.5623,0.311034157091138,0.4990203415127631,3101.246,10,2026-09-18T18:11:20.909992+00:00
Qwen2.5-7B,belief_bank_constraints,hidden,1,25686,halu_eval,64,14026,10000,7013,7013,2812,7188,53.4078,3585,0.28253275109170306,0.4601706970128023,0.5196,0.3501082251082251,0.5020752839211234,3155.913,10,2026-09-18T18:11:20.909992+00:00
Qwen2.5-7B,belief_bank_constraints,hidden,1,25686,halu_eval,67,14026,10000,7013,7013,2812,7188,49.5428,3585,0.2772547828727604,0.32467994310099574,0.5721,0.2990990990990991,0.5007988064507702,3206.718,10,2026-09-18T18:11:20.909992+00:00
Qwen2.5-7B,belief_bank_constraints,hidden,1,25686,halu_eval,104,14026,10000,7013,7013,2812,7188,53.693,3585,0.28324808184143224,0.6301564722617354,0.4476,0.39082487869430965,0.5024027520183394,3261.673,10,2026-09-18T18:11:20.909992+00:00
Qwen2.5-7B,belief_bank_constraints,hidden,1,25686,halu_eval,123,14026,10000,7013,7013,2812,7188,54.8583,3585,0.2845915201654602,0.48933143669985774,0.5105,0.3598796913822414,0.5074180998281472,3317.787,10,2026-09-18T18:11:20.909992+00:00
Qwen2.5-7B,belief_bank_constraints,hidden,1,25686,halu_eval,420,14026,10000,7013,7013,2812,7188,53.517,3585,0.2805049088359046,0.2844950213371266,0.5936,0.2824858757062147,0.4991514969630909,3372.559,10,2026-09-18T18:11:20.909992+00:00
Qwen2.5-7B,belief_bank_constraints,hidden,1,25686,halu_eval,511,14026,10000,7013,7013,2812,7188,51.4958,3585,0.27826303968055904,0.3965149359886202,0.5411,0.32702742337586155,0.4973721414939234,3425.308,10,2026-09-18T18:11:20.909992+00:00
Qwen2.5-7B,belief_bank_constraints,hidden,1,25686,halu_eval,mean,0,0,0,0,0,0,52.934450000000005,3585.0,0.2814433905375308,0.4352062588904694,0.5297600000000001,0.3360643397776003,0.5017471157674677,25443.341,10,2026-09-18T18:11:20.909992+00:00
Qwen2.5-7B,belief_bank_constraints,hidden,1,25686,halu_eval,std,0,0,0,0,0,0,1.4359583296530576,0.0,0.003464119781496554,0.11894220626561322,0.04797770732329757,0.039359327500497296,0.0037664063719590633,25443.341,10,2026-09-18T18:11:20.909992+00:00
Qwen2.5-7B,belief_bank_constraints,hidden,2,25686,belief_bank_constraints,2,14026,7706,7013,7013,3005,4701,51.2225,3585,0.9061792300226464,0.9321131447587354,0.9358941084868934,0.9189632545931758,0.9851876313355639,3478.395,10,2026-09-18T18:11:20.909992+00:00
Qwen2.5-7B,belief_bank_constraints,hidden,2,25686,belief_bank_constraints,4,14026,7706,7013,7013,3005,4701,47.2903,3585,0.9077467052394729,0.9397670549084859,0.9392681027770569,0.9234793982995422,0.9860058804353943,3526.857,10,2026-09-18T18:11:20.909992+00:00
Qwen2.5-7B,belief_bank_constraints,hidden,2,25686,belief_bank_constraints,24,14026,7706,7013,7013,3005,4701,45.2991,3585,0.9010779961953076,0.945757071547421,0.938359719698936,0.9228770904367593,0.9860077917361726,3573.331,10,2026-09-18T18:11:20.909992+00:00
Qwen2.5-7B,belief_bank_constraints,hidden,2,25686,belief_bank_constraints,42,14026,7706,7013,7013,3005,4701,45.6134,3585,0.9031843036346092,0.9344425956738769,0.9353750324422528,0.9185475956820413,0.9856297081266738,3620.114,10,2026-09-18T18:11:20.909992+00:00
Qwen2.5-7B,belief_bank_constraints,hidden,2,25686,belief_bank_constraints,64,14026,7706,7013,7013,3005,4701,53.7472,3585,0.9060077519379846,0.9334442595673876,0.9362834155203738,0.919521389936076,0.9859883247838018,3675.049,10,2026-09-18T18:11:20.909992+00:00
Qwen2.5-7B,belief_bank_constraints,hidden,2,25686,belief_bank_constraints,67,14026,7706,7013,7013,3005,4701,44.3757,3585,0.9061488673139159,0.9317803660565723,0.9357643394757332,0.918785890073831,0.985099215977342,3720.596,10,2026-09-18T18:11:20.909992+00:00
Qwen2.5-7B,belief_bank_constraints,hidden,2,25686,belief_bank_constraints,104,14026,7706,7013,7013,3005,4701,49.8612,3585,0.9094121426276903,0.9420965058236273,0.9408253309109784,0.9254658385093167,0.9873629747768468,3771.628,10,2026-09-18T18:11:20.909992+00:00
Qwen2.5-7B,belief_bank_constraints,hidden,2,25686,belief_bank_constraints,123,14026,7706,7013,7013,3005,4701,43.2054,3585,0.9054273643158921,0.9271214642262895,0.9338178043083312,0.9161460046037487,0.9848215110531584,3816.006,10,2026-09-18T18:11:20.909992+00:00
Qwen2.5-7B,belief_bank_constraints,hidden,2,25686,belief_bank_constraints,420,14026,7706,7013,7013,3005,4701,43.1456,3585,0.8980952380952381,0.9414309484193012,0.935504801453413,0.9192526401299757,0.985444241162269,3860.325,10,2026-09-18T18:11:20.909992+00:00
Qwen2.5-7B,belief_bank_constraints,hidden,2,25686,belief_bank_constraints,511,14026,7706,7013,7013,3005,4701,43.0843,3585,0.8885050251256281,0.9414309484193012,0.9310926550739683,0.9142026175472613,0.9841021540713714,3904.583,10,2026-09-18T18:11:20.909992+00:00
Qwen2.5-7B,belief_bank_constraints,hidden,2,25686,belief_bank_constraints,mean,0,0,0,0,0,0,46.68447,3585.0,0.9031784624508384,0.9369384359400998,0.9362185310147938,0.9197241719811728,0.9855649433458593,25443.341,10,2026-09-18T18:11:20.909992+00:00
Qwen2.5-7B,belief_bank_constraints,hidden,2,25686,belief_bank_constraints,std,0,0,0,0,0,0,3.562585124330364,0.0,0.005798093529694121,0.005634190106964059,0.0026207236545681225,0.003215701509761999,0.000829046617916501,25443.341,10,2026-09-18T18:11:20.909992+00:00
Qwen2.5-7B,belief_bank_constraints,hidden,2,25686,belief_bank_facts,2,14026,27416,7013,7013,3556,23860,48.085,3585,0.08985811875985286,0.048087739032620924,0.8133571637000292,0.06264883678329364,0.5200191263812057,3954.618,10,2026-09-18T18:11:20.909992+00:00
Qwen2.5-7B,belief_bank_constraints,hidden,2,25686,belief_bank_facts,4,14026,27416,7013,7013,3556,23860,49.894,3585,0.13833251913369157,0.9555680539932508,0.22220601108841553,0.24167852062588904,0.6210242867797435,4006.459,10,2026-09-18T18:11:20.909992+00:00
Qwen2.5-7B,belief_bank_constraints,hidden,2,25686,belief_bank_facts,24,14026,27416,7013,7013,3556,23860,45.119,3585,0.13778536030546754,0.953880764904387,0.2197986577181208,0.2407893802796905,0.5200841676276216,4053.516,10,2026-09-18T18:11:20.909992+00:00
Qwen2.5-7B,belief_bank_constraints,hidden,2,25686,belief_bank_facts,42,14026,27416,7013,7013,3556,23860,45.3995,3585,0.165651158817835,0.8180539932508436,0.44196819375547125,0.27551262016384903,0.6109399411829598,4100.865,10,2026-09-18T18:11:20.909992+00:00
Qwen2.5-7B,belief_bank_constraints,hidden,2,25686,belief_bank_facts,64,14026,27416,7013,7013,3556,23860,53.6637,3585,0.10739168735484904,0.3771091113610799,0.5126568427195798,0.1671757152652247,0.4691825416730704,4156.476,10,2026-09-18T18:11:20.909992+00:00
Qwen2.5-7B,belief_bank_constraints,hidden,2,25686,belief_bank_facts,67,14026,27416,7013,7013,3556,23860,43.9616,3585,0.14345498783454988,0.829021372328459,0.33578932010504814,0.24458641002240106,0.5414297594611235,4202.387,10,2026-09-18T18:11:20.909992+00:00
Qwen2.5-7B,belief_bank_constraints,hidden,2,25686,belief_bank_facts,104,14026,27416,7013,7013,3556,23860,47.307,3585,0.07407407407407407,0.16422947131608548,0.6253282754595857,0.1020979020979021,0.4982699511680906,4251.646,10,2026-09-18T18:11:20.909992+00:00
Qwen2.5-7B,belief_bank_constraints,hidden,2,25686,belief_bank_facts,123,14026,27416,7013,7013,3556,23860,40.533,3585,0.14394305549452963,0.9212598425196851,0.27914356580099214,0.24898346950408512,0.6955809549895953,4294.13,10,2026-09-18T18:11:20.909992+00:00
Qwen2.5-7B,belief_bank_constraints,hidden,2,25686,belief_bank_facts,420,14026,27416,7013,7013,3556,23860,45.3839,3585,0.16028443508032658,0.8557367829021373,0.3998030347242486,0.26999689454771303,0.6203904454839206,4341.459,10,2026-09-18T18:11:20.909992+00:00
Qwen2.5-7B,belief_bank_constraints,hidden,2,25686,belief_bank_facts,511,14026,27416,7013,7013,3556,23860,43.0131,3585,0.1512609589782444,0.7859955005624297,0.4002042602859644,0.2536988290823273,0.5749678123323436,4386.402,10,2026-09-18T18:11:20.909992+00:00
Qwen2.5-7B,belief_bank_constraints,hidden,2,25686,belief_bank_facts,mean,0,0,0,0,0,0,46.23598,3585.0,0.13120363558334205,0.6708942632170979,0.4250255325357456,0.21071685783723754,0.5671888987079675,25443.341,10,2026-09-18T18:11:20.909992+00:00
Qwen2.5-7B,belief_bank_constraints,hidden,2,25686,belief_bank_facts,std,0,0,0,0,0,0,3.519591136993045,0.0,0.028950642391612928,0.32384958926374546,0.17681620205346762,0.07046458133245513,0.06606836053266797,25443.341,10,2026-09-18T18:11:20.909992+00:00
Qwen2.5-7B,belief_bank_constraints,hidden,2,25686,halu_eval,2,14026,10000,7013,7013,2812,7188,48.3608,3585,0.2805830296720458,0.3833570412517781,0.5502,0.3240156296964232,0.49554939736766906,4435.985,10,2026-09-18T18:11:20.909992+00:00
Qwen2.5-7B,belief_bank_constraints,hidden,2,25686,halu_eval,4,14026,10000,7013,7013,2812,7188,50.1798,3585,0.2887661141804788,0.27880512091038406,0.6041,0.283698208793197,0.505065489661527,4487.39,10,2026-09-18T18:11:20.909992+00:00
Qwen2.5-7B,belief_bank_constraints,hidden,2,25686,halu_eval,24,14026,10000,7013,7013,2812,7188,45.1675,3585,0.2820672478206725,0.16109530583214793,0.6488,0.2050701674966048,0.503683756355424,4533.793,10,2026-09-18T18:11:20.909992+00:00
Qwen2.5-7B,belief_bank_constraints,hidden,2,25686,halu_eval,42,14026,10000,7013,7013,2812,7188,45.5595,3585,0.28691476590636256,0.42496443812233287,0.5413,0.34255410634943384,0.505531831145793,4580.588,10,2026-09-18T18:11:20.909992+00:00
Qwen2.5-7B,belief_bank_constraints,hidden,2,25686,halu_eval,64,14026,10000,7013,7013,2812,7188,50.722,3585,0.28530670470756064,0.2844950213371266,0.5984,0.2849002849002849,0.4982611636986253,4632.542,10,2026-09-18T18:11:20.909992+00:00
Qwen2.5-7B,belief_bank_constraints,hidden,2,25686,halu_eval,67,14026,10000,7013,7013,2812,7188,46.6777,3585,0.27796467619848614,0.23506401137980085,0.6132,0.2547206165703276,0.500633043970075,4680.444,10,2026-09-18T18:11:20.909992+00:00
Qwen2.5-7B,belief_bank_constraints,hidden,2,25686,halu_eval,104,14026,10000,7013,7013,2812,7188,47.5025,3585,0.2887716212254471,0.35028449502133713,0.5747,0.31656757191065404,0.5039688500115966,4729.17,10,2026-09-18T18:11:20.909992+00:00
Qwen2.5-7B,belief_bank_constraints,hidden,2,25686,halu_eval,123,14026,10000,7013,7013,2812,7188,40.6795,3585,0.29364844903988185,0.3534850640113798,0.5791,0.32080038728416976,0.5049293126049343,4771.073,10,2026-09-18T18:11:20.909992+00:00
Qwen2.5-7B,belief_bank_constraints,hidden,2,25686,halu_eval,420,14026,10000,7013,7013,2812,7188,45.6318,3585,0.27813504823151125,0.2460881934566145,0.6084,0.2611320754716981,0.49511318552099237,4817.912,10,2026-09-18T18:11:20.909992+00:00
Qwen2.5-7B,belief_bank_constraints,hidden,2,25686,halu_eval,511,14026,10000,7013,7013,2812,7188,42.96,3585,0.27763953075008885,0.2777382645803698,0.5937,0.2776888888888889,0.49869685606879177,4862.079,10,2026-09-18T18:11:20.909992+00:00
Qwen2.5-7B,belief_bank_constraints,hidden,2,25686,halu_eval,mean,0,0,0,0,0,0,46.34410999999999,3585.0,0.2839797187732535,0.29953769559032717,0.5911900000000001,0.2871147937361682,0.5011432886405428,25443.341,10,2026-09-18T18:11:20.909992+00:00
Qwen2.5-7B,belief_bank_constraints,hidden,2,25686,halu_eval,std,0,0,0,0,0,0,2.9231155175428842,0.0,0.00524848154707117,0.07453485363991333,0.02985258615262672,0.038728031545861887,0.00381602550093841,25443.341,10,2026-09-18T18:11:20.909992+00:00
Qwen2.5-7B,belief_bank_constraints,hidden,3,25686,belief_bank_constraints,2,14026,7706,7013,7013,3005,4701,43.7789,3585,0.8954415046222506,0.93477537437604,0.9320010381520892,0.9146857701074569,0.9850522121359813,4907.75,10,2026-09-18T18:11:20.909992+00:00
Qwen2.5-7B,belief_bank_constraints,hidden,3,25686,belief_bank_constraints,4,14026,7706,7013,7013,3005,4701,43.0373,3585,0.9072997416020672,0.93477537437604,0.9373215676096548,0.9208326503851828,0.9853101669521229,4951.925,10,2026-09-18T18:11:20.909992+00:00
Qwen2.5-7B,belief_bank_constraints,hidden,3,25686,belief_bank_constraints,24,14026,7706,7013,7013,3005,4701,48.0578,3585,0.8959974787267571,0.946089850249584,0.9361536465092136,0.9203625768857235,0.9857775861757738,5001.129,10,2026-09-18T18:11:20.909992+00:00
Qwen2.5-7B,belief_bank_constraints,hidden,3,25686,belief_bank_constraints,42,14026,7706,7013,7013,3005,4701,43.8352,3585,0.9027688345138442,0.9331114808652247,0.9347261873864521,0.9176894125347733,0.9848783545540811,5046.106,10,2026-09-18T18:11:20.909992+00:00
Qwen2.5-7B,belief_bank_constraints,hidden,3,25686,belief_bank_constraints,64,14026,7706,7013,7013,3005,4701,44.4095,3585,0.9016763378465507,0.9307820299500832,0.9334284972748508,0.9159980350417554,0.9846869413205885,5091.655,10,2026-09-18T18:11:20.909992+00:00
Qwen2.5-7B,belief_bank_constraints,hidden,3,25686,belief_bank_constraints,67,14026,7706,7013,7013,3005,4701,42.1814,3585,0.8977491961414791,0.9291181364392679,0.9310926550739683,0.9131643499591169,0.9833979459179748,5134.979,10,2026-09-18T18:11:20.909992+00:00
Qwen2.5-7B,belief_bank_constraints,hidden,3,25686,belief_bank_constraints,104,14026,7706,7013,7013,3005,4701,45.5003,3585,0.9056,0.9417637271214643,0.9390085647547366,0.9233278955954323,0.9861151077354237,5181.621,10,2026-09-18T18:11:20.909992+00:00
Qwen2.5-7B,belief_bank_constraints,hidden,3,25686,belief_bank_constraints,123,14026,7706,7013,7013,3005,4701,44.1036,3585,0.9024232633279483,0.929450915141431,0.9332987282636906,0.9157377049180327,0.9841841276380818,5226.887,10,2026-09-18T18:11:20.909992+00:00
Qwen2.5-7B,belief_bank_constraints,hidden,3,25686,belief_bank_constraints,420,14026,7706,7013,7013,3005,4701,46.8489,3585,0.8989158163265306,0.9381031613976706,0.9347261873864521,0.9180915160397329,0.9853173874217296,5274.87,10,2026-09-18T18:11:20.909992+00:00
Qwen2.5-7B,belief_bank_constraints,hidden,3,25686,belief_bank_constraints,511,14026,7706,7013,7013,3005,4701,43.819,3585,0.8850755667506297,0.935440931780366,0.9274591227614846,0.9095615596181847,0.9830006077228586,5319.826,10,2026-09-18T18:11:20.909992+00:00
Qwen2.5-7B,belief_bank_constraints,hidden,3,25686,belief_bank_constraints,mean,0,0,0,0,0,0,44.557190000000006,3585.0,0.8992947739858057,0.9353410981697172,0.9339216195172593,0.9169451471085391,0.9847720437574617,25443.341,10,2026-09-18T18:11:20.909992+00:00
Qwen2.5-7B,belief_bank_constraints,hidden,3,25686,belief_bank_constraints,std,0,0,0,0,0,0,1.6807614610348494,0.0,0.0060149969672260275,0.005140434669693519,0.003127298550905184,0.003816681708791178,0.0009418453843320083,25443.341,10,2026-09-18T18:11:20.909992+00:00
Qwen2.5-7B,belief_bank_constraints,hidden,3,25686,belief_bank_facts,2,14026,27416,7013,7013,3556,23860,45.2045,3585,0.31438721136767317,0.049775028121484814,0.8626714327400058,0.08594319009468318,0.6450385969146983,5366.906,10,2026-09-18T18:11:20.909992+00:00
Qwen2.5-7B,belief_bank_constraints,hidden,3,25686,belief_bank_facts,4,14026,27416,7013,7013,3556,23860,44.1938,3585,0.1713270685308274,0.8408323959505062,0.45185293259410564,0.28465346534653463,0.6386528630170181,5412.976,10,2026-09-18T18:11:20.909992+00:00
Qwen2.5-7B,belief_bank_constraints,hidden,3,25686,belief_bank_facts,24,14026,27416,7013,7013,3556,23860,48.434,3585,0.13284833148821762,0.9448818897637795,0.19288007003209803,0.23294509151414308,0.5574341136947152,5463.286,10,2026-09-18T18:11:20.909992+00:00
Qwen2.5-7B,belief_bank_constraints,hidden,3,25686,belief_bank_facts,42,14026,27416,7013,7013,3556,23860,43.9485,3585,0.27927927927927926,0.08717660292463442,0.8524219433907207,0.13287612516073724,0.5787120477815378,5509.118,10,2026-09-18T18:11:20.909992+00:00
Qwen2.5-7B,belief_bank_constraints,hidden,3,25686,belief_bank_facts,64,14026,27416,7013,7013,3556,23860,44.7645,3585,0.18429733890477237,0.23565804274465693,0.7655748468047855,0.20683697396026163,0.6550496746110843,5555.767,10,2026-09-18T18:11:20.909992+00:00
Qwen2.5-7B,belief_bank_constraints,hidden,3,25686,belief_bank_facts,67,14026,27416,7013,7013,3556,23860,39.7084,3585,0.14124293785310735,0.18982002249718785,0.7452217683104756,0.16196760647870426,0.654457620710236,5597.36,10,2026-09-18T18:11:20.909992+00:00
Qwen2.5-7B,belief_bank_constraints,hidden,3,25686,belief_bank_facts,104,14026,27416,7013,7013,3556,23860,48.0492,3585,0.21973094170403587,0.08267716535433071,0.8429384301138022,0.12014711892112791,0.5992081904472754,5647.293,10,2026-09-18T18:11:20.909992+00:00
Qwen2.5-7B,belief_bank_constraints,hidden,3,25686,belief_bank_facts,123,14026,27416,7013,7013,3556,23860,43.4567,3585,0.22994915532228966,0.7885264341957255,0.6300700320980449,0.3560634920634921,0.7256936495417118,5692.629,10,2026-09-18T18:11:20.909992+00:00
Qwen2.5-7B,belief_bank_constraints,hidden,3,25686,belief_bank_facts,420,14026,27416,7013,7013,3556,23860,47.001,3585,0.22774708410067526,0.20866141732283464,0.8055879778231689,0.21778690930437336,0.6039813705181236,5741.512,10,2026-09-18T18:11:20.909992+00:00
Qwen2.5-7B,belief_bank_constraints,hidden,3,25686,belief_bank_facts,511,14026,27416,7013,7013,3556,23860,43.9325,3585,0.20241242564441506,0.34448818897637795,0.7389115844762183,0.25499583680266447,0.6407787576951037,5787.329,10,2026-09-18T18:11:20.909992+00:00
Qwen2.5-7B,belief_bank_constraints,hidden,3,25686,belief_bank_facts,mean,0,0,0,0,0,0,44.86931,3585.0,0.21032217741952927,0.37724971878515184,0.6888131018383425,0.20542158096467217,0.6299006884931504,25443.341,10,2026-09-18T18:11:20.909992+00:00
Qwen2.5-7B,belief_bank_constraints,hidden,3,25686,belief_bank_facts,std,0,0,0,0,0,0,2.4145068185656466,0.0,0.05421862845913415,0.3269697567882357,0.20285959773417,0.0781272313969139,0.04507928228185318,25443.341,10,2026-09-18T18:11:20.909992+00:00
Qwen2.5-7B,belief_bank_constraints,hidden,3,25686,halu_eval,2,14026,10000,7013,7013,2812,7188,44.2465,3585,0.29384025935750074,0.35455192034139404,0.5789,0.32135374697824337,0.510704976129807,5832.772,10,2026-09-18T18:11:20.909992+00:00
Qwen2.5-7B,belief_bank_constraints,hidden,3,25686,halu_eval,4,14026,10000,7013,7013,2812,7188,43.7319,3585,0.2791747259832366,0.15398293029871976,0.6503,0.19848727939491176,0.5009471540998868,5877.702,10,2026-09-18T18:11:20.909992+00:00
Qwen2.5-7B,belief_bank_constraints,hidden,3,25686,halu_eval,24,14026,10000,7013,7013,2812,7188,45.609,3585,0.27821869488536155,0.2243954480796586,0.6182,0.2484251968503937,0.5016505995055771,5924.508,10,2026-09-18T18:11:20.909992+00:00
Qwen2.5-7B,belief_bank_constraints,hidden,3,25686,halu_eval,42,14026,10000,7013,7013,2812,7188,46.9007,3585,0.27549386011745863,0.3669985775248933,0.5506,0.31473010064043916,0.4957306699327392,5972.604,10,2026-09-18T18:11:20.909992+00:00
Qwen2.5-7B,belief_bank_constraints,hidden,3,25686,halu_eval,64,14026,10000,7013,7013,2812,7188,45.2833,3585,0.2920673076923077,0.2592460881934566,0.615,0.274679728711379,0.5061421665712809,6019.086,10,2026-09-18T18:11:20.909992+00:00
Qwen2.5-7B,belief_bank_constraints,hidden,3,25686,halu_eval,67,14026,10000,7013,7013,2812,7188,40.13,3585,0.2875473899095946,0.3506401137980085,0.5731,0.31597500400576833,0.5040505315085756,6060.416,10,2026-09-18T18:11:20.909992+00:00
Qwen2.5-7B,belief_bank_constraints,hidden,3,25686,halu_eval,104,14026,10000,7013,7013,2812,7188,48.5818,3585,0.2890855457227139,0.20910384068278806,0.633,0.24267437061494015,0.5053026183199278,6110.197,10,2026-09-18T18:11:20.909992+00:00
Qwen2.5-7B,belief_bank_constraints,hidden,3,25686,halu_eval,123,14026,10000,7013,7013,2812,7188,43.6255,3585,0.2800109379272628,0.36415362731152207,0.5579,0.31658679857783273,0.5041902212158561,6155.023,10,2026-09-18T18:11:20.909992+00:00
Qwen2.5-7B,belief_bank_constraints,hidden,3,25686,halu_eval,420,14026,10000,7013,7013,2812,7188,47.6642,3585,0.28055190538764785,0.30369843527738266,0.5852,0.2916666666666667,0.5049339384195723,6203.888,10,2026-09-18T18:11:20.909992+00:00
Qwen2.5-7B,belief_bank_constraints,hidden,3,25686,halu_eval,511,14026,10000,7013,7013,2812,7188,41.6925,3585,0.2838709677419355,0.2503556187766714,0.6116,0.2660619803476946,0.5010353166847543,6246.783,10,2026-09-18T18:11:20.909992+00:00
Qwen2.5-7B,belief_bank_constraints,hidden,3,25686,halu_eval,mean,0,0,0,0,0,0,44.746539999999996,3585.0,0.28398615947250194,0.2837126600284495,0.59738,0.2790640872788269,0.5034688192387978,25443.341,10,2026-09-18T18:11:20.909992+00:00
Qwen2.5-7B,belief_bank_constraints,hidden,3,25686,halu_eval,std,0,0,0,0,0,0,2.4913887674146715,0.0,0.00597692887993493,0.07136548537243545,0.03137176437499173,0.038643921785583714,0.003759555335501783,25443.341,10,2026-09-18T18:11:20.909992+00:00
Qwen2.5-7B,belief_bank_constraints,hidden,4,25686,belief_bank_constraints,2,14026,7706,7013,7013,3005,4701,47.0097,3585,0.8999040614007036,0.9364392678868553,0.934596418375292,0.9178082191780822,0.9866136032939499,6295.82,10,2026-09-18T18:11:20.909992+00:00
Qwen2.5-7B,belief_bank_constraints,hidden,4,25686,belief_bank_constraints,4,14026,7706,7013,7013,3005,4701,45.1382,3585,0.9130154639175257,0.9430948419301165,0.9427718660783805,0.9278114257652643,0.9873098830885628,6342.088,10,2026-09-18T18:11:20.909992+00:00
Qwen2.5-7B,belief_bank_constraints,hidden,4,25686,belief_bank_constraints,24,14026,7706,7013,7013,3005,4701,44.2104,3585,0.9006014561570117,0.9467554076539102,0.9384894887100961,0.9231018818948734,0.9873144135792965,6387.426,10,2026-09-18T18:11:20.909992+00:00
Qwen2.5-7B,belief_bank_constraints,hidden,4,25686,belief_bank_constraints,42,14026,7706,7013,7013,3005,4701,47.2837,3585,0.90850927703135,0.9450915141430949,0.9414741759667792,0.9264394062958734,0.9874570532484856,6435.837,10,2026-09-18T18:11:20.909992+00:00
Qwen2.5-7B,belief_bank_constraints,hidden,4,25686,belief_bank_constraints,64,14026,7706,7013,7013,3005,4701,41.1543,3585,0.912190414924413,0.9437603993344426,0.9426420970672204,0.9277069021916912,0.9874945005859553,6478.121,10,2026-09-18T18:11:20.909992+00:00
Qwen2.5-7B,belief_bank_constraints,hidden,4,25686,belief_bank_constraints,67,14026,7706,7013,7013,3005,4701,43.8653,3585,0.9104768083036003,0.9341098169717138,0.9384894887100961,0.9221419185282523,0.985632185738794,6523.118,10,2026-09-18T18:11:20.909992+00:00
Qwen2.5-7B,belief_bank_constraints,hidden,4,25686,belief_bank_constraints,104,14026,7706,7013,7013,3005,4701,42.1737,3585,0.9085952533675433,0.9427620632279534,0.9406955618998183,0.92536338396211,0.9876469091257888,6566.421,10,2026-09-18T18:11:20.909992+00:00
Qwen2.5-7B,belief_bank_constraints,hidden,4,25686,belief_bank_constraints,123,14026,7706,7013,7013,3005,4701,42.4849,3585,0.9006389776357827,0.9381031613976706,0.935504801453413,0.9189894050529748,0.9860572024007354,6610.035,10,2026-09-18T18:11:20.909992+00:00
Qwen2.5-7B,belief_bank_constraints,hidden,4,25686,belief_bank_constraints,420,14026,7706,7013,7013,3005,4701,42.6696,3585,0.9064702114029468,0.9417637271214643,0.939397871788217,0.9237799902072793,0.9870006063070802,6653.834,10,2026-09-18T18:11:20.909992+00:00
Qwen2.5-7B,belief_bank_constraints,hidden,4,25686,belief_bank_constraints,511,14026,7706,7013,7013,3005,4701,39.9321,3585,0.8970867637745409,0.9427620632279534,0.935504801453413,0.9193574557845205,0.9859020330931112,6694.899,10,2026-09-18T18:11:20.909992+00:00
Qwen2.5-7B,belief_bank_constraints,hidden,4,25686,belief_bank_constraints,mean,0,0,0,0,0,0,43.59219,3585.0,0.9057488687915418,0.9414642262895174,0.9389566571502727,0.923249998886092,0.9868428390461759,25443.341,10,2026-09-18T18:11:20.909992+00:00
Qwen2.5-7B,belief_bank_constraints,hidden,4,25686,belief_bank_constraints,std,0,0,0,0,0,0,2.2711777576623113,0.0,0.005428564345385154,0.0037838855450261287,0.0028455832091939057,0.003460599772821868,0.0007024546226526072,25443.341,10,2026-09-18T18:11:20.909992+00:00
Qwen2.5-7B,belief_bank_constraints,hidden,4,25686,belief_bank_facts,2,14026,27416,7013,7013,3556,23860,48.0612,3585,0.32524271844660196,0.018841394825646795,0.8676685147359207,0.03561935140882509,0.42066557873685734,6744.831,10,2026-09-18T18:11:20.909992+00:00
Qwen2.5-7B,belief_bank_constraints,hidden,4,25686,belief_bank_facts,4,14026,27416,7013,7013,3556,23860,45.3699,3585,0.0445141065830721,0.0798650168728909,0.6583017216224103,0.0571658615136876,0.46133573988498716,6792.055,10,2026-09-18T18:11:20.909992+00:00
Qwen2.5-7B,belief_bank_constraints,hidden,4,25686,belief_bank_facts,24,14026,27416,7013,7013,3556,23860,44.901,3585,0.042922916976087924,0.0812710911136108,0.6457907791070907,0.05617649917387501,0.394863373899302,6838.816,10,2026-09-18T18:11:20.909992+00:00
Qwen2.5-7B,belief_bank_constraints,hidden,4,25686,belief_bank_facts,42,14026,27416,7013,7013,3556,23860,45.215,3585,0.6153846153846154,0.0022497187851518562,0.870404143565801,0.004483048472961614,0.4622223798932091,6885.885,10,2026-09-18T18:11:20.909992+00:00
Qwen2.5-7B,belief_bank_constraints,hidden,4,25686,belief_bank_facts,64,14026,27416,7013,7013,3556,23860,43.9867,3585,0.2603092783505155,0.02840269966254218,0.8635103589145025,0.051217038539553755,0.5016299382317361,6931.727,10,2026-09-18T18:11:20.909992+00:00
Qwen2.5-7B,belief_bank_constraints,hidden,4,25686,belief_bank_facts,67,14026,27416,7013,7013,3556,23860,44.2827,3585,0.2300469483568075,0.013779527559055118,0.8661000875401226,0.02600159193420005,0.49933624574170477,6977.864,10,2026-09-18T18:11:20.909992+00:00
Qwen2.5-7B,belief_bank_constraints,hidden,4,25686,belief_bank_facts,104,14026,27416,7013,7013,3556,23860,42.6079,3585,0.29891304347826086,0.03093363329583802,0.8648964108549752,0.05606523955147808,0.4930750077552125,7022.327,10,2026-09-18T18:11:20.909992+00:00
Qwen2.5-7B,belief_bank_constraints,hidden,4,25686,belief_bank_facts,123,14026,27416,7013,7013,3556,23860,43.1714,3585,0.50199203187251,0.03543307086614173,0.8703311934636708,0.06619385342789598,0.6032173760132455,7067.352,10,2026-09-18T18:11:20.909992+00:00
Qwen2.5-7B,belief_bank_constraints,hidden,4,25686,belief_bank_facts,420,14026,27416,7013,7013,3556,23860,43.2902,3585,0.06855575868372943,0.0421822272215973,0.8014298220017508,0.05222841225626741,0.438662209344536,7112.502,10,2026-09-18T18:11:20.909992+00:00
Qwen2.5-7B,belief_bank_constraints,hidden,4,25686,belief_bank_facts,511,14026,27416,7013,7013,3556,23860,40.2565,3585,0.5614035087719298,0.008998875140607425,0.8705500437700613,0.017713811237199003,0.4308763649409708,7154.624,10,2026-09-18T18:11:20.909992+00:00
Qwen2.5-7B,belief_bank_constraints,hidden,4,25686,belief_bank_facts,mean,0,0,0,0,0,0,44.11425,3585.0,0.29492849269041305,0.03419572553430822,0.8178983075576305,0.042286470751594356,0.4705884214441761,25443.341,10,2026-09-18T18:11:20.909992+00:00
Qwen2.5-7B,belief_bank_constraints,hidden,4,25686,belief_bank_facts,std,0,0,0,0,0,0,1.9429279879861732,0.0,0.2000945010272774,0.0259216030971142,0.08528266197308346,0.01922733966779404,0.055555922805753395,25443.341,10,2026-09-18T18:11:20.909992+00:00
Qwen2.5-7B,belief_bank_constraints,hidden,4,25686,halu_eval,2,14026,10000,7013,7013,2812,7188,43.4666,3585,0.28645640074211504,0.5490753911806543,0.4886,0.37649353816142406,0.5095434019161065,7199.277,10,2026-09-18T18:11:20.909992+00:00
Qwen2.5-7B,belief_bank_constraints,hidden,4,25686,halu_eval,4,14026,10000,7013,7013,2812,7188,46.5074,3585,0.28492239467849223,0.3655761024182077,0.5636,0.3202492211838006,0.5061692782977161,7246.969,10,2026-09-18T18:11:20.909992+00:00
Qwen2.5-7B,belief_bank_constraints,hidden,4,25686,halu_eval,24,14026,10000,7013,7013,2812,7188,43.278,3585,0.2840640588080861,0.38477951635846375,0.5543,0.3268388460957559,0.501672565940864,7291.425,10,2026-09-18T18:11:20.909992+00:00
Qwen2.5-7B,belief_bank_constraints,hidden,4,25686,halu_eval,42,14026,10000,7013,7013,2812,7188,43.7159,3585,0.2820567986230637,0.46621621621621623,0.5162,0.3514745308310992,0.5009512604380146,7336.319,10,2026-09-18T18:11:20.909992+00:00
Qwen2.5-7B,belief_bank_constraints,hidden,4,25686,halu_eval,64,14026,10000,7013,7013,2812,7188,43.068,3585,0.285036755987669,0.4274537695590327,0.5375,0.34201166595532795,0.5065279891964718,7380.567,10,2026-09-18T18:11:20.909992+00:00
Qwen2.5-7B,belief_bank_constraints,hidden,4,25686,halu_eval,67,14026,10000,7013,7013,2812,7188,42.883,3585,0.28229269904195575,0.6077524893314367,0.4552,0.3855177080983533,0.5024060667732138,7424.638,10,2026-09-18T18:11:20.909992+00:00
Qwen2.5-7B,belief_bank_constraints,hidden,4,25686,halu_eval,104,14026,10000,7013,7013,2812,7188,41.5375,3585,0.28860179204000835,0.4925320056899004,0.5159,0.3639469189331231,0.5094802484146566,7467.364,10,2026-09-18T18:11:20.909992+00:00
Qwen2.5-7B,belief_bank_constraints,hidden,4,25686,halu_eval,123,14026,10000,7013,7013,2812,7188,39.4893,3585,0.2845347729437917,0.3186344238975818,0.5831,0.30062070122462675,0.5042070423599947,7508.044,10,2026-09-18T18:11:20.909992+00:00
Qwen2.5-7B,belief_bank_constraints,hidden,4,25686,halu_eval,420,14026,10000,7013,7013,2812,7188,44.1666,3585,0.28217208033721797,0.4046941678520626,0.5431,0.3325054784514244,0.504591999191002,7553.406,10,2026-09-18T18:11:20.909992+00:00
Qwen2.5-7B,belief_bank_constraints,hidden,4,25686,halu_eval,511,14026,10000,7013,7013,2812,7188,39.3243,3585,0.283091202582728,0.49893314366998576,0.5038,0.36122554067971163,0.5047302046796819,7593.925,10,2026-09-18T18:11:20.909992+00:00
Qwen2.5-7B,belief_bank_constraints,hidden,4,25686,halu_eval,mean,0,0,0,0,0,0,42.74366,3585.0,0.28432289557851276,0.45156472261735414,0.52613,0.3460884149614647,0.505028005720772,25443.341,10,2026-09-18T18:11:20.909992+00:00
Qwen2.5-7B,belief_bank_constraints,hidden,4,25686,halu_eval,std,0,0,0,0,0,0,2.0446570608295165,0.0,0.0019809505492109363,0.08387053038627318,0.03605806567191312,0.025224687377847676,0.0028190402867635344,25443.341,10,2026-09-18T18:11:20.909992+00:00
Qwen2.5-7B,belief_bank_constraints,hidden,5,25686,belief_bank_constraints,2,14026,7706,7013,7013,3005,4701,40.1422,3585,0.894770206022187,0.9394342762063228,0.9332987282636906,0.9165584415584416,0.9858748501487099,7635.924,10,2026-09-18T18:11:20.909992+00:00
Qwen2.5-7B,belief_bank_constraints,hidden,5,25686,belief_bank_constraints,4,14026,7706,7013,7013,3005,4701,44.9739,3585,0.9120025881591718,0.9381031613976706,0.9405657928886582,0.9248687664041995,0.9873116528115057,7682.026,10,2026-09-18T18:11:20.909992+00:00
Qwen2.5-7B,belief_bank_constraints,hidden,5,25686,belief_bank_constraints,24,14026,7706,7013,7013,3005,4701,40.2547,3585,0.897007874015748,0.9477537437603993,0.9371917985984947,0.9216828478964402,0.9870461943700867,7723.409,10,2026-09-18T18:11:20.909992+00:00
Qwen2.5-7B,belief_bank_constraints,hidden,5,25686,belief_bank_constraints,42,14026,7706,7013,7013,3005,4701,43.2222,3585,0.9048834982444941,0.9434276206322796,0.9392681027770569,0.9237536656891495,0.9868384996855203,7767.756,10,2026-09-18T18:11:20.909992+00:00
Qwen2.5-7B,belief_bank_constraints,hidden,5,25686,belief_bank_constraints,64,14026,7706,7013,7013,3005,4701,39.7649,3585,0.9101777059773829,0.9374376039933444,0.9395276407993771,0.9236065573770492,0.9871672434193736,7808.653,10,2026-09-18T18:11:20.909992+00:00
Qwen2.5-7B,belief_bank_constraints,hidden,5,25686,belief_bank_constraints,67,14026,7706,7013,7013,3005,4701,44.6013,3585,0.9090318388564003,0.9311148086522463,0.9368024915650143,0.9199408186749959,0.985788346091266,7854.384,10,2026-09-18T18:11:20.909992+00:00
Qwen2.5-7B,belief_bank_constraints,hidden,5,25686,belief_bank_constraints,104,14026,7706,7013,7013,3005,4701,41.4521,3585,0.907717041800643,0.9394342762063228,0.9391383337658967,0.9233033524121014,0.9877480664891988,7896.967,10,2026-09-18T18:11:20.909992+00:00
Qwen2.5-7B,belief_bank_constraints,hidden,5,25686,belief_bank_constraints,123,14026,7706,7013,7013,3005,4701,41.4386,3585,0.9081533999355462,0.9377703826955075,0.9387490267324163,0.922724296005239,0.9856058522614051,7939.535,10,2026-09-18T18:11:20.909992+00:00
Qwen2.5-7B,belief_bank_constraints,hidden,5,25686,belief_bank_constraints,420,14026,7706,7013,7013,3005,4701,45.0106,3585,0.9072,0.9434276206322796,0.9403062548663379,0.9249592169657422,0.986437480466683,7985.677,10,2026-09-18T18:11:20.909992+00:00
Qwen2.5-7B,belief_bank_constraints,hidden,5,25686,belief_bank_constraints,511,14026,7706,7013,7013,3005,4701,40.301,3585,0.8948204639339054,0.9371048252911813,0.9325201141967299,0.9154746423927178,0.9854000688776168,8027.112,10,2026-09-18T18:11:20.909992+00:00
Qwen2.5-7B,belief_bank_constraints,hidden,5,25686,belief_bank_constraints,mean,0,0,0,0,0,0,42.116150000000005,3585.0,0.904576461694548,0.9395008319467554,0.9377368284453673,0.9216872605376076,0.9865218254621366,25443.341,10,2026-09-18T18:11:20.909992+00:00
Qwen2.5-7B,belief_bank_constraints,hidden,5,25686,belief_bank_constraints,std,0,0,0,0,0,0,2.0255505470118487,0.0,0.0062018730620183,0.00429220028948719,0.0026688283603602822,0.0031689129295242886,0.0007733260511887972,25443.341,10,2026-09-18T18:11:20.909992+00:00
Qwen2.5-7B,belief_bank_constraints,hidden,5,25686,belief_bank_facts,2,14026,27416,7013,7013,3556,23860,40.5783,3585,0.4444444444444444,0.003374578177727784,0.8701852932594105,0.0066982975160480044,0.5119066908861875,8069.555,10,2026-09-18T18:11:20.909992+00:00
Qwen2.5-7B,belief_bank_constraints,hidden,5,25686,belief_bank_facts,4,14026,27416,7013,7013,3556,23860,37.138,3585,0.03324808184143223,0.003655793025871766,0.8569813247738547,0.006587281479604763,0.5560750893145902,8108.563,10,2026-09-18T18:11:20.909992+00:00
Qwen2.5-7B,belief_bank_constraints,hidden,5,25686,belief_bank_facts,24,14026,27416,7013,7013,3556,23860,41.9754,3585,0.11538461538461539,0.010967379077615299,0.8608112051356872,0.020030816640986132,0.5739425213822287,8152.408,10,2026-09-18T18:11:20.909992+00:00
Qwen2.5-7B,belief_bank_constraints,hidden,5,25686,belief_bank_facts,42,14026,27416,7013,7013,3556,23860,40.2958,3585,0.23255813953488372,0.00281214848143982,0.8694557922381091,0.005557099194220617,0.6059293078201771,8194.573,10,2026-09-18T18:11:20.909992+00:00
Qwen2.5-7B,belief_bank_constraints,hidden,5,25686,belief_bank_facts,64,14026,27416,7013,7013,3556,23860,37.076,3585,0.5073529411764706,0.01940382452193476,0.8703676685147359,0.03737811484290358,0.6779488665132282,8233.513,10,2026-09-18T18:11:20.909992+00:00
Qwen2.5-7B,belief_bank_constraints,hidden,5,25686,belief_bank_facts,67,14026,27416,7013,7013,3556,23860,42.0835,3585,0.18823529411764706,0.0044994375703037125,0.868361540706157,0.008788794287283713,0.5924389506843916,8277.454,10,2026-09-18T18:11:20.909992+00:00
Qwen2.5-7B,belief_bank_constraints,hidden,5,25686,belief_bank_facts,104,14026,27416,7013,7013,3556,23860,41.0427,3585,0.9354838709677419,0.008155230596175478,0.8712795447913627,0.016169500975745748,0.5703783883678413,8320.355,10,2026-09-18T18:11:20.909992+00:00
Qwen2.5-7B,belief_bank_constraints,hidden,5,25686,belief_bank_facts,123,14026,27416,7013,7013,3556,23860,39.1092,3585,0.5899280575539568,0.023059617547806523,0.8712065946892326,0.044384303112313936,0.6572401273080596,8361.325,10,2026-09-18T18:11:20.909992+00:00
Qwen2.5-7B,belief_bank_constraints,hidden,5,25686,belief_bank_facts,420,14026,27416,7013,7013,3556,23860,43.9527,3585,0.0,0.0,0.8702947184126058,0.0,0.5421274103624725,8407.129,10,2026-09-18T18:11:20.909992+00:00
Qwen2.5-7B,belief_bank_constraints,hidden,5,25686,belief_bank_facts,511,14026,27416,7013,7013,3556,23860,39.8815,3585,0.0,0.0,0.8702947184126058,0.0,0.5348202440746876,8448.872,10,2026-09-18T18:11:20.909992+00:00
Qwen2.5-7B,belief_bank_constraints,hidden,5,25686,belief_bank_facts,mean,0,0,0,0,0,0,40.31331,3585.0,0.3046635445021192,0.007592800899887514,0.8679238400933761,0.01455942080491065,0.5822807596713864,25443.341,10,2026-09-18T18:11:20.909992+00:00
Qwen2.5-7B,belief_bank_constraints,hidden,5,25686,belief_bank_facts,std,0,0,0,0,0,0,2.04799711545207,0.0,0.2922018415738079,0.007559398259392485,0.004660820789309381,0.014513416519632743,0.050148746260968186,25443.341,10,2026-09-18T18:11:20.909992+00:00
Qwen2.5-7B,belief_bank_constraints,hidden,5,25686,halu_eval,2,14026,10000,7013,7013,2812,7188,42.6949,3585,0.28149300155520995,0.579302987197724,0.4659,0.3788812652634027,0.5063179475275293,8492.747,10,2026-09-18T18:11:20.909992+00:00
Qwen2.5-7B,belief_bank_constraints,hidden,5,25686,halu_eval,4,14026,10000,7013,7013,2812,7188,40.0615,3585,0.29205409974640745,0.2457325746799431,0.6204,0.26689841637697953,0.5096330239825978,8533.986,10,2026-09-18T18:11:20.909992+00:00
Qwen2.5-7B,belief_bank_constraints,hidden,5,25686,halu_eval,24,14026,10000,7013,7013,2812,7188,43.4874,3585,0.27934978928356413,0.16500711237553342,0.6455,0.2074670243684328,0.5068201081540199,8578.649,10,2026-09-18T18:11:20.909992+00:00
Qwen2.5-7B,belief_bank_constraints,hidden,5,25686,halu_eval,42,14026,10000,7013,7013,2812,7188,42.5393,3585,0.2726461401160196,0.21728307254623044,0.6169,0.2418365327528201,0.505578707716591,8622.365,10,2026-09-18T18:11:20.909992+00:00
Qwen2.5-7B,belief_bank_constraints,hidden,5,25686,halu_eval,64,14026,10000,7013,7013,2812,7188,38.9297,3585,0.28256189451022606,0.18669985775248932,0.638,0.22483940042826553,0.5082474811820872,8662.477,10,2026-09-18T18:11:20.909992+00:00
Qwen2.5-7B,belief_bank_constraints,hidden,5,25686,halu_eval,67,14026,10000,7013,7013,2812,7188,39.9352,3585,0.2829003711104767,0.35241820768136556,0.5667,0.31385589865399843,0.5072864991122394,8703.595,10,2026-09-18T18:11:20.909992+00:00
Qwen2.5-7B,belief_bank_constraints,hidden,5,25686,halu_eval,104,14026,10000,7013,7013,2812,7188,41.306,3585,0.284452296819788,0.22901849217638692,0.6212,0.25374310480693457,0.5120439144662632,8746.085,10,2026-09-18T18:11:20.909992+00:00
Qwen2.5-7B,belief_bank_constraints,hidden,5,25686,halu_eval,123,14026,10000,7013,7013,2812,7188,38.1368,3585,0.2912468513853904,0.32894736842105265,0.5862,0.3089512358049432,0.5073964302365804,8785.409,10,2026-09-18T18:11:20.909992+00:00
Qwen2.5-7B,belief_bank_constraints,hidden,5,25686,halu_eval,420,14026,10000,7013,7013,2812,7188,41.002,3585,0.27903614457831327,0.2059032716927454,0.6271,0.23695518723143033,0.5053375964049455,8827.595,10,2026-09-18T18:11:20.909992+00:00
Qwen2.5-7B,belief_bank_constraints,hidden,5,25686,halu_eval,511,14026,10000,7013,7013,2812,7188,40.392,3585,0.28674351585014407,0.21230440967283074,0.63,0.24397221087045362,0.5064187259705009,8869.169,10,2026-09-18T18:11:20.909992+00:00
Qwen2.5-7B,belief_bank_constraints,hidden,5,25686,halu_eval,mean,0,0,0,0,0,0,40.84848,3585.0,0.283248410495554,0.2722617354196301,0.60179,0.2677400276557661,0.5075080434753354,25443.341,10,2026-09-18T18:11:20.909992+00:00
Qwen2.5-7B,belief_bank_constraints,hidden,5,25686,halu_eval,std,0,0,0,0,0,0,1.617456267600456,0.0,0.005515476302592169,0.11676120710575438,0.05054697715986586,0.0490213620735339,0.0019289206385335726,25443.341,10,2026-09-18T18:11:20.909992+00:00
Qwen2.5-7B,belief_bank_constraints,hidden,6,25686,belief_bank_constraints,2,14026,7706,7013,7013,3005,4701,42.6363,3585,0.9173927073249435,0.946089850249584,0.9457565533350636,0.9315203145478375,0.9885957637787973,8913.62,10,2026-09-18T18:11:20.909992+00:00
Qwen2.5-7B,belief_bank_constraints,hidden,6,25686,belief_bank_constraints,4,14026,7706,7013,7013,3005,4701,43.1153,3585,0.9165054803352676,0.946089850249584,0.9453672463015832,0.931062714917308,0.9891188230917698,8957.852,10,2026-09-18T18:11:20.909992+00:00
Qwen2.5-7B,belief_bank_constraints,hidden,6,25686,belief_bank_constraints,24,14026,7706,7013,7013,3005,4701,45.4475,3585,0.907318632150847,0.9447587354409318,0.9408253309109784,0.9256602543201826,0.9884756349854404,9004.416,10,2026-09-18T18:11:20.909992+00:00
Qwen2.5-7B,belief_bank_constraints,hidden,6,25686,belief_bank_constraints,42,14026,7706,7013,7013,3005,4701,45.5924,3585,0.917098445595855,0.9424292845257903,0.9443290942123022,0.92959133431807,0.9884454081175775,9051.124,10,2026-09-18T18:11:20.909992+00:00
Qwen2.5-7B,belief_bank_constraints,hidden,6,25686,belief_bank_constraints,64,14026,7706,7013,7013,3005,4701,46.2484,3585,0.9165061014771998,0.9497504159733777,0.9466649364131845,0.9328321621179931,0.9895262841021186,9098.489,10,2026-09-18T18:11:20.909992+00:00
Qwen2.5-7B,belief_bank_constraints,hidden,6,25686,belief_bank_constraints,67,14026,7706,7013,7013,3005,4701,43.8864,3585,0.9143413367942894,0.9377703826955075,0.9414741759667792,0.9259076720880565,0.9876496698935795,9143.489,10,2026-09-18T18:11:20.909992+00:00
Qwen2.5-7B,belief_bank_constraints,hidden,6,25686,belief_bank_constraints,104,14026,7706,7013,7013,3005,4701,47.3641,3585,0.9175257731958762,0.9477537437603993,0.9464053983908642,0.9323948273039777,0.9895613954053037,9191.977,10,2026-09-18T18:11:20.909992+00:00
Qwen2.5-7B,belief_bank_constraints,hidden,6,25686,belief_bank_constraints,123,14026,7706,7013,7013,3005,4701,42.1951,3585,0.9105769230769231,0.9454242928452579,0.9425123280560602,0.9276734693877551,0.9874768741454452,9235.299,10,2026-09-18T18:11:20.909992+00:00
Qwen2.5-7B,belief_bank_constraints,hidden,6,25686,belief_bank_constraints,420,14026,7706,7013,7013,3005,4701,43.829,3585,0.9043952518447225,0.9381031613976706,0.9371917985984947,0.9209408689970597,0.9869997568400678,9280.252,10,2026-09-18T18:11:20.909992+00:00
Qwen2.5-7B,belief_bank_constraints,hidden,6,25686,belief_bank_constraints,511,14026,7706,7013,7013,3005,4701,42.4907,3585,0.9082774049217002,0.945757071547421,0.9416039449779393,0.9266384088686013,0.9878709560503466,9323.869,10,2026-09-18T18:11:20.909992+00:00
Qwen2.5-7B,belief_bank_constraints,hidden,6,25686,belief_bank_constraints,mean,0,0,0,0,0,0,44.28052,3585.0,0.9129938056717624,0.9443926788685524,0.943213080716325,0.9284222026866841,0.9883720566410445,25443.341,10,2026-09-18T18:11:20.909992+00:00
Qwen2.5-7B,belief_bank_constraints,hidden,6,25686,belief_bank_constraints,std,0,0,0,0,0,0,1.6863190361257272,0.0,0.004663148454802189,0.003689043665278617,0.00287267675975128,0.0035613348322790154,0.0008263222443522953,25443.341,10,2026-09-18T18:11:20.909992+00:00
Qwen2.5-7B,belief_bank_constraints,hidden,6,25686,belief_bank_facts,2,14026,27416,7013,7013,3556,23860,44.8988,3585,0.7019230769230769,0.1437007874015748,0.8810183834257368,0.238562091503268,0.815910030577695,9370.623,10,2026-09-18T18:11:20.909992+00:00
Qwen2.5-7B,belief_bank_constraints,hidden,6,25686,belief_bank_facts,4,14026,27416,7013,7013,3556,23860,42.0607,3585,0.2694085027726433,0.327896512935883,0.7974905164867231,0.29578893962455605,0.7365297144856054,9414.542,10,2026-09-18T18:11:20.909992+00:00
Qwen2.5-7B,belief_bank_constraints,hidden,6,25686,belief_bank_facts,24,14026,27416,7013,7013,3556,23860,42.8845,3585,0.3077503503287701,0.8028683914510686,0.7401882112634958,0.4449466219901816,0.8342267817423912,9459.29,10,2026-09-18T18:11:20.909992+00:00
Qwen2.5-7B,belief_bank_constraints,hidden,6,25686,belief_bank_facts,42,14026,27416,7013,7013,3556,23860,44.0659,3585,0.16816367265469062,0.09476940382452194,0.8217829004960607,0.12122302158273382,0.7211857201315888,9505.215,10,2026-09-18T18:11:20.909992+00:00
Qwen2.5-7B,belief_bank_constraints,hidden,6,25686,belief_bank_facts,64,14026,27416,7013,7013,3556,23860,43.402,3585,0.4012738853503185,0.07086614173228346,0.8657718120805369,0.12045889101338432,0.7636697052642099,9550.474,10,2026-09-18T18:11:20.909992+00:00
Qwen2.5-7B,belief_bank_constraints,hidden,6,25686,belief_bank_facts,67,14026,27416,7013,7013,3556,23860,41.6743,3585,0.33850267379679144,0.7120359955005624,0.782170995039393,0.4588619064878579,0.8135222030083624,9594.007,10,2026-09-18T18:11:20.909992+00:00
Qwen2.5-7B,belief_bank_constraints,hidden,6,25686,belief_bank_facts,104,14026,27416,7013,7013,3556,23860,45.5659,3585,0.5077910174152154,0.15579302587176602,0.870914794280712,0.23843339789111254,0.7878697751318386,9641.425,10,2026-09-18T18:11:20.909992+00:00
Qwen2.5-7B,belief_bank_constraints,hidden,6,25686,belief_bank_facts,123,14026,27416,7013,7013,3556,23860,44.7728,3585,0.8406292749658003,0.3456130483689539,0.906623869273417,0.4898365882821841,0.8812066214900002,9688.048,10,2026-09-18T18:11:20.909992+00:00
Qwen2.5-7B,belief_bank_constraints,hidden,6,25686,belief_bank_facts,420,14026,27416,7013,7013,3556,23860,45.3836,3585,0.7973856209150327,0.0343082114735658,0.8736139480595273,0.06578592612564034,0.7934421546007504,9735.305,10,2026-09-18T18:11:20.909992+00:00
Qwen2.5-7B,belief_bank_constraints,hidden,6,25686,belief_bank_facts,511,14026,27416,7013,7013,3556,23860,44.2754,3585,0.22915722700498414,0.5688976377952756,0.6958710242194339,0.32671188630490955,0.7160876815167594,9781.455,10,2026-09-18T18:11:20.909992+00:00
Qwen2.5-7B,belief_bank_constraints,hidden,6,25686,belief_bank_facts,mean,0,0,0,0,0,0,43.89838999999999,3585.0,0.4561985302127324,0.3256749156355455,0.8235446454625037,0.2800609270805828,0.7863650387949201,25443.341,10,2026-09-18T18:11:20.909992+00:00
Qwen2.5-7B,belief_bank_constraints,hidden,6,25686,belief_bank_facts,std,0,0,0,0,0,0,1.285305579580202,0.0,0.2314187127672413,0.2648890555222784,0.06510141063120552,0.1434076928707791,0.05013414843568551,25443.341,10,2026-09-18T18:11:20.909992+00:00
Qwen2.5-7B,belief_bank_constraints,hidden,6,25686,halu_eval,2,14026,10000,7013,7013,2812,7188,45.2019,3585,0.2889894419306184,0.3406827880512091,0.5789,0.3127142157662804,0.5009679331602932,9827.842,10,2026-09-18T18:11:20.909992+00:00
Qwen2.5-7B,belief_bank_constraints,hidden,6,25686,halu_eval,4,14026,10000,7013,7013,2812,7188,42.7458,3585,0.2832988267770876,0.29196301564722615,0.5932,0.2875656742556918,0.4980896127653882,9871.768,10,2026-09-18T18:11:20.909992+00:00
Qwen2.5-7B,belief_bank_constraints,hidden,6,25686,halu_eval,24,14026,10000,7013,7013,2812,7188,43.2056,3585,0.28425241614553726,0.17780938833570412,0.6429,0.2187705097352877,0.49872651570382437,9916.169,10,2026-09-18T18:11:20.909992+00:00
Qwen2.5-7B,belief_bank_constraints,hidden,6,25686,halu_eval,42,14026,10000,7013,7013,2812,7188,42.3884,3585,0.2868347338935574,0.18207681365576103,0.6427,0.22275396998042202,0.4994163805093205,9959.739,10,2026-09-18T18:11:20.909992+00:00
Qwen2.5-7B,belief_bank_constraints,hidden,6,25686,halu_eval,64,14026,10000,7013,7013,2812,7188,45.7686,3585,0.28102836879432624,0.22546230440967283,0.62,0.250197316495659,0.49270397715174097,10006.69,10,2026-09-18T18:11:20.909992+00:00
Qwen2.5-7B,belief_bank_constraints,hidden,6,25686,halu_eval,67,14026,10000,7013,7013,2812,7188,40.7066,3585,0.2793155510820332,0.19736842105263158,0.6311,0.23129818712231714,0.4928639017059411,10048.577,10,2026-09-18T18:11:20.909992+00:00
Qwen2.5-7B,belief_bank_constraints,hidden,6,25686,halu_eval,104,14026,10000,7013,7013,2812,7188,42.9746,3585,0.281086231538828,0.20981507823613088,0.6269,0.2402769293422928,0.4957399710359688,10092.735,10,2026-09-18T18:11:20.909992+00:00
Qwen2.5-7B,belief_bank_constraints,hidden,6,25686,halu_eval,123,14026,10000,7013,7013,2812,7188,43.7783,3585,0.27635619242579323,0.2880512091038407,0.5877,0.2820825352603169,0.49462772235375696,10137.698,10,2026-09-18T18:11:20.909992+00:00
Qwen2.5-7B,belief_bank_constraints,hidden,6,25686,halu_eval,420,14026,10000,7013,7013,2812,7188,42.971,3585,0.2766455061810892,0.29445234708392604,0.5851,0.28527131782945736,0.4984053802726371,10181.854,10,2026-09-18T18:11:20.909992+00:00
Qwen2.5-7B,belief_bank_constraints,hidden,6,25686,halu_eval,511,14026,10000,7013,7013,2812,7188,43.4704,3585,0.28023352793994993,0.23897581792318634,0.6134,0.2579654510556622,0.49879384975433216,10226.51,10,2026-09-18T18:11:20.909992+00:00
Qwen2.5-7B,belief_bank_constraints,hidden,6,25686,halu_eval,mean,0,0,0,0,0,0,43.32112,3585.0,0.28180407967088206,0.24466571834992892,0.61219,0.2588896106843387,0.4970335244413203,25443.341,10,2026-09-18T18:11:20.909992+00:00
Qwen2.5-7B,belief_bank_constraints,hidden,6,25686,halu_eval,std,0,0,0,0,0,0,1.3435575669095836,0.0,0.003888860110404448,0.052969055673938614,0.02304966160272209,0.03008781540208103,0.0027149907584842164,25443.341,10,2026-09-18T18:11:20.909992+00:00
Qwen2.5-7B,belief_bank_constraints,hidden,7,25686,belief_bank_constraints,2,14026,7706,7013,7013,3005,4701,37.8886,3585,0.9251371410132301,0.9540765391014975,0.9519854658707501,0.9393840104849279,0.9903168547351239,10266.236,10,2026-09-18T18:11:20.909992+00:00
Qwen2.5-7B,belief_bank_constraints,hidden,7,25686,belief_bank_constraints,4,14026,7706,7013,7013,3005,4701,39.2252,3585,0.925974025974026,0.9490848585690516,0.9505580067479886,0.9373870172555464,0.9905123737258437,10306.579,10,2026-09-18T18:11:20.909992+00:00
Qwen2.5-7B,belief_bank_constraints,hidden,7,25686,belief_bank_constraints,24,14026,7706,7013,7013,3005,4701,40.5985,3585,0.9248313523931898,0.9580698835274543,0.9532831559823514,0.941157240928408,0.9913222697333842,10348.297,10,2026-09-18T18:11:20.909992+00:00
Qwen2.5-7B,belief_bank_constraints,hidden,7,25686,belief_bank_constraints,42,14026,7706,7013,7013,3005,4701,43.4114,3585,0.927536231884058,0.9584026622296173,0.9545808460939528,0.9427168576104746,0.9913721051314532,10392.835,10,2026-09-18T18:11:20.909992+00:00
Qwen2.5-7B,belief_bank_constraints,hidden,7,25686,belief_bank_constraints,64,14026,7706,7013,7013,3005,4701,40.9414,3585,0.9248313523931898,0.9580698835274543,0.9532831559823514,0.941157240928408,0.9913222697333841,10434.919,10,2026-09-18T18:11:20.909992+00:00
Qwen2.5-7B,belief_bank_constraints,hidden,7,25686,belief_bank_constraints,67,14026,7706,7013,7013,3005,4701,36.2213,3585,0.9278518037049074,0.9500831946755408,0.9517259278484298,0.9388359092403814,0.989788486253323,10472.275,10,2026-09-18T18:11:20.909992+00:00
Qwen2.5-7B,belief_bank_constraints,hidden,7,25686,belief_bank_constraints,104,14026,7706,7013,7013,3005,4701,38.72,3585,0.9345490068381634,0.9550748752079867,0.9563976122501947,0.9447004608294931,0.9920783661634636,10512.131,10,2026-09-18T18:11:20.909992+00:00
Qwen2.5-7B,belief_bank_constraints,hidden,7,25686,belief_bank_constraints,123,14026,7706,7013,7013,3005,4701,35.7809,3585,0.9213410702772404,0.95108153078203,0.9492603166363872,0.9359751105289013,0.9894123139446027,10549.048,10,2026-09-18T18:11:20.909992+00:00
Qwen2.5-7B,belief_bank_constraints,hidden,7,25686,belief_bank_constraints,420,14026,7706,7013,7013,3005,4701,37.1372,3585,0.9202851587815943,0.9450915141430949,0.9466649364131845,0.9325233951732064,0.9897126005335362,10587.318,10,2026-09-18T18:11:20.909992+00:00
Qwen2.5-7B,belief_bank_constraints,hidden,7,25686,belief_bank_constraints,511,14026,7706,7013,7013,3005,4701,34.6314,3585,0.91851138915624,0.9527454242928453,0.9486114715805866,0.9353152564521399,0.9896520760088924,10623.083,10,2026-09-18T18:11:20.909992+00:00
Qwen2.5-7B,belief_bank_constraints,hidden,7,25686,belief_bank_constraints,mean,0,0,0,0,0,0,38.455589999999994,3585.0,0.9250848532415838,0.9531780366056571,0.9516350895406175,0.9389152499431888,0.9905489715963007,25443.341,10,2026-09-18T18:11:20.909992+00:00
Qwen2.5-7B,belief_bank_constraints,hidden,7,25686,belief_bank_constraints,std,0,0,0,0,0,0,2.5460490370179443,0.0,0.004294423952162132,0.004193671870478565,0.002785080012523438,0.0035070734218486214,0.0008741888263497712,25443.341,10,2026-09-18T18:11:20.909992+00:00
Qwen2.5-7B,belief_bank_constraints,hidden,7,25686,belief_bank_facts,2,14026,27416,7013,7013,3556,23860,35.4432,3585,0.16630838381864374,0.23931383577052867,0.7457324190253867,0.1962412083477459,0.698697713603067,10660.406,10,2026-09-18T18:11:20.909992+00:00
Qwen2.5-7B,belief_bank_constraints,hidden,7,25686,belief_bank_facts,4,14026,27416,7013,7013,3556,23860,38.2641,3585,0.14732941477127523,0.32424071991001124,0.6689524365334112,0.20260059743454578,0.6441435298898619,10700.553,10,2026-09-18T18:11:20.909992+00:00
Qwen2.5-7B,belief_bank_constraints,hidden,7,25686,belief_bank_facts,24,14026,27416,7013,7013,3556,23860,40.0748,3585,0.16950798446266724,0.44178852643419575,0.6468485555879778,0.24500935745477231,0.6171951682904682,10742.514,10,2026-09-18T18:11:20.909992+00:00
Qwen2.5-7B,belief_bank_constraints,hidden,7,25686,belief_bank_facts,42,14026,27416,7013,7013,3556,23860,37.8706,3585,0.02433491441534337,0.033183352080989874,0.702035307849431,0.028078524687685902,0.6424373242112549,10782.259,10,2026-09-18T18:11:20.909992+00:00
Qwen2.5-7B,belief_bank_constraints,hidden,7,25686,belief_bank_facts,64,14026,27416,7013,7013,3556,23860,39.1132,3585,0.11715421755183186,0.23200224971878516,0.6736212430697402,0.15568975278354408,0.6307101936021619,10823.231,10,2026-09-18T18:11:20.909992+00:00
Qwen2.5-7B,belief_bank_constraints,hidden,7,25686,belief_bank_facts,67,14026,27416,7013,7013,3556,23860,39.0203,3585,0.04681724845995893,0.032058492688413945,0.789794280711993,0.03805708562844266,0.6003242456700457,10864.121,10,2026-09-18T18:11:20.909992+00:00
Qwen2.5-7B,belief_bank_constraints,hidden,7,25686,belief_bank_facts,104,14026,27416,7013,7013,3556,23860,42.8043,3585,0.1046290424857324,0.1856017997750281,0.6883571637000292,0.13381995133819952,0.5883518122682275,10908.796,10,2026-09-18T18:11:20.909992+00:00
Qwen2.5-7B,belief_bank_constraints,hidden,7,25686,belief_bank_facts,123,14026,27416,7013,7013,3556,23860,38.4488,3585,0.13636363636363635,0.001687289088863892,0.8691275167785235,0.0033333333333333335,0.6558774021122464,10949.114,10,2026-09-18T18:11:20.909992+00:00
Qwen2.5-7B,belief_bank_constraints,hidden,7,25686,belief_bank_facts,420,14026,27416,7013,7013,3556,23860,37.3368,3585,0.11983471074380166,0.1141732283464567,0.7763349868689816,0.11693548387096774,0.6164110078759015,10988.321,10,2026-09-18T18:11:20.909992+00:00
Qwen2.5-7B,belief_bank_constraints,hidden,7,25686,belief_bank_facts,511,14026,27416,7013,7013,3556,23860,38.4654,3585,0.19649689652240457,0.6498875140607424,0.6098993288590604,0.301756218580662,0.6056446043050151,11028.659,10,2026-09-18T18:11:20.909992+00:00
Qwen2.5-7B,belief_bank_constraints,hidden,7,25686,belief_bank_facts,mean,0,0,0,0,0,0,38.68415,3585.0,0.12287764495952953,0.22539370078740156,0.7170703238984535,0.1421521513459899,0.6299793001828251,25443.341,10,2026-09-18T18:11:20.909992+00:00
Qwen2.5-7B,belief_bank_constraints,hidden,7,25686,belief_bank_facts,std,0,0,0,0,0,0,1.8018679164966562,0.0,0.05111854367324802,0.19373981591095862,0.07376608277735335,0.09308088719848019,0.030497990120150097,25443.341,10,2026-09-18T18:11:20.909992+00:00
Qwen2.5-7B,belief_bank_constraints,hidden,7,25686,halu_eval,2,14026,10000,7013,7013,2812,7188,37.9824,3585,0.28395328719723184,0.466927453769559,0.519,0.3531468531468531,0.5001392939156537,11067.828,10,2026-09-18T18:11:20.909992+00:00
Qwen2.5-7B,belief_bank_constraints,hidden,7,25686,halu_eval,4,14026,10000,7013,7013,2812,7188,36.5218,3585,0.2798559157661402,0.35917496443812236,0.5599,0.31459274256346365,0.49832238771589443,11105.536,10,2026-09-18T18:11:20.909992+00:00
Qwen2.5-7B,belief_bank_constraints,hidden,7,25686,halu_eval,24,14026,10000,7013,7013,2812,7188,38.5381,3585,0.2762724740440618,0.3879800853485064,0.5421,0.32273332347285905,0.49834927680953955,11145.26,10,2026-09-18T18:11:20.909992+00:00
Qwen2.5-7B,belief_bank_constraints,hidden,7,25686,halu_eval,42,14026,10000,7013,7013,2812,7188,37.8647,3585,0.27075306479859895,0.2748933143669986,0.5879,0.27280748191282866,0.4958170019813329,11184.316,10,2026-09-18T18:11:20.909992+00:00
Qwen2.5-7B,belief_bank_constraints,hidden,7,25686,halu_eval,64,14026,10000,7013,7013,2812,7188,40.4827,3585,0.2794044665012407,0.40042674253200566,0.541,0.3291435252850044,0.49736531408836127,11225.987,10,2026-09-18T18:11:20.909992+00:00
Qwen2.5-7B,belief_bank_constraints,hidden,7,25686,halu_eval,67,14026,10000,7013,7013,2812,7188,36.1195,3585,0.2747928361400695,0.3655761024182077,0.5503,0.31374942774301845,0.49360457626152643,11263.295,10,2026-09-18T18:11:20.909992+00:00
Qwen2.5-7B,belief_bank_constraints,hidden,7,25686,halu_eval,104,14026,10000,7013,7013,2812,7188,38.7985,3585,0.27419820861022826,0.33748221906116643,0.5625,0.3025665550773155,0.4992573464862807,11303.271,10,2026-09-18T18:11:20.909992+00:00
Qwen2.5-7B,belief_bank_constraints,hidden,7,25686,halu_eval,123,14026,10000,7013,7013,2812,7188,37.4073,3585,0.28407333775127014,0.457325746799431,0.5233,0.35045646545850934,0.4988918081819628,11341.859,10,2026-09-18T18:11:20.909992+00:00
Qwen2.5-7B,belief_bank_constraints,hidden,7,25686,halu_eval,420,14026,10000,7013,7013,2812,7188,37.1945,3585,0.27459526774595266,0.3136557610241821,0.574,0.29282868525896416,0.49792780820096083,11380.235,10,2026-09-18T18:11:20.909992+00:00
Qwen2.5-7B,belief_bank_constraints,hidden,7,25686,halu_eval,511,14026,10000,7013,7013,2812,7188,34.9211,3585,0.2719973235195718,0.28911806543385493,0.5825,0.28029650060334427,0.49098003251032424,11416.337,10,2026-09-18T18:11:20.909992+00:00
Qwen2.5-7B,belief_bank_constraints,hidden,7,25686,halu_eval,mean,0,0,0,0,0,0,37.58306,3585.0,0.2769896182074366,0.36525604551920343,0.5542499999999999,0.3132321560522161,0.49706548461518374,25443.341,10,2026-09-18T18:11:20.909992+00:00
Qwen2.5-7B,belief_bank_constraints,hidden,7,25686,halu_eval,std,0,0,0,0,0,0,1.4687506120509357,0.0,0.00442042482006396,0.06164473784221574,0.02227035024421483,0.025638570977133898,0.0026873550225196595,25443.341,10,2026-09-18T18:11:20.909992+00:00
Qwen2.5-7B,belief_bank_constraints,hidden,8,25686,belief_bank_constraints,2,14026,7706,7013,7013,3005,4701,38.317,3585,0.9320168339268372,0.9580698835274543,0.9563976122501947,0.9448638004594684,0.9925556250466764,11456.645,10,2026-09-18T18:11:20.909992+00:00
Qwen2.5-7B,belief_bank_constraints,hidden,8,25686,belief_bank_constraints,4,14026,7706,7013,7013,3005,4701,40.1427,3585,0.9369898792033954,0.9550748752079867,0.9574357643394757,0.9459459459459459,0.9922646118059633,11497.905,10,2026-09-18T18:11:20.909992+00:00
Qwen2.5-7B,belief_bank_constraints,hidden,8,25686,belief_bank_constraints,24,14026,7706,7013,7013,3005,4701,37.6931,3585,0.9368078175895765,0.957071547420965,0.9580846093952764,0.9468312757201646,0.9930168856344863,11536.716,10,2026-09-18T18:11:20.909992+00:00
Qwen2.5-7B,belief_bank_constraints,hidden,8,25686,belief_bank_constraints,42,14026,7706,7013,7013,3005,4701,37.7895,3585,0.934473854099419,0.9633943427620633,0.9593822995068778,0.948713747337375,0.9928204463878362,11575.625,10,2026-09-18T18:11:20.909992+00:00
Qwen2.5-7B,belief_bank_constraints,hidden,8,25686,belief_bank_constraints,64,14026,7706,7013,7013,3005,4701,35.5226,3585,0.9256648510092919,0.9613976705490849,0.954840384116273,0.9431929480901078,0.9923014928320911,11612.266,10,2026-09-18T18:11:20.909992+00:00
Qwen2.5-7B,belief_bank_constraints,hidden,8,25686,belief_bank_constraints,67,14026,7706,7013,7013,3005,4701,35.6028,3585,0.9360313315926893,0.9544093178036606,0.9567869192836751,0.9451309935739002,0.992021805818212,11648.988,10,2026-09-18T18:11:20.909992+00:00
Qwen2.5-7B,belief_bank_constraints,hidden,8,25686,belief_bank_constraints,104,14026,7706,7013,7013,3005,4701,38.5497,3585,0.9343302990897269,0.956405990016639,0.9567869192836751,0.9452392698569314,0.9928816788016569,11688.665,10,2026-09-18T18:11:20.909992+00:00
Qwen2.5-7B,belief_bank_constraints,hidden,8,25686,belief_bank_constraints,123,14026,7706,7013,7013,3005,4701,36.1773,3585,0.9294954721862871,0.956405990016639,0.9547106151051129,0.9427587338035099,0.9916858416147519,11725.968,10,2026-09-18T18:11:20.909992+00:00
Qwen2.5-7B,belief_bank_constraints,hidden,8,25686,belief_bank_constraints,420,14026,7706,7013,7013,3005,4701,37.4957,3585,0.9311464761286132,0.9540765391014975,0.9545808460939528,0.9424720578566732,0.9917214484403608,11764.586,10,2026-09-18T18:11:20.909992+00:00
Qwen2.5-7B,belief_bank_constraints,hidden,8,25686,belief_bank_constraints,511,14026,7706,7013,7013,3005,4701,33.1645,3585,0.9242085065558043,0.961730449251248,0.9543213080716325,0.9425962165688193,0.9927250937156783,11798.882,10,2026-09-18T18:11:20.909992+00:00
Qwen2.5-7B,belief_bank_constraints,hidden,8,25686,belief_bank_constraints,mean,0,0,0,0,0,0,37.045489999999994,3585.0,0.932116532138164,0.9578036605657239,0.9563327277446145,0.9447744989212896,0.9923994930097713,25443.341,10,2026-09-18T18:11:20.909992+00:00
Qwen2.5-7B,belief_bank_constraints,hidden,8,25686,belief_bank_constraints,std,0,0,0,0,0,0,1.8671936018795698,0.0,0.0042839586620913184,0.0031139268060671223,0.0016116976834121839,0.0019514644025721013,0.00045395582499209127,25443.341,10,2026-09-18T18:11:20.909992+00:00
Qwen2.5-7B,belief_bank_constraints,hidden,8,25686,belief_bank_facts,2,14026,27416,7013,7013,3556,23860,40.9212,3585,0.6031746031746031,0.010686164229471317,0.8707688940764517,0.021000276319425255,0.7664833741444514,11841.668,10,2026-09-18T18:11:20.909992+00:00
Qwen2.5-7B,belief_bank_constraints,hidden,8,25686,belief_bank_facts,4,14026,27416,7013,7013,3556,23860,37.3322,3585,0.17029903699949317,0.09448818897637795,0.8228406769769477,0.12154096581660337,0.6120810299487921,11880.867,10,2026-09-18T18:11:20.909992+00:00
Qwen2.5-7B,belief_bank_constraints,hidden,8,25686,belief_bank_facts,24,14026,27416,7013,7013,3556,23860,35.4018,3585,0.17060351224338363,0.7758717660292463,0.48168952436533413,0.2797039740470397,0.6678947108507916,11918.129,10,2026-09-18T18:11:20.909992+00:00
Qwen2.5-7B,belief_bank_constraints,hidden,8,25686,belief_bank_facts,42,14026,27416,7013,7013,3556,23860,37.935,3585,0.17012448132780084,0.011529808773903262,0.8644951852932594,0.021595996839610217,0.5776057985417372,11957.928,10,2026-09-18T18:11:20.909992+00:00
Qwen2.5-7B,belief_bank_constraints,hidden,8,25686,belief_bank_facts,64,14026,27416,7013,7013,3556,23860,36.0861,3585,0.15229806907805277,0.15748031496062992,0.777028012839218,0.154845845430665,0.5690518109481915,11995.898,10,2026-09-18T18:11:20.909992+00:00
Qwen2.5-7B,belief_bank_constraints,hidden,8,25686,belief_bank_facts,67,14026,27416,7013,7013,3556,23860,32.8994,3585,0.32423857868020306,0.1437007874015748,0.8500875401225562,0.19914263445050662,0.6547866161532826,12030.669,10,2026-09-18T18:11:20.909992+00:00
Qwen2.5-7B,belief_bank_constraints,hidden,8,25686,belief_bank_facts,104,14026,27416,7013,7013,3556,23860,35.9999,3585,0.1383084577114428,0.0390888638920135,0.8437773562882988,0.06095154571365929,0.4736463264807741,12068.539,10,2026-09-18T18:11:20.909992+00:00
Qwen2.5-7B,belief_bank_constraints,hidden,8,25686,belief_bank_facts,123,14026,27416,7013,7013,3556,23860,36.8978,3585,0.44038929440389296,0.05089988751406074,0.8685074409104173,0.09125283589614318,0.6767013262591967,12107.309,10,2026-09-18T18:11:20.909992+00:00
Qwen2.5-7B,belief_bank_constraints,hidden,8,25686,belief_bank_facts,420,14026,27416,7013,7013,3556,23860,39.2504,3585,0.18715740015661708,0.2016310461192351,0.7828640210096294,0.19412481386219033,0.5803292335209985,12148.428,10,2026-09-18T18:11:20.909992+00:00
Qwen2.5-7B,belief_bank_constraints,hidden,8,25686,belief_bank_facts,511,14026,27416,7013,7013,3556,23860,35.9439,3585,0.32154102611594737,0.4881889763779528,0.8000072950102131,0.38771635957565603,0.7355105169167349,12186.248,10,2026-09-18T18:11:20.909992+00:00
Qwen2.5-7B,belief_bank_constraints,hidden,8,25686,belief_bank_facts,mean,0,0,0,0,0,0,36.866769999999995,3585.0,0.2678134459891437,0.19735658042744655,0.7962065946892325,0.1531875247951499,0.6314090743764951,25443.341,10,2026-09-18T18:11:20.909992+00:00
Qwen2.5-7B,belief_bank_constraints,hidden,8,25686,belief_bank_facts,std,0,0,0,0,0,0,2.0875238437201142,0.0,0.1460967777493553,0.2345651735741822,0.10991226663222681,0.11087621708568052,0.08225953128086584,25443.341,10,2026-09-18T18:11:20.909992+00:00
Qwen2.5-7B,belief_bank_constraints,hidden,8,25686,halu_eval,2,14026,10000,7013,7013,2812,7188,38.7968,3585,0.288115003037052,0.5060455192034139,0.5095,0.3671784285898594,0.5053290868849695,12226.232,10,2026-09-18T18:11:20.909992+00:00
Qwen2.5-7B,belief_bank_constraints,hidden,8,25686,halu_eval,4,14026,10000,7013,7013,2812,7188,39.1378,3585,0.2871866947762942,0.4359886201991465,0.5371,0.3462787741844372,0.5079451458531723,12266.556,10,2026-09-18T18:11:20.909992+00:00
Qwen2.5-7B,belief_bank_constraints,hidden,8,25686,halu_eval,24,14026,10000,7013,7013,2812,7188,37.2164,3585,0.28278513455788123,0.47083926031294454,0.5154,0.35334934614358154,0.5045567489992409,12304.957,10,2026-09-18T18:11:20.909992+00:00
Qwen2.5-7B,belief_bank_constraints,hidden,8,25686,halu_eval,42,14026,10000,7013,7013,2812,7188,36.1683,3585,0.28509511196725257,0.42105263157894735,0.5403,0.3399856424982053,0.5061995068832121,12342.304,10,2026-09-18T18:11:20.909992+00:00
Qwen2.5-7B,belief_bank_constraints,hidden,8,25686,halu_eval,64,14026,10000,7013,7013,2812,7188,34.2183,3585,0.27853712596970814,0.5362731152204836,0.479,0.3666423535132507,0.5010594599739886,12377.704,10,2026-09-18T18:11:20.909992+00:00
Qwen2.5-7B,belief_bank_constraints,hidden,8,25686,halu_eval,67,14026,10000,7013,7013,2812,7188,32.4926,3585,0.2813382576580491,0.4605263157894737,0.5175,0.349291975724882,0.4998907120370525,12411.385,10,2026-09-18T18:11:20.909992+00:00
Qwen2.5-7B,belief_bank_constraints,hidden,8,25686,halu_eval,104,14026,10000,7013,7013,2812,7188,36.826,3585,0.28442784976938285,0.4605263157894737,0.5225,0.351663272233537,0.5040715826757255,12449.394,10,2026-09-18T18:11:20.909992+00:00
Qwen2.5-7B,belief_bank_constraints,hidden,8,25686,halu_eval,123,14026,10000,7013,7013,2812,7188,33.9004,3585,0.28387622149837133,0.6198435277382646,0.4534,0.3894101876675603,0.5051852661025844,12484.482,10,2026-09-18T18:11:20.909992+00:00
Qwen2.5-7B,belief_bank_constraints,hidden,8,25686,halu_eval,420,14026,10000,7013,7013,2812,7188,35.5255,3585,0.28028293545534927,0.45092460881934565,0.52,0.3456924754634678,0.5003475545222755,12521.186,10,2026-09-18T18:11:20.909992+00:00
Qwen2.5-7B,belief_bank_constraints,hidden,8,25686,halu_eval,511,14026,10000,7013,7013,2812,7188,34.9229,3585,0.28036605657237934,0.4793741109530583,0.5076,0.35380577427821525,0.5018906966011789,12557.288,10,2026-09-18T18:11:20.909992+00:00
Qwen2.5-7B,belief_bank_constraints,hidden,8,25686,halu_eval,mean,0,0,0,0,0,0,35.920500000000004,3585.0,0.283201039126172,0.4841394025604552,0.51023,0.3563298230296996,0.50364757605334,25443.341,10,2026-09-18T18:11:20.909992+00:00
Qwen2.5-7B,belief_bank_constraints,hidden,8,25686,halu_eval,std,0,0,0,0,0,0,2.026445925752769,0.0,0.0029585201072334657,0.05507252499398135,0.024827809005226374,0.013733980089967797,0.0025684420017335016,25443.341,10,2026-09-18T18:11:20.909992+00:00
Qwen2.5-7B,belief_bank_constraints,hidden,9,25686,belief_bank_constraints,2,14026,7706,7013,7013,3005,4701,36.2364,3585,0.9335709656513286,0.9587354409317803,0.9573059953283156,0.9459858808077491,0.9925772156665785,12595.314,10,2026-09-18T18:11:20.909992+00:00
Qwen2.5-7B,belief_bank_constraints,hidden,9,25686,belief_bank_constraints,4,14026,7706,7013,7013,3005,4701,34.3169,3585,0.9342447916666666,0.9550748752079867,0.9562678432390345,0.9445450057594208,0.9914865000224756,12630.747,10,2026-09-18T18:11:20.909992+00:00
Qwen2.5-7B,belief_bank_constraints,hidden,9,25686,belief_bank_constraints,24,14026,7706,7013,7013,3005,4701,36.1284,3585,0.9357560025957171,0.9597337770382696,0.9586036854399169,0.947593231476918,0.9931358110162422,12667.993,10,2026-09-18T18:11:20.909992+00:00
Qwen2.5-7B,belief_bank_constraints,hidden,9,25686,belief_bank_constraints,42,14026,7706,7013,7013,3005,4701,36.8644,3585,0.9331819656179047,0.9574043261231281,0.956657150272515,0.945137976346912,0.9918660701992461,12705.979,10,2026-09-18T18:11:20.909992+00:00
Qwen2.5-7B,belief_bank_constraints,hidden,9,25686,belief_bank_constraints,64,14026,7706,7013,7013,3005,4701,36.7396,3585,0.9280180761781794,0.956738768718802,0.9541915390604724,0.9421595936424709,0.9921226092370334,12743.841,10,2026-09-18T18:11:20.909992+00:00
Qwen2.5-7B,belief_bank_constraints,hidden,9,25686,belief_bank_constraints,67,14026,7706,7013,7013,3005,4701,37.1858,3585,0.9386482939632546,0.9520798668885191,0.9570464573059954,0.9453163720469189,0.9922419593522956,12782.149,10,2026-09-18T18:11:20.909992+00:00
Qwen2.5-7B,belief_bank_constraints,hidden,9,25686,belief_bank_constraints,104,14026,7706,7013,7013,3005,4701,37.3097,3585,0.9368695086234949,0.9580698835274543,0.9584739164287568,0.9473511023362948,0.9921851866402908,12820.582,10,2026-09-18T18:11:20.909992+00:00
Qwen2.5-7B,belief_bank_constraints,hidden,9,25686,belief_bank_constraints,123,14026,7706,7013,7013,3005,4701,34.6096,3585,0.9313949689643907,0.9487520798668885,0.9527640799377108,0.9399934058687768,0.9914065793343789,12856.313,10,2026-09-18T18:11:20.909992+00:00
Qwen2.5-7B,belief_bank_constraints,hidden,9,25686,belief_bank_constraints,420,14026,7706,7013,7013,3005,4701,35.1016,3585,0.9264181523500811,0.95108153078203,0.9514663898261095,0.9385878489326765,0.9910763490332535,12892.532,10,2026-09-18T18:11:20.909992+00:00
Qwen2.5-7B,belief_bank_constraints,hidden,9,25686,belief_bank_constraints,511,14026,7706,7013,7013,3005,4701,34.1767,3585,0.923003194888179,0.9613976705490849,0.9536724630158319,0.9418092909535453,0.9922082638274649,12927.828,10,2026-09-18T18:11:20.909992+00:00
Qwen2.5-7B,belief_bank_constraints,hidden,9,25686,belief_bank_constraints,mean,0,0,0,0,0,0,35.866910000000004,3585.0,0.9321105920499196,0.9559068219633943,0.9556449519854657,0.9438479708171684,0.9920306544329259,25443.341,10,2026-09-18T18:11:20.909992+00:00
Qwen2.5-7B,belief_bank_constraints,hidden,9,25686,belief_bank_constraints,std,0,0,0,0,0,0,1.1492804926996734,0.0,0.004681052734698087,0.003875836271670738,0.002337859958450769,0.0029104832481578334,0.00057026235433595,25443.341,10,2026-09-18T18:11:20.909992+00:00
Qwen2.5-7B,belief_bank_constraints,hidden,9,25686,belief_bank_facts,2,14026,27416,7013,7013,3556,23860,35.0074,3585,0.6588089330024814,0.14932508436445444,0.8796323314852641,0.24346629986244842,0.830667575291563,12964.687,10,2026-09-18T18:11:20.909992+00:00
Qwen2.5-7B,belief_bank_constraints,hidden,9,25686,belief_bank_facts,4,14026,27416,7013,7013,3556,23860,34.7073,3585,0.24561403508771928,0.007874015748031496,0.8681791654508316,0.015258855585831062,0.5231732467326747,13001.258,10,2026-09-18T18:11:20.909992+00:00
Qwen2.5-7B,belief_bank_constraints,hidden,9,25686,belief_bank_facts,24,14026,27416,7013,7013,3556,23860,37.1993,3585,0.1753681392235609,0.03683914510686164,0.8526043186460461,0.060887752730653034,0.5642386408530451,13040.315,10,2026-09-18T18:11:20.909992+00:00
Qwen2.5-7B,belief_bank_constraints,hidden,9,25686,belief_bank_facts,42,14026,27416,7013,7013,3556,23860,35.7044,3585,0.3315018315018315,0.05089988751406074,0.8635833090166326,0.08824963432471965,0.679990420308945,13077.877,10,2026-09-18T18:11:20.909992+00:00
Qwen2.5-7B,belief_bank_constraints,hidden,9,25686,belief_bank_facts,64,14026,27416,7013,7013,3556,23860,35.2089,3585,0.2632375189107413,0.3425196850393701,0.7903778815290341,0.29769033361847735,0.7312039578455878,13114.944,10,2026-09-18T18:11:20.909992+00:00
Qwen2.5-7B,belief_bank_constraints,hidden,9,25686,belief_bank_facts,67,14026,27416,7013,7013,3556,23860,37.8366,3585,0.52,0.03290213723284589,0.8706229938721914,0.06188838931499603,0.7641925103033537,13154.639,10,2026-09-18T18:11:20.909992+00:00
Qwen2.5-7B,belief_bank_constraints,hidden,9,25686,belief_bank_facts,104,14026,27416,7013,7013,3556,23860,38.74,3585,0.2334047109207709,0.03065241844769404,0.8612124306974029,0.05418841660452399,0.6299784103370147,13195.236,10,2026-09-18T18:11:20.909992+00:00
Qwen2.5-7B,belief_bank_constraints,hidden,9,25686,belief_bank_facts,123,14026,27416,7013,7013,3556,23860,33.2638,3585,0.2430939226519337,0.012373453318335208,0.8669025386635542,0.02354830077602355,0.6170541129969818,13230.357,10,2026-09-18T18:11:20.909992+00:00
Qwen2.5-7B,belief_bank_constraints,hidden,9,25686,belief_bank_facts,420,14026,27416,7013,7013,3556,23860,34.2761,3585,0.13760741745816374,0.3422384701912261,0.6364896410854975,0.19629032258064516,0.5464998298096224,13266.489,10,2026-09-18T18:11:20.909992+00:00
Qwen2.5-7B,belief_bank_constraints,hidden,9,25686,belief_bank_facts,511,14026,27416,7013,7013,3556,23860,35.0444,3585,0.08590604026845637,0.05399325084364454,0.8027793988911585,0.06630979105508547,0.6394515674015181,13303.392,10,2026-09-18T18:11:20.909992+00:00
Qwen2.5-7B,belief_bank_constraints,hidden,9,25686,belief_bank_facts,mean,0,0,0,0,0,0,35.69882,3585.0,0.28945425490256593,0.10596175478065242,0.8292384009337613,0.11077780964534037,0.6526450271880306,25443.341,10,2026-09-18T18:11:20.909992+00:00
Qwen2.5-7B,belief_bank_constraints,hidden,9,25686,belief_bank_facts,std,0,0,0,0,0,0,1.6171971356640475,0.0,0.16635723937792826,0.12392189771659257,0.07021209565511889,0.09335644096116526,0.09426247122412477,25443.341,10,2026-09-18T18:11:20.909992+00:00
Qwen2.5-7B,belief_bank_constraints,hidden,9,25686,halu_eval,2,14026,10000,7013,7013,2812,7188,35.7053,3585,0.28285714285714286,0.3872688477951636,0.5516,0.3269288501951366,0.5039413424935348,13340.272,10,2026-09-18T18:11:20.909992+00:00
Qwen2.5-7B,belief_bank_constraints,hidden,9,25686,halu_eval,4,14026,10000,7013,7013,2812,7188,34.6137,3585,0.2793384090312418,0.3783783783783784,0.5507,0.32140160096662135,0.502443048553342,13376.066,10,2026-09-18T18:11:20.909992+00:00
Qwen2.5-7B,belief_bank_constraints,hidden,9,25686,halu_eval,24,14026,10000,7013,7013,2812,7188,33.8266,3585,0.2845882033161185,0.37233285917496445,0.5603,0.3226005238021876,0.506556387245694,13411.08,10,2026-09-18T18:11:20.909992+00:00
Qwen2.5-7B,belief_bank_constraints,hidden,9,25686,halu_eval,42,14026,10000,7013,7013,2812,7188,35.7092,3585,0.2862929013003624,0.4775960170697013,0.5183,0.35799013727842194,0.5089673519402893,13447.975,10,2026-09-18T18:11:20.909992+00:00
Qwen2.5-7B,belief_bank_constraints,hidden,9,25686,halu_eval,64,14026,10000,7013,7013,2812,7188,35.2331,3585,0.2858,0.5081792318634424,0.5046,0.365847414234511,0.5012078323600817,13484.39,10,2026-09-18T18:11:20.909992+00:00
Qwen2.5-7B,belief_bank_constraints,hidden,9,25686,halu_eval,67,14026,10000,7013,7013,2812,7188,34.3833,3585,0.2819277108433735,0.5408961593172119,0.4835,0.3706591933715121,0.50522435052573,13519.958,10,2026-09-18T18:11:20.909992+00:00
Qwen2.5-7B,belief_bank_constraints,hidden,9,25686,halu_eval,104,14026,10000,7013,7013,2812,7188,35.0244,3585,0.28418618097716103,0.34957325746799434,0.5695,0.31350661776431193,0.5076432557898378,13556.172,10,2026-09-18T18:11:20.909992+00:00
Qwen2.5-7B,belief_bank_constraints,hidden,9,25686,halu_eval,123,14026,10000,7013,7013,2812,7188,31.4273,3585,0.2868261746901124,0.3538406827880512,0.5709,0.3168285304887757,0.5096982059161349,13588.786,10,2026-09-18T18:11:20.909992+00:00
Qwen2.5-7B,belief_bank_constraints,hidden,9,25686,halu_eval,420,14026,10000,7013,7013,2812,7188,33.4931,3585,0.2831419624217119,0.38584637268847793,0.5526,0.3266104756170981,0.5045033913405541,13623.47,10,2026-09-18T18:11:20.909992+00:00
Qwen2.5-7B,belief_bank_constraints,hidden,9,25686,halu_eval,511,14026,10000,7013,7013,2812,7188,31.9257,3585,0.2787188988883007,0.3744665718349929,0.5516,0.3195751138088012,0.5006568656786123,13656.587,10,2026-09-18T18:11:20.909992+00:00
Qwen2.5-7B,belief_bank_constraints,hidden,9,25686,halu_eval,mean,0,0,0,0,0,0,34.134170000000005,3585.0,0.2833677584325525,0.4128378378378378,0.54136,0.33419484575273783,0.5050842031843811,25443.341,10,2026-09-18T18:11:20.909992+00:00
Qwen2.5-7B,belief_bank_constraints,hidden,9,25686,halu_eval,std,0,0,0,0,0,0,1.4124940828548638,0.0,0.0026234558286524624,0.0654586758693742,0.0277079844088306,0.020614292755894846,0.002972378202608908,25443.341,10,2026-09-18T18:11:20.909992+00:00
Qwen2.5-7B,belief_bank_constraints,hidden,10,25686,belief_bank_constraints,2,14026,7706,7013,7013,3005,4701,34.5363,3585,0.927143778207608,0.957071547420965,0.9539320010381521,0.9418699852628132,0.9920998152055304,13692.946,10,2026-09-18T18:11:20.909992+00:00
Qwen2.5-7B,belief_bank_constraints,hidden,10,25686,belief_bank_constraints,4,14026,7706,7013,7013,3005,4701,34.2728,3585,0.927437641723356,0.9527454242928453,0.9525045419153906,0.9399212081418253,0.9907692667082197,13728.34,10,2026-09-18T18:11:20.909992+00:00
Qwen2.5-7B,belief_bank_constraints,hidden,10,25686,belief_bank_constraints,24,14026,7706,7013,7013,3005,4701,38.1429,3585,0.9280205655526992,0.9610648918469218,0.9557487671943939,0.944253719143371,0.9929070212341977,13767.599,10,2026-09-18T18:11:20.909992+00:00
Qwen2.5-7B,belief_bank_constraints,hidden,10,25686,belief_bank_constraints,42,14026,7706,7013,7013,3005,4701,35.7015,3585,0.9322088874472916,0.956405990016639,0.9558785362055541,0.9441524310118266,0.9914455840280381,13804.418,10,2026-09-18T18:11:20.909992+00:00
Qwen2.5-7B,belief_bank_constraints,hidden,10,25686,belief_bank_constraints,64,14026,7706,7013,7013,3005,4701,35.8194,3585,0.921669341894061,0.9554076539101497,0.950947313781469,0.9382352941176471,0.9915317341408932,13841.36,10,2026-09-18T18:11:20.909992+00:00
Qwen2.5-7B,belief_bank_constraints,hidden,10,25686,belief_bank_constraints,67,14026,7706,7013,7013,3005,4701,36.2015,3585,0.9348821989528796,0.9507487520798669,0.9549701531274332,0.9427487213331134,0.9912675498999928,13878.685,10,2026-09-18T18:11:20.909992+00:00
Qwen2.5-7B,belief_bank_constraints,hidden,10,25686,belief_bank_constraints,104,14026,7706,7013,7013,3005,4701,37.7181,3585,0.933943754087639,0.9504159733777038,0.9544510770827926,0.9421078673923801,0.9920906126462277,13917.525,10,2026-09-18T18:11:20.909992+00:00
Qwen2.5-7B,belief_bank_constraints,hidden,10,25686,belief_bank_constraints,123,14026,7706,7013,7013,3005,4701,36.6147,3585,0.9277813923227066,0.9490848585690516,0.9513366208149494,0.9383122224050008,0.9904660777736602,13955.256,10,2026-09-18T18:11:20.909992+00:00
Qwen2.5-7B,belief_bank_constraints,hidden,10,25686,belief_bank_constraints,420,14026,7706,7013,7013,3005,4701,36.9823,3585,0.9229524117837488,0.9487520798668885,0.9491305476252271,0.9356744338693798,0.9902530739202654,13993.358,10,2026-09-18T18:11:20.909992+00:00
Qwen2.5-7B,belief_bank_constraints,hidden,10,25686,belief_bank_constraints,511,14026,7706,7013,7013,3005,4701,37.1244,3585,0.9199743918053778,0.956405990016639,0.9505580067479886,0.937836514929026,0.9920075064568341,14031.609,10,2026-09-18T18:11:20.909992+00:00
Qwen2.5-7B,belief_bank_constraints,hidden,10,25686,belief_bank_constraints,mean,0,0,0,0,0,0,36.31139,3585.0,0.9276014363777367,0.953810316139767,0.952945756553335,0.9405112397606384,0.9914838242013859,25443.341,10,2026-09-18T18:11:20.909992+00:00
Qwen2.5-7B,belief_bank_constraints,hidden,10,25686,belief_bank_constraints,std,0,0,0,0,0,0,1.2028821151301574,0.0,0.004794605506313505,0.0038631006618120418,0.002254547509004295,0.0027852961412603524,0.0007847960713540078,25443.341,10,2026-09-18T18:11:20.909992+00:00
Qwen2.5-7B,belief_bank_constraints,hidden,10,25686,belief_bank_facts,2,14026,27416,7013,7013,3556,23860,38.1608,3585,0.3991841491841492,0.19263217097862767,0.857674350744091,0.25986342943854324,0.7842711326004618,14071.635,10,2026-09-18T18:11:20.909992+00:00
Qwen2.5-7B,belief_bank_constraints,hidden,10,25686,belief_bank_facts,4,14026,27416,7013,7013,3556,23860,34.3929,3585,0.07520166536559979,0.1625421822272216,0.632112634957689,0.10282867817114393,0.45734851170636365,14107.887,10,2026-09-18T18:11:20.909992+00:00
Qwen2.5-7B,belief_bank_constraints,hidden,10,25686,belief_bank_facts,24,14026,27416,7013,7013,3556,23860,38.031,3585,0.22348484848484848,0.530933633295838,0.6998832798365918,0.3145618127290903,0.6916666116651595,14147.783,10,2026-09-18T18:11:20.909992+00:00
Qwen2.5-7B,belief_bank_constraints,hidden,10,25686,belief_bank_facts,42,14026,27416,7013,7013,3556,23860,36.5822,3585,0.18758823529411764,0.8967941507311586,0.4828567259994164,0.31027437244600115,0.7395195433712027,14186.225,10,2026-09-18T18:11:20.909992+00:00
Qwen2.5-7B,belief_bank_constraints,hidden,10,25686,belief_bank_facts,64,14026,27416,7013,7013,3556,23860,37.4034,3585,0.267002928734136,0.46147356580427445,0.765830172162241,0.33828076685219544,0.726811419632898,14225.497,10,2026-09-18T18:11:20.909992+00:00
Qwen2.5-7B,belief_bank_constraints,hidden,10,25686,belief_bank_facts,67,14026,27416,7013,7013,3556,23860,33.594,3585,0.15581582271213687,0.3816085489313836,0.6516267872775022,0.22128006522625357,0.5889496943644827,14260.961,10,2026-09-18T18:11:20.909992+00:00
Qwen2.5-7B,belief_bank_constraints,hidden,10,25686,belief_bank_facts,104,14026,27416,7013,7013,3556,23860,34.3831,3585,0.16323731138545952,0.2677165354330709,0.727020717829005,0.2028121005538986,0.6350779929227204,14297.21,10,2026-09-18T18:11:20.909992+00:00
Qwen2.5-7B,belief_bank_constraints,hidden,10,25686,belief_bank_facts,123,14026,27416,7013,7013,3556,23860,35.8433,3585,0.2059035277177826,0.08042744656917886,0.8404946016924424,0.11567239635995956,0.6336979893963379,14334.925,10,2026-09-18T18:11:20.909992+00:00
Qwen2.5-7B,belief_bank_constraints,hidden,10,25686,belief_bank_facts,420,14026,27416,7013,7013,3556,23860,36.9439,3585,0.16190644099670898,0.7747469066366705,0.4506127808578932,0.26783978222827143,0.6001007175810904,14373.738,10,2026-09-18T18:11:20.909992+00:00
Qwen2.5-7B,belief_bank_constraints,hidden,10,25686,belief_bank_facts,511,14026,27416,7013,7013,3556,23860,33.7535,3585,0.12084063047285463,0.3686726659167604,0.5702144733002626,0.1820201318986463,0.5380023916226733,14409.36,10,2026-09-18T18:11:20.909992+00:00
Qwen2.5-7B,belief_bank_constraints,hidden,10,25686,belief_bank_facts,mean,0,0,0,0,0,0,35.908809999999995,3585.0,0.19601655603477938,0.41175478065241844,0.6678326524657135,0.23154335359040035,0.639544600486339,25443.341,10,2026-09-18T18:11:20.909992+00:00
Qwen2.5-7B,belief_bank_constraints,hidden,10,25686,belief_bank_facts,std,0,0,0,0,0,0,1.672351226537057,0.0,0.08446370065517896,0.2504223133319129,0.13132190502471874,0.07744668267856156,0.09431277373294446,25443.341,10,2026-09-18T18:11:20.909992+00:00
Qwen2.5-7B,belief_bank_constraints,hidden,10,25686,halu_eval,2,14026,10000,7013,7013,2812,7188,35.0235,3585,0.2836754643206256,0.5160028449502134,0.4975,0.3660905765106598,0.502103879866159,14445.56,10,2026-09-18T18:11:20.909992+00:00
Qwen2.5-7B,belief_bank_constraints,hidden,10,25686,halu_eval,4,14026,10000,7013,7013,2812,7188,33.453,3585,0.2776659959758551,0.441678520625889,0.5199,0.340974605353466,0.5013149682060586,14480.19,10,2026-09-18T18:11:20.909992+00:00
Qwen2.5-7B,belief_bank_constraints,hidden,10,25686,halu_eval,24,14026,10000,7013,7013,2812,7188,38.1925,3585,0.2831621259490844,0.22546230440967283,0.6217,0.2510393981389824,0.5031130495665685,14519.56,10,2026-09-18T18:11:20.909992+00:00
Qwen2.5-7B,belief_bank_constraints,hidden,10,25686,halu_eval,42,14026,10000,7013,7013,2812,7188,36.7253,3585,0.2858002406738869,0.5067567567567568,0.5052,0.3654783277763529,0.5077450731858297,14557.456,10,2026-09-18T18:11:20.909992+00:00
Qwen2.5-7B,belief_bank_constraints,hidden,10,25686,halu_eval,64,14026,10000,7013,7013,2812,7188,36.8068,3585,0.2814910025706941,0.4672830725462304,0.5148,0.3513368983957219,0.5034523666756114,14595.435,10,2026-09-18T18:11:20.909992+00:00
Qwen2.5-7B,belief_bank_constraints,hidden,10,25686,halu_eval,67,14026,10000,7013,7013,2812,7188,37.6517,3585,0.28611898016997167,0.6465149359886202,0.447,0.39668339515601136,0.5096088806933636,14634.264,10,2026-09-18T18:11:20.909992+00:00
Qwen2.5-7B,belief_bank_constraints,hidden,10,25686,halu_eval,104,14026,10000,7013,7013,2812,7188,38.4159,3585,0.27431357454452143,0.38015647226173543,0.5429,0.31867640482933374,0.49712566225833954,14673.851,10,2026-09-18T18:11:20.909992+00:00
Qwen2.5-7B,belief_bank_constraints,hidden,10,25686,halu_eval,123,14026,10000,7013,7013,2812,7188,36.6736,3585,0.2826792564178224,0.6813655761024182,0.4242,0.3995828988529718,0.5031202232898041,14711.696,10,2026-09-18T18:11:20.909992+00:00
Qwen2.5-7B,belief_bank_constraints,hidden,10,25686,halu_eval,420,14026,10000,7013,7013,2812,7188,36.8053,3585,0.28184480234260617,0.41073968705547653,0.54,0.3342981186685962,0.5029580476707267,14749.677,10,2026-09-18T18:11:20.909992+00:00
Qwen2.5-7B,belief_bank_constraints,hidden,10,25686,halu_eval,511,14026,10000,7013,7013,2812,7188,33.6732,3585,0.2784843667196608,0.3737553342816501,0.5516,0.3191618584877012,0.49960673154483015,14784.526,10,2026-09-18T18:11:20.909992+00:00
Qwen2.5-7B,belief_bank_constraints,hidden,10,25686,halu_eval,mean,0,0,0,0,0,0,36.342079999999996,3585.0,0.28152358096847285,0.46497155049786637,0.5164799999999999,0.3443322482169797,0.503014888295729,25443.341,10,2026-09-18T18:11:20.909992+00:00
Qwen2.5-7B,belief_bank_constraints,hidden,10,25686,halu_eval,std,0,0,0,0,0,0,1.6533464717354311,0.0,0.003525120590818293,0.12668948241836747,0.052345903373616554,0.041073358582723075,0.003407182333664599,25443.341,10,2026-09-18T18:11:20.909992+00:00
Qwen2.5-7B,belief_bank_constraints,hidden,11,25686,belief_bank_constraints,2,14026,7706,7013,7013,3005,4701,36.6374,3585,0.9344155844155844,0.9577371048252912,0.9573059953283156,0.9459326211996714,0.9934238511224115,14823.026,10,2026-09-18T18:11:20.909992+00:00
Qwen2.5-7B,belief_bank_constraints,hidden,11,25686,belief_bank_constraints,4,14026,7706,7013,7013,3005,4701,35.6157,3585,0.9410029498525073,0.9554076539101497,0.9592525304957176,0.9481505944517834,0.9927816540609301,14859.757,10,2026-09-18T18:11:20.909992+00:00
Qwen2.5-7B,belief_bank_constraints,hidden,11,25686,belief_bank_constraints,24,14026,7706,7013,7013,3005,4701,35.182,3585,0.9387556707712249,0.9640599001663893,0.9614586036854399,0.9512395337383024,0.9933420191335365,14896.053,10,2026-09-18T18:11:20.909992+00:00
Qwen2.5-7B,belief_bank_constraints,hidden,11,25686,belief_bank_constraints,42,14026,7706,7013,7013,3005,4701,36.7439,3585,0.9349593495934959,0.956738768718802,0.9571762263171555,0.9457236842105263,0.9923116156473238,14933.915,10,2026-09-18T18:11:20.909992+00:00
Qwen2.5-7B,belief_bank_constraints,hidden,11,25686,belief_bank_constraints,64,14026,7706,7013,7013,3005,4701,36.5417,3585,0.9254498714652957,0.9584026622296173,0.9536724630158319,0.9416380578715057,0.9927460472353211,14971.572,10,2026-09-18T18:11:20.909992+00:00
Qwen2.5-7B,belief_bank_constraints,hidden,11,25686,belief_bank_constraints,67,14026,7706,7013,7013,3005,4701,33.8497,3585,0.9421623397962537,0.9540765391014975,0.9592525304957176,0.9480820105820106,0.992345240383237,15006.537,10,2026-09-18T18:11:20.909992+00:00
Qwen2.5-7B,belief_bank_constraints,hidden,11,25686,belief_bank_constraints,104,14026,7706,7013,7013,3005,4701,33.4522,3585,0.9406919275123559,0.9500831946755408,0.9571762263171555,0.945364238410596,0.9925517316562023,15041.109,10,2026-09-18T18:11:20.909992+00:00
Qwen2.5-7B,belief_bank_constraints,hidden,11,25686,belief_bank_constraints,123,14026,7706,7013,7013,3005,4701,34.6494,3585,0.936890045543266,0.9584026622296173,0.9586036854399169,0.9475242638591874,0.9920903294905569,15076.874,10,2026-09-18T18:11:20.909992+00:00
Qwen2.5-7B,belief_bank_constraints,hidden,11,25686,belief_bank_constraints,420,14026,7706,7013,7013,3005,4701,33.9918,3585,0.9313949689643907,0.9487520798668885,0.9527640799377108,0.9399934058687768,0.9914637059909723,15111.989,10,2026-09-18T18:11:20.909992+00:00
Qwen2.5-7B,belief_bank_constraints,hidden,11,25686,belief_bank_constraints,511,14026,7706,7013,7013,3005,4701,32.8787,3585,0.9136075949367088,0.9607321131447587,0.9492603166363872,0.9365774533657746,0.9923407806814212,15145.997,10,2026-09-18T18:11:20.909992+00:00
Qwen2.5-7B,belief_bank_constraints,hidden,11,25686,belief_bank_constraints,mean,0,0,0,0,0,0,34.954249999999995,3585.0,0.9339330302851083,0.9564392678868552,0.9565922657669349,0.9450225863558135,0.9925396975401911,25443.341,10,2026-09-18T18:11:20.909992+00:00
Qwen2.5-7B,belief_bank_constraints,hidden,11,25686,belief_bank_constraints,std,0,0,0,0,0,0,1.3359850652234098,0.0,0.008295812441750275,0.004383214732792233,0.0034642493173691357,0.0041660259808239146,0.0005491637079348673,25443.341,10,2026-09-18T18:11:20.909992+00:00
Qwen2.5-7B,belief_bank_constraints,hidden,11,25686,belief_bank_facts,2,14026,27416,7013,7013,3556,23860,35.6765,3585,0.1881056760498385,0.9170416197975253,0.47585351619492267,0.3121769098219414,0.8523909980133455,15183.537,10,2026-09-18T18:11:20.909992+00:00
Qwen2.5-7B,belief_bank_constraints,hidden,11,25686,belief_bank_facts,4,14026,27416,7013,7013,3556,23860,37.5886,3585,0.12662361760558152,0.4797525309336333,0.5033192296469216,0.20036408479652357,0.48791526923552,15222.98,10,2026-09-18T18:11:20.909992+00:00
Qwen2.5-7B,belief_bank_constraints,hidden,11,25686,belief_bank_facts,24,14026,27416,7013,7013,3556,23860,38.0145,3585,0.16521392638342383,0.9327896512935883,0.37996060694484973,0.2807091778445394,0.76853858795731,15262.851,10,2026-09-18T18:11:20.909992+00:00
Qwen2.5-7B,belief_bank_constraints,hidden,11,25686,belief_bank_facts,42,14026,27416,7013,7013,3556,23860,35.4716,3585,0.14995140054784836,0.954443194600675,0.29231105923548295,0.25918289423444063,0.7497434768998384,15300.179,10,2026-09-18T18:11:20.909992+00:00
Qwen2.5-7B,belief_bank_constraints,hidden,11,25686,belief_bank_facts,64,14026,27416,7013,7013,3556,23860,35.303,3585,0.20143578511893898,0.9311023622047244,0.5122920922089291,0.3312159255739509,0.7354605853700391,15337.339,10,2026-09-18T18:11:20.909992+00:00
Qwen2.5-7B,belief_bank_constraints,hidden,11,25686,belief_bank_facts,67,14026,27416,7013,7013,3556,23860,33.783,3585,0.15004655699906885,0.9516310461192351,0.2945360373504523,0.2592209582902447,0.8072211812532235,15372.978,10,2026-09-18T18:11:20.909992+00:00
Qwen2.5-7B,belief_bank_constraints,hidden,11,25686,belief_bank_facts,104,14026,27416,7013,7013,3556,23860,35.0524,3585,0.21367457220054037,0.8006186726659168,0.5919900787861103,0.3373222748815166,0.6472480663827331,15409.887,10,2026-09-18T18:11:20.909992+00:00
Qwen2.5-7B,belief_bank_constraints,hidden,11,25686,belief_bank_facts,123,14026,27416,7013,7013,3556,23860,33.7331,3585,0.2784334068214239,0.6037682789651294,0.7456594689232565,0.3811129848229342,0.7403362509275612,15445.484,10,2026-09-18T18:11:20.909992+00:00
Qwen2.5-7B,belief_bank_constraints,hidden,11,25686,belief_bank_facts,420,14026,27416,7013,7013,3556,23860,32.0299,3585,0.16364083640836408,0.9353205849268842,0.3715713451998833,0.2785477995058833,0.6529050106687209,15479.361,10,2026-09-18T18:11:20.909992+00:00
Qwen2.5-7B,belief_bank_constraints,hidden,11,25686,belief_bank_facts,511,14026,27416,7013,7013,3556,23860,35.0192,3585,0.17740608719495476,0.9097300337457818,0.44116574263203967,0.29691156899637466,0.6532310478164245,15516.243,10,2026-09-18T18:11:20.909992+00:00
Qwen2.5-7B,belief_bank_constraints,hidden,11,25686,belief_bank_facts,mean,0,0,0,0,0,0,35.16718,3585.0,0.1814531865329983,0.8416197975253092,0.4608659177122849,0.29367645787683494,0.7094990474524716,25443.341,10,2026-09-18T18:11:20.909992+00:00
Qwen2.5-7B,belief_bank_constraints,hidden,11,25686,belief_bank_facts,std,0,0,0,0,0,0,1.6790226179536711,0.0,0.040582426754038115,0.15794312717771258,0.13189243039711673,0.047742288275120885,0.09800074957825887,25443.341,10,2026-09-18T18:11:20.909992+00:00
Qwen2.5-7B,belief_bank_constraints,hidden,11,25686,halu_eval,2,14026,10000,7013,7013,2812,7188,35.727,3585,0.2798393574297189,0.6194879089615932,0.4447,0.3855261701892221,0.49442426072060985,15553.152,10,2026-09-18T18:11:20.909992+00:00
Qwen2.5-7B,belief_bank_constraints,hidden,11,25686,halu_eval,4,14026,10000,7013,7013,2812,7188,33.9545,3585,0.28253568429890846,0.4786628733997155,0.5116,0.35533262935586063,0.4991291099992005,15588.281,10,2026-09-18T18:11:20.909992+00:00
Qwen2.5-7B,belief_bank_constraints,hidden,11,25686,halu_eval,24,14026,10000,7013,7013,2812,7188,34.4704,3585,0.27925270403146507,0.4039829302987198,0.5392,0.3302325581395349,0.499878590918482,15623.923,10,2026-09-18T18:11:20.909992+00:00
Qwen2.5-7B,belief_bank_constraints,hidden,11,25686,halu_eval,42,14026,10000,7013,7013,2812,7188,35.1845,3585,0.2830687830687831,0.4185633001422475,0.5384,0.3377331420373027,0.496858032907699,15660.281,10,2026-09-18T18:11:20.909992+00:00
Qwen2.5-7B,belief_bank_constraints,hidden,11,25686,halu_eval,64,14026,10000,7013,7013,2812,7188,36.5226,3585,0.28756201275691,0.5771692745376956,0.479,0.3838694418164617,0.5071531173340109,15697.974,10,2026-09-18T18:11:20.909992+00:00
Qwen2.5-7B,belief_bank_constraints,hidden,11,25686,halu_eval,67,14026,10000,7013,7013,2812,7188,34.4906,3585,0.2859702315325248,0.7379089615931721,0.4082,0.412197059992054,0.5101859201482477,15733.632,10,2026-09-18T18:11:20.909992+00:00
Qwen2.5-7B,belief_bank_constraints,hidden,11,25686,halu_eval,104,14026,10000,7013,7013,2812,7188,33.0752,3585,0.28184747583243824,0.4665718349928876,0.5157,0.35141288335342175,0.49936361653807393,15767.872,10,2026-09-18T18:11:20.909992+00:00
Qwen2.5-7B,belief_bank_constraints,hidden,11,25686,halu_eval,123,14026,10000,7013,7013,2812,7188,34.9137,3585,0.28292235047219305,0.7670697012802276,0.3878,0.4133767727098505,0.5037215297188058,15803.957,10,2026-09-18T18:11:20.909992+00:00
Qwen2.5-7B,belief_bank_constraints,hidden,11,25686,halu_eval,420,14026,10000,7013,7013,2812,7188,34.93,3585,0.2809338521400778,0.5135135135135135,0.4936,0.3631790744466801,0.5005755552362836,15840.052,10,2026-09-18T18:11:20.909992+00:00
Qwen2.5-7B,belief_bank_constraints,hidden,11,25686,halu_eval,511,14026,10000,7013,7013,2812,7188,34.7912,3585,0.2837810129177773,0.492176386913229,0.5079,0.3599947977630381,0.5013890554511985,15876.009,10,2026-09-18T18:11:20.909992+00:00
Qwen2.5-7B,belief_bank_constraints,hidden,11,25686,halu_eval,mean,0,0,0,0,0,0,34.805969999999995,3585.0,0.28277134644807966,0.5475106685633001,0.48261000000000004,0.3692854529803427,0.5012678788972613,25443.341,10,2026-09-18T18:11:20.909992+00:00
Qwen2.5-7B,belief_bank_constraints,hidden,11,25686,halu_eval,std,0,0,0,0,0,0,0.8887203463969963,0.0,0.002440838166684508,0.11968896077327888,0.04998666722237041,0.027240218802847004,0.004439531612612906,25443.341,10,2026-09-18T18:11:20.909992+00:00
Qwen2.5-7B,belief_bank_constraints,hidden,12,25686,belief_bank_constraints,2,14026,7706,7013,7013,3005,4701,37.2351,3585,0.9403908794788274,0.9607321131447587,0.9609395276407994,0.9504526748971194,0.9946685326625375,15915.074,10,2026-09-18T18:11:20.909992+00:00
Qwen2.5-7B,belief_bank_constraints,hidden,12,25686,belief_bank_constraints,4,14026,7706,7013,7013,3005,4701,34.4356,3585,0.9424202992843201,0.9640599001663893,0.9630158318193616,0.9531172890278006,0.9937425428299499,15950.625,10,2026-09-18T18:11:20.909992+00:00
Qwen2.5-7B,belief_bank_constraints,hidden,12,25686,belief_bank_constraints,24,14026,7706,7013,7013,3005,4701,35.2746,3585,0.9416531604538088,0.9667221297836939,0.9636646768751622,0.9540229885057471,0.9942307739954079,15987.019,10,2026-09-18T18:11:20.909992+00:00
Qwen2.5-7B,belief_bank_constraints,hidden,12,25686,belief_bank_constraints,42,14026,7706,7013,7013,3005,4701,34.0145,3585,0.9355152300712897,0.9607321131447587,0.9588632234622372,0.9479560006567066,0.9930338749747373,16022.149,10,2026-09-18T18:11:20.909992+00:00
Qwen2.5-7B,belief_bank_constraints,hidden,12,25686,belief_bank_constraints,64,14026,7706,7013,7013,3005,4701,35.9076,3585,0.934346701164295,0.9613976705490849,0.9586036854399169,0.9476791864851566,0.9941012302759953,16059.172,10,2026-09-18T18:11:20.909992+00:00
Qwen2.5-7B,belief_bank_constraints,hidden,12,25686,belief_bank_constraints,67,14026,7706,7013,7013,3005,4701,33.2392,3585,0.939731411726171,0.9547420965058236,0.9584739164287568,0.9471772862330802,0.9930965939558299,16093.531,10,2026-09-18T18:11:20.909992+00:00
Qwen2.5-7B,belief_bank_constraints,hidden,12,25686,belief_bank_constraints,104,14026,7706,7013,7013,3005,4701,35.7054,3585,0.9476284584980237,0.9574043261231281,0.9627562937970413,0.9524913093858632,0.9939820925274865,16130.354,10,2026-09-18T18:11:20.909992+00:00
Qwen2.5-7B,belief_bank_constraints,hidden,12,25686,belief_bank_constraints,123,14026,7706,7013,7013,3005,4701,34.4555,3585,0.9389808503732554,0.9627287853577371,0.9610692966519595,0.9507065395990798,0.9925275926352625,16165.928,10,2026-09-18T18:11:20.909992+00:00
Qwen2.5-7B,belief_bank_constraints,hidden,12,25686,belief_bank_constraints,420,14026,7706,7013,7013,3005,4701,31.0888,3585,0.9314802844214609,0.9590682196339434,0.9565273812613548,0.9450729627807838,0.9929877206003892,16198.135,10,2026-09-18T18:11:20.909992+00:00
Qwen2.5-7B,belief_bank_constraints,hidden,12,25686,belief_bank_constraints,511,14026,7706,7013,7013,3005,4701,34.5104,3585,0.9235444657709533,0.9607321131447587,0.9536724630158319,0.941771326047953,0.9926852395550068,16233.763,10,2026-09-18T18:11:20.909992+00:00
Qwen2.5-7B,belief_bank_constraints,hidden,12,25686,belief_bank_constraints,mean,0,0,0,0,0,0,34.586670000000005,3585.0,0.9375691741242406,0.9608319467554077,0.9597586296392422,0.949044756361929,0.9935056194012603,25443.341,10,2026-09-18T18:11:20.909992+00:00
Qwen2.5-7B,belief_bank_constraints,hidden,12,25686,belief_bank_constraints,std,0,0,0,0,0,0,1.5782216352908114,0.0,0.006359258797347752,0.0031781672752361537,0.0029871969497968585,0.003649744525412284,0.0006930909996460869,25443.341,10,2026-09-18T18:11:20.909992+00:00
Qwen2.5-7B,belief_bank_constraints,hidden,12,25686,belief_bank_facts,2,14026,27416,7013,7013,3556,23860,38.8365,3585,0.19080579108265558,0.9302587176602924,0.4792456959439743,0.31666108265926385,0.8546867294878165,16274.456,10,2026-09-18T18:11:20.909992+00:00
Qwen2.5-7B,belief_bank_constraints,hidden,12,25686,belief_bank_facts,4,14026,27416,7013,7013,3556,23860,35.2345,3585,0.188005546568061,0.9150731158605174,0.4763641669098337,0.31192484662576686,0.7040351678850286,16311.532,10,2026-09-18T18:11:20.909992+00:00
Qwen2.5-7B,belief_bank_constraints,hidden,12,25686,belief_bank_facts,24,14026,27416,7013,7013,3556,23860,34.5255,3585,0.19825668770664262,0.9274465691788526,0.5041216807703531,0.32668020405131,0.87350517689899,16347.906,10,2026-09-18T18:11:20.909992+00:00
Qwen2.5-7B,belief_bank_constraints,hidden,12,25686,belief_bank_facts,42,14026,27416,7013,7013,3556,23860,36.2323,3585,0.14892006234691604,0.9403824521934758,0.2951925882696236,0.25712198685171656,0.8718407291502643,16385.989,10,2026-09-18T18:11:20.909992+00:00
Qwen2.5-7B,belief_bank_constraints,hidden,12,25686,belief_bank_facts,64,14026,27416,7013,7013,3556,23860,38.2451,3585,0.20684233695993962,0.9249156355455568,0.5302378173329443,0.33807884052012127,0.8243438830938253,16426.077,10,2026-09-18T18:11:20.909992+00:00
Qwen2.5-7B,belief_bank_constraints,hidden,12,25686,belief_bank_facts,67,14026,27416,7013,7013,3556,23860,33.039,3585,0.2470560152768937,0.8731721034870641,0.6383863437408812,0.3851401637310841,0.8229824543621067,16460.98,10,2026-09-18T18:11:20.909992+00:00
Qwen2.5-7B,belief_bank_constraints,hidden,12,25686,belief_bank_facts,104,14026,27416,7013,7013,3556,23860,34.4626,3585,0.2327289419325224,0.8554555680539933,0.6154435366209513,0.36591086786551996,0.7726491216573619,16497.319,10,2026-09-18T18:11:20.909992+00:00
Qwen2.5-7B,belief_bank_constraints,hidden,12,25686,belief_bank_facts,123,14026,27416,7013,7013,3556,23860,34.489,3585,0.27104631522802025,0.8574240719910011,0.6824117303764226,0.41188787571766294,0.849453699495652,16533.694,10,2026-09-18T18:11:20.909992+00:00
Qwen2.5-7B,belief_bank_constraints,hidden,12,25686,belief_bank_facts,420,14026,27416,7013,7013,3556,23860,32.8335,3585,0.17675454883030078,0.937007874015748,0.4257732710825795,0.2974070602936582,0.8780244091188099,16568.414,10,2026-09-18T18:11:20.909992+00:00
Qwen2.5-7B,belief_bank_constraints,hidden,12,25686,belief_bank_facts,511,14026,27416,7013,7013,3556,23860,31.7028,3585,0.17010836229809856,0.9358830146231721,0.39947475926466297,0.2878892733564014,0.8305035490115286,16602.003,10,2026-09-18T18:11:20.909992+00:00
Qwen2.5-7B,belief_bank_constraints,hidden,12,25686,belief_bank_facts,mean,0,0,0,0,0,0,34.960080000000005,3585.0,0.20305246082300504,0.9097019122609675,0.5046651590312228,0.3298702201672505,0.8282024920161384,25443.341,10,2026-09-18T18:11:20.909992+00:00
Qwen2.5-7B,belief_bank_constraints,hidden,12,25686,belief_bank_facts,std,0,0,0,0,0,0,2.1677837723352393,0.0,0.03544169026623998,0.03221830050238939,0.11181060208008002,0.044455852551556305,0.0511302404988169,25443.341,10,2026-09-18T18:11:20.909992+00:00
Qwen2.5-7B,belief_bank_constraints,hidden,12,25686,halu_eval,2,14026,10000,7013,7013,2812,7188,36.1181,3585,0.2777619589977221,0.6938122332859175,0.4066,0.3967059780398536,0.492324165611882,16639.31,10,2026-09-18T18:11:20.909992+00:00
Qwen2.5-7B,belief_bank_constraints,hidden,12,25686,halu_eval,4,14026,10000,7013,7013,2812,7188,35.7901,3585,0.2789182787208843,0.5024893314366998,0.4948,0.3587204874333587,0.49352769373802235,16676.293,10,2026-09-18T18:11:20.909992+00:00
Qwen2.5-7B,belief_bank_constraints,hidden,12,25686,halu_eval,24,14026,10000,7013,7013,2812,7188,34.4319,3585,0.27621539132330497,0.45056899004267426,0.5135,0.3424787133396405,0.48701798516731304,16711.917,10,2026-09-18T18:11:20.909992+00:00
Qwen2.5-7B,belief_bank_constraints,hidden,12,25686,halu_eval,42,14026,10000,7013,7013,2812,7188,32.7226,3585,0.2758754111046624,0.5071123755334281,0.4871,0.3573487031700288,0.49101031056977373,16745.83,10,2026-09-18T18:11:20.909992+00:00
Qwen2.5-7B,belief_bank_constraints,hidden,12,25686,halu_eval,64,14026,10000,7013,7013,2812,7188,34.4751,3585,0.2782051282051282,0.5401849217638691,0.4766,0.3672630560928433,0.4886544598592091,16781.492,10,2026-09-18T18:11:20.909992+00:00
Qwen2.5-7B,belief_bank_constraints,hidden,12,25686,halu_eval,67,14026,10000,7013,7013,2812,7188,31.3756,3585,0.27833104395604397,0.5764580369843528,0.4606,0.37540528022232517,0.4974831610452382,16814.054,10,2026-09-18T18:11:20.909992+00:00
Qwen2.5-7B,belief_bank_constraints,hidden,12,25686,halu_eval,104,14026,10000,7013,7013,2812,7188,35.5819,3585,0.27721380602842416,0.6312233285917497,0.4335,0.38524145415084105,0.4877650418628804,16850.825,10,2026-09-18T18:11:20.909992+00:00
Qwen2.5-7B,belief_bank_constraints,hidden,12,25686,halu_eval,123,14026,10000,7013,7013,2812,7188,34.979,3585,0.2802085694853775,0.8790896159317212,0.331,0.42496132026817945,0.49421021166144624,16886.984,10,2026-09-18T18:11:20.909992+00:00
Qwen2.5-7B,belief_bank_constraints,hidden,12,25686,halu_eval,420,14026,10000,7013,7013,2812,7188,30.4215,3585,0.27630271191253725,0.6920341394025604,0.4037,0.3949264332825977,0.4896721885535479,16918.59,10,2026-09-18T18:11:20.909992+00:00
Qwen2.5-7B,belief_bank_constraints,hidden,12,25686,halu_eval,511,14026,10000,7013,7013,2812,7188,34.576,3585,0.2729911119172864,0.5352062588904695,0.4685,0.36156156156156155,0.48776091078777567,16954.353,10,2026-09-18T18:11:20.909992+00:00
Qwen2.5-7B,belief_bank_constraints,hidden,12,25686,halu_eval,mean,0,0,0,0,0,0,34.04718,3585.0,0.2772023411651371,0.6008179231863442,0.44758999999999993,0.376461298756123,0.49094261288570884,25443.341,10,2026-09-18T18:11:20.909992+00:00
Qwen2.5-7B,belief_bank_constraints,hidden,12,25686,halu_eval,std,0,0,0,0,0,0,1.8220405235888686,0.0,0.0018934968643708296,0.12038546523941428,0.05194255384557058,0.02307102136344768,0.003233023302428928,25443.341,10,2026-09-18T18:11:20.909992+00:00
Qwen2.5-7B,belief_bank_constraints,hidden,13,25686,belief_bank_constraints,2,14026,7706,7013,7013,3005,4701,35.0977,3585,0.9515389652914211,0.967054908485857,0.9679470542434466,0.9592341970622215,0.9960502615473538,16991.339,10,2026-09-18T18:11:20.909992+00:00
Qwen2.5-7B,belief_bank_constraints,hidden,13,25686,belief_bank_constraints,4,14026,7706,7013,7013,3005,4701,31.7173,3585,0.9545304777594729,0.9640599001663893,0.9680768232546068,0.9592715231788079,0.9955116994614025,17024.184,10,2026-09-18T18:11:20.909992+00:00
Qwen2.5-7B,belief_bank_constraints,hidden,13,25686,belief_bank_constraints,24,14026,7706,7013,7013,3005,4701,29.7873,3585,0.9397357396068321,0.9703826955074876,0.9641837529198027,0.9548133595284872,0.9955943809172899,17055.103,10,2026-09-18T18:11:20.909992+00:00
Qwen2.5-7B,belief_bank_constraints,hidden,13,25686,belief_bank_constraints,42,14026,7706,7013,7013,3005,4701,29.6488,3585,0.9478997069358515,0.9687188019966723,0.9670386711653257,0.9581961816984859,0.9949765352435014,17085.88,10,2026-09-18T18:11:20.909992+00:00
Qwen2.5-7B,belief_bank_constraints,hidden,13,25686,belief_bank_constraints,64,14026,7706,7013,7013,3005,4701,34.0508,3585,0.9477102955505035,0.9710482529118136,0.9678172852322865,0.9592373438527285,0.9957879178183139,17121.058,10,2026-09-18T18:11:20.909992+00:00
Qwen2.5-7B,belief_bank_constraints,hidden,13,25686,belief_bank_constraints,67,14026,7706,7013,7013,3005,4701,29.6961,3585,0.9513797634691196,0.9637271214642263,0.9666493641318453,0.9575136386179534,0.9951288729944173,17151.88,10,2026-09-18T18:11:20.909992+00:00
Qwen2.5-7B,belief_bank_constraints,hidden,13,25686,belief_bank_constraints,104,14026,7706,7013,7013,3005,4701,28.5662,3585,0.9592715231788079,0.9640599001663893,0.9700233584220088,0.9616597510373444,0.9957965540662747,17181.571,10,2026-09-18T18:11:20.909992+00:00
Qwen2.5-7B,belief_bank_constraints,hidden,13,25686,belief_bank_constraints,123,14026,7706,7013,7013,3005,4701,29.6576,3585,0.9494290375203915,0.9683860232945092,0.9675577472099662,0.9588138385502472,0.9947936874690518,17212.365,10,2026-09-18T18:11:20.909992+00:00
Qwen2.5-7B,belief_bank_constraints,hidden,13,25686,belief_bank_constraints,420,14026,7706,7013,7013,3005,4701,30.9118,3585,0.9375,0.9683860232945092,0.962496755774721,0.9526927484039941,0.9946453138975281,17244.406,10,2026-09-18T18:11:20.909992+00:00
Qwen2.5-7B,belief_bank_constraints,hidden,13,25686,belief_bank_constraints,511,14026,7706,7013,7013,3005,4701,27.6251,3585,0.9369369369369369,0.9690515806988352,0.962496755774721,0.952723703582529,0.9942043697291014,17273.164,10,2026-09-18T18:11:20.909992+00:00
Qwen2.5-7B,belief_bank_constraints,hidden,13,25686,belief_bank_constraints,mean,0,0,0,0,0,0,30.675869999999996,3585.0,0.9475932446249337,0.9674875207986687,0.966428756812873,0.9574156285512799,0.9952489593144236,25443.341,10,2026-09-18T18:11:20.909992+00:00
Qwen2.5-7B,belief_bank_constraints,hidden,13,25686,belief_bank_constraints,std,0,0,0,0,0,0,2.2289488563221913,0.0,0.007036067448595522,0.0025389510229900185,0.0023984810029511095,0.0028591638614937917,0.0005632258216019381,25443.341,10,2026-09-18T18:11:20.909992+00:00
Qwen2.5-7B,belief_bank_constraints,hidden,13,25686,belief_bank_facts,2,14026,27416,7013,7013,3556,23860,32.8369,3585,0.20399876960935098,0.9325084364454443,0.5192953020134228,0.3347635152188178,0.881407219843538,17307.867,10,2026-09-18T18:11:20.909992+00:00
Qwen2.5-7B,belief_bank_constraints,hidden,13,25686,belief_bank_facts,4,14026,27416,7013,7013,3556,23860,32.1223,3585,0.18447037701974867,0.9246344206974129,0.46002334403268164,0.307577174929841,0.7885915225862903,17341.851,10,2026-09-18T18:11:20.909992+00:00
Qwen2.5-7B,belief_bank_constraints,hidden,13,25686,belief_bank_facts,24,14026,27416,7013,7013,3556,23860,30.5471,3585,0.1635374283053091,0.9381327334083239,0.3696016924423694,0.278522229179712,0.895581355714861,17374.272,10,2026-09-18T18:11:20.909992+00:00
Qwen2.5-7B,belief_bank_constraints,hidden,13,25686,belief_bank_facts,42,14026,27416,7013,7013,3556,23860,30.306,3585,0.15157980751770475,0.9389763779527559,0.3104026845637584,0.26102251407129456,0.8987255463299695,17406.44,10,2026-09-18T18:11:20.909992+00:00
Qwen2.5-7B,belief_bank_constraints,hidden,13,25686,belief_bank_facts,64,14026,27416,7013,7013,3556,23860,31.5773,3585,0.1727197688815518,0.9415073115860517,0.4074992704989787,0.2918918918918919,0.8888570443258718,17439.888,10,2026-09-18T18:11:20.909992+00:00
Qwen2.5-7B,belief_bank_constraints,hidden,13,25686,belief_bank_facts,67,14026,27416,7013,7013,3556,23860,32.2565,3585,0.15298826280523453,0.9566929133858267,0.3073752553253575,0.2637925018415849,0.8766454722287962,17474.02,10,2026-09-18T18:11:20.909992+00:00
Qwen2.5-7B,belief_bank_constraints,hidden,13,25686,belief_bank_facts,104,14026,27416,7013,7013,3556,23860,30.4195,3585,0.27136994673884574,0.8740157480314961,0.6792748759848264,0.4141515090945433,0.8429286782100687,17506.311,10,2026-09-18T18:11:20.909992+00:00
Qwen2.5-7B,belief_bank_constraints,hidden,13,25686,belief_bank_facts,123,14026,27416,7013,7013,3556,23860,28.7125,3585,0.1730719090577254,0.9333520809898763,0.41293405310767434,0.29199841639906743,0.8756745208032986,17536.909,10,2026-09-18T18:11:20.909992+00:00
Qwen2.5-7B,belief_bank_constraints,hidden,13,25686,belief_bank_facts,420,14026,27416,7013,7013,3556,23860,29.2024,3585,0.16737788041568352,0.937570303712036,0.38696381674934344,0.2840468583599574,0.8659315224165713,17567.995,10,2026-09-18T18:11:20.909992+00:00
Qwen2.5-7B,belief_bank_constraints,hidden,13,25686,belief_bank_facts,511,14026,27416,7013,7013,3556,23860,27.6626,3585,0.16437075666633869,0.9395388076490439,0.37262912168077034,0.2797923122016582,0.7779526380451395,17597.543,10,2026-09-18T18:11:20.909992+00:00
Qwen2.5-7B,belief_bank_constraints,hidden,13,25686,belief_bank_facts,mean,0,0,0,0,0,0,30.56431,3585.0,0.18054849070174933,0.9316929133858267,0.4225999416399183,0.3007558923188368,0.8592295520504406,25443.341,10,2026-09-18T18:11:20.909992+00:00
Qwen2.5-7B,belief_bank_constraints,hidden,13,25686,belief_bank_facts,std,0,0,0,0,0,0,1.5897661497528501,0.0,0.03354747810649932,0.02071675640931982,0.10459195420763234,0.04286596665193974,0.040903641116103215,25443.341,10,2026-09-18T18:11:20.909992+00:00
Qwen2.5-7B,belief_bank_constraints,hidden,13,25686,halu_eval,2,14026,10000,7013,7013,2812,7188,35.0754,3585,0.2752580544260244,0.3129445234708393,0.5751,0.2928939923448161,0.49356653079140117,17633.809,10,2026-09-18T18:11:20.909992+00:00
Qwen2.5-7B,belief_bank_constraints,hidden,13,25686,halu_eval,4,14026,10000,7013,7013,2812,7188,30.7705,3585,0.26974483596597815,0.15789473684210525,0.643,0.19919246298788695,0.498300990231071,17665.772,10,2026-09-18T18:11:20.909992+00:00
Qwen2.5-7B,belief_bank_constraints,hidden,13,25686,halu_eval,24,14026,10000,7013,7013,2812,7188,29.6545,3585,0.2725040916530278,0.11842105263157894,0.6632,0.1650966782350025,0.4971808751902768,17696.619,10,2026-09-18T18:11:20.909992+00:00
Qwen2.5-7B,belief_bank_constraints,hidden,13,25686,halu_eval,42,14026,10000,7013,7013,2812,7188,31.1517,3585,0.2748004561003421,0.17140825035561877,0.6398,0.211125711782742,0.5039141565561696,17728.964,10,2026-09-18T18:11:20.909992+00:00
Qwen2.5-7B,belief_bank_constraints,hidden,13,25686,halu_eval,64,14026,10000,7013,7013,2812,7188,33.0943,3585,0.2765151515151515,0.2336415362731152,0.6126,0.25327679259830377,0.4997553760376667,17763.25,10,2026-09-18T18:11:20.909992+00:00
Qwen2.5-7B,belief_bank_constraints,hidden,13,25686,halu_eval,67,14026,10000,7013,7013,2812,7188,29.7655,3585,0.278030303030303,0.13051209103840683,0.6602,0.1776379477250726,0.4973791173213456,17794.208,10,2026-09-18T18:11:20.909992+00:00
Qwen2.5-7B,belief_bank_constraints,hidden,13,25686,halu_eval,104,14026,10000,7013,7013,2812,7188,28.3774,3585,0.2810910772075821,0.21621621621621623,0.6241,0.24442211055276383,0.49682995643917355,17823.776,10,2026-09-18T18:11:20.909992+00:00
Qwen2.5-7B,belief_bank_constraints,hidden,13,25686,halu_eval,123,14026,10000,7013,7013,2812,7188,28.781,3585,0.2732012513034411,0.37268847795163584,0.5448,0.31528279181708785,0.5005067617041521,17853.745,10,2026-09-18T18:11:20.909992+00:00
Qwen2.5-7B,belief_bank_constraints,hidden,13,25686,halu_eval,420,14026,10000,7013,7013,2812,7188,30.8034,3585,0.2788399570354458,0.4615931721194879,0.5129,0.34766305075666265,0.5021205773254144,17885.74,10,2026-09-18T18:11:20.909992+00:00
Qwen2.5-7B,belief_bank_constraints,hidden,13,25686,halu_eval,511,14026,10000,7013,7013,2812,7188,28.5931,3585,0.281195079086116,0.11379800853485064,0.669,0.1620253164556962,0.49657605611058736,17915.525,10,2026-09-18T18:11:20.909992+00:00
Qwen2.5-7B,belief_bank_constraints,hidden,13,25686,halu_eval,mean,0,0,0,0,0,0,30.60668,3585.0,0.2761180257323412,0.22891180654338544,0.6144700000000001,0.23686168552560344,0.49861303977072585,25443.341,10,2026-09-18T18:11:20.909992+00:00
Qwen2.5-7B,belief_bank_constraints,hidden,13,25686,halu_eval,std,0,0,0,0,0,0,2.0122580847396296,0.0,0.003555169698939879,0.11204881764904216,0.05070654888670695,0.06183244117813193,0.002859418650136473,25443.341,10,2026-09-18T18:11:20.909992+00:00
Qwen2.5-7B,belief_bank_constraints,hidden,14,25686,belief_bank_constraints,2,14026,7706,7013,7013,3005,4701,20.6897,3585,0.9683063717398481,0.9760399334442595,0.9781988061250974,0.9721577726218097,0.9974421840363205,17938.101,10,2026-09-18T18:11:20.909992+00:00
Qwen2.5-7B,belief_bank_constraints,hidden,14,25686,belief_bank_constraints,4,14026,7706,7013,7013,3005,4701,22.197,3585,0.9669749009247027,0.9743760399334442,0.9770308850246561,0.9706613625062158,0.9971965464918605,17961.427,10,2026-09-18T18:11:20.909992+00:00
Qwen2.5-7B,belief_bank_constraints,hidden,14,25686,belief_bank_constraints,24,14026,7706,7013,7013,3005,4701,21.4517,3585,0.9575718015665796,0.9763727121464226,0.9739164287568128,0.9668808699950568,0.997456766553369,17984.007,10,2026-09-18T18:11:20.909992+00:00
Qwen2.5-7B,belief_bank_constraints,hidden,14,25686,belief_bank_constraints,42,14026,7706,7013,7013,3005,4701,18.6288,3585,0.963887065003283,0.9770382695507488,0.9767713470023358,0.9704181127086432,0.997147560560804,18003.758,10,2026-09-18T18:11:20.909992+00:00
Qwen2.5-7B,belief_bank_constraints,hidden,14,25686,belief_bank_constraints,64,14026,7706,7013,7013,3005,4701,19.7008,3585,0.9620045856534556,0.9773710482529118,0.9761225019465352,0.9696269395840211,0.9975693209325307,18024.583,10,2026-09-18T18:11:20.909992+00:00
Qwen2.5-7B,belief_bank_constraints,hidden,14,25686,belief_bank_constraints,67,14026,7706,7013,7013,3005,4701,20.0427,3585,0.9676247109349191,0.9747088186356073,0.9774201920581366,0.9711538461538461,0.9971171213261879,18045.751,10,2026-09-18T18:11:20.909992+00:00
Qwen2.5-7B,belief_bank_constraints,hidden,14,25686,belief_bank_constraints,104,14026,7706,7013,7013,3005,4701,21.2542,3585,0.9653808110781404,0.9743760399334442,0.9763820399688554,0.969857568731368,0.9970330240919463,18068.126,10,2026-09-18T18:11:20.909992+00:00
Qwen2.5-7B,belief_bank_constraints,hidden,14,25686,belief_bank_constraints,123,14026,7706,7013,7013,3005,4701,18.5939,3585,0.9599343185550082,0.9727121464226289,0.9735271217233324,0.9662809917355372,0.996642835577519,18087.847,10,2026-09-18T18:11:20.909992+00:00
Qwen2.5-7B,belief_bank_constraints,hidden,14,25686,belief_bank_constraints,420,14026,7706,7013,7013,3005,4701,20.4834,3585,0.9527994791666666,0.9740432612312812,0.9710615105112899,0.9633042619713674,0.9963946496320215,18109.46,10,2026-09-18T18:11:20.909992+00:00
Qwen2.5-7B,belief_bank_constraints,hidden,14,25686,belief_bank_constraints,511,14026,7706,7013,7013,3005,4701,19.7441,3585,0.9577879581151832,0.9740432612312812,0.973137814689852,0.9658472199307045,0.9968333285550813,18130.338,10,2026-09-18T18:11:20.909992+00:00
Qwen2.5-7B,belief_bank_constraints,hidden,14,25686,belief_bank_constraints,mean,0,0,0,0,0,0,20.27863,3585.0,0.9622272002737786,0.9751081530782031,0.9753568647806905,0.968618894593857,0.997083333775764,25443.341,10,2026-09-18T18:11:20.909992+00:00
Qwen2.5-7B,belief_bank_constraints,hidden,14,25686,belief_bank_constraints,std,0,0,0,0,0,0,1.115993270633833,0.0,0.004867226291554594,0.00143365452436194,0.0021810847170101806,0.0027078217455790477,0.00035437988799499404,25443.341,10,2026-09-18T18:11:20.909992+00:00
Qwen2.5-7B,belief_bank_constraints,hidden,14,25686,belief_bank_facts,2,14026,27416,7013,7013,3556,23860,21.7167,3585,0.19513701273639522,0.7109111361079865,0.5821782900496061,0.3062200956937799,0.6592448320583985,18153.934,10,2026-09-18T18:11:20.909992+00:00
Qwen2.5-7B,belief_bank_constraints,hidden,14,25686,belief_bank_facts,4,14026,27416,7013,7013,3556,23860,20.2077,3585,0.24766859723176599,0.7095050618672666,0.6827764808870732,0.36716874044968345,0.7438478889321568,18176.017,10,2026-09-18T18:11:20.909992+00:00
Qwen2.5-7B,belief_bank_constraints,hidden,14,25686,belief_bank_facts,24,14026,27416,7013,7013,3556,23860,20.0769,3585,0.25059705179939057,0.8557367829021373,0.6493653341114678,0.38766800433148607,0.7793086923438844,18197.964,10,2026-09-18T18:11:20.909992+00:00
Qwen2.5-7B,belief_bank_constraints,hidden,14,25686,belief_bank_facts,42,14026,27416,7013,7013,3556,23860,18.5766,3585,0.21027799956449153,0.8146794150731158,0.5791143857601401,0.3342756591472913,0.6775099544870387,18218.404,10,2026-09-18T18:11:20.909992+00:00
Qwen2.5-7B,belief_bank_constraints,hidden,14,25686,belief_bank_facts,64,14026,27416,7013,7013,3556,23860,20.8807,3585,0.21821907846896277,0.9282902137232846,0.5593449080828713,0.3533693732269978,0.801620108676692,18241.156,10,2026-09-18T18:11:20.909992+00:00
Qwen2.5-7B,belief_bank_constraints,hidden,14,25686,belief_bank_facts,67,14026,27416,7013,7013,3556,23860,20.8324,3585,0.22028776978417267,0.8610798650168728,0.5866647213306099,0.35082493125572867,0.7395743955884391,18263.851,10,2026-09-18T18:11:20.909992+00:00
Qwen2.5-7B,belief_bank_constraints,hidden,14,25686,belief_bank_facts,104,14026,27416,7013,7013,3556,23860,19.3891,3585,0.22467986030267753,0.27137232845894266,0.7840312226437117,0.24582855687173608,0.7412411887585718,18285.115,10,2026-09-18T18:11:20.909992+00:00
Qwen2.5-7B,belief_bank_constraints,hidden,14,25686,belief_bank_facts,123,14026,27416,7013,7013,3556,23860,20.6924,3585,0.16339048539000242,0.9513498312710911,0.36186898161657427,0.278883805284201,0.705362240318242,18307.674,10,2026-09-18T18:11:20.909992+00:00
Qwen2.5-7B,belief_bank_constraints,hidden,14,25686,belief_bank_facts,420,14026,27416,7013,7013,3556,23860,21.7307,3585,0.18524552013032347,0.8953880764904387,0.47563466588853226,0.30698033166216737,0.7164662726044408,18331.275,10,2026-09-18T18:11:20.909992+00:00
Qwen2.5-7B,belief_bank_constraints,hidden,14,25686,belief_bank_facts,511,14026,27416,7013,7013,3556,23860,19.7054,3585,0.21254435160810348,0.5222159730033745,0.6870805369127517,0.302123159521679,0.6814216459530991,18352.851,10,2026-09-18T18:11:20.909992+00:00
Qwen2.5-7B,belief_bank_constraints,hidden,14,25686,belief_bank_facts,mean,0,0,0,0,0,0,20.380860000000002,3585.0,0.21280477270162854,0.752052868391451,0.5948059527283338,0.32333426574447505,0.7245597219720963,25443.341,10,2026-09-18T18:11:20.909992+00:00
Qwen2.5-7B,belief_bank_constraints,hidden,14,25686,belief_bank_facts,std,0,0,0,0,0,0,0.9473587717438416,0.0,0.025278363504606115,0.20131192850421747,0.11190496779626517,0.04102570523620576,0.04311166244815854,25443.341,10,2026-09-18T18:11:20.909992+00:00
Qwen2.5-7B,belief_bank_constraints,hidden,14,25686,halu_eval,2,14026,10000,7013,7013,2812,7188,20.5023,3585,0.27913832199546484,0.8755334281650071,0.3292,0.42331499312242094,0.4951616205213209,18374.535,10,2026-09-18T18:11:20.909992+00:00
Qwen2.5-7B,belief_bank_constraints,hidden,14,25686,halu_eval,4,14026,10000,7013,7013,2812,7188,20.212,3585,0.2798199549887472,0.2652916073968706,0.6014,0.2723621759766338,0.49509908544428793,18395.93,10,2026-09-18T18:11:20.909992+00:00
Qwen2.5-7B,belief_bank_constraints,hidden,14,25686,halu_eval,24,14026,10000,7013,7013,2812,7188,21.3032,3585,0.26047045324153756,0.16145092460881935,0.6353,0.19934138309549945,0.48557896102323217,18418.422,10,2026-09-18T18:11:20.909992+00:00
Qwen2.5-7B,belief_bank_constraints,hidden,14,25686,halu_eval,42,14026,10000,7013,7013,2812,7188,17.4844,3585,0.2741170268845546,0.18492176386913228,0.6331,0.22085368443406245,0.49658003876383194,18437.094,10,2026-09-18T18:11:20.909992+00:00
Qwen2.5-7B,belief_bank_constraints,hidden,14,25686,halu_eval,64,14026,10000,7013,7013,2812,7188,20.5552,3585,0.29411764705882354,0.2507112375533428,0.6201,0.2706853522749088,0.5002165227568312,18458.835,10,2026-09-18T18:11:20.909992+00:00
Qwen2.5-7B,belief_bank_constraints,hidden,14,25686,halu_eval,67,14026,10000,7013,7013,2812,7188,21.114,3585,0.28024439918533606,0.48933143669985774,0.503,0.3563843563843564,0.4965768724308176,18481.13,10,2026-09-18T18:11:20.909992+00:00
Qwen2.5-7B,belief_bank_constraints,hidden,14,25686,halu_eval,104,14026,10000,7013,7013,2812,7188,20.3679,3585,0.27557568893922235,0.259601706970128,0.5999,0.26735030214246475,0.4932290442186321,18502.679,10,2026-09-18T18:11:20.909992+00:00
Qwen2.5-7B,belief_bank_constraints,hidden,14,25686,halu_eval,123,14026,10000,7013,7013,2812,7188,18.7776,3585,0.2772539776075427,0.6692745376955903,0.4164,0.39208333333333334,0.49284453265320494,18522.635,10,2026-09-18T18:11:20.909992+00:00
Qwen2.5-7B,belief_bank_constraints,hidden,14,25686,halu_eval,420,14026,10000,7013,7013,2812,7188,20.2919,3585,0.27555555555555555,0.5953058321479374,0.4461,0.37673005513671654,0.4947453219408672,18544.107,10,2026-09-18T18:11:20.909992+00:00
Qwen2.5-7B,belief_bank_constraints,hidden,14,25686,halu_eval,511,14026,10000,7013,7013,2812,7188,19.6382,3585,0.2805755395683453,0.18029871977240397,0.6395,0.21952803637150897,0.49299725874719286,18564.925,10,2026-09-18T18:11:20.909992+00:00
Qwen2.5-7B,belief_bank_constraints,hidden,14,25686,halu_eval,mean,0,0,0,0,0,0,20.02467,3585.0,0.27768685650251296,0.393172119487909,0.5424,0.29986336722719054,0.4943029258500218,25443.341,10,2026-09-18T18:11:20.909992+00:00
Qwen2.5-7B,belief_bank_constraints,hidden,14,25686,halu_eval,std,0,0,0,0,0,0,1.082252136103228,0.0,0.007809278680224685,0.2357704858462134,0.10548276636493754,0.0763633892259716,0.0035775145974162557,25443.341,10,2026-09-18T18:11:20.909992+00:00
Qwen2.5-7B,belief_bank_constraints,hidden,15,25686,belief_bank_constraints,2,14026,7706,7013,7013,3005,4701,20.6791,3585,0.9690484030293053,0.9793677204658902,0.9797560342590189,0.974180734856008,0.9978837653050064,18587.535,10,2026-09-18T18:11:20.909992+00:00
Qwen2.5-7B,belief_bank_constraints,hidden,15,25686,belief_bank_constraints,4,14026,7706,7013,7013,3005,4701,18.7104,3585,0.9699074074074074,0.9760399334442595,0.978847651180898,0.9729640072980594,0.9975701703995432,18607.376,10,2026-09-18T18:11:20.909992+00:00
Qwen2.5-7B,belief_bank_constraints,hidden,15,25686,belief_bank_constraints,24,14026,7706,7013,7013,3005,4701,16.2205,3585,0.9611872146118722,0.9806988352745424,0.9770308850246561,0.9708450008235876,0.9981332962399404,18624.731,10,2026-09-18T18:11:20.909992+00:00
Qwen2.5-7B,belief_bank_constraints,hidden,15,25686,belief_bank_constraints,42,14026,7706,7013,7013,3005,4701,19.5574,3585,0.9671700590938936,0.9803660565723794,0.9793667272255385,0.9737233515121467,0.9974940723130031,18645.419,10,2026-09-18T18:11:20.909992+00:00
Qwen2.5-7B,belief_bank_constraints,hidden,15,25686,belief_bank_constraints,64,14026,7706,7013,7013,3005,4701,20.7446,3585,0.9684832567301379,0.9816971713810316,0.9804048793148196,0.9750454470335482,0.9979902318372449,18667.295,10,2026-09-18T18:11:20.909992+00:00
Qwen2.5-7B,belief_bank_constraints,hidden,15,25686,belief_bank_constraints,67,14026,7706,7013,7013,3005,4701,19.3562,3585,0.9724801061007957,0.9760399334442595,0.979885803270179,0.9742567679787411,0.9975392356425032,18687.781,10,2026-09-18T18:11:20.909992+00:00
Qwen2.5-7B,belief_bank_constraints,hidden,15,25686,belief_bank_constraints,104,14026,7706,7013,7013,3005,4701,18.4758,3585,0.9701986754966887,0.9750415973377704,0.9785881131585777,0.9726141078838174,0.9978331512288425,18707.386,10,2026-09-18T18:11:20.909992+00:00
Qwen2.5-7B,belief_bank_constraints,hidden,15,25686,belief_bank_constraints,123,14026,7706,7013,7013,3005,4701,16.2224,3585,0.9666446499339498,0.9740432612312812,0.9767713470023358,0.9703298524780375,0.9971254036295603,18724.758,10,2026-09-18T18:11:20.909992+00:00
Qwen2.5-7B,belief_bank_constraints,hidden,15,25686,belief_bank_constraints,420,14026,7706,7013,7013,3005,4701,19.7719,3585,0.9637919684002634,0.9743760399334442,0.9757331949130548,0.9690551050802582,0.9971083435003917,18745.668,10,2026-09-18T18:11:20.909992+00:00
Qwen2.5-7B,belief_bank_constraints,hidden,15,25686,belief_bank_constraints,511,14026,7706,7013,7013,3005,4701,16.6035,3585,0.9644502962475313,0.9750415973377704,0.9762522709576953,0.9697170279662419,0.9972842539609055,18763.42,10,2026-09-18T18:11:20.909992+00:00
Qwen2.5-7B,belief_bank_constraints,hidden,15,25686,belief_bank_constraints,mean,0,0,0,0,0,0,18.63418,3585.0,0.9673362037051845,0.9772712146422627,0.9782636906306774,0.9722731402910446,0.9975961924056943,25443.341,10,2026-09-18T18:11:20.909992+00:00
Qwen2.5-7B,belief_bank_constraints,hidden,15,25686,belief_bank_constraints,std,0,0,0,0,0,0,1.6462294529013863,0.0,0.0032360146095075475,0.0027764594853399247,0.0015906632068688295,0.0020164686931930806,0.00033968944775335155,25443.341,10,2026-09-18T18:11:20.909992+00:00
Qwen2.5-7B,belief_bank_constraints,hidden,15,25686,belief_bank_facts,2,14026,27416,7013,7013,3556,23860,20.4275,3585,0.36858475894245724,0.733127109111361,0.8024875984826378,0.49054473609935084,0.8365936890956528,18785.727,10,2026-09-18T18:11:20.909992+00:00
Qwen2.5-7B,belief_bank_constraints,hidden,15,25686,belief_bank_facts,4,14026,27416,7013,7013,3556,23860,18.9256,3585,0.3666381522668948,0.6026434195725534,0.8134301138021593,0.45590894585682373,0.8166444951663102,18806.542,10,2026-09-18T18:11:20.909992+00:00
Qwen2.5-7B,belief_bank_constraints,hidden,15,25686,belief_bank_facts,24,14026,27416,7013,7013,3556,23860,17.0852,3585,0.3308193349331505,0.5427446569178853,0.7982929676101547,0.4110756123535676,0.805525205854926,18825.506,10,2026-09-18T18:11:20.909992+00:00
Qwen2.5-7B,belief_bank_constraints,hidden,15,25686,belief_bank_facts,42,14026,27416,7013,7013,3556,23860,17.7388,3585,0.39197738592004305,0.8188976377952756,0.811752261453166,0.5301775147928994,0.870776108193936,18845.123,10,2026-09-18T18:11:20.909992+00:00
Qwen2.5-7B,belief_bank_constraints,hidden,15,25686,belief_bank_facts,64,14026,27416,7013,7013,3556,23860,19.4736,3585,0.32110199296600234,0.7702474690663667,0.7589728625620076,0.45325169617739536,0.8228745826564219,18866.469,10,2026-09-18T18:11:20.909992+00:00
Qwen2.5-7B,belief_bank_constraints,hidden,15,25686,belief_bank_facts,67,14026,27416,7013,7013,3556,23860,19.4338,3585,0.3648743016759777,0.5877390326209224,0.8138313393638751,0.45023696682464454,0.8146340741879184,18887.777,10,2026-09-18T18:11:20.909992+00:00
Qwen2.5-7B,belief_bank_constraints,hidden,15,25686,belief_bank_facts,104,14026,27416,7013,7013,3556,23860,19.8155,3585,0.38662613981762917,0.17885264341957255,0.8566895243653341,0.24456835223995385,0.8201282532998547,18909.477,10,2026-09-18T18:11:20.909992+00:00
Qwen2.5-7B,belief_bank_constraints,hidden,15,25686,belief_bank_facts,123,14026,27416,7013,7013,3556,23860,17.0247,3585,0.2873932697137117,0.8045556805399325,0.7158958272541581,0.4235067722596403,0.8179804660576272,18928.392,10,2026-09-18T18:11:20.909992+00:00
Qwen2.5-7B,belief_bank_constraints,hidden,15,25686,belief_bank_facts,420,14026,27416,7013,7013,3556,23860,17.9861,3585,0.3530266343825666,0.41001124859392574,0.826014006419609,0.3793911007025761,0.7926931637212574,18948.274,10,2026-09-18T18:11:20.909992+00:00
Qwen2.5-7B,belief_bank_constraints,hidden,15,25686,belief_bank_facts,511,14026,27416,7013,7013,3556,23860,18.1808,3585,0.2915549597855228,0.3669853768278965,0.8022322731251824,0.32495019920318724,0.7485153011049646,18968.336,10,2026-09-18T18:11:20.909992+00:00
Qwen2.5-7B,belief_bank_constraints,hidden,15,25686,belief_bank_facts,mean,0,0,0,0,0,0,18.60916,3585.0,0.3462596930403956,0.5815804274465692,0.7999598774438283,0.4163611896510039,0.8146365339338869,25443.341,10,2026-09-18T18:11:20.909992+00:00
Qwen2.5-7B,belief_bank_constraints,hidden,15,25686,belief_bank_facts,std,0,0,0,0,0,0,1.1158507348207463,0.0,0.0351492829979432,0.20106356039172377,0.036291909825590433,0.07864120390717297,0.029467867096421855,25443.341,10,2026-09-18T18:11:20.909992+00:00
Qwen2.5-7B,belief_bank_constraints,hidden,15,25686,halu_eval,2,14026,10000,7013,7013,2812,7188,21.583,3585,0.27989101959551504,0.9498577524893315,0.2987,0.4323755564548766,0.49591439145849997,18991.1,10,2026-09-18T18:11:20.909992+00:00
Qwen2.5-7B,belief_bank_constraints,hidden,15,25686,halu_eval,4,14026,10000,7013,7013,2812,7188,18.885,3585,0.27853767719472766,0.39829302987197723,0.5407,0.3278208693106981,0.49186385994992443,19011.172,10,2026-09-18T18:11:20.909992+00:00
Qwen2.5-7B,belief_bank_constraints,hidden,15,25686,halu_eval,24,14026,10000,7013,7013,2812,7188,16.5528,3585,0.2735793790275337,0.16607396870554766,0.6415,0.2066828944456738,0.4899547590380997,19028.911,10,2026-09-18T18:11:20.909992+00:00
Qwen2.5-7B,belief_bank_constraints,hidden,15,25686,halu_eval,42,14026,10000,7013,7013,2812,7188,17.7567,3585,0.2776255707762557,0.5405405405405406,0.4753,0.36683962833353445,0.49176721258205747,19047.858,10,2026-09-18T18:11:20.909992+00:00
Qwen2.5-7B,belief_bank_constraints,hidden,15,25686,halu_eval,64,14026,10000,7013,7013,2812,7188,20.6396,3585,0.27407208176438946,0.36237553342816503,0.5508,0.3120980091883614,0.4944739573067488,19069.688,10,2026-09-18T18:11:20.909992+00:00
Qwen2.5-7B,belief_bank_constraints,hidden,15,25686,halu_eval,67,14026,10000,7013,7013,2812,7188,18.3614,3585,0.28139337298215805,0.5889046941678521,0.4615,0.3808209727492239,0.4980859269558637,19089.241,10,2026-09-18T18:11:20.909992+00:00
Qwen2.5-7B,belief_bank_constraints,hidden,15,25686,halu_eval,104,14026,10000,7013,7013,2812,7188,19.5531,3585,0.2739789964994166,0.4174964438122333,0.5251,0.3308440185994082,0.49308542133206046,19109.985,10,2026-09-18T18:11:20.909992+00:00
Qwen2.5-7B,belief_bank_constraints,hidden,15,25686,halu_eval,123,14026,10000,7013,7013,2812,7188,17.1816,3585,0.2808080808080808,0.9391891891891891,0.3065,0.432348367029549,0.5003847094612406,19128.357,10,2026-09-18T18:11:20.909992+00:00
Qwen2.5-7B,belief_bank_constraints,hidden,15,25686,halu_eval,420,14026,10000,7013,7013,2812,7188,18.924,3585,0.27836809654991473,0.7546230440967283,0.3809,0.40670819357930044,0.4971853773200316,19148.473,10,2026-09-18T18:11:20.909992+00:00
Qwen2.5-7B,belief_bank_constraints,hidden,15,25686,halu_eval,511,14026,10000,7013,7013,2812,7188,16.448,3585,0.28221827511347936,0.5085348506401138,0.4981,0.3629902271861911,0.4982424378072827,19166.111,10,2026-09-18T18:11:20.909992+00:00
Qwen2.5-7B,belief_bank_constraints,hidden,15,25686,halu_eval,mean,0,0,0,0,0,0,18.588520000000003,3585.0,0.27804725503114713,0.5625889046941679,0.46791,0.3559528736876817,0.4950958053211808,25443.341,10,2026-09-18T18:11:20.909992+00:00
Qwen2.5-7B,belief_bank_constraints,hidden,15,25686,halu_eval,std,0,0,0,0,0,0,1.6047932924834898,0.0,0.0030405831243961014,0.24044479252661763,0.10432468979105568,0.06376982717616032,0.0032285402417408537,25443.341,10,2026-09-18T18:11:20.909992+00:00
Qwen2.5-7B,belief_bank_constraints,hidden,16,25686,belief_bank_constraints,2,14026,7706,7013,7013,3005,4701,18.4898,3585,0.9754966887417219,0.9803660565723794,0.982740721515702,0.9779253112033195,0.9980492697946166,19186.409,10,2026-09-18T18:11:20.909992+00:00
Qwen2.5-7B,belief_bank_constraints,hidden,16,25686,belief_bank_constraints,4,14026,7706,7013,7013,3005,4701,18.7922,3585,0.9736408566721582,0.9833610648918469,0.9831300285491824,0.9784768211920529,0.9981631691632148,19206.331,10,2026-09-18T18:11:20.909992+00:00
Qwen2.5-7B,belief_bank_constraints,hidden,16,25686,belief_bank_constraints,24,14026,7706,7013,7013,3005,4701,17.7329,3585,0.9675728791352768,0.9830282861896839,0.9805346483259798,0.9752393529217563,0.9986128911574377,19225.195,10,2026-09-18T18:11:20.909992+00:00
Qwen2.5-7B,belief_bank_constraints,hidden,16,25686,belief_bank_constraints,42,14026,7706,7013,7013,3005,4701,16.8592,3585,0.9752720079129574,0.9843594009983361,0.9841681806384636,0.9797946339847632,0.9980914599895729,19243.186,10,2026-09-18T18:11:20.909992+00:00
Qwen2.5-7B,belief_bank_constraints,hidden,16,25686,belief_bank_constraints,64,14026,7706,7013,7013,3005,4701,17.1278,3585,0.9692609548724657,0.9863560732113145,0.9824811834933818,0.9777337951509154,0.99820167833445,19261.445,10,2026-09-18T18:11:20.909992+00:00
Qwen2.5-7B,belief_bank_constraints,hidden,16,25686,belief_bank_constraints,67,14026,7706,7013,7013,3005,4701,16.4751,3585,0.9748760330578512,0.9813643926788685,0.9828704905268622,0.9781094527363184,0.9980421201139277,19279.042,10,2026-09-18T18:11:20.909992+00:00
Qwen2.5-7B,belief_bank_constraints,hidden,16,25686,belief_bank_constraints,104,14026,7706,7013,7013,3005,4701,19.4946,3585,0.9712966017815903,0.9797004991680532,0.9807941863483001,0.975480450629556,0.9981813619150668,19299.659,10,2026-09-18T18:11:20.909992+00:00
Qwen2.5-7B,belief_bank_constraints,hidden,16,25686,belief_bank_constraints,123,14026,7706,7013,7013,3005,4701,16.0112,3585,0.9701591511936339,0.9737104825291182,0.9780690371139372,0.9719315728284338,0.9972839000163167,19316.801,10,2026-09-18T18:11:20.909992+00:00
Qwen2.5-7B,belief_bank_constraints,hidden,16,25686,belief_bank_constraints,420,14026,7706,7013,7013,3005,4701,16.4624,3585,0.9688013136288999,0.9816971713810316,0.9805346483259798,0.9752066115702479,0.9977780774508627,19334.395,10,2026-09-18T18:11:20.909992+00:00
Qwen2.5-7B,belief_bank_constraints,hidden,16,25686,belief_bank_constraints,511,14026,7706,7013,7013,3005,4701,16.0981,3585,0.9678372169346898,0.9813643926788685,0.9800155722813392,0.9745538664904164,0.9974195315826526,19351.633,10,2026-09-18T18:11:20.909992+00:00
Qwen2.5-7B,belief_bank_constraints,hidden,16,25686,belief_bank_constraints,mean,0,0,0,0,0,0,17.354329999999997,3585.0,0.9714213703931247,0.98153078202995,0.9815338697119127,0.9764451868707779,0.9979823459518118,25443.341,10,2026-09-18T18:11:20.909992+00:00
Qwen2.5-7B,belief_bank_constraints,hidden,16,25686,belief_bank_constraints,std,0,0,0,0,0,0,1.1544695431669039,0.0,0.0029848675109696936,0.003206612474145845,0.0017459117167160144,0.0022323982396210253,0.0003720575656635015,25443.341,10,2026-09-18T18:11:20.909992+00:00
Qwen2.5-7B,belief_bank_constraints,hidden,16,25686,belief_bank_facts,2,14026,27416,7013,7013,3556,23860,19.6353,3585,0.3466666666666667,0.43869516310461193,0.8199591479428071,0.3872889771598808,0.7839362323527664,19373.145,10,2026-09-18T18:11:20.909992+00:00
Qwen2.5-7B,belief_bank_constraints,hidden,16,25686,belief_bank_facts,4,14026,27416,7013,7013,3556,23860,18.3123,3585,0.2486997226074896,0.8068053993250843,0.6588123723373213,0.38020143122183936,0.7759764555048807,19393.332,10,2026-09-18T18:11:20.909992+00:00
Qwen2.5-7B,belief_bank_constraints,hidden,16,25686,belief_bank_facts,24,14026,27416,7013,7013,3556,23860,17.6422,3585,0.2708036622583927,0.7485939257592801,0.7059381383133937,0.3977289705662633,0.7508428666659753,19412.838,10,2026-09-18T18:11:20.909992+00:00
Qwen2.5-7B,belief_bank_constraints,hidden,16,25686,belief_bank_facts,42,14026,27416,7013,7013,3556,23860,17.3986,3585,0.30178173719376394,0.8383014623172104,0.7274584184417858,0.443799315170463,0.8107244275993163,19432.124,10,2026-09-18T18:11:20.909992+00:00
Qwen2.5-7B,belief_bank_constraints,hidden,16,25686,belief_bank_facts,64,14026,27416,7013,7013,3556,23860,17.9542,3585,0.3419882197379493,0.8000562429696289,0.7744018091625329,0.4791578947368421,0.8448891322836531,19451.969,10,2026-09-18T18:11:20.909992+00:00
Qwen2.5-7B,belief_bank_constraints,hidden,16,25686,belief_bank_facts,67,14026,27416,7013,7013,3556,23860,14.7929,3585,0.3237794510565946,0.749718785151856,0.7644441202217683,0.4522476675148431,0.8056393713044879,19468.651,10,2026-09-18T18:11:20.909992+00:00
Qwen2.5-7B,belief_bank_constraints,hidden,16,25686,belief_bank_facts,104,14026,27416,7013,7013,3556,23860,18.2388,3585,0.36379133992499146,0.3000562429696288,0.8411511526116137,0.32886423177685314,0.8133420534294068,19488.776,10,2026-09-18T18:11:20.909992+00:00
Qwen2.5-7B,belief_bank_constraints,hidden,16,25686,belief_bank_facts,123,14026,27416,7013,7013,3556,23860,15.4185,3585,0.19969097651421508,0.9086051743532059,0.515830172162241,0.3274219700040535,0.8076903008928158,19506.072,10,2026-09-18T18:11:20.909992+00:00
Qwen2.5-7B,belief_bank_constraints,hidden,16,25686,belief_bank_facts,420,14026,27416,7013,7013,3556,23860,16.9957,3585,0.24730759127922247,0.5295275590551181,0.7299387219142107,0.3371530886302596,0.7267328715878244,19524.953,10,2026-09-18T18:11:20.909992+00:00
Qwen2.5-7B,belief_bank_constraints,hidden,16,25686,belief_bank_facts,511,14026,27416,7013,7013,3556,23860,16.7581,3585,0.26808142052836725,0.6962879640044994,0.7140355996498395,0.38711694809255787,0.7417404865464743,19543.59,10,2026-09-18T18:11:20.909992+00:00
Qwen2.5-7B,belief_bank_constraints,hidden,16,25686,belief_bank_facts,mean,0,0,0,0,0,0,17.314660000000003,3585.0,0.2912590787767653,0.6816647919010123,0.7251969652757515,0.3920980494873856,0.7861514198167601,25443.341,10,2026-09-18T18:11:20.909992+00:00
Qwen2.5-7B,belief_bank_constraints,hidden,16,25686,belief_bank_facts,std,0,0,0,0,0,0,1.3462622650880478,0.0,0.05015581093818068,0.18516032131398277,0.0866897605378526,0.05029120112527057,0.035348283596521694,25443.341,10,2026-09-18T18:11:20.909992+00:00
Qwen2.5-7B,belief_bank_constraints,hidden,16,25686,halu_eval,2,14026,10000,7013,7013,2812,7188,17.8959,3585,0.28310727496917387,0.40825035561877665,0.5429,0.3343527013251784,0.4987932808038686,19562.682,10,2026-09-18T18:11:20.909992+00:00
Qwen2.5-7B,belief_bank_constraints,hidden,16,25686,halu_eval,4,14026,10000,7013,7013,2812,7188,19.6705,3585,0.2755767301905717,0.39082503556187764,0.5398,0.32323529411764707,0.4944063016755442,19583.543,10,2026-09-18T18:11:20.909992+00:00
Qwen2.5-7B,belief_bank_constraints,hidden,16,25686,halu_eval,24,14026,10000,7013,7013,2812,7188,19.0819,3585,0.28325652841781873,0.3278805120910384,0.5777,0.30393934399208833,0.4976341802878355,19603.815,10,2026-09-18T18:11:20.909992+00:00
Qwen2.5-7B,belief_bank_constraints,hidden,16,25686,halu_eval,42,14026,10000,7013,7013,2812,7188,17.7761,3585,0.28672,0.3186344238975818,0.5855,0.30183594407950143,0.4973528219151407,19622.781,10,2026-09-18T18:11:20.909992+00:00
Qwen2.5-7B,belief_bank_constraints,hidden,16,25686,halu_eval,64,14026,10000,7013,7013,2812,7188,17.9253,3585,0.28543752018082014,0.31436699857752487,0.5859,0.2992046031477407,0.5020965824580401,19641.9,10,2026-09-18T18:11:20.909992+00:00
Qwen2.5-7B,belief_bank_constraints,hidden,16,25686,halu_eval,67,14026,10000,7013,7013,2812,7188,14.7543,3585,0.2856673241288626,0.30903271692745377,0.5884,0.2968910146908097,0.49651161628635054,19657.848,10,2026-09-18T18:11:20.909992+00:00
Qwen2.5-7B,belief_bank_constraints,hidden,16,25686,halu_eval,104,14026,10000,7013,7013,2812,7188,19.3186,3585,0.27084361124815,0.19523470839260312,0.6259,0.226906385616863,0.49165329880447184,19678.358,10,2026-09-18T18:11:20.909992+00:00
Qwen2.5-7B,belief_bank_constraints,hidden,16,25686,halu_eval,123,14026,10000,7013,7013,2812,7188,14.4612,3585,0.2792263434936957,0.8111664295874822,0.3581,0.41544485930243147,0.49806863580916827,19694.009,10,2026-09-18T18:11:20.909992+00:00
Qwen2.5-7B,belief_bank_constraints,hidden,16,25686,halu_eval,420,14026,10000,7013,7013,2812,7188,16.7302,3585,0.28113010115102893,0.5732574679943101,0.4678,0.37725251579686403,0.5010303692894195,19711.928,10,2026-09-18T18:11:20.909992+00:00
Qwen2.5-7B,belief_bank_constraints,hidden,16,25686,halu_eval,511,14026,10000,7013,7013,2812,7188,16.914,3585,0.2793012772351615,0.5288051209103841,0.4838,0.36553588987217306,0.49687460668207084,19730.046,10,2026-09-18T18:11:20.909992+00:00
Qwen2.5-7B,belief_bank_constraints,hidden,16,25686,halu_eval,mean,0,0,0,0,0,0,17.452800000000003,3585.0,0.28102667110152835,0.41774537695590325,0.5355800000000001,0.32445985519412973,0.49744216940119096,25443.341,10,2026-09-18T18:11:20.909992+00:00
Qwen2.5-7B,belief_bank_constraints,hidden,16,25686,halu_eval,std,0,0,0,0,0,0,1.6917894520300096,0.0,0.00471520779337251,0.16793703170994656,0.07522745243592928,0.0496985165258282,0.002841075937934974,25443.341,10,2026-09-18T18:11:20.909992+00:00
Qwen2.5-7B,belief_bank_constraints,hidden,17,25686,belief_bank_constraints,2,14026,7706,7013,7013,3005,4701,17.7627,3585,0.9737715803452855,0.9760399334442595,0.9804048793148196,0.9749044374272894,0.9981372604193323,19749.699,10,2026-09-18T18:11:20.909992+00:00
Qwen2.5-7B,belief_bank_constraints,hidden,17,25686,belief_bank_constraints,4,14026,7706,7013,7013,3005,4701,15.3944,3585,0.9771295989393437,0.9810316139767055,0.983649104593823,0.979076718698107,0.9981563734271146,19766.21,10,2026-09-18T18:11:20.909992+00:00
Qwen2.5-7B,belief_bank_constraints,hidden,17,25686,belief_bank_constraints,24,14026,7706,7013,7013,3005,4701,16.7868,3585,0.965742251223491,0.9850249584026622,0.9805346483259798,0.9752883031301482,0.998491275796809,19784.114,10,2026-09-18T18:11:20.909992+00:00
Qwen2.5-7B,belief_bank_constraints,hidden,17,25686,belief_bank_constraints,42,14026,7706,7013,7013,3005,4701,17.5715,3585,0.9770916334661355,0.9793677204658902,0.9830002595380223,0.9782283529998338,0.99826602546065,19802.802,10,2026-09-18T18:11:20.909992+00:00
Qwen2.5-7B,belief_bank_constraints,hidden,17,25686,belief_bank_constraints,64,14026,7706,7013,7013,3005,4701,16.7827,3585,0.9692910813459654,0.9873544093178036,0.9828704905268622,0.9782393669634025,0.9984973636437321,19820.702,10,2026-09-18T18:11:20.909992+00:00
Qwen2.5-7B,belief_bank_constraints,hidden,17,25686,belief_bank_constraints,67,14026,7706,7013,7013,3005,4701,17.036,3585,0.974155069582505,0.978369384359401,0.9814430314041007,0.9762576788975593,0.9983169934814025,19838.856,10,2026-09-18T18:11:20.909992+00:00
Qwen2.5-7B,belief_bank_constraints,hidden,17,25686,belief_bank_constraints,104,14026,7706,7013,7013,3005,4701,15.7401,3585,0.9728296885354539,0.9770382695507488,0.9804048793148196,0.9749294371575626,0.998326691563129,19855.715,10,2026-09-18T18:11:20.909992+00:00
Qwen2.5-7B,belief_bank_constraints,hidden,17,25686,belief_bank_constraints,123,14026,7706,7013,7013,3005,4701,18.8108,3585,0.9692866578599736,0.9767054908485857,0.978847651180898,0.9729819327034642,0.9975388816979147,19875.643,10,2026-09-18T18:11:20.909992+00:00
Qwen2.5-7B,belief_bank_constraints,hidden,17,25686,belief_bank_constraints,420,14026,7706,7013,7013,3005,4701,19.3721,3585,0.9697467938178231,0.9813643926788685,0.9807941863483001,0.9755210056235528,0.9981963691656216,19896.134,10,2026-09-18T18:11:20.909992+00:00
Qwen2.5-7B,belief_bank_constraints,hidden,17,25686,belief_bank_constraints,511,14026,7706,7013,7013,3005,4701,15.1519,3585,0.971947194719472,0.9800332778702163,0.9811834933817805,0.975973487986744,0.9976671512168084,19912.409,10,2026-09-18T18:11:20.909992+00:00
Qwen2.5-7B,belief_bank_constraints,hidden,17,25686,belief_bank_constraints,mean,0,0,0,0,0,0,17.0409,3585.0,0.9720991549835449,0.980232945091514,0.9813132623929406,0.9761400721587664,0.9981594385872514,25443.341,10,2026-09-18T18:11:20.909992+00:00
Qwen2.5-7B,belief_bank_constraints,hidden,17,25686,belief_bank_constraints,std,0,0,0,0,0,0,1.3218242318856166,0.0,0.003457600562607602,0.0034653753203180726,0.0013916176089752944,0.0017750622255116274,0.0003029471874097527,25443.341,10,2026-09-18T18:11:20.909992+00:00
Qwen2.5-7B,belief_bank_constraints,hidden,17,25686,belief_bank_facts,2,14026,27416,7013,7013,3556,23860,17.789,3585,0.420462270564242,0.34786276715410575,0.8532243945141523,0.3807325330871037,0.7975696601944037,19932.06,10,2026-09-18T18:11:20.909992+00:00
Qwen2.5-7B,belief_bank_constraints,hidden,17,25686,belief_bank_facts,4,14026,27416,7013,7013,3556,23860,15.7065,3585,0.2197237837462697,0.890326209223847,0.5756857309600233,0.3524631227386585,0.8124574406195872,19949.629,10,2026-09-18T18:11:20.909992+00:00
Qwen2.5-7B,belief_bank_constraints,hidden,17,25686,belief_bank_facts,24,14026,27416,7013,7013,3556,23860,17.6892,3585,0.2959292412617221,0.780933633295838,0.730595272833382,0.4292117465224111,0.8046277580505705,19969.161,10,2026-09-18T18:11:20.909992+00:00
Qwen2.5-7B,belief_bank_constraints,hidden,17,25686,belief_bank_facts,42,14026,27416,7013,7013,3556,23860,17.0744,3585,0.43035667794845095,0.46484814398200225,0.8507805660927925,0.44693794781668245,0.8213874617307372,19988.105,10,2026-09-18T18:11:20.909992+00:00
Qwen2.5-7B,belief_bank_constraints,hidden,17,25686,belief_bank_facts,64,14026,27416,7013,7013,3556,23860,16.4658,3585,0.49324324324324326,0.6979752530933633,0.867814414940181,0.5780158360503027,0.8752986935413458,20006.433,10,2026-09-18T18:11:20.909992+00:00
Qwen2.5-7B,belief_bank_constraints,hidden,17,25686,belief_bank_facts,67,14026,27416,7013,7013,3556,23860,17.4698,3585,0.4553638409602401,0.5120922384701913,0.8572731251823753,0.48206485771012575,0.8316114954406894,20025.763,10,2026-09-18T18:11:20.909992+00:00
Qwen2.5-7B,belief_bank_constraints,hidden,17,25686,belief_bank_facts,104,14026,27416,7013,7013,3556,23860,16.1095,3585,0.6079873883342092,0.3253655793025872,0.8852859644003501,0.42388715882029676,0.8506079002278949,20043.733,10,2026-09-18T18:11:20.909992+00:00
Qwen2.5-7B,belief_bank_constraints,hidden,17,25686,belief_bank_facts,123,14026,27416,7013,7013,3556,23860,17.008,3585,0.32364532019704434,0.7390326209223848,0.765830172162241,0.4501541623843782,0.8188001554814031,20062.607,10,2026-09-18T18:11:20.909992+00:00
Qwen2.5-7B,belief_bank_constraints,hidden,17,25686,belief_bank_facts,420,14026,27416,7013,7013,3556,23860,17.9052,3585,0.38340597758405975,0.6926321709786277,0.8156550919171287,0.4935871743486974,0.8337538434267383,20082.375,10,2026-09-18T18:11:20.909992+00:00
Qwen2.5-7B,belief_bank_constraints,hidden,17,25686,belief_bank_facts,511,14026,27416,7013,7013,3556,23860,14.8113,3585,0.29495305164319247,0.7066929133858267,0.7428508899912459,0.41619741636303415,0.7850766257424023,20099.037,10,2026-09-18T18:11:20.909992+00:00
Qwen2.5-7B,belief_bank_constraints,hidden,17,25686,belief_bank_facts,mean,0,0,0,0,0,0,16.80287,3585.0,0.39250707954826736,0.6157761529808774,0.7944995622993872,0.445325195584169,0.8231191034455773,25443.341,10,2026-09-18T18:11:20.909992+00:00
Qwen2.5-7B,belief_bank_constraints,hidden,17,25686,belief_bank_facts,std,0,0,0,0,0,0,0.9641848132489955,0.0,0.10782740926321922,0.18122411045406353,0.089484212373386,0.0597285393507709,0.02498163115348433,25443.341,10,2026-09-18T18:11:20.909992+00:00
Qwen2.5-7B,belief_bank_constraints,hidden,17,25686,halu_eval,2,14026,10000,7013,7013,2812,7188,17.8615,3585,0.28168316831683166,0.8093883357041252,0.366,0.41792141020932794,0.5024544028256356,20118.064,10,2026-09-18T18:11:20.909992+00:00
Qwen2.5-7B,belief_bank_constraints,hidden,17,25686,halu_eval,4,14026,10000,7013,7013,2812,7188,16.1421,3585,0.2829970440817376,0.783072546230441,0.3811,0.41574624752194844,0.5004059337872272,20135.373,10,2026-09-18T18:11:20.909992+00:00
Qwen2.5-7B,belief_bank_constraints,hidden,17,25686,halu_eval,24,14026,10000,7013,7013,2812,7188,16.1111,3585,0.2803250145095763,0.6870554765291608,0.416,0.39818631492168177,0.49783657823098565,20152.661,10,2026-09-18T18:11:20.909992+00:00
Qwen2.5-7B,belief_bank_constraints,hidden,17,25686,halu_eval,42,14026,10000,7013,7013,2812,7188,18.5294,3585,0.28333055231102955,0.6038406827880513,0.4591,0.3856899488926746,0.5027048152405107,20172.366,10,2026-09-18T18:11:20.909992+00:00
Qwen2.5-7B,belief_bank_constraints,hidden,17,25686,halu_eval,64,14026,10000,7013,7013,2812,7188,17.493,3585,0.2822407307898979,0.7471550497866287,0.3946,0.40971138845553823,0.4969453049614064,20191.026,10,2026-09-18T18:11:20.909992+00:00
Qwen2.5-7B,belief_bank_constraints,hidden,17,25686,halu_eval,67,14026,10000,7013,7013,2812,7188,17.9664,3585,0.2813274431634522,0.9285206258890469,0.3129,0.4318200611924254,0.5027266579909142,20210.159,10,2026-09-18T18:11:20.909992+00:00
Qwen2.5-7B,belief_bank_constraints,hidden,17,25686,halu_eval,104,14026,10000,7013,7013,2812,7188,16.1107,3585,0.2830006882312457,0.7311522048364154,0.4035,0.4080579537560782,0.4987311662554393,20227.438,10,2026-09-18T18:11:20.909992+00:00
Qwen2.5-7B,belief_bank_constraints,hidden,17,25686,halu_eval,123,14026,10000,7013,7013,2812,7188,16.9666,3585,0.2806275157394984,0.966927453769559,0.2937,0.4350051995840333,0.49954956439173553,20245.579,10,2026-09-18T18:11:20.909992+00:00
Qwen2.5-7B,belief_bank_constraints,hidden,17,25686,halu_eval,420,14026,10000,7013,7013,2812,7188,18.941,3585,0.281890730509515,0.8165007112375533,0.3635,0.41909281737701926,0.5003016674305445,20265.686,10,2026-09-18T18:11:20.909992+00:00
Qwen2.5-7B,belief_bank_constraints,hidden,17,25686,halu_eval,511,14026,10000,7013,7013,2812,7188,13.9223,3585,0.282939386847648,0.8598862019914651,0.3478,0.4257791864764923,0.502642873850918,20280.783,10,2026-09-18T18:11:20.909992+00:00
Qwen2.5-7B,belief_bank_constraints,hidden,17,25686,halu_eval,mean,0,0,0,0,0,0,17.00441,3585.0,0.28203622745004325,0.7933499288762447,0.37382,0.41470105283872194,0.5004298964965318,25443.341,10,2026-09-18T18:11:20.909992+00:00
Qwen2.5-7B,belief_bank_constraints,hidden,17,25686,halu_eval,std,0,0,0,0,0,0,1.4076879643230593,0.0,0.000997349599924324,0.10341225875744406,0.04625223886472956,0.014290566234272292,0.0020491858638496683,25443.341,10,2026-09-18T18:11:20.909992+00:00
Qwen2.5-7B,belief_bank_constraints,hidden,18,25686,belief_bank_constraints,2,14026,7706,7013,7013,3005,4701,15.0835,3585,0.9748926329699372,0.9820299500831947,0.9831300285491824,0.978448275862069,0.9985128664167109,20297.829,10,2026-09-18T18:11:20.909992+00:00
Qwen2.5-7B,belief_bank_constraints,hidden,18,25686,belief_bank_constraints,4,14026,7706,7013,7013,3005,4701,14.4364,3585,0.9758996368438428,0.98369384359401,0.9841681806384636,0.9797812396420285,0.9982728211967504,20313.382,10,2026-09-18T18:11:20.909992+00:00
Qwen2.5-7B,belief_bank_constraints,hidden,18,25686,belief_bank_constraints,24,14026,7706,7013,7013,3005,4701,14.396,3585,0.969210612512283,0.9846921797004992,0.9818323384375811,0.9768900627269727,0.9985731077856838,20328.897,10,2026-09-18T18:11:20.909992+00:00
Qwen2.5-7B,belief_bank_constraints,hidden,18,25686,belief_bank_constraints,42,14026,7706,7013,7013,3005,4701,12.144,3585,0.9741636303411726,0.9787021630615641,0.9815728004152608,0.9764276228419655,0.9982584510464549,20342.166,10,2026-09-18T18:11:20.909992+00:00
Qwen2.5-7B,belief_bank_constraints,hidden,18,25686,belief_bank_constraints,64,14026,7706,7013,7013,3005,4701,16.1594,3585,0.9702614379084967,0.9880199667221298,0.9835193355826629,0.9790601813685078,0.9987196408453471,20359.444,10,2026-09-18T18:11:20.909992+00:00
Qwen2.5-7B,belief_bank_constraints,hidden,18,25686,belief_bank_constraints,67,14026,7706,7013,7013,3005,4701,13.212,3585,0.979720744680851,0.9806988352745424,0.984557487671944,0.980209545983702,0.9986750438271886,20373.777,10,2026-09-18T18:11:20.909992+00:00
Qwen2.5-7B,belief_bank_constraints,hidden,18,25686,belief_bank_constraints,104,14026,7706,7013,7013,3005,4701,15.1927,3585,0.9729104724149322,0.9800332778702163,0.9815728004152608,0.9764588859416445,0.9985331828360943,20390.087,10,2026-09-18T18:11:20.909992+00:00
Qwen2.5-7B,belief_bank_constraints,hidden,18,25686,belief_bank_constraints,123,14026,7706,7013,7013,3005,4701,15.0814,3585,0.9728746278531261,0.9787021630615641,0.9810537243706203,0.9757796947577969,0.9980057346102238,20406.286,10,2026-09-18T18:11:20.909992+00:00
Qwen2.5-7B,belief_bank_constraints,hidden,18,25686,belief_bank_constraints,420,14026,7706,7013,7013,3005,4701,13.8545,3585,0.9704530531845043,0.98369384359401,0.9819621074487412,0.9770285903156503,0.998321807127807,20421.267,10,2026-09-18T18:11:20.909992+00:00
Qwen2.5-7B,belief_bank_constraints,hidden,18,25686,belief_bank_constraints,511,14026,7706,7013,7013,3005,4701,14.1878,3585,0.968514266972778,0.9826955074875208,0.9807941863483001,0.9755533531549389,0.9978912689302838,20436.576,10,2026-09-18T18:11:20.909992+00:00
Qwen2.5-7B,belief_bank_constraints,hidden,18,25686,belief_bank_constraints,mean,0,0,0,0,0,0,14.374770000000002,3585.0,0.9728901115681925,0.9822961730449251,0.9824162989878017,0.9775637452595276,0.9983763924622545,25443.341,10,2026-09-18T18:11:20.909992+00:00
Qwen2.5-7B,belief_bank_constraints,hidden,18,25686,belief_bank_constraints,std,0,0,0,0,0,0,1.0720911519549077,0.0,0.0032693010788845465,0.002759455899051955,0.0012584918148386647,0.0015942238882635416,0.0002625387967896942,25443.341,10,2026-09-18T18:11:20.909992+00:00
Qwen2.5-7B,belief_bank_constraints,hidden,18,25686,belief_bank_facts,2,14026,27416,7013,7013,3556,23860,15.9467,3585,0.17075220619134332,0.34280089988751405,0.6988255033557047,0.22795698924731184,0.6218698701272987,20454.371,10,2026-09-18T18:11:20.909992+00:00
Qwen2.5-7B,belief_bank_constraints,hidden,18,25686,belief_bank_facts,4,14026,27416,7013,7013,3556,23860,14.8119,3585,0.14933968391426716,0.9699100112485939,0.27950831631164286,0.2588270608982777,0.6615428971682394,20471.025,10,2026-09-18T18:11:20.909992+00:00
Qwen2.5-7B,belief_bank_constraints,hidden,18,25686,belief_bank_facts,24,14026,27416,7013,7013,3556,23860,14.3635,3585,0.19042168674698795,0.8889201349831272,0.495404143565801,0.31365350267910297,0.6914752123136746,20487.24,10,2026-09-18T18:11:20.909992+00:00
Qwen2.5-7B,belief_bank_constraints,hidden,18,25686,belief_bank_facts,42,14026,27416,7013,7013,3556,23860,12.2925,3585,0.19204619539908727,0.5798650168728909,0.629085205719288,0.28853284824739384,0.6563097669947586,20501.392,10,2026-09-18T18:11:20.909992+00:00
Qwen2.5-7B,belief_bank_constraints,hidden,18,25686,belief_bank_facts,64,14026,27416,7013,7013,3556,23860,17.0258,3585,0.21987926899859422,0.7477502812148481,0.6231762474467464,0.33983002108760946,0.7295297335789858,20520.266,10,2026-09-18T18:11:20.909992+00:00
Qwen2.5-7B,belief_bank_constraints,hidden,18,25686,belief_bank_facts,67,14026,27416,7013,7013,3556,23860,12.5305,3585,0.2112279843444227,0.4856580427446569,0.6980595272833382,0.2944084555063075,0.6743471949702851,20534.653,10,2026-09-18T18:11:20.909992+00:00
Qwen2.5-7B,belief_bank_constraints,hidden,18,25686,belief_bank_facts,104,14026,27416,7013,7013,3556,23860,14.8435,3585,0.19043602387749806,0.8253655793025871,0.5222497811496936,0.30946857865879374,0.6952391068729569,20551.351,10,2026-09-18T18:11:20.909992+00:00
Qwen2.5-7B,belief_bank_constraints,hidden,18,25686,belief_bank_facts,123,14026,27416,7013,7013,3556,23860,15.4645,3585,0.15063911669033767,0.9246344206974129,0.31401371461920047,0.2590710317929323,0.6051828450456684,20568.666,10,2026-09-18T18:11:20.909992+00:00
Qwen2.5-7B,belief_bank_constraints,hidden,18,25686,belief_bank_facts,420,14026,27416,7013,7013,3556,23860,14.2965,3585,0.1848593656493118,0.8686726659167604,0.48613948059527284,0.3048455541300701,0.6898663710885679,20584.811,10,2026-09-18T18:11:20.909992+00:00
Qwen2.5-7B,belief_bank_constraints,hidden,18,25686,belief_bank_facts,511,14026,27416,7013,7013,3556,23860,12.7255,3585,0.19472782783528186,0.7353768278965129,0.5712357747300846,0.3079187518398587,0.6669839271453181,20599.385,10,2026-09-18T18:11:20.909992+00:00
Qwen2.5-7B,belief_bank_constraints,hidden,18,25686,belief_bank_facts,mean,0,0,0,0,0,0,14.430090000000002,3585.0,0.1854329359647132,0.7368953880764904,0.5317697694776772,0.2904512794087658,0.6692346925305753,25443.341,10,2026-09-18T18:11:20.909992+00:00
Qwen2.5-7B,belief_bank_constraints,hidden,18,25686,belief_bank_facts,std,0,0,0,0,0,0,1.4673155014856212,0.0,0.021820102271794126,0.19520626267228255,0.13765596901659083,0.03124140804048856,0.03440278336153079,25443.341,10,2026-09-18T18:11:20.909992+00:00
Qwen2.5-7B,belief_bank_constraints,hidden,18,25686,halu_eval,2,14026,10000,7013,7013,2812,7188,14.5202,3585,0.2806151083174318,0.8890469416785206,0.3279,0.4265847623922873,0.4984088681863482,20615.073,10,2026-09-18T18:11:20.909992+00:00
Qwen2.5-7B,belief_bank_constraints,hidden,18,25686,halu_eval,4,14026,10000,7013,7013,2812,7188,14.4296,3585,0.27793352022426915,0.7403982930298719,0.3861,0.40415412986508786,0.4983394809667765,20630.674,10,2026-09-18T18:11:20.909992+00:00
Qwen2.5-7B,belief_bank_constraints,hidden,18,25686,halu_eval,24,14026,10000,7013,7013,2812,7188,14.8602,3585,0.2791010138023696,0.8125889046941679,0.3571,0.4154923174834076,0.4987176103922216,20646.704,10,2026-09-18T18:11:20.909992+00:00
Qwen2.5-7B,belief_bank_constraints,hidden,18,25686,halu_eval,42,14026,10000,7013,7013,2812,7188,12.9189,3585,0.278968253968254,0.75,0.3846,0.40667180871577324,0.49895003902505436,20660.799,10,2026-09-18T18:11:20.909992+00:00
Qwen2.5-7B,belief_bank_constraints,hidden,18,25686,halu_eval,64,14026,10000,7013,7013,2812,7188,16.1406,3585,0.2811468881556491,0.8787339971550497,0.3341,0.42599775881389534,0.49845943056667064,20678.112,10,2026-09-18T18:11:20.909992+00:00
Qwen2.5-7B,belief_bank_constraints,hidden,18,25686,halu_eval,67,14026,10000,7013,7013,2812,7188,13.775,3585,0.2811024821075072,0.6564722617354196,0.4313,0.3936453779720652,0.5025318790365798,20693.053,10,2026-09-18T18:11:20.909992+00:00
Qwen2.5-7B,belief_bank_constraints,hidden,18,25686,halu_eval,104,14026,10000,7013,7013,2812,7188,16.1196,3585,0.2792432235764963,0.5458748221906117,0.4761,0.36947887832470816,0.4952042670691076,20710.343,10,2026-09-18T18:11:20.909992+00:00
Qwen2.5-7B,belief_bank_constraints,hidden,18,25686,halu_eval,123,14026,10000,7013,7013,2812,7188,15.1123,3585,0.2821637426900585,0.9608819345661451,0.3016,0.43622860833064253,0.5042721500826017,20726.631,10,2026-09-18T18:11:20.909992+00:00
Qwen2.5-7B,belief_bank_constraints,hidden,18,25686,halu_eval,420,14026,10000,7013,7013,2812,7188,13.9566,3585,0.2816265060240964,0.7980085348506402,0.3708,0.4163265306122449,0.5001984152899055,20741.769,10,2026-09-18T18:11:20.909992+00:00
Qwen2.5-7B,belief_bank_constraints,hidden,18,25686,halu_eval,511,14026,10000,7013,7013,2812,7188,12.4256,3585,0.2791432584269663,0.5654338549075392,0.4672,0.37376586741889983,0.49874788845167106,20755.372,10,2026-09-18T18:11:20.909992+00:00
Qwen2.5-7B,belief_bank_constraints,hidden,18,25686,halu_eval,mean,0,0,0,0,0,0,14.42586,3585.0,0.2801043997293099,0.7597439544807967,0.38368,0.4068346039929012,0.49938300290669374,25443.341,10,2026-09-18T18:11:20.909992+00:00
Qwen2.5-7B,belief_bank_constraints,hidden,18,25686,halu_eval,std,0,0,0,0,0,0,1.157309197405775,0.0,0.0013257910891506571,0.13046908024192644,0.0556511599160341,0.021110457432303335,0.0023636909526395977,25443.341,10,2026-09-18T18:11:20.909992+00:00
Qwen2.5-7B,belief_bank_constraints,hidden,19,25686,belief_bank_constraints,2,14026,7706,7013,7013,3005,4701,14.0642,3585,0.9720578566732413,0.984026622296173,0.982740721515702,0.9780056226227881,0.998607157255103,20771.262,10,2026-09-18T18:11:20.909992+00:00
Qwen2.5-7B,belief_bank_constraints,hidden,19,25686,belief_bank_constraints,4,14026,7706,7013,7013,3005,4701,14.474,3585,0.9797812396420285,0.98369384359401,0.9857254087723851,0.9817336433078712,0.9987258702701056,20786.851,10,2026-09-18T18:11:20.909992+00:00
Qwen2.5-7B,belief_bank_constraints,hidden,19,25686,belief_bank_constraints,24,14026,7706,7013,7013,3005,4701,12.2947,3585,0.9701834862385321,0.9853577371048253,0.9824811834933818,0.9777117384843982,0.9986597534209629,20800.265,10,2026-09-18T18:11:20.909992+00:00
Qwen2.5-7B,belief_bank_constraints,hidden,19,25686,belief_bank_constraints,42,14026,7706,7013,7013,3005,4701,13.5595,3585,0.9751902084022495,0.9810316139767055,0.9828704905268622,0.9781021897810219,0.9981281286489474,20814.939,10,2026-09-18T18:11:20.909992+00:00
Qwen2.5-7B,belief_bank_constraints,hidden,19,25686,belief_bank_constraints,64,14026,7706,7013,7013,3005,4701,13.1667,3585,0.9705689993459777,0.9876871880199667,0.9835193355826629,0.9790532739567871,0.9985645423266405,20829.222,10,2026-09-18T18:11:20.909992+00:00
Qwen2.5-7B,belief_bank_constraints,hidden,19,25686,belief_bank_constraints,67,14026,7706,7013,7013,3005,4701,13.5296,3585,0.9730882835575977,0.9866888519134775,0.9841681806384636,0.979841374752148,0.9989092135669793,20843.877,10,2026-09-18T18:11:20.909992+00:00
Qwen2.5-7B,belief_bank_constraints,hidden,19,25686,belief_bank_constraints,104,14026,7706,7013,7013,3005,4701,13.7152,3585,0.9755694948827996,0.9833610648918469,0.9839086426161433,0.979449784554193,0.9987208442569483,20858.705,10,2026-09-18T18:11:20.909992+00:00
Qwen2.5-7B,belief_bank_constraints,hidden,19,25686,belief_bank_constraints,123,14026,7706,7013,7013,3005,4701,12.4561,3585,0.9745117510758027,0.9797004991680532,0.9820918764599014,0.9770992366412213,0.9983284612860719,20872.273,10,2026-09-18T18:11:20.909992+00:00
Qwen2.5-7B,belief_bank_constraints,hidden,19,25686,belief_bank_constraints,420,14026,7706,7013,7013,3005,4701,11.9601,3585,0.970134558582212,0.98369384359401,0.9818323384375811,0.976867151354924,0.9981753448570613,20885.348,10,2026-09-18T18:11:20.909992+00:00
Qwen2.5-7B,belief_bank_constraints,hidden,19,25686,belief_bank_constraints,511,14026,7706,7013,7013,3005,4701,14.0951,3585,0.9723411261112941,0.9826955074875208,0.9823514144822216,0.9774908970539556,0.9980819742745994,20900.563,10,2026-09-18T18:11:20.909992+00:00
Qwen2.5-7B,belief_bank_constraints,hidden,19,25686,belief_bank_constraints,mean,0,0,0,0,0,0,13.331519999999998,3585.0,0.9733427004511735,0.9837936772046587,0.9831689592525306,0.9785354912509309,0.9984901290163419,25443.341,10,2026-09-18T18:11:20.909992+00:00
Qwen2.5-7B,belief_bank_constraints,hidden,19,25686,belief_bank_constraints,std,0,0,0,0,0,0,0.8008039832568266,0.0,0.0028614383534608483,0.002276799798082841,0.0011209068296564777,0.0014185196991616394,0.0002748273623135977,25443.341,10,2026-09-18T18:11:20.909992+00:00
Qwen2.5-7B,belief_bank_constraints,hidden,19,25686,belief_bank_facts,2,14026,27416,7013,7013,3556,23860,12.866,3585,0.12771969482904774,0.2542182227221597,0.6780711992996791,0.17002068835809667,0.579213879567443,20915.287,10,2026-09-18T18:11:20.909992+00:00
Qwen2.5-7B,belief_bank_constraints,hidden,19,25686,belief_bank_facts,4,14026,27416,7013,7013,3556,23860,15.6359,3585,0.18429395984066335,0.6375140607424072,0.5869929967901955,0.28593050387841334,0.6438662633641876,20932.771,10,2026-09-18T18:11:20.909992+00:00
Qwen2.5-7B,belief_bank_constraints,hidden,19,25686,belief_bank_facts,24,14026,27416,7013,7013,3556,23860,13.4199,3585,0.24665391969407266,0.7618110236220472,0.667311059235483,0.3726528647087145,0.746313822570167,20948.043,10,2026-09-18T18:11:20.909992+00:00
Qwen2.5-7B,belief_bank_constraints,hidden,19,25686,belief_bank_facts,42,14026,27416,7013,7013,3556,23860,13.9963,3585,0.21740125930166,0.5340269966254219,0.6902173913043478,0.3090065901879424,0.6868608137362965,20963.892,10,2026-09-18T18:11:20.909992+00:00
Qwen2.5-7B,belief_bank_constraints,hidden,19,25686,belief_bank_facts,64,14026,27416,7013,7013,3556,23860,13.0966,3585,0.2802334062727936,0.5402137232845894,0.7603953895535454,0.36903275381807704,0.7434567339287954,20978.848,10,2026-09-18T18:11:20.909992+00:00
Qwen2.5-7B,belief_bank_constraints,hidden,19,25686,belief_bank_facts,67,14026,27416,7013,7013,3556,23860,13.543,3585,0.2180464778503994,0.33773903262092236,0.7570032098044938,0.2650044130626655,0.6824617165938918,20994.257,10,2026-09-18T18:11:20.909992+00:00
Qwen2.5-7B,belief_bank_constraints,hidden,19,25686,belief_bank_facts,104,14026,27416,7013,7013,3556,23860,14.491,3585,0.29155251141552513,0.359111361079865,0.8036912751677853,0.32182459677419356,0.7340160591828788,21010.606,10,2026-09-18T18:11:20.909992+00:00
Qwen2.5-7B,belief_bank_constraints,hidden,19,25686,belief_bank_facts,123,14026,27416,7013,7013,3556,23860,11.5047,3585,0.16109730743877085,0.8934195725534309,0.38273271082579513,0.2729733213042918,0.6778544957131825,21023.978,10,2026-09-18T18:11:20.909992+00:00
Qwen2.5-7B,belief_bank_constraints,hidden,19,25686,belief_bank_facts,420,14026,27416,7013,7013,3556,23860,11.812,3585,0.22497655098485864,0.4721597300337458,0.7205646337904873,0.30474634721844085,0.6853274797586597,21037.661,10,2026-09-18T18:11:20.909992+00:00
Qwen2.5-7B,belief_bank_constraints,hidden,19,25686,belief_bank_facts,511,14026,27416,7013,7013,3556,23860,13.5741,3585,0.23425734381464625,0.796119235095613,0.6360154654216515,0.3619973147496963,0.7580857577997638,21053.098,10,2026-09-18T18:11:20.909992+00:00
Qwen2.5-7B,belief_bank_constraints,hidden,19,25686,belief_bank_facts,mean,0,0,0,0,0,0,13.393949999999998,3585.0,0.21862324314424378,0.5586332958380203,0.6682995331193464,0.3033189394060532,0.6937457022215265,25443.341,10,2026-09-18T18:11:20.909992+00:00
Qwen2.5-7B,belief_bank_constraints,hidden,19,25686,belief_bank_facts,std,0,0,0,0,0,0,1.1439845691704063,0.0,0.047893645500607554,0.201414753548568,0.1127789131498675,0.05779717765078847,0.05205723975395639,25443.341,10,2026-09-18T18:11:20.909992+00:00
Qwen2.5-7B,belief_bank_constraints,hidden,19,25686,halu_eval,2,14026,10000,7013,7013,2812,7188,12.8749,3585,0.28179291174426685,0.8652204836415363,0.342,0.4251266818102394,0.5012220808586463,21067.148,10,2026-09-18T18:11:20.909992+00:00
Qwen2.5-7B,belief_bank_constraints,hidden,19,25686,halu_eval,4,14026,10000,7013,7013,2812,7188,13.7915,3585,0.28208180047608744,0.9270981507823614,0.316,0.43255350920856145,0.4943883426304786,21082.119,10,2026-09-18T18:11:20.909992+00:00
Qwen2.5-7B,belief_bank_constraints,hidden,19,25686,halu_eval,24,14026,10000,7013,7013,2812,7188,12.2154,3585,0.28151649029076337,0.9743954480796586,0.2935,0.4368274212833798,0.4987528853209594,21095.512,10,2026-09-18T18:11:20.909992+00:00
Qwen2.5-7B,belief_bank_constraints,hidden,19,25686,halu_eval,42,14026,10000,7013,7013,2812,7188,13.2329,3585,0.2815336964648083,0.9374110953058321,0.3097,0.43301848049281316,0.5024606365437576,21109.92,10,2026-09-18T18:11:20.909992+00:00
Qwen2.5-7B,belief_bank_constraints,hidden,19,25686,halu_eval,64,14026,10000,7013,7013,2812,7188,12.9957,3585,0.28123409021484574,0.9822190611664295,0.2891,0.43726747407583316,0.49870793823434195,21124.088,10,2026-09-18T18:11:20.909992+00:00
Qwen2.5-7B,belief_bank_constraints,hidden,19,25686,halu_eval,67,14026,10000,7013,7013,2812,7188,14.2802,3585,0.281792658833316,0.9637268847795164,0.2991,0.4360769168879234,0.5028122479302077,21139.542,10,2026-09-18T18:11:20.909992+00:00
Qwen2.5-7B,belief_bank_constraints,hidden,19,25686,halu_eval,104,14026,10000,7013,7013,2812,7188,12.6933,3585,0.28101757033523767,0.9270981507823614,0.3125,0.4313011828935396,0.5006194138959273,21153.41,10,2026-09-18T18:11:20.909992+00:00
Qwen2.5-7B,belief_bank_constraints,hidden,19,25686,halu_eval,123,14026,10000,7013,7013,2812,7188,12.9911,3585,0.2819824470831182,0.9711948790896159,0.2965,0.437064895574938,0.5000476928910282,21167.577,10,2026-09-18T18:11:20.909992+00:00
Qwen2.5-7B,belief_bank_constraints,hidden,19,25686,halu_eval,420,14026,10000,7013,7013,2812,7188,12.3665,3585,0.2813696299447044,0.9409672830725462,0.3076,0.43320235756385067,0.49817470796514823,21181.114,10,2026-09-18T18:11:20.909992+00:00
Qwen2.5-7B,belief_bank_constraints,hidden,19,25686,halu_eval,511,14026,10000,7013,7013,2812,7188,13.7531,3585,0.2818738656987296,0.8837126600284495,0.3342,0.42741658066735466,0.49910991410530126,21196.039,10,2026-09-18T18:11:20.909992+00:00
Qwen2.5-7B,belief_bank_constraints,hidden,19,25686,halu_eval,mean,0,0,0,0,0,0,13.11946,3585.0,0.28161951610858776,0.9373044096728306,0.31002,0.4329855500458433,0.49962958603757973,25443.341,10,2026-09-18T18:11:20.909992+00:00
Qwen2.5-7B,belief_bank_constraints,hidden,19,25686,halu_eval,std,0,0,0,0,0,0,0.6221584528076428,0.0,0.00032580333810911557,0.03678275906374896,0.0163335727873604,0.003938775554517438,0.0023089000925020273,25443.341,10,2026-09-18T18:11:20.909992+00:00
Qwen2.5-7B,belief_bank_constraints,hidden,20,25686,belief_bank_constraints,2,14026,7706,7013,7013,3005,4701,14.1192,3585,0.97166392092257,0.9813643926788685,0.9815728004152608,0.9764900662251655,0.9986836092862318,21212.023,10,2026-09-18T18:11:20.909992+00:00
Qwen2.5-7B,belief_bank_constraints,hidden,20,25686,belief_bank_constraints,4,14026,7706,7013,7013,3005,4701,14.0523,3585,0.9787798408488063,0.9823627287853577,0.9848170256942642,0.9805680119581465,0.9984302557497413,21227.188,10,2026-09-18T18:11:20.909992+00:00
Qwen2.5-7B,belief_bank_constraints,hidden,20,25686,belief_bank_constraints,24,14026,7706,7013,7013,3005,4701,13.7745,3585,0.9695181907571289,0.9843594009983361,0.9818323384375811,0.976882430647292,0.9986479316717051,21242.072,10,2026-09-18T18:11:20.909992+00:00
Qwen2.5-7B,belief_bank_constraints,hidden,20,25686,belief_bank_constraints,42,14026,7706,7013,7013,3005,4701,13.4466,3585,0.972652388797364,0.9823627287853577,0.9823514144822216,0.9774834437086093,0.9980982557256731,21256.632,10,2026-09-18T18:11:20.909992+00:00
Qwen2.5-7B,belief_bank_constraints,hidden,20,25686,belief_bank_constraints,64,14026,7706,7013,7013,3005,4701,13.5202,3585,0.9736668861092824,0.9843594009983361,0.9835193355826629,0.9789839483700149,0.9983463000933352,21271.269,10,2026-09-18T18:11:20.909992+00:00
Qwen2.5-7B,belief_bank_constraints,hidden,20,25686,belief_bank_constraints,67,14026,7706,7013,7013,3005,4701,14.3645,3585,0.9726253298153035,0.9813643926788685,0.9819621074487412,0.976975318866987,0.9985872655692261,21286.749,10,2026-09-18T18:11:20.909992+00:00
Qwen2.5-7B,belief_bank_constraints,hidden,20,25686,belief_bank_constraints,104,14026,7706,7013,7013,3005,4701,13.5915,3585,0.976245463543385,0.9846921797004992,0.9846872566831041,0.9804506295559974,0.9985573926459517,21301.455,10,2026-09-18T18:11:20.909992+00:00
Qwen2.5-7B,belief_bank_constraints,hidden,20,25686,belief_bank_constraints,123,14026,7706,7013,7013,3005,4701,12.3727,3585,0.9704918032786886,0.9850249584026622,0.9824811834933818,0.9777043765483072,0.9984599870951804,21314.947,10,2026-09-18T18:11:20.909992+00:00
Qwen2.5-7B,belief_bank_constraints,hidden,20,25686,belief_bank_constraints,420,14026,7706,7013,7013,3005,4701,13.2343,3585,0.9720118538030952,0.9823627287853577,0.9820918764599014,0.9771598808341608,0.9979036569908836,21329.296,10,2026-09-18T18:11:20.909992+00:00
Qwen2.5-7B,belief_bank_constraints,hidden,20,25686,belief_bank_constraints,511,14026,7706,7013,7013,3005,4701,12.4676,3585,0.9748843357567746,0.9816971713810316,0.9830002595380223,0.9782788923893219,0.9980001422857246,21342.878,10,2026-09-18T18:11:20.909992+00:00
Qwen2.5-7B,belief_bank_constraints,hidden,20,25686,belief_bank_constraints,mean,0,0,0,0,0,0,13.49434,3585.0,0.9732540013632398,0.9829950083194674,0.9828315598235141,0.9780976999104002,0.9983714797113652,25443.341,10,2026-09-18T18:11:20.909992+00:00
Qwen2.5-7B,belief_bank_constraints,hidden,20,25686,belief_bank_constraints,std,0,0,0,0,0,0,0.6268745858622761,0.0,0.0026215774478422333,0.0013757089256967994,0.0011012030378186807,0.001385265671259235,0.00026425382386263273,25443.341,10,2026-09-18T18:11:20.909992+00:00
Qwen2.5-7B,belief_bank_constraints,hidden,20,25686,belief_bank_facts,2,14026,27416,7013,7013,3556,23860,14.3954,3585,0.12639071245940156,0.514341957255343,0.47588999124598774,0.20291784545404115,0.5015657102218887,21359.117,10,2026-09-18T18:11:20.909992+00:00
Qwen2.5-7B,belief_bank_constraints,hidden,20,25686,belief_bank_facts,4,14026,27416,7013,7013,3556,23860,14.2571,3585,0.16731935320869126,0.7449381327334084,0.4860665304931427,0.27326181142975037,0.6098974190464247,21375.21,10,2026-09-18T18:11:20.909992+00:00
Qwen2.5-7B,belief_bank_constraints,hidden,20,25686,belief_bank_facts,24,14026,27416,7013,7013,3556,23860,12.4488,3585,0.16525125764050413,0.859111361079865,0.41884301138021596,0.2771855010660981,0.700038958746041,21389.505,10,2026-09-18T18:11:20.909992+00:00
Qwen2.5-7B,belief_bank_constraints,hidden,20,25686,belief_bank_facts,42,14026,27416,7013,7013,3556,23860,14.7331,3585,0.17602944239983334,0.7128796400449944,0.5299460169244237,0.2823411482987136,0.6317905724902577,21406.083,10,2026-09-18T18:11:20.909992+00:00
Qwen2.5-7B,belief_bank_constraints,hidden,20,25686,belief_bank_facts,64,14026,27416,7013,7013,3556,23860,14.3774,3585,0.18749374687343673,0.5269966254218222,0.6424350744091042,0.27658475389270165,0.6568910602436222,21422.304,10,2026-09-18T18:11:20.909992+00:00
Qwen2.5-7B,belief_bank_constraints,hidden,20,25686,belief_bank_facts,67,14026,27416,7013,7013,3556,23860,14.6996,3585,0.1639718644377455,0.5047806524184477,0.6019477677268749,0.2475349927601186,0.6059035847939376,21438.854,10,2026-09-18T18:11:20.909992+00:00
Qwen2.5-7B,belief_bank_constraints,hidden,20,25686,belief_bank_facts,104,14026,27416,7013,7013,3556,23860,13.4812,3585,0.17133980582524272,0.6203599550056242,0.5616063612489057,0.268516827947173,0.6140547492072712,21454.19,10,2026-09-18T18:11:20.909992+00:00
Qwen2.5-7B,belief_bank_constraints,hidden,20,25686,belief_bank_facts,123,14026,27416,7013,7013,3556,23860,12.3839,3585,0.17103738809899946,0.9133858267716536,0.4145754304056026,0.2881220615630267,0.680926820966323,21468.425,10,2026-09-18T18:11:20.909992+00:00
Qwen2.5-7B,belief_bank_constraints,hidden,20,25686,belief_bank_facts,420,14026,27416,7013,7013,3556,23860,13.9775,3585,0.17361763642934586,0.6754780652418447,0.5408885322439452,0.2762348341095969,0.6216649816562115,21484.248,10,2026-09-18T18:11:20.909992+00:00
Qwen2.5-7B,belief_bank_constraints,hidden,20,25686,belief_bank_facts,511,14026,27416,7013,7013,3556,23860,11.5585,3585,0.15768949549110406,0.9097300337457818,0.3580026262036767,0.2687881683353413,0.6893681163649598,21497.654,10,2026-09-18T18:11:20.909992+00:00
Qwen2.5-7B,belief_bank_constraints,hidden,20,25686,belief_bank_facts,mean,0,0,0,0,0,0,13.63125,3585.0,0.16601407028643048,0.6982002249718786,0.5030201342281879,0.26614879448565615,0.6312101973736938,25443.341,10,2026-09-18T18:11:20.909992+00:00
Qwen2.5-7B,belief_bank_constraints,hidden,20,25686,belief_bank_facts,std,0,0,0,0,0,0,1.0621000454288663,0.0,0.015227806362695622,0.1504802593428195,0.08472093457686801,0.023420628815642896,0.054349885834236285,25443.341,10,2026-09-18T18:11:20.909992+00:00
Qwen2.5-7B,belief_bank_constraints,hidden,20,25686,halu_eval,2,14026,10000,7013,7013,2812,7188,14.3872,3585,0.28343558282208586,0.41073968705547653,0.5423,0.33541454915057356,0.5044813259573606,21513.205,10,2026-09-18T18:11:20.909992+00:00
Qwen2.5-7B,belief_bank_constraints,hidden,20,25686,halu_eval,4,14026,10000,7013,7013,2812,7188,14.188,3585,0.2856359649122807,0.5558321479374111,0.4842,0.377353935296958,0.5060485618515449,21528.561,10,2026-09-18T18:11:20.909992+00:00
Qwen2.5-7B,belief_bank_constraints,hidden,20,25686,halu_eval,24,14026,10000,7013,7013,2812,7188,12.8874,3585,0.27867913723993126,0.519203413940256,0.4869,0.3626878648615079,0.5050121567398169,21542.61,10,2026-09-18T18:11:20.909992+00:00
Qwen2.5-7B,belief_bank_constraints,hidden,20,25686,halu_eval,42,14026,10000,7013,7013,2812,7188,13.11,3585,0.2986111111111111,0.24466571834992887,0.626,0.2689601250977326,0.5089918910211503,21556.888,10,2026-09-18T18:11:20.909992+00:00
Qwen2.5-7B,belief_bank_constraints,hidden,20,25686,halu_eval,64,14026,10000,7013,7013,2812,7188,13.4553,3585,0.2823175319789315,0.6671408250355618,0.4295,0.39674315321983716,0.5020256120719613,21571.51,10,2026-09-18T18:11:20.909992+00:00
Qwen2.5-7B,belief_bank_constraints,hidden,20,25686,halu_eval,67,14026,10000,7013,7013,2812,7188,14.0907,3585,0.2842741935483871,0.45128022759601705,0.5262,0.34881803188565147,0.5086161116084893,21586.77,10,2026-09-18T18:11:20.909992+00:00
Qwen2.5-7B,belief_bank_constraints,hidden,20,25686,halu_eval,104,14026,10000,7013,7013,2812,7188,13.4697,3585,0.27976190476190477,0.4345661450924609,0.5264,0.3403899721448468,0.5025778898131943,21601.409,10,2026-09-18T18:11:20.909992+00:00
Qwen2.5-7B,belief_bank_constraints,hidden,20,25686,halu_eval,123,14026,10000,7013,7013,2812,7188,13.1738,3585,0.2835012783877275,0.6703413940256046,0.4309,0.3984779621604482,0.5046393210273801,21615.749,10,2026-09-18T18:11:20.909992+00:00
Qwen2.5-7B,belief_bank_constraints,hidden,20,25686,halu_eval,420,14026,10000,7013,7013,2812,7188,12.2657,3585,0.2842085450781103,0.5369843527738265,0.4895,0.3716923076923077,0.5068911032770755,21629.185,10,2026-09-18T18:11:20.909992+00:00
Qwen2.5-7B,belief_bank_constraints,hidden,20,25686,halu_eval,511,14026,10000,7013,7013,2812,7188,13.2623,3585,0.28219867073827914,0.5586770981507824,0.4763,0.37498508175199907,0.5033233386052778,21643.615,10,2026-09-18T18:11:20.909992+00:00
Qwen2.5-7B,belief_bank_constraints,hidden,20,25686,halu_eval,mean,0,0,0,0,0,0,13.42901,3585.0,0.28426239205787496,0.5049431009957325,0.50182,0.3575522983261862,0.5052607311973251,25443.341,10,2026-09-18T18:11:20.909992+00:00
Qwen2.5-7B,belief_bank_constraints,hidden,20,25686,halu_eval,std,0,0,0,0,0,0,0.6144670608747064,0.0,0.005181765469737556,0.12034240812333967,0.054638645664035264,0.035836628868921375,0.0022567998955257402,25443.341,10,2026-09-18T18:11:20.909992+00:00
Qwen2.5-7B,belief_bank_constraints,hidden,21,25686,belief_bank_constraints,2,14026,7706,7013,7013,3005,4701,17.2489,3585,0.9729907773386034,0.9830282861896839,0.982740721515702,0.9779837775202781,0.998492974730834,21662.683,10,2026-09-18T18:11:20.909992+00:00
Qwen2.5-7B,belief_bank_constraints,hidden,21,25686,belief_bank_constraints,4,14026,7706,7013,7013,3005,4701,16.8759,3585,0.9778439153439153,0.984026622296173,0.9850765637165845,0.9809255266213303,0.9983530250405178,21680.678,10,2026-09-18T18:11:20.909992+00:00
Qwen2.5-7B,belief_bank_constraints,hidden,21,25686,belief_bank_constraints,24,14026,7706,7013,7013,3005,4701,13.5,3585,0.9659574468085106,0.9820299500831947,0.9794964962366987,0.973927392739274,0.9984570847495541,21695.318,10,2026-09-18T18:11:20.909992+00:00
Qwen2.5-7B,belief_bank_constraints,hidden,21,25686,belief_bank_constraints,42,14026,7706,7013,7013,3005,4701,12.6883,3585,0.9722863741339491,0.9806988352745424,0.9815728004152608,0.9764744864148442,0.9978658557088255,21709.131,10,2026-09-18T18:11:20.909992+00:00
Qwen2.5-7B,belief_bank_constraints,hidden,21,25686,belief_bank_constraints,64,14026,7706,7013,7013,3005,4701,14.3991,3585,0.9685555191614805,0.984026622296173,0.9813132623929406,0.9762297788048862,0.9983083572334417,21724.653,10,2026-09-18T18:11:20.909992+00:00
Qwen2.5-7B,belief_bank_constraints,hidden,21,25686,belief_bank_constraints,67,14026,7706,7013,7013,3005,4701,14.4402,3585,0.9716171617161716,0.9797004991680532,0.9809239553594602,0.9756420878210439,0.9983734830377365,21740.217,10,2026-09-18T18:11:20.909992+00:00
Qwen2.5-7B,belief_bank_constraints,hidden,21,25686,belief_bank_constraints,104,14026,7706,7013,7013,3005,4701,14.5437,3585,0.9751819986763732,0.9806988352745424,0.982740721515702,0.9779326364692218,0.9984209116126034,21755.885,10,2026-09-18T18:11:20.909992+00:00
Qwen2.5-7B,belief_bank_constraints,hidden,21,25686,belief_bank_constraints,123,14026,7706,7013,7013,3005,4701,15.2624,3585,0.9710526315789474,0.9823627287853577,0.981702569426421,0.9766749379652605,0.9984596331505916,21772.273,10,2026-09-18T18:11:20.909992+00:00
Qwen2.5-7B,belief_bank_constraints,hidden,21,25686,belief_bank_constraints,420,14026,7706,7013,7013,3005,4701,14.2507,3585,0.9681025978296613,0.9797004991680532,0.9794964962366987,0.973867019517036,0.9976446403409761,21787.653,10,2026-09-18T18:11:20.909992+00:00
Qwen2.5-7B,belief_bank_constraints,hidden,21,25686,belief_bank_constraints,511,14026,7706,7013,7013,3005,4701,13.5451,3585,0.9713533091866974,0.9816971713810316,0.9815728004152608,0.9764978483945713,0.9978999759671625,21802.329,10,2026-09-18T18:11:20.909992+00:00
Qwen2.5-7B,belief_bank_constraints,hidden,21,25686,belief_bank_constraints,mean,0,0,0,0,0,0,14.67543,3585.0,0.9714941731774311,0.9817970049916805,0.981663638723073,0.9766155492267746,0.9982275941572244,25443.341,10,2026-09-18T18:11:20.909992+00:00
Qwen2.5-7B,belief_bank_constraints,hidden,21,25686,belief_bank_constraints,std,0,0,0,0,0,0,1.3691879659491608,0.0,0.0032834498068239496,0.001518069181758,0.0015507804053219798,0.0019518452455937665,0.0002891140251912945,25443.341,10,2026-09-18T18:11:20.909992+00:00
Qwen2.5-7B,belief_bank_constraints,hidden,21,25686,belief_bank_facts,2,14026,27416,7013,7013,3556,23860,16.3957,3585,0.125,0.4339145106861642,0.532608695652174,0.1940880503144654,0.5237599851307355,21820.59,10,2026-09-18T18:11:20.909992+00:00
Qwen2.5-7B,belief_bank_constraints,hidden,21,25686,belief_bank_facts,4,14026,27416,7013,7013,3556,23860,16.2758,3585,0.15933349146110057,0.7556242969628797,0.45119638167493437,0.2631733594515181,0.5854278496516518,21838.723,10,2026-09-18T18:11:20.909992+00:00
Qwen2.5-7B,belief_bank_constraints,hidden,21,25686,belief_bank_facts,24,14026,27416,7013,7013,3556,23860,14.0242,3585,0.15761855720661075,0.9038245219347582,0.36099358039101254,0.2684261076544035,0.6449700905733389,21854.614,10,2026-09-18T18:11:20.909992+00:00
Qwen2.5-7B,belief_bank_constraints,hidden,21,25686,belief_bank_facts,42,14026,27416,7013,7013,3556,23860,13.4856,3585,0.15663908148810854,0.5908323959505062,0.5343230230522322,0.24762802757970417,0.5846473900527732,21869.959,10,2026-09-18T18:11:20.909992+00:00
Qwen2.5-7B,belief_bank_constraints,hidden,21,25686,belief_bank_facts,64,14026,27416,7013,7013,3556,23860,12.6281,3585,0.17391621661071377,0.6701349831271091,0.5443536620951269,0.2761617800440376,0.6224505210371336,21884.453,10,2026-09-18T18:11:20.909992+00:00
Qwen2.5-7B,belief_bank_constraints,hidden,21,25686,belief_bank_facts,67,14026,27416,7013,7013,3556,23860,16.3136,3585,0.13790322580645162,0.625140607424072,0.44448497227896117,0.22596056108965237,0.5191034986144335,21902.626,10,2026-09-18T18:11:20.909992+00:00
Qwen2.5-7B,belief_bank_constraints,hidden,21,25686,belief_bank_facts,104,14026,27416,7013,7013,3556,23860,15.1975,3585,0.17062348738043104,0.8326771653543307,0.4533119346367085,0.2832137733142037,0.6426507693453658,21919.678,10,2026-09-18T18:11:20.909992+00:00
Qwen2.5-7B,belief_bank_constraints,hidden,21,25686,belief_bank_facts,123,14026,27416,7013,7013,3556,23860,15.8515,3585,0.16884921695440697,0.8883577052868391,0.41833236066530494,0.2837637547720638,0.6790930137557197,21937.388,10,2026-09-18T18:11:20.909992+00:00
Qwen2.5-7B,belief_bank_constraints,hidden,21,25686,belief_bank_facts,420,14026,27416,7013,7013,3556,23860,14.0578,3585,0.1429299796057104,0.9460067491563554,0.25722206011088417,0.24833899306068213,0.6690751885530236,21953.312,10,2026-09-18T18:11:20.909992+00:00
Qwen2.5-7B,belief_bank_constraints,hidden,21,25686,belief_bank_facts,511,14026,27416,7013,7013,3556,23860,13.5855,3585,0.1479832488428477,0.9440382452193475,0.287751677852349,0.2558591517091574,0.6778862885485919,21968.763,10,2026-09-18T18:11:20.909992+00:00
Qwen2.5-7B,belief_bank_constraints,hidden,21,25686,belief_bank_facts,mean,0,0,0,0,0,0,14.78153,3585.0,0.15407965053563813,0.7590551181102362,0.4284578348409688,0.2546613558989888,0.6149064595262768,25443.341,10,2026-09-18T18:11:20.909992+00:00
Qwen2.5-7B,belief_bank_constraints,hidden,21,25686,belief_bank_facts,std,0,0,0,0,0,0,1.3171184411813543,0.0,0.014835057946742858,0.1649648965080007,0.09521144027824027,0.026400978505040827,0.05658762422545175,25443.341,10,2026-09-18T18:11:20.909992+00:00
Qwen2.5-7B,belief_bank_constraints,hidden,21,25686,halu_eval,2,14026,10000,7013,7013,2812,7188,17.2822,3585,0.26744186046511625,0.008179231863442389,0.7148,0.015873015873015872,0.508000556680923,21987.219,10,2026-09-18T18:11:20.909992+00:00
Qwen2.5-7B,belief_bank_constraints,hidden,21,25686,halu_eval,4,14026,10000,7013,7013,2812,7188,15.3954,3585,0.2895040369088812,0.08926031294452347,0.6823,0.1364501223158467,0.5085893956736809,22003.784,10,2026-09-18T18:11:20.909992+00:00
Qwen2.5-7B,belief_bank_constraints,hidden,21,25686,halu_eval,24,14026,10000,7013,7013,2812,7188,14.3151,3585,0.28372739916550765,0.2901849217638691,0.5944,0.2869198312236287,0.5062628582804753,22019.265,10,2026-09-18T18:11:20.909992+00:00
Qwen2.5-7B,belief_bank_constraints,hidden,21,25686,halu_eval,42,14026,10000,7013,7013,2812,7188,13.3514,3585,0.29045643153526973,0.09957325746799431,0.6784,0.1483050847457627,0.5122127690690427,22033.79,10,2026-09-18T18:11:20.909992+00:00
Qwen2.5-7B,belief_bank_constraints,hidden,21,25686,halu_eval,64,14026,10000,7013,7013,2812,7188,13.5013,3585,0.286793953858393,0.25640113798008535,0.6116,0.2707472775065715,0.5035173012393819,22048.458,10,2026-09-18T18:11:20.909992+00:00
Qwen2.5-7B,belief_bank_constraints,hidden,21,25686,halu_eval,67,14026,10000,7013,7013,2812,7188,14.6262,3585,0.2892335766423358,0.3381934566145092,0.5802,0.3118032786885246,0.5091253717472854,22064.252,10,2026-09-18T18:11:20.909992+00:00
Qwen2.5-7B,belief_bank_constraints,hidden,21,25686,halu_eval,104,14026,10000,7013,7013,2812,7188,14.4315,3585,0.3180873180873181,0.05440967283072546,0.7013,0.09292438505921652,0.5092282528332743,22079.857,10,2026-09-18T18:11:20.909992+00:00
Qwen2.5-7B,belief_bank_constraints,hidden,21,25686,halu_eval,123,14026,10000,7013,7013,2812,7188,15.3773,3585,0.28167730173199634,0.32965860597439545,0.5751,0.30378502375880717,0.5080702654811915,22096.402,10,2026-09-18T18:11:20.909992+00:00
Qwen2.5-7B,belief_bank_constraints,hidden,21,25686,halu_eval,420,14026,10000,7013,7013,2812,7188,14.1152,3585,0.28804902962206336,0.3008534850640114,0.5943,0.2943120542703079,0.5094735446939779,22111.686,10,2026-09-18T18:11:20.909992+00:00
Qwen2.5-7B,belief_bank_constraints,hidden,21,25686,halu_eval,511,14026,10000,7013,7013,2812,7188,14.3199,3585,0.2916666666666667,0.13442389758179232,0.6648,0.18403115871470302,0.5064131106767957,22127.174,10,2026-09-18T18:11:20.909992+00:00
Qwen2.5-7B,belief_bank_constraints,hidden,21,25686,halu_eval,mean,0,0,0,0,0,0,14.67155,3585.0,0.2886637574683548,0.19011379800853484,0.63972,0.2045151232156385,0.5080893426376029,25443.341,10,2026-09-18T18:11:20.909992+00:00
Qwen2.5-7B,belief_bank_constraints,hidden,21,25686,halu_eval,std,0,0,0,0,0,0,1.0756271038329221,0.0,0.011859295899089427,0.11876785514251875,0.05098362089926528,0.09841561234289596,0.0022044680714740205,25443.341,10,2026-09-18T18:11:20.909992+00:00
Qwen2.5-7B,belief_bank_constraints,hidden,22,25686,belief_bank_constraints,2,14026,7706,7013,7013,3005,4701,13.8938,3585,0.9703849950641659,0.9813643926788685,0.9810537243706203,0.9758438120450033,0.9982588757799611,22142.892,10,2026-09-18T18:11:20.909992+00:00
Qwen2.5-7B,belief_bank_constraints,hidden,22,25686,belief_bank_constraints,4,14026,7706,7013,7013,3005,4701,16.8021,3585,0.9736668861092824,0.9843594009983361,0.9835193355826629,0.9789839483700149,0.9981534002925706,22160.8,10,2026-09-18T18:11:20.909992+00:00
Qwen2.5-7B,belief_bank_constraints,hidden,22,25686,belief_bank_constraints,24,14026,7706,7013,7013,3005,4701,15.139,3585,0.9666448659254414,0.98369384359401,0.9804048793148196,0.975094837539172,0.9983978344254294,22177.04,10,2026-09-18T18:11:20.909992+00:00
Qwen2.5-7B,belief_bank_constraints,hidden,22,25686,belief_bank_constraints,42,14026,7706,7013,7013,3005,4701,16.4263,3585,0.9726613965744401,0.9826955074875208,0.9824811834933818,0.9776527065055455,0.9981702480549859,22194.568,10,2026-09-18T18:11:20.909992+00:00
Qwen2.5-7B,belief_bank_constraints,hidden,22,25686,belief_bank_constraints,64,14026,7706,7013,7013,3005,4701,14.6754,3585,0.9666339548577036,0.9833610648918469,0.9802751103036594,0.974925767073573,0.9982787674658381,22210.351,10,2026-09-18T18:11:20.909992+00:00
Qwen2.5-7B,belief_bank_constraints,hidden,22,25686,belief_bank_constraints,67,14026,7706,7013,7013,3005,4701,16.3783,3585,0.9719286657859973,0.9793677204658902,0.9809239553594602,0.9756340129288911,0.9981904936854515,22227.842,10,2026-09-18T18:11:20.909992+00:00
Qwen2.5-7B,belief_bank_constraints,hidden,22,25686,belief_bank_constraints,104,14026,7706,7013,7013,3005,4701,16.3905,3585,0.9777408637873755,0.9793677204658902,0.9832597975603425,0.9785536159600997,0.9983070122440051,22245.341,10,2026-09-18T18:11:20.909992+00:00
Qwen2.5-7B,belief_bank_constraints,hidden,22,25686,belief_bank_constraints,123,14026,7706,7013,7013,3005,4701,12.7045,3585,0.968760276224926,0.9803660565723794,0.9800155722813392,0.9745286139596427,0.9979922847158585,22259.158,10,2026-09-18T18:11:20.909992+00:00
Qwen2.5-7B,belief_bank_constraints,hidden,22,25686,belief_bank_constraints,420,14026,7706,7013,7013,3005,4701,14.4579,3585,0.968915343915344,0.9750415973377704,0.9780690371139372,0.9719688173826505,0.9975473763680401,22274.725,10,2026-09-18T18:11:20.909992+00:00
Qwen2.5-7B,belief_bank_constraints,hidden,22,25686,belief_bank_constraints,511,14026,7706,7013,7013,3005,4701,15.587,3585,0.9709379128137384,0.978369384359401,0.9801453412924993,0.9746394828443561,0.9978735009119383,22291.433,10,2026-09-18T18:11:20.909992+00:00
Qwen2.5-7B,belief_bank_constraints,hidden,22,25686,belief_bank_constraints,mean,0,0,0,0,0,0,15.245479999999997,3585.0,0.9708275161058415,0.9807986688851912,0.9810147936672721,0.9757825614608949,0.9981169793944078,25443.341,10,2026-09-18T18:11:20.909992+00:00
Qwen2.5-7B,belief_bank_constraints,hidden,22,25686,belief_bank_constraints,std,0,0,0,0,0,0,1.2557316272197654,0.0,0.0032194791560702794,0.002736282869972935,0.001575558265604615,0.0020020389540760307,0.000238777830128391,25443.341,10,2026-09-18T18:11:20.909992+00:00
Qwen2.5-7B,belief_bank_constraints,hidden,22,25686,belief_bank_facts,2,14026,27416,7013,7013,3556,23860,14.3061,3585,0.21952167995333463,0.31749156355455566,0.7650641960898745,0.25957006552477296,0.6951221952767221,22307.589,10,2026-09-18T18:11:20.909992+00:00
Qwen2.5-7B,belief_bank_constraints,hidden,22,25686,belief_bank_facts,4,14026,27416,7013,7013,3556,23860,15.108,3585,0.19364464876199694,0.6751968503937008,0.5931937554712576,0.30097148229395176,0.6654489902666191,22324.539,10,2026-09-18T18:11:20.909992+00:00
Qwen2.5-7B,belief_bank_constraints,hidden,22,25686,belief_bank_facts,24,14026,27416,7013,7013,3556,23860,13.9453,3585,0.17076180257510729,0.8951068616422947,0.4225999416399183,0.28680843395206346,0.7092432939805408,22340.325,10,2026-09-18T18:11:20.909992+00:00
Qwen2.5-7B,belief_bank_constraints,hidden,22,25686,belief_bank_facts,42,14026,27416,7013,7013,3556,23860,15.7973,3585,0.2202740114999645,0.8726096737907761,0.5828348409687774,0.3517542368077991,0.771545518382918,22357.957,10,2026-09-18T18:11:20.909992+00:00
Qwen2.5-7B,belief_bank_constraints,hidden,22,25686,belief_bank_facts,64,14026,27416,7013,7013,3556,23860,15.13,3585,0.24167561761546724,0.7592800899887514,0.6597607236650131,0.36664856056491035,0.7518321984165222,22374.927,10,2026-09-18T18:11:20.909992+00:00
Qwen2.5-7B,belief_bank_constraints,hidden,22,25686,belief_bank_facts,67,14026,27416,7013,7013,3556,23860,17.1635,3585,0.17978299684109325,0.36811023622047245,0.7002115552961774,0.2415797729999077,0.6426029533923515,22393.933,10,2026-09-18T18:11:20.909992+00:00
Qwen2.5-7B,belief_bank_constraints,hidden,22,25686,belief_bank_facts,104,14026,27416,7013,7013,3556,23860,15.2196,3585,0.16141732283464566,0.8532058492688414,0.40604026845637586,0.27147458840372224,0.5900480941034927,22411.005,10,2026-09-18T18:11:20.909992+00:00
Qwen2.5-7B,belief_bank_constraints,hidden,22,25686,belief_bank_facts,123,14026,27416,7013,7013,3556,23860,14.358,3585,0.19402509713994523,0.8565804274465691,0.519878902830464,0.3163853544533887,0.7193363494588323,22427.209,10,2026-09-18T18:11:20.909992+00:00
Qwen2.5-7B,belief_bank_constraints,hidden,22,25686,belief_bank_facts,420,14026,27416,7013,7013,3556,23860,15.6186,3585,0.15487421383647798,0.9417885264341957,0.3258681062153487,0.2660047656870532,0.7385167107150165,22444.673,10,2026-09-18T18:11:20.909992+00:00
Qwen2.5-7B,belief_bank_constraints,hidden,22,25686,belief_bank_facts,511,14026,27416,7013,7013,3556,23860,16.3854,3585,0.16305043050430504,0.9319460067491564,0.37069594397432154,0.27754281646497214,0.7604478387707823,22462.907,10,2026-09-18T18:11:20.909992+00:00
Qwen2.5-7B,belief_bank_constraints,hidden,22,25686,belief_bank_facts,mean,0,0,0,0,0,0,15.303180000000001,3585.0,0.1899027821562338,0.7471316085489313,0.5346148234607527,0.2938740077152542,0.7044144142763796,25443.341,10,2026-09-18T18:11:20.909992+00:00
Qwen2.5-7B,belief_bank_constraints,hidden,22,25686,belief_bank_facts,std,0,0,0,0,0,0,0.9371274724390485,0.0,0.027819723491177697,0.21598376103925948,0.14201684299940648,0.03835348426268589,0.0545973317954021,25443.341,10,2026-09-18T18:11:20.909992+00:00
Qwen2.5-7B,belief_bank_constraints,hidden,22,25686,halu_eval,2,14026,10000,7013,7013,2812,7188,13.8663,3585,0.30337078651685395,0.009601706970128023,0.7153,0.01861427094105481,0.5083027683249544,22477.938,10,2026-09-18T18:11:20.909992+00:00
Qwen2.5-7B,belief_bank_constraints,hidden,22,25686,halu_eval,4,14026,10000,7013,7013,2812,7188,15.165,3585,0.2682119205298013,0.028805120910384067,0.7048,0.05202312138728324,0.5074442962864455,22494.269,10,2026-09-18T18:11:20.909992+00:00
Qwen2.5-7B,belief_bank_constraints,hidden,22,25686,halu_eval,24,14026,10000,7013,7013,2812,7188,14.8557,3585,0.28875582168995345,0.15433854907539118,0.6553,0.20115874855156432,0.5052823587360316,22510.289,10,2026-09-18T18:11:20.909992+00:00
Qwen2.5-7B,belief_bank_constraints,hidden,22,25686,halu_eval,42,14026,10000,7013,7013,2812,7188,14.5595,3585,0.3101851851851852,0.07147937411095306,0.6942,0.1161849710982659,0.5068232002761042,22526.015,10,2026-09-18T18:11:20.909992+00:00
Qwen2.5-7B,belief_bank_constraints,hidden,22,25686,halu_eval,64,14026,10000,7013,7013,2812,7188,14.8938,3585,0.24107142857142858,0.009601706970128023,0.713,0.018467852257181942,0.49915340171029476,22542.073,10,2026-09-18T18:11:20.909992+00:00
Qwen2.5-7B,belief_bank_constraints,hidden,22,25686,halu_eval,67,14026,10000,7013,7013,2812,7188,17.1124,3585,0.3001043841336117,0.20448079658605975,0.6422,0.24323181049069373,0.507966370179159,22560.351,10,2026-09-18T18:11:20.909992+00:00
Qwen2.5-7B,belief_bank_constraints,hidden,22,25686,halu_eval,104,14026,10000,7013,7013,2812,7188,15.4965,3585,0.23809523809523808,0.0035561877667140826,0.7166,0.00700770847932726,0.511347741731715,22577.015,10,2026-09-18T18:11:20.909992+00:00
Qwen2.5-7B,belief_bank_constraints,hidden,22,25686,halu_eval,123,14026,10000,7013,7013,2812,7188,12.7884,3585,0.31117397454031115,0.07823613086770982,0.6921,0.1250355214549588,0.5050468132441377,22590.969,10,2026-09-18T18:11:20.909992+00:00
Qwen2.5-7B,belief_bank_constraints,hidden,22,25686,halu_eval,420,14026,10000,7013,7013,2812,7188,14.4022,3585,0.2932330827067669,0.08321479374110953,0.6858,0.1296398891966759,0.5057241858764132,22606.535,10,2026-09-18T18:11:20.909992+00:00
Qwen2.5-7B,belief_bank_constraints,hidden,22,25686,halu_eval,511,14026,10000,7013,7013,2812,7188,15.5197,3585,0.31513903192584963,0.10881934566145092,0.6829,0.16177636796193498,0.5077648875041458,22623.217,10,2026-09-18T18:11:20.909992+00:00
Qwen2.5-7B,belief_bank_constraints,hidden,22,25686,halu_eval,mean,0,0,0,0,0,0,14.865950000000002,3585.0,0.28693408538950005,0.07521337126600285,0.6902200000000001,0.10731402618189409,0.5064856023869402,25443.341,10,2026-09-18T18:11:20.909992+00:00
Qwen2.5-7B,belief_bank_constraints,hidden,22,25686,halu_eval,std,0,0,0,0,0,0,1.0763977584982236,0.0,0.02692481872299136,0.06331317693084891,0.02382065490283591,0.07747098981095904,0.0029943886253053515,25443.341,10,2026-09-18T18:11:20.909992+00:00
Qwen2.5-7B,belief_bank_constraints,hidden,23,25686,belief_bank_constraints,2,14026,7706,7013,7013,3005,4701,17.1268,3585,0.9724618447246185,0.9753743760399335,0.9796262652478588,0.9739159328792159,0.9979606420696413,22642.182,10,2026-09-18T18:11:20.909992+00:00
Qwen2.5-7B,belief_bank_constraints,hidden,23,25686,belief_bank_constraints,4,14026,7706,7013,7013,3005,4701,18.5982,3585,0.9752801582069874,0.9846921797004992,0.9842979496496237,0.9799635701275046,0.9980252015625946,22661.893,10,2026-09-18T18:11:20.909992+00:00
Qwen2.5-7B,belief_bank_constraints,hidden,23,25686,belief_bank_constraints,24,14026,7706,7013,7013,3005,4701,15.6969,3585,0.9625407166123778,0.9833610648918469,0.9785881131585777,0.9728395061728395,0.9982183137301124,22678.707,10,2026-09-18T18:11:20.909992+00:00
Qwen2.5-7B,belief_bank_constraints,hidden,23,25686,belief_bank_constraints,42,14026,7706,7013,7013,3005,4701,16.6612,3585,0.9690687726225732,0.9800332778702163,0.9800155722813392,0.9745201853077432,0.9978902070965182,22696.482,10,2026-09-18T18:11:20.909992+00:00
Qwen2.5-7B,belief_bank_constraints,hidden,23,25686,belief_bank_constraints,64,14026,7706,7013,7013,3005,4701,18.8406,3585,0.9662184322728764,0.9803660565723794,0.9789774201920581,0.9732408325074331,0.9980792135068087,22716.437,10,2026-09-18T18:11:20.909992+00:00
Qwen2.5-7B,belief_bank_constraints,hidden,23,25686,belief_bank_constraints,67,14026,7706,7013,7013,3005,4701,18.3788,3585,0.9703166226912929,0.9790349417637271,0.9801453412924993,0.9746562862348849,0.9981134045540634,22735.93,10,2026-09-18T18:11:20.909992+00:00
Qwen2.5-7B,belief_bank_constraints,hidden,23,25686,belief_bank_constraints,104,14026,7706,7013,7013,3005,4701,16.4745,3585,0.9731788079470198,0.9780366056572379,0.9809239553594602,0.9756016597510373,0.9980782932508784,22753.519,10,2026-09-18T18:11:20.909992+00:00
Qwen2.5-7B,belief_bank_constraints,hidden,23,25686,belief_bank_constraints,123,14026,7706,7013,7013,3005,4701,15.6872,3585,0.9683794466403162,0.978369384359401,0.9791071892032183,0.9733487833140209,0.9978615375848449,22770.322,10,2026-09-18T18:11:20.909992+00:00
Qwen2.5-7B,belief_bank_constraints,hidden,23,25686,belief_bank_constraints,420,14026,7706,7013,7013,3005,4701,17.0669,3585,0.9672510750909692,0.973044925124792,0.9766415779911757,0.9701393497013935,0.9973702624959252,22788.501,10,2026-09-18T18:11:20.909992+00:00
Qwen2.5-7B,belief_bank_constraints,hidden,23,25686,belief_bank_constraints,511,14026,7706,7013,7013,3005,4701,14.3266,3585,0.9658344283837057,0.978369384359401,0.9780690371139372,0.9720614977682261,0.9974165584481087,22803.939,10,2026-09-18T18:11:20.909992+00:00
Qwen2.5-7B,belief_bank_constraints,hidden,23,25686,belief_bank_constraints,mean,0,0,0,0,0,0,16.88577,3585.0,0.9690530305192737,0.9790682196339435,0.9796392421489747,0.9740287603764299,0.9979013634299495,25443.341,10,2026-09-18T18:11:20.909992+00:00
Qwen2.5-7B,belief_bank_constraints,hidden,23,25686,belief_bank_constraints,std,0,0,0,0,0,0,1.3672134676413916,0.0,0.0036540583445677753,0.0032348075505837562,0.001924304231938686,0.0024462043801773865,0.00027313334050154976,25443.341,10,2026-09-18T18:11:20.909992+00:00
Qwen2.5-7B,belief_bank_constraints,hidden,23,25686,belief_bank_facts,2,14026,27416,7013,7013,3556,23860,16.7417,3585,0.2467209032043832,0.4178852643419573,0.7590093376130727,0.3102620315272993,0.7029955038625202,22822.522,10,2026-09-18T18:11:20.909992+00:00
Qwen2.5-7B,belief_bank_constraints,hidden,23,25686,belief_bank_facts,4,14026,27416,7013,7013,3556,23860,18.9293,3585,0.19237502431433573,0.5562429696287964,0.6395535453749636,0.2858794623500506,0.649467972386729,22843.301,10,2026-09-18T18:11:20.909992+00:00
Qwen2.5-7B,belief_bank_constraints,hidden,23,25686,belief_bank_facts,24,14026,27416,7013,7013,3556,23860,15.7148,3585,0.20798268814618898,0.7297525309336333,0.6045010213014298,0.3237073535832346,0.7097824108952013,22860.857,10,2026-09-18T18:11:20.909992+00:00
Qwen2.5-7B,belief_bank_constraints,hidden,23,25686,belief_bank_facts,42,14026,27416,7013,7013,3556,23860,14.8884,3585,0.19704497064326731,0.858830146231721,0.5277575138605194,0.32054578850695353,0.7249263961975416,22877.587,10,2026-09-18T18:11:20.909992+00:00
Qwen2.5-7B,belief_bank_constraints,hidden,23,25686,belief_bank_facts,64,14026,27416,7013,7013,3556,23860,17.248,3585,0.28121540164841924,0.6428571428571429,0.7405529617741465,0.39127086007702183,0.7582564608698851,22896.684,10,2026-09-18T18:11:20.909992+00:00
Qwen2.5-7B,belief_bank_constraints,hidden,23,25686,belief_bank_facts,67,14026,27416,7013,7013,3556,23860,17.7798,3585,0.18765832404498936,0.5208098987626547,0.64542602859644,0.27590316573556795,0.640716309376877,22916.303,10,2026-09-18T18:11:20.909992+00:00
Qwen2.5-7B,belief_bank_constraints,hidden,23,25686,belief_bank_facts,104,14026,27416,7013,7013,3556,23860,17.0836,3585,0.15748150385021895,0.8799212598425197,0.3738327983659177,0.2671504802561366,0.614438143105121,22935.227,10,2026-09-18T18:11:20.909992+00:00
Qwen2.5-7B,belief_bank_constraints,hidden,23,25686,belief_bank_facts,123,14026,27416,7013,7013,3556,23860,16.4314,3585,0.2151208106001559,0.7761529808773904,0.6036620951269331,0.33687294031490295,0.7451054296387721,22953.492,10,2026-09-18T18:11:20.909992+00:00
Qwen2.5-7B,belief_bank_constraints,hidden,23,25686,belief_bank_facts,420,14026,27416,7013,7013,3556,23860,16.126,3585,0.22053523502798866,0.8087739032620922,0.6044280711992996,0.3465686569862023,0.7722450609432412,22971.457,10,2026-09-18T18:11:20.909992+00:00
Qwen2.5-7B,belief_bank_constraints,hidden,23,25686,belief_bank_facts,511,14026,27416,7013,7013,3556,23860,16.1711,3585,0.212468280639188,0.8712035995500562,0.5644514152319813,0.3416220984727353,0.8201244699819061,22989.47,10,2026-09-18T18:11:20.909992+00:00
Qwen2.5-7B,belief_bank_constraints,hidden,23,25686,belief_bank_facts,mean,0,0,0,0,0,0,16.71141,3585.0,0.21186031421191354,0.7062429696287964,0.6063174788444703,0.31997828378101045,0.7138058157257795,25443.341,10,2026-09-18T18:11:20.909992+00:00
Qwen2.5-7B,belief_bank_constraints,hidden,23,25686,belief_bank_facts,std,0,0,0,0,0,0,1.0731964996681647,0.0,0.03204472153883562,0.15513383218406557,0.10293472002853934,0.03542360734869663,0.06106260200334032,25443.341,10,2026-09-18T18:11:20.909992+00:00
Qwen2.5-7B,belief_bank_constraints,hidden,23,25686,halu_eval,2,14026,10000,7013,7013,2812,7188,17.7133,3585,0.28337874659400547,0.07396870554765292,0.687,0.11731528482797518,0.5028553892175278,23008.344,10,2026-09-18T18:11:20.909992+00:00
Qwen2.5-7B,belief_bank_constraints,hidden,23,25686,halu_eval,4,14026,10000,7013,7013,2812,7188,19.2523,3585,0.2821512081060016,0.1287339971550498,0.6629,0.1768009768009768,0.5050961140386498,23028.756,10,2026-09-18T18:11:20.909992+00:00
Qwen2.5-7B,belief_bank_constraints,hidden,23,25686,halu_eval,24,14026,10000,7013,7013,2812,7188,15.7195,3585,0.2793192748797632,0.26849217638691325,0.5995,0.27379873073436084,0.4999458012841063,23045.639,10,2026-09-18T18:11:20.909992+00:00
Qwen2.5-7B,belief_bank_constraints,hidden,23,25686,halu_eval,42,14026,10000,7013,7013,2812,7188,14.9217,3585,0.2824345969033636,0.18812233285917496,0.6373,0.22582710779082177,0.5010346487863842,23061.72,10,2026-09-18T18:11:20.909992+00:00
Qwen2.5-7B,belief_bank_constraints,hidden,23,25686,halu_eval,64,14026,10000,7013,7013,2812,7188,18.2564,3585,0.28619528619528617,0.12091038406827881,0.668,0.17,0.49663161536019806,23081.135,10,2026-09-18T18:11:20.909992+00:00
Qwen2.5-7B,belief_bank_constraints,hidden,23,25686,halu_eval,67,14026,10000,7013,7013,2812,7188,16.7135,3585,0.28999144568006846,0.3616642958748222,0.5715,0.3218863744263333,0.5045468047346178,23099.008,10,2026-09-18T18:11:20.909992+00:00
Qwen2.5-7B,belief_bank_constraints,hidden,23,25686,halu_eval,104,14026,10000,7013,7013,2812,7188,16.5437,3585,0.2987220447284345,0.06650071123755334,0.6936,0.10878417684700407,0.49980898106612015,23116.715,10,2026-09-18T18:11:20.909992+00:00
Qwen2.5-7B,belief_bank_constraints,hidden,23,25686,halu_eval,123,14026,10000,7013,7013,2812,7188,16.6643,3585,0.28485964104924066,0.2201280227596017,0.6253,0.24834503510531594,0.4975527956345767,23134.544,10,2026-09-18T18:11:20.909992+00:00
Qwen2.5-7B,belief_bank_constraints,hidden,23,25686,halu_eval,420,14026,10000,7013,7013,2812,7188,16.0889,3585,0.28596389050669774,0.17460881934566144,0.6453,0.21682490616030028,0.5020746654967067,23151.795,10,2026-09-18T18:11:20.909992+00:00
Qwen2.5-7B,belief_bank_constraints,hidden,23,25686,halu_eval,511,14026,10000,7013,7013,2812,7188,14.3769,3585,0.28419031363345426,0.47368421052631576,0.5165,0.35524736631550874,0.5002897442077874,23167.333,10,2026-09-18T18:11:20.909992+00:00
Qwen2.5-7B,belief_bank_constraints,hidden,23,25686,halu_eval,mean,0,0,0,0,0,0,16.625049999999998,3585.0,0.2857206448276316,0.20768136557610242,0.63069,0.22148299590085968,0.5009836559826675,25443.341,10,2026-09-18T18:11:20.909992+00:00
Qwen2.5-7B,belief_bank_constraints,hidden,23,25686,halu_eval,std,0,0,0,0,0,0,1.4080863789199871,0.0,0.00510533884552987,0.12303268762010808,0.05230662386352231,0.07724748353529673,0.0026068027354003687,25443.341,10,2026-09-18T18:11:20.909992+00:00
Qwen2.5-7B,belief_bank_constraints,hidden,24,25686,belief_bank_constraints,2,14026,7706,7013,7013,3005,4701,17.6377,3585,0.9714948624461386,0.9753743760399335,0.9792369582143784,0.973430753902358,0.9977937925905949,23186.796,10,2026-09-18T18:11:20.909992+00:00
Qwen2.5-7B,belief_bank_constraints,hidden,24,25686,belief_bank_constraints,4,14026,7706,7013,7013,3005,4701,18.2521,3585,0.9752066115702479,0.9816971713810316,0.9831300285491824,0.978441127694859,0.9981024322718182,23206.15,10,2026-09-18T18:11:20.909992+00:00
Qwen2.5-7B,belief_bank_constraints,hidden,24,25686,belief_bank_constraints,24,14026,7706,7013,7013,3005,4701,17.5157,3585,0.9583875162548765,0.9810316139767055,0.975992732935375,0.9695773721427396,0.9978907734078599,23224.772,10,2026-09-18T18:11:20.909992+00:00
Qwen2.5-7B,belief_bank_constraints,hidden,24,25686,belief_bank_constraints,42,14026,7706,7013,7013,3005,4701,15.8723,3585,0.9703752468729427,0.9810316139767055,0.9809239553594602,0.975674333940096,0.9977734761712115,23241.758,10,2026-09-18T18:11:20.909992+00:00
Qwen2.5-7B,belief_bank_constraints,hidden,24,25686,belief_bank_constraints,64,14026,7706,7013,7013,3005,4701,16.8845,3585,0.9668743850442768,0.9810316139767055,0.9794964962366987,0.9739015526924347,0.9978747043235394,23259.768,10,2026-09-18T18:11:20.909992+00:00
Qwen2.5-7B,belief_bank_constraints,hidden,24,25686,belief_bank_constraints,67,14026,7706,7013,7013,3005,4701,16.9689,3585,0.9689461513049223,0.9760399334442595,0.9784583441474176,0.9724801061007957,0.9978397345981898,23277.865,10,2026-09-18T18:11:20.909992+00:00
Qwen2.5-7B,belief_bank_constraints,hidden,24,25686,belief_bank_constraints,104,14026,7706,7013,7013,3005,4701,16.0516,3585,0.9728566699768288,0.9780366056572379,0.9807941863483001,0.9754397610355128,0.9981995546669187,23295.039,10,2026-09-18T18:11:20.909992+00:00
Qwen2.5-7B,belief_bank_constraints,hidden,24,25686,belief_bank_constraints,123,14026,7706,7013,7013,3005,4701,16.3221,3585,0.964837331580677,0.9770382695507488,0.9771606540358162,0.9708994708994709,0.9976791145439017,23312.486,10,2026-09-18T18:11:20.909992+00:00
Qwen2.5-7B,belief_bank_constraints,hidden,24,25686,belief_bank_constraints,420,14026,7706,7013,7013,3005,4701,16.3319,3585,0.968532626697582,0.973044925124792,0.9771606540358162,0.9707835325365206,0.9971943520354116,23329.949,10,2026-09-18T18:11:20.909992+00:00
Qwen2.5-7B,belief_bank_constraints,hidden,24,25686,belief_bank_constraints,511,14026,7706,7013,7013,3005,4701,16.5228,3585,0.9622455679579777,0.9753743760399335,0.9754736568907345,0.9687654933068914,0.9973568833904777,23347.601,10,2026-09-18T18:11:20.909992+00:00
Qwen2.5-7B,belief_bank_constraints,hidden,24,25686,belief_bank_constraints,mean,0,0,0,0,0,0,16.835959999999996,3585.0,0.9679756969706469,0.9779700499168055,0.978782766675318,0.9729393504251679,0.9977704817999922,25443.341,10,2026-09-18T18:11:20.909992+00:00
Qwen2.5-7B,belief_bank_constraints,hidden,24,25686,belief_bank_constraints,std,0,0,0,0,0,0,0.7273495819755444,0.0,0.0048097209312723075,0.002904149647823137,0.002287949482973221,0.0028794547672470056,0.0002891906777483969,25443.341,10,2026-09-18T18:11:20.909992+00:00
Qwen2.5-7B,belief_bank_constraints,hidden,24,25686,belief_bank_facts,2,14026,27416,7013,7013,3556,23860,18.9084,3585,0.11065770523283726,0.2592800899887514,0.633644587102422,0.155114401076716,0.5420602653084123,23368.377,10,2026-09-18T18:11:20.909992+00:00
Qwen2.5-7B,belief_bank_constraints,hidden,24,25686,belief_bank_facts,4,14026,27416,7013,7013,3556,23860,17.3061,3585,0.15038442547788672,0.5995500562429696,0.508717537204552,0.24045564766255004,0.5627165978990681,23387.541,10,2026-09-18T18:11:20.909992+00:00
Qwen2.5-7B,belief_bank_constraints,hidden,24,25686,belief_bank_facts,24,14026,27416,7013,7013,3556,23860,16.8964,3585,0.1852789662097267,0.5967379077615298,0.6073460752845053,0.2827636751282564,0.6470458592351144,23406.301,10,2026-09-18T18:11:20.909992+00:00
Qwen2.5-7B,belief_bank_constraints,hidden,24,25686,belief_bank_facts,42,14026,27416,7013,7013,3556,23860,16.2395,3585,0.18525552486187846,0.6034870641169854,0.6043186460461044,0.2834874504623514,0.6474727671823921,23424.412,10,2026-09-18T18:11:20.909992+00:00
Qwen2.5-7B,belief_bank_constraints,hidden,24,25686,belief_bank_facts,64,14026,27416,7013,7013,3556,23860,17.8925,3585,0.20587804163002052,0.7899325084364455,0.577545958564342,0.3266279069767442,0.7456944957791843,23444.163,10,2026-09-18T18:11:20.909992+00:00
Qwen2.5-7B,belief_bank_constraints,hidden,24,25686,belief_bank_facts,67,14026,27416,7013,7013,3556,23860,15.2724,3585,0.19588213071401586,0.2916197975253093,0.7528450539830756,0.2343502824858757,0.6211258470624952,23461.306,10,2026-09-18T18:11:20.909992+00:00
Qwen2.5-7B,belief_bank_constraints,hidden,24,25686,belief_bank_facts,104,14026,27416,7013,7013,3556,23860,15.1771,3585,0.15357462229961877,0.9176040494938132,0.3333454916836884,0.26311333306454865,0.638340609639847,23478.348,10,2026-09-18T18:11:20.909992+00:00
Qwen2.5-7B,belief_bank_constraints,hidden,24,25686,belief_bank_facts,123,14026,27416,7013,7013,3556,23860,16.3344,3585,0.19781295903378487,0.6816647919010124,0.6001604902246863,0.3066413662239089,0.702149101385378,23496.54,10,2026-09-18T18:11:20.909992+00:00
Qwen2.5-7B,belief_bank_constraints,hidden,24,25686,belief_bank_facts,420,14026,27416,7013,7013,3556,23860,16.7128,3585,0.18026740433379437,0.6597300337457818,0.5667493434490808,0.2831623415811708,0.6579304531872744,23515.111,10,2026-09-18T18:11:20.909992+00:00
Qwen2.5-7B,belief_bank_constraints,hidden,24,25686,belief_bank_facts,511,14026,27416,7013,7013,3556,23860,17.1503,3585,0.19618018018018019,0.765466816647919,0.5627735628829881,0.3123171361367678,0.7225354335423075,23534.119,10,2026-09-18T18:11:20.909992+00:00
Qwen2.5-7B,belief_bank_constraints,hidden,24,25686,belief_bank_facts,mean,0,0,0,0,0,0,16.788990000000002,3585.0,0.17611719599737435,0.6165073115860518,0.5747446746425444,0.268803354079889,0.6487071430221474,25443.341,10,2026-09-18T18:11:20.909992+00:00
Qwen2.5-7B,belief_bank_constraints,hidden,24,25686,belief_bank_facts,std,0,0,0,0,0,0,1.0738597901495337,0.0,0.027909764242913672,0.1957164451201432,0.10030982406516635,0.04715262246951827,0.06118715736607993,25443.341,10,2026-09-18T18:11:20.909992+00:00
Qwen2.5-7B,belief_bank_constraints,hidden,24,25686,halu_eval,2,14026,10000,7013,7013,2812,7188,16.994,3585,0.2564102564102564,0.021337126600284494,0.7074,0.03939592908732764,0.5029880536234328,23552.292,10,2026-09-18T18:11:20.909992+00:00
Qwen2.5-7B,belief_bank_constraints,hidden,24,25686,halu_eval,4,14026,10000,7013,7013,2812,7188,18.6614,3585,0.2698412698412698,0.030227596017069702,0.7043,0.054365206267988485,0.5006198591615075,23572.133,10,2026-09-18T18:11:20.909992+00:00
Qwen2.5-7B,belief_bank_constraints,hidden,24,25686,halu_eval,24,14026,10000,7013,7013,2812,7188,17.9849,3585,0.22380952380952382,0.033428165007112376,0.6956,0.05816831683168317,0.5072604510758012,23591.292,10,2026-09-18T18:11:20.909992+00:00
Qwen2.5-7B,belief_bank_constraints,hidden,24,25686,halu_eval,42,14026,10000,7013,7013,2812,7188,16.5342,3585,0.2956810631229236,0.031650071123755334,0.7065,0.057179569547060716,0.49630835254901684,23609.004,10,2026-09-18T18:11:20.909992+00:00
Qwen2.5-7B,belief_bank_constraints,hidden,24,25686,halu_eval,64,14026,10000,7013,7013,2812,7188,17.691,3585,0.3103448275862069,0.03840682788051209,0.7056,0.06835443037974684,0.5000686698472481,23627.875,10,2026-09-18T18:11:20.909992+00:00
Qwen2.5-7B,belief_bank_constraints,hidden,24,25686,halu_eval,67,14026,10000,7013,7013,2812,7188,15.2838,3585,0.29141104294478526,0.033783783783783786,0.7052,0.06054811982154239,0.5045587526943516,23644.335,10,2026-09-18T18:11:20.909992+00:00
Qwen2.5-7B,belief_bank_constraints,hidden,24,25686,halu_eval,104,14026,10000,7013,7013,2812,7188,16.0415,3585,0.25,0.00995732574679943,0.7132,0.019151846785225718,0.5022360495325305,23661.55,10,2026-09-18T18:11:20.909992+00:00
Qwen2.5-7B,belief_bank_constraints,hidden,24,25686,halu_eval,123,14026,10000,7013,7013,2812,7188,15.4154,3585,0.2972972972972973,0.007823613086770981,0.7158,0.015246015246015246,0.49978567883409286,23678.14,10,2026-09-18T18:11:20.909992+00:00
Qwen2.5-7B,belief_bank_constraints,hidden,24,25686,halu_eval,420,14026,10000,7013,7013,2812,7188,16.6951,3585,0.29754601226993865,0.0344950213371266,0.7056,0.061822817080943275,0.5064942232233112,23696.012,10,2026-09-18T18:11:20.909992+00:00
Qwen2.5-7B,belief_bank_constraints,hidden,24,25686,halu_eval,511,14026,10000,7013,7013,2812,7188,17.2593,3585,0.28950359984842744,0.2716927453769559,0.6077,0.28031553843331497,0.5038608236344595,23714.452,10,2026-09-18T18:11:20.909992+00:00
Qwen2.5-7B,belief_bank_constraints,hidden,24,25686,halu_eval,mean,0,0,0,0,0,0,16.85606,3585.0,0.27818448931306294,0.05128022759601707,0.69669,0.07145477894808486,0.5024180914175752,25443.341,10,2026-09-18T18:11:20.909992+00:00
Qwen2.5-7B,belief_bank_constraints,hidden,24,25686,halu_eval,std,0,0,0,0,0,0,1.0369570735570497,0.0,0.0258425584617174,0.074145244248896,0.03009689186610471,0.07172120730596304,0.003163812995207191,25443.341,10,2026-09-18T18:11:20.909992+00:00
Qwen2.5-7B,belief_bank_constraints,hidden,25,25686,belief_bank_constraints,2,14026,7706,7013,7013,3005,4701,17.82,3585,0.9688638622060285,0.9733777038269551,0.9774201920581366,0.9711155378486056,0.9974839494977704,23734.099,10,2026-09-18T18:11:20.909992+00:00
Qwen2.5-7B,belief_bank_constraints,hidden,25,25686,belief_bank_constraints,4,14026,7706,7013,7013,3005,4701,16.2693,3585,0.9726433750823995,0.9820299500831947,0.9822216454710615,0.9773141248551085,0.9977334804327043,23751.5,10,2026-09-18T18:11:20.909992+00:00
Qwen2.5-7B,belief_bank_constraints,hidden,25,25686,belief_bank_constraints,24,14026,7706,7013,7013,3005,4701,16.7403,3585,0.961864406779661,0.9820299500831947,0.977809499091617,0.9718425819199736,0.9976494539873804,23769.382,10,2026-09-18T18:11:20.909992+00:00
Qwen2.5-7B,belief_bank_constraints,hidden,25,25686,belief_bank_constraints,42,14026,7706,7013,7013,3005,4701,16.2744,3585,0.9674020414883109,0.9777038269550749,0.9784583441474176,0.9725256537570341,0.9972883597181328,23786.785,10,2026-09-18T18:11:20.909992+00:00
Qwen2.5-7B,belief_bank_constraints,hidden,25,25686,belief_bank_constraints,64,14026,7706,7013,7013,3005,4701,18.094,3585,0.9615885416666666,0.9830282861896839,0.9780690371139372,0.9721902254401843,0.9976616296812267,23806.008,10,2026-09-18T18:11:20.909992+00:00
Qwen2.5-7B,belief_bank_constraints,hidden,25,25686,belief_bank_constraints,67,14026,7706,7013,7013,3005,4701,16.8994,3585,0.9677100494233938,0.9773710482529118,0.9784583441474176,0.9725165562913908,0.9976071222145888,23824.038,10,2026-09-18T18:11:20.909992+00:00
Qwen2.5-7B,belief_bank_constraints,hidden,25,25686,belief_bank_constraints,104,14026,7706,7013,7013,3005,4701,15.4268,3585,0.9741379310344828,0.9777038269550749,0.9811834933817805,0.9759176216575319,0.997753442907499,23840.596,10,2026-09-18T18:11:20.909992+00:00
Qwen2.5-7B,belief_bank_constraints,hidden,25,25686,belief_bank_constraints,123,14026,7706,7013,7013,3005,4701,18.4095,3585,0.9648142058533378,0.9763727121464226,0.9769011160134959,0.9705590473040027,0.9975553047268237,23860.136,10,2026-09-18T18:11:20.909992+00:00
Qwen2.5-7B,belief_bank_constraints,hidden,25,25686,belief_bank_constraints,420,14026,7706,7013,7013,3005,4701,15.5784,3585,0.9648026315789474,0.9760399334442595,0.9767713470023358,0.9703887510339123,0.9970208483980999,23876.844,10,2026-09-18T18:11:20.909992+00:00
Qwen2.5-7B,belief_bank_constraints,hidden,25,25686,belief_bank_constraints,511,14026,7706,7013,7013,3005,4701,15.0176,3585,0.9600131104555883,0.9747088186356073,0.9743057357902932,0.9673051519154557,0.9970186539416508,23892.994,10,2026-09-18T18:11:20.909992+00:00
Qwen2.5-7B,belief_bank_constraints,hidden,25,25686,belief_bank_constraints,mean,0,0,0,0,0,0,16.65297,3585.0,0.9663840155568817,0.9780366056572378,0.9781598754217493,0.97216752520232,0.9974772245505875,25443.341,10,2026-09-18T18:11:20.909992+00:00
Qwen2.5-7B,belief_bank_constraints,hidden,25,25686,belief_bank_constraints,std,0,0,0,0,0,0,1.105234133611517,0.0,0.004440992139719615,0.0031146379918263216,0.0021180990068821377,0.002672217874250009,0.00026132033058015304,25443.341,10,2026-09-18T18:11:20.909992+00:00
Qwen2.5-7B,belief_bank_constraints,hidden,25,25686,belief_bank_facts,2,14026,27416,7013,7013,3556,23860,17.6786,3585,0.1663101604278075,0.3498312710911136,0.6882112634957689,0.22544400144980065,0.6195629713825587,23912.543,10,2026-09-18T18:11:20.909992+00:00
Qwen2.5-7B,belief_bank_constraints,hidden,25,25686,belief_bank_facts,4,14026,27416,7013,7013,3556,23860,16.8253,3585,0.18675817521194993,0.6504499437570304,0.5872847971987161,0.29019509441063923,0.659334258615829,23931.237,10,2026-09-18T18:11:20.909992+00:00
Qwen2.5-7B,belief_bank_constraints,hidden,25,25686,belief_bank_facts,24,14026,27416,7013,7013,3556,23860,17.6019,3585,0.19117549778395185,0.8127109111361079,0.5297271666180333,0.3095378353772827,0.6921007385602365,23950.698,10,2026-09-18T18:11:20.909992+00:00
Qwen2.5-7B,belief_bank_constraints,hidden,25,25686,belief_bank_facts,42,14026,27416,7013,7013,3556,23860,15.8677,3585,0.178616670889283,0.5947694038245219,0.5926831047563467,0.27472884328115865,0.6305294547213449,23968.43,10,2026-09-18T18:11:20.909992+00:00
Qwen2.5-7B,belief_bank_constraints,hidden,25,25686,belief_bank_facts,64,14026,27416,7013,7013,3556,23860,17.9148,3585,0.19531897265948633,0.795556805399325,0.5483659177122848,0.31363636363636366,0.722934750376446,23988.208,10,2026-09-18T18:11:20.909992+00:00
Qwen2.5-7B,belief_bank_constraints,hidden,25,25686,belief_bank_facts,67,14026,27416,7013,7013,3556,23860,17.489,3585,0.21844368873774755,0.30708661417322836,0.7676174496644296,0.25528930450029225,0.6566725471135052,24007.562,10,2026-09-18T18:11:20.909992+00:00
Qwen2.5-7B,belief_bank_constraints,hidden,25,25686,belief_bank_facts,104,14026,27416,7013,7013,3556,23860,16.0992,3585,0.15431452763771286,0.9122609673790776,0.34016632623285675,0.26397591341850435,0.696059096840682,24025.519,10,2026-09-18T18:11:20.909992+00:00
Qwen2.5-7B,belief_bank_constraints,hidden,25,25686,belief_bank_facts,123,14026,27416,7013,7013,3556,23860,16.7435,3585,0.16855178531825238,0.8548931383577053,0.43419900787861104,0.28158577250833644,0.7269131331341335,24044.127,10,2026-09-18T18:11:20.909992+00:00
Qwen2.5-7B,belief_bank_constraints,hidden,25,25686,belief_bank_facts,420,14026,27416,7013,7013,3556,23860,14.5613,3585,0.20173515111068738,0.595050618672666,0.6420703238984534,0.3013171947312211,0.6699906631013118,24060.553,10,2026-09-18T18:11:20.909992+00:00
Qwen2.5-7B,belief_bank_constraints,hidden,25,25686,belief_bank_facts,511,14026,27416,7013,7013,3556,23860,14.7327,3585,0.1858628405949717,0.7941507311586051,0.5221038809454334,0.30122666666666664,0.7111133078974935,24077.149,10,2026-09-18T18:11:20.909992+00:00
Qwen2.5-7B,belief_bank_constraints,hidden,25,25686,belief_bank_facts,mean,0,0,0,0,0,0,16.551399999999997,3585.0,0.18470874703718504,0.6666760404949381,0.5652429238400934,0.28169369899802654,0.6785210921743541,25443.341,10,2026-09-18T18:11:20.909992+00:00
Qwen2.5-7B,belief_bank_constraints,hidden,25,25686,belief_bank_facts,std,0,0,0,0,0,0,1.147349347844849,0.0,0.01774359020570536,0.1975305239932927,0.11595562963462866,0.026188133193843895,0.03544872718265117,25443.341,10,2026-09-18T18:11:20.909992+00:00
Qwen2.5-7B,belief_bank_constraints,hidden,25,25686,halu_eval,2,14026,10000,7013,7013,2812,7188,17.943,3585,0.2529274004683841,0.03840682788051209,0.6977,0.06668724915097252,0.4980645789449937,24096.278,10,2026-09-18T18:11:20.909992+00:00
Qwen2.5-7B,belief_bank_constraints,hidden,25,25686,halu_eval,4,14026,10000,7013,7013,2812,7188,17.1507,3585,0.2704296545914069,0.11415362731152205,0.6643,0.16054013503375844,0.49536119844913,24114.612,10,2026-09-18T18:11:20.909992+00:00
Qwen2.5-7B,belief_bank_constraints,hidden,25,25686,halu_eval,24,14026,10000,7013,7013,2812,7188,16.0421,3585,0.26666666666666666,0.07965860597439545,0.6796,0.12267250821467689,0.49787452475320415,24131.836,10,2026-09-18T18:11:20.909992+00:00
Qwen2.5-7B,belief_bank_constraints,hidden,25,25686,halu_eval,42,14026,10000,7013,7013,2812,7188,17.3716,3585,0.26512455516014233,0.05298719772403983,0.6924,0.08832246591582692,0.4904368827134841,24150.386,10,2026-09-18T18:11:20.909992+00:00
Qwen2.5-7B,belief_bank_constraints,hidden,25,25686,halu_eval,64,14026,10000,7013,7013,2812,7188,19.0716,3585,0.3023255813953488,0.032361308677098154,0.7069,0.058464503694185675,0.49076274290721617,24170.634,10,2026-09-18T18:11:20.909992+00:00
Qwen2.5-7B,belief_bank_constraints,hidden,25,25686,halu_eval,67,14026,10000,7013,7013,2812,7188,17.793,3585,0.2833333333333333,0.10881934566145092,0.672,0.15724563206577596,0.4977373829545212,24189.603,10,2026-09-18T18:11:20.909992+00:00
Qwen2.5-7B,belief_bank_constraints,hidden,25,25686,halu_eval,104,14026,10000,7013,7013,2812,7188,15.9797,3585,0.2620904836193448,0.059743954480796585,0.6883,0.09730668983492616,0.4990452269112976,24206.762,10,2026-09-18T18:11:20.909992+00:00
Qwen2.5-7B,belief_bank_constraints,hidden,25,25686,halu_eval,123,14026,10000,7013,7013,2812,7188,16.6326,3585,0.23756906077348067,0.015291607396870554,0.7093,0.028733711994654194,0.49332457842254873,24224.57,10,2026-09-18T18:11:20.909992+00:00
Qwen2.5-7B,belief_bank_constraints,hidden,25,25686,halu_eval,420,14026,10000,7013,7013,2812,7188,15.4365,3585,0.29411764705882354,0.07290184921763869,0.6901,0.11684240524365916,0.49795125885484814,24241.18,10,2026-09-18T18:11:20.909992+00:00
Qwen2.5-7B,belief_bank_constraints,hidden,25,25686,halu_eval,511,14026,10000,7013,7013,2812,7188,13.825,3585,0.28741390106449594,0.1632290184921764,0.6509,0.20821047856656838,0.49956920555121503,24256.185,10,2026-09-18T18:11:20.909992+00:00
Qwen2.5-7B,belief_bank_constraints,hidden,25,25686,halu_eval,mean,0,0,0,0,0,0,16.72458,3585.0,0.2721998284131427,0.07375533428165007,0.68515,0.11050257797150043,0.49601275804624595,25443.341,10,2026-09-18T18:11:20.909992+00:00
Qwen2.5-7B,belief_bank_constraints,hidden,25,25686,halu_eval,std,0,0,0,0,0,0,1.4082110763660398,0.0,0.018708551492867993,0.04232168247507068,0.017641669422138025,0.05138461361660349,0.0032024417448000154,25443.341,10,2026-09-18T18:11:20.909992+00:00
Qwen2.5-7B,belief_bank_constraints,hidden,26,25686,belief_bank_constraints,2,14026,7706,7013,7013,3005,4701,18.9811,3585,0.9695061319191249,0.9733777038269551,0.9776797300804568,0.9714380604450349,0.9975408637876105,24276.965,10,2026-09-18T18:11:20.909992+00:00
Qwen2.5-7B,belief_bank_constraints,hidden,26,25686,belief_bank_constraints,4,14026,7706,7013,7013,3005,4701,17.1787,3585,0.9704142011834319,0.9823627287853577,0.9814430314041007,0.9763519100380353,0.9975082300965453,24295.267,10,2026-09-18T18:11:20.909992+00:00
Qwen2.5-7B,belief_bank_constraints,hidden,26,25686,belief_bank_constraints,24,14026,7706,7013,7013,3005,4701,17.6109,3585,0.9558584875040571,0.9800332778702163,0.9745652738126136,0.9677949392047321,0.9973786863771331,24313.997,10,2026-09-18T18:11:20.909992+00:00
Qwen2.5-7B,belief_bank_constraints,hidden,26,25686,belief_bank_constraints,42,14026,7706,7013,7013,3005,4701,16.8042,3585,0.9664363277393879,0.9773710482529118,0.9779392681027771,0.971872931833223,0.9971914496897853,24331.923,10,2026-09-18T18:11:20.909992+00:00
Qwen2.5-7B,belief_bank_constraints,hidden,26,25686,belief_bank_constraints,64,14026,7706,7013,7013,3005,4701,16.8188,3585,0.9608610567514677,0.9803660565723794,0.9767713470023358,0.970515565804645,0.9972967128104226,24349.863,10,2026-09-18T18:11:20.909992+00:00
Qwen2.5-7B,belief_bank_constraints,hidden,26,25686,belief_bank_constraints,67,14026,7706,7013,7013,3005,4701,16.9573,3585,0.9667325428194994,0.9767054908485857,0.977809499091617,0.9716934282403575,0.9975343512071811,24367.937,10,2026-09-18T18:11:20.909992+00:00
Qwen2.5-7B,belief_bank_constraints,hidden,26,25686,belief_bank_constraints,104,14026,7706,7013,7013,3005,4701,19.1603,3585,0.9731610337972167,0.9773710482529118,0.9806644173371399,0.9752614975925619,0.9973416637731696,24388.215,10,2026-09-18T18:11:20.909992+00:00
Qwen2.5-7B,belief_bank_constraints,hidden,26,25686,belief_bank_constraints,123,14026,7706,7013,7013,3005,4701,16.0623,3585,0.9614000654236179,0.9780366056572379,0.9761225019465352,0.9696469811943254,0.9971567631201066,24405.395,10,2026-09-18T18:11:20.909992+00:00
Qwen2.5-7B,belief_bank_constraints,hidden,26,25686,belief_bank_constraints,420,14026,7706,7013,7013,3005,4701,15.5749,3585,0.9625615763546798,0.9753743760399335,0.9756034259018946,0.9689256198347107,0.9968767929505562,24422.088,10,2026-09-18T18:11:20.909992+00:00
Qwen2.5-7B,belief_bank_constraints,hidden,26,25686,belief_bank_constraints,511,14026,7706,7013,7013,3005,4701,17.7449,3585,0.9620791108205295,0.9793677204658902,0.9769011160134959,0.9706464379947229,0.9967673532837741,24440.96,10,2026-09-18T18:11:20.909992+00:00
Qwen2.5-7B,belief_bank_constraints,hidden,26,25686,belief_bank_constraints,mean,0,0,0,0,0,0,17.289340000000003,3585.0,0.9649010534313012,0.9780366056572378,0.9775499610692966,0.9714147372182349,0.9972592867096284,25443.341,10,2026-09-18T18:11:20.909992+00:00
Qwen2.5-7B,belief_bank_constraints,hidden,26,25686,belief_bank_constraints,std,0,0,0,0,0,0,1.081557724950453,0.0,0.0049932278546386665,0.002476911023750855,0.0020212330622826477,0.002515627021031699,0.0002535300439077594,25443.341,10,2026-09-18T18:11:20.909992+00:00
Qwen2.5-7B,belief_bank_constraints,hidden,26,25686,belief_bank_facts,2,14026,27416,7013,7013,3556,23860,20.7807,3585,0.18656832298136647,0.6757592800899888,0.5757951561132185,0.29240691165733756,0.6405687717629178,24463.588,10,2026-09-18T18:11:20.909992+00:00
Qwen2.5-7B,belief_bank_constraints,hidden,26,25686,belief_bank_facts,4,14026,27416,7013,7013,3556,23860,17.6802,3585,0.1728156549918983,0.7798087739032621,0.48730668222935514,0.28293031323334356,0.6367544918945065,24483.115,10,2026-09-18T18:11:20.909992+00:00
Qwen2.5-7B,belief_bank_constraints,hidden,26,25686,belief_bank_facts,24,14026,27416,7013,7013,3556,23860,17.4472,3585,0.18572871087176035,0.7758717660292463,0.5297271666180333,0.2997121286187605,0.6848407164213443,24502.422,10,2026-09-18T18:11:20.909992+00:00
Qwen2.5-7B,belief_bank_constraints,hidden,26,25686,belief_bank_facts,42,14026,27416,7013,7013,3556,23860,17.015,3585,0.16710534369835342,0.7677165354330708,0.47355558797782316,0.27446840597194994,0.613017613289747,24521.286,10,2026-09-18T18:11:20.909992+00:00
Qwen2.5-7B,belief_bank_constraints,hidden,26,25686,belief_bank_facts,64,14026,27416,7013,7013,3556,23860,17.7516,3585,0.20446370176586004,0.7033183352080989,0.6065800992121388,0.3168229034709906,0.7115070027918765,24540.884,10,2026-09-18T18:11:20.909992+00:00
Qwen2.5-7B,belief_bank_constraints,hidden,26,25686,belief_bank_facts,67,14026,27416,7013,7013,3556,23860,16.3086,3585,0.22618145059388425,0.5033745781777278,0.7122118470965859,0.3121185701830863,0.6834565288517477,24559.046,10,2026-09-18T18:11:20.909992+00:00
Qwen2.5-7B,belief_bank_constraints,hidden,26,25686,belief_bank_facts,104,14026,27416,7013,7013,3556,23860,18.475,3585,0.152885443583118,0.8984814398200225,0.3411146775605486,0.26130694364930074,0.7018890247949936,24579.369,10,2026-09-18T18:11:20.909992+00:00
Qwen2.5-7B,belief_bank_constraints,hidden,26,25686,belief_bank_facts,123,14026,27416,7013,7013,3556,23860,16.473,3585,0.16920152091254753,0.8008998875140607,0.46410854975196963,0.2793800274671375,0.6840101308061556,24597.703,10,2026-09-18T18:11:20.909992+00:00
Qwen2.5-7B,belief_bank_constraints,hidden,26,25686,belief_bank_facts,420,14026,27416,7013,7013,3556,23860,15.8577,3585,0.15951153324287654,0.8264904386951631,0.4126422526991538,0.2674127655702652,0.665078796730459,24615.419,10,2026-09-18T18:11:20.909992+00:00
Qwen2.5-7B,belief_bank_constraints,hidden,26,25686,belief_bank_facts,511,14026,27416,7013,7013,3556,23860,16.0581,3585,0.15653874358347591,0.9004499437570304,0.35778377589728627,0.2667110907500729,0.7158128252356972,24633.332,10,2026-09-18T18:11:20.909992+00:00
Qwen2.5-7B,belief_bank_constraints,hidden,26,25686,belief_bank_facts,mean,0,0,0,0,0,0,17.384709999999995,3585.0,0.17810004262251408,0.7632170978627671,0.4960825795156113,0.2853270060572245,0.6736935902579445,25443.341,10,2026-09-18T18:11:20.909992+00:00
Qwen2.5-7B,belief_bank_constraints,hidden,26,25686,belief_bank_facts,std,0,0,0,0,0,0,1.3843725997360683,0.0,0.021933907118980325,0.11034642742991566,0.10868225864021912,0.018358354709256206,0.03246907834952534,25443.341,10,2026-09-18T18:11:20.909992+00:00
Qwen2.5-7B,belief_bank_constraints,hidden,26,25686,halu_eval,2,14026,10000,7013,7013,2812,7188,18.9437,3585,0.2874153630632734,0.43776671408250356,0.5367,0.3470049330514447,0.5071900001662325,24653.447,10,2026-09-18T18:11:20.909992+00:00
Qwen2.5-7B,belief_bank_constraints,hidden,26,25686,halu_eval,4,14026,10000,7013,7013,2812,7188,16.858,3585,0.2787272727272727,0.5451635846372689,0.4754,0.3688642925890279,0.49768063633003,24671.479,10,2026-09-18T18:11:20.909992+00:00
Qwen2.5-7B,belief_bank_constraints,hidden,26,25686,halu_eval,24,14026,10000,7013,7013,2812,7188,18.0139,3585,0.2856531049250535,0.2371977240398293,0.6187,0.25918010491548477,0.4989680970180267,24690.666,10,2026-09-18T18:11:20.909992+00:00
Qwen2.5-7B,belief_bank_constraints,hidden,26,25686,halu_eval,42,14026,10000,7013,7013,2812,7188,17.4228,3585,0.27718940936863545,0.48399715504978663,0.5,0.3524993524993525,0.4943283554620431,24709.262,10,2026-09-18T18:11:20.909992+00:00
Qwen2.5-7B,belief_bank_constraints,hidden,26,25686,halu_eval,64,14026,10000,7013,7013,2812,7188,16.7359,3585,0.28034682080924855,0.172475106685633,0.6428,0.21356230735358872,0.49850410554654473,24727.176,10,2026-09-18T18:11:20.909992+00:00
Qwen2.5-7B,belief_bank_constraints,hidden,26,25686,halu_eval,67,14026,10000,7013,7013,2812,7188,17.6754,3585,0.28636106395019806,0.35988620199146515,0.5678,0.3189410652379452,0.5032823989088816,24746.022,10,2026-09-18T18:11:20.909992+00:00
Qwen2.5-7B,belief_bank_constraints,hidden,26,25686,halu_eval,104,14026,10000,7013,7013,2812,7188,19.999,3585,0.277602523659306,0.43812233285917496,0.5214,0.33986206896551724,0.4964434906525892,24767.197,10,2026-09-18T18:11:20.909992+00:00
Qwen2.5-7B,belief_bank_constraints,hidden,26,25686,halu_eval,123,14026,10000,7013,7013,2812,7188,16.9999,3585,0.28247048138056313,0.4423897581792319,0.5272,0.34478935698447893,0.49847395117197857,24785.371,10,2026-09-18T18:11:20.909992+00:00
Qwen2.5-7B,belief_bank_constraints,hidden,26,25686,halu_eval,420,14026,10000,7013,7013,2812,7188,15.6988,3585,0.28033866415804326,0.317923186344239,0.5787,0.2979503416097317,0.5010725953086027,24802.245,10,2026-09-18T18:11:20.909992+00:00
Qwen2.5-7B,belief_bank_constraints,hidden,26,25686,halu_eval,511,14026,10000,7013,7013,2812,7188,16.042,3585,0.2834253160049849,0.566145092460882,0.4755,0.37774350456756434,0.5058099737115201,24819.462,10,2026-09-18T18:11:20.909992+00:00
Qwen2.5-7B,belief_bank_constraints,hidden,26,25686,halu_eval,mean,0,0,0,0,0,0,17.43894,3585.0,0.2819530020046579,0.40010668563300145,0.54442,0.3220397327774136,0.500175360427645,25443.341,10,2026-09-18T18:11:20.909992+00:00
Qwen2.5-7B,belief_bank_constraints,hidden,26,25686,halu_eval,std,0,0,0,0,0,0,1.2332479038701012,0.0,0.003501490599927223,0.12125447336555394,0.054120971905537704,0.048979858584079376,0.003910193022838215,25443.341,10,2026-09-18T18:11:20.909992+00:00
Qwen2.5-7B,belief_bank_constraints,hidden,27,25686,belief_bank_constraints,2,14026,7706,7013,7013,3005,4701,21.0872,3585,0.9636483807005949,0.9703826955074876,0.9741759667791331,0.9670038136295805,0.9971380040569129,24842.415,10,2026-09-18T18:11:20.909992+00:00
Qwen2.5-7B,belief_bank_constraints,hidden,27,25686,belief_bank_constraints,4,14026,7706,7013,7013,3005,4701,17.6638,3585,0.9643790849673203,0.9820299500831947,0.978847651180898,0.9731244847485573,0.9972588407394468,24861.207,10,2026-09-18T18:11:20.909992+00:00
Qwen2.5-7B,belief_bank_constraints,hidden,27,25686,belief_bank_constraints,24,14026,7706,7013,7013,3005,4701,20.1616,3585,0.9519509835536923,0.9823627287853577,0.9737866597456527,0.9669177857844743,0.9969236552140817,24882.491,10,2026-09-18T18:11:20.909992+00:00
Qwen2.5-7B,belief_bank_constraints,hidden,27,25686,belief_bank_constraints,42,14026,7706,7013,7013,3005,4701,18.8882,3585,0.9598432908912831,0.978369384359401,0.9756034259018946,0.9690177982860909,0.9968140739694639,24902.505,10,2026-09-18T18:11:20.909992+00:00
Qwen2.5-7B,belief_bank_constraints,hidden,27,25686,belief_bank_constraints,64,14026,7706,7013,7013,3005,4701,19.1324,3585,0.9581304771178188,0.9823627287853577,0.9763820399688554,0.9700953006901084,0.9968959059583385,24922.782,10,2026-09-18T18:11:20.909992+00:00
Qwen2.5-7B,belief_bank_constraints,hidden,27,25686,belief_bank_constraints,67,14026,7706,7013,7013,3005,4701,19.2242,3585,0.9643446682073291,0.9720465890183029,0.9750843498572541,0.9681803115677826,0.9969288228050746,24943.148,10,2026-09-18T18:11:20.909992+00:00
Qwen2.5-7B,belief_bank_constraints,hidden,27,25686,belief_bank_constraints,104,14026,7706,7013,7013,3005,4701,18.441,3585,0.9625492772667543,0.9750415973377704,0.9754736568907345,0.9687551661431641,0.9966860876062409,24962.729,10,2026-09-18T18:11:20.909992+00:00
Qwen2.5-7B,belief_bank_constraints,hidden,27,25686,belief_bank_constraints,123,14026,7706,7013,7013,3005,4701,19.5485,3585,0.9603148573302722,0.9743760399334442,0.9743057357902932,0.9672943508424182,0.996640145598646,24983.419,10,2026-09-18T18:11:20.909992+00:00
Qwen2.5-7B,belief_bank_constraints,hidden,27,25686,belief_bank_constraints,420,14026,7706,7013,7013,3005,4701,19.2927,3585,0.9589490968801314,0.9717138103161398,0.9727485076563717,0.9652892561983472,0.996434574581611,25003.852,10,2026-09-18T18:11:20.909992+00:00
Qwen2.5-7B,belief_bank_constraints,hidden,27,25686,belief_bank_constraints,511,14026,7706,7013,7013,3005,4701,17.8649,3585,0.9568486433474992,0.9740432612312812,0.9727485076563717,0.9653693931398417,0.9961866010028666,25022.853,10,2026-09-18T18:11:20.909992+00:00
Qwen2.5-7B,belief_bank_constraints,hidden,27,25686,belief_bank_constraints,mean,0,0,0,0,0,0,19.130450000000003,3585.0,0.9600958760262696,0.9762728785357739,0.9749156501427458,0.9681047661030364,0.9967906711532682,25443.341,10,2026-09-18T18:11:20.909992+00:00
Qwen2.5-7B,belief_bank_constraints,hidden,27,25686,belief_bank_constraints,std,0,0,0,0,0,0,0.9689545915573137,0.0,0.0037042006120030775,0.004417441422533523,0.0017323555446401271,0.002216062072924404,0.00030224440086850377,25443.341,10,2026-09-18T18:11:20.909992+00:00
Qwen2.5-7B,belief_bank_constraints,hidden,27,25686,belief_bank_facts,2,14026,27416,7013,7013,3556,23860,20.063,3585,0.16411018523432938,0.8695163104611924,0.40862999708199593,0.27610840737598785,0.7070290570604493,25044.774,10,2026-09-18T18:11:20.909992+00:00
Qwen2.5-7B,belief_bank_constraints,hidden,27,25686,belief_bank_facts,4,14026,27416,7013,7013,3556,23860,19.8474,3585,0.15350129136007018,0.8858267716535433,0.3515830172162241,0.26166050587697803,0.6530695437483558,25066.477,10,2026-09-18T18:11:20.909992+00:00
Qwen2.5-7B,belief_bank_constraints,hidden,27,25686,belief_bank_facts,24,14026,27416,7013,7013,3556,23860,22.0317,3585,0.1591967549702038,0.8939820022497188,0.3738327983659177,0.27026567481402763,0.7276412332626485,25090.354,10,2026-09-18T18:11:20.909992+00:00
Qwen2.5-7B,belief_bank_constraints,hidden,27,25686,belief_bank_facts,42,14026,27416,7013,7013,3556,23860,19.958,3585,0.15786694825765576,0.8408323959505062,0.39757805660927925,0.26582503556187764,0.6496543626723944,25112.163,10,2026-09-18T18:11:20.909992+00:00
Qwen2.5-7B,belief_bank_constraints,hidden,27,25686,belief_bank_facts,64,14026,27416,7013,7013,3556,23860,18.9789,3585,0.1917439827887589,0.8020247469066367,0.5358185001459002,0.30949538795442216,0.7396333905977595,25133.001,10,2026-09-18T18:11:20.909992+00:00
Qwen2.5-7B,belief_bank_constraints,hidden,27,25686,belief_bank_facts,67,14026,27416,7013,7013,3556,23860,19.1506,3585,0.1758963889243333,0.7753093363329584,0.49970819959147944,0.28673946957878316,0.6958432119968659,25154.004,10,2026-09-18T18:11:20.909992+00:00
Qwen2.5-7B,belief_bank_constraints,hidden,27,25686,belief_bank_facts,104,14026,27416,7013,7013,3556,23860,19.5556,3585,0.15960859801090793,0.8394263217097863,0.40589436825211556,0.2682181687483152,0.6785083968443592,25175.409,10,2026-09-18T18:11:20.909992+00:00
Qwen2.5-7B,belief_bank_constraints,hidden,27,25686,belief_bank_facts,123,14026,27416,7013,7013,3556,23860,18.6067,3585,0.14964062137723164,0.90748031496063,0.31912022176831045,0.25691652402372517,0.7201785914648346,25195.871,10,2026-09-18T18:11:20.909992+00:00
Qwen2.5-7B,belief_bank_constraints,hidden,27,25686,belief_bank_facts,420,14026,27416,7013,7013,3556,23860,18.7301,3585,0.15152870991797165,0.8571428571428571,0.35895097753136856,0.2575303113514427,0.6394153194440384,25216.461,10,2026-09-18T18:11:20.909992+00:00
Qwen2.5-7B,belief_bank_constraints,hidden,27,25686,belief_bank_facts,511,14026,27416,7013,7013,3556,23860,17.9438,3585,0.1504180875414584,0.905511811023622,0.32437262912168074,0.2579818130833634,0.7271416938609832,25236.264,10,2026-09-18T18:11:20.909992+00:00
Qwen2.5-7B,belief_bank_constraints,hidden,27,25686,belief_bank_facts,mean,0,0,0,0,0,0,19.486579999999996,3585.0,0.1613511568382921,0.8577052868391449,0.3975488765684272,0.27107412983689233,0.6938114800952688,25443.341,10,2026-09-18T18:11:20.909992+00:00
Qwen2.5-7B,belief_bank_constraints,hidden,27,25686,belief_bank_facts,std,0,0,0,0,0,0,1.061335477405707,0.0,0.012559805126094201,0.04185436891716258,0.06739316203076563,0.01557947654587936,0.03468709084865724,25443.341,10,2026-09-18T18:11:20.909992+00:00
Qwen2.5-7B,belief_bank_constraints,hidden,27,25686,halu_eval,2,14026,10000,7013,7013,2812,7188,20.2604,3585,0.283303730017762,0.6806543385490754,0.426,0.40008361204013376,0.5056109152602211,25257.698,10,2026-09-18T18:11:20.909992+00:00
Qwen2.5-7B,belief_bank_constraints,hidden,27,25686,halu_eval,4,14026,10000,7013,7013,2812,7188,17.8622,3585,0.28212458621727354,0.6667852062588905,0.4292,0.39648974413195176,0.49870449979458414,25276.732,10,2026-09-18T18:11:20.909992+00:00
Qwen2.5-7B,belief_bank_constraints,hidden,27,25686,halu_eval,24,14026,10000,7013,7013,2812,7188,20.1017,3585,0.28188507358093906,0.5721906116642959,0.4698,0.3776995305164319,0.4953634000400541,25298.007,10,2026-09-18T18:11:20.909992+00:00
Qwen2.5-7B,belief_bank_constraints,hidden,27,25686,halu_eval,42,14026,10000,7013,7013,2812,7188,18.6591,3585,0.28051198846223185,0.5533428165007113,0.4753,0.3722933365235076,0.4937404317374223,25317.833,10,2026-09-18T18:11:20.909992+00:00
Qwen2.5-7B,belief_bank_constraints,hidden,27,25686,halu_eval,64,14026,10000,7013,7013,2812,7188,19.5829,3585,0.2811217510259918,0.43847795163584635,0.5268,0.34259516532370105,0.4999342491159994,25338.585,10,2026-09-18T18:11:20.909992+00:00
Qwen2.5-7B,belief_bank_constraints,hidden,27,25686,halu_eval,67,14026,10000,7013,7013,2812,7188,19.8693,3585,0.2827932098765432,0.5213371266002845,0.4936,0.36668334167083544,0.5046565627001223,25359.621,10,2026-09-18T18:11:20.909992+00:00
Qwen2.5-7B,belief_bank_constraints,hidden,27,25686,halu_eval,104,14026,10000,7013,7013,2812,7188,18.4141,3585,0.2762420957542909,0.5437411095305832,0.4711,0.3663591709596262,0.49631889050108013,25379.204,10,2026-09-18T18:11:20.909992+00:00
Qwen2.5-7B,belief_bank_constraints,hidden,27,25686,halu_eval,123,14026,10000,7013,7013,2812,7188,20.8562,3585,0.2842847979474022,0.7880512091038406,0.3825,0.4178372772697275,0.49990058209074556,25401.231,10,2026-09-18T18:11:20.909992+00:00
Qwen2.5-7B,belief_bank_constraints,hidden,27,25686,halu_eval,420,14026,10000,7013,7013,2812,7188,20.2392,3585,0.2822675559042762,0.5117354196301565,0.4968,0.3638432364096081,0.498844535819538,25422.637,10,2026-09-18T18:11:20.909992+00:00
Qwen2.5-7B,belief_bank_constraints,hidden,27,25686,halu_eval,511,14026,10000,7013,7013,2812,7188,18.9738,3585,0.28378833838894507,0.8982930298719772,0.3339,0.4313156322035345,0.5043713948330194,25442.787,10,2026-09-18T18:11:20.909992+00:00
Qwen2.5-7B,belief_bank_constraints,hidden,27,25686,halu_eval,mean,0,0,0,0,0,0,19.481890000000003,3585.0,0.2818323127175656,0.617460881934566,0.4505,0.38352000470490577,0.4997445461892786,25443.341,10,2026-09-18T18:11:20.909992+00:00
Qwen2.5-7B,belief_bank_constraints,hidden,27,25686,halu_eval,std,0,0,0,0,0,0,0.9116736372737779,0.0,0.0021611440568195224,0.13358208134094254,0.0552343914603936,0.02589317585224172,0.0038585090261530875,25443.341,10,2026-09-18T18:11:20.909992+00:00
