model,train_dataset,layer_type,layer,num_samples,eval_dataset,split_seed,train_size,test_size,train_hall,train_not_hall,test_hall,test_not_hall,fit_time_s,model_params,precision,recall,accuracy,f1,auroc,total_runtime_s,num_splits,created_at_utc
Llama-3.1-8B-Instruct,belief_bank_constraints,mlp,0,25878,belief_bank_constraints,2,4282,7764,2141,2141,917,6847,15.9694,4097,0.591715976331361,0.9814612868047983,0.9178258629572386,0.7383100902379,0.9731689638251492,50.443,10,2026-09-18T18:12:38.201124+00:00
Llama-3.1-8B-Instruct,belief_bank_constraints,mlp,0,25878,belief_bank_constraints,4,4282,7764,2141,2141,917,6847,16.1475,4097,0.6143745680718729,0.9694656488549618,0.9245234415249871,0.7521150592216582,0.9804058133699355,67.318,10,2026-09-18T18:12:38.201124+00:00
Llama-3.1-8B-Instruct,belief_bank_constraints,mlp,0,25878,belief_bank_constraints,24,4282,7764,2141,2141,917,6847,15.9648,4097,0.5963975983989326,0.9749182115594329,0.9191138588356518,0.7400662251655629,0.9780933916405293,84.005,10,2026-09-18T18:12:38.201124+00:00
Llama-3.1-8B-Instruct,belief_bank_constraints,mlp,0,25878,belief_bank_constraints,42,4282,7764,2141,2141,917,6847,16.6933,4097,0.589960886571056,0.9869138495092693,0.9174394641937146,0.7384740922072623,0.9779898670090732,101.426,10,2026-09-18T18:12:38.201124+00:00
Llama-3.1-8B-Instruct,belief_bank_constraints,mlp,0,25878,belief_bank_constraints,64,4282,7764,2141,2141,917,6847,14.4882,4097,0.6079506511309116,0.9672846237731734,0.922462648119526,0.7466329966329966,0.975465617956841,116.642,10,2026-09-18T18:12:38.201124+00:00
Llama-3.1-8B-Instruct,belief_bank_constraints,mlp,0,25878,belief_bank_constraints,67,4282,7764,2141,2141,917,6847,14.6771,4097,0.6032608695652174,0.9683751363140676,0.9210458526532715,0.7434072833821682,0.9709387247262529,132.048,10,2026-09-18T18:12:38.201124+00:00
Llama-3.1-8B-Instruct,belief_bank_constraints,mlp,0,25878,belief_bank_constraints,104,4282,7764,2141,2141,917,6847,16.4503,4097,0.5990722332670643,0.9858233369683751,0.9204018547140649,0.7452596867271228,0.9783663781302465,149.229,10,2026-09-18T18:12:38.201124+00:00
Llama-3.1-8B-Instruct,belief_bank_constraints,mlp,0,25878,belief_bank_constraints,123,4282,7764,2141,2141,917,6847,15.9478,4097,0.6063257065948856,0.9825517993456925,0.9225914477073673,0.7498959633791095,0.9783424878306797,165.902,10,2026-09-18T18:12:38.201124+00:00
Llama-3.1-8B-Instruct,belief_bank_constraints,mlp,0,25878,belief_bank_constraints,420,4282,7764,2141,2141,917,6847,13.6206,4097,0.6076975016880486,0.9814612868047983,0.9229778464708913,0.7506255212677231,0.9802970328725744,180.25,10,2026-09-18T18:12:38.201124+00:00
Llama-3.1-8B-Instruct,belief_bank_constraints,mlp,0,25878,belief_bank_constraints,511,4282,7764,2141,2141,917,6847,13.0471,4097,0.5924950625411455,0.9814612868047983,0.9180834621329211,0.7389162561576355,0.9720912724116891,194.02,10,2026-09-18T18:12:38.201124+00:00
Llama-3.1-8B-Instruct,belief_bank_constraints,mlp,0,25878,belief_bank_constraints,mean,0,0,0,0,0,0,15.30061,4097.0,0.6009251054160495,0.9779716466739368,0.9206465739309635,0.7443703174379139,0.976515954977297,9142.66,10,2026-09-18T18:12:38.201124+00:00
Llama-3.1-8B-Instruct,belief_bank_constraints,mlp,0,25878,belief_bank_constraints,std,0,0,0,0,0,0,1.1931217108493166,0.0,0.00781507010898168,0.0069792802617230166,0.00234362167107738,0.005062048134955507,0.0032223815771408888,9142.66,10,2026-09-18T18:12:38.201124+00:00
Llama-3.1-8B-Instruct,belief_bank_constraints,mlp,0,25878,belief_bank_facts,2,4282,27416,2141,2141,1971,25445,14.1522,4097,0.07316125019437102,0.4774226281075596,0.5276116136562591,0.12687925571361156,0.5780320044456766,209.762,10,2026-09-18T18:12:38.201124+00:00
Llama-3.1-8B-Instruct,belief_bank_constraints,mlp,0,25878,belief_bank_facts,4,4282,27416,2141,2141,1971,25445,15.6833,4097,0.09959408524209916,0.6971080669710806,0.5251313101838343,0.17428807001966132,0.6681454682999781,227.02,10,2026-09-18T18:12:38.201124+00:00
Llama-3.1-8B-Instruct,belief_bank_constraints,mlp,0,25878,belief_bank_facts,24,4282,27416,2141,2141,1971,25445,13.4989,4097,0.10302796315702388,0.9477422628107559,0.40304931426904,0.18585215401452593,0.7046541126547154,242.093,10,2026-09-18T18:12:38.201124+00:00
Llama-3.1-8B-Instruct,belief_bank_constraints,mlp,0,25878,belief_bank_facts,42,4282,27416,2141,2141,1971,25445,14.8891,4097,0.12563433376830507,0.8792491121258245,0.5513933469506858,0.21985410719949255,0.651090398117965,258.558,10,2026-09-18T18:12:38.201124+00:00
Llama-3.1-8B-Instruct,belief_bank_constraints,mlp,0,25878,belief_bank_facts,64,4282,27416,2141,2141,1971,25445,13.0642,4097,0.1208502024291498,0.908675799086758,0.5182010504814707,0.21332856887618368,0.7011554552207638,273.194,10,2026-09-18T18:12:38.201124+00:00
Llama-3.1-8B-Instruct,belief_bank_constraints,mlp,0,25878,belief_bank_facts,67,4282,27416,2141,2141,1971,25445,13.1676,4097,0.10854071031650157,0.9117199391171994,0.45531806244528744,0.19398715388352133,0.6852364193360218,287.963,10,2026-09-18T18:12:38.201124+00:00
Llama-3.1-8B-Instruct,belief_bank_constraints,mlp,0,25878,belief_bank_facts,104,4282,27416,2141,2141,1971,25445,14.7523,4097,0.10847116878369734,0.602232369355657,0.6155529617741465,0.18383150069691806,0.6229579541991217,304.325,10,2026-09-18T18:12:38.201124+00:00
Llama-3.1-8B-Instruct,belief_bank_constraints,mlp,0,25878,belief_bank_facts,123,4282,27416,2141,2141,1971,25445,15.2541,4097,0.1002905352553358,0.9107052257737189,0.4062226437117012,0.18068347677286226,0.6931620005106467,321.193,10,2026-09-18T18:12:38.201124+00:00
Llama-3.1-8B-Instruct,belief_bank_constraints,mlp,0,25878,belief_bank_facts,420,4282,27416,2141,2141,1971,25445,14.0848,4097,0.11954806539165562,0.960933536276002,0.4884009337613073,0.21264174244975861,0.7185075119992494,336.888,10,2026-09-18T18:12:38.201124+00:00
Llama-3.1-8B-Instruct,belief_bank_constraints,mlp,0,25878,belief_bank_facts,511,4282,27416,2141,2141,1971,25445,14.2138,4097,0.07114490916772286,0.4271943176052765,0.5578494309892034,0.12197595248442707,0.5657253799666794,352.725,10,2026-09-18T18:12:38.201124+00:00
Llama-3.1-8B-Instruct,belief_bank_constraints,mlp,0,25878,belief_bank_facts,mean,0,0,0,0,0,0,14.27603,4097.0,0.10302632237058622,0.7722983257229832,0.5048730668222936,0.18133219821109622,0.6588666704750817,9142.66,10,2026-09-18T18:12:38.201124+00:00
Llama-3.1-8B-Instruct,belief_bank_constraints,mlp,0,25878,belief_bank_facts,std,0,0,0,0,0,0,0.8304560867980916,0.0,0.017576824310656054,0.19380929232805488,0.06415041390752403,0.031958010919976305,0.05094991668948932,9142.66,10,2026-09-18T18:12:38.201124+00:00
Llama-3.1-8B-Instruct,belief_bank_constraints,mlp,0,25878,halu_eval,2,4282,10000,2141,2141,1912,8088,13.6428,4097,0.1996124031007752,0.4309623430962343,0.5608,0.2728476821192053,0.5152710547471537,367.178,10,2026-09-18T18:12:38.201124+00:00
Llama-3.1-8B-Instruct,belief_bank_constraints,mlp,0,25878,halu_eval,4,4282,10000,2141,2141,1912,8088,14.8036,4097,0.19714912280701755,0.47018828451882844,0.5326,0.2778121137206428,0.5151197380591733,382.785,10,2026-09-18T18:12:38.201124+00:00
Llama-3.1-8B-Instruct,belief_bank_constraints,mlp,0,25878,halu_eval,24,4282,10000,2141,2141,1912,8088,14.6502,4097,0.20128234485917104,0.45972803347280333,0.5479,0.27998088867654086,0.5177864683564473,398.236,10,2026-09-18T18:12:38.201124+00:00
Llama-3.1-8B-Instruct,belief_bank_constraints,mlp,0,25878,halu_eval,42,4282,10000,2141,2141,1912,8088,14.1477,4097,0.1982350408953939,0.48169456066945604,0.5284,0.2808783165599268,0.5164632556522603,413.19,10,2026-09-18T18:12:38.201124+00:00
Llama-3.1-8B-Instruct,belief_bank_constraints,mlp,0,25878,halu_eval,64,4282,10000,2141,2141,1912,8088,11.8473,4097,0.20523784072688403,0.401673640167364,0.5882,0.27166607711354795,0.5214141889528989,425.85,10,2026-09-18T18:12:38.201124+00:00
Llama-3.1-8B-Instruct,belief_bank_constraints,mlp,0,25878,halu_eval,67,4282,10000,2141,2141,1912,8088,11.725,4097,0.19462599854756718,0.4205020920502092,0.5565,0.2660930001654807,0.5130963946794466,438.378,10,2026-09-18T18:12:38.201124+00:00
Llama-3.1-8B-Instruct,belief_bank_constraints,mlp,0,25878,halu_eval,104,4282,10000,2141,2141,1912,8088,13.6894,4097,0.19134047671113055,0.45763598326359833,0.5265,0.26985350809560527,0.5064908392618436,452.898,10,2026-09-18T18:12:38.201124+00:00
Llama-3.1-8B-Instruct,belief_bank_constraints,mlp,0,25878,halu_eval,123,4282,10000,2141,2141,1912,8088,13.2992,4097,0.2005669737774628,0.4440376569037657,0.5553,0.27632221318144834,0.5170899266023532,467.007,10,2026-09-18T18:12:38.201124+00:00
Llama-3.1-8B-Instruct,belief_bank_constraints,mlp,0,25878,halu_eval,420,4282,10000,2141,2141,1912,8088,12.5136,4097,0.20004861448711717,0.4304393305439331,0.562,0.2731496846996349,0.5121122865529386,480.323,10,2026-09-18T18:12:38.201124+00:00
Llama-3.1-8B-Instruct,belief_bank_constraints,mlp,0,25878,halu_eval,511,4282,10000,2141,2141,1912,8088,12.3025,4097,0.1998119417019276,0.4445606694560669,0.5534,0.27570548167369446,0.513631596631613,493.429,10,2026-09-18T18:12:38.201124+00:00
Llama-3.1-8B-Instruct,belief_bank_constraints,mlp,0,25878,halu_eval,mean,0,0,0,0,0,0,13.262129999999999,4097.0,0.19879107576144467,0.4441422594142259,0.55116,0.27443089660057274,0.5148475749496129,9142.66,10,2026-09-18T18:12:38.201124+00:00
Llama-3.1-8B-Instruct,belief_bank_constraints,mlp,0,25878,halu_eval,std,0,0,0,0,0,0,1.0612089926588446,0.0,0.0036067109975219088,0.022885967940632995,0.017647390741976562,0.004373456438779716,0.0037618021806862197,9142.66,10,2026-09-18T18:12:38.201124+00:00
Llama-3.1-8B-Instruct,belief_bank_constraints,mlp,1,25878,belief_bank_constraints,2,4282,7764,2141,2141,917,6847,12.7694,4097,0.6014686248331108,0.9825517993456925,0.9210458526532715,0.7461697722567288,0.975117775195148,507.68,10,2026-09-18T18:12:38.201124+00:00
Llama-3.1-8B-Instruct,belief_bank_constraints,mlp,1,25878,belief_bank_constraints,4,4282,7764,2141,2141,917,6847,13.7274,4097,0.6319543509272468,0.9661941112322792,0.9295466254507986,0.7641224665804226,0.9827136163080917,522.145,10,2026-09-18T18:12:38.201124+00:00
Llama-3.1-8B-Instruct,belief_bank_constraints,mlp,1,25878,belief_bank_constraints,24,4282,7764,2141,2141,917,6847,11.8883,4097,0.6139022711631108,0.9727371864776445,0.9245234415249871,0.7527426160337553,0.9802537117960265,534.771,10,2026-09-18T18:12:38.201124+00:00
Llama-3.1-8B-Instruct,belief_bank_constraints,mlp,1,25878,belief_bank_constraints,42,4282,7764,2141,2141,917,6847,12.3323,4097,0.6072629455279085,0.9847328244274809,0.9229778464708913,0.7512479201331115,0.9799186901617675,547.844,10,2026-09-18T18:12:38.201124+00:00
Llama-3.1-8B-Instruct,belief_bank_constraints,mlp,1,25878,belief_bank_constraints,64,4282,7764,2141,2141,917,6847,10.2923,4097,0.6210746685275645,0.9705561613958561,0.9265842349304482,0.7574468085106383,0.976864076459152,558.874,10,2026-09-18T18:12:38.201124+00:00
Llama-3.1-8B-Instruct,belief_bank_constraints,mlp,1,25878,belief_bank_constraints,67,4282,7764,2141,2141,917,6847,10.4592,4097,0.625,0.9705561613958561,0.9277434312210201,0.7603588210166595,0.9751252608223455,570.067,10,2026-09-18T18:12:38.201124+00:00
Llama-3.1-8B-Instruct,belief_bank_constraints,mlp,1,25878,belief_bank_constraints,104,4282,7764,2141,2141,917,6847,13.6846,4097,0.6209286209286209,0.9770992366412213,0.9268418341061309,0.7593220338983051,0.982423269534023,584.489,10,2026-09-18T18:12:38.201124+00:00
Llama-3.1-8B-Instruct,belief_bank_constraints,mlp,1,25878,belief_bank_constraints,123,4282,7764,2141,2141,917,6847,13.8047,4097,0.6256906077348067,0.9880043620501636,0.9287738279237506,0.7661733615221987,0.980597015400802,599.06,10,2026-09-18T18:12:38.201124+00:00
Llama-3.1-8B-Instruct,belief_bank_constraints,mlp,1,25878,belief_bank_constraints,420,4282,7764,2141,2141,917,6847,12.2557,4097,0.6284306826178747,0.9738276990185387,0.9289026275115919,0.7639007698887939,0.9831041430716777,612.089,10,2026-09-18T18:12:38.201124+00:00
Llama-3.1-8B-Instruct,belief_bank_constraints,mlp,1,25878,belief_bank_constraints,511,4282,7764,2141,2141,917,6847,11.8363,4097,0.6087837837837838,0.9825517993456925,0.9233642452344153,0.75177304964539,0.9756852494441922,624.706,10,2026-09-18T18:12:38.201124+00:00
Llama-3.1-8B-Instruct,belief_bank_constraints,mlp,1,25878,belief_bank_constraints,mean,0,0,0,0,0,0,12.30502,4097.0,0.6184496556044028,0.9768811341330427,0.9260303967027307,0.7573257619486004,0.9791802808193225,9142.66,10,2026-09-18T18:12:38.201124+00:00
Llama-3.1-8B-Instruct,belief_bank_constraints,mlp,1,25878,belief_bank_constraints,std,0,0,0,0,0,0,1.1935542993932033,0.0,0.0095811154313489,0.00685896845954913,0.0027492301441344705,0.006278051053444131,0.00304351697583565,9142.66,10,2026-09-18T18:12:38.201124+00:00
Llama-3.1-8B-Instruct,belief_bank_constraints,mlp,1,25878,belief_bank_facts,2,4282,27416,2141,2141,1971,25445,13.2122,4097,0.07662874870734229,0.3759512937595129,0.6294499562299387,0.1273086504595825,0.5666327199292472,639.535,10,2026-09-18T18:12:38.201124+00:00
Llama-3.1-8B-Instruct,belief_bank_constraints,mlp,1,25878,belief_bank_facts,4,4282,27416,2141,2141,1971,25445,14.3146,4097,0.11369701483274375,0.9294774226281075,0.4740297636416691,0.20261004202610042,0.7624851264937187,655.441,10,2026-09-18T18:12:38.201124+00:00
Llama-3.1-8B-Instruct,belief_bank_constraints,mlp,1,25878,belief_bank_facts,24,4282,27416,2141,2141,1971,25445,11.8368,4097,0.11410373066424022,0.954337899543379,0.46403559964983954,0.20383615084525358,0.7602811906461735,668.886,10,2026-09-18T18:12:38.201124+00:00
Llama-3.1-8B-Instruct,belief_bank_constraints,mlp,1,25878,belief_bank_facts,42,4282,27416,2141,2141,1971,25445,12.11,4097,0.10813960263357222,0.9416539827498731,0.43748176247446746,0.1940002090519494,0.7575632184458096,682.603,10,2026-09-18T18:12:38.201124+00:00
Llama-3.1-8B-Instruct,belief_bank_constraints,mlp,1,25878,belief_bank_facts,64,4282,27416,2141,2141,1971,25445,10.5965,4097,0.10180387641527539,0.5383054287163876,0.6253647505106508,0.1712256919228597,0.6909284447638728,694.802,10,2026-09-18T18:12:38.201124+00:00
Llama-3.1-8B-Instruct,belief_bank_constraints,mlp,1,25878,belief_bank_facts,67,4282,27416,2141,2141,1971,25445,10.4725,4097,0.09826482894412995,0.8102486047691527,0.45181645754304056,0.17527300663996048,0.712618097010703,706.87,10,2026-09-18T18:12:38.201124+00:00
Llama-3.1-8B-Instruct,belief_bank_constraints,mlp,1,25878,belief_bank_facts,104,4282,27416,2141,2141,1971,25445,14.0562,4097,0.11500071296164266,0.8183663115169965,0.534177122847972,0.20166281177720824,0.7433907895572458,722.527,10,2026-09-18T18:12:38.201124+00:00
Llama-3.1-8B-Instruct,belief_bank_constraints,mlp,1,25878,belief_bank_facts,123,4282,27416,2141,2141,1971,25445,12.879,4097,0.05337361530715005,0.21511922881785894,0.6692807119929968,0.08552697932425618,0.48757475634866293,737.044,10,2026-09-18T18:12:38.201124+00:00
Llama-3.1-8B-Instruct,belief_bank_constraints,mlp,1,25878,belief_bank_facts,420,4282,27416,2141,2141,1971,25445,11.2752,4097,0.12115357091741806,0.8589548452562151,0.5419098336737671,0.21235497021009722,0.7695264973477179,749.929,10,2026-09-18T18:12:38.201124+00:00
Llama-3.1-8B-Instruct,belief_bank_constraints,mlp,1,25878,belief_bank_facts,511,4282,27416,2141,2141,1971,25445,10.7999,4097,0.0918194640338505,0.6605783866057838,0.5058724832214765,0.16122840690978887,0.6856694221846564,762.344,10,2026-09-18T18:12:38.201124+00:00
Llama-3.1-8B-Instruct,belief_bank_constraints,mlp,1,25878,belief_bank_facts,mean,0,0,0,0,0,0,12.155289999999999,4097.0,0.09939851654173651,0.7102993404363267,0.5333418441785818,0.1735026919167057,0.6936670262727807,9142.66,10,2026-09-18T18:12:38.201124+00:00
Llama-3.1-8B-Instruct,belief_bank_constraints,mlp,1,25878,belief_bank_facts,std,0,0,0,0,0,0,1.337670713927759,0.0,0.019786547923624373,0.24370712823683385,0.0782111606863546,0.03810851471355118,0.08973603315666402,9142.66,10,2026-09-18T18:12:38.201124+00:00
Llama-3.1-8B-Instruct,belief_bank_constraints,mlp,1,25878,halu_eval,2,4282,10000,2141,2141,1912,8088,12.7853,4097,0.1946088099934254,0.46443514644351463,0.5301,0.2742857142857143,0.5109909264306023,775.946,10,2026-09-18T18:12:38.201124+00:00
Llama-3.1-8B-Instruct,belief_bank_constraints,mlp,1,25878,halu_eval,4,4282,10000,2141,2141,1912,8088,13.0375,4097,0.19240196078431374,0.3284518828451883,0.608,0.2426584234930448,0.5040169730764933,789.798,10,2026-09-18T18:12:38.201124+00:00
Llama-3.1-8B-Instruct,belief_bank_constraints,mlp,1,25878,halu_eval,24,4282,10000,2141,2141,1912,8088,10.5084,4097,0.19546404058490002,0.3425732217573222,0.6047,0.24890746722401672,0.501176584246924,801.12,10,2026-09-18T18:12:38.201124+00:00
Llama-3.1-8B-Instruct,belief_bank_constraints,mlp,1,25878,halu_eval,42,4282,10000,2141,2141,1912,8088,10.5397,4097,0.20030534351145038,0.34309623430962344,0.6125,0.25294004241372664,0.503963753574695,812.471,10,2026-09-18T18:12:38.201124+00:00
Llama-3.1-8B-Instruct,belief_bank_constraints,mlp,1,25878,halu_eval,64,4282,10000,2141,2141,1912,8088,9.3626,4097,0.1985776805251641,0.3797071129707113,0.5884,0.2607758620689655,0.5095604017419266,822.651,10,2026-09-18T18:12:38.201124+00:00
Llama-3.1-8B-Instruct,belief_bank_constraints,mlp,1,25878,halu_eval,67,4282,10000,2141,2141,1912,8088,8.9884,4097,0.19055745164960183,0.350418410041841,0.5912,0.2468680913780398,0.5023405587698496,832.456,10,2026-09-18T18:12:38.201124+00:00
Llama-3.1-8B-Instruct,belief_bank_constraints,mlp,1,25878,halu_eval,104,4282,10000,2141,2141,1912,8088,13.8881,4097,0.1896551724137931,0.3106694560669456,0.6144,0.23552735923869944,0.4993804422275472,847.165,10,2026-09-18T18:12:38.201124+00:00
Llama-3.1-8B-Instruct,belief_bank_constraints,mlp,1,25878,halu_eval,123,4282,10000,2141,2141,1912,8088,13.0519,4097,0.20066256507335542,0.4435146443514644,0.5558,0.27631150211795374,0.5143136533694217,861.066,10,2026-09-18T18:12:38.201124+00:00
Llama-3.1-8B-Instruct,belief_bank_constraints,mlp,1,25878,halu_eval,420,4282,10000,2141,2141,1912,8088,11.8239,4097,0.20211402946828955,0.33002092050209203,0.6228,0.2506952721493842,0.507203385665628,873.732,10,2026-09-18T18:12:38.201124+00:00
Llama-3.1-8B-Instruct,belief_bank_constraints,mlp,1,25878,halu_eval,511,4282,10000,2141,2141,1912,8088,11.4021,4097,0.19390653240382133,0.39278242677824265,0.5717,0.2596369922212619,0.502913589894011,885.978,10,2026-09-18T18:12:38.201124+00:00
Llama-3.1-8B-Instruct,belief_bank_constraints,mlp,1,25878,halu_eval,mean,0,0,0,0,0,0,11.53879,4097.0,0.19582535864081146,0.36856694560669456,0.5899599999999999,0.2548606726590807,0.5055860268997099,9142.66,10,2026-09-18T18:12:38.201124+00:00
Llama-3.1-8B-Instruct,belief_bank_constraints,mlp,1,25878,halu_eval,std,0,0,0,0,0,0,1.581417924174378,0.0,0.004164440149028444,0.048599687344167204,0.02795364734699213,0.01240284768082467,0.004522356207798687,9142.66,10,2026-09-18T18:12:38.201124+00:00
Llama-3.1-8B-Instruct,belief_bank_constraints,mlp,2,25878,belief_bank_constraints,2,4282,7764,2141,2141,917,6847,11.163,4097,0.6189488243430152,0.9760087241003271,0.9261978361669243,0.7575116377486246,0.9770565526393287,898.714,10,2026-09-18T18:12:38.201124+00:00
Llama-3.1-8B-Instruct,belief_bank_constraints,mlp,2,25878,belief_bank_constraints,4,4282,7764,2141,2141,917,6847,12.3696,4097,0.6459400146305779,0.9629225736095965,0.9332818134981968,0.7732049036777583,0.9800729418626374,911.856,10,2026-09-18T18:12:38.201124+00:00
Llama-3.1-8B-Instruct,belief_bank_constraints,mlp,2,25878,belief_bank_constraints,24,4282,7764,2141,2141,917,6847,12.1866,4097,0.6333808844507846,0.9683751363140676,0.9300618238021638,0.7658473479948253,0.9815468140772473,924.833,10,2026-09-18T18:12:38.201124+00:00
Llama-3.1-8B-Instruct,belief_bank_constraints,mlp,2,25878,belief_bank_constraints,42,4282,7764,2141,2141,917,6847,11.3594,4097,0.621191135734072,0.9781897491821155,0.9269706336939721,0.7598475222363406,0.9803405928521179,936.973,10,2026-09-18T18:12:38.201124+00:00
Llama-3.1-8B-Instruct,belief_bank_constraints,mlp,2,25878,belief_bank_constraints,64,4282,7764,2141,2141,917,6847,12.2979,4097,0.6339729921819474,0.9727371864776445,0.9304482225656878,0.7676419965576592,0.9787263253103867,950.044,10,2026-09-18T18:12:38.201124+00:00
Llama-3.1-8B-Instruct,belief_bank_constraints,mlp,2,25878,belief_bank_constraints,67,4282,7764,2141,2141,917,6847,10.0398,4097,0.6320687186828919,0.9629225736095965,0.9294178258629573,0.7631806395851339,0.9769743700088187,960.863,10,2026-09-18T18:12:38.201124+00:00
Llama-3.1-8B-Instruct,belief_bank_constraints,mlp,2,25878,belief_bank_constraints,104,4282,7764,2141,2141,917,6847,11.1585,4097,0.6377224199288256,0.9770992366412213,0.9317362184441009,0.7717484926787253,0.9772275275498953,972.794,10,2026-09-18T18:12:38.201124+00:00
Llama-3.1-8B-Instruct,belief_bank_constraints,mlp,2,25878,belief_bank_constraints,123,4282,7764,2141,2141,917,6847,11.1096,4097,0.6346967559943583,0.9814612868047983,0.9310922205048944,0.7708779443254818,0.9764752220165356,984.677,10,2026-09-18T18:12:38.201124+00:00
Llama-3.1-8B-Instruct,belief_bank_constraints,mlp,2,25878,belief_bank_constraints,420,4282,7764,2141,2141,917,6847,10.8912,4097,0.6363636363636364,0.9770992366412213,0.9313498196805771,0.770752688172043,0.9805790976761267,996.341,10,2026-09-18T18:12:38.201124+00:00
Llama-3.1-8B-Instruct,belief_bank_constraints,mlp,2,25878,belief_bank_constraints,511,4282,7764,2141,2141,917,6847,11.6225,4097,0.6224066390041494,0.9814612868047983,0.9274858320453374,0.7617435463393991,0.97371143289398,1008.729,10,2026-09-18T18:12:38.201124+00:00
Llama-3.1-8B-Instruct,belief_bank_constraints,mlp,2,25878,belief_bank_constraints,mean,0,0,0,0,0,0,11.419810000000002,4097.0,0.6316692021314259,0.9738276990185387,0.929804224626481,0.766235671931599,0.9782710876887075,9142.66,10,2026-09-18T18:12:38.201124+00:00
Llama-3.1-8B-Instruct,belief_bank_constraints,mlp,2,25878,belief_bank_constraints,std,0,0,0,0,0,0,0.6870344437508212,0.0,0.007983052116016959,0.006561225280912233,0.0021659786717751627,0.005191085635775792,0.002281561748072508,9142.66,10,2026-09-18T18:12:38.201124+00:00
Llama-3.1-8B-Instruct,belief_bank_constraints,mlp,2,25878,belief_bank_facts,2,4282,27416,2141,2141,1971,25445,11.7903,4097,0.09836834697388312,0.9573820395738204,0.3660636124890575,0.17840597522927107,0.7185967704838652,1022.162,10,2026-09-18T18:12:38.201124+00:00
Llama-3.1-8B-Instruct,belief_bank_constraints,mlp,2,25878,belief_bank_facts,4,4282,27416,2141,2141,1971,25445,12.3256,4097,0.09592347577328804,0.5443937087772704,0.5983732127224978,0.16310709128220718,0.6617856542184329,1036.134,10,2026-09-18T18:12:38.201124+00:00
Llama-3.1-8B-Instruct,belief_bank_constraints,mlp,2,25878,belief_bank_facts,24,4282,27416,2141,2141,1971,25445,11.2647,4097,0.11733615221987315,0.8447488584474886,0.5319886197840678,0.20605160571746797,0.7534571786083911,1049.054,10,2026-09-18T18:12:38.201124+00:00
Llama-3.1-8B-Instruct,belief_bank_constraints,mlp,2,25878,belief_bank_facts,42,4282,27416,2141,2141,1971,25445,10.4185,4097,0.109977769059762,0.8533739218670725,0.4929603151444412,0.19484506226469736,0.7176340988347544,1061.138,10,2026-09-18T18:12:38.201124+00:00
Llama-3.1-8B-Instruct,belief_bank_constraints,mlp,2,25878,belief_bank_facts,64,4282,27416,2141,2141,1971,25445,11.3747,4097,0.11932519544644082,0.882800608828006,0.5231616574263204,0.21023379447834228,0.7477455328635823,1074.18,10,2026-09-18T18:12:38.201124+00:00
Llama-3.1-8B-Instruct,belief_bank_constraints,mlp,2,25878,belief_bank_facts,67,4282,27416,2141,2141,1971,25445,9.0408,4097,0.1168131943024603,0.86960933536276,0.5179457251240152,0.20596010574381157,0.737108389988494,1084.892,10,2026-09-18T18:12:38.201124+00:00
Llama-3.1-8B-Instruct,belief_bank_constraints,mlp,2,25878,belief_bank_facts,104,4282,27416,2141,2141,1971,25445,9.6594,4097,0.11437774122807018,0.8467782851344495,0.5176174496644296,0.20153353861015516,0.7011079297883769,1096.229,10,2026-09-18T18:12:38.201124+00:00
Llama-3.1-8B-Instruct,belief_bank_constraints,mlp,2,25878,belief_bank_facts,123,4282,27416,2141,2141,1971,25445,10.0122,4097,0.1531791907514451,0.6184677828513445,0.7267653924715495,0.24554335784066875,0.7004783249832335,1107.919,10,2026-09-18T18:12:38.201124+00:00
Llama-3.1-8B-Instruct,belief_bank_constraints,mlp,2,25878,belief_bank_facts,420,4282,27416,2141,2141,1971,25445,10.4239,4097,0.11947439834321216,0.8488077118214105,0.5393930551502772,0.20946538124452235,0.736835649637368,1120.053,10,2026-09-18T18:12:38.201124+00:00
Llama-3.1-8B-Instruct,belief_bank_constraints,mlp,2,25878,belief_bank_facts,511,4282,27416,2141,2141,1971,25445,10.6842,4097,0.11124807395993837,0.732623033992897,0.5600014590020426,0.1931643368336566,0.6684066637694797,1132.437,10,2026-09-18T18:12:38.201124+00:00
Llama-3.1-8B-Instruct,belief_bank_constraints,mlp,2,25878,belief_bank_facts,mean,0,0,0,0,0,0,10.699430000000001,4097.0,0.11560235380583732,0.7998985286656519,0.5374270498978698,0.20083102492448002,0.7143156193175978,9142.66,10,2026-09-18T18:12:38.201124+00:00
Llama-3.1-8B-Instruct,belief_bank_constraints,mlp,2,25878,belief_bank_facts,std,0,0,0,0,0,0,0.9523663854315731,0.0,0.014770605132754716,0.1219508990918425,0.08510267343372244,0.020583489104192172,0.029897435869176193,9142.66,10,2026-09-18T18:12:38.201124+00:00
Llama-3.1-8B-Instruct,belief_bank_constraints,mlp,2,25878,halu_eval,2,4282,10000,2141,2141,1912,8088,11.7866,4097,0.18667227244061382,0.46443514644351463,0.5107,0.2663067926225821,0.48659596038761904,1145.056,10,2026-09-18T18:12:38.201124+00:00
Llama-3.1-8B-Instruct,belief_bank_constraints,mlp,2,25878,halu_eval,4,4282,10000,2141,2141,1912,8088,12.4296,4097,0.1905946752923613,0.4006276150627615,0.5601,0.2583038273478334,0.49109747019190575,1158.315,10,2026-09-18T18:12:38.201124+00:00
Llama-3.1-8B-Instruct,belief_bank_constraints,mlp,2,25878,halu_eval,24,4282,10000,2141,2141,1912,8088,12.2979,4097,0.17679558011049723,0.23430962343096234,0.645,0.2015294646873594,0.4760022079303395,1171.448,10,2026-09-18T18:12:38.201124+00:00
Llama-3.1-8B-Instruct,belief_bank_constraints,mlp,2,25878,halu_eval,42,4282,10000,2141,2141,1912,8088,11.3961,4097,0.18813847900113506,0.34675732217573224,0.589,0.24392935982339956,0.48909113377326396,1183.667,10,2026-09-18T18:12:38.201124+00:00
Llama-3.1-8B-Instruct,belief_bank_constraints,mlp,2,25878,halu_eval,64,4282,10000,2141,2141,1912,8088,11.899,4097,0.18873544543731383,0.3645397489539749,0.5789,0.2487065120428189,0.4899490153292858,1196.395,10,2026-09-18T18:12:38.201124+00:00
Llama-3.1-8B-Instruct,belief_bank_constraints,mlp,2,25878,halu_eval,67,4282,10000,2141,2141,1912,8088,9.9884,4097,0.18729593351142773,0.33002092050209203,0.5981,0.2389698920658966,0.49036086831464765,1207.21,10,2026-09-18T18:12:38.201124+00:00
Llama-3.1-8B-Instruct,belief_bank_constraints,mlp,2,25878,halu_eval,104,4282,10000,2141,2141,1912,8088,11.045,4097,0.18393393393393392,0.3844142259414226,0.5562,0.24881516587677724,0.4841208655624945,1219.084,10,2026-09-18T18:12:38.201124+00:00
Llama-3.1-8B-Instruct,belief_bank_constraints,mlp,2,25878,halu_eval,123,4282,10000,2141,2141,1912,8088,11.1554,4097,0.17873124506449065,0.3551255230125523,0.5647,0.23778672736823675,0.4815575996672585,1231.063,10,2026-09-18T18:12:38.201124+00:00
Llama-3.1-8B-Instruct,belief_bank_constraints,mlp,2,25878,halu_eval,420,4282,10000,2141,2141,1912,8088,11.2897,4097,0.1790633608815427,0.3399581589958159,0.5758,0.23457235654998196,0.47914794607642297,1243.198,10,2026-09-18T18:12:38.201124+00:00
Llama-3.1-8B-Instruct,belief_bank_constraints,mlp,2,25878,halu_eval,511,4282,10000,2141,2141,1912,8088,11.4883,4097,0.18087019057892845,0.2630753138075314,0.6313,0.2143618154698487,0.48741565711276374,1255.53,10,2026-09-18T18:12:38.201124+00:00
Llama-3.1-8B-Instruct,belief_bank_constraints,mlp,2,25878,halu_eval,mean,0,0,0,0,0,0,11.477599999999999,4097.0,0.18408311162522445,0.34832635983263593,0.58098,0.23932819138547345,0.48553387243460017,9142.66,10,2026-09-18T18:12:38.201124+00:00
Llama-3.1-8B-Instruct,belief_bank_constraints,mlp,2,25878,halu_eval,std,0,0,0,0,0,0,0.6635503326801968,0.0,0.004634762760577379,0.06205098155185917,0.03643291918032371,0.01834184325604181,0.004904184599429569,9142.66,10,2026-09-18T18:12:38.201124+00:00
Llama-3.1-8B-Instruct,belief_bank_constraints,mlp,3,25878,belief_bank_constraints,2,4282,7764,2141,2141,917,6847,10.0969,4097,0.6447178002894356,0.9716466739367503,0.9334106130860381,0.7751196172248804,0.9771306125679858,1267.121,10,2026-09-18T18:12:38.201124+00:00
Llama-3.1-8B-Instruct,belief_bank_constraints,mlp,3,25878,belief_bank_constraints,4,4282,7764,2141,2141,917,6847,11.8665,4097,0.6806201550387597,0.9574700109051254,0.9419113858835652,0.7956502038966924,0.9833687679565464,1279.753,10,2026-09-18T18:12:38.201124+00:00
Llama-3.1-8B-Instruct,belief_bank_constraints,mlp,3,25878,belief_bank_constraints,24,4282,7764,2141,2141,917,6847,9.6378,4097,0.6812260536398468,0.9694656488549618,0.9428129829984544,0.8001800180018002,0.98348272468548,1290.158,10,2026-09-18T18:12:38.201124+00:00
Llama-3.1-8B-Instruct,belief_bank_constraints,mlp,3,25878,belief_bank_constraints,42,4282,7764,2141,2141,917,6847,9.2938,4097,0.6473988439306358,0.9770992366412213,0.9344410097887687,0.7787918296392873,0.9843787701879004,1300.22,10,2026-09-18T18:12:38.201124+00:00
Llama-3.1-8B-Instruct,belief_bank_constraints,mlp,3,25878,belief_bank_constraints,64,4282,7764,2141,2141,917,6847,10.1862,4097,0.6599552572706935,0.965103598691385,0.9371458011334364,0.7838795394154119,0.981111373550476,1311.177,10,2026-09-18T18:12:38.201124+00:00
Llama-3.1-8B-Instruct,belief_bank_constraints,mlp,3,25878,belief_bank_constraints,67,4282,7764,2141,2141,917,6847,9.3836,4097,0.6762481089258698,0.9749182115594329,0.9419113858835652,0.7985707905314873,0.9811206111329752,1321.346,10,2026-09-18T18:12:38.201124+00:00
Llama-3.1-8B-Instruct,belief_bank_constraints,mlp,3,25878,belief_bank_constraints,104,4282,7764,2141,2141,917,6847,9.4124,4097,0.6814024390243902,0.9749182115594329,0.9431993817619784,0.8021534320323015,0.9836419933492592,1331.539,10,2026-09-18T18:12:38.201124+00:00
Llama-3.1-8B-Instruct,belief_bank_constraints,mlp,3,25878,belief_bank_constraints,123,4282,7764,2141,2141,917,6847,9.4196,4097,0.6622613803230544,0.9836423118865867,0.9388201957753736,0.7915752523036419,0.9818390720752816,1341.738,10,2026-09-18T18:12:38.201124+00:00
Llama-3.1-8B-Instruct,belief_bank_constraints,mlp,3,25878,belief_bank_constraints,420,4282,7764,2141,2141,917,6847,9.2603,4097,0.663447251114413,0.9738276990185387,0.9385625965996909,0.7892178524083076,0.984061347740989,1351.781,10,2026-09-18T18:12:38.201124+00:00
Llama-3.1-8B-Instruct,belief_bank_constraints,mlp,3,25878,belief_bank_constraints,511,4282,7764,2141,2141,917,6847,8.8372,4097,0.650805270863836,0.9694656488549618,0.9349562081401339,0.7787998247919404,0.9826062692287049,1361.397,10,2026-09-18T18:12:38.201124+00:00
Llama-3.1-8B-Instruct,belief_bank_constraints,mlp,3,25878,belief_bank_constraints,mean,0,0,0,0,0,0,9.739429999999999,4097.0,0.6648082560420936,0.9717557251908397,0.9387171561051005,0.7893938360245751,0.9822741542475599,9142.66,10,2026-09-18T18:12:38.201124+00:00
Llama-3.1-8B-Instruct,belief_bank_constraints,mlp,3,25878,belief_bank_constraints,std,0,0,0,0,0,0,0.8025066442715599,0.0,0.013639961563102532,0.006730326771738046,0.0034693741585928215,0.009306414964643637,0.002039402188297133,9142.66,10,2026-09-18T18:12:38.201124+00:00
Llama-3.1-8B-Instruct,belief_bank_constraints,mlp,3,25878,belief_bank_facts,2,4282,27416,2141,2141,1971,25445,8.8003,4097,0.10248538874785997,0.8807711821410451,0.43689816165742634,0.18360655737704917,0.5928326025064357,1371.869,10,2026-09-18T18:12:38.201124+00:00
Llama-3.1-8B-Instruct,belief_bank_constraints,mlp,3,25878,belief_bank_facts,4,4282,27416,2141,2141,1971,25445,10.9924,4097,0.0931656820768522,0.8721461187214612,0.3805077327108258,0.16834786015081774,0.5806888525793388,1384.523,10,2026-09-18T18:12:38.201124+00:00
Llama-3.1-8B-Instruct,belief_bank_constraints,mlp,3,25878,belief_bank_facts,24,4282,27416,2141,2141,1971,25445,9.1075,4097,0.09605240275926033,0.8406900050735667,0.4197548876568427,0.1724066174175424,0.6646874971025637,1395.292,10,2026-09-18T18:12:38.201124+00:00
Llama-3.1-8B-Instruct,belief_bank_constraints,mlp,3,25878,belief_bank_facts,42,4282,27416,2141,2141,1971,25445,8.344,4097,0.08450356012658228,0.8670725520040589,0.3151079661511526,0.15399864834422167,0.6505664319705886,1405.33,10,2026-09-18T18:12:38.201124+00:00
Llama-3.1-8B-Instruct,belief_bank_constraints,mlp,3,25878,belief_bank_facts,64,4282,27416,2141,2141,1971,25445,10.2135,4097,0.10244495281670003,0.7270421106037545,0.5224321564050189,0.1795851870417946,0.6279467986332375,1417.25,10,2026-09-18T18:12:38.201124+00:00
Llama-3.1-8B-Instruct,belief_bank_constraints,mlp,3,25878,belief_bank_facts,67,4282,27416,2141,2141,1971,25445,9.2452,4097,0.09710583761706922,0.6996448503297819,0.510723665013131,0.17054167697254513,0.6967553100224426,1428.187,10,2026-09-18T18:12:38.201124+00:00
Llama-3.1-8B-Instruct,belief_bank_constraints,mlp,3,25878,belief_bank_facts,104,4282,27416,2141,2141,1971,25445,10.2231,4097,0.10071898610772606,0.8386605783866058,0.45006565509191715,0.17984006962954904,0.6426739800201766,1440.075,10,2026-09-18T18:12:38.201124+00:00
Llama-3.1-8B-Instruct,belief_bank_constraints,mlp,3,25878,belief_bank_facts,123,4282,27416,2141,2141,1971,25445,10.1126,4097,0.06290650406504066,0.31405377980720445,0.6143492850889991,0.10481754296841927,0.5787198620516252,1451.912,10,2026-09-18T18:12:38.201124+00:00
Llama-3.1-8B-Instruct,belief_bank_constraints,mlp,3,25878,belief_bank_facts,420,4282,27416,2141,2141,1971,25445,9.6303,4097,0.09258256632376827,0.954337899543379,0.32426320396848557,0.16879038047379755,0.6582812941313817,1463.241,10,2026-09-18T18:12:38.201124+00:00
Llama-3.1-8B-Instruct,belief_bank_constraints,mlp,3,25878,belief_bank_facts,511,4282,27416,2141,2141,1971,25445,9.6143,4097,0.09938183547313362,0.6362252663622526,0.5593449080828713,0.17191034340941805,0.5631325570746345,1474.579,10,2026-09-18T18:12:38.201124+00:00
Llama-3.1-8B-Instruct,belief_bank_constraints,mlp,3,25878,belief_bank_facts,mean,0,0,0,0,0,0,9.62832,4097.0,0.09313477161139926,0.7630644342973111,0.453344762182667,0.16538448837851547,0.6256285186092426,9142.66,10,2026-09-18T18:12:38.201124+00:00
Llama-3.1-8B-Instruct,belief_bank_constraints,mlp,3,25878,belief_bank_facts,std,0,0,0,0,0,0,0.7446321317268012,0.0,0.011329136881289241,0.1754753029526937,0.09365367587594964,0.021632233004382575,0.042154433540085016,9142.66,10,2026-09-18T18:12:38.201124+00:00
Llama-3.1-8B-Instruct,belief_bank_constraints,mlp,3,25878,halu_eval,2,4282,10000,2141,2141,1912,8088,9.9842,4097,0.19688179840464104,0.5679916317991632,0.4744,0.2924071082390953,0.5098985686734623,1485.425,10,2026-09-18T18:12:38.201124+00:00
Llama-3.1-8B-Instruct,belief_bank_constraints,mlp,3,25878,halu_eval,4,4282,10000,2141,2141,1912,8088,11.6421,4097,0.18345021037868162,0.34205020920502094,0.5831,0.23881687054957093,0.49371311494067355,1497.9,10,2026-09-18T18:12:38.201124+00:00
Llama-3.1-8B-Instruct,belief_bank_constraints,mlp,3,25878,halu_eval,24,4282,10000,2141,2141,1912,8088,9.789,4097,0.1907635791130937,0.38023012552301255,0.5731,0.25406255460422855,0.4992042294178265,1508.534,10,2026-09-18T18:12:38.201124+00:00
Llama-3.1-8B-Instruct,belief_bank_constraints,mlp,3,25878,halu_eval,42,4282,10000,2141,2141,1912,8088,9.0992,4097,0.19208645633606414,0.5763598326359832,0.4555,0.2881422408157929,0.5026435154720666,1518.453,10,2026-09-18T18:12:38.201124+00:00
Llama-3.1-8B-Instruct,belief_bank_constraints,mlp,3,25878,halu_eval,64,4282,10000,2141,2141,1912,8088,10.129,4097,0.18863188093957325,0.5502092050209205,0.4615,0.2809453865669649,0.49524273912692596,1529.399,10,2026-09-18T18:12:38.201124+00:00
Llama-3.1-8B-Instruct,belief_bank_constraints,mlp,3,25878,halu_eval,67,4282,10000,2141,2141,1912,8088,9.3118,4097,0.19642857142857142,0.35094142259414224,0.6014,0.2518768768768769,0.50590322612352,1539.528,10,2026-09-18T18:12:38.201124+00:00
Llama-3.1-8B-Instruct,belief_bank_constraints,mlp,3,25878,halu_eval,104,4282,10000,2141,2141,1912,8088,9.7742,4097,0.1934468715290633,0.5465481171548117,0.4776,0.2857533497402242,0.4993339802445071,1550.121,10,2026-09-18T18:12:38.201124+00:00
Llama-3.1-8B-Instruct,belief_bank_constraints,mlp,3,25878,halu_eval,123,4282,10000,2141,2141,1912,8088,10.1726,4097,0.18708094848732626,0.5983263598326359,0.4261,0.28503799676093183,0.499069661029926,1561.112,10,2026-09-18T18:12:38.201124+00:00
Llama-3.1-8B-Instruct,belief_bank_constraints,mlp,3,25878,halu_eval,420,4282,10000,2141,2141,1912,8088,10.0379,4097,0.1889382317319338,0.4895397489539749,0.5006,0.27264782988639674,0.49727500631132854,1571.969,10,2026-09-18T18:12:38.201124+00:00
Llama-3.1-8B-Instruct,belief_bank_constraints,mlp,3,25878,halu_eval,511,4282,10000,2141,2141,1912,8088,9.7102,4097,0.1951533900489817,0.3959205020920502,0.5723,0.26144016577447765,0.5023599906778573,1582.486,10,2026-09-18T18:12:38.201124+00:00
Llama-3.1-8B-Instruct,belief_bank_constraints,mlp,3,25878,halu_eval,mean,0,0,0,0,0,0,9.965019999999999,4097.0,0.191286193839793,0.4798117154811715,0.51256,0.271113037981456,0.5004644032018094,9142.66,10,2026-09-18T18:12:38.201124+00:00
Llama-3.1-8B-Instruct,belief_bank_constraints,mlp,3,25878,halu_eval,std,0,0,0,0,0,0,0.6478367677123612,0.0,0.004122343348557512,0.0965334966286783,0.06021804048621975,0.017458696436366737,0.00463416849349632,9142.66,10,2026-09-18T18:12:38.201124+00:00
Llama-3.1-8B-Instruct,belief_bank_constraints,mlp,4,25878,belief_bank_constraints,2,4282,7764,2141,2141,917,6847,8.3092,4097,0.6621923937360179,0.9683751363140676,0.9379185986604843,0.7865367581930912,0.9809740839622986,1592.485,10,2026-09-18T18:12:38.201124+00:00
Llama-3.1-8B-Instruct,belief_bank_constraints,mlp,4,25878,belief_bank_constraints,4,4282,7764,2141,2141,917,6847,9.5795,4097,0.6927286942924159,0.9661941112322792,0.9453889747552808,0.8069216757741348,0.9820314686211267,1602.842,10,2026-09-18T18:12:38.201124+00:00
Llama-3.1-8B-Instruct,belief_bank_constraints,mlp,4,25878,belief_bank_constraints,24,4282,7764,2141,2141,917,6847,8.1817,4097,0.6845740598618573,0.9727371864776445,0.9438433797011849,0.8036036036036036,0.9867136487988991,1611.813,10,2026-09-18T18:12:38.201124+00:00
Llama-3.1-8B-Instruct,belief_bank_constraints,mlp,4,25878,belief_bank_constraints,42,4282,7764,2141,2141,917,6847,7.8973,4097,0.6600587371512482,0.9803707742639041,0.9380473982483256,0.78894251864853,0.9863769548436706,1620.502,10,2026-09-18T18:12:38.201124+00:00
Llama-3.1-8B-Instruct,belief_bank_constraints,mlp,4,25878,belief_bank_constraints,64,4282,7764,2141,2141,917,6847,8.8563,4097,0.6783804430863254,0.9683751363140676,0.9420401854714064,0.7978436657681941,0.9812993105737351,1630.151,10,2026-09-18T18:12:38.201124+00:00
Llama-3.1-8B-Instruct,belief_bank_constraints,mlp,4,25878,belief_bank_constraints,67,4282,7764,2141,2141,917,6847,7.9425,4097,0.6644295302013423,0.9716466739367503,0.9386913961875322,0.7891939769707705,0.9821940819268452,1638.891,10,2026-09-18T18:12:38.201124+00:00
Llama-3.1-8B-Instruct,belief_bank_constraints,mlp,4,25878,belief_bank_constraints,104,4282,7764,2141,2141,917,6847,8.6747,4097,0.6676669167291823,0.9705561613958561,0.9394641937145801,0.7911111111111111,0.9819986592763883,1648.349,10,2026-09-18T18:12:38.201124+00:00
Llama-3.1-8B-Instruct,belief_bank_constraints,mlp,4,25878,belief_bank_constraints,123,4282,7764,2141,2141,917,6847,8.6041,4097,0.6731488406881077,0.9814612868047983,0.9415249871200412,0.7985803016858918,0.9803413095611048,1657.761,10,2026-09-18T18:12:38.201124+00:00
Llama-3.1-8B-Instruct,belief_bank_constraints,mlp,4,25878,belief_bank_constraints,420,4282,7764,2141,2141,917,6847,8.9006,4097,0.6659242761692651,0.9781897491821155,0.9394641937145801,0.7924028268551236,0.9838542984780765,1667.439,10,2026-09-18T18:12:38.201124+00:00
Llama-3.1-8B-Instruct,belief_bank_constraints,mlp,4,25878,belief_bank_constraints,511,4282,7764,2141,2141,917,6847,8.6207,4097,0.6614929785661493,0.9760087241003271,0.9381761978361669,0.788546255506608,0.9804916591797123,1676.835,10,2026-09-18T18:12:38.201124+00:00
Llama-3.1-8B-Instruct,belief_bank_constraints,mlp,4,25878,belief_bank_constraints,mean,0,0,0,0,0,0,8.556659999999999,4097.0,0.6710596870481911,0.9733914940021811,0.9404559505409583,0.794368269411706,0.9826275475221857,9142.66,10,2026-09-18T18:12:38.201124+00:00
Llama-3.1-8B-Instruct,belief_bank_constraints,mlp,4,25878,belief_bank_constraints,std,0,0,0,0,0,0,0.4783665126239502,0.0,0.01040747901772743,0.005072934939853008,0.0024895664304280087,0.006622775375739413,0.0021791043545315064,9142.66,10,2026-09-18T18:12:38.201124+00:00
Llama-3.1-8B-Instruct,belief_bank_constraints,mlp,4,25878,belief_bank_facts,2,4282,27416,2141,2141,1971,25445,8.6922,4097,0.11467477707886915,0.8417047184170472,0.5214473300262621,0.2018493734030904,0.6992238709070877,1687.18,10,2026-09-18T18:12:38.201124+00:00
Llama-3.1-8B-Instruct,belief_bank_constraints,mlp,4,25878,belief_bank_facts,4,4282,27416,2141,2141,1971,25445,10.7374,4097,0.09952735372412669,0.9294774226281075,0.3903559964983951,0.17980174698203946,0.7053309637413949,1699.553,10,2026-09-18T18:12:38.201124+00:00
Llama-3.1-8B-Instruct,belief_bank_constraints,mlp,4,25878,belief_bank_facts,24,4282,27416,2141,2141,1971,25445,8.7893,4097,0.12245202717837676,0.8320649416539827,0.5592354829296761,0.2134860713355897,0.6662378809898171,1709.99,10,2026-09-18T18:12:38.201124+00:00
Llama-3.1-8B-Instruct,belief_bank_constraints,mlp,4,25878,belief_bank_facts,42,4282,27416,2141,2141,1971,25445,8.5443,4097,0.12997787610619468,0.8346017250126839,0.5864823460752845,0.22492650577698775,0.7574045311566745,1720.228,10,2026-09-18T18:12:38.201124+00:00
Llama-3.1-8B-Instruct,belief_bank_constraints,mlp,4,25878,belief_bank_facts,64,4282,27416,2141,2141,1971,25445,9.6121,4097,0.16511699192806784,0.8198883815322171,0.6890137146192005,0.27487667970743324,0.7898190793425478,1731.471,10,2026-09-18T18:12:38.201124+00:00
Llama-3.1-8B-Instruct,belief_bank_constraints,mlp,4,25878,belief_bank_facts,67,4282,27416,2141,2141,1971,25445,8.5771,4097,0.16968808317781925,0.6458650431253171,0.7473373212722498,0.26876385516731766,0.7737646054466918,1741.713,10,2026-09-18T18:12:38.201124+00:00
Llama-3.1-8B-Instruct,belief_bank_constraints,mlp,4,25878,belief_bank_facts,104,4282,27416,2141,2141,1971,25445,9.4993,4097,0.12624815490145003,0.7376966007102993,0.6140939597315436,0.21559905100830368,0.7575200597303063,1752.853,10,2026-09-18T18:12:38.201124+00:00
Llama-3.1-8B-Instruct,belief_bank_constraints,mlp,4,25878,belief_bank_facts,123,4282,27416,2141,2141,1971,25445,9.3657,4097,0.11109684872601246,0.878234398782344,0.4860665304931427,0.19724247948951687,0.7502144127777712,1763.85,10,2026-09-18T18:12:38.201124+00:00
Llama-3.1-8B-Instruct,belief_bank_constraints,mlp,4,25878,belief_bank_facts,420,4282,27416,2141,2141,1971,25445,8.4893,4097,0.10624851884035073,0.6823947234906139,0.5644878902830464,0.18386876281613124,0.6117069885116464,1773.963,10,2026-09-18T18:12:38.201124+00:00
Llama-3.1-8B-Instruct,belief_bank_constraints,mlp,4,25878,belief_bank_facts,511,4282,27416,2141,2141,1971,25445,9.1127,4097,0.1293456631160014,0.5606291222729579,0.6971111759556463,0.21019592923720753,0.6892915839308407,1784.692,10,2026-09-18T18:12:38.201124+00:00
Llama-3.1-8B-Instruct,belief_bank_constraints,mlp,4,25878,belief_bank_facts,mean,0,0,0,0,0,0,9.14194,4097.0,0.1274376294777269,0.776255707762557,0.5855631747884447,0.21706104549236174,0.7200513976534778,9142.66,10,2026-09-18T18:12:38.201124+00:00
Llama-3.1-8B-Instruct,belief_bank_constraints,mlp,4,25878,belief_bank_facts,std,0,0,0,0,0,0,0.6613584900793213,0.0,0.02213384995218079,0.10971604156207072,0.10167805908784426,0.03042021486389471,0.052623807876866456,9142.66,10,2026-09-18T18:12:38.201124+00:00
Llama-3.1-8B-Instruct,belief_bank_constraints,mlp,4,25878,halu_eval,2,4282,10000,2141,2141,1912,8088,8.7615,4097,0.19246231155778895,0.4006276150627615,0.564,0.26001357773251865,0.4967758552367472,1794.27,10,2026-09-18T18:12:38.201124+00:00
Llama-3.1-8B-Instruct,belief_bank_constraints,mlp,4,25878,halu_eval,4,4282,10000,2141,2141,1912,8088,10.3135,4097,0.18432948267202412,0.19194560669456068,0.6831,0.18806046630796822,0.4908746014033911,1805.399,10,2026-09-18T18:12:38.201124+00:00
Llama-3.1-8B-Instruct,belief_bank_constraints,mlp,4,25878,halu_eval,24,4282,10000,2141,2141,1912,8088,9.2567,4097,0.19606903163950143,0.21391213389121339,0.682,0.2046023011505753,0.49843060668421424,1815.47,10,2026-09-18T18:12:38.201124+00:00
Llama-3.1-8B-Instruct,belief_bank_constraints,mlp,4,25878,halu_eval,42,4282,10000,2141,2141,1912,8088,8.6527,4097,0.18623393596166413,0.44717573221757323,0.5207,0.2629555589727818,0.4924154773433653,1824.937,10,2026-09-18T18:12:38.201124+00:00
Llama-3.1-8B-Instruct,belief_bank_constraints,mlp,4,25878,halu_eval,64,4282,10000,2141,2141,1912,8088,8.829,4097,0.19350887936313532,0.3305439330543933,0.6086,0.24410969486288142,0.5035514802651999,1834.59,10,2026-09-18T18:12:38.201124+00:00
Llama-3.1-8B-Instruct,belief_bank_constraints,mlp,4,25878,halu_eval,67,4282,10000,2141,2141,1912,8088,7.7938,4097,0.18317972350230416,0.24947698744769875,0.6438,0.2112488928255093,0.48801688228648055,1843.208,10,2026-09-18T18:12:38.201124+00:00
Llama-3.1-8B-Instruct,belief_bank_constraints,mlp,4,25878,halu_eval,104,4282,10000,2141,2141,1912,8088,8.2677,4097,0.1915915915915916,0.5005230125523012,0.5007,0.2771101780802085,0.49924629416377997,1852.296,10,2026-09-18T18:12:38.201124+00:00
Llama-3.1-8B-Instruct,belief_bank_constraints,mlp,4,25878,halu_eval,123,4282,10000,2141,2141,1912,8088,8.9904,4097,0.19135802469135801,0.4053347280334728,0.5588,0.25997987252599797,0.49919941185660666,1862.11,10,2026-09-18T18:12:38.201124+00:00
Llama-3.1-8B-Instruct,belief_bank_constraints,mlp,4,25878,halu_eval,420,4282,10000,2141,2141,1912,8088,7.5891,4097,0.19260293091416608,0.4330543933054393,0.5445,0.26662373208823054,0.5025481988916893,1870.534,10,2026-09-18T18:12:38.201124+00:00
Llama-3.1-8B-Instruct,belief_bank_constraints,mlp,4,25878,halu_eval,511,4282,10000,2141,2141,1912,8088,7.8127,4097,0.1913456728364182,0.40010460251046026,0.562,0.25888324873096447,0.49425294045830587,1879.167,10,2026-09-18T18:12:38.201124+00:00
Llama-3.1-8B-Instruct,belief_bank_constraints,mlp,4,25878,halu_eval,mean,0,0,0,0,0,0,8.62671,4097.0,0.19026815847299522,0.35726987447698744,0.5868200000000001,0.24335875232776366,0.496531174858978,9142.66,10,2026-09-18T18:12:38.201124+00:00
Llama-3.1-8B-Instruct,belief_bank_constraints,mlp,4,25878,halu_eval,std,0,0,0,0,0,0,0.7743421355576615,0.0,0.004003834713916626,0.10029451311166189,0.061279324408808566,0.029070049235015803,0.004798621226567317,9142.66,10,2026-09-18T18:12:38.201124+00:00
Llama-3.1-8B-Instruct,belief_bank_constraints,mlp,5,25878,belief_bank_constraints,2,4282,7764,2141,2141,917,6847,7.8819,4097,0.670933734939759,0.9716466739367503,0.9403657908294694,0.7937639198218263,0.9836821290525314,1888.657,10,2026-09-18T18:12:38.201124+00:00
Llama-3.1-8B-Instruct,belief_bank_constraints,mlp,5,25878,belief_bank_constraints,4,4282,7764,2141,2141,917,6847,9.2141,4097,0.6912908242612753,0.9694656488549618,0.9452601751674394,0.8070812528370404,0.9861719760733872,1898.646,10,2026-09-18T18:12:38.201124+00:00
Llama-3.1-8B-Instruct,belief_bank_constraints,mlp,5,25878,belief_bank_constraints,24,4282,7764,2141,2141,917,6847,9.3653,4097,0.6863496932515337,0.9760087241003271,0.9444873776403916,0.8059432687978388,0.9849882913641822,1908.773,10,2026-09-18T18:12:38.201124+00:00
Llama-3.1-8B-Instruct,belief_bank_constraints,mlp,5,25878,belief_bank_constraints,42,4282,7764,2141,2141,917,6847,8.8235,4097,0.6664190193164933,0.9781897491821155,0.9395929933024214,0.7927529827662395,0.9849014899424228,1918.359,10,2026-09-18T18:12:38.201124+00:00
Llama-3.1-8B-Instruct,belief_bank_constraints,mlp,5,25878,belief_bank_constraints,64,4282,7764,2141,2141,917,6847,8.5906,4097,0.6735003796507213,0.9672846237731734,0.9407521895929933,0.7940913160250671,0.9829486968558295,1927.713,10,2026-09-18T18:12:38.201124+00:00
Llama-3.1-8B-Instruct,belief_bank_constraints,mlp,5,25878,belief_bank_constraints,67,4282,7764,2141,2141,917,6847,7.9954,4097,0.6794185156847743,0.9683751363140676,0.9422977846470891,0.7985611510791367,0.9802973514099019,1936.478,10,2026-09-18T18:12:38.201124+00:00
Llama-3.1-8B-Instruct,belief_bank_constraints,mlp,5,25878,belief_bank_constraints,104,4282,7764,2141,2141,917,6847,9.0766,4097,0.6796338672768879,0.9716466739367503,0.9425553838227718,0.7998204667863554,0.9844340364142318,1946.347,10,2026-09-18T18:12:38.201124+00:00
Llama-3.1-8B-Instruct,belief_bank_constraints,mlp,5,25878,belief_bank_constraints,123,4282,7764,2141,2141,917,6847,9.4988,4097,0.6769811320754717,0.9781897491821155,0.9422977846470891,0.800178412132025,0.9801785369867227,1956.615,10,2026-09-18T18:12:38.201124+00:00
Llama-3.1-8B-Instruct,belief_bank_constraints,mlp,5,25878,belief_bank_constraints,420,4282,7764,2141,2141,917,6847,8.3785,4097,0.6770280515542078,0.9738276990185387,0.9420401854714064,0.7987477638640429,0.9857785824738532,1965.758,10,2026-09-18T18:12:38.201124+00:00
Llama-3.1-8B-Instruct,belief_bank_constraints,mlp,5,25878,belief_bank_constraints,511,4282,7764,2141,2141,917,6847,8.6409,4097,0.6737320211960636,0.9705561613958561,0.9410097887686759,0.7953529937444147,0.9803304792919679,1975.171,10,2026-09-18T18:12:38.201124+00:00
Llama-3.1-8B-Instruct,belief_bank_constraints,mlp,5,25878,belief_bank_constraints,mean,0,0,0,0,0,0,8.74656,4097.0,0.6775287239207188,0.9725190839694656,0.9420659453889748,0.7986293527853987,0.9833711569865031,9142.66,10,2026-09-18T18:12:38.201124+00:00
Llama-3.1-8B-Instruct,belief_bank_constraints,mlp,5,25878,belief_bank_constraints,std,0,0,0,0,0,0,0.5258305814613674,0.0,0.006879827774130419,0.0037077426390403384,0.0016811183512632406,0.004672231380481336,0.002211086621541,9142.66,10,2026-09-18T18:12:38.201124+00:00
Llama-3.1-8B-Instruct,belief_bank_constraints,mlp,5,25878,belief_bank_facts,2,4282,27416,2141,2141,1971,25445,8.7307,4097,0.11044281729428172,0.6428209030948757,0.6020936679311351,0.18849959086513426,0.6916652734048299,1985.537,10,2026-09-18T18:12:38.201124+00:00
Llama-3.1-8B-Instruct,belief_bank_constraints,mlp,5,25878,belief_bank_facts,4,4282,27416,2141,2141,1971,25445,10.141,4097,0.11205381492030786,0.9381024860476915,0.4611175955646338,0.2001948895625812,0.7658100125229065,1997.321,10,2026-09-18T18:12:38.201124+00:00
Llama-3.1-8B-Instruct,belief_bank_constraints,mlp,5,25878,belief_bank_facts,24,4282,27416,2141,2141,1971,25445,8.9618,4097,0.16435420191765368,0.73921867072552,0.7110446454625037,0.26891842008121075,0.7479353554422802,2007.908,10,2026-09-18T18:12:38.201124+00:00
Llama-3.1-8B-Instruct,belief_bank_constraints,mlp,5,25878,belief_bank_facts,42,4282,27416,2141,2141,1971,25445,9.274,4097,0.13762667538411247,0.854388635210553,0.6046469215056901,0.23706623495459986,0.7215285822057882,2018.8,10,2026-09-18T18:12:38.201124+00:00
Llama-3.1-8B-Instruct,belief_bank_constraints,mlp,5,25878,belief_bank_facts,64,4282,27416,2141,2141,1971,25445,8.5876,4097,0.15510729613733906,0.9167935058346017,0.6349941639918296,0.2653256001761985,0.8108205549538857,2029.005,10,2026-09-18T18:12:38.201124+00:00
Llama-3.1-8B-Instruct,belief_bank_constraints,mlp,5,25878,belief_bank_facts,67,4282,27416,2141,2141,1971,25445,7.7825,4097,0.14473950942631258,0.7245053272450532,0.6724175663845929,0.24127735068007097,0.7634762715296339,2038.396,10,2026-09-18T18:12:38.201124+00:00
Llama-3.1-8B-Instruct,belief_bank_constraints,mlp,5,25878,belief_bank_facts,104,4282,27416,2141,2141,1971,25445,9.4745,4097,0.15074742768394486,0.7879249112125825,0.6656332068864896,0.2530758575735354,0.7231927699132009,2049.485,10,2026-09-18T18:12:38.201124+00:00
Llama-3.1-8B-Instruct,belief_bank_constraints,mlp,5,25878,belief_bank_facts,123,4282,27416,2141,2141,1971,25445,9.5163,4097,0.10636619718309859,0.9578893962455606,0.4184053107674351,0.19147102073931344,0.8044014811345368,2060.624,10,2026-09-18T18:12:38.201124+00:00
Llama-3.1-8B-Instruct,belief_bank_constraints,mlp,5,25878,belief_bank_facts,420,4282,27416,2141,2141,1971,25445,7.5986,4097,0.12629017370143492,0.7635717909690513,0.6032243945141523,0.21673387096774194,0.6920140225448208,2069.853,10,2026-09-18T18:12:38.201124+00:00
Llama-3.1-8B-Instruct,belief_bank_constraints,mlp,5,25878,belief_bank_facts,511,4282,27416,2141,2141,1971,25445,7.8304,4097,0.11130560753304762,0.9355657026889903,0.4583454916836884,0.19894271226669544,0.7747832368717598,2079.31,10,2026-09-18T18:12:38.201124+00:00
Llama-3.1-8B-Instruct,belief_bank_constraints,mlp,5,25878,belief_bank_facts,mean,0,0,0,0,0,0,8.78974,4097.0,0.13190337211815334,0.8260781329274479,0.583192296469215,0.2261505547867082,0.7495627560523642,9142.66,10,2026-09-18T18:12:38.201124+00:00
Llama-3.1-8B-Instruct,belief_bank_constraints,mlp,5,25878,belief_bank_facts,std,0,0,0,0,0,0,0.8052843053232814,0.0,0.02026470586100472,0.1038024472781705,0.09625479976462968,0.02925682961761587,0.040001687881443024,9142.66,10,2026-09-18T18:12:38.201124+00:00
Llama-3.1-8B-Instruct,belief_bank_constraints,mlp,5,25878,halu_eval,2,4282,10000,2141,2141,1912,8088,7.6003,4097,0.19120458891013384,0.5230125523012552,0.4858,0.2800336040324839,0.5004188368324994,2087.727,10,2026-09-18T18:12:38.201124+00:00
Llama-3.1-8B-Instruct,belief_bank_constraints,mlp,5,25878,halu_eval,4,4282,10000,2141,2141,1912,8088,9.7779,4097,0.19066265060240964,0.3310669456066946,0.6034,0.24197247706422018,0.4940338869196164,2098.325,10,2026-09-18T18:12:38.201124+00:00
Llama-3.1-8B-Instruct,belief_bank_constraints,mlp,5,25878,halu_eval,24,4282,10000,2141,2141,1912,8088,8.1241,4097,0.19350615344330976,0.3865062761506276,0.5747,0.2578956552085151,0.5013496607919579,2107.27,10,2026-09-18T18:12:38.201124+00:00
Llama-3.1-8B-Instruct,belief_bank_constraints,mlp,5,25878,halu_eval,42,4282,10000,2141,2141,1912,8088,7.8939,4097,0.19388868679519825,0.5575313807531381,0.4722,0.28771929824561404,0.5043790338183745,2115.994,10,2026-09-18T18:12:38.201124+00:00
Llama-3.1-8B-Instruct,belief_bank_constraints,mlp,5,25878,halu_eval,64,4282,10000,2141,2141,1912,8088,8.0304,4097,0.19012542305395183,0.49947698744769875,0.4975,0.2754145638067772,0.502361089987129,2124.847,10,2026-09-18T18:12:38.201124+00:00
Llama-3.1-8B-Instruct,belief_bank_constraints,mlp,5,25878,halu_eval,67,4282,10000,2141,2141,1912,8088,6.8727,4097,0.1906928645294726,0.48221757322175735,0.5097,0.27330665480954497,0.4988427829958324,2132.523,10,2026-09-18T18:12:38.201124+00:00
Llama-3.1-8B-Instruct,belief_bank_constraints,mlp,5,25878,halu_eval,104,4282,10000,2141,2141,1912,8088,9.4726,4097,0.19116655428186108,0.5930962343096234,0.4424,0.28913819479857217,0.49812241209664404,2142.794,10,2026-09-18T18:12:38.201124+00:00
Llama-3.1-8B-Instruct,belief_bank_constraints,mlp,5,25878,halu_eval,123,4282,10000,2141,2141,1912,8088,9.4849,4097,0.19256537713421223,0.4660041841004184,0.5243,0.2725187337513381,0.4975953579661382,2153.084,10,2026-09-18T18:12:38.201124+00:00
Llama-3.1-8B-Instruct,belief_bank_constraints,mlp,5,25878,halu_eval,420,4282,10000,2141,2141,1912,8088,8.0144,4097,0.19483330927983836,0.7060669456066946,0.3859,0.30539531727180186,0.5121528963307385,2161.906,10,2026-09-18T18:12:38.201124+00:00
Llama-3.1-8B-Instruct,belief_bank_constraints,mlp,5,25878,halu_eval,511,4282,10000,2141,2141,1912,8088,9.0133,4097,0.18962386511024643,0.38232217573221755,0.5695,0.253511357724987,0.5013883952774709,2171.736,10,2026-09-18T18:12:38.201124+00:00
Llama-3.1-8B-Instruct,belief_bank_constraints,mlp,5,25878,halu_eval,mean,0,0,0,0,0,0,8.42845,4097.0,0.1918269473140634,0.4927301255230126,0.50654,0.2736905856713855,0.50106443530164,9142.66,10,2026-09-18T18:12:38.201124+00:00
Llama-3.1-8B-Instruct,belief_bank_constraints,mlp,5,25878,halu_eval,std,0,0,0,0,0,0,0.9046460614516596,0.0,0.0016693690221347539,0.10544235286978074,0.062190082810686144,0.017742799990183026,0.004596512736219709,9142.66,10,2026-09-18T18:12:38.201124+00:00
Llama-3.1-8B-Instruct,belief_bank_constraints,mlp,6,25878,belief_bank_constraints,2,4282,7764,2141,2141,917,6847,7.9122,4097,0.6803030303030303,0.9792802617230099,0.9431993817619784,0.8028609745194457,0.9841111191984199,2181.151,10,2026-09-18T18:12:38.201124+00:00
Llama-3.1-8B-Instruct,belief_bank_constraints,mlp,6,25878,belief_bank_constraints,4,4282,7764,2141,2141,917,6847,9.3965,4097,0.7176186645213194,0.9727371864776445,0.9515713549716641,0.825925925925926,0.9892471354336304,2191.287,10,2026-09-18T18:12:38.201124+00:00
Llama-3.1-8B-Instruct,belief_bank_constraints,mlp,6,25878,belief_bank_constraints,24,4282,7764,2141,2141,917,6847,8.2959,4097,0.7057435090479937,0.9781897491821155,0.9492529623905204,0.819926873857404,0.988181946610277,2200.321,10,2026-09-18T18:12:38.201124+00:00
Llama-3.1-8B-Instruct,belief_bank_constraints,mlp,6,25878,belief_bank_constraints,42,4282,7764,2141,2141,917,6847,8.7291,4097,0.675226586102719,0.9749182115594329,0.9416537867078826,0.7978580990629184,0.9840664443382299,2209.787,10,2026-09-18T18:12:38.201124+00:00
Llama-3.1-8B-Instruct,belief_bank_constraints,mlp,6,25878,belief_bank_constraints,64,4282,7764,2141,2141,917,6847,8.0913,4097,0.7041139240506329,0.9705561613958561,0.9483513652756311,0.8161393856029344,0.9856675722151994,2218.627,10,2026-09-18T18:12:38.201124+00:00
Llama-3.1-8B-Instruct,belief_bank_constraints,mlp,6,25878,belief_bank_constraints,67,4282,7764,2141,2141,917,6847,6.9574,4097,0.6985121378230227,0.9727371864776445,0.9471921689850592,0.813126709206928,0.9863404823196654,2226.332,10,2026-09-18T18:12:38.201124+00:00
Llama-3.1-8B-Instruct,belief_bank_constraints,mlp,6,25878,belief_bank_constraints,104,4282,7764,2141,2141,917,6847,8.4977,4097,0.6974921630094044,0.9705561613958561,0.9468057702215353,0.8116735066119471,0.9862111561646768,2235.577,10,2026-09-18T18:12:38.201124+00:00
Llama-3.1-8B-Instruct,belief_bank_constraints,mlp,6,25878,belief_bank_constraints,123,4282,7764,2141,2141,917,6847,8.71,4097,0.6973684210526315,0.9825517993456925,0.9475785677485832,0.8157537347215935,0.9850277899927995,2245.036,10,2026-09-18T18:12:38.201124+00:00
Llama-3.1-8B-Instruct,belief_bank_constraints,mlp,6,25878,belief_bank_constraints,420,4282,7764,2141,2141,917,6847,8.3372,4097,0.6974398758727696,0.9803707742639041,0.9474497681607419,0.815049864007253,0.9867371409268066,2254.126,10,2026-09-18T18:12:38.201124+00:00
Llama-3.1-8B-Instruct,belief_bank_constraints,mlp,6,25878,belief_bank_constraints,511,4282,7764,2141,2141,917,6847,8.2145,4097,0.6898685228151585,0.9727371864776445,0.9451313755795981,0.8072398190045249,0.983755870443861,2263.103,10,2026-09-18T18:12:38.201124+00:00
Llama-3.1-8B-Instruct,belief_bank_constraints,mlp,6,25878,belief_bank_constraints,mean,0,0,0,0,0,0,8.31418,4097.0,0.6963686834598682,0.9754634678298799,0.9468186501803194,0.8125554892520876,0.9859346657643566,9142.66,10,2026-09-18T18:12:38.201124+00:00
Llama-3.1-8B-Instruct,belief_bank_constraints,mlp,6,25878,belief_bank_constraints,std,0,0,0,0,0,0,0.5997369269938279,0.0,0.01163953140592718,0.004087604103378684,0.0027313105881893777,0.007757308234651313,0.001713601819779368,9142.66,10,2026-09-18T18:12:38.201124+00:00
Llama-3.1-8B-Instruct,belief_bank_constraints,mlp,6,25878,belief_bank_facts,2,4282,27416,2141,2141,1971,25445,8.2522,4097,0.13575091575091575,0.9401319127346525,0.5653997665596732,0.23724473465207094,0.7970184196692082,2273.018,10,2026-09-18T18:12:38.201124+00:00
Llama-3.1-8B-Instruct,belief_bank_constraints,mlp,6,25878,belief_bank_facts,4,4282,27416,2141,2141,1971,25445,9.4855,4097,0.17318285637511757,0.6539827498731609,0.7506565509191713,0.27384746122795833,0.7617083693113916,2284.116,10,2026-09-18T18:12:38.201124+00:00
Llama-3.1-8B-Instruct,belief_bank_constraints,mlp,6,25878,belief_bank_facts,24,4282,27416,2141,2141,1971,25445,7.4068,4097,0.15919422408414297,0.9061390157280568,0.6491829588561424,0.2708112206216831,0.7593487171373399,2293.143,10,2026-09-18T18:12:38.201124+00:00
Llama-3.1-8B-Instruct,belief_bank_constraints,mlp,6,25878,belief_bank_facts,42,4282,27416,2141,2141,1971,25445,7.7684,4097,0.07044467042618101,0.3866057838660578,0.5891450248030348,0.11917422583672192,0.5778867363367373,2302.539,10,2026-09-18T18:12:38.201124+00:00
Llama-3.1-8B-Instruct,belief_bank_constraints,mlp,6,25878,belief_bank_facts,64,4282,27416,2141,2141,1971,25445,6.8837,4097,0.1057709812488622,0.2947742262810756,0.7701342281879194,0.15568060021436228,0.6868085869593284,2311.101,10,2026-09-18T18:12:38.201124+00:00
Llama-3.1-8B-Instruct,belief_bank_constraints,mlp,6,25878,belief_bank_facts,67,4282,27416,2141,2141,1971,25445,6.3497,4097,0.14880367092756475,0.6910197869101978,0.6936095710533995,0.24487594390507011,0.7557114812452002,2319.077,10,2026-09-18T18:12:38.201124+00:00
Llama-3.1-8B-Instruct,belief_bank_constraints,mlp,6,25878,belief_bank_facts,104,4282,27416,2141,2141,1971,25445,7.5386,4097,0.053726169844020795,0.12582445459157787,0.7778304639626495,0.07529983300440261,0.6776928162223332,2328.254,10,2026-09-18T18:12:38.201124+00:00
Llama-3.1-8B-Instruct,belief_bank_constraints,mlp,6,25878,belief_bank_facts,123,4282,27416,2141,2141,1971,25445,7.3556,4097,0.1994780014914243,0.8143074581430746,0.7517143274000584,0.32045522611560345,0.808701191844528,2337.25,10,2026-09-18T18:12:38.201124+00:00
Llama-3.1-8B-Instruct,belief_bank_constraints,mlp,6,25878,belief_bank_facts,420,4282,27416,2141,2141,1971,25445,7.7188,4097,0.0645266416816034,0.4018264840182648,0.5381893784651298,0.11119691119691119,0.47019346848820576,2346.602,10,2026-09-18T18:12:38.201124+00:00
Llama-3.1-8B-Instruct,belief_bank_constraints,mlp,6,25878,belief_bank_facts,511,4282,27416,2141,2141,1971,25445,7.3377,4097,0.12782561894510225,0.4819888381532217,0.7263276918587686,0.20206317132829948,0.7141989980677776,2355.577,10,2026-09-18T18:12:38.201124+00:00
Llama-3.1-8B-Instruct,belief_bank_constraints,mlp,6,25878,belief_bank_facts,mean,0,0,0,0,0,0,7.609699999999999,4097.0,0.12387037507749352,0.569660071029934,0.6812189962065947,0.20106493281030838,0.700926878528205,9142.66,10,2026-09-18T18:12:38.201124+00:00
Llama-3.1-8B-Instruct,belief_bank_constraints,mlp,6,25878,belief_bank_facts,std,0,0,0,0,0,0,0.7917051736599932,0.0,0.046688597034677634,0.2596293158838735,0.08520250587846814,0.07765578513424456,0.10012483233300724,9142.66,10,2026-09-18T18:12:38.201124+00:00
Llama-3.1-8B-Instruct,belief_bank_constraints,mlp,6,25878,halu_eval,2,4282,10000,2141,2141,1912,8088,8.2791,4097,0.18626373626373627,0.35460251046025104,0.5804,0.2442363112391931,0.4923067750559743,2364.669,10,2026-09-18T18:12:38.201124+00:00
Llama-3.1-8B-Instruct,belief_bank_constraints,mlp,6,25878,halu_eval,4,4282,10000,2141,2141,1912,8088,9.4565,4097,0.1893011216566005,0.573744769874477,0.4487,0.2846762683274945,0.5015038227509943,2374.934,10,2026-09-18T18:12:38.201124+00:00
Llama-3.1-8B-Instruct,belief_bank_constraints,mlp,6,25878,halu_eval,24,4282,10000,2141,2141,1912,8088,7.9359,4097,0.1855333060890887,0.47489539748953974,0.501,0.26682339112547754,0.4907091553580075,2383.678,10,2026-09-18T18:12:38.201124+00:00
Llama-3.1-8B-Instruct,belief_bank_constraints,mlp,6,25878,halu_eval,42,4282,10000,2141,2141,1912,8088,8.9947,4097,0.18636676612347947,0.4246861924686193,0.5355,0.25905248045940343,0.4958955671711591,2393.488,10,2026-09-18T18:12:38.201124+00:00
Llama-3.1-8B-Instruct,belief_bank_constraints,mlp,6,25878,halu_eval,64,4282,10000,2141,2141,1912,8088,7.7559,4097,0.18397915988277433,0.2955020920502092,0.6147,0.22677102147300823,0.4968653196118843,2402.07,10,2026-09-18T18:12:38.201124+00:00
Llama-3.1-8B-Instruct,belief_bank_constraints,mlp,6,25878,halu_eval,67,4282,10000,2141,2141,1912,8088,6.9282,4097,0.19446233097231166,0.6317991631799164,0.4292,0.29739044805514525,0.5023794549184908,2409.8,10,2026-09-18T18:12:38.201124+00:00
Llama-3.1-8B-Instruct,belief_bank_constraints,mlp,6,25878,halu_eval,104,4282,10000,2141,2141,1912,8088,8.7165,4097,0.18976207642393655,0.6882845188284519,0.3785,0.29750197807166273,0.5005665322664083,2419.324,10,2026-09-18T18:12:38.201124+00:00
Llama-3.1-8B-Instruct,belief_bank_constraints,mlp,6,25878,halu_eval,123,4282,10000,2141,2141,1912,8088,8.2488,4097,0.1947023484434735,0.372907949790795,0.5852,0.2558306422676713,0.5051515895753407,2428.384,10,2026-09-18T18:12:38.201124+00:00
Llama-3.1-8B-Instruct,belief_bank_constraints,mlp,6,25878,halu_eval,420,4282,10000,2141,2141,1912,8088,8.6221,4097,0.18687906817403221,0.5706066945606695,0.4432,0.2815483870967742,0.49496855846152576,2437.81,10,2026-09-18T18:12:38.201124+00:00
Llama-3.1-8B-Instruct,belief_bank_constraints,mlp,6,25878,halu_eval,511,4282,10000,2141,2141,1912,8088,8.2348,4097,0.19274459508977648,0.5502092050209205,0.4734,0.2854816824966079,0.4984155720132931,2446.845,10,2026-09-18T18:12:38.201124+00:00
Llama-3.1-8B-Instruct,belief_bank_constraints,mlp,6,25878,halu_eval,mean,0,0,0,0,0,0,8.317249999999998,4097.0,0.18899945091192097,0.493723849372385,0.49898,0.2699312610612438,0.49787623471830783,9142.66,10,2026-09-18T18:12:38.201124+00:00
Llama-3.1-8B-Instruct,belief_bank_constraints,mlp,6,25878,halu_eval,std,0,0,0,0,0,0,0.6642366690419913,0.0,0.003649568130192904,0.12279550629668926,0.0738041435151171,0.022267040106877998,0.004355263975963284,9142.66,10,2026-09-18T18:12:38.201124+00:00
Llama-3.1-8B-Instruct,belief_bank_constraints,mlp,7,25878,belief_bank_constraints,2,4282,7764,2141,2141,917,6847,7.3508,4097,0.6846095526914329,0.9847328244274809,0.9446161772282329,0.8076923076923077,0.9853385231558321,2455.764,10,2026-09-18T18:12:38.201124+00:00
Llama-3.1-8B-Instruct,belief_bank_constraints,mlp,7,25878,belief_bank_constraints,4,4282,7764,2141,2141,917,6847,8.5967,4097,0.715780998389694,0.9694656488549618,0.9509273570324575,0.8235294117647058,0.9873835327987533,2465.105,10,2026-09-18T18:12:38.201124+00:00
Llama-3.1-8B-Instruct,belief_bank_constraints,mlp,7,25878,belief_bank_constraints,24,4282,7764,2141,2141,917,6847,7.57,4097,0.7194533762057878,0.9760087241003271,0.9522153529108707,0.8283202221193892,0.9875187518943016,2473.419,10,2026-09-18T18:12:38.201124+00:00
Llama-3.1-8B-Instruct,belief_bank_constraints,mlp,7,25878,belief_bank_constraints,42,4282,7764,2141,2141,917,6847,7.3483,4097,0.6891788181120491,0.9792802617230099,0.9453889747552808,0.809009009009009,0.9854233337192945,2481.516,10,2026-09-18T18:12:38.201124+00:00
Llama-3.1-8B-Instruct,belief_bank_constraints,mlp,7,25878,belief_bank_constraints,64,4282,7764,2141,2141,917,6847,8.2662,4097,0.6985121378230227,0.9727371864776445,0.9471921689850592,0.813126709206928,0.9861015793239968,2490.529,10,2026-09-18T18:12:38.201124+00:00
Llama-3.1-8B-Instruct,belief_bank_constraints,mlp,7,25878,belief_bank_constraints,67,4282,7764,2141,2141,917,6847,6.3408,4097,0.6987480438184663,0.9738276990185387,0.9473209685729006,0.8136674259681094,0.9858265223416506,2497.616,10,2026-09-18T18:12:38.201124+00:00
Llama-3.1-8B-Instruct,belief_bank_constraints,mlp,7,25878,belief_bank_constraints,104,4282,7764,2141,2141,917,6847,6.9619,4097,0.7067193675889328,0.9749182115594329,0.9492529623905204,0.8194317140238313,0.9873957964858644,2505.331,10,2026-09-18T18:12:38.201124+00:00
Llama-3.1-8B-Instruct,belief_bank_constraints,mlp,7,25878,belief_bank_constraints,123,4282,7764,2141,2141,917,6847,6.158,4097,0.7013188518231187,0.9858233369683751,0.9487377640391551,0.8195829555757026,0.9868209958782863,2512.246,10,2026-09-18T18:12:38.201124+00:00
Llama-3.1-8B-Instruct,belief_bank_constraints,mlp,7,25878,belief_bank_constraints,420,4282,7764,2141,2141,917,6847,6.4861,4097,0.6942724458204335,0.9781897491821155,0.9465481710458526,0.812132186509733,0.9868404266552672,2519.5,10,2026-09-18T18:12:38.201124+00:00
Llama-3.1-8B-Instruct,belief_bank_constraints,mlp,7,25878,belief_bank_constraints,511,4282,7764,2141,2141,917,6847,6.6787,4097,0.7223113964686998,0.9814612868047983,0.9532457496136012,0.8321775312066574,0.9867152414855371,2526.955,10,2026-09-18T18:12:38.201124+00:00
Llama-3.1-8B-Instruct,belief_bank_constraints,mlp,7,25878,belief_bank_constraints,mean,0,0,0,0,0,0,7.175750000000001,4097.0,0.7030904988741637,0.9776444929116683,0.9485445646573931,0.8178669473076374,0.9865364703738784,9142.66,10,2026-09-18T18:12:38.201124+00:00
Llama-3.1-8B-Instruct,belief_bank_constraints,mlp,7,25878,belief_bank_constraints,std,0,0,0,0,0,0,0.7697657685945769,0.0,0.012112800903198826,0.005003301961594094,0.0027293662919266356,0.007787811818133053,0.0007741733385032862,9142.66,10,2026-09-18T18:12:38.201124+00:00
Llama-3.1-8B-Instruct,belief_bank_constraints,mlp,7,25878,belief_bank_facts,2,4282,27416,2141,2141,1971,25445,6.7945,4097,0.1498332335585393,0.8888888888888888,0.6294134811788736,0.25644028103044497,0.7923567001538022,2535.411,10,2026-09-18T18:12:38.201124+00:00
Llama-3.1-8B-Instruct,belief_bank_constraints,mlp,7,25878,belief_bank_facts,4,4282,27416,2141,2141,1971,25445,7.8365,4097,0.11959633552819926,0.84779299847793,0.5403778815290341,0.20962177758263814,0.764220527577163,2544.947,10,2026-09-18T18:12:38.201124+00:00
Llama-3.1-8B-Instruct,belief_bank_constraints,mlp,7,25878,belief_bank_facts,24,4282,27416,2141,2141,1971,25445,7.3384,4097,0.10684304248282879,0.426179604261796,0.7026189086664721,0.17085324926268686,0.672989812289995,2553.987,10,2026-09-18T18:12:38.201124+00:00
Llama-3.1-8B-Instruct,belief_bank_constraints,mlp,7,25878,belief_bank_facts,42,4282,27416,2141,2141,1971,25445,6.9346,4097,0.15912974142840872,0.708777270421106,0.7098044937262912,0.25990697674418606,0.7337645715498026,2562.617,10,2026-09-18T18:12:38.201124+00:00
Llama-3.1-8B-Instruct,belief_bank_constraints,mlp,7,25878,belief_bank_facts,64,4282,27416,2141,2141,1971,25445,8.6612,4097,0.23708804722085589,0.48909183155758496,0.8501240151736212,0.319363922478052,0.8177733452610504,2572.954,10,2026-09-18T18:12:38.201124+00:00
Llama-3.1-8B-Instruct,belief_bank_constraints,mlp,7,25878,belief_bank_facts,67,4282,27416,2141,2141,1971,25445,6.6172,4097,0.1158704008786381,0.3211567732115677,0.7750218850306391,0.17029862792574657,0.693005835548844,2581.256,10,2026-09-18T18:12:38.201124+00:00
Llama-3.1-8B-Instruct,belief_bank_constraints,mlp,7,25878,belief_bank_facts,104,4282,27416,2141,2141,1971,25445,7.9562,4097,0.10792545566250256,0.534753932014206,0.6487817332944266,0.17960296498253386,0.6660390557961737,2590.9,10,2026-09-18T18:12:38.201124+00:00
Llama-3.1-8B-Instruct,belief_bank_constraints,mlp,7,25878,belief_bank_facts,123,4282,27416,2141,2141,1971,25445,7.7252,4097,0.10418937860146395,0.3394216133942161,0.7427049897869857,0.15943755958055292,0.7231296917905423,2600.316,10,2026-09-18T18:12:38.201124+00:00
Llama-3.1-8B-Instruct,belief_bank_constraints,mlp,7,25878,belief_bank_facts,420,4282,27416,2141,2141,1971,25445,7.7568,4097,0.06120826709062003,0.2734652460679858,0.6462284797198716,0.10002783706040642,0.5916852326906782,2609.768,10,2026-09-18T18:12:38.201124+00:00
Llama-3.1-8B-Instruct,belief_bank_constraints,mlp,7,25878,belief_bank_facts,511,4282,27416,2141,2141,1971,25445,7.6767,4097,0.12592304702681695,0.4931506849315068,0.7174642544499562,0.20061919504643963,0.6761625212266805,2619.144,10,2026-09-18T18:12:38.201124+00:00
Llama-3.1-8B-Instruct,belief_bank_constraints,mlp,7,25878,belief_bank_facts,mean,0,0,0,0,0,0,7.529729999999999,4097.0,0.12876069494788736,0.5322678843226788,0.6962540122556171,0.20261723916936875,0.7131127293884731,9142.66,10,2026-09-18T18:12:38.201124+00:00
Llama-3.1-8B-Instruct,belief_bank_constraints,mlp,7,25878,belief_bank_facts,std,0,0,0,0,0,0,0.5858019615023492,0.0,0.04409185220725011,0.20525150995169217,0.08138381081125705,0.059020376419649224,0.063806204880824,9142.66,10,2026-09-18T18:12:38.201124+00:00
Llama-3.1-8B-Instruct,belief_bank_constraints,mlp,7,25878,halu_eval,2,4282,10000,2141,2141,1912,8088,8.0004,4097,0.19263271939328278,0.4649581589958159,0.5251,0.2724069250804351,0.5023439860281671,2628.011,10,2026-09-18T18:12:38.201124+00:00
Llama-3.1-8B-Instruct,belief_bank_constraints,mlp,7,25878,halu_eval,4,4282,10000,2141,2141,1912,8088,8.7571,4097,0.19137551148882595,0.6359832635983264,0.4166,0.2942172755867409,0.5018711860434799,2637.626,10,2026-09-18T18:12:38.201124+00:00
Llama-3.1-8B-Instruct,belief_bank_constraints,mlp,7,25878,halu_eval,24,4282,10000,2141,2141,1912,8088,8.2121,4097,0.18363107602825093,0.46234309623430964,0.5042,0.26286054118346713,0.4893190787840036,2646.697,10,2026-09-18T18:12:38.201124+00:00
Llama-3.1-8B-Instruct,belief_bank_constraints,mlp,7,25878,halu_eval,42,4282,10000,2141,2141,1912,8088,7.9002,4097,0.1894880339291124,0.6542887029288703,0.3988,0.2938689217758985,0.5025666284883024,2655.459,10,2026-09-18T18:12:38.201124+00:00
Llama-3.1-8B-Instruct,belief_bank_constraints,mlp,7,25878,halu_eval,64,4282,10000,2141,2141,1912,8088,8.5088,4097,0.19179013184722032,0.7379707112970711,0.3553,0.3044557125903549,0.5043753478990518,2664.779,10,2026-09-18T18:12:38.201124+00:00
Llama-3.1-8B-Instruct,belief_bank_constraints,mlp,7,25878,halu_eval,67,4282,10000,2141,2141,1912,8088,6.9036,4097,0.1954497072911123,0.768305439330544,0.351,0.3116249469664828,0.5040013887509364,2672.511,10,2026-09-18T18:12:38.201124+00:00
Llama-3.1-8B-Instruct,belief_bank_constraints,mlp,7,25878,halu_eval,104,4282,10000,2141,2141,1912,8088,7.9591,4097,0.19463826661770106,0.5543933054393305,0.4762,0.28812177222071217,0.5140180685058499,2681.32,10,2026-09-18T18:12:38.201124+00:00
Llama-3.1-8B-Instruct,belief_bank_constraints,mlp,7,25878,halu_eval,123,4282,10000,2141,2141,1912,8088,7.7057,4097,0.18778713629402757,0.5130753138075314,0.4826,0.2749439461883408,0.49786743701087205,2689.87,10,2026-09-18T18:12:38.201124+00:00
Llama-3.1-8B-Instruct,belief_bank_constraints,mlp,7,25878,halu_eval,420,4282,10000,2141,2141,1912,8088,7.9582,4097,0.19279745324313569,0.5067991631799164,0.5,0.27933121937157684,0.5007704218036743,2698.671,10,2026-09-18T18:12:38.201124+00:00
Llama-3.1-8B-Instruct,belief_bank_constraints,mlp,7,25878,halu_eval,511,4282,10000,2141,2141,1912,8088,7.7079,4097,0.1944495497151259,0.553347280334728,0.4763,0.2877736978104175,0.5083625426273336,2707.226,10,2026-09-18T18:12:38.201124+00:00
Llama-3.1-8B-Instruct,belief_bank_constraints,mlp,7,25878,halu_eval,mean,0,0,0,0,0,0,7.96131,4097.0,0.1914039585847795,0.5851464435146444,0.44861000000000006,0.28696049587744266,0.502549608594167,9142.66,10,2026-09-18T18:12:38.201124+00:00
Llama-3.1-8B-Instruct,belief_bank_constraints,mlp,7,25878,halu_eval,std,0,0,0,0,0,0,0.47428927976499735,0.0,0.0034187124754765726,0.10348085865367178,0.06000442400356827,0.014184612723853907,0.006094216498903204,9142.66,10,2026-09-18T18:12:38.201124+00:00
Llama-3.1-8B-Instruct,belief_bank_constraints,mlp,8,25878,belief_bank_constraints,2,4282,7764,2141,2141,917,6847,7.1283,4097,0.6836501901140685,0.9803707742639041,0.9441009788768676,0.8055555555555556,0.9814299905123658,2715.935,10,2026-09-18T18:12:38.201124+00:00
Llama-3.1-8B-Instruct,belief_bank_constraints,mlp,8,25878,belief_bank_constraints,4,4282,7764,2141,2141,917,6847,7.7013,4097,0.7269010629599346,0.9694656488549618,0.9533745492014426,0.8308411214953271,0.9889571868312209,2724.431,10,2026-09-18T18:12:38.201124+00:00
Llama-3.1-8B-Instruct,belief_bank_constraints,mlp,8,25878,belief_bank_constraints,24,4282,7764,2141,2141,917,6847,7.1925,4097,0.7209677419354839,0.9749182115594329,0.9524729520865534,0.8289290681502086,0.9897596619936709,2732.42,10,2026-09-18T18:12:38.201124+00:00
Llama-3.1-8B-Instruct,belief_bank_constraints,mlp,8,25878,belief_bank_constraints,42,4282,7764,2141,2141,917,6847,6.9476,4097,0.6978193146417445,0.9770992366412213,0.9473209685729006,0.8141753748296229,0.9833051401253666,2740.176,10,2026-09-18T18:12:38.201124+00:00
Llama-3.1-8B-Instruct,belief_bank_constraints,mlp,8,25878,belief_bank_constraints,64,4282,7764,2141,2141,917,6847,6.9007,4097,0.7168,0.9770992366412213,0.9517001545595054,0.8269497000461468,0.9856691649018371,2747.874,10,2026-09-18T18:12:38.201124+00:00
Llama-3.1-8B-Instruct,belief_bank_constraints,mlp,8,25878,belief_bank_constraints,67,4282,7764,2141,2141,917,6847,6.1531,4097,0.7104430379746836,0.9792802617230099,0.9504121586810922,0.8234754699679047,0.9833506909632075,2754.809,10,2026-09-18T18:12:38.201124+00:00
Llama-3.1-8B-Instruct,belief_bank_constraints,mlp,8,25878,belief_bank_constraints,104,4282,7764,2141,2141,917,6847,7.4072,4097,0.7001557632398754,0.9803707742639041,0.9480937660999484,0.8169014084507042,0.9876483965866176,2763.029,10,2026-09-18T18:12:38.201124+00:00
Llama-3.1-8B-Instruct,belief_bank_constraints,mlp,8,25878,belief_bank_constraints,123,4282,7764,2141,2141,917,6847,6.3015,4097,0.7124702144559174,0.9781897491821155,0.9507985574446162,0.8244485294117647,0.9836098210791759,2770.138,10,2026-09-18T18:12:38.201124+00:00
Llama-3.1-8B-Instruct,belief_bank_constraints,mlp,8,25878,belief_bank_constraints,420,4282,7764,2141,2141,917,6847,7.3343,4097,0.7086302454473475,0.9760087241003271,0.9497681607418856,0.8211009174311926,0.9862270830310546,2778.277,10,2026-09-18T18:12:38.201124+00:00
Llama-3.1-8B-Instruct,belief_bank_constraints,mlp,8,25878,belief_bank_constraints,511,4282,7764,2141,2141,917,6847,7.2727,4097,0.7046347211311862,0.9781897491821155,0.9489953632148377,0.8191780821917808,0.9842562925854544,2786.328,10,2026-09-18T18:12:38.201124+00:00
Llama-3.1-8B-Instruct,belief_bank_constraints,mlp,8,25878,belief_bank_constraints,mean,0,0,0,0,0,0,7.03392,4097.0,0.7082472291900241,0.9770992366412214,0.9497037609479649,0.8211555227530208,0.9854213428609973,9142.66,10,2026-09-18T18:12:38.201124+00:00
Llama-3.1-8B-Instruct,belief_bank_constraints,mlp,8,25878,belief_bank_constraints,std,0,0,0,0,0,0,0.45864091575000143,0.0,0.011823732483470867,0.0030456357783574775,0.0025883590296702725,0.007198121647233749,0.0025754488335560347,9142.66,10,2026-09-18T18:12:38.201124+00:00
Llama-3.1-8B-Instruct,belief_bank_constraints,mlp,8,25878,belief_bank_facts,2,4282,27416,2141,2141,1971,25445,7.7971,4097,0.1543221451340709,0.8351090816844241,0.659140647796907,0.26050486666139117,0.8013944781369552,2795.836,10,2026-09-18T18:12:38.201124+00:00
Llama-3.1-8B-Instruct,belief_bank_constraints,mlp,8,25878,belief_bank_facts,4,4282,27416,2141,2141,1971,25445,8.9695,4097,0.14259893455098935,0.7605276509386099,0.6540341406477969,0.24016662661219257,0.7202431722941981,2806.498,10,2026-09-18T18:12:38.201124+00:00
Llama-3.1-8B-Instruct,belief_bank_constraints,mlp,8,25878,belief_bank_facts,24,4282,27416,2141,2141,1971,25445,8.2695,4097,0.16113196650303205,0.8493150684931506,0.6712868398015758,0.270873786407767,0.7736392866539273,2816.46,10,2026-09-18T18:12:38.201124+00:00
Llama-3.1-8B-Instruct,belief_bank_constraints,mlp,8,25878,belief_bank_facts,42,4282,27416,2141,2141,1971,25445,8.0811,4097,0.1288751987281399,0.6580416032470827,0.65563904289466,0.2155380141254674,0.7300764005970238,2826.24,10,2026-09-18T18:12:38.201124+00:00
Llama-3.1-8B-Instruct,belief_bank_constraints,mlp,8,25878,belief_bank_facts,64,4282,27416,2141,2141,1971,25445,8.0138,4097,0.19860104921309019,0.806697108066971,0.752079077910709,0.3187330860980255,0.8180568528592873,2835.951,10,2026-09-18T18:12:38.201124+00:00
Llama-3.1-8B-Instruct,belief_bank_constraints,mlp,8,25878,belief_bank_facts,67,4282,27416,2141,2141,1971,25445,6.9238,4097,0.1705263157894737,0.9041095890410958,0.6769404727166618,0.2869334192094034,0.796682381862612,2844.576,10,2026-09-18T18:12:38.201124+00:00
Llama-3.1-8B-Instruct,belief_bank_constraints,mlp,8,25878,belief_bank_facts,104,4282,27416,2141,2141,1971,25445,8.4564,4097,0.11152149379296193,0.5514967021816337,0.6518821126349577,0.18552654036525004,0.6882668211567233,2854.736,10,2026-09-18T18:12:38.201124+00:00
Llama-3.1-8B-Instruct,belief_bank_constraints,mlp,8,25878,belief_bank_facts,123,4282,27416,2141,2141,1971,25445,7.3968,4097,0.15806831566548882,0.6808726534753932,0.716333527866939,0.2565720294426919,0.7630699874053117,2863.845,10,2026-09-18T18:12:38.201124+00:00
Llama-3.1-8B-Instruct,belief_bank_constraints,mlp,8,25878,belief_bank_facts,420,4282,27416,2141,2141,1971,25445,7.0882,4097,0.1275228602026526,0.7853881278538812,0.5982637875693027,0.21941885187810065,0.6802451522713059,2872.657,10,2026-09-18T18:12:38.201124+00:00
Llama-3.1-8B-Instruct,belief_bank_constraints,mlp,8,25878,belief_bank_facts,511,4282,27416,2141,2141,1971,25445,7.3651,4097,0.15883905013192612,0.7635717909690513,0.6922964692150569,0.26297396470382667,0.7210533179122427,2881.772,10,2026-09-18T18:12:38.201124+00:00
Llama-3.1-8B-Instruct,belief_bank_constraints,mlp,8,25878,belief_bank_facts,mean,0,0,0,0,0,0,7.83613,4097.0,0.15120073297118256,0.7595129375951293,0.6727896119054566,0.25172411855041166,0.7492727851149588,9142.66,10,2026-09-18T18:12:38.201124+00:00
Llama-3.1-8B-Instruct,belief_bank_constraints,mlp,8,25878,belief_bank_facts,std,0,0,0,0,0,0,0.6129272127259485,0.0,0.023540714563219028,0.09866724220769155,0.03925088973218658,0.0363215205702179,0.045797136999774016,9142.66,10,2026-09-18T18:12:38.201124+00:00
Llama-3.1-8B-Instruct,belief_bank_constraints,mlp,8,25878,halu_eval,2,4282,10000,2141,2141,1912,8088,7.8102,4097,0.18815646504889533,0.5434100418410042,0.4644,0.2795264998654829,0.4967870423252176,2890.42,10,2026-09-18T18:12:38.201124+00:00
Llama-3.1-8B-Instruct,belief_bank_constraints,mlp,8,25878,halu_eval,4,4282,10000,2141,2141,1912,8088,8.8966,4097,0.19920174165457186,0.5742677824267782,0.4772,0.2957974137931034,0.5098230396599746,2900.144,10,2026-09-18T18:12:38.201124+00:00
Llama-3.1-8B-Instruct,belief_bank_constraints,mlp,8,25878,halu_eval,24,4282,10000,2141,2141,1912,8088,8.3951,4097,0.20044296788482835,0.2839958158995816,0.6465,0.23501406621943302,0.5088644096424684,2909.397,10,2026-09-18T18:12:38.201124+00:00
Llama-3.1-8B-Instruct,belief_bank_constraints,mlp,8,25878,halu_eval,42,4282,10000,2141,2141,1912,8088,7.629,4097,0.18990203466465713,0.5271966527196653,0.4796,0.27922437673130196,0.5025151549482885,2917.885,10,2026-09-18T18:12:38.201124+00:00
Llama-3.1-8B-Instruct,belief_bank_constraints,mlp,8,25878,halu_eval,64,4282,10000,2141,2141,1912,8088,7.0498,4097,0.1942653923094021,0.4571129707112971,0.5337,0.27265637186086417,0.51310926306445,2925.801,10,2026-09-18T18:12:38.201124+00:00
Llama-3.1-8B-Instruct,belief_bank_constraints,mlp,8,25878,halu_eval,67,4282,10000,2141,2141,1912,8088,5.9807,4097,0.19213258058641414,0.5517782426778243,0.4707,0.2850195866540592,0.5044038652748635,2932.634,10,2026-09-18T18:12:38.201124+00:00
Llama-3.1-8B-Instruct,belief_bank_constraints,mlp,8,25878,halu_eval,104,4282,10000,2141,2141,1912,8088,7.1455,4097,0.1973051010587103,0.42887029288702927,0.5572,0.2702702702702703,0.5162238325594196,2940.594,10,2026-09-18T18:12:38.201124+00:00
Llama-3.1-8B-Instruct,belief_bank_constraints,mlp,8,25878,halu_eval,123,4282,10000,2141,2141,1912,8088,6.6137,4097,0.19614147909967847,0.38284518828451886,0.582,0.2593905031892275,0.5065558601719992,2948.065,10,2026-09-18T18:12:38.201124+00:00
Llama-3.1-8B-Instruct,belief_bank_constraints,mlp,8,25878,halu_eval,420,4282,10000,2141,2141,1912,8088,6.1401,4097,0.19199323371863547,0.3561715481171548,0.5903,0.24949624473346768,0.5040576798521701,2955.069,10,2026-09-18T18:12:38.201124+00:00
Llama-3.1-8B-Instruct,belief_bank_constraints,mlp,8,25878,halu_eval,511,4282,10000,2141,2141,1912,8088,6.4858,4097,0.18890113928702681,0.5376569037656904,0.4702,0.2795757410932826,0.5027795064954952,2962.396,10,2026-09-18T18:12:38.201124+00:00
Llama-3.1-8B-Instruct,belief_bank_constraints,mlp,8,25878,halu_eval,mean,0,0,0,0,0,0,7.214650000000001,4097.0,0.19384421353128198,0.46433054393305434,0.5271800000000001,0.2705971074410493,0.5065119653994345,9142.66,10,2026-09-18T18:12:38.201124+00:00
Llama-3.1-8B-Instruct,belief_bank_constraints,mlp,8,25878,halu_eval,std,0,0,0,0,0,0,0.9138049302230753,0.0,0.004103172959394141,0.09353295384861308,0.06108210539920836,0.01708560105630319,0.00537858075494474,9142.66,10,2026-09-18T18:12:38.201124+00:00
Llama-3.1-8B-Instruct,belief_bank_constraints,mlp,9,25878,belief_bank_constraints,2,4282,7764,2141,2141,917,6847,6.2144,4097,0.704225352112676,0.9814612868047983,0.9491241628026791,0.8200455580865603,0.9858429270140199,2970.326,10,2026-09-18T18:12:38.201124+00:00
Llama-3.1-8B-Instruct,belief_bank_constraints,mlp,9,25878,belief_bank_constraints,4,4282,7764,2141,2141,917,6847,7.1808,4097,0.7408333333333333,0.9694656488549618,0.9563369397217929,0.8398677373641946,0.9900597241562304,2978.323,10,2026-09-18T18:12:38.201124+00:00
Llama-3.1-8B-Instruct,belief_bank_constraints,mlp,9,25878,belief_bank_constraints,24,4282,7764,2141,2141,917,6847,7.1453,4097,0.7340425531914894,0.9781897491821155,0.955564142194745,0.8387096774193549,0.9877391797249716,2986.278,10,2026-09-18T18:12:38.201124+00:00
Llama-3.1-8B-Instruct,belief_bank_constraints,mlp,9,25878,belief_bank_constraints,42,4282,7764,2141,2141,917,6847,7.1723,4097,0.7088607594936709,0.9770992366412213,0.9498969603297269,0.8216414488766621,0.9876327086232356,2994.263,10,2026-09-18T18:12:38.201124+00:00
Llama-3.1-8B-Instruct,belief_bank_constraints,mlp,9,25878,belief_bank_constraints,64,4282,7764,2141,2141,917,6847,7.2819,4097,0.7241659886086249,0.9705561613958561,0.9528593508500772,0.8294501397949674,0.9853906836432198,3002.339,10,2026-09-18T18:12:38.201124+00:00
Llama-3.1-8B-Instruct,belief_bank_constraints,mlp,9,25878,belief_bank_constraints,67,4282,7764,2141,2141,917,6847,6.9453,4097,0.721324717285945,0.9738276990185387,0.9524729520865534,0.8287703016241299,0.9820145861427662,3010.068,10,2026-09-18T18:12:38.201124+00:00
Llama-3.1-8B-Instruct,belief_bank_constraints,mlp,9,25878,belief_bank_constraints,104,4282,7764,2141,2141,917,6847,7.0328,4097,0.7090909090909091,0.9781897491821155,0.9500257599175682,0.8221814848762603,0.9857919610416107,3017.914,10,2026-09-18T18:12:38.201124+00:00
Llama-3.1-8B-Instruct,belief_bank_constraints,mlp,9,25878,belief_bank_constraints,123,4282,7764,2141,2141,917,6847,7.4141,4097,0.7121332275971451,0.9792802617230099,0.9507985574446162,0.8246097337006428,0.9874848276689168,3026.139,10,2026-09-18T18:12:38.201124+00:00
Llama-3.1-8B-Instruct,belief_bank_constraints,mlp,9,25878,belief_bank_constraints,420,4282,7764,2141,2141,917,6847,6.6626,4097,0.7331691297208539,0.9738276990185387,0.9550489438433797,0.8365339578454333,0.9891873300503815,3033.615,10,2026-09-18T18:12:38.201124+00:00
Llama-3.1-8B-Instruct,belief_bank_constraints,mlp,9,25878,belief_bank_constraints,511,4282,7764,2141,2141,917,6847,7.173,4097,0.7145122918318795,0.9825517993456925,0.9515713549716641,0.8273645546372819,0.9845745113756846,3041.6,10,2026-09-18T18:12:38.201124+00:00
Llama-3.1-8B-Instruct,belief_bank_constraints,mlp,9,25878,belief_bank_constraints,mean,0,0,0,0,0,0,7.02225,4097.0,0.7202358262266527,0.976444929116685,0.9523699124162801,0.8289174594225488,0.9865718439441038,9142.66,10,2026-09-18T18:12:38.201124+00:00
Llama-3.1-8B-Instruct,belief_bank_constraints,mlp,9,25878,belief_bank_constraints,std,0,0,0,0,0,0,0.3308302986426726,0.0,0.011862262688323208,0.004172546667330208,0.002421158194231665,0.006870989028908101,0.0022275622295783904,9142.66,10,2026-09-18T18:12:38.201124+00:00
Llama-3.1-8B-Instruct,belief_bank_constraints,mlp,9,25878,belief_bank_facts,2,4282,27416,2141,2141,1971,25445,7.1496,4097,0.20583998952468247,0.7975646879756468,0.7642252699153779,0.32722731057452126,0.8170930845461192,3050.47,10,2026-09-18T18:12:38.201124+00:00
Llama-3.1-8B-Instruct,belief_bank_constraints,mlp,9,25878,belief_bank_facts,4,4282,27416,2141,2141,1971,25445,8.1888,4097,0.08026030368763558,0.15017757483510907,0.8151809162532827,0.10461212228308889,0.6807930456344844,3060.382,10,2026-09-18T18:12:38.201124+00:00
Llama-3.1-8B-Instruct,belief_bank_constraints,mlp,9,25878,belief_bank_facts,24,4282,27416,2141,2141,1971,25445,7.0223,4097,0.2213628762541806,0.5372907153729072,0.8308651882112635,0.3135455218356773,0.7784741893633755,3069.137,10,2026-09-18T18:12:38.201124+00:00
Llama-3.1-8B-Instruct,belief_bank_constraints,mlp,9,25878,belief_bank_facts,42,4282,27416,2141,2141,1971,25445,7.4347,4097,0.1373930548565677,0.4155251141552511,0.77042602859644,0.2065052950075643,0.7283827923838475,3078.295,10,2026-09-18T18:12:38.201124+00:00
Llama-3.1-8B-Instruct,belief_bank_constraints,mlp,9,25878,belief_bank_facts,64,4282,27416,2141,2141,1971,25445,7.2788,4097,0.20561393805309736,0.7544393708777271,0.7727969069156697,0.3231554927740954,0.8129366380407438,3087.297,10,2026-09-18T18:12:38.201124+00:00
Llama-3.1-8B-Instruct,belief_bank_constraints,mlp,9,25878,belief_bank_facts,67,4282,27416,2141,2141,1971,25445,6.8595,4097,0.07801520149146708,0.27600202942668695,0.7134519988327984,0.12164579606440072,0.7038809445547588,3095.885,10,2026-09-18T18:12:38.201124+00:00
Llama-3.1-8B-Instruct,belief_bank_constraints,mlp,9,25878,belief_bank_facts,104,4282,27416,2141,2141,1971,25445,7.2945,4097,0.0702308147563622,0.18061897513952307,0.7691858768602277,0.10113636363636364,0.6179652913801507,3104.867,10,2026-09-18T18:12:38.201124+00:00
Llama-3.1-8B-Instruct,belief_bank_constraints,mlp,9,25878,belief_bank_facts,123,4282,27416,2141,2141,1971,25445,7.2643,4097,0.08994708994708994,0.24150177574835108,0.7698059527283339,0.13107531323144705,0.6753643491862102,3113.842,10,2026-09-18T18:12:38.201124+00:00
Llama-3.1-8B-Instruct,belief_bank_constraints,mlp,9,25878,belief_bank_facts,420,4282,27416,2141,2141,1971,25445,5.701,4097,0.15885555674175297,0.7549467275494672,0.6949956229938722,0.26248015523019935,0.7406362286560512,3121.271,10,2026-09-18T18:12:38.201124+00:00
Llama-3.1-8B-Instruct,belief_bank_constraints,mlp,9,25878,belief_bank_facts,511,4282,27416,2141,2141,1971,25445,6.2266,4097,0.11279007015650297,0.4241501775748351,0.7187408812372338,0.17819460726846426,0.7166703404912598,3129.223,10,2026-09-18T18:12:38.201124+00:00
Llama-3.1-8B-Instruct,belief_bank_constraints,mlp,9,25878,belief_bank_facts,mean,0,0,0,0,0,0,7.04201,4097.0,0.1360308895469339,0.4532217148655504,0.76196746425445,0.20695779779058224,0.7272196904237,9142.66,10,2026-09-18T18:12:38.201124+00:00
Llama-3.1-8B-Instruct,belief_bank_constraints,mlp,9,25878,belief_bank_facts,std,0,0,0,0,0,0,0.6439752766217041,0.0,0.055667908513779986,0.2349587371379302,0.04073518434216586,0.08828757745473029,0.059724301050806346,9142.66,10,2026-09-18T18:12:38.201124+00:00
Llama-3.1-8B-Instruct,belief_bank_constraints,mlp,9,25878,halu_eval,2,4282,10000,2141,2141,1912,8088,6.1033,4097,0.18949729022612596,0.5303347280334728,0.4765,0.2792234613795952,0.49782349697263156,3136.19,10,2026-09-18T18:12:38.201124+00:00
Llama-3.1-8B-Instruct,belief_bank_constraints,mlp,9,25878,halu_eval,4,4282,10000,2141,2141,1912,8088,7.4619,4097,0.19678714859437751,0.5894351464435147,0.4615,0.29506479905746824,0.5020076620562929,3144.53,10,2026-09-18T18:12:38.201124+00:00
Llama-3.1-8B-Instruct,belief_bank_constraints,mlp,9,25878,halu_eval,24,4282,10000,2141,2141,1912,8088,6.0269,4097,0.18932443703085905,0.47489539748953974,0.5108,0.27072152653548004,0.4953540280243679,3151.439,10,2026-09-18T18:12:38.201124+00:00
Llama-3.1-8B-Instruct,belief_bank_constraints,mlp,9,25878,halu_eval,42,4282,10000,2141,2141,1912,8088,6.4299,4097,0.19581326417191552,0.5528242677824268,0.4804,0.2891928864569083,0.5032641402211655,3158.732,10,2026-09-18T18:12:38.201124+00:00
Llama-3.1-8B-Instruct,belief_bank_constraints,mlp,9,25878,halu_eval,64,4282,10000,2141,2141,1912,8088,6.5169,4097,0.19104030501089325,0.733786610878661,0.355,0.30315471045808123,0.49864671795397075,3166.083,10,2026-09-18T18:12:38.201124+00:00
Llama-3.1-8B-Instruct,belief_bank_constraints,mlp,9,25878,halu_eval,67,4282,10000,2141,2141,1912,8088,5.831,4097,0.19110946927718261,0.8117154811715481,0.3071,0.3093790491378451,0.48998357890609157,3172.778,10,2026-09-18T18:12:38.201124+00:00
Llama-3.1-8B-Instruct,belief_bank_constraints,mlp,9,25878,halu_eval,104,4282,10000,2141,2141,1912,8088,7.2726,4097,0.18775510204081633,0.4089958158995816,0.5487,0.25736383083758435,0.49494146372124204,3180.918,10,2026-09-18T18:12:38.201124+00:00
Llama-3.1-8B-Instruct,belief_bank_constraints,mlp,9,25878,halu_eval,123,4282,10000,2141,2141,1912,8088,7.2275,4097,0.19273251160557067,0.6297071129707112,0.4249,0.29513420762348325,0.49661791036051134,3189.009,10,2026-09-18T18:12:38.201124+00:00
Llama-3.1-8B-Instruct,belief_bank_constraints,mlp,9,25878,halu_eval,420,4282,10000,2141,2141,1912,8088,6.5699,4097,0.18909204563213003,0.6328451882845189,0.4109,0.2911803633738419,0.49662557319278733,3196.429,10,2026-09-18T18:12:38.201124+00:00
Llama-3.1-8B-Instruct,belief_bank_constraints,mlp,9,25878,halu_eval,511,4282,10000,2141,2141,1912,8088,7.3476,4097,0.18982420554428667,0.5873430962343096,0.4418,0.2869187531936638,0.4947542901514305,3204.591,10,2026-09-18T18:12:38.201124+00:00
Llama-3.1-8B-Instruct,belief_bank_constraints,mlp,9,25878,halu_eval,mean,0,0,0,0,0,0,6.678749999999999,4097.0,0.19129757791341576,0.5951882845188285,0.44175999999999993,0.28773335880539513,0.4970018861560491,9142.66,10,2026-09-18T18:12:38.201124+00:00
Llama-3.1-8B-Instruct,belief_bank_constraints,mlp,9,25878,halu_eval,std,0,0,0,0,0,0,0.5735128494637237,0.0,0.002817908308338602,0.11132675698100888,0.06796284573206157,0.014538504875984072,0.0035946110312740868,9142.66,10,2026-09-18T18:12:38.201124+00:00
Llama-3.1-8B-Instruct,belief_bank_constraints,mlp,10,25878,belief_bank_constraints,2,4282,7764,2141,2141,917,6847,7.1179,4097,0.7056986729117877,0.9858233369683751,0.9497681607418856,0.8225659690627843,0.9873038984668638,3213.39,10,2026-09-18T18:12:38.201124+00:00
Llama-3.1-8B-Instruct,belief_bank_constraints,mlp,10,25878,belief_bank_constraints,4,4282,7764,2141,2141,917,6847,7.5692,4097,0.7582697201017812,0.9749182115594329,0.9603297269448737,0.8530534351145038,0.9905198513258877,3221.75,10,2026-09-18T18:12:38.201124+00:00
Llama-3.1-8B-Instruct,belief_bank_constraints,mlp,10,25878,belief_bank_constraints,24,4282,7764,2141,2141,917,6847,6.7694,4097,0.7274206672091131,0.9749182115594329,0.9538897475528079,0.8331780055917987,0.986148324676816,3229.303,10,2026-09-18T18:12:38.201124+00:00
Llama-3.1-8B-Instruct,belief_bank_constraints,mlp,10,25878,belief_bank_constraints,42,4282,7764,2141,2141,917,6847,6.9601,4097,0.7185007974481659,0.9825517993456925,0.9524729520865534,0.8300322432058959,0.9874018486950881,3237.055,10,2026-09-18T18:12:38.201124+00:00
Llama-3.1-8B-Instruct,belief_bank_constraints,mlp,10,25878,belief_bank_constraints,64,4282,7764,2141,2141,917,6847,6.8557,4097,0.7248592115848753,0.9825517993456925,0.9538897475528079,0.8342592592592593,0.9867346722625181,3244.676,10,2026-09-18T18:12:38.201124+00:00
Llama-3.1-8B-Instruct,belief_bank_constraints,mlp,10,25878,belief_bank_constraints,67,4282,7764,2141,2141,917,6847,6.1046,4097,0.7297734627831716,0.9836423118865867,0.9550489438433797,0.8379006038086391,0.9897638029789292,3251.544,10,2026-09-18T18:12:38.201124+00:00
Llama-3.1-8B-Instruct,belief_bank_constraints,mlp,10,25878,belief_bank_constraints,104,4282,7764,2141,2141,917,6847,7.2148,4097,0.7291159772911597,0.9803707742639041,0.9546625450798557,0.8362790697674418,0.9874983655053379,3259.557,10,2026-09-18T18:12:38.201124+00:00
Llama-3.1-8B-Instruct,belief_bank_constraints,mlp,10,25878,belief_bank_constraints,123,4282,7764,2141,2141,917,6847,7.3113,4097,0.7258064516129032,0.9814612868047983,0.9540185471406492,0.8344923504867872,0.9864787275198253,3267.675,10,2026-09-18T18:12:38.201124+00:00
Llama-3.1-8B-Instruct,belief_bank_constraints,mlp,10,25878,belief_bank_constraints,420,4282,7764,2141,2141,917,6847,6.5293,4097,0.7244157937147462,0.9803707742639041,0.9536321483771252,0.8331788693234476,0.9888448227889249,3275.02,10,2026-09-18T18:12:38.201124+00:00
Llama-3.1-8B-Instruct,belief_bank_constraints,mlp,10,25878,belief_bank_constraints,511,4282,7764,2141,2141,917,6847,6.4544,4097,0.7208,0.9825517993456925,0.9529881504379186,0.8315643747115828,0.9845264122392234,3282.287,10,2026-09-18T18:12:38.201124+00:00
Llama-3.1-8B-Instruct,belief_bank_constraints,mlp,10,25878,belief_bank_constraints,mean,0,0,0,0,0,0,6.88867,4097.0,0.7264660754657704,0.9809160305343511,0.9540700669757858,0.8346504180332139,0.9875220726459414,9142.66,10,2026-09-18T18:12:38.201124+00:00
Llama-3.1-8B-Instruct,belief_bank_constraints,mlp,10,25878,belief_bank_constraints,std,0,0,0,0,0,0,0.41875553262016746,0.0,0.012507596461430587,0.00335232849486137,0.002509576596658761,0.007302628330378906,0.0016850533763323565,9142.66,10,2026-09-18T18:12:38.201124+00:00
Llama-3.1-8B-Instruct,belief_bank_constraints,mlp,10,25878,belief_bank_facts,2,4282,27416,2141,2141,1971,25445,7.4422,4097,0.15109689213893968,0.8386605783866058,0.6496571345199883,0.256060723414143,0.746382439258021,3291.443,10,2026-09-18T18:12:38.201124+00:00
Llama-3.1-8B-Instruct,belief_bank_constraints,mlp,10,25878,belief_bank_facts,4,4282,27416,2141,2141,1971,25445,7.2939,4097,0.11205241161188298,0.5032978183663115,0.677560548584768,0.18329637841832963,0.6046033869572149,3300.436,10,2026-09-18T18:12:38.201124+00:00
Llama-3.1-8B-Instruct,belief_bank_constraints,mlp,10,25878,belief_bank_facts,24,4282,27416,2141,2141,1971,25445,5.9338,4097,0.1422242417357719,0.6352105530187722,0.6983513276918588,0.23241136068312604,0.7019703763122955,3308.092,10,2026-09-18T18:12:38.201124+00:00
Llama-3.1-8B-Instruct,belief_bank_constraints,mlp,10,25878,belief_bank_facts,42,4282,27416,2141,2141,1971,25445,6.2346,4097,0.1022415039768619,0.358701166920345,0.7274584184417858,0.1591267161827594,0.6779469930418659,3316.062,10,2026-09-18T18:12:38.201124+00:00
Llama-3.1-8B-Instruct,belief_bank_constraints,mlp,10,25878,belief_bank_facts,64,4282,27416,2141,2141,1971,25445,5.8131,4097,0.08972146906581217,0.18467782851344494,0.8066822293551211,0.12076974120769741,0.7191540752185925,3323.604,10,2026-09-18T18:12:38.201124+00:00
Llama-3.1-8B-Instruct,belief_bank_constraints,mlp,10,25878,belief_bank_facts,67,4282,27416,2141,2141,1971,25445,5.4379,4097,0.04455958549222798,0.15271435819381024,0.7036766851473593,0.06898922759569104,0.5867837026548941,3330.759,10,2026-09-18T18:12:38.201124+00:00
Llama-3.1-8B-Instruct,belief_bank_constraints,mlp,10,25878,belief_bank_facts,104,4282,27416,2141,2141,1971,25445,6.1265,4097,0.1261101243339254,0.5763571790969051,0.6824117303764226,0.20694052281628564,0.7121101222192213,3338.574,10,2026-09-18T18:12:38.201124+00:00
Llama-3.1-8B-Instruct,belief_bank_constraints,mlp,10,25878,belief_bank_facts,123,4282,27416,2141,2141,1971,25445,6.5034,4097,0.04618023485948014,0.17757483510908167,0.6771957980741173,0.07329842931937172,0.5563989300945454,3346.727,10,2026-09-18T18:12:38.201124+00:00
Llama-3.1-8B-Instruct,belief_bank_constraints,mlp,10,25878,belief_bank_facts,420,4282,27416,2141,2141,1971,25445,5.8418,4097,0.14093878538591822,0.5910705225773719,0.7115917712284797,0.2276057438702745,0.6878275673229604,3354.264,10,2026-09-18T18:12:38.201124+00:00
Llama-3.1-8B-Instruct,belief_bank_constraints,mlp,10,25878,belief_bank_facts,511,4282,27416,2141,2141,1971,25445,5.4149,4097,0.05783613096227356,0.1765601217656012,0.7340239276334987,0.0871306960440661,0.6197509695257994,3361.411,10,2026-09-18T18:12:38.201124+00:00
Llama-3.1-8B-Instruct,belief_bank_constraints,mlp,10,25878,belief_bank_facts,mean,0,0,0,0,0,0,6.20421,4097.0,0.10129613795630939,0.41948249619482497,0.7068609571053399,0.16156295395517445,0.6612928562605411,9142.66,10,2026-09-18T18:12:38.201124+00:00
Llama-3.1-8B-Instruct,belief_bank_constraints,mlp,10,25878,belief_bank_facts,std,0,0,0,0,0,0,0.662132274473915,0.0,0.038390928197582344,0.23040169750923772,0.04103642328925406,0.06664318747087011,0.061074084614582615,9142.66,10,2026-09-18T18:12:38.201124+00:00
Llama-3.1-8B-Instruct,belief_bank_constraints,mlp,10,25878,halu_eval,2,4282,10000,2141,2141,1912,8088,7.3806,4097,0.19795820705056627,0.6490585774058577,0.4301,0.30338589414497,0.5158777764672287,3369.666,10,2026-09-18T18:12:38.201124+00:00
Llama-3.1-8B-Instruct,belief_bank_constraints,mlp,10,25878,halu_eval,4,4282,10000,2141,2141,1912,8088,7.2074,4097,0.20213558480258256,0.42573221757322177,0.5689,0.27412022225963967,0.5186103359902992,3377.743,10,2026-09-18T18:12:38.201124+00:00
Llama-3.1-8B-Instruct,belief_bank_constraints,mlp,10,25878,halu_eval,24,4282,10000,2141,2141,1912,8088,6.5033,4097,0.19486491665069935,0.5319037656903766,0.4903,0.2852334875893984,0.513689730692508,3385.113,10,2026-09-18T18:12:38.201124+00:00
Llama-3.1-8B-Instruct,belief_bank_constraints,mlp,10,25878,halu_eval,42,4282,10000,2141,2141,1912,8088,7.2429,4097,0.19735229222848738,0.42102510460251047,0.5619,0.2687364379903188,0.5183647696985876,3393.221,10,2026-09-18T18:12:38.201124+00:00
Llama-3.1-8B-Instruct,belief_bank_constraints,mlp,10,25878,halu_eval,64,4282,10000,2141,2141,1912,8088,6.7961,4097,0.19315861130020423,0.5936192468619247,0.4482,0.29147406266050335,0.5118767433751743,3400.867,10,2026-09-18T18:12:38.201124+00:00
Llama-3.1-8B-Instruct,belief_bank_constraints,mlp,10,25878,halu_eval,67,4282,10000,2141,2141,1912,8088,6.3084,4097,0.19393042190969653,0.5481171548117155,0.478,0.28649535265172227,0.5103983340679306,3408.002,10,2026-09-18T18:12:38.201124+00:00
Llama-3.1-8B-Instruct,belief_bank_constraints,mlp,10,25878,halu_eval,104,4282,10000,2141,2141,1912,8088,7.1242,4097,0.19458413926499032,0.5261506276150628,0.493,0.28410053657158996,0.5099963102007623,3415.998,10,2026-09-18T18:12:38.201124+00:00
Llama-3.1-8B-Instruct,belief_bank_constraints,mlp,10,25878,halu_eval,123,4282,10000,2141,2141,1912,8088,6.9268,4097,0.19235537190082644,0.4869246861924686,0.511,0.27577014218009477,0.5099947582347317,3423.79,10,2026-09-18T18:12:38.201124+00:00
Llama-3.1-8B-Instruct,belief_bank_constraints,mlp,10,25878,halu_eval,420,4282,10000,2141,2141,1912,8088,6.6803,4097,0.19449572075851654,0.6061715481171548,0.4447,0.29449879303773346,0.5048288129736083,3431.334,10,2026-09-18T18:12:38.201124+00:00
Llama-3.1-8B-Instruct,belief_bank_constraints,mlp,10,25878,halu_eval,511,4282,10000,2141,2141,1912,8088,6.4158,4097,0.1992271361099184,0.48535564853556484,0.5286,0.28249619482496197,0.5146496216824139,3438.555,10,2026-09-18T18:12:38.201124+00:00
Llama-3.1-8B-Instruct,belief_bank_constraints,mlp,10,25878,halu_eval,mean,0,0,0,0,0,0,6.858580000000001,4097.0,0.1960062401976488,0.5274058577405858,0.49546999999999997,0.2846311123910933,0.5128287193383244,9142.66,10,2026-09-18T18:12:38.201124+00:00
Llama-3.1-8B-Instruct,belief_bank_constraints,mlp,10,25878,halu_eval,std,0,0,0,0,0,0,0.3574567996275914,0.0,0.002914079222133567,0.07134405004872577,0.04535085555973557,0.009727552818951293,0.004053321226799543,9142.66,10,2026-09-18T18:12:38.201124+00:00
Llama-3.1-8B-Instruct,belief_bank_constraints,mlp,11,25878,belief_bank_constraints,2,4282,7764,2141,2141,917,6847,6.754,4097,0.7079091620986687,0.9858233369683751,0.9502833590932509,0.8240656335460347,0.9860295898879688,3447.02,10,2026-09-18T18:12:38.201124+00:00
Llama-3.1-8B-Instruct,belief_bank_constraints,mlp,11,25878,belief_bank_constraints,4,4282,7764,2141,2141,917,6847,7.5953,4097,0.7663793103448275,0.9694656488549618,0.9614889232354457,0.8560423688011555,0.9882054387381844,3455.423,10,2026-09-18T18:12:38.201124+00:00
Llama-3.1-8B-Instruct,belief_bank_constraints,mlp,11,25878,belief_bank_constraints,24,4282,7764,2141,2141,917,6847,6.7006,4097,0.7327376116978067,0.9836423118865867,0.9556929417825863,0.839851024208566,0.9887634365017339,3462.934,10,2026-09-18T18:12:38.201124+00:00
Llama-3.1-8B-Instruct,belief_bank_constraints,mlp,11,25878,belief_bank_constraints,42,4282,7764,2141,2141,917,6847,7.5831,4097,0.7302100161550888,0.9858233369683751,0.9553065430190624,0.8389791183294664,0.9893289995268127,3471.325,10,2026-09-18T18:12:38.201124+00:00
Llama-3.1-8B-Instruct,belief_bank_constraints,mlp,11,25878,belief_bank_constraints,64,4282,7764,2141,2141,917,6847,6.4086,4097,0.7327868852459016,0.9749182115594329,0.9550489438433797,0.8366869443144596,0.9871211376751777,3478.546,10,2026-09-18T18:12:38.201124+00:00
Llama-3.1-8B-Instruct,belief_bank_constraints,mlp,11,25878,belief_bank_constraints,67,4282,7764,2141,2141,917,6847,6.0848,4097,0.7341563786008231,0.9727371864776445,0.955177743431221,0.8367729831144465,0.9880742809935626,3485.436,10,2026-09-18T18:12:38.201124+00:00
Llama-3.1-8B-Instruct,belief_bank_constraints,mlp,11,25878,belief_bank_constraints,104,4282,7764,2141,2141,917,6847,6.1426,4097,0.7185007974481659,0.9825517993456925,0.9524729520865534,0.8300322432058959,0.9847549627717462,3492.372,10,2026-09-18T18:12:38.201124+00:00
Llama-3.1-8B-Instruct,belief_bank_constraints,mlp,11,25878,belief_bank_constraints,123,4282,7764,2141,2141,917,6847,6.1313,4097,0.72508038585209,0.9836423118865867,0.9540185471406492,0.8347987043035632,0.9846471378863677,3499.306,10,2026-09-18T18:12:38.201124+00:00
Llama-3.1-8B-Instruct,belief_bank_constraints,mlp,11,25878,belief_bank_constraints,420,4282,7764,2141,2141,917,6847,5.4485,4097,0.7400990099009901,0.9781897491821155,0.9568521380731582,0.8426491310474401,0.9891151017113576,3505.563,10,2026-09-18T18:12:38.201124+00:00
Llama-3.1-8B-Instruct,belief_bank_constraints,mlp,11,25878,belief_bank_constraints,511,4282,7764,2141,2141,917,6847,5.9666,4097,0.7361563517915309,0.9858233369683751,0.9565945388974755,0.8428904428904429,0.98690755839705,3512.344,10,2026-09-18T18:12:38.201124+00:00
Llama-3.1-8B-Instruct,belief_bank_constraints,mlp,11,25878,belief_bank_constraints,mean,0,0,0,0,0,0,6.481540000000001,4097.0,0.7324015909135894,0.9802617230098145,0.9552936630602782,0.838276859376147,0.9872947644089962,9142.66,10,2026-09-18T18:12:38.201124+00:00
Llama-3.1-8B-Instruct,belief_bank_constraints,mlp,11,25878,belief_bank_constraints,std,0,0,0,0,0,0,0.6564086839766822,0.0,0.014431523548399867,0.005717656152199923,0.0027824586617294063,0.008036206019697527,0.001621325748617896,9142.66,10,2026-09-18T18:12:38.201124+00:00
Llama-3.1-8B-Instruct,belief_bank_constraints,mlp,11,25878,belief_bank_facts,2,4282,27416,2141,2141,1971,25445,5.8218,4097,0.09946506185222334,0.6037544393708777,0.578530784943099,0.1707929673484033,0.6238771281638384,3519.898,10,2026-09-18T18:12:38.201124+00:00
Llama-3.1-8B-Instruct,belief_bank_constraints,mlp,11,25878,belief_bank_facts,4,4282,27416,2141,2141,1971,25445,6.7318,4097,0.11411079887595343,0.5768645357686454,0.6476145316603443,0.19053204859656472,0.6609201569744991,3528.353,10,2026-09-18T18:12:38.201124+00:00
Llama-3.1-8B-Instruct,belief_bank_constraints,mlp,11,25878,belief_bank_facts,24,4282,27416,2141,2141,1971,25445,5.4648,4097,0.15447465849610623,0.6139015728056824,0.7306682229355121,0.24683802529579763,0.7212858505711477,3535.532,10,2026-09-18T18:12:38.201124+00:00
Llama-3.1-8B-Instruct,belief_bank_constraints,mlp,11,25878,belief_bank_facts,42,4282,27416,2141,2141,1971,25445,6.1296,4097,0.12094714089212026,0.6245560629122273,0.6466661803326524,0.2026504239032019,0.6913290062957489,3543.381,10,2026-09-18T18:12:38.201124+00:00
Llama-3.1-8B-Instruct,belief_bank_constraints,mlp,11,25878,belief_bank_facts,64,4282,27416,2141,2141,1971,25445,6.4392,4097,0.13617291799109982,0.54337899543379,0.71936095710534,0.21777145180967872,0.6940914930871781,3551.572,10,2026-09-18T18:12:38.201124+00:00
Llama-3.1-8B-Instruct,belief_bank_constraints,mlp,11,25878,belief_bank_facts,67,4282,27416,2141,2141,1971,25445,6.0785,4097,0.09560524286815729,0.44038559107052255,0.6602713743799241,0.15710407239819005,0.6515662605919055,3559.402,10,2026-09-18T18:12:38.201124+00:00
Llama-3.1-8B-Instruct,belief_bank_constraints,mlp,11,25878,belief_bank_facts,104,4282,27416,2141,2141,1971,25445,6.9184,4097,0.14466329518232632,0.5514967021816337,0.7333309016632623,0.22920400632577753,0.7182766841544705,3567.963,10,2026-09-18T18:12:38.201124+00:00
Llama-3.1-8B-Instruct,belief_bank_constraints,mlp,11,25878,belief_bank_facts,123,4282,27416,2141,2141,1971,25445,7.3721,4097,0.0960109726825923,0.426179604261796,0.6702655383717537,0.15671641791044777,0.6237790365487225,3576.978,10,2026-09-18T18:12:38.201124+00:00
Llama-3.1-8B-Instruct,belief_bank_constraints,mlp,11,25878,belief_bank_facts,420,4282,27416,2141,2141,1971,25445,6.3769,4097,0.140836820083682,0.8538812785388128,0.6150058360081704,0.24179297464262625,0.7710810585280633,3584.999,10,2026-09-18T18:12:38.201124+00:00
Llama-3.1-8B-Instruct,belief_bank_constraints,mlp,11,25878,belief_bank_facts,511,4282,27416,2141,2141,1971,25445,6.8612,4097,0.14293948126801154,0.5032978183663115,0.7473373212722498,0.22264616765795084,0.7344339852602368,3593.547,10,2026-09-18T18:12:38.201124+00:00
Llama-3.1-8B-Instruct,belief_bank_constraints,mlp,11,25878,belief_bank_facts,mean,0,0,0,0,0,0,6.41943,4097.0,0.12452263901922726,0.5737696600710299,0.6749051648672307,0.20360485558886388,0.6890640660175811,9142.66,10,2026-09-18T18:12:38.201124+00:00
Llama-3.1-8B-Instruct,belief_bank_constraints,mlp,11,25878,belief_bank_facts,std,0,0,0,0,0,0,0.5403888730349654,0.0,0.021076135264137732,0.11380733949951162,0.05329133483056359,0.03186737766069526,0.0462783740376065,9142.66,10,2026-09-18T18:12:38.201124+00:00
Llama-3.1-8B-Instruct,belief_bank_constraints,mlp,11,25878,halu_eval,2,4282,10000,2141,2141,1912,8088,6.8628,4097,0.1996712001195636,0.698744769874477,0.4069,0.31058932930373123,0.5118735747778619,3601.249,10,2026-09-18T18:12:38.201124+00:00
Llama-3.1-8B-Instruct,belief_bank_constraints,mlp,11,25878,halu_eval,4,4282,10000,2141,2141,1912,8088,7.4427,4097,0.19483913114486362,0.6239539748953975,0.4351,0.2969508400746733,0.5173101441155656,3609.561,10,2026-09-18T18:12:38.201124+00:00
Llama-3.1-8B-Instruct,belief_bank_constraints,mlp,11,25878,halu_eval,24,4282,10000,2141,2141,1912,8088,6.4994,4097,0.19604685212298684,0.7003138075313807,0.3936,0.3063372226035232,0.5195583285739709,3616.929,10,2026-09-18T18:12:38.201124+00:00
Llama-3.1-8B-Instruct,belief_bank_constraints,mlp,11,25878,halu_eval,42,4282,10000,2141,2141,1912,8088,7.114,4097,0.1970327483263977,0.569560669456067,0.4739,0.292781287807501,0.5164281424208186,3624.914,10,2026-09-18T18:12:38.201124+00:00
Llama-3.1-8B-Instruct,belief_bank_constraints,mlp,11,25878,halu_eval,64,4282,10000,2141,2141,1912,8088,6.158,4097,0.19688632398335792,0.7672594142259415,0.3571,0.31336110221082986,0.5175081491149656,3631.937,10,2026-09-18T18:12:38.201124+00:00
Llama-3.1-8B-Instruct,belief_bank_constraints,mlp,11,25878,halu_eval,67,4282,10000,2141,2141,1912,8088,6.0902,4097,0.19442658092175777,0.4743723849372385,0.5237,0.2758096396533374,0.5081976785692115,3638.885,10,2026-09-18T18:12:38.201124+00:00
Llama-3.1-8B-Instruct,belief_bank_constraints,mlp,11,25878,halu_eval,104,4282,10000,2141,2141,1912,8088,6.7637,4097,0.19184922680412372,0.622907949790795,0.4262,0.2933497536945813,0.5092623919314321,3646.502,10,2026-09-18T18:12:38.201124+00:00
Llama-3.1-8B-Instruct,belief_bank_constraints,mlp,11,25878,halu_eval,123,4282,10000,2141,2141,1912,8088,7.6693,4097,0.20501509171116786,0.4618200836820084,0.5547,0.2839684836790481,0.5237208307984555,3655.033,10,2026-09-18T18:12:38.201124+00:00
Llama-3.1-8B-Instruct,belief_bank_constraints,mlp,11,25878,halu_eval,420,4282,10000,2141,2141,1912,8088,6.8755,4097,0.19522776572668113,0.4707112970711297,0.5278,0.27598896044158233,0.5126562829792781,3662.738,10,2026-09-18T18:12:38.201124+00:00
Llama-3.1-8B-Instruct,belief_bank_constraints,mlp,11,25878,halu_eval,511,4282,10000,2141,2141,1912,8088,6.78,4097,0.20025944543538188,0.6459205020920502,0.4391,0.3057309072905062,0.5139327427067943,3670.367,10,2026-09-18T18:12:38.201124+00:00
Llama-3.1-8B-Instruct,belief_bank_constraints,mlp,11,25878,halu_eval,mean,0,0,0,0,0,0,6.82556,4097.0,0.19712543662962823,0.6035564853556485,0.45381,0.2954867526759314,0.5150448265988354,9142.66,10,2026-09-18T18:12:38.201124+00:00
Llama-3.1-8B-Instruct,belief_bank_constraints,mlp,11,25878,halu_eval,std,0,0,0,0,0,0,0.47733749318485336,0.0,0.003517516889003299,0.10167988168937447,0.061195513724455336,0.0129780917311648,0.00453956637824219,9142.66,10,2026-09-18T18:12:38.201124+00:00
Llama-3.1-8B-Instruct,belief_bank_constraints,mlp,12,25878,belief_bank_constraints,2,4282,7764,2141,2141,917,6847,6.0066,4097,0.7229299363057324,0.990185387131952,0.9540185471406492,0.8357109986194201,0.9863019393030307,3677.98,10,2026-09-18T18:12:38.201124+00:00
Llama-3.1-8B-Instruct,belief_bank_constraints,mlp,12,25878,belief_bank_constraints,4,4282,7764,2141,2141,917,6847,6.5922,4097,0.7815491731940818,0.9792802617230099,0.9652241112828439,0.8693126815101646,0.9927542314100422,3685.362,10,2026-09-18T18:12:38.201124+00:00
Llama-3.1-8B-Instruct,belief_bank_constraints,mlp,12,25878,belief_bank_constraints,24,4282,7764,2141,2141,917,6847,4.9085,4097,0.7529118136439268,0.9869138495092693,0.9602009273570324,0.8541764983482775,0.9874000171054544,3691.064,10,2026-09-18T18:12:38.201124+00:00
Llama-3.1-8B-Instruct,belief_bank_constraints,mlp,12,25878,belief_bank_constraints,42,4282,7764,2141,2141,917,6847,5.4781,4097,0.7389525368248773,0.9847328244274809,0.9571097372488409,0.844319775596073,0.9875014712442816,3697.341,10,2026-09-18T18:12:38.201124+00:00
Llama-3.1-8B-Instruct,belief_bank_constraints,mlp,12,25878,belief_bank_constraints,64,4282,7764,2141,2141,917,6847,5.8716,4097,0.7529510961214165,0.9738276990185387,0.9591705306543019,0.8492629576795054,0.9849769832890539,3704.025,10,2026-09-18T18:12:38.201124+00:00
Llama-3.1-8B-Instruct,belief_bank_constraints,mlp,12,25878,belief_bank_constraints,67,4282,7764,2141,2141,917,6847,4.638,4097,0.746031746031746,0.9738276990185387,0.9577537351880474,0.8448438978240302,0.9870175334093895,3709.474,10,2026-09-18T18:12:38.201124+00:00
Llama-3.1-8B-Instruct,belief_bank_constraints,mlp,12,25878,belief_bank_constraints,104,4282,7764,2141,2141,917,6847,6.3077,4097,0.7437810945273632,0.9781897491821155,0.9576249356002061,0.8450306170513424,0.986645481810802,3716.579,10,2026-09-18T18:12:38.201124+00:00
Llama-3.1-8B-Instruct,belief_bank_constraints,mlp,12,25878,belief_bank_constraints,123,4282,7764,2141,2141,917,6847,6.0238,4097,0.7300564061240935,0.9880043620501636,0.9554353426069037,0.8396663577386468,0.9847476364132125,3723.412,10,2026-09-18T18:12:38.201124+00:00
Llama-3.1-8B-Instruct,belief_bank_constraints,mlp,12,25878,belief_bank_constraints,420,4282,7764,2141,2141,917,6847,6.0534,4097,0.7608142493638677,0.9781897491821155,0.9611025244719217,0.8559160305343512,0.9899068262390027,3730.288,10,2026-09-18T18:12:38.201124+00:00
Llama-3.1-8B-Instruct,belief_bank_constraints,mlp,12,25878,belief_bank_constraints,511,4282,7764,2141,2141,917,6847,6.6722,4097,0.7310789049919485,0.990185387131952,0.9558217413704276,0.841130152848541,0.9852648613988343,3737.785,10,2026-09-18T18:12:38.201124+00:00
Llama-3.1-8B-Instruct,belief_bank_constraints,mlp,12,25878,belief_bank_constraints,mean,0,0,0,0,0,0,5.85521,4097.0,0.7461056957129054,0.9823336968375136,0.9583462132921176,0.8479369967750351,0.9872516981623104,9142.66,10,2026-09-18T18:12:38.201124+00:00
Llama-3.1-8B-Instruct,belief_bank_constraints,mlp,12,25878,belief_bank_constraints,std,0,0,0,0,0,0,0.6345341211471609,0.0,0.016256817879235778,0.006087365643163742,0.003082160950261928,0.009255185834537003,0.002326553437106972,9142.66,10,2026-09-18T18:12:38.201124+00:00
Llama-3.1-8B-Instruct,belief_bank_constraints,mlp,12,25878,belief_bank_facts,2,4282,27416,2141,2141,1971,25445,6.4695,4097,0.13495994173343046,0.9401319127346525,0.5624817624744675,0.23603592127889944,0.8136605160761479,3745.972,10,2026-09-18T18:12:38.201124+00:00
Llama-3.1-8B-Instruct,belief_bank_constraints,mlp,12,25878,belief_bank_facts,4,4282,27416,2141,2141,1971,25445,7.5939,4097,0.16713673874438525,0.8117706747843734,0.6956521739130435,0.2772002772002772,0.7579173412396829,3755.274,10,2026-09-18T18:12:38.201124+00:00
Llama-3.1-8B-Instruct,belief_bank_constraints,mlp,12,25878,belief_bank_facts,24,4282,27416,2141,2141,1971,25445,5.6911,4097,0.20757105051202393,0.915271435819381,0.7427049897869857,0.33839804914650157,0.8630112560601905,3762.68,10,2026-09-18T18:12:38.201124+00:00
Llama-3.1-8B-Instruct,belief_bank_constraints,mlp,12,25878,belief_bank_facts,42,4282,27416,2141,2141,1971,25445,6.4467,4097,0.1860200599731155,0.9127346524606799,0.706594689232565,0.3090534272461776,0.8322286137797436,3770.845,10,2026-09-18T18:12:38.201124+00:00
Llama-3.1-8B-Instruct,belief_bank_constraints,mlp,12,25878,belief_bank_facts,64,4282,27416,2141,2141,1971,25445,6.8316,4097,0.19742437127930992,0.8244545915778793,0.746425444995623,0.3185649872574005,0.8216400032740407,3779.395,10,2026-09-18T18:12:38.201124+00:00
Llama-3.1-8B-Instruct,belief_bank_constraints,mlp,12,25878,belief_bank_facts,67,4282,27416,2141,2141,1971,25445,5.4394,4097,0.17660873649600753,0.763064434297311,0.7272030930843303,0.28683131496138076,0.7619279513647434,3786.568,10,2026-09-18T18:12:38.201124+00:00
Llama-3.1-8B-Instruct,belief_bank_constraints,mlp,12,25878,belief_bank_facts,104,4282,27416,2141,2141,1971,25445,7.2412,4097,0.19106145251396647,0.867579908675799,0.7264006419608987,0.3131581357018588,0.7881305058143633,3795.531,10,2026-09-18T18:12:38.201124+00:00
Llama-3.1-8B-Instruct,belief_bank_constraints,mlp,12,25878,belief_bank_facts,123,4282,27416,2141,2141,1971,25445,6.9516,4097,0.11642331050523323,0.45712836123795025,0.7115552961774146,0.18558187435633366,0.7232567453064522,3804.185,10,2026-09-18T18:12:38.201124+00:00
Llama-3.1-8B-Instruct,belief_bank_constraints,mlp,12,25878,belief_bank_facts,420,4282,27416,2141,2141,1971,25445,6.0008,4097,0.1598962061560487,0.9066463723997971,0.6508243361540706,0.27184909104738725,0.803350278786958,3811.791,10,2026-09-18T18:12:38.201124+00:00
Llama-3.1-8B-Instruct,belief_bank_constraints,mlp,12,25878,belief_bank_facts,511,4282,27416,2141,2141,1971,25445,6.9826,4097,0.14998307188804874,0.6742770167427702,0.7018529325941056,0.245384047267356,0.7368059998291199,3820.402,10,2026-09-18T18:12:38.201124+00:00
Llama-3.1-8B-Instruct,belief_bank_constraints,mlp,12,25878,belief_bank_facts,mean,0,0,0,0,0,0,6.564839999999999,4097.0,0.16870849398015697,0.8073059360730594,0.6971695360373504,0.2782057125463573,0.7901929211531442,9142.66,10,2026-09-18T18:12:38.201124+00:00
Llama-3.1-8B-Instruct,belief_bank_constraints,mlp,12,25878,belief_bank_facts,std,0,0,0,0,0,0,0.654440190086153,0.0,0.02738636935941814,0.1401814272883404,0.05183125342506308,0.04356120841947235,0.04237660030828485,9142.66,10,2026-09-18T18:12:38.201124+00:00
Llama-3.1-8B-Instruct,belief_bank_constraints,mlp,12,25878,halu_eval,2,4282,10000,2141,2141,1912,8088,6.4773,4097,0.19230214790255154,0.6976987447698745,0.3819,0.30150299468866537,0.49459068706570813,3827.719,10,2026-09-18T18:12:38.201124+00:00
Llama-3.1-8B-Instruct,belief_bank_constraints,mlp,12,25878,halu_eval,4,4282,10000,2141,2141,1912,8088,7.6021,4097,0.192458758837392,0.6406903765690377,0.4173,0.2960009665337683,0.5017938787355822,3836.144,10,2026-09-18T18:12:38.201124+00:00
Llama-3.1-8B-Instruct,belief_bank_constraints,mlp,12,25878,halu_eval,24,4282,10000,2141,2141,1912,8088,6.1354,4097,0.1917720162845511,0.46809623430962344,0.5211,0.272077823377413,0.4985506900558294,3843.121,10,2026-09-18T18:12:38.201124+00:00
Llama-3.1-8B-Instruct,belief_bank_constraints,mlp,12,25878,halu_eval,42,4282,10000,2141,2141,1912,8088,6.4525,4097,0.19129720853858784,0.4874476987447699,0.508,0.27476415094339623,0.49823302200894753,3850.426,10,2026-09-18T18:12:38.201124+00:00
Llama-3.1-8B-Instruct,belief_bank_constraints,mlp,12,25878,halu_eval,64,4282,10000,2141,2141,1912,8088,6.0409,4097,0.19374328678839958,0.7547071129707112,0.3526,0.30833333333333335,0.4980851325792848,3857.333,10,2026-09-18T18:12:38.201124+00:00
Llama-3.1-8B-Instruct,belief_bank_constraints,mlp,12,25878,halu_eval,67,4282,10000,2141,2141,1912,8088,4.4408,4097,0.19120310478654592,0.3865062761506276,0.5701,0.2558421325947724,0.4957943983855415,3862.644,10,2026-09-18T18:12:38.201124+00:00
Llama-3.1-8B-Instruct,belief_bank_constraints,mlp,12,25878,halu_eval,104,4282,10000,2141,2141,1912,8088,6.0426,4097,0.1897709923664122,0.6501046025104602,0.4024,0.29378397541952256,0.5006556086500379,3869.519,10,2026-09-18T18:12:38.201124+00:00
Llama-3.1-8B-Instruct,belief_bank_constraints,mlp,12,25878,halu_eval,123,4282,10000,2141,2141,1912,8088,6.241,4097,0.19095816464237517,0.7400627615062761,0.3508,0.3035829221197168,0.5030589250462485,3876.603,10,2026-09-18T18:12:38.201124+00:00
Llama-3.1-8B-Instruct,belief_bank_constraints,mlp,12,25878,halu_eval,420,4282,10000,2141,2141,1912,8088,5.0037,4097,0.19199653279399018,0.6950836820083682,0.3824,0.3008829522300204,0.5037203859015267,3882.464,10,2026-09-18T18:12:38.201124+00:00
Llama-3.1-8B-Instruct,belief_bank_constraints,mlp,12,25878,halu_eval,511,4282,10000,2141,2141,1912,8088,6.0428,4097,0.18879703053821495,0.5852510460251046,0.4399,0.28549559892843474,0.49359765513452436,3889.384,10,2026-09-18T18:12:38.201124+00:00
Llama-3.1-8B-Instruct,belief_bank_constraints,mlp,12,25878,halu_eval,mean,0,0,0,0,0,0,6.04791,4097.0,0.19142992434790201,0.6105648535564854,0.43265000000000003,0.28922668501690435,0.4988080383563232,9142.66,10,2026-09-18T18:12:38.201124+00:00
Llama-3.1-8B-Instruct,belief_bank_constraints,mlp,12,25878,halu_eval,std,0,0,0,0,0,0,0.805095905405064,0.0,0.0013260767358251116,0.11876513023497721,0.07197556877163251,0.0159878059007713,0.003308558456881511,9142.66,10,2026-09-18T18:12:38.201124+00:00
Llama-3.1-8B-Instruct,belief_bank_constraints,mlp,13,25878,belief_bank_constraints,2,4282,7764,2141,2141,917,6847,4.9966,4097,0.7235576923076923,0.9847328244274809,0.9537609479649665,0.8341801385681293,0.9832694639446803,3896.001,10,2026-09-18T18:12:38.201124+00:00
Llama-3.1-8B-Instruct,belief_bank_constraints,mlp,13,25878,belief_bank_constraints,4,4282,7764,2141,2141,917,6847,5.3371,4097,0.7909252669039146,0.9694656488549618,0.9661257083977332,0.871141597256247,0.989715066767813,3902.138,10,2026-09-18T18:12:38.201124+00:00
Llama-3.1-8B-Instruct,belief_bank_constraints,mlp,13,25878,belief_bank_constraints,24,4282,7764,2141,2141,917,6847,5.6297,4097,0.7708688245315162,0.9869138495092693,0.9638073158165894,0.8656145384983261,0.9869385361521551,3908.556,10,2026-09-18T18:12:38.201124+00:00
Llama-3.1-8B-Instruct,belief_bank_constraints,mlp,13,25878,belief_bank_constraints,42,4282,7764,2141,2141,917,6847,5.9972,4097,0.7607413647851727,0.9847328244274809,0.961617722823287,0.8583650190114068,0.9890236018640168,3915.358,10,2026-09-18T18:12:38.201124+00:00
Llama-3.1-8B-Instruct,belief_bank_constraints,mlp,13,25878,belief_bank_constraints,64,4282,7764,2141,2141,917,6847,6.2878,4097,0.7648068669527897,0.9716466739367503,0.9613601236476044,0.8559077809798271,0.98957586595567,3922.436,10,2026-09-18T18:12:38.201124+00:00
Llama-3.1-8B-Instruct,belief_bank_constraints,mlp,13,25878,belief_bank_constraints,67,4282,7764,2141,2141,917,6847,5.3547,4097,0.7552565180824222,0.9792802617230099,0.9600721277691912,0.8528015194681862,0.9879836571238725,3928.613,10,2026-09-18T18:12:38.201124+00:00
Llama-3.1-8B-Instruct,belief_bank_constraints,mlp,13,25878,belief_bank_constraints,104,4282,7764,2141,2141,917,6847,6.3156,4097,0.7567340067340067,0.9803707742639041,0.9604585265327151,0.8541567695961996,0.9867842048169533,3935.75,10,2026-09-18T18:12:38.201124+00:00
Llama-3.1-8B-Instruct,belief_bank_constraints,mlp,13,25878,belief_bank_constraints,123,4282,7764,2141,2141,917,6847,6.4288,4097,0.743421052631579,0.9858233369683751,0.9581401339515714,0.8476324425691514,0.9858714361048364,3942.995,10,2026-09-18T18:12:38.201124+00:00
Llama-3.1-8B-Instruct,belief_bank_constraints,mlp,13,25878,belief_bank_constraints,420,4282,7764,2141,2141,917,6847,5.5542,4097,0.7485428809325562,0.9803707742639041,0.9587841318907779,0.8489140698772427,0.9889602925701646,3949.361,10,2026-09-18T18:12:38.201124+00:00
Llama-3.1-8B-Instruct,belief_bank_constraints,mlp,13,25878,belief_bank_constraints,511,4282,7764,2141,2141,917,6847,6.124,4097,0.7446457990115322,0.9858233369683751,0.958397733127254,0.8484279680900986,0.9874167403151513,3956.251,10,2026-09-18T18:12:38.201124+00:00
Llama-3.1-8B-Instruct,belief_bank_constraints,mlp,13,25878,belief_bank_constraints,mean,0,0,0,0,0,0,5.80257,4097.0,0.7559500272873181,0.9809160305343511,0.9602524471921692,0.8537141843914814,0.9875538865615313,9142.66,10,2026-09-18T18:12:38.201124+00:00
Llama-3.1-8B-Instruct,belief_bank_constraints,mlp,13,25878,belief_bank_constraints,std,0,0,0,0,0,0,0.46801914715105397,0.0,0.017138331206708962,0.005775599859047037,0.0032014924663896177,0.009707501360104705,0.0018777283117706333,9142.66,10,2026-09-18T18:12:38.201124+00:00
Llama-3.1-8B-Instruct,belief_bank_constraints,mlp,13,25878,belief_bank_facts,2,4282,27416,2141,2141,1971,25445,5.8711,4097,0.10323674227136977,0.6489091831557585,0.5695214473300263,0.17813370473537604,0.7241687411064284,3963.757,10,2026-09-18T18:12:38.201124+00:00
Llama-3.1-8B-Instruct,belief_bank_constraints,mlp,13,25878,belief_bank_facts,4,4282,27416,2141,2141,1971,25445,6.1367,4097,0.12670077283117448,0.5905631659056316,0.6779252990954188,0.20863954113640437,0.7426293657323788,3971.582,10,2026-09-18T18:12:38.201124+00:00
Llama-3.1-8B-Instruct,belief_bank_constraints,mlp,13,25878,belief_bank_facts,24,4282,27416,2141,2141,1971,25445,5.5238,4097,0.1566345194546059,0.7168949771689498,0.7021447330026263,0.25709606986899564,0.821451496692212,3978.791,10,2026-09-18T18:12:38.201124+00:00
Llama-3.1-8B-Instruct,belief_bank_constraints,mlp,13,25878,belief_bank_facts,42,4282,27416,2141,2141,1971,25445,6.1074,4097,0.16388379500048258,0.8614916286149162,0.6740589436825212,0.2753811222834901,0.845898770529925,3986.599,10,2026-09-18T18:12:38.201124+00:00
Llama-3.1-8B-Instruct,belief_bank_constraints,mlp,13,25878,belief_bank_facts,64,4282,27416,2141,2141,1971,25445,6.1845,4097,0.20903094875697614,0.8361237950279046,0.7607601400641961,0.33444951801116185,0.8735241369278791,3994.476,10,2026-09-18T18:12:38.201124+00:00
Llama-3.1-8B-Instruct,belief_bank_constraints,mlp,13,25878,belief_bank_facts,67,4282,27416,2141,2141,1971,25445,5.3392,4097,0.14637202414853628,0.6519533231861999,0.7016340822877152,0.23906976744186045,0.7625017259996816,4001.475,10,2026-09-18T18:12:38.201124+00:00
Llama-3.1-8B-Instruct,belief_bank_constraints,mlp,13,25878,belief_bank_facts,104,4282,27416,2141,2141,1971,25445,6.8574,4097,0.1552101044449842,0.6484018264840182,0.7210023344032682,0.2504654581087702,0.7756720830904471,4010.019,10,2026-09-18T18:12:38.201124+00:00
Llama-3.1-8B-Instruct,belief_bank_constraints,mlp,13,25878,belief_bank_facts,123,4282,27416,2141,2141,1971,25445,6.7943,4097,0.13031382150011128,0.5941146626078133,0.6857674350744091,0.21374463813087524,0.6603380576623967,4018.548,10,2026-09-18T18:12:38.201124+00:00
Llama-3.1-8B-Instruct,belief_bank_constraints,mlp,13,25878,belief_bank_facts,420,4282,27416,2141,2141,1971,25445,4.9268,4097,0.13928819272330722,0.7128361237950279,0.6626787277502189,0.23304030519157407,0.7908220982593049,4025.164,10,2026-09-18T18:12:38.201124+00:00
Llama-3.1-8B-Instruct,belief_bank_constraints,mlp,13,25878,belief_bank_facts,511,4282,27416,2141,2141,1971,25445,5.2417,4097,0.1363322595490106,0.6012176560121766,0.6975124015173622,0.22226390321673076,0.7106597939727144,4032.088,10,2026-09-18T18:12:38.201124+00:00
Llama-3.1-8B-Instruct,belief_bank_constraints,mlp,13,25878,belief_bank_facts,mean,0,0,0,0,0,0,5.89829,4097.0,0.14670031806805583,0.6862506341958396,0.6853005544207762,0.24122840281252386,0.7707666269973368,9142.66,10,2026-09-18T18:12:38.201124+00:00
Llama-3.1-8B-Instruct,belief_bank_constraints,mlp,13,25878,belief_bank_facts,std,0,0,0,0,0,0,0.6110380781097035,0.0,0.02659249845332534,0.0914856231638516,0.04665398237543725,0.040525769160623774,0.061674843828778074,9142.66,10,2026-09-18T18:12:38.201124+00:00
Llama-3.1-8B-Instruct,belief_bank_constraints,mlp,13,25878,halu_eval,2,4282,10000,2141,2141,1912,8088,5.0863,4097,0.18866539421524006,0.672071129707113,0.3847,0.29462340937750775,0.4975018520127965,4038.04,10,2026-09-18T18:12:38.201124+00:00
Llama-3.1-8B-Instruct,belief_bank_constraints,mlp,13,25878,halu_eval,4,4282,10000,2141,2141,1912,8088,5.4621,4097,0.1907698851552531,0.46914225941422594,0.518,0.27124281826428787,0.5009742790083144,4044.37,10,2026-09-18T18:12:38.201124+00:00
Llama-3.1-8B-Instruct,belief_bank_constraints,mlp,13,25878,halu_eval,24,4282,10000,2141,2141,1912,8088,4.6638,4097,0.1907948094079481,0.49215481171548114,0.5038,0.2749853886616014,0.4988829077842477,4049.879,10,2026-09-18T18:12:38.201124+00:00
Llama-3.1-8B-Instruct,belief_bank_constraints,mlp,13,25878,halu_eval,42,4282,10000,2141,2141,1912,8088,5.1597,4097,0.19282218597063622,0.6182008368200836,0.4322,0.293956727182293,0.5008260985850208,4055.866,10,2026-09-18T18:12:38.201124+00:00
Llama-3.1-8B-Instruct,belief_bank_constraints,mlp,13,25878,halu_eval,64,4282,10000,2141,2141,1912,8088,5.4854,4097,0.18981077147016012,0.6820083682008368,0.3826,0.2969710772033705,0.49081261976004537,4062.221,10,2026-09-18T18:12:38.201124+00:00
Llama-3.1-8B-Instruct,belief_bank_constraints,mlp,13,25878,halu_eval,67,4282,10000,2141,2141,1912,8088,4.409,4097,0.1885695298222296,0.5936192468619247,0.4339,0.28621863573319883,0.48984762021528877,4067.497,10,2026-09-18T18:12:38.201124+00:00
Llama-3.1-8B-Instruct,belief_bank_constraints,mlp,13,25878,halu_eval,104,4282,10000,2141,2141,1912,8088,6.6409,4097,0.19048188449121128,0.8331589958158996,0.2911,0.3100729927007299,0.4968430747654462,4074.991,10,2026-09-18T18:12:38.201124+00:00
Llama-3.1-8B-Instruct,belief_bank_constraints,mlp,13,25878,halu_eval,123,4282,10000,2141,2141,1912,8088,6.5035,4097,0.19264015806371942,0.8158995815899581,0.311,0.3116883116883117,0.4984120477570987,4082.33,10,2026-09-18T18:12:38.201124+00:00
Llama-3.1-8B-Instruct,belief_bank_constraints,mlp,13,25878,halu_eval,420,4282,10000,2141,2141,1912,8088,5.7637,4097,0.19109663409337677,0.6443514644351465,0.4105,0.29477210192606773,0.4988277159922857,4088.946,10,2026-09-18T18:12:38.201124+00:00
Llama-3.1-8B-Instruct,belief_bank_constraints,mlp,13,25878,halu_eval,511,4282,10000,2141,2141,1912,8088,6.1358,4097,0.18829352270281902,0.45763598326359833,0.5191,0.26680896478121663,0.4918300628235849,4095.924,10,2026-09-18T18:12:38.201124+00:00
Llama-3.1-8B-Instruct,belief_bank_constraints,mlp,13,25878,halu_eval,mean,0,0,0,0,0,0,5.531020000000001,4097.0,0.19039447753925937,0.6278242677824268,0.41868999999999995,0.2901340427518585,0.4964758278704129,9142.66,10,2026-09-18T18:12:38.201124+00:00
Llama-3.1-8B-Instruct,belief_bank_constraints,mlp,13,25878,halu_eval,std,0,0,0,0,0,0,0.7036287924751232,0.0,0.0015104170563738375,0.1251056957593463,0.07615999540441162,0.014529012197123733,0.0039116629244251916,9142.66,10,2026-09-18T18:12:38.201124+00:00
Llama-3.1-8B-Instruct,belief_bank_constraints,mlp,14,25878,belief_bank_constraints,2,4282,7764,2141,2141,917,6847,6.0722,4097,0.7263242375601926,0.9869138495092693,0.9545337454920144,0.8368007397133611,0.9881176020701105,4103.53,10,2026-09-18T18:12:38.201124+00:00
Llama-3.1-8B-Instruct,belief_bank_constraints,mlp,14,25878,belief_bank_constraints,4,4282,7764,2141,2141,917,6847,7.6611,4097,0.7732406602953953,0.9705561613958561,0.9629057187017002,0.8607350096711799,0.9907942712335789,4111.988,10,2026-09-18T18:12:38.201124+00:00
Llama-3.1-8B-Instruct,belief_bank_constraints,mlp,14,25878,belief_bank_constraints,24,4282,7764,2141,2141,917,6847,7.0841,4097,0.7529118136439268,0.9869138495092693,0.9602009273570324,0.8541764983482775,0.98780527622044,4119.878,10,2026-09-18T18:12:38.201124+00:00
Llama-3.1-8B-Instruct,belief_bank_constraints,mlp,14,25878,belief_bank_constraints,42,4282,7764,2141,2141,917,6847,6.731,4097,0.7481420313790256,0.9880043620501636,0.9592993302421432,0.8515037593984962,0.9899489528005722,4127.415,10,2026-09-18T18:12:38.201124+00:00
Llama-3.1-8B-Instruct,belief_bank_constraints,mlp,14,25878,belief_bank_constraints,64,4282,7764,2141,2141,917,6847,6.1087,4097,0.7508445945945946,0.9694656488549618,0.958397733127254,0.846263683960019,0.9870845855168404,4134.331,10,2026-09-18T18:12:38.201124+00:00
Llama-3.1-8B-Instruct,belief_bank_constraints,mlp,14,25878,belief_bank_constraints,67,4282,7764,2141,2141,917,6847,6.0296,4097,0.7520938023450586,0.9792802617230099,0.9594281298299846,0.8507816200852677,0.9875657361501163,4141.157,10,2026-09-18T18:12:38.201124+00:00
Llama-3.1-8B-Instruct,belief_bank_constraints,mlp,14,25878,belief_bank_constraints,104,4282,7764,2141,2141,917,6847,6.5424,4097,0.7454242928452579,0.9770992366412213,0.9578825347758887,0.8456819254365266,0.9909498767180908,4148.499,10,2026-09-18T18:12:38.201124+00:00
Llama-3.1-8B-Instruct,belief_bank_constraints,mlp,14,25878,belief_bank_constraints,123,4282,7764,2141,2141,917,6847,7.0962,4097,0.7399836467702371,0.9869138495092693,0.9574961360123647,0.8457943925233645,0.9869466588540078,4156.391,10,2026-09-18T18:12:38.201124+00:00
Llama-3.1-8B-Instruct,belief_bank_constraints,mlp,14,25878,belief_bank_constraints,420,4282,7764,2141,2141,917,6847,6.3011,4097,0.7550505050505051,0.9781897491821155,0.9599433281813499,0.8522565320665083,0.9901030452327785,4163.493,10,2026-09-18T18:12:38.201124+00:00
Llama-3.1-8B-Instruct,belief_bank_constraints,mlp,14,25878,belief_bank_constraints,511,4282,7764,2141,2141,917,6847,6.5961,4097,0.7434640522875817,0.9923664122137404,0.9586553323029366,0.85007006071929,0.9880344638276177,4170.889,10,2026-09-18T18:12:38.201124+00:00
Llama-3.1-8B-Instruct,belief_bank_constraints,mlp,14,25878,belief_bank_constraints,mean,0,0,0,0,0,0,6.622249999999999,4097.0,0.7487479636771776,0.9815703380588877,0.9588742916022669,0.8494064221922291,0.9887350468624152,9142.66,10,2026-09-18T18:12:38.201124+00:00
Llama-3.1-8B-Instruct,belief_bank_constraints,mlp,14,25878,belief_bank_constraints,std,0,0,0,0,0,0,0.5056371925600411,0.0,0.011364474315481326,0.0074034477960713925,0.002040609880449917,0.0060136737902952925,0.0014668685503143653,9142.66,10,2026-09-18T18:12:38.201124+00:00
Llama-3.1-8B-Instruct,belief_bank_constraints,mlp,14,25878,belief_bank_facts,2,4282,27416,2141,2141,1971,25445,6.6407,4097,0.14648971735386485,0.7336377473363774,0.6735482929676102,0.24421550413781457,0.7808339113251399,4179.184,10,2026-09-18T18:12:38.201124+00:00
Llama-3.1-8B-Instruct,belief_bank_constraints,mlp,14,25878,belief_bank_facts,4,4282,27416,2141,2141,1971,25445,7.7488,4097,0.14055299539170507,0.5880263825469305,0.7118835716370003,0.2268767740041108,0.7207956118283793,4188.62,10,2026-09-18T18:12:38.201124+00:00
Llama-3.1-8B-Instruct,belief_bank_constraints,mlp,14,25878,belief_bank_facts,24,4282,27416,2141,2141,1971,25445,6.5133,4097,0.1825758417601956,0.8335870116692035,0.7197257076159906,0.29954421148587057,0.845469655853858,4196.806,10,2026-09-18T18:12:38.201124+00:00
Llama-3.1-8B-Instruct,belief_bank_constraints,mlp,14,25878,belief_bank_facts,42,4282,27416,2141,2141,1971,25445,5.7965,4097,0.17813806464770063,0.8863521055301877,0.6978406769769477,0.2966547800984887,0.8167379448455743,4204.324,10,2026-09-18T18:12:38.201124+00:00
Llama-3.1-8B-Instruct,belief_bank_constraints,mlp,14,25878,belief_bank_facts,64,4282,27416,2141,2141,1971,25445,5.2686,4097,0.18249393203883496,0.6103500761035008,0.7754231105923548,0.2809762933551325,0.7925554156810398,4211.323,10,2026-09-18T18:12:38.201124+00:00
Llama-3.1-8B-Instruct,belief_bank_constraints,mlp,14,25878,belief_bank_facts,67,4282,27416,2141,2141,1971,25445,5.0244,4097,0.16427579824155483,0.5403348554033486,0.7693317770644879,0.25195173882185945,0.7512768310077576,4218.08,10,2026-09-18T18:12:38.201124+00:00
Llama-3.1-8B-Instruct,belief_bank_constraints,mlp,14,25878,belief_bank_facts,104,4282,27416,2141,2141,1971,25445,5.7602,4097,0.18238993710691823,0.6768138001014713,0.758644587102422,0.2873451803984922,0.7934304140235816,4225.591,10,2026-09-18T18:12:38.201124+00:00
Llama-3.1-8B-Instruct,belief_bank_constraints,mlp,14,25878,belief_bank_facts,123,4282,27416,2141,2141,1971,25445,6.2601,4097,0.16424170926726964,0.6357179096905125,0.7412459877443829,0.26104166666666667,0.7326354562057676,4233.615,10,2026-09-18T18:12:38.201124+00:00
Llama-3.1-8B-Instruct,belief_bank_constraints,mlp,14,25878,belief_bank_facts,420,4282,27416,2141,2141,1971,25445,5.2415,4097,0.18740515933232169,0.8772196854388635,0.7177195798074117,0.30883272305081716,0.8402152492333569,4240.578,10,2026-09-18T18:12:38.201124+00:00
Llama-3.1-8B-Instruct,belief_bank_constraints,mlp,14,25878,belief_bank_facts,511,4282,27416,2141,2141,1971,25445,5.7213,4097,0.16456909984418075,0.6966007102993405,0.723956813539539,0.26624006205158035,0.7627674377311656,4247.989,10,2026-09-18T18:12:38.201124+00:00
Llama-3.1-8B-Instruct,belief_bank_constraints,mlp,14,25878,belief_bank_facts,mean,0,0,0,0,0,0,5.99754,4097.0,0.16931322549845462,0.7078640284119736,0.7289320105048148,0.27236789340708334,0.7836717927735621,9142.66,10,2026-09-18T18:12:38.201124+00:00
Llama-3.1-8B-Instruct,belief_bank_constraints,mlp,14,25878,belief_bank_facts,std,0,0,0,0,0,0,0.7770791377974318,0.0,0.01532152177707699,0.11629358661444715,0.030639742860263504,0.02530052305618251,0.04041813846084344,9142.66,10,2026-09-18T18:12:38.201124+00:00
Llama-3.1-8B-Instruct,belief_bank_constraints,mlp,14,25878,halu_eval,2,4282,10000,2141,2141,1912,8088,6.1558,4097,0.19428357930132636,0.5439330543933054,0.4815,0.28630419821059877,0.5036384873607886,4254.979,10,2026-09-18T18:12:38.201124+00:00
Llama-3.1-8B-Instruct,belief_bank_constraints,mlp,14,25878,halu_eval,4,4282,10000,2141,2141,1912,8088,7.5901,4097,0.19283705786591682,0.6814853556485355,0.3937,0.3006113738608836,0.5050897372624975,4263.406,10,2026-09-18T18:12:38.201124+00:00
Llama-3.1-8B-Instruct,belief_bank_constraints,mlp,14,25878,halu_eval,24,4282,10000,2141,2141,1912,8088,7.0678,4097,0.1939906651108518,0.6956066945606695,0.3892,0.3033759124087591,0.5082804500908418,4271.334,10,2026-09-18T18:12:38.201124+00:00
Llama-3.1-8B-Instruct,belief_bank_constraints,mlp,14,25878,halu_eval,42,4282,10000,2141,2141,1912,8088,6.5758,4097,0.19514611193660228,0.6182008368200836,0.4395,0.29664951687790186,0.505720352792918,4278.789,10,2026-09-18T18:12:38.201124+00:00
Llama-3.1-8B-Instruct,belief_bank_constraints,mlp,14,25878,halu_eval,64,4282,10000,2141,2141,1912,8088,6.1921,4097,0.19036954087346025,0.7112970711297071,0.3664,0.3003533568904594,0.5014748527184237,4285.866,10,2026-09-18T18:12:38.201124+00:00
Llama-3.1-8B-Instruct,belief_bank_constraints,mlp,14,25878,halu_eval,67,4282,10000,2141,2141,1912,8088,6.1115,4097,0.1917705735660848,0.40219665271966526,0.5616,0.259709557581898,0.5035142330804664,4292.864,10,2026-09-18T18:12:38.201124+00:00
Llama-3.1-8B-Instruct,belief_bank_constraints,mlp,14,25878,halu_eval,104,4282,10000,2141,2141,1912,8088,6.6765,4097,0.1881057992442911,0.5988493723849372,0.4291,0.2862857857232154,0.5002966841728435,4300.424,10,2026-09-18T18:12:38.201124+00:00
Llama-3.1-8B-Instruct,belief_bank_constraints,mlp,14,25878,halu_eval,123,4282,10000,2141,2141,1912,8088,7.1599,4097,0.18855496088925483,0.7186192468619247,0.3549,0.29872812262202414,0.4971880638809911,4308.465,10,2026-09-18T18:12:38.201124+00:00
Llama-3.1-8B-Instruct,belief_bank_constraints,mlp,14,25878,halu_eval,420,4282,10000,2141,2141,1912,8088,6.0832,4097,0.1965370595382746,0.6767782426778243,0.4092,0.3046139359698682,0.5141096345016534,4315.431,10,2026-09-18T18:12:38.201124+00:00
Llama-3.1-8B-Instruct,belief_bank_constraints,mlp,14,25878,halu_eval,511,4282,10000,2141,2141,1912,8088,6.5549,4097,0.19171597633136095,0.6778242677824268,0.392,0.2988929889298893,0.5012008983814029,4322.866,10,2026-09-18T18:12:38.201124+00:00
Llama-3.1-8B-Instruct,belief_bank_constraints,mlp,14,25878,halu_eval,mean,0,0,0,0,0,0,6.616759999999999,4097.0,0.19233113246574235,0.6324790794979079,0.42171000000000003,0.2935524749075498,0.5040513394242827,9142.66,10,2026-09-18T18:12:38.201124+00:00
Llama-3.1-8B-Instruct,belief_bank_constraints,mlp,14,25878,halu_eval,std,0,0,0,0,0,0,0.4886405963486865,0.0,0.00262848601383508,0.09286707551237247,0.05823965058274302,0.012769186831954693,0.004464781828534969,9142.66,10,2026-09-18T18:12:38.201124+00:00
Llama-3.1-8B-Instruct,belief_bank_constraints,mlp,15,25878,belief_bank_constraints,2,4282,7764,2141,2141,917,6847,6.4866,4097,0.7227564102564102,0.9836423118865867,0.9535033487892839,0.833256351039261,0.9867740116224715,4331.175,10,2026-09-18T18:12:38.201124+00:00
Llama-3.1-8B-Instruct,belief_bank_constraints,mlp,15,25878,belief_bank_constraints,4,4282,7764,2141,2141,917,6847,7.2401,4097,0.7704213241616509,0.9770992366412213,0.9629057187017002,0.8615384615384616,0.9916111602101008,4339.185,10,2026-09-18T18:12:38.201124+00:00
Llama-3.1-8B-Instruct,belief_bank_constraints,mlp,15,25878,belief_bank_constraints,24,4282,7764,2141,2141,917,6847,6.5909,4097,0.7485477178423237,0.9836423118865867,0.9590417310664606,0.8501413760603205,0.9870500242168003,4346.502,10,2026-09-18T18:12:38.201124+00:00
Llama-3.1-8B-Instruct,belief_bank_constraints,mlp,15,25878,belief_bank_constraints,42,4282,7764,2141,2141,917,6847,7.9059,4097,0.75251677852349,0.9781897491821155,0.9594281298299846,0.8506401137980085,0.9872964128396664,4355.134,10,2026-09-18T18:12:38.201124+00:00
Llama-3.1-8B-Instruct,belief_bank_constraints,mlp,15,25878,belief_bank_constraints,64,4282,7764,2141,2141,917,6847,7.2561,4097,0.7502102607232969,0.9727371864776445,0.9585265327150954,0.8471035137701804,0.9869887057812455,4363.15,10,2026-09-18T18:12:38.201124+00:00
Llama-3.1-8B-Instruct,belief_bank_constraints,mlp,15,25878,belief_bank_constraints,67,4282,7764,2141,2141,917,6847,6.2116,4097,0.7489574645537949,0.9792802617230099,0.9587841318907779,0.8487712665406427,0.9865814558079629,4370.123,10,2026-09-18T18:12:38.201124+00:00
Llama-3.1-8B-Instruct,belief_bank_constraints,mlp,15,25878,belief_bank_constraints,104,4282,7764,2141,2141,917,6847,6.9005,4097,0.7367130008176614,0.9825517993456925,0.9564657393096342,0.8420560747663551,0.9888088280709109,4377.791,10,2026-09-18T18:12:38.201124+00:00
Llama-3.1-8B-Instruct,belief_bank_constraints,mlp,15,25878,belief_bank_constraints,123,4282,7764,2141,2141,917,6847,6.068,4097,0.7411668036154478,0.9836423118865867,0.9574961360123647,0.845360824742268,0.9875189111629655,4384.624,10,2026-09-18T18:12:38.201124+00:00
Llama-3.1-8B-Instruct,belief_bank_constraints,mlp,15,25878,belief_bank_constraints,420,4282,7764,2141,2141,917,6847,6.4914,4097,0.7493734335839599,0.9781897491821155,0.9587841318907779,0.8486281929990539,0.9892816967336706,4391.932,10,2026-09-18T18:12:38.201124+00:00
Llama-3.1-8B-Instruct,belief_bank_constraints,mlp,15,25878,belief_bank_constraints,511,4282,7764,2141,2141,917,6847,6.1192,4097,0.7422258592471358,0.9890948745910578,0.9581401339515714,0.8480598410472183,0.9879933725123627,4398.866,10,2026-09-18T18:12:38.201124+00:00
Llama-3.1-8B-Instruct,belief_bank_constraints,mlp,15,25878,belief_bank_constraints,mean,0,0,0,0,0,0,6.727030000000001,4097.0,0.7462889053325171,0.9808069792802616,0.9583075734157651,0.847555601630177,0.9879904578958157,9142.66,10,2026-09-18T18:12:38.201124+00:00
Llama-3.1-8B-Instruct,belief_bank_constraints,mlp,15,25878,belief_bank_constraints,std,0,0,0,0,0,0,0.5625200086219156,0.0,0.011603858708252198,0.00436749932268284,0.0022494249733891686,0.006740461104028328,0.0014664081051308628,9142.66,10,2026-09-18T18:12:38.201124+00:00
Llama-3.1-8B-Instruct,belief_bank_constraints,mlp,15,25878,belief_bank_facts,2,4282,27416,2141,2141,1971,25445,5.6014,4097,0.13432623102686525,0.9563673262303399,0.5537642252699154,0.23556610847288179,0.8040153756288744,4406.207,10,2026-09-18T18:12:38.201124+00:00
Llama-3.1-8B-Instruct,belief_bank_constraints,mlp,15,25878,belief_bank_facts,4,4282,27416,2141,2141,1971,25445,6.8022,4097,0.1319704020138836,0.8777270421106037,0.5761599066238693,0.22944297082228116,0.8068188676863848,4414.729,10,2026-09-18T18:12:38.201124+00:00
Llama-3.1-8B-Instruct,belief_bank_constraints,mlp,15,25878,belief_bank_facts,24,4282,27416,2141,2141,1971,25445,5.8523,4097,0.12367654843832716,0.9482496194824962,0.5132404435366209,0.21881402563952468,0.8424959914436276,4422.301,10,2026-09-18T18:12:38.201124+00:00
Llama-3.1-8B-Instruct,belief_bank_constraints,mlp,15,25878,belief_bank_facts,42,4282,27416,2141,2141,1971,25445,6.7095,4097,0.13750471164719186,0.9254185692541856,0.5773271082579515,0.23943292202677868,0.872456594285842,4430.73,10,2026-09-18T18:12:38.201124+00:00
Llama-3.1-8B-Instruct,belief_bank_constraints,mlp,15,25878,belief_bank_facts,64,4282,27416,2141,2141,1971,25445,7.2659,4097,0.13435448577680525,0.9345509893455098,0.5624088123723373,0.23493399655634206,0.833088498097637,4439.718,10,2026-09-18T18:12:38.201124+00:00
Llama-3.1-8B-Instruct,belief_bank_constraints,mlp,15,25878,belief_bank_facts,67,4282,27416,2141,2141,1971,25445,5.9322,4097,0.18915788254372756,0.8285134449518011,0.7323460752845053,0.3079969822708412,0.8151381612273625,4447.37,10,2026-09-18T18:12:38.201124+00:00
Llama-3.1-8B-Instruct,belief_bank_constraints,mlp,15,25878,belief_bank_facts,104,4282,27416,2141,2141,1971,25445,7.5438,4097,0.11473482269942446,0.9406392694063926,0.47395681353953895,0.20452289023717596,0.7876052037307714,4456.595,10,2026-09-18T18:12:38.201124+00:00
Llama-3.1-8B-Instruct,belief_bank_constraints,mlp,15,25878,belief_bank_facts,123,4282,27416,2141,2141,1971,25445,6.8197,4097,0.1790851086838975,0.8401826484018264,0.7116282462795448,0.2952397931895169,0.7836610015992354,4465.125,10,2026-09-18T18:12:38.201124+00:00
Llama-3.1-8B-Instruct,belief_bank_constraints,mlp,15,25878,belief_bank_facts,420,4282,27416,2141,2141,1971,25445,7.3673,4097,0.13126273627995222,0.9477422628107559,0.5453020134228188,0.23058881619553143,0.8792962088622618,4474.203,10,2026-09-18T18:12:38.201124+00:00
Llama-3.1-8B-Instruct,belief_bank_constraints,mlp,15,25878,belief_bank_facts,511,4282,27416,2141,2141,1971,25445,7.3075,4097,0.152413562719225,0.9259259259259259,0.624489349285089,0.26174256005736823,0.8282237760954951,4483.229,10,2026-09-18T18:12:38.201124+00:00
Llama-3.1-8B-Instruct,belief_bank_constraints,mlp,15,25878,belief_bank_facts,mean,0,0,0,0,0,0,6.720180000000001,4097.0,0.14284864918292997,0.9125317097919836,0.5870622993872192,0.24582810654682424,0.8252799678657492,9142.66,10,2026-09-18T18:12:38.201124+00:00
Llama-3.1-8B-Instruct,belief_bank_constraints,mlp,15,25878,belief_bank_facts,std,0,0,0,0,0,0,0.6619978652533557,0.0,0.02265608103786181,0.04422928163610207,0.07742187405269334,0.03124297111828291,0.030914068870543644,9142.66,10,2026-09-18T18:12:38.201124+00:00
Llama-3.1-8B-Instruct,belief_bank_constraints,mlp,15,25878,halu_eval,2,4282,10000,2141,2141,1912,8088,6.5338,4097,0.1925215457325549,0.7243723849372385,0.3664,0.30419503623984184,0.5101110263565218,4490.635,10,2026-09-18T18:12:38.201124+00:00
Llama-3.1-8B-Instruct,belief_bank_constraints,mlp,15,25878,halu_eval,4,4282,10000,2141,2141,1912,8088,7.752,4097,0.19365711659261528,0.6610878661087866,0.4089,0.29956155942647233,0.5056398122224568,4499.259,10,2026-09-18T18:12:38.201124+00:00
Llama-3.1-8B-Instruct,belief_bank_constraints,mlp,15,25878,halu_eval,24,4282,10000,2141,2141,1912,8088,6.6822,4097,0.19077340569877882,0.7353556485355649,0.353,0.3029519500107735,0.5047915981215003,4506.802,10,2026-09-18T18:12:38.201124+00:00
Llama-3.1-8B-Instruct,belief_bank_constraints,mlp,15,25878,halu_eval,42,4282,10000,2141,2141,1912,8088,7.5222,4097,0.19272113022113022,0.6563807531380753,0.4086,0.2979582146248813,0.5035784780076067,4515.187,10,2026-09-18T18:12:38.201124+00:00
Llama-3.1-8B-Instruct,belief_bank_constraints,mlp,15,25878,halu_eval,64,4282,10000,2141,2141,1912,8088,7.1704,4097,0.19036849807103898,0.7484309623430963,0.3433,0.3035316576519249,0.5046495285644521,4523.203,10,2026-09-18T18:12:38.201124+00:00
Llama-3.1-8B-Instruct,belief_bank_constraints,mlp,15,25878,halu_eval,67,4282,10000,2141,2141,1912,8088,5.6144,4097,0.19352147921590435,0.7280334728033473,0.3679,0.3057660626029654,0.5033839002665244,4529.632,10,2026-09-18T18:12:38.201124+00:00
Llama-3.1-8B-Instruct,belief_bank_constraints,mlp,15,25878,halu_eval,104,4282,10000,2141,2141,1912,8088,7.5458,4097,0.18974759883850792,0.8885983263598326,0.2532,0.3127185716915148,0.49956971741802514,4538.033,10,2026-09-18T18:12:38.201124+00:00
Llama-3.1-8B-Instruct,belief_bank_constraints,mlp,15,25878,halu_eval,123,4282,10000,2141,2141,1912,8088,6.8695,4097,0.19349593495934958,0.8091004184100419,0.3187,0.31230443121025536,0.5053745553617323,4545.754,10,2026-09-18T18:12:38.201124+00:00
Llama-3.1-8B-Instruct,belief_bank_constraints,mlp,15,25878,halu_eval,420,4282,10000,2141,2141,1912,8088,7.4585,4097,0.18717770034843206,0.7024058577405857,0.3599,0.29558710245405523,0.5015609868331201,4554.065,10,2026-09-18T18:12:38.201124+00:00
Llama-3.1-8B-Instruct,belief_bank_constraints,mlp,15,25878,halu_eval,511,4282,10000,2141,2141,1912,8088,7.3537,4097,0.1950783612867748,0.7421548117154811,0.3652,0.30894839973873284,0.5082938034652298,4562.269,10,2026-09-18T18:12:38.201124+00:00
Llama-3.1-8B-Instruct,belief_bank_constraints,mlp,15,25878,halu_eval,mean,0,0,0,0,0,0,7.05025,4097.0,0.1919062770965087,0.739592050209205,0.35451000000000005,0.3043522985651418,0.504695340661717,9142.66,10,2026-09-18T18:12:38.201124+00:00
Llama-3.1-8B-Instruct,belief_bank_constraints,mlp,15,25878,halu_eval,std,0,0,0,0,0,0,0.6107751505259525,0.0,0.002235474893324635,0.0647858036224701,0.04245233680258368,0.0054742773696615805,0.0028758782160440187,9142.66,10,2026-09-18T18:12:38.201124+00:00
Llama-3.1-8B-Instruct,belief_bank_constraints,mlp,16,25878,belief_bank_constraints,2,4282,7764,2141,2141,917,6847,6.9722,4097,0.7223113964686998,0.9814612868047983,0.9532457496136012,0.8321775312066574,0.9856486988785415,4570.856,10,2026-09-18T18:12:38.201124+00:00
Llama-3.1-8B-Instruct,belief_bank_constraints,mlp,16,25878,belief_bank_constraints,4,4282,7764,2141,2141,917,6847,7.0561,4097,0.7684391080617495,0.9770992366412213,0.9625193199381762,0.8602976476236198,0.9913740091697341,4578.675,10,2026-09-18T18:12:38.201124+00:00
Llama-3.1-8B-Instruct,belief_bank_constraints,mlp,16,25878,belief_bank_constraints,24,4282,7764,2141,2141,917,6847,5.7923,4097,0.7404081632653061,0.9890948745910578,0.9577537351880474,0.8468720821661998,0.9891644749971292,4585.247,10,2026-09-18T18:12:38.201124+00:00
Llama-3.1-8B-Instruct,belief_bank_constraints,mlp,16,25878,belief_bank_constraints,42,4282,7764,2141,2141,917,6847,6.4318,4097,0.7508333333333334,0.9825517993456925,0.9594281298299846,0.8512045347189419,0.9891832686994549,4592.465,10,2026-09-18T18:12:38.201124+00:00
Llama-3.1-8B-Instruct,belief_bank_constraints,mlp,16,25878,belief_bank_constraints,64,4282,7764,2141,2141,917,6847,6.5253,4097,0.7449832775919732,0.9716466739367503,0.9573673364245234,0.8433506862281117,0.9838477684628615,4599.78,10,2026-09-18T18:12:38.201124+00:00
Llama-3.1-8B-Instruct,belief_bank_constraints,mlp,16,25878,belief_bank_constraints,67,4282,7764,2141,2141,917,6847,5.508,4097,0.739917695473251,0.9803707742639041,0.9569809376609995,0.8433395872420263,0.9892105036409612,4606.084,10,2026-09-18T18:12:38.201124+00:00
Llama-3.1-8B-Instruct,belief_bank_constraints,mlp,16,25878,belief_bank_constraints,104,4282,7764,2141,2141,917,6847,6.78,4097,0.7394190871369295,0.9716466739367503,0.9562081401339516,0.8397737983034873,0.9877725465100334,4613.663,10,2026-09-18T18:12:38.201124+00:00
Llama-3.1-8B-Instruct,belief_bank_constraints,mlp,16,25878,belief_bank_constraints,123,4282,7764,2141,2141,917,6847,6.4453,4097,0.7286063569682152,0.9749182115594329,0.9541473467284904,0.8339552238805971,0.985687958604163,4620.908,10,2026-09-18T18:12:38.201124+00:00
Llama-3.1-8B-Instruct,belief_bank_constraints,mlp,16,25878,belief_bank_constraints,420,4282,7764,2141,2141,917,6847,7.1274,4097,0.7468776019983348,0.9781897491821155,0.9582689335394127,0.8470254957507082,0.9899292831205955,4628.844,10,2026-09-18T18:12:38.201124+00:00
Llama-3.1-8B-Instruct,belief_bank_constraints,mlp,16,25878,belief_bank_constraints,511,4282,7764,2141,2141,917,6847,7.5932,4097,0.7263242375601926,0.9869138495092693,0.9545337454920144,0.8368007397133611,0.9858919817624638,4637.231,10,2026-09-18T18:12:38.201124+00:00
Llama-3.1-8B-Instruct,belief_bank_constraints,mlp,16,25878,belief_bank_constraints,mean,0,0,0,0,0,0,6.62316,4097.0,0.7408120257857985,0.9793893129770993,0.9570453374549202,0.843479732683371,0.9877710493845939,9142.66,10,2026-09-18T18:12:38.201124+00:00
Llama-3.1-8B-Instruct,belief_bank_constraints,mlp,16,25878,belief_bank_constraints,std,0,0,0,0,0,0,0.5950495696998697,0.0,0.012735476788370288,0.005591469462723776,0.0025998700098768023,0.008021412075050634,0.0022674652894911387,9142.66,10,2026-09-18T18:12:38.201124+00:00
Llama-3.1-8B-Instruct,belief_bank_constraints,mlp,16,25878,belief_bank_facts,2,4282,27416,2141,2141,1971,25445,7.7596,4097,0.13792765415155378,0.7138508371385084,0.658666472133061,0.2311863292803155,0.7485078639287152,4646.675,10,2026-09-18T18:12:38.201124+00:00
Llama-3.1-8B-Instruct,belief_bank_constraints,mlp,16,25878,belief_bank_facts,4,4282,27416,2141,2141,1971,25445,7.7155,4097,0.13773951680088864,0.7549467275494672,0.6426174496644296,0.23297322686707375,0.785964195513667,4656.121,10,2026-09-18T18:12:38.201124+00:00
Llama-3.1-8B-Instruct,belief_bank_constraints,mlp,16,25878,belief_bank_facts,24,4282,27416,2141,2141,1971,25445,6.7532,4097,0.12608662786302818,0.8462709284627092,0.5672599941639919,0.21947368421052632,0.769215453511962,4664.608,10,2026-09-18T18:12:38.201124+00:00
Llama-3.1-8B-Instruct,belief_bank_constraints,mlp,16,25878,belief_bank_facts,42,4282,27416,2141,2141,1971,25445,7.6831,4097,0.15717809570794278,0.8082191780821918,0.6746425444995623,0.26317528498265325,0.781239467663315,4674.027,10,2026-09-18T18:12:38.201124+00:00
Llama-3.1-8B-Instruct,belief_bank_constraints,mlp,16,25878,belief_bank_facts,64,4282,27416,2141,2141,1971,25445,7.4901,4097,0.19647019647019648,0.898021308980213,0.7286256200758681,0.3224043715846995,0.8510883144562555,4683.272,10,2026-09-18T18:12:38.201124+00:00
Llama-3.1-8B-Instruct,belief_bank_constraints,mlp,16,25878,belief_bank_facts,67,4282,27416,2141,2141,1971,25445,6.5399,4097,0.12230017884165635,0.9020801623541349,0.5275386635541289,0.21539766188139803,0.7410533099365041,4691.5,10,2026-09-18T18:12:38.201124+00:00
Llama-3.1-8B-Instruct,belief_bank_constraints,mlp,16,25878,belief_bank_facts,104,4282,27416,2141,2141,1971,25445,7.6089,4097,0.134238555980161,0.8376458650431253,0.5999416399182959,0.23139453398738613,0.7616148836853177,4700.774,10,2026-09-18T18:12:38.201124+00:00
Llama-3.1-8B-Instruct,belief_bank_constraints,mlp,16,25878,belief_bank_facts,123,4282,27416,2141,2141,1971,25445,7.3875,4097,0.14693912158724776,0.8792491121258245,0.6243434490808287,0.2517980385034508,0.7921075281102414,4709.839,10,2026-09-18T18:12:38.201124+00:00
Llama-3.1-8B-Instruct,belief_bank_constraints,mlp,16,25878,belief_bank_facts,420,4282,27416,2141,2141,1971,25445,7.3048,4097,0.12448762714437528,0.8320649416539827,0.5672235191129268,0.21657312644437107,0.7692448640480523,4718.835,10,2026-09-18T18:12:38.201124+00:00
Llama-3.1-8B-Instruct,belief_bank_constraints,mlp,16,25878,belief_bank_facts,511,4282,27416,2141,2141,1971,25445,7.3044,4097,0.13760184346967327,0.8483003551496702,0.6068718996206595,0.23679365528961904,0.8118688960052417,4727.828,10,2026-09-18T18:12:38.201124+00:00
Llama-3.1-8B-Instruct,belief_bank_constraints,mlp,16,25878,belief_bank_facts,mean,0,0,0,0,0,0,7.354700000000001,4097.0,0.14209694180167237,0.8320649416539826,0.6197731251823753,0.2421169913031493,0.7811904776859272,9142.66,10,2026-09-18T18:12:38.201124+00:00
Llama-3.1-8B-Instruct,belief_bank_constraints,mlp,16,25878,belief_bank_facts,std,0,0,0,0,0,0,0.3894502843752973,0.0,0.02069782336178926,0.056978661598468365,0.056125731752362906,0.030345947983782852,0.030524242749342154,9142.66,10,2026-09-18T18:12:38.201124+00:00
Llama-3.1-8B-Instruct,belief_bank_constraints,mlp,16,25878,halu_eval,2,4282,10000,2141,2141,1912,8088,7.6302,4097,0.18964357767316745,0.5899581589958159,0.4396,0.2870229007633588,0.49722628104449385,4736.307,10,2026-09-18T18:12:38.201124+00:00
Llama-3.1-8B-Instruct,belief_bank_constraints,mlp,16,25878,halu_eval,4,4282,10000,2141,2141,1912,8088,7.883,4097,0.1855570573469782,0.5026150627615062,0.4831,0.2710478070793964,0.4973833206072118,4745.038,10,2026-09-18T18:12:38.201124+00:00
Llama-3.1-8B-Instruct,belief_bank_constraints,mlp,16,25878,halu_eval,24,4282,10000,2141,2141,1912,8088,6.7338,4097,0.1874521805661821,0.5125523012552301,0.482,0.27450980392156865,0.4950460920978028,4752.621,10,2026-09-18T18:12:38.201124+00:00
Llama-3.1-8B-Instruct,belief_bank_constraints,mlp,16,25878,halu_eval,42,4282,10000,2141,2141,1912,8088,7.5919,4097,0.18826987681970886,0.7034518828451883,0.3634,0.29704063604240283,0.4967098643478225,4761.059,10,2026-09-18T18:12:38.201124+00:00
Llama-3.1-8B-Instruct,belief_bank_constraints,mlp,16,25878,halu_eval,64,4282,10000,2141,2141,1912,8088,6.7657,4097,0.19019640758771195,0.5925732217573222,0.4397,0.2879654339814462,0.5006946341291816,4768.686,10,2026-09-18T18:12:38.201124+00:00
Llama-3.1-8B-Instruct,belief_bank_constraints,mlp,16,25878,halu_eval,67,4282,10000,2141,2141,1912,8088,5.5269,4097,0.1847985347985348,0.5277196652719666,0.4646,0.2737384698860553,0.48985331075740085,4775.082,10,2026-09-18T18:12:38.201124+00:00
Llama-3.1-8B-Instruct,belief_bank_constraints,mlp,16,25878,halu_eval,104,4282,10000,2141,2141,1912,8088,6.8423,4097,0.19401103230890465,0.6438284518828452,0.4205,0.2981712486375197,0.5060106674385111,4782.789,10,2026-09-18T18:12:38.201124+00:00
Llama-3.1-8B-Instruct,belief_bank_constraints,mlp,16,25878,halu_eval,123,4282,10000,2141,2141,1912,8088,6.2974,4097,0.19017160686427456,0.6375523012552301,0.4116,0.2929584234559,0.49835384903095237,4789.948,10,2026-09-18T18:12:38.201124+00:00
Llama-3.1-8B-Instruct,belief_bank_constraints,mlp,16,25878,halu_eval,420,4282,10000,2141,2141,1912,8088,6.4708,4097,0.18741058655221746,0.5481171548117155,0.4592,0.279317697228145,0.495360074225362,4797.27,10,2026-09-18T18:12:38.201124+00:00
Llama-3.1-8B-Instruct,belief_bank_constraints,mlp,16,25878,halu_eval,511,4282,10000,2141,2141,1912,8088,6.7209,4097,0.18767589986668642,0.6626569037656904,0.3871,0.29250836892531457,0.4955356727151956,4804.838,10,2026-09-18T18:12:38.201124+00:00
Llama-3.1-8B-Instruct,belief_bank_constraints,mlp,16,25878,halu_eval,mean,0,0,0,0,0,0,6.846289999999999,4097.0,0.18851867603843667,0.5921025104602512,0.43508,0.28542807899211076,0.49721737663939347,9142.66,10,2026-09-18T18:12:38.201124+00:00
Llama-3.1-8B-Instruct,belief_bank_constraints,mlp,16,25878,halu_eval,std,0,0,0,0,0,0,0.6680693862915739,0.0,0.002504524471893639,0.06522176232146155,0.03769134648695904,0.009555327054145572,0.003952362342455442,9142.66,10,2026-09-18T18:12:38.201124+00:00
Llama-3.1-8B-Instruct,belief_bank_constraints,mlp,17,25878,belief_bank_constraints,2,4282,7764,2141,2141,917,6847,7.2843,4097,0.7173566878980892,0.9825517993456925,0.9522153529108707,0.8292682926829268,0.9867306109115918,4813.772,10,2026-09-18T18:12:38.201124+00:00
Llama-3.1-8B-Instruct,belief_bank_constraints,mlp,17,25878,belief_bank_constraints,4,4282,7764,2141,2141,917,6847,7.5165,4097,0.7536231884057971,0.9640130861504908,0.9585265327150954,0.845933014354067,0.98946079434609,4822.061,10,2026-09-18T18:12:38.201124+00:00
Llama-3.1-8B-Instruct,belief_bank_constraints,mlp,17,25878,belief_bank_constraints,24,4282,7764,2141,2141,917,6847,7.2038,4097,0.740801308258381,0.9880043620501636,0.9577537351880474,0.8467289719626169,0.9878113284296636,4830.063,10,2026-09-18T18:12:38.201124+00:00
Llama-3.1-8B-Instruct,belief_bank_constraints,mlp,17,25878,belief_bank_constraints,42,4282,7764,2141,2141,917,6847,7.9744,4097,0.7388797364085667,0.9781897491821155,0.9565945388974755,0.8418582824964805,0.9895626466565763,4838.835,10,2026-09-18T18:12:38.201124+00:00
Llama-3.1-8B-Instruct,belief_bank_constraints,mlp,17,25878,belief_bank_constraints,64,4282,7764,2141,2141,917,6847,7.6991,4097,0.743993371996686,0.9792802617230099,0.9577537351880474,0.8455743879472694,0.9883976760153655,4847.339,10,2026-09-18T18:12:38.201124+00:00
Llama-3.1-8B-Instruct,belief_bank_constraints,mlp,17,25878,belief_bank_constraints,67,4282,7764,2141,2141,917,6847,7.4214,4097,0.7224456958970233,0.9792802617230099,0.9531169500257599,0.8314814814814815,0.9879510070477976,4855.572,10,2026-09-18T18:12:38.201124+00:00
Llama-3.1-8B-Instruct,belief_bank_constraints,mlp,17,25878,belief_bank_constraints,104,4282,7764,2141,2141,917,6847,7.8542,4097,0.7376644736842105,0.9781897491821155,0.9563369397217929,0.8410689170182841,0.9861097020258497,4864.239,10,2026-09-18T18:12:38.201124+00:00
Llama-3.1-8B-Instruct,belief_bank_constraints,mlp,17,25878,belief_bank_constraints,123,4282,7764,2141,2141,917,6847,8.5328,4097,0.7383483237939493,0.9847328244274809,0.9569809376609995,0.8439252336448598,0.987010047782192,4873.582,10,2026-09-18T18:12:38.201124+00:00
Llama-3.1-8B-Instruct,belief_bank_constraints,mlp,17,25878,belief_bank_constraints,420,4282,7764,2141,2141,917,6847,7.4919,4097,0.7344771241830066,0.9803707742639041,0.9558217413704276,0.8397944885567492,0.9887025958721704,4881.884,10,2026-09-18T18:12:38.201124+00:00
Llama-3.1-8B-Instruct,belief_bank_constraints,mlp,17,25878,belief_bank_constraints,511,4282,7764,2141,2141,917,6847,7.9321,4097,0.7141732283464567,0.9890948745910578,0.9519577537351881,0.8294467306812986,0.9844550598778505,4890.623,10,2026-09-18T18:12:38.201124+00:00
Llama-3.1-8B-Instruct,belief_bank_constraints,mlp,17,25878,belief_bank_constraints,mean,0,0,0,0,0,0,7.69105,4097.0,0.7341763138872167,0.980370774263904,0.9557058217413704,0.8395079800826034,0.9876191468965148,9142.66,10,2026-09-18T18:12:38.201124+00:00
Llama-3.1-8B-Instruct,belief_bank_constraints,mlp,17,25878,belief_bank_constraints,std,0,0,0,0,0,0,0.37673807678545046,0.0,0.01179348274497677,0.0066153766142216415,0.0022826615741423258,0.006544343913229353,0.0015015411824573937,9142.66,10,2026-09-18T18:12:38.201124+00:00
Llama-3.1-8B-Instruct,belief_bank_constraints,mlp,17,25878,belief_bank_facts,2,4282,27416,2141,2141,1971,25445,7.8374,4097,0.17162042065764788,0.8817858954845256,0.6855121097169536,0.2873202182178873,0.7996949878165606,4900.161,10,2026-09-18T18:12:38.201124+00:00
Llama-3.1-8B-Instruct,belief_bank_constraints,mlp,17,25878,belief_bank_facts,4,4282,27416,2141,2141,1971,25445,8.3528,4097,0.15761544541040984,0.7082699137493658,0.7068864896410855,0.2578500184706317,0.8028725121054265,4910.196,10,2026-09-18T18:12:38.201124+00:00
Llama-3.1-8B-Instruct,belief_bank_constraints,mlp,17,25878,belief_bank_facts,24,4282,27416,2141,2141,1971,25445,7.4453,4097,0.1485446637671462,0.9010654490106544,0.6215713451998833,0.2550441588281755,0.815538064760804,4919.329,10,2026-09-18T18:12:38.201124+00:00
Llama-3.1-8B-Instruct,belief_bank_constraints,mlp,17,25878,belief_bank_facts,42,4282,27416,2141,2141,1971,25445,8.0196,4097,0.17591042277103391,0.8528665651953323,0.7021812080536913,0.29166305196495185,0.8335941399855779,4929.043,10,2026-09-18T18:12:38.201124+00:00
Llama-3.1-8B-Instruct,belief_bank_constraints,mlp,17,25878,belief_bank_facts,64,4282,27416,2141,2141,1971,25445,7.8738,4097,0.16881394467601366,0.9041095890410958,0.6730741173037642,0.28450546818871236,0.8515549051340725,4938.606,10,2026-09-18T18:12:38.201124+00:00
Llama-3.1-8B-Instruct,belief_bank_constraints,mlp,17,25878,belief_bank_facts,67,4282,27416,2141,2141,1971,25445,7.5177,4097,0.14791158920917724,0.8929477422628107,0.62248322147651,0.25378514780100936,0.7547699552730549,4947.813,10,2026-09-18T18:12:38.201124+00:00
Llama-3.1-8B-Instruct,belief_bank_constraints,mlp,17,25878,belief_bank_facts,104,4282,27416,2141,2141,1971,25445,7.9922,4097,0.15774199588092117,0.8548959918822933,0.6614021009629414,0.2663399984193472,0.7357184779618877,4957.482,10,2026-09-18T18:12:38.201124+00:00
Llama-3.1-8B-Instruct,belief_bank_constraints,mlp,17,25878,belief_bank_facts,123,4282,27416,2141,2141,1971,25445,8.6591,4097,0.1628438351348976,0.9401319127346525,0.6482346075284505,0.27760299625468166,0.8531782869688694,4967.742,10,2026-09-18T18:12:38.201124+00:00
Llama-3.1-8B-Instruct,belief_bank_constraints,mlp,17,25878,belief_bank_facts,420,4282,27416,2141,2141,1971,25445,6.7757,4097,0.10693148190302755,0.9533231861998985,0.4242413189378465,0.19229391598014633,0.8379400401917407,4976.192,10,2026-09-18T18:12:38.201124+00:00
Llama-3.1-8B-Instruct,belief_bank_constraints,mlp,17,25878,belief_bank_facts,511,4282,27416,2141,2141,1971,25445,6.9521,4097,0.15560355570324833,0.9502790461694571,0.6256930259702363,0.26741861793260996,0.8572231229822004,4984.813,10,2026-09-18T18:12:38.201124+00:00
Llama-3.1-8B-Instruct,belief_bank_constraints,mlp,17,25878,belief_bank_facts,mean,0,0,0,0,0,0,7.742570000000001,4097.0,0.15535373551135231,0.8839675291730087,0.6371279544791364,0.2633823592058153,0.8142084493180194,9142.66,10,2026-09-18T18:12:38.201124+00:00
Llama-3.1-8B-Instruct,belief_bank_constraints,mlp,17,25878,belief_bank_facts,std,0,0,0,0,0,0,0.5546439471408665,0.0,0.018389688505699074,0.06769592596781208,0.07704016974087112,0.0270038433356625,0.039670119308282244,9142.66,10,2026-09-18T18:12:38.201124+00:00
Llama-3.1-8B-Instruct,belief_bank_constraints,mlp,17,25878,halu_eval,2,4282,10000,2141,2141,1912,8088,7.2629,4097,0.19453207150368035,0.4837866108786611,0.5183,0.27748612569371534,0.5014283260701323,4992.956,10,2026-09-18T18:12:38.201124+00:00
Llama-3.1-8B-Instruct,belief_bank_constraints,mlp,17,25878,halu_eval,4,4282,10000,2141,2141,1912,8088,7.2047,4097,0.19049685398134086,0.4592050209205021,0.5235,0.2692838521699126,0.501331134197468,5000.991,10,2026-09-18T18:12:38.201124+00:00
Llama-3.1-8B-Instruct,belief_bank_constraints,mlp,17,25878,halu_eval,24,4282,10000,2141,2141,1912,8088,6.5145,4097,0.19511184755592378,0.49267782426778245,0.5144,0.2795252225519288,0.505509899732648,5008.336,10,2026-09-18T18:12:38.201124+00:00
Llama-3.1-8B-Instruct,belief_bank_constraints,mlp,17,25878,halu_eval,42,4282,10000,2141,2141,1912,8088,7.0996,4097,0.18273455673300595,0.36976987447698745,0.5633,0.24459436083722538,0.49304909980797007,5016.261,10,2026-09-18T18:12:38.201124+00:00
Llama-3.1-8B-Instruct,belief_bank_constraints,mlp,17,25878,halu_eval,64,4282,10000,2141,2141,1912,8088,6.7321,4097,0.18731117824773413,0.48640167364016734,0.4983,0.27046677330231206,0.48452301876016535,5023.819,10,2026-09-18T18:12:38.201124+00:00
Llama-3.1-8B-Instruct,belief_bank_constraints,mlp,17,25878,halu_eval,67,4282,10000,2141,2141,1912,8088,6.6543,4097,0.19020122484689414,0.5685146443514645,0.4547,0.28503998951094794,0.49028469264864727,5031.341,10,2026-09-18T18:12:38.201124+00:00
Llama-3.1-8B-Instruct,belief_bank_constraints,mlp,17,25878,halu_eval,104,4282,10000,2141,2141,1912,8088,7.6138,4097,0.18690015154066342,0.5805439330543933,0.4369,0.2827665265571265,0.49152012227423025,5039.826,10,2026-09-18T18:12:38.201124+00:00
Llama-3.1-8B-Instruct,belief_bank_constraints,mlp,17,25878,halu_eval,123,4282,10000,2141,2141,1912,8088,8.6313,4097,0.18518518518518517,0.33472803347280333,0.5912,0.23845007451564829,0.4928855290548734,5049.323,10,2026-09-18T18:12:38.201124+00:00
Llama-3.1-8B-Instruct,belief_bank_constraints,mlp,17,25878,halu_eval,420,4282,10000,2141,2141,1912,8088,7.5566,4097,0.18502121379819222,0.524581589958159,0.4673,0.2735578889949543,0.48698650617268624,5057.722,10,2026-09-18T18:12:38.201124+00:00
Llama-3.1-8B-Instruct,belief_bank_constraints,mlp,17,25878,halu_eval,511,4282,10000,2141,2141,1912,8088,7.8921,4097,0.19400594829558454,0.4435146443514644,0.5413,0.2699347445487824,0.5005255344971009,5066.458,10,2026-09-18T18:12:38.201124+00:00
Llama-3.1-8B-Instruct,belief_bank_constraints,mlp,17,25878,halu_eval,mean,0,0,0,0,0,0,7.316190000000001,4097.0,0.18915002316882046,0.4743723849372385,0.5109199999999999,0.26911055586825533,0.4948043863215922,9142.66,10,2026-09-18T18:12:38.201124+00:00
Llama-3.1-8B-Instruct,belief_bank_constraints,mlp,17,25878,halu_eval,std,0,0,0,0,0,0,0.6075938404065663,0.0,0.004163859639507847,0.07406012869802826,0.04586712984262258,0.014772556297053135,0.006622819668455245,9142.66,10,2026-09-18T18:12:38.201124+00:00
Llama-3.1-8B-Instruct,belief_bank_constraints,mlp,18,25878,belief_bank_constraints,2,4282,7764,2141,2141,917,6847,8.2516,4097,0.6921296296296297,0.9781897491821155,0.9460329726944874,0.8106642566651604,0.9816621245898235,5076.416,10,2026-09-18T18:12:38.201124+00:00
Llama-3.1-8B-Instruct,belief_bank_constraints,mlp,18,25878,belief_bank_constraints,4,4282,7764,2141,2141,917,6847,9.3421,4097,0.7604790419161677,0.9694656488549618,0.9603297269448737,0.8523489932885906,0.9879748973473644,5086.53,10,2026-09-18T18:12:38.201124+00:00
Llama-3.1-8B-Instruct,belief_bank_constraints,mlp,18,25878,belief_bank_constraints,24,4282,7764,2141,2141,917,6847,8.1311,4097,0.7317666126418152,0.9847328244274809,0.955564142194745,0.8396094839609484,0.987265673987557,5095.394,10,2026-09-18T18:12:38.201124+00:00
Llama-3.1-8B-Instruct,belief_bank_constraints,mlp,18,25878,belief_bank_constraints,42,4282,7764,2141,2141,917,6847,7.823,4097,0.7228915662650602,0.9814612868047983,0.9533745492014426,0.8325624421831638,0.9877694407710896,5103.95,10,2026-09-18T18:12:38.201124+00:00
Llama-3.1-8B-Instruct,belief_bank_constraints,mlp,18,25878,belief_bank_constraints,64,4282,7764,2141,2141,917,6847,8.4621,4097,0.7504187604690117,0.9770992366412213,0.9589129314786192,0.8488867835149219,0.9874344987711625,5113.159,10,2026-09-18T18:12:38.201124+00:00
Llama-3.1-8B-Instruct,belief_bank_constraints,mlp,18,25878,belief_bank_constraints,67,4282,7764,2141,2141,917,6847,7.331,4097,0.7097541633624108,0.9760087241003271,0.9500257599175682,0.8218549127640037,0.9868890035977199,5121.279,10,2026-09-18T18:12:38.201124+00:00
Llama-3.1-8B-Instruct,belief_bank_constraints,mlp,18,25878,belief_bank_constraints,104,4282,7764,2141,2141,917,6847,8.5261,4097,0.7260940032414911,0.9770992366412213,0.9537609479649665,0.8331008833100884,0.9876939474244587,5130.593,10,2026-09-18T18:12:38.201124+00:00
Llama-3.1-8B-Instruct,belief_bank_constraints,mlp,18,25878,belief_bank_constraints,123,4282,7764,2141,2141,917,6847,8.5832,4097,0.7299919159256265,0.9847328244274809,0.955177743431221,0.8384401114206128,0.9873900628139683,5139.955,10,2026-09-18T18:12:38.201124+00:00
Llama-3.1-8B-Instruct,belief_bank_constraints,mlp,18,25878,belief_bank_constraints,420,4282,7764,2141,2141,917,6847,8.1352,4097,0.7223567393058918,0.9760087241003271,0.9528593508500772,0.8302411873840445,0.9875147701777072,5148.874,10,2026-09-18T18:12:38.201124+00:00
Llama-3.1-8B-Instruct,belief_bank_constraints,mlp,18,25878,belief_bank_constraints,511,4282,7764,2141,2141,917,6847,8.3456,4097,0.7220015885623511,0.9912758996728462,0.9538897475528079,0.8354779411764706,0.98517575058145,5158.005,10,2026-09-18T18:12:38.201124+00:00
Llama-3.1-8B-Instruct,belief_bank_constraints,mlp,18,25878,belief_bank_constraints,mean,0,0,0,0,0,0,8.293099999999999,4097.0,0.7267884021319456,0.9796074154852781,0.9539927872230809,0.8343186995668004,0.9866770170062301,9142.66,10,2026-09-18T18:12:38.201124+00:00
Llama-3.1-8B-Instruct,belief_bank_constraints,mlp,18,25878,belief_bank_constraints,std,0,0,0,0,0,0,0.49696019357691007,0.0,0.018105564519468702,0.005792048734957265,0.00386089520766515,0.011487885403254013,0.0018300403286499035,9142.66,10,2026-09-18T18:12:38.201124+00:00
Llama-3.1-8B-Instruct,belief_bank_constraints,mlp,18,25878,belief_bank_facts,2,4282,27416,2141,2141,1971,25445,8.1799,4097,0.14030745179781137,0.5464231354642314,0.7266924423694193,0.2232818492795688,0.7014459615296231,5167.847,10,2026-09-18T18:12:38.201124+00:00
Llama-3.1-8B-Instruct,belief_bank_constraints,mlp,18,25878,belief_bank_facts,4,4282,27416,2141,2141,1971,25445,9.3005,4097,0.13906459651140501,0.7361745306950787,0.6533775897286256,0.233937928254736,0.699246452217001,5178.809,10,2026-09-18T18:12:38.201124+00:00
Llama-3.1-8B-Instruct,belief_bank_constraints,mlp,18,25878,belief_bank_facts,24,4282,27416,2141,2141,1971,25445,7.1869,4097,0.17438070404172099,0.8143074581430746,0.7094762182667056,0.287248322147651,0.7800360682838874,5187.673,10,2026-09-18T18:12:38.201124+00:00
Llama-3.1-8B-Instruct,belief_bank_constraints,mlp,18,25878,belief_bank_facts,42,4282,27416,2141,2141,1971,25445,7.1411,4097,0.17483892104401005,0.8122780314561137,0.7108987452582434,0.28774263120057514,0.7921363803446297,5196.516,10,2026-09-18T18:12:38.201124+00:00
Llama-3.1-8B-Instruct,belief_bank_constraints,mlp,18,25878,belief_bank_facts,64,4282,27416,2141,2141,1971,25445,7.245,4097,0.21820466285076084,0.7929984779299848,0.7808578932010505,0.3422377928618349,0.8230017410040397,5205.473,10,2026-09-18T18:12:38.201124+00:00
Llama-3.1-8B-Instruct,belief_bank_constraints,mlp,18,25878,belief_bank_facts,67,4282,27416,2141,2141,1971,25445,6.3459,4097,0.1310272536687631,0.76103500761035,0.6199664429530202,0.22356360384529397,0.7177926465484642,5213.519,10,2026-09-18T18:12:38.201124+00:00
Llama-3.1-8B-Instruct,belief_bank_constraints,mlp,18,25878,belief_bank_facts,104,4282,27416,2141,2141,1971,25445,7.386,4097,0.15695337620578778,0.7924911212582445,0.6790560256784359,0.26201459364253965,0.7535595073346386,5222.604,10,2026-09-18T18:12:38.201124+00:00
Llama-3.1-8B-Instruct,belief_bank_constraints,mlp,18,25878,belief_bank_facts,123,4282,27416,2141,2141,1971,25445,7.6714,4097,0.14030934343434343,0.9020801623541349,0.5956011088415524,0.24284641125452436,0.7790844829114316,5231.966,10,2026-09-18T18:12:38.201124+00:00
Llama-3.1-8B-Instruct,belief_bank_constraints,mlp,18,25878,belief_bank_facts,420,4282,27416,2141,2141,1971,25445,6.8252,4097,0.14045963108557605,0.9426686960933536,0.581156988619784,0.2444897690637542,0.8566773332200779,5240.488,10,2026-09-18T18:12:38.201124+00:00
Llama-3.1-8B-Instruct,belief_bank_constraints,mlp,18,25878,belief_bank_facts,511,4282,27416,2141,2141,1971,25445,7.4507,4097,0.15797650257306534,0.8254693049213597,0.6711409395973155,0.26519967400162997,0.7145780450447784,5249.668,10,2026-09-18T18:12:38.201124+00:00
Llama-3.1-8B-Instruct,belief_bank_constraints,mlp,18,25878,belief_bank_facts,mean,0,0,0,0,0,0,7.473259999999999,4097.0,0.15735224432132439,0.7925925925925925,0.6728224394514154,0.2612562575552108,0.7617558618438571,9142.66,10,2026-09-18T18:12:38.201124+00:00
Llama-3.1-8B-Instruct,belief_bank_constraints,mlp,18,25878,belief_bank_facts,std,0,0,0,0,0,0,0.7629473182337033,0.0,0.02488595374562883,0.10061249943089935,0.05911528855509705,0.03490038767502126,0.05107736063500943,9142.66,10,2026-09-18T18:12:38.201124+00:00
Llama-3.1-8B-Instruct,belief_bank_constraints,mlp,18,25878,halu_eval,2,4282,10000,2141,2141,1912,8088,8.0144,4097,0.19008989256741943,0.4534518828451883,0.5261,0.2678819712652557,0.5028713311523038,5258.537,10,2026-09-18T18:12:38.201124+00:00
Llama-3.1-8B-Instruct,belief_bank_constraints,mlp,18,25878,halu_eval,4,4282,10000,2141,2141,1912,8088,9.2032,4097,0.19118768104894038,0.6558577405857741,0.4037,0.2960689410931413,0.4997388170501057,5268.583,10,2026-09-18T18:12:38.201124+00:00
Llama-3.1-8B-Instruct,belief_bank_constraints,mlp,18,25878,halu_eval,24,4282,10000,2141,2141,1912,8088,8.0493,4097,0.19457156383146598,0.6448744769874477,0.4217,0.29894532670626744,0.5038243999582004,5277.488,10,2026-09-18T18:12:38.201124+00:00
Llama-3.1-8B-Instruct,belief_bank_constraints,mlp,18,25878,halu_eval,42,4282,10000,2141,2141,1912,8088,7.7872,4097,0.18966504437446322,0.6929916317991632,0.3752,0.29781973477185886,0.49741209664402863,5286.128,10,2026-09-18T18:12:38.201124+00:00
Llama-3.1-8B-Instruct,belief_bank_constraints,mlp,18,25878,halu_eval,64,4282,10000,2141,2141,1912,8088,8.2752,4097,0.1898548061018195,0.5402719665271967,0.4713,0.28097375220998233,0.49561168671806777,5295.26,10,2026-09-18T18:12:38.201124+00:00
Llama-3.1-8B-Instruct,belief_bank_constraints,mlp,18,25878,halu_eval,67,4282,10000,2141,2141,1912,8088,7.4488,4097,0.19503479405679894,0.5423640167364017,0.4845,0.28689998616682805,0.5005765230477301,5303.563,10,2026-09-18T18:12:38.201124+00:00
Llama-3.1-8B-Instruct,belief_bank_constraints,mlp,18,25878,halu_eval,104,4282,10000,2141,2141,1912,8088,8.3154,4097,0.19685178634594977,0.5821129707112971,0.466,0.2942109436954798,0.5100542179332779,5312.731,10,2026-09-18T18:12:38.201124+00:00
Llama-3.1-8B-Instruct,belief_bank_constraints,mlp,18,25878,halu_eval,123,4282,10000,2141,2141,1912,8088,8.617,4097,0.18950437317784258,0.6119246861924686,0.4254,0.28938906752411575,0.49860080562556647,5322.2,10,2026-09-18T18:12:38.201124+00:00
Llama-3.1-8B-Instruct,belief_bank_constraints,mlp,18,25878,halu_eval,420,4282,10000,2141,2141,1912,8088,7.3564,4097,0.1958128078817734,0.5821129707112971,0.463,0.2930489731437599,0.5030356132231645,5330.402,10,2026-09-18T18:12:38.201124+00:00
Llama-3.1-8B-Instruct,belief_bank_constraints,mlp,18,25878,halu_eval,511,4282,10000,2141,2141,1912,8088,8.5198,4097,0.19146022656541764,0.8043933054393305,0.3131,0.3093011563599799,0.5024695982787661,5339.767,10,2026-09-18T18:12:38.201124+00:00
Llama-3.1-8B-Instruct,belief_bank_constraints,mlp,18,25878,halu_eval,mean,0,0,0,0,0,0,8.15867,4097.0,0.1924032975951891,0.6110355648535566,0.43500000000000005,0.29145398529366695,0.5014195089631212,9142.66,10,2026-09-18T18:12:38.201124+00:00
Llama-3.1-8B-Instruct,belief_bank_constraints,mlp,18,25878,halu_eval,std,0,0,0,0,0,0,0.5280138143079215,0.0,0.002704727646291035,0.09137167001330879,0.05787619545201638,0.010663418892822725,0.003839720819372153,9142.66,10,2026-09-18T18:12:38.201124+00:00
Llama-3.1-8B-Instruct,belief_bank_constraints,mlp,19,25878,belief_bank_constraints,2,4282,7764,2141,2141,917,6847,8.6282,4097,0.7103393843725335,0.9814612868047983,0.9505409582689336,0.8241758241758241,0.9859392845556063,5350.068,10,2026-09-18T18:12:38.201124+00:00
Llama-3.1-8B-Instruct,belief_bank_constraints,mlp,19,25878,belief_bank_constraints,4,4282,7764,2141,2141,917,6847,10.1894,4097,0.7563667232597623,0.9716466739367503,0.9596857290056672,0.8505966587112171,0.9882855508760653,5361.032,10,2026-09-18T18:12:38.201124+00:00
Llama-3.1-8B-Instruct,belief_bank_constraints,mlp,19,25878,belief_bank_constraints,24,4282,7764,2141,2141,917,6847,8.8554,4097,0.7291835084882781,0.9836423118865867,0.9549201442555384,0.8375116063138347,0.9876245062870509,5370.667,10,2026-09-18T18:12:38.201124+00:00
Llama-3.1-8B-Instruct,belief_bank_constraints,mlp,19,25878,belief_bank_constraints,42,4282,7764,2141,2141,917,6847,9.142,4097,0.7072784810126582,0.9749182115594329,0.9493817619783617,0.8198074277854195,0.9834669570877662,5380.589,10,2026-09-18T18:12:38.201124+00:00
Llama-3.1-8B-Instruct,belief_bank_constraints,mlp,19,25878,belief_bank_constraints,64,4282,7764,2141,2141,917,6847,9.3486,4097,0.7344262295081967,0.9770992366412213,0.955564142194745,0.8385587271876462,0.9833390643507516,5390.716,10,2026-09-18T18:12:38.201124+00:00
Llama-3.1-8B-Instruct,belief_bank_constraints,mlp,19,25878,belief_bank_constraints,67,4282,7764,2141,2141,917,6847,8.5336,4097,0.7093206951026856,0.9792802617230099,0.9501545595054096,0.8227210261108566,0.9871075202044244,5400.028,10,2026-09-18T18:12:38.201124+00:00
Llama-3.1-8B-Instruct,belief_bank_constraints,mlp,19,25878,belief_bank_constraints,104,4282,7764,2141,2141,917,6847,8.1741,4097,0.7228041901692184,0.9781897491821155,0.9531169500257599,0.8313253012048193,0.9875263967901631,5408.991,10,2026-09-18T18:12:38.201124+00:00
Llama-3.1-8B-Instruct,belief_bank_constraints,mlp,19,25878,belief_bank_constraints,123,4282,7764,2141,2141,917,6847,8.3804,4097,0.7217321571772254,0.9814612868047983,0.9531169500257599,0.8317929759704251,0.9820728784737093,5418.166,10,2026-09-18T18:12:38.201124+00:00
Llama-3.1-8B-Instruct,belief_bank_constraints,mlp,19,25878,belief_bank_constraints,420,4282,7764,2141,2141,917,6847,7.3038,4097,0.7206119162640902,0.9760087241003271,0.9524729520865534,0.8290875405280222,0.9874582298020657,5426.261,10,2026-09-18T18:12:38.201124+00:00
Llama-3.1-8B-Instruct,belief_bank_constraints,mlp,19,25878,belief_bank_constraints,511,4282,7764,2141,2141,917,6847,8.2423,4097,0.7157561361836896,0.9858233369683751,0.9520865533230294,0.8293577981651377,0.9832718529746369,5435.294,10,2026-09-18T18:12:38.201124+00:00
Llama-3.1-8B-Instruct,belief_bank_constraints,mlp,19,25878,belief_bank_constraints,mean,0,0,0,0,0,0,8.67978,4097.0,0.7227819421538338,0.9789531079607416,0.953104070066976,0.8314934886153204,0.9856092241402241,9142.66,10,2026-09-18T18:12:38.201124+00:00
Llama-3.1-8B-Instruct,belief_bank_constraints,mlp,19,25878,belief_bank_constraints,std,0,0,0,0,0,0,0.7365352602557461,0.0,0.013914238141166598,0.0040525418050298846,0.0028849095112700204,0.008535821653302892,0.0021996424491692894,9142.66,10,2026-09-18T18:12:38.201124+00:00
Llama-3.1-8B-Instruct,belief_bank_constraints,mlp,19,25878,belief_bank_facts,2,4282,27416,2141,2141,1971,25445,7.8765,4097,0.10883361295499307,0.7569761542364282,0.5369127516778524,0.1903061224489796,0.6295591938881118,5444.821,10,2026-09-18T18:12:38.201124+00:00
Llama-3.1-8B-Instruct,belief_bank_constraints,mlp,19,25878,belief_bank_facts,4,4282,27416,2141,2141,1971,25445,9.0705,4097,0.1240408128847289,0.7463216641298833,0.6028596440035016,0.21272595806218367,0.6892570988310657,5455.552,10,2026-09-18T18:12:38.201124+00:00
Llama-3.1-8B-Instruct,belief_bank_constraints,mlp,19,25878,belief_bank_facts,24,4282,27416,2141,2141,1971,25445,7.7049,4097,0.13306927355469408,0.8011161846778285,0.6104829296761015,0.2282286622822866,0.7638557372329111,5464.956,10,2026-09-18T18:12:38.201124+00:00
Llama-3.1-8B-Instruct,belief_bank_constraints,mlp,19,25878,belief_bank_facts,42,4282,27416,2141,2141,1971,25445,7.9603,4097,0.1421875,0.8310502283105022,0.6274073533702947,0.2428285523682455,0.722947834980772,5474.617,10,2026-09-18T18:12:38.201124+00:00
Llama-3.1-8B-Instruct,belief_bank_constraints,mlp,19,25878,belief_bank_facts,64,4282,27416,2141,2141,1971,25445,9.053,4097,0.1414479327500429,0.8366311516996449,0.6231762474467464,0.24198400469586911,0.8129160805745005,5485.373,10,2026-09-18T18:12:38.201124+00:00
Llama-3.1-8B-Instruct,belief_bank_constraints,mlp,19,25878,belief_bank_facts,67,4282,27416,2141,2141,1971,25445,8.1963,4097,0.11365603568812838,0.8660578386605784,0.5048147067405895,0.2009417304296645,0.7385406232780505,5495.269,10,2026-09-18T18:12:38.201124+00:00
Llama-3.1-8B-Instruct,belief_bank_constraints,mlp,19,25878,belief_bank_facts,104,4282,27416,2141,2141,1971,25445,9.0127,4097,0.12039081844341833,0.9127346524606799,0.514298220017508,0.21272318789168737,0.7358893980401018,5505.984,10,2026-09-18T18:12:38.201124+00:00
Llama-3.1-8B-Instruct,belief_bank_constraints,mlp,19,25878,belief_bank_facts,123,4282,27416,2141,2141,1971,25445,9.2122,4097,0.13568570389232448,0.7569761542364282,0.6358695652173914,0.2301226189558109,0.7253701166421861,5516.871,10,2026-09-18T18:12:38.201124+00:00
Llama-3.1-8B-Instruct,belief_bank_constraints,mlp,19,25878,belief_bank_facts,420,4282,27416,2141,2141,1971,25445,8.1508,4097,0.11768693647888279,0.8807711821410451,0.5167055733878028,0.207630666188255,0.7770711273377513,5526.708,10,2026-09-18T18:12:38.201124+00:00
Llama-3.1-8B-Instruct,belief_bank_constraints,mlp,19,25878,belief_bank_facts,511,4282,27416,2141,2141,1971,25445,9.1679,4097,0.12983510556326092,0.8548959918822933,0.5776553837175372,0.2254331393404241,0.6936440840606958,5537.565,10,2026-09-18T18:12:38.201124+00:00
Llama-3.1-8B-Instruct,belief_bank_constraints,mlp,19,25878,belief_bank_facts,mean,0,0,0,0,0,0,8.540510000000001,4097.0,0.1266833732210474,0.8243531202435312,0.5750182375255325,0.2192924642663406,0.7289051294866147,9142.66,10,2026-09-18T18:12:38.201124+00:00
Llama-3.1-8B-Instruct,belief_bank_constraints,mlp,19,25878,belief_bank_facts,std,0,0,0,0,0,0,0.5794338503228817,0.0,0.010981648201316844,0.05437850606512935,0.0492690485151159,0.01644061617055866,0.048449849570796316,9142.66,10,2026-09-18T18:12:38.201124+00:00
Llama-3.1-8B-Instruct,belief_bank_constraints,mlp,19,25878,halu_eval,2,4282,10000,2141,2141,1912,8088,8.517,4097,0.19248338870431894,0.4848326359832636,0.5126,0.27556480380499404,0.5007215025410857,5546.934,10,2026-09-18T18:12:38.201124+00:00
Llama-3.1-8B-Instruct,belief_bank_constraints,mlp,19,25878,halu_eval,4,4282,10000,2141,2141,1912,8088,9.8504,4097,0.1959981809913597,0.45083682008368203,0.5414,0.27321711568938195,0.5034207917923759,5557.635,10,2026-09-18T18:12:38.201124+00:00
Llama-3.1-8B-Instruct,belief_bank_constraints,mlp,19,25878,halu_eval,24,4282,10000,2141,2141,1912,8088,8.6209,4097,0.18801338606632187,0.6464435146443515,0.3986,0.29130332312043367,0.4923779714976265,5567.106,10,2026-09-18T18:12:38.201124+00:00
Llama-3.1-8B-Instruct,belief_bank_constraints,mlp,19,25878,halu_eval,42,4282,10000,2141,2141,1912,8088,8.6101,4097,0.19441654950793333,0.5062761506276151,0.5045,0.2809461616601364,0.4996779993812829,5576.566,10,2026-09-18T18:12:38.201124+00:00
Llama-3.1-8B-Instruct,belief_bank_constraints,mlp,19,25878,halu_eval,64,4282,10000,2141,2141,1912,8088,9.2526,4097,0.1904215658158876,0.3472803347280335,0.5929,0.24597147619929616,0.4995207981554366,5586.666,10,2026-09-18T18:12:38.201124+00:00
Llama-3.1-8B-Instruct,belief_bank_constraints,mlp,19,25878,halu_eval,67,4282,10000,2141,2141,1912,8088,8.1778,4097,0.18837477358801252,0.5983263598326359,0.4303,0.28653725735754537,0.49047749209531966,5595.695,10,2026-09-18T18:12:38.201124+00:00
Llama-3.1-8B-Instruct,belief_bank_constraints,mlp,19,25878,halu_eval,104,4282,10000,2141,2141,1912,8088,9.2214,4097,0.19088125212657367,0.5868200836820083,0.4454,0.28806161745827985,0.49495446143674804,5605.766,10,2026-09-18T18:12:38.201124+00:00
Llama-3.1-8B-Instruct,belief_bank_constraints,mlp,19,25878,halu_eval,123,4282,10000,2141,2141,1912,8088,9.5825,4097,0.1876469331053644,0.4592050209205021,0.5165,0.2664239113943256,0.49533398179647314,5616.193,10,2026-09-18T18:12:38.201124+00:00
Llama-3.1-8B-Instruct,belief_bank_constraints,mlp,19,25878,halu_eval,420,4282,10000,2141,2141,1912,8088,8.2033,4097,0.18974187060006706,0.5920502092050209,0.4386,0.28738258441228737,0.49785097970442294,5625.241,10,2026-09-18T18:12:38.201124+00:00
Llama-3.1-8B-Instruct,belief_bank_constraints,mlp,19,25878,halu_eval,511,4282,10000,2141,2141,1912,8088,9.1528,4097,0.1909790585287274,0.5580543933054394,0.4635,0.28457127617015604,0.5034574893224737,5635.234,10,2026-09-18T18:12:38.201124+00:00
Llama-3.1-8B-Instruct,belief_bank_constraints,mlp,19,25878,halu_eval,mean,0,0,0,0,0,0,8.918879999999998,4097.0,0.19089569590345665,0.5230125523012552,0.48442999999999997,0.2779979527266837,0.4977793467723245,9142.66,10,2026-09-18T18:12:38.201124+00:00
Llama-3.1-8B-Instruct,belief_bank_constraints,mlp,19,25878,halu_eval,std,0,0,0,0,0,0,0.5452179358751874,0.0,0.0026025568536156662,0.08536583898066494,0.0562092527970262,0.01296006184236993,0.004193064211700462,9142.66,10,2026-09-18T18:12:38.201124+00:00
Llama-3.1-8B-Instruct,belief_bank_constraints,mlp,20,25878,belief_bank_constraints,2,4282,7764,2141,2141,917,6847,7.3269,4097,0.7032710280373832,0.9847328244274809,0.9491241628026791,0.8205361199454794,0.9848721048739554,5644.224,10,2026-09-18T18:12:38.201124+00:00
Llama-3.1-8B-Instruct,belief_bank_constraints,mlp,20,25878,belief_bank_constraints,4,4282,7764,2141,2141,917,6847,9.2639,4097,0.7418273260687342,0.965103598691385,0.9562081401339516,0.8388625592417062,0.9863444640362596,5654.264,10,2026-09-18T18:12:38.201124+00:00
Llama-3.1-8B-Instruct,belief_bank_constraints,mlp,20,25878,belief_bank_constraints,24,4282,7764,2141,2141,917,6847,7.6954,4097,0.7120253164556962,0.9814612868047983,0.9509273570324575,0.8253094910591472,0.9872459246732483,5662.736,10,2026-09-18T18:12:38.201124+00:00
Llama-3.1-8B-Instruct,belief_bank_constraints,mlp,20,25878,belief_bank_constraints,42,4282,7764,2141,2141,917,6847,6.8167,4097,0.7182761372705507,0.9814612868047983,0.952344152498712,0.8294930875576036,0.986845682521172,5670.322,10,2026-09-18T18:12:38.201124+00:00
Llama-3.1-8B-Instruct,belief_bank_constraints,mlp,20,25878,belief_bank_constraints,64,4282,7764,2141,2141,917,6847,8.0255,4097,0.7309893704006541,0.9749182115594329,0.9546625450798557,0.8355140186915888,0.9853931523075083,5679.116,10,2026-09-18T18:12:38.201124+00:00
Llama-3.1-8B-Instruct,belief_bank_constraints,mlp,20,25878,belief_bank_constraints,67,4282,7764,2141,2141,917,6847,8.2725,4097,0.7111111111111111,0.9770992366412213,0.9504121586810922,0.8231511254019293,0.9851403929380912,5688.155,10,2026-09-18T18:12:38.201124+00:00
Llama-3.1-8B-Instruct,belief_bank_constraints,mlp,20,25878,belief_bank_constraints,104,4282,7764,2141,2141,917,6847,7.599,4097,0.7155378486055777,0.9792802617230099,0.9515713549716641,0.8268876611418048,0.9861305662208047,5696.525,10,2026-09-18T18:12:38.201124+00:00
Llama-3.1-8B-Instruct,belief_bank_constraints,mlp,20,25878,belief_bank_constraints,123,4282,7764,2141,2141,917,6847,8.861,4097,0.7317073170731707,0.9814612868047983,0.9553065430190624,0.8383791336748952,0.9873096321387601,5706.184,10,2026-09-18T18:12:38.201124+00:00
Llama-3.1-8B-Instruct,belief_bank_constraints,mlp,20,25878,belief_bank_constraints,420,4282,7764,2141,2141,917,6847,9.1137,4097,0.7143993635640413,0.9792802617230099,0.9513137557959814,0.8261269549218031,0.9872250604782933,5716.097,10,2026-09-18T18:12:38.201124+00:00
Llama-3.1-8B-Instruct,belief_bank_constraints,mlp,20,25878,belief_bank_constraints,511,4282,7764,2141,2141,917,6847,8.2318,4097,0.702639751552795,0.9869138495092693,0.9491241628026791,0.8208616780045351,0.9823128963500241,5725.12,10,2026-09-18T18:12:38.201124+00:00
Llama-3.1-8B-Instruct,belief_bank_constraints,mlp,20,25878,belief_bank_constraints,mean,0,0,0,0,0,0,8.12064,4097.0,0.7181784570139713,0.9791712104689205,0.9520994332818136,0.8285121829640494,0.9858819876538117,9142.66,10,2026-09-18T18:12:38.201124+00:00
Llama-3.1-8B-Instruct,belief_bank_constraints,mlp,20,25878,belief_bank_constraints,std,0,0,0,0,0,0,0.7529298907600892,0.0,0.012162128877445335,0.005717656152199918,0.0023794482011991907,0.006511138516379114,0.0014647156641452394,9142.66,10,2026-09-18T18:12:38.201124+00:00
Llama-3.1-8B-Instruct,belief_bank_constraints,mlp,20,25878,belief_bank_facts,2,4282,27416,2141,2141,1971,25445,8.5539,4097,0.09607889922850553,0.6128868594622019,0.5576305806828129,0.16611661166116612,0.6764113842103705,5735.365,10,2026-09-18T18:12:38.201124+00:00
Llama-3.1-8B-Instruct,belief_bank_constraints,mlp,20,25878,belief_bank_facts,4,4282,27416,2141,2141,1971,25445,9.6709,4097,0.11328922649677367,0.7037037037037037,0.5827254158155821,0.1951597017025468,0.7117785707655881,5746.709,10,2026-09-18T18:12:38.201124+00:00
Llama-3.1-8B-Instruct,belief_bank_constraints,mlp,20,25878,belief_bank_facts,24,4282,27416,2141,2141,1971,25445,8.565,4097,0.13756814052089641,0.9218670725520041,0.5788955354537496,0.23940971078463666,0.7975384178866306,5756.963,10,2026-09-18T18:12:38.201124+00:00
Llama-3.1-8B-Instruct,belief_bank_constraints,mlp,20,25878,belief_bank_facts,42,4282,27416,2141,2141,1971,25445,7.6959,4097,0.1542192046556741,0.8873668188736682,0.6420338488473883,0.2627704326923077,0.810550805504735,5766.344,10,2026-09-18T18:12:38.201124+00:00
Llama-3.1-8B-Instruct,belief_bank_constraints,mlp,20,25878,belief_bank_facts,64,4282,27416,2141,2141,1971,25445,8.7321,4097,0.15915811445468778,0.928462709284627,0.6422162241027137,0.27173509540426166,0.8418815106328059,5776.756,10,2026-09-18T18:12:38.201124+00:00
Llama-3.1-8B-Instruct,belief_bank_constraints,mlp,20,25878,belief_bank_facts,67,4282,27416,2141,2141,1971,25445,9.0326,4097,0.12567606034728152,0.8959918822932521,0.544390137146192,0.22043312737939214,0.7910871121136615,5787.462,10,2026-09-18T18:12:38.201124+00:00
Llama-3.1-8B-Instruct,belief_bank_constraints,mlp,20,25878,belief_bank_facts,104,4282,27416,2141,2141,1971,25445,7.8147,4097,0.16219194550190344,0.8214104515474379,0.6821199299679019,0.27089433614992053,0.8132850083331514,5796.949,10,2026-09-18T18:12:38.201124+00:00
Llama-3.1-8B-Instruct,belief_bank_constraints,mlp,20,25878,belief_bank_facts,123,4282,27416,2141,2141,1971,25445,10.246,4097,0.1218841642228739,0.6747843734145104,0.6271155529617741,0.2064736474423659,0.7407838795168975,5808.878,10,2026-09-18T18:12:38.201124+00:00
Llama-3.1-8B-Instruct,belief_bank_constraints,mlp,20,25878,belief_bank_facts,420,4282,27416,2141,2141,1971,25445,9.3687,4097,0.10163011734720968,0.9710806697108066,0.3807995331193464,0.18400307633147472,0.7930049482479247,5819.936,10,2026-09-18T18:12:38.201124+00:00
Llama-3.1-8B-Instruct,belief_bank_constraints,mlp,20,25878,belief_bank_facts,511,4282,27416,2141,2141,1971,25445,8.5563,4097,0.1325238379022646,0.9025875190258752,0.5682448205427487,0.23111399805131536,0.7904491327829876,5830.098,10,2026-09-18T18:12:38.201124+00:00
Llama-3.1-8B-Instruct,belief_bank_constraints,mlp,20,25878,belief_bank_facts,mean,0,0,0,0,0,0,8.823610000000002,4097.0,0.13042197106780706,0.8320142059868086,0.5806171578640209,0.22481097375993878,0.7766770769994753,9142.66,10,2026-09-18T18:12:38.201124+00:00
Llama-3.1-8B-Instruct,belief_bank_constraints,mlp,20,25878,belief_bank_facts,std,0,0,0,0,0,0,0.7477281691229776,0.0,0.02203237911716444,0.1175444677274673,0.07871449343645101,0.035162842442518695,0.04836491365424656,9142.66,10,2026-09-18T18:12:38.201124+00:00
Llama-3.1-8B-Instruct,belief_bank_constraints,mlp,20,25878,halu_eval,2,4282,10000,2141,2141,1912,8088,8.6527,4097,0.19270905802142757,0.7243723849372385,0.3671,0.30442905813825694,0.5080719693207355,5839.568,10,2026-09-18T18:12:38.201124+00:00
Llama-3.1-8B-Instruct,belief_bank_constraints,mlp,20,25878,halu_eval,4,4282,10000,2141,2141,1912,8088,10.2986,4097,0.19320039228506047,0.6182008368200836,0.4334,0.29439601494396017,0.5066963130977655,5850.663,10,2026-09-18T18:12:38.201124+00:00
Llama-3.1-8B-Instruct,belief_bank_constraints,mlp,20,25878,halu_eval,24,4282,10000,2141,2141,1912,8088,8.8489,4097,0.18995079767407186,0.6663179916317992,0.3929,0.2956259426847662,0.49643296774186874,5860.327,10,2026-09-18T18:12:38.201124+00:00
Llama-3.1-8B-Instruct,belief_bank_constraints,mlp,20,25878,halu_eval,42,4282,10000,2141,2141,1912,8088,8.3453,4097,0.19213973799126638,0.6903765690376569,0.3858,0.3006148941015714,0.5054674146625613,5869.505,10,2026-09-18T18:12:38.201124+00:00
Llama-3.1-8B-Instruct,belief_bank_constraints,mlp,20,25878,halu_eval,64,4282,10000,2141,2141,1912,8088,7.6326,4097,0.19092655534210137,0.6757322175732218,0.3905,0.29773015324346125,0.5004045781445936,5877.996,10,2026-09-18T18:12:38.201124+00:00
Llama-3.1-8B-Instruct,belief_bank_constraints,mlp,20,25878,halu_eval,67,4282,10000,2141,2141,1912,8088,8.1311,4097,0.18701376421304608,0.6537656903765691,0.3904,0.2908329455560726,0.4866241544371743,5886.981,10,2026-09-18T18:12:38.201124+00:00
Llama-3.1-8B-Instruct,belief_bank_constraints,mlp,20,25878,halu_eval,104,4282,10000,2141,2141,1912,8088,7.3488,4097,0.19099225897255453,0.7097280334728033,0.3697,0.3009870245092603,0.5009615722864391,5895.187,10,2026-09-18T18:12:38.201124+00:00
Llama-3.1-8B-Instruct,belief_bank_constraints,mlp,20,25878,halu_eval,123,4282,10000,2141,2141,1912,8088,8.6002,4097,0.19090454772613694,0.5993723849372385,0.4377,0.28957675300063174,0.5022280735652591,5904.645,10,2026-09-18T18:12:38.201124+00:00
Llama-3.1-8B-Instruct,belief_bank_constraints,mlp,20,25878,halu_eval,420,4282,10000,2141,2141,1912,8088,8.4707,4097,0.19292604501607716,0.8158995815899581,0.3122,0.3120624124824965,0.5035473416891184,5913.977,10,2026-09-18T18:12:38.201124+00:00
Llama-3.1-8B-Instruct,belief_bank_constraints,mlp,20,25878,halu_eval,511,4282,10000,2141,2141,1912,8088,7.3836,4097,0.19285283474065137,0.6689330543933054,0.4014,0.2993913857677903,0.5023141430147043,5922.222,10,2026-09-18T18:12:38.201124+00:00
Llama-3.1-8B-Instruct,belief_bank_constraints,mlp,20,25878,halu_eval,mean,0,0,0,0,0,0,8.37125,4097.0,0.19136159919823936,0.6822698744769875,0.3881099999999999,0.2985646584428267,0.501274852796022,9142.66,10,2026-09-18T18:12:38.201124+00:00
Llama-3.1-8B-Instruct,belief_bank_constraints,mlp,20,25878,halu_eval,std,0,0,0,0,0,0,0.8190943672740034,0.0,0.0017861181608094345,0.0571957928224104,0.033569165911592154,0.006281776944824958,0.005824653599551239,9142.66,10,2026-09-18T18:12:38.201124+00:00
Llama-3.1-8B-Instruct,belief_bank_constraints,mlp,21,25878,belief_bank_constraints,2,4282,7764,2141,2141,917,6847,7.8973,4097,0.6957528957528958,0.9825517993456925,0.9471921689850592,0.8146473779385172,0.9814244957434654,5931.842,10,2026-09-18T18:12:38.201124+00:00
Llama-3.1-8B-Instruct,belief_bank_constraints,mlp,21,25878,belief_bank_constraints,4,4282,7764,2141,2141,917,6847,8.7933,4097,0.7238017871649066,0.9716466739367503,0.9528593508500772,0.8296089385474861,0.9852262387478681,5941.447,10,2026-09-18T18:12:38.201124+00:00
Llama-3.1-8B-Instruct,belief_bank_constraints,mlp,21,25878,belief_bank_constraints,24,4282,7764,2141,2141,917,6847,7.4454,4097,0.7117973079968329,0.9803707742639041,0.9507985574446162,0.8247706422018348,0.9844267100556979,5949.698,10,2026-09-18T18:12:38.201124+00:00
Llama-3.1-8B-Instruct,belief_bank_constraints,mlp,21,25878,belief_bank_constraints,42,4282,7764,2141,2141,917,6847,8.5957,4097,0.7128082736674622,0.9770992366412213,0.9507985574446162,0.8242870285188593,0.9842064414936915,5959.102,10,2026-09-18T18:12:38.201124+00:00
Llama-3.1-8B-Instruct,belief_bank_constraints,mlp,21,25878,belief_bank_constraints,64,4282,7764,2141,2141,917,6847,8.7082,4097,0.7311475409836066,0.9727371864776445,0.9545337454920144,0.8348151614412728,0.983414557697383,5968.62,10,2026-09-18T18:12:38.201124+00:00
Llama-3.1-8B-Instruct,belief_bank_constraints,mlp,21,25878,belief_bank_constraints,67,4282,7764,2141,2141,917,6847,7.8167,4097,0.7101681345076061,0.9672846237731734,0.949510561566203,0.8190212373037857,0.9828996421073856,5977.243,10,2026-09-18T18:12:38.201124+00:00
Llama-3.1-8B-Instruct,belief_bank_constraints,mlp,21,25878,belief_bank_constraints,104,4282,7764,2141,2141,917,6847,9.0844,4097,0.7053291536050157,0.9814612868047983,0.9493817619783617,0.8207934336525308,0.98383884941769,5987.135,10,2026-09-18T18:12:38.201124+00:00
Llama-3.1-8B-Instruct,belief_bank_constraints,mlp,21,25878,belief_bank_constraints,123,4282,7764,2141,2141,917,6847,9.2598,4097,0.7197758206565252,0.9803707742639041,0.9526017516743946,0.830101569713758,0.9860815114723607,5997.203,10,2026-09-18T18:12:38.201124+00:00
Llama-3.1-8B-Instruct,belief_bank_constraints,mlp,21,25878,belief_bank_constraints,420,4282,7764,2141,2141,917,6847,8.8539,4097,0.7069510268562401,0.9760087241003271,0.9493817619783617,0.8199725148877691,0.9872470395538949,6006.868,10,2026-09-18T18:12:38.201124+00:00
Llama-3.1-8B-Instruct,belief_bank_constraints,mlp,21,25878,belief_bank_constraints,511,4282,7764,2141,2141,917,6847,8.5028,4097,0.6937212863705973,0.9880043620501636,0.9470633693972179,0.815114709851552,0.9853936301134996,6016.177,10,2026-09-18T18:12:38.201124+00:00
Llama-3.1-8B-Instruct,belief_bank_constraints,mlp,21,25878,belief_bank_constraints,mean,0,0,0,0,0,0,8.495750000000001,4097.0,0.7111253227561689,0.977753544165758,0.9504121586810923,0.8233132614057365,0.9844159116402936,9142.66,10,2026-09-18T18:12:38.201124+00:00
Llama-3.1-8B-Instruct,belief_bank_constraints,mlp,21,25878,belief_bank_constraints,std,0,0,0,0,0,0,0.5589946140169868,0.0,0.011094347666375364,0.005753939349301177,0.0022932114650650293,0.006319239985233329,0.001582068858739286,9142.66,10,2026-09-18T18:12:38.201124+00:00
Llama-3.1-8B-Instruct,belief_bank_constraints,mlp,21,25878,belief_bank_facts,2,4282,27416,2141,2141,1971,25445,8.6615,4097,0.14374398880825393,0.8340943683409436,0.6308724832214765,0.24522673031026254,0.7537927976887107,6026.526,10,2026-09-18T18:12:38.201124+00:00
Llama-3.1-8B-Instruct,belief_bank_constraints,mlp,21,25878,belief_bank_facts,4,4282,27416,2141,2141,1971,25445,9.5328,4097,0.13150024119633383,0.6915271435819381,0.6494747592646629,0.22097924773022048,0.6940748935812153,6037.749,10,2026-09-18T18:12:38.201124+00:00
Llama-3.1-8B-Instruct,belief_bank_constraints,mlp,21,25878,belief_bank_facts,24,4282,27416,2141,2141,1971,25445,7.7663,4097,0.13862940576183375,0.8959918822932521,0.5922818791946308,0.24010876954452753,0.7516399564165763,6047.208,10,2026-09-18T18:12:38.201124+00:00
Llama-3.1-8B-Instruct,belief_bank_constraints,mlp,21,25878,belief_bank_facts,42,4282,27416,2141,2141,1971,25445,8.5596,4097,0.14221353281196872,0.8488077118214105,0.6210606944849723,0.2436112122315253,0.794784893831454,6057.459,10,2026-09-18T18:12:38.201124+00:00
Llama-3.1-8B-Instruct,belief_bank_constraints,mlp,21,25878,belief_bank_facts,64,4282,27416,2141,2141,1971,25445,9.0413,4097,0.18509454949944382,0.8442415017757483,0.7215859352203093,0.3036219323054466,0.8278144910995243,6068.18,10,2026-09-18T18:12:38.201124+00:00
Llama-3.1-8B-Instruct,belief_bank_constraints,mlp,21,25878,belief_bank_facts,67,4282,27416,2141,2141,1971,25445,8.0056,4097,0.15201257312494543,0.8833079654997463,0.6373650423110593,0.2593861740166865,0.7925672098044957,6077.858,10,2026-09-18T18:12:38.201124+00:00
Llama-3.1-8B-Instruct,belief_bank_constraints,mlp,21,25878,belief_bank_facts,104,4282,27416,2141,2141,1971,25445,9.4795,4097,0.1578482466213232,0.9066463723997971,0.6455354537496353,0.2688835389708095,0.7749230814784507,6089.005,10,2026-09-18T18:12:38.201124+00:00
Llama-3.1-8B-Instruct,belief_bank_constraints,mlp,21,25878,belief_bank_facts,123,4282,27416,2141,2141,1971,25445,9.0825,4097,0.14750674440866765,0.8599695585996956,0.6326232856726,0.25181993760213933,0.7531008325773828,6099.761,10,2026-09-18T18:12:38.201124+00:00
Llama-3.1-8B-Instruct,belief_bank_constraints,mlp,21,25878,belief_bank_facts,420,4282,27416,2141,2141,1971,25445,7.7808,4097,0.11979353358663704,0.84779299847793,0.5412168077035308,0.20992462311557789,0.7963336227529478,6109.235,10,2026-09-18T18:12:38.201124+00:00
Llama-3.1-8B-Instruct,belief_bank_constraints,mlp,21,25878,belief_bank_facts,511,4282,27416,2141,2141,1971,25445,7.7043,4097,0.13476733977172958,0.9345509893455098,0.5639407645170703,0.2355649338192979,0.6997477074487117,6118.647,10,2026-09-18T18:12:38.201124+00:00
Llama-3.1-8B-Instruct,belief_bank_constraints,mlp,21,25878,belief_bank_facts,mean,0,0,0,0,0,0,8.56142,4097.0,0.1453110155591137,0.8546930492135971,0.6235957105339949,0.24791270996464934,0.7638779486679469,9142.66,10,2026-09-18T18:12:38.201124+00:00
Llama-3.1-8B-Instruct,belief_bank_constraints,mlp,21,25878,belief_bank_facts,std,0,0,0,0,0,0,0.6770119981211559,0.0,0.016731366321948087,0.06234387551782544,0.04733833881349705,0.024693708692379364,0.04048992399998567,9142.66,10,2026-09-18T18:12:38.201124+00:00
Llama-3.1-8B-Instruct,belief_bank_constraints,mlp,21,25878,halu_eval,2,4282,10000,2141,2141,1912,8088,7.7848,4097,0.19571397332167068,0.46809623430962344,0.5305,0.27602158828064766,0.50569632965207,6127.295,10,2026-09-18T18:12:38.201124+00:00
Llama-3.1-8B-Instruct,belief_bank_constraints,mlp,21,25878,halu_eval,4,4282,10000,2141,2141,1912,8088,8.3296,4097,0.192795101808344,0.7081589958158996,0.3773,0.3030777839955232,0.5034851337173932,6136.482,10,2026-09-18T18:12:38.201124+00:00
Llama-3.1-8B-Instruct,belief_bank_constraints,mlp,21,25878,halu_eval,24,4282,10000,2141,2141,1912,8088,6.7889,4097,0.19194961664841184,0.7332635983263598,0.3588,0.3042534722222222,0.5026479127091532,6144.134,10,2026-09-18T18:12:38.201124+00:00
Llama-3.1-8B-Instruct,belief_bank_constraints,mlp,21,25878,halu_eval,42,4282,10000,2141,2141,1912,8088,7.6854,4097,0.19057735566108472,0.7975941422594143,0.3136,0.3076457534799274,0.4983876366247429,6152.68,10,2026-09-18T18:12:38.201124+00:00
Llama-3.1-8B-Instruct,belief_bank_constraints,mlp,21,25878,halu_eval,64,4282,10000,2141,2141,1912,8088,7.8504,4097,0.18749005252268025,0.6161087866108786,0.4161,0.28749237339841366,0.5004045781445936,6161.395,10,2026-09-18T18:12:38.201124+00:00
Llama-3.1-8B-Instruct,belief_bank_constraints,mlp,21,25878,halu_eval,67,4282,10000,2141,2141,1912,8088,7.1577,4097,0.18809450751764345,0.641213389121339,0.4022,0.2908659549228944,0.49934322737543924,6169.421,10,2026-09-18T18:12:38.201124+00:00
Llama-3.1-8B-Instruct,belief_bank_constraints,mlp,21,25878,halu_eval,104,4282,10000,2141,2141,1912,8088,9.2133,4097,0.19857876036320568,0.5261506276150628,0.5034,0.2883347664087131,0.5112910378617632,6179.497,10,2026-09-18T18:12:38.201124+00:00
Llama-3.1-8B-Instruct,belief_bank_constraints,mlp,21,25878,halu_eval,123,4282,10000,2141,2141,1912,8088,9.2701,4097,0.19567639848451082,0.4592050209205021,0.5357,0.2744178777934052,0.5053125090531352,6189.627,10,2026-09-18T18:12:38.201124+00:00
Llama-3.1-8B-Instruct,belief_bank_constraints,mlp,21,25878,halu_eval,420,4282,10000,2141,2141,1912,8088,8.9081,4097,0.18831603615667894,0.5883891213389121,0.4364,0.2853157494293685,0.5029122642563599,6199.394,10,2026-09-18T18:12:38.201124+00:00
Llama-3.1-8B-Instruct,belief_bank_constraints,mlp,21,25878,halu_eval,511,4282,10000,2141,2141,1912,8088,8.3523,4097,0.19756690997566909,0.6370292887029289,0.4359,0.30159712764640334,0.5101308462560371,6208.603,10,2026-09-18T18:12:38.201124+00:00
Llama-3.1-8B-Instruct,belief_bank_constraints,mlp,21,25878,halu_eval,mean,0,0,0,0,0,0,8.134060000000002,4097.0,0.19267587124598995,0.6175209205020921,0.43099,0.29190224475775184,0.5039611475650687,9142.66,10,2026-09-18T18:12:38.201124+00:00
Llama-3.1-8B-Instruct,belief_bank_constraints,mlp,21,25878,halu_eval,std,0,0,0,0,0,0,0.7941551475624896,0.0,0.0038579112028757885,0.10562705620750619,0.0700628353694025,0.011197420868401272,0.004058561773991234,9142.66,10,2026-09-18T18:12:38.201124+00:00
Llama-3.1-8B-Instruct,belief_bank_constraints,mlp,22,25878,belief_bank_constraints,2,4282,7764,2141,2141,917,6847,8.5411,4097,0.702660406885759,0.9792802617230099,0.9486089644513137,0.8182232346241458,0.980606969692288,6219.006,10,2026-09-18T18:12:38.201124+00:00
Llama-3.1-8B-Instruct,belief_bank_constraints,mlp,22,25878,belief_bank_constraints,4,4282,7764,2141,2141,917,6847,9.5789,4097,0.7455919395465995,0.9683751363140676,0.9572385368366821,0.8425047438330171,0.9880054769308101,6229.388,10,2026-09-18T18:12:38.201124+00:00
Llama-3.1-8B-Instruct,belief_bank_constraints,mlp,22,25878,belief_bank_constraints,24,4282,7764,2141,2141,917,6847,8.3563,4097,0.7198412698412698,0.9890948745910578,0.9532457496136012,0.8332567753789619,0.987231112687517,6238.543,10,2026-09-18T18:12:38.201124+00:00
Llama-3.1-8B-Instruct,belief_bank_constraints,mlp,22,25878,belief_bank_constraints,42,4282,7764,2141,2141,917,6847,8.5766,4097,0.7096518987341772,0.9781897491821155,0.9501545595054096,0.8225584594222833,0.9853724473812171,6247.918,10,2026-09-18T18:12:38.201124+00:00
Llama-3.1-8B-Instruct,belief_bank_constraints,mlp,22,25878,belief_bank_constraints,64,4282,7764,2141,2141,917,6847,8.9847,4097,0.7304560260586319,0.9781897491821155,0.9547913446676971,0.8363636363636363,0.9874012116204329,6257.702,10,2026-09-18T18:12:38.201124+00:00
Llama-3.1-8B-Instruct,belief_bank_constraints,mlp,22,25878,belief_bank_constraints,67,4282,7764,2141,2141,917,6847,8.4111,4097,0.6999220576773187,0.9792802617230099,0.9479649665121072,0.8163636363636364,0.9852534736893741,6266.91,10,2026-09-18T18:12:38.201124+00:00
Llama-3.1-8B-Instruct,belief_bank_constraints,mlp,22,25878,belief_bank_constraints,104,4282,7764,2141,2141,917,6847,8.884,4097,0.7017815646785438,0.9880043620501636,0.9489953632148377,0.8206521739130435,0.9841669428650743,6276.578,10,2026-09-18T18:12:38.201124+00:00
Llama-3.1-8B-Instruct,belief_bank_constraints,mlp,22,25878,belief_bank_constraints,123,4282,7764,2141,2141,917,6847,9.151,4097,0.7224456958970233,0.9792802617230099,0.9531169500257599,0.8314814814814815,0.9861393259973125,6286.479,10,2026-09-18T18:12:38.201124+00:00
Llama-3.1-8B-Instruct,belief_bank_constraints,mlp,22,25878,belief_bank_constraints,420,4282,7764,2141,2141,917,6847,8.5936,4097,0.69765625,0.9738276990185387,0.9470633693972179,0.812926718252162,0.9845823155402099,6295.81,10,2026-09-18T18:12:38.201124+00:00
Llama-3.1-8B-Instruct,belief_bank_constraints,mlp,22,25878,belief_bank_constraints,511,4282,7764,2141,2141,917,6847,9.0075,4097,0.707221350078493,0.9825517993456925,0.9498969603297269,0.8224554997717937,0.98547836104263,6305.569,10,2026-09-18T18:12:38.201124+00:00
Llama-3.1-8B-Instruct,belief_bank_constraints,mlp,22,25878,belief_bank_constraints,mean,0,0,0,0,0,0,8.80848,4097.0,0.7137228459397816,0.9796074154852782,0.9511076764554355,0.8256786359404161,0.9854237637446864,9142.66,10,2026-09-18T18:12:38.201124+00:00
Llama-3.1-8B-Instruct,belief_bank_constraints,mlp,22,25878,belief_bank_constraints,std,0,0,0,0,0,0,0.36346170032068065,0.0,0.014770148083047541,0.005771480315114193,0.0031476679836810496,0.009158282666469944,0.0019969435219790335,9142.66,10,2026-09-18T18:12:38.201124+00:00
Llama-3.1-8B-Instruct,belief_bank_constraints,mlp,22,25878,belief_bank_facts,2,4282,27416,2141,2141,1971,25445,8.7328,4097,0.13147502903600464,0.5743277524099442,0.6966370002918004,0.2139684339854456,0.7381917844110002,6315.926,10,2026-09-18T18:12:38.201124+00:00
Llama-3.1-8B-Instruct,belief_bank_constraints,mlp,22,25878,belief_bank_facts,4,4282,27416,2141,2141,1971,25445,10.2356,4097,0.12281835811247575,0.578386605783866,0.6727093667931136,0.20261263663023193,0.6829333151486492,6327.725,10,2026-09-18T18:12:38.201124+00:00
Llama-3.1-8B-Instruct,belief_bank_constraints,mlp,22,25878,belief_bank_facts,24,4282,27416,2141,2141,1971,25445,7.8762,4097,0.1160138356548565,0.6296296296296297,0.6284651298511817,0.1959267445532049,0.6750534748348996,6337.229,10,2026-09-18T18:12:38.201124+00:00
Llama-3.1-8B-Instruct,belief_bank_constraints,mlp,22,25878,belief_bank_facts,42,4282,27416,2141,2141,1971,25445,7.654,4097,0.15109600281326926,0.6539827498731609,0.7109716953603735,0.24547705199009712,0.7553299916982531,6346.527,10,2026-09-18T18:12:38.201124+00:00
Llama-3.1-8B-Instruct,belief_bank_constraints,mlp,22,25878,belief_bank_facts,64,4282,27416,2141,2141,1971,25445,8.1497,4097,0.17297796543079563,0.665144596651446,0.7473008462211848,0.2745549738219895,0.7745833349534051,6356.356,10,2026-09-18T18:12:38.201124+00:00
Llama-3.1-8B-Instruct,belief_bank_constraints,mlp,22,25878,belief_bank_facts,67,4282,27416,2141,2141,1971,25445,7.2567,4097,0.12381184499146966,0.7732115677321156,0.590312226437117,0.2134453781512605,0.716893950292605,6365.306,10,2026-09-18T18:12:38.201124+00:00
Llama-3.1-8B-Instruct,belief_bank_constraints,mlp,22,25878,belief_bank_facts,104,4282,27416,2141,2141,1971,25445,7.9113,4097,0.15898641054459997,0.7894469812278031,0.6846367084913919,0.2646708623915632,0.7170325287507929,6374.904,10,2026-09-18T18:12:38.201124+00:00
Llama-3.1-8B-Instruct,belief_bank_constraints,mlp,22,25878,belief_bank_facts,123,4282,27416,2141,2141,1971,25445,8.7187,4097,0.12319745656863858,0.5504819888381532,0.6860227604318646,0.20133605492670253,0.6665053274444468,6385.321,10,2026-09-18T18:12:38.201124+00:00
Llama-3.1-8B-Instruct,belief_bank_constraints,mlp,22,25878,belief_bank_facts,420,4282,27416,2141,2141,1971,25445,7.8257,4097,0.11391752577319587,0.7848807711821411,0.5456302888824044,0.1989582663494309,0.7423336851631024,6394.857,10,2026-09-18T18:12:38.201124+00:00
Llama-3.1-8B-Instruct,belief_bank_constraints,mlp,22,25878,belief_bank_facts,511,4282,27416,2141,2141,1971,25445,8.0543,4097,0.1658204601922869,0.7787924911212583,0.7024365334111468,0.27342358389739935,0.7845260801168924,6404.534,10,2026-09-18T18:12:38.201124+00:00
Llama-3.1-8B-Instruct,belief_bank_constraints,mlp,22,25878,belief_bank_facts,mean,0,0,0,0,0,0,8.241499999999998,4097.0,0.13801148891175927,0.6778285134449519,0.6665122556171579,0.22843739866973256,0.7253383472814046,9142.66,10,2026-09-18T18:12:38.201124+00:00
Llama-3.1-8B-Instruct,belief_bank_constraints,mlp,22,25878,belief_bank_facts,std,0,0,0,0,0,0,0.7886288404566496,0.0,0.02089546119814315,0.09114899479440881,0.057719606734274516,0.03084684090243266,0.039000232629882926,9142.66,10,2026-09-18T18:12:38.201124+00:00
Llama-3.1-8B-Instruct,belief_bank_constraints,mlp,22,25878,halu_eval,2,4282,10000,2141,2141,1912,8088,8.7212,4097,0.18758927154419933,0.6182008368200836,0.4151,0.2878363569950079,0.49520668824934094,6414.084,10,2026-09-18T18:12:38.201124+00:00
Llama-3.1-8B-Instruct,belief_bank_constraints,mlp,22,25878,halu_eval,4,4282,10000,2141,2141,1912,8088,9.663,4097,0.18925696185825525,0.75,0.3379,0.30224470439456214,0.49168430734721413,6424.597,10,2026-09-18T18:12:38.201124+00:00
Llama-3.1-8B-Instruct,belief_bank_constraints,mlp,22,25878,halu_eval,24,4282,10000,2141,2141,1912,8088,8.4731,4097,0.1907505200832133,0.6234309623430963,0.4223,0.29212106359514767,0.4973941197041746,6433.916,10,2026-09-18T18:12:38.201124+00:00
Llama-3.1-8B-Instruct,belief_bank_constraints,mlp,22,25878,halu_eval,42,4282,10000,2141,2141,1912,8088,8.4243,4097,0.19158446362515413,0.6501046025104602,0.4086,0.29595238095238097,0.5046911406536467,6443.192,10,2026-09-18T18:12:38.201124+00:00
Llama-3.1-8B-Instruct,belief_bank_constraints,mlp,22,25878,halu_eval,64,4282,10000,2141,2141,1912,8088,9.0601,4097,0.1880433124904682,0.6448744769874477,0.3997,0.2911795961742827,0.49556027784330525,6453.107,10,2026-09-18T18:12:38.201124+00:00
Llama-3.1-8B-Instruct,belief_bank_constraints,mlp,22,25878,halu_eval,67,4282,10000,2141,2141,1912,8088,8.3822,4097,0.19188088214636886,0.7144351464435147,0.3701,0.30251356438932564,0.49473961113939147,6462.343,10,2026-09-18T18:12:38.201124+00:00
Llama-3.1-8B-Instruct,belief_bank_constraints,mlp,22,25878,halu_eval,104,4282,10000,2141,2141,1912,8088,8.8865,4097,0.19005847953216373,0.6119246861924686,0.4272,0.2900347050074368,0.494091794652132,6472.083,10,2026-09-18T18:12:38.201124+00:00
Llama-3.1-8B-Instruct,belief_bank_constraints,mlp,22,25878,halu_eval,123,4282,10000,2141,2141,1912,8088,9.5371,4097,0.18321737297069365,0.4544979079497908,0.5083,0.2611570247933884,0.4866106717322838,6482.467,10,2026-09-18T18:12:38.201124+00:00
Llama-3.1-8B-Instruct,belief_bank_constraints,mlp,22,25878,halu_eval,420,4282,10000,2141,2141,1912,8088,8.632,4097,0.1905662607873271,0.8430962343096234,0.2853,0.3108668402275576,0.4912307776074064,6491.949,10,2026-09-18T18:12:38.201124+00:00
Llama-3.1-8B-Instruct,belief_bank_constraints,mlp,22,25878,halu_eval,511,4282,10000,2141,2141,1912,8088,8.8466,4097,0.18715415019762846,0.4952928870292887,0.4922,0.2716580608146873,0.4961149763687306,6501.642,10,2026-09-18T18:12:38.201124+00:00
Llama-3.1-8B-Instruct,belief_bank_constraints,mlp,22,25878,halu_eval,mean,0,0,0,0,0,0,8.86261,4097.0,0.1890101675235472,0.6405857740585773,0.40667,0.29055642973437773,0.4947324365297626,9142.66,10,2026-09-18T18:12:38.201124+00:00
Llama-3.1-8B-Instruct,belief_bank_constraints,mlp,22,25878,halu_eval,std,0,0,0,0,0,0,0.4222789941496027,0.0,0.0024785710548176614,0.10765697287731522,0.06263428853271985,0.013975688406208301,0.0044385610407683155,9142.66,10,2026-09-18T18:12:38.201124+00:00
Llama-3.1-8B-Instruct,belief_bank_constraints,mlp,23,25878,belief_bank_constraints,2,4282,7764,2141,2141,917,6847,9.2015,4097,0.7002341920374707,0.9781897491821155,0.9479649665121072,0.816196542311192,0.9830109709033671,6512.776,10,2026-09-18T18:12:38.201124+00:00
Llama-3.1-8B-Instruct,belief_bank_constraints,mlp,23,25878,belief_bank_constraints,4,4282,7764,2141,2141,917,6847,9.8583,4097,0.7365813377374071,0.9727371864776445,0.9556929417825863,0.8383458646616542,0.9870858596661506,6523.404,10,2026-09-18T18:12:38.201124+00:00
Llama-3.1-8B-Instruct,belief_bank_constraints,mlp,23,25878,belief_bank_constraints,24,4282,7764,2141,2141,917,6847,8.2962,4097,0.7091917591125199,0.9760087241003271,0.9498969603297269,0.8214777420835245,0.98788873300026,6532.472,10,2026-09-18T18:12:38.201124+00:00
Llama-3.1-8B-Instruct,belief_bank_constraints,mlp,23,25878,belief_bank_constraints,42,4282,7764,2141,2141,917,6847,9.6228,4097,0.7171474358974359,0.9760087241003271,0.9517001545595054,0.8267898383371824,0.9861581196996384,6542.863,10,2026-09-18T18:12:38.201124+00:00
Llama-3.1-8B-Instruct,belief_bank_constraints,mlp,23,25878,belief_bank_constraints,64,4282,7764,2141,2141,917,6847,9.6322,4097,0.7278688524590164,0.9683751363140676,0.9535033487892839,0.8310715956948994,0.9861818507305415,6553.267,10,2026-09-18T18:12:38.201124+00:00
Llama-3.1-8B-Instruct,belief_bank_constraints,mlp,23,25878,belief_bank_constraints,67,4282,7764,2141,2141,917,6847,8.4153,4097,0.7038491751767478,0.9770992366412213,0.9487377640391551,0.8182648401826484,0.9830316758296583,6562.448,10,2026-09-18T18:12:38.201124+00:00
Llama-3.1-8B-Instruct,belief_bank_constraints,mlp,23,25878,belief_bank_constraints,104,4282,7764,2141,2141,917,6847,9.4622,4097,0.7042801556420234,0.9869138495092693,0.949510561566203,0.8219800181653043,0.987280804510616,6572.648,10,2026-09-18T18:12:38.201124+00:00
Llama-3.1-8B-Instruct,belief_bank_constraints,mlp,23,25878,belief_bank_constraints,123,4282,7764,2141,2141,917,6847,8.546,4097,0.716441620333598,0.9836423118865867,0.9520865533230294,0.8290441176470589,0.9878200085718396,6581.93,10,2026-09-18T18:12:38.201124+00:00
Llama-3.1-8B-Instruct,belief_bank_constraints,mlp,23,25878,belief_bank_constraints,420,4282,7764,2141,2141,917,6847,7.8105,4097,0.7124702144559174,0.9781897491821155,0.9507985574446162,0.8244485294117647,0.9851660351929596,6590.488,10,2026-09-18T18:12:38.201124+00:00
Llama-3.1-8B-Instruct,belief_bank_constraints,mlp,23,25878,belief_bank_constraints,511,4282,7764,2141,2141,917,6847,7.8945,4097,0.7041373926619828,0.9836423118865867,0.9492529623905204,0.8207461328480437,0.9870232670812855,6599.171,10,2026-09-18T18:12:38.201124+00:00
Llama-3.1-8B-Instruct,belief_bank_constraints,mlp,23,25878,belief_bank_constraints,mean,0,0,0,0,0,0,8.87395,4097.0,0.7132202135514121,0.9780806979280262,0.9509144770736734,0.8248365221343272,0.9860647325186317,9142.66,10,2026-09-18T18:12:38.201124+00:00
Llama-3.1-8B-Instruct,belief_bank_constraints,mlp,23,25878,belief_bank_constraints,std,0,0,0,0,0,0,0.7280072571753661,0.0,0.011053468286526225,0.005217393114026468,0.0022526676019057087,0.006301244942489623,0.0017088967094161397,9142.66,10,2026-09-18T18:12:38.201124+00:00
Llama-3.1-8B-Instruct,belief_bank_constraints,mlp,23,25878,belief_bank_facts,2,4282,27416,2141,2141,1971,25445,8.0249,4097,0.1528899937849596,0.7488584474885844,0.683651882112635,0.25393548387096776,0.7322574959231514,6608.884,10,2026-09-18T18:12:38.201124+00:00
Llama-3.1-8B-Instruct,belief_bank_constraints,mlp,23,25878,belief_bank_facts,4,4282,27416,2141,2141,1971,25445,8.9855,4097,0.13084971829366449,0.5773718924403856,0.69390137146192,0.21334833145856769,0.6703788445926337,6619.548,10,2026-09-18T18:12:38.201124+00:00
Llama-3.1-8B-Instruct,belief_bank_constraints,mlp,23,25878,belief_bank_facts,24,4282,27416,2141,2141,1971,25445,7.5994,4097,0.12845340676912143,0.7336377473363774,0.6229938721914211,0.21862715452071363,0.7650743802427397,6628.838,10,2026-09-18T18:12:38.201124+00:00
Llama-3.1-8B-Instruct,belief_bank_constraints,mlp,23,25878,belief_bank_facts,42,4282,27416,2141,2141,1971,25445,8.2851,4097,0.13558500323206205,0.8513444951801116,0.5991027137437992,0.23391649822262495,0.7934818375982099,6638.812,10,2026-09-18T18:12:38.201124+00:00
Llama-3.1-8B-Instruct,belief_bank_constraints,mlp,23,25878,belief_bank_facts,64,4282,27416,2141,2141,1971,25445,9.2351,4097,0.1741862381540997,0.8579401319127347,0.6973665013131018,0.28957958729343264,0.8323120400055072,6649.725,10,2026-09-18T18:12:38.201124+00:00
Llama-3.1-8B-Instruct,belief_bank_constraints,mlp,23,25878,belief_bank_facts,67,4282,27416,2141,2141,1971,25445,8.2482,4097,0.1228193694750841,0.7965499746321664,0.5763787569302598,0.21282364104649587,0.756248537573555,6659.646,10,2026-09-18T18:12:38.201124+00:00
Llama-3.1-8B-Instruct,belief_bank_constraints,mlp,23,25878,belief_bank_facts,104,4282,27416,2141,2141,1971,25445,9.8635,4097,0.11928244711263579,0.8467782851344495,0.5395024803034725,0.2091085635532168,0.7390773506071879,6671.165,10,2026-09-18T18:12:38.201124+00:00
Llama-3.1-8B-Instruct,belief_bank_constraints,mlp,23,25878,belief_bank_facts,123,4282,27416,2141,2141,1971,25445,9.1442,4097,0.12725996138318413,0.7356671740233384,0.6182885906040269,0.21698466142910589,0.7187447702832752,6681.97,10,2026-09-18T18:12:38.201124+00:00
Llama-3.1-8B-Instruct,belief_bank_constraints,mlp,23,25878,belief_bank_facts,420,4282,27416,2141,2141,1971,25445,8.6101,4097,0.12858998412469333,0.9041095890410958,0.5526334986868982,0.22515635858234886,0.7909452835419937,6692.247,10,2026-09-18T18:12:38.201124+00:00
Llama-3.1-8B-Instruct,belief_bank_constraints,mlp,23,25878,belief_bank_facts,511,4282,27416,2141,2141,1971,25445,9.0808,4097,0.14145314145314145,0.8178589548452562,0.6300335570469798,0.24119099274332312,0.7263462373805121,6702.997,10,2026-09-18T18:12:38.201124+00:00
Llama-3.1-8B-Instruct,belief_bank_constraints,mlp,23,25878,belief_bank_facts,mean,0,0,0,0,0,0,8.70768,4097.0,0.1361369263782646,0.78701166920345,0.6213853224394514,0.23146712727207971,0.7524866777748765,9142.66,10,2026-09-18T18:12:38.201124+00:00
Llama-3.1-8B-Instruct,belief_bank_constraints,mlp,23,25878,belief_bank_facts,std,0,0,0,0,0,0,0.6414619705017592,0.0,0.015624214658763383,0.08853564360288792,0.05380476670274606,0.023606453071764285,0.0434245585502643,9142.66,10,2026-09-18T18:12:38.201124+00:00
Llama-3.1-8B-Instruct,belief_bank_constraints,mlp,23,25878,halu_eval,2,4282,10000,2141,2141,1912,8088,8.9877,4097,0.19415836569306094,0.6014644351464435,0.4465,0.2935545628589662,0.5064315735590512,6712.826,10,2026-09-18T18:12:38.201124+00:00
Llama-3.1-8B-Instruct,belief_bank_constraints,mlp,23,25878,halu_eval,4,4282,10000,2141,2141,1912,8088,9.9135,4097,0.1923756627114365,0.797071129707113,0.3214,0.3099450884685784,0.5098352290598397,6723.6,10,2026-09-18T18:12:38.201124+00:00
Llama-3.1-8B-Instruct,belief_bank_constraints,mlp,23,25878,halu_eval,24,4282,10000,2141,2141,1912,8088,8.5613,4097,0.19192644734951875,0.698744769874477,0.3799,0.30113828468387244,0.5013114759610808,6733.014,10,2026-09-18T18:12:38.201124+00:00
Llama-3.1-8B-Instruct,belief_bank_constraints,mlp,23,25878,halu_eval,42,4282,10000,2141,2141,1912,8088,9.1448,4097,0.1927758146839419,0.770397489539749,0.3393,0.30838480058620327,0.5011943995236499,6743.009,10,2026-09-18T18:12:38.201124+00:00
Llama-3.1-8B-Instruct,belief_bank_constraints,mlp,23,25878,halu_eval,64,4282,10000,2141,2141,1912,8088,9.2881,4097,0.1871345029239766,0.602510460251046,0.4236,0.285572632622707,0.4907141345823556,6753.148,10,2026-09-18T18:12:38.201124+00:00
Llama-3.1-8B-Instruct,belief_bank_constraints,mlp,23,25878,halu_eval,67,4282,10000,2141,2141,1912,8088,7.8559,4097,0.1946703365444764,0.8138075313807531,0.3207,0.31418475517415445,0.504691205318898,6761.854,10,2026-09-18T18:12:38.201124+00:00
Llama-3.1-8B-Instruct,belief_bank_constraints,mlp,23,25878,halu_eval,104,4282,10000,2141,2141,1912,8088,10.1643,4097,0.19162488142024664,0.7395397489539749,0.3537,0.3043805833602411,0.5009263943897463,6772.869,10,2026-09-18T18:12:38.201124+00:00
Llama-3.1-8B-Instruct,belief_bank_constraints,mlp,23,25878,halu_eval,123,4282,10000,2141,2141,1912,8088,9.5811,4097,0.19732603092783504,0.6406903765690377,0.433,0.3017241379310345,0.5053799872428392,6783.29,10,2026-09-18T18:12:38.201124+00:00
Llama-3.1-8B-Instruct,belief_bank_constraints,mlp,23,25878,halu_eval,420,4282,10000,2141,2141,1912,8088,8.5206,4097,0.192,0.6903765690376569,0.3853,0.300443837487197,0.5015452408444351,6792.652,10,2026-09-18T18:12:38.201124+00:00
Llama-3.1-8B-Instruct,belief_bank_constraints,mlp,23,25878,halu_eval,511,4282,10000,2141,2141,1912,8088,9.3771,4097,0.19022763520371175,0.6861924686192469,0.3815,0.2978771710750369,0.5007970962198247,6802.872,10,2026-09-18T18:12:38.201124+00:00
Llama-3.1-8B-Instruct,belief_bank_constraints,mlp,23,25878,halu_eval,mean,0,0,0,0,0,0,9.13944,4097.0,0.19242196774582046,0.7040794979079498,0.37849,0.3017205854247991,0.502282673670172,9142.66,10,2026-09-18T18:12:38.201124+00:00
Llama-3.1-8B-Instruct,belief_bank_constraints,mlp,23,25878,halu_eval,std,0,0,0,0,0,0,0.6565736839076024,0.0,0.0025705787478823325,0.07193307094279332,0.042939945272438336,0.00786553647737727,0.004797892688740747,9142.66,10,2026-09-18T18:12:38.201124+00:00
Llama-3.1-8B-Instruct,belief_bank_constraints,mlp,24,25878,belief_bank_constraints,2,4282,7764,2141,2141,917,6847,8.1131,4097,0.6856925418569254,0.9825517993456925,0.9447449768160742,0.8077095472882115,0.9814007647125623,6812.598,10,2026-09-18T18:12:38.201124+00:00
Llama-3.1-8B-Instruct,belief_bank_constraints,mlp,24,25878,belief_bank_constraints,4,4282,7764,2141,2141,917,6847,8.6072,4097,0.7432885906040269,0.9661941112322792,0.9565945388974755,0.8402086296823139,0.9878751951638389,6821.983,10,2026-09-18T18:12:38.201124+00:00
Llama-3.1-8B-Instruct,belief_bank_constraints,mlp,24,25878,belief_bank_constraints,24,4282,7764,2141,2141,917,6847,7.533,4097,0.7075840500390931,0.9869138495092693,0.9502833590932509,0.8242258652094717,0.9875076030878371,6830.287,10,2026-09-18T18:12:38.201124+00:00
Llama-3.1-8B-Instruct,belief_bank_constraints,mlp,24,25878,belief_bank_constraints,42,4282,7764,2141,2141,917,6847,7.7648,4097,0.7027450980392157,0.9770992366412213,0.9484801648634724,0.8175182481751825,0.9845268900452147,6838.83,10,2026-09-18T18:12:38.201124+00:00
Llama-3.1-8B-Instruct,belief_bank_constraints,mlp,24,25878,belief_bank_constraints,64,4282,7764,2141,2141,917,6847,8.1321,4097,0.7170418006430869,0.9727371864776445,0.9514425553838227,0.8255437297547432,0.9832124457630473,6847.71,10,2026-09-18T18:12:38.201124+00:00
Llama-3.1-8B-Instruct,belief_bank_constraints,mlp,24,25878,belief_bank_constraints,67,4282,7764,2141,2141,917,6847,7.0993,4097,0.7024467245461721,0.9705561613958561,0.9479649665121072,0.815018315018315,0.9851179360564983,6855.601,10,2026-09-18T18:12:38.201124+00:00
Llama-3.1-8B-Instruct,belief_bank_constraints,mlp,24,25878,belief_bank_constraints,104,4282,7764,2141,2141,917,6847,7.6132,4097,0.7072599531615925,0.9880043620501636,0.9502833590932509,0.824385805277525,0.9863709822687788,6864.006,10,2026-09-18T18:12:38.201124+00:00
Llama-3.1-8B-Instruct,belief_bank_constraints,mlp,24,25878,belief_bank_constraints,123,4282,7764,2141,2141,917,6847,8.116,4097,0.7138314785373608,0.9792802617230099,0.9511849562081401,0.8257471264367816,0.9863575240666898,6872.917,10,2026-09-18T18:12:38.201124+00:00
Llama-3.1-8B-Instruct,belief_bank_constraints,mlp,24,25878,belief_bank_constraints,420,4282,7764,2141,2141,917,6847,8.424,4097,0.707740916271722,0.9770992366412213,0.9496393611540443,0.820888685295465,0.9861343886687354,6882.141,10,2026-09-18T18:12:38.201124+00:00
Llama-3.1-8B-Instruct,belief_bank_constraints,mlp,24,25878,belief_bank_constraints,511,4282,7764,2141,2141,917,6847,8.2379,4097,0.6955177743431221,0.9814612868047983,0.9470633693972179,0.8141112618724559,0.9852441564725429,6891.175,10,2026-09-18T18:12:38.201124+00:00
Llama-3.1-8B-Instruct,belief_bank_constraints,mlp,24,25878,belief_bank_constraints,mean,0,0,0,0,0,0,7.964060000000001,4097.0,0.7083148928042318,0.9781897491821157,0.9497681607418856,0.8215357214010466,0.9853747886305746,9142.66,10,2026-09-18T18:12:38.201124+00:00
Llama-3.1-8B-Instruct,belief_bank_constraints,mlp,24,25878,belief_bank_constraints,std,0,0,0,0,0,0,0.43244978945537693,0.0,0.014396953392808949,0.006615376614221634,0.0029902593421545255,0.00838545431996473,0.0018602864310402465,9142.66,10,2026-09-18T18:12:38.201124+00:00
Llama-3.1-8B-Instruct,belief_bank_constraints,mlp,24,25878,belief_bank_facts,2,4282,27416,2141,2141,1971,25445,8.7538,4097,0.12533512064343164,0.6641298833079655,0.6426539247154947,0.21087394281111557,0.6795084731754476,6901.623,10,2026-09-18T18:12:38.201124+00:00
Llama-3.1-8B-Instruct,belief_bank_constraints,mlp,24,25878,belief_bank_facts,4,4282,27416,2141,2141,1971,25445,9.2985,4097,0.15343045112781956,0.6626078132927448,0.7129048730668223,0.2491653152723457,0.7305675665194047,6912.615,10,2026-09-18T18:12:38.201124+00:00
Llama-3.1-8B-Instruct,belief_bank_constraints,mlp,24,25878,belief_bank_facts,24,4282,27416,2141,2141,1971,25445,8.5618,4097,0.154084397986837,0.6057838660578386,0.7325649255908958,0.24567901234567902,0.7263819088714041,6922.871,10,2026-09-18T18:12:38.201124+00:00
Llama-3.1-8B-Instruct,belief_bank_constraints,mlp,24,25878,belief_bank_facts,42,4282,27416,2141,2141,1971,25445,8.7026,4097,0.1777453636174203,0.8655504819888381,0.7024730084622118,0.2949260956003112,0.7950503762604534,6933.257,10,2026-09-18T18:12:38.201124+00:00
Llama-3.1-8B-Instruct,belief_bank_constraints,mlp,24,25878,belief_bank_facts,64,4282,27416,2141,2141,1971,25445,9.1064,4097,0.2033713315546932,0.8508371385083714,0.7496717245404143,0.3282764020749731,0.8136794783946711,6944.044,10,2026-09-18T18:12:38.201124+00:00
Llama-3.1-8B-Instruct,belief_bank_constraints,mlp,24,25878,belief_bank_facts,67,4282,27416,2141,2141,1971,25445,8.0569,4097,0.13227250124316262,0.6747843734145104,0.6583746717245405,0.22118742724097787,0.7015062979921376,6953.782,10,2026-09-18T18:12:38.201124+00:00
Llama-3.1-8B-Instruct,belief_bank_constraints,mlp,24,25878,belief_bank_facts,104,4282,27416,2141,2141,1971,25445,8.4382,4097,0.15572309801233722,0.5763571790969051,0.74489349285089,0.24519749622274983,0.7135353966768486,6963.892,10,2026-09-18T18:12:38.201124+00:00
Llama-3.1-8B-Instruct,belief_bank_constraints,mlp,24,25878,belief_bank_facts,123,4282,27416,2141,2141,1971,25445,8.895,4097,0.18763272954403498,0.7620497209538305,0.7456959439743216,0.30112269446672013,0.7800286907256816,6974.454,10,2026-09-18T18:12:38.201124+00:00
Llama-3.1-8B-Instruct,belief_bank_constraints,mlp,24,25878,belief_bank_facts,420,4282,27416,2141,2141,1971,25445,8.3724,4097,0.13087392550143268,0.9269406392694064,0.5521957980741173,0.22936413282279833,0.7912861167614235,6984.478,10,2026-09-18T18:12:38.201124+00:00
Llama-3.1-8B-Instruct,belief_bank_constraints,mlp,24,25878,belief_bank_facts,511,4282,27416,2141,2141,1971,25445,7.6948,4097,0.14701570680628273,0.7123287671232876,0.6821928800700321,0.24372884298238,0.7320480231184759,6993.829,10,2026-09-18T18:12:38.201124+00:00
Llama-3.1-8B-Instruct,belief_bank_constraints,mlp,24,25878,belief_bank_facts,mean,0,0,0,0,0,0,8.58804,4097.0,0.15674846260374517,0.7301369863013699,0.6923621243069741,0.2569521361840051,0.7463592328495948,9142.66,10,2026-09-18T18:12:38.201124+00:00
Llama-3.1-8B-Instruct,belief_bank_constraints,mlp,24,25878,belief_bank_facts,std,0,0,0,0,0,0,0.4536412551785828,0.0,0.02436728639411759,0.11138471210462744,0.05865577174843385,0.03625516225600111,0.04297254376554589,9142.66,10,2026-09-18T18:12:38.201124+00:00
Llama-3.1-8B-Instruct,belief_bank_constraints,mlp,24,25878,halu_eval,2,4282,10000,2141,2141,1912,8088,8.5345,4097,0.190876602900988,0.47489539748953974,0.5147,0.27230469335732493,0.49969730195878803,7003.194,10,2026-09-18T18:12:38.201124+00:00
Llama-3.1-8B-Instruct,belief_bank_constraints,mlp,24,25878,halu_eval,4,4282,10000,2141,2141,1912,8088,9.9855,4097,0.19184938036224977,0.42102510460251047,0.5502,0.2635887360838245,0.5021833575440033,7014.016,10,2026-09-18T18:12:38.201124+00:00
Llama-3.1-8B-Instruct,belief_bank_constraints,mlp,24,25878,halu_eval,24,4282,10000,2141,2141,1912,8088,8.9277,4097,0.19390728476821192,0.38284518828451886,0.5777,0.25742922454721295,0.5063646773566087,7023.775,10,2026-09-18T18:12:38.201124+00:00
Llama-3.1-8B-Instruct,belief_bank_constraints,mlp,24,25878,halu_eval,42,4282,10000,2141,2141,1912,8088,8.4891,4097,0.1890572823015669,0.38493723849372385,0.5667,0.2535745047372954,0.49916992450202585,7033.094,10,2026-09-18T18:12:38.201124+00:00
Llama-3.1-8B-Instruct,belief_bank_constraints,mlp,24,25878,halu_eval,64,4282,10000,2141,2141,1912,8088,8.2801,4097,0.193158953722334,0.5523012552301255,0.4733,0.2862176446672991,0.5000144850162853,7042.218,10,2026-09-18T18:12:38.201124+00:00
Llama-3.1-8B-Instruct,belief_bank_constraints,mlp,24,25878,halu_eval,67,4282,10000,2141,2141,1912,8088,7.0589,4097,0.18946615824594853,0.4157949790794979,0.5482,0.26031434184675833,0.5018865440406574,7050.124,10,2026-09-18T18:12:38.201124+00:00
Llama-3.1-8B-Instruct,belief_bank_constraints,mlp,24,25878,halu_eval,104,4282,10000,2141,2141,1912,8088,7.6428,4097,0.193393508738237,0.5266736401673641,0.4895,0.2829049023739289,0.5082532260200555,7058.595,10,2026-09-18T18:12:38.201124+00:00
Llama-3.1-8B-Instruct,belief_bank_constraints,mlp,24,25878,halu_eval,123,4282,10000,2141,2141,1912,8088,7.9859,4097,0.18863720757519495,0.26569037656903766,0.6411,0.22062975027144408,0.49763047119757975,7067.379,10,2026-09-18T18:12:38.201124+00:00
Llama-3.1-8B-Instruct,belief_bank_constraints,mlp,24,25878,halu_eval,420,4282,10000,2141,2141,1912,8088,7.6274,4097,0.1917562724014337,0.5036610878661087,0.4992,0.27776175367753103,0.5011217481138439,7075.812,10,2026-09-18T18:12:38.201124+00:00
Llama-3.1-8B-Instruct,belief_bank_constraints,mlp,24,25878,halu_eval,511,4282,10000,2141,2141,1912,8088,7.3344,4097,0.19629810034096445,0.4215481171548117,0.5594,0.26786307743436355,0.5031224586556249,7083.948,10,2026-09-18T18:12:38.201124+00:00
Llama-3.1-8B-Instruct,belief_bank_constraints,mlp,24,25878,halu_eval,mean,0,0,0,0,0,0,8.186630000000001,4097.0,0.19184007513571294,0.43493723849372384,0.542,0.2642588628996983,0.5019444194405474,9142.66,10,2026-09-18T18:12:38.201124+00:00
Llama-3.1-8B-Instruct,belief_bank_constraints,mlp,24,25878,halu_eval,std,0,0,0,0,0,0,0.8156720554855365,0.0,0.0022994153013136606,0.07943980479639398,0.04708173743608025,0.01780512271425868,0.0031071994054300647,9142.66,10,2026-09-18T18:12:38.201124+00:00
Llama-3.1-8B-Instruct,belief_bank_constraints,mlp,25,25878,belief_bank_constraints,2,4282,7764,2141,2141,917,6847,7.4352,4097,0.6855828220858896,0.9749182115594329,0.9442297784647089,0.805042773525439,0.979380839884186,7093.06,10,2026-09-18T18:12:38.201124+00:00
Llama-3.1-8B-Instruct,belief_bank_constraints,mlp,25,25878,belief_bank_constraints,4,4282,7764,2141,2141,917,6847,8.5582,4097,0.7397034596375618,0.9792802617230099,0.9568521380731582,0.8427968090098545,0.9875733810459779,7102.397,10,2026-09-18T18:12:38.201124+00:00
Llama-3.1-8B-Instruct,belief_bank_constraints,mlp,25,25878,belief_bank_constraints,24,4282,7764,2141,2141,917,6847,7.9702,4097,0.7175815433571997,0.9836423118865867,0.952344152498712,0.8298068077276909,0.9846165583029222,7111.15,10,2026-09-18T18:12:38.201124+00:00
Llama-3.1-8B-Instruct,belief_bank_constraints,mlp,25,25878,belief_bank_constraints,42,4282,7764,2141,2141,917,6847,8.7544,4097,0.7024275646045419,0.9781897491821155,0.9484801648634724,0.8176845943482224,0.9827448329661926,7120.686,10,2026-09-18T18:12:38.201124+00:00
Llama-3.1-8B-Instruct,belief_bank_constraints,mlp,25,25878,belief_bank_constraints,64,4282,7764,2141,2141,917,6847,9.1261,4097,0.7206119162640902,0.9760087241003271,0.9524729520865534,0.8290875405280222,0.9845460022848682,7130.591,10,2026-09-18T18:12:38.201124+00:00
Llama-3.1-8B-Instruct,belief_bank_constraints,mlp,25,25878,belief_bank_constraints,67,4282,7764,2141,2141,917,6847,7.8992,4097,0.7081339712918661,0.9683751363140676,0.9491241628026791,0.8180561953017043,0.9837197960915152,7139.27,10,2026-09-18T18:12:38.201124+00:00
Llama-3.1-8B-Instruct,belief_bank_constraints,mlp,25,25878,belief_bank_constraints,104,4282,7764,2141,2141,917,6847,8.4611,4097,0.7030397505845675,0.9836423118865867,0.9489953632148377,0.82,0.9871040959281531,7148.518,10,2026-09-18T18:12:38.201124+00:00
Llama-3.1-8B-Instruct,belief_bank_constraints,mlp,25,25878,belief_bank_constraints,123,4282,7764,2141,2141,917,6847,9.3284,4097,0.7069510268562401,0.9760087241003271,0.9493817619783617,0.8199725148877691,0.9824364888331166,7158.632,10,2026-09-18T18:12:38.201124+00:00
Llama-3.1-8B-Instruct,belief_bank_constraints,mlp,25,25878,belief_bank_constraints,420,4282,7764,2141,2141,917,6847,8.211,4097,0.7062058130400628,0.9803707742639041,0.949510561566203,0.8210045662100457,0.9853261798343893,7167.626,10,2026-09-18T18:12:38.201124+00:00
Llama-3.1-8B-Instruct,belief_bank_constraints,mlp,25,25878,belief_bank_constraints,511,4282,7764,2141,2141,917,6847,8.8346,4097,0.7094488188976378,0.9825517993456925,0.9504121586810922,0.8239597622313671,0.9858379896854428,7177.241,10,2026-09-18T18:12:38.201124+00:00
Llama-3.1-8B-Instruct,belief_bank_constraints,mlp,25,25878,belief_bank_constraints,mean,0,0,0,0,0,0,8.457840000000001,4097.0,0.7099686686619657,0.978298800436205,0.9501803194229778,0.8227411563770115,0.9843286164856764,9142.66,10,2026-09-18T18:12:38.201124+00:00
Llama-3.1-8B-Instruct,belief_bank_constraints,mlp,25,25878,belief_bank_constraints,std,0,0,0,0,0,0,0.5568679200672273,0.0,0.013348564144072709,0.0044817279363216075,0.0031050051928354174,0.009342696175811628,0.002292923095414429,9142.66,10,2026-09-18T18:12:38.201124+00:00
Llama-3.1-8B-Instruct,belief_bank_constraints,mlp,25,25878,belief_bank_facts,2,4282,27416,2141,2141,1971,25445,7.8922,4097,0.13879938952009496,0.8305428716387621,0.617340239276335,0.23784961859789322,0.694029352113805,7186.758,10,2026-09-18T18:12:38.201124+00:00
Llama-3.1-8B-Instruct,belief_bank_constraints,mlp,25,25878,belief_bank_facts,4,4282,27416,2141,2141,1971,25445,9.4464,4097,0.12151082450483648,0.6692034500253679,0.6283921797490516,0.20567597068454702,0.6499322311460768,7197.819,10,2026-09-18T18:12:38.201124+00:00
Llama-3.1-8B-Instruct,belief_bank_constraints,mlp,25,25878,belief_bank_facts,24,4282,27416,2141,2141,1971,25445,8.063,4097,0.14732218280114884,0.884830035514967,0.6235409979573971,0.25258889130277357,0.7361508626907808,7207.461,10,2026-09-18T18:12:38.201124+00:00
Llama-3.1-8B-Instruct,belief_bank_constraints,mlp,25,25878,belief_bank_facts,42,4282,27416,2141,2141,1971,25445,8.3734,4097,0.12804077534944783,0.8411973617453069,0.5767435074409104,0.22225201072386058,0.7373958854560312,7217.43,10,2026-09-18T18:12:38.201124+00:00
Llama-3.1-8B-Instruct,belief_bank_constraints,mlp,25,25878,belief_bank_facts,64,4282,27416,2141,2141,1971,25445,9.1717,4097,0.21602402022756004,0.693556570268899,0.7970163408228772,0.3294372816001928,0.7730600087593548,7228.181,10,2026-09-18T18:12:38.201124+00:00
Llama-3.1-8B-Instruct,belief_bank_constraints,mlp,25,25878,belief_bank_facts,67,4282,27416,2141,2141,1971,25445,8.3055,4097,0.12164964901084875,0.7737189244038559,0.5821053399474759,0.2102433308058179,0.6017459390280704,7238.086,10,2026-09-18T18:12:38.201124+00:00
Llama-3.1-8B-Instruct,belief_bank_constraints,mlp,25,25878,belief_bank_facts,104,4282,27416,2141,2141,1971,25445,8.3449,4097,0.1294958440146042,0.8457635717909691,0.5801721622410272,0.22460253300997035,0.7236191429291241,7248.075,10,2026-09-18T18:12:38.201124+00:00
Llama-3.1-8B-Instruct,belief_bank_constraints,mlp,25,25878,belief_bank_facts,123,4282,27416,2141,2141,1971,25445,9.48,4097,0.1371022017113739,0.7234906139015728,0.6527575138605194,0.2305205302295506,0.7005779519280303,7259.206,10,2026-09-18T18:12:38.201124+00:00
Llama-3.1-8B-Instruct,belief_bank_constraints,mlp,25,25878,belief_bank_facts,420,4282,27416,2141,2141,1971,25445,7.3418,4097,0.13503398762697624,0.8970065956367326,0.5795156113218558,0.23473181093998938,0.7571449108955468,7268.154,10,2026-09-18T18:12:38.201124+00:00
Llama-3.1-8B-Instruct,belief_bank_constraints,mlp,25,25878,belief_bank_facts,511,4282,27416,2141,2141,1971,25445,7.7405,4097,0.1085628442663996,0.549974632166413,0.6429822001750802,0.18133154901304785,0.6484598898610318,7277.552,10,2026-09-18T18:12:38.201124+00:00
Llama-3.1-8B-Instruct,belief_bank_constraints,mlp,25,25878,belief_bank_facts,mean,0,0,0,0,0,0,8.41594,4097.0,0.13835417190332908,0.7709284627092846,0.628056609279253,0.2329233526907643,0.7022116174807852,9142.66,10,2026-09-18T18:12:38.201124+00:00
Llama-3.1-8B-Instruct,belief_bank_constraints,mlp,25,25878,belief_bank_facts,std,0,0,0,0,0,0,0.6923268132897931,0.0,0.027858425279210553,0.10505916081807551,0.06237735574512279,0.03719760081025522,0.05164358801500248,9142.66,10,2026-09-18T18:12:38.201124+00:00
Llama-3.1-8B-Instruct,belief_bank_constraints,mlp,25,25878,halu_eval,2,4282,10000,2141,2141,1912,8088,7.0635,4097,0.18540644335395776,0.4544979079497908,0.5139,0.2633732383694499,0.4849054490561977,7285.447,10,2026-09-18T18:12:38.201124+00:00
Llama-3.1-8B-Instruct,belief_bank_constraints,mlp,25,25878,halu_eval,4,4282,10000,2141,2141,1912,8088,8.1678,4097,0.18595904722106144,0.46548117154811713,0.5082,0.265750970438937,0.4914931891970748,7294.453,10,2026-09-18T18:12:38.201124+00:00
Llama-3.1-8B-Instruct,belief_bank_constraints,mlp,25,25878,halu_eval,24,4282,10000,2141,2141,1912,8088,6.9791,4097,0.1853966959004691,0.475418410041841,0.5003,0.26676449009537784,0.490346512628865,7302.271,10,2026-09-18T18:12:38.201124+00:00
Llama-3.1-8B-Instruct,belief_bank_constraints,mlp,25,25878,halu_eval,42,4282,10000,2141,2141,1912,8088,7.8221,4097,0.1875,0.42677824267782427,0.5368,0.26053639846743293,0.48747191588137184,7310.917,10,2026-09-18T18:12:38.201124+00:00
Llama-3.1-8B-Instruct,belief_bank_constraints,mlp,25,25878,halu_eval,64,4282,10000,2141,2141,1912,8088,8.2627,4097,0.17831273966766084,0.4377615062761506,0.5068,0.25340599455040874,0.48085413873127814,7319.982,10,2026-09-18T18:12:38.201124+00:00
Llama-3.1-8B-Instruct,belief_bank_constraints,mlp,25,25878,halu_eval,67,4282,10000,2141,2141,1912,8088,7.1436,4097,0.18336707152496626,0.5685146443514645,0.4334,0.27729591836734696,0.48060226757756724,7327.924,10,2026-09-18T18:12:38.201124+00:00
Llama-3.1-8B-Instruct,belief_bank_constraints,mlp,25,25878,halu_eval,104,4282,10000,2141,2141,1912,8088,8.4428,4097,0.18493741907639188,0.44822175732217573,0.5168,0.2618392911701803,0.4885980612323024,7337.204,10,2026-09-18T18:12:38.201124+00:00
Llama-3.1-8B-Instruct,belief_bank_constraints,mlp,25,25878,halu_eval,123,4282,10000,2141,2141,1912,8088,9.3389,4097,0.17334494773519163,0.3122384937238494,0.5838,0.2229275578790142,0.481156578111485,7347.381,10,2026-09-18T18:12:38.201124+00:00
Llama-3.1-8B-Instruct,belief_bank_constraints,mlp,25,25878,halu_eval,420,4282,10000,2141,2141,1912,8088,8.4444,4097,0.1830810698735227,0.4618200836820084,0.5031,0.2622123236822569,0.488015685979332,7356.663,10,2026-09-18T18:12:38.201124+00:00
Llama-3.1-8B-Instruct,belief_bank_constraints,mlp,25,25878,halu_eval,511,4282,10000,2141,2141,1912,8088,8.7263,4097,0.1818019306399714,0.5319037656903766,0.4528,0.2709832134292566,0.4782471267935554,7366.226,10,2026-09-18T18:12:38.201124+00:00
Llama-3.1-8B-Instruct,belief_bank_constraints,mlp,25,25878,halu_eval,mean,0,0,0,0,0,0,8.03912,4097.0,0.18291073649931933,0.4582635983263598,0.50559,0.26050893964496613,0.485169092518903,9142.66,10,2026-09-18T18:12:38.201124+00:00
Llama-3.1-8B-Instruct,belief_bank_constraints,mlp,25,25878,halu_eval,std,0,0,0,0,0,0,0.7402655547842275,0.0,0.004012257742757916,0.06386486552323567,0.039148727948683085,0.01390615785254933,0.004421785832412729,9142.66,10,2026-09-18T18:12:38.201124+00:00
Llama-3.1-8B-Instruct,belief_bank_constraints,mlp,26,25878,belief_bank_constraints,2,4282,7764,2141,2141,917,6847,8.4245,4097,0.6902927580893683,0.9770992366412213,0.9455177743431221,0.8090293453724605,0.9827105902034802,7376.559,10,2026-09-18T18:12:38.201124+00:00
Llama-3.1-8B-Instruct,belief_bank_constraints,mlp,26,25878,belief_bank_constraints,4,4282,7764,2141,2141,917,6847,9.2364,4097,0.7388059701492538,0.9716466739367503,0.9560793405461102,0.8393782383419689,0.9879842941985275,7386.555,10,2026-09-18T18:12:38.201124+00:00
Llama-3.1-8B-Instruct,belief_bank_constraints,mlp,26,25878,belief_bank_constraints,24,4282,7764,2141,2141,917,6847,8.5404,4097,0.7179282868525897,0.9825517993456925,0.952344152498712,0.8296500920810314,0.987286538182512,7395.895,10,2026-09-18T18:12:38.201124+00:00
Llama-3.1-8B-Instruct,belief_bank_constraints,mlp,26,25878,belief_bank_constraints,42,4282,7764,2141,2141,917,6847,8.5507,4097,0.6987577639751553,0.9814612868047983,0.9478361669242659,0.8163265306122449,0.985855190701131,7405.229,10,2026-09-18T18:12:38.201124+00:00
Llama-3.1-8B-Instruct,belief_bank_constraints,mlp,26,25878,belief_bank_constraints,64,4282,7764,2141,2141,917,6847,9.0911,4097,0.7214170692431562,0.9770992366412213,0.9527305512622359,0.8300138953219083,0.986612991003391,7415.071,10,2026-09-18T18:12:38.201124+00:00
Llama-3.1-8B-Instruct,belief_bank_constraints,mlp,26,25878,belief_bank_constraints,67,4282,7764,2141,2141,917,6847,8.0491,4097,0.6998420221169036,0.9661941112322792,0.9470633693972179,0.8117269812185066,0.9856660591628935,7423.852,10,2026-09-18T18:12:38.201124+00:00
Llama-3.1-8B-Instruct,belief_bank_constraints,mlp,26,25878,belief_bank_constraints,104,4282,7764,2141,2141,917,6847,8.9895,4097,0.7071260767423649,0.9847328244274809,0.9500257599175682,0.8231540565177757,0.9864363620552602,7433.588,10,2026-09-18T18:12:38.201124+00:00
Llama-3.1-8B-Instruct,belief_bank_constraints,mlp,26,25878,belief_bank_constraints,123,4282,7764,2141,2141,917,6847,8.6304,4097,0.7093206951026856,0.9792802617230099,0.9501545595054096,0.8227210261108566,0.9841203567809191,7442.999,10,2026-09-18T18:12:38.201124+00:00
Llama-3.1-8B-Instruct,belief_bank_constraints,mlp,26,25878,belief_bank_constraints,420,4282,7764,2141,2141,917,6847,8.4147,4097,0.7066666666666667,0.9825517993456925,0.9497681607418856,0.8220802919708029,0.9860217857234436,7452.194,10,2026-09-18T18:12:38.201124+00:00
Llama-3.1-8B-Instruct,belief_bank_constraints,mlp,26,25878,belief_bank_constraints,511,4282,7764,2141,2141,917,6847,8.2481,4097,0.7093479968578161,0.9847328244274809,0.9505409582689336,0.8246575342465754,0.9869449068987063,7461.227,10,2026-09-18T18:12:38.201124+00:00
Llama-3.1-8B-Instruct,belief_bank_constraints,mlp,26,25878,belief_bank_constraints,mean,0,0,0,0,0,0,8.61749,4097.0,0.7099505305795961,0.9787350054525626,0.950206079340546,0.8228737991794132,0.9859639074910265,9142.66,10,2026-09-18T18:12:38.201124+00:00
Llama-3.1-8B-Instruct,belief_bank_constraints,mlp,26,25878,belief_bank_constraints,std,0,0,0,0,0,0,0.35975032856135103,0.0,0.012888644323600857,0.005671713685472556,0.0028853407577425607,0.008555676807279977,0.0014671343634450314,9142.66,10,2026-09-18T18:12:38.201124+00:00
Llama-3.1-8B-Instruct,belief_bank_constraints,mlp,26,25878,belief_bank_facts,2,4282,27416,2141,2141,1971,25445,8.2336,4097,0.14138884090516496,0.8305428716387621,0.6252188503063905,0.24164144955347258,0.6976330001767623,7471.081,10,2026-09-18T18:12:38.201124+00:00
Llama-3.1-8B-Instruct,belief_bank_constraints,mlp,26,25878,belief_bank_facts,4,4282,27416,2141,2141,1971,25445,9.2041,4097,0.1356796956070564,0.7960426179604262,0.6207688940764517,0.23184336904322128,0.7090956818453946,7481.925,10,2026-09-18T18:12:38.201124+00:00
Llama-3.1-8B-Instruct,belief_bank_constraints,mlp,26,25878,belief_bank_facts,24,4282,27416,2141,2141,1971,25445,7.7989,4097,0.13083462132921175,0.8589548452562151,0.579625036475051,0.22708067869358192,0.8251582112372375,7491.347,10,2026-09-18T18:12:38.201124+00:00
Llama-3.1-8B-Instruct,belief_bank_constraints,mlp,26,25878,belief_bank_facts,42,4282,27416,2141,2141,1971,25445,7.7014,4097,0.12363311760767685,0.8432267884322678,0.5590166326232857,0.21564811210587778,0.7705882376399231,7500.658,10,2026-09-18T18:12:38.201124+00:00
Llama-3.1-8B-Instruct,belief_bank_constraints,mlp,26,25878,belief_bank_facts,64,4282,27416,2141,2141,1971,25445,8.0396,4097,0.15884934178449536,0.8264840182648402,0.6728917420484388,0.26648126942581385,0.7847834372621921,7510.365,10,2026-09-18T18:12:38.201124+00:00
Llama-3.1-8B-Instruct,belief_bank_constraints,mlp,26,25878,belief_bank_facts,67,4282,27416,2141,2141,1971,25445,6.8636,4097,0.1253597939706105,0.8396752917300863,0.5672964692150569,0.21815066236077243,0.7550940195020767,7518.897,10,2026-09-18T18:12:38.201124+00:00
Llama-3.1-8B-Instruct,belief_bank_constraints,mlp,26,25878,belief_bank_facts,104,4282,27416,2141,2141,1971,25445,8.13,4097,0.12560535014220925,0.8290208016235413,0.5728042019258827,0.21815754339118826,0.7017248332297983,7528.69,10,2026-09-18T18:12:38.201124+00:00
Llama-3.1-8B-Instruct,belief_bank_constraints,mlp,26,25878,belief_bank_facts,123,4282,27416,2141,2141,1971,25445,7.9432,4097,0.1259039354494938,0.839167935058346,0.5695943974321565,0.2189568440561292,0.7813696217476059,7538.307,10,2026-09-18T18:12:38.201124+00:00
Llama-3.1-8B-Instruct,belief_bank_constraints,mlp,26,25878,belief_bank_facts,420,4282,27416,2141,2141,1971,25445,7.3158,4097,0.11378703828981193,0.8533739218670725,0.5116355412897579,0.20079985674207604,0.7547237757465566,7547.3,10,2026-09-18T18:12:38.201124+00:00
Llama-3.1-8B-Instruct,belief_bank_constraints,mlp,26,25878,belief_bank_facts,511,4282,27416,2141,2141,1971,25445,7.5071,4097,0.14178525226390687,0.8340943683409436,0.6251094251531952,0.24237063246351173,0.706442791672013,7556.463,10,2026-09-18T18:12:38.201124+00:00
Llama-3.1-8B-Instruct,belief_bank_constraints,mlp,26,25878,belief_bank_facts,mean,0,0,0,0,0,0,7.873729999999999,4097.0,0.13228269873496376,0.8350583460172502,0.5903961190545668,0.22811304178356448,0.7486613610059561,9142.66,10,2026-09-18T18:12:38.201124+00:00
Llama-3.1-8B-Instruct,belief_bank_constraints,mlp,26,25878,belief_bank_facts,std,0,0,0,0,0,0,0.5915037802922312,0.0,0.012011454167897511,0.016324669038657025,0.04327281768005158,0.017484221955853294,0.041158358213716495,9142.66,10,2026-09-18T18:12:38.201124+00:00
Llama-3.1-8B-Instruct,belief_bank_constraints,mlp,26,25878,halu_eval,2,4282,10000,2141,2141,1912,8088,8.3378,4097,0.18901920788713242,0.5815899581589958,0.4429,0.2853110968569596,0.4961433967466653,7565.64,10,2026-09-18T18:12:38.201124+00:00
Llama-3.1-8B-Instruct,belief_bank_constraints,mlp,26,25878,halu_eval,4,4282,10000,2141,2141,1912,8088,9.122,4097,0.18555779119159402,0.4341004184100418,0.5275,0.25998433829287393,0.4949371634820324,7575.585,10,2026-09-18T18:12:38.201124+00:00
Llama-3.1-8B-Instruct,belief_bank_constraints,mlp,26,25878,halu_eval,24,4282,10000,2141,2141,1912,8088,8.3051,4097,0.19987830848798296,0.3436192468619247,0.6115,0.2527409117137911,0.5108281639931465,7584.745,10,2026-09-18T18:12:38.201124+00:00
Llama-3.1-8B-Instruct,belief_bank_constraints,mlp,26,25878,halu_eval,42,4282,10000,2141,2141,1912,8088,8.3102,4097,0.19102296450939457,0.6699790794979079,0.3944,0.29728475284288697,0.5012965706206622,7593.909,10,2026-09-18T18:12:38.201124+00:00
Llama-3.1-8B-Instruct,belief_bank_constraints,mlp,26,25878,halu_eval,64,4282,10000,2141,2141,1912,8088,9.0647,4097,0.19143672692673644,0.5261506276150628,0.4845,0.2807311287847077,0.49915812309366836,7603.828,10,2026-09-18T18:12:38.201124+00:00
Llama-3.1-8B-Instruct,belief_bank_constraints,mlp,26,25878,halu_eval,67,4282,10000,2141,2141,1912,8088,8.2058,4097,0.1910199341977937,0.516213389121339,0.4895,0.2788529453312615,0.5037456053495235,7612.885,10,2026-09-18T18:12:38.201124+00:00
Llama-3.1-8B-Instruct,belief_bank_constraints,mlp,26,25878,halu_eval,104,4282,10000,2141,2141,1912,8088,9.2194,4097,0.19408502772643252,0.3844142259414226,0.5771,0.25793998947183716,0.49588586738346807,7622.959,10,2026-09-18T18:12:38.201124+00:00
Llama-3.1-8B-Instruct,belief_bank_constraints,mlp,26,25878,halu_eval,123,4282,10000,2141,2141,1912,8088,8.9753,4097,0.19519752130131682,0.39539748953974896,0.5727,0.2613656006914434,0.504776304789574,7632.788,10,2026-09-18T18:12:38.201124+00:00
Llama-3.1-8B-Instruct,belief_bank_constraints,mlp,26,25878,halu_eval,420,4282,10000,2141,2141,1912,8088,8.3297,4097,0.19296515450361604,0.6140167364016736,0.4352,0.29364682341170584,0.5026800190064107,7641.976,10,2026-09-18T18:12:38.201124+00:00
Llama-3.1-8B-Instruct,belief_bank_constraints,mlp,26,25878,halu_eval,511,4282,10000,2141,2141,1912,8088,8.3827,4097,0.1915833527086724,0.4309623430962343,0.5435,0.26525028166747144,0.4964477437517848,7651.213,10,2026-09-18T18:12:38.201124+00:00
Llama-3.1-8B-Instruct,belief_bank_constraints,mlp,26,25878,halu_eval,mean,0,0,0,0,0,0,8.62527,4097.0,0.1921765989440672,0.4896443514644351,0.50788,0.27331078690649385,0.5005898958216936,9142.66,10,2026-09-18T18:12:38.201124+00:00
Llama-3.1-8B-Instruct,belief_bank_constraints,mlp,26,25878,halu_eval,std,0,0,0,0,0,0,0.39011853596054635,0.0,0.003606273060485214,0.10309685198899353,0.06682126607600308,0.01504235515554431,0.004798277601498687,9142.66,10,2026-09-18T18:12:38.201124+00:00
Llama-3.1-8B-Instruct,belief_bank_constraints,mlp,27,25878,belief_bank_constraints,2,4282,7764,2141,2141,917,6847,8.4478,4097,0.7018779342723005,0.9781897491821155,0.9483513652756311,0.8173120728929385,0.9825150082843596,7661.259,10,2026-09-18T18:12:38.201124+00:00
Llama-3.1-8B-Instruct,belief_bank_constraints,mlp,27,25878,belief_bank_constraints,4,4282,7764,2141,2141,917,6847,8.6163,4097,0.7375827814569537,0.9716466739367503,0.9558217413704276,0.8385882352941176,0.9859517075113811,7670.638,10,2026-09-18T18:12:38.201124+00:00
Llama-3.1-8B-Instruct,belief_bank_constraints,mlp,27,25878,belief_bank_constraints,24,4282,7764,2141,2141,917,6847,7.9022,4097,0.7146263910969793,0.9803707742639041,0.9514425553838227,0.8266666666666667,0.9875580116199232,7679.302,10,2026-09-18T18:12:38.201124+00:00
Llama-3.1-8B-Instruct,belief_bank_constraints,mlp,27,25878,belief_bank_constraints,42,4282,7764,2141,2141,917,6847,8.3159,4097,0.7013291634089132,0.9781897491821155,0.9482225656877898,0.8169398907103825,0.985983401975473,7688.374,10,2026-09-18T18:12:38.201124+00:00
Llama-3.1-8B-Instruct,belief_bank_constraints,mlp,27,25878,belief_bank_constraints,64,4282,7764,2141,2141,917,6847,8.9206,4097,0.7206840390879479,0.965103598691385,0.9517001545595054,0.8251748251748252,0.9854794759232763,7698.056,10,2026-09-18T18:12:38.201124+00:00
Llama-3.1-8B-Instruct,belief_bank_constraints,mlp,27,25878,belief_bank_constraints,67,4282,7764,2141,2141,917,6847,8.0331,4097,0.7011041009463722,0.9694656488549618,0.9475785677485832,0.8137299771167048,0.9856411336170121,7706.847,10,2026-09-18T18:12:38.201124+00:00
Llama-3.1-8B-Instruct,belief_bank_constraints,mlp,27,25878,belief_bank_constraints,104,4282,7764,2141,2141,917,6847,7.7773,4097,0.7004643962848297,0.9869138495092693,0.9486089644513137,0.8193752829334541,0.9875736995833053,7715.363,10,2026-09-18T18:12:38.201124+00:00
Llama-3.1-8B-Instruct,belief_bank_constraints,mlp,27,25878,belief_bank_constraints,123,4282,7764,2141,2141,917,6847,8.0744,4097,0.7105263157894737,0.9716466739367503,0.9498969603297269,0.82081989866421,0.9828760703451462,7724.215,10,2026-09-18T18:12:38.201124+00:00
Llama-3.1-8B-Instruct,belief_bank_constraints,mlp,27,25878,belief_bank_constraints,420,4282,7764,2141,2141,917,6847,7.4461,4097,0.7054202670856246,0.9792802617230099,0.9492529623905204,0.8200913242009132,0.985625286384966,7732.441,10,2026-09-18T18:12:38.201124+00:00
Llama-3.1-8B-Instruct,belief_bank_constraints,mlp,27,25878,belief_bank_constraints,511,4282,7764,2141,2141,917,6847,6.9974,4097,0.7035881435257411,0.9836423118865867,0.9491241628026791,0.8203728967712597,0.9842930836467872,7740.207,10,2026-09-18T18:12:38.201124+00:00
Llama-3.1-8B-Instruct,belief_bank_constraints,mlp,27,25878,belief_bank_constraints,mean,0,0,0,0,0,0,8.05311,4097.0,0.7097203532955136,0.976444929116685,0.95,0.8219071070425471,0.985349687889163,9142.66,10,2026-09-18T18:12:38.201124+00:00
Llama-3.1-8B-Instruct,belief_bank_constraints,mlp,27,25878,belief_bank_constraints,std,0,0,0,0,0,0,0.5363994825687289,0.0,0.011265695621252332,0.006436795883696264,0.002321110090885757,0.006614283664656491,0.0016135454038289586,9142.66,10,2026-09-18T18:12:38.201124+00:00
Llama-3.1-8B-Instruct,belief_bank_constraints,mlp,27,25878,belief_bank_facts,2,4282,27416,2141,2141,1971,25445,7.4253,4097,0.12148094505295555,0.6808726534753932,0.6230668222935513,0.20617606391150714,0.6433356672338413,7749.243,10,2026-09-18T18:12:38.201124+00:00
Llama-3.1-8B-Instruct,belief_bank_constraints,mlp,27,25878,belief_bank_facts,4,4282,27416,2141,2141,1971,25445,8.34,4097,0.1282439446366782,0.6017250126839168,0.6773052232273126,0.21142704340850343,0.712194894350874,7759.153,10,2026-09-18T18:12:38.201124+00:00
Llama-3.1-8B-Instruct,belief_bank_constraints,mlp,27,25878,belief_bank_facts,24,4282,27416,2141,2141,1971,25445,6.9119,4097,0.11461678067848667,0.8330796549974632,0.5253501604902246,0.20150948027244278,0.6935638880090652,7767.657,10,2026-09-18T18:12:38.201124+00:00
Llama-3.1-8B-Instruct,belief_bank_constraints,mlp,27,25878,belief_bank_facts,42,4282,27416,2141,2141,1971,25445,7.2233,4097,0.13948870687515513,0.8554033485540334,0.6102276043186461,0.23986342296201452,0.743711813035926,7776.524,10,2026-09-18T18:12:38.201124+00:00
Llama-3.1-8B-Instruct,belief_bank_constraints,mlp,27,25878,belief_bank_facts,64,4282,27416,2141,2141,1971,25445,8.278,4097,0.13448190381755082,0.5504819888381532,0.7129778231689524,0.21615698774778364,0.7302435920174422,7786.446,10,2026-09-18T18:12:38.201124+00:00
Llama-3.1-8B-Instruct,belief_bank_constraints,mlp,27,25878,belief_bank_facts,67,4282,27416,2141,2141,1971,25445,7.5918,4097,0.11980743846571938,0.7828513444951801,0.570907499270499,0.2078114478114478,0.6597001580891088,7795.68,10,2026-09-18T18:12:38.201124+00:00
Llama-3.1-8B-Instruct,belief_bank_constraints,mlp,27,25878,belief_bank_facts,104,4282,27416,2141,2141,1971,25445,8.3198,4097,0.12475567264383446,0.7447995941146626,0.6059964983950977,0.2137137865773766,0.6471545206635934,7805.644,10,2026-09-18T18:12:38.201124+00:00
Llama-3.1-8B-Instruct,belief_bank_constraints,mlp,27,25878,belief_bank_facts,123,4282,27416,2141,2141,1971,25445,8.9331,4097,0.13724286152901444,0.9071537290715372,0.5833454916836883,0.23841589439295954,0.7815999610783956,7816.221,10,2026-09-18T18:12:38.201124+00:00
Llama-3.1-8B-Instruct,belief_bank_constraints,mlp,27,25878,belief_bank_facts,420,4282,27416,2141,2141,1971,25445,8.4403,4097,0.11248204726465597,0.8741755454084221,0.49507586810621534,0.19931748510613684,0.7411198176267612,7826.318,10,2026-09-18T18:12:38.201124+00:00
Llama-3.1-8B-Instruct,belief_bank_constraints,mlp,27,25878,belief_bank_facts,511,4282,27416,2141,2141,1971,25445,8.2673,4097,0.13028909841814074,0.8483003551496702,0.5819959147942807,0.22588489597406106,0.7149044820560337,7836.247,10,2026-09-18T18:12:38.201124+00:00
Llama-3.1-8B-Instruct,belief_bank_constraints,mlp,27,25878,belief_bank_facts,mean,0,0,0,0,0,0,7.973080000000001,4097.0,0.12628893993821913,0.7678843226788432,0.5986248905748468,0.21602765081642333,0.7067528794161042,9142.66,10,2026-09-18T18:12:38.201124+00:00
Llama-3.1-8B-Instruct,belief_bank_constraints,mlp,27,25878,belief_bank_facts,std,0,0,0,0,0,0,0.6089359568953044,0.0,0.00880634649332433,0.11500920797084946,0.06117465349577403,0.013592813251753343,0.0433112315986205,9142.66,10,2026-09-18T18:12:38.201124+00:00
Llama-3.1-8B-Instruct,belief_bank_constraints,mlp,27,25878,halu_eval,2,4282,10000,2141,2141,1912,8088,8.2587,4097,0.19081632653061226,0.48901673640167365,0.5058,0.27451556077510275,0.49986067871613094,7845.345,10,2026-09-18T18:12:38.201124+00:00
Llama-3.1-8B-Instruct,belief_bank_constraints,mlp,27,25878,halu_eval,4,4282,10000,2141,2141,1912,8088,9.1883,4097,0.19356999330207636,0.3023012552301255,0.6258,0.236014699877501,0.4984398538151463,7855.371,10,2026-09-18T18:12:38.201124+00:00
Llama-3.1-8B-Instruct,belief_bank_constraints,mlp,27,25878,halu_eval,24,4282,10000,2141,2141,1912,8088,7.8091,4097,0.1949553336836574,0.5821129707112971,0.4605,0.29208765253903685,0.5070822676499924,7864.016,10,2026-09-18T18:12:38.201124+00:00
Llama-3.1-8B-Instruct,belief_bank_constraints,mlp,27,25878,halu_eval,42,4282,10000,2141,2141,1912,8088,8.2889,4097,0.19453749033754186,0.3948744769874477,0.5717,0.2606594165372001,0.5077119455342695,7873.142,10,2026-09-18T18:12:38.201124+00:00
Llama-3.1-8B-Instruct,belief_bank_constraints,mlp,27,25878,halu_eval,64,4282,10000,2141,2141,1912,8088,8.4792,4097,0.19079097333029404,0.4377615062761506,0.5375,0.26575646928083824,0.49960305235505675,7882.449,10,2026-09-18T18:12:38.201124+00:00
Llama-3.1-8B-Instruct,belief_bank_constraints,mlp,27,25878,halu_eval,67,4282,10000,2141,2141,1912,8088,7.5024,4097,0.19656524173977974,0.5507322175732218,0.4837,0.28972348328518366,0.5070999535962157,7890.776,10,2026-09-18T18:12:38.201124+00:00
Llama-3.1-8B-Instruct,belief_bank_constraints,mlp,27,25878,halu_eval,104,4282,10000,2141,2141,1912,8088,8.3264,4097,0.18950238582140422,0.5815899581589958,0.4444,0.2858611825192802,0.5008302371611024,7899.926,10,2026-09-18T18:12:38.201124+00:00
Llama-3.1-8B-Instruct,belief_bank_constraints,mlp,27,25878,halu_eval,123,4282,10000,2141,2141,1912,8088,9.0264,4097,0.19467481449148843,0.4665271966527197,0.529,0.27471512165075457,0.5042345393144034,7909.778,10,2026-09-18T18:12:38.201124+00:00
Llama-3.1-8B-Instruct,belief_bank_constraints,mlp,27,25878,halu_eval,420,4282,10000,2141,2141,1912,8088,8.5982,4097,0.1912054586808188,0.6595188284518828,0.4015,0.2964617373927354,0.5021231541950677,7919.212,10,2026-09-18T18:12:38.201124+00:00
Llama-3.1-8B-Instruct,belief_bank_constraints,mlp,27,25878,halu_eval,511,4282,10000,2141,2141,1912,8088,8.2215,4097,0.19252934898612592,0.47175732217573224,0.5207,0.2734576322570866,0.5047204340124737,7928.279,10,2026-09-18T18:12:38.201124+00:00
Llama-3.1-8B-Instruct,belief_bank_constraints,mlp,27,25878,halu_eval,mean,0,0,0,0,0,0,8.36991,4097.0,0.1929147366903799,0.49361924686192465,0.5080600000000001,0.27492529561147194,0.5031706116349859,9142.66,10,2026-09-18T18:12:38.201124+00:00
Llama-3.1-8B-Instruct,belief_bank_constraints,mlp,27,25878,halu_eval,std,0,0,0,0,0,0,0.47694154033801683,0.0,0.002174368348624236,0.09851946230214113,0.06135619284147281,0.01703211095155542,0.0032792698971133784,9142.66,10,2026-09-18T18:12:38.201124+00:00
Llama-3.1-8B-Instruct,belief_bank_constraints,mlp,28,25878,belief_bank_constraints,2,4282,7764,2141,2141,917,6847,7.6529,4097,0.6870696250956388,0.9792802617230099,0.9448737764039155,0.8075539568345323,0.9824295606462422,7937.576,10,2026-09-18T18:12:38.201124+00:00
Llama-3.1-8B-Instruct,belief_bank_constraints,mlp,28,25878,belief_bank_constraints,4,4282,7764,2141,2141,917,6847,8.9192,4097,0.7368852459016394,0.9803707742639041,0.9563369397217929,0.8413664014974263,0.989527607550545,7947.24,10,2026-09-18T18:12:38.201124+00:00
Llama-3.1-8B-Instruct,belief_bank_constraints,mlp,28,25878,belief_bank_constraints,24,4282,7764,2141,2141,917,6847,7.9206,4097,0.7131537242472267,0.9814612868047983,0.9511849562081401,0.8260670032124828,0.9844706682069008,7955.911,10,2026-09-18T18:12:38.201124+00:00
Llama-3.1-8B-Instruct,belief_bank_constraints,mlp,28,25878,belief_bank_constraints,42,4282,7764,2141,2141,917,6847,7.213,4097,0.6898395721925134,0.9847328244274809,0.9459041731066461,0.8113207547169812,0.9852476603831463,7963.911,10,2026-09-18T18:12:38.201124+00:00
Llama-3.1-8B-Instruct,belief_bank_constraints,mlp,28,25878,belief_bank_constraints,64,4282,7764,2141,2141,917,6847,8.1503,4097,0.7280130293159609,0.9749182115594329,0.9540185471406492,0.8335664335664336,0.9864239390994854,7972.854,10,2026-09-18T18:12:38.201124+00:00
Llama-3.1-8B-Instruct,belief_bank_constraints,mlp,28,25878,belief_bank_constraints,67,4282,7764,2141,2141,917,6847,6.8338,4097,0.7015748031496063,0.9716466739367503,0.9478361669242659,0.8148148148148148,0.9858072508333334,7980.483,10,2026-09-18T18:12:38.201124+00:00
Llama-3.1-8B-Instruct,belief_bank_constraints,mlp,28,25878,belief_bank_constraints,104,4282,7764,2141,2141,917,6847,8.3169,4097,0.7064793130366901,0.9869138495092693,0.9500257599175682,0.8234758871701547,0.9876995218276908,7989.595,10,2026-09-18T18:12:38.201124+00:00
Llama-3.1-8B-Instruct,belief_bank_constraints,mlp,28,25878,belief_bank_constraints,123,4282,7764,2141,2141,917,6847,8.2473,4097,0.7171474358974359,0.9760087241003271,0.9517001545595054,0.8267898383371824,0.9864108790690554,7998.64,10,2026-09-18T18:12:38.201124+00:00
Llama-3.1-8B-Instruct,belief_bank_constraints,mlp,28,25878,belief_bank_constraints,420,4282,7764,2141,2141,917,6847,7.8662,4097,0.7067610062893082,0.9803707742639041,0.9496393611540443,0.8213796253997259,0.9875494111120792,8007.301,10,2026-09-18T18:12:38.201124+00:00
Llama-3.1-8B-Instruct,belief_bank_constraints,mlp,28,25878,belief_bank_constraints,511,4282,7764,2141,2141,917,6847,8.3867,4097,0.7047397047397047,0.9890948745910578,0.9497681607418856,0.823049001814882,0.9860198744994784,8016.475,10,2026-09-18T18:12:38.201124+00:00
Llama-3.1-8B-Instruct,belief_bank_constraints,mlp,28,25878,belief_bank_constraints,mean,0,0,0,0,0,0,7.95069,4097.0,0.7091663459865724,0.9804798255179934,0.9501287995878414,0.8229383717364616,0.9861586373227956,9142.66,10,2026-09-18T18:12:38.201124+00:00
Llama-3.1-8B-Instruct,belief_bank_constraints,mlp,28,25878,belief_bank_constraints,std,0,0,0,0,0,0,0.5725731751488188,0.0,0.014680441432409565,0.005148559055229165,0.0032917304390180035,0.009578843276540136,0.0018308579214027264,9142.66,10,2026-09-18T18:12:38.201124+00:00
Llama-3.1-8B-Instruct,belief_bank_constraints,mlp,28,25878,belief_bank_facts,2,4282,27416,2141,2141,1971,25445,8.2341,4097,0.13956399290706165,0.6788432267884322,0.676028596440035,0.23152794601142065,0.7531935206295968,8026.331,10,2026-09-18T18:12:38.201124+00:00
Llama-3.1-8B-Instruct,belief_bank_constraints,mlp,28,25878,belief_bank_facts,4,4282,27416,2141,2141,1971,25445,9.7613,4097,0.13657797238127314,0.8229325215626585,0.613255033557047,0.2342745721094822,0.7471662848780296,8037.744,10,2026-09-18T18:12:38.201124+00:00
Llama-3.1-8B-Instruct,belief_bank_constraints,mlp,28,25878,belief_bank_facts,24,4282,27416,2141,2141,1971,25445,9.1408,4097,0.13591320690244318,0.8072044647387113,0.6171943390720747,0.2326533596548951,0.7776623987492446,8048.579,10,2026-09-18T18:12:38.201124+00:00
Llama-3.1-8B-Instruct,belief_bank_constraints,mlp,28,25878,belief_bank_facts,42,4282,27416,2141,2141,1971,25445,8.6541,4097,0.14136702849389415,0.8457635717909691,0.6196016924423694,0.24224369686841532,0.8032367939963425,8058.91,10,2026-09-18T18:12:38.201124+00:00
Llama-3.1-8B-Instruct,belief_bank_constraints,mlp,28,25878,belief_bank_facts,64,4282,27416,2141,2141,1971,25445,9.7003,4097,0.15383163457908644,0.8269913749365804,0.6605266997373797,0.25940956473303095,0.810346626596556,8070.256,10,2026-09-18T18:12:38.201124+00:00
Llama-3.1-8B-Instruct,belief_bank_constraints,mlp,28,25878,belief_bank_facts,67,4282,27416,2141,2141,1971,25445,7.7922,4097,0.1259919028340081,0.7894469812278031,0.5911511526116137,0.2173032609454647,0.7169039000265093,8079.719,10,2026-09-18T18:12:38.201124+00:00
Llama-3.1-8B-Instruct,belief_bank_constraints,mlp,28,25878,belief_bank_facts,104,4282,27416,2141,2141,1971,25445,9.2794,4097,0.1269107714184145,0.7245053272450532,0.6218631456084038,0.21598729486500795,0.7353201197277999,8090.676,10,2026-09-18T18:12:38.201124+00:00
Llama-3.1-8B-Instruct,belief_bank_constraints,mlp,28,25878,belief_bank_facts,123,4282,27416,2141,2141,1971,25445,9.262,4097,0.15363565285379202,0.7975646879756468,0.6695725124015174,0.2576415635499467,0.7886887975467427,8101.619,10,2026-09-18T18:12:38.201124+00:00
Llama-3.1-8B-Instruct,belief_bank_constraints,mlp,28,25878,belief_bank_facts,420,4282,27416,2141,2141,1971,25445,8.0271,4097,0.11302273012683661,0.91324200913242,0.4785161949226729,0.20115103089903336,0.8287454492180237,8111.327,10,2026-09-18T18:12:38.201124+00:00
Llama-3.1-8B-Instruct,belief_bank_constraints,mlp,28,25878,belief_bank_facts,511,4282,27416,2141,2141,1971,25445,8.2988,4097,0.14571933664449868,0.878234398782344,0.6210971695360373,0.24996389891696752,0.8065326283976769,8121.321,10,2026-09-18T18:12:38.201124+00:00
Llama-3.1-8B-Instruct,belief_bank_constraints,mlp,28,25878,belief_bank_facts,mean,0,0,0,0,0,0,8.815010000000001,4097.0,0.13725342291413084,0.8084728564180619,0.616880653632915,0.2342156188553665,0.7767796519766521,9142.66,10,2026-09-18T18:12:38.201124+00:00
Llama-3.1-8B-Instruct,belief_bank_constraints,mlp,28,25878,belief_bank_facts,std,0,0,0,0,0,0,0.6706388065866754,0.0,0.012084361379326296,0.06490210379261711,0.05296212884758325,0.017936561800150932,0.03506033145397495,9142.66,10,2026-09-18T18:12:38.201124+00:00
Llama-3.1-8B-Instruct,belief_bank_constraints,mlp,28,25878,halu_eval,2,4282,10000,2141,2141,1912,8088,8.1255,4097,0.19821367227756784,0.30177824267782427,0.6331,0.2392701637984657,0.5076426890501554,8130.295,10,2026-09-18T18:12:38.201124+00:00
Llama-3.1-8B-Instruct,belief_bank_constraints,mlp,28,25878,halu_eval,4,4282,10000,2141,2141,1912,8088,9.6765,4097,0.1935687263556116,0.48169456066945604,0.5172,0.27616191904047976,0.5041429733186,8140.813,10,2026-09-18T18:12:38.201124+00:00
Llama-3.1-8B-Instruct,belief_bank_constraints,mlp,28,25878,halu_eval,24,4282,10000,2141,2141,1912,8088,8.7514,4097,0.1991515963384684,0.4665271966527197,0.5393,0.27914254420278517,0.5159014116165692,8150.408,10,2026-09-18T18:12:38.201124+00:00
Llama-3.1-8B-Instruct,belief_bank_constraints,mlp,28,25878,halu_eval,42,4282,10000,2141,2141,1912,8088,8.4918,4097,0.1905073649754501,0.608786610878661,0.4306,0.29020194465220644,0.5073226607216021,8159.744,10,2026-09-18T18:12:38.201124+00:00
Llama-3.1-8B-Instruct,belief_bank_constraints,mlp,28,25878,halu_eval,64,4282,10000,2141,2141,1912,8088,7.9239,4097,0.19420140675930692,0.5920502092050209,0.4523,0.2924686732980235,0.5101922782447471,8168.514,10,2026-09-18T18:12:38.201124+00:00
Llama-3.1-8B-Instruct,belief_bank_constraints,mlp,28,25878,halu_eval,67,4282,10000,2141,2141,1912,8088,6.7683,4097,0.18600902643455836,0.30177824267782427,0.614,0.23015556441962504,0.5053620103029852,8176.135,10,2026-09-18T18:12:38.201124+00:00
Llama-3.1-8B-Instruct,belief_bank_constraints,mlp,28,25878,halu_eval,104,4282,10000,2141,2141,1912,8088,8.2775,4097,0.18291962174940898,0.323744769874477,0.5942,0.23376132930513596,0.5002186332145562,8185.273,10,2026-09-18T18:12:38.201124+00:00
Llama-3.1-8B-Instruct,belief_bank_constraints,mlp,28,25878,halu_eval,123,4282,10000,2141,2141,1912,8088,8.0884,4097,0.19431891542930924,0.3148535564853556,0.6194,0.2403193612774451,0.5068730432294966,8194.236,10,2026-09-18T18:12:38.201124+00:00
Llama-3.1-8B-Instruct,belief_bank_constraints,mlp,28,25878,halu_eval,420,4282,10000,2141,2141,1912,8088,7.1888,4097,0.19700811359026368,0.4063807531380753,0.5698,0.26536885245901637,0.5076591786892302,8202.265,10,2026-09-18T18:12:38.201124+00:00
Llama-3.1-8B-Instruct,belief_bank_constraints,mlp,28,25878,halu_eval,511,4282,10000,2141,2141,1912,8088,7.5574,4097,0.18903382710590316,0.44717573221757323,0.5275,0.26573426573426573,0.4961818402385475,8210.657,10,2026-09-18T18:12:38.201124+00:00
Llama-3.1-8B-Instruct,belief_bank_constraints,mlp,28,25878,halu_eval,mean,0,0,0,0,0,0,8.084950000000001,4097.0,0.19249322710158484,0.42447698744769874,0.54974,0.2612584618187449,0.5061496718626489,9142.66,10,2026-09-18T18:12:38.201124+00:00
Llama-3.1-8B-Instruct,belief_bank_constraints,mlp,28,25878,halu_eval,std,0,0,0,0,0,0,0.7760376141012755,0.0,0.005044394538632281,0.10964024791957641,0.06607662521648634,0.02244125169257643,0.005069793992648272,9142.66,10,2026-09-18T18:12:38.201124+00:00
Llama-3.1-8B-Instruct,belief_bank_constraints,mlp,29,25878,belief_bank_constraints,2,4282,7764,2141,2141,917,6847,7.5465,4097,0.6942084942084942,0.9803707742639041,0.9466769706336939,0.8128390596745028,0.9830176601872458,8219.91,10,2026-09-18T18:12:38.201124+00:00
Llama-3.1-8B-Instruct,belief_bank_constraints,mlp,29,25878,belief_bank_constraints,4,4282,7764,2141,2141,917,6847,9.1185,4097,0.7353668590272052,0.9727371864776445,0.9554353426069037,0.8375586854460094,0.9860987124880488,8229.822,10,2026-09-18T18:12:38.201124+00:00
Llama-3.1-8B-Instruct,belief_bank_constraints,mlp,29,25878,belief_bank_constraints,24,4282,7764,2141,2141,917,6847,8.6873,4097,0.7076438140267928,0.9792802617230099,0.9497681607418856,0.8215919487648673,0.9854860059384913,8239.293,10,2026-09-18T18:12:38.201124+00:00
Llama-3.1-8B-Instruct,belief_bank_constraints,mlp,29,25878,belief_bank_constraints,42,4282,7764,2141,2141,917,6847,8.5045,4097,0.7037325038880249,0.9869138495092693,0.9493817619783617,0.8216068996822514,0.9840564104124119,8248.584,10,2026-09-18T18:12:38.201124+00:00
Llama-3.1-8B-Instruct,belief_bank_constraints,mlp,29,25878,belief_bank_constraints,64,4282,7764,2141,2141,917,6847,8.5463,4097,0.7276422764227642,0.9760087241003271,0.9540185471406492,0.8337214718211458,0.9856782432156725,8257.918,10,2026-09-18T18:12:38.201124+00:00
Llama-3.1-8B-Instruct,belief_bank_constraints,mlp,29,25878,belief_bank_constraints,67,4282,7764,2141,2141,917,6847,6.9761,4097,0.7015625,0.9792802617230099,0.9483513652756311,0.8174783796085571,0.98348439700645,8265.682,10,2026-09-18T18:12:38.201124+00:00
Llama-3.1-8B-Instruct,belief_bank_constraints,mlp,29,25878,belief_bank_constraints,104,4282,7764,2141,2141,917,6847,9.286,4097,0.6941448382126348,0.9825517993456925,0.9468057702215353,0.8135440180586907,0.987193684551529,8275.758,10,2026-09-18T18:12:38.201124+00:00
Llama-3.1-8B-Instruct,belief_bank_constraints,mlp,29,25878,belief_bank_constraints,123,4282,7764,2141,2141,917,6847,8.9853,4097,0.7086614173228346,0.9814612868047983,0.9501545595054096,0.823045267489712,0.986374565813714,8285.533,10,2026-09-18T18:12:38.201124+00:00
Llama-3.1-8B-Instruct,belief_bank_constraints,mlp,29,25878,belief_bank_constraints,420,4282,7764,2141,2141,917,6847,8.1213,4097,0.7009419152276295,0.9738276990185387,0.9478361669242659,0.8151528982199908,0.9836090247358569,8294.448,10,2026-09-18T18:12:38.201124+00:00
Llama-3.1-8B-Instruct,belief_bank_constraints,mlp,29,25878,belief_bank_constraints,511,4282,7764,2141,2141,917,6847,9.1958,4097,0.6976744186046512,0.9814612868047983,0.9475785677485832,0.8155867693701858,0.9844394515488002,8304.439,10,2026-09-18T18:12:38.201124+00:00
Llama-3.1-8B-Instruct,belief_bank_constraints,mlp,29,25878,belief_bank_constraints,mean,0,0,0,0,0,0,8.49676,4097.0,0.7071579036941033,0.9793893129770993,0.9496007212776918,0.8212125398135914,0.9849438155898221,9142.66,10,2026-09-18T18:12:38.201124+00:00
Llama-3.1-8B-Instruct,belief_bank_constraints,mlp,29,25878,belief_bank_constraints,std,0,0,0,0,0,0,0.716378348639879,0.0,0.013139616953299953,0.004034896401308607,0.0028118752454203413,0.007991008171099075,0.0013393883902856664,9142.66,10,2026-09-18T18:12:38.201124+00:00
Llama-3.1-8B-Instruct,belief_bank_constraints,mlp,29,25878,belief_bank_facts,2,4282,27416,2141,2141,1971,25445,8.6014,4097,0.1300784034212402,0.5555555555555556,0.7009410563174788,0.21079988449321396,0.6606553325439346,8314.722,10,2026-09-18T18:12:38.201124+00:00
Llama-3.1-8B-Instruct,belief_bank_constraints,mlp,29,25878,belief_bank_facts,4,4282,27416,2141,2141,1971,25445,10.2753,4097,0.12435957149510946,0.5418569254185692,0.6927706448789028,0.20229188370110807,0.6688780000117642,8326.658,10,2026-09-18T18:12:38.201124+00:00
Llama-3.1-8B-Instruct,belief_bank_constraints,mlp,29,25878,belief_bank_facts,24,4282,27416,2141,2141,1971,25445,8.7732,4097,0.1168422195678141,0.5459157787924911,0.6707032389845345,0.1924865831842576,0.6547091203268776,8337.142,10,2026-09-18T18:12:38.201124+00:00
Llama-3.1-8B-Instruct,belief_bank_constraints,mlp,29,25878,belief_bank_facts,42,4282,27416,2141,2141,1971,25445,8.4953,4097,0.10543268198410995,0.7473363774733638,0.525970236358331,0.18479488144523898,0.7300285162563996,8347.283,10,2026-09-18T18:12:38.201124+00:00
Llama-3.1-8B-Instruct,belief_bank_constraints,mlp,29,25878,belief_bank_facts,64,4282,27416,2141,2141,1971,25445,8.762,4097,0.12214246272777471,0.5611364789446981,0.6785088999124599,0.20061672410665699,0.7233503007202391,8357.731,10,2026-09-18T18:12:38.201124+00:00
Llama-3.1-8B-Instruct,belief_bank_constraints,mlp,29,25878,belief_bank_facts,67,4282,27416,2141,2141,1971,25445,7.218,4097,0.11395915623161611,0.6879756468797564,0.5930113802159322,0.1955299206921413,0.7164448763306897,8366.595,10,2026-09-18T18:12:38.201124+00:00
Llama-3.1-8B-Instruct,belief_bank_constraints,mlp,29,25878,belief_bank_facts,104,4282,27416,2141,2141,1971,25445,9.3302,4097,0.12254516889238021,0.791476407914764,0.5775824336154071,0.21223046051289027,0.7134002577559322,8377.559,10,2026-09-18T18:12:38.201124+00:00
Llama-3.1-8B-Instruct,belief_bank_constraints,mlp,29,25878,belief_bank_facts,123,4282,27416,2141,2141,1971,25445,8.956,4097,0.12361314632614612,0.5991882293252156,0.6657791070907499,0.20494577006507592,0.6660426349088707,8388.157,10,2026-09-18T18:12:38.201124+00:00
Llama-3.1-8B-Instruct,belief_bank_constraints,mlp,29,25878,belief_bank_facts,420,4282,27416,2141,2141,1971,25445,7.1166,4097,0.10978835978835978,0.7579908675799086,0.5407426320396849,0.19179664933564414,0.7416283706592914,8396.959,10,2026-09-18T18:12:38.201124+00:00
Llama-3.1-8B-Instruct,belief_bank_constraints,mlp,29,25878,belief_bank_facts,511,4282,27416,2141,2141,1971,25445,8.1136,4097,0.1390819119814698,0.6702181633688483,0.678034724248614,0.23036010114220942,0.7166380686589463,8406.714,10,2026-09-18T18:12:38.201124+00:00
Llama-3.1-8B-Instruct,belief_bank_constraints,mlp,29,25878,belief_bank_facts,mean,0,0,0,0,0,0,8.564160000000001,4097.0,0.12078430824160202,0.645865043125317,0.6324044353662095,0.2025852858678437,0.6991775478172946,9142.66,10,2026-09-18T18:12:38.201124+00:00
Llama-3.1-8B-Instruct,belief_bank_constraints,mlp,29,25878,belief_bank_facts,std,0,0,0,0,0,0,0.887012056513326,0.0,0.009303862789815404,0.09206447808103026,0.06278307831399263,0.012353694732009068,0.031017542875372915,9142.66,10,2026-09-18T18:12:38.201124+00:00
Llama-3.1-8B-Instruct,belief_bank_constraints,mlp,29,25878,halu_eval,2,4282,10000,2141,2141,1912,8088,7.5129,4097,0.19157427937915744,0.6778242677824268,0.3915,0.2987207560216665,0.5039592270071059,8415.1,10,2026-09-18T18:12:38.201124+00:00
Llama-3.1-8B-Instruct,belief_bank_constraints,mlp,29,25878,halu_eval,4,4282,10000,2141,2141,1912,8088,8.8071,4097,0.19164966253335425,0.6385983263598326,0.4159,0.2948207171314741,0.5042019803603872,8424.775,10,2026-09-18T18:12:38.201124+00:00
Llama-3.1-8B-Instruct,belief_bank_constraints,mlp,29,25878,halu_eval,24,4282,10000,2141,2141,1912,8088,7.8239,4097,0.19429112127424697,0.6443514644351465,0.4211,0.29855810008481765,0.5112034164462874,8433.467,10,2026-09-18T18:12:38.201124+00:00
Llama-3.1-8B-Instruct,belief_bank_constraints,mlp,29,25878,halu_eval,42,4282,10000,2141,2141,1912,8088,7.7252,4097,0.1946529698406427,0.7730125523012552,0.3451,0.3109942135718043,0.5077698855994106,8442.055,10,2026-09-18T18:12:38.201124+00:00
Llama-3.1-8B-Instruct,belief_bank_constraints,mlp,29,25878,halu_eval,64,4282,10000,2141,2141,1912,8088,7.6622,4097,0.19251015190254173,0.6694560669456067,0.3999,0.29903048709262936,0.5055873363710482,8450.577,10,2026-09-18T18:12:38.201124+00:00
Llama-3.1-8B-Instruct,belief_bank_constraints,mlp,29,25878,halu_eval,67,4282,10000,2141,2141,1912,8088,6.2632,4097,0.19803300550091682,0.6213389121338913,0.4465,0.3003412969283277,0.5216644111427022,8457.685,10,2026-09-18T18:12:38.201124+00:00
Llama-3.1-8B-Instruct,belief_bank_constraints,mlp,29,25878,halu_eval,104,4282,10000,2141,2141,1912,8088,9.2604,4097,0.19082394030798538,0.6286610878661087,0.4193,0.2927779807575204,0.5033410918701812,8467.783,10,2026-09-18T18:12:38.201124+00:00
Llama-3.1-8B-Instruct,belief_bank_constraints,mlp,29,25878,halu_eval,123,4282,10000,2141,2141,1912,8088,9.0184,4097,0.19376357430964938,0.6532426778242678,0.414,0.29887532902608277,0.5082382236817601,8477.666,10,2026-09-18T18:12:38.201124+00:00
Llama-3.1-8B-Instruct,belief_bank_constraints,mlp,29,25878,halu_eval,420,4282,10000,2141,2141,1912,8088,8.1821,4097,0.19353846153846155,0.6579497907949791,0.4104,0.2990965287684261,0.5041442019583742,8486.716,10,2026-09-18T18:12:38.201124+00:00
Llama-3.1-8B-Instruct,belief_bank_constraints,mlp,29,25878,halu_eval,511,4282,10000,2141,2141,1912,8088,8.8728,4097,0.19199659429544488,0.7076359832635983,0.3747,0.3020426386873535,0.49961569441168074,8496.425,10,2026-09-18T18:12:38.201124+00:00
Llama-3.1-8B-Instruct,belief_bank_constraints,mlp,29,25878,halu_eval,mean,0,0,0,0,0,0,8.112820000000001,4097.0,0.19328337608824012,0.6672071129707112,0.40384000000000003,0.2995258048070102,0.5069725468848938,9142.66,10,2026-09-18T18:12:38.201124+00:00
Llama-3.1-8B-Instruct,belief_bank_constraints,mlp,29,25878,halu_eval,std,0,0,0,0,0,0,0.8613471771591289,0.0,0.0019909423598962785,0.04261255803033857,0.026675501869693096,0.00456762686181925,0.005744336706490289,9142.66,10,2026-09-18T18:12:38.201124+00:00
Llama-3.1-8B-Instruct,belief_bank_constraints,mlp,30,25878,belief_bank_constraints,2,4282,7764,2141,2141,917,6847,9.2232,4097,0.6836501901140685,0.9803707742639041,0.9441009788768676,0.8055555555555556,0.9799267332292884,8507.222,10,2026-09-18T18:12:38.201124+00:00
Llama-3.1-8B-Instruct,belief_bank_constraints,mlp,30,25878,belief_bank_constraints,4,4282,7764,2141,2141,917,6847,10.8353,4097,0.7416107382550335,0.9640130861504908,0.9560793405461102,0.838311996206733,0.9867298942026047,8518.822,10,2026-09-18T18:12:38.201124+00:00
Llama-3.1-8B-Instruct,belief_bank_constraints,mlp,30,25878,belief_bank_constraints,24,4282,7764,2141,2141,917,6847,9.1519,4097,0.7129337539432177,0.9858233369683751,0.9514425553838227,0.8274599542334096,0.9849789741473512,8528.735,10,2026-09-18T18:12:38.201124+00:00
Llama-3.1-8B-Instruct,belief_bank_constraints,mlp,30,25878,belief_bank_constraints,42,4282,7764,2141,2141,917,6847,8.3539,4097,0.7039937353171496,0.9803707742639041,0.9489953632148377,0.8195077484047402,0.9829592085876389,8537.851,10,2026-09-18T18:12:38.201124+00:00
Llama-3.1-8B-Instruct,belief_bank_constraints,mlp,30,25878,belief_bank_constraints,64,4282,7764,2141,2141,917,6847,9.181,4097,0.7258718572587186,0.9760087241003271,0.9536321483771252,0.8325581395348837,0.9842278631289698,8547.802,10,2026-09-18T18:12:38.201124+00:00
Llama-3.1-8B-Instruct,belief_bank_constraints,mlp,30,25878,belief_bank_constraints,67,4282,7764,2141,2141,917,6847,7.7747,4097,0.6967340590979783,0.9770992366412213,0.9470633693972179,0.8134362233318202,0.9836423118865866,8556.351,10,2026-09-18T18:12:38.201124+00:00
Llama-3.1-8B-Instruct,belief_bank_constraints,mlp,30,25878,belief_bank_constraints,104,4282,7764,2141,2141,917,6847,9.8595,4097,0.7095761381475667,0.9858233369683751,0.9506697578567749,0.8251939753537197,0.9866537637813185,8566.99,10,2026-09-18T18:12:38.201124+00:00
Llama-3.1-8B-Instruct,belief_bank_constraints,mlp,30,25878,belief_bank_constraints,123,4282,7764,2141,2141,917,6847,9.5194,4097,0.710236220472441,0.9836423118865867,0.9506697578567749,0.8248742569730224,0.9843039139159244,8577.286,10,2026-09-18T18:12:38.201124+00:00
Llama-3.1-8B-Instruct,belief_bank_constraints,mlp,30,25878,belief_bank_constraints,420,4282,7764,2141,2141,917,6847,8.6206,4097,0.7003891050583657,0.9814612868047983,0.9482225656877898,0.8174386920980926,0.9831747787240636,8586.684,10,2026-09-18T18:12:38.201124+00:00
Llama-3.1-8B-Instruct,belief_bank_constraints,mlp,30,25878,belief_bank_constraints,511,4282,7764,2141,2141,917,6847,8.6684,4097,0.6851289833080425,0.9847328244274809,0.9447449768160742,0.8080536912751678,0.9804995429785693,8596.12,10,2026-09-18T18:12:38.201124+00:00
Llama-3.1-8B-Instruct,belief_bank_constraints,mlp,30,25878,belief_bank_constraints,mean,0,0,0,0,0,0,9.11879,4097.0,0.7070124780972582,0.9799345692475463,0.9495620814013395,0.8212390232967144,0.9837096984582315,9142.66,10,2026-09-18T18:12:38.201124+00:00
Llama-3.1-8B-Instruct,belief_bank_constraints,mlp,30,25878,belief_bank_constraints,std,0,0,0,0,0,0,0.8070993203441569,0.0,0.016697466224575925,0.006211136691776714,0.00355552189563788,0.009926293396542668,0.0021328757492406086,9142.66,10,2026-09-18T18:12:38.201124+00:00
Llama-3.1-8B-Instruct,belief_bank_constraints,mlp,30,25878,belief_bank_facts,2,4282,27416,2141,2141,1971,25445,9.3645,4097,0.133864738269373,0.8264840182648402,0.603078494309892,0.23041018387553042,0.7112753215992274,8607.142,10,2026-09-18T18:12:38.201124+00:00
Llama-3.1-8B-Instruct,belief_bank_constraints,mlp,30,25878,belief_bank_facts,4,4282,27416,2141,2141,1971,25445,10.5816,4097,0.12513795738178113,0.747843734145104,0.6059964983950977,0.2144,0.7269032131160224,8619.369,10,2026-09-18T18:12:38.201124+00:00
Llama-3.1-8B-Instruct,belief_bank_constraints,mlp,30,25878,belief_bank_facts,24,4282,27416,2141,2141,1971,25445,8.0629,4097,0.11856271889998703,0.9274479959411466,0.4990881237233732,0.21024785784116395,0.7452076528408234,8629.1,10,2026-09-18T18:12:38.201124+00:00
Llama-3.1-8B-Instruct,belief_bank_constraints,mlp,30,25878,belief_bank_facts,42,4282,27416,2141,2141,1971,25445,7.5199,4097,0.12457291239579063,0.9249112125824455,0.5273198132477386,0.2195724179464017,0.7904090945752117,8638.309,10,2026-09-18T18:12:38.201124+00:00
Llama-3.1-8B-Instruct,belief_bank_constraints,mlp,30,25878,belief_bank_facts,64,4282,27416,2141,2141,1971,25445,8.4562,4097,0.16421417089155435,0.6737696600710299,0.7300116720163409,0.2640684032610857,0.770943377340468,8648.399,10,2026-09-18T18:12:38.201124+00:00
Llama-3.1-8B-Instruct,belief_bank_constraints,mlp,30,25878,belief_bank_facts,67,4282,27416,2141,2141,1971,25445,6.7197,4097,0.11835572429906542,0.8224251648909183,0.5467974905164867,0.20693176740920405,0.6782138911644667,8656.82,10,2026-09-18T18:12:38.201124+00:00
Llama-3.1-8B-Instruct,belief_bank_constraints,mlp,30,25878,belief_bank_facts,104,4282,27416,2141,2141,1971,25445,8.8485,4097,0.11219147344801796,0.837138508371385,0.5120367668514736,0.19786545149298476,0.7216864619513901,8667.351,10,2026-09-18T18:12:38.201124+00:00
Llama-3.1-8B-Instruct,belief_bank_constraints,mlp,30,25878,belief_bank_facts,123,4282,27416,2141,2141,1971,25445,8.7585,4097,0.12303807834038488,0.9147640791476408,0.5251313101838343,0.21690225563909774,0.7616306656780739,8677.804,10,2026-09-18T18:12:38.201124+00:00
Llama-3.1-8B-Instruct,belief_bank_constraints,mlp,30,25878,belief_bank_facts,420,4282,27416,2141,2141,1971,25445,7.7143,4097,0.11199705593719332,0.9264332825976661,0.4666253282754596,0.19983584131326948,0.7802847817224784,8687.227,10,2026-09-18T18:12:38.201124+00:00
Llama-3.1-8B-Instruct,belief_bank_constraints,mlp,30,25878,belief_bank_facts,511,4282,27416,2141,2141,1971,25445,7.7352,4097,0.12120958984211845,0.7361745306950787,0.5973154362416108,0.20814804188782096,0.6787385153102776,8696.671,10,2026-09-18T18:12:38.201124+00:00
Llama-3.1-8B-Instruct,belief_bank_constraints,mlp,30,25878,belief_bank_facts,mean,0,0,0,0,0,0,8.37613,4097.0,0.1253144419705266,0.8337392186707255,0.5613400933761308,0.21683822206665587,0.736529297529844,9142.66,10,2026-09-18T18:12:38.201124+00:00
Llama-3.1-8B-Instruct,belief_bank_constraints,mlp,30,25878,belief_bank_facts,std,0,0,0,0,0,0,1.031529835777909,0.0,0.014326491970738847,0.08656225973860689,0.07171999062697186,0.018150619735489645,0.037945344969013126,9142.66,10,2026-09-18T18:12:38.201124+00:00
Llama-3.1-8B-Instruct,belief_bank_constraints,mlp,30,25878,halu_eval,2,4282,10000,2141,2141,1912,8088,9.0893,4097,0.1915373765867419,0.7102510460251046,0.3714,0.30171073094867806,0.4986103114175037,8706.629,10,2026-09-18T18:12:38.201124+00:00
Llama-3.1-8B-Instruct,belief_bank_constraints,mlp,30,25878,halu_eval,4,4282,10000,2141,2141,1912,8088,10.3495,4097,0.18981956872524572,0.6767782426778243,0.3859,0.2964829877420094,0.4987243162554991,8717.845,10,2026-09-18T18:12:38.201124+00:00
Llama-3.1-8B-Instruct,belief_bank_constraints,mlp,30,25878,halu_eval,24,4282,10000,2141,2141,1912,8088,8.5676,4097,0.19591207096027768,0.5313807531380753,0.4934,0.2862778247393632,0.5115773755944031,8727.277,10,2026-09-18T18:12:38.201124+00:00
Llama-3.1-8B-Instruct,belief_bank_constraints,mlp,30,25878,halu_eval,42,4282,10000,2141,2141,1912,8088,8.1547,4097,0.1923202614379085,0.6155857740585774,0.4322,0.2930776892430279,0.5028682918854939,8736.288,10,2026-09-18T18:12:38.201124+00:00
Llama-3.1-8B-Instruct,belief_bank_constraints,mlp,30,25878,halu_eval,64,4282,10000,2141,2141,1912,8088,9.2603,4097,0.19059158945117605,0.6992677824267782,0.3747,0.2995407191665733,0.49710170343791515,8746.4,10,2026-09-18T18:12:38.201124+00:00
Llama-3.1-8B-Instruct,belief_bank_constraints,mlp,30,25878,halu_eval,67,4282,10000,2141,2141,1912,8088,7.9009,4097,0.1930864197530864,0.4089958158995816,0.5602,0.2623280778262328,0.5051820792413162,8755.157,10,2026-09-18T18:12:38.201124+00:00
Llama-3.1-8B-Instruct,belief_bank_constraints,mlp,30,25878,halu_eval,104,4282,10000,2141,2141,1912,8088,9.796,4097,0.1879934210526316,0.5978033472803347,0.4294,0.28603603603603606,0.4954315939932707,8765.814,10,2026-09-18T18:12:38.201124+00:00
Llama-3.1-8B-Instruct,belief_bank_constraints,mlp,30,25878,halu_eval,123,4282,10000,2141,2141,1912,8088,9.7835,4097,0.19128730780826048,0.6637029288702929,0.3992,0.29698104376316403,0.498327982930443,8776.447,10,2026-09-18T18:12:38.201124+00:00
Llama-3.1-8B-Instruct,belief_bank_constraints,mlp,30,25878,halu_eval,420,4282,10000,2141,2141,1912,8088,8.6666,4097,0.189163038219642,0.4089958158995816,0.5518,0.2586834270592127,0.49687857598839547,8785.978,10,2026-09-18T18:12:38.201124+00:00
Llama-3.1-8B-Instruct,belief_bank_constraints,mlp,30,25878,halu_eval,511,4282,10000,2141,2141,1912,8088,8.5651,4097,0.1937674790251698,0.5073221757322176,0.5022,0.2804278693263949,0.49917755500167615,8795.402,10,2026-09-18T18:12:38.201124+00:00
Llama-3.1-8B-Instruct,belief_bank_constraints,mlp,30,25878,halu_eval,mean,0,0,0,0,0,0,9.01335,4097.0,0.19154785330201402,0.5820083682008368,0.45004,0.28615464058506923,0.5003879785745917,9142.66,10,2026-09-18T18:12:38.201124+00:00
Llama-3.1-8B-Instruct,belief_bank_constraints,mlp,30,25878,halu_eval,std,0,0,0,0,0,0,0.7451444883376648,0.0,0.002218730912289916,0.1073480683569846,0.0681134083716268,0.01431150315860789,0.00462229163951092,9142.66,10,2026-09-18T18:12:38.201124+00:00
Llama-3.1-8B-Instruct,belief_bank_constraints,mlp,31,25878,belief_bank_constraints,2,4282,7764,2141,2141,917,6847,11.5099,4097,0.667910447761194,0.9760087241003271,0.9398505924781041,0.7930881701373504,0.9778592667047743,8808.535,10,2026-09-18T18:12:38.201124+00:00
Llama-3.1-8B-Instruct,belief_bank_constraints,mlp,31,25878,belief_bank_constraints,4,4282,7764,2141,2141,917,6847,11.3097,4097,0.7116316639741519,0.960741548527808,0.9493817619783617,0.8176334106728538,0.9845845453015029,8820.605,10,2026-09-18T18:12:38.201124+00:00
Llama-3.1-8B-Instruct,belief_bank_constraints,mlp,31,25878,belief_bank_constraints,24,4282,7764,2141,2141,917,6847,10.0342,4097,0.6825757575757576,0.9825517993456925,0.9439721792890263,0.805543138131426,0.9822920321550691,8831.417,10,2026-09-18T18:12:38.201124+00:00
Llama-3.1-8B-Instruct,belief_bank_constraints,mlp,31,25878,belief_bank_constraints,42,4282,7764,2141,2141,917,6847,11.0491,4097,0.6987577639751553,0.9814612868047983,0.9478361669242659,0.8163265306122449,0.9838235596259671,8843.256,10,2026-09-18T18:12:38.201124+00:00
Llama-3.1-8B-Instruct,belief_bank_constraints,mlp,31,25878,belief_bank_constraints,64,4282,7764,2141,2141,917,6847,10.9582,4097,0.7158908507223114,0.9727371864776445,0.9511849562081401,0.8247803975959316,0.9841297536320821,8855.002,10,2026-09-18T18:12:38.201124+00:00
Llama-3.1-8B-Instruct,belief_bank_constraints,mlp,31,25878,belief_bank_constraints,67,4282,7764,2141,2141,917,6847,9.6101,4097,0.6886503067484663,0.9792802617230099,0.9452601751674394,0.8086447546150383,0.9814471118937219,8865.406,10,2026-09-18T18:12:38.201124+00:00
Llama-3.1-8B-Instruct,belief_bank_constraints,mlp,31,25878,belief_bank_constraints,104,4282,7764,2141,2141,917,6847,10.1299,4097,0.6867838044308633,0.9803707742639041,0.9448737764039155,0.8077268643306379,0.9827354361150296,8876.324,10,2026-09-18T18:12:38.201124+00:00
Llama-3.1-8B-Instruct,belief_bank_constraints,mlp,31,25878,belief_bank_constraints,123,4282,7764,2141,2141,917,6847,9.6196,4097,0.6893649579188983,0.9825517993456925,0.9456465739309634,0.810251798561151,0.980297988484557,8886.695,10,2026-09-18T18:12:38.201124+00:00
Llama-3.1-8B-Instruct,belief_bank_constraints,mlp,31,25878,belief_bank_constraints,420,4282,7764,2141,2141,917,6847,9.5983,4097,0.6927851047323507,0.9738276990185387,0.9459041731066461,0.8096101541251133,0.983464966229469,8897.088,10,2026-09-18T18:12:38.201124+00:00
Llama-3.1-8B-Instruct,belief_bank_constraints,mlp,31,25878,belief_bank_constraints,511,4282,7764,2141,2141,917,6847,9.2564,4097,0.6880733944954128,0.9814612868047983,0.9452601751674394,0.8089887640449438,0.983621925497623,8907.16,10,2026-09-18T18:12:38.201124+00:00
Llama-3.1-8B-Instruct,belief_bank_constraints,mlp,31,25878,belief_bank_constraints,mean,0,0,0,0,0,0,10.30754,4097.0,0.6922424052334561,0.9770992366412214,0.9459170530654302,0.8102593982826691,0.9824256585639797,9142.66,10,2026-09-18T18:12:38.201124+00:00
Llama-3.1-8B-Instruct,belief_bank_constraints,mlp,31,25878,belief_bank_constraints,std,0,0,0,0,0,0,0.7808415526853063,0.0,0.013159729594608368,0.006414587206042654,0.002933380569120526,0.007938492613924363,0.0019616411659275617,9142.66,10,2026-09-18T18:12:38.201124+00:00
Llama-3.1-8B-Instruct,belief_bank_constraints,mlp,31,25878,belief_bank_facts,2,4282,27416,2141,2141,1971,25445,9.9731,4097,0.16988020536223616,0.7554540842212075,0.7170265538371754,0.27738450074515647,0.7343200418646519,8918.769,10,2026-09-18T18:12:38.201124+00:00
Llama-3.1-8B-Instruct,belief_bank_constraints,mlp,31,25878,belief_bank_facts,4,4282,27416,2141,2141,1971,25445,10.7867,4097,0.12134710130255787,0.9122272957889396,0.5188211263495769,0.214200619490112,0.7392955468759579,8931.23,10,2026-09-18T18:12:38.201124+00:00
Llama-3.1-8B-Instruct,belief_bank_constraints,mlp,31,25878,belief_bank_facts,24,4282,27416,2141,2141,1971,25445,9.2065,4097,0.10952842768820463,0.9167935058346017,0.458163116428363,0.19567924630461855,0.7307354458472771,8942.144,10,2026-09-18T18:12:38.201124+00:00
Llama-3.1-8B-Instruct,belief_bank_constraints,mlp,31,25878,belief_bank_facts,42,4282,27416,2141,2141,1971,25445,9.5567,4097,0.13437775816416594,0.9269406392694064,0.5654727166618033,0.23472730776642897,0.7899024656896189,8953.412,10,2026-09-18T18:12:38.201124+00:00
Llama-3.1-8B-Instruct,belief_bank_constraints,mlp,31,25878,belief_bank_facts,64,4282,27416,2141,2141,1971,25445,10.7063,4097,0.1623007623007623,0.5941146626078133,0.7503647505106508,0.25495318963640323,0.7336987218579802,8965.829,10,2026-09-18T18:12:38.201124+00:00
Llama-3.1-8B-Instruct,belief_bank_constraints,mlp,31,25878,belief_bank_facts,67,4282,27416,2141,2141,1971,25445,9.1474,4097,0.10903768752286865,0.7559614408929477,0.5383717537204552,0.1905858275773855,0.6627237805319997,8976.661,10,2026-09-18T18:12:38.201124+00:00
Llama-3.1-8B-Instruct,belief_bank_constraints,mlp,31,25878,belief_bank_facts,104,4282,27416,2141,2141,1971,25445,10.9071,4097,0.12106077658975802,0.8731608320649417,0.5351254741756638,0.21263977265707049,0.7278650473125798,8989.258,10,2026-09-18T18:12:38.201124+00:00
Llama-3.1-8B-Instruct,belief_bank_constraints,mlp,31,25878,belief_bank_facts,123,4282,27416,2141,2141,1971,25445,10.6343,4097,0.14117851858299243,0.8229325215626585,0.6273708783192297,0.24101040118870729,0.7518958878986013,9001.569,10,2026-09-18T18:12:38.201124+00:00
Llama-3.1-8B-Instruct,belief_bank_constraints,mlp,31,25878,belief_bank_facts,420,4282,27416,2141,2141,1971,25445,10.4913,4097,0.1343069390511565,0.8072044647387113,0.6120878319229647,0.23029601215893464,0.7324723623210555,9013.774,10,2026-09-18T18:12:38.201124+00:00
Llama-3.1-8B-Instruct,belief_bank_constraints,mlp,31,25878,belief_bank_facts,511,4282,27416,2141,2141,1971,25445,10.4547,4097,0.13832625234660606,0.7102993404363267,0.6610738255033557,0.23155805491233875,0.727548131339279,9025.96,10,2026-09-18T18:12:38.201124+00:00
Llama-3.1-8B-Instruct,belief_bank_constraints,mlp,31,25878,belief_bank_facts,mean,0,0,0,0,0,0,10.186409999999999,4097.0,0.13413444289113086,0.8075088787417555,0.5983878027429239,0.22830349324371563,0.7330457431539001,9142.66,10,2026-09-18T18:12:38.201124+00:00
Llama-3.1-8B-Instruct,belief_bank_constraints,mlp,31,25878,belief_bank_facts,std,0,0,0,0,0,0,0.632247727477134,0.0,0.019256480154692338,0.10103207817799943,0.08764169254696241,0.025035278715030966,0.029388829732810574,9142.66,10,2026-09-18T18:12:38.201124+00:00
Llama-3.1-8B-Instruct,belief_bank_constraints,mlp,31,25878,halu_eval,2,4282,10000,2141,2141,1912,8088,10.9249,4097,0.19253384383973746,0.7364016736401674,0.3591,0.30525745257452574,0.5043908998919832,9037.755,10,2026-09-18T18:12:38.201124+00:00
Llama-3.1-8B-Instruct,belief_bank_constraints,mlp,31,25878,halu_eval,4,4282,10000,2141,2141,1912,8088,11.8009,4097,0.19179616407671846,0.7165271966527197,0.3685,0.3025952512424075,0.5014050465796738,9050.404,10,2026-09-18T18:12:38.201124+00:00
Llama-3.1-8B-Instruct,belief_bank_constraints,mlp,31,25878,halu_eval,24,4282,10000,2141,2141,1912,8088,10.1466,4097,0.1890522047643183,0.5852510460251046,0.4407,0.28578725577831693,0.49338901270129004,9061.382,10,2026-09-18T18:12:38.201124+00:00
Llama-3.1-8B-Instruct,belief_bank_constraints,mlp,31,25878,halu_eval,42,4282,10000,2141,2141,1912,8088,10.2157,4097,0.19023542423763629,0.6297071129707112,0.4167,0.29219754884116006,0.49803411169602985,9072.442,10,2026-09-18T18:12:38.201124+00:00
Llama-3.1-8B-Instruct,belief_bank_constraints,mlp,31,25878,halu_eval,64,4282,10000,2141,2141,1912,8088,10.8206,4097,0.19117817759721417,0.8614016736401674,0.2767,0.3129096608720433,0.5042468580447711,9084.103,10,2026-09-18T18:12:38.201124+00:00
Llama-3.1-8B-Instruct,belief_bank_constraints,mlp,31,25878,halu_eval,67,4282,10000,2141,2141,1912,8088,9.7716,4097,0.1936127744510978,0.6595188284518828,0.4097,0.29934718100890206,0.5144804250524565,9094.703,10,2026-09-18T18:12:38.201124+00:00
Llama-3.1-8B-Instruct,belief_bank_constraints,mlp,31,25878,halu_eval,104,4282,10000,2141,2141,1912,8088,11.1788,4097,0.19378455102345735,0.678347280334728,0.3989,0.30145264381173736,0.5035984272376246,9106.714,10,2026-09-18T18:12:38.201124+00:00
Llama-3.1-8B-Instruct,belief_bank_constraints,mlp,31,25878,halu_eval,123,4282,10000,2141,2141,1912,8088,11.172,4097,0.19391853126792885,0.7071129707112971,0.382,0.3043674020711391,0.5029552666484569,9118.725,10,2026-09-18T18:12:38.201124+00:00
Llama-3.1-8B-Instruct,belief_bank_constraints,mlp,31,25878,halu_eval,420,4282,10000,2141,2141,1912,8088,10.4659,4097,0.19485028207724578,0.7044979079497908,0.3869,0.3052691218130312,0.5026403792073799,9130.008,10,2026-09-18T18:12:38.201124+00:00
Llama-3.1-8B-Instruct,belief_bank_constraints,mlp,31,25878,halu_eval,511,4282,10000,2141,2141,1912,8088,11.0842,4097,0.19169374205396242,0.7097280334728033,0.3723,0.3018574129685241,0.502186590806567,9141.906,10,2026-09-18T18:12:38.201124+00:00
Llama-3.1-8B-Instruct,belief_bank_constraints,mlp,31,25878,halu_eval,mean,0,0,0,0,0,0,10.75812,4097.0,0.19226556953893167,0.6988493723849373,0.38115,0.3011040930981787,0.5027327017866232,9142.66,10,2026-09-18T18:12:38.201124+00:00
Llama-3.1-8B-Instruct,belief_bank_constraints,mlp,31,25878,halu_eval,std,0,0,0,0,0,0,0.5744994635332573,0.0,0.0017258102683652252,0.06929424866129447,0.041962250892915644,0.00710316677450621,0.005052732046210797,9142.66,10,2026-09-18T18:12:38.201124+00:00
