model,train_dataset,layer_type,layer,num_samples,eval_dataset,split_seed,train_size,test_size,train_hall,train_not_hall,test_hall,test_not_hall,fit_time_s,model_params,precision,recall,accuracy,f1,auroc,total_runtime_s,num_splits,created_at_utc
Llama-3.1-8B-Instruct,belief_bank_constraints,hidden,0,25878,belief_bank_constraints,2,4282,7764,2141,2141,917,6847,17.7936,4097,0.589960886571056,0.9869138495092693,0.9174394641937146,0.7384740922072623,0.9775119017490725,53.233,10,2026-09-18T18:12:38.201196+00:00
Llama-3.1-8B-Instruct,belief_bank_constraints,hidden,0,25878,belief_bank_constraints,4,4282,7764,2141,2141,917,6847,16.6175,4097,0.6121045392022009,0.9705561613958561,0.9238794435857806,0.7507380851961197,0.9834398017805919,70.621,10,2026-09-18T18:12:38.201196+00:00
Llama-3.1-8B-Instruct,belief_bank_constraints,hidden,0,25878,belief_bank_constraints,24,4282,7764,2141,2141,917,6847,16.6961,4097,0.6037735849056604,0.9770992366412213,0.9215610510046368,0.7463556851311953,0.9804719098654038,88.106,10,2026-09-18T18:12:38.201196+00:00
Llama-3.1-8B-Instruct,belief_bank_constraints,hidden,0,25878,belief_bank_constraints,42,4282,7764,2141,2141,917,6847,16.0825,4097,0.5965721819380356,0.9869138495092693,0.919629057187017,0.743631881676253,0.9810088045310025,104.986,10,2026-09-18T18:12:38.201196+00:00
Llama-3.1-8B-Instruct,belief_bank_constraints,hidden,0,25878,belief_bank_constraints,64,4282,7764,2141,2141,917,6847,16.1526,4097,0.6110354223433242,0.9781897491821155,0.9238794435857806,0.7522012578616353,0.9799565164694152,121.94,10,2026-09-18T18:12:38.201196+00:00
Llama-3.1-8B-Instruct,belief_bank_constraints,hidden,0,25878,belief_bank_constraints,67,4282,7764,2141,2141,917,6847,13.5133,4097,0.6073871409028728,0.9683751363140676,0.9223338485316847,0.7465321563682219,0.9772871736644805,136.239,10,2026-09-18T18:12:38.201196+00:00
Llama-3.1-8B-Instruct,belief_bank_constraints,hidden,0,25878,belief_bank_constraints,104,4282,7764,2141,2141,917,6847,17.7874,4097,0.6053511705685619,0.9869138495092693,0.922462648119526,0.7504145936981758,0.9809307628857508,154.803,10,2026-09-18T18:12:38.201196+00:00
Llama-3.1-8B-Instruct,belief_bank_constraints,hidden,0,25878,belief_bank_constraints,123,4282,7764,2141,2141,917,6847,17.0501,4097,0.6184931506849315,0.9847328244274809,0.9264554353426069,0.7597812368531762,0.9824939848207408,172.627,10,2026-09-18T18:12:38.201196+00:00
Llama-3.1-8B-Instruct,belief_bank_constraints,hidden,0,25878,belief_bank_constraints,420,4282,7764,2141,2141,917,6847,14.2688,4097,0.6106194690265486,0.9781897491821155,0.9237506439979392,0.7518860016764459,0.9829885140217742,187.669,10,2026-09-18T18:12:38.201196+00:00
Llama-3.1-8B-Instruct,belief_bank_constraints,hidden,0,25878,belief_bank_constraints,511,4282,7764,2141,2141,917,6847,15.0236,4097,0.5981493721083939,0.9869138495092693,0.9201442555383823,0.7448559670781894,0.9742226056703788,203.468,10,2026-09-18T18:12:38.201196+00:00
Llama-3.1-8B-Instruct,belief_bank_constraints,hidden,0,25878,belief_bank_constraints,mean,0,0,0,0,0,0,16.09855,4097.0,0.6053446918251587,0.9804798255179934,0.9221535291087068,0.7484870957746675,0.9800311975458611,9620.585,10,2026-09-18T18:12:38.201196+00:00
Llama-3.1-8B-Instruct,belief_bank_constraints,hidden,0,25878,belief_bank_constraints,std,0,0,0,0,0,0,1.3582131815366838,0.0,0.008067318216772434,0.006712633978849446,0.0024520681378489883,0.005541394455062443,0.002757002366850053,9620.585,10,2026-09-18T18:12:38.201196+00:00
Llama-3.1-8B-Instruct,belief_bank_constraints,hidden,0,25878,belief_bank_facts,2,4282,27416,2141,2141,1971,25445,15.9023,4097,0.07958665699782451,0.4454591577879249,0.589765100671141,0.1350457586710759,0.4948989468934448,221.058,10,2026-09-18T18:12:38.201196+00:00
Llama-3.1-8B-Instruct,belief_bank_constraints,hidden,0,25878,belief_bank_facts,4,4282,27416,2141,2141,1971,25445,15.3668,4097,0.057278365560014595,0.2389649923896499,0.6625328275459585,0.0924072984108299,0.47139139451701867,238.112,10,2026-09-18T18:12:38.201196+00:00
Llama-3.1-8B-Instruct,belief_bank_constraints,hidden,0,25878,belief_bank_facts,24,4282,27416,2141,2141,1971,25445,14.8023,4097,0.14953784204264667,0.8290208016235413,0.6487452582433615,0.2533726159094433,0.7149776295486758,254.603,10,2026-09-18T18:12:38.201196+00:00
Llama-3.1-8B-Instruct,belief_bank_constraints,hidden,0,25878,belief_bank_facts,42,4282,27416,2141,2141,1971,25445,14.3199,4097,0.08046515989871518,0.4353120243531202,0.6017653924715495,0.13582396707297767,0.49526417590331967,270.608,10,2026-09-18T18:12:38.201196+00:00
Llama-3.1-8B-Instruct,belief_bank_constraints,hidden,0,25878,belief_bank_facts,64,4282,27416,2141,2141,1971,25445,15.001,4097,0.1651658497663285,0.7351598173515982,0.7138167493434491,0.2697319434102755,0.7367231219353847,287.244,10,2026-09-18T18:12:38.201196+00:00
Llama-3.1-8B-Instruct,belief_bank_constraints,hidden,0,25878,belief_bank_facts,67,4282,27416,2141,2141,1971,25445,12.0286,4097,0.08519743240614666,0.4444444444444444,0.6169754887656843,0.14298539133273483,0.6259751162937461,300.991,10,2026-09-18T18:12:38.201196+00:00
Llama-3.1-8B-Instruct,belief_bank_constraints,hidden,0,25878,belief_bank_facts,104,4282,27416,2141,2141,1971,25445,17.2026,4097,0.06395736175882745,0.243531202435312,0.6893784651298512,0.10130856901646264,0.48723944632821414,319.889,10,2026-09-18T18:12:38.201196+00:00
Llama-3.1-8B-Instruct,belief_bank_constraints,hidden,0,25878,belief_bank_facts,123,4282,27416,2141,2141,1971,25445,16.5306,4097,0.10725379133930203,0.893455098934551,0.45768894076451705,0.19151712887438826,0.6903578105760088,338.113,10,2026-09-18T18:12:38.201196+00:00
Llama-3.1-8B-Instruct,belief_bank_constraints,hidden,0,25878,belief_bank_facts,420,4282,27416,2141,2141,1971,25445,14.9593,4097,0.08363190646803696,0.450025367833587,0.6059600233440326,0.14105112506957143,0.5290671406648118,354.799,10,2026-09-18T18:12:38.201196+00:00
Llama-3.1-8B-Instruct,belief_bank_constraints,hidden,0,25878,belief_bank_facts,511,4282,27416,2141,2141,1971,25445,14.8783,4097,0.03698173883082577,0.16336884830035514,0.6340093376130727,0.060310919647874134,0.45717218792156145,371.425,10,2026-09-18T18:12:38.201196+00:00
Llama-3.1-8B-Instruct,belief_bank_constraints,hidden,0,25878,belief_bank_facts,mean,0,0,0,0,0,0,15.09917,4097.0,0.09090561050686684,0.4878741755454084,0.6220637583892618,0.15235547174156336,0.5703066970582186,9620.585,10,2026-09-18T18:12:38.201196+00:00
Llama-3.1-8B-Instruct,belief_bank_constraints,hidden,0,25878,belief_bank_facts,std,0,0,0,0,0,0,1.3187809295330288,0.0,0.037824568948262825,0.24018129801905613,0.06648439992745353,0.06401219236520739,0.10422935291441272,9620.585,10,2026-09-18T18:12:38.201196+00:00
Llama-3.1-8B-Instruct,belief_bank_constraints,hidden,0,25878,halu_eval,2,4282,10000,2141,2141,1912,8088,15.2522,4097,0.18588101337887844,0.3415271966527197,0.5881,0.2407373271889401,0.4972127660069776,387.557,10,2026-09-18T18:12:38.201196+00:00
Llama-3.1-8B-Instruct,belief_bank_constraints,hidden,0,25878,halu_eval,4,4282,10000,2141,2141,1912,8088,15.9681,4097,0.19016495487083723,0.3195606694560669,0.6097,0.2384390243902439,0.5033040386812014,404.404,10,2026-09-18T18:12:38.201196+00:00
Llama-3.1-8B-Instruct,belief_bank_constraints,hidden,0,25878,halu_eval,24,4282,10000,2141,2141,1912,8088,15.5944,4097,0.18787443086508507,0.4100418410041841,0.5483,0.25768282662284303,0.49745707132628947,420.87,10,2026-09-18T18:12:38.201196+00:00
Llama-3.1-8B-Instruct,belief_bank_constraints,hidden,0,25878,halu_eval,42,4282,10000,2141,2141,1912,8088,15.3638,4097,0.19001004016064257,0.3959205020920502,0.5618,0.2567842605156038,0.5022149465192506,437.091,10,2026-09-18T18:12:38.201196+00:00
Llama-3.1-8B-Instruct,belief_bank_constraints,hidden,0,25878,halu_eval,64,4282,10000,2141,2141,1912,8088,14.8854,4097,0.19386061946902655,0.3666317991631799,0.5874,0.2536179450072359,0.5001916031395237,452.856,10,2026-09-18T18:12:38.201196+00:00
Llama-3.1-8B-Instruct,belief_bank_constraints,hidden,0,25878,halu_eval,67,4282,10000,2141,2141,1912,8088,11.0347,4097,0.18684792918115714,0.3091004184100418,0.6107,0.23290640394088669,0.4951669514524333,464.743,10,2026-09-18T18:12:38.201196+00:00
Llama-3.1-8B-Instruct,belief_bank_constraints,hidden,0,25878,halu_eval,104,4282,10000,2141,2141,1912,8088,16.1323,4097,0.19274432379072062,0.4084728033472803,0.5598,0.2619047619047619,0.49454910730913915,481.74,10,2026-09-18T18:12:38.201196+00:00
Llama-3.1-8B-Instruct,belief_bank_constraints,hidden,0,25878,halu_eval,123,4282,10000,2141,2141,1912,8088,14.8412,4097,0.1927067892084198,0.3399581589958159,0.6015,0.24597918637653737,0.5049585961329145,497.449,10,2026-09-18T18:12:38.201196+00:00
Llama-3.1-8B-Instruct,belief_bank_constraints,hidden,0,25878,halu_eval,420,4282,10000,2141,2141,1912,8088,13.5433,4097,0.19365660262275083,0.3321129707112971,0.6079,0.24465420920824504,0.5002380327899383,511.859,10,2026-09-18T18:12:38.201196+00:00
Llama-3.1-8B-Instruct,belief_bank_constraints,hidden,0,25878,halu_eval,511,4282,10000,2141,2141,1912,8088,13.3314,4097,0.18131256952169078,0.3410041841004184,0.5796,0.23674655047204066,0.48999185605825457,526.054,10,2026-09-18T18:12:38.201196+00:00
Llama-3.1-8B-Instruct,belief_bank_constraints,hidden,0,25878,halu_eval,mean,0,0,0,0,0,0,14.59468,4097.0,0.1895059273069209,0.35643305439330547,0.58548,0.24694524956273384,0.4985284969415923,9620.585,10,2026-09-18T18:12:38.201196+00:00
Llama-3.1-8B-Instruct,belief_bank_constraints,hidden,0,25878,halu_eval,std,0,0,0,0,0,0,1.4762757214016626,0.0,0.0038420108362806665,0.03488321211695542,0.021516588948994695,0.009479412070720322,0.004316470644902494,9620.585,10,2026-09-18T18:12:38.201196+00:00
Llama-3.1-8B-Instruct,belief_bank_constraints,hidden,1,25878,belief_bank_constraints,2,4282,7764,2141,2141,917,6847,13.5092,4097,0.6030687124749833,0.9858233369683751,0.9216898505924781,0.7483443708609272,0.9765966643726671,541.334,10,2026-09-18T18:12:38.201196+00:00
Llama-3.1-8B-Instruct,belief_bank_constraints,hidden,1,25878,belief_bank_constraints,4,4282,7764,2141,2141,917,6847,13.9712,4097,0.6277423920736023,0.9672846237731734,0.9283874291602267,0.76137339055794,0.9841833475374435,556.088,10,2026-09-18T18:12:38.201196+00:00
Llama-3.1-8B-Instruct,belief_bank_constraints,hidden,1,25878,belief_bank_constraints,24,4282,7764,2141,2141,917,6847,12.0816,4097,0.6110731373889269,0.9749182115594329,0.9237506439979392,0.7512605042016807,0.981447748968377,568.94,10,2026-09-18T18:12:38.201196+00:00
Llama-3.1-8B-Instruct,belief_bank_constraints,hidden,1,25878,belief_bank_constraints,42,4282,7764,2141,2141,917,6847,15.0504,4097,0.6029313790806129,0.9869138495092693,0.9216898505924781,0.7485525227460711,0.9825239273295312,584.743,10,2026-09-18T18:12:38.201196+00:00
Llama-3.1-8B-Instruct,belief_bank_constraints,hidden,1,25878,belief_bank_constraints,64,4282,7764,2141,2141,917,6847,13.7158,4097,0.6296556570625439,0.9770992366412213,0.9294178258629573,0.7658119658119659,0.9811053213412524,599.247,10,2026-09-18T18:12:38.201196+00:00
Llama-3.1-8B-Instruct,belief_bank_constraints,hidden,1,25878,belief_bank_constraints,67,4282,7764,2141,2141,917,6847,12.2557,4097,0.6299435028248588,0.9727371864776445,0.9292890262751159,0.7646806686669524,0.9764970418234733,612.302,10,2026-09-18T18:12:38.201196+00:00
Llama-3.1-8B-Instruct,belief_bank_constraints,hidden,1,25878,belief_bank_constraints,104,4282,7764,2141,2141,917,6847,14.8247,4097,0.6197666437886067,0.9847328244274809,0.9268418341061309,0.7607413647851727,0.9836488419018016,627.919,10,2026-09-18T18:12:38.201196+00:00
Llama-3.1-8B-Instruct,belief_bank_constraints,hidden,1,25878,belief_bank_constraints,123,4282,7764,2141,2141,917,6847,14.2282,4097,0.6227709190672154,0.990185387131952,0.9280010303967027,0.7646315789473684,0.9825926517579517,642.944,10,2026-09-18T18:12:38.201196+00:00
Llama-3.1-8B-Instruct,belief_bank_constraints,hidden,1,25878,belief_bank_constraints,420,4282,7764,2141,2141,917,6847,14.1289,4097,0.6268343815513627,0.9781897491821155,0.9286450283359093,0.7640545144804088,0.9836733692760236,657.859,10,2026-09-18T18:12:38.201196+00:00
Llama-3.1-8B-Instruct,belief_bank_constraints,hidden,1,25878,belief_bank_constraints,511,4282,7764,2141,2141,917,6847,12.757,4097,0.6171821305841925,0.9792802617230099,0.9258114374034003,0.7571669477234402,0.9778976504527451,671.419,10,2026-09-18T18:12:38.201196+00:00
Llama-3.1-8B-Instruct,belief_bank_constraints,hidden,1,25878,belief_bank_constraints,mean,0,0,0,0,0,0,13.652269999999998,4097.0,0.6190968855896906,0.9797164667393675,0.9263523956723339,0.7586617828781927,0.9810166564761266,9620.585,10,2026-09-18T18:12:38.201196+00:00
Llama-3.1-8B-Instruct,belief_bank_constraints,hidden,1,25878,belief_bank_constraints,std,0,0,0,0,0,0,0.9609044146531954,0.0,0.00981819861599788,0.006778743846420958,0.002844576149093388,0.00655293207520525,0.0028045539648961946,9620.585,10,2026-09-18T18:12:38.201196+00:00
Llama-3.1-8B-Instruct,belief_bank_constraints,hidden,1,25878,belief_bank_facts,2,4282,27416,2141,2141,1971,25445,14.9332,4097,0.0775928052047455,0.41146626078132925,0.6060329734461628,0.1305642759397891,0.49027007745140055,688.08,10,2026-09-18T18:12:38.201196+00:00
Llama-3.1-8B-Instruct,belief_bank_constraints,hidden,1,25878,belief_bank_facts,4,4282,27416,2141,2141,1971,25445,15.2271,4097,0.09792460821685726,0.5865043125317098,0.5818500145900204,0.1678281068524971,0.599558443171716,705.027,10,2026-09-18T18:12:38.201196+00:00
Llama-3.1-8B-Instruct,belief_bank_constraints,hidden,1,25878,belief_bank_facts,24,4282,27416,2141,2141,1971,25445,12.3216,4097,0.10625704622322435,0.9563673262303399,0.41855121097169534,0.19126376135152962,0.7385908903705817,719.018,10,2026-09-18T18:12:38.201196+00:00
Llama-3.1-8B-Instruct,belief_bank_constraints,hidden,1,25878,belief_bank_facts,42,4282,27416,2141,2141,1971,25445,15.4875,4097,0.09778165367635036,0.9101978691019786,0.38977239568135397,0.1765921842701053,0.7010799050368682,736.163,10,2026-09-18T18:12:38.201196+00:00
Llama-3.1-8B-Instruct,belief_bank_constraints,hidden,1,25878,belief_bank_facts,64,4282,27416,2141,2141,1971,25445,13.4199,4097,0.0976523309477627,0.7407407407407407,0.48927633498686895,0.17255643540952606,0.6927871806751045,751.284,10,2026-09-18T18:12:38.201196+00:00
Llama-3.1-8B-Instruct,belief_bank_constraints,hidden,1,25878,belief_bank_facts,67,4282,27416,2141,2141,1971,25445,12.3878,4097,0.10886637491757088,0.9213597158802638,0.4521447330026262,0.19472442633497747,0.7245365921403683,765.412,10,2026-09-18T18:12:38.201196+00:00
Llama-3.1-8B-Instruct,belief_bank_constraints,hidden,1,25878,belief_bank_facts,104,4282,27416,2141,2141,1971,25445,15.3714,4097,0.10422109969227196,0.9107052257737189,0.43084330318062447,0.18703761592164217,0.7063302938790492,782.553,10,2026-09-18T18:12:38.201196+00:00
Llama-3.1-8B-Instruct,belief_bank_constraints,hidden,1,25878,belief_bank_facts,123,4282,27416,2141,2141,1971,25445,13.3667,4097,0.10612753426209083,0.9507864028411973,0.4207397140355997,0.1909419736104743,0.7128855634046793,797.661,10,2026-09-18T18:12:38.201196+00:00
Llama-3.1-8B-Instruct,belief_bank_constraints,hidden,1,25878,belief_bank_facts,420,4282,27416,2141,2141,1971,25445,14.2277,4097,0.1124952812382031,0.9071537290715372,0.47880799533119345,0.2001679261125105,0.7559714404752185,813.642,10,2026-09-18T18:12:38.201196+00:00
Llama-3.1-8B-Instruct,belief_bank_constraints,hidden,1,25878,belief_bank_facts,511,4282,27416,2141,2141,1971,25445,12.3448,4097,0.08916526138279933,0.6438356164383562,0.5015684271957981,0.1566376596926495,0.6823464902114259,827.75,10,2026-09-18T18:12:38.201196+00:00
Llama-3.1-8B-Instruct,belief_bank_constraints,hidden,1,25878,belief_bank_facts,mean,0,0,0,0,0,0,13.908769999999999,4097.0,0.09980839957618762,0.7939117199391171,0.4769587102421943,0.1768314365495701,0.6804356876816413,9620.585,10,2026-09-18T18:12:38.201196+00:00
Llama-3.1-8B-Instruct,belief_bank_constraints,hidden,1,25878,belief_bank_facts,std,0,0,0,0,0,0,1.2382300416723864,0.0,0.009813798129679406,0.1794056235723568,0.06733421287857716,0.02006027860715402,0.07486158870740367,9620.585,10,2026-09-18T18:12:38.201196+00:00
Llama-3.1-8B-Instruct,belief_bank_constraints,hidden,1,25878,halu_eval,2,4282,10000,2141,2141,1912,8088,13.4753,4097,0.1981678818470742,0.5543933054393305,0.4859,0.291970802919708,0.5197822320065059,842.114,10,2026-09-18T18:12:38.201196+00:00
Llama-3.1-8B-Instruct,belief_bank_constraints,hidden,1,25878,halu_eval,4,4282,10000,2141,2141,1912,8088,14.1001,4097,0.2006598680263947,0.34989539748953974,0.6092,0.25505146778497906,0.5156677113984662,857.099,10,2026-09-18T18:12:38.201196+00:00
Llama-3.1-8B-Instruct,belief_bank_constraints,hidden,1,25878,halu_eval,24,4282,10000,2141,2141,1912,8088,10.8147,4097,0.20296548371414683,0.4367154811715481,0.5644,0.27713242615333555,0.5168780832391806,868.822,10,2026-09-18T18:12:38.201196+00:00
Llama-3.1-8B-Instruct,belief_bank_constraints,hidden,1,25878,halu_eval,42,4282,10000,2141,2141,1912,8088,13.5551,4097,0.20018535681186284,0.3389121338912134,0.6147,0.25169935909885416,0.5141586184294931,883.282,10,2026-09-18T18:12:38.201196+00:00
Llama-3.1-8B-Instruct,belief_bank_constraints,hidden,1,25878,halu_eval,64,4282,10000,2141,2141,1912,8088,12.5388,4097,0.20585389453313982,0.4450836820083682,0.5656,0.2815084353291432,0.5240365912204247,896.704,10,2026-09-18T18:12:38.201196+00:00
Llama-3.1-8B-Instruct,belief_bank_constraints,hidden,1,25878,halu_eval,67,4282,10000,2141,2141,1912,8088,10.8058,4097,0.1968793024323084,0.448744769874477,0.5446,0.2736842105263158,0.5128516367033757,908.408,10,2026-09-18T18:12:38.201196+00:00
Llama-3.1-8B-Instruct,belief_bank_constraints,hidden,1,25878,halu_eval,104,4282,10000,2141,2141,1912,8088,15.1429,4097,0.1997311311695794,0.5439330543933054,0.4961,0.2921758673971063,0.5159629406031561,924.424,10,2026-09-18T18:12:38.201196+00:00
Llama-3.1-8B-Instruct,belief_bank_constraints,hidden,1,25878,halu_eval,123,4282,10000,2141,2141,1912,8088,13.8118,4097,0.19895389383959705,0.5371338912133892,0.498,0.29035906135142775,0.5151444078525342,939.118,10,2026-09-18T18:12:38.201196+00:00
Llama-3.1-8B-Instruct,belief_bank_constraints,hidden,1,25878,halu_eval,420,4282,10000,2141,2141,1912,8088,14.8407,4097,0.19479193260148073,0.39905857740585776,0.5697,0.26179447589638016,0.5122209888403295,954.857,10,2026-09-18T18:12:38.201196+00:00
Llama-3.1-8B-Instruct,belief_bank_constraints,hidden,1,25878,halu_eval,511,4282,10000,2141,2141,1912,8088,13.2275,4097,0.20054257095158598,0.5026150627615062,0.5218,0.2866945107398568,0.5190251635772196,968.977,10,2026-09-18T18:12:38.201196+00:00
Llama-3.1-8B-Instruct,belief_bank_constraints,hidden,1,25878,halu_eval,mean,0,0,0,0,0,0,13.23127,4097.0,0.19987313159271697,0.4556485355648535,0.5469999999999999,0.27620706171971066,0.5165728373870686,9620.585,10,2026-09-18T18:12:38.201196+00:00
Llama-3.1-8B-Instruct,belief_bank_constraints,hidden,1,25878,halu_eval,std,0,0,0,0,0,0,1.4036785793407263,0.0,0.0029163571445108808,0.07410916233326156,0.04356829122194259,0.014508614283016412,0.0033758099092800115,9620.585,10,2026-09-18T18:12:38.201196+00:00
Llama-3.1-8B-Instruct,belief_bank_constraints,hidden,2,25878,belief_bank_constraints,2,4282,7764,2141,2141,917,6847,12.5998,4097,0.616551724137931,0.9749182115594329,0.9254250386398764,0.7553865652724968,0.9757819255231059,983.215,10,2026-09-18T18:12:38.201196+00:00
Llama-3.1-8B-Instruct,belief_bank_constraints,hidden,2,25878,belief_bank_constraints,4,4282,7764,2141,2141,917,6847,13.7655,4097,0.6522058823529412,0.9672846237731734,0.9352138073158166,0.7790953008344312,0.9822878115354788,997.768,10,2026-09-18T18:12:38.201196+00:00
Llama-3.1-8B-Instruct,belief_bank_constraints,hidden,2,25878,belief_bank_constraints,24,4282,7764,2141,2141,917,6847,12.9095,4097,0.6319886765746638,0.9738276990185387,0.9299330242143226,0.7665236051502146,0.9840533843078001,1011.467,10,2026-09-18T18:12:38.201196+00:00
Llama-3.1-8B-Instruct,belief_bank_constraints,hidden,2,25878,belief_bank_constraints,42,4282,7764,2141,2141,917,6847,12.6988,4097,0.6154900616860863,0.9792802617230099,0.9252962390520351,0.7558922558922558,0.9808473061059307,1024.979,10,2026-09-18T18:12:38.201196+00:00
Llama-3.1-8B-Instruct,belief_bank_constraints,hidden,2,25878,belief_bank_constraints,64,4282,7764,2141,2141,917,6847,13.1332,4097,0.6406025824964132,0.9738276990185387,0.9323802163833076,0.7728256166161834,0.9810551517121621,1038.925,10,2026-09-18T18:12:38.201196+00:00
Llama-3.1-8B-Instruct,belief_bank_constraints,hidden,2,25878,belief_bank_constraints,67,4282,7764,2141,2141,917,6847,10.8993,4097,0.634024303073624,0.9672846237731734,0.9301906233900051,0.7659758203799655,0.9777194288179764,1050.636,10,2026-09-18T18:12:38.201196+00:00
Llama-3.1-8B-Instruct,belief_bank_constraints,hidden,2,25878,belief_bank_constraints,104,4282,7764,2141,2141,917,6847,13.3982,4097,0.6375886524822695,0.9803707742639041,0.9318650180319423,0.7726686721100129,0.9823450686201075,1064.842,10,2026-09-18T18:12:38.201196+00:00
Llama-3.1-8B-Instruct,belief_bank_constraints,hidden,2,25878,belief_bank_constraints,123,4282,7764,2141,2141,917,6847,12.4055,4097,0.6395759717314488,0.9869138495092693,0.9327666151468316,0.7761578044596913,0.9802015513086391,1078.058,10,2026-09-18T18:12:38.201196+00:00
Llama-3.1-8B-Instruct,belief_bank_constraints,hidden,2,25878,belief_bank_constraints,420,4282,7764,2141,2141,917,6847,12.8823,4097,0.6323943661971831,0.9792802617230099,0.9303194229778464,0.7685066324347454,0.9823640215910971,1091.746,10,2026-09-18T18:12:38.201196+00:00
Llama-3.1-8B-Instruct,belief_bank_constraints,hidden,2,25878,belief_bank_constraints,511,4282,7764,2141,2141,917,6847,13.6664,4097,0.6307258632840028,0.9760087241003271,0.9296754250386399,0.7662671232876712,0.9773598001751637,1106.208,10,2026-09-18T18:12:38.201196+00:00
Llama-3.1-8B-Instruct,belief_bank_constraints,hidden,2,25878,belief_bank_constraints,mean,0,0,0,0,0,0,12.835849999999999,4097.0,0.6331148084016563,0.9758996728462377,0.9303065430190622,0.7679299396437667,0.9804015449697461,9620.585,10,2026-09-18T18:12:38.201196+00:00
Llama-3.1-8B-Instruct,belief_bank_constraints,hidden,2,25878,belief_bank_constraints,std,0,0,0,0,0,0,0.7730606848753853,0.0,0.010371049533436535,0.005675905639988273,0.002938465988264024,0.007415674282797436,0.0025094875031428233,9620.585,10,2026-09-18T18:12:38.201196+00:00
Llama-3.1-8B-Instruct,belief_bank_constraints,hidden,2,25878,belief_bank_facts,2,4282,27416,2141,2141,1971,25445,12.3696,4097,0.07670970827355332,0.40690005073566715,0.6052669973737963,0.12908417833574762,0.5450929517500716,1120.366,10,2026-09-18T18:12:38.201196+00:00
Llama-3.1-8B-Instruct,belief_bank_constraints,hidden,2,25878,belief_bank_facts,4,4282,27416,2141,2141,1971,25445,14.9489,4097,0.11720246966148605,0.558599695585997,0.6657791070907499,0.1937527496700396,0.6599913722447687,1137.075,10,2026-09-18T18:12:38.201196+00:00
Llama-3.1-8B-Instruct,belief_bank_constraints,hidden,2,25878,belief_bank_facts,24,4282,27416,2141,2141,1971,25445,11.419,4097,0.12278145695364238,0.9406392694063926,0.5125838926174496,0.21721047390311055,0.7411674926042471,1150.267,10,2026-09-18T18:12:38.201196+00:00
Llama-3.1-8B-Instruct,belief_bank_constraints,hidden,2,25878,belief_bank_facts,42,4282,27416,2141,2141,1971,25445,11.7814,4097,0.10943443287397893,0.8904109589041096,0.47118470965859355,0.1949133718347401,0.561663366206337,1163.826,10,2026-09-18T18:12:38.201196+00:00
Llama-3.1-8B-Instruct,belief_bank_constraints,hidden,2,25878,belief_bank_facts,64,4282,27416,2141,2141,1971,25445,11.477,4097,0.05333798152344431,0.3105022831050228,0.5542384009337613,0.09103756043138714,0.5002923506984105,1177.07,10,2026-09-18T18:12:38.201196+00:00
Llama-3.1-8B-Instruct,belief_bank_constraints,hidden,2,25878,belief_bank_facts,67,4282,27416,2141,2141,1971,25445,9.6542,4097,0.1299476135040745,0.9061390157280568,0.5570834549168369,0.22729875914731149,0.7052993100288234,1188.506,10,2026-09-18T18:12:38.201196+00:00
Llama-3.1-8B-Instruct,belief_bank_constraints,hidden,2,25878,belief_bank_facts,104,4282,27416,2141,2141,1971,25445,12.2338,4097,0.1407497396737244,0.8229325215626585,0.6260942515319522,0.24038532789922193,0.7422875754243168,1202.522,10,2026-09-18T18:12:38.201196+00:00
Llama-3.1-8B-Instruct,belief_bank_constraints,hidden,2,25878,belief_bank_facts,123,4282,27416,2141,2141,1971,25445,11.4977,4097,0.03315713599231139,0.1050228310502283,0.7154946016924424,0.050401753104455806,0.5770571498558534,1215.797,10,2026-09-18T18:12:38.201196+00:00
Llama-3.1-8B-Instruct,belief_bank_constraints,hidden,2,25878,belief_bank_facts,420,4282,27416,2141,2141,1971,25445,11.9924,4097,0.11377245508982035,0.8964992389649924,0.4905164867230814,0.20191978059650326,0.5795617112306075,1229.567,10,2026-09-18T18:12:38.201196+00:00
Llama-3.1-8B-Instruct,belief_bank_constraints,hidden,2,25878,belief_bank_facts,511,4282,27416,2141,2141,1971,25445,12.1906,4097,0.07304499781564001,0.4241501775748351,0.5716370002918004,0.12462731067382231,0.5693556071785237,1243.499,10,2026-09-18T18:12:38.201196+00:00
Llama-3.1-8B-Instruct,belief_bank_constraints,hidden,2,25878,belief_bank_facts,mean,0,0,0,0,0,0,11.956460000000002,4097.0,0.09701379913616756,0.626179604261796,0.5769878902830464,0.16706312655963396,0.618176888722196,9620.585,10,2026-09-18T18:12:38.201196+00:00
Llama-3.1-8B-Instruct,belief_bank_constraints,hidden,2,25878,belief_bank_facts,std,0,0,0,0,0,0,1.2376859659865262,0.0,0.03387647847228599,0.28698219221333027,0.07351257124899581,0.06070844529558407,0.08238094760793874,9620.585,10,2026-09-18T18:12:38.201196+00:00
Llama-3.1-8B-Instruct,belief_bank_constraints,hidden,2,25878,halu_eval,2,4282,10000,2141,2141,1912,8088,12.529,4097,0.19442956614890197,0.569560669456067,0.4665,0.28989751098096633,0.505701923196305,1256.885,10,2026-09-18T18:12:38.201196+00:00
Llama-3.1-8B-Instruct,belief_bank_constraints,hidden,2,25878,halu_eval,4,4282,10000,2141,2141,1912,8088,13.7105,4097,0.19015398973401773,0.426255230125523,0.5432,0.26298806066473057,0.49664539309230266,1271.478,10,2026-09-18T18:12:38.201196+00:00
Llama-3.1-8B-Instruct,belief_bank_constraints,hidden,2,25878,halu_eval,24,4282,10000,2141,2141,1912,8088,12.9851,4097,0.18884297520661156,0.4780334728033473,0.5076,0.2707345971563981,0.5009156276254092,1285.348,10,2026-09-18T18:12:38.201196+00:00
Llama-3.1-8B-Instruct,belief_bank_constraints,hidden,2,25878,halu_eval,42,4282,10000,2141,2141,1912,8088,12.269,4097,0.19177524429967427,0.49267782426778245,0.506,0.276084407971864,0.49633710150685556,1298.498,10,2026-09-18T18:12:38.201196+00:00
Llama-3.1-8B-Instruct,belief_bank_constraints,hidden,2,25878,halu_eval,64,4282,10000,2141,2141,1912,8088,12.3159,4097,0.19958056623558196,0.2986401673640167,0.6369,0.23926251833228576,0.5045000871687587,1311.692,10,2026-09-18T18:12:38.201196+00:00
Llama-3.1-8B-Instruct,belief_bank_constraints,hidden,2,25878,halu_eval,67,4282,10000,2141,2141,1912,8088,10.6941,4097,0.19120135363790186,0.35460251046025104,0.5898,0.24844265298644191,0.5028921210305882,1323.253,10,2026-09-18T18:12:38.201196+00:00
Llama-3.1-8B-Instruct,belief_bank_constraints,hidden,2,25878,halu_eval,104,4282,10000,2141,2141,1912,8088,12.7903,4097,0.1896364032222948,0.4555439330543933,0.5237,0.26779400461183706,0.49426134694097146,1336.912,10,2026-09-18T18:12:38.201196+00:00
Llama-3.1-8B-Instruct,belief_bank_constraints,hidden,2,25878,halu_eval,123,4282,10000,2141,2141,1912,8088,13.197,4097,0.1945971790580923,0.42573221757322177,0.5533,0.26710418375717804,0.5048935105575076,1350.984,10,2026-09-18T18:12:38.201196+00:00
Llama-3.1-8B-Instruct,belief_bank_constraints,hidden,2,25878,halu_eval,420,4282,10000,2141,2141,1912,8088,12.8666,4097,0.1886949293433084,0.47489539748953974,0.5092,0.27007733491969066,0.49305925225242,1364.715,10,2026-09-18T18:12:38.201196+00:00
Llama-3.1-8B-Instruct,belief_bank_constraints,hidden,2,25878,halu_eval,511,4282,10000,2141,2141,1912,8088,13.0725,4097,0.19110884006131834,0.3912133891213389,0.567,0.2567799519395812,0.49210314417971357,1378.675,10,2026-09-18T18:12:38.201196+00:00
Llama-3.1-8B-Instruct,belief_bank_constraints,hidden,2,25878,halu_eval,mean,0,0,0,0,0,0,12.643,4097.0,0.19200210469477033,0.43671548117154807,0.54032,0.2649165223320974,0.4991309507550833,9620.585,10,2026-09-18T18:12:38.201196+00:00
Llama-3.1-8B-Instruct,belief_bank_constraints,hidden,2,25878,halu_eval,std,0,0,0,0,0,0,0.7666646450697981,0.0,0.003185596165251398,0.0723925704007347,0.04648343360811461,0.013497259892804916,0.004964837291317637,9620.585,10,2026-09-18T18:12:38.201196+00:00
Llama-3.1-8B-Instruct,belief_bank_constraints,hidden,3,25878,belief_bank_constraints,2,4282,7764,2141,2141,917,6847,12.0069,4097,0.6456977584960232,0.9738276990185387,0.9337970118495621,0.7765217391304348,0.9802627901098621,1392.313,10,2026-09-18T18:12:38.201196+00:00
Llama-3.1-8B-Instruct,belief_bank_constraints,hidden,3,25878,belief_bank_constraints,4,4282,7764,2141,2141,917,6847,11.7758,4097,0.6784888203546646,0.9596510359869138,0.9415249871200412,0.7949412827461608,0.9865534245231377,1404.91,10,2026-09-18T18:12:38.201196+00:00
Llama-3.1-8B-Instruct,belief_bank_constraints,hidden,3,25878,belief_bank_constraints,24,4282,7764,2141,2141,917,6847,10.2478,4097,0.6719457013574661,0.9716466739367503,0.9406233900051519,0.7944716897012929,0.9863322003491487,1415.973,10,2026-09-18T18:12:38.201196+00:00
Llama-3.1-8B-Instruct,belief_bank_constraints,hidden,3,25878,belief_bank_constraints,42,4282,7764,2141,2141,917,6847,10.4113,4097,0.6528384279475983,0.9781897491821155,0.9359866048428646,0.7830641641204714,0.9857705394063325,1427.197,10,2026-09-18T18:12:38.201196+00:00
Llama-3.1-8B-Instruct,belief_bank_constraints,hidden,3,25878,belief_bank_constraints,64,4282,7764,2141,2141,917,6847,12.3654,4097,0.6624441132637854,0.9694656488549618,0.9380473982483256,0.7870739265161576,0.9822140701441493,1440.397,10,2026-09-18T18:12:38.201196+00:00
Llama-3.1-8B-Instruct,belief_bank_constraints,hidden,3,25878,belief_bank_constraints,67,4282,7764,2141,2141,917,6847,9.9441,4097,0.6744890234670704,0.9716466739367503,0.9412673879443586,0.7962466487935657,0.9826429010213742,1451.16,10,2026-09-18T18:12:38.201196+00:00
Llama-3.1-8B-Instruct,belief_bank_constraints,hidden,3,25878,belief_bank_constraints,104,4282,7764,2141,2141,917,6847,10.9287,4097,0.6739293764087152,0.9781897491821155,0.9415249871200412,0.7980427046263345,0.9850623512928395,1462.925,10,2026-09-18T18:12:38.201196+00:00
Llama-3.1-8B-Instruct,belief_bank_constraints,hidden,3,25878,belief_bank_constraints,123,4282,7764,2141,2141,917,6847,10.4232,4097,0.6644591611479028,0.9847328244274809,0.9394641937145801,0.7934973637961336,0.9855369719109006,1474.192,10,2026-09-18T18:12:38.201196+00:00
Llama-3.1-8B-Instruct,belief_bank_constraints,hidden,3,25878,belief_bank_constraints,420,4282,7764,2141,2141,917,6847,10.3976,4097,0.6614814814814814,0.9738276990185387,0.9380473982483256,0.7878253198059109,0.9849623305719863,1485.43,10,2026-09-18T18:12:38.201196+00:00
Llama-3.1-8B-Instruct,belief_bank_constraints,hidden,3,25878,belief_bank_constraints,511,4282,7764,2141,2141,917,6847,9.9099,4097,0.6607799852832965,0.9792802617230099,0.9381761978361669,0.789103690685413,0.9812360809142149,1496.157,10,2026-09-18T18:12:38.201196+00:00
Llama-3.1-8B-Instruct,belief_bank_constraints,hidden,3,25878,belief_bank_constraints,mean,0,0,0,0,0,0,10.841069999999998,4097.0,0.6646553849208003,0.9740458015267176,0.9388459556929419,0.7900788529921875,0.9840573660243945,9620.585,10,2026-09-18T18:12:38.201196+00:00
Llama-3.1-8B-Instruct,belief_bank_constraints,hidden,3,25878,belief_bank_constraints,std,0,0,0,0,0,0,0.8452056555063978,0.0,0.009778919664752276,0.006447871537227694,0.0024320963940076415,0.006357288920445133,0.0021474459030054985,9620.585,10,2026-09-18T18:12:38.201196+00:00
Llama-3.1-8B-Instruct,belief_bank_constraints,hidden,3,25878,belief_bank_facts,2,4282,27416,2141,2141,1971,25445,10.1862,4097,0.05509454495986941,0.410958904109589,0.45094105631747883,0.09716307803034847,0.4656900972930443,1508.069,10,2026-09-18T18:12:38.201196+00:00
Llama-3.1-8B-Instruct,belief_bank_constraints,hidden,3,25878,belief_bank_facts,4,4282,27416,2141,2141,1971,25445,10.9527,4097,0.08957069666097403,0.771689497716895,0.41968193755471256,0.160510764035458,0.5079709730969364,1520.788,10,2026-09-18T18:12:38.201196+00:00
Llama-3.1-8B-Instruct,belief_bank_constraints,hidden,3,25878,belief_bank_facts,24,4282,27416,2141,2141,1971,25445,9.9193,4097,0.11418707243782367,0.9061390157280568,0.48789028304639626,0.20281626163979105,0.7699430502354886,1532.499,10,2026-09-18T18:12:38.201196+00:00
Llama-3.1-8B-Instruct,belief_bank_constraints,hidden,3,25878,belief_bank_facts,42,4282,27416,2141,2141,1971,25445,9.4972,4097,0.11010925365275767,0.8488077118214105,0.4959512693317771,0.19493154675211186,0.6869741433533336,1543.787,10,2026-09-18T18:12:38.201196+00:00
Llama-3.1-8B-Instruct,belief_bank_constraints,hidden,3,25878,belief_bank_facts,64,4282,27416,2141,2141,1971,25445,11.9603,4097,0.05181844352749256,0.273972602739726,0.5873942223519113,0.08715300193673338,0.5032929830747848,1557.573,10,2026-09-18T18:12:38.201196+00:00
Llama-3.1-8B-Instruct,belief_bank_constraints,hidden,3,25878,belief_bank_facts,67,4282,27416,2141,2141,1971,25445,9.9583,4097,0.12359178263750828,0.7569761542364282,0.5966224102713744,0.21249020864487644,0.71744953027386,1569.335,10,2026-09-18T18:12:38.201196+00:00
Llama-3.1-8B-Instruct,belief_bank_constraints,hidden,3,25878,belief_bank_facts,104,4282,27416,2141,2141,1971,25445,12.1726,4097,0.1163595336592704,0.7848807711821411,0.5560256784359499,0.2026726057906459,0.7022733048340254,1583.311,10,2026-09-18T18:12:38.201196+00:00
Llama-3.1-8B-Instruct,belief_bank_constraints,hidden,3,25878,belief_bank_facts,123,4282,27416,2141,2141,1971,25445,11.5279,4097,0.0742755162743265,0.44342973110096395,0.5626641377297928,0.1272383170767215,0.514927651576669,1596.62,10,2026-09-18T18:12:38.201196+00:00
Llama-3.1-8B-Instruct,belief_bank_constraints,hidden,3,25878,belief_bank_facts,420,4282,27416,2141,2141,1971,25445,11.343,4097,0.0956248096639935,0.9558599695585996,0.346914210679895,0.17385687260646887,0.6942822827241814,1609.755,10,2026-09-18T18:12:38.201196+00:00
Llama-3.1-8B-Instruct,belief_bank_constraints,hidden,3,25878,belief_bank_facts,511,4282,27416,2141,2141,1971,25445,10.7929,4097,0.11021791124103109,0.8417047184170472,0.5001094251531952,0.19491276508253538,0.5787943554501561,1622.364,10,2026-09-18T18:12:38.201196+00:00
Llama-3.1-8B-Instruct,belief_bank_constraints,hidden,3,25878,belief_bank_facts,mean,0,0,0,0,0,0,10.83104,4097.0,0.09408495647150472,0.6994419076610857,0.5004194630872484,0.16537454215956907,0.6141598371912479,9620.585,10,2026-09-18T18:12:38.201196+00:00
Llama-3.1-8B-Instruct,belief_bank_constraints,hidden,3,25878,belief_bank_facts,std,0,0,0,0,0,0,0.8733199187010452,0.0,0.024514952359869058,0.22285449922319636,0.07516224518766733,0.04368114947555055,0.10541879558643866,9620.585,10,2026-09-18T18:12:38.201196+00:00
Llama-3.1-8B-Instruct,belief_bank_constraints,hidden,3,25878,halu_eval,2,4282,10000,2141,2141,1912,8088,12.168,4097,0.1936716925037163,0.4769874476987448,0.5203,0.2754870865428183,0.5043500314531782,1635.434,10,2026-09-18T18:12:38.201196+00:00
Llama-3.1-8B-Instruct,belief_bank_constraints,hidden,3,25878,halu_eval,4,4282,10000,2141,2141,1912,8088,12.4067,4097,0.19244868035190615,0.274581589958159,0.641,0.22629310344827586,0.5009341542198991,1648.755,10,2026-09-18T18:12:38.201196+00:00
Llama-3.1-8B-Instruct,belief_bank_constraints,hidden,3,25878,halu_eval,24,4282,10000,2141,2141,1912,8088,11.2889,4097,0.19178470254957508,0.3540794979079498,0.5912,0.2488055861815509,0.4990259796526907,1660.916,10,2026-09-18T18:12:38.201196+00:00
Llama-3.1-8B-Instruct,belief_bank_constraints,hidden,3,25878,halu_eval,42,4282,10000,2141,2141,1912,8088,10.2559,4097,0.1877877877877878,0.4905857740585774,0.4969,0.2716085131026495,0.4991123724283923,1672.047,10,2026-09-18T18:12:38.201196+00:00
Llama-3.1-8B-Instruct,belief_bank_constraints,hidden,3,25878,halu_eval,64,4282,10000,2141,2141,1912,8088,11.7656,4097,0.1940745672436751,0.3049163179916318,0.625,0.2371847030105777,0.5063003354315914,1684.685,10,2026-09-18T18:12:38.201196+00:00
Llama-3.1-8B-Instruct,belief_bank_constraints,hidden,3,25878,halu_eval,67,4282,10000,2141,2141,1912,8088,9.7704,4097,0.18526687251874724,0.2196652719665272,0.6661,0.20100502512562815,0.49672282973070286,1695.324,10,2026-09-18T18:12:38.201196+00:00
Llama-3.1-8B-Instruct,belief_bank_constraints,hidden,3,25878,halu_eval,104,4282,10000,2141,2141,1912,8088,10.8693,4097,0.19068413391557495,0.6166317991631799,0.4263,0.2912909203211859,0.49563907245198213,1707.061,10,2026-09-18T18:12:38.201196+00:00
Llama-3.1-8B-Instruct,belief_bank_constraints,hidden,3,25878,halu_eval,123,4282,10000,2141,2141,1912,8088,11.8071,4097,0.19432264020309253,0.44037656903765693,0.5439,0.26965572457966375,0.5036832680472957,1719.72,10,2026-09-18T18:12:38.201196+00:00
Llama-3.1-8B-Instruct,belief_bank_constraints,hidden,3,25878,halu_eval,420,4282,10000,2141,2141,1912,8088,11.3071,4097,0.1847417840375587,0.41161087866108786,0.5402,0.25502268308489956,0.4960761448853407,1731.897,10,2026-09-18T18:12:38.201196+00:00
Llama-3.1-8B-Instruct,belief_bank_constraints,hidden,3,25878,halu_eval,511,4282,10000,2141,2141,1912,8088,10.8589,4097,0.18575197889182057,0.3682008368200837,0.5706,0.2469309014380919,0.4995880500167612,1743.593,10,2026-09-18T18:12:38.201196+00:00
Llama-3.1-8B-Instruct,belief_bank_constraints,hidden,3,25878,halu_eval,mean,0,0,0,0,0,0,11.24979,4097.0,0.19005348400034544,0.3957635983263598,0.56215,0.2523284246835341,0.5001432238317836,9620.585,10,2026-09-18T18:12:38.201196+00:00
Llama-3.1-8B-Instruct,belief_bank_constraints,hidden,3,25878,halu_eval,std,0,0,0,0,0,0,0.7897467004679409,0.0,0.0036246402848711945,0.11093194868958774,0.06867854468463933,0.02513249110873615,0.0034628232887990167,9620.585,10,2026-09-18T18:12:38.201196+00:00
Llama-3.1-8B-Instruct,belief_bank_constraints,hidden,4,25878,belief_bank_constraints,2,4282,7764,2141,2141,917,6847,9.5645,4097,0.658069270449521,0.9738276990185387,0.9371458011334364,0.7854001759014951,0.9828904045248865,1754.779,10,2026-09-18T18:12:38.201196+00:00
Llama-3.1-8B-Instruct,belief_bank_constraints,hidden,4,25878,belief_bank_constraints,4,4282,7764,2141,2141,917,6847,11.4682,4097,0.6861538461538461,0.9727371864776445,0.9442297784647089,0.8046910239061795,0.985335815588548,1767.049,10,2026-09-18T18:12:38.201196+00:00
Llama-3.1-8B-Instruct,belief_bank_constraints,hidden,4,25878,belief_bank_constraints,24,4282,7764,2141,2141,917,6847,9.876,4097,0.6850574712643678,0.9749182115594329,0.9441009788768676,0.8046804680468047,0.9877443559565444,1777.703,10,2026-09-18T18:12:38.201196+00:00
Llama-3.1-8B-Instruct,belief_bank_constraints,hidden,4,25878,belief_bank_constraints,42,4282,7764,2141,2141,917,6847,9.5644,4097,0.6641957005189029,0.9770992366412213,0.9389489953632149,0.7908208296557812,0.9863264666772527,1788.074,10,2026-09-18T18:12:38.201196+00:00
Llama-3.1-8B-Instruct,belief_bank_constraints,hidden,4,25878,belief_bank_constraints,64,4282,7764,2141,2141,917,6847,10.1988,4097,0.6868300153139357,0.9781897491821155,0.9447449768160742,0.8070175438596491,0.9854571783103475,1799.074,10,2026-09-18T18:12:38.201196+00:00
Llama-3.1-8B-Instruct,belief_bank_constraints,hidden,4,25878,belief_bank_constraints,67,4282,7764,2141,2141,917,6847,7.9232,4097,0.6719939117199392,0.9629225736095965,0.9401081916537867,0.7915732855221873,0.9816869705013728,1807.8,10,2026-09-18T18:12:38.201196+00:00
Llama-3.1-8B-Instruct,belief_bank_constraints,hidden,4,25878,belief_bank_constraints,104,4282,7764,2141,2141,917,6847,9.5449,4097,0.6683976261127597,0.9825517993456925,0.9403657908294694,0.7955849889624724,0.9829690832447935,1818.139,10,2026-09-18T18:12:38.201196+00:00
Llama-3.1-8B-Instruct,belief_bank_constraints,hidden,4,25878,belief_bank_constraints,123,4282,7764,2141,2141,917,6847,9.7266,4097,0.6706231454005934,0.9858233369683751,0.9411385883565173,0.798233995584989,0.9834006216893022,1828.668,10,2026-09-18T18:12:38.201196+00:00
Llama-3.1-8B-Instruct,belief_bank_constraints,hidden,4,25878,belief_bank_constraints,420,4282,7764,2141,2141,917,6847,10.1649,4097,0.6528384279475983,0.9781897491821155,0.9359866048428646,0.7830641641204714,0.9824912772534564,1839.637,10,2026-09-18T18:12:38.201196+00:00
Llama-3.1-8B-Instruct,belief_bank_constraints,hidden,4,25878,belief_bank_constraints,511,4282,7764,2141,2141,917,6847,10.4183,4097,0.6644444444444444,0.9781897491821155,0.9390777949510561,0.7913542126157918,0.9819371815721696,1850.866,10,2026-09-18T18:12:38.201196+00:00
Llama-3.1-8B-Instruct,belief_bank_constraints,hidden,4,25878,belief_bank_constraints,mean,0,0,0,0,0,0,9.844980000000001,4097.0,0.6708603859325908,0.9764449291166848,0.9405847501287996,0.7952420688175821,0.9840239355318673,9620.585,10,2026-09-18T18:12:38.201196+00:00
Llama-3.1-8B-Instruct,belief_bank_constraints,hidden,4,25878,belief_bank_constraints,std,0,0,0,0,0,0,0.8453835221956956,0.0,0.011277714801776015,0.005836025369796993,0.00285403728127931,0.00787009616316093,0.0019460089166065324,9620.585,10,2026-09-18T18:12:38.201196+00:00
Llama-3.1-8B-Instruct,belief_bank_constraints,hidden,4,25878,belief_bank_facts,2,4282,27416,2141,2141,1971,25445,10.2249,4097,0.08765042795546689,0.6910197869101978,0.4606798949518529,0.1555682467161622,0.532974006370023,1862.849,10,2026-09-18T18:12:38.201196+00:00
Llama-3.1-8B-Instruct,belief_bank_constraints,hidden,4,25878,belief_bank_facts,4,4282,27416,2141,2141,1971,25445,12.0705,4097,0.09274915456534713,0.9462201927955353,0.33071928800700323,0.1689388106345396,0.5982950263593176,1876.671,10,2026-09-18T18:12:38.201196+00:00
Llama-3.1-8B-Instruct,belief_bank_constraints,hidden,4,25878,belief_bank_facts,24,4282,27416,2141,2141,1971,25445,10.2155,4097,0.11610681567149633,0.9066463723997971,0.4970819959147943,0.20585186038474831,0.6485674925444291,1888.661,10,2026-09-18T18:12:38.201196+00:00
Llama-3.1-8B-Instruct,belief_bank_constraints,hidden,4,25878,belief_bank_facts,42,4282,27416,2141,2141,1971,25445,10.4366,4097,0.10769320230272722,0.9396245560629122,0.43594981032973446,0.19323873121869783,0.7035892319154363,1900.847,10,2026-09-18T18:12:38.201196+00:00
Llama-3.1-8B-Instruct,belief_bank_constraints,hidden,4,25878,belief_bank_facts,64,4282,27416,2141,2141,1971,25445,11.352,4097,0.12447877503588763,0.923896499238965,0.5273562882988037,0.2193975903614458,0.7610153075360062,1913.944,10,2026-09-18T18:12:38.201196+00:00
Llama-3.1-8B-Instruct,belief_bank_constraints,hidden,4,25878,belief_bank_facts,67,4282,27416,2141,2141,1971,25445,8.7849,4097,0.12607099143206854,0.6793505834601725,0.6383863437408812,0.21267471410419314,0.6327235183295932,1924.472,10,2026-09-18T18:12:38.201196+00:00
Llama-3.1-8B-Instruct,belief_bank_constraints,hidden,4,25878,belief_bank_facts,104,4282,27416,2141,2141,1971,25445,10.4366,4097,0.11005407570598838,0.5575849822425165,0.6440399766559674,0.18382537425775697,0.6602559673728485,1936.657,10,2026-09-18T18:12:38.201196+00:00
Llama-3.1-8B-Instruct,belief_bank_constraints,hidden,4,25878,belief_bank_facts,123,4282,27416,2141,2141,1971,25445,11.393,4097,0.11082867310625318,0.7742262810755961,0.537204552086373,0.19390088945362136,0.5974932253577842,1949.781,10,2026-09-18T18:12:38.201196+00:00
Llama-3.1-8B-Instruct,belief_bank_constraints,hidden,4,25878,belief_bank_facts,420,4282,27416,2141,2141,1971,25445,10.7168,4097,0.11465902273181788,0.8726534753932014,0.5064196089874525,0.20268677822295544,0.618408961779164,1962.224,10,2026-09-18T18:12:38.201196+00:00
Llama-3.1-8B-Instruct,belief_bank_constraints,hidden,4,25878,belief_bank_facts,511,4282,27416,2141,2141,1971,25445,10.9988,4097,0.12659823518818655,0.7133434804667681,0.6255836008170411,0.21503402921159287,0.6914678738744613,1974.921,10,2026-09-18T18:12:38.201196+00:00
Llama-3.1-8B-Instruct,belief_bank_constraints,hidden,4,25878,belief_bank_facts,mean,0,0,0,0,0,0,10.66296,4097.0,0.11168893736952397,0.8004566210045663,0.5203421359789904,0.19511170245657133,0.6444790611439064,9620.585,10,2026-09-18T18:12:38.201196+00:00
Llama-3.1-8B-Instruct,belief_bank_constraints,hidden,4,25878,belief_bank_facts,std,0,0,0,0,0,0,0.8441738389692016,0.0,0.012557840886436286,0.12893689988579543,0.09381803615765771,0.019618756458562692,0.060942708765264426,9620.585,10,2026-09-18T18:12:38.201196+00:00
Llama-3.1-8B-Instruct,belief_bank_constraints,hidden,4,25878,halu_eval,2,4282,10000,2141,2141,1912,8088,9.9225,4097,0.19035451932290004,0.6234309623430963,0.421,0.29165647173966236,0.5003782270546995,1985.726,10,2026-09-18T18:12:38.201196+00:00
Llama-3.1-8B-Instruct,belief_bank_constraints,hidden,4,25878,halu_eval,4,4282,10000,2141,2141,1912,8088,12.6295,4097,0.19567939887288666,0.32688284518828453,0.6144,0.24481002741872307,0.5063919337600205,1999.216,10,2026-09-18T18:12:38.201196+00:00
Llama-3.1-8B-Instruct,belief_bank_constraints,hidden,4,25878,halu_eval,24,4282,10000,2141,2141,1912,8088,10.8171,4097,0.1955503512880562,0.4367154811715481,0.5488,0.27013911355548365,0.5027925042110011,2010.898,10,2026-09-18T18:12:38.201196+00:00
Llama-3.1-8B-Instruct,belief_bank_constraints,hidden,4,25878,halu_eval,42,4282,10000,2141,2141,1912,8088,10.2856,4097,0.193194055567521,0.46914225941422594,0.5239,0.2736842105263158,0.4998051312652869,2022.055,10,2026-09-18T18:12:38.201196+00:00
Llama-3.1-8B-Instruct,belief_bank_constraints,hidden,4,25878,halu_eval,64,4282,10000,2141,2141,1912,8088,10.5224,4097,0.19756382446187218,0.6192468619246861,0.4463,0.2995572422517394,0.5121805407256579,2033.424,10,2026-09-18T18:12:38.201196+00:00
Llama-3.1-8B-Instruct,belief_bank_constraints,hidden,4,25878,halu_eval,67,4282,10000,2141,2141,1912,8088,7.9042,4097,0.19067718847494952,0.5434100418410042,0.4717,0.282298600733596,0.5024031870657082,2042.181,10,2026-09-18T18:12:38.201196+00:00
Llama-3.1-8B-Instruct,belief_bank_constraints,hidden,4,25878,halu_eval,104,4282,10000,2141,2141,1912,8088,9.4541,4097,0.1975199291408326,0.4665271966527197,0.5356,0.2775357809583074,0.5084350970392626,2052.505,10,2026-09-18T18:12:38.201196+00:00
Llama-3.1-8B-Instruct,belief_bank_constraints,hidden,4,25878,halu_eval,123,4282,10000,2141,2141,1912,8088,9.5818,4097,0.2022831964750651,0.5282426778242678,0.5115,0.29254163649529324,0.5121709379358438,2062.957,10,2026-09-18T18:12:38.201196+00:00
Llama-3.1-8B-Instruct,belief_bank_constraints,hidden,4,25878,halu_eval,420,4282,10000,2141,2141,1912,8088,8.8389,4097,0.19180662376393032,0.6391213389121339,0.4161,0.2950621755402632,0.5054327864205042,2072.668,10,2026-09-18T18:12:38.201196+00:00
Llama-3.1-8B-Instruct,belief_bank_constraints,hidden,4,25878,halu_eval,511,4282,10000,2141,2141,1912,8088,9.3729,4097,0.1918358714043993,0.4743723849372385,0.5174,0.27319277108433737,0.49723869677273835,2082.919,10,2026-09-18T18:12:38.201196+00:00
Llama-3.1-8B-Instruct,belief_bank_constraints,hidden,4,25878,halu_eval,mean,0,0,0,0,0,0,9.9329,4097.0,0.1946464958772413,0.5127092050209205,0.5006700000000001,0.28004780303037213,0.5047229042250724,9620.585,10,2026-09-18T18:12:38.201196+00:00
Llama-3.1-8B-Instruct,belief_bank_constraints,hidden,4,25878,halu_eval,std,0,0,0,0,0,0,1.2043279138174952,0.0,0.003594732179334028,0.09304863681454978,0.05890898148839443,0.015282842469076704,0.004861492773247759,9620.585,10,2026-09-18T18:12:38.201196+00:00
Llama-3.1-8B-Instruct,belief_bank_constraints,hidden,5,25878,belief_bank_constraints,2,4282,7764,2141,2141,917,6847,9.5944,4097,0.6711509715994021,0.9792802617230099,0.9408809891808346,0.7964523281596453,0.9830370909642268,2094.179,10,2026-09-18T18:12:38.201196+00:00
Llama-3.1-8B-Instruct,belief_bank_constraints,hidden,5,25878,belief_bank_constraints,4,4282,7764,2141,2141,917,6847,10.2298,4097,0.7056037884767167,0.9749182115594329,0.9489953632148377,0.8186813186813187,0.988007069617448,2105.192,10,2026-09-18T18:12:38.201196+00:00
Llama-3.1-8B-Instruct,belief_bank_constraints,hidden,5,25878,belief_bank_constraints,24,4282,7764,2141,2141,917,6847,9.8723,4097,0.6894696387394312,0.9781897491821155,0.9453889747552808,0.8088367899008115,0.9868821550451774,2115.858,10,2026-09-18T18:12:38.201196+00:00
Llama-3.1-8B-Instruct,belief_bank_constraints,hidden,5,25878,belief_bank_constraints,42,4282,7764,2141,2141,917,6847,10.2016,4097,0.6688938381588716,0.9825517993456925,0.9404945904173106,0.7959363957597173,0.9848060880128192,2126.864,10,2026-09-18T18:12:38.201196+00:00
Llama-3.1-8B-Instruct,belief_bank_constraints,hidden,5,25878,belief_bank_constraints,64,4282,7764,2141,2141,917,6847,10.9008,4097,0.6833590138674884,0.9672846237731734,0.9431993817619784,0.800902934537246,0.9848554612985906,2138.571,10,2026-09-18T18:12:38.201196+00:00
Llama-3.1-8B-Instruct,belief_bank_constraints,hidden,5,25878,belief_bank_constraints,67,4282,7764,2141,2141,917,6847,8.8453,4097,0.680672268907563,0.9716466739367503,0.9428129829984544,0.8005390835579514,0.9848216167075377,2148.221,10,2026-09-18T18:12:38.201196+00:00
Llama-3.1-8B-Instruct,belief_bank_constraints,hidden,5,25878,belief_bank_constraints,104,4282,7764,2141,2141,917,6847,10.78,4097,0.6816450875856817,0.9760087241003271,0.9433281813498197,0.8026905829596412,0.9829334070641069,2159.822,10,2026-09-18T18:12:38.201196+00:00
Llama-3.1-8B-Instruct,belief_bank_constraints,hidden,5,25878,belief_bank_constraints,123,4282,7764,2141,2141,917,6847,10.5474,4097,0.6842501883948756,0.990185387131952,0.9448737764039155,0.8092691622103387,0.985029541948101,2171.186,10,2026-09-18T18:12:38.201196+00:00
Llama-3.1-8B-Instruct,belief_bank_constraints,hidden,5,25878,belief_bank_constraints,420,4282,7764,2141,2141,917,6847,9.8397,4097,0.6709050112191474,0.9781897491821155,0.9407521895929933,0.7959183673469388,0.9852520402714002,2181.837,10,2026-09-18T18:12:38.201196+00:00
Llama-3.1-8B-Instruct,belief_bank_constraints,hidden,5,25878,belief_bank_constraints,511,4282,7764,2141,2141,917,6847,9.7123,4097,0.6785173978819969,0.9781897491821155,0.9426841834106131,0.8012505582849486,0.9830918793845669,2192.37,10,2026-09-18T18:12:38.201196+00:00
Llama-3.1-8B-Instruct,belief_bank_constraints,hidden,5,25878,belief_bank_constraints,mean,0,0,0,0,0,0,10.052359999999998,4097.0,0.6814467204831175,0.9776444929116686,0.9433410613086037,0.8030477521398558,0.9848716350313975,9620.585,10,2026-09-18T18:12:38.201196+00:00
Llama-3.1-8B-Instruct,belief_bank_constraints,hidden,5,25878,belief_bank_constraints,std,0,0,0,0,0,0,0.5837928077665909,0.0,0.010214560388463582,0.005816634832320435,0.0024515606769117495,0.006897663191374914,0.0015601170819582388,9620.585,10,2026-09-18T18:12:38.201196+00:00
Llama-3.1-8B-Instruct,belief_bank_constraints,hidden,5,25878,belief_bank_facts,2,4282,27416,2141,2141,1971,25445,10.4726,4097,0.1434449223863849,0.778285134449518,0.6499489349285089,0.24224240031583102,0.7345445389669165,2204.591,10,2026-09-18T18:12:38.201196+00:00
Llama-3.1-8B-Instruct,belief_bank_constraints,hidden,5,25878,belief_bank_facts,4,4282,27416,2141,2141,1971,25445,11.1976,4097,0.16134845754266935,0.7721968543886352,0.6950685730960023,0.26692388635566466,0.7471043931464877,2217.513,10,2026-09-18T18:12:38.201196+00:00
Llama-3.1-8B-Instruct,belief_bank_constraints,hidden,5,25878,belief_bank_facts,24,4282,27416,2141,2141,1971,25445,9.8023,4097,0.1977723832643153,0.7026889903602233,0.7737087831922965,0.3086694896367283,0.7704488117595086,2229.014,10,2026-09-18T18:12:38.201196+00:00
Llama-3.1-8B-Instruct,belief_bank_constraints,hidden,5,25878,belief_bank_facts,42,4282,27416,2141,2141,1971,25445,10.4849,4097,0.18360744135885684,0.6910197869101978,0.7568937846512985,0.29012674406220046,0.7687888412238809,2241.223,10,2026-09-18T18:12:38.201196+00:00
Llama-3.1-8B-Instruct,belief_bank_constraints,hidden,5,25878,belief_bank_facts,64,4282,27416,2141,2141,1971,25445,10.3334,4097,0.18463987266215678,0.47082699137493655,0.8124817624744675,0.2652565385165071,0.7638785179362898,2253.282,10,2026-09-18T18:12:38.201196+00:00
Llama-3.1-8B-Instruct,belief_bank_constraints,hidden,5,25878,belief_bank_facts,67,4282,27416,2141,2141,1971,25445,8.7267,4097,0.1113662456946039,0.4429223744292237,0.7058651882112635,0.1779816513761468,0.674608438590651,2263.754,10,2026-09-18T18:12:38.201196+00:00
Llama-3.1-8B-Instruct,belief_bank_constraints,hidden,5,25878,belief_bank_facts,104,4282,27416,2141,2141,1971,25445,10.9199,4097,0.058094384707287935,0.19736174530695078,0.712248322147651,0.08976577823929849,0.6551150754519827,2276.411,10,2026-09-18T18:12:38.201196+00:00
Llama-3.1-8B-Instruct,belief_bank_constraints,hidden,5,25878,belief_bank_facts,123,4282,27416,2141,2141,1971,25445,10.7686,4097,0.14861153494049437,0.741248097412481,0.6761015465421651,0.24758515505846468,0.7962033689719242,2288.892,10,2026-09-18T18:12:38.201196+00:00
Llama-3.1-8B-Instruct,belief_bank_constraints,hidden,5,25878,belief_bank_facts,420,4282,27416,2141,2141,1971,25445,9.2947,4097,0.11302236163108367,0.5667174023338407,0.6491100087540123,0.18845959169900456,0.6441485445423567,2299.915,10,2026-09-18T18:12:38.201196+00:00
Llama-3.1-8B-Instruct,belief_bank_constraints,hidden,5,25878,belief_bank_facts,511,4282,27416,2141,2141,1971,25445,8.8004,4097,0.12330338367424966,0.654490106544901,0.6406113218558506,0.20751226574438994,0.7499171370607749,2310.469,10,2026-09-18T18:12:38.201196+00:00
Llama-3.1-8B-Instruct,belief_bank_constraints,hidden,5,25878,belief_bank_facts,mean,0,0,0,0,0,0,10.08011,4097.0,0.14252109878621028,0.6017757483510907,0.7072038225853515,0.22845235010042358,0.7304757667650773,9620.585,10,2026-09-18T18:12:38.201196+00:00
Llama-3.1-8B-Instruct,belief_bank_constraints,hidden,5,25878,belief_bank_facts,std,0,0,0,0,0,0,0.8350767850323705,0.0,0.04030532270659044,0.175425192646648,0.054958962904403746,0.06119519747900978,0.05042361741192822,9620.585,10,2026-09-18T18:12:38.201196+00:00
Llama-3.1-8B-Instruct,belief_bank_constraints,hidden,5,25878,halu_eval,2,4282,10000,2141,2141,1912,8088,9.6618,4097,0.18902439024390244,0.6647489539748954,0.3906,0.29434923575729505,0.49098831524775594,2321.019,10,2026-09-18T18:12:38.201196+00:00
Llama-3.1-8B-Instruct,belief_bank_constraints,hidden,5,25878,halu_eval,4,4282,10000,2141,2141,1912,8088,10.4122,4097,0.18785753829119764,0.5324267782426778,0.4705,0.27772473059609876,0.4953506977639274,2332.312,10,2026-09-18T18:12:38.201196+00:00
Llama-3.1-8B-Instruct,belief_bank_constraints,hidden,5,25878,halu_eval,24,4282,10000,2141,2141,1912,8088,8.6296,4097,0.18935208437970869,0.5915271966527197,0.4377,0.2868738110336081,0.4984756783643519,2341.82,10,2026-09-18T18:12:38.201196+00:00
Llama-3.1-8B-Instruct,belief_bank_constraints,hidden,5,25878,halu_eval,42,4282,10000,2141,2141,1912,8088,9.2546,4097,0.18850288206885807,0.6328451882845189,0.4089,0.29048133477373667,0.4931662085780266,2351.948,10,2026-09-18T18:12:38.201196+00:00
Llama-3.1-8B-Instruct,belief_bank_constraints,hidden,5,25878,halu_eval,64,4282,10000,2141,2141,1912,8088,9.5357,4097,0.18689196108550948,0.7635983263598326,0.3196,0.3002879473467709,0.4950142121289249,2362.364,10,2026-09-18T18:12:38.201196+00:00
Llama-3.1-8B-Instruct,belief_bank_constraints,hidden,5,25878,halu_eval,67,4282,10000,2141,2141,1912,8088,7.5398,4097,0.19155639571518587,0.6359832635983264,0.4172,0.2944309927360775,0.49817456462179627,2370.786,10,2026-09-18T18:12:38.201196+00:00
Llama-3.1-8B-Instruct,belief_bank_constraints,hidden,5,25878,halu_eval,104,4282,10000,2141,2141,1912,8088,10.3759,4097,0.1858392999204455,0.6108786610878661,0.4139,0.2849823106014395,0.4984411794527975,2382.042,10,2026-09-18T18:12:38.201196+00:00
Llama-3.1-8B-Instruct,belief_bank_constraints,hidden,5,25878,halu_eval,123,4282,10000,2141,2141,1912,8088,10.8868,4097,0.19227012697083856,0.7207112970711297,0.3677,0.30355766053530125,0.499452834976348,2393.812,10,2026-09-18T18:12:38.201196+00:00
Llama-3.1-8B-Instruct,belief_bank_constraints,hidden,5,25878,halu_eval,420,4282,10000,2141,2141,1912,8088,9.6611,4097,0.18805782526712758,0.7824267782426778,0.3125,0.3032329988851728,0.4988278129901626,2404.333,10,2026-09-18T18:12:38.201196+00:00
Llama-3.1-8B-Instruct,belief_bank_constraints,hidden,5,25878,halu_eval,511,4282,10000,2141,2141,1912,8088,9.833,4097,0.19003818118708782,0.5726987447698745,0.4516,0.28537920250195464,0.4934445278195084,2415.025,10,2026-09-18T18:12:38.201196+00:00
Llama-3.1-8B-Instruct,belief_bank_constraints,hidden,5,25878,halu_eval,mean,0,0,0,0,0,0,9.57905,4097.0,0.1889390685129862,0.6507845188284518,0.39902000000000004,0.29213002247674547,0.4961336031943599,9620.585,10,2026-09-18T18:12:38.201196+00:00
Llama-3.1-8B-Instruct,belief_bank_constraints,hidden,5,25878,halu_eval,std,0,0,0,0,0,0,0.9101940543092994,0.0,0.0018779785075259145,0.07803342022163864,0.049864632757095476,0.00815573311269683,0.0027861862175662462,9620.585,10,2026-09-18T18:12:38.201196+00:00
Llama-3.1-8B-Instruct,belief_bank_constraints,hidden,6,25878,belief_bank_constraints,2,4282,7764,2141,2141,917,6847,9.6177,4097,0.6846095526914329,0.9847328244274809,0.9446161772282329,0.8076923076923077,0.9849841503789241,2426.218,10,2026-09-18T18:12:38.201196+00:00
Llama-3.1-8B-Instruct,belief_bank_constraints,hidden,6,25878,belief_bank_constraints,4,4282,7764,2141,2141,917,6847,9.9786,4097,0.7117694155324259,0.9694656488549618,0.9500257599175682,0.8208679593721145,0.9871427982134516,2436.958,10,2026-09-18T18:12:38.201196+00:00
Llama-3.1-8B-Instruct,belief_bank_constraints,hidden,6,25878,belief_bank_constraints,24,4282,7764,2141,2141,917,6847,9.8996,4097,0.7132644956314536,0.9792802617230099,0.9510561566202989,0.8253676470588235,0.9883269607286478,2447.626,10,2026-09-18T18:12:38.201196+00:00
Llama-3.1-8B-Instruct,belief_bank_constraints,hidden,6,25878,belief_bank_constraints,42,4282,7764,2141,2141,917,6847,9.1557,4097,0.6783269961977186,0.9727371864776445,0.9422977846470891,0.7992831541218638,0.985678083947009,2457.566,10,2026-09-18T18:12:38.201196+00:00
Llama-3.1-8B-Instruct,belief_bank_constraints,hidden,6,25878,belief_bank_constraints,64,4282,7764,2141,2141,917,6847,10.4548,4097,0.6956181533646323,0.9694656488549618,0.94629057187017,0.8100227790432801,0.987320382773565,2468.828,10,2026-09-18T18:12:38.201196+00:00
Llama-3.1-8B-Instruct,belief_bank_constraints,hidden,6,25878,belief_bank_constraints,67,4282,7764,2141,2141,917,6847,8.8841,4097,0.6893880712625872,0.9705561613958561,0.9448737764039155,0.8061594202898551,0.9827054139719072,2478.522,10,2026-09-18T18:12:38.201196+00:00
Llama-3.1-8B-Instruct,belief_bank_constraints,hidden,6,25878,belief_bank_constraints,104,4282,7764,2141,2141,917,6847,10.0638,4097,0.6968992248062016,0.9803707742639041,0.9473209685729006,0.8146805618486633,0.9871783947598062,2489.388,10,2026-09-18T18:12:38.201196+00:00
Llama-3.1-8B-Instruct,belief_bank_constraints,hidden,6,25878,belief_bank_constraints,123,4282,7764,2141,2141,917,6847,9.1427,4097,0.6909509202453987,0.9825517993456925,0.9460329726944874,0.8113462404322377,0.9841002092949511,2499.31,10,2026-09-18T18:12:38.201196+00:00
Llama-3.1-8B-Instruct,belief_bank_constraints,hidden,6,25878,belief_bank_constraints,420,4282,7764,2141,2141,917,6847,9.1871,4097,0.7021110242376857,0.9792802617230099,0.9484801648634724,0.8178506375227687,0.9874512219808593,2509.305,10,2026-09-18T18:12:38.201196+00:00
Llama-3.1-8B-Instruct,belief_bank_constraints,hidden,6,25878,belief_bank_constraints,511,4282,7764,2141,2141,917,6847,9.2292,4097,0.6887009992313605,0.9770992366412213,0.9451313755795981,0.8079350766456267,0.9836797400225746,2519.344,10,2026-09-18T18:12:38.201196+00:00
Llama-3.1-8B-Instruct,belief_bank_constraints,hidden,6,25878,belief_bank_constraints,mean,0,0,0,0,0,0,9.561330000000002,4097.0,0.6951638853200898,0.9765539803707742,0.9466125708397731,0.8121205784027541,0.9858567356071696,9620.585,10,2026-09-18T18:12:38.201196+00:00
Llama-3.1-8B-Instruct,belief_bank_constraints,hidden,6,25878,belief_bank_constraints,std,0,0,0,0,0,0,0.48900601642515623,0.0,0.010689289035777995,0.005325677403304167,0.0025227956562409357,0.007306516479606522,0.001809316053743828,9620.585,10,2026-09-18T18:12:38.201196+00:00
Llama-3.1-8B-Instruct,belief_bank_constraints,hidden,6,25878,belief_bank_facts,2,4282,27416,2141,2141,1971,25445,9.3353,4097,0.06487271103171058,0.2947742262810756,0.6438211263495769,0.10634208840486867,0.5854216558650241,2530.413,10,2026-09-18T18:12:38.201196+00:00
Llama-3.1-8B-Instruct,belief_bank_constraints,hidden,6,25878,belief_bank_facts,4,4282,27416,2141,2141,1971,25445,10.6524,4097,0.15865436787845905,0.7417554540842212,0.6986431281003793,0.2613981762917933,0.7269377879428566,2542.81,10,2026-09-18T18:12:38.201196+00:00
Llama-3.1-8B-Instruct,belief_bank_constraints,hidden,6,25878,belief_bank_facts,24,4282,27416,2141,2141,1971,25445,8.578,4097,0.1625434866640897,0.8533739218670725,0.6733659177122848,0.2730741131585356,0.7694658518253326,2553.124,10,2026-09-18T18:12:38.201196+00:00
Llama-3.1-8B-Instruct,belief_bank_constraints,hidden,6,25878,belief_bank_facts,42,4282,27416,2141,2141,1971,25445,8.147,4097,0.09010904916778267,0.2389649923896499,0.7718120805369127,0.13086968602389554,0.63676039854367,2563.023,10,2026-09-18T18:12:38.201196+00:00
Llama-3.1-8B-Instruct,belief_bank_constraints,hidden,6,25878,belief_bank_facts,64,4282,27416,2141,2141,1971,25445,8.9665,4097,0.21916752312435767,0.43277524099441905,0.8483732127224978,0.2909773153675593,0.7860037452074533,2573.729,10,2026-09-18T18:12:38.201196+00:00
Llama-3.1-8B-Instruct,belief_bank_constraints,hidden,6,25878,belief_bank_facts,67,4282,27416,2141,2141,1971,25445,7.7605,4097,0.03161270616982285,0.1050228310502283,0.7043697111175956,0.048597253198732246,0.6045330409427563,2583.223,10,2026-09-18T18:12:38.201196+00:00
Llama-3.1-8B-Instruct,belief_bank_constraints,hidden,6,25878,belief_bank_facts,104,4282,27416,2141,2141,1971,25445,8.6772,4097,0.0990892132118951,0.4581430745814307,0.6615844762182667,0.16293756766510284,0.6517353163412216,2593.635,10,2026-09-18T18:12:38.201196+00:00
Llama-3.1-8B-Instruct,belief_bank_constraints,hidden,6,25878,belief_bank_facts,123,4282,27416,2141,2141,1971,25445,8.1152,4097,0.13008264462809918,0.39928970065956365,0.7648453457834841,0.19623488343099363,0.7336056948368758,2603.498,10,2026-09-18T18:12:38.201196+00:00
Llama-3.1-8B-Instruct,belief_bank_constraints,hidden,6,25878,belief_bank_facts,420,4282,27416,2141,2141,1971,25445,7.9627,4097,0.12682215743440234,0.6621004566210046,0.647979282170995,0.2128700758502569,0.6803708499116539,2613.2,10,2026-09-18T18:12:38.201196+00:00
Llama-3.1-8B-Instruct,belief_bank_constraints,hidden,6,25878,belief_bank_facts,511,4282,27416,2141,2141,1971,25445,8.1766,4097,0.1743894802755166,0.56519533231862,0.7763714619200467,0.2665390596961359,0.7573889186483634,2623.123,10,2026-09-18T18:12:38.201196+00:00
Llama-3.1-8B-Instruct,belief_bank_constraints,hidden,6,25878,belief_bank_facts,mean,0,0,0,0,0,0,8.637139999999999,4097.0,0.12573433395861358,0.4751395230847285,0.719116574263204,0.19498402190878739,0.6932223260065207,9620.585,10,2026-09-18T18:12:38.201196+00:00
Llama-3.1-8B-Instruct,belief_bank_constraints,hidden,6,25878,belief_bank_facts,std,0,0,0,0,0,0,0.8130438662212514,0.0,0.05300750792247816,0.22143689320297272,0.06451585334321057,0.07719411595451886,0.06772549215091714,9620.585,10,2026-09-18T18:12:38.201196+00:00
Llama-3.1-8B-Instruct,belief_bank_constraints,hidden,6,25878,halu_eval,2,4282,10000,2141,2141,1912,8088,9.3291,4097,0.1878184906576074,0.40481171548117156,0.5515,0.25658876181004475,0.4911918814587653,2633.332,10,2026-09-18T18:12:38.201196+00:00
Llama-3.1-8B-Instruct,belief_bank_constraints,hidden,6,25878,halu_eval,4,4282,10000,2141,2141,1912,8088,10.6925,4097,0.19080901625021843,0.5711297071129707,0.4549,0.28605108055009826,0.5039882293723021,2644.901,10,2026-09-18T18:12:38.201196+00:00
Llama-3.1-8B-Instruct,belief_bank_constraints,hidden,6,25878,halu_eval,24,4282,10000,2141,2141,1912,8088,9.5778,4097,0.19097345132743362,0.5643305439330544,0.4596,0.2853742396191484,0.49715198067078037,2655.347,10,2026-09-18T18:12:38.201196+00:00
Llama-3.1-8B-Instruct,belief_bank_constraints,hidden,6,25878,halu_eval,42,4282,10000,2141,2141,1912,8088,9.1324,4097,0.18757549611734253,0.5685146443514645,0.4467,0.2820812248605164,0.4962778034714377,2665.339,10,2026-09-18T18:12:38.201196+00:00
Llama-3.1-8B-Instruct,belief_bank_constraints,hidden,6,25878,halu_eval,64,4282,10000,2141,2141,1912,8088,9.842,4097,0.1897899739383719,0.647489539748954,0.4041,0.2935388263189093,0.503174805176531,2676.035,10,2026-09-18T18:12:38.201196+00:00
Llama-3.1-8B-Instruct,belief_bank_constraints,hidden,6,25878,halu_eval,67,4282,10000,2141,2141,1912,8088,8.804,4097,0.19185951091416378,0.6114016736401674,0.4333,0.29206745783885074,0.5008767961420194,2685.707,10,2026-09-18T18:12:38.201196+00:00
Llama-3.1-8B-Instruct,belief_bank_constraints,hidden,6,25878,halu_eval,104,4282,10000,2141,2141,1912,8088,9.9093,4097,0.1934465061192262,0.5125523012552301,0.4982,0.2808827744339352,0.508412981523327,2696.474,10,2026-09-18T18:12:38.201196+00:00
Llama-3.1-8B-Instruct,belief_bank_constraints,hidden,6,25878,halu_eval,123,4282,10000,2141,2141,1912,8088,8.8612,4097,0.18569741946365323,0.575836820083682,0.4361,0.28083152659099603,0.49290521962388617,2706.175,10,2026-09-18T18:12:38.201196+00:00
Llama-3.1-8B-Instruct,belief_bank_constraints,hidden,6,25878,halu_eval,420,4282,10000,2141,2141,1912,8088,9.1632,4097,0.19214512152166255,0.5706066945606695,0.4592,0.28748353096179186,0.5067776296512422,2716.176,10,2026-09-18T18:12:38.201196+00:00
Llama-3.1-8B-Instruct,belief_bank_constraints,hidden,6,25878,halu_eval,511,4282,10000,2141,2141,1912,8088,9.4734,4097,0.19098256061250532,0.4696652719665272,0.5182,0.27154520713637736,0.5013229540431818,2726.499,10,2026-09-18T18:12:38.201196+00:00
Llama-3.1-8B-Instruct,belief_bank_constraints,hidden,6,25878,halu_eval,mean,0,0,0,0,0,0,9.47849,4097.0,0.1901097546922185,0.5496338912133891,0.46618000000000004,0.28164446301206686,0.5002080281133473,9620.585,10,2026-09-18T18:12:38.201196+00:00
Llama-3.1-8B-Instruct,belief_bank_constraints,hidden,6,25878,halu_eval,std,0,0,0,0,0,0,0.5365568552353052,0.0,0.0022710861527327625,0.06655484231907033,0.04177249812975038,0.010240868390013268,0.005428360038450344,9620.585,10,2026-09-18T18:12:38.201196+00:00
Llama-3.1-8B-Instruct,belief_bank_constraints,hidden,7,25878,belief_bank_constraints,2,4282,7764,2141,2141,917,6847,9.4802,4097,0.6822289156626506,0.9880043620501636,0.9442297784647089,0.8071269487750556,0.9866510562140342,2737.641,10,2026-09-18T18:12:38.201196+00:00
Llama-3.1-8B-Instruct,belief_bank_constraints,hidden,7,25878,belief_bank_constraints,4,4282,7764,2141,2141,917,6847,10.0012,4097,0.7130295763389288,0.9727371864776445,0.9505409582689336,0.8228782287822878,0.9902888321290765,2748.433,10,2026-09-18T18:12:38.201196+00:00
Llama-3.1-8B-Instruct,belief_bank_constraints,hidden,7,25878,belief_bank_constraints,24,4282,7764,2141,2141,917,6847,9.1591,4097,0.7159904534606205,0.9814612868047983,0.9518289541473467,0.827966881324747,0.989923867986027,2758.386,10,2026-09-18T18:12:38.201196+00:00
Llama-3.1-8B-Instruct,belief_bank_constraints,hidden,7,25878,belief_bank_constraints,42,4282,7764,2141,2141,917,6847,8.8242,4097,0.6885998469778117,0.9814612868047983,0.9453889747552808,0.8093525179856115,0.9865672808968865,2768.017,10,2026-09-18T18:12:38.201196+00:00
Llama-3.1-8B-Instruct,belief_bank_constraints,hidden,7,25878,belief_bank_constraints,64,4282,7764,2141,2141,917,6847,9.0658,4097,0.7,0.9770992366412213,0.9478361669242659,0.815657715065999,0.9862501769873024,2777.874,10,2026-09-18T18:12:38.201196+00:00
Llama-3.1-8B-Instruct,belief_bank_constraints,hidden,7,25878,belief_bank_constraints,67,4282,7764,2141,2141,917,6847,7.8077,4097,0.6929012345679012,0.9792802617230099,0.94629057187017,0.8115680072300046,0.9865686346805286,2786.488,10,2026-09-18T18:12:38.201196+00:00
Llama-3.1-8B-Instruct,belief_bank_constraints,hidden,7,25878,belief_bank_constraints,104,4282,7764,2141,2141,917,6847,7.98,4097,0.6875957120980092,0.9792802617230099,0.9450025759917569,0.8079172289698605,0.9884383691589612,2795.285,10,2026-09-18T18:12:38.201196+00:00
Llama-3.1-8B-Instruct,belief_bank_constraints,hidden,7,25878,belief_bank_constraints,123,4282,7764,2141,2141,917,6847,9.0301,4097,0.6968290796597061,0.9825517993456925,0.9474497681607419,0.8153846153846154,0.9870086143642178,2805.143,10,2026-09-18T18:12:38.201196+00:00
Llama-3.1-8B-Instruct,belief_bank_constraints,hidden,7,25878,belief_bank_constraints,420,4282,7764,2141,2141,917,6847,7.8661,4097,0.7033567525370804,0.9825517993456925,0.9489953632148377,0.8198362147406734,0.988320988153756,2813.815,10,2026-09-18T18:12:38.201196+00:00
Llama-3.1-8B-Instruct,belief_bank_constraints,hidden,7,25878,belief_bank_constraints,511,4282,7764,2141,2141,917,6847,7.5403,4097,0.7002323780015491,0.9858233369683751,0.9484801648634724,0.8188405797101449,0.9850866397640659,2822.193,10,2026-09-18T18:12:38.201196+00:00
Llama-3.1-8B-Instruct,belief_bank_constraints,hidden,7,25878,belief_bank_constraints,mean,0,0,0,0,0,0,8.67547,4097.0,0.6980763949304258,0.9810250817884405,0.9476043276661514,0.8156528937969,0.9875104460334857,9620.585,10,2026-09-18T18:12:38.201196+00:00
Llama-3.1-8B-Instruct,belief_bank_constraints,hidden,7,25878,belief_bank_constraints,std,0,0,0,0,0,0,0.7822840252107927,0.0,0.010295009355102818,0.004086149181067654,0.002324680921726626,0.006484493419674113,0.0015903497904129179,9620.585,10,2026-09-18T18:12:38.201196+00:00
Llama-3.1-8B-Instruct,belief_bank_constraints,hidden,7,25878,belief_bank_facts,2,4282,27416,2141,2141,1971,25445,7.8583,4097,0.1437783832879201,0.8031456113647895,0.6419973737963233,0.24389492334951082,0.7201103563071493,2831.807,10,2026-09-18T18:12:38.201196+00:00
Llama-3.1-8B-Instruct,belief_bank_constraints,hidden,7,25878,belief_bank_facts,4,4282,27416,2141,2141,1971,25445,8.4887,4097,0.14501031254957958,0.9274479959411466,0.6016559673183542,0.2508060643479454,0.7666383627643073,2842.042,10,2026-09-18T18:12:38.201196+00:00
Llama-3.1-8B-Instruct,belief_bank_constraints,hidden,7,25878,belief_bank_facts,24,4282,27416,2141,2141,1971,25445,8.0046,4097,0.1374961863114004,0.6859462201927955,0.6680770353078495,0.2290748898678414,0.6926888497878305,2851.777,10,2026-09-18T18:12:38.201196+00:00
Llama-3.1-8B-Instruct,belief_bank_constraints,hidden,7,25878,belief_bank_facts,42,4282,27416,2141,2141,1971,25445,7.5148,4097,0.152762598664238,0.6382546930492136,0.7195068573096002,0.24652165392906134,0.7562740001190379,2861.052,10,2026-09-18T18:12:38.201196+00:00
Llama-3.1-8B-Instruct,belief_bank_constraints,hidden,7,25878,belief_bank_facts,64,4282,27416,2141,2141,1971,25445,8.7967,4097,0.22693357597816197,0.632673769660071,0.8186460461044646,0.334047682828824,0.8204797426707698,2871.54,10,2026-09-18T18:12:38.201196+00:00
Llama-3.1-8B-Instruct,belief_bank_constraints,hidden,7,25878,belief_bank_facts,67,4282,27416,2141,2141,1971,25445,7.9901,4097,0.09899248360786822,0.31405377980720445,0.7451852932594105,0.1505350194552529,0.6976569174228913,2881.263,10,2026-09-18T18:12:38.201196+00:00
Llama-3.1-8B-Instruct,belief_bank_constraints,hidden,7,25878,belief_bank_facts,104,4282,27416,2141,2141,1971,25445,9.2805,4097,0.07735042735042735,0.36732623033992895,0.6395170703238985,0.12779101579737004,0.6463920201140152,2892.301,10,2026-09-18T18:12:38.201196+00:00
Llama-3.1-8B-Instruct,belief_bank_constraints,hidden,7,25878,belief_bank_facts,123,4282,27416,2141,2141,1971,25445,9.8155,4097,0.12847051092492195,0.3967529173008625,0.7631310183834258,0.1940928270042194,0.7453958603324548,2903.874,10,2026-09-18T18:12:38.201196+00:00
Llama-3.1-8B-Instruct,belief_bank_constraints,hidden,7,25878,belief_bank_facts,420,4282,27416,2141,2141,1971,25445,8.3625,4097,0.12759521517943076,0.47082699137493655,0.7305223227312518,0.2007788836001731,0.6950721201178137,2913.994,10,2026-09-18T18:12:38.201196+00:00
Llama-3.1-8B-Instruct,belief_bank_constraints,hidden,7,25878,belief_bank_facts,511,4282,27416,2141,2141,1971,25445,8.3103,4097,0.18116791744840524,0.7838660578386606,0.7297563466588853,0.29431374416611106,0.7344349722578887,2924.057,10,2026-09-18T18:12:38.201196+00:00
Llama-3.1-8B-Instruct,belief_bank_constraints,hidden,7,25878,belief_bank_facts,mean,0,0,0,0,0,0,8.4422,4097.0,0.1419557611302354,0.602029426686961,0.7057995331193465,0.22718567043463098,0.7275143201894159,9620.585,10,2026-09-18T18:12:38.201196+00:00
Llama-3.1-8B-Instruct,belief_bank_constraints,hidden,7,25878,belief_bank_facts,std,0,0,0,0,0,0,0.6585727082107183,0.0,0.039135558794749205,0.19648689198108155,0.06299083927231823,0.058895936929847716,0.0460004837604629,9620.585,10,2026-09-18T18:12:38.201196+00:00
Llama-3.1-8B-Instruct,belief_bank_constraints,hidden,7,25878,halu_eval,2,4282,10000,2141,2141,1912,8088,8.8272,4097,0.17841079460269865,0.2489539748953975,0.6372,0.20786026200873362,0.4815265280140215,2933.786,10,2026-09-18T18:12:38.201196+00:00
Llama-3.1-8B-Instruct,belief_bank_constraints,hidden,7,25878,halu_eval,4,4282,10000,2141,2141,1912,8088,9.3993,4097,0.18973003586936002,0.5256276150627615,0.4801,0.2788181439866833,0.49085917874096235,2944.08,10,2026-09-18T18:12:38.201196+00:00
Llama-3.1-8B-Instruct,belief_bank_constraints,hidden,7,25878,halu_eval,24,4282,10000,2141,2141,1912,8088,8.8635,4097,0.18647380766223612,0.24947698744769875,0.6484,0.2134228187919463,0.4931045825935629,2953.84,10,2026-09-18T18:12:38.201196+00:00
Llama-3.1-8B-Instruct,belief_bank_constraints,hidden,7,25878,halu_eval,42,4282,10000,2141,2141,1912,8088,8.6139,4097,0.1941747572815534,0.4811715481171548,0.519,0.27669172932330827,0.4974385447317996,2963.344,10,2026-09-18T18:12:38.201196+00:00
Llama-3.1-8B-Instruct,belief_bank_constraints,hidden,7,25878,halu_eval,64,4282,10000,2141,2141,1912,8088,9.3243,4097,0.18932250108806034,0.6825313807531381,0.3805,0.29642248722316866,0.49592676815489867,2973.538,10,2026-09-18T18:12:38.201196+00:00
Llama-3.1-8B-Instruct,belief_bank_constraints,hidden,7,25878,halu_eval,67,4282,10000,2141,2141,1912,8088,8.1828,4097,0.1873715673454138,0.524581589958159,0.4741,0.2761183757742601,0.49439614165725143,2982.594,10,2026-09-18T18:12:38.201196+00:00
Llama-3.1-8B-Instruct,belief_bank_constraints,hidden,7,25878,halu_eval,104,4282,10000,2141,2141,1912,8088,8.8116,4097,0.1981300089047195,0.23274058577405857,0.6732,0.21404521404521404,0.508945370537063,2992.284,10,2026-09-18T18:12:38.201196+00:00
Llama-3.1-8B-Instruct,belief_bank_constraints,hidden,7,25878,halu_eval,123,4282,10000,2141,2141,1912,8088,9.852,4097,0.18343982960596378,0.36035564853556484,0.571,0.24311926605504589,0.48716294531078635,3003.015,10,2026-09-18T18:12:38.201196+00:00
Llama-3.1-8B-Instruct,belief_bank_constraints,hidden,7,25878,halu_eval,420,4282,10000,2141,2141,1912,8088,8.4037,4097,0.19712713936430318,0.33734309623430964,0.6106,0.2488425925925926,0.4995170152382371,3012.304,10,2026-09-18T18:12:38.201196+00:00
Llama-3.1-8B-Instruct,belief_bank_constraints,hidden,7,25878,halu_eval,511,4282,10000,2141,2141,1912,8088,8.5361,4097,0.1841258491240615,0.26935146443514646,0.6321,0.21873009131450413,0.4923458328677436,3021.729,10,2026-09-18T18:12:38.201196+00:00
Llama-3.1-8B-Instruct,belief_bank_constraints,hidden,7,25878,halu_eval,mean,0,0,0,0,0,0,8.881440000000001,4097.0,0.18883062908483703,0.3912133891213389,0.56262,0.2474070981115457,0.49412229078463266,9620.585,10,2026-09-18T18:12:38.201196+00:00
Llama-3.1-8B-Instruct,belief_bank_constraints,hidden,7,25878,halu_eval,std,0,0,0,0,0,0,0.4818301406097381,0.0,0.005936103243539813,0.14593081201111896,0.09058909205859168,0.03121827177315594,0.006964772648835125,9620.585,10,2026-09-18T18:12:38.201196+00:00
Llama-3.1-8B-Instruct,belief_bank_constraints,hidden,8,25878,belief_bank_constraints,2,4282,7764,2141,2141,917,6847,7.5912,4097,0.6838905775075987,0.9814612868047983,0.9442297784647089,0.8060904612628751,0.9837714787729115,3030.959,10,2026-09-18T18:12:38.201196+00:00
Llama-3.1-8B-Instruct,belief_bank_constraints,hidden,8,25878,belief_bank_constraints,4,4282,7764,2141,2141,917,6847,8.3546,4097,0.7224919093851133,0.9738276990185387,0.9527305512622359,0.8295401764979099,0.9890703472168358,3040.131,10,2026-09-18T18:12:38.201196+00:00
Llama-3.1-8B-Instruct,belief_bank_constraints,hidden,8,25878,belief_bank_constraints,24,4282,7764,2141,2141,917,6847,7.4863,4097,0.7273462783171522,0.9803707742639041,0.9542761463163318,0.8351137947050628,0.9890994933823073,3048.427,10,2026-09-18T18:12:38.201196+00:00
Llama-3.1-8B-Instruct,belief_bank_constraints,hidden,8,25878,belief_bank_constraints,42,4282,7764,2141,2141,917,6847,7.1069,4097,0.7028928850664582,0.9803707742639041,0.9487377640391551,0.8187613843351548,0.9852980689152323,3056.327,10,2026-09-18T18:12:38.201196+00:00
Llama-3.1-8B-Instruct,belief_bank_constraints,hidden,8,25878,belief_bank_constraints,64,4282,7764,2141,2141,917,6847,7.1636,4097,0.7111111111111111,0.9770992366412213,0.9504121586810922,0.8231511254019293,0.988021403797188,3064.313,10,2026-09-18T18:12:38.201196+00:00
Llama-3.1-8B-Instruct,belief_bank_constraints,hidden,8,25878,belief_bank_constraints,67,4282,7764,2141,2141,917,6847,5.983,4097,0.6988235294117647,0.9716466739367503,0.9471921689850592,0.8129562043795621,0.987334159512982,3071.116,10,2026-09-18T18:12:38.201196+00:00
Llama-3.1-8B-Instruct,belief_bank_constraints,hidden,8,25878,belief_bank_constraints,104,4282,7764,2141,2141,917,6847,7.3188,4097,0.6993006993006993,0.9814612868047983,0.9479649665121072,0.8166969147005445,0.9888580420880186,3079.244,10,2026-09-18T18:12:38.201196+00:00
Llama-3.1-8B-Instruct,belief_bank_constraints,hidden,8,25878,belief_bank_constraints,123,4282,7764,2141,2141,917,6847,8.0783,4097,0.722177742193755,0.9836423118865867,0.9533745492014426,0.8328716528162512,0.9867222493067433,3088.119,10,2026-09-18T18:12:38.201196+00:00
Llama-3.1-8B-Instruct,belief_bank_constraints,hidden,8,25878,belief_bank_constraints,420,4282,7764,2141,2141,917,6847,8.3609,4097,0.7121332275971451,0.9792802617230099,0.9507985574446162,0.8246097337006428,0.9887065775887648,3097.275,10,2026-09-18T18:12:38.201196+00:00
Llama-3.1-8B-Instruct,belief_bank_constraints,hidden,8,25878,belief_bank_constraints,511,4282,7764,2141,2141,917,6847,8.7274,4097,0.7115689381933439,0.9792802617230099,0.9506697578567749,0.8242312987608995,0.9857996855718039,3106.805,10,2026-09-18T18:12:38.201196+00:00
Llama-3.1-8B-Instruct,belief_bank_constraints,hidden,8,25878,belief_bank_constraints,mean,0,0,0,0,0,0,7.617100000000001,4097.0,0.7091736898084142,0.9788440567066523,0.9500386398763523,0.8224022746560833,0.9872681506152787,9620.585,10,2026-09-18T18:12:38.201196+00:00
Llama-3.1-8B-Instruct,belief_bank_constraints,hidden,8,25878,belief_bank_constraints,std,0,0,0,0,0,0,0.7606331349606065,0.0,0.012562878021848238,0.003489640130861504,0.00292034426526818,0.008555874941604981,0.0017416267454715305,9620.585,10,2026-09-18T18:12:38.201196+00:00
Llama-3.1-8B-Instruct,belief_bank_constraints,hidden,8,25878,belief_bank_facts,2,4282,27416,2141,2141,1971,25445,8.7954,4097,0.15352474823226914,0.7270421106037545,0.6921870440618617,0.253516143299425,0.7481547181628205,3117.306,10,2026-09-18T18:12:38.201196+00:00
Llama-3.1-8B-Instruct,belief_bank_constraints,hidden,8,25878,belief_bank_facts,4,4282,27416,2141,2141,1971,25445,9.4687,4097,0.09570525397863527,0.4454591577879249,0.6575357455500438,0.15755944369672498,0.6650751778165997,3128.47,10,2026-09-18T18:12:38.201196+00:00
Llama-3.1-8B-Instruct,belief_bank_constraints,hidden,8,25878,belief_bank_facts,24,4282,27416,2141,2141,1971,25445,8.0712,4097,0.13077158291713384,0.6509386098427195,0.6638459293843011,0.21778984892208453,0.6855803730631791,3138.291,10,2026-09-18T18:12:38.201196+00:00
Llama-3.1-8B-Instruct,belief_bank_constraints,hidden,8,25878,belief_bank_facts,42,4282,27416,2141,2141,1971,25445,7.8573,4097,0.11197916666666667,0.3272450532724505,0.7650641960898745,0.16686069072565,0.7112599383934011,3147.882,10,2026-09-18T18:12:38.201196+00:00
Llama-3.1-8B-Instruct,belief_bank_constraints,hidden,8,25878,belief_bank_facts,64,4282,27416,2141,2141,1971,25445,8.3834,4097,0.11526750761200522,0.2688990360223237,0.7990589436825212,0.16136398234130003,0.7334075475810132,3158.004,10,2026-09-18T18:12:38.201196+00:00
Llama-3.1-8B-Instruct,belief_bank_constraints,hidden,8,25878,belief_bank_facts,67,4282,27416,2141,2141,1971,25445,7.0043,4097,0.06416846294146908,0.1963470319634703,0.7363583309016632,0.09672581854536366,0.6833858784962024,3166.78,10,2026-09-18T18:12:38.201196+00:00
Llama-3.1-8B-Instruct,belief_bank_constraints,hidden,8,25878,belief_bank_facts,104,4282,27416,2141,2141,1971,25445,8.3342,4097,0.0813325674899483,0.3592085235920852,0.662241027137438,0.13263394529786438,0.6461570747941836,3176.891,10,2026-09-18T18:12:38.201196+00:00
Llama-3.1-8B-Instruct,belief_bank_constraints,hidden,8,25878,belief_bank_facts,123,4282,27416,2141,2141,1971,25445,9.3929,4097,0.11456211812627291,0.3424657534246575,0.7624379924131893,0.17169019458222054,0.6963060865154287,3188.033,10,2026-09-18T18:12:38.201196+00:00
Llama-3.1-8B-Instruct,belief_bank_constraints,hidden,8,25878,belief_bank_facts,420,4282,27416,2141,2141,1971,25445,8.5358,4097,0.0922279792746114,0.4515474378488077,0.6410490224686315,0.15317098356423717,0.6373399954677865,3198.29,10,2026-09-18T18:12:38.201196+00:00
Llama-3.1-8B-Instruct,belief_bank_constraints,hidden,8,25878,belief_bank_facts,511,4282,27416,2141,2141,1971,25445,8.4715,4097,0.17661161427810335,0.6727549467275494,0.750984826378757,0.2797763477160038,0.7127468653104122,3208.497,10,2026-09-18T18:12:38.201196+00:00
Llama-3.1-8B-Instruct,belief_bank_constraints,hidden,8,25878,belief_bank_facts,mean,0,0,0,0,0,0,8.431470000000001,4097.0,0.11361510015171153,0.44419076610857433,0.7130763058068281,0.17910873986908743,0.6919413655601027,9620.585,10,2026-09-18T18:12:38.201196+00:00
Llama-3.1-8B-Instruct,belief_bank_constraints,hidden,8,25878,belief_bank_facts,std,0,0,0,0,0,0,0.6821420644557848,0.0,0.031823407502201,0.17275613875085952,0.0531303488001956,0.05269779380398288,0.034084415284164914,9620.585,10,2026-09-18T18:12:38.201196+00:00
Llama-3.1-8B-Instruct,belief_bank_constraints,hidden,8,25878,halu_eval,2,4282,10000,2141,2141,1912,8088,8.5464,4097,0.1906474820143885,0.3049163179916318,0.6196,0.2346076458752515,0.49779294264140483,3217.927,10,2026-09-18T18:12:38.201196+00:00
Llama-3.1-8B-Instruct,belief_bank_constraints,hidden,8,25878,halu_eval,4,4282,10000,2141,2141,1912,8088,9.0466,4097,0.18794579172610557,0.2756276150627615,0.6338,0.22349448685326548,0.5076328599319618,3227.857,10,2026-09-18T18:12:38.201196+00:00
Llama-3.1-8B-Instruct,belief_bank_constraints,hidden,8,25878,halu_eval,24,4282,10000,2141,2141,1912,8088,8.177,4097,0.1974496092143151,0.2510460251046025,0.6617,0.22104536034998848,0.49992990286761935,3236.888,10,2026-09-18T18:12:38.201196+00:00
Llama-3.1-8B-Instruct,belief_bank_constraints,hidden,8,25878,halu_eval,42,4282,10000,2141,2141,1912,8088,7.6756,4097,0.1921921921921922,0.401673640167364,0.5628,0.25998645903859174,0.5025691827657276,3245.435,10,2026-09-18T18:12:38.201196+00:00
Llama-3.1-8B-Instruct,belief_bank_constraints,hidden,8,25878,halu_eval,64,4282,10000,2141,2141,1912,8088,7.2622,4097,0.1938422299143742,0.5564853556485355,0.4727,0.2875287123361708,0.5020207567696758,3253.58,10,2026-09-18T18:12:38.201196+00:00
Llama-3.1-8B-Instruct,belief_bank_constraints,hidden,8,25878,halu_eval,67,4282,10000,2141,2141,1912,8088,6.3128,4097,0.19058245927248382,0.446652719665272,0.5315,0.2671672141404661,0.5031936550972773,3260.768,10,2026-09-18T18:12:38.201196+00:00
Llama-3.1-8B-Instruct,belief_bank_constraints,hidden,8,25878,halu_eval,104,4282,10000,2141,2141,1912,8088,7.3318,4097,0.18831168831168832,0.2730125523012552,0.636,0.2228864218616567,0.5034326901986103,3269.0,10,2026-09-18T18:12:38.201196+00:00
Llama-3.1-8B-Instruct,belief_bank_constraints,hidden,8,25878,halu_eval,123,4282,10000,2141,2141,1912,8088,8.3627,4097,0.2042507204610951,0.2965481171548117,0.6446,0.24189419795221842,0.5131267873475452,3278.259,10,2026-09-18T18:12:38.201196+00:00
Llama-3.1-8B-Instruct,belief_bank_constraints,hidden,8,25878,halu_eval,420,4282,10000,2141,2141,1912,8088,7.2494,4097,0.19078193074982802,0.4351464435146444,0.5391,0.2652638291088793,0.5063850145781342,3286.417,10,2026-09-18T18:12:38.201196+00:00
Llama-3.1-8B-Instruct,belief_bank_constraints,hidden,8,25878,halu_eval,511,4282,10000,2141,2141,1912,8088,7.2603,4097,0.19635297948550962,0.31537656903765693,0.6223,0.24202287778446718,0.5089884375944113,3294.578,10,2026-09-18T18:12:38.201196+00:00
Llama-3.1-8B-Instruct,belief_bank_constraints,hidden,8,25878,halu_eval,mean,0,0,0,0,0,0,7.72248,4097.0,0.19323570833419804,0.35564853556485354,0.59241,0.2465897205300956,0.5045072229792368,9620.585,10,2026-09-18T18:12:38.201196+00:00
Llama-3.1-8B-Instruct,belief_bank_constraints,hidden,8,25878,halu_eval,std,0,0,0,0,0,0,0.7641928445098134,0.0,0.004714345002034051,0.0942961318049742,0.0587622744624474,0.021358496783717047,0.004318864401583292,9620.585,10,2026-09-18T18:12:38.201196+00:00
Llama-3.1-8B-Instruct,belief_bank_constraints,hidden,9,25878,belief_bank_constraints,2,4282,7764,2141,2141,917,6847,7.4566,4097,0.7022428460943542,0.990185387131952,0.9492529623905204,0.8217194570135746,0.9869420400627582,3303.711,10,2026-09-18T18:12:38.201196+00:00
Llama-3.1-8B-Instruct,belief_bank_constraints,hidden,9,25878,belief_bank_constraints,4,4282,7764,2141,2141,917,6847,8.1479,4097,0.7192,0.9803707742639041,0.9524729520865534,0.8297185048454084,0.9891757830722575,3312.659,10,2026-09-18T18:12:38.201196+00:00
Llama-3.1-8B-Instruct,belief_bank_constraints,hidden,9,25878,belief_bank_constraints,24,4282,7764,2141,2141,917,6847,8.0025,4097,0.734860883797054,0.9792802617230099,0.9558217413704276,0.8396446937821412,0.9893364851540103,3321.477,10,2026-09-18T18:12:38.201196+00:00
Llama-3.1-8B-Instruct,belief_bank_constraints,hidden,9,25878,belief_bank_constraints,42,4282,7764,2141,2141,917,6847,8.2473,4097,0.7050980392156863,0.9803707742639041,0.9492529623905204,0.8202554744525548,0.9868100063404855,3330.549,10,2026-09-18T18:12:38.201196+00:00
Llama-3.1-8B-Instruct,belief_bank_constraints,hidden,9,25878,belief_bank_constraints,64,4282,7764,2141,2141,917,6847,8.0844,4097,0.7286758732737612,0.9781897491821155,0.9544049459041731,0.835195530726257,0.9859002637329805,3339.447,10,2026-09-18T18:12:38.201196+00:00
Llama-3.1-8B-Instruct,belief_bank_constraints,hidden,9,25878,belief_bank_constraints,67,4282,7764,2141,2141,917,6847,7.0328,4097,0.7104430379746836,0.9792802617230099,0.9504121586810922,0.8234754699679047,0.9875830168001365,3347.295,10,2026-09-18T18:12:38.201196+00:00
Llama-3.1-8B-Instruct,belief_bank_constraints,hidden,9,25878,belief_bank_constraints,104,4282,7764,2141,2141,917,6847,8.1811,4097,0.7084318360914106,0.9803707742639041,0.9500257599175682,0.8225068618481244,0.9877466653521694,3356.263,10,2026-09-18T18:12:38.201196+00:00
Llama-3.1-8B-Instruct,belief_bank_constraints,hidden,9,25878,belief_bank_constraints,123,4282,7764,2141,2141,917,6847,8.322,4097,0.7223113964686998,0.9814612868047983,0.9532457496136012,0.8321775312066574,0.9858881593145332,3365.401,10,2026-09-18T18:12:38.201196+00:00
Llama-3.1-8B-Instruct,belief_bank_constraints,hidden,9,25878,belief_bank_constraints,420,4282,7764,2141,2141,917,6847,7.0517,4097,0.7262388302193339,0.9749182115594329,0.9536321483771252,0.8324022346368715,0.9887760983605044,3373.264,10,2026-09-18T18:12:38.201196+00:00
Llama-3.1-8B-Instruct,belief_bank_constraints,hidden,9,25878,belief_bank_constraints,511,4282,7764,2141,2141,917,6847,7.4943,4097,0.7248592115848753,0.9825517993456925,0.9538897475528079,0.8342592592592593,0.9880319951633292,3381.571,10,2026-09-18T18:12:38.201196+00:00
Llama-3.1-8B-Instruct,belief_bank_constraints,hidden,9,25878,belief_bank_constraints,mean,0,0,0,0,0,0,7.80206,4097.0,0.7182361954719858,0.9806979280261723,0.9522411128284389,0.8291355017738754,0.9876190513353166,9620.585,10,2026-09-18T18:12:38.201196+00:00
Llama-3.1-8B-Instruct,belief_bank_constraints,hidden,9,25878,belief_bank_constraints,std,0,0,0,0,0,0,0.47123294282127587,0.0,0.010469321673081799,0.003715752461810435,0.002221036764018542,0.006352265501479627,0.0011816502421356644,9620.585,10,2026-09-18T18:12:38.201196+00:00
Llama-3.1-8B-Instruct,belief_bank_constraints,hidden,9,25878,belief_bank_facts,2,4282,27416,2141,2141,1971,25445,8.0865,4097,0.1161876688774257,0.47995941146626075,0.7001386051940472,0.1870859290022743,0.6818033723217345,3391.394,10,2026-09-18T18:12:38.201196+00:00
Llama-3.1-8B-Instruct,belief_bank_constraints,hidden,9,25878,belief_bank_facts,4,4282,27416,2141,2141,1971,25445,9.2796,4097,0.13507192141270027,0.5859969558599696,0.7004668806536329,0.2195400114046759,0.7121812857468864,3402.386,10,2026-09-18T18:12:38.201196+00:00
Llama-3.1-8B-Instruct,belief_bank_constraints,hidden,9,25878,belief_bank_facts,24,4282,27416,2141,2141,1971,25445,7.8241,4097,0.13738946812722713,0.528158295281583,0.7276772687481763,0.21805613741097613,0.7170918283672895,3411.933,10,2026-09-18T18:12:38.201196+00:00
Llama-3.1-8B-Instruct,belief_bank_constraints,hidden,9,25878,belief_bank_facts,42,4282,27416,2141,2141,1971,25445,7.8748,4097,0.09657652857333156,0.3678335870116692,0.7071782900496061,0.15298586199620173,0.6396240874882694,3421.523,10,2026-09-18T18:12:38.201196+00:00
Llama-3.1-8B-Instruct,belief_bank_constraints,hidden,9,25878,belief_bank_facts,64,4282,27416,2141,2141,1971,25445,7.8467,4097,0.08221797323135756,0.1308980213089802,0.8324700904581266,0.10099823840281856,0.6782821834262356,3431.039,10,2026-09-18T18:12:38.201196+00:00
Llama-3.1-8B-Instruct,belief_bank_constraints,hidden,9,25878,belief_bank_facts,67,4282,27416,2141,2141,1971,25445,7.1098,4097,0.058428224752660074,0.15880263825469304,0.7555442077618909,0.08542576419213974,0.6909439974541444,3439.894,10,2026-09-18T18:12:38.201196+00:00
Llama-3.1-8B-Instruct,belief_bank_constraints,hidden,9,25878,belief_bank_facts,104,4282,27416,2141,2141,1971,25445,8.186,4097,0.08440937350549976,0.35819381024860475,0.6745331193463671,0.13662312530237058,0.6689815151291287,3449.815,10,2026-09-18T18:12:38.201196+00:00
Llama-3.1-8B-Instruct,belief_bank_constraints,hidden,9,25878,belief_bank_facts,123,4282,27416,2141,2141,1971,25445,8.3337,4097,0.11848980279791,0.35667174023338405,0.7629851181791655,0.1778846153846154,0.7014432796875185,3459.897,10,2026-09-18T18:12:38.201196+00:00
Llama-3.1-8B-Instruct,belief_bank_constraints,hidden,9,25878,belief_bank_facts,420,4282,27416,2141,2141,1971,25445,6.6502,4097,0.15490196078431373,0.7615423642820903,0.6841625328275459,0.2574393276734414,0.7172598173615679,3468.309,10,2026-09-18T18:12:38.201196+00:00
Llama-3.1-8B-Instruct,belief_bank_constraints,hidden,9,25878,belief_bank_facts,511,4282,27416,2141,2141,1971,25445,6.8597,4097,0.13297973100966093,0.3561643835616438,0.786766851473592,0.1936551724137931,0.7187455977661552,3476.895,10,2026-09-18T18:12:38.201196+00:00
Llama-3.1-8B-Instruct,belief_bank_constraints,hidden,9,25878,belief_bank_facts,mean,0,0,0,0,0,0,7.805110000000001,4097.0,0.11166526530720866,0.4084221207508878,0.733192296469215,0.1729694183183307,0.6926356964748931,9620.585,10,2026-09-18T18:12:38.201196+00:00
Llama-3.1-8B-Instruct,belief_bank_constraints,hidden,9,25878,belief_bank_facts,std,0,0,0,0,0,0,0.7345614942943852,0.0,0.02876148466696195,0.1801637757567442,0.04777969618840837,0.051528895854152386,0.02457998302586674,9620.585,10,2026-09-18T18:12:38.201196+00:00
Llama-3.1-8B-Instruct,belief_bank_constraints,hidden,9,25878,halu_eval,2,4282,10000,2141,2141,1912,8088,7.1138,4097,0.1893278604412519,0.5789748953974896,0.4455,0.28534604974867894,0.49479253964755887,3484.863,10,2026-09-18T18:12:38.201196+00:00
Llama-3.1-8B-Instruct,belief_bank_constraints,hidden,9,25878,halu_eval,4,4282,10000,2141,2141,1912,8088,8.0049,4097,0.19379985496736765,0.5591004184100419,0.471,0.28782983306408183,0.5008757614979991,3493.729,10,2026-09-18T18:12:38.201196+00:00
Llama-3.1-8B-Instruct,belief_bank_constraints,hidden,9,25878,halu_eval,24,4282,10000,2141,2141,1912,8088,6.8889,4097,0.18543046357615894,0.4246861924686193,0.5333,0.25814655857574315,0.49496083096399857,3501.517,10,2026-09-18T18:12:38.201196+00:00
Llama-3.1-8B-Instruct,belief_bank_constraints,hidden,9,25878,halu_eval,42,4282,10000,2141,2141,1912,8088,7.095,4097,0.19271904566022213,0.49006276150627615,0.51,0.27664599940950696,0.49807122955026095,3509.494,10,2026-09-18T18:12:38.201196+00:00
Llama-3.1-8B-Instruct,belief_bank_constraints,hidden,9,25878,halu_eval,64,4282,10000,2141,2141,1912,8088,7.1428,4097,0.1892560780317368,0.6799163179916318,0.3819,0.2960938389705045,0.493510001386423,3517.53,10,2026-09-18T18:12:38.201196+00:00
Llama-3.1-8B-Instruct,belief_bank_constraints,hidden,9,25878,halu_eval,67,4282,10000,2141,2141,1912,8088,6.0855,4097,0.18928247048138055,0.5449790794979079,0.4667,0.28097613590400433,0.4974824524374144,3524.518,10,2026-09-18T18:12:38.201196+00:00
Llama-3.1-8B-Instruct,belief_bank_constraints,hidden,9,25878,halu_eval,104,4282,10000,2141,2141,1912,8088,8.0916,4097,0.19098340351746346,0.40324267782426776,0.5593,0.259203227433182,0.5018625855650605,3533.509,10,2026-09-18T18:12:38.201196+00:00
Llama-3.1-8B-Instruct,belief_bank_constraints,hidden,9,25878,halu_eval,123,4282,10000,2141,2141,1912,8088,8.2016,4097,0.1927072723568955,0.49476987447698745,0.5071,0.27737868347749595,0.502185168171039,3542.601,10,2026-09-18T18:12:38.201196+00:00
Llama-3.1-8B-Instruct,belief_bank_constraints,hidden,9,25878,halu_eval,420,4282,10000,2141,2141,1912,8088,7.1952,4097,0.19220549158547387,0.45397489539748953,0.5308,0.2700684505289359,0.4980574558517396,3550.659,10,2026-09-18T18:12:38.201196+00:00
Llama-3.1-8B-Instruct,belief_bank_constraints,hidden,9,25878,halu_eval,511,4282,10000,2141,2141,1912,8088,7.5979,4097,0.19048768710767744,0.41265690376569036,0.5524,0.2606541129831516,0.5025484898853201,3559.137,10,2026-09-18T18:12:38.201196+00:00
Llama-3.1-8B-Instruct,belief_bank_constraints,hidden,9,25878,halu_eval,mean,0,0,0,0,0,0,7.34172,4097.0,0.19061996277256282,0.50423640167364,0.4958,0.2752342890095285,0.49843465149568134,9620.585,10,2026-09-18T18:12:38.201196+00:00
Llama-3.1-8B-Instruct,belief_bank_constraints,hidden,9,25878,halu_eval,std,0,0,0,0,0,0,0.6135258540599571,0.0,0.0023192177526727286,0.0829763823475422,0.05211673435663444,0.012344348124983206,0.00315381377487014,9620.585,10,2026-09-18T18:12:38.201196+00:00
Llama-3.1-8B-Instruct,belief_bank_constraints,hidden,10,25878,belief_bank_constraints,2,4282,7764,2141,2141,917,6847,7.7169,4097,0.6973886328725039,0.990185387131952,0.9480937660999484,0.8183866606579541,0.986013663021591,3568.484,10,2026-09-18T18:12:38.201196+00:00
Llama-3.1-8B-Instruct,belief_bank_constraints,hidden,10,25878,belief_bank_constraints,4,4282,7764,2141,2141,917,6847,8.3693,4097,0.7495784148397976,0.9694656488549618,0.9581401339515714,0.8454588682834047,0.9878438192370744,3577.648,10,2026-09-18T18:12:38.201196+00:00
Llama-3.1-8B-Instruct,belief_bank_constraints,hidden,10,25878,belief_bank_constraints,24,4282,7764,2141,2141,917,6847,7.2414,4097,0.7289644012944984,0.9825517993456925,0.9547913446676971,0.8369716674407803,0.9887876453386282,3585.7,10,2026-09-18T18:12:38.201196+00:00
Llama-3.1-8B-Instruct,belief_bank_constraints,hidden,10,25878,belief_bank_constraints,42,4282,7764,2141,2141,917,6847,8.3579,4097,0.7155378486055777,0.9792802617230099,0.9515713549716641,0.8268876611418048,0.9873825771867707,3594.869,10,2026-09-18T18:12:38.201196+00:00
Llama-3.1-8B-Instruct,belief_bank_constraints,hidden,10,25878,belief_bank_constraints,64,4282,7764,2141,2141,917,6847,8.1429,4097,0.7284448025785657,0.9858233369683751,0.9549201442555384,0.8378127896200185,0.9859730495123272,3603.832,10,2026-09-18T18:12:38.201196+00:00
Llama-3.1-8B-Instruct,belief_bank_constraints,hidden,10,25878,belief_bank_constraints,67,4282,7764,2141,2141,917,6847,6.9225,4097,0.7429519071310116,0.9770992366412213,0.9573673364245234,0.8440885539331136,0.9863521089321211,3611.576,10,2026-09-18T18:12:38.201196+00:00
Llama-3.1-8B-Instruct,belief_bank_constraints,hidden,10,25878,belief_bank_constraints,104,4282,7764,2141,2141,917,6847,7.9199,4097,0.7286063569682152,0.9749182115594329,0.9541473467284904,0.8339552238805971,0.9865448240152936,3620.306,10,2026-09-18T18:12:38.201196+00:00
Llama-3.1-8B-Instruct,belief_bank_constraints,hidden,10,25878,belief_bank_constraints,123,4282,7764,2141,2141,917,6847,8.2529,4097,0.7205414012738853,0.9869138495092693,0.9532457496136012,0.8329498389323516,0.9856310996911941,3629.377,10,2026-09-18T18:12:38.201196+00:00
Llama-3.1-8B-Instruct,belief_bank_constraints,hidden,10,25878,belief_bank_constraints,420,4282,7764,2141,2141,917,6847,7.0296,4097,0.7261712439418416,0.9803707742639041,0.9540185471406492,0.834338747099768,0.9857820863844564,3637.22,10,2026-09-18T18:12:38.201196+00:00
Llama-3.1-8B-Instruct,belief_bank_constraints,hidden,10,25878,belief_bank_constraints,511,4282,7764,2141,2141,917,6847,7.4834,4097,0.7177033492822966,0.9814612868047983,0.9522153529108707,0.8291110087517273,0.9844585637884536,3645.508,10,2026-09-18T18:12:38.201196+00:00
Llama-3.1-8B-Instruct,belief_bank_constraints,hidden,10,25878,belief_bank_constraints,mean,0,0,0,0,0,0,7.74367,4097.0,0.7255888358788194,0.9808069792802616,0.9538511076764555,0.833996101974152,0.986476943710791,9620.585,10,2026-09-18T18:12:38.201196+00:00
Llama-3.1-8B-Instruct,belief_bank_constraints,hidden,10,25878,belief_bank_constraints,std,0,0,0,0,0,0,0.5218617231604558,0.0,0.01374737448422578,0.005774570248581784,0.002725595271047899,0.0075890457934621285,0.0011742541823785964,9620.585,10,2026-09-18T18:12:38.201196+00:00
Llama-3.1-8B-Instruct,belief_bank_constraints,hidden,10,25878,belief_bank_facts,2,4282,27416,2141,2141,1971,25445,7.7294,4097,0.09961206357151796,0.40385591070522575,0.6947038225853516,0.1598072676169444,0.6791316095568889,3654.92,10,2026-09-18T18:12:38.201196+00:00
Llama-3.1-8B-Instruct,belief_bank_constraints,hidden,10,25878,belief_bank_facts,4,4282,27416,2141,2141,1971,25445,8.6249,4097,0.0992475086434818,0.24759005580923388,0.7843594981032973,0.14169570267131243,0.7252887641084586,3665.275,10,2026-09-18T18:12:38.201196+00:00
Llama-3.1-8B-Instruct,belief_bank_constraints,hidden,10,25878,belief_bank_facts,24,4282,27416,2141,2141,1971,25445,6.5133,4097,0.10644022196065243,0.3211567732115677,0.7573679603151444,0.15988886082344025,0.7408048656790908,3673.544,10,2026-09-18T18:12:38.201196+00:00
Llama-3.1-8B-Instruct,belief_bank_constraints,hidden,10,25878,belief_bank_facts,42,4282,27416,2141,2141,1971,25445,7.635,4097,0.08625705972959097,0.2557077625570776,0.7517508024511235,0.1289992321474277,0.6829407525248946,3682.928,10,2026-09-18T18:12:38.201196+00:00
Llama-3.1-8B-Instruct,belief_bank_constraints,hidden,10,25878,belief_bank_facts,64,4282,27416,2141,2141,1971,25445,7.2521,4097,0.09428129829984544,0.15474378488077117,0.8323606653049315,0.11717249327698809,0.7423531459652882,3691.951,10,2026-09-18T18:12:38.201196+00:00
Llama-3.1-8B-Instruct,belief_bank_constraints,hidden,10,25878,belief_bank_facts,67,4282,27416,2141,2141,1971,25445,6.0008,4097,0.05694282380396733,0.12379502790461694,0.7896119054566676,0.07800511508951406,0.6269816445354875,3699.742,10,2026-09-18T18:12:38.201196+00:00
Llama-3.1-8B-Instruct,belief_bank_constraints,hidden,10,25878,belief_bank_facts,104,4282,27416,2141,2141,1971,25445,7.0199,4097,0.1526750142287991,0.5443937087772704,0.7500364750510651,0.23847094121569062,0.7391535986682112,3708.551,10,2026-09-18T18:12:38.201196+00:00
Llama-3.1-8B-Instruct,belief_bank_constraints,hidden,10,25878,belief_bank_facts,123,4282,27416,2141,2141,1971,25445,7.4389,4097,0.05154639175257732,0.14967021816336884,0.7408812372337321,0.07668312971146347,0.6198159817650688,3717.805,10,2026-09-18T18:12:38.201196+00:00
Llama-3.1-8B-Instruct,belief_bank_constraints,hidden,10,25878,belief_bank_facts,420,4282,27416,2141,2141,1971,25445,6.3205,4097,0.13775455805522976,0.6555048198883815,0.6802597023635834,0.22766519823788547,0.7033690317423429,3725.956,10,2026-09-18T18:12:38.201196+00:00
Llama-3.1-8B-Instruct,belief_bank_constraints,hidden,10,25878,belief_bank_facts,511,4282,27416,2141,2141,1971,25445,6.5974,4097,0.07490955522451585,0.17858954845256214,0.7823898453457835,0.1055472263868066,0.6791927834719566,3734.342,10,2026-09-18T18:12:38.201196+00:00
Llama-3.1-8B-Instruct,belief_bank_constraints,hidden,10,25878,belief_bank_facts,mean,0,0,0,0,0,0,7.113220000000001,4097.0,0.09596664952701779,0.30350076103500756,0.756372191421068,0.1433935167177473,0.6939032178017687,9620.585,10,2026-09-18T18:12:38.201196+00:00
Llama-3.1-8B-Instruct,belief_bank_constraints,hidden,10,25878,belief_bank_facts,std,0,0,0,0,0,0,0.7458572152898971,0.0,0.030219782864874135,0.17070992169125815,0.0427058460448676,0.052667657168404054,0.04265161154867899,9620.585,10,2026-09-18T18:12:38.201196+00:00
Llama-3.1-8B-Instruct,belief_bank_constraints,hidden,10,25878,halu_eval,2,4282,10000,2141,2141,1912,8088,7.5487,4097,0.1963181148748159,0.6971757322175732,0.3964,0.3063663525626293,0.5088988115561459,3742.8,10,2026-09-18T18:12:38.201196+00:00
Llama-3.1-8B-Instruct,belief_bank_constraints,hidden,10,25878,halu_eval,4,4282,10000,2141,2141,1912,8088,8.6081,4097,0.19701359482950748,0.46234309623430964,0.5369,0.27629317080793875,0.5179003438639402,3752.312,10,2026-09-18T18:12:38.201196+00:00
Llama-3.1-8B-Instruct,belief_bank_constraints,hidden,10,25878,halu_eval,24,4282,10000,2141,2141,1912,8088,7.064,4097,0.20201068174677977,0.33629707112970714,0.6191,0.2524043179587831,0.5098841483224281,3760.276,10,2026-09-18T18:12:38.201196+00:00
Llama-3.1-8B-Instruct,belief_bank_constraints,hidden,10,25878,halu_eval,42,4282,10000,2141,2141,1912,8088,8.3299,4097,0.19479015918958031,0.3519874476987448,0.5979,0.2507918762809763,0.5074168133274566,3769.476,10,2026-09-18T18:12:38.201196+00:00
Llama-3.1-8B-Instruct,belief_bank_constraints,hidden,10,25878,halu_eval,64,4282,10000,2141,2141,1912,8088,8.0558,4097,0.19622705069900623,0.6093096234309623,0.4481,0.29685310230602624,0.5095447527511184,3778.375,10,2026-09-18T18:12:38.201196+00:00
Llama-3.1-8B-Instruct,belief_bank_constraints,hidden,10,25878,halu_eval,67,4282,10000,2141,2141,1912,8088,6.8736,4097,0.1935634328358209,0.4341004184100418,0.546,0.267741935483871,0.502273662567407,3786.115,10,2026-09-18T18:12:38.201196+00:00
Llama-3.1-8B-Instruct,belief_bank_constraints,hidden,10,25878,halu_eval,104,4282,10000,2141,2141,1912,8088,7.9207,4097,0.19973457199734573,0.4722803347280335,0.5373,0.2807399347116431,0.5153867085490567,3794.899,10,2026-09-18T18:12:38.201196+00:00
Llama-3.1-8B-Instruct,belief_bank_constraints,hidden,10,25878,halu_eval,123,4282,10000,2141,2141,1912,8088,8.2667,4097,0.19891122278056952,0.49686192468619245,0.5212,0.2840909090909091,0.5103693317027344,3804.05,10,2026-09-18T18:12:38.201196+00:00
Llama-3.1-8B-Instruct,belief_bank_constraints,hidden,10,25878,halu_eval,420,4282,10000,2141,2141,1912,8088,7.1143,4097,0.1926318324103058,0.41841004184100417,0.5535,0.26380873866446825,0.5098511367116529,3812.039,10,2026-09-18T18:12:38.201196+00:00
Llama-3.1-8B-Instruct,belief_bank_constraints,hidden,10,25878,halu_eval,511,4282,10000,2141,2141,1912,8088,7.8833,4097,0.19505713526441668,0.38389121338912136,0.5793,0.2586784140969163,0.5106337155825666,3820.785,10,2026-09-18T18:12:38.201196+00:00
Llama-3.1-8B-Instruct,belief_bank_constraints,hidden,10,25878,halu_eval,mean,0,0,0,0,0,0,7.766510000000001,4097.0,0.19662577966281486,0.46626569037656906,0.5335699999999999,0.27377687519641614,0.5102159424934507,9620.585,10,2026-09-18T18:12:38.201196+00:00
Llama-3.1-8B-Instruct,belief_bank_constraints,hidden,10,25878,halu_eval,std,0,0,0,0,0,0,0.5621923931360154,0.0,0.0027467942042406364,0.10715894151537524,0.06355739217431754,0.017619948008029206,0.0039915954622961585,9620.585,10,2026-09-18T18:12:38.201196+00:00
Llama-3.1-8B-Instruct,belief_bank_constraints,hidden,11,25878,belief_bank_constraints,2,4282,7764,2141,2141,917,6847,6.5061,4097,0.7093479968578161,0.9847328244274809,0.9505409582689336,0.8246575342465754,0.9844131722192767,3828.937,10,2026-09-18T18:12:38.201196+00:00
Llama-3.1-8B-Instruct,belief_bank_constraints,hidden,11,25878,belief_bank_constraints,4,4282,7764,2141,2141,917,6847,7.9176,4097,0.7769097222222222,0.9760087241003271,0.964064914992272,0.8651522474625423,0.9884988116168651,3837.662,10,2026-09-18T18:12:38.201196+00:00
Llama-3.1-8B-Instruct,belief_bank_constraints,hidden,11,25878,belief_bank_constraints,24,4282,7764,2141,2141,917,6847,6.5986,4097,0.7405891980360065,0.9869138495092693,0.9576249356002061,0.8461898083216456,0.9883256069450056,3845.067,10,2026-09-18T18:12:38.201196+00:00
Llama-3.1-8B-Instruct,belief_bank_constraints,hidden,11,25878,belief_bank_constraints,42,4282,7764,2141,2141,917,6847,7.7864,4097,0.7227564102564102,0.9836423118865867,0.9535033487892839,0.833256351039261,0.984993547230087,3853.649,10,2026-09-18T18:12:38.201196+00:00
Llama-3.1-8B-Instruct,belief_bank_constraints,hidden,11,25878,belief_bank_constraints,64,4282,7764,2141,2141,917,6847,8.0099,4097,0.7292006525285482,0.9749182115594329,0.9542761463163318,0.8343443770415305,0.984829898678054,3862.465,10,2026-09-18T18:12:38.201196+00:00
Llama-3.1-8B-Instruct,belief_bank_constraints,hidden,11,25878,belief_bank_constraints,67,4282,7764,2141,2141,917,6847,6.3208,4097,0.7277147487844409,0.9792802617230099,0.9542761463163318,0.8349604834960483,0.9850059701858617,3869.618,10,2026-09-18T18:12:38.201196+00:00
Llama-3.1-8B-Instruct,belief_bank_constraints,hidden,11,25878,belief_bank_constraints,104,4282,7764,2141,2141,917,6847,6.3958,4097,0.721285140562249,0.9792802617230099,0.9528593508500772,0.8307123034227567,0.9845450466728856,3876.817,10,2026-09-18T18:12:38.201196+00:00
Llama-3.1-8B-Instruct,belief_bank_constraints,hidden,11,25878,belief_bank_constraints,123,4282,7764,2141,2141,917,6847,7.1201,4097,0.7182761372705507,0.9814612868047983,0.952344152498712,0.8294930875576036,0.9838926822260472,3884.751,10,2026-09-18T18:12:38.201196+00:00
Llama-3.1-8B-Instruct,belief_bank_constraints,hidden,11,25878,belief_bank_constraints,420,4282,7764,2141,2141,917,6847,6.0915,4097,0.725141471301536,0.9781897491821155,0.9536321483771252,0.8328690807799443,0.9874934281767608,3891.67,10,2026-09-18T18:12:38.201196+00:00
Llama-3.1-8B-Instruct,belief_bank_constraints,hidden,11,25878,belief_bank_constraints,511,4282,7764,2141,2141,917,6847,6.3369,4097,0.7369706840390879,0.9869138495092693,0.9568521380731582,0.8438228438228438,0.9882007403126031,3898.839,10,2026-09-18T18:12:38.201196+00:00
Llama-3.1-8B-Instruct,belief_bank_constraints,hidden,11,25878,belief_bank_constraints,mean,0,0,0,0,0,0,6.908370000000001,4097.0,0.7308192161858869,0.98113413304253,0.9549974240082431,0.8375458117190752,0.9860198904263446,9620.585,10,2026-09-18T18:12:38.201196+00:00
Llama-3.1-8B-Instruct,belief_bank_constraints,hidden,11,25878,belief_bank_constraints,std,0,0,0,0,0,0,0.700519769956566,0.0,0.01753958844295238,0.0040817813025546,0.0035940393559206816,0.011004955216792001,0.0017654465682809856,9620.585,10,2026-09-18T18:12:38.201196+00:00
Llama-3.1-8B-Instruct,belief_bank_constraints,hidden,11,25878,belief_bank_facts,2,4282,27416,2141,2141,1971,25445,5.8024,4097,0.16141181534488325,0.76103500761035,0.6985701779982492,0.2663352272727273,0.7531674798430654,3906.421,10,2026-09-18T18:12:38.201196+00:00
Llama-3.1-8B-Instruct,belief_bank_constraints,hidden,11,25878,belief_bank_facts,4,4282,27416,2141,2141,1971,25445,7.2417,4097,0.12763636363636363,0.5342465753424658,0.7040049606069448,0.20604637511006751,0.6963104931110056,3915.414,10,2026-09-18T18:12:38.201196+00:00
Llama-3.1-8B-Instruct,belief_bank_constraints,hidden,11,25878,belief_bank_facts,24,4282,27416,2141,2141,1971,25445,5.8228,4097,0.15723270440251572,0.684931506849315,0.7134155237817333,0.2557544757033248,0.7380850391195024,3923.007,10,2026-09-18T18:12:38.201196+00:00
Llama-3.1-8B-Instruct,belief_bank_constraints,hidden,11,25878,belief_bank_facts,42,4282,27416,2141,2141,1971,25445,6.439,4097,0.1832191780821918,0.8685946220192795,0.7121753720455208,0.3026071586389748,0.8350161842690718,3931.234,10,2026-09-18T18:12:38.201196+00:00
Llama-3.1-8B-Instruct,belief_bank_constraints,hidden,11,25878,belief_bank_facts,64,4282,27416,2141,2141,1971,25445,7.6912,4097,0.15604765604765605,0.6113647894469812,0.7343522030930844,0.24863303414835447,0.755975557950271,3940.701,10,2026-09-18T18:12:38.201196+00:00
Llama-3.1-8B-Instruct,belief_bank_constraints,hidden,11,25878,belief_bank_facts,67,4282,27416,2141,2141,1971,25445,6.3994,4097,0.09868646487721303,0.4383561643835616,0.6717974905164867,0.1611038597799739,0.6543734513981917,3948.804,10,2026-09-18T18:12:38.201196+00:00
Llama-3.1-8B-Instruct,belief_bank_constraints,hidden,11,25878,belief_bank_facts,104,4282,27416,2141,2141,1971,25445,7.3147,4097,0.1338970451588924,0.7311009639776763,0.6406842719579807,0.2263410036911961,0.7298074886004263,3957.857,10,2026-09-18T18:12:38.201196+00:00
Llama-3.1-8B-Instruct,belief_bank_constraints,hidden,11,25878,belief_bank_facts,123,4282,27416,2141,2141,1971,25445,7.567,4097,0.08458228223772073,0.289193302891933,0.7238838634374088,0.13088404133180254,0.6352361152609876,3967.194,10,2026-09-18T18:12:38.201196+00:00
Llama-3.1-8B-Instruct,belief_bank_constraints,hidden,11,25878,belief_bank_facts,420,4282,27416,2141,2141,1971,25445,6.9829,4097,0.14405521097230717,0.8366311516996449,0.6308724832214765,0.24578923833656283,0.7459642214348173,3975.929,10,2026-09-18T18:12:38.201196+00:00
Llama-3.1-8B-Instruct,belief_bank_constraints,hidden,11,25878,belief_bank_facts,511,4282,27416,2141,2141,1971,25445,7.5451,4097,0.1660658794282163,0.6778285134449518,0.732127224978115,0.26677316293929715,0.7713467004718348,3985.188,10,2026-09-18T18:12:38.201196+00:00
Llama-3.1-8B-Instruct,belief_bank_constraints,hidden,11,25878,belief_bank_facts,mean,0,0,0,0,0,0,6.88062,4097.0,0.14128346001879602,0.6433282597666159,0.6961883571637001,0.23102675769522815,0.7315282731459173,9620.585,10,2026-09-18T18:12:38.201196+00:00
Llama-3.1-8B-Instruct,belief_bank_constraints,hidden,11,25878,belief_bank_facts,std,0,0,0,0,0,0,0.6787561385357779,0.0,0.029203246145858373,0.17115389876786982,0.034750591271541016,0.04934710756707371,0.05484602720914389,9620.585,10,2026-09-18T18:12:38.201196+00:00
Llama-3.1-8B-Instruct,belief_bank_constraints,hidden,11,25878,halu_eval,2,4282,10000,2141,2141,1912,8088,6.5898,4097,0.1932644469957903,0.7923640167364017,0.3279,0.31073736027074145,0.5044102671347397,3992.64,10,2026-09-18T18:12:38.201196+00:00
Llama-3.1-8B-Instruct,belief_bank_constraints,hidden,11,25878,halu_eval,4,4282,10000,2141,2141,1912,8088,8.1172,4097,0.1930062347519653,0.7447698744769874,0.3558,0.30656620021528525,0.51107356862173,4001.632,10,2026-09-18T18:12:38.201196+00:00
Llama-3.1-8B-Instruct,belief_bank_constraints,hidden,11,25878,halu_eval,24,4282,10000,2141,2141,1912,8088,6.7175,4097,0.1942942942942943,0.6767782426778243,0.4016,0.3019132057862809,0.5111817859197365,4009.196,10,2026-09-18T18:12:38.201196+00:00
Llama-3.1-8B-Instruct,belief_bank_constraints,hidden,11,25878,halu_eval,42,4282,10000,2141,2141,1912,8088,8.2276,4097,0.1917910447761194,0.5376569037656904,0.4784,0.28272827282728275,0.5050486424953131,4018.297,10,2026-09-18T18:12:38.201196+00:00
Llama-3.1-8B-Instruct,belief_bank_constraints,hidden,11,25878,halu_eval,64,4282,10000,2141,2141,1912,8088,7.7194,4097,0.19221305543493994,0.694560669456067,0.3835,0.30109964856592225,0.5098513307074068,4026.879,10,2026-09-18T18:12:38.201196+00:00
Llama-3.1-8B-Instruct,belief_bank_constraints,hidden,11,25878,halu_eval,67,4282,10000,2141,2141,1912,8088,6.3007,4097,0.19303184937532994,0.573744769874477,0.4599,0.28887425938117184,0.5054412252357954,4034.077,10,2026-09-18T18:12:38.201196+00:00
Llama-3.1-8B-Instruct,belief_bank_constraints,hidden,11,25878,halu_eval,104,4282,10000,2141,2141,1912,8088,7.3967,4097,0.19425040300913488,0.7562761506276151,0.3536,0.30910645575032064,0.5041543544028242,4042.366,10,2026-09-18T18:12:38.201196+00:00
Llama-3.1-8B-Instruct,belief_bank_constraints,hidden,11,25878,halu_eval,123,4282,10000,2141,2141,1912,8088,7.6911,4097,0.19060523938572718,0.6621338912133892,0.3978,0.2960018704699556,0.5059463901787451,4050.953,10,2026-09-18T18:12:38.201196+00:00
Llama-3.1-8B-Instruct,belief_bank_constraints,hidden,11,25878,halu_eval,420,4282,10000,2141,2141,1912,8088,7.0281,4097,0.19243937232524963,0.7055439330543933,0.3776,0.30239856534409326,0.5040772087580547,4058.858,10,2026-09-18T18:12:38.201196+00:00
Llama-3.1-8B-Instruct,belief_bank_constraints,hidden,11,25878,halu_eval,511,4282,10000,2141,2141,1912,8088,7.2167,4097,0.19506172839506172,0.6197698744769874,0.4383,0.29673218980843874,0.5128843249878946,4066.965,10,2026-09-18T18:12:38.201196+00:00
Llama-3.1-8B-Instruct,belief_bank_constraints,hidden,11,25878,halu_eval,mean,0,0,0,0,0,0,7.30048,4097.0,0.19299576687436124,0.6763598326359832,0.39744,0.2996158028419493,0.5074069098442241,9620.585,10,2026-09-18T18:12:38.201196+00:00
Llama-3.1-8B-Instruct,belief_bank_constraints,hidden,11,25878,halu_eval,std,0,0,0,0,0,0,0.615598979531318,0.0,0.0012526081560723969,0.07673319622987104,0.04606771537638913,0.008362047229675878,0.003253854611096494,9620.585,10,2026-09-18T18:12:38.201196+00:00
Llama-3.1-8B-Instruct,belief_bank_constraints,hidden,12,25878,belief_bank_constraints,2,4282,7764,2141,2141,917,6847,6.0996,4097,0.7213375796178344,0.9880043620501636,0.9535033487892839,0.8338702254947078,0.9853117660203173,4074.85,10,2026-09-18T18:12:38.201196+00:00
Llama-3.1-8B-Instruct,belief_bank_constraints,hidden,12,25878,belief_bank_constraints,4,4282,7764,2141,2141,917,6847,6.6931,4097,0.7712811693895099,0.9781897491821155,0.9631633178773827,0.8625,0.9883932961271117,4082.365,10,2026-09-18T18:12:38.201196+00:00
Llama-3.1-8B-Instruct,belief_bank_constraints,hidden,12,25878,belief_bank_constraints,24,4282,7764,2141,2141,917,6847,5.7467,4097,0.7581863979848866,0.9847328244274809,0.9611025244719217,0.8567362428842504,0.9882114113130762,4088.929,10,2026-09-18T18:12:38.201196+00:00
Llama-3.1-8B-Instruct,belief_bank_constraints,hidden,12,25878,belief_bank_constraints,42,4282,7764,2141,2141,917,6847,5.8195,4097,0.7357259380097879,0.9836423118865867,0.9563369397217929,0.8418105459636024,0.9872268124335949,4095.55,10,2026-09-18T18:12:38.201196+00:00
Llama-3.1-8B-Instruct,belief_bank_constraints,hidden,12,25878,belief_bank_constraints,64,4282,7764,2141,2141,917,6847,6.452,4097,0.7382716049382716,0.9781897491821155,0.9564657393096342,0.8414634146341463,0.9830775452048266,4102.822,10,2026-09-18T18:12:38.201196+00:00
Llama-3.1-8B-Instruct,belief_bank_constraints,hidden,12,25878,belief_bank_constraints,67,4282,7764,2141,2141,917,6847,5.0881,4097,0.7367549668874173,0.9705561613958561,0.955564142194745,0.8376470588235294,0.9871901806409259,4108.725,10,2026-09-18T18:12:38.201196+00:00
Llama-3.1-8B-Instruct,belief_bank_constraints,hidden,12,25878,belief_bank_constraints,104,4282,7764,2141,2141,917,6847,6.6198,4097,0.740495867768595,0.9770992366412213,0.9568521380731582,0.842501175364363,0.9878992447320695,4116.19,10,2026-09-18T18:12:38.201196+00:00
Llama-3.1-8B-Instruct,belief_bank_constraints,hidden,12,25878,belief_bank_constraints,123,4282,7764,2141,2141,917,6847,5.6603,4097,0.7321428571428571,0.9836423118865867,0.955564142194745,0.8394602140530479,0.9819238030044123,4122.679,10,2026-09-18T18:12:38.201196+00:00
Llama-3.1-8B-Instruct,belief_bank_constraints,hidden,12,25878,belief_bank_constraints,420,4282,7764,2141,2141,917,6847,6.4922,4097,0.7346938775510204,0.9814612868047983,0.9559505409582689,0.8403361344537815,0.9881406960263583,4130.005,10,2026-09-18T18:12:38.201196+00:00
Llama-3.1-8B-Instruct,belief_bank_constraints,hidden,12,25878,belief_bank_constraints,511,4282,7764,2141,2141,917,6847,6.7652,4097,0.7322580645161291,0.990185387131952,0.9560793405461102,0.8419100602688919,0.9883134228922265,4137.612,10,2026-09-18T18:12:38.201196+00:00
Llama-3.1-8B-Instruct,belief_bank_constraints,hidden,12,25878,belief_bank_constraints,mean,0,0,0,0,0,0,6.14365,4097.0,0.7401148323806309,0.9815703380588877,0.9570582174137042,0.8438235071940321,0.9865688178394919,9620.585,10,2026-09-18T18:12:38.201196+00:00
Llama-3.1-8B-Instruct,belief_bank_constraints,hidden,12,25878,belief_bank_constraints,std,0,0,0,0,0,0,0.5238226135821172,0.0,0.013561965102052735,0.005462368500051562,0.002717152393012717,0.00836061267892209,0.0022243132244124733,9620.585,10,2026-09-18T18:12:38.201196+00:00
Llama-3.1-8B-Instruct,belief_bank_constraints,hidden,12,25878,belief_bank_facts,2,4282,27416,2141,2141,1971,25445,6.8689,4097,0.16150246616921715,0.647894469812278,0.7328567259994164,0.2585543632314234,0.7605301034782296,4146.218,10,2026-09-18T18:12:38.201196+00:00
Llama-3.1-8B-Instruct,belief_bank_constraints,hidden,12,25878,belief_bank_facts,4,4282,27416,2141,2141,1971,25445,7.3027,4097,0.18027098479841375,0.5535261288685946,0.7869492267289174,0.27196809173625824,0.7642588609708129,4155.245,10,2026-09-18T18:12:38.201196+00:00
Llama-3.1-8B-Instruct,belief_bank_constraints,hidden,12,25878,belief_bank_facts,24,4282,27416,2141,2141,1971,25445,7.0046,4097,0.20362852068003046,0.8143074581430746,0.7576962357747301,0.32578909976656856,0.8226814951598731,4163.965,10,2026-09-18T18:12:38.201196+00:00
Llama-3.1-8B-Instruct,belief_bank_constraints,hidden,12,25878,belief_bank_facts,42,4282,27416,2141,2141,1971,25445,6.793,4097,0.1779147858637014,0.8198883815322171,0.7146921505690108,0.29238284783788676,0.7927298251448917,4172.485,10,2026-09-18T18:12:38.201196+00:00
Llama-3.1-8B-Instruct,belief_bank_constraints,hidden,12,25878,belief_bank_facts,64,4282,27416,2141,2141,1971,25445,7.7491,4097,0.19379674439067313,0.4469812278031456,0.826561132185585,0.2703698020561608,0.7978343476977382,4181.952,10,2026-09-18T18:12:38.201196+00:00
Llama-3.1-8B-Instruct,belief_bank_constraints,hidden,12,25878,belief_bank_facts,67,4282,27416,2141,2141,1971,25445,6.2981,4097,0.1642567958357432,0.5763571790969051,0.758717537204552,0.2556543265443907,0.7695179433680686,4189.98,10,2026-09-18T18:12:38.201196+00:00
Llama-3.1-8B-Instruct,belief_bank_constraints,hidden,12,25878,belief_bank_facts,104,4282,27416,2141,2141,1971,25445,7.7813,4097,0.16436444816520163,0.5976661593099949,0.7526262036766852,0.2578244692492887,0.7436983539770372,4199.499,10,2026-09-18T18:12:38.201196+00:00
Llama-3.1-8B-Instruct,belief_bank_constraints,hidden,12,25878,belief_bank_facts,123,4282,27416,2141,2141,1971,25445,6.9369,4097,0.10615007921647703,0.373921867072552,0.7286256200758681,0.16535786403410366,0.7068373614302652,4208.174,10,2026-09-18T18:12:38.201196+00:00
Llama-3.1-8B-Instruct,belief_bank_constraints,hidden,12,25878,belief_bank_facts,420,4282,27416,2141,2141,1971,25445,6.6107,4097,0.16684759009986974,0.7798072044647387,0.7042238109133353,0.27488151658767773,0.7992920634721241,4216.533,10,2026-09-18T18:12:38.201196+00:00
Llama-3.1-8B-Instruct,belief_bank_constraints,hidden,12,25878,belief_bank_facts,511,4282,27416,2141,2141,1971,25445,6.5583,4097,0.20316488004083716,0.6057838660578386,0.8008462211847096,0.30428134556574926,0.8002433796634019,4224.844,10,2026-09-18T18:12:38.201196+00:00
Llama-3.1-8B-Instruct,belief_bank_constraints,hidden,12,25878,belief_bank_facts,mean,0,0,0,0,0,0,6.99036,4097.0,0.17218972952601647,0.6216133942161338,0.7563794864312811,0.2677063726609508,0.7757623734362442,9620.585,10,2026-09-18T18:12:38.201196+00:00
Llama-3.1-8B-Instruct,belief_bank_constraints,hidden,12,25878,belief_bank_facts,std,0,0,0,0,0,0,0.4653637785646838,0.0,0.026722577564435534,0.14195614826379882,0.03693263621785361,0.04024783146895093,0.03211158794824388,9620.585,10,2026-09-18T18:12:38.201196+00:00
Llama-3.1-8B-Instruct,belief_bank_constraints,hidden,12,25878,halu_eval,2,4282,10000,2141,2141,1912,8088,7.005,4097,0.19423705086327578,0.87081589958159,0.2846,0.317626859977108,0.5151091976232157,4232.729,10,2026-09-18T18:12:38.201196+00:00
Llama-3.1-8B-Instruct,belief_bank_constraints,hidden,12,25878,halu_eval,4,4282,10000,2141,2141,1912,8088,7.4492,4097,0.19282990083905416,0.6610878661087866,0.4061,0.29857092240462973,0.50678868740921,4241.061,10,2026-09-18T18:12:38.201196+00:00
Llama-3.1-8B-Instruct,belief_bank_constraints,hidden,12,25878,halu_eval,24,4282,10000,2141,2141,1912,8088,6.7635,4097,0.19358517462580185,0.7102510460251046,0.3789,0.3042455472163101,0.5081064358996643,4248.693,10,2026-09-18T18:12:38.201196+00:00
Llama-3.1-8B-Instruct,belief_bank_constraints,hidden,12,25878,halu_eval,42,4282,10000,2141,2141,1912,8088,6.6296,4097,0.19167228590694538,0.5946652719665272,0.443,0.28990311065782765,0.5035984595702503,4256.199,10,2026-09-18T18:12:38.201196+00:00
Llama-3.1-8B-Instruct,belief_bank_constraints,hidden,12,25878,halu_eval,64,4282,10000,2141,2141,1912,8088,6.4906,4097,0.18767249310027598,0.7468619246861925,0.3335,0.2999684907047579,0.5014935086434161,4263.59,10,2026-09-18T18:12:38.201196+00:00
Llama-3.1-8B-Instruct,belief_bank_constraints,hidden,12,25878,halu_eval,67,4282,10000,2141,2141,1912,8088,5.36,4097,0.19236259814418272,0.8457112970711297,0.2916,0.31343283582089554,0.4979469752699386,4269.833,10,2026-09-18T18:12:38.201196+00:00
Llama-3.1-8B-Instruct,belief_bank_constraints,hidden,12,25878,halu_eval,104,4282,10000,2141,2141,1912,8088,6.6066,4097,0.18945987838321213,0.8310669456066946,0.2879,0.3085736479269832,0.5005969895997583,4277.315,10,2026-09-18T18:12:38.201196+00:00
Llama-3.1-8B-Instruct,belief_bank_constraints,hidden,12,25878,halu_eval,123,4282,10000,2141,2141,1912,8088,5.7483,4097,0.19322709163346613,0.7609832635983264,0.3468,0.30819741580173693,0.5045424105757174,4283.94,10,2026-09-18T18:12:38.201196+00:00
Llama-3.1-8B-Instruct,belief_bank_constraints,hidden,12,25878,halu_eval,420,4282,10000,2141,2141,1912,8088,5.641,4097,0.19410288582183188,0.8091004184100419,0.3212,0.31309451528030763,0.5148874281439728,4290.485,10,2026-09-18T18:12:38.201196+00:00
Llama-3.1-8B-Instruct,belief_bank_constraints,hidden,12,25878,halu_eval,511,4282,10000,2141,2141,1912,8088,5.6532,4097,0.19189907038512616,0.7557531380753139,0.3448,0.3060792205041305,0.5054873315599535,4297.04,10,2026-09-18T18:12:38.201196+00:00
Llama-3.1-8B-Instruct,belief_bank_constraints,hidden,12,25878,halu_eval,mean,0,0,0,0,0,0,6.3347,4097.0,0.1921048429703172,0.7586297071129707,0.34384000000000003,0.3059692566294687,0.5058557424295096,9620.585,10,2026-09-18T18:12:38.201196+00:00
Llama-3.1-8B-Instruct,belief_bank_constraints,hidden,12,25878,halu_eval,std,0,0,0,0,0,0,0.6557476038842993,0.0,0.0019862645155544747,0.08176486255018751,0.049935021778307054,0.007784410330197735,0.005378864594368137,9620.585,10,2026-09-18T18:12:38.201196+00:00
Llama-3.1-8B-Instruct,belief_bank_constraints,hidden,13,25878,belief_bank_constraints,2,4282,7764,2141,2141,917,6847,5.4577,4097,0.7317666126418152,0.9847328244274809,0.955564142194745,0.8396094839609484,0.9859728902436635,4304.16,10,2026-09-18T18:12:38.201196+00:00
Llama-3.1-8B-Instruct,belief_bank_constraints,hidden,13,25878,belief_bank_constraints,4,4282,7764,2141,2141,917,6847,6.2252,4097,0.7741094700260643,0.9716466739367503,0.9631633178773827,0.8617021276595744,0.9914394685905472,4311.201,10,2026-09-18T18:12:38.201196+00:00
Llama-3.1-8B-Instruct,belief_bank_constraints,hidden,13,25878,belief_bank_constraints,24,4282,7764,2141,2141,917,6847,6.6611,4097,0.7679932260795935,0.9890948745910578,0.9634209170530654,0.8646329837940896,0.9877557436660046,4318.676,10,2026-09-18T18:12:38.201196+00:00
Llama-3.1-8B-Instruct,belief_bank_constraints,hidden,13,25878,belief_bank_constraints,42,4282,7764,2141,2141,917,6847,6.6614,4097,0.7603027754415476,0.9858233369683751,0.961617722823287,0.8584995251661919,0.9908984329396902,4326.152,10,2026-09-18T18:12:38.201196+00:00
Llama-3.1-8B-Instruct,belief_bank_constraints,hidden,13,25878,belief_bank_constraints,64,4282,7764,2141,2141,917,6847,6.5172,4097,0.7608510638297873,0.9749182115594329,0.9608449252962391,0.8546845124282982,0.9857452953231234,4333.475,10,2026-09-18T18:12:38.201196+00:00
Llama-3.1-8B-Instruct,belief_bank_constraints,hidden,13,25878,belief_bank_constraints,67,4282,7764,2141,2141,917,6847,5.7124,4097,0.7592905405405406,0.9803707742639041,0.9609737248840804,0.8557829604950024,0.9890852388368992,4339.97,10,2026-09-18T18:12:38.201196+00:00
Llama-3.1-8B-Instruct,belief_bank_constraints,hidden,13,25878,belief_bank_constraints,104,4282,7764,2141,2141,917,6847,6.6561,4097,0.7508361204013378,0.9792802617230099,0.9591705306543019,0.8499763369616659,0.9889169714936169,4347.411,10,2026-09-18T18:12:38.201196+00:00
Llama-3.1-8B-Instruct,belief_bank_constraints,hidden,13,25878,belief_bank_constraints,123,4282,7764,2141,2141,917,6847,7.4699,4097,0.7520798668885191,0.9858233369683751,0.9599433281813499,0.8532326569136385,0.9866924660666166,4355.669,10,2026-09-18T18:12:38.201196+00:00
Llama-3.1-8B-Instruct,belief_bank_constraints,hidden,13,25878,belief_bank_constraints,420,4282,7764,2141,2141,917,6847,6.7802,4097,0.7548441449031171,0.9770992366412213,0.9598145285935085,0.8517110266159695,0.9896605968848005,4363.235,10,2026-09-18T18:12:38.201196+00:00
Llama-3.1-8B-Instruct,belief_bank_constraints,hidden,13,25878,belief_bank_constraints,511,4282,7764,2141,2141,917,6847,6.9387,4097,0.7483498349834984,0.9890948745910578,0.9594281298299846,0.8520432127759512,0.9869391732268102,4370.945,10,2026-09-18T18:12:38.201196+00:00
Llama-3.1-8B-Instruct,belief_bank_constraints,hidden,13,25878,belief_bank_constraints,mean,0,0,0,0,0,0,6.507990000000001,4097.0,0.7560423655735822,0.9817884405670665,0.9603941267387943,0.8541874826771331,0.9883106277271774,9620.585,10,2026-09-18T18:12:38.201196+00:00
Llama-3.1-8B-Instruct,belief_bank_constraints,hidden,13,25878,belief_bank_constraints,std,0,0,0,0,0,0,0.5540687366202862,0.0,0.011017249958999054,0.0057301219870969,0.0021251931993817594,0.006548731910388284,0.001900780119842483,9620.585,10,2026-09-18T18:12:38.201196+00:00
Llama-3.1-8B-Instruct,belief_bank_constraints,hidden,13,25878,belief_bank_facts,2,4282,27416,2141,2141,1971,25445,6.9044,4097,0.15857563724862303,0.6281075596144089,0.733659177122848,0.25322151769277973,0.7630352032153392,4379.54,10,2026-09-18T18:12:38.201196+00:00
Llama-3.1-8B-Instruct,belief_bank_constraints,hidden,13,25878,belief_bank_facts,4,4282,27416,2141,2141,1971,25445,7.7667,4097,0.17316284085657063,0.5702688990360223,0.7733440326816458,0.26565823682344597,0.7515630304177722,4389.019,10,2026-09-18T18:12:38.201196+00:00
Llama-3.1-8B-Instruct,belief_bank_constraints,hidden,13,25878,belief_bank_facts,24,4282,27416,2141,2141,1971,25445,6.6876,4097,0.22583542939274165,0.6377473363774734,0.8167858185001459,0.3335544646411039,0.8323773513349741,4397.439,10,2026-09-18T18:12:38.201196+00:00
Llama-3.1-8B-Instruct,belief_bank_constraints,hidden,13,25878,belief_bank_facts,42,4282,27416,2141,2141,1971,25445,6.4667,4097,0.17431466030989273,0.593607305936073,0.7686387510942515,0.26949211102153636,0.7942811860601238,4405.64,10,2026-09-18T18:12:38.201196+00:00
Llama-3.1-8B-Instruct,belief_bank_constraints,hidden,13,25878,belief_bank_facts,64,4282,27416,2141,2141,1971,25445,6.6427,4097,0.24459638288486987,0.5626585489599188,0.8436314560840386,0.3409684857801691,0.8196209749562805,4414.042,10,2026-09-18T18:12:38.201196+00:00
Llama-3.1-8B-Instruct,belief_bank_constraints,hidden,13,25878,belief_bank_facts,67,4282,27416,2141,2141,1971,25445,5.9578,4097,0.16073478760045926,0.4972095383054287,0.7772103880945433,0.24293505205751115,0.7477486434016366,4421.749,10,2026-09-18T18:12:38.201196+00:00
Llama-3.1-8B-Instruct,belief_bank_constraints,hidden,13,25878,belief_bank_facts,104,4282,27416,2141,2141,1971,25445,6.835,4097,0.20532386867790595,0.58701166920345,0.8069740297636416,0.3042334998685248,0.8067647423303055,4430.336,10,2026-09-18T18:12:38.201196+00:00
Llama-3.1-8B-Instruct,belief_bank_constraints,hidden,13,25878,belief_bank_facts,123,4282,27416,2141,2141,1971,25445,7.4475,4097,0.1423117709437964,0.3404363267376966,0.805077327108258,0.2007179180376907,0.7486566912110052,4439.543,10,2026-09-18T18:12:38.201196+00:00
Llama-3.1-8B-Instruct,belief_bank_constraints,hidden,13,25878,belief_bank_facts,420,4282,27416,2141,2141,1971,25445,5.6074,4097,0.20688590396788636,0.6798579401319127,0.7896119054566676,0.3172348484848485,0.8307828217345657,4446.876,10,2026-09-18T18:12:38.201196+00:00
Llama-3.1-8B-Instruct,belief_bank_constraints,hidden,13,25878,belief_bank_facts,511,4282,27416,2141,2141,1971,25445,6.0788,4097,0.18855749928305132,0.6671740233384069,0.7696600525240735,0.2940190050307434,0.7925098143955902,4454.707,10,2026-09-18T18:12:38.201196+00:00
Llama-3.1-8B-Instruct,belief_bank_constraints,hidden,13,25878,belief_bank_facts,mean,0,0,0,0,0,0,6.63946,4097.0,0.18802987811657973,0.5764079147640792,0.7884592938430114,0.28220351394383536,0.7887340459057594,9620.585,10,2026-09-18T18:12:38.201196+00:00
Llama-3.1-8B-Instruct,belief_bank_constraints,hidden,13,25878,belief_bank_facts,std,0,0,0,0,0,0,0.6251679425562382,0.0,0.03065256101006811,0.0937900509458496,0.029276218432252716,0.04171277869750049,0.03213267143358174,9620.585,10,2026-09-18T18:12:38.201196+00:00
Llama-3.1-8B-Instruct,belief_bank_constraints,hidden,13,25878,halu_eval,2,4282,10000,2141,2141,1912,8088,5.4302,4097,0.19369431117203564,0.7390167364016736,0.3619,0.3069403714565005,0.505899831197828,4460.997,10,2026-09-18T18:12:38.201196+00:00
Llama-3.1-8B-Instruct,belief_bank_constraints,hidden,13,25878,halu_eval,4,4282,10000,2141,2141,1912,8088,6.0096,4097,0.1916030534351145,0.6563807531380753,0.4048,0.29662018435358073,0.49902300505113206,4467.888,10,2026-09-18T18:12:38.201196+00:00
Llama-3.1-8B-Instruct,belief_bank_constraints,hidden,13,25878,halu_eval,24,4282,10000,2141,2141,1912,8088,5.7535,4097,0.1914783060535204,0.7709205020920502,0.3338,0.30676378772112384,0.5136977815162915,4474.527,10,2026-09-18T18:12:38.201196+00:00
Llama-3.1-8B-Instruct,belief_bank_constraints,hidden,13,25878,halu_eval,42,4282,10000,2141,2141,1912,8088,5.6513,4097,0.19083742376915067,0.6710251046025104,0.3931,0.2971627099015634,0.4970294076869912,4481.038,10,2026-09-18T18:12:38.201196+00:00
Llama-3.1-8B-Instruct,belief_bank_constraints,hidden,13,25878,halu_eval,64,4282,10000,2141,2141,1912,8088,5.6574,4097,0.1887995917846664,0.7740585774058577,0.3209,0.3035586093733976,0.4954094784773351,4487.566,10,2026-09-18T18:12:38.201196+00:00
Llama-3.1-8B-Instruct,belief_bank_constraints,hidden,13,25878,halu_eval,67,4282,10000,2141,2141,1912,8088,4.9468,4097,0.19036499938552293,0.8101464435146444,0.3049,0.3082893820280625,0.49239032256061976,4493.389,10,2026-09-18T18:12:38.201196+00:00
Llama-3.1-8B-Instruct,belief_bank_constraints,hidden,13,25878,halu_eval,104,4282,10000,2141,2141,1912,8088,6.7648,4097,0.1905165114309907,0.7060669456066946,0.3702,0.3000666814847744,0.4939039097645564,4501.024,10,2026-09-18T18:12:38.201196+00:00
Llama-3.1-8B-Instruct,belief_bank_constraints,hidden,13,25878,halu_eval,123,4282,10000,2141,2141,1912,8088,7.6292,4097,0.19117291414752116,0.8268828451882845,0.298,0.31054802592810843,0.4974104476801212,4509.534,10,2026-09-18T18:12:38.201196+00:00
Llama-3.1-8B-Instruct,belief_bank_constraints,hidden,13,25878,halu_eval,420,4282,10000,2141,2141,1912,8088,6.4428,4097,0.19331032019997618,0.8493723849372385,0.2935,0.31494230582759625,0.5084293094992736,4516.856,10,2026-09-18T18:12:38.201196+00:00
Llama-3.1-8B-Instruct,belief_bank_constraints,hidden,13,25878,halu_eval,511,4282,10000,2141,2141,1912,8088,6.6482,4097,0.19114329811231154,0.8420502092050209,0.2885,0.3115626511852927,0.49922682992314665,4524.377,10,2026-09-18T18:12:38.201196+00:00
Llama-3.1-8B-Instruct,belief_bank_constraints,hidden,13,25878,halu_eval,mean,0,0,0,0,0,0,6.09338,4097.0,0.19129207294908102,0.764592050209205,0.33696,0.30564547092600003,0.5002420323357295,9620.585,10,2026-09-18T18:12:38.201196+00:00
Llama-3.1-8B-Instruct,belief_bank_constraints,hidden,13,25878,halu_eval,std,0,0,0,0,0,0,0.7417527658189081,0.0,0.0013376069729880166,0.0661938249005451,0.040659124437203514,0.005867604177108472,0.006527860250461583,9620.585,10,2026-09-18T18:12:38.201196+00:00
Llama-3.1-8B-Instruct,belief_bank_constraints,hidden,14,25878,belief_bank_constraints,2,4282,7764,2141,2141,917,6847,6.8165,4097,0.7331711273317113,0.9858233369683751,0.9559505409582689,0.8409302325581396,0.9875285469171241,4533.004,10,2026-09-18T18:12:38.201196+00:00
Llama-3.1-8B-Instruct,belief_bank_constraints,hidden,14,25878,belief_bank_constraints,4,4282,7764,2141,2141,917,6847,7.8345,4097,0.7734711455641688,0.9792802617230099,0.9636785162287481,0.8642925890279115,0.9899933887577665,4541.616,10,2026-09-18T18:12:38.201196+00:00
Llama-3.1-8B-Instruct,belief_bank_constraints,hidden,14,25878,belief_bank_constraints,24,4282,7764,2141,2141,917,6847,6.5567,4097,0.758563074352548,0.990185387131952,0.961617722823287,0.859035004730369,0.9894966297954402,4548.967,10,2026-09-18T18:12:38.201196+00:00
Llama-3.1-8B-Instruct,belief_bank_constraints,hidden,14,25878,belief_bank_constraints,42,4282,7764,2141,2141,917,6847,6.4657,4097,0.7535624476110645,0.9803707742639041,0.9598145285935085,0.852132701421801,0.9889505771816742,4556.225,10,2026-09-18T18:12:38.201196+00:00
Llama-3.1-8B-Instruct,belief_bank_constraints,hidden,14,25878,belief_bank_constraints,64,4282,7764,2141,2141,917,6847,7.5336,4097,0.7642553191489362,0.9792802617230099,0.9618753219989696,0.858508604206501,0.986668416498386,4564.546,10,2026-09-18T18:12:38.201196+00:00
Llama-3.1-8B-Instruct,belief_bank_constraints,hidden,14,25878,belief_bank_constraints,67,4282,7764,2141,2141,917,6847,6.999,4097,0.7527333894028595,0.9760087241003271,0.9592993302421432,0.8499525166191833,0.9897003344164134,4572.332,10,2026-09-18T18:12:38.201196+00:00
Llama-3.1-8B-Instruct,belief_bank_constraints,hidden,14,25878,belief_bank_constraints,104,4282,7764,2141,2141,917,6847,7.2816,4097,0.75251677852349,0.9781897491821155,0.9594281298299846,0.8506401137980085,0.9893721613346971,4580.4,10,2026-09-18T18:12:38.201196+00:00
Llama-3.1-8B-Instruct,belief_bank_constraints,hidden,14,25878,belief_bank_constraints,123,4282,7764,2141,2141,917,6847,6.8569,4097,0.7444352844187964,0.9847328244274809,0.9582689335394127,0.847887323943662,0.986674150170282,4588.048,10,2026-09-18T18:12:38.201196+00:00
Llama-3.1-8B-Instruct,belief_bank_constraints,hidden,14,25878,belief_bank_constraints,420,4282,7764,2141,2141,917,6847,6.7983,4097,0.7578323454699407,0.9760087241003271,0.9603297269448737,0.8531935176358436,0.9896370251225611,4595.642,10,2026-09-18T18:12:38.201196+00:00
Llama-3.1-8B-Instruct,belief_bank_constraints,hidden,14,25878,belief_bank_constraints,511,4282,7764,2141,2141,917,6847,6.5704,4097,0.7491721854304636,0.9869138495092693,0.9594281298299846,0.851764705882353,0.9878602239094437,4603.009,10,2026-09-18T18:12:38.201196+00:00
Llama-3.1-8B-Instruct,belief_bank_constraints,hidden,14,25878,belief_bank_constraints,mean,0,0,0,0,0,0,6.97132,4097.0,0.7539713097253978,0.9816793893129772,0.9599690880989181,0.8528337309823772,0.9885881454103789,9620.585,10,2026-09-18T18:12:38.201196+00:00
Llama-3.1-8B-Instruct,belief_bank_constraints,hidden,14,25878,belief_bank_constraints,std,0,0,0,0,0,0,0.4258607326345081,0.0,0.010355803122897047,0.004647170284113958,0.002008447762238114,0.00618872105807915,0.0012200229133325336,9620.585,10,2026-09-18T18:12:38.201196+00:00
Llama-3.1-8B-Instruct,belief_bank_constraints,hidden,14,25878,belief_bank_facts,2,4282,27416,2141,2141,1971,25445,6.9726,4097,0.16179405894094165,0.6991374936580416,0.7179749051648673,0.2627765064836003,0.7908664633052717,4611.714,10,2026-09-18T18:12:38.201196+00:00
Llama-3.1-8B-Instruct,belief_bank_constraints,hidden,14,25878,belief_bank_facts,4,4282,27416,2141,2141,1971,25445,8.0844,4097,0.14944649446494465,0.6164383561643836,0.7201998832798366,0.24057024057024057,0.7677044298947033,4621.55,10,2026-09-18T18:12:38.201196+00:00
Llama-3.1-8B-Instruct,belief_bank_constraints,hidden,14,25878,belief_bank_facts,24,4282,27416,2141,2141,1971,25445,5.8913,4097,0.18749232092394644,0.7742262810755961,0.7425590895827254,0.3018793273986152,0.8550168542311143,4629.208,10,2026-09-18T18:12:38.201196+00:00
Llama-3.1-8B-Instruct,belief_bank_constraints,hidden,14,25878,belief_bank_facts,42,4282,27416,2141,2141,1971,25445,6.143,4097,0.18448316458676714,0.7950279046169457,0.7326014006419609,0.2994744386048734,0.8427162713741071,4637.045,10,2026-09-18T18:12:38.201196+00:00
Llama-3.1-8B-Instruct,belief_bank_constraints,hidden,14,25878,belief_bank_facts,64,4282,27416,2141,2141,1971,25445,6.7968,4097,0.22150569886022795,0.7493658041603247,0.7926393346950685,0.3419377242736428,0.8428432451326309,4645.539,10,2026-09-18T18:12:38.201196+00:00
Llama-3.1-8B-Instruct,belief_bank_constraints,hidden,14,25878,belief_bank_facts,67,4282,27416,2141,2141,1971,25445,5.6085,4097,0.1584136722173532,0.7336377473363774,0.7006492559089583,0.26056401477610597,0.7789503608971868,4652.901,10,2026-09-18T18:12:38.201196+00:00
Llama-3.1-8B-Instruct,belief_bank_constraints,hidden,14,25878,belief_bank_facts,104,4282,27416,2141,2141,1971,25445,6.1941,4097,0.17081999164694417,0.6225266362252664,0.7556171578640211,0.2680795280751584,0.791043913519465,4660.874,10,2026-09-18T18:12:38.201196+00:00
Llama-3.1-8B-Instruct,belief_bank_constraints,hidden,14,25878,belief_bank_facts,123,4282,27416,2141,2141,1971,25445,5.9746,4097,0.1748604112760452,0.6514459665144596,0.7539393055150277,0.2757139789564097,0.7725557028076295,4668.628,10,2026-09-18T18:12:38.201196+00:00
Llama-3.1-8B-Instruct,belief_bank_constraints,hidden,14,25878,belief_bank_facts,420,4282,27416,2141,2141,1971,25445,5.835,4097,0.19096553200599442,0.9051243023845763,0.7175007295010213,0.31538937505524617,0.8665734203127505,4676.218,10,2026-09-18T18:12:38.201196+00:00
Llama-3.1-8B-Instruct,belief_bank_constraints,hidden,14,25878,belief_bank_facts,511,4282,27416,2141,2141,1971,25445,5.6538,4097,0.18319415448851775,0.7123287671232876,0.750984826378757,0.291437467566165,0.8371153488204232,4683.672,10,2026-09-18T18:12:38.201196+00:00
Llama-3.1-8B-Instruct,belief_bank_constraints,hidden,14,25878,belief_bank_facts,mean,0,0,0,0,0,0,6.31541,4097.0,0.17829754994116825,0.7259259259259259,0.7384665888532245,0.2857822601760057,0.8145386010295284,9620.585,10,2026-09-18T18:12:38.201196+00:00
Llama-3.1-8B-Instruct,belief_bank_constraints,hidden,14,25878,belief_bank_facts,std,0,0,0,0,0,0,0.7281254032788583,0.0,0.01934437719736211,0.08304075758374506,0.025098582028349928,0.02851788636067712,0.03575730909212732,9620.585,10,2026-09-18T18:12:38.201196+00:00
Llama-3.1-8B-Instruct,belief_bank_constraints,hidden,14,25878,halu_eval,2,4282,10000,2141,2141,1912,8088,6.9269,4097,0.18884892086330934,0.7139121338912134,0.359,0.2986870897155361,0.49591322078475675,4691.465,10,2026-09-18T18:12:38.201196+00:00
Llama-3.1-8B-Instruct,belief_bank_constraints,hidden,14,25878,halu_eval,4,4282,10000,2141,2141,1912,8088,8.366,4097,0.1887603305785124,0.5972803347280334,0.4322,0.2868625973373524,0.49590035239975333,4700.697,10,2026-09-18T18:12:38.201196+00:00
Llama-3.1-8B-Instruct,belief_bank_constraints,hidden,14,25878,halu_eval,24,4282,10000,2141,2141,1912,8088,6.8016,4097,0.1947511601856297,0.6365062761506276,0.4273,0.29824776375444184,0.5023726004018557,4708.342,10,2026-09-18T18:12:38.201196+00:00
Llama-3.1-8B-Instruct,belief_bank_constraints,hidden,14,25878,halu_eval,42,4282,10000,2141,2141,1912,8088,6.929,4097,0.19179655455291222,0.6114016736401674,0.4331,0.29199450480829275,0.4966814763025133,4716.113,10,2026-09-18T18:12:38.201196+00:00
Llama-3.1-8B-Instruct,belief_bank_constraints,hidden,14,25878,halu_eval,64,4282,10000,2141,2141,1912,8088,7.6188,4097,0.1868936170212766,0.5742677824267782,0.4409,0.28200847566456916,0.48791089593964304,4724.601,10,2026-09-18T18:12:38.201196+00:00
Llama-3.1-8B-Instruct,belief_bank_constraints,hidden,14,25878,halu_eval,67,4282,10000,2141,2141,1912,8088,6.4621,4097,0.18911035488575595,0.6103556485355649,0.4251,0.28875417542991466,0.486839813050172,4731.926,10,2026-09-18T18:12:38.201196+00:00
Llama-3.1-8B-Instruct,belief_bank_constraints,hidden,14,25878,halu_eval,104,4282,10000,2141,2141,1912,8088,7.1259,4097,0.18872888396566048,0.7128661087866108,0.3592,0.29844536895117146,0.48775269240240204,4739.916,10,2026-09-18T18:12:38.201196+00:00
Llama-3.1-8B-Instruct,belief_bank_constraints,hidden,14,25878,halu_eval,123,4282,10000,2141,2141,1912,8088,6.8139,4097,0.1844421994515803,0.6684100418410042,0.3715,0.2891075670173057,0.4883917144154882,4747.597,10,2026-09-18T18:12:38.201196+00:00
Llama-3.1-8B-Instruct,belief_bank_constraints,hidden,14,25878,halu_eval,420,4282,10000,2141,2141,1912,8088,6.7739,4097,0.191784743094318,0.700836820083682,0.3781,0.3011574334194853,0.5038022521096391,4755.237,10,2026-09-18T18:12:38.201196+00:00
Llama-3.1-8B-Instruct,belief_bank_constraints,hidden,14,25878,halu_eval,511,4282,10000,2141,2141,1912,8088,6.8023,4097,0.18995313415348564,0.678347280334728,0.3854,0.2967963386727689,0.4915678128970446,4762.899,10,2026-09-18T18:12:38.201196+00:00
Llama-3.1-8B-Instruct,belief_bank_constraints,hidden,14,25878,halu_eval,mean,0,0,0,0,0,0,7.062039999999999,4097.0,0.1895069898752441,0.650418410041841,0.40118,0.29320613147708385,0.4937132830703268,9620.585,10,2026-09-18T18:12:38.201196+00:00
Llama-3.1-8B-Instruct,belief_bank_constraints,hidden,14,25878,halu_eval,std,0,0,0,0,0,0,0.518666937831977,0.0,0.0026900887692106975,0.04849778954873717,0.03165011216409824,0.006022752380496112,0.005869985562524451,9620.585,10,2026-09-18T18:12:38.201196+00:00
Llama-3.1-8B-Instruct,belief_bank_constraints,hidden,15,25878,belief_bank_constraints,2,4282,7764,2141,2141,917,6847,8.2005,4097,0.7172359015091342,0.9847328244274809,0.952344152498712,0.8299632352941176,0.9862043076121342,4772.776,10,2026-09-18T18:12:38.201196+00:00
Llama-3.1-8B-Instruct,belief_bank_constraints,hidden,15,25878,belief_bank_constraints,4,4282,7764,2141,2141,917,6847,8.3419,4097,0.7742214532871973,0.9760087241003271,0.9635497166409067,0.8634828750602991,0.9907344658503298,4781.918,10,2026-09-18T18:12:38.201196+00:00
Llama-3.1-8B-Instruct,belief_bank_constraints,hidden,15,25878,belief_bank_constraints,24,4282,7764,2141,2141,917,6847,7.3375,4097,0.7514498757249378,0.9890948745910578,0.9600721277691912,0.8540489642184558,0.9907542947989703,4790.067,10,2026-09-18T18:12:38.201196+00:00
Llama-3.1-8B-Instruct,belief_bank_constraints,hidden,15,25878,belief_bank_constraints,42,4282,7764,2141,2141,917,6847,7.8238,4097,0.7504173622704507,0.9803707742639041,0.9591705306543019,0.8501182033096927,0.9883119098399207,4798.703,10,2026-09-18T18:12:38.201196+00:00
Llama-3.1-8B-Instruct,belief_bank_constraints,hidden,15,25878,belief_bank_constraints,64,4282,7764,2141,2141,917,6847,6.8041,4097,0.7554806070826307,0.9770992366412213,0.9599433281813499,0.8521160247265811,0.986739768859759,4806.311,10,2026-09-18T18:12:38.201196+00:00
Llama-3.1-8B-Instruct,belief_bank_constraints,hidden,15,25878,belief_bank_constraints,67,4282,7764,2141,2141,917,6847,7.3543,4097,0.747702589807853,0.9760087241003271,0.9582689335394127,0.8467360454115421,0.9878594275661248,4814.468,10,2026-09-18T18:12:38.201196+00:00
Llama-3.1-8B-Instruct,belief_bank_constraints,hidden,15,25878,belief_bank_constraints,104,4282,7764,2141,2141,917,6847,7.1857,4097,0.7475,0.9781897491821155,0.958397733127254,0.8474256022673595,0.9870806038002458,4822.475,10,2026-09-18T18:12:38.201196+00:00
Llama-3.1-8B-Instruct,belief_bank_constraints,hidden,15,25878,belief_bank_constraints,123,4282,7764,2141,2141,917,6847,6.898,4097,0.7377049180327869,0.9814612868047983,0.9565945388974755,0.8423022929340197,0.9864008451432373,4830.211,10,2026-09-18T18:12:38.201196+00:00
Llama-3.1-8B-Instruct,belief_bank_constraints,hidden,15,25878,belief_bank_constraints,420,4282,7764,2141,2141,917,6847,6.3538,4097,0.7541946308724832,0.9803707742639041,0.9599433281813499,0.8525367472735894,0.9897641215162568,4837.374,10,2026-09-18T18:12:38.201196+00:00
Llama-3.1-8B-Instruct,belief_bank_constraints,hidden,15,25878,belief_bank_constraints,511,4282,7764,2141,2141,917,6847,6.3287,4097,0.7324738114423852,0.9912758996728462,0.9562081401339516,0.8424467099165894,0.9858220628190648,4844.509,10,2026-09-18T18:12:38.201196+00:00
Llama-3.1-8B-Instruct,belief_bank_constraints,hidden,15,25878,belief_bank_constraints,mean,0,0,0,0,0,0,7.262829999999999,4097.0,0.7468381150029859,0.9814612868047983,0.9584492529623905,0.8481176700412247,0.9879671807806043,9620.585,10,2026-09-18T18:12:38.201196+00:00
Llama-3.1-8B-Instruct,belief_bank_constraints,hidden,15,25878,belief_bank_constraints,std,0,0,0,0,0,0,0.6648807698377207,0.0,0.01442207514361672,0.005068244291656394,0.0028178571190673927,0.008418650355436732,0.0017674992239592206,9620.585,10,2026-09-18T18:12:38.201196+00:00
Llama-3.1-8B-Instruct,belief_bank_constraints,hidden,15,25878,belief_bank_facts,2,4282,27416,2141,2141,1971,25445,6.729,4097,0.15210559396605908,0.7366818873668188,0.6858403851765392,0.2521489971346705,0.759048560184774,4853.0,10,2026-09-18T18:12:38.201196+00:00
Llama-3.1-8B-Instruct,belief_bank_constraints,hidden,15,25878,belief_bank_facts,4,4282,27416,2141,2141,1971,25445,7.0694,4097,0.1224706006992266,0.5865043125317098,0.6681499854099796,0.20262927256792287,0.7207994202435611,4861.812,10,2026-09-18T18:12:38.201196+00:00
Llama-3.1-8B-Instruct,belief_bank_constraints,hidden,15,25878,belief_bank_facts,24,4282,27416,2141,2141,1971,25445,6.2624,4097,0.12078958420831583,0.7295788939624556,0.5987744382842136,0.2072643413087345,0.7702914504369158,4869.826,10,2026-09-18T18:12:38.201196+00:00
Llama-3.1-8B-Instruct,belief_bank_constraints,hidden,15,25878,belief_bank_facts,42,4282,27416,2141,2141,1971,25445,6.8092,4097,0.16497404649063416,0.7417554540842212,0.7115188211263496,0.2699159974153051,0.7869614021109188,4878.391,10,2026-09-18T18:12:38.201196+00:00
Llama-3.1-8B-Instruct,belief_bank_constraints,hidden,15,25878,belief_bank_facts,64,4282,27416,2141,2141,1971,25445,6.5877,4097,0.18680076844841226,0.8386605783866058,0.7259264662970528,0.3055452865064695,0.8095761901870699,4886.722,10,2026-09-18T18:12:38.201196+00:00
Llama-3.1-8B-Instruct,belief_bank_constraints,hidden,15,25878,belief_bank_facts,67,4282,27416,2141,2141,1971,25445,7.2372,4097,0.1905974988420565,0.8351090816844241,0.733185001459002,0.3103610823041388,0.8244877208020922,4895.694,10,2026-09-18T18:12:38.201196+00:00
Llama-3.1-8B-Instruct,belief_bank_constraints,hidden,15,25878,belief_bank_facts,104,4282,27416,2141,2141,1971,25445,8.0806,4097,0.16491866438356165,0.7818366311516997,0.6997009045812664,0.27238179407865665,0.7525019144265059,4905.512,10,2026-09-18T18:12:38.201196+00:00
Llama-3.1-8B-Instruct,belief_bank_constraints,hidden,15,25878,belief_bank_facts,123,4282,27416,2141,2141,1971,25445,7.3628,4097,0.14106810184226867,0.6915271435819381,0.6751167201634082,0.2343333619874495,0.7689987626638529,4914.596,10,2026-09-18T18:12:38.201196+00:00
Llama-3.1-8B-Instruct,belief_bank_constraints,hidden,15,25878,belief_bank_facts,420,4282,27416,2141,2141,1971,25445,7.5489,4097,0.14609681639773223,0.8498224251648909,0.632112634957689,0.24933015778505507,0.8065935231618938,4923.866,10,2026-09-18T18:12:38.201196+00:00
Llama-3.1-8B-Instruct,belief_bank_constraints,hidden,15,25878,belief_bank_facts,511,4282,27416,2141,2141,1971,25445,7.255,4097,0.14256162730563696,0.839167935058346,0.6255836008170411,0.24371914830914315,0.7944274112576952,4932.862,10,2026-09-18T18:12:38.201196+00:00
Llama-3.1-8B-Instruct,belief_bank_constraints,hidden,15,25878,belief_bank_facts,mean,0,0,0,0,0,0,7.09422,4097.0,0.15323833025839043,0.7630644342973111,0.6755908958272542,0.25476294393975457,0.779368635547528,9620.585,10,2026-09-18T18:12:38.201196+00:00
Llama-3.1-8B-Instruct,belief_bank_constraints,hidden,15,25878,belief_bank_facts,std,0,0,0,0,0,0,0.4961686422981606,0.0,0.02260589975006775,0.07945989478539797,0.04263256958091819,0.034292501049913576,0.02954462429634326,9620.585,10,2026-09-18T18:12:38.201196+00:00
Llama-3.1-8B-Instruct,belief_bank_constraints,hidden,15,25878,halu_eval,2,4282,10000,2141,2141,1912,8088,7.4759,4097,0.19181077320612205,0.5047071129707112,0.4987,0.2779778193864324,0.4952770117101011,4941.211,10,2026-09-18T18:12:38.201196+00:00
Llama-3.1-8B-Instruct,belief_bank_constraints,hidden,15,25878,halu_eval,4,4282,10000,2141,2141,1912,8088,7.9717,4097,0.19424210891432536,0.2928870292887029,0.6325,0.23357664233576642,0.49922993385520775,4950.043,10,2026-09-18T18:12:38.201196+00:00
Llama-3.1-8B-Instruct,belief_bank_constraints,hidden,15,25878,halu_eval,24,4282,10000,2141,2141,1912,8088,7.6557,4097,0.1920061197169631,0.5251046025104602,0.4867,0.28119311020865423,0.49662175794296215,4958.573,10,2026-09-18T18:12:38.201196+00:00
Llama-3.1-8B-Instruct,belief_bank_constraints,hidden,15,25878,halu_eval,42,4282,10000,2141,2141,1912,8088,8.6104,4097,0.19145420207743155,0.42416317991631797,0.5474,0.263825634352635,0.5053384074862702,4968.076,10,2026-09-18T18:12:38.201196+00:00
Llama-3.1-8B-Instruct,belief_bank_constraints,hidden,15,25878,halu_eval,64,4282,10000,2141,2141,1912,8088,7.1614,4097,0.20044296788482835,0.3786610878661088,0.5924,0.2621288921071687,0.5062900213240132,4976.095,10,2026-09-18T18:12:38.201196+00:00
Llama-3.1-8B-Instruct,belief_bank_constraints,hidden,15,25878,halu_eval,67,4282,10000,2141,2141,1912,8088,6.9095,4097,0.18380252957976337,0.47123430962343094,0.4988,0.26445553272673905,0.4865682189948226,4983.854,10,2026-09-18T18:12:38.201196+00:00
Llama-3.1-8B-Instruct,belief_bank_constraints,hidden,15,25878,halu_eval,104,4282,10000,2141,2141,1912,8088,8.1368,4097,0.1890927624872579,0.5821129707112971,0.4428,0.28545780969479356,0.4930262729742705,4992.861,10,2026-09-18T18:12:38.201196+00:00
Llama-3.1-8B-Instruct,belief_bank_constraints,hidden,15,25878,halu_eval,123,4282,10000,2141,2141,1912,8088,7.4423,4097,0.1868699286943693,0.39748953974895396,0.5541,0.25422311423314936,0.488450042472137,5001.182,10,2026-09-18T18:12:38.201196+00:00
Llama-3.1-8B-Instruct,belief_bank_constraints,hidden,15,25878,halu_eval,420,4282,10000,2141,2141,1912,8088,7.2625,4097,0.18556910569105692,0.47751046025104604,0.4994,0.26727166276346603,0.49631799292510426,5009.301,10,2026-09-18T18:12:38.201196+00:00
Llama-3.1-8B-Instruct,belief_bank_constraints,hidden,15,25878,halu_eval,511,4282,10000,2141,2141,1912,8088,7.3531,4097,0.19387399930386356,0.5826359832635983,0.457,0.2909375816139984,0.5002429473490351,5017.53,10,2026-09-18T18:12:38.201196+00:00
Llama-3.1-8B-Instruct,belief_bank_constraints,hidden,15,25878,halu_eval,mean,0,0,0,0,0,0,7.597930000000001,4097.0,0.19091644975559813,0.46365062761506276,0.52098,0.2681047799422803,0.4967362607033924,9620.585,10,2026-09-18T18:12:38.201196+00:00
Llama-3.1-8B-Instruct,belief_bank_constraints,hidden,15,25878,halu_eval,std,0,0,0,0,0,0,0.4831748235369884,0.0,0.004601523065463505,0.08730558473422885,0.05671613174397562,0.015950461159798777,0.006098512018873746,9620.585,10,2026-09-18T18:12:38.201196+00:00
Llama-3.1-8B-Instruct,belief_bank_constraints,hidden,16,25878,belief_bank_constraints,2,4282,7764,2141,2141,917,6847,6.1295,4097,0.7277867528271406,0.9825517993456925,0.9545337454920144,0.8361948955916473,0.9869356693162071,5025.273,10,2026-09-18T18:12:38.201196+00:00
Llama-3.1-8B-Instruct,belief_bank_constraints,hidden,16,25878,belief_bank_constraints,4,4282,7764,2141,2141,917,6847,8.0978,4097,0.7690311418685121,0.9694656488549618,0.9620041215868109,0.8576941630487217,0.9911185422330329,5034.173,10,2026-09-18T18:12:38.201196+00:00
Llama-3.1-8B-Instruct,belief_bank_constraints,hidden,16,25878,belief_bank_constraints,24,4282,7764,2141,2141,917,6847,6.3044,4097,0.7376116978066612,0.990185387131952,0.9572385368366821,0.845437616387337,0.9892182281711546,5041.273,10,2026-09-18T18:12:38.201196+00:00
Llama-3.1-8B-Instruct,belief_bank_constraints,hidden,16,25878,belief_bank_constraints,42,4282,7764,2141,2141,917,6847,6.6863,4097,0.7450331125827815,0.9814612868047983,0.9581401339515714,0.8470588235294118,0.9883130247205671,5048.757,10,2026-09-18T18:12:38.201196+00:00
Llama-3.1-8B-Instruct,belief_bank_constraints,hidden,16,25878,belief_bank_constraints,64,4282,7764,2141,2141,917,6847,6.6693,4097,0.7642553191489362,0.9792802617230099,0.9618753219989696,0.858508604206501,0.9859123681514277,5056.249,10,2026-09-18T18:12:38.201196+00:00
Llama-3.1-8B-Instruct,belief_bank_constraints,hidden,16,25878,belief_bank_constraints,67,4282,7764,2141,2141,917,6847,6.0589,4097,0.7305194805194806,0.9814612868047983,0.9550489438433797,0.8375988832014891,0.9869260335620486,5063.122,10,2026-09-18T18:12:38.201196+00:00
Llama-3.1-8B-Instruct,belief_bank_constraints,hidden,16,25878,belief_bank_constraints,104,4282,7764,2141,2141,917,6847,7.4736,4097,0.7374897456931911,0.9803707742639041,0.9564657393096342,0.8417602996254682,0.9877603624572544,5071.431,10,2026-09-18T18:12:38.201196+00:00
Llama-3.1-8B-Instruct,belief_bank_constraints,hidden,16,25878,belief_bank_constraints,123,4282,7764,2141,2141,917,6847,7.4429,4097,0.7408940397350994,0.9760087241003271,0.9568521380731582,0.8423529411764706,0.9850970718615434,5079.708,10,2026-09-18T18:12:38.201196+00:00
Llama-3.1-8B-Instruct,belief_bank_constraints,hidden,16,25878,belief_bank_constraints,420,4282,7764,2141,2141,917,6847,7.0238,4097,0.7586790855207451,0.9770992366412213,0.9605873261205564,0.8541468064823642,0.9889634779434403,5087.565,10,2026-09-18T18:12:38.201196+00:00
Llama-3.1-8B-Instruct,belief_bank_constraints,hidden,16,25878,belief_bank_constraints,511,4282,7764,2141,2141,917,6847,8.0437,4097,0.7304277643260694,0.9869138495092693,0.9554353426069037,0.839517625231911,0.9844147649059145,5096.432,10,2026-09-18T18:12:38.201196+00:00
Llama-3.1-8B-Instruct,belief_bank_constraints,hidden,16,25878,belief_bank_constraints,mean,0,0,0,0,0,0,6.99302,4097.0,0.7441728140028617,0.9804798255179936,0.9578181349819681,0.8460270658481323,0.987465954332259,9620.585,10,2026-09-18T18:12:38.201196+00:00
Llama-3.1-8B-Instruct,belief_bank_constraints,hidden,16,25878,belief_bank_constraints,std,0,0,0,0,0,0,0.7106391585045111,0.0,0.014052474584095621,0.005440553842210009,0.0026265327853298884,0.0077526463697366954,0.001933037792319092,9620.585,10,2026-09-18T18:12:38.201196+00:00
Llama-3.1-8B-Instruct,belief_bank_constraints,hidden,16,25878,belief_bank_facts,2,4282,27416,2141,2141,1971,25445,7.0139,4097,0.16800162222447532,0.8406900050735667,0.6892325649255909,0.2800405610951496,0.7703366130567426,5105.163,10,2026-09-18T18:12:38.201196+00:00
Llama-3.1-8B-Instruct,belief_bank_constraints,hidden,16,25878,belief_bank_facts,4,4282,27416,2141,2141,1971,25445,8.7313,4097,0.15256456027609186,0.6504312531709792,0.7151298511817916,0.2471563524195103,0.7727526437330285,5115.627,10,2026-09-18T18:12:38.201196+00:00
Llama-3.1-8B-Instruct,belief_bank_constraints,hidden,16,25878,belief_bank_facts,24,4282,27416,2141,2141,1971,25445,7.4643,4097,0.1425639406378276,0.9162861491628614,0.5977896119054567,0.24673816517521688,0.8240714670045189,5124.827,10,2026-09-18T18:12:38.201196+00:00
Llama-3.1-8B-Instruct,belief_bank_constraints,hidden,16,25878,belief_bank_facts,42,4282,27416,2141,2141,1971,25445,7.5256,4097,0.17771911298838436,0.8538812785388128,0.7054639626495477,0.29420505200594355,0.8443889033947634,5134.074,10,2026-09-18T18:12:38.201196+00:00
Llama-3.1-8B-Instruct,belief_bank_constraints,hidden,16,25878,belief_bank_facts,64,4282,27416,2141,2141,1971,25445,7.8279,4097,0.18856259659969088,0.8665651953323186,0.7223154362416108,0.30972889654547103,0.8283678777526642,5143.652,10,2026-09-18T18:12:38.201196+00:00
Llama-3.1-8B-Instruct,belief_bank_constraints,hidden,16,25878,belief_bank_facts,67,4282,27416,2141,2141,1971,25445,7.286,4097,0.1571260092533793,0.8787417554540842,0.6523927633498687,0.26658457749730646,0.8071688331265124,5152.688,10,2026-09-18T18:12:38.201196+00:00
Llama-3.1-8B-Instruct,belief_bank_constraints,hidden,16,25878,belief_bank_facts,104,4282,27416,2141,2141,1971,25445,8.5714,4097,0.15774161287389762,0.8802638254693049,0.6534870148818208,0.26754047802621433,0.7980022170559375,5163.0,10,2026-09-18T18:12:38.201196+00:00
Llama-3.1-8B-Instruct,belief_bank_constraints,hidden,16,25878,belief_bank_facts,123,4282,27416,2141,2141,1971,25445,9.1222,4097,0.17784855645741293,0.878234398782344,0.6993726291216807,0.29579630895420367,0.8278988445049005,5173.849,10,2026-09-18T18:12:38.201196+00:00
Llama-3.1-8B-Instruct,belief_bank_constraints,hidden,16,25878,belief_bank_facts,420,4282,27416,2141,2141,1971,25445,7.078,4097,0.17745098039215687,0.9183155758498224,0.6881018383425737,0.29742831320351654,0.8606859494104881,5182.634,10,2026-09-18T18:12:38.201196+00:00
Llama-3.1-8B-Instruct,belief_bank_constraints,hidden,16,25878,belief_bank_facts,511,4282,27416,2141,2141,1971,25445,7.9832,4097,0.1659358861931209,0.8640284119736175,0.6779982491975489,0.2784044466241622,0.8067968047994805,5192.375,10,2026-09-18T18:12:38.201196+00:00
Llama-3.1-8B-Instruct,belief_bank_constraints,hidden,16,25878,belief_bank_facts,mean,0,0,0,0,0,0,7.860379999999999,4097.0,0.16655148778964374,0.8547437848807713,0.680128392179749,0.27836231515466947,0.8140470153839037,9620.585,10,2026-09-18T18:12:38.201196+00:00
Llama-3.1-8B-Instruct,belief_bank_constraints,hidden,16,25878,belief_bank_facts,std,0,0,0,0,0,0,0.6928128719935852,0.0,0.013399997834354934,0.07195528647447264,0.035251642157006435,0.020334344543885167,0.02750709932760695,9620.585,10,2026-09-18T18:12:38.201196+00:00
Llama-3.1-8B-Instruct,belief_bank_constraints,hidden,16,25878,halu_eval,2,4282,10000,2141,2141,1912,8088,7.0578,4097,0.19280762564991336,0.46548117154811713,0.5252,0.27267156862745096,0.49821339610518606,5200.335,10,2026-09-18T18:12:38.201196+00:00
Llama-3.1-8B-Instruct,belief_bank_constraints,hidden,16,25878,halu_eval,4,4282,10000,2141,2141,1912,8088,8.541,4097,0.18476775956284153,0.28294979079497906,0.6242,0.22355371900826446,0.4978881298912796,5209.759,10,2026-09-18T18:12:38.201196+00:00
Llama-3.1-8B-Instruct,belief_bank_constraints,hidden,16,25878,halu_eval,24,4282,10000,2141,2141,1912,8088,7.232,4097,0.19369291745648803,0.5878661087866108,0.4533,0.2913804277381724,0.5047592331632379,5217.893,10,2026-09-18T18:12:38.201196+00:00
Llama-3.1-8B-Instruct,belief_bank_constraints,hidden,16,25878,halu_eval,42,4282,10000,2141,2141,1912,8088,7.6444,4097,0.18425460636515914,0.28765690376569036,0.6203,0.22462732285072493,0.5017897078268752,5226.429,10,2026-09-18T18:12:38.201196+00:00
Llama-3.1-8B-Instruct,belief_bank_constraints,hidden,16,25878,halu_eval,64,4282,10000,2141,2141,1912,8088,6.8036,4097,0.19445843828715365,0.40376569037656906,0.5662,0.2624957497449847,0.5040073056214279,5234.124,10,2026-09-18T18:12:38.201196+00:00
Llama-3.1-8B-Instruct,belief_bank_constraints,hidden,16,25878,halu_eval,67,4282,10000,2141,2141,1912,8088,6.2847,4097,0.19097565802493568,0.5047071129707112,0.4965,0.2770997846374731,0.4995429783366234,5241.298,10,2026-09-18T18:12:38.201196+00:00
Llama-3.1-8B-Instruct,belief_bank_constraints,hidden,16,25878,halu_eval,104,4282,10000,2141,2141,1912,8088,7.5858,4097,0.18753519804768162,0.522489539748954,0.4759,0.2760049730625777,0.4923135325747323,5249.775,10,2026-09-18T18:12:38.201196+00:00
Llama-3.1-8B-Instruct,belief_bank_constraints,hidden,16,25878,halu_eval,123,4282,10000,2141,2141,1912,8088,7.7169,4097,0.18658823529411764,0.4147489539748954,0.5424,0.25738396624472576,0.498879674521684,5258.353,10,2026-09-18T18:12:38.201196+00:00
Llama-3.1-8B-Instruct,belief_bank_constraints,hidden,16,25878,halu_eval,420,4282,10000,2141,2141,1912,8088,6.1773,4097,0.18956099534695528,0.49006276150627615,0.5019,0.27337709700948215,0.4998019626679745,5265.424,10,2026-09-18T18:12:38.201196+00:00
Llama-3.1-8B-Instruct,belief_bank_constraints,hidden,16,25878,halu_eval,511,4282,10000,2141,2141,1912,8088,6.9418,4097,0.18725868725868725,0.45658995815899583,0.5172,0.26559172497718286,0.502282392376329,5273.258,10,2026-09-18T18:12:38.201196+00:00
Llama-3.1-8B-Instruct,belief_bank_constraints,hidden,16,25878,halu_eval,mean,0,0,0,0,0,0,7.19853,4097.0,0.18919001212939332,0.4416317991631799,0.5323100000000001,0.2624186333901039,0.49994783130853493,9620.585,10,2026-09-18T18:12:38.201196+00:00
Llama-3.1-8B-Instruct,belief_bank_constraints,hidden,16,25878,halu_eval,std,0,0,0,0,0,0,0.6738332450243162,0.0,0.0034870901032552437,0.0927813654163726,0.05417287974623464,0.021067054891442862,0.003396040327540441,9620.585,10,2026-09-18T18:12:38.201196+00:00
Llama-3.1-8B-Instruct,belief_bank_constraints,hidden,17,25878,belief_bank_constraints,2,4282,7764,2141,2141,917,6847,7.1164,4097,0.7191726332537789,0.9858233369683751,0.9528593508500772,0.8316467341306347,0.9868006891236545,5282.002,10,2026-09-18T18:12:38.201196+00:00
Llama-3.1-8B-Instruct,belief_bank_constraints,hidden,17,25878,belief_bank_constraints,4,4282,7764,2141,2141,917,6847,7.9524,4097,0.7536231884057971,0.9640130861504908,0.9585265327150954,0.845933014354067,0.9891316656523907,5290.778,10,2026-09-18T18:12:38.201196+00:00
Llama-3.1-8B-Instruct,belief_bank_constraints,hidden,17,25878,belief_bank_constraints,24,4282,7764,2141,2141,917,6847,8.0359,4097,0.7452752670501233,0.9890948745910578,0.9587841318907779,0.8500468603561387,0.9881392626083845,5299.627,10,2026-09-18T18:12:38.201196+00:00
Llama-3.1-8B-Instruct,belief_bank_constraints,hidden,17,25878,belief_bank_constraints,42,4282,7764,2141,2141,917,6847,8.8833,4097,0.7370583401807724,0.9781897491821155,0.9562081401339516,0.8406747891283973,0.9873776398581937,5309.315,10,2026-09-18T18:12:38.201196+00:00
Llama-3.1-8B-Instruct,belief_bank_constraints,hidden,17,25878,belief_bank_constraints,64,4282,7764,2141,2141,917,6847,7.879,4097,0.749791492910759,0.9803707742639041,0.9590417310664606,0.8497164461247637,0.9888718984617673,5317.998,10,2026-09-18T18:12:38.201196+00:00
Llama-3.1-8B-Instruct,belief_bank_constraints,hidden,17,25878,belief_bank_constraints,67,4282,7764,2141,2141,917,6847,7.0751,4097,0.7228915662650602,0.9814612868047983,0.9533745492014426,0.8325624421831638,0.9874228721587067,5325.867,10,2026-09-18T18:12:38.201196+00:00
Llama-3.1-8B-Instruct,belief_bank_constraints,hidden,17,25878,belief_bank_constraints,104,4282,7764,2141,2141,917,6847,8.0285,4097,0.7342600163532298,0.9792802617230099,0.9556929417825863,0.8392523364485981,0.9879350801814196,5334.705,10,2026-09-18T18:12:38.201196+00:00
Llama-3.1-8B-Instruct,belief_bank_constraints,hidden,17,25878,belief_bank_constraints,123,4282,7764,2141,2141,917,6847,10.0117,4097,0.7390586292320397,0.9760087241003271,0.9564657393096342,0.8411654135338346,0.9871919325962272,5345.524,10,2026-09-18T18:12:38.201196+00:00
Llama-3.1-8B-Instruct,belief_bank_constraints,hidden,17,25878,belief_bank_constraints,420,4282,7764,2141,2141,917,6847,7.9266,4097,0.7403132728771641,0.9792802617230099,0.9569809376609995,0.8431924882629108,0.99084237037004,5354.242,10,2026-09-18T18:12:38.201196+00:00
Llama-3.1-8B-Instruct,belief_bank_constraints,hidden,17,25878,belief_bank_constraints,511,4282,7764,2141,2141,917,6847,8.6544,4097,0.7231503579952268,0.9912758996728462,0.9541473467284904,0.8362465501379944,0.9853859852176383,5363.712,10,2026-09-18T18:12:38.201196+00:00
Llama-3.1-8B-Instruct,belief_bank_constraints,hidden,17,25878,belief_bank_constraints,mean,0,0,0,0,0,0,8.156329999999999,4097.0,0.7364594764523951,0.9804798255179936,0.9562081401339515,0.8410437074660504,0.9879099396228421,9620.585,10,2026-09-18T18:12:38.201196+00:00
Llama-3.1-8B-Instruct,belief_bank_constraints,hidden,17,25878,belief_bank_constraints,std,0,0,0,0,0,0,0.8167979432515731,0.0,0.011121659984053563,0.007208114665064662,0.0021085401267059486,0.006094287069765434,0.0014038249470424023,9620.585,10,2026-09-18T18:12:38.201196+00:00
Llama-3.1-8B-Instruct,belief_bank_constraints,hidden,17,25878,belief_bank_facts,2,4282,27416,2141,2141,1971,25445,8.6618,4097,0.15793056501021102,0.823947234906139,0.6715056901079661,0.26505630814427944,0.7666697971440675,5374.09,10,2026-09-18T18:12:38.201196+00:00
Llama-3.1-8B-Instruct,belief_bank_constraints,hidden,17,25878,belief_bank_facts,4,4282,27416,2141,2141,1971,25445,9.624,4097,0.15466520307354556,0.7148655504819889,0.6986066530493142,0.2543091778720332,0.7926737955812214,5385.406,10,2026-09-18T18:12:38.201196+00:00
Llama-3.1-8B-Instruct,belief_bank_constraints,hidden,17,25878,belief_bank_facts,24,4282,27416,2141,2141,1971,25445,8.0341,4097,0.1363973863973864,0.9320142059868087,0.5708710242194339,0.23796878036142238,0.8344443935991108,5395.139,10,2026-09-18T18:12:38.201196+00:00
Llama-3.1-8B-Instruct,belief_bank_constraints,hidden,17,25878,belief_bank_facts,42,4282,27416,2141,2141,1971,25445,9.1771,4097,0.17581344902386117,0.8224251648909183,0.7100598190837467,0.2896970780091145,0.8336760009726413,5406.026,10,2026-09-18T18:12:38.201196+00:00
Llama-3.1-8B-Instruct,belief_bank_constraints,hidden,17,25878,belief_bank_facts,64,4282,27416,2141,2141,1971,25445,8.3201,4097,0.183578380617105,0.8995433789954338,0.7051721622410272,0.30492733683033796,0.8682715647272563,5416.061,10,2026-09-18T18:12:38.201196+00:00
Llama-3.1-8B-Instruct,belief_bank_constraints,hidden,17,25878,belief_bank_facts,67,4282,27416,2141,2141,1971,25445,7.6654,4097,0.17016786570743406,0.900050735667174,0.6772687481762475,0.2862213617295902,0.8507869511732262,5425.423,10,2026-09-18T18:12:38.201196+00:00
Llama-3.1-8B-Instruct,belief_bank_constraints,hidden,17,25878,belief_bank_facts,104,4282,27416,2141,2141,1971,25445,8.0861,4097,0.15998548884454925,0.8949771689497716,0.6546177414648381,0.2714472570593214,0.7792399499961069,5435.238,10,2026-09-18T18:12:38.201196+00:00
Llama-3.1-8B-Instruct,belief_bank_constraints,hidden,17,25878,belief_bank_facts,123,4282,27416,2141,2141,1971,25445,9.5293,4097,0.17100961987484822,0.9289700659563673,0.6711409395973155,0.2888468212651838,0.8542095798789662,5446.461,10,2026-09-18T18:12:38.201196+00:00
Llama-3.1-8B-Instruct,belief_bank_constraints,hidden,17,25878,belief_bank_facts,420,4282,27416,2141,2141,1971,25445,6.8438,4097,0.11419209999393241,0.9548452562151192,0.46425444995622994,0.2039887275092131,0.8536000141170574,5455.07,10,2026-09-18T18:12:38.201196+00:00
Llama-3.1-8B-Instruct,belief_bank_constraints,hidden,17,25878,belief_bank_facts,511,4282,27416,2141,2141,1971,25445,7.646,4097,0.15122423815395455,0.8711314053779807,0.6392252699153779,0.2577110694183865,0.8207014482645242,5464.451,10,2026-09-18T18:12:38.201196+00:00
Llama-3.1-8B-Instruct,belief_bank_constraints,hidden,17,25878,belief_bank_facts,mean,0,0,0,0,0,0,8.358770000000002,4097.0,0.15749642966968275,0.8742770167427703,0.6462722497811497,0.26601739181988826,0.8254273495454179,9620.585,10,2026-09-18T18:12:38.201196+00:00
Llama-3.1-8B-Instruct,belief_bank_constraints,hidden,17,25878,belief_bank_facts,std,0,0,0,0,0,0,0.8483885101178585,0.0,0.01932130347366793,0.06722420378277937,0.07171334327263727,0.028062178804570913,0.033062145418393286,9620.585,10,2026-09-18T18:12:38.201196+00:00
Llama-3.1-8B-Instruct,belief_bank_constraints,hidden,17,25878,halu_eval,2,4282,10000,2141,2141,1912,8088,7.2458,4097,0.1912344057780696,0.6093096234309623,0.4326,0.29110444777611194,0.4985492350876757,5472.584,10,2026-09-18T18:12:38.201196+00:00
Llama-3.1-8B-Instruct,belief_bank_constraints,hidden,17,25878,halu_eval,4,4282,10000,2141,2141,1912,8088,8.2129,4097,0.18565226379987596,0.4696652719665272,0.5047,0.26611349829604386,0.49654677858411034,5481.678,10,2026-09-18T18:12:38.201196+00:00
Llama-3.1-8B-Instruct,belief_bank_constraints,hidden,17,25878,halu_eval,24,4282,10000,2141,2141,1912,8088,7.0425,4097,0.19571915031619913,0.6312761506276151,0.4335,0.29879935635598465,0.5089143312164517,5489.588,10,2026-09-18T18:12:38.201196+00:00
Llama-3.1-8B-Instruct,belief_bank_constraints,hidden,17,25878,halu_eval,42,4282,10000,2141,2141,1912,8088,7.7711,4097,0.19293756397134085,0.39435146443514646,0.5688,0.259106529209622,0.5033037800201963,5498.235,10,2026-09-18T18:12:38.201196+00:00
Llama-3.1-8B-Instruct,belief_bank_constraints,hidden,17,25878,halu_eval,64,4282,10000,2141,2141,1912,8088,7.0343,4097,0.19001261943392825,0.551255230125523,0.4649,0.28261161013540687,0.5023661015441028,5506.158,10,2026-09-18T18:12:38.201196+00:00
Llama-3.1-8B-Instruct,belief_bank_constraints,hidden,17,25878,halu_eval,67,4282,10000,2141,2141,1912,8088,6.2837,4097,0.18881404368238416,0.4837866108786611,0.5039,0.2716194391425635,0.4962377756808992,5513.305,10,2026-09-18T18:12:38.201196+00:00
Llama-3.1-8B-Instruct,belief_bank_constraints,hidden,17,25878,halu_eval,104,4282,10000,2141,2141,1912,8088,7.9311,4097,0.18857240905971173,0.5747907949790795,0.4458,0.2839793281653747,0.49673598910933703,5522.099,10,2026-09-18T18:12:38.201196+00:00
Llama-3.1-8B-Instruct,belief_bank_constraints,hidden,17,25878,halu_eval,123,4282,10000,2141,2141,1912,8088,9.6174,4097,0.1899308983218164,0.5031380753138075,0.4947,0.27576322201519277,0.5026386979108468,5532.557,10,2026-09-18T18:12:38.201196+00:00
Llama-3.1-8B-Instruct,belief_bank_constraints,hidden,17,25878,halu_eval,420,4282,10000,2141,2141,1912,8088,7.609,4097,0.19332429684852592,0.5967573221757322,0.4468,0.2920399283337599,0.5054267078868844,5541.032,10,2026-09-18T18:12:38.201196+00:00
Llama-3.1-8B-Instruct,belief_bank_constraints,hidden,17,25878,halu_eval,511,4282,10000,2141,2141,1912,8088,8.3146,4097,0.1925977898614278,0.5742677824267782,0.4583,0.2884539603310127,0.5009190872163523,5550.213,10,2026-09-18T18:12:38.201196+00:00
Llama-3.1-8B-Instruct,belief_bank_constraints,hidden,17,25878,halu_eval,mean,0,0,0,0,0,0,7.706239999999999,4097.0,0.190879544107328,0.5388598326359834,0.47540000000000004,0.2809591319761073,0.5011638484256856,9620.585,10,2026-09-18T18:12:38.201196+00:00
Llama-3.1-8B-Instruct,belief_bank_constraints,hidden,17,25878,halu_eval,std,0,0,0,0,0,0,0.8643634908995174,0.0,0.002743673741934897,0.07038048763586927,0.040559857001720316,0.011933843627530059,0.003981550335747142,9620.585,10,2026-09-18T18:12:38.201196+00:00
Llama-3.1-8B-Instruct,belief_bank_constraints,hidden,18,25878,belief_bank_constraints,2,4282,7764,2141,2141,917,6847,8.4448,4097,0.7114779874213837,0.9869138495092693,0.9511849562081401,0.8268615806304248,0.9856853306712107,5560.397,10,2026-09-18T18:12:38.201196+00:00
Llama-3.1-8B-Instruct,belief_bank_constraints,hidden,18,25878,belief_bank_constraints,4,4282,7764,2141,2141,917,6847,10.0759,4097,0.7512647554806071,0.9716466739367503,0.9586553323029366,0.8473609129814551,0.9891491852054064,5571.257,10,2026-09-18T18:12:38.201196+00:00
Llama-3.1-8B-Instruct,belief_bank_constraints,hidden,18,25878,belief_bank_constraints,24,4282,7764,2141,2141,917,6847,8.2849,4097,0.7384240454914703,0.9912758996728462,0.9574961360123647,0.8463687150837989,0.9887361219258958,5580.322,10,2026-09-18T18:12:38.201196+00:00
Llama-3.1-8B-Instruct,belief_bank_constraints,hidden,18,25878,belief_bank_constraints,42,4282,7764,2141,2141,917,6847,8.9867,4097,0.7312703583061889,0.9792802617230099,0.9550489438433797,0.8372960372960373,0.9860027531181222,5590.092,10,2026-09-18T18:12:38.201196+00:00
Llama-3.1-8B-Instruct,belief_bank_constraints,hidden,18,25878,belief_bank_constraints,64,4282,7764,2141,2141,917,6847,9.8362,4097,0.7450331125827815,0.9814612868047983,0.9581401339515714,0.8470588235294118,0.9877914198466912,5600.724,10,2026-09-18T18:12:38.201196+00:00
Llama-3.1-8B-Instruct,belief_bank_constraints,hidden,18,25878,belief_bank_constraints,67,4282,7764,2141,2141,917,6847,8.0536,4097,0.7199036918138042,0.9781897491821155,0.9524729520865534,0.8294036061026352,0.9853104122366753,5609.552,10,2026-09-18T18:12:38.201196+00:00
Llama-3.1-8B-Instruct,belief_bank_constraints,hidden,18,25878,belief_bank_constraints,104,4282,7764,2141,2141,917,6847,9.3026,4097,0.7277147487844409,0.9792802617230099,0.9542761463163318,0.8349604834960483,0.9880202889165415,5619.631,10,2026-09-18T18:12:38.201196+00:00
Llama-3.1-8B-Instruct,belief_bank_constraints,hidden,18,25878,belief_bank_constraints,123,4282,7764,2141,2141,917,6847,8.6207,4097,0.7380952380952381,0.9803707742639041,0.9565945388974755,0.8421545667447307,0.9883752987681047,5629.033,10,2026-09-18T18:12:38.201196+00:00
Llama-3.1-8B-Instruct,belief_bank_constraints,hidden,18,25878,belief_bank_constraints,420,4282,7764,2141,2141,917,6847,8.1578,4097,0.7397034596375618,0.9792802617230099,0.9568521380731582,0.8427968090098545,0.99009173715765,5637.964,10,2026-09-18T18:12:38.201196+00:00
Llama-3.1-8B-Instruct,belief_bank_constraints,hidden,18,25878,belief_bank_constraints,511,4282,7764,2141,2141,917,6847,8.9069,4097,0.7102584181675803,0.9890948745910578,0.9510561566202989,0.8268003646308113,0.9848626283884607,5647.659,10,2026-09-18T18:12:38.201196+00:00
Llama-3.1-8B-Instruct,belief_bank_constraints,hidden,18,25878,belief_bank_constraints,mean,0,0,0,0,0,0,8.867009999999999,4097.0,0.7313145815781057,0.9816793893129772,0.9551777434312211,0.8381061899505207,0.9874025176234758,9620.585,10,2026-09-18T18:12:38.201196+00:00
Llama-3.1-8B-Instruct,belief_bank_constraints,hidden,18,25878,belief_bank_constraints,std,0,0,0,0,0,0,0.6594540506358273,0.0,0.013164817617665274,0.005534821173587567,0.0026857107715565786,0.00782949447126093,0.0017110363298419567,9620.585,10,2026-09-18T18:12:38.201196+00:00
Llama-3.1-8B-Instruct,belief_bank_constraints,hidden,18,25878,belief_bank_facts,2,4282,27416,2141,2141,1971,25445,8.5294,4097,0.15024583963691376,0.8061897513952309,0.6582652465713452,0.2532876384793178,0.7602917485301461,5657.878,10,2026-09-18T18:12:38.201196+00:00
Llama-3.1-8B-Instruct,belief_bank_constraints,hidden,18,25878,belief_bank_facts,4,4282,27416,2141,2141,1971,25445,9.8025,4097,0.15399792315680166,0.7524099441907661,0.6850379340531076,0.2556676148607879,0.7911792518338465,5669.393,10,2026-09-18T18:12:38.201196+00:00
Llama-3.1-8B-Instruct,belief_bank_constraints,hidden,18,25878,belief_bank_facts,24,4282,27416,2141,2141,1971,25445,6.9975,4097,0.13297872340425532,0.9512937595129376,0.5505908958272542,0.2333395557214859,0.8312439590011146,5678.11,10,2026-09-18T18:12:38.201196+00:00
Llama-3.1-8B-Instruct,belief_bank_constraints,hidden,18,25878,belief_bank_facts,42,4282,27416,2141,2141,1971,25445,7.7837,4097,0.17014710420738607,0.839167935058346,0.6941931718704406,0.28292849811837156,0.8233907078059252,5687.603,10,2026-09-18T18:12:38.201196+00:00
Llama-3.1-8B-Instruct,belief_bank_constraints,hidden,18,25878,belief_bank_facts,64,4282,27416,2141,2141,1971,25445,8.4958,4097,0.16918975530800723,0.9015728056823947,0.6746425444995623,0.2849126182459516,0.8755142033448453,5697.831,10,2026-09-18T18:12:38.201196+00:00
Llama-3.1-8B-Instruct,belief_bank_constraints,hidden,18,25878,belief_bank_facts,67,4282,27416,2141,2141,1971,25445,6.9352,4097,0.17313232187439984,0.9147640791476408,0.6797855266997374,0.2911586596689544,0.8037530137076029,5706.493,10,2026-09-18T18:12:38.201196+00:00
Llama-3.1-8B-Instruct,belief_bank_constraints,hidden,18,25878,belief_bank_facts,104,4282,27416,2141,2141,1971,25445,8.1459,4097,0.16869775405378185,0.8498224251648909,0.6881383133936387,0.2815126050420168,0.7672514179118539,5716.356,10,2026-09-18T18:12:38.201196+00:00
Llama-3.1-8B-Instruct,belief_bank_constraints,hidden,18,25878,belief_bank_facts,123,4282,27416,2141,2141,1971,25445,7.9242,4097,0.15786810592005396,0.9497716894977168,0.6321491100087541,0.27073541109263144,0.8279950817607917,5725.985,10,2026-09-18T18:12:38.201196+00:00
Llama-3.1-8B-Instruct,belief_bank_constraints,hidden,18,25878,belief_bank_facts,420,4282,27416,2141,2141,1971,25445,7.1309,4097,0.12882096069868995,0.9578893962455606,0.5312591187627662,0.2271004991880676,0.8704965066763413,5734.79,10,2026-09-18T18:12:38.201196+00:00
Llama-3.1-8B-Instruct,belief_bank_constraints,hidden,18,25878,belief_bank_facts,511,4282,27416,2141,2141,1971,25445,7.763,4097,0.1578900472244498,0.8990360223236935,0.6480157572220601,0.2686069425496438,0.8312858615377882,5744.303,10,2026-09-18T18:12:38.201196+00:00
Llama-3.1-8B-Instruct,belief_bank_constraints,hidden,18,25878,belief_bank_facts,mean,0,0,0,0,0,0,7.9508100000000015,4097.0,0.15629685354847395,0.8821917808219177,0.6442077618908667,0.2649250042967229,0.8182401752110255,9620.585,10,2026-09-18T18:12:38.201196+00:00
Llama-3.1-8B-Instruct,belief_bank_constraints,hidden,18,25878,belief_bank_facts,std,0,0,0,0,0,0,0.823105031511775,0.0,0.014631604552867793,0.06504692444487312,0.0549241561168176,0.020937436473996505,0.0365678245694803,9620.585,10,2026-09-18T18:12:38.201196+00:00
Llama-3.1-8B-Instruct,belief_bank_constraints,hidden,18,25878,halu_eval,2,4282,10000,2141,2141,1912,8088,7.9475,4097,0.18829079991421832,0.4592050209205021,0.5181,0.2670722433460076,0.4983834010507845,5753.13,10,2026-09-18T18:12:38.201196+00:00
Llama-3.1-8B-Instruct,belief_bank_constraints,hidden,18,25878,halu_eval,4,4282,10000,2141,2141,1912,8088,9.9652,4097,0.1881625441696113,0.4456066945606695,0.5264,0.2645962732919255,0.49926627572642357,5763.969,10,2026-09-18T18:12:38.201196+00:00
Llama-3.1-8B-Instruct,belief_bank_constraints,hidden,18,25878,halu_eval,24,4282,10000,2141,2141,1912,8088,7.8025,4097,0.19233752132774934,0.6485355648535565,0.4121,0.2966862064840292,0.5046954085602308,5772.644,10,2026-09-18T18:12:38.201196+00:00
Llama-3.1-8B-Instruct,belief_bank_constraints,hidden,18,25878,halu_eval,42,4282,10000,2141,2141,1912,8088,8.6332,4097,0.18619246861924685,0.4189330543933054,0.5388,0.2578049565497264,0.4934381259596323,5782.145,10,2026-09-18T18:12:38.201196+00:00
Llama-3.1-8B-Instruct,belief_bank_constraints,hidden,18,25878,halu_eval,64,4282,10000,2141,2141,1912,8088,9.1258,4097,0.19316949765088542,0.5591004184100419,0.4692,0.28713403169486973,0.5008104495942126,5792.13,10,2026-09-18T18:12:38.201196+00:00
Llama-3.1-8B-Instruct,belief_bank_constraints,hidden,18,25878,halu_eval,67,4282,10000,2141,2141,1912,8088,7.9078,4097,0.19109513274336284,0.36140167364016734,0.5854,0.25,0.5024931040976042,5800.909,10,2026-09-18T18:12:38.201196+00:00
Llama-3.1-8B-Instruct,belief_bank_constraints,hidden,18,25878,halu_eval,104,4282,10000,2141,2141,1912,8088,9.4837,4097,0.19027104649075569,0.5543933054393305,0.4637,0.283308833355606,0.4918881645518543,5811.265,10,2026-09-18T18:12:38.201196+00:00
Llama-3.1-8B-Instruct,belief_bank_constraints,hidden,18,25878,halu_eval,123,4282,10000,2141,2141,1912,8088,9.3506,4097,0.18951846838135758,0.5125523012552301,0.4877,0.27671890441903146,0.5002201851805868,5821.485,10,2026-09-18T18:12:38.201196+00:00
Llama-3.1-8B-Instruct,belief_bank_constraints,hidden,18,25878,halu_eval,420,4282,10000,2141,2141,1912,8088,8.2271,4097,0.19751449875724938,0.6234309623430963,0.4437,0.2999874166352083,0.5071261106903558,5830.591,10,2026-09-18T18:12:38.201196+00:00
Llama-3.1-8B-Instruct,belief_bank_constraints,hidden,18,25878,halu_eval,511,4282,10000,2141,2141,1912,8088,8.9356,4097,0.1910922195527629,0.5407949790794979,0.4745,0.2823979243479448,0.4958365277967462,5840.374,10,2026-09-18T18:12:38.201196+00:00
Llama-3.1-8B-Instruct,belief_bank_constraints,hidden,18,25878,halu_eval,mean,0,0,0,0,0,0,8.7379,4097.0,0.19076441976071998,0.5123953974895399,0.49196,0.2765706790124349,0.49941577532084314,9620.585,10,2026-09-18T18:12:38.201196+00:00
Llama-3.1-8B-Instruct,belief_bank_constraints,hidden,18,25878,halu_eval,std,0,0,0,0,0,0,0.7133082068783451,0.0,0.002993769186790692,0.08627806624761969,0.04810480641266525,0.015606741954583076,0.004535221251276324,9620.585,10,2026-09-18T18:12:38.201196+00:00
Llama-3.1-8B-Instruct,belief_bank_constraints,hidden,19,25878,belief_bank_constraints,2,4282,7764,2141,2141,917,6847,9.4756,4097,0.7130434782608696,0.9836423118865867,0.9513137557959814,0.8267644362969753,0.9864495017200219,5851.463,10,2026-09-18T18:12:38.201196+00:00
Llama-3.1-8B-Instruct,belief_bank_constraints,hidden,19,25878,belief_bank_constraints,4,4282,7764,2141,2141,917,6847,9.509,4097,0.7519051651143099,0.9683751363140676,0.9585265327150954,0.8465204957102002,0.988981554936779,5861.788,10,2026-09-18T18:12:38.201196+00:00
Llama-3.1-8B-Instruct,belief_bank_constraints,hidden,19,25878,belief_bank_constraints,24,4282,7764,2141,2141,917,6847,9.1291,4097,0.742014742014742,0.9880043620501636,0.95801133436373,0.8475210477081384,0.9880425068951388,5871.726,10,2026-09-18T18:12:38.201196+00:00
Llama-3.1-8B-Instruct,belief_bank_constraints,hidden,19,25878,belief_bank_constraints,42,4282,7764,2141,2141,917,6847,8.5539,4097,0.7265372168284789,0.9792802617230099,0.9540185471406492,0.8341848583372039,0.9874736788624523,5881.077,10,2026-09-18T18:12:38.201196+00:00
Llama-3.1-8B-Instruct,belief_bank_constraints,hidden,19,25878,belief_bank_constraints,64,4282,7764,2141,2141,917,6847,9.138,4097,0.7456066945606694,0.9716466739367503,0.9574961360123647,0.84375,0.9883053798247058,5891.034,10,2026-09-18T18:12:38.201196+00:00
Llama-3.1-8B-Instruct,belief_bank_constraints,hidden,19,25878,belief_bank_constraints,67,4282,7764,2141,2141,917,6847,7.372,4097,0.7192982456140351,0.9836423118865867,0.9527305512622359,0.8309534776600644,0.9873379819609125,5899.225,10,2026-09-18T18:12:38.201196+00:00
Llama-3.1-8B-Instruct,belief_bank_constraints,hidden,19,25878,belief_bank_constraints,104,4282,7764,2141,2141,917,6847,7.7007,4097,0.7297959183673469,0.9749182115594329,0.9544049459041731,0.834733893557423,0.9866539230499821,5907.75,10,2026-09-18T18:12:38.201196+00:00
Llama-3.1-8B-Instruct,belief_bank_constraints,hidden,19,25878,belief_bank_constraints,123,4282,7764,2141,2141,917,6847,8.69,4097,0.7345276872964169,0.9836423118865867,0.9560793405461102,0.841025641025641,0.9866802023795056,5917.264,10,2026-09-18T18:12:38.201196+00:00
Llama-3.1-8B-Instruct,belief_bank_constraints,hidden,19,25878,belief_bank_constraints,420,4282,7764,2141,2141,917,6847,7.2653,4097,0.7330612244897959,0.9792802617230099,0.9554353426069037,0.838468720821662,0.9888991334032735,5925.344,10,2026-09-18T18:12:38.201196+00:00
Llama-3.1-8B-Instruct,belief_bank_constraints,hidden,19,25878,belief_bank_constraints,511,4282,7764,2141,2141,917,6847,7.7016,4097,0.7188244638602065,0.9869138495092693,0.9528593508500772,0.8318014705882353,0.9864282393534075,5933.855,10,2026-09-18T18:12:38.201196+00:00
Llama-3.1-8B-Instruct,belief_bank_constraints,hidden,19,25878,belief_bank_constraints,mean,0,0,0,0,0,0,8.45352,4097.0,0.7314614836406872,0.9799345692475464,0.9550875837197322,0.8375724041705543,0.987525210238618,9620.585,10,2026-09-18T18:12:38.201196+00:00
Llama-3.1-8B-Instruct,belief_bank_constraints,hidden,19,25878,belief_bank_constraints,std,0,0,0,0,0,0,0.8284491303634761,0.0,0.011896416283199856,0.006191960552487848,0.002316280737161146,0.006658779245336122,0.0009357482916825017,9620.585,10,2026-09-18T18:12:38.201196+00:00
Llama-3.1-8B-Instruct,belief_bank_constraints,hidden,19,25878,belief_bank_facts,2,4282,27416,2141,2141,1971,25445,8.0118,4097,0.1453354877115401,0.8670725520040589,0.6238692734169828,0.24894391842680264,0.7342680699579948,5943.616,10,2026-09-18T18:12:38.201196+00:00
Llama-3.1-8B-Instruct,belief_bank_constraints,hidden,19,25878,belief_bank_facts,4,4282,27416,2141,2141,1971,25445,8.4486,4097,0.14448209099709583,0.6057838660578386,0.713780274292384,0.2333170493404983,0.7202291549336074,5953.781,10,2026-09-18T18:12:38.201196+00:00
Llama-3.1-8B-Instruct,belief_bank_constraints,hidden,19,25878,belief_bank_facts,24,4282,27416,2141,2141,1971,25445,7.5609,4097,0.1386923076923077,0.9147640791476408,0.5854610446454626,0.24086567363569567,0.7753866912239659,5963.074,10,2026-09-18T18:12:38.201196+00:00
Llama-3.1-8B-Instruct,belief_bank_constraints,hidden,19,25878,belief_bank_facts,42,4282,27416,2141,2141,1971,25445,7.5643,4097,0.16565947242206236,0.8762049720953831,0.6738400933761307,0.2786382704098096,0.8135853048611429,5972.388,10,2026-09-18T18:12:38.201196+00:00
Llama-3.1-8B-Instruct,belief_bank_constraints,hidden,19,25878,belief_bank_facts,64,4282,27416,2141,2141,1971,25445,9.1274,4097,0.17416489669820429,0.915271435819381,0.6819010796615115,0.29264336118095546,0.8615467509383207,5983.261,10,2026-09-18T18:12:38.201196+00:00
Llama-3.1-8B-Instruct,belief_bank_constraints,hidden,19,25878,belief_bank_facts,67,4282,27416,2141,2141,1971,25445,7.5238,4097,0.16282627402237307,0.8640284119736175,0.6708491391887949,0.2740144810941271,0.7693474220767845,5992.507,10,2026-09-18T18:12:38.201196+00:00
Llama-3.1-8B-Instruct,belief_bank_constraints,hidden,19,25878,belief_bank_facts,104,4282,27416,2141,2141,1971,25445,8.6323,4097,0.16751318616917366,0.8701166920345003,0.6797855266997374,0.28094028995003684,0.7581442908815674,6002.863,10,2026-09-18T18:12:38.201196+00:00
Llama-3.1-8B-Instruct,belief_bank_constraints,hidden,19,25878,belief_bank_facts,123,4282,27416,2141,2141,1971,25445,9.3728,4097,0.16565731855026553,0.9020801623541349,0.666326232856726,0.279911838790932,0.7997208790579935,6013.934,10,2026-09-18T18:12:38.201196+00:00
Llama-3.1-8B-Instruct,belief_bank_constraints,hidden,19,25878,belief_bank_facts,420,4282,27416,2141,2141,1971,25445,8.0126,4097,0.13416300985540608,0.9462201927955353,0.5571199299679019,0.23500504032258066,0.8494606755709807,6023.647,10,2026-09-18T18:12:38.201196+00:00
Llama-3.1-8B-Instruct,belief_bank_constraints,hidden,19,25878,belief_bank_facts,511,4282,27416,2141,2141,1971,25445,8.5818,4097,0.1521856936416185,0.8548959918822933,0.6471768310475635,0.2583761404584835,0.75687109381971,6033.991,10,2026-09-18T18:12:38.201196+00:00
Llama-3.1-8B-Instruct,belief_bank_constraints,hidden,19,25878,belief_bank_facts,mean,0,0,0,0,0,0,8.28363,4097.0,0.1550679737760047,0.8616438356164384,0.6500109425153194,0.26226560636099217,0.7838560333322068,9620.585,10,2026-09-18T18:12:38.201196+00:00
Llama-3.1-8B-Instruct,belief_bank_constraints,hidden,19,25878,belief_bank_facts,std,0,0,0,0,0,0,0.6245314292331492,0.0,0.013131453688838387,0.08961850649565237,0.04552486192650937,0.020544467257507165,0.0443330526627431,9620.585,10,2026-09-18T18:12:38.201196+00:00
Llama-3.1-8B-Instruct,belief_bank_constraints,hidden,19,25878,halu_eval,2,4282,10000,2141,2141,1912,8088,8.9807,4097,0.1926173178872963,0.5130753138075314,0.4957,0.28008565310492506,0.5015575595748027,6043.847,10,2026-09-18T18:12:38.201196+00:00
Llama-3.1-8B-Instruct,belief_bank_constraints,hidden,19,25878,halu_eval,4,4282,10000,2141,2141,1912,8088,9.5534,4097,0.18971428571428572,0.3472803347280335,0.5916,0.24538063562453807,0.496343115375224,6054.272,10,2026-09-18T18:12:38.201196+00:00
Llama-3.1-8B-Instruct,belief_bank_constraints,hidden,19,25878,halu_eval,24,4282,10000,2141,2141,1912,8088,8.8551,4097,0.19012345679012346,0.5235355648535565,0.4825,0.27894663508429707,0.4930273722835421,6063.995,10,2026-09-18T18:12:38.201196+00:00
Llama-3.1-8B-Instruct,belief_bank_constraints,hidden,19,25878,halu_eval,42,4282,10000,2141,2141,1912,8088,8.882,4097,0.18438401318500205,0.46809623430962344,0.5024,0.2645580845403488,0.49179058468768233,6073.748,10,2026-09-18T18:12:38.201196+00:00
Llama-3.1-8B-Instruct,belief_bank_constraints,hidden,19,25878,halu_eval,64,4282,10000,2141,2141,1912,8088,8.9659,4097,0.19332126332729832,0.5026150627615062,0.5039,0.27923870405346507,0.5006732622636356,6083.586,10,2026-09-18T18:12:38.201196+00:00
Llama-3.1-8B-Instruct,belief_bank_constraints,hidden,19,25878,halu_eval,67,4282,10000,2141,2141,1912,8088,7.2719,4097,0.18670132120424518,0.45083682008368203,0.5195,0.2640526880073518,0.4932515990423335,6091.7,10,2026-09-18T18:12:38.201196+00:00
Llama-3.1-8B-Instruct,belief_bank_constraints,hidden,19,25878,halu_eval,104,4282,10000,2141,2141,1912,8088,9.1659,4097,0.18842041557393585,0.4884937238493724,0.4999,0.27194642597175717,0.48964350434964343,6101.744,10,2026-09-18T18:12:38.201196+00:00
Llama-3.1-8B-Instruct,belief_bank_constraints,hidden,19,25878,halu_eval,123,4282,10000,2141,2141,1912,8088,9.8497,4097,0.18695529940961483,0.34780334728033474,0.5861,0.24318888279392942,0.4941872728956376,6112.45,10,2026-09-18T18:12:38.201196+00:00
Llama-3.1-8B-Instruct,belief_bank_constraints,hidden,19,25878,halu_eval,420,4282,10000,2141,2141,1912,8088,8.2202,4097,0.1922609751865348,0.5794979079497908,0.4541,0.2887296416938111,0.5001138755074929,6121.49,10,2026-09-18T18:12:38.201196+00:00
Llama-3.1-8B-Instruct,belief_bank_constraints,hidden,19,25878,halu_eval,511,4282,10000,2141,2141,1912,8088,8.5312,4097,0.18796992481203006,0.4837866108786611,0.5017,0.2707449143860676,0.49288404175409406,6130.868,10,2026-09-18T18:12:38.201196+00:00
Llama-3.1-8B-Instruct,belief_bank_constraints,hidden,19,25878,halu_eval,mean,0,0,0,0,0,0,8.8276,4097.0,0.18924682730903666,0.47050209205020915,0.51374,0.2686872265260491,0.49534721877340876,9620.585,10,2026-09-18T18:12:38.201196+00:00
Llama-3.1-8B-Instruct,belief_bank_constraints,hidden,19,25878,halu_eval,std,0,0,0,0,0,0,0.6789103961495951,0.0,0.0027518070177841992,0.06976218961146155,0.04092867454487135,0.014124303911750253,0.003911725042748022,9620.585,10,2026-09-18T18:12:38.201196+00:00
Llama-3.1-8B-Instruct,belief_bank_constraints,hidden,20,25878,belief_bank_constraints,2,4282,7764,2141,2141,917,6847,7.788,4097,0.7151949085123309,0.9803707742639041,0.9515713549716641,0.827046918123275,0.9849362105111265,6140.302,10,2026-09-18T18:12:38.201196+00:00
Llama-3.1-8B-Instruct,belief_bank_constraints,hidden,20,25878,belief_bank_constraints,4,4282,7764,2141,2141,917,6847,9.2214,4097,0.7518987341772152,0.9716466739367503,0.9587841318907779,0.8477640342530923,0.9878736024772011,6150.339,10,2026-09-18T18:12:38.201196+00:00
Llama-3.1-8B-Instruct,belief_bank_constraints,hidden,20,25878,belief_bank_constraints,24,4282,7764,2141,2141,917,6847,7.6872,4097,0.7302737520128825,0.9890948745910578,0.955564142194745,0.840203798054655,0.9873238070498362,6158.822,10,2026-09-18T18:12:38.201196+00:00
Llama-3.1-8B-Instruct,belief_bank_constraints,hidden,20,25878,belief_bank_constraints,42,4282,7764,2141,2141,917,6847,8.4736,4097,0.7244157937147462,0.9803707742639041,0.9536321483771252,0.8331788693234476,0.9876748351848048,6168.114,10,2026-09-18T18:12:38.201196+00:00
Llama-3.1-8B-Instruct,belief_bank_constraints,hidden,20,25878,belief_bank_constraints,64,4282,7764,2141,2141,917,6847,8.1845,4097,0.745819397993311,0.9727371864776445,0.9576249356002061,0.8442972077614765,0.9874676266532286,6177.114,10,2026-09-18T18:12:38.201196+00:00
Llama-3.1-8B-Instruct,belief_bank_constraints,hidden,20,25878,belief_bank_constraints,67,4282,7764,2141,2141,917,6847,7.4488,4097,0.712241653418124,0.9770992366412213,0.9506697578567749,0.8239080459770115,0.9847458844579108,6185.365,10,2026-09-18T18:12:38.201196+00:00
Llama-3.1-8B-Instruct,belief_bank_constraints,hidden,20,25878,belief_bank_constraints,104,4282,7764,2141,2141,917,6847,7.7818,4097,0.7158818834796489,0.9781897491821155,0.9515713549716641,0.8267281105990784,0.9855282121343928,6193.959,10,2026-09-18T18:12:38.201196+00:00
Llama-3.1-8B-Instruct,belief_bank_constraints,hidden,20,25878,belief_bank_constraints,123,4282,7764,2141,2141,917,6847,8.3464,4097,0.726027397260274,0.9825517993456925,0.9541473467284904,0.835032437442076,0.988073962456235,6203.121,10,2026-09-18T18:12:38.201196+00:00
Llama-3.1-8B-Instruct,belief_bank_constraints,hidden,20,25878,belief_bank_constraints,420,4282,7764,2141,2141,917,6847,8.1047,4097,0.7304560260586319,0.9781897491821155,0.9547913446676971,0.8363636363636363,0.9889841828697314,6212.025,10,2026-09-18T18:12:38.201196+00:00
Llama-3.1-8B-Instruct,belief_bank_constraints,hidden,20,25878,belief_bank_constraints,511,4282,7764,2141,2141,917,6847,9.0771,4097,0.70859375,0.9890948745910578,0.9506697578567749,0.8256713700500683,0.9847124380385172,6221.9,10,2026-09-18T18:12:38.201196+00:00
Llama-3.1-8B-Instruct,belief_bank_constraints,hidden,20,25878,belief_bank_constraints,mean,0,0,0,0,0,0,8.21135,4097.0,0.7260803296627165,0.9799345692475463,0.9539026275115919,0.8340194427947816,0.9867320761832985,9620.585,10,2026-09-18T18:12:38.201196+00:00
Llama-3.1-8B-Instruct,belief_bank_constraints,hidden,20,25878,belief_bank_constraints,std,0,0,0,0,0,0,0.5557685601938992,0.0,0.013474108314188904,0.00556482042406678,0.002704453991375738,0.007834096961944837,0.0015051251771855956,9620.585,10,2026-09-18T18:12:38.201196+00:00
Llama-3.1-8B-Instruct,belief_bank_constraints,hidden,20,25878,belief_bank_facts,2,4282,27416,2141,2141,1971,25445,8.4755,4097,0.13498346527708188,0.6834094368340944,0.6623869273416982,0.22543933054393306,0.7198772852858889,6232.088,10,2026-09-18T18:12:38.201196+00:00
Llama-3.1-8B-Instruct,belief_bank_constraints,hidden,20,25878,belief_bank_facts,4,4282,27416,2141,2141,1971,25445,10.219,4097,0.14511742892459828,0.595636732623034,0.7186679311351036,0.23337640393599046,0.751217292119103,6244.011,10,2026-09-18T18:12:38.201196+00:00
Llama-3.1-8B-Instruct,belief_bank_constraints,hidden,20,25878,belief_bank_facts,24,4282,27416,2141,2141,1971,25445,8.5659,4097,0.13462421552120007,0.8924403855910705,0.5798438867814415,0.23395624127153022,0.8101118607308428,6254.276,10,2026-09-18T18:12:38.201196+00:00
Llama-3.1-8B-Instruct,belief_bank_constraints,hidden,20,25878,belief_bank_facts,42,4282,27416,2141,2141,1971,25445,9.2755,4097,0.16861182275358194,0.9015728056823947,0.6733294426612197,0.2840927258193445,0.8247143215054128,6265.255,10,2026-09-18T18:12:38.201196+00:00
Llama-3.1-8B-Instruct,belief_bank_constraints,hidden,20,25878,belief_bank_facts,64,4282,27416,2141,2141,1971,25445,8.9302,4097,0.1801566579634465,0.8401826484018264,0.7136343740881237,0.29669443697930664,0.8375553404100068,6275.882,10,2026-09-18T18:12:38.201196+00:00
Llama-3.1-8B-Instruct,belief_bank_constraints,hidden,20,25878,belief_bank_facts,67,4282,27416,2141,2141,1971,25445,8.3784,4097,0.17114446887847787,0.9081684424150177,0.6771957980741173,0.28801287208366855,0.7917980794222055,6285.959,10,2026-09-18T18:12:38.201196+00:00
Llama-3.1-8B-Instruct,belief_bank_constraints,hidden,20,25878,belief_bank_facts,104,4282,27416,2141,2141,1971,25445,8.4665,4097,0.15627965833596963,0.7519025875190258,0.690326816457543,0.2587742273441592,0.7431767606118946,6296.121,10,2026-09-18T18:12:38.201196+00:00
Llama-3.1-8B-Instruct,belief_bank_constraints,hidden,20,25878,belief_bank_facts,123,4282,27416,2141,2141,1971,25445,9.6327,4097,0.166741979213737,0.7488584474885844,0.7129048730668223,0.2727524715882842,0.7978066619151203,6307.449,10,2026-09-18T18:12:38.201196+00:00
Llama-3.1-8B-Instruct,belief_bank_constraints,hidden,20,25878,belief_bank_facts,420,4282,27416,2141,2141,1971,25445,8.6056,4097,0.1575726230497371,0.9274479959411466,0.6383133936387511,0.269378131447097,0.8519456066591036,6317.745,10,2026-09-18T18:12:38.201196+00:00
Llama-3.1-8B-Instruct,belief_bank_constraints,hidden,20,25878,belief_bank_facts,511,4282,27416,2141,2141,1971,25445,9.01,4097,0.14723301869331853,0.8072044647387113,0.6500218850306391,0.24904124598888627,0.7324643068250687,6328.459,10,2026-09-18T18:12:38.201196+00:00
Llama-3.1-8B-Instruct,belief_bank_constraints,hidden,20,25878,belief_bank_facts,mean,0,0,0,0,0,0,8.955929999999999,4097.0,0.1562465338611149,0.8056823947234906,0.671662532827546,0.26115180870022,0.7860667515484648,9620.585,10,2026-09-18T18:12:38.201196+00:00
Llama-3.1-8B-Instruct,belief_bank_constraints,hidden,20,25878,belief_bank_facts,std,0,0,0,0,0,0,0.5690188187573412,0.0,0.014775655731816207,0.10413253129839907,0.04018831670267279,0.02377414627417378,0.04420619589710445,9620.585,10,2026-09-18T18:12:38.201196+00:00
Llama-3.1-8B-Instruct,belief_bank_constraints,hidden,20,25878,halu_eval,2,4282,10000,2141,2141,1912,8088,9.4017,4097,0.19218787443086507,0.4194560669456067,0.5519,0.26359901396877566,0.49223063172259957,6338.678,10,2026-09-18T18:12:38.201196+00:00
Llama-3.1-8B-Instruct,belief_bank_constraints,hidden,20,25878,halu_eval,4,4282,10000,2141,2141,1912,8088,9.8252,4097,0.18544683857294242,0.274581589958159,0.6307,0.22137887413029728,0.48856424130588627,6349.326,10,2026-09-18T18:12:38.201196+00:00
Llama-3.1-8B-Instruct,belief_bank_constraints,hidden,20,25878,halu_eval,24,4282,10000,2141,2141,1912,8088,8.9182,4097,0.18462268628381584,0.40690376569037656,0.543,0.25399934704538035,0.4880973258590649,6359.068,10,2026-09-18T18:12:38.201196+00:00
Llama-3.1-8B-Instruct,belief_bank_constraints,hidden,20,25878,halu_eval,42,4282,10000,2141,2141,1912,8088,9.0594,4097,0.18509984639016897,0.37813807531380755,0.5628,0.24853901684427637,0.4906681252560744,6368.954,10,2026-09-18T18:12:38.201196+00:00
Llama-3.1-8B-Instruct,belief_bank_constraints,hidden,20,25878,halu_eval,64,4282,10000,2141,2141,1912,8088,8.1765,4097,0.1939477303988996,0.516213389121339,0.4973,0.2819597200399943,0.5016376151558795,6377.952,10,2026-09-18T18:12:38.201196+00:00
Llama-3.1-8B-Instruct,belief_bank_constraints,hidden,20,25878,halu_eval,67,4282,10000,2141,2141,1912,8088,7.6659,4097,0.18559077809798272,0.5052301255230126,0.4815,0.27146269495573977,0.48592554339503946,6386.44,10,2026-09-18T18:12:38.201196+00:00
Llama-3.1-8B-Instruct,belief_bank_constraints,hidden,20,25878,halu_eval,104,4282,10000,2141,2141,1912,8088,7.8993,4097,0.18422857142857144,0.4215481171548117,0.5325,0.2564020995705424,0.48643626954959873,6395.166,10,2026-09-18T18:12:38.201196+00:00
Llama-3.1-8B-Instruct,belief_bank_constraints,hidden,20,25878,halu_eval,123,4282,10000,2141,2141,1912,8088,8.1918,4097,0.1890547263681592,0.4372384937238494,0.5338,0.2639722134512157,0.492023153263888,6404.185,10,2026-09-18T18:12:38.201196+00:00
Llama-3.1-8B-Instruct,belief_bank_constraints,hidden,20,25878,halu_eval,420,4282,10000,2141,2141,1912,8088,7.5759,4097,0.19577960140679954,0.4367154811715481,0.5493,0.27035777885705037,0.49966697395594073,6412.589,10,2026-09-18T18:12:38.201196+00:00
Llama-3.1-8B-Instruct,belief_bank_constraints,hidden,20,25878,halu_eval,511,4282,10000,2141,2141,1912,8088,7.8988,4097,0.18675871835723137,0.5517782426778243,0.4549,0.2790636159238196,0.48878985836758004,6421.314,10,2026-09-18T18:12:38.201196+00:00
Llama-3.1-8B-Instruct,belief_bank_constraints,hidden,20,25878,halu_eval,mean,0,0,0,0,0,0,8.46127,4097.0,0.18827173717354362,0.4347803347280335,0.53377,0.26107343747870926,0.49140397378315515,9620.585,10,2026-09-18T18:12:38.201196+00:00
Llama-3.1-8B-Instruct,belief_bank_constraints,hidden,20,25878,halu_eval,std,0,0,0,0,0,0,0.7425390522390052,0.0,0.004021375385638337,0.07439880672200956,0.04601906235463735,0.01665363214914243,0.005051095846901149,9620.585,10,2026-09-18T18:12:38.201196+00:00
Llama-3.1-8B-Instruct,belief_bank_constraints,hidden,21,25878,belief_bank_constraints,2,4282,7764,2141,2141,917,6847,8.2375,4097,0.7128164556962026,0.9825517993456925,0.9511849562081401,0.8262265016047684,0.9848017081245652,6431.171,10,2026-09-18T18:12:38.201196+00:00
Llama-3.1-8B-Instruct,belief_bank_constraints,hidden,21,25878,belief_bank_constraints,4,4282,7764,2141,2141,917,6847,8.7137,4097,0.7483221476510067,0.9727371864776445,0.9581401339515714,0.8458985301090565,0.9885909485388613,6440.662,10,2026-09-18T18:12:38.201196+00:00
Llama-3.1-8B-Instruct,belief_bank_constraints,hidden,21,25878,belief_bank_constraints,24,4282,7764,2141,2141,917,6847,8.8218,4097,0.7343623070674249,0.9858233369683751,0.9562081401339516,0.8417132216014898,0.9876788169013995,6450.264,10,2026-09-18T18:12:38.201196+00:00
Llama-3.1-8B-Instruct,belief_bank_constraints,hidden,21,25878,belief_bank_constraints,42,4282,7764,2141,2141,917,6847,9.3886,4097,0.7295546558704453,0.9825517993456925,0.9549201442555384,0.837360594795539,0.9869271484426949,6460.434,10,2026-09-18T18:12:38.201196+00:00
Llama-3.1-8B-Instruct,belief_bank_constraints,hidden,21,25878,belief_bank_constraints,64,4282,7764,2141,2141,917,6847,9.1062,4097,0.7410788381742739,0.9738276990185387,0.9567233384853169,0.8416588124410933,0.9882906474733061,6470.319,10,2026-09-18T18:12:38.201196+00:00
Llama-3.1-8B-Instruct,belief_bank_constraints,hidden,21,25878,belief_bank_constraints,67,4282,7764,2141,2141,917,6847,7.8759,4097,0.7216,0.9836423118865867,0.9532457496136012,0.8324873096446701,0.9864470330557333,6478.971,10,2026-09-18T18:12:38.201196+00:00
Llama-3.1-8B-Instruct,belief_bank_constraints,hidden,21,25878,belief_bank_constraints,104,4282,7764,2141,2141,917,6847,9.1541,4097,0.7218649517684887,0.9792802617230099,0.9529881504379186,0.8310967144840352,0.987150363474981,6488.902,10,2026-09-18T18:12:38.201196+00:00
Llama-3.1-8B-Instruct,belief_bank_constraints,hidden,21,25878,belief_bank_constraints,123,4282,7764,2141,2141,917,6847,9.2092,4097,0.7315490673154906,0.9836423118865867,0.9554353426069037,0.8390697674418605,0.9886314027794612,6498.894,10,2026-09-18T18:12:38.201196+00:00
Llama-3.1-8B-Instruct,belief_bank_constraints,hidden,21,25878,belief_bank_constraints,420,4282,7764,2141,2141,917,6847,9.145,4097,0.7247780468119451,0.9792802617230099,0.9536321483771252,0.8330241187384044,0.9898544268486195,6508.821,10,2026-09-18T18:12:38.201196+00:00
Llama-3.1-8B-Instruct,belief_bank_constraints,hidden,21,25878,belief_bank_constraints,511,4282,7764,2141,2141,917,6847,8.893,4097,0.6926010678871091,0.990185387131952,0.9469345698093766,0.8150807899461401,0.9846826547983906,6518.497,10,2026-09-18T18:12:38.201196+00:00
Llama-3.1-8B-Instruct,belief_bank_constraints,hidden,21,25878,belief_bank_constraints,mean,0,0,0,0,0,0,8.8545,4097.0,0.7258527538242386,0.9813522355507089,0.9539412673879444,0.8343616360807058,0.9873055150438013,9620.585,10,2026-09-18T18:12:38.201196+00:00
Llama-3.1-8B-Instruct,belief_bank_constraints,hidden,21,25878,belief_bank_constraints,std,0,0,0,0,0,0,0.44825231064658205,0.0,0.014717455718153088,0.005008053436512547,0.0030311444451479727,0.008517323385202199,0.0015833438887630435,9620.585,10,2026-09-18T18:12:38.201196+00:00
Llama-3.1-8B-Instruct,belief_bank_constraints,hidden,21,25878,belief_bank_facts,2,4282,27416,2141,2141,1971,25445,9.192,4097,0.16052908462347812,0.5418569254185692,0.7633498686898161,0.24768089053803338,0.7450249884875197,6529.381,10,2026-09-18T18:12:38.201196+00:00
Llama-3.1-8B-Instruct,belief_bank_constraints,hidden,21,25878,belief_bank_facts,4,4282,27416,2141,2141,1971,25445,9.9944,4097,0.17374959136972867,0.5393201420598681,0.7824992704989787,0.26282606008159226,0.7420079958773407,6541.065,10,2026-09-18T18:12:38.201196+00:00
Llama-3.1-8B-Instruct,belief_bank_constraints,hidden,21,25878,belief_bank_facts,24,4282,27416,2141,2141,1971,25445,8.5275,4097,0.14808510638297873,0.882800608828006,0.6264590020426029,0.2536258290212084,0.8182181422331409,6551.278,10,2026-09-18T18:12:38.201196+00:00
Llama-3.1-8B-Instruct,belief_bank_constraints,hidden,21,25878,belief_bank_facts,42,4282,27416,2141,2141,1971,25445,9.3108,4097,0.18382017343678686,0.817351598173516,0.7259629413481179,0.3001397298556125,0.8209249982478299,6562.28,10,2026-09-18T18:12:38.201196+00:00
Llama-3.1-8B-Instruct,belief_bank_constraints,hidden,21,25878,belief_bank_facts,64,4282,27416,2141,2141,1971,25445,9.6189,4097,0.17620041753653445,0.8564180618975139,0.7018164575430406,0.29226906761319366,0.8405219064128827,6573.596,10,2026-09-18T18:12:38.201196+00:00
Llama-3.1-8B-Instruct,belief_bank_constraints,hidden,21,25878,belief_bank_facts,67,4282,27416,2141,2141,1971,25445,7.946,4097,0.16084233457384042,0.8990360223236935,0.6555296177414648,0.2728672620880813,0.7817791759247544,6583.239,10,2026-09-18T18:12:38.201196+00:00
Llama-3.1-8B-Instruct,belief_bank_constraints,hidden,21,25878,belief_bank_facts,104,4282,27416,2141,2141,1971,25445,9.2632,4097,0.17170130497825037,0.7209538305428717,0.7299022468631456,0.2773494681370157,0.7503176288049382,6594.203,10,2026-09-18T18:12:38.201196+00:00
Llama-3.1-8B-Instruct,belief_bank_constraints,hidden,21,25878,belief_bank_facts,123,4282,27416,2141,2141,1971,25445,9.225,4097,0.17143714971977583,0.8691019786910198,0.6886124890574847,0.28638301429407337,0.812187626459074,6605.126,10,2026-09-18T18:12:38.201196+00:00
Llama-3.1-8B-Instruct,belief_bank_constraints,hidden,21,25878,belief_bank_facts,420,4282,27416,2141,2141,1971,25445,8.4347,4097,0.14416219248337206,0.9127346524606799,0.6041727458418442,0.24899653979238753,0.8324338694126338,6615.256,10,2026-09-18T18:12:38.201196+00:00
Llama-3.1-8B-Instruct,belief_bank_constraints,hidden,21,25878,belief_bank_facts,511,4282,27416,2141,2141,1971,25445,8.5244,4097,0.15473283188434112,0.8036529680365296,0.6702655383717537,0.2595019659239843,0.7528891465052456,6625.479,10,2026-09-18T18:12:38.201196+00:00
Llama-3.1-8B-Instruct,belief_bank_constraints,hidden,21,25878,belief_bank_facts,mean,0,0,0,0,0,0,9.003689999999999,4097.0,0.16452601869890865,0.7843226788432267,0.6948570177998249,0.27016398273451825,0.7896305478365361,9620.585,10,2026-09-18T18:12:38.201196+00:00
Llama-3.1-8B-Instruct,belief_bank_constraints,hidden,21,25878,belief_bank_facts,std,0,0,0,0,0,0,0.5920324306150807,0.0,0.012260992161727597,0.13267555461226277,0.054505890120016276,0.017617492478844657,0.03733913936745211,9620.585,10,2026-09-18T18:12:38.201196+00:00
Llama-3.1-8B-Instruct,belief_bank_constraints,hidden,21,25878,halu_eval,2,4282,10000,2141,2141,1912,8088,7.9797,4097,0.18902891030392885,0.40010460251046026,0.5571,0.25675448900822284,0.4958593222978202,6634.292,10,2026-09-18T18:12:38.201196+00:00
Llama-3.1-8B-Instruct,belief_bank_constraints,hidden,21,25878,halu_eval,4,4282,10000,2141,2141,1912,8088,8.6922,4097,0.19258769027134348,0.3043933054393305,0.623,0.2359140656668018,0.4969373567018032,6643.821,10,2026-09-18T18:12:38.201196+00:00
Llama-3.1-8B-Instruct,belief_bank_constraints,hidden,21,25878,halu_eval,24,4282,10000,2141,2141,1912,8088,7.8677,4097,0.19020501138952164,0.4367154811715481,0.5368,0.26499523960647414,0.4947623409752141,6652.526,10,2026-09-18T18:12:38.201196+00:00
Llama-3.1-8B-Instruct,belief_bank_constraints,hidden,21,25878,halu_eval,42,4282,10000,2141,2141,1912,8088,8.0784,4097,0.19210866752910738,0.4660041841004184,0.5232,0.2720610687022901,0.4928973951284821,6661.441,10,2026-09-18T18:12:38.201196+00:00
Llama-3.1-8B-Instruct,belief_bank_constraints,hidden,21,25878,halu_eval,64,4282,10000,2141,2141,1912,8088,8.5039,4097,0.19255037655200488,0.49476987447698745,0.5067,0.2772161172161172,0.4981332758588579,6670.786,10,2026-09-18T18:12:38.201196+00:00
Llama-3.1-8B-Instruct,belief_bank_constraints,hidden,21,25878,halu_eval,67,4282,10000,2141,2141,1912,8088,7.009,4097,0.1916682964991199,0.5125523012552301,0.4935,0.27900355871886123,0.49795796836265516,6678.636,10,2026-09-18T18:12:38.201196+00:00
Llama-3.1-8B-Instruct,belief_bank_constraints,hidden,21,25878,halu_eval,104,4282,10000,2141,2141,1912,8088,9.0388,4097,0.18460520511689457,0.4377615062761506,0.5228,0.25969593546385356,0.48860349311340934,6688.509,10,2026-09-18T18:12:38.201196+00:00
Llama-3.1-8B-Instruct,belief_bank_constraints,hidden,21,25878,halu_eval,123,4282,10000,2141,2141,1912,8088,9.4599,4097,0.19249592169657423,0.4320083682008368,0.5449,0.26632274705787523,0.5001434921925763,6698.804,10,2026-09-18T18:12:38.201196+00:00
Llama-3.1-8B-Instruct,belief_bank_constraints,hidden,21,25878,halu_eval,420,4282,10000,2141,2141,1912,8088,8.8574,4097,0.19052150742291588,0.5235355648535565,0.4836,0.27937482556516885,0.5003532986003336,6708.498,10,2026-09-18T18:12:38.201196+00:00
Llama-3.1-8B-Instruct,belief_bank_constraints,hidden,21,25878,halu_eval,511,4282,10000,2141,2141,1912,8088,8.9315,4097,0.19232856884385743,0.5559623430962343,0.4687,0.28579110095442933,0.4979758159720067,6718.268,10,2026-09-18T18:12:38.201196+00:00
Llama-3.1-8B-Instruct,belief_bank_constraints,hidden,21,25878,halu_eval,mean,0,0,0,0,0,0,8.44185,4097.0,0.1908100155625268,0.45638075313807536,0.52603,0.26771291479600945,0.49636237592031585,9620.585,10,2026-09-18T18:12:38.201196+00:00
Llama-3.1-8B-Instruct,belief_bank_constraints,hidden,21,25878,halu_eval,std,0,0,0,0,0,0,0.6782422299591789,0.0,0.002363930752072755,0.06836844409803954,0.04168683365284536,0.01379985905893938,0.0033743092138663056,9620.585,10,2026-09-18T18:12:38.201196+00:00
Llama-3.1-8B-Instruct,belief_bank_constraints,hidden,22,25878,belief_bank_constraints,2,4282,7764,2141,2141,917,6847,9.2029,4097,0.7158730158730159,0.9836423118865867,0.9519577537351881,0.8286632981166743,0.9837813534300658,6729.165,10,2026-09-18T18:12:38.201196+00:00
Llama-3.1-8B-Instruct,belief_bank_constraints,hidden,22,25878,belief_bank_constraints,4,4282,7764,2141,2141,917,6847,9.463,4097,0.7487394957983193,0.9716466739367503,0.9581401339515714,0.8457522543901281,0.9884994486915203,6739.406,10,2026-09-18T18:12:38.201196+00:00
Llama-3.1-8B-Instruct,belief_bank_constraints,hidden,22,25878,belief_bank_constraints,24,4282,7764,2141,2141,917,6847,8.8183,4097,0.7255216693418941,0.9858233369683751,0.9542761463163318,0.8358760980120203,0.9881584544823697,6749.003,10,2026-09-18T18:12:38.201196+00:00
Llama-3.1-8B-Instruct,belief_bank_constraints,hidden,22,25878,belief_bank_constraints,42,4282,7764,2141,2141,917,6847,9.2538,4097,0.719551282051282,0.9792802617230099,0.9524729520865534,0.8295612009237875,0.9861356628180457,6759.041,10,2026-09-18T18:12:38.201196+00:00
Llama-3.1-8B-Instruct,belief_bank_constraints,hidden,22,25878,belief_bank_constraints,64,4282,7764,2141,2141,917,6847,9.6556,4097,0.7404643449419569,0.9738276990185387,0.9565945388974755,0.8412623645784267,0.987947184599867,6769.48,10,2026-09-18T18:12:38.201196+00:00
Llama-3.1-8B-Instruct,belief_bank_constraints,hidden,22,25878,belief_bank_constraints,67,4282,7764,2141,2141,917,6847,8.4067,4097,0.7164536741214057,0.9781897491821155,0.9517001545595054,0.8271092669432918,0.9849495890788841,6778.666,10,2026-09-18T18:12:38.201196+00:00
Llama-3.1-8B-Instruct,belief_bank_constraints,hidden,22,25878,belief_bank_constraints,104,4282,7764,2141,2141,917,6847,8.7578,4097,0.7133808392715756,0.9825517993456925,0.9513137557959814,0.826605504587156,0.9869098677926748,6788.205,10,2026-09-18T18:12:38.201196+00:00
Llama-3.1-8B-Instruct,belief_bank_constraints,hidden,22,25878,belief_bank_constraints,123,4282,7764,2141,2141,917,6847,9.3014,4097,0.7219123505976096,0.9880043620501636,0.9536321483771252,0.8342541436464088,0.9874254204573273,6798.285,10,2026-09-18T18:12:38.201196+00:00
Llama-3.1-8B-Instruct,belief_bank_constraints,hidden,22,25878,belief_bank_constraints,420,4282,7764,2141,2141,917,6847,9.1114,4097,0.715311004784689,0.9781897491821155,0.9514425553838227,0.8263473053892215,0.9890138068411943,6808.182,10,2026-09-18T18:12:38.201196+00:00
Llama-3.1-8B-Instruct,belief_bank_constraints,hidden,22,25878,belief_bank_constraints,511,4282,7764,2141,2141,917,6847,9.1754,4097,0.7089494163424125,0.9934569247546347,0.9510561566202989,0.8274296094459582,0.9867109412316152,6818.145,10,2026-09-18T18:12:38.201196+00:00
Llama-3.1-8B-Instruct,belief_bank_constraints,hidden,22,25878,belief_bank_constraints,mean,0,0,0,0,0,0,9.11463,4097.0,0.7226157093124161,0.9814612868047983,0.9532586295723853,0.8322861046033074,0.9869531729423565,9620.585,10,2026-09-18T18:12:38.201196+00:00
Llama-3.1-8B-Instruct,belief_bank_constraints,hidden,22,25878,belief_bank_constraints,std,0,0,0,0,0,0,0.34584108214612064,0.0,0.011950731085478138,0.006264517608002207,0.002297872725836641,0.0064586781658036345,0.0015525663559537348,9620.585,10,2026-09-18T18:12:38.201196+00:00
Llama-3.1-8B-Instruct,belief_bank_constraints,hidden,22,25878,belief_bank_facts,2,4282,27416,2141,2141,1971,25445,9.3807,4097,0.17068048165779895,0.6184677828513445,0.7565290341406478,0.2675299023373203,0.7850727771192807,6829.212,10,2026-09-18T18:12:38.201196+00:00
Llama-3.1-8B-Instruct,belief_bank_constraints,hidden,22,25878,belief_bank_facts,4,4282,27416,2141,2141,1971,25445,9.5527,4097,0.153012570437798,0.5372907153729072,0.7529180040852057,0.23819163292847503,0.7573246042862217,6840.45,10,2026-09-18T18:12:38.201196+00:00
Llama-3.1-8B-Instruct,belief_bank_constraints,hidden,22,25878,belief_bank_facts,24,4282,27416,2141,2141,1971,25445,7.9787,4097,0.14802598700649675,0.7513952308472857,0.6712138896994456,0.24732798931195724,0.7850971330310328,6850.116,10,2026-09-18T18:12:38.201196+00:00
Llama-3.1-8B-Instruct,belief_bank_constraints,hidden,22,25878,belief_bank_facts,42,4282,27416,2141,2141,1971,25445,8.8944,4097,0.19871884138699344,0.723997970573313,0.7702801283921797,0.31184440559440557,0.8182171851445088,6860.699,10,2026-09-18T18:12:38.201196+00:00
Llama-3.1-8B-Instruct,belief_bank_constraints,hidden,22,25878,belief_bank_facts,64,4282,27416,2141,2141,1971,25445,8.328,4097,0.19731109174654549,0.8041603247082699,0.7507295010213014,0.3168732506997201,0.847646872977091,6870.712,10,2026-09-18T18:12:38.201196+00:00
Llama-3.1-8B-Instruct,belief_bank_constraints,hidden,22,25878,belief_bank_facts,67,4282,27416,2141,2141,1971,25445,7.3217,4097,0.16122372372372373,0.8716387620497209,0.6647578056609279,0.2721153084659856,0.8162065313522796,6879.74,10,2026-09-18T18:12:38.201196+00:00
Llama-3.1-8B-Instruct,belief_bank_constraints,hidden,22,25878,belief_bank_facts,104,4282,27416,2141,2141,1971,25445,8.31,4097,0.1818413345218388,0.7245053272450532,0.7458418441785819,0.2907166123778502,0.7837657429864096,6889.744,10,2026-09-18T18:12:38.201196+00:00
Llama-3.1-8B-Instruct,belief_bank_constraints,hidden,22,25878,belief_bank_facts,123,4282,27416,2141,2141,1971,25445,8.3192,4097,0.17194824676542284,0.930492135971588,0.6728552669973737,0.29025876394713934,0.8363744525527799,6899.747,10,2026-09-18T18:12:38.201196+00:00
Llama-3.1-8B-Instruct,belief_bank_constraints,hidden,22,25878,belief_bank_facts,420,4282,27416,2141,2141,1971,25445,8.2315,4097,0.14346284304656182,0.9441907661085743,0.5907134519988329,0.24907983671284215,0.8437420211458764,6909.662,10,2026-09-18T18:12:38.201196+00:00
Llama-3.1-8B-Instruct,belief_bank_constraints,hidden,22,25878,belief_bank_facts,511,4282,27416,2141,2141,1971,25445,7.7059,4097,0.1667885881492319,0.8097412480974124,0.6955062737087832,0.2766031195840555,0.7977424671890577,6919.058,10,2026-09-18T18:12:38.201196+00:00
Llama-3.1-8B-Instruct,belief_bank_constraints,hidden,22,25878,belief_bank_facts,mean,0,0,0,0,0,0,8.40228,4097.0,0.16930137084424118,0.771588026382547,0.7071345199883281,0.27605408219597505,0.8071189787784538,9620.585,10,2026-09-18T18:12:38.201196+00:00
Llama-3.1-8B-Instruct,belief_bank_constraints,hidden,22,25878,belief_bank_facts,std,0,0,0,0,0,0,0.6637072725230603,0.0,0.01809212420011548,0.12280039753401951,0.05465557481979948,0.02537470189066158,0.02851168708239747,9620.585,10,2026-09-18T18:12:38.201196+00:00
Llama-3.1-8B-Instruct,belief_bank_constraints,hidden,22,25878,halu_eval,2,4282,10000,2141,2141,1912,8088,9.1661,4097,0.191044776119403,0.4351464435146444,0.5397,0.2655177916068294,0.5001147808210107,6929.063,10,2026-09-18T18:12:38.201196+00:00
Llama-3.1-8B-Instruct,belief_bank_constraints,hidden,22,25878,halu_eval,4,4282,10000,2141,2141,1912,8088,9.9896,4097,0.19818456883509833,0.4110878661087866,0.5694,0.26743790404899626,0.5067864241254154,6939.894,10,2026-09-18T18:12:38.201196+00:00
Llama-3.1-8B-Instruct,belief_bank_constraints,hidden,22,25878,halu_eval,24,4282,10000,2141,2141,1912,8088,8.5376,4097,0.1906537955243528,0.4544979079497908,0.5268,0.2686244204018547,0.49871962802478176,6949.272,10,2026-09-18T18:12:38.201196+00:00
Llama-3.1-8B-Instruct,belief_bank_constraints,hidden,22,25878,halu_eval,42,4282,10000,2141,2141,1912,8088,9.2341,4097,0.19416873449131514,0.49110878661087864,0.513,0.27830468286899823,0.5025914276121658,6959.345,10,2026-09-18T18:12:38.201196+00:00
Llama-3.1-8B-Instruct,belief_bank_constraints,hidden,22,25878,halu_eval,64,4282,10000,2141,2141,1912,8088,9.3871,4097,0.19374503047972436,0.38232217573221755,0.5777,0.25716798592788037,0.50307447703918,6969.571,10,2026-09-18T18:12:38.201196+00:00
Llama-3.1-8B-Instruct,belief_bank_constraints,hidden,22,25878,halu_eval,67,4282,10000,2141,2141,1912,8088,7.9041,4097,0.19121552604698672,0.4895397489539749,0.5065,0.2750110180696342,0.505720094131913,6978.318,10,2026-09-18T18:12:38.201196+00:00
Llama-3.1-8B-Instruct,belief_bank_constraints,hidden,22,25878,halu_eval,104,4282,10000,2141,2141,1912,8088,9.0967,4097,0.18642533936651584,0.4309623430962343,0.5316,0.2602653190145294,0.4969727285942498,6988.255,10,2026-09-18T18:12:38.201196+00:00
Llama-3.1-8B-Instruct,belief_bank_constraints,hidden,22,25878,halu_eval,123,4282,10000,2141,2141,1912,8088,9.1918,4097,0.19483500717360114,0.3551255230125523,0.5961,0.251621271076524,0.5068537406519913,6998.282,10,2026-09-18T18:12:38.201196+00:00
Llama-3.1-8B-Instruct,belief_bank_constraints,hidden,22,25878,halu_eval,420,4282,10000,2141,2141,1912,8088,8.9302,4097,0.19387373926036608,0.5428870292887029,0.481,0.2857142857142857,0.5013706769986219,7008.047,10,2026-09-18T18:12:38.201196+00:00
Llama-3.1-8B-Instruct,belief_bank_constraints,hidden,22,25878,halu_eval,511,4282,10000,2141,2141,1912,8088,9.3335,4097,0.1921259842519685,0.446652719665272,0.5351,0.2686801950605632,0.498638505467059,7018.218,10,2026-09-18T18:12:38.201196+00:00
Llama-3.1-8B-Instruct,belief_bank_constraints,hidden,22,25878,halu_eval,mean,0,0,0,0,0,0,9.07708,4097.0,0.19262725015493318,0.44393305439330544,0.53769,0.26783448737900956,0.502084248346639,9620.585,10,2026-09-18T18:12:38.201196+00:00
Llama-3.1-8B-Instruct,belief_bank_constraints,hidden,22,25878,halu_eval,std,0,0,0,0,0,0,0.5224151908204815,0.0,0.0029672209390633553,0.052176000643533484,0.03313706233207766,0.009600069239187152,0.003361920680730644,9620.585,10,2026-09-18T18:12:38.201196+00:00
Llama-3.1-8B-Instruct,belief_bank_constraints,hidden,23,25878,belief_bank_constraints,2,4282,7764,2141,2141,917,6847,8.0448,4097,0.7053291536050157,0.9814612868047983,0.9493817619783617,0.8207934336525308,0.9839272435260872,7027.837,10,2026-09-18T18:12:38.201196+00:00
Llama-3.1-8B-Instruct,belief_bank_constraints,hidden,23,25878,belief_bank_constraints,4,4282,7764,2141,2141,917,6847,9.7159,4097,0.7373653686826843,0.9705561613958561,0.9556929417825863,0.8380414312617702,0.9880647248737359,7038.333,10,2026-09-18T18:12:38.201196+00:00
Llama-3.1-8B-Instruct,belief_bank_constraints,hidden,23,25878,belief_bank_constraints,24,4282,7764,2141,2141,917,6847,9.4038,4097,0.7214684756584198,0.9858233369683751,0.9533745492014426,0.8331797235023042,0.9881824244162685,7048.52,10,2026-09-18T18:12:38.201196+00:00
Llama-3.1-8B-Instruct,belief_bank_constraints,hidden,23,25878,belief_bank_constraints,42,4282,7764,2141,2141,917,6847,8.9335,4097,0.7233870967741935,0.9781897491821155,0.9532457496136012,0.8317107093184979,0.9854611600269418,7058.238,10,2026-09-18T18:12:38.201196+00:00
Llama-3.1-8B-Instruct,belief_bank_constraints,hidden,23,25878,belief_bank_constraints,64,4282,7764,2141,2141,917,6847,9.0213,4097,0.7388059701492538,0.9716466739367503,0.9560793405461102,0.8393782383419689,0.987223149254328,7068.044,10,2026-09-18T18:12:38.201196+00:00
Llama-3.1-8B-Instruct,belief_bank_constraints,hidden,23,25878,belief_bank_constraints,67,4282,7764,2141,2141,917,6847,8.2243,4097,0.7145135566188198,0.9770992366412213,0.9511849562081401,0.8254260709350529,0.9851427023337159,7077.052,10,2026-09-18T18:12:38.201196+00:00
Llama-3.1-8B-Instruct,belief_bank_constraints,hidden,23,25878,belief_bank_constraints,104,4282,7764,2141,2141,917,6847,8.7428,4097,0.7093479968578161,0.9847328244274809,0.9505409582689336,0.8246575342465754,0.9867617479353606,7086.575,10,2026-09-18T18:12:38.201196+00:00
Llama-3.1-8B-Instruct,belief_bank_constraints,hidden,23,25878,belief_bank_constraints,123,4282,7764,2141,2141,917,6847,9.0424,4097,0.715647339158062,0.9825517993456925,0.9518289541473467,0.828125,0.9858420510363692,7096.397,10,2026-09-18T18:12:38.201196+00:00
Llama-3.1-8B-Instruct,belief_bank_constraints,hidden,23,25878,belief_bank_constraints,420,4282,7764,2141,2141,917,6847,8.3737,4097,0.7142857142857143,0.9814612868047983,0.9514425553838227,0.8268259072117593,0.9891020416809279,7105.556,10,2026-09-18T18:12:38.201196+00:00
Llama-3.1-8B-Instruct,belief_bank_constraints,hidden,23,25878,belief_bank_constraints,511,4282,7764,2141,2141,917,6847,8.5759,4097,0.6989992301770592,0.990185387131952,0.9484801648634724,0.8194945848375451,0.9852741786156654,7114.918,10,2026-09-18T18:12:38.201196+00:00
Llama-3.1-8B-Instruct,belief_bank_constraints,hidden,23,25878,belief_bank_constraints,mean,0,0,0,0,0,0,8.80784,4097.0,0.7179149901967039,0.980370774263904,0.9521251931993818,0.8287632633308004,0.9864981423699399,9620.585,10,2026-09-18T18:12:38.201196+00:00
Llama-3.1-8B-Instruct,belief_bank_constraints,hidden,23,25878,belief_bank_constraints,std,0,0,0,0,0,0,0.49652473896070876,0.0,0.012152397894677721,0.005831948509103997,0.0023651827117944753,0.0063916807825685285,0.0015529653987663423,9620.585,10,2026-09-18T18:12:38.201196+00:00
Llama-3.1-8B-Instruct,belief_bank_constraints,hidden,23,25878,belief_bank_facts,2,4282,27416,2141,2141,1971,25445,7.5966,4097,0.17836510687463894,0.6265854895991883,0.7656477969069156,0.2776840921866217,0.7591071021061035,7124.2,10,2026-09-18T18:12:38.201196+00:00
Llama-3.1-8B-Instruct,belief_bank_constraints,hidden,23,25878,belief_bank_facts,4,4282,27416,2141,2141,1971,25445,8.6838,4097,0.1660961695191524,0.5169964485032978,0.7786693901371462,0.2514187021959043,0.7585130292164266,7134.57,10,2026-09-18T18:12:38.201196+00:00
Llama-3.1-8B-Instruct,belief_bank_constraints,hidden,23,25878,belief_bank_facts,24,4282,27416,2141,2141,1971,25445,7.8978,4097,0.1585710614237985,0.626078132927448,0.7342792529909542,0.2530503434840562,0.7438358357711676,7144.152,10,2026-09-18T18:12:38.201196+00:00
Llama-3.1-8B-Instruct,belief_bank_constraints,hidden,23,25878,belief_bank_facts,42,4282,27416,2141,2141,1971,25445,7.9485,4097,0.19246376811594204,0.6737696600710299,0.7733075576305807,0.29940254762709956,0.7974553306297574,7153.776,10,2026-09-18T18:12:38.201196+00:00
Llama-3.1-8B-Instruct,belief_bank_constraints,hidden,23,25878,belief_bank_facts,64,4282,27416,2141,2141,1971,25445,8.951,4097,0.20071417943758368,0.6844241501775749,0.7813685439159614,0.31040036815462496,0.8117362495026379,7164.412,10,2026-09-18T18:12:38.201196+00:00
Llama-3.1-8B-Instruct,belief_bank_constraints,hidden,23,25878,belief_bank_facts,67,4282,27416,2141,2141,1971,25445,8.617,4097,0.16632016632016633,0.8117706747843734,0.6939378465129851,0.27607626606850144,0.7723219139698951,7174.711,10,2026-09-18T18:12:38.201196+00:00
Llama-3.1-8B-Instruct,belief_bank_constraints,hidden,23,25878,belief_bank_facts,104,4282,27416,2141,2141,1971,25445,9.3297,4097,0.18922614164615806,0.702181633688483,0.7622920922089291,0.298115239633818,0.772234469965811,7185.72,10,2026-09-18T18:12:38.201196+00:00
Llama-3.1-8B-Instruct,belief_bank_constraints,hidden,23,25878,belief_bank_facts,123,4282,27416,2141,2141,1971,25445,9.6783,4097,0.1725740848343986,0.9041095890410958,0.6814633790487307,0.28982678702122466,0.8105052939463446,7197.075,10,2026-09-18T18:12:38.201196+00:00
Llama-3.1-8B-Instruct,belief_bank_constraints,hidden,23,25878,belief_bank_facts,420,4282,27416,2141,2141,1971,25445,9.3509,4097,0.17296634932604393,0.9309994926433283,0.6750072950102131,0.2917329093799682,0.8407323562455368,7208.108,10,2026-09-18T18:12:38.201196+00:00
Llama-3.1-8B-Instruct,belief_bank_constraints,hidden,23,25878,belief_bank_facts,511,4282,27416,2141,2141,1971,25445,9.5365,4097,0.16278295605858856,0.7442922374429224,0.7064123139772396,0.26714012564872985,0.7402802814119729,7219.327,10,2026-09-18T18:12:38.201196+00:00
Llama-3.1-8B-Instruct,belief_bank_constraints,hidden,23,25878,belief_bank_facts,mean,0,0,0,0,0,0,8.75901,4097.0,0.1760079983556471,0.7221207508878742,0.7352385468339655,0.28148473814005487,0.7806721862765654,9620.585,10,2026-09-18T18:12:38.201196+00:00
Llama-3.1-8B-Instruct,belief_bank_constraints,hidden,23,25878,belief_bank_facts,std,0,0,0,0,0,0,0.7027158265614915,0.0,0.013242180180478853,0.12241835228687752,0.04022098125378709,0.018895225940359764,0.03135173709160309,9620.585,10,2026-09-18T18:12:38.201196+00:00
Llama-3.1-8B-Instruct,belief_bank_constraints,hidden,23,25878,halu_eval,2,4282,10000,2141,2141,1912,8088,8.8614,4097,0.19147432878002826,0.4252092050209205,0.5468,0.26404676843130886,0.5028070538925378,7229.025,10,2026-09-18T18:12:38.201196+00:00
Llama-3.1-8B-Instruct,belief_bank_constraints,hidden,23,25878,halu_eval,4,4282,10000,2141,2141,1912,8088,10.1599,4097,0.1978229014025539,0.4942468619246862,0.5201,0.28255344595604726,0.5082178864602345,7240.022,10,2026-09-18T18:12:38.201196+00:00
Llama-3.1-8B-Instruct,belief_bank_constraints,hidden,23,25878,halu_eval,24,4282,10000,2141,2141,1912,8088,9.163,4097,0.19303046889253786,0.553347280334728,0.4723,0.28621669146489925,0.5001922821246622,7250.022,10,2026-09-18T18:12:38.201196+00:00
Llama-3.1-8B-Instruct,belief_bank_constraints,hidden,23,25878,halu_eval,42,4282,10000,2141,2141,1912,8088,9.647,4097,0.19227522161249472,0.4764644351464435,0.5172,0.27398496240601505,0.5020884612877593,7260.506,10,2026-09-18T18:12:38.201196+00:00
Llama-3.1-8B-Instruct,belief_bank_constraints,hidden,23,25878,halu_eval,64,4282,10000,2141,2141,1912,8088,9.1256,4097,0.19116582186821143,0.41422594142259417,0.5529,0.2616019818331957,0.49962005931614173,7270.467,10,2026-09-18T18:12:38.201196+00:00
Llama-3.1-8B-Instruct,belief_bank_constraints,hidden,23,25878,halu_eval,67,4282,10000,2141,2141,1912,8088,8.128,4097,0.19221815763219155,0.604602510460251,0.4386,0.2916982084279586,0.5034081820683776,7279.431,10,2026-09-18T18:12:38.201196+00:00
Llama-3.1-8B-Instruct,belief_bank_constraints,hidden,23,25878,halu_eval,104,4282,10000,2141,2141,1912,8088,9.8373,4097,0.19269729093050647,0.42782426778242677,0.5479,0.26571382166639596,0.5061827093395247,7290.106,10,2026-09-18T18:12:38.201196+00:00
Llama-3.1-8B-Instruct,belief_bank_constraints,hidden,23,25878,halu_eval,123,4282,10000,2141,2141,1912,8088,9.619,4097,0.20296888381387382,0.37186192468619245,0.6007,0.2626038781163435,0.5087658597995274,7300.564,10,2026-09-18T18:12:38.201196+00:00
Llama-3.1-8B-Instruct,belief_bank_constraints,hidden,23,25878,halu_eval,420,4282,10000,2141,2141,1912,8088,9.5349,4097,0.19337770950674177,0.5925732217573222,0.4495,0.29159696306781624,0.5004514281191415,7310.936,10,2026-09-18T18:12:38.201196+00:00
Llama-3.1-8B-Instruct,belief_bank_constraints,hidden,23,25878,halu_eval,511,4282,10000,2141,2141,1912,8088,9.5192,4097,0.19549929676511954,0.4361924686192469,0.549,0.2699902881191324,0.5014266771062248,7321.29,10,2026-09-18T18:12:38.201196+00:00
Llama-3.1-8B-Instruct,belief_bank_constraints,hidden,23,25878,halu_eval,mean,0,0,0,0,0,0,9.35953,4097.0,0.19425300812042592,0.4796548117154812,0.5195000000000001,0.27500070094891127,0.5033160599514133,9620.585,10,2026-09-18T18:12:38.201196+00:00
Llama-3.1-8B-Instruct,belief_bank_constraints,hidden,23,25878,halu_eval,std,0,0,0,0,0,0,0.5415917337810835,0.0,0.0034676923472274942,0.07579982144649966,0.04879487678025225,0.01141342494141984,0.003145071764361576,9620.585,10,2026-09-18T18:12:38.201196+00:00
Llama-3.1-8B-Instruct,belief_bank_constraints,hidden,24,25878,belief_bank_constraints,2,4282,7764,2141,2141,917,6847,7.8493,4097,0.7033567525370804,0.9825517993456925,0.9489953632148377,0.8198362147406734,0.9837827072137079,7330.77,10,2026-09-18T18:12:38.201196+00:00
Llama-3.1-8B-Instruct,belief_bank_constraints,hidden,24,25878,belief_bank_constraints,4,4282,7764,2141,2141,917,6847,9.9627,4097,0.7458053691275168,0.9694656488549618,0.9573673364245234,0.8430535798956852,0.9880288097900537,7341.498,10,2026-09-18T18:12:38.201196+00:00
Llama-3.1-8B-Instruct,belief_bank_constraints,hidden,24,25878,belief_bank_constraints,24,4282,7764,2141,2141,917,6847,7.7863,4097,0.7168913560666138,0.9858233369683751,0.952344152498712,0.830119375573921,0.9890561723057595,7350.051,10,2026-09-18T18:12:38.201196+00:00
Llama-3.1-8B-Instruct,belief_bank_constraints,hidden,24,25878,belief_bank_constraints,42,4282,7764,2141,2141,917,6847,8.102,4097,0.7157643312101911,0.9803707742639041,0.9517001545595054,0.8274275195582145,0.9869609133994162,7358.919,10,2026-09-18T18:12:38.201196+00:00
Llama-3.1-8B-Instruct,belief_bank_constraints,hidden,24,25878,belief_bank_constraints,64,4282,7764,2141,2141,917,6847,8.3734,4097,0.7375827814569537,0.9716466739367503,0.9558217413704276,0.8385882352941176,0.9869120975539678,7368.061,10,2026-09-18T18:12:38.201196+00:00
Llama-3.1-8B-Instruct,belief_bank_constraints,hidden,24,25878,belief_bank_constraints,67,4282,7764,2141,2141,917,6847,7.4314,4097,0.706855791962175,0.9781897491821155,0.949510561566203,0.8206770356816102,0.9859346657643565,7376.257,10,2026-09-18T18:12:38.201196+00:00
Llama-3.1-8B-Instruct,belief_bank_constraints,hidden,24,25878,belief_bank_constraints,104,4282,7764,2141,2141,917,6847,8.6314,4097,0.7057902973395931,0.9836423118865867,0.9496393611540443,0.8218678815489749,0.9866360849596388,7385.649,10,2026-09-18T18:12:38.201196+00:00
Llama-3.1-8B-Instruct,belief_bank_constraints,hidden,24,25878,belief_bank_constraints,123,4282,7764,2141,2141,917,6847,8.4723,4097,0.714968152866242,0.9792802617230099,0.9514425553838227,0.8265071329958582,0.9869852018706423,7394.88,10,2026-09-18T18:12:38.201196+00:00
Llama-3.1-8B-Instruct,belief_bank_constraints,hidden,24,25878,belief_bank_constraints,420,4282,7764,2141,2141,917,6847,9.0874,4097,0.7134920634920635,0.9803707742639041,0.9511849562081401,0.8259072117593018,0.9889892794669722,7404.727,10,2026-09-18T18:12:38.201196+00:00
Llama-3.1-8B-Instruct,belief_bank_constraints,hidden,24,25878,belief_bank_constraints,511,4282,7764,2141,2141,917,6847,9.7607,4097,0.7060653188180405,0.990185387131952,0.9501545595054096,0.8243304584657285,0.9865721385911317,7415.249,10,2026-09-18T18:12:38.201196+00:00
Llama-3.1-8B-Instruct,belief_bank_constraints,hidden,24,25878,belief_bank_constraints,mean,0,0,0,0,0,0,8.54569,4097.0,0.716657221487647,0.9801526717557252,0.9518160741885626,0.8278314645514084,0.9869858070915647,9620.585,10,2026-09-18T18:12:38.201196+00:00
Llama-3.1-8B-Instruct,belief_bank_constraints,hidden,24,25878,belief_bank_constraints,std,0,0,0,0,0,0,0.7949948257064319,0.0,0.013433040454446338,0.005848238899800189,0.0026165343830181114,0.007219463009636041,0.0014509443676950164,9620.585,10,2026-09-18T18:12:38.201196+00:00
Llama-3.1-8B-Instruct,belief_bank_constraints,hidden,24,25878,belief_bank_facts,2,4282,27416,2141,2141,1971,25445,8.382,4097,0.17237087741132545,0.7026889903602233,0.7360665304931427,0.2768338996602039,0.79575941942206,7425.289,10,2026-09-18T18:12:38.201196+00:00
Llama-3.1-8B-Instruct,belief_bank_constraints,hidden,24,25878,belief_bank_facts,4,4282,27416,2141,2141,1971,25445,10.5009,4097,0.1424731182795699,0.6991374936580416,0.6758462211847096,0.23670875203985228,0.7778800965343521,7437.455,10,2026-09-18T18:12:38.201196+00:00
Llama-3.1-8B-Instruct,belief_bank_constraints,hidden,24,25878,belief_bank_facts,24,4282,27416,2141,2141,1971,25445,8.8891,4097,0.16882606988614055,0.8726534753932014,0.6819740297636416,0.282918003125257,0.7817563553426831,7448.019,10,2026-09-18T18:12:38.201196+00:00
Llama-3.1-8B-Instruct,belief_bank_constraints,hidden,24,25878,belief_bank_facts,42,4282,27416,2141,2141,1971,25445,9.5625,4097,0.17290280353441692,0.8041603247082699,0.7093667931135104,0.2846112407972706,0.8258317025440313,7459.258,10,2026-09-18T18:12:38.201196+00:00
Llama-3.1-8B-Instruct,belief_bank_constraints,hidden,24,25878,belief_bank_facts,64,4282,27416,2141,2141,1971,25445,9.3902,4097,0.21147421931735658,0.7387113140537798,0.7831922964692151,0.3288166214995483,0.8362089160981212,7470.311,10,2026-09-18T18:12:38.201196+00:00
Llama-3.1-8B-Instruct,belief_bank_constraints,hidden,24,25878,belief_bank_facts,67,4282,27416,2141,2141,1971,25445,8.2729,4097,0.16811019513722217,0.817351598173516,0.6960898745258244,0.27886446252380126,0.7951949165832455,7480.249,10,2026-09-18T18:12:38.201196+00:00
Llama-3.1-8B-Instruct,belief_bank_constraints,hidden,24,25878,belief_bank_facts,104,4282,27416,2141,2141,1971,25445,9.8949,4097,0.17274734517926613,0.8335870116692035,0.7010504814706741,0.2861870754224003,0.7823810151898937,7491.8,10,2026-09-18T18:12:38.201196+00:00
Llama-3.1-8B-Instruct,belief_bank_constraints,hidden,24,25878,belief_bank_facts,123,4282,27416,2141,2141,1971,25445,10.0518,4097,0.15924006908462868,0.9355657026889903,0.6402465713451999,0.2721570363810789,0.8228851357056968,7503.506,10,2026-09-18T18:12:38.201196+00:00
Llama-3.1-8B-Instruct,belief_bank_constraints,hidden,24,25878,belief_bank_facts,420,4282,27416,2141,2141,1971,25445,8.958,4097,0.1696200219218122,0.9421613394216134,0.6642471549460169,0.28748355135846426,0.8626835329610856,7514.132,10,2026-09-18T18:12:38.201196+00:00
Llama-3.1-8B-Instruct,belief_bank_constraints,hidden,24,25878,belief_bank_facts,511,4282,27416,2141,2141,1971,25445,9.2178,4097,0.16257541085916372,0.7929984779299848,0.6914575430405603,0.269831678895123,0.7518886997641872,7525.018,10,2026-09-18T18:12:38.201196+00:00
Llama-3.1-8B-Instruct,belief_bank_constraints,hidden,24,25878,belief_bank_facts,mean,0,0,0,0,0,0,9.312009999999999,4097.0,0.17003401306109023,0.8139015728056822,0.6979537496352494,0.2804412321703,0.8032469790145356,9620.585,10,2026-09-18T18:12:38.201196+00:00
Llama-3.1-8B-Instruct,belief_bank_constraints,hidden,24,25878,belief_bank_facts,std,0,0,0,0,0,0,0.6802270215891163,0.0,0.016356705795574435,0.08174862208406132,0.03756868800509251,0.021343687644322058,0.03132763374559063,9620.585,10,2026-09-18T18:12:38.201196+00:00
Llama-3.1-8B-Instruct,belief_bank_constraints,hidden,24,25878,halu_eval,2,4282,10000,2141,2141,1912,8088,8.7746,4097,0.19626593806921674,0.45083682008368203,0.542,0.27347715736040606,0.5047527989707361,7534.61,10,2026-09-18T18:12:38.201196+00:00
Llama-3.1-8B-Instruct,belief_bank_constraints,hidden,24,25878,halu_eval,4,4282,10000,2141,2141,1912,8088,10.3462,4097,0.1943138571748377,0.45397489539748953,0.5357,0.27214296911741653,0.5045683736741037,7545.775,10,2026-09-18T18:12:38.201196+00:00
Llama-3.1-8B-Instruct,belief_bank_constraints,hidden,24,25878,halu_eval,24,4282,10000,2141,2141,1912,8088,8.879,4097,0.19249622926093515,0.5339958158995816,0.4826,0.2829822616407982,0.5014591713949899,7555.472,10,2026-09-18T18:12:38.201196+00:00
Llama-3.1-8B-Instruct,belief_bank_constraints,hidden,24,25878,halu_eval,42,4282,10000,2141,2141,1912,8088,8.9372,4097,0.19351209450590662,0.5397489539748954,0.4819,0.28488612836438926,0.5000384434918822,7565.229,10,2026-09-18T18:12:38.201196+00:00
Llama-3.1-8B-Instruct,belief_bank_constraints,hidden,24,25878,halu_eval,64,4282,10000,2141,2141,1912,8088,8.3157,4097,0.18844735764031134,0.4811715481171548,0.5046,0.27082720047100384,0.4948135558542228,7574.362,10,2026-09-18T18:12:38.201196+00:00
Llama-3.1-8B-Instruct,belief_bank_constraints,hidden,24,25878,halu_eval,67,4282,10000,2141,2141,1912,8088,7.7522,4097,0.1914725621792341,0.5073221757322176,0.4962,0.27801662367440527,0.4996724381696733,7582.928,10,2026-09-18T18:12:38.201196+00:00
Llama-3.1-8B-Instruct,belief_bank_constraints,hidden,24,25878,halu_eval,104,4282,10000,2141,2141,1912,8088,8.3493,4097,0.1874848411350958,0.4042887029288703,0.5511,0.256172328086164,0.49672344405058994,7592.095,10,2026-09-18T18:12:38.201196+00:00
Llama-3.1-8B-Instruct,belief_bank_constraints,hidden,24,25878,halu_eval,123,4282,10000,2141,2141,1912,8088,8.4392,4097,0.20020604395604397,0.3049163179916318,0.6342,0.24170812603648426,0.5059686026925576,7601.353,10,2026-09-18T18:12:38.201196+00:00
Llama-3.1-8B-Instruct,belief_bank_constraints,hidden,24,25878,halu_eval,420,4282,10000,2141,2141,1912,8088,8.1959,4097,0.19015248943597282,0.5413179916317992,0.4715,0.28144119646498983,0.49559073517665514,7610.366,10,2026-09-18T18:12:38.201196+00:00
Llama-3.1-8B-Instruct,belief_bank_constraints,hidden,24,25878,halu_eval,511,4282,10000,2141,2141,1912,8088,8.4299,4097,0.19549792023489113,0.4178870292887029,0.5599,0.2663777296216036,0.5057436646160022,7619.615,10,2026-09-18T18:12:38.201196+00:00
Llama-3.1-8B-Instruct,belief_bank_constraints,hidden,24,25878,halu_eval,mean,0,0,0,0,0,0,8.641919999999999,4097.0,0.19298493335924455,0.4635460251046025,0.5259699999999999,0.27080317208376603,0.5009331228091413,9620.585,10,2026-09-18T18:12:38.201196+00:00
Llama-3.1-8B-Instruct,belief_bank_constraints,hidden,24,25878,halu_eval,std,0,0,0,0,0,0,0.6583464783835331,0.0,0.0036422234324234477,0.07075184599672872,0.046884070855675496,0.012652964075275589,0.0040333664537179955,9620.585,10,2026-09-18T18:12:38.201196+00:00
Llama-3.1-8B-Instruct,belief_bank_constraints,hidden,25,25878,belief_bank_constraints,2,4282,7764,2141,2141,917,6847,7.2416,4097,0.6990668740279938,0.9803707742639041,0.9478361669242659,0.8161597821152973,0.9819504805055951,7628.377,10,2026-09-18T18:12:38.201196+00:00
Llama-3.1-8B-Instruct,belief_bank_constraints,hidden,25,25878,belief_bank_constraints,4,4282,7764,2141,2141,917,6847,8.8408,4097,0.7380165289256199,0.9738276990185387,0.9560793405461102,0.8396803008932769,0.9873003149219289,7637.982,10,2026-09-18T18:12:38.201196+00:00
Llama-3.1-8B-Instruct,belief_bank_constraints,hidden,25,25878,belief_bank_constraints,24,4282,7764,2141,2141,917,6847,8.8278,4097,0.7213771016813451,0.9825517993456925,0.9531169500257599,0.8319482917820868,0.9879870017658117,7647.573,10,2026-09-18T18:12:38.201196+00:00
Llama-3.1-8B-Instruct,belief_bank_constraints,hidden,25,25878,belief_bank_constraints,42,4282,7764,2141,2141,917,6847,9.2726,4097,0.7137192704203014,0.9814612868047983,0.9513137557959814,0.8264462809917356,0.9854934915656889,7657.612,10,2026-09-18T18:12:38.201196+00:00
Llama-3.1-8B-Instruct,belief_bank_constraints,hidden,25,25878,belief_bank_constraints,64,4282,7764,2141,2141,917,6847,9.0875,4097,0.7360197368421053,0.9760087241003271,0.9558217413704276,0.8391936240037506,0.9867714633238509,7667.46,10,2026-09-18T18:12:38.201196+00:00
Llama-3.1-8B-Instruct,belief_bank_constraints,hidden,25,25878,belief_bank_constraints,67,4282,7764,2141,2141,917,6847,8.6641,4097,0.7082018927444795,0.9792802617230099,0.9498969603297269,0.8219679633867277,0.9855522617026234,7676.889,10,2026-09-18T18:12:38.201196+00:00
Llama-3.1-8B-Instruct,belief_bank_constraints,hidden,25,25878,belief_bank_constraints,104,4282,7764,2141,2141,917,6847,9.4822,4097,0.7071260767423649,0.9847328244274809,0.9500257599175682,0.8231540565177757,0.9879753751533558,7687.136,10,2026-09-18T18:12:38.201196+00:00
Llama-3.1-8B-Instruct,belief_bank_constraints,hidden,25,25878,belief_bank_constraints,123,4282,7764,2141,2141,917,6847,9.3945,4097,0.7185007974481659,0.9825517993456925,0.9524729520865534,0.8300322432058959,0.9860673365612843,7697.292,10,2026-09-18T18:12:38.201196+00:00
Llama-3.1-8B-Instruct,belief_bank_constraints,hidden,25,25878,belief_bank_constraints,420,4282,7764,2141,2141,917,6847,9.3519,4097,0.7189751801441153,0.9792802617230099,0.952344152498712,0.8291782086795937,0.9879900278704236,7707.405,10,2026-09-18T18:12:38.201196+00:00
Llama-3.1-8B-Instruct,belief_bank_constraints,hidden,25,25878,belief_bank_constraints,511,4282,7764,2141,2141,917,6847,9.2209,4097,0.7025561580170411,0.9890948745910578,0.9492529623905204,0.8215579710144928,0.987055996791692,7717.395,10,2026-09-18T18:12:38.201196+00:00
Llama-3.1-8B-Instruct,belief_bank_constraints,hidden,25,25878,belief_bank_constraints,mean,0,0,0,0,0,0,8.93839,4097.0,0.7163559616993531,0.9809160305343511,0.9518160741885626,0.8279318722590633,0.9864143750162254,9620.585,10,2026-09-18T18:12:38.201196+00:00
Llama-3.1-8B-Instruct,belief_bank_constraints,hidden,25,25878,belief_bank_constraints,std,0,0,0,0,0,0,0.621657739355025,0.0,0.012411670273243903,0.004087604103378696,0.002572415085224048,0.007257827520972183,0.0017422598515576542,9620.585,10,2026-09-18T18:12:38.201196+00:00
Llama-3.1-8B-Instruct,belief_bank_constraints,hidden,25,25878,belief_bank_facts,2,4282,27416,2141,2141,1971,25445,8.2041,4097,0.1658684144189564,0.6676813800101471,0.734716953603735,0.2657243816254417,0.7616645924761467,7727.268,10,2026-09-18T18:12:38.201196+00:00
Llama-3.1-8B-Instruct,belief_bank_constraints,hidden,25,25878,belief_bank_facts,4,4282,27416,2141,2141,1971,25445,10.3993,4097,0.14136586592881398,0.5702688990360223,0.7200904581266414,0.22656722434992946,0.7278455765407207,7739.337,10,2026-09-18T18:12:38.201196+00:00
Llama-3.1-8B-Instruct,belief_bank_constraints,hidden,25,25878,belief_bank_facts,24,4282,27416,2141,2141,1971,25445,8.6751,4097,0.171342496704952,0.9233891425672247,0.673438867814415,0.28904947192884933,0.7973568801064043,7749.678,10,2026-09-18T18:12:38.201196+00:00
Llama-3.1-8B-Instruct,belief_bank_constraints,hidden,25,25878,belief_bank_facts,42,4282,27416,2141,2141,1971,25445,9.0286,4097,0.15679269623896,0.8016235413495687,0.6758097461336446,0.26228419654714474,0.8032048112845535,7760.364,10,2026-09-18T18:12:38.201196+00:00
Llama-3.1-8B-Instruct,belief_bank_constraints,hidden,25,25878,belief_bank_facts,64,4282,27416,2141,2141,1971,25445,9.2105,4097,0.21977011494252874,0.7275494672754946,0.7947184126057777,0.3375706214689266,0.8076851924131981,7771.235,10,2026-09-18T18:12:38.201196+00:00
Llama-3.1-8B-Instruct,belief_bank_constraints,hidden,25,25878,belief_bank_facts,67,4282,27416,2141,2141,1971,25445,8.2939,4097,0.16711257460382795,0.823947234906139,0.6921140939597316,0.27786808110189065,0.7603911561421313,7781.189,10,2026-09-18T18:12:38.201196+00:00
Llama-3.1-8B-Instruct,belief_bank_constraints,hidden,25,25878,belief_bank_facts,104,4282,27416,2141,2141,1971,25445,9.4705,4097,0.16563102635526034,0.7843734145104008,0.7004304056025679,0.2735072976559045,0.7532394907929569,7792.318,10,2026-09-18T18:12:38.201196+00:00
Llama-3.1-8B-Instruct,belief_bank_constraints,hidden,25,25878,belief_bank_facts,123,4282,27416,2141,2141,1971,25445,9.4938,4097,0.1551028072481457,0.8381532217148655,0.6601254741756638,0.2617651719220409,0.7877119988706355,7803.478,10,2026-09-18T18:12:38.201196+00:00
Llama-3.1-8B-Instruct,belief_bank_constraints,hidden,25,25878,belief_bank_facts,420,4282,27416,2141,2141,1971,25445,8.2797,4097,0.15235274761434683,0.9396245560629122,0.6198205427487599,0.2621929638281305,0.8538441614452996,7813.426,10,2026-09-18T18:12:38.201196+00:00
Llama-3.1-8B-Instruct,belief_bank_constraints,hidden,25,25878,belief_bank_facts,511,4282,27416,2141,2141,1971,25445,8.6828,4097,0.15691754841285685,0.7975646879756468,0.6773781733294426,0.2622403870214363,0.7207349962150135,7823.775,10,2026-09-18T18:12:38.201196+00:00
Llama-3.1-8B-Instruct,belief_bank_constraints,hidden,25,25878,belief_bank_facts,mean,0,0,0,0,0,0,8.973830000000001,4097.0,0.16522562924686487,0.7874175545408422,0.694864312810038,0.2718769797449695,0.7773678856287061,9620.585,10,2026-09-18T18:12:38.201196+00:00
Llama-3.1-8B-Instruct,belief_bank_constraints,hidden,25,25878,belief_bank_facts,std,0,0,0,0,0,0,0.6571583265089166,0.0,0.01998565622708849,0.10533389229123995,0.04494465856759679,0.026684907552443564,0.03836481802090641,9620.585,10,2026-09-18T18:12:38.201196+00:00
Llama-3.1-8B-Instruct,belief_bank_constraints,hidden,25,25878,halu_eval,2,4282,10000,2141,2141,1912,8088,6.9182,4097,0.19419337167899206,0.37081589958158995,0.5855,0.25489843609563184,0.5030074838388605,7831.513,10,2026-09-18T18:12:38.201196+00:00
Llama-3.1-8B-Instruct,belief_bank_constraints,hidden,25,25878,halu_eval,4,4282,10000,2141,2141,1912,8088,8.9441,4097,0.19771283354510802,0.40690376569037656,0.5709,0.26611937745852576,0.5087375040868438,7841.274,10,2026-09-18T18:12:38.201196+00:00
Llama-3.1-8B-Instruct,belief_bank_constraints,hidden,25,25878,halu_eval,24,4282,10000,2141,2141,1912,8088,7.9462,4097,0.19105263157894736,0.569560669456067,0.4566,0.2861271676300578,0.5036480901506029,7850.04,10,2026-09-18T18:12:38.201196+00:00
Llama-3.1-8B-Instruct,belief_bank_constraints,hidden,25,25878,halu_eval,42,4282,10000,2141,2141,1912,8088,8.0805,4097,0.19477693144722524,0.46809623430962344,0.5283,0.27508836637467343,0.5072809516345306,7858.943,10,2026-09-18T18:12:38.201196+00:00
Llama-3.1-8B-Instruct,belief_bank_constraints,hidden,25,25878,halu_eval,64,4282,10000,2141,2141,1912,8088,8.2502,4097,0.19088267344714857,0.5496861924686193,0.4684,0.2833647883526557,0.49913975816230666,7868.017,10,2026-09-18T18:12:38.201196+00:00
Llama-3.1-8B-Instruct,belief_bank_constraints,hidden,25,25878,halu_eval,67,4282,10000,2141,2141,1912,8088,7.3157,4097,0.1924721984602224,0.5883891213389121,0.4493,0.2900605904344463,0.5018830844497142,7876.153,10,2026-09-18T18:12:38.201196+00:00
Llama-3.1-8B-Instruct,belief_bank_constraints,hidden,25,25878,halu_eval,104,4282,10000,2141,2141,1912,8088,9.5104,4097,0.1912037992979558,0.48430962343096234,0.5097,0.2741672834937084,0.49798283215176986,7886.481,10,2026-09-18T18:12:38.201196+00:00
Llama-3.1-8B-Instruct,belief_bank_constraints,hidden,25,25878,halu_eval,123,4282,10000,2141,2141,1912,8088,9.8508,4097,0.19534313725490196,0.4168410041841004,0.5602,0.26602136181575436,0.5070912237872937,7897.151,10,2026-09-18T18:12:38.201196+00:00
Llama-3.1-8B-Instruct,belief_bank_constraints,hidden,25,25878,halu_eval,420,4282,10000,2141,2141,1912,8088,8.659,4097,0.19447340980187697,0.5852510460251046,0.4572,0.29193842942864595,0.5008804173960907,7906.631,10,2026-09-18T18:12:38.201196+00:00
Llama-3.1-8B-Instruct,belief_bank_constraints,hidden,25,25878,halu_eval,511,4282,10000,2141,2141,1912,8088,9.0597,4097,0.19624044618880396,0.49686192468619245,0.5147,0.28135643417740264,0.5079708975329947,7916.514,10,2026-09-18T18:12:38.201196+00:00
Llama-3.1-8B-Instruct,belief_bank_constraints,hidden,25,25878,halu_eval,mean,0,0,0,0,0,0,8.453480000000003,4097.0,0.19383514327011825,0.49367154811715475,0.5100800000000001,0.27691422352615025,0.5037622243191008,9620.585,10,2026-09-18T18:12:38.201196+00:00
Llama-3.1-8B-Instruct,belief_bank_constraints,hidden,25,25878,halu_eval,std,0,0,0,0,0,0,0.8837097971619418,0.0,0.0022306888086029634,0.07451981882140092,0.04831206474577546,0.011293947737313214,0.0036485233061324153,9620.585,10,2026-09-18T18:12:38.201196+00:00
Llama-3.1-8B-Instruct,belief_bank_constraints,hidden,26,25878,belief_bank_constraints,2,4282,7764,2141,2141,917,6847,8.4055,4097,0.6942084942084942,0.9803707742639041,0.9466769706336939,0.8128390596745028,0.9838106588642012,7926.584,10,2026-09-18T18:12:38.201196+00:00
Llama-3.1-8B-Instruct,belief_bank_constraints,hidden,26,25878,belief_bank_constraints,4,4282,7764,2141,2141,917,6847,10.5037,4097,0.7472712006717045,0.9705561613958561,0.9577537351880474,0.8444022770398482,0.9893477932291388,7937.864,10,2026-09-18T18:12:38.201196+00:00
Llama-3.1-8B-Instruct,belief_bank_constraints,hidden,26,25878,belief_bank_constraints,24,4282,7764,2141,2141,917,6847,9.2736,4097,0.7241379310344828,0.9847328244274809,0.9538897475528079,0.8345656192236599,0.9893527305577159,7947.913,10,2026-09-18T18:12:38.201196+00:00
Llama-3.1-8B-Instruct,belief_bank_constraints,hidden,26,25878,belief_bank_constraints,42,4282,7764,2141,2141,917,6847,8.8925,4097,0.7073552425665102,0.9858233369683751,0.9501545595054096,0.8236902050113896,0.9850006346856252,7957.578,10,2026-09-18T18:12:38.201196+00:00
Llama-3.1-8B-Instruct,belief_bank_constraints,hidden,26,25878,belief_bank_constraints,64,4282,7764,2141,2141,917,6847,9.0395,4097,0.7413509060955519,0.9814612868047983,0.9573673364245234,0.8446738620366026,0.986085572823287,7967.389,10,2026-09-18T18:12:38.201196+00:00
Llama-3.1-8B-Instruct,belief_bank_constraints,hidden,26,25878,belief_bank_constraints,67,4282,7764,2141,2141,917,6847,8.1545,4097,0.70141065830721,0.9760087241003271,0.9480937660999484,0.8162334701322389,0.9851577532224431,7976.315,10,2026-09-18T18:12:38.201196+00:00
Llama-3.1-8B-Instruct,belief_bank_constraints,hidden,26,25878,belief_bank_constraints,104,4282,7764,2141,2141,917,6847,9.0086,4097,0.6977640709329221,0.9869138495092693,0.9479649665121072,0.8175248419150858,0.9879203478300203,7986.09,10,2026-09-18T18:12:38.201196+00:00
Llama-3.1-8B-Instruct,belief_bank_constraints,hidden,26,25878,belief_bank_constraints,123,4282,7764,2141,2141,917,6847,8.8815,4097,0.7097791798107256,0.9814612868047983,0.9504121586810922,0.8237986270022883,0.9851566383417966,7995.737,10,2026-09-18T18:12:38.201196+00:00
Llama-3.1-8B-Instruct,belief_bank_constraints,hidden,26,25878,belief_bank_constraints,420,4282,7764,2141,2141,917,6847,8.9805,4097,0.7132701421800948,0.9847328244274809,0.9514425553838227,0.8273018781493358,0.9882520248223399,8005.484,10,2026-09-18T18:12:38.201196+00:00
Llama-3.1-8B-Instruct,belief_bank_constraints,hidden,26,25878,belief_bank_constraints,511,4282,7764,2141,2141,917,6847,8.9476,4097,0.7104642014162077,0.9847328244274809,0.9507985574446162,0.8254113345521024,0.9875153276180303,8015.198,10,2026-09-18T18:12:38.201196+00:00
Llama-3.1-8B-Instruct,belief_bank_constraints,hidden,26,25878,belief_bank_constraints,mean,0,0,0,0,0,0,9.008750000000001,4097.0,0.7147012027223903,0.9816793893129769,0.9514554353426069,0.8270441174737055,0.9867599481994599,9620.585,10,2026-09-18T18:12:38.201196+00:00
Llama-3.1-8B-Instruct,belief_bank_constraints,hidden,26,25878,belief_bank_constraints,std,0,0,0,0,0,0,0.5859918297212001,0.0,0.016857369184936064,0.004798255179934546,0.0036065954529542134,0.010499863396598726,0.0018694594215212439,9620.585,10,2026-09-18T18:12:38.201196+00:00
Llama-3.1-8B-Instruct,belief_bank_constraints,hidden,26,25878,belief_bank_facts,2,4282,27416,2141,2141,1971,25445,8.4155,4097,0.16265405560332474,0.5758498224251649,0.7563831339363876,0.2536596267739412,0.7508902968061453,8025.279,10,2026-09-18T18:12:38.201196+00:00
Llama-3.1-8B-Instruct,belief_bank_constraints,hidden,26,25878,belief_bank_facts,4,4282,27416,2141,2141,1971,25445,11.266,4097,0.15447897623400367,0.6002029426686961,0.7350817041143858,0.24571606605047253,0.7366250701989617,8038.243,10,2026-09-18T18:12:38.201196+00:00
Llama-3.1-8B-Instruct,belief_bank_constraints,hidden,26,25878,belief_bank_facts,24,4282,27416,2141,2141,1971,25445,8.3194,4097,0.16482994489834696,0.8802638254693049,0.6707397140355996,0.2776666399935985,0.8130881172561185,8048.228,10,2026-09-18T18:12:38.201196+00:00
Llama-3.1-8B-Instruct,belief_bank_constraints,hidden,26,25878,belief_bank_facts,42,4282,27416,2141,2141,1971,25445,8.6588,4097,0.18027806986797523,0.7828513444951801,0.7284797198716079,0.2930674264007597,0.8002584837183772,8058.565,10,2026-09-18T18:12:38.201196+00:00
Llama-3.1-8B-Instruct,belief_bank_constraints,hidden,26,25878,belief_bank_facts,64,4282,27416,2141,2141,1971,25445,7.958,4097,0.20357751277683134,0.7275494672754946,0.7757878611030056,0.3181364392678869,0.7927104341304186,8068.216,10,2026-09-18T18:12:38.201196+00:00
Llama-3.1-8B-Instruct,belief_bank_constraints,hidden,26,25878,belief_bank_facts,67,4282,27416,2141,2141,1971,25445,6.8661,4097,0.15398363277208166,0.8305428716387621,0.6597607236650131,0.2598000317409935,0.7614074446939852,8076.759,10,2026-09-18T18:12:38.201196+00:00
Llama-3.1-8B-Instruct,belief_bank_constraints,hidden,26,25878,belief_bank_facts,104,4282,27416,2141,2141,1971,25445,8.3007,4097,0.16318785578747627,0.7417554540842212,0.7079807411730377,0.2675205855443733,0.7245582263313227,8086.78,10,2026-09-18T18:12:38.201196+00:00
Llama-3.1-8B-Instruct,belief_bank_constraints,hidden,26,25878,belief_bank_facts,123,4282,27416,2141,2141,1971,25445,7.8091,4097,0.1706151288445553,0.8330796549974632,0.6968558505981909,0.28322552824493313,0.7890125427462203,8096.321,10,2026-09-18T18:12:38.201196+00:00
Llama-3.1-8B-Instruct,belief_bank_constraints,hidden,26,25878,belief_bank_facts,420,4282,27416,2141,2141,1971,25445,7.9608,4097,0.14276255896714393,0.8751902587519026,0.613218558505982,0.24548171339120536,0.8121044793841614,8106.007,10,2026-09-18T18:12:38.201196+00:00
Llama-3.1-8B-Instruct,belief_bank_constraints,hidden,26,25878,belief_bank_facts,511,4282,27416,2141,2141,1971,25445,8.0816,4097,0.1555786196159834,0.7605276509386099,0.6860227604318646,0.258314664828537,0.7564196570452341,8115.816,10,2026-09-18T18:12:38.201196+00:00
Llama-3.1-8B-Instruct,belief_bank_constraints,hidden,26,25878,belief_bank_facts,mean,0,0,0,0,0,0,8.363600000000002,4097.0,0.16519463553677224,0.76078132927448,0.7030310767435075,0.2702588722236701,0.7737074752310945,9620.585,10,2026-09-18T18:12:38.201196+00:00
Llama-3.1-8B-Instruct,belief_bank_constraints,hidden,26,25878,belief_bank_facts,std,0,0,0,0,0,0,1.0712577729006216,0.0,0.016052817427070234,0.0996984261210758,0.04598709301736727,0.021878853475610572,0.03014467607222453,9620.585,10,2026-09-18T18:12:38.201196+00:00
Llama-3.1-8B-Instruct,belief_bank_constraints,hidden,26,25878,halu_eval,2,4282,10000,2141,2141,1912,8088,8.1273,4097,0.190702947845805,0.4398535564853556,0.536,0.26605504587155965,0.49881387762851315,8124.81,10,2026-09-18T18:12:38.201196+00:00
Llama-3.1-8B-Instruct,belief_bank_constraints,hidden,26,25878,halu_eval,4,4282,10000,2141,2141,1912,8088,10.9142,4097,0.20097037793667008,0.41161087866108786,0.5746,0.2700754975978037,0.505917549476677,8136.586,10,2026-09-18T18:12:38.201196+00:00
Llama-3.1-8B-Instruct,belief_bank_constraints,hidden,26,25878,halu_eval,24,4282,10000,2141,2141,1912,8088,8.6785,4097,0.18669396110542477,0.4769874476987448,0.5027,0.268353685449463,0.500319963663302,8146.125,10,2026-09-18T18:12:38.201196+00:00
Llama-3.1-8B-Instruct,belief_bank_constraints,hidden,26,25878,halu_eval,42,4282,10000,2141,2141,1912,8088,8.813,4097,0.1928298684768774,0.475418410041841,0.5192,0.2743736794446121,0.5049396815469169,8155.801,10,2026-09-18T18:12:38.201196+00:00
Llama-3.1-8B-Instruct,belief_bank_constraints,hidden,26,25878,halu_eval,64,4282,10000,2141,2141,1912,8088,8.8728,4097,0.1882584453919318,0.600418410041841,0.4286,0.2866416978776529,0.49781457316795585,8165.545,10,2026-09-18T18:12:38.201196+00:00
Llama-3.1-8B-Instruct,belief_bank_constraints,hidden,26,25878,halu_eval,67,4282,10000,2141,2141,1912,8088,7.8583,4097,0.19095635733417363,0.6338912133891214,0.4165,0.2934980021794406,0.498942884804804,8174.268,10,2026-09-18T18:12:38.201196+00:00
Llama-3.1-8B-Instruct,belief_bank_constraints,hidden,26,25878,halu_eval,104,4282,10000,2141,2141,1912,8088,9.2798,4097,0.18960296096904442,0.5894351464435147,0.4398,0.2869144602851324,0.49661276947303507,8184.42,10,2026-09-18T18:12:38.201196+00:00
Llama-3.1-8B-Instruct,belief_bank_constraints,hidden,26,25878,halu_eval,123,4282,10000,2141,2141,1912,8088,8.8324,4097,0.19708816392558642,0.38232217573221755,0.5841,0.2600960683152464,0.5115266457047789,8194.122,10,2026-09-18T18:12:38.201196+00:00
Llama-3.1-8B-Instruct,belief_bank_constraints,hidden,26,25878,halu_eval,420,4282,10000,2141,2141,1912,8088,8.7323,4097,0.1900730411686587,0.5988493723849372,0.4354,0.2885584677419355,0.49760838801426976,8203.71,10,2026-09-18T18:12:38.201196+00:00
Llama-3.1-8B-Instruct,belief_bank_constraints,hidden,26,25878,halu_eval,511,4282,10000,2141,2141,1912,8088,9.6615,4097,0.19490202878446333,0.5878661087866108,0.4569,0.29274645136085425,0.5084327690902168,8214.234,10,2026-09-18T18:12:38.201196+00:00
Llama-3.1-8B-Instruct,belief_bank_constraints,hidden,26,25878,halu_eval,mean,0,0,0,0,0,0,8.97701,4097.0,0.19220781529386355,0.5196652719665272,0.48938,0.27873130561237003,0.502092910257047,9620.585,10,2026-09-18T18:12:38.201196+00:00
Llama-3.1-8B-Instruct,belief_bank_constraints,hidden,26,25878,halu_eval,std,0,0,0,0,0,0,0.8058594696967951,0.0,0.004116059446188969,0.08720430934750334,0.05908221052059579,0.01161962834237863,0.004941520539459113,9620.585,10,2026-09-18T18:12:38.201196+00:00
Llama-3.1-8B-Instruct,belief_bank_constraints,hidden,27,25878,belief_bank_constraints,2,4282,7764,2141,2141,917,6847,8.9458,4097,0.6929012345679012,0.9792802617230099,0.94629057187017,0.8115680072300046,0.9838256301185964,8224.754,10,2026-09-18T18:12:38.201196+00:00
Llama-3.1-8B-Instruct,belief_bank_constraints,hidden,27,25878,belief_bank_constraints,4,4282,7764,2141,2141,917,6847,9.5099,4097,0.7424749163879598,0.9683751363140676,0.9565945388974755,0.840511121628017,0.9891967269015444,8235.026,10,2026-09-18T18:12:38.201196+00:00
Llama-3.1-8B-Instruct,belief_bank_constraints,hidden,27,25878,belief_bank_constraints,24,4282,7764,2141,2141,917,6847,8.8959,4097,0.723916532905297,0.9836423118865867,0.9537609479649665,0.8340268146093389,0.9891851799234204,8244.676,10,2026-09-18T18:12:38.201196+00:00
Llama-3.1-8B-Instruct,belief_bank_constraints,hidden,27,25878,belief_bank_constraints,42,4282,7764,2141,2141,917,6847,8.5513,4097,0.7045985970381917,0.9858233369683751,0.949510561566203,0.8218181818181818,0.9856413725200077,8253.985,10,2026-09-18T18:12:38.201196+00:00
Llama-3.1-8B-Instruct,belief_bank_constraints,hidden,27,25878,belief_bank_constraints,64,4282,7764,2141,2141,917,6847,9.378,4097,0.7364085667215815,0.9749182115594329,0.9558217413704276,0.8390427029563585,0.9851184138624897,8264.115,10,2026-09-18T18:12:38.201196+00:00
Llama-3.1-8B-Instruct,belief_bank_constraints,hidden,27,25878,belief_bank_constraints,67,4282,7764,2141,2141,917,6847,8.1584,4097,0.6981279251170047,0.9760087241003271,0.9473209685729006,0.814006366530241,0.9861659238641636,8273.02,10,2026-09-18T18:12:38.201196+00:00
Llama-3.1-8B-Instruct,belief_bank_constraints,hidden,27,25878,belief_bank_constraints,104,4282,7764,2141,2141,917,6847,7.9583,4097,0.7050583657587549,0.9880043620501636,0.9497681607418856,0.8228882833787466,0.9880360565142556,8281.761,10,2026-09-18T18:12:38.201196+00:00
Llama-3.1-8B-Instruct,belief_bank_constraints,hidden,27,25878,belief_bank_constraints,123,4282,7764,2141,2141,917,6847,8.1328,4097,0.7180511182108626,0.9803707742639041,0.9522153529108707,0.8289534347625634,0.9843192037076469,8290.677,10,2026-09-18T18:12:38.201196+00:00
Llama-3.1-8B-Instruct,belief_bank_constraints,hidden,27,25878,belief_bank_constraints,420,4282,7764,2141,2141,917,6847,7.2068,4097,0.7094220110847189,0.9770992366412213,0.9500257599175682,0.8220183486238533,0.9882024922679045,8298.671,10,2026-09-18T18:12:38.201196+00:00
Llama-3.1-8B-Instruct,belief_bank_constraints,hidden,27,25878,belief_bank_constraints,511,4282,7764,2141,2141,917,6847,8.3649,4097,0.7032710280373832,0.9847328244274809,0.9491241628026791,0.8205361199454794,0.9849116831369048,8307.831,10,2026-09-18T18:12:38.201196+00:00
Llama-3.1-8B-Instruct,belief_bank_constraints,hidden,27,25878,belief_bank_constraints,mean,0,0,0,0,0,0,8.51021,4097.0,0.7134230295829656,0.979825517993457,0.9510432766615147,0.8255369381482784,0.9864602682816935,9620.585,10,2026-09-18T18:12:38.201196+00:00
Llama-3.1-8B-Instruct,belief_bank_constraints,hidden,27,25878,belief_bank_constraints,std,0,0,0,0,0,0,0.6620747124758654,0.0,0.015575216361590165,0.005650707266316964,0.0032794358093145804,0.009363229111174069,0.0019212807213862587,9620.585,10,2026-09-18T18:12:38.201196+00:00
Llama-3.1-8B-Instruct,belief_bank_constraints,hidden,27,25878,belief_bank_facts,2,4282,27416,2141,2141,1971,25445,7.6293,4097,0.14157014157014158,0.5580923389142567,0.7249416399182959,0.22584950210450672,0.727187109531516,8317.168,10,2026-09-18T18:12:38.201196+00:00
Llama-3.1-8B-Instruct,belief_bank_constraints,hidden,27,25878,belief_bank_facts,4,4282,27416,2141,2141,1971,25445,8.5853,4097,0.13847726111394992,0.549974632166413,0.7216588853224395,0.22124706602714564,0.7121018573600962,8327.46,10,2026-09-18T18:12:38.201196+00:00
Llama-3.1-8B-Instruct,belief_bank_constraints,hidden,27,25878,belief_bank_facts,24,4282,27416,2141,2141,1971,25445,7.7868,4097,0.14307790200890827,0.7985794013191273,0.6416690983367377,0.24267653407338885,0.7572462725634891,8336.956,10,2026-09-18T18:12:38.201196+00:00
Llama-3.1-8B-Instruct,belief_bank_constraints,hidden,27,25878,belief_bank_facts,42,4282,27416,2141,2141,1971,25445,7.8339,4097,0.14531435349940688,0.745814307458143,0.6663627079077911,0.24323653512037727,0.780980625036701,8346.451,10,2026-09-18T18:12:38.201196+00:00
Llama-3.1-8B-Instruct,belief_bank_constraints,hidden,27,25878,belief_bank_facts,64,4282,27416,2141,2141,1971,25445,9.1055,4097,0.17418963950318087,0.5834601725012684,0.7711920046688066,0.2682841479062172,0.7666835054447876,8357.236,10,2026-09-18T18:12:38.201196+00:00
Llama-3.1-8B-Instruct,belief_bank_constraints,hidden,27,25878,belief_bank_facts,67,4282,27416,2141,2141,1971,25445,7.9215,4097,0.12526012485993276,0.7940131912734653,0.5865552961774146,0.21638437608019356,0.7243634687643657,8366.88,10,2026-09-18T18:12:38.201196+00:00
Llama-3.1-8B-Instruct,belief_bank_constraints,hidden,27,25878,belief_bank_facts,104,4282,27416,2141,2141,1971,25445,9.4479,4097,0.12957029777610252,0.6976154236428209,0.641340822877152,0.21854883573074785,0.7129416328470426,8378.028,10,2026-09-18T18:12:38.201196+00:00
Llama-3.1-8B-Instruct,belief_bank_constraints,hidden,27,25878,belief_bank_facts,123,4282,27416,2141,2141,1971,25445,9.0069,4097,0.1495848469122989,0.5849822425164891,0.7310694484972279,0.23824775286703173,0.7504502254591756,8388.752,10,2026-09-18T18:12:38.201196+00:00
Llama-3.1-8B-Instruct,belief_bank_constraints,hidden,27,25878,belief_bank_facts,420,4282,27416,2141,2141,1971,25445,8.2185,4097,0.12094933820173437,0.806697108066971,0.5645973154362416,0.21035919825362176,0.7594817524572004,8398.657,10,2026-09-18T18:12:38.201196+00:00
Llama-3.1-8B-Instruct,belief_bank_constraints,hidden,27,25878,belief_bank_facts,511,4282,27416,2141,2141,1971,25445,9.1562,4097,0.14957002457002458,0.741248097412481,0.6783994747592647,0.24891387682085356,0.7277501567980359,8409.535,10,2026-09-18T18:12:38.201196+00:00
Llama-3.1-8B-Instruct,belief_bank_constraints,hidden,27,25878,belief_bank_facts,mean,0,0,0,0,0,0,8.46918,4097.0,0.1417563930015681,0.6860476915271436,0.6727786693901371,0.23337478249840843,0.741918660626241,9620.585,10,2026-09-18T18:12:38.201196+00:00
Llama-3.1-8B-Instruct,belief_bank_constraints,hidden,27,25878,belief_bank_facts,std,0,0,0,0,0,0,0.6383443049013596,0.0,0.014328318746228707,0.10062605823608382,0.0627374111230397,0.017057435066994912,0.022825380257452246,9620.585,10,2026-09-18T18:12:38.201196+00:00
Llama-3.1-8B-Instruct,belief_bank_constraints,hidden,27,25878,halu_eval,2,4282,10000,2141,2141,1912,8088,8.5196,4097,0.18454935622317598,0.4722803347280335,0.5001,0.2653930933137399,0.49301211128424155,8418.918,10,2026-09-18T18:12:38.201196+00:00
Llama-3.1-8B-Instruct,belief_bank_constraints,hidden,27,25878,halu_eval,4,4282,10000,2141,2141,1912,8088,9.2968,4097,0.19036144578313252,0.4544979079497908,0.5261,0.2683341052956616,0.5023249744442928,8429.073,10,2026-09-18T18:12:38.201196+00:00
Llama-3.1-8B-Instruct,belief_bank_constraints,hidden,27,25878,halu_eval,24,4282,10000,2141,2141,1912,8088,8.7084,4097,0.18733256792958286,0.5120292887029289,0.482,0.2743065284393387,0.495471977442691,8438.632,10,2026-09-18T18:12:38.201196+00:00
Llama-3.1-8B-Instruct,belief_bank_constraints,hidden,27,25878,halu_eval,42,4282,10000,2141,2141,1912,8088,8.7688,4097,0.1954417103670835,0.5067991631799164,0.5068,0.28209606986899566,0.5091249136072242,8448.246,10,2026-09-18T18:12:38.201196+00:00
Llama-3.1-8B-Instruct,belief_bank_constraints,hidden,27,25878,halu_eval,64,4282,10000,2141,2141,1912,8088,9.1197,4097,0.18837492391965915,0.647489539748954,0.3992,0.29184347006129185,0.49628271803053436,8458.214,10,2026-09-18T18:12:38.201196+00:00
Llama-3.1-8B-Instruct,belief_bank_constraints,hidden,27,25878,halu_eval,67,4282,10000,2141,2141,1912,8088,7.9241,4097,0.19218187765783448,0.6145397489539749,0.4324,0.29279840518315475,0.49777735831584785,8466.961,10,2026-09-18T18:12:38.201196+00:00
Llama-3.1-8B-Instruct,belief_bank_constraints,hidden,27,25878,halu_eval,104,4282,10000,2141,2141,1912,8088,9.0497,4097,0.18813650169733787,0.5507322175732218,0.4597,0.28046344386735916,0.4947731400721768,8476.822,10,2026-09-18T18:12:38.201196+00:00
Llama-3.1-8B-Instruct,belief_bank_constraints,hidden,27,25878,halu_eval,123,4282,10000,2141,2141,1912,8088,8.6023,4097,0.1963470319634703,0.4273012552301255,0.5561,0.26905977276469617,0.5090146593538027,8486.24,10,2026-09-18T18:12:38.201196+00:00
Llama-3.1-8B-Instruct,belief_bank_constraints,hidden,27,25878,halu_eval,420,4282,10000,2141,2141,1912,8088,8.2428,4097,0.18742331288343558,0.6391213389121339,0.4012,0.2898481973434535,0.49186789199558,8495.331,10,2026-09-18T18:12:38.201196+00:00
Llama-3.1-8B-Instruct,belief_bank_constraints,hidden,27,25878,halu_eval,511,4282,10000,2141,2141,1912,8088,9.0001,4097,0.1937188585233278,0.6710251046025104,0.4031,0.3006444053895723,0.5096336674716198,8505.161,10,2026-09-18T18:12:38.201196+00:00
Llama-3.1-8B-Instruct,belief_bank_constraints,hidden,27,25878,halu_eval,mean,0,0,0,0,0,0,8.723230000000001,4097.0,0.19038675869480398,0.549581589958159,0.46667000000000003,0.28147874915272636,0.4999283412018011,9620.585,10,2026-09-18T18:12:38.201196+00:00
Llama-3.1-8B-Instruct,belief_bank_constraints,hidden,27,25878,halu_eval,std,0,0,0,0,0,0,0.3996521238527324,0.0,0.003697294572908847,0.08353569845545399,0.0534745930325795,0.011452273722901076,0.006665080498176891,9620.585,10,2026-09-18T18:12:38.201196+00:00
Llama-3.1-8B-Instruct,belief_bank_constraints,hidden,28,25878,belief_bank_constraints,2,4282,7764,2141,2141,917,6847,8.0832,4097,0.6921296296296297,0.9781897491821155,0.9460329726944874,0.8106642566651604,0.9839911102602625,8514.815,10,2026-09-18T18:12:38.201196+00:00
Llama-3.1-8B-Instruct,belief_bank_constraints,hidden,28,25878,belief_bank_constraints,4,4282,7764,2141,2141,917,6847,8.5917,4097,0.7451963241436925,0.9727371864776445,0.9574961360123647,0.8438978240302744,0.9886564079596745,8524.191,10,2026-09-18T18:12:38.201196+00:00
Llama-3.1-8B-Instruct,belief_bank_constraints,hidden,28,25878,belief_bank_constraints,24,4282,7764,2141,2141,917,6847,7.9601,4097,0.7226219024780176,0.9858233369683751,0.9536321483771252,0.8339483394833949,0.9891444071454931,8532.933,10,2026-09-18T18:12:38.201196+00:00
Llama-3.1-8B-Instruct,belief_bank_constraints,hidden,28,25878,belief_bank_constraints,42,4282,7764,2141,2141,917,6847,7.656,4097,0.6983024691358025,0.9869138495092693,0.9480937660999484,0.8178942611839133,0.985754294002627,8541.375,10,2026-09-18T18:12:38.201196+00:00
Llama-3.1-8B-Instruct,belief_bank_constraints,hidden,28,25878,belief_bank_constraints,64,4282,7764,2141,2141,917,6847,7.6767,4097,0.7358024691358025,0.9749182115594329,0.9556929417825863,0.8386491557223265,0.9862503362559665,8549.845,10,2026-09-18T18:12:38.201196+00:00
Llama-3.1-8B-Instruct,belief_bank_constraints,hidden,28,25878,belief_bank_constraints,67,4282,7764,2141,2141,917,6847,6.8241,4097,0.6991426344505066,0.9781897491821155,0.9477073673364246,0.8154545454545454,0.9854947657149992,8557.473,10,2026-09-18T18:12:38.201196+00:00
Llama-3.1-8B-Instruct,belief_bank_constraints,hidden,28,25878,belief_bank_constraints,104,4282,7764,2141,2141,917,6847,8.1337,4097,0.7023255813953488,0.9880043620501636,0.9491241628026791,0.8210240144993204,0.9884011799259687,8566.407,10,2026-09-18T18:12:38.201196+00:00
Llama-3.1-8B-Instruct,belief_bank_constraints,hidden,28,25878,belief_bank_constraints,123,4282,7764,2141,2141,917,6847,8.47,4097,0.7124802527646129,0.9836423118865867,0.9511849562081401,0.82638570774164,0.9832959025428675,8575.679,10,2026-09-18T18:12:38.201196+00:00
Llama-3.1-8B-Instruct,belief_bank_constraints,hidden,28,25878,belief_bank_constraints,420,4282,7764,2141,2141,917,6847,8.3132,4097,0.714171974522293,0.9781897491821155,0.9511849562081401,0.825586746433502,0.988400303948318,8584.799,10,2026-09-18T18:12:38.201196+00:00
Llama-3.1-8B-Instruct,belief_bank_constraints,hidden,28,25878,belief_bank_constraints,511,4282,7764,2141,2141,917,6847,9.5521,4097,0.7073552425665102,0.9858233369683751,0.9501545595054096,0.8236902050113896,0.9861918846563597,8595.144,10,2026-09-18T18:12:38.201196+00:00
Llama-3.1-8B-Instruct,belief_bank_constraints,hidden,28,25878,belief_bank_constraints,mean,0,0,0,0,0,0,8.126079999999998,4097.0,0.7129528480222216,0.9812431842966193,0.9510303967027307,0.8257195056225466,0.9865580592412536,9620.585,10,2026-09-18T18:12:38.201196+00:00
Llama-3.1-8B-Instruct,belief_bank_constraints,hidden,28,25878,belief_bank_constraints,std,0,0,0,0,0,0,0.6746217841131429,0.0,0.01624863432610247,0.005156637041455568,0.003455479549369176,0.009925887091909232,0.001926642794731961,9620.585,10,2026-09-18T18:12:38.201196+00:00
Llama-3.1-8B-Instruct,belief_bank_constraints,hidden,28,25878,belief_bank_facts,2,4282,27416,2141,2141,1971,25445,8.2974,4097,0.14128707627118645,0.541349568746829,0.7304858476801868,0.22408904756904338,0.6803083001816772,8605.11,10,2026-09-18T18:12:38.201196+00:00
Llama-3.1-8B-Instruct,belief_bank_constraints,hidden,28,25878,belief_bank_facts,4,4282,27416,2141,2141,1971,25445,9.6297,4097,0.13226758985846654,0.6590563165905632,0.6646483805077327,0.2203188602442334,0.7201129883008874,8616.414,10,2026-09-18T18:12:38.201196+00:00
Llama-3.1-8B-Instruct,belief_bank_constraints,hidden,28,25878,belief_bank_facts,24,4282,27416,2141,2141,1971,25445,9.442,4097,0.14633742127941665,0.8959918822932521,0.6167566384592938,0.2515848707172876,0.76006096056406,8627.559,10,2026-09-18T18:12:38.201196+00:00
Llama-3.1-8B-Instruct,belief_bank_constraints,hidden,28,25878,belief_bank_facts,42,4282,27416,2141,2141,1971,25445,9.2848,4097,0.13904634878292765,0.8462709284627092,0.612233732127225,0.2388487148278084,0.7931508444462789,8638.586,10,2026-09-18T18:12:38.201196+00:00
Llama-3.1-8B-Instruct,belief_bank_constraints,hidden,28,25878,belief_bank_facts,64,4282,27416,2141,2141,1971,25445,8.8212,4097,0.24236037934668073,0.5834601725012684,0.8389261744966443,0.3424657534246575,0.7905376834208022,8649.131,10,2026-09-18T18:12:38.201196+00:00
Llama-3.1-8B-Instruct,belief_bank_constraints,hidden,28,25878,belief_bank_facts,67,4282,27416,2141,2141,1971,25445,8.0772,4097,0.13391416585995483,0.8422120750887874,0.5970601108841552,0.23108512563513608,0.7355101815786559,8658.918,10,2026-09-18T18:12:38.201196+00:00
Llama-3.1-8B-Instruct,belief_bank_constraints,hidden,28,25878,belief_bank_facts,104,4282,27416,2141,2141,1971,25445,9.0118,4097,0.1300874857360213,0.867579908675799,0.5733878027429239,0.22625033077533738,0.7365834966615054,8669.645,10,2026-09-18T18:12:38.201196+00:00
Llama-3.1-8B-Instruct,belief_bank_constraints,hidden,28,25878,belief_bank_facts,123,4282,27416,2141,2141,1971,25445,9.7185,4097,0.19970496035404758,0.5494672754946728,0.8093084330318062,0.2929402218014606,0.7655869510535901,8681.077,10,2026-09-18T18:12:38.201196+00:00
Llama-3.1-8B-Instruct,belief_bank_constraints,hidden,28,25878,belief_bank_facts,420,4282,27416,2141,2141,1971,25445,8.3562,4097,0.134504695546804,0.9010654490106544,0.5760504814706741,0.23406919275123558,0.804009114674073,8691.141,10,2026-09-18T18:12:38.201196+00:00
Llama-3.1-8B-Instruct,belief_bank_constraints,hidden,28,25878,belief_bank_facts,511,4282,27416,2141,2141,1971,25445,9.3439,4097,0.15359778597785978,0.8447488584474886,0.6541800408520572,0.25993287018968075,0.7425639247971596,8702.204,10,2026-09-18T18:12:38.201196+00:00
Llama-3.1-8B-Instruct,belief_bank_constraints,hidden,28,25878,belief_bank_facts,mean,0,0,0,0,0,0,8.998270000000002,4097.0,0.15531079090133654,0.7531202435312024,0.6673037642252699,0.2521584987935881,0.752842444567869,9620.585,10,2026-09-18T18:12:38.201196+00:00
Llama-3.1-8B-Instruct,belief_bank_constraints,hidden,28,25878,belief_bank_facts,std,0,0,0,0,0,0,0.5567109107068051,0.0,0.03485834036843745,0.1429563652654151,0.09025524757353978,0.03647008268966975,0.0358902267850756,9620.585,10,2026-09-18T18:12:38.201196+00:00
Llama-3.1-8B-Instruct,belief_bank_constraints,hidden,28,25878,halu_eval,2,4282,10000,2141,2141,1912,8088,8.3469,4097,0.19078201737816397,0.5282426778242678,0.4814,0.2803219539272828,0.4984206482355181,8711.413,10,2026-09-18T18:12:38.201196+00:00
Llama-3.1-8B-Instruct,belief_bank_constraints,hidden,28,25878,halu_eval,4,4282,10000,2141,2141,1912,8088,9.1138,4097,0.19599618684461392,0.5376569037656904,0.4899,0.28727120301802433,0.5067530891883838,8721.382,10,2026-09-18T18:12:38.201196+00:00
Llama-3.1-8B-Instruct,belief_bank_constraints,hidden,28,25878,halu_eval,24,4282,10000,2141,2141,1912,8088,9.3877,4097,0.1889578429274556,0.4618200836820084,0.5181,0.26818526955201216,0.4962555586249995,8731.622,10,2026-09-18T18:12:38.201196+00:00
Llama-3.1-8B-Instruct,belief_bank_constraints,hidden,28,25878,halu_eval,42,4282,10000,2141,2141,1912,8088,8.2,4097,0.1923264509835799,0.6187238493723849,0.4303,0.2934391665633139,0.5022155608391377,8740.675,10,2026-09-18T18:12:38.201196+00:00
Llama-3.1-8B-Instruct,belief_bank_constraints,hidden,28,25878,halu_eval,64,4282,10000,2141,2141,1912,8088,7.5673,4097,0.18774486757561512,0.6265690376569037,0.4103,0.2889183648860485,0.49339143764821275,8749.099,10,2026-09-18T18:12:38.201196+00:00
Llama-3.1-8B-Instruct,belief_bank_constraints,hidden,28,25878,halu_eval,67,4282,10000,2141,2141,1912,8088,7.2251,4097,0.1904599076765259,0.5826359832635983,0.4467,0.2870764076794228,0.499305139542439,8757.182,10,2026-09-18T18:12:38.201196+00:00
Llama-3.1-8B-Instruct,belief_bank_constraints,hidden,28,25878,halu_eval,104,4282,10000,2141,2141,1912,8088,8.0921,4097,0.18874713771671572,0.6035564853556485,0.4282,0.2875654124096686,0.4941092866026015,8766.142,10,2026-09-18T18:12:38.201196+00:00
Llama-3.1-8B-Instruct,belief_bank_constraints,hidden,28,25878,halu_eval,123,4282,10000,2141,2141,1912,8088,8.4658,4097,0.19560315670800452,0.36297071129707115,0.5928,0.2542124542124542,0.5097037322713747,8775.433,10,2026-09-18T18:12:38.201196+00:00
Llama-3.1-8B-Instruct,belief_bank_constraints,hidden,28,25878,halu_eval,420,4282,10000,2141,2141,1912,8088,7.4574,4097,0.1907450980392157,0.6359832635983264,0.4145,0.29347170266682754,0.49815888329836233,8783.713,10,2026-09-18T18:12:38.201196+00:00
Llama-3.1-8B-Instruct,belief_bank_constraints,hidden,28,25878,halu_eval,511,4282,10000,2141,2141,1912,8088,8.3223,4097,0.1911402789171452,0.4874476987447699,0.5076,0.27460223924572774,0.5066333938082763,8792.89,10,2026-09-18T18:12:38.201196+00:00
Llama-3.1-8B-Instruct,belief_bank_constraints,hidden,28,25878,halu_eval,mean,0,0,0,0,0,0,8.217839999999999,4097.0,0.19125029447670355,0.544560669456067,0.47198,0.2815064174160783,0.5004946730059306,9620.585,10,2026-09-18T18:12:38.201196+00:00
Llama-3.1-8B-Instruct,belief_bank_constraints,hidden,28,25878,halu_eval,std,0,0,0,0,0,0,0.6529549819091666,0.0,0.0025990283574457637,0.08301242312970782,0.0545935307522787,0.011886751117458846,0.005338460252352623,9620.585,10,2026-09-18T18:12:38.201196+00:00
Llama-3.1-8B-Instruct,belief_bank_constraints,hidden,29,25878,belief_bank_constraints,2,4282,7764,2141,2141,917,6847,7.6524,4097,0.6961240310077519,0.9792802617230099,0.9470633693972179,0.813774354327141,0.9817740108261283,8802.326,10,2026-09-18T18:12:38.201196+00:00
Llama-3.1-8B-Instruct,belief_bank_constraints,hidden,29,25878,belief_bank_constraints,4,4282,7764,2141,2141,917,6847,8.3942,4097,0.7437395659432388,0.9716466739367503,0.9571097372488409,0.8425531914893617,0.989448530658979,8811.517,10,2026-09-18T18:12:38.201196+00:00
Llama-3.1-8B-Instruct,belief_bank_constraints,hidden,29,25878,belief_bank_constraints,24,4282,7764,2141,2141,917,6847,8.6105,4097,0.7159810126582279,0.9869138495092693,0.9522153529108707,0.8298945437872536,0.9878554458495302,8820.918,10,2026-09-18T18:12:38.201196+00:00
Llama-3.1-8B-Instruct,belief_bank_constraints,hidden,29,25878,belief_bank_constraints,42,4282,7764,2141,2141,917,6847,8.7279,4097,0.7104642014162077,0.9847328244274809,0.9507985574446162,0.8254113345521024,0.9851967740450689,8830.407,10,2026-09-18T18:12:38.201196+00:00
Llama-3.1-8B-Instruct,belief_bank_constraints,hidden,29,25878,belief_bank_constraints,64,4282,7764,2141,2141,917,6847,8.6998,4097,0.7408940397350994,0.9760087241003271,0.9568521380731582,0.8423529411764706,0.9865474519482459,8839.855,10,2026-09-18T18:12:38.201196+00:00
Llama-3.1-8B-Instruct,belief_bank_constraints,hidden,29,25878,belief_bank_constraints,67,4282,7764,2141,2141,917,6847,7.5858,4097,0.7030636292223095,0.9760087241003271,0.9484801648634724,0.817351598173516,0.9854234929879582,8848.22,10,2026-09-18T18:12:38.201196+00:00
Llama-3.1-8B-Instruct,belief_bank_constraints,hidden,29,25878,belief_bank_constraints,104,4282,7764,2141,2141,917,6847,9.3788,4097,0.7072599531615925,0.9880043620501636,0.9502833590932509,0.824385805277525,0.9883520455431929,8858.373,10,2026-09-18T18:12:38.201196+00:00
Llama-3.1-8B-Instruct,belief_bank_constraints,hidden,29,25878,belief_bank_constraints,123,4282,7764,2141,2141,917,6847,8.6551,4097,0.7096774193548387,0.9836423118865867,0.9505409582689336,0.8244972577696527,0.9850841710997771,8867.804,10,2026-09-18T18:12:38.201196+00:00
Llama-3.1-8B-Instruct,belief_bank_constraints,hidden,29,25878,belief_bank_constraints,420,4282,7764,2141,2141,917,6847,8.5259,4097,0.7090909090909091,0.9781897491821155,0.9500257599175682,0.8221814848762603,0.988183380028251,8877.119,10,2026-09-18T18:12:38.201196+00:00
Llama-3.1-8B-Instruct,belief_bank_constraints,hidden,29,25878,belief_bank_constraints,511,4282,7764,2141,2141,917,6847,9.0711,4097,0.7045101088646968,0.9880043620501636,0.9496393611540443,0.8225147526100771,0.9858679321942333,8886.997,10,2026-09-18T18:12:38.201196+00:00
Llama-3.1-8B-Instruct,belief_bank_constraints,hidden,29,25878,belief_bank_constraints,mean,0,0,0,0,0,0,8.53015,4097.0,0.7140804870454873,0.9812431842966195,0.9513008758371975,0.826491726403936,0.9863733235181366,9620.585,10,2026-09-18T18:12:38.201196+00:00
Llama-3.1-8B-Instruct,belief_bank_constraints,hidden,29,25878,belief_bank_constraints,std,0,0,0,0,0,0,0.5275917915396333,0.0,0.014971697539785056,0.005491680834030176,0.0031234630349923544,0.009002088732979965,0.0021031645200095335,9620.585,10,2026-09-18T18:12:38.201196+00:00
Llama-3.1-8B-Instruct,belief_bank_constraints,hidden,29,25878,belief_bank_facts,2,4282,27416,2141,2141,1971,25445,8.9271,4097,0.12817551963048499,0.563165905631659,0.6932083454916836,0.20882325275138744,0.6653391847339578,8897.651,10,2026-09-18T18:12:38.201196+00:00
Llama-3.1-8B-Instruct,belief_bank_constraints,hidden,29,25878,belief_bank_facts,4,4282,27416,2141,2141,1971,25445,9.8273,4097,0.12728344136711844,0.7671232876712328,0.605121097169536,0.2183393501805054,0.7261998028198025,8909.17,10,2026-09-18T18:12:38.201196+00:00
Llama-3.1-8B-Instruct,belief_bank_constraints,hidden,29,25878,belief_bank_facts,24,4282,27416,2141,2141,1971,25445,8.8353,4097,0.12932954458182935,0.854388635210553,0.576014006419609,0.22465314834578443,0.7402685072278634,8919.709,10,2026-09-18T18:12:38.201196+00:00
Llama-3.1-8B-Instruct,belief_bank_constraints,hidden,29,25878,belief_bank_facts,42,4282,27416,2141,2141,1971,25445,8.6188,4097,0.1330504621912411,0.8909183155758498,0.5748103297344617,0.23152482035730768,0.8006677886536944,8930.018,10,2026-09-18T18:12:38.201196+00:00
Llama-3.1-8B-Instruct,belief_bank_constraints,hidden,29,25878,belief_bank_facts,64,4282,27416,2141,2141,1971,25445,8.7185,4097,0.19391634980988592,0.6210045662100456,0.7871680770353079,0.2955450923578414,0.7913793132669731,8940.436,10,2026-09-18T18:12:38.201196+00:00
Llama-3.1-8B-Instruct,belief_bank_constraints,hidden,29,25878,belief_bank_facts,67,4282,27416,2141,2141,1971,25445,7.8021,4097,0.13864864864864865,0.7808219178082192,0.6355048147067406,0.23548313059444573,0.7524393547268563,8949.94,10,2026-09-18T18:12:38.201196+00:00
Llama-3.1-8B-Instruct,belief_bank_constraints,hidden,29,25878,belief_bank_facts,104,4282,27416,2141,2141,1971,25445,8.9892,4097,0.12086784431576633,0.8366311516996449,0.5507732710825796,0.21122069937235813,0.7229227213738527,8960.634,10,2026-09-18T18:12:38.201196+00:00
Llama-3.1-8B-Instruct,belief_bank_constraints,hidden,29,25878,belief_bank_facts,123,4282,27416,2141,2141,1971,25445,8.6278,4097,0.17666839110191412,0.6930492135971588,0.7457324190253867,0.28156240338039784,0.8029938629682368,8970.971,10,2026-09-18T18:12:38.201196+00:00
Llama-3.1-8B-Instruct,belief_bank_constraints,hidden,29,25878,belief_bank_facts,420,4282,27416,2141,2141,1971,25445,7.0531,4097,0.13151563753007217,0.915271435819381,0.5593813831339364,0.2299847016828149,0.8038501382644134,8979.722,10,2026-09-18T18:12:38.201196+00:00
Llama-3.1-8B-Instruct,belief_bank_constraints,hidden,29,25878,belief_bank_facts,511,4282,27416,2141,2141,1971,25445,8.1749,4097,0.15045267489711933,0.9274479959411466,0.6182885906040269,0.2589051766872035,0.7816567283978862,8989.619,10,2026-09-18T18:12:38.201196+00:00
Llama-3.1-8B-Instruct,belief_bank_constraints,hidden,29,25878,belief_bank_facts,mean,0,0,0,0,0,0,8.55741,4097.0,0.14299085140740803,0.7849822425164891,0.6346002334403268,0.23960417757100463,0.7587717402433537,9620.585,10,2026-09-18T18:12:38.201196+00:00
Llama-3.1-8B-Instruct,belief_bank_constraints,hidden,29,25878,belief_bank_facts,std,0,0,0,0,0,0,0.7090406130116949,0.0,0.022748371383680663,0.11868368529170935,0.07738872104262975,0.028046414941881138,0.04334525107663593,9620.585,10,2026-09-18T18:12:38.201196+00:00
Llama-3.1-8B-Instruct,belief_bank_constraints,hidden,29,25878,halu_eval,2,4282,10000,2141,2141,1912,8088,7.7081,4097,0.1887364390555201,0.6187238493723849,0.4186,0.28924205378973106,0.49143608978020026,8998.168,10,2026-09-18T18:12:38.201196+00:00
Llama-3.1-8B-Instruct,belief_bank_constraints,hidden,29,25878,halu_eval,4,4282,10000,2141,2141,1912,8088,8.6462,4097,0.18933287600754586,0.5774058577405857,0.4465,0.2851607903913212,0.4974500228139006,9007.675,10,2026-09-18T18:12:38.201196+00:00
Llama-3.1-8B-Instruct,belief_bank_constraints,hidden,29,25878,halu_eval,24,4282,10000,2141,2141,1912,8088,7.6908,4097,0.19163346613545817,0.5031380753138075,0.4992,0.2775533756491633,0.49790843478017954,9016.234,10,2026-09-18T18:12:38.201196+00:00
Llama-3.1-8B-Instruct,belief_bank_constraints,hidden,29,25878,halu_eval,42,4282,10000,2141,2141,1912,8088,7.7415,4097,0.19198312236286919,0.5711297071129707,0.4584,0.2873684210526316,0.499974004568988,9024.823,10,2026-09-18T18:12:38.201196+00:00
Llama-3.1-8B-Instruct,belief_bank_constraints,hidden,29,25878,halu_eval,64,4282,10000,2141,2141,1912,8088,7.6307,4097,0.18851110501782287,0.7191422594142259,0.3544,0.2987182272431023,0.4932937607861639,9033.303,10,2026-09-18T18:12:38.201196+00:00
Llama-3.1-8B-Instruct,belief_bank_constraints,hidden,29,25878,halu_eval,67,4282,10000,2141,2141,1912,8088,6.8777,4097,0.19068541300527242,0.5674686192468619,0.4568,0.285451197053407,0.5018743546407923,9041.058,10,2026-09-18T18:12:38.201196+00:00
Llama-3.1-8B-Instruct,belief_bank_constraints,hidden,29,25878,halu_eval,104,4282,10000,2141,2141,1912,8088,9.0666,4097,0.18699814700432366,0.6333682008368201,0.4034,0.2887458273724368,0.48356849498611504,9051.003,10,2026-09-18T18:12:38.201196+00:00
Llama-3.1-8B-Instruct,belief_bank_constraints,hidden,29,25878,halu_eval,123,4282,10000,2141,2141,1912,8088,8.9658,4097,0.19091127674921857,0.41527196652719667,0.5517,0.2615714050403558,0.5037367138774733,9060.816,10,2026-09-18T18:12:38.201196+00:00
Llama-3.1-8B-Instruct,belief_bank_constraints,hidden,29,25878,halu_eval,420,4282,10000,2141,2141,1912,8088,8.3715,4097,0.18934738074334212,0.6767782426778243,0.3842,0.2959067002058084,0.4965297069577741,9070.037,10,2026-09-18T18:12:38.201196+00:00
Llama-3.1-8B-Instruct,belief_bank_constraints,hidden,29,25878,halu_eval,511,4282,10000,2141,2141,1912,8088,8.9237,4097,0.19097345132743362,0.5643305439330544,0.4596,0.2853742396191484,0.5000999401458435,9079.81,10,2026-09-18T18:12:38.201196+00:00
Llama-3.1-8B-Instruct,belief_bank_constraints,hidden,29,25878,halu_eval,mean,0,0,0,0,0,0,8.16226,4097.0,0.18991126774088068,0.5846757322175732,0.44327999999999995,0.2855092237417106,0.496587152333743,9620.585,10,2026-09-18T18:12:38.201196+00:00
Llama-3.1-8B-Instruct,belief_bank_constraints,hidden,29,25878,halu_eval,std,0,0,0,0,0,0,0.6971013401220799,0.0,0.0014988514877581564,0.08147805395874043,0.05399969999916665,0.009730925982927827,0.0055878451121216055,9620.585,10,2026-09-18T18:12:38.201196+00:00
Llama-3.1-8B-Instruct,belief_bank_constraints,hidden,30,25878,belief_bank_constraints,2,4282,7764,2141,2141,917,6847,7.9288,4097,0.6892829606784888,0.9749182115594329,0.9451313755795981,0.8075880758807588,0.9803671110846371,9089.343,10,2026-09-18T18:12:38.201196+00:00
Llama-3.1-8B-Instruct,belief_bank_constraints,hidden,30,25878,belief_bank_constraints,4,4282,7764,2141,2141,917,6847,9.9615,4097,0.7433110367892977,0.9694656488549618,0.9568521380731582,0.8414576431613819,0.9887236989701211,9100.086,10,2026-09-18T18:12:38.201196+00:00
Llama-3.1-8B-Instruct,belief_bank_constraints,hidden,30,25878,belief_bank_constraints,24,4282,7764,2141,2141,917,6847,8.5495,4097,0.7186009538950715,0.9858233369683751,0.9527305512622359,0.8312643678160919,0.9873848069480636,9109.406,10,2026-09-18T18:12:38.201196+00:00
Llama-3.1-8B-Instruct,belief_bank_constraints,hidden,30,25878,belief_bank_constraints,42,4282,7764,2141,2141,917,6847,8.0014,4097,0.6951501154734411,0.9847328244274809,0.9471921689850592,0.8149819494584838,0.9845732372263745,9118.18,10,2026-09-18T18:12:38.201196+00:00
Llama-3.1-8B-Instruct,belief_bank_constraints,hidden,30,25878,belief_bank_constraints,64,4282,7764,2141,2141,917,6847,8.7516,4097,0.7284552845528456,0.9770992366412213,0.9542761463163318,0.8346530041918957,0.9859219242712544,9127.718,10,2026-09-18T18:12:38.201196+00:00
Llama-3.1-8B-Instruct,belief_bank_constraints,hidden,30,25878,belief_bank_constraints,67,4282,7764,2141,2141,917,6847,8.0933,4097,0.6984375,0.9749182115594329,0.9473209685729006,0.813837050523441,0.9843153016253845,9136.606,10,2026-09-18T18:12:38.201196+00:00
Llama-3.1-8B-Instruct,belief_bank_constraints,hidden,30,25878,belief_bank_constraints,104,4282,7764,2141,2141,917,6847,8.5787,4097,0.6981424148606811,0.9836423118865867,0.9478361669242659,0.8166591217745586,0.9861450596692085,9145.989,10,2026-09-18T18:12:38.201196+00:00
Llama-3.1-8B-Instruct,belief_bank_constraints,hidden,30,25878,belief_bank_constraints,123,4282,7764,2141,2141,917,6847,8.3225,4097,0.707221350078493,0.9825517993456925,0.9498969603297269,0.8224554997717937,0.9858117103559193,9155.095,10,2026-09-18T18:12:38.201196+00:00
Llama-3.1-8B-Instruct,belief_bank_constraints,hidden,30,25878,belief_bank_constraints,420,4282,7764,2141,2141,917,6847,7.5269,4097,0.7086614173228346,0.9814612868047983,0.9501545595054096,0.823045267489712,0.987917640262736,9163.398,10,2026-09-18T18:12:38.201196+00:00
Llama-3.1-8B-Instruct,belief_bank_constraints,hidden,30,25878,belief_bank_constraints,511,4282,7764,2141,2141,917,6847,8.5142,4097,0.7090196078431372,0.9858233369683751,0.9505409582689336,0.8248175182481752,0.9853636876047092,9172.7,10,2026-09-18T18:12:38.201196+00:00
Llama-3.1-8B-Instruct,belief_bank_constraints,hidden,30,25878,belief_bank_constraints,mean,0,0,0,0,0,0,8.422839999999999,4097.0,0.709628264149429,0.9800436205016357,0.9501931993817619,0.8230759498316292,0.9856524178018408,9620.585,10,2026-09-18T18:12:38.201196+00:00
Llama-3.1-8B-Instruct,belief_bank_constraints,hidden,30,25878,belief_bank_constraints,std,0,0,0,0,0,0,0.6218761841395759,0.0,0.01567577628196479,0.005321209552347158,0.003407254276721688,0.00987068392235137,0.0022107966762167667,9620.585,10,2026-09-18T18:12:38.201196+00:00
Llama-3.1-8B-Instruct,belief_bank_constraints,hidden,30,25878,belief_bank_facts,2,4282,27416,2141,2141,1971,25445,7.5344,4097,0.13679043960734102,0.6504312531709792,0.6797855266997374,0.22604249316759234,0.6766120637632386,9181.903,10,2026-09-18T18:12:38.201196+00:00
Llama-3.1-8B-Instruct,belief_bank_constraints,hidden,30,25878,belief_bank_facts,4,4282,27416,2141,2141,1971,25445,9.4493,4097,0.11605367793240556,0.710806697108067,0.5899839509775314,0.19953001495406963,0.7285560254262559,9193.01,10,2026-09-18T18:12:38.201196+00:00
Llama-3.1-8B-Instruct,belief_bank_constraints,hidden,30,25878,belief_bank_facts,24,4282,27416,2141,2141,1971,25445,6.8585,4097,0.10420841683366733,0.6067985794013191,0.5967318354245696,0.17787031528851874,0.6851924331376386,9201.535,10,2026-09-18T18:12:38.201196+00:00
Llama-3.1-8B-Instruct,belief_bank_constraints,hidden,30,25878,belief_bank_facts,42,4282,27416,2141,2141,1971,25445,6.6249,4097,0.11839696209398522,0.8858447488584474,0.5175809746133645,0.20887665988754636,0.7761048067882308,9209.83,10,2026-09-18T18:12:38.201196+00:00
Llama-3.1-8B-Instruct,belief_bank_constraints,hidden,30,25878,belief_bank_facts,64,4282,27416,2141,2141,1971,25445,7.3216,4097,0.18318243829840009,0.7493658041603247,0.7417566384592938,0.29439904325294003,0.8087025875987832,9218.83,10,2026-09-18T18:12:38.201196+00:00
Llama-3.1-8B-Instruct,belief_bank_constraints,hidden,30,25878,belief_bank_facts,67,4282,27416,2141,2141,1971,25445,6.6973,4097,0.11103648981419297,0.7549467275494672,0.5478552669973737,0.19359875097580015,0.7192150198311755,9227.186,10,2026-09-18T18:12:38.201196+00:00
Llama-3.1-8B-Instruct,belief_bank_constraints,hidden,30,25878,belief_bank_facts,104,4282,27416,2141,2141,1971,25445,7.1778,4097,0.10834572370547546,0.8503297818366311,0.48613948059527284,0.19220183486238532,0.6958114810557765,9236.006,10,2026-09-18T18:12:38.201196+00:00
Llama-3.1-8B-Instruct,belief_bank_constraints,hidden,30,25878,belief_bank_facts,123,4282,27416,2141,2141,1971,25445,7.4209,4097,0.13336908912130152,0.7569761542364282,0.6289028304639627,0.22678218574251405,0.7790846723352235,9245.072,10,2026-09-18T18:12:38.201196+00:00
Llama-3.1-8B-Instruct,belief_bank_constraints,hidden,30,25878,belief_bank_facts,420,4282,27416,2141,2141,1971,25445,6.6859,4097,0.11592804466193397,0.8533739218670725,0.5215932302305223,0.204126213592233,0.7575312058250009,9253.41,10,2026-09-18T18:12:38.201196+00:00
Llama-3.1-8B-Instruct,belief_bank_constraints,hidden,30,25878,belief_bank_facts,511,4282,27416,2141,2141,1971,25445,7.5419,4097,0.127685048242834,0.9198376458650431,0.5424569594397433,0.22424242424242424,0.7296231792510363,9262.608,10,2026-09-18T18:12:38.201196+00:00
Llama-3.1-8B-Instruct,belief_bank_constraints,hidden,30,25878,belief_bank_facts,mean,0,0,0,0,0,0,7.33125,4097.0,0.12549963303115372,0.773871131405378,0.5852786693901372,0.2147669935966024,0.7356433475012361,9620.585,10,2026-09-18T18:12:38.201196+00:00
Llama-3.1-8B-Instruct,belief_bank_constraints,hidden,30,25878,belief_bank_facts,std,0,0,0,0,0,0,0.7838525629861777,0.0,0.021701467751184967,0.09715080117484094,0.07561407586067644,0.03066151065139155,0.04161001875870212,9620.585,10,2026-09-18T18:12:38.201196+00:00
Llama-3.1-8B-Instruct,belief_bank_constraints,hidden,30,25878,halu_eval,2,4282,10000,2141,2141,1912,8088,7.5895,4097,0.18991250643335048,0.7719665271966527,0.3268,0.3048327137546468,0.5006384400258247,9271.023,10,2026-09-18T18:12:38.201196+00:00
Llama-3.1-8B-Instruct,belief_bank_constraints,hidden,30,25878,halu_eval,4,4282,10000,2141,2141,1912,8088,9.4103,4097,0.18900291009342932,0.645397489539749,0.4027,0.29238241914465113,0.5004534004093052,9281.261,10,2026-09-18T18:12:38.201196+00:00
Llama-3.1-8B-Instruct,belief_bank_constraints,hidden,30,25878,halu_eval,24,4282,10000,2141,2141,1912,8088,7.7077,4097,0.18994937183573973,0.5298117154811716,0.4781,0.27964113181504485,0.5014927973256522,9289.789,10,2026-09-18T18:12:38.201196+00:00
Llama-3.1-8B-Instruct,belief_bank_constraints,hidden,30,25878,halu_eval,42,4282,10000,2141,2141,1912,8088,7.6218,4097,0.19002535925612848,0.5878661087866108,0.4421,0.2872109365018526,0.5011116280020196,9298.237,10,2026-09-18T18:12:38.201196+00:00
Llama-3.1-8B-Instruct,belief_bank_constraints,hidden,30,25878,halu_eval,64,4282,10000,2141,2141,1912,8088,8.1804,4097,0.19120095124851366,0.8410041841004184,0.2894,0.31156752567331913,0.499894854301429,9307.238,10,2026-09-18T18:12:38.201196+00:00
Llama-3.1-8B-Instruct,belief_bank_constraints,hidden,30,25878,halu_eval,67,4282,10000,2141,2141,1912,8088,7.62,4097,0.19144640234948604,0.5455020920502092,0.4726,0.28342391304347825,0.5015651577418273,9315.683,10,2026-09-18T18:12:38.201196+00:00
Llama-3.1-8B-Instruct,belief_bank_constraints,hidden,30,25878,halu_eval,104,4282,10000,2141,2141,1912,8088,8.0498,4097,0.1928110599078341,0.547071129707113,0.4755,0.28513016219163145,0.4983014701774208,9324.555,10,2026-09-18T18:12:38.201196+00:00
Llama-3.1-8B-Instruct,belief_bank_constraints,hidden,30,25878,halu_eval,123,4282,10000,2141,2141,1912,8088,8.3651,4097,0.1960015680125441,0.5230125523012552,0.4986,0.285143997718848,0.5086981552814438,9333.744,10,2026-09-18T18:12:38.201196+00:00
Llama-3.1-8B-Instruct,belief_bank_constraints,hidden,30,25878,halu_eval,420,4282,10000,2141,2141,1912,8088,7.5504,4097,0.18812720848056538,0.6961297071129707,0.3675,0.2962056303549572,0.5002646425408375,9342.12,10,2026-09-18T18:12:38.201196+00:00
Llama-3.1-8B-Instruct,belief_bank_constraints,hidden,30,25878,halu_eval,511,4282,10000,2141,2141,1912,8088,8.373,4097,0.19318181818181818,0.7646443514644351,0.3444,0.30843881856540084,0.500622209047755,9351.314,10,2026-09-18T18:12:38.201196+00:00
Llama-3.1-8B-Instruct,belief_bank_constraints,hidden,30,25878,halu_eval,mean,0,0,0,0,0,0,8.046800000000001,4097.0,0.19116591557994095,0.6452405857740586,0.4097700000000001,0.29339772487638305,0.5013042754853515,9620.585,10,2026-09-18T18:12:38.201196+00:00
Llama-3.1-8B-Instruct,belief_bank_constraints,hidden,30,25878,halu_eval,std,0,0,0,0,0,0,0.5493650735166915,0.0,0.0022022264507387175,0.11062106188140394,0.0702537977621139,0.010768119799554908,0.0026177634701735563,9620.585,10,2026-09-18T18:12:38.201196+00:00
Llama-3.1-8B-Instruct,belief_bank_constraints,hidden,31,25878,belief_bank_constraints,2,4282,7764,2141,2141,917,6847,7.9747,4097,0.6945088940448569,0.9792802617230099,0.9466769706336939,0.8126696832579186,0.9798432764494683,9360.946,10,2026-09-18T18:12:38.201196+00:00
Llama-3.1-8B-Instruct,belief_bank_constraints,hidden,31,25878,belief_bank_constraints,4,4282,7764,2141,2141,917,6847,9.0736,4097,0.7416943521594684,0.9738276990185387,0.9568521380731582,0.8420556341348421,0.9874552036974539,9370.762,10,2026-09-18T18:12:38.201196+00:00
Llama-3.1-8B-Instruct,belief_bank_constraints,hidden,31,25878,belief_bank_constraints,24,4282,7764,2141,2141,917,6847,7.8454,4097,0.7037325038880249,0.9869138495092693,0.9493817619783617,0.8216068996822514,0.9869076380313822,9379.349,10,2026-09-18T18:12:38.201196+00:00
Llama-3.1-8B-Instruct,belief_bank_constraints,hidden,31,25878,belief_bank_constraints,42,4282,7764,2141,2141,917,6847,8.1959,4097,0.6927803379416283,0.9836423118865867,0.9465481710458526,0.8129788192879676,0.9829381054896884,9388.283,10,2026-09-18T18:12:38.201196+00:00
Llama-3.1-8B-Instruct,belief_bank_constraints,hidden,31,25878,belief_bank_constraints,64,4282,7764,2141,2141,917,6847,8.3356,4097,0.724979658258747,0.9716466739367503,0.9531169500257599,0.8303821062441752,0.985586504465336,9397.346,10,2026-09-18T18:12:38.201196+00:00
Llama-3.1-8B-Instruct,belief_bank_constraints,hidden,31,25878,belief_bank_constraints,67,4282,7764,2141,2141,917,6847,7.1375,4097,0.6983632112236945,0.9770992366412213,0.9474497681607419,0.8145454545454546,0.9840455801432748,9405.212,10,2026-09-18T18:12:38.201196+00:00
Llama-3.1-8B-Instruct,belief_bank_constraints,hidden,31,25878,belief_bank_constraints,104,4282,7764,2141,2141,917,6847,6.7937,4097,0.6994577846630519,0.9847328244274809,0.9482225656877898,0.8179347826086957,0.9849021270170779,9412.747,10,2026-09-18T18:12:38.201196+00:00
Llama-3.1-8B-Instruct,belief_bank_constraints,hidden,31,25878,belief_bank_constraints,123,4282,7764,2141,2141,917,6847,7.5092,4097,0.7033567525370804,0.9825517993456925,0.9489953632148377,0.8198362147406734,0.9834649662294691,9421.002,10,2026-09-18T18:12:38.201196+00:00
Llama-3.1-8B-Instruct,belief_bank_constraints,hidden,31,25878,belief_bank_constraints,420,4282,7764,2141,2141,917,6847,7.2288,4097,0.7107765451664025,0.9781897491821155,0.9504121586810922,0.8233134465351079,0.9863650096938873,9428.986,10,2026-09-18T18:12:38.201196+00:00
Llama-3.1-8B-Instruct,belief_bank_constraints,hidden,31,25878,belief_bank_constraints,511,4282,7764,2141,2141,917,6847,7.0783,4097,0.702639751552795,0.9869138495092693,0.9491241628026791,0.8208616780045351,0.9851940664777846,9436.817,10,2026-09-18T18:12:38.201196+00:00
Llama-3.1-8B-Instruct,belief_bank_constraints,hidden,31,25878,belief_bank_constraints,mean,0,0,0,0,0,0,7.717270000000001,4097.0,0.707228979143575,0.9804798255179934,0.9496780010303967,0.8216184719041622,0.9846702477694823,9620.585,10,2026-09-18T18:12:38.201196+00:00
Llama-3.1-8B-Instruct,belief_bank_constraints,hidden,31,25878,belief_bank_constraints,std,0,0,0,0,0,0,0.664306462485501,0.0,0.014399206092038586,0.005055322567720487,0.0030096415340497614,0.008481878885916403,0.0021200159263115507,9620.585,10,2026-09-18T18:12:38.201196+00:00
Llama-3.1-8B-Instruct,belief_bank_constraints,hidden,31,25878,belief_bank_facts,2,4282,27416,2141,2141,1971,25445,7.0582,4097,0.1705257026357944,0.5941146626078133,0.7630580682812956,0.2649920796560308,0.7125249304141732,9445.522,10,2026-09-18T18:12:38.201196+00:00
Llama-3.1-8B-Instruct,belief_bank_constraints,hidden,31,25878,belief_bank_facts,4,4282,27416,2141,2141,1971,25445,8.096,4097,0.11021369678613495,0.6646372399797057,0.5901298511817916,0.18907411416612543,0.6703907882611881,9455.258,10,2026-09-18T18:12:38.201196+00:00
Llama-3.1-8B-Instruct,belief_bank_constraints,hidden,31,25878,belief_bank_facts,24,4282,27416,2141,2141,1971,25445,6.9588,4097,0.1227242076871207,0.6463723997970573,0.6423985993580391,0.20628238341968913,0.6782553350961709,9463.869,10,2026-09-18T18:12:38.201196+00:00
Llama-3.1-8B-Instruct,belief_bank_constraints,hidden,31,25878,belief_bank_facts,42,4282,27416,2141,2141,1971,25445,7.3423,4097,0.11898828806379268,0.9690512430238457,0.4819448497227896,0.21195139543916108,0.7461418909818225,9472.858,10,2026-09-18T18:12:38.201196+00:00
Llama-3.1-8B-Instruct,belief_bank_constraints,hidden,31,25878,belief_bank_facts,64,4282,27416,2141,2141,1971,25445,8.5142,4097,0.169127700300793,0.6276002029426687,0.7515684271957981,0.26645126548196013,0.7663817832535211,9483.02,10,2026-09-18T18:12:38.201196+00:00
Llama-3.1-8B-Instruct,belief_bank_constraints,hidden,31,25878,belief_bank_facts,67,4282,27416,2141,2141,1971,25445,7.285,4097,0.1142422544231847,0.723997970573313,0.5765976072366501,0.19734476559258748,0.688763470399392,9491.953,10,2026-09-18T18:12:38.201196+00:00
Llama-3.1-8B-Instruct,belief_bank_constraints,hidden,31,25878,belief_bank_facts,104,4282,27416,2141,2141,1971,25445,7.7487,4097,0.10124766958267603,0.7163876204972095,0.5224321564050189,0.17742036815982912,0.6875696419062852,9501.343,10,2026-09-18T18:12:38.201196+00:00
Llama-3.1-8B-Instruct,belief_bank_constraints,hidden,31,25878,belief_bank_facts,123,4282,27416,2141,2141,1971,25445,8.4245,4097,0.14846611721611722,0.6580416032470827,0.704077910709075,0.24227141122630055,0.7444256316710199,9511.411,10,2026-09-18T18:12:38.201196+00:00
Llama-3.1-8B-Instruct,belief_bank_constraints,hidden,31,25878,belief_bank_facts,420,4282,27416,2141,2141,1971,25445,8.121,4097,0.12243023666548923,0.8792491121258245,0.5382258535161949,0.21493240729257101,0.7609823079175456,9521.167,10,2026-09-18T18:12:38.201196+00:00
Llama-3.1-8B-Instruct,belief_bank_constraints,hidden,31,25878,belief_bank_facts,511,4282,27416,2141,2141,1971,25445,7.8969,4097,0.13809951141689103,0.7026889903602233,0.6633352786693901,0.23083333333333333,0.7139837029739237,9530.695,10,2026-09-18T18:12:38.201196+00:00
Llama-3.1-8B-Instruct,belief_bank_constraints,hidden,31,25878,belief_bank_facts,mean,0,0,0,0,0,0,7.74456,4097.0,0.1316065384777994,0.7182141045154744,0.6233768602276044,0.22015535237675882,0.7169419482875042,9620.585,10,2026-09-18T18:12:38.201196+00:00
Llama-3.1-8B-Instruct,belief_bank_constraints,hidden,31,25878,belief_bank_facts,std,0,0,0,0,0,0,0.5295869356394662,0.0,0.022917453025646257,0.11153176836685454,0.09227799408739962,0.028907562101189575,0.03367569578192912,9620.585,10,2026-09-18T18:12:38.201196+00:00
Llama-3.1-8B-Instruct,belief_bank_constraints,hidden,31,25878,halu_eval,2,4282,10000,2141,2141,1912,8088,8.0414,4097,0.1903696881989212,0.7567991631799164,0.3381,0.3042152843477347,0.49913367962868693,9539.546,10,2026-09-18T18:12:38.201196+00:00
Llama-3.1-8B-Instruct,belief_bank_constraints,hidden,31,25878,halu_eval,4,4282,10000,2141,2141,1912,8088,9.0482,4097,0.19324262345207155,0.6610878661087866,0.4075,0.29906542056074764,0.5040706775676761,9549.406,10,2026-09-18T18:12:38.201196+00:00
Llama-3.1-8B-Instruct,belief_bank_constraints,hidden,31,25878,halu_eval,24,4282,10000,2141,2141,1912,8088,7.7485,4097,0.1892572387746538,0.7076359832635983,0.3645,0.2986425339366516,0.49746599513096523,9557.965,10,2026-09-18T18:12:38.201196+00:00
Llama-3.1-8B-Instruct,belief_bank_constraints,hidden,31,25878,halu_eval,42,4282,10000,2141,2141,1912,8088,8.2206,4097,0.18894352555505886,0.6631799163179917,0.3913,0.294097181955236,0.49675732864225736,9566.989,10,2026-09-18T18:12:38.201196+00:00
Llama-3.1-8B-Instruct,belief_bank_constraints,hidden,31,25878,halu_eval,64,4282,10000,2141,2141,1912,8088,8.4515,4097,0.1915204678362573,0.8906903765690377,0.2602,0.31525360977415773,0.49995816158242595,9576.24,10,2026-09-18T18:12:38.201196+00:00
Llama-3.1-8B-Instruct,belief_bank_constraints,hidden,31,25878,halu_eval,67,4282,10000,2141,2141,1912,8088,7.2859,4097,0.19421265141318977,0.7547071129707112,0.3544,0.30892742453436095,0.509510156841687,9584.328,10,2026-09-18T18:12:38.201196+00:00
Llama-3.1-8B-Instruct,belief_bank_constraints,hidden,31,25878,halu_eval,104,4282,10000,2141,2141,1912,8088,7.7591,4097,0.19235127478753541,0.7102510460251046,0.3744,0.30271957200178334,0.49421643692396194,9592.894,10,2026-09-18T18:12:38.201196+00:00
Llama-3.1-8B-Instruct,belief_bank_constraints,hidden,31,25878,halu_eval,123,4282,10000,2141,2141,1912,8088,8.454,4097,0.19949409780775718,0.6187238493723849,0.4524,0.30170874776842643,0.51249390853333,9602.155,10,2026-09-18T18:12:38.201196+00:00
Llama-3.1-8B-Instruct,belief_bank_constraints,hidden,31,25878,halu_eval,420,4282,10000,2141,2141,1912,8088,8.1616,4097,0.1914068809562268,0.6197698744769874,0.4267,0.2924842650870048,0.5018773292423508,9611.124,10,2026-09-18T18:12:38.201196+00:00
Llama-3.1-8B-Instruct,belief_bank_constraints,hidden,31,25878,halu_eval,511,4282,10000,2141,2141,1912,8088,7.9092,4097,0.1921563952795327,0.8430962343096234,0.2923,0.3129793223958839,0.49839720708193136,9619.841,10,2026-09-18T18:12:38.201196+00:00
Llama-3.1-8B-Instruct,belief_bank_constraints,hidden,31,25878,halu_eval,mean,0,0,0,0,0,0,8.107999999999999,4097.0,0.19229548440612046,0.7225941422594142,0.36618,0.30300933623619875,0.5013880881175273,9620.585,10,2026-09-18T18:12:38.201196+00:00
Llama-3.1-8B-Instruct,belief_bank_constraints,hidden,31,25878,halu_eval,std,0,0,0,0,0,0,0.45913101398184797,0.0,0.0028632257582332237,0.08604031793664424,0.055787611528008624,0.007158236388419725,0.005487026835718412,9620.585,10,2026-09-18T18:12:38.201196+00:00
