model,train_dataset,layer_type,layer,num_samples,eval_dataset,split_seed,train_size,test_size,train_hall,train_not_hall,test_hall,test_not_hall,fit_time_s,model_params,precision,recall,accuracy,f1,auroc,total_runtime_s,num_splits,created_at_utc
Llama-3.1-8B-Instruct,belief_bank_constraints,attn,0,25878,belief_bank_constraints,2,4282,7764,2141,2141,917,6847,19.3401,4097,0.6217150760719226,0.9803707742639041,0.9272282328696548,0.7608971646212441,0.9794615094623903,57.646,10,2026-09-18T18:12:33.378720+00:00
Llama-3.1-8B-Instruct,belief_bank_constraints,attn,0,25878,belief_bank_constraints,4,4282,7764,2141,2141,917,6847,20.2849,4097,0.6544117647058824,0.9705561613958561,0.9359866048428646,0.7817303469477382,0.9863100620048835,78.744,10,2026-09-18T18:12:33.378720+00:00
Llama-3.1-8B-Instruct,belief_bank_constraints,attn,0,25878,belief_bank_constraints,24,4282,7764,2141,2141,917,6847,17.9188,4097,0.6453952139231327,0.9705561613958561,0.9335394126738794,0.7752613240418118,0.9844290990856546,97.471,10,2026-09-18T18:12:33.378720+00:00
Llama-3.1-8B-Instruct,belief_bank_constraints,attn,0,25878,belief_bank_constraints,42,4282,7764,2141,2141,917,6847,19.013,4097,0.6243016759776536,0.9749182115594329,0.9277434312210201,0.7611749680715197,0.9846049316904664,117.294,10,2026-09-18T18:12:33.378720+00:00
Llama-3.1-8B-Instruct,belief_bank_constraints,attn,0,25878,belief_bank_constraints,64,4282,7764,2141,2141,917,6847,19.7554,4097,0.6602941176470588,0.9792802617230099,0.9380473982483256,0.7887571365832236,0.9826170198635098,137.847,10,2026-09-18T18:12:33.378720+00:00
Llama-3.1-8B-Instruct,belief_bank_constraints,attn,0,25878,belief_bank_constraints,67,4282,7764,2141,2141,917,6847,17.5115,4097,0.6523947750362845,0.9803707742639041,0.9359866048428646,0.7834422657952069,0.9828388014778221,156.123,10,2026-09-18T18:12:33.378720+00:00
Llama-3.1-8B-Instruct,belief_bank_constraints,attn,0,25878,belief_bank_constraints,104,4282,7764,2141,2141,917,6847,18.5307,4097,0.6394606103619588,0.9825517993456925,0.9325090159711489,0.7747205503009458,0.9843712845607028,175.45,10,2026-09-18T18:12:33.378720+00:00
Llama-3.1-8B-Instruct,belief_bank_constraints,attn,0,25878,belief_bank_constraints,123,4282,7764,2141,2141,917,6847,21.4535,4097,0.6452074391988555,0.9836423118865867,0.9341834106130861,0.7792656587473002,0.9840046480966836,197.701,10,2026-09-18T18:12:33.378720+00:00
Llama-3.1-8B-Instruct,belief_bank_constraints,attn,0,25878,belief_bank_constraints,420,4282,7764,2141,2141,917,6847,15.7314,4097,0.6559297218155198,0.9770992366412213,0.9367594023699124,0.7849321068769164,0.9852679671377782,214.23,10,2026-09-18T18:12:33.378720+00:00
Llama-3.1-8B-Instruct,belief_bank_constraints,attn,0,25878,belief_bank_constraints,511,4282,7764,2141,2141,917,6847,16.6558,4097,0.6451612903225806,0.9814612868047983,0.9340546110252447,0.7785467128027682,0.9805621355634344,231.682,10,2026-09-18T18:12:33.378720+00:00
Llama-3.1-8B-Instruct,belief_bank_constraints,attn,0,25878,belief_bank_constraints,mean,0,0,0,0,0,0,18.619510000000002,4097.0,0.644427168506085,0.9780806979280262,0.9336038124678001,0.7768728234788675,0.9834467458943326,9471.354,10,2026-09-18T18:12:33.378720+00:00
Llama-3.1-8B-Instruct,belief_bank_constraints,attn,0,25878,belief_bank_constraints,std,0,0,0,0,0,0,1.6338071431169587,0.0,0.012226487164944457,0.004455114114681669,0.003432092143960867,0.008890124690545632,0.0020062151576982425,9471.354,10,2026-09-18T18:12:33.378720+00:00
Llama-3.1-8B-Instruct,belief_bank_constraints,attn,0,25878,belief_bank_facts,2,4282,27416,2141,2141,1971,25445,17.9114,4097,0.08445625355855,0.4515474378488077,0.608659177122848,0.14229754576704773,0.5061940782334218,251.306,10,2026-09-18T18:12:33.378720+00:00
Llama-3.1-8B-Instruct,belief_bank_constraints,attn,0,25878,belief_bank_facts,4,4282,27416,2141,2141,1971,25445,18.3867,4097,0.1346963779768742,0.8924403855910705,0.580099212138897,0.23406520292747837,0.7693178819349421,271.387,10,2026-09-18T18:12:33.378720+00:00
Llama-3.1-8B-Instruct,belief_bank_constraints,attn,0,25878,belief_bank_facts,24,4282,27416,2141,2141,1971,25445,15.7299,4097,0.1305390911656788,0.9386098427194317,0.5461409395973155,0.22920151149104875,0.7719132072149726,288.813,10,2026-09-18T18:12:33.378720+00:00
Llama-3.1-8B-Instruct,belief_bank_constraints,attn,0,25878,belief_bank_facts,42,4282,27416,2141,2141,1971,25445,17.5886,4097,0.11788534157226227,0.8711314053779807,0.5221038809454334,0.20766811804547652,0.7278479892016475,308.098,10,2026-09-18T18:12:33.378720+00:00
Llama-3.1-8B-Instruct,belief_bank_constraints,attn,0,25878,belief_bank_facts,64,4282,27416,2141,2141,1971,25445,17.0301,4097,0.1444345503116652,0.8229325215626585,0.6368179165450831,0.24573895916975988,0.7965855863050187,326.825,10,2026-09-18T18:12:33.378720+00:00
Llama-3.1-8B-Instruct,belief_bank_constraints,attn,0,25878,belief_bank_facts,67,4282,27416,2141,2141,1971,25445,16.5885,4097,0.12198308464553394,0.900050735667174,0.527064487890283,0.21484800775099916,0.7540690972131873,345.113,10,2026-09-18T18:12:33.378720+00:00
Llama-3.1-8B-Instruct,belief_bank_constraints,attn,0,25878,belief_bank_facts,104,4282,27416,2141,2141,1971,25445,17.2323,4097,0.12264021887824897,0.9096905124302385,0.5256419608987453,0.21614128141763606,0.7548126055352224,364.043,10,2026-09-18T18:12:33.378720+00:00
Llama-3.1-8B-Instruct,belief_bank_constraints,attn,0,25878,belief_bank_facts,123,4282,27416,2141,2141,1971,25445,19.3642,4097,0.11744112030553787,0.7488584474885844,0.5773635833090166,0.20304009904395076,0.7279361111435125,385.108,10,2026-09-18T18:12:33.378720+00:00
Llama-3.1-8B-Instruct,belief_bank_constraints,attn,0,25878,belief_bank_facts,420,4282,27416,2141,2141,1971,25445,16.5698,4097,0.122446332446981,0.9578893962455606,0.5034286548001167,0.2171362852213916,0.7963005433771011,403.328,10,2026-09-18T18:12:33.378720+00:00
Llama-3.1-8B-Instruct,belief_bank_constraints,attn,0,25878,belief_bank_facts,511,4282,27416,2141,2141,1971,25445,16.3511,4097,0.09954785807341558,0.6590563165905632,0.546906915669682,0.1729693741677763,0.7360320142159564,421.334,10,2026-09-18T18:12:33.378720+00:00
Llama-3.1-8B-Instruct,belief_bank_constraints,attn,0,25878,belief_bank_facts,mean,0,0,0,0,0,0,17.27526,4097.0,0.11960702289347476,0.815220700152207,0.5574226728917421,0.20831063850025652,0.7341009114374983,9471.354,10,2026-09-18T18:12:33.378720+00:00
Llama-3.1-8B-Instruct,belief_bank_constraints,attn,0,25878,belief_bank_facts,std,0,0,0,0,0,0,1.0185919980050895,0.0,0.01622379270091291,0.14896233807896966,0.040215559405241366,0.028840038751838735,0.07955701969246774,9471.354,10,2026-09-18T18:12:33.378720+00:00
Llama-3.1-8B-Instruct,belief_bank_constraints,attn,0,25878,halu_eval,2,4282,10000,2141,2141,1912,8088,16.6711,4097,0.19412124923453766,0.4973849372384937,0.5091,0.2792541477022464,0.5063282061548904,438.865,10,2026-09-18T18:12:33.378720+00:00
Llama-3.1-8B-Instruct,belief_bank_constraints,attn,0,25878,halu_eval,4,4282,10000,2141,2141,1912,8088,18.9298,4097,0.19347998939835676,0.3817991631799163,0.5775,0.256816182937555,0.5068185627552985,458.636,10,2026-09-18T18:12:33.378720+00:00
Llama-3.1-8B-Instruct,belief_bank_constraints,attn,0,25878,halu_eval,24,4282,10000,2141,2141,1912,8088,16.2721,4097,0.1903196892739767,0.3331589958158996,0.6015,0.24225137858908538,0.5068731402273734,475.73,10,2026-09-18T18:12:33.378720+00:00
Llama-3.1-8B-Instruct,belief_bank_constraints,attn,0,25878,halu_eval,42,4282,10000,2141,2141,1912,8088,17.7374,4097,0.1893574865553354,0.34989539748953974,0.5893,0.24573002754820936,0.49903900970082227,494.326,10,2026-09-18T18:12:33.378720+00:00
Llama-3.1-8B-Instruct,belief_bank_constraints,attn,0,25878,halu_eval,64,4282,10000,2141,2141,1912,8088,17.7483,4097,0.192465970243748,0.3179916317991632,0.6145,0.2397949122461053,0.5061465291314371,512.913,10,2026-09-18T18:12:33.378720+00:00
Llama-3.1-8B-Instruct,belief_bank_constraints,attn,0,25878,halu_eval,67,4282,10000,2141,2141,1912,8088,15.6867,4097,0.1893900563813429,0.3865062761506276,0.5664,0.2542139662882697,0.4955162731398135,529.426,10,2026-09-18T18:12:33.378720+00:00
Llama-3.1-8B-Instruct,belief_bank_constraints,attn,0,25878,halu_eval,104,4282,10000,2141,2141,1912,8088,17.3785,4097,0.1898901098901099,0.45188284518828453,0.5266,0.26740947075208915,0.4979007396152779,547.661,10,2026-09-18T18:12:33.378720+00:00
Llama-3.1-8B-Instruct,belief_bank_constraints,attn,0,25878,halu_eval,123,4282,10000,2141,2141,1912,8088,18.833,4097,0.18505231689088192,0.323744769874477,0.5981,0.2354955297698307,0.5004271786499137,567.351,10,2026-09-18T18:12:33.378720+00:00
Llama-3.1-8B-Instruct,belief_bank_constraints,attn,0,25878,halu_eval,420,4282,10000,2141,2141,1912,8088,14.5872,4097,0.19154788697174294,0.4006276150627615,0.5621,0.25917780409406194,0.5000241848039764,582.804,10,2026-09-18T18:12:33.378720+00:00
Llama-3.1-8B-Instruct,belief_bank_constraints,attn,0,25878,halu_eval,511,4282,10000,2141,2141,1912,8088,14.9862,4097,0.19345238095238096,0.3739539748953975,0.5822,0.2549928673323823,0.502432318761407,598.659,10,2026-09-18T18:12:33.378720+00:00
Llama-3.1-8B-Instruct,belief_bank_constraints,attn,0,25878,halu_eval,mean,0,0,0,0,0,0,16.883029999999998,4097.0,0.1909077135792413,0.38169456066945606,0.5727300000000001,0.2535136287259835,0.5021506142940211,9471.354,10,2026-09-18T18:12:33.378720+00:00
Llama-3.1-8B-Instruct,belief_bank_constraints,attn,0,25878,halu_eval,std,0,0,0,0,0,0,1.4294731869118777,0.0,0.0025812822311417623,0.054346415257269985,0.03151650519965691,0.012655492509373402,0.00396031430387182,9471.354,10,2026-09-18T18:12:33.378720+00:00
Llama-3.1-8B-Instruct,belief_bank_constraints,attn,1,25878,belief_bank_constraints,2,4282,7764,2141,2141,917,6847,10.909,4097,0.6221453287197232,0.9803707742639041,0.9273570324574961,0.7612193056731583,0.9803382834564933,611.147,10,2026-09-18T18:12:33.378720+00:00
Llama-3.1-8B-Instruct,belief_bank_constraints,attn,1,25878,belief_bank_constraints,4,4282,7764,2141,2141,917,6847,12.0571,4097,0.6562962962962963,0.9661941112322792,0.9362442040185471,0.7816497573886193,0.9858379896854427,623.98,10,2026-09-18T18:12:33.378720+00:00
Llama-3.1-8B-Instruct,belief_bank_constraints,attn,1,25878,belief_bank_constraints,24,4282,7764,2141,2141,917,6847,12.0725,4097,0.6260504201680672,0.9749182115594329,0.9282586295723854,0.7624733475479745,0.9848331636856616,636.828,10,2026-09-18T18:12:33.378720+00:00
Llama-3.1-8B-Instruct,belief_bank_constraints,attn,1,25878,belief_bank_constraints,42,4282,7764,2141,2141,917,6847,11.9592,4097,0.6186556927297668,0.9836423118865867,0.9264554353426069,0.759578947368421,0.9817535448028327,649.563,10,2026-09-18T18:12:33.378720+00:00
Llama-3.1-8B-Instruct,belief_bank_constraints,attn,1,25878,belief_bank_constraints,64,4282,7764,2141,2141,917,6847,11.2617,4097,0.6430107526881721,0.9781897491821155,0.9332818134981968,0.7759515570934256,0.983144995483937,661.6,10,2026-09-18T18:12:33.378720+00:00
Llama-3.1-8B-Instruct,belief_bank_constraints,attn,1,25878,belief_bank_constraints,67,4282,7764,2141,2141,917,6847,11.5145,4097,0.6481751824817519,0.9683751363140676,0.9341834106130861,0.7765631832094447,0.9797539267290883,673.891,10,2026-09-18T18:12:33.378720+00:00
Llama-3.1-8B-Instruct,belief_bank_constraints,attn,1,25878,belief_bank_constraints,104,4282,7764,2141,2141,917,6847,11.9648,4097,0.6445396145610278,0.9847328244274809,0.9340546110252447,0.7791199309749784,0.9852415285395908,686.633,10,2026-09-18T18:12:33.378720+00:00
Llama-3.1-8B-Instruct,belief_bank_constraints,attn,1,25878,belief_bank_constraints,123,4282,7764,2141,2141,917,6847,12.333,4097,0.6399716513111269,0.9847328244274809,0.9327666151468316,0.7757731958762887,0.9815517514058246,699.747,10,2026-09-18T18:12:33.378720+00:00
Llama-3.1-8B-Instruct,belief_bank_constraints,attn,1,25878,belief_bank_constraints,420,4282,7764,2141,2141,917,6847,12.6473,4097,0.6527777777777778,0.9738276990185387,0.9357290056671819,0.7816192560175055,0.9834820876108251,713.182,10,2026-09-18T18:12:33.378720+00:00
Llama-3.1-8B-Instruct,belief_bank_constraints,attn,1,25878,belief_bank_constraints,511,4282,7764,2141,2141,917,6847,12.6176,4097,0.6400570206699929,0.9792802617230099,0.9325090159711489,0.7741379310344828,0.9801837132182958,726.57,10,2026-09-18T18:12:33.378720+00:00
Llama-3.1-8B-Instruct,belief_bank_constraints,attn,1,25878,belief_bank_constraints,mean,0,0,0,0,0,0,11.93367,4097.0,0.6391679737403703,0.9774263904034897,0.9320839773312726,0.7728086412184298,0.9826120984617992,9471.354,10,2026-09-18T18:12:33.378720+00:00
Llama-3.1-8B-Instruct,belief_bank_constraints,attn,1,25878,belief_bank_constraints,std,0,0,0,0,0,0,0.5338368515754601,0.0,0.012195852219238698,0.0062082640468878025,0.003310951175560068,0.008039344134679709,0.002106944548211409,9471.354,10,2026-09-18T18:12:33.378720+00:00
Llama-3.1-8B-Instruct,belief_bank_constraints,attn,1,25878,belief_bank_facts,2,4282,27416,2141,2141,1971,25445,11.2728,4097,0.11034901365705614,0.9223744292237442,0.45980449372629123,0.19711590588745528,0.7456871741848471,739.477,10,2026-09-18T18:12:33.378720+00:00
Llama-3.1-8B-Instruct,belief_bank_constraints,attn,1,25878,belief_bank_facts,4,4282,27416,2141,2141,1971,25445,14.3539,4097,0.14215608675003957,0.9112125824454591,0.5983002626203676,0.24594317014720987,0.781310142676991,755.463,10,2026-09-18T18:12:33.378720+00:00
Llama-3.1-8B-Instruct,belief_bank_constraints,attn,1,25878,belief_bank_facts,24,4282,27416,2141,2141,1971,25445,11.6603,4097,0.12450212882845763,0.9198376458650431,0.5292165159031222,0.21931893788181214,0.7710418079244744,768.75,10,2026-09-18T18:12:33.378720+00:00
Llama-3.1-8B-Instruct,belief_bank_constraints,attn,1,25878,belief_bank_facts,42,4282,27416,2141,2141,1971,25445,11.7556,4097,0.10575304485592633,0.5418569254185692,0.6376568427195798,0.17696768848384425,0.6995648038232498,782.141,10,2026-09-18T18:12:33.378720+00:00
Llama-3.1-8B-Instruct,belief_bank_constraints,attn,1,25878,belief_bank_facts,64,4282,27416,2141,2141,1971,25445,11.982,4097,0.1336607480166226,0.8975139523084729,0.5744091041727458,0.23267131395501775,0.8031739252368222,795.766,10,2026-09-18T18:12:33.378720+00:00
Llama-3.1-8B-Instruct,belief_bank_constraints,attn,1,25878,belief_bank_facts,67,4282,27416,2141,2141,1971,25445,10.9771,4097,0.10792503951230525,0.4850329781836631,0.6747519696527575,0.17656293286545388,0.7120899834792543,808.384,10,2026-09-18T18:12:33.378720+00:00
Llama-3.1-8B-Instruct,belief_bank_constraints,attn,1,25878,belief_bank_facts,104,4282,27416,2141,2141,1971,25445,13.2857,4097,0.15459780143081486,0.8990360223236935,0.639298220017508,0.2638278865480533,0.7474616763267815,823.33,10,2026-09-18T18:12:33.378720+00:00
Llama-3.1-8B-Instruct,belief_bank_constraints,attn,1,25878,belief_bank_facts,123,4282,27416,2141,2141,1971,25445,12.8703,4097,0.12923668470521218,0.9208523592085236,0.5482564925590896,0.22666250390259132,0.7726346028017372,837.883,10,2026-09-18T18:12:33.378720+00:00
Llama-3.1-8B-Instruct,belief_bank_constraints,attn,1,25878,belief_bank_facts,420,4282,27416,2141,2141,1971,25445,10.9752,4097,0.15620361477342182,0.9076610857432775,0.6408666472133061,0.2665375446960667,0.7688847096018621,850.539,10,2026-09-18T18:12:33.378720+00:00
Llama-3.1-8B-Instruct,belief_bank_constraints,attn,1,25878,belief_bank_facts,511,4282,27416,2141,2141,1971,25445,11.0546,4097,0.10750866384289565,0.7082699137493658,0.5563174788444704,0.18668093073014175,0.7271980662024188,863.281,10,2026-09-18T18:12:33.378720+00:00
Llama-3.1-8B-Instruct,belief_bank_constraints,attn,1,25878,belief_bank_facts,mean,0,0,0,0,0,0,12.01875,4097.0,0.12718928263727522,0.8113647894469812,0.585887802742924,0.21922888150976458,0.7529046892258439,9471.354,10,2026-09-18T18:12:33.378720+00:00
Llama-3.1-8B-Instruct,belief_bank_constraints,attn,1,25878,belief_bank_facts,std,0,0,0,0,0,0,1.0789980567637738,0.0,0.01836273639995066,0.1613018920002862,0.06175532728500057,0.03214271974005645,0.03092084159674269,9471.354,10,2026-09-18T18:12:33.378720+00:00
Llama-3.1-8B-Instruct,belief_bank_constraints,attn,1,25878,halu_eval,2,4282,10000,2141,2141,1912,8088,10.1471,4097,0.19766053950823587,0.4330543933054393,0.5555,0.2714309129650877,0.5123305641086128,874.272,10,2026-09-18T18:12:33.378720+00:00
Llama-3.1-8B-Instruct,belief_bank_constraints,attn,1,25878,halu_eval,4,4282,10000,2141,2141,1912,8088,13.2865,4097,0.1911896913395265,0.33368200836820083,0.6027,0.2430939226519337,0.506714257704994,888.402,10,2026-09-18T18:12:33.378720+00:00
Llama-3.1-8B-Instruct,belief_bank_constraints,attn,1,25878,halu_eval,24,4282,10000,2141,2141,1912,8088,10.8467,4097,0.1966768396066463,0.303347280334728,0.6299,0.23863402592059246,0.5141762073778395,900.089,10,2026-09-18T18:12:33.378720+00:00
Llama-3.1-8B-Instruct,belief_bank_constraints,attn,1,25878,halu_eval,42,4282,10000,2141,2141,1912,8088,10.5778,4097,0.193717277486911,0.38702928870292885,0.5748,0.25819958129797627,0.5051968552512323,911.508,10,2026-09-18T18:12:33.378720+00:00
Llama-3.1-8B-Instruct,belief_bank_constraints,attn,1,25878,halu_eval,64,4282,10000,2141,2141,1912,8088,11.1349,4097,0.1991796975134581,0.4063807531380753,0.5741,0.26733184242215724,0.5125324490230891,923.482,10,2026-09-18T18:12:33.378720+00:00
Llama-3.1-8B-Instruct,belief_bank_constraints,attn,1,25878,halu_eval,67,4282,10000,2141,2141,1912,8088,10.8116,4097,0.19730804527378404,0.33734309623430964,0.6109,0.24898668210770122,0.5189803182254613,935.136,10,2026-09-18T18:12:33.378720+00:00
Llama-3.1-8B-Instruct,belief_bank_constraints,attn,1,25878,halu_eval,104,4282,10000,2141,2141,1912,8088,12.1158,4097,0.19292463194902218,0.4592050209205021,0.5293,0.27170044870803034,0.5031410175827404,948.097,10,2026-09-18T18:12:33.378720+00:00
Llama-3.1-8B-Instruct,belief_bank_constraints,attn,1,25878,halu_eval,123,4282,10000,2141,2141,1912,8088,12.6143,4097,0.1941747572815534,0.42887029288702927,0.5505,0.267318663406683,0.5097069332013127,961.555,10,2026-09-18T18:12:33.378720+00:00
Llama-3.1-8B-Instruct,belief_bank_constraints,attn,1,25878,halu_eval,420,4282,10000,2141,2141,1912,8088,12.2047,4097,0.19930675909878684,0.5413179916317992,0.4965,0.29134412385643915,0.5124134002954943,974.602,10,2026-09-18T18:12:33.378720+00:00
Llama-3.1-8B-Instruct,belief_bank_constraints,attn,1,25878,halu_eval,511,4282,10000,2141,2141,1912,8088,11.9995,4097,0.1990555757355612,0.5732217573221757,0.4774,0.29549743866271233,0.5099029659105488,987.443,10,2026-09-18T18:12:33.378720+00:00
Llama-3.1-8B-Instruct,belief_bank_constraints,attn,1,25878,halu_eval,mean,0,0,0,0,0,0,11.57389,4097.0,0.19611938147934854,0.42034518828451883,0.56016,0.26535376419993134,0.5105094968681325,9471.354,10,2026-09-18T18:12:33.378720+00:00
Llama-3.1-8B-Instruct,belief_bank_constraints,attn,1,25878,halu_eval,std,0,0,0,0,0,0,0.9601430158575337,0.0,0.0027623347475450952,0.08315243322964544,0.046503445033674665,0.01788193036997019,0.0044064444451528875,9471.354,10,2026-09-18T18:12:33.378720+00:00
Llama-3.1-8B-Instruct,belief_bank_constraints,attn,2,25878,belief_bank_constraints,2,4282,7764,2141,2141,917,6847,14.7635,4097,0.6301754385964913,0.9792802617230099,0.9296754250386399,0.7668659265584971,0.9810053006203993,1003.789,10,2026-09-18T18:12:33.378720+00:00
Llama-3.1-8B-Instruct,belief_bank_constraints,attn,2,25878,belief_bank_constraints,4,4282,7764,2141,2141,917,6847,17.9693,4097,0.6768060836501901,0.9705561613958561,0.9417825862957239,0.7974910394265233,0.9861628977595517,1022.527,10,2026-09-18T18:12:33.378720+00:00
Llama-3.1-8B-Instruct,belief_bank_constraints,attn,2,25878,belief_bank_constraints,24,4282,7764,2141,2141,917,6847,14.0082,4097,0.6466328747284577,0.9738276990185387,0.9340546110252447,0.7771975630983464,0.9852523588087277,1037.303,10,2026-09-18T18:12:33.378720+00:00
Llama-3.1-8B-Instruct,belief_bank_constraints,attn,2,25878,belief_bank_constraints,42,4282,7764,2141,2141,917,6847,12.9066,4097,0.6404011461318052,0.9749182115594329,0.9323802163833076,0.7730220492866408,0.9824148282948427,1050.981,10,2026-09-18T18:12:33.378720+00:00
Llama-3.1-8B-Instruct,belief_bank_constraints,attn,2,25878,belief_bank_constraints,64,4282,7764,2141,2141,917,6847,14.7564,4097,0.6607275426874536,0.9705561613958561,0.9376609994848016,0.7862190812720848,0.9832833999527609,1066.51,10,2026-09-18T18:12:33.378720+00:00
Llama-3.1-8B-Instruct,belief_bank_constraints,attn,2,25878,belief_bank_constraints,67,4282,7764,2141,2141,917,6847,12.5256,4097,0.6592261904761905,0.9661941112322792,0.9370170015455951,0.7837240159221583,0.982960642005613,1079.807,10,2026-09-18T18:12:33.378720+00:00
Llama-3.1-8B-Instruct,belief_bank_constraints,attn,2,25878,belief_bank_constraints,104,4282,7764,2141,2141,917,6847,14.8705,4097,0.6438356164383562,0.9738276990185387,0.9332818134981968,0.7751736111111112,0.9834524636393622,1095.447,10,2026-09-18T18:12:33.378720+00:00
Llama-3.1-8B-Instruct,belief_bank_constraints,attn,2,25878,belief_bank_constraints,123,4282,7764,2141,2141,917,6847,14.3597,4097,0.6500361532899493,0.9803707742639041,0.9353426069036579,0.7817391304347826,0.9841154990866738,1110.573,10,2026-09-18T18:12:33.378720+00:00
Llama-3.1-8B-Instruct,belief_bank_constraints,attn,2,25878,belief_bank_constraints,420,4282,7764,2141,2141,917,6847,15.0282,4097,0.6542124542124542,0.9738276990185387,0.9361154044307058,0.782646801051709,0.9822918728864053,1126.368,10,2026-09-18T18:12:33.378720+00:00
Llama-3.1-8B-Instruct,belief_bank_constraints,attn,2,25878,belief_bank_constraints,511,4282,7764,2141,2141,917,6847,14.0583,4097,0.6409707351891506,0.9792802617230099,0.9327666151468316,0.7748058671268335,0.9773840090120579,1141.201,10,2026-09-18T18:12:33.378720+00:00
Llama-3.1-8B-Instruct,belief_bank_constraints,attn,2,25878,belief_bank_constraints,mean,0,0,0,0,0,0,14.524629999999998,4097.0,0.6503024235400499,0.9742639040348966,0.9350077279752707,0.7798885085288687,0.9828323272066394,9471.354,10,2026-09-18T18:12:33.378720+00:00
Llama-3.1-8B-Instruct,belief_bank_constraints,attn,2,25878,belief_bank_constraints,std,0,0,0,0,0,0,1.3955373144778322,0.0,0.012456389411823655,0.004257191122343113,0.0032025286487212903,0.008048042827893969,0.00229540578660311,9471.354,10,2026-09-18T18:12:33.378720+00:00
Llama-3.1-8B-Instruct,belief_bank_constraints,attn,2,25878,belief_bank_facts,2,4282,27416,2141,2141,1971,25445,14.7029,4097,0.14671334989835103,0.6590563165905632,0.6999197548876569,0.24,0.6858223669419992,1157.562,10,2026-09-18T18:12:33.378720+00:00
Llama-3.1-8B-Instruct,belief_bank_constraints,attn,2,25878,belief_bank_facts,4,4282,27416,2141,2141,1971,25445,16.9216,4097,0.18755340358872116,0.6681887366818874,0.7680551502772104,0.29289447347937286,0.7447390084103167,1176.163,10,2026-09-18T18:12:33.378720+00:00
Llama-3.1-8B-Instruct,belief_bank_constraints,attn,2,25878,belief_bank_facts,24,4282,27416,2141,2141,1971,25445,13.8934,4097,0.07745002097022229,0.2810755961440893,0.7076159906623869,0.12143796580447172,0.5951327157918328,1191.736,10,2026-09-18T18:12:33.378720+00:00
Llama-3.1-8B-Instruct,belief_bank_constraints,attn,2,25878,belief_bank_facts,42,4282,27416,2141,2141,1971,25445,12.8068,4097,0.15612234731493474,0.7950279046169457,0.6763203968485556,0.2609926715522985,0.7300369306606235,1206.225,10,2026-09-18T18:12:33.378720+00:00
Llama-3.1-8B-Instruct,belief_bank_constraints,attn,2,25878,belief_bank_facts,64,4282,27416,2141,2141,1971,25445,14.2101,4097,0.0653061224489796,0.3165905631659056,0.6251094251531952,0.10827693909422176,0.4384085051681291,1222.108,10,2026-09-18T18:12:33.378720+00:00
Llama-3.1-8B-Instruct,belief_bank_constraints,attn,2,25878,belief_bank_facts,67,4282,27416,2141,2141,1971,25445,11.7496,4097,0.15283236994219654,0.6707255200405885,0.7090385176539247,0.2489407777045476,0.7662991546016173,1235.536,10,2026-09-18T18:12:33.378720+00:00
Llama-3.1-8B-Instruct,belief_bank_constraints,attn,2,25878,belief_bank_facts,104,4282,27416,2141,2141,1971,25445,14.4322,4097,0.12723424270931327,0.8234398782343988,0.5812299387219142,0.22041148910165004,0.7185842585439352,1251.64,10,2026-09-18T18:12:33.378720+00:00
Llama-3.1-8B-Instruct,belief_bank_constraints,attn,2,25878,belief_bank_facts,123,4282,27416,2141,2141,1971,25445,13.709,4097,0.07403123192596876,0.12988330796549974,0.8206521739130435,0.0943083440780991,0.5507994132647898,1267.028,10,2026-09-18T18:12:33.378720+00:00
Llama-3.1-8B-Instruct,belief_bank_constraints,attn,2,25878,belief_bank_facts,420,4282,27416,2141,2141,1971,25445,14.2647,4097,0.07243691547556026,0.4165398274987316,0.5745914794280712,0.12341225103344608,0.49528206149713183,1282.967,10,2026-09-18T18:12:33.378720+00:00
Llama-3.1-8B-Instruct,belief_bank_constraints,attn,2,25878,belief_bank_facts,511,4282,27416,2141,2141,1971,25445,13.5833,4097,0.03572213673334799,0.16489091831557584,0.6199664429530202,0.0587225584967025,0.4424590837132526,1298.228,10,2026-09-18T18:12:33.378720+00:00
Llama-3.1-8B-Instruct,belief_bank_constraints,attn,2,25878,belief_bank_facts,mean,0,0,0,0,0,0,14.027360000000002,4097.0,0.10954021410075956,0.49254185692541863,0.6782499270498978,0.17693974703448104,0.6167563498593628,9471.354,10,2026-09-18T18:12:33.378720+00:00
Llama-3.1-8B-Instruct,belief_bank_constraints,attn,2,25878,belief_bank_facts,std,0,0,0,0,0,0,1.2681105655265243,0.0,0.0478520331744517,0.24731541104593976,0.07550219527815356,0.07938791038142483,0.12185053610456849,9471.354,10,2026-09-18T18:12:33.378720+00:00
Llama-3.1-8B-Instruct,belief_bank_constraints,attn,2,25878,halu_eval,2,4282,10000,2141,2141,1912,8088,14.411,4097,0.18634116192830655,0.31537656903765693,0.6058,0.23426573426573427,0.4948658377098776,1313.456,10,2026-09-18T18:12:33.378720+00:00
Llama-3.1-8B-Instruct,belief_bank_constraints,attn,2,25878,halu_eval,4,4282,10000,2141,2141,1912,8088,18.2757,4097,0.1955330804888327,0.24267782426778242,0.6643,0.21656942823803968,0.5031602231623687,1332.525,10,2026-09-18T18:12:33.378720+00:00
Llama-3.1-8B-Instruct,belief_bank_constraints,attn,2,25878,halu_eval,24,4282,10000,2141,2141,1912,8088,14.6248,4097,0.18785077583360846,0.2975941422594142,0.6197,0.2303177494434325,0.48837619475518257,1347.984,10,2026-09-18T18:12:33.378720+00:00
Llama-3.1-8B-Instruct,belief_bank_constraints,attn,2,25878,halu_eval,42,4282,10000,2141,2141,1912,8088,14.1828,4097,0.18694295900178254,0.4388075313807531,0.5278,0.2621875,0.49243975914521854,1362.999,10,2026-09-18T18:12:33.378720+00:00
Llama-3.1-8B-Instruct,belief_bank_constraints,attn,2,25878,halu_eval,64,4282,10000,2141,2141,1912,8088,15.1682,4097,0.19287833827893175,0.3059623430962343,0.6225,0.23660262891809908,0.5049599217705656,1379.0,10,2026-09-18T18:12:33.378720+00:00
Llama-3.1-8B-Instruct,belief_bank_constraints,attn,2,25878,halu_eval,67,4282,10000,2141,2141,1912,8088,11.737,4097,0.19229877058687078,0.43357740585774057,0.5435,0.2664309818415555,0.5086902337881629,1391.575,10,2026-09-18T18:12:33.378720+00:00
Llama-3.1-8B-Instruct,belief_bank_constraints,attn,2,25878,halu_eval,104,4282,10000,2141,2141,1912,8088,15.3591,4097,0.18986621121548533,0.34884937238493724,0.5909,0.24589861751152073,0.49449013259997765,1407.784,10,2026-09-18T18:12:33.378720+00:00
Llama-3.1-8B-Instruct,belief_bank_constraints,attn,2,25878,halu_eval,123,4282,10000,2141,2141,1912,8088,15.6418,4097,0.19081272084805653,0.3106694560669456,0.6163,0.2364179104477612,0.507289907771832,1424.271,10,2026-09-18T18:12:33.378720+00:00
Llama-3.1-8B-Instruct,belief_bank_constraints,attn,2,25878,halu_eval,420,4282,10000,2141,2141,1912,8088,14.3908,4097,0.18452088452088453,0.39278242677824265,0.552,0.25108659311267134,0.48661804357092897,1439.486,10,2026-09-18T18:12:33.378720+00:00
Llama-3.1-8B-Instruct,belief_bank_constraints,attn,2,25878,halu_eval,511,4282,10000,2141,2141,1912,8088,15.1308,4097,0.18926466025442135,0.3190376569037657,0.6085,0.23758519961051608,0.5045496854164856,1455.438,10,2026-09-18T18:12:33.378720+00:00
Llama-3.1-8B-Instruct,belief_bank_constraints,attn,2,25878,halu_eval,mean,0,0,0,0,0,0,14.892199999999999,4097.0,0.18963095629571805,0.3405334728033473,0.59513,0.24173623433893304,0.49854399396905996,9471.354,10,2026-09-18T18:12:33.378720+00:00
Llama-3.1-8B-Instruct,belief_bank_constraints,attn,2,25878,halu_eval,std,0,0,0,0,0,0,1.5288579901351205,0.0,0.003184553821274199,0.05976248649096504,0.03994388689148816,0.0142276748808371,0.007686455385917134,9471.354,10,2026-09-18T18:12:33.378720+00:00
Llama-3.1-8B-Instruct,belief_bank_constraints,attn,3,25878,belief_bank_constraints,2,4282,7764,2141,2141,917,6847,10.3111,4097,0.6542124542124542,0.9738276990185387,0.9361154044307058,0.782646801051709,0.9834272991904851,1467.289,10,2026-09-18T18:12:33.378720+00:00
Llama-3.1-8B-Instruct,belief_bank_constraints,attn,3,25878,belief_bank_constraints,4,4282,7764,2141,2141,917,6847,12.1186,4097,0.6989591673338671,0.9520174482006543,0.9459041731066461,0.8060941828254847,0.9868326224907421,1480.18,10,2026-09-18T18:12:33.378720+00:00
Llama-3.1-8B-Instruct,belief_bank_constraints,attn,3,25878,belief_bank_constraints,24,4282,7764,2141,2141,917,6847,10.7354,4097,0.6963309914129586,0.9727371864776445,0.9466769706336939,0.8116469517743403,0.9872078594626051,1491.679,10,2026-09-18T18:12:33.378720+00:00
Llama-3.1-8B-Instruct,belief_bank_constraints,attn,3,25878,belief_bank_constraints,42,4282,7764,2141,2141,917,6847,9.8978,4097,0.6747536012130402,0.9705561613958561,0.9412673879443586,0.7960644007155635,0.9854103533231965,1502.344,10,2026-09-18T18:12:33.378720+00:00
Llama-3.1-8B-Instruct,belief_bank_constraints,attn,3,25878,belief_bank_constraints,64,4282,7764,2141,2141,917,6847,11.0605,4097,0.677123182861515,0.965103598691385,0.9415249871200412,0.795863309352518,0.9859630155865092,1514.181,10,2026-09-18T18:12:33.378720+00:00
Llama-3.1-8B-Instruct,belief_bank_constraints,attn,3,25878,belief_bank_constraints,67,4282,7764,2141,2141,917,6847,9.8119,4097,0.6762481089258698,0.9749182115594329,0.9419113858835652,0.7985707905314873,0.9833842966512648,1524.767,10,2026-09-18T18:12:33.378720+00:00
Llama-3.1-8B-Instruct,belief_bank_constraints,attn,3,25878,belief_bank_constraints,104,4282,7764,2141,2141,917,6847,9.6003,4097,0.6834477498093059,0.9770992366412213,0.9438433797011849,0.8043087971274686,0.9864546779515947,1535.163,10,2026-09-18T18:12:33.378720+00:00
Llama-3.1-8B-Instruct,belief_bank_constraints,attn,3,25878,belief_bank_constraints,123,4282,7764,2141,2141,917,6847,11.2632,4097,0.6706497386109037,0.9792802617230099,0.9407521895929933,0.7960992907801419,0.9862516104052766,1547.235,10,2026-09-18T18:12:33.378720+00:00
Llama-3.1-8B-Instruct,belief_bank_constraints,attn,3,25878,belief_bank_constraints,420,4282,7764,2141,2141,917,6847,10.443,4097,0.6760456273764258,0.9694656488549618,0.9415249871200412,0.796594982078853,0.9874262168006462,1558.477,10,2026-09-18T18:12:33.378720+00:00
Llama-3.1-8B-Instruct,belief_bank_constraints,attn,3,25878,belief_bank_constraints,511,4282,7764,2141,2141,917,6847,10.0343,4097,0.6729041916167665,0.9803707742639041,0.9413961875321999,0.7980470483799379,0.9843008878113124,1569.312,10,2026-09-18T18:12:33.378720+00:00
Llama-3.1-8B-Instruct,belief_bank_constraints,attn,3,25878,belief_bank_constraints,mean,0,0,0,0,0,0,10.52761,4097.0,0.6780674813373107,0.9715376226826609,0.9420917053065431,0.7985936554617503,0.9856658839673633,9471.354,10,2026-09-18T18:12:33.378720+00:00
Llama-3.1-8B-Instruct,belief_bank_constraints,attn,3,25878,belief_bank_constraints,std,0,0,0,0,0,0,0.7393027613231267,0.0,0.01212015647759513,0.007840322559659206,0.0027924273441858934,0.007334706791708013,0.0014155108760768066,9471.354,10,2026-09-18T18:12:33.378720+00:00
Llama-3.1-8B-Instruct,belief_bank_constraints,attn,3,25878,belief_bank_facts,2,4282,27416,2141,2141,1971,25445,10.2795,4097,0.11688639374250931,0.9401319127346525,0.4850452290633207,0.20792190305206462,0.7279509958656762,1581.311,10,2026-09-18T18:12:33.378720+00:00
Llama-3.1-8B-Instruct,belief_bank_constraints,attn,3,25878,belief_bank_facts,4,4282,27416,2141,2141,1971,25445,11.5572,4097,0.13111631995312042,0.9081684424150177,0.560730960023344,0.22914933111438265,0.7204871900166883,1594.577,10,2026-09-18T18:12:33.378720+00:00
Llama-3.1-8B-Instruct,belief_bank_constraints,attn,3,25878,belief_bank_facts,24,4282,27416,2141,2141,1971,25445,10.2398,4097,0.14702440655299231,0.8924403855910705,0.6200393930551503,0.2524578399712953,0.784935514657962,1606.522,10,2026-09-18T18:12:33.378720+00:00
Llama-3.1-8B-Instruct,belief_bank_constraints,attn,3,25878,belief_bank_facts,42,4282,27416,2141,2141,1971,25445,9.0038,4097,0.09182493010700858,0.9665144596651446,0.31036620951269334,0.16771580754501034,0.7468314932805897,1617.228,10,2026-09-18T18:12:33.378720+00:00
Llama-3.1-8B-Instruct,belief_bank_constraints,attn,3,25878,belief_bank_facts,64,4282,27416,2141,2141,1971,25445,10.4612,4097,0.14079034391534392,0.8640284119736175,0.6111394805952728,0.2421269638160233,0.8006219879747796,1629.392,10,2026-09-18T18:12:33.378720+00:00
Llama-3.1-8B-Instruct,belief_bank_constraints,attn,3,25878,belief_bank_facts,67,4282,27416,2141,2141,1971,25445,10.0221,4097,0.10752327434370544,0.6504312531709792,0.58673767143274,0.18454008924715704,0.6523507741800217,1641.116,10,2026-09-18T18:12:33.378720+00:00
Llama-3.1-8B-Instruct,belief_bank_constraints,attn,3,25878,belief_bank_facts,104,4282,27416,2141,2141,1971,25445,10.3071,4097,0.1983993260320135,0.7168949771689498,0.771410854975197,0.31078851864071266,0.7974110353715034,1653.132,10,2026-09-18T18:12:33.378720+00:00
Llama-3.1-8B-Instruct,belief_bank_constraints,attn,3,25878,belief_bank_facts,123,4282,27416,2141,2141,1971,25445,11.5163,4097,0.14356564865570348,0.5580923389142567,0.7288809454333236,0.22838160489982354,0.714759672552064,1666.354,10,2026-09-18T18:12:33.378720+00:00
Llama-3.1-8B-Instruct,belief_bank_constraints,attn,3,25878,belief_bank_facts,420,4282,27416,2141,2141,1971,25445,11.3249,4097,0.12868875278396436,0.9381024860476915,0.5389188794864312,0.2263296407368872,0.8207552346517131,1679.383,10,2026-09-18T18:12:33.378720+00:00
Llama-3.1-8B-Instruct,belief_bank_constraints,attn,3,25878,belief_bank_facts,511,4282,27416,2141,2141,1971,25445,10.5361,4097,0.13231072838177252,0.7483510908168443,0.629085205719288,0.22486470005335774,0.6709899357145499,1691.628,10,2026-09-18T18:12:33.378720+00:00
Llama-3.1-8B-Instruct,belief_bank_constraints,attn,3,25878,belief_bank_facts,mean,0,0,0,0,0,0,10.5248,4097.0,0.1338130124468134,0.8183155758498224,0.5842354829296761,0.22742763990767143,0.7437093834265548,9471.354,10,2026-09-18T18:12:33.378720+00:00
Llama-3.1-8B-Instruct,belief_bank_constraints,attn,3,25878,belief_bank_facts,std,0,0,0,0,0,0,0.738118780414101,0.0,0.026955846783164372,0.13337584760061025,0.1214205814119877,0.03686269709404181,0.05387811522254518,9471.354,10,2026-09-18T18:12:33.378720+00:00
Llama-3.1-8B-Instruct,belief_bank_constraints,attn,3,25878,halu_eval,2,4282,10000,2141,2141,1912,8088,10.9416,4097,0.18603868797308662,0.5784518828451883,0.4355,0.2815323914980272,0.4937601912436007,1703.436,10,2026-09-18T18:12:33.378720+00:00
Llama-3.1-8B-Instruct,belief_bank_constraints,attn,3,25878,halu_eval,4,4282,10000,2141,2141,1912,8088,11.9189,4097,0.19452247191011235,0.2897489539748954,0.6348,0.23277310924369748,0.4912804081877589,1716.224,10,2026-09-18T18:12:33.378720+00:00
Llama-3.1-8B-Instruct,belief_bank_constraints,attn,3,25878,halu_eval,24,4282,10000,2141,2141,1912,8088,10.3054,4097,0.18998978549540346,0.48640167364016734,0.5053,0.2732481269281622,0.4938275724354279,1727.397,10,2026-09-18T18:12:33.378720+00:00
Llama-3.1-8B-Instruct,belief_bank_constraints,attn,3,25878,halu_eval,42,4282,10000,2141,2141,1912,8088,10.4654,4097,0.18902439024390244,0.729602510460251,0.3498,0.30025828669823507,0.498482080224228,1738.723,10,2026-09-18T18:12:33.378720+00:00
Llama-3.1-8B-Instruct,belief_bank_constraints,attn,3,25878,halu_eval,64,4282,10000,2141,2141,1912,8088,11.3306,4097,0.18852311566828567,0.5481171548117155,0.4625,0.2805514656672467,0.49015807808665346,1750.878,10,2026-09-18T18:12:33.378720+00:00
Llama-3.1-8B-Instruct,belief_bank_constraints,attn,3,25878,halu_eval,67,4282,10000,2141,2141,1912,8088,9.9904,4097,0.1909029800582568,0.4456066945606695,0.5329,0.26729411764705885,0.4966786956967086,1761.736,10,2026-09-18T18:12:33.378720+00:00
Llama-3.1-8B-Instruct,belief_bank_constraints,attn,3,25878,halu_eval,104,4282,10000,2141,2141,1912,8088,11.0102,4097,0.19004524886877827,0.5711297071129707,0.4526,0.2851919561243144,0.495324023347777,1773.613,10,2026-09-18T18:12:33.378720+00:00
Llama-3.1-8B-Instruct,belief_bank_constraints,attn,3,25878,halu_eval,123,4282,10000,2141,2141,1912,8088,11.2832,4097,0.18600785735871864,0.6438284518828452,0.3932,0.28862837045720985,0.49320122481159134,1785.765,10,2026-09-18T18:12:33.378720+00:00
Llama-3.1-8B-Instruct,belief_bank_constraints,attn,3,25878,halu_eval,420,4282,10000,2141,2141,1912,8088,11.4336,4097,0.18871350747311078,0.7065899581589958,0.3631,0.2978723404255319,0.48691579472041846,1798.063,10,2026-09-18T18:12:33.378720+00:00
Llama-3.1-8B-Instruct,belief_bank_constraints,attn,3,25878,halu_eval,511,4282,10000,2141,2141,1912,8088,10.729,4097,0.18632583923621804,0.6328451882845189,0.4014,0.28788960266476327,0.4908575297770549,1809.657,10,2026-09-18T18:12:33.378720+00:00
Llama-3.1-8B-Instruct,belief_bank_constraints,attn,3,25878,halu_eval,mean,0,0,0,0,0,0,10.94083,4097.0,0.18900938842858728,0.5632322175732218,0.45311,0.27952397673542473,0.4930485598531219,9471.354,10,2026-09-18T18:12:33.378720+00:00
Llama-3.1-8B-Instruct,belief_bank_constraints,attn,3,25878,halu_eval,std,0,0,0,0,0,0,0.5523936966512203,0.0,0.0024773752645420007,0.12434890433978105,0.08218146323837269,0.018251746631595064,0.003207927937651061,9471.354,10,2026-09-18T18:12:33.378720+00:00
Llama-3.1-8B-Instruct,belief_bank_constraints,attn,4,25878,belief_bank_constraints,2,4282,7764,2141,2141,917,6847,9.6674,4097,0.6765601217656012,0.9694656488549618,0.9416537867078826,0.7969520394441955,0.9842664857799363,1820.896,10,2026-09-18T18:12:33.378720+00:00
Llama-3.1-8B-Instruct,belief_bank_constraints,attn,4,25878,belief_bank_constraints,4,4282,7764,2141,2141,917,6847,12.5664,4097,0.7084988085782367,0.9727371864776445,0.949510561566203,0.8198529411764706,0.9878575163421595,1834.238,10,2026-09-18T18:12:33.378720+00:00
Llama-3.1-8B-Instruct,belief_bank_constraints,attn,4,25878,belief_bank_constraints,24,4282,7764,2141,2141,917,6847,10.3936,4097,0.6911076443057722,0.9661941112322792,0.9450025759917569,0.8058208276489314,0.9870544837393862,1845.399,10,2026-09-18T18:12:33.378720+00:00
Llama-3.1-8B-Instruct,belief_bank_constraints,attn,4,25878,belief_bank_constraints,42,4282,7764,2141,2141,917,6847,9.9812,4097,0.6688938381588716,0.9825517993456925,0.9404945904173106,0.7959363957597173,0.9863417564689754,1856.154,10,2026-09-18T18:12:33.378720+00:00
Llama-3.1-8B-Instruct,belief_bank_constraints,attn,4,25878,belief_bank_constraints,64,4282,7764,2141,2141,917,6847,10.2406,4097,0.691233514352211,0.9716466739367503,0.9453889747552808,0.8077969174977334,0.9852338836437294,1867.171,10,2026-09-18T18:12:33.378720+00:00
Llama-3.1-8B-Instruct,belief_bank_constraints,attn,4,25878,belief_bank_constraints,67,4282,7764,2141,2141,917,6847,8.2865,4097,0.6696629213483146,0.9749182115594329,0.9402369912416281,0.7939609236234458,0.9825731413466389,1876.239,10,2026-09-18T18:12:33.378720+00:00
Llama-3.1-8B-Instruct,belief_bank_constraints,attn,4,25878,belief_bank_constraints,104,4282,7764,2141,2141,917,6847,10.8949,4097,0.6792738275340393,0.9792802617230099,0.9429417825862957,0.8021438142027691,0.9825427210318572,1887.916,10,2026-09-18T18:12:33.378720+00:00
Llama-3.1-8B-Instruct,belief_bank_constraints,attn,4,25878,belief_bank_constraints,123,4282,7764,2141,2141,917,6847,9.4181,4097,0.6802413273001509,0.9836423118865867,0.943456980937661,0.804279982166741,0.9852901054820433,1898.134,10,2026-09-18T18:12:33.378720+00:00
Llama-3.1-8B-Instruct,belief_bank_constraints,attn,4,25878,belief_bank_constraints,420,4282,7764,2141,2141,917,6847,10.7129,4097,0.6808834729626809,0.9749182115594329,0.9430705821741371,0.8017937219730942,0.9854044603826366,1909.626,10,2026-09-18T18:12:33.378720+00:00
Llama-3.1-8B-Instruct,belief_bank_constraints,attn,4,25878,belief_bank_constraints,511,4282,7764,2141,2141,917,6847,10.4664,4097,0.6760456273764258,0.9694656488549618,0.9415249871200412,0.796594982078853,0.9849249024359982,1920.843,10,2026-09-18T18:12:33.378720+00:00
Llama-3.1-8B-Instruct,belief_bank_constraints,attn,4,25878,belief_bank_constraints,mean,0,0,0,0,0,0,10.262800000000002,4097.0,0.6822401103682305,0.9744820065430753,0.9433281813498198,0.8025132545571951,0.985148945665336,9471.354,10,2026-09-18T18:12:33.378720+00:00
Llama-3.1-8B-Instruct,belief_bank_constraints,attn,4,25878,belief_bank_constraints,std,0,0,0,0,0,0,1.0498022347089948,0.0,0.011272136857239011,0.005500335970738721,0.0026295312014785795,0.007250157959284417,0.0016351991299957138,9471.354,10,2026-09-18T18:12:33.378720+00:00
Llama-3.1-8B-Instruct,belief_bank_constraints,attn,4,25878,belief_bank_facts,2,4282,27416,2141,2141,1971,25445,9.8403,4097,0.10702914523634582,0.8868594622019279,0.4599139188794864,0.19100693875320984,0.7583577515555432,1932.358,10,2026-09-18T18:12:33.378720+00:00
Llama-3.1-8B-Instruct,belief_bank_constraints,attn,4,25878,belief_bank_facts,4,4282,27416,2141,2141,1971,25445,12.6566,4097,0.15624409597581712,0.839167935058346,0.6626422526991538,0.26343871943935654,0.7863497626569736,1946.656,10,2026-09-18T18:12:33.378720+00:00
Llama-3.1-8B-Instruct,belief_bank_constraints,attn,4,25878,belief_bank_facts,24,4282,27416,2141,2141,1971,25445,10.4643,4097,0.1212324629119957,0.9162861491628614,0.5164867230814123,0.21413327009722552,0.7109825920532332,1958.826,10,2026-09-18T18:12:33.378720+00:00
Llama-3.1-8B-Instruct,belief_bank_constraints,attn,4,25878,belief_bank_facts,42,4282,27416,2141,2141,1971,25445,10.7006,4097,0.1052810709626184,0.9416539827498731,0.42048438867814414,0.1893877551020408,0.7857134781707523,1971.235,10,2026-09-18T18:12:33.378720+00:00
Llama-3.1-8B-Instruct,belief_bank_constraints,attn,4,25878,belief_bank_facts,64,4282,27416,2141,2141,1971,25445,10.6918,4097,0.12772608857461853,0.8706240487062404,0.563247738546834,0.2227703492145917,0.7917128486855833,1983.632,10,2026-09-18T18:12:33.378720+00:00
Llama-3.1-8B-Instruct,belief_bank_constraints,attn,4,25878,belief_bank_facts,67,4282,27416,2141,2141,1971,25445,9.3837,4097,0.1272955579971747,0.8229325215626585,0.5816676393346951,0.22048528512200094,0.7460562514885968,1994.715,10,2026-09-18T18:12:33.378720+00:00
Llama-3.1-8B-Instruct,belief_bank_constraints,attn,4,25878,belief_bank_facts,104,4282,27416,2141,2141,1971,25445,11.6979,4097,0.1013892000896258,0.9183155758498224,0.40899474759264665,0.1826161529536397,0.7484511663969371,2008.109,10,2026-09-18T18:12:33.378720+00:00
Llama-3.1-8B-Instruct,belief_bank_constraints,attn,4,25878,belief_bank_facts,123,4282,27416,2141,2141,1971,25445,11.0591,4097,0.1418704350587488,0.9066463723997971,0.599029763641669,0.2453490766801675,0.7210640652200072,2020.867,10,2026-09-18T18:12:33.378720+00:00
Llama-3.1-8B-Instruct,belief_bank_constraints,attn,4,25878,belief_bank_facts,420,4282,27416,2141,2141,1971,25445,10.1222,4097,0.11773440814594824,0.8447488584474886,0.5337394222351911,0.20666542543288027,0.7931030897114069,2032.68,10,2026-09-18T18:12:33.378720+00:00
Llama-3.1-8B-Instruct,belief_bank_constraints,attn,4,25878,belief_bank_facts,511,4282,27416,2141,2141,1971,25445,10.3098,4097,0.16455129162311483,0.5591070522577372,0.7642252699153779,0.2542685740655284,0.748822795937039,2044.69,10,2026-09-18T18:12:33.378720+00:00
Llama-3.1-8B-Instruct,belief_bank_constraints,attn,4,25878,belief_bank_facts,mean,0,0,0,0,0,0,10.69263,4097.0,0.12703537565760079,0.8506341958396751,0.551043186460461,0.2190121546860641,0.7590613801876073,9471.354,10,2026-09-18T18:12:33.378720+00:00
Llama-3.1-8B-Instruct,belief_bank_constraints,attn,4,25878,belief_bank_facts,std,0,0,0,0,0,0,0.8925221768113106,0.0,0.020328856836178084,0.10389723210142324,0.10407302415957448,0.02662606563709164,0.027968457322778972,9471.354,10,2026-09-18T18:12:33.378720+00:00
Llama-3.1-8B-Instruct,belief_bank_constraints,attn,4,25878,halu_eval,2,4282,10000,2141,2141,1912,8088,10.051,4097,0.18948235617190717,0.7217573221757322,0.3565,0.300163132137031,0.5001083789611346,2055.559,10,2026-09-18T18:12:33.378720+00:00
Llama-3.1-8B-Instruct,belief_bank_constraints,attn,4,25878,halu_eval,4,4282,10000,2141,2141,1912,8088,12.4685,4097,0.18580301685891748,0.5475941422594143,0.4547,0.27746124287796475,0.4931832802043629,2068.879,10,2026-09-18T18:12:33.378720+00:00
Llama-3.1-8B-Instruct,belief_bank_constraints,attn,4,25878,halu_eval,24,4282,10000,2141,2141,1912,8088,11.4719,4097,0.18949373115378512,0.6244769874476988,0.4175,0.2907585535127237,0.4970488072623733,2081.211,10,2026-09-18T18:12:33.378720+00:00
Llama-3.1-8B-Instruct,belief_bank_constraints,attn,4,25878,halu_eval,42,4282,10000,2141,2141,1912,8088,10.353,4097,0.18780155882716812,0.7939330543933054,0.3041,0.303751875937969,0.49374522123793085,2092.424,10,2026-09-18T18:12:33.378720+00:00
Llama-3.1-8B-Instruct,belief_bank_constraints,attn,4,25878,halu_eval,64,4282,10000,2141,2141,1912,8088,10.1294,4097,0.19170705438879915,0.7447698744769874,0.3508,0.3049250535331906,0.5086446447860149,2103.411,10,2026-09-18T18:12:33.378720+00:00
Llama-3.1-8B-Instruct,belief_bank_constraints,attn,4,25878,halu_eval,67,4282,10000,2141,2141,1912,8088,8.3633,4097,0.19078428278365156,0.6323221757322176,0.4169,0.29312643956843254,0.501889421644339,2112.616,10,2026-09-18T18:12:33.378720+00:00
Llama-3.1-8B-Instruct,belief_bank_constraints,attn,4,25878,halu_eval,104,4282,10000,2141,2141,1912,8088,10.2338,4097,0.1886148007590133,0.5198744769874477,0.4806,0.27680311890838205,0.48827095205873466,2123.677,10,2026-09-18T18:12:33.378720+00:00
Llama-3.1-8B-Instruct,belief_bank_constraints,attn,4,25878,halu_eval,123,4282,10000,2141,2141,1912,8088,9.5032,4097,0.1901015228426396,0.7834728033472803,0.3204,0.3059640522875817,0.49714557881090427,2134.018,10,2026-09-18T18:12:33.378720+00:00
Llama-3.1-8B-Instruct,belief_bank_constraints,attn,4,25878,halu_eval,420,4282,10000,2141,2141,1912,8088,9.8399,4097,0.1886018860188602,0.7217573221757322,0.3531,0.2990573193195362,0.4938614893597209,2144.676,10,2026-09-18T18:12:33.378720+00:00
Llama-3.1-8B-Instruct,belief_bank_constraints,attn,4,25878,halu_eval,511,4282,10000,2141,2141,1912,8088,9.3263,4097,0.18926157377885475,0.7761506276150628,0.3215,0.3043166205270173,0.5056418168452461,2154.86,10,2026-09-18T18:12:33.378720+00:00
Llama-3.1-8B-Instruct,belief_bank_constraints,attn,4,25878,halu_eval,mean,0,0,0,0,0,0,10.17403,4097.0,0.18916517835835966,0.6866108786610878,0.37761,0.2956327408609829,0.49795395911707613,9471.354,10,2026-09-18T18:12:33.378720+00:00
Llama-3.1-8B-Instruct,belief_bank_constraints,attn,4,25878,halu_eval,std,0,0,0,0,0,0,1.0752132384322655,0.0,0.0015479346434854589,0.09418345216872426,0.05768440777194476,0.010399339517856434,0.005881988367196879,9471.354,10,2026-09-18T18:12:33.378720+00:00
Llama-3.1-8B-Instruct,belief_bank_constraints,attn,5,25878,belief_bank_constraints,2,4282,7764,2141,2141,917,6847,9.5649,4097,0.6843702579666161,0.9836423118865867,0.9444873776403916,0.807158836689038,0.9855579157401876,2166.076,10,2026-09-18T18:12:33.378720+00:00
Llama-3.1-8B-Instruct,belief_bank_constraints,attn,5,25878,belief_bank_constraints,4,4282,7764,2141,2141,917,6847,9.2767,4097,0.7117694155324259,0.9694656488549618,0.9500257599175682,0.8208679593721145,0.9876326289889037,2176.135,10,2026-09-18T18:12:33.378720+00:00
Llama-3.1-8B-Instruct,belief_bank_constraints,attn,5,25878,belief_bank_constraints,24,4282,7764,2141,2141,917,6847,10.0019,4097,0.6973478939157566,0.9749182115594329,0.9470633693972179,0.8130968622100955,0.9870968492039511,2186.917,10,2026-09-18T18:12:33.378720+00:00
Llama-3.1-8B-Instruct,belief_bank_constraints,attn,5,25878,belief_bank_constraints,42,4282,7764,2141,2141,917,6847,10.5795,4097,0.6671641791044776,0.9749182115594329,0.9395929933024214,0.7922020381036774,0.9879704378247787,2198.274,10,2026-09-18T18:12:33.378720+00:00
Llama-3.1-8B-Instruct,belief_bank_constraints,attn,5,25878,belief_bank_constraints,64,4282,7764,2141,2141,917,6847,10.0022,4097,0.7007125890736342,0.965103598691385,0.9471921689850592,0.8119266055045872,0.9842760418997631,2209.056,10,2026-09-18T18:12:33.378720+00:00
Llama-3.1-8B-Instruct,belief_bank_constraints,attn,5,25878,belief_bank_constraints,67,4282,7764,2141,2141,917,6847,7.9583,4097,0.6874518860662048,0.9738276990185387,0.9446161772282329,0.805956678700361,0.9826921150384818,2217.794,10,2026-09-18T18:12:33.378720+00:00
Llama-3.1-8B-Instruct,belief_bank_constraints,attn,5,25878,belief_bank_constraints,104,4282,7764,2141,2141,917,6847,9.8481,4097,0.6819923371647509,0.9705561613958561,0.9430705821741371,0.8010801080108011,0.9863845997395322,2228.425,10,2026-09-18T18:12:33.378720+00:00
Llama-3.1-8B-Instruct,belief_bank_constraints,attn,5,25878,belief_bank_constraints,123,4282,7764,2141,2141,917,6847,10.3274,4097,0.7145135566188198,0.9770992366412213,0.9511849562081401,0.8254260709350529,0.986664116244464,2239.533,10,2026-09-18T18:12:33.378720+00:00
Llama-3.1-8B-Instruct,belief_bank_constraints,attn,5,25878,belief_bank_constraints,420,4282,7764,2141,2141,917,6847,9.7944,4097,0.6962323390894819,0.9672846237731734,0.94629057187017,0.8096759470561388,0.9862936573325142,2250.099,10,2026-09-18T18:12:33.378720+00:00
Llama-3.1-8B-Instruct,belief_bank_constraints,attn,5,25878,belief_bank_constraints,511,4282,7764,2141,2141,917,6847,9.4772,4097,0.6972762645914397,0.9770992366412213,0.9471921689850592,0.8138056312443234,0.9825416857855426,2260.321,10,2026-09-18T18:12:33.378720+00:00
Llama-3.1-8B-Instruct,belief_bank_constraints,attn,5,25878,belief_bank_constraints,mean,0,0,0,0,0,0,9.68306,4097.0,0.6938830719123608,0.9733914940021811,0.9460716125708398,0.810119673782619,0.985711004779812,9471.354,10,2026-09-18T18:12:33.378720+00:00
Llama-3.1-8B-Instruct,belief_bank_constraints,attn,5,25878,belief_bank_constraints,std,0,0,0,0,0,0,0.6825092251391185,0.0,0.013447530935409669,0.005165853558266958,0.0031769665711729443,0.00896981475792655,0.0018346855469935804,9471.354,10,2026-09-18T18:12:33.378720+00:00
Llama-3.1-8B-Instruct,belief_bank_constraints,attn,5,25878,belief_bank_facts,2,4282,27416,2141,2141,1971,25445,9.8018,4097,0.15961826347305388,0.8655504819888381,0.6627152028012839,0.26953155857492694,0.8005756987818754,2271.808,10,2026-09-18T18:12:33.378720+00:00
Llama-3.1-8B-Instruct,belief_bank_constraints,attn,5,25878,belief_bank_facts,4,4282,27416,2141,2141,1971,25445,10.9647,4097,0.2737417943107221,0.634703196347032,0.8526772687481763,0.38251031952300873,0.832901496936469,2284.459,10,2026-09-18T18:12:33.378720+00:00
Llama-3.1-8B-Instruct,belief_bank_constraints,attn,5,25878,belief_bank_facts,24,4282,27416,2141,2141,1971,25445,10.5241,4097,0.23539518900343642,0.7645865043125317,0.8045302013422819,0.3599665591783112,0.8148199890752319,2296.674,10,2026-09-18T18:12:33.378720+00:00
Llama-3.1-8B-Instruct,belief_bank_constraints,attn,5,25878,belief_bank_facts,42,4282,27416,2141,2141,1971,25445,9.9185,4097,0.19157894736842104,0.6925418569254186,0.7677998249197548,0.300131926121372,0.8216505711276867,2308.275,10,2026-09-18T18:12:33.378720+00:00
Llama-3.1-8B-Instruct,belief_bank_constraints,attn,5,25878,belief_bank_facts,64,4282,27416,2141,2141,1971,25445,10.0117,4097,0.25269132902720687,0.6549974632166413,0.8359352203093084,0.36468926553672315,0.8465213068367334,2319.982,10,2026-09-18T18:12:33.378720+00:00
Llama-3.1-8B-Instruct,belief_bank_constraints,attn,5,25878,belief_bank_facts,67,4282,27416,2141,2141,1971,25445,7.9711,4097,0.15283327279331638,0.8538812785388128,0.6492194339072075,0.25926211199260574,0.8182382610337614,2329.643,10,2026-09-18T18:12:33.378720+00:00
Llama-3.1-8B-Instruct,belief_bank_constraints,attn,5,25878,belief_bank_facts,104,4282,27416,2141,2141,1971,25445,10.3523,4097,0.17727466894489535,0.8422120750887874,0.707652465713452,0.29289810322011467,0.7901384777644882,2341.69,10,2026-09-18T18:12:33.378720+00:00
Llama-3.1-8B-Instruct,belief_bank_constraints,attn,5,25878,belief_bank_facts,123,4282,27416,2141,2141,1971,25445,9.8195,4097,0.19002644503211183,0.7656012176560122,0.7485409979573971,0.30447941888619856,0.8235897323930337,2353.208,10,2026-09-18T18:12:33.378720+00:00
Llama-3.1-8B-Instruct,belief_bank_constraints,attn,5,25878,belief_bank_facts,420,4282,27416,2141,2141,1971,25445,8.6261,4097,0.1405554887579656,0.5930999492643328,0.7100233440326816,0.22725505443234836,0.7076401195204307,2363.535,10,2026-09-18T18:12:33.378720+00:00
Llama-3.1-8B-Instruct,belief_bank_constraints,attn,5,25878,belief_bank_facts,511,4282,27416,2141,2141,1971,25445,8.551,4097,0.19131503482179435,0.710806697108067,0.7632039684855558,0.3014848289218851,0.8169035610576189,2373.765,10,2026-09-18T18:12:33.378720+00:00
Llama-3.1-8B-Instruct,belief_bank_constraints,attn,5,25878,belief_bank_facts,mean,0,0,0,0,0,0,9.654079999999999,4097.0,0.19650304335329238,0.7377980720446474,0.75022979282171,0.30622091463874945,0.8072979214527327,9471.354,10,2026-09-18T18:12:33.378720+00:00
Llama-3.1-8B-Instruct,belief_bank_constraints,attn,5,25878,belief_bank_facts,std,0,0,0,0,0,0,0.9118725665354783,0.0,0.04182828070154867,0.09131681575641053,0.0652384937461017,0.047068139047985694,0.03633908613315541,9471.354,10,2026-09-18T18:12:33.378720+00:00
Llama-3.1-8B-Instruct,belief_bank_constraints,attn,5,25878,halu_eval,2,4282,10000,2141,2141,1912,8088,8.7696,4097,0.19036697247706422,0.694560669456067,0.3768,0.2988298829882988,0.5001962590376156,2383.364,10,2026-09-18T18:12:33.378720+00:00
Llama-3.1-8B-Instruct,belief_bank_constraints,attn,5,25878,halu_eval,4,4282,10000,2141,2141,1912,8088,9.5072,4097,0.19059842772340768,0.6213389121338913,0.4231,0.29171270718232045,0.5008874335758539,2393.701,10,2026-09-18T18:12:33.378720+00:00
Llama-3.1-8B-Instruct,belief_bank_constraints,attn,5,25878,halu_eval,24,4282,10000,2141,2141,1912,8088,9.476,4097,0.18985507246376812,0.47960251046025104,0.5092,0.2720261050133492,0.5010401405667366,2404.03,10,2026-09-18T18:12:33.378720+00:00
Llama-3.1-8B-Instruct,belief_bank_constraints,attn,5,25878,halu_eval,42,4282,10000,2141,2141,1912,8088,8.8099,4097,0.19200695047784536,0.8091004184100419,0.3125,0.310362122579998,0.5092582856879762,2413.691,10,2026-09-18T18:12:33.378720+00:00
Llama-3.1-8B-Instruct,belief_bank_constraints,attn,5,25878,halu_eval,64,4282,10000,2141,2141,1912,8088,9.397,4097,0.19380403458213258,0.8441422594142259,0.2988,0.315234375,0.5056565281899109,2423.939,10,2026-09-18T18:12:33.378720+00:00
Llama-3.1-8B-Instruct,belief_bank_constraints,attn,5,25878,halu_eval,67,4282,10000,2141,2141,1912,8088,6.9634,4097,0.19065255731922398,0.5653765690376569,0.458,0.28514903719335266,0.49596647261918064,2431.752,10,2026-09-18T18:12:33.378720+00:00
Llama-3.1-8B-Instruct,belief_bank_constraints,attn,5,25878,halu_eval,104,4282,10000,2141,2141,1912,8088,9.4218,4097,0.1960816595324333,0.622907949790795,0.4396,0.29827197595792637,0.5074926333345748,2442.019,10,2026-09-18T18:12:33.378720+00:00
Llama-3.1-8B-Instruct,belief_bank_constraints,attn,5,25878,halu_eval,123,4282,10000,2141,2141,1912,8088,10.6948,4097,0.19723865877712032,0.4707112970711297,0.5325,0.277992277992278,0.5150770266607071,2453.558,10,2026-09-18T18:12:33.378720+00:00
Llama-3.1-8B-Instruct,belief_bank_constraints,attn,5,25878,halu_eval,420,4282,10000,2141,2141,1912,8088,9.9434,4097,0.1931166347992352,0.7923640167364017,0.3273,0.3105462744696116,0.5094914685840689,2464.347,10,2026-09-18T18:12:33.378720+00:00
Llama-3.1-8B-Instruct,belief_bank_constraints,attn,5,25878,halu_eval,511,4282,10000,2141,2141,1912,8088,9.2737,4097,0.19159300018040773,0.555439330543933,0.4669,0.28490945674044266,0.5058206809302691,2474.485,10,2026-09-18T18:12:33.378720+00:00
Llama-3.1-8B-Instruct,belief_bank_constraints,attn,5,25878,halu_eval,mean,0,0,0,0,0,0,9.22568,4097.0,0.19253139683326387,0.6455543933054393,0.41447,0.29450342151175773,0.5050886929186894,9471.354,10,2026-09-18T18:12:33.378720+00:00
Llama-3.1-8B-Instruct,belief_bank_constraints,attn,5,25878,halu_eval,std,0,0,0,0,0,0,0.9156561295595634,0.0,0.0023873473823325195,0.12802254419475093,0.07813429528702488,0.013916711552738287,0.005332598709039119,9471.354,10,2026-09-18T18:12:33.378720+00:00
Llama-3.1-8B-Instruct,belief_bank_constraints,attn,6,25878,belief_bank_constraints,2,4282,7764,2141,2141,917,6847,8.1882,4097,0.70703125,0.9869138495092693,0.9501545595054096,0.8238507055075103,0.9876566785571341,2484.348,10,2026-09-18T18:12:33.378720+00:00
Llama-3.1-8B-Instruct,belief_bank_constraints,attn,6,25878,belief_bank_constraints,4,4282,7764,2141,2141,917,6847,9.7986,4097,0.7297959183673469,0.9749182115594329,0.9544049459041731,0.834733893557423,0.9909681129800935,2494.921,10,2026-09-18T18:12:33.378720+00:00
Llama-3.1-8B-Instruct,belief_bank_constraints,attn,6,25878,belief_bank_constraints,24,4282,7764,2141,2141,917,6847,8.6995,4097,0.7337662337662337,0.9858233369683751,0.9560793405461102,0.8413215449046068,0.9909595124722494,2504.387,10,2026-09-18T18:12:33.378720+00:00
Llama-3.1-8B-Instruct,belief_bank_constraints,attn,6,25878,belief_bank_constraints,42,4282,7764,2141,2141,917,6847,8.1155,4097,0.7066246056782335,0.9770992366412213,0.9493817619783617,0.820137299771167,0.9888083502649195,2513.277,10,2026-09-18T18:12:33.378720+00:00
Llama-3.1-8B-Instruct,belief_bank_constraints,attn,6,25878,belief_bank_constraints,64,4282,7764,2141,2141,917,6847,9.3478,4097,0.7286063569682152,0.9749182115594329,0.9541473467284904,0.8339552238805971,0.9888949924180153,2523.399,10,2026-09-18T18:12:33.378720+00:00
Llama-3.1-8B-Instruct,belief_bank_constraints,attn,6,25878,belief_bank_constraints,67,4282,7764,2141,2141,917,6847,7.8123,4097,0.7210056772100568,0.9694656488549618,0.9520865533230294,0.8269767441860465,0.9844840467746583,2531.986,10,2026-09-18T18:12:33.378720+00:00
Llama-3.1-8B-Instruct,belief_bank_constraints,attn,6,25878,belief_bank_constraints,104,4282,7764,2141,2141,917,6847,9.9013,4097,0.7077045274027005,0.9716466739367503,0.9492529623905204,0.8189338235294118,0.9888183045564056,2542.657,10,2026-09-18T18:12:33.378720+00:00
Llama-3.1-8B-Instruct,belief_bank_constraints,attn,6,25878,belief_bank_constraints,123,4282,7764,2141,2141,917,6847,9.2236,4097,0.712707182320442,0.9847328244274809,0.9513137557959814,0.8269230769230769,0.9880158293939557,2552.651,10,2026-09-18T18:12:33.378720+00:00
Llama-3.1-8B-Instruct,belief_bank_constraints,attn,6,25878,belief_bank_constraints,420,4282,7764,2141,2141,917,6847,8.661,4097,0.7195809830781628,0.9738276990185387,0.9520865533230294,0.8276181649675626,0.9863030541836773,2562.088,10,2026-09-18T18:12:33.378720+00:00
Llama-3.1-8B-Instruct,belief_bank_constraints,attn,6,25878,belief_bank_constraints,511,4282,7764,2141,2141,917,6847,8.0646,4097,0.7169059011164274,0.9803707742639041,0.9519577537351881,0.8281897742975587,0.9873942037992267,2570.927,10,2026-09-18T18:12:33.378720+00:00
Llama-3.1-8B-Instruct,belief_bank_constraints,attn,6,25878,belief_bank_constraints,mean,0,0,0,0,0,0,8.78124,4097.0,0.7183728635907818,0.9779716466739368,0.9520865533230294,0.8282640251524962,0.9882303085400336,9471.354,10,2026-09-18T18:12:33.378720+00:00
Llama-3.1-8B-Instruct,belief_bank_constraints,attn,6,25878,belief_bank_constraints,std,0,0,0,0,0,0,0.712368673089995,0.0,0.009461906550717101,0.005848238899800175,0.002127338776101233,0.006489987390317781,0.0018678520774422149,9471.354,10,2026-09-18T18:12:33.378720+00:00
Llama-3.1-8B-Instruct,belief_bank_constraints,attn,6,25878,belief_bank_facts,2,4282,27416,2141,2141,1971,25445,8.9554,4097,0.15469929110450492,0.6864535768645358,0.7077983659177123,0.2524960343379677,0.7859145066621843,2581.551,10,2026-09-18T18:12:33.378720+00:00
Llama-3.1-8B-Instruct,belief_bank_constraints,attn,6,25878,belief_bank_facts,4,4282,27416,2141,2141,1971,25445,10.692,4097,0.3045507584597433,0.7945205479452054,0.8547928217099504,0.4403205398566006,0.8897089343924716,2593.917,10,2026-09-18T18:12:33.378720+00:00
Llama-3.1-8B-Instruct,belief_bank_constraints,attn,6,25878,belief_bank_facts,24,4282,27416,2141,2141,1971,25445,8.1673,4097,0.1700019813750743,0.8706240487062404,0.6851108841552378,0.2844591794446747,0.7864284233789235,2603.77,10,2026-09-18T18:12:33.378720+00:00
Llama-3.1-8B-Instruct,belief_bank_constraints,attn,6,25878,belief_bank_facts,42,4282,27416,2141,2141,1971,25445,7.4164,4097,0.11496604966979816,0.6270928462709284,0.6261307265830172,0.19430907090080177,0.7072164682253055,2612.857,10,2026-09-18T18:12:33.378720+00:00
Llama-3.1-8B-Instruct,belief_bank_constraints,attn,6,25878,belief_bank_facts,64,4282,27416,2141,2141,1971,25445,8.3991,4097,0.26326091211587394,0.6823947234906139,0.8398745258243362,0.3799435028248588,0.8589246670552845,2622.942,10,2026-09-18T18:12:33.378720+00:00
Llama-3.1-8B-Instruct,belief_bank_constraints,attn,6,25878,belief_bank_facts,67,4282,27416,2141,2141,1971,25445,7.0856,4097,0.1237252549490102,0.4185692541856925,0.7450758681062154,0.19099432804722768,0.7784389066897406,2631.719,10,2026-09-18T18:12:33.378720+00:00
Llama-3.1-8B-Instruct,belief_bank_constraints,attn,6,25878,belief_bank_facts,104,4282,27416,2141,2141,1971,25445,8.3178,4097,0.16706334675942877,0.9259259259259259,0.6627881529034141,0.2830554478480031,0.8303513940943046,2641.726,10,2026-09-18T18:12:33.378720+00:00
Llama-3.1-8B-Instruct,belief_bank_constraints,attn,6,25878,belief_bank_facts,123,4282,27416,2141,2141,1971,25445,7.4888,4097,0.14686380611233898,0.9776763064434297,0.5900933761307265,0.25536708189769414,0.8686896629143807,2650.899,10,2026-09-18T18:12:33.378720+00:00
Llama-3.1-8B-Instruct,belief_bank_constraints,attn,6,25878,belief_bank_facts,420,4282,27416,2141,2141,1971,25445,7.8179,4097,0.10853520060560182,0.5819381024860477,0.6263131018383425,0.1829491985006779,0.6966384654519417,2660.404,10,2026-09-18T18:12:33.378720+00:00
Llama-3.1-8B-Instruct,belief_bank_constraints,attn,6,25878,belief_bank_facts,511,4282,27416,2141,2141,1971,25445,7.27,4097,0.1181394236517996,0.5012683916793506,0.6951415231981325,0.19121347009870332,0.6888711528401755,2669.383,10,2026-09-18T18:12:33.378720+00:00
Llama-3.1-8B-Instruct,belief_bank_constraints,attn,6,25878,belief_bank_facts,mean,0,0,0,0,0,0,8.16103,4097.0,0.16718060248031738,0.7066463723997971,0.7033119346367085,0.265510785375721,0.7891182581704712,9471.354,10,2026-09-18T18:12:33.378720+00:00
Llama-3.1-8B-Instruct,belief_bank_constraints,attn,6,25878,belief_bank_facts,std,0,0,0,0,0,0,1.0095898009092603,0.0,0.06256002083261539,0.17441234055280372,0.0837284697887419,0.08218961346179823,0.06961655261702829,9471.354,10,2026-09-18T18:12:33.378720+00:00
Llama-3.1-8B-Instruct,belief_bank_constraints,attn,6,25878,halu_eval,2,4282,10000,2141,2141,1912,8088,8.3511,4097,0.19129491945477076,0.6459205020920502,0.4102,0.2951720841300191,0.5142619535010284,2678.563,10,2026-09-18T18:12:33.378720+00:00
Llama-3.1-8B-Instruct,belief_bank_constraints,attn,6,25878,halu_eval,4,4282,10000,2141,2141,1912,8088,10.0373,4097,0.19266694549003208,0.7228033472803347,0.3679,0.30423775454045127,0.505378758603065,2689.446,10,2026-09-18T18:12:33.378720+00:00
Llama-3.1-8B-Instruct,belief_bank_constraints,attn,6,25878,halu_eval,24,4282,10000,2141,2141,1912,8088,8.7445,4097,0.19650746896696822,0.4884937238493724,0.5203,0.2802700675168792,0.5147286426194704,2699.029,10,2026-09-18T18:12:33.378720+00:00
Llama-3.1-8B-Instruct,belief_bank_constraints,attn,6,25878,halu_eval,42,4282,10000,2141,2141,1912,8088,8.5424,4097,0.19298014986196924,0.7677824267782427,0.3417,0.3084357600588297,0.5133052634410604,2708.405,10,2026-09-18T18:12:33.378720+00:00
Llama-3.1-8B-Instruct,belief_bank_constraints,attn,6,25878,halu_eval,64,4282,10000,2141,2141,1912,8088,9.3805,4097,0.1905578417924097,0.8718619246861925,0.2674,0.3127579737335835,0.5088180769899309,2718.628,10,2026-09-18T18:12:33.378720+00:00
Llama-3.1-8B-Instruct,belief_bank_constraints,attn,6,25878,halu_eval,67,4282,10000,2141,2141,1912,8088,7.7076,4097,0.19517399868680235,0.6218619246861925,0.4374,0.2971014492753623,0.5099263100662585,2727.181,10,2026-09-18T18:12:33.378720+00:00
Llama-3.1-8B-Instruct,belief_bank_constraints,attn,6,25878,halu_eval,104,4282,10000,2141,2141,1912,8088,9.4932,4097,0.1948108421510364,0.702928870292887,0.3877,0.30507320394960846,0.5113794029276287,2737.516,10,2026-09-18T18:12:33.378720+00:00
Llama-3.1-8B-Instruct,belief_bank_constraints,attn,6,25878,halu_eval,123,4282,10000,2141,2141,1912,8088,9.2499,4097,0.19171653173765107,0.854602510460251,0.2833,0.31317680881648297,0.5140201701265162,2747.616,10,2026-09-18T18:12:33.378720+00:00
Llama-3.1-8B-Instruct,belief_bank_constraints,attn,6,25878,halu_eval,420,4282,10000,2141,2141,1912,8088,9.1621,4097,0.19688179840464104,0.5679916317991632,0.4744,0.2924071082390953,0.5099523701625219,2757.624,10,2026-09-18T18:12:33.378720+00:00
Llama-3.1-8B-Instruct,belief_bank_constraints,attn,6,25878,halu_eval,511,4282,10000,2141,2141,1912,8088,8.616,4097,0.19393394165274386,0.7892259414225942,0.3325,0.3113587124729186,0.506459379617099,2767.085,10,2026-09-18T18:12:33.378720+00:00
Llama-3.1-8B-Instruct,belief_bank_constraints,attn,6,25878,halu_eval,mean,0,0,0,0,0,0,8.92846,4097.0,0.1936524438199025,0.703347280334728,0.38228000000000006,0.30199909227332306,0.5108230328054579,9471.354,10,2026-09-18T18:12:33.378720+00:00
Llama-3.1-8B-Instruct,belief_bank_constraints,attn,6,25878,halu_eval,std,0,0,0,0,0,0,0.6336456000005048,0.0,0.0020644994820976496,0.1173038688645918,0.07662163924114387,0.010094262988968542,0.0031310744310977154,9471.354,10,2026-09-18T18:12:33.378720+00:00
Llama-3.1-8B-Instruct,belief_bank_constraints,attn,7,25878,belief_bank_constraints,2,4282,7764,2141,2141,917,6847,8.9413,4097,0.7005430566330488,0.9847328244274809,0.9484801648634724,0.8186763372620127,0.9878509863269445,2777.602,10,2026-09-18T18:12:33.378720+00:00
Llama-3.1-8B-Instruct,belief_bank_constraints,attn,7,25878,belief_bank_constraints,4,4282,7764,2141,2141,917,6847,8.7535,4097,0.7397831526271893,0.9672846237731734,0.9559505409582689,0.8383742911153119,0.9902599248666005,2787.124,10,2026-09-18T18:12:33.378720+00:00
Llama-3.1-8B-Instruct,belief_bank_constraints,attn,7,25878,belief_bank_constraints,24,4282,7764,2141,2141,917,6847,8.7036,4097,0.7290480065093572,0.9770992366412213,0.9544049459041731,0.8350419384902144,0.9894777564587823,2796.6,10,2026-09-18T18:12:33.378720+00:00
Llama-3.1-8B-Instruct,belief_bank_constraints,attn,7,25878,belief_bank_constraints,42,4282,7764,2141,2141,917,6847,8.9868,4097,0.7183770883054893,0.9847328244274809,0.9526017516743946,0.8307267709291628,0.9893337775867262,2806.368,10,2026-09-18T18:12:33.378720+00:00
Llama-3.1-8B-Instruct,belief_bank_constraints,attn,7,25878,belief_bank_constraints,64,4282,7764,2141,2141,917,6847,9.3068,4097,0.7185483870967742,0.9716466739367503,0.9517001545595054,0.8261474269819193,0.9872753097417157,2816.445,10,2026-09-18T18:12:33.378720+00:00
Llama-3.1-8B-Instruct,belief_bank_constraints,attn,7,25878,belief_bank_constraints,67,4282,7764,2141,2141,917,6847,7.9351,4097,0.7086991221069433,0.9683751363140676,0.9492529623905204,0.8184331797235023,0.983613962064434,2825.151,10,2026-09-18T18:12:33.378720+00:00
Llama-3.1-8B-Instruct,belief_bank_constraints,attn,7,25878,belief_bank_constraints,104,4282,7764,2141,2141,917,6847,8.0082,4097,0.7106719367588933,0.9803707742639041,0.9505409582689336,0.8240146654445463,0.9902788778375904,2833.973,10,2026-09-18T18:12:33.378720+00:00
Llama-3.1-8B-Instruct,belief_bank_constraints,attn,7,25878,belief_bank_constraints,123,4282,7764,2141,2141,917,6847,7.8833,4097,0.7211538461538461,0.9814612868047983,0.9529881504379186,0.8314087759815243,0.9897184114097523,2842.665,10,2026-09-18T18:12:33.378720+00:00
Llama-3.1-8B-Instruct,belief_bank_constraints,attn,7,25878,belief_bank_constraints,420,4282,7764,2141,2141,917,6847,7.1581,4097,0.7224919093851133,0.9738276990185387,0.9527305512622359,0.8295401764979099,0.9892911732191654,2850.616,10,2026-09-18T18:12:33.378720+00:00
Llama-3.1-8B-Instruct,belief_bank_constraints,attn,7,25878,belief_bank_constraints,511,4282,7764,2141,2141,917,6847,7.7918,4097,0.7218649517684887,0.9792802617230099,0.9529881504379186,0.8310967144840352,0.9869703898849109,2859.206,10,2026-09-18T18:12:33.378720+00:00
Llama-3.1-8B-Instruct,belief_bank_constraints,attn,7,25878,belief_bank_constraints,mean,0,0,0,0,0,0,8.34685,4097.0,0.7191181457345144,0.9768811341330427,0.9521638330757343,0.828346027691014,0.9884070569396621,9471.354,10,2026-09-18T18:12:33.378720+00:00
Llama-3.1-8B-Instruct,belief_bank_constraints,attn,7,25878,belief_bank_constraints,std,0,0,0,0,0,0,0.6478698283606052,0.0,0.010365896831414232,0.006028473265467944,0.0021476727817717357,0.006203256686686151,0.0019511840185891956,9471.354,10,2026-09-18T18:12:33.378720+00:00
Llama-3.1-8B-Instruct,belief_bank_constraints,attn,7,25878,belief_bank_facts,2,4282,27416,2141,2141,1971,25445,7.4859,4097,0.16106194690265488,0.6463723997970573,0.7325284505398307,0.2578686367776541,0.7650820469214695,2868.406,10,2026-09-18T18:12:33.378720+00:00
Llama-3.1-8B-Instruct,belief_bank_constraints,attn,7,25878,belief_bank_facts,4,4282,27416,2141,2141,1971,25445,7.7824,4097,0.14968991589499617,0.8939624556062912,0.6272979282170995,0.25644011060980937,0.7813125154592245,2877.886,10,2026-09-18T18:12:33.378720+00:00
Llama-3.1-8B-Instruct,belief_bank_constraints,attn,7,25878,belief_bank_facts,24,4282,27416,2141,2141,1971,25445,7.4703,4097,0.13017999162829635,0.31557584982242515,0.7992048438867815,0.18432360349681434,0.7519951858441807,2887.053,10,2026-09-18T18:12:33.378720+00:00
Llama-3.1-8B-Instruct,belief_bank_constraints,attn,7,25878,belief_bank_facts,42,4282,27416,2141,2141,1971,25445,7.3552,4097,0.14280255993886712,0.7584982242516489,0.6553107674350744,0.24035369774919615,0.7053246130595343,2896.114,10,2026-09-18T18:12:33.378720+00:00
Llama-3.1-8B-Instruct,belief_bank_constraints,attn,7,25878,belief_bank_facts,64,4282,27416,2141,2141,1971,25445,8.6221,4097,0.2655399598968777,0.4703196347031963,0.8683980157572221,0.339436103991212,0.8413458699980529,2906.432,10,2026-09-18T18:12:33.378720+00:00
Llama-3.1-8B-Instruct,belief_bank_constraints,attn,7,25878,belief_bank_facts,67,4282,27416,2141,2141,1971,25445,7.5936,4097,0.17570596145226355,0.39776763064434295,0.8225488765684272,0.24374319912948858,0.7919550120488486,2915.691,10,2026-09-18T18:12:33.378720+00:00
Llama-3.1-8B-Instruct,belief_bank_constraints,attn,7,25878,belief_bank_facts,104,4282,27416,2141,2141,1971,25445,8.852,4097,0.19872687487567137,0.5068493150684932,0.8176247446746425,0.28551014575593026,0.7423965838316425,2926.265,10,2026-09-18T18:12:33.378720+00:00
Llama-3.1-8B-Instruct,belief_bank_constraints,attn,7,25878,belief_bank_facts,123,4282,27416,2141,2141,1971,25445,9.0114,4097,0.19575856443719414,0.365296803652968,0.8464765100671141,0.2549123738714817,0.7952269790524205,2936.999,10,2026-09-18T18:12:33.378720+00:00
Llama-3.1-8B-Instruct,belief_bank_constraints,attn,7,25878,belief_bank_facts,420,4282,27416,2141,2141,1971,25445,8.3054,4097,0.10109642050951306,0.3181126331811263,0.7476291216807703,0.15343203230148048,0.6642962871241969,2947.022,10,2026-09-18T18:12:33.378720+00:00
Llama-3.1-8B-Instruct,belief_bank_constraints,attn,7,25878,belief_bank_facts,511,4282,27416,2141,2141,1971,25445,8.6191,4097,0.1004491629236423,0.2496194824961948,0.7853443244820543,0.14325229291017616,0.7169883431589448,2957.356,10,2026-09-18T18:12:33.378720+00:00
Llama-3.1-8B-Instruct,belief_bank_constraints,attn,7,25878,belief_bank_facts,mean,0,0,0,0,0,0,8.10974,4097.0,0.16210113584599767,0.4922374429223744,0.7702363583309016,0.23592721965932434,0.7555923436498515,9471.354,10,2026-09-18T18:12:33.378720+00:00
Llama-3.1-8B-Instruct,belief_bank_constraints,attn,7,25878,belief_bank_facts,std,0,0,0,0,0,0,0.6054028678491703,0.0,0.04735821226851168,0.20053926933168117,0.07554483036698935,0.05707268233250611,0.04851551104031124,9471.354,10,2026-09-18T18:12:33.378720+00:00
Llama-3.1-8B-Instruct,belief_bank_constraints,attn,7,25878,halu_eval,2,4282,10000,2141,2141,1912,8088,8.6838,4097,0.18621666273306584,0.41265690376569036,0.5429,0.25662709383639615,0.4883188366773028,2966.902,10,2026-09-18T18:12:33.378720+00:00
Llama-3.1-8B-Instruct,belief_bank_constraints,attn,7,25878,halu_eval,4,4282,10000,2141,2141,1912,8088,8.8641,4097,0.18742049469964664,0.6935146443514645,0.3665,0.29509291198397686,0.4846226679123781,2976.628,10,2026-09-18T18:12:33.378720+00:00
Llama-3.1-8B-Instruct,belief_bank_constraints,attn,7,25878,halu_eval,24,4282,10000,2141,2141,1912,8088,8.2681,4097,0.1864302235929067,0.6323221757322176,0.4021,0.28795998570918185,0.4871282847361037,2985.76,10,2026-09-18T18:12:33.378720+00:00
Llama-3.1-8B-Instruct,belief_bank_constraints,attn,7,25878,halu_eval,42,4282,10000,2141,2141,1912,8088,8.5913,4097,0.18719542933960678,0.5826359832635983,0.4365,0.28335241002162026,0.49298524287233736,2995.213,10,2026-09-18T18:12:33.378720+00:00
Llama-3.1-8B-Instruct,belief_bank_constraints,attn,7,25878,halu_eval,64,4282,10000,2141,2141,1912,8088,8.5993,4097,0.1881586737714624,0.8310669456066946,0.2821,0.30684561166360913,0.48792431397928226,3004.677,10,2026-09-18T18:12:33.378720+00:00
Llama-3.1-8B-Instruct,belief_bank_constraints,attn,7,25878,halu_eval,67,4282,10000,2141,2141,1912,8088,7.2789,4097,0.1905240668593691,0.7928870292887029,0.3163,0.3072246428209545,0.4925711912684322,3012.82,10,2026-09-18T18:12:33.378720+00:00
Llama-3.1-8B-Instruct,belief_bank_constraints,attn,7,25878,halu_eval,104,4282,10000,2141,2141,1912,8088,8.8347,4097,0.1884343036978757,0.5010460251046025,0.492,0.27387078330474557,0.4934945787239942,3022.518,10,2026-09-18T18:12:33.378720+00:00
Llama-3.1-8B-Instruct,belief_bank_constraints,attn,7,25878,halu_eval,123,4282,10000,2141,2141,1912,8088,8.2206,4097,0.18595648111066612,0.7285564853556485,0.3383,0.29628841858981175,0.4828465721208961,3031.602,10,2026-09-18T18:12:33.378720+00:00
Llama-3.1-8B-Instruct,belief_bank_constraints,attn,7,25878,halu_eval,420,4282,10000,2141,2141,1912,8088,8.6149,4097,0.18719133343954117,0.6145397489539749,0.4161,0.2869703260471364,0.49286777844339874,3041.079,10,2026-09-18T18:12:33.378720+00:00
Llama-3.1-8B-Instruct,belief_bank_constraints,attn,7,25878,halu_eval,511,4282,10000,2141,2141,1912,8088,8.8476,4097,0.18338748984565395,0.4722803347280335,0.497,0.2641895845523698,0.4901291727193342,3050.792,10,2026-09-18T18:12:33.378720+00:00
Llama-3.1-8B-Instruct,belief_bank_constraints,attn,7,25878,halu_eval,mean,0,0,0,0,0,0,8.48033,4097.0,0.18709151590897943,0.6261506276150628,0.40898,0.28584217685298025,0.489288863945346,9471.354,10,2026-09-18T18:12:33.378720+00:00
Llama-3.1-8B-Instruct,belief_bank_constraints,attn,7,25878,halu_eval,std,0,0,0,0,0,0,0.4527314193868148,0.0,0.0017625007301998402,0.13106861522910823,0.08057177917856848,0.016033343562474368,0.0035550982524627742,9471.354,10,2026-09-18T18:12:33.378720+00:00
Llama-3.1-8B-Instruct,belief_bank_constraints,attn,8,25878,belief_bank_constraints,2,4282,7764,2141,2141,917,6847,6.3914,4097,0.7075471698113207,0.9814612868047983,0.9498969603297269,0.8222932846048424,0.9880019730202069,3058.73,10,2026-09-18T18:12:33.378720+00:00
Llama-3.1-8B-Instruct,belief_bank_constraints,attn,8,25878,belief_bank_constraints,4,4282,7764,2141,2141,917,6847,7.9826,4097,0.7412935323383084,0.9749182115594329,0.9568521380731582,0.8422044276966557,0.9906984711323159,3067.501,10,2026-09-18T18:12:33.378720+00:00
Llama-3.1-8B-Instruct,belief_bank_constraints,attn,8,25878,belief_bank_constraints,24,4282,7764,2141,2141,917,6847,6.6723,4097,0.7548278757346767,0.9803707742639041,0.9600721277691912,0.8529411764705882,0.9926524587338875,3074.961,10,2026-09-18T18:12:33.378720+00:00
Llama-3.1-8B-Instruct,belief_bank_constraints,attn,8,25878,belief_bank_constraints,42,4282,7764,2141,2141,917,6847,6.4404,4097,0.715311004784689,0.9781897491821155,0.9514425553838227,0.8263473053892215,0.9860668587552931,3082.19,10,2026-09-18T18:12:33.378720+00:00
Llama-3.1-8B-Instruct,belief_bank_constraints,attn,8,25878,belief_bank_constraints,64,4282,7764,2141,2141,917,6847,6.4802,4097,0.7572402044293015,0.9694656488549618,0.9596857290056672,0.850310856049737,0.9895310318268163,3089.485,10,2026-09-18T18:12:33.378720+00:00
Llama-3.1-8B-Instruct,belief_bank_constraints,attn,8,25878,belief_bank_constraints,67,4282,7764,2141,2141,917,6847,5.6749,4097,0.733771569433032,0.9738276990185387,0.955177743431221,0.8369259606373008,0.9872174155824319,3095.972,10,2026-09-18T18:12:33.378720+00:00
Llama-3.1-8B-Instruct,belief_bank_constraints,attn,8,25878,belief_bank_constraints,104,4282,7764,2141,2141,917,6847,7.0977,4097,0.7400332225913622,0.9716466739367503,0.9563369397217929,0.8401697312588402,0.9882993276154821,3103.883,10,2026-09-18T18:12:33.378720+00:00
Llama-3.1-8B-Instruct,belief_bank_constraints,attn,8,25878,belief_bank_constraints,123,4282,7764,2141,2141,917,6847,6.876,4097,0.7354149548069022,0.9760087241003271,0.9556929417825863,0.8388003748828491,0.9836166696317182,3111.572,10,2026-09-18T18:12:33.378720+00:00
Llama-3.1-8B-Instruct,belief_bank_constraints,attn,8,25878,belief_bank_constraints,420,4282,7764,2141,2141,917,6847,7.047,4097,0.743142144638404,0.9749182115594329,0.9572385368366821,0.8433962264150944,0.988921112478875,3119.429,10,2026-09-18T18:12:33.378720+00:00
Llama-3.1-8B-Instruct,belief_bank_constraints,attn,8,25878,belief_bank_constraints,511,4282,7764,2141,2141,917,6847,7.4949,4097,0.7322448979591837,0.9781897491821155,0.955177743431221,0.8375350140056023,0.9882545731209602,3127.737,10,2026-09-18T18:12:33.378720+00:00
Llama-3.1-8B-Instruct,belief_bank_constraints,attn,8,25878,belief_bank_constraints,mean,0,0,0,0,0,0,6.81574,4097.0,0.7360826576527181,0.9758996728462378,0.955757341576507,0.8390924357410732,0.9883259891897987,9471.354,10,2026-09-18T18:12:33.378720+00:00
Llama-3.1-8B-Instruct,belief_bank_constraints,attn,8,25878,belief_bank_constraints,std,0,0,0,0,0,0,0.6095126778008805,0.0,0.014689698791667512,0.003565492415326464,0.0030235000257931347,0.00893791111340382,0.002340393189305999,9471.354,10,2026-09-18T18:12:33.378720+00:00
Llama-3.1-8B-Instruct,belief_bank_constraints,attn,8,25878,belief_bank_facts,2,4282,27416,2141,2141,1971,25445,6.8729,4097,0.2209775967413442,0.7706747843734145,0.7881893784651298,0.3434708875070661,0.8253796576194872,3136.332,10,2026-09-18T18:12:33.378720+00:00
Llama-3.1-8B-Instruct,belief_bank_constraints,attn,8,25878,belief_bank_facts,4,4282,27416,2141,2141,1971,25445,8.4987,4097,0.13422498208741343,0.8554033485540334,0.5929384301138022,0.2320396366639141,0.8251575931174959,3146.536,10,2026-09-18T18:12:33.378720+00:00
Llama-3.1-8B-Instruct,belief_bank_constraints,attn,8,25878,belief_bank_facts,24,4282,27416,2141,2141,1971,25445,7.4459,4097,0.1623094688221709,0.8914256722475901,0.6614385760140065,0.27461706783369805,0.8714553998192898,3155.696,10,2026-09-18T18:12:33.378720+00:00
Llama-3.1-8B-Instruct,belief_bank_constraints,attn,8,25878,belief_bank_facts,42,4282,27416,2141,2141,1971,25445,7.8252,4097,0.23333832559532725,0.7904616945712836,0.7982200175080245,0.3603145235892692,0.8406618407466327,3165.226,10,2026-09-18T18:12:33.378720+00:00
Llama-3.1-8B-Instruct,belief_bank_constraints,attn,8,25878,belief_bank_facts,64,4282,27416,2141,2141,1971,25445,7.745,4097,0.35848549946294306,0.6773211567732116,0.8896629705281588,0.4688323090430202,0.8468059011293546,3174.638,10,2026-09-18T18:12:33.378720+00:00
Llama-3.1-8B-Instruct,belief_bank_constraints,attn,8,25878,belief_bank_facts,67,4282,27416,2141,2141,1971,25445,6.3741,4097,0.18110426483025252,0.7605276509386099,0.7355558797782317,0.2925448868071819,0.793300030636806,3182.685,10,2026-09-18T18:12:33.378720+00:00
Llama-3.1-8B-Instruct,belief_bank_constraints,attn,8,25878,belief_bank_facts,104,4282,27416,2141,2141,1971,25445,7.8276,4097,0.08681424446583254,0.4576357179096905,0.6149328859060402,0.1459428848798641,0.6757304954060244,3192.221,10,2026-09-18T18:12:33.378720+00:00
Llama-3.1-8B-Instruct,belief_bank_constraints,attn,8,25878,belief_bank_facts,123,4282,27416,2141,2141,1971,25445,8.3508,4097,0.1293147861926842,0.5093860984271943,0.7181572804201926,0.20626605033384696,0.757612339025917,3202.308,10,2026-09-18T18:12:33.378720+00:00
Llama-3.1-8B-Instruct,belief_bank_constraints,attn,8,25878,belief_bank_facts,420,4282,27416,2141,2141,1971,25445,7.386,4097,0.13771517996870108,0.5357686453576864,0.7254522906332069,0.2191098661686897,0.7507570620928199,3211.449,10,2026-09-18T18:12:33.378720+00:00
Llama-3.1-8B-Instruct,belief_bank_constraints,attn,8,25878,belief_bank_facts,511,4282,27416,2141,2141,1971,25445,7.2239,4097,0.2037243947858473,0.5550481988838153,0.8120440618616867,0.29805203650728784,0.7568860882082793,3220.428,10,2026-09-18T18:12:33.378720+00:00
Llama-3.1-8B-Instruct,belief_bank_constraints,attn,8,25878,belief_bank_facts,mean,0,0,0,0,0,0,7.55501,4097.0,0.18480087429525166,0.680365296803653,0.733659177122848,0.28411901493338376,0.7943746407802108,9471.354,10,2026-09-18T18:12:33.378720+00:00
Llama-3.1-8B-Instruct,belief_bank_constraints,attn,8,25878,belief_bank_facts,std,0,0,0,0,0,0,0.609685358935246,0.0,0.07222443173596123,0.1474286302014584,0.08777719182090474,0.08711773115813513,0.05610599448692584,9471.354,10,2026-09-18T18:12:33.378720+00:00
Llama-3.1-8B-Instruct,belief_bank_constraints,attn,8,25878,halu_eval,2,4282,10000,2141,2141,1912,8088,6.9918,4097,0.1874255775184568,0.41161087866108786,0.5463,0.2575683194239895,0.49617485639140996,3228.318,10,2026-09-18T18:12:33.378720+00:00
Llama-3.1-8B-Instruct,belief_bank_constraints,attn,8,25878,halu_eval,4,4282,10000,2141,2141,1912,8088,8.5075,4097,0.1936957514846962,0.2217573221757322,0.6747,0.20677883443062667,0.503414195936746,3237.717,10,2026-09-18T18:12:33.378720+00:00
Llama-3.1-8B-Instruct,belief_bank_constraints,attn,8,25878,halu_eval,24,4282,10000,2141,2141,1912,8088,7.7258,4097,0.206656346749226,0.13964435146443516,0.733,0.16666666666666666,0.503653231038079,3246.301,10,2026-09-18T18:12:33.378720+00:00
Llama-3.1-8B-Instruct,belief_bank_constraints,attn,8,25878,halu_eval,42,4282,10000,2141,2141,1912,8088,7.5047,4097,0.18318867062585656,0.20972803347280336,0.6701,0.1955620580346257,0.4941831019869304,3254.677,10,2026-09-18T18:12:33.378720+00:00
Llama-3.1-8B-Instruct,belief_bank_constraints,attn,8,25878,halu_eval,64,4282,10000,2141,2141,1912,8088,6.4576,4097,0.18864097363083165,0.4377615062761506,0.5325,0.26366356906599464,0.49614029281460414,3261.986,10,2026-09-18T18:12:33.378720+00:00
Llama-3.1-8B-Instruct,belief_bank_constraints,attn,8,25878,halu_eval,67,4282,10000,2141,2141,1912,8088,5.7372,4097,0.1937786843447221,0.39748953974895396,0.5686,0.26054165238258487,0.5002520651494646,3268.593,10,2026-09-18T18:12:33.378720+00:00
Llama-3.1-8B-Instruct,belief_bank_constraints,attn,8,25878,halu_eval,104,4282,10000,2141,2141,1912,8088,6.7663,4097,0.195850622406639,0.49372384937238495,0.5156,0.28045157456922165,0.5009358031838066,3276.228,10,2026-09-18T18:12:33.378720+00:00
Llama-3.1-8B-Instruct,belief_bank_constraints,attn,8,25878,halu_eval,123,4282,10000,2141,2141,1912,8088,6.9919,4097,0.20070990642142628,0.3253138075313807,0.6233,0.2482538415485931,0.5058730274511751,3284.09,10,2026-09-18T18:12:33.378720+00:00
Llama-3.1-8B-Instruct,belief_bank_constraints,attn,8,25878,halu_eval,420,4282,10000,2141,2141,1912,8088,6.1267,4097,0.18990493435943867,0.4388075313807531,0.5348,0.265086887835703,0.4988875960149651,3291.094,10,2026-09-18T18:12:33.378720+00:00
Llama-3.1-8B-Instruct,belief_bank_constraints,attn,8,25878,halu_eval,511,4282,10000,2141,2141,1912,8088,6.4125,4097,0.1898566117896973,0.3739539748953975,0.5752,0.25184924269108844,0.5016484142528421,3298.39,10,2026-09-18T18:12:33.378720+00:00
Llama-3.1-8B-Instruct,belief_bank_constraints,attn,8,25878,halu_eval,mean,0,0,0,0,0,0,6.922199999999999,4097.0,0.19297080793309904,0.3449790794979079,0.59741,0.2396422646649094,0.5001162584220024,9471.354,10,2026-09-18T18:12:33.378720+00:00
Llama-3.1-8B-Instruct,belief_bank_constraints,attn,8,25878,halu_eval,std,0,0,0,0,0,0,0.77749307778269,0.0,0.006488021355349978,0.1111753451588727,0.07005301492441278,0.03495662550931821,0.003572386659343404,9471.354,10,2026-09-18T18:12:33.378720+00:00
Llama-3.1-8B-Instruct,belief_bank_constraints,attn,9,25878,belief_bank_constraints,2,4282,7764,2141,2141,917,6847,6.6844,4097,0.7265372168284789,0.9792802617230099,0.9540185471406492,0.8341848583372039,0.9874008930831053,3306.686,10,2026-09-18T18:12:33.378720+00:00
Llama-3.1-8B-Instruct,belief_bank_constraints,attn,9,25878,belief_bank_constraints,4,4282,7764,2141,2141,917,6847,6.6315,4097,0.7470686767169179,0.9727371864776445,0.9578825347758887,0.8450971103742302,0.990994312675285,3314.102,10,2026-09-18T18:12:33.378720+00:00
Llama-3.1-8B-Instruct,belief_bank_constraints,attn,9,25878,belief_bank_constraints,24,4282,7764,2141,2141,917,6847,6.8061,4097,0.7383100902379,0.9814612868047983,0.9567233384853169,0.8426966292134831,0.990882028267321,3321.679,10,2026-09-18T18:12:33.378720+00:00
Llama-3.1-8B-Instruct,belief_bank_constraints,attn,9,25878,belief_bank_constraints,42,4282,7764,2141,2141,917,6847,8.0337,4097,0.7257281553398058,0.9781897491821155,0.9537609479649665,0.8332559219693451,0.9899458470616286,3330.472,10,2026-09-18T18:12:33.378720+00:00
Llama-3.1-8B-Instruct,belief_bank_constraints,attn,9,25878,belief_bank_constraints,64,4282,7764,2141,2141,917,6847,7.0923,4097,0.7414225941422594,0.9661941112322792,0.9562081401339516,0.8390151515151515,0.9853923559641894,3338.362,10,2026-09-18T18:12:33.378720+00:00
Llama-3.1-8B-Instruct,belief_bank_constraints,attn,9,25878,belief_bank_constraints,67,4282,7764,2141,2141,917,6847,6.4538,4097,0.7390586292320397,0.9760087241003271,0.9564657393096342,0.8411654135338346,0.9884565257866318,3345.601,10,2026-09-18T18:12:33.378720+00:00
Llama-3.1-8B-Instruct,belief_bank_constraints,attn,9,25878,belief_bank_constraints,104,4282,7764,2141,2141,917,6847,7.3435,4097,0.7303643724696356,0.9836423118865867,0.955177743431221,0.8382899628252788,0.9908589343110731,3353.744,10,2026-09-18T18:12:33.378720+00:00
Llama-3.1-8B-Instruct,belief_bank_constraints,attn,9,25878,belief_bank_constraints,123,4282,7764,2141,2141,917,6847,7.4237,4097,0.7527060782681099,0.9858233369683751,0.9600721277691912,0.8536355051935789,0.9884929983106372,3361.964,10,2026-09-18T18:12:33.378720+00:00
Llama-3.1-8B-Instruct,belief_bank_constraints,attn,9,25878,belief_bank_constraints,420,4282,7764,2141,2141,917,6847,6.939,4097,0.7420965058236273,0.9727371864776445,0.9568521380731582,0.8419065596979708,0.989078151381361,3369.703,10,2026-09-18T18:12:33.378720+00:00
Llama-3.1-8B-Instruct,belief_bank_constraints,attn,9,25878,belief_bank_constraints,511,4282,7764,2141,2141,917,6847,7.102,4097,0.7401315789473685,0.9814612868047983,0.9571097372488409,0.8438818565400844,0.990584514403382,3377.605,10,2026-09-18T18:12:33.378720+00:00
Llama-3.1-8B-Instruct,belief_bank_constraints,attn,9,25878,belief_bank_constraints,mean,0,0,0,0,0,0,7.050999999999999,4097.0,0.7383423898006143,0.9777535441657579,0.9564270994332817,0.8413128969200161,0.9892086561244614,9471.354,10,2026-09-18T18:12:33.378720+00:00
Llama-3.1-8B-Instruct,belief_bank_constraints,attn,9,25878,belief_bank_constraints,std,0,0,0,0,0,0,0.4397739396553642,0.0,0.008196887800213394,0.00562856615073672,0.0017509639587295989,0.00552446328111508,0.0017342332596063368,9471.354,10,2026-09-18T18:12:33.378720+00:00
Llama-3.1-8B-Instruct,belief_bank_constraints,attn,9,25878,belief_bank_facts,2,4282,27416,2141,2141,1971,25445,7.5532,4097,0.1947526432580603,0.7569761542364282,0.7575138605194047,0.30980066445182725,0.8159529427434687,3386.88,10,2026-09-18T18:12:33.378720+00:00
Llama-3.1-8B-Instruct,belief_bank_constraints,attn,9,25878,belief_bank_facts,4,4282,27416,2141,2141,1971,25445,7.7827,4097,0.23519458544839256,0.49365804160324706,0.8481908374671725,0.3185985592665357,0.8161272226015682,3396.38,10,2026-09-18T18:12:33.378720+00:00
Llama-3.1-8B-Instruct,belief_bank_constraints,attn,9,25878,belief_bank_facts,24,4282,27416,2141,2141,1971,25445,6.668,4097,0.2402317434653732,0.9046169457128361,0.7874598774438284,0.37964441605450866,0.8893818892311477,3404.746,10,2026-09-18T18:12:33.378720+00:00
Llama-3.1-8B-Instruct,belief_bank_constraints,attn,9,25878,belief_bank_facts,42,4282,27416,2141,2141,1971,25445,7.9951,4097,0.20146806184600968,0.654490106544901,0.7886635541289758,0.3080964891330308,0.8082177125402239,3414.434,10,2026-09-18T18:12:33.378720+00:00
Llama-3.1-8B-Instruct,belief_bank_constraints,attn,9,25878,belief_bank_facts,64,4282,27416,2141,2141,1971,25445,7.5257,4097,0.2791154791154791,0.5763571790969051,0.8625255325357456,0.37609667273630193,0.8414181102504291,3423.683,10,2026-09-18T18:12:33.378720+00:00
Llama-3.1-8B-Instruct,belief_bank_constraints,attn,9,25878,belief_bank_facts,67,4282,27416,2141,2141,1971,25445,6.4729,4097,0.20589325426241661,0.5636732623033993,0.8123358622702072,0.30161531152436544,0.8243554132683789,3431.878,10,2026-09-18T18:12:33.378720+00:00
Llama-3.1-8B-Instruct,belief_bank_constraints,attn,9,25878,belief_bank_facts,104,4282,27416,2141,2141,1971,25445,7.7851,4097,0.16629554655870446,0.8335870116692035,0.6875911876276627,0.27727617922538184,0.8093765773892395,3441.375,10,2026-09-18T18:12:33.378720+00:00
Llama-3.1-8B-Instruct,belief_bank_constraints,attn,9,25878,belief_bank_facts,123,4282,27416,2141,2141,1971,25445,7.5868,4097,0.18648823656378158,0.8767123287671232,0.7161876276626787,0.30755539734804666,0.8256844704094614,3450.677,10,2026-09-18T18:12:33.378720+00:00
Llama-3.1-8B-Instruct,belief_bank_constraints,attn,9,25878,belief_bank_facts,420,4282,27416,2141,2141,1971,25445,6.14,4097,0.1741194104421684,0.7072552004058853,0.737780857893201,0.2794427182519795,0.7816904059541281,3458.538,10,2026-09-18T18:12:33.378720+00:00
Llama-3.1-8B-Instruct,belief_bank_constraints,attn,9,25878,belief_bank_facts,511,4282,27416,2141,2141,1971,25445,6.1881,4097,0.23233301064859632,0.730593607305936,0.8070834549168369,0.35255233198677927,0.8293038805258284,3466.453,10,2026-09-18T18:12:33.378720+00:00
Llama-3.1-8B-Instruct,belief_bank_constraints,attn,9,25878,belief_bank_facts,mean,0,0,0,0,0,0,7.169760000000001,4097.0,0.21158919716089822,0.7097919837645865,0.7805332652465713,0.32106787399787573,0.8241508624913874,9471.354,10,2026-09-18T18:12:33.378720+00:00
Llama-3.1-8B-Instruct,belief_bank_constraints,attn,9,25878,belief_bank_facts,std,0,0,0,0,0,0,0.6815134425673495,0.0,0.03297214428125089,0.13142966617132726,0.053166651646987466,0.03458801924104071,0.02643636114539704,9471.354,10,2026-09-18T18:12:33.378720+00:00
Llama-3.1-8B-Instruct,belief_bank_constraints,attn,9,25878,halu_eval,2,4282,10000,2141,2141,1912,8088,6.3605,4097,0.19216094346167187,0.2897489539748954,0.6313,0.2310740354535975,0.4973015513969764,3473.684,10,2026-09-18T18:12:33.378720+00:00
Llama-3.1-8B-Instruct,belief_bank_constraints,attn,9,25878,halu_eval,4,4282,10000,2141,2141,1912,8088,6.5315,4097,0.19363514119229044,0.45188284518828453,0.5354,0.27110134923125195,0.5038794947522856,3481.086,10,2026-09-18T18:12:33.378720+00:00
Llama-3.1-8B-Instruct,belief_bank_constraints,attn,9,25878,halu_eval,24,4282,10000,2141,2141,1912,8088,5.786,4097,0.19184247538677918,0.35669456066945604,0.5897,0.24949698189134809,0.5026974786242545,3487.746,10,2026-09-18T18:12:33.378720+00:00
Llama-3.1-8B-Instruct,belief_bank_constraints,attn,9,25878,halu_eval,42,4282,10000,2141,2141,1912,8088,6.5844,4097,0.18578578578578578,0.48535564853556484,0.4949,0.2687128999565658,0.4921156569058349,3495.206,10,2026-09-18T18:12:33.378720+00:00
Llama-3.1-8B-Instruct,belief_bank_constraints,attn,9,25878,halu_eval,64,4282,10000,2141,2141,1912,8088,6.3388,4097,0.19101354123922856,0.4869246861924686,0.5076,0.2743884468022399,0.5014916333511292,3502.42,10,2026-09-18T18:12:33.378720+00:00
Llama-3.1-8B-Instruct,belief_bank_constraints,attn,9,25878,halu_eval,67,4282,10000,2141,2141,1912,8088,5.4833,4097,0.187593423019432,0.5251046025104602,0.4744,0.276431718061674,0.4944405666848764,3508.781,10,2026-09-18T18:12:33.378720+00:00
Llama-3.1-8B-Instruct,belief_bank_constraints,attn,9,25878,halu_eval,104,4282,10000,2141,2141,1912,8088,7.3915,4097,0.1888268156424581,0.35355648535564854,0.586,0.24617625637290605,0.49978185177482837,3517.048,10,2026-09-18T18:12:33.378720+00:00
Llama-3.1-8B-Instruct,belief_bank_constraints,attn,9,25878,halu_eval,123,4282,10000,2141,2141,1912,8088,7.2712,4097,0.18858307849133538,0.38702928870292885,0.5644,0.25359835503769707,0.5020000638892683,3525.193,10,2026-09-18T18:12:33.378720+00:00
Llama-3.1-8B-Instruct,belief_bank_constraints,attn,9,25878,halu_eval,420,4282,10000,2141,2141,1912,8088,6.6859,4097,0.193267944716897,0.4534518828451883,0.5336,0.2710221944357612,0.5015939661112697,3532.751,10,2026-09-18T18:12:33.378720+00:00
Llama-3.1-8B-Instruct,belief_bank_constraints,attn,9,25878,halu_eval,511,4282,10000,2141,2141,1912,8088,6.9792,4097,0.1911094224924012,0.2630753138075314,0.6462,0.22139084507042253,0.5013273189476428,3540.604,10,2026-09-18T18:12:33.378720+00:00
Llama-3.1-8B-Instruct,belief_bank_constraints,attn,9,25878,halu_eval,mean,0,0,0,0,0,0,6.5412300000000005,4097.0,0.19038185714282796,0.40528242677824267,0.5563499999999999,0.2563393082313464,0.49966295824383666,9471.354,10,2026-09-18T18:12:33.378720+00:00
Llama-3.1-8B-Instruct,belief_bank_constraints,attn,9,25878,halu_eval,std,0,0,0,0,0,0,0.5686607249494201,0.0,0.002443220906839355,0.08418242439604466,0.05437978024964793,0.018257694468286338,0.003634804073103096,9471.354,10,2026-09-18T18:12:33.378720+00:00
Llama-3.1-8B-Instruct,belief_bank_constraints,attn,10,25878,belief_bank_constraints,2,4282,7764,2141,2141,917,6847,6.7217,4097,0.7297734627831716,0.9836423118865867,0.9550489438433797,0.8379006038086391,0.9885558297984981,3548.885,10,2026-09-18T18:12:33.378720+00:00
Llama-3.1-8B-Instruct,belief_bank_constraints,attn,10,25878,belief_bank_constraints,4,4282,7764,2141,2141,917,6847,7.3392,4097,0.7689655172413793,0.9727371864776445,0.9622617207624936,0.8589311506981223,0.9890697101421808,3557.007,10,2026-09-18T18:12:33.378720+00:00
Llama-3.1-8B-Instruct,belief_bank_constraints,attn,10,25878,belief_bank_constraints,24,4282,7764,2141,2141,917,6847,5.8359,4097,0.743421052631579,0.9858233369683751,0.9581401339515714,0.8476324425691514,0.9882899307643191,3563.623,10,2026-09-18T18:12:33.378720+00:00
Llama-3.1-8B-Instruct,belief_bank_constraints,attn,10,25878,belief_bank_constraints,42,4282,7764,2141,2141,917,6847,6.8249,4097,0.725,0.9803707742639041,0.9537609479649665,0.8335651367640241,0.9867108615972833,3571.236,10,2026-09-18T18:12:33.378720+00:00
Llama-3.1-8B-Instruct,belief_bank_constraints,attn,10,25878,belief_bank_constraints,64,4282,7764,2141,2141,917,6847,6.4218,4097,0.7419620774938169,0.9814612868047983,0.9574961360123647,0.8450704225352113,0.9874515405181871,3578.447,10,2026-09-18T18:12:33.378720+00:00
Llama-3.1-8B-Instruct,belief_bank_constraints,attn,10,25878,belief_bank_constraints,67,4282,7764,2141,2141,917,6847,6.1193,4097,0.7456503728251864,0.9814612868047983,0.9582689335394127,0.847457627118644,0.9875155665210261,3585.36,10,2026-09-18T18:12:33.378720+00:00
Llama-3.1-8B-Instruct,belief_bank_constraints,attn,10,25878,belief_bank_constraints,104,4282,7764,2141,2141,917,6847,6.8954,4097,0.7302363488182559,0.9770992366412213,0.9546625450798557,0.835820895522388,0.9885280374166687,3593.044,10,2026-09-18T18:12:33.378720+00:00
Llama-3.1-8B-Instruct,belief_bank_constraints,attn,10,25878,belief_bank_constraints,123,4282,7764,2141,2141,917,6847,6.4212,4097,0.7460711331679074,0.9836423118865867,0.9585265327150954,0.8485418626528692,0.9846911756719028,3600.258,10,2026-09-18T18:12:33.378720+00:00
Llama-3.1-8B-Instruct,belief_bank_constraints,attn,10,25878,belief_bank_constraints,420,4282,7764,2141,2141,917,6847,6.3734,4097,0.7300163132137031,0.9760087241003271,0.9545337454920144,0.8352776481567895,0.9893747096333174,3607.421,10,2026-09-18T18:12:33.378720+00:00
Llama-3.1-8B-Instruct,belief_bank_constraints,attn,10,25878,belief_bank_constraints,511,4282,7764,2141,2141,917,6847,6.3121,4097,0.7304907481898633,0.990185387131952,0.9556929417825863,0.8407407407407408,0.9865182261484425,3614.523,10,2026-09-18T18:12:33.378720+00:00
Llama-3.1-8B-Instruct,belief_bank_constraints,attn,10,25878,belief_bank_constraints,mean,0,0,0,0,0,0,6.52649,4097.0,0.7391587026364863,0.9812431842966193,0.9568392581143741,0.8430938530566578,0.9876705588211825,9471.354,10,2026-09-18T18:12:33.378720+00:00
Llama-3.1-8B-Instruct,belief_bank_constraints,attn,10,25878,belief_bank_constraints,std,0,0,0,0,0,0,0.4071745877384787,0.0,0.012374461266695029,0.004798255179934569,0.0024589929416332125,0.007492271556184851,0.0013402221901267425,9471.354,10,2026-09-18T18:12:33.378720+00:00
Llama-3.1-8B-Instruct,belief_bank_constraints,attn,10,25878,belief_bank_facts,2,4282,27416,2141,2141,1971,25445,6.6411,4097,0.16802800466744458,0.730593607305936,0.7205646337904873,0.27321885969073145,0.7747443651157544,3622.876,10,2026-09-18T18:12:33.378720+00:00
Llama-3.1-8B-Instruct,belief_bank_constraints,attn,10,25878,belief_bank_facts,4,4282,27416,2141,2141,1971,25445,7.336,4097,0.1880031160737471,0.7346524606798579,0.7528085789320105,0.29939005479168823,0.8142118888552912,3631.919,10,2026-09-18T18:12:33.378720+00:00
Llama-3.1-8B-Instruct,belief_bank_constraints,attn,10,25878,belief_bank_facts,24,4282,27416,2141,2141,1971,25445,4.7125,4097,0.17686808343942806,0.9162861491628614,0.6874088123723373,0.29650303726810046,0.8499118431642787,3638.354,10,2026-09-18T18:12:33.378720+00:00
Llama-3.1-8B-Instruct,belief_bank_constraints,attn,10,25878,belief_bank_facts,42,4282,27416,2141,2141,1971,25445,6.1201,4097,0.18008722476332306,0.8589548452562151,0.7087102421943391,0.29774885684136476,0.7944680177368462,3646.191,10,2026-09-18T18:12:33.378720+00:00
Llama-3.1-8B-Instruct,belief_bank_constraints,attn,10,25878,belief_bank_facts,64,4282,27416,2141,2141,1971,25445,5.4731,4097,0.18584625019571002,0.602232369355657,0.7817332944266122,0.2840392438382388,0.803237212722619,3653.386,10,2026-09-18T18:12:33.378720+00:00
Llama-3.1-8B-Instruct,belief_bank_constraints,attn,10,25878,belief_bank_facts,67,4282,27416,2141,2141,1971,25445,4.9579,4097,0.12585365853658537,0.3272450532724505,0.7882258535161949,0.18179255918827508,0.761056302832414,3660.021,10,2026-09-18T18:12:33.378720+00:00
Llama-3.1-8B-Instruct,belief_bank_constraints,attn,10,25878,belief_bank_facts,104,4282,27416,2141,2141,1971,25445,6.0491,4097,0.16265492164293763,0.8056823947234906,0.6878465129851182,0.27066643940685187,0.7903613996583791,3667.809,10,2026-09-18T18:12:33.378720+00:00
Llama-3.1-8B-Instruct,belief_bank_constraints,attn,10,25878,belief_bank_facts,123,4282,27416,2141,2141,1971,25445,5.6242,4097,0.16297000422475708,0.7828513444951801,0.6953238984534579,0.2697788268205263,0.7725873963988942,3675.132,10,2026-09-18T18:12:33.378720+00:00
Llama-3.1-8B-Instruct,belief_bank_constraints,attn,10,25878,belief_bank_facts,420,4282,27416,2141,2141,1971,25445,5.5179,4097,0.1633181441590721,0.8001014713343481,0.6909468923256492,0.2712651586823772,0.801013666527789,3682.397,10,2026-09-18T18:12:33.378720+00:00
Llama-3.1-8B-Instruct,belief_bank_constraints,attn,10,25878,belief_bank_facts,511,4282,27416,2141,2141,1971,25445,5.4964,4097,0.06811594202898551,0.19076610857432774,0.7541946308724832,0.10038713122413563,0.6811434896189281,3689.645,10,2026-09-18T18:12:33.378720+00:00
Llama-3.1-8B-Instruct,belief_bank_constraints,attn,10,25878,belief_bank_facts,mean,0,0,0,0,0,0,5.79283,4097.0,0.15817453497319905,0.6749365804160325,0.726776334986869,0.254479016775229,0.7842735582631193,9471.354,10,2026-09-18T18:12:33.378720+00:00
Llama-3.1-8B-Instruct,belief_bank_constraints,attn,10,25878,belief_bank_facts,std,0,0,0,0,0,0,0.7370249128082442,0.0,0.03436115537809082,0.2244501475756962,0.03732165314689982,0.0605688113951394,0.041698623748088214,9471.354,10,2026-09-18T18:12:33.378720+00:00
Llama-3.1-8B-Instruct,belief_bank_constraints,attn,10,25878,halu_eval,2,4282,10000,2141,2141,1912,8088,6.3817,4097,0.19435312318700446,0.5256276150627615,0.4927,0.28377806014400675,0.5083438867023412,3696.904,10,2026-09-18T18:12:33.378720+00:00
Llama-3.1-8B-Instruct,belief_bank_constraints,attn,10,25878,halu_eval,4,4282,10000,2141,2141,1912,8088,7.565,4097,0.19372952737482452,0.4330543933054393,0.547,0.2677012609117362,0.5019628167045347,3705.349,10,2026-09-18T18:12:33.378720+00:00
Llama-3.1-8B-Instruct,belief_bank_constraints,attn,10,25878,halu_eval,24,4282,10000,2141,2141,1912,8088,5.5479,4097,0.19540906415538553,0.5209205020920502,0.4983,0.28420602083036095,0.5064610285810064,3711.774,10,2026-09-18T18:12:33.378720+00:00
Llama-3.1-8B-Instruct,belief_bank_constraints,attn,10,25878,halu_eval,42,4282,10000,2141,2141,1912,8088,6.8397,4097,0.19360961720974376,0.6401673640167364,0.4214,0.2973038620354627,0.5048158799233536,3719.49,10,2026-09-18T18:12:33.378720+00:00
Llama-3.1-8B-Instruct,belief_bank_constraints,attn,10,25878,halu_eval,64,4282,10000,2141,2141,1912,8088,6.4129,4097,0.19447691408533022,0.6961297071129707,0.3906,0.30402010050251255,0.5040043956851206,3726.773,10,2026-09-18T18:12:33.378720+00:00
Llama-3.1-8B-Instruct,belief_bank_constraints,attn,10,25878,halu_eval,67,4282,10000,2141,2141,1912,8088,5.8908,4097,0.19046949676693842,0.7086820083682008,0.3684,0.30024374030578327,0.501015891097509,3733.532,10,2026-09-18T18:12:33.378720+00:00
Llama-3.1-8B-Instruct,belief_bank_constraints,attn,10,25878,halu_eval,104,4282,10000,2141,2141,1912,8088,6.7884,4097,0.1962526247779034,0.6354602510460251,0.4327,0.2998889300259163,0.5117156622342517,3741.196,10,2026-09-18T18:12:33.378720+00:00
Llama-3.1-8B-Instruct,belief_bank_constraints,attn,10,25878,halu_eval,123,4282,10000,2141,2141,1912,8088,6.4523,4097,0.19132196924544045,0.8394351464435147,0.2909,0.31162023104552955,0.5123461807667954,3748.493,10,2026-09-18T18:12:33.378720+00:00
Llama-3.1-8B-Instruct,belief_bank_constraints,attn,10,25878,halu_eval,420,4282,10000,2141,2141,1912,8088,6.2945,4097,0.19189053896212246,0.6014644351464435,0.4395,0.290955091714105,0.4945950196375435,3755.626,10,2026-09-18T18:12:33.378720+00:00
Llama-3.1-8B-Instruct,belief_bank_constraints,attn,10,25878,halu_eval,511,4282,10000,2141,2141,1912,8088,6.7859,4097,0.20750782064650677,0.520397489539749,0.5283,0.29670493514238855,0.5245026983516051,3763.245,10,2026-09-18T18:12:33.378720+00:00
Llama-3.1-8B-Instruct,belief_bank_constraints,attn,10,25878,halu_eval,mean,0,0,0,0,0,0,6.495909999999999,4097.0,0.19490206964112,0.6121338912133891,0.44098,0.29364222326578016,0.5069763459684061,9471.354,10,2026-09-18T18:12:33.378720+00:00
Llama-3.1-8B-Instruct,belief_bank_constraints,attn,10,25878,halu_eval,std,0,0,0,0,0,0,0.5251735969182,0.0,0.004539245832659212,0.11214935609651477,0.07457190892018255,0.011843969389904134,0.007668538541571327,9471.354,10,2026-09-18T18:12:33.378720+00:00
Llama-3.1-8B-Instruct,belief_bank_constraints,attn,11,25878,belief_bank_constraints,2,4282,7764,2141,2141,917,6847,6.6542,4097,0.7254428341384863,0.9825517993456925,0.9540185471406492,0.8346456692913385,0.986054674702514,3771.517,10,2026-09-18T18:12:33.378720+00:00
Llama-3.1-8B-Instruct,belief_bank_constraints,attn,11,25878,belief_bank_constraints,4,4282,7764,2141,2141,917,6847,6.5512,4097,0.7839020122484689,0.9770992366412213,0.9654817104585265,0.8699029126213592,0.9901938283711325,3778.839,10,2026-09-18T18:12:33.378720+00:00
Llama-3.1-8B-Instruct,belief_bank_constraints,attn,11,25878,belief_bank_constraints,24,4282,7764,2141,2141,917,6847,6.3999,4097,0.7600671140939598,0.9880043620501636,0.9617465224111282,0.8591749644381224,0.9892038143570825,3786.005,10,2026-09-18T18:12:33.378720+00:00
Llama-3.1-8B-Instruct,belief_bank_constraints,attn,11,25878,belief_bank_constraints,42,4282,7764,2141,2141,917,6847,6.5727,4097,0.7535624476110645,0.9803707742639041,0.9598145285935085,0.852132701421801,0.9886549745417004,3793.346,10,2026-09-18T18:12:33.378720+00:00
Llama-3.1-8B-Instruct,belief_bank_constraints,attn,11,25878,belief_bank_constraints,64,4282,7764,2141,2141,917,6847,6.7657,4097,0.7538200339558574,0.9683751363140676,0.9589129314786192,0.8477326968973747,0.9874249426513357,3800.886,10,2026-09-18T18:12:33.378720+00:00
Llama-3.1-8B-Instruct,belief_bank_constraints,attn,11,25878,belief_bank_constraints,67,4282,7764,2141,2141,917,6847,5.5629,4097,0.7475165562913907,0.9847328244274809,0.9589129314786192,0.8498823529411764,0.9886404810932966,3807.224,10,2026-09-18T18:12:33.378720+00:00
Llama-3.1-8B-Instruct,belief_bank_constraints,attn,11,25878,belief_bank_constraints,104,4282,7764,2141,2141,917,6847,5.5315,4097,0.7472984206151289,0.9803707742639041,0.9585265327150954,0.8481132075471698,0.9885511313729166,3813.533,10,2026-09-18T18:12:33.378720+00:00
Llama-3.1-8B-Instruct,belief_bank_constraints,attn,11,25878,belief_bank_constraints,123,4282,7764,2141,2141,917,6847,5.2797,4097,0.7531276063386155,0.9847328244274809,0.9600721277691912,0.8534971644612477,0.986595152913048,3819.605,10,2026-09-18T18:12:33.378720+00:00
Llama-3.1-8B-Instruct,belief_bank_constraints,attn,11,25878,belief_bank_constraints,420,4282,7764,2141,2141,917,6847,4.7169,4097,0.7633587786259542,0.9814612868047983,0.9618753219989696,0.8587786259541985,0.9911697471084375,3825.112,10,2026-09-18T18:12:33.378720+00:00
Llama-3.1-8B-Instruct,belief_bank_constraints,attn,11,25878,belief_bank_constraints,511,4282,7764,2141,2141,917,6847,5.675,4097,0.7562604340567612,0.9880043620501636,0.9609737248840804,0.8567375886524823,0.9884773899815869,3831.578,10,2026-09-18T18:12:33.378720+00:00
Llama-3.1-8B-Instruct,belief_bank_constraints,attn,11,25878,belief_bank_constraints,mean,0,0,0,0,0,0,5.97097,4097.0,0.7544356237975688,0.9815703380588877,0.9600334878928386,0.8530597884226271,0.9884966137093049,9471.354,10,2026-09-18T18:12:33.378720+00:00
Llama-3.1-8B-Instruct,belief_bank_constraints,attn,11,25878,belief_bank_constraints,std,0,0,0,0,0,0,0.6692476986138989,0.0,0.013875091602177553,0.00548409638415712,0.002791149773661564,0.008777190677658888,0.0014595385698206915,9471.354,10,2026-09-18T18:12:33.378720+00:00
Llama-3.1-8B-Instruct,belief_bank_constraints,attn,11,25878,belief_bank_facts,2,4282,27416,2141,2141,1971,25445,5.3523,4097,0.17321188591906825,0.5885337392186707,0.7684563758389261,0.26765113059529305,0.7683358093016851,3838.647,10,2026-09-18T18:12:33.378720+00:00
Llama-3.1-8B-Instruct,belief_bank_constraints,attn,11,25878,belief_bank_facts,4,4282,27416,2141,2141,1971,25445,5.5968,4097,0.12515176042088225,0.6276002029426687,0.6578275459585643,0.20868831716575284,0.7001740106769219,3845.959,10,2026-09-18T18:12:33.378720+00:00
Llama-3.1-8B-Instruct,belief_bank_constraints,attn,11,25878,belief_bank_facts,24,4282,27416,2141,2141,1971,25445,5.3145,4097,0.17708575412502905,0.7732115677321156,0.7253793405310768,0.2881724496549116,0.7912394487209359,3852.997,10,2026-09-18T18:12:33.378720+00:00
Llama-3.1-8B-Instruct,belief_bank_constraints,attn,11,25878,belief_bank_facts,42,4282,27416,2141,2141,1971,25445,5.4941,4097,0.15538321167883212,0.8640284119736175,0.652575138605194,0.2633980357280953,0.8329367497010842,3860.217,10,2026-09-18T18:12:33.378720+00:00
Llama-3.1-8B-Instruct,belief_bank_constraints,attn,11,25878,belief_bank_facts,64,4282,27416,2141,2141,1971,25445,6.3175,4097,0.1596727368698865,0.6139015728056824,0.7399693609571053,0.2534296785003665,0.7382117536665217,3868.255,10,2026-09-18T18:12:33.378720+00:00
Llama-3.1-8B-Instruct,belief_bank_constraints,attn,11,25878,belief_bank_facts,67,4282,27416,2141,2141,1971,25445,5.3547,4097,0.12213671344499774,0.6844241501775749,0.6236504231105924,0.20728334357713582,0.6808510192844387,3875.32,10,2026-09-18T18:12:33.378720+00:00
Llama-3.1-8B-Instruct,belief_bank_constraints,attn,11,25878,belief_bank_facts,104,4282,27416,2141,2141,1971,25445,6.3533,4097,0.1288135593220339,0.732623033992897,0.6245622993872192,0.21910325468477354,0.7278535124006285,3883.38,10,2026-09-18T18:12:33.378720+00:00
Llama-3.1-8B-Instruct,belief_bank_constraints,attn,11,25878,belief_bank_facts,123,4282,27416,2141,2141,1971,25445,6.0012,4097,0.1381013998353135,0.595636732623034,0.7036766851473593,0.22421695951107715,0.7108847098012556,3891.088,10,2026-09-18T18:12:33.378720+00:00
Llama-3.1-8B-Instruct,belief_bank_constraints,attn,11,25878,belief_bank_facts,420,4282,27416,2141,2141,1971,25445,5.8091,4097,0.1414614288622023,0.7052257737189244,0.6711044645462504,0.2356531321522421,0.7279281952229513,3898.596,10,2026-09-18T18:12:33.378720+00:00
Llama-3.1-8B-Instruct,belief_bank_constraints,attn,11,25878,belief_bank_facts,511,4282,27416,2141,2141,1971,25445,6.732,4097,0.17953116066323613,0.6372399797057331,0.7645535453749636,0.28013828482212555,0.7865688561963364,3906.979,10,2026-09-18T18:12:33.378720+00:00
Llama-3.1-8B-Instruct,belief_bank_constraints,attn,11,25878,belief_bank_facts,mean,0,0,0,0,0,0,5.8325499999999995,4097.0,0.15005496111414818,0.6822425164890917,0.6931755179457251,0.24477345863917735,0.746498406497276,9471.354,10,2026-09-18T18:12:33.378720+00:00
Llama-3.1-8B-Instruct,belief_bank_constraints,attn,11,25878,belief_bank_facts,std,0,0,0,0,0,0,0.473481049779186,0.0,0.020794654777693267,0.08387851830493623,0.0519861219052342,0.028198744272585258,0.0447670403997634,9471.354,10,2026-09-18T18:12:33.378720+00:00
Llama-3.1-8B-Instruct,belief_bank_constraints,attn,11,25878,halu_eval,2,4282,10000,2141,2141,1912,8088,6.1127,4097,0.19173479672975696,0.895397489539749,0.2583,0.31583802232266395,0.5018326132210952,3913.935,10,2026-09-18T18:12:33.378720+00:00
Llama-3.1-8B-Instruct,belief_bank_constraints,attn,11,25878,halu_eval,4,4282,10000,2141,2141,1912,8088,6.5518,4097,0.1931305655140511,0.8734309623430963,0.2781,0.31631783312813716,0.5041018785514155,3921.305,10,2026-09-18T18:12:33.378720+00:00
Llama-3.1-8B-Instruct,belief_bank_constraints,attn,11,25878,halu_eval,24,4282,10000,2141,2141,1912,8088,6.3357,4097,0.1916364062316973,0.8556485355648535,0.2823,0.31314001339841135,0.5024480324174664,3928.494,10,2026-09-18T18:12:33.378720+00:00
Llama-3.1-8B-Instruct,belief_bank_constraints,attn,11,25878,halu_eval,42,4282,10000,2141,2141,1912,8088,6.8344,4097,0.19085379100586575,0.9189330543933054,0.2396,0.3160640402950171,0.4967765665545113,3936.172,10,2026-09-18T18:12:33.378720+00:00
Llama-3.1-8B-Instruct,belief_bank_constraints,attn,11,25878,halu_eval,64,4282,10000,2141,2141,1912,8088,6.7382,4097,0.189621409921671,0.9116108786610879,0.2382,0.31394092219020175,0.4970966918809414,3943.77,10,2026-09-18T18:12:33.378720+00:00
Llama-3.1-8B-Instruct,belief_bank_constraints,attn,11,25878,halu_eval,67,4282,10000,2141,2141,1912,8088,5.4795,4097,0.19002074210647615,0.8624476987447699,0.2708,0.3114258734655335,0.4982214469289696,3950.082,10,2026-09-18T18:12:33.378720+00:00
Llama-3.1-8B-Instruct,belief_bank_constraints,attn,11,25878,halu_eval,104,4282,10000,2141,2141,1912,8088,6.4425,4097,0.1913648409893993,0.9063807531380753,0.2498,0.3160102115244347,0.5005305460540747,3957.357,10,2026-09-18T18:12:33.378720+00:00
Llama-3.1-8B-Instruct,belief_bank_constraints,attn,11,25878,halu_eval,123,4282,10000,2141,2141,1912,8088,6.5857,4097,0.19252975138447037,0.854602510460251,0.2869,0.31426098663333013,0.5000912103369215,3964.766,10,2026-09-18T18:12:33.378720+00:00
Llama-3.1-8B-Instruct,belief_bank_constraints,attn,11,25878,halu_eval,420,4282,10000,2141,2141,1912,8088,5.6607,4097,0.19045480067377876,0.8870292887029289,0.2575,0.3135804751779606,0.5011507504790402,3971.295,10,2026-09-18T18:12:33.378720+00:00
Llama-3.1-8B-Instruct,belief_bank_constraints,attn,11,25878,halu_eval,511,4282,10000,2141,2141,1912,8088,7.1928,4097,0.18999738835205016,0.7609832635983264,0.334,0.30407523510971785,0.4961165930000124,3979.363,10,2026-09-18T18:12:33.378720+00:00
Llama-3.1-8B-Instruct,belief_bank_constraints,attn,11,25878,halu_eval,mean,0,0,0,0,0,0,6.3934,4097.0,0.19113444929092166,0.8726464435146444,0.26955,0.31346536132454084,0.49983663294244474,9471.354,10,2026-09-18T18:12:33.378720+00:00
Llama-3.1-8B-Instruct,belief_bank_constraints,attn,11,25878,halu_eval,std,0,0,0,0,0,0,0.497098917721614,0.0,0.0010936195307778862,0.04325617359183347,0.026895547958723582,0.0034685410741749395,0.0025414110431509827,9471.354,10,2026-09-18T18:12:33.378720+00:00
Llama-3.1-8B-Instruct,belief_bank_constraints,attn,12,25878,belief_bank_constraints,2,4282,7764,2141,2141,917,6847,5.1583,4097,0.7448389760528489,0.9836423118865867,0.9582689335394127,0.8477443609022557,0.9868463195958271,3986.262,10,2026-09-18T18:12:33.378720+00:00
Llama-3.1-8B-Instruct,belief_bank_constraints,attn,12,25878,belief_bank_constraints,4,4282,7764,2141,2141,917,6847,5.9817,4097,0.7987588652482269,0.9825517993456925,0.9687017001545595,0.8811735941320293,0.9902989456892264,3993.03,10,2026-09-18T18:12:33.378720+00:00
Llama-3.1-8B-Instruct,belief_bank_constraints,attn,12,25878,belief_bank_constraints,24,4282,7764,2141,2141,917,6847,4.7781,4097,0.788879235447437,0.990185387131952,0.9675425038639877,0.8781431334622823,0.9915785101340262,3998.601,10,2026-09-18T18:12:33.378720+00:00
Llama-3.1-8B-Instruct,belief_bank_constraints,attn,12,25878,belief_bank_constraints,42,4282,7764,2141,2141,917,6847,4.8897,4097,0.7790294627383015,0.9803707742639041,0.9648377125193199,0.8681796233703525,0.9912050251174646,4004.284,10,2026-09-18T18:12:33.378720+00:00
Llama-3.1-8B-Instruct,belief_bank_constraints,attn,12,25878,belief_bank_constraints,64,4282,7764,2141,2141,917,6847,5.0607,4097,0.7775847089487402,0.9760087241003271,0.9641937145801134,0.8655705996131529,0.9870546430080499,4010.133,10,2026-09-18T18:12:33.378720+00:00
Llama-3.1-8B-Instruct,belief_bank_constraints,attn,12,25878,belief_bank_constraints,67,4282,7764,2141,2141,917,6847,4.8897,4097,0.764855687606112,0.9825517993456925,0.9622617207624936,0.8601431980906922,0.9894159602172361,4015.818,10,2026-09-18T18:12:33.378720+00:00
Llama-3.1-8B-Instruct,belief_bank_constraints,attn,12,25878,belief_bank_constraints,104,4282,7764,2141,2141,917,6847,5.1771,4097,0.7586497890295358,0.9803707742639041,0.9608449252962391,0.8553758325404377,0.9899582700174033,4021.773,10,2026-09-18T18:12:33.378720+00:00
Llama-3.1-8B-Instruct,belief_bank_constraints,attn,12,25878,belief_bank_constraints,123,4282,7764,2141,2141,917,6847,4.9686,4097,0.754180602006689,0.9836423118865867,0.9602009273570324,0.8537624230951254,0.9871325253846378,4027.544,10,2026-09-18T18:12:33.378720+00:00
Llama-3.1-8B-Instruct,belief_bank_constraints,attn,12,25878,belief_bank_constraints,420,4282,7764,2141,2141,917,6847,5.5266,4097,0.7691652470187393,0.9847328244274809,0.9632921174652241,0.8637015781922525,0.9903697406102762,4033.872,10,2026-09-18T18:12:33.378720+00:00
Llama-3.1-8B-Instruct,belief_bank_constraints,attn,12,25878,belief_bank_constraints,511,4282,7764,2141,2141,917,6847,6.0934,4097,0.7679324894514767,0.9923664122137404,0.9636785162287481,0.8658420551855376,0.9885353637752026,4040.766,10,2026-09-18T18:12:33.378720+00:00
Llama-3.1-8B-Instruct,belief_bank_constraints,attn,12,25878,belief_bank_constraints,mean,0,0,0,0,0,0,5.25239,4097.0,0.7703875063548107,0.9836423118865867,0.9633822771767131,0.8639636398584118,0.989239530354935,9471.354,10,2026-09-18T18:12:33.378720+00:00
Llama-3.1-8B-Instruct,belief_bank_constraints,attn,12,25878,belief_bank_constraints,std,0,0,0,0,0,0,0.4397981842845647,0.0,0.015377413265248942,0.004496298392167567,0.0030403523977249776,0.009882664444303099,0.0016648710854601555,9471.354,10,2026-09-18T18:12:33.378720+00:00
Llama-3.1-8B-Instruct,belief_bank_constraints,attn,12,25878,belief_bank_facts,2,4282,27416,2141,2141,1971,25445,5.6262,4097,0.16850541215653622,0.8214104515474379,0.6957615990662387,0.2796441834355298,0.7565123849761413,4048.127,10,2026-09-18T18:12:33.378720+00:00
Llama-3.1-8B-Instruct,belief_bank_constraints,attn,12,25878,belief_bank_facts,4,4282,27416,2141,2141,1971,25445,6.3361,4097,0.15740623013350286,0.6281075596144089,0.7315436241610739,0.2517283448556324,0.7152769889273819,4056.188,10,2026-09-18T18:12:33.378720+00:00
Llama-3.1-8B-Instruct,belief_bank_constraints,attn,12,25878,belief_bank_facts,24,4282,27416,2141,2141,1971,25445,5.8194,4097,0.17533673943334882,0.7661085743277524,0.7241391887948643,0.28536331852971747,0.7481830918528926,4063.736,10,2026-09-18T18:12:33.378720+00:00
Llama-3.1-8B-Instruct,belief_bank_constraints,attn,12,25878,belief_bank_facts,42,4282,27416,2141,2141,1971,25445,5.8513,4097,0.17690677966101695,0.8472856418061897,0.705609862853808,0.2927000262904215,0.7802579732711067,4071.314,10,2026-09-18T18:12:33.378720+00:00
Llama-3.1-8B-Instruct,belief_bank_constraints,attn,12,25878,belief_bank_facts,64,4282,27416,2141,2141,1971,25445,5.9585,4097,0.20344771507562207,0.634703196347032,0.7950831631164283,0.30812807881773396,0.8000252332429981,4079.001,10,2026-09-18T18:12:33.378720+00:00
Llama-3.1-8B-Instruct,belief_bank_constraints,attn,12,25878,belief_bank_facts,67,4282,27416,2141,2141,1971,25445,5.809,4097,0.15017243181105655,0.7290715372907154,0.6839072074700905,0.24904679376083189,0.7092015498056461,4086.512,10,2026-09-18T18:12:33.378720+00:00
Llama-3.1-8B-Instruct,belief_bank_constraints,attn,12,25878,belief_bank_facts,104,4282,27416,2141,2141,1971,25445,6.0467,4097,0.24695919938414165,0.8138001014713343,0.8082141814998541,0.37892747460429954,0.8657694957708145,4094.259,10,2026-09-18T18:12:33.378720+00:00
Llama-3.1-8B-Instruct,belief_bank_constraints,attn,12,25878,belief_bank_facts,123,4282,27416,2141,2141,1971,25445,5.908,4097,0.16406010426249618,0.8143074581430746,0.6883571637000292,0.2730985196528841,0.729556781227185,4101.874,10,2026-09-18T18:12:33.378720+00:00
Llama-3.1-8B-Instruct,belief_bank_constraints,attn,12,25878,belief_bank_facts,420,4282,27416,2141,2141,1971,25445,5.615,4097,0.16911849878373683,0.7407407407407407,0.7197257076159906,0.2753677857412297,0.736418089812599,4109.212,10,2026-09-18T18:12:33.378720+00:00
Llama-3.1-8B-Instruct,belief_bank_constraints,attn,12,25878,belief_bank_facts,511,4282,27416,2141,2141,1971,25445,5.9665,4097,0.1754759519038076,0.710806697108067,0.7390939597315436,0.2814665996986439,0.7583875209998705,4116.925,10,2026-09-18T18:12:33.378720+00:00
Llama-3.1-8B-Instruct,belief_bank_constraints,attn,12,25878,belief_bank_facts,mean,0,0,0,0,0,0,5.89367,4097.0,0.1787389062605266,0.7506341958396753,0.7291435658009922,0.2875471125386925,0.7599589109886635,9471.354,10,2026-09-18T18:12:33.378720+00:00
Llama-3.1-8B-Instruct,belief_bank_constraints,attn,12,25878,belief_bank_facts,std,0,0,0,0,0,0,0.1981293519395852,0.0,0.026408298559296627,0.07296319915984907,0.040245189540497724,0.034680042744183036,0.04406529622489411,9471.354,10,2026-09-18T18:12:33.378720+00:00
Llama-3.1-8B-Instruct,belief_bank_constraints,attn,12,25878,halu_eval,2,4282,10000,2141,2141,1912,8088,5.7997,4097,0.19331142470520007,0.5230125523012552,0.4915,0.2822865208186309,0.5090080634981727,4123.566,10,2026-09-18T18:12:33.378720+00:00
Llama-3.1-8B-Instruct,belief_bank_constraints,attn,12,25878,halu_eval,4,4282,10000,2141,2141,1912,8088,6.4531,4097,0.19210426898375518,0.5319037656903766,0.4828,0.28226477935054123,0.5115964195109031,4130.854,10,2026-09-18T18:12:33.378720+00:00
Llama-3.1-8B-Instruct,belief_bank_constraints,attn,12,25878,halu_eval,24,4282,10000,2141,2141,1912,8088,6.1874,4097,0.19285714285714287,0.4660041841004184,0.525,0.27281077770973666,0.5122545501057406,4137.887,10,2026-09-18T18:12:33.378720+00:00
Llama-3.1-8B-Instruct,belief_bank_constraints,attn,12,25878,halu_eval,42,4282,10000,2141,2141,1912,8088,5.8981,4097,0.19143075745983168,0.6542887029288703,0.4055,0.29619983426068425,0.5017790057277893,4144.645,10,2026-09-18T18:12:33.378720+00:00
Llama-3.1-8B-Instruct,belief_bank_constraints,attn,12,25878,halu_eval,64,4282,10000,2141,2141,1912,8088,4.9062,4097,0.1929110105580694,0.6689330543933054,0.4016,0.2994614844298759,0.5059002515219614,4150.412,10,2026-09-18T18:12:33.378720+00:00
Llama-3.1-8B-Instruct,belief_bank_constraints,attn,12,25878,halu_eval,67,4282,10000,2141,2141,1912,8088,5.0303,4097,0.18991097922848665,0.702928870292887,0.3699,0.29903215040605186,0.497138400968013,4156.301,10,2026-09-18T18:12:33.378720+00:00
Llama-3.1-8B-Instruct,belief_bank_constraints,attn,12,25878,halu_eval,104,4282,10000,2141,2141,1912,8088,5.1099,4097,0.18560506195623516,0.3682008368200837,0.5703,0.24680105170902716,0.49030548252693174,4162.264,10,2026-09-18T18:12:33.378720+00:00
Llama-3.1-8B-Instruct,belief_bank_constraints,attn,12,25878,halu_eval,123,4282,10000,2141,2141,1912,8088,5.06,4097,0.1975893241498063,0.4801255230125523,0.5278,0.2799634034766697,0.5075744672100617,4168.2,10,2026-09-18T18:12:33.378720+00:00
Llama-3.1-8B-Instruct,belief_bank_constraints,attn,12,25878,halu_eval,420,4282,10000,2141,2141,1912,8088,4.8264,4097,0.1933534743202417,0.6359832635983264,0.4231,0.2965492013169126,0.5024378153077652,4173.904,10,2026-09-18T18:12:33.378720+00:00
Llama-3.1-8B-Instruct,belief_bank_constraints,attn,12,25878,halu_eval,511,4282,10000,2141,2141,1912,8088,4.9476,4097,0.1956050310828394,0.7076359832635983,0.3877,0.3064899762147469,0.5131214847969408,4179.727,10,2026-09-18T18:12:33.378720+00:00
Llama-3.1-8B-Instruct,belief_bank_constraints,attn,12,25878,halu_eval,mean,0,0,0,0,0,0,5.42187,4097.0,0.19246784753016083,0.5739016736401673,0.4585199999999999,0.2861859179692877,0.5051115941174279,9471.354,10,2026-09-18T18:12:33.378720+00:00
Llama-3.1-8B-Instruct,belief_bank_constraints,attn,12,25878,halu_eval,std,0,0,0,0,0,0,0.5697417275397687,0.0,0.0030456278746822203,0.10999192722684727,0.06600442106404693,0.016614932065031774,0.006929295168093677,9471.354,10,2026-09-18T18:12:33.378720+00:00
Llama-3.1-8B-Instruct,belief_bank_constraints,attn,13,25878,belief_bank_constraints,2,4282,7764,2141,2141,917,6847,4.7343,4097,0.7587939698492462,0.9880043620501636,0.9614889232354457,0.8583609663666508,0.9913922454317368,4186.144,10,2026-09-18T18:12:33.378720+00:00
Llama-3.1-8B-Instruct,belief_bank_constraints,attn,13,25878,belief_bank_constraints,4,4282,7764,2141,2141,917,6847,5.1063,4097,0.8161024702653248,0.9727371864776445,0.9708912931478619,0.8875621890547264,0.991848868690791,4192.028,10,2026-09-18T18:12:33.378720+00:00
Llama-3.1-8B-Instruct,belief_bank_constraints,attn,13,25878,belief_bank_constraints,24,4282,7764,2141,2141,917,6847,5.5044,4097,0.8014184397163121,0.9858233369683751,0.9694744976816074,0.8841075794621027,0.9923541485266294,4198.319,10,2026-09-18T18:12:33.378720+00:00
Llama-3.1-8B-Instruct,belief_bank_constraints,attn,13,25878,belief_bank_constraints,42,4282,7764,2141,2141,917,6847,5.5755,4097,0.7792207792207793,0.9814612868047983,0.9649665121071612,0.8687258687258688,0.9913710626994542,4204.691,10,2026-09-18T18:12:33.378720+00:00
Llama-3.1-8B-Instruct,belief_bank_constraints,attn,13,25878,belief_bank_constraints,64,4282,7764,2141,2141,917,6847,5.2826,4097,0.8097826086956522,0.9749182115594329,0.9699896960329727,0.8847105393369619,0.9917199407074619,4210.769,10,2026-09-18T18:12:33.378720+00:00
Llama-3.1-8B-Instruct,belief_bank_constraints,attn,13,25878,belief_bank_constraints,67,4282,7764,2141,2141,917,6847,5.7076,4097,0.7802964254577158,0.9760087241003271,0.9647089129314786,0.8672480620155039,0.9920402299903213,4217.273,10,2026-09-18T18:12:33.378720+00:00
Llama-3.1-8B-Instruct,belief_bank_constraints,attn,13,25878,belief_bank_constraints,104,4282,7764,2141,2141,917,6847,5.8586,4097,0.7700854700854701,0.9825517993456925,0.9632921174652241,0.8634403449928126,0.9914108002310669,4223.929,10,2026-09-18T18:12:33.378720+00:00
Llama-3.1-8B-Instruct,belief_bank_constraints,attn,13,25878,belief_bank_constraints,123,4282,7764,2141,2141,917,6847,5.7579,4097,0.7677806341045416,0.9770992366412213,0.9623905203503349,0.8598848368522073,0.988319714004446,4230.478,10,2026-09-18T18:12:33.378720+00:00
Llama-3.1-8B-Instruct,belief_bank_constraints,attn,13,25878,belief_bank_constraints,420,4282,7764,2141,2141,917,6847,5.8606,4097,0.7931338028169014,0.9825517993456925,0.967671303451829,0.8777398928397467,0.9904683279131552,4237.148,10,2026-09-18T18:12:33.378720+00:00
Llama-3.1-8B-Instruct,belief_bank_constraints,attn,13,25878,belief_bank_constraints,511,4282,7764,2141,2141,917,6847,5.5571,4097,0.7706734867860188,0.9858233369683751,0.9636785162287481,0.8650717703349282,0.9897296398505488,4243.517,10,2026-09-18T18:12:33.378720+00:00
Llama-3.1-8B-Instruct,belief_bank_constraints,attn,13,25878,belief_bank_constraints,mean,0,0,0,0,0,0,5.494490000000001,4097.0,0.7847288086997961,0.9806979280261723,0.9658552292632663,0.8716852049981509,0.991065497804561,9471.354,10,2026-09-18T18:12:33.378720+00:00
Llama-3.1-8B-Instruct,belief_bank_constraints,attn,13,25878,belief_bank_constraints,std,0,0,0,0,0,0,0.341390077330903,0.0,0.018392954036728457,0.004950734771130282,0.0032145497582369426,0.010342426004640167,0.0011684397155212966,9471.354,10,2026-09-18T18:12:33.378720+00:00
Llama-3.1-8B-Instruct,belief_bank_constraints,attn,13,25878,belief_bank_facts,2,4282,27416,2141,2141,1971,25445,5.5278,4097,0.1933240611961057,0.7757483510908169,0.7511672016340822,0.3095141700404858,0.8136041475435871,4250.8,10,2026-09-18T18:12:33.378720+00:00
Llama-3.1-8B-Instruct,belief_bank_constraints,attn,13,25878,belief_bank_facts,4,4282,27416,2141,2141,1971,25445,6.1329,4097,0.16181652094479967,0.6291222729578894,0.7390574846804786,0.25742163172098814,0.7787855921073688,4258.681,10,2026-09-18T18:12:33.378720+00:00
Llama-3.1-8B-Instruct,belief_bank_constraints,attn,13,25878,belief_bank_facts,24,4282,27416,2141,2141,1971,25445,5.5486,4097,0.16256025709694696,0.923896499238965,0.6523562882988037,0.27647460715099065,0.8412483067756192,4265.946,10,2026-09-18T18:12:33.378720+00:00
Llama-3.1-8B-Instruct,belief_bank_constraints,attn,13,25878,belief_bank_facts,42,4282,27416,2141,2141,1971,25445,5.4361,4097,0.2358989004712266,0.8381532217148655,0.7931864604610447,0.36817472698907955,0.8716105179654011,4273.065,10,2026-09-18T18:12:33.378720+00:00
Llama-3.1-8B-Instruct,belief_bank_constraints,attn,13,25878,belief_bank_facts,64,4282,27416,2141,2141,1971,25445,5.497,4097,0.30025445292620867,0.8381532217148655,0.847935512109717,0.44212498327311656,0.891946846886456,4280.245,10,2026-09-18T18:12:33.378720+00:00
Llama-3.1-8B-Instruct,belief_bank_constraints,attn,13,25878,belief_bank_facts,67,4282,27416,2141,2141,1971,25445,5.7463,4097,0.19747254045116333,0.8483003551496702,0.7412459877443829,0.3203678865683081,0.8508619729644393,4287.689,10,2026-09-18T18:12:33.378720+00:00
Llama-3.1-8B-Instruct,belief_bank_constraints,attn,13,25878,belief_bank_facts,104,4282,27416,2141,2141,1971,25445,5.8056,4097,0.20295305752890375,0.73921867072552,0.7725415815582142,0.31846994535519124,0.8150624315893484,4295.223,10,2026-09-18T18:12:33.378720+00:00
Llama-3.1-8B-Instruct,belief_bank_constraints,attn,13,25878,belief_bank_facts,123,4282,27416,2141,2141,1971,25445,5.776,4097,0.182126850468559,0.680365296803653,0.7573679603151444,0.2873366188129419,0.8145670484951825,4302.726,10,2026-09-18T18:12:33.378720+00:00
Llama-3.1-8B-Instruct,belief_bank_constraints,attn,13,25878,belief_bank_facts,420,4282,27416,2141,2141,1971,25445,5.4835,4097,0.19683354728284125,0.9335362760020294,0.7213670849139189,0.32511705981093736,0.8797289026510258,4309.926,10,2026-09-18T18:12:33.378720+00:00
Llama-3.1-8B-Instruct,belief_bank_constraints,attn,13,25878,belief_bank_facts,511,4282,27416,2141,2141,1971,25445,5.6956,4097,0.24071969696969697,0.6448503297818367,0.8282389845345783,0.3505723348503655,0.8422672073818651,4317.336,10,2026-09-18T18:12:33.378720+00:00
Llama-3.1-8B-Instruct,belief_bank_constraints,attn,13,25878,belief_bank_facts,mean,0,0,0,0,0,0,5.66494,4097.0,0.20739598853364521,0.7851344495180111,0.7604464546250365,0.32555739645724047,0.8399682974360292,9471.354,10,2026-09-18T18:12:33.378720+00:00
Llama-3.1-8B-Instruct,belief_bank_constraints,attn,13,25878,belief_bank_facts,std,0,0,0,0,0,0,0.2011218645498296,0.0,0.03962276961776462,0.10396263127817373,0.05253643610793058,0.04987700750124432,0.0333367941764682,9471.354,10,2026-09-18T18:12:33.378720+00:00
Llama-3.1-8B-Instruct,belief_bank_constraints,attn,13,25878,halu_eval,2,4282,10000,2141,2141,1912,8088,5.3994,4097,0.19436098913797087,0.8797071129707112,0.2798,0.3183797084989589,0.5062840721208961,4323.61,10,2026-09-18T18:12:33.378720+00:00
Llama-3.1-8B-Instruct,belief_bank_constraints,attn,13,25878,halu_eval,4,4282,10000,2141,2141,1912,8088,6.1776,4097,0.1927148194271482,0.647489539748954,0.414,0.29702495201535506,0.5042895694432374,4330.667,10,2026-09-18T18:12:33.378720+00:00
Llama-3.1-8B-Instruct,belief_bank_constraints,attn,13,25878,halu_eval,24,4282,10000,2141,2141,1912,8088,5.9233,4097,0.19530249110320286,0.7175732217573222,0.3807,0.3070381559807542,0.5084823026726925,4337.465,10,2026-09-18T18:12:33.378720+00:00
Llama-3.1-8B-Instruct,belief_bank_constraints,attn,13,25878,halu_eval,42,4282,10000,2141,2141,1912,8088,5.8221,4097,0.18710277476360254,0.6312761506276151,0.4051,0.2886523974650245,0.4961139740573358,4344.16,10,2026-09-18T18:12:33.378720+00:00
Llama-3.1-8B-Instruct,belief_bank_constraints,attn,13,25878,halu_eval,64,4282,10000,2141,2141,1912,8088,5.8514,4097,0.18878865979381443,0.6129707112970711,0.4224,0.28866995073891627,0.49475959270203496,4350.873,10,2026-09-18T18:12:33.378720+00:00
Llama-3.1-8B-Instruct,belief_bank_constraints,attn,13,25878,halu_eval,67,4282,10000,2141,2141,1912,8088,6.0684,4097,0.19062982185439753,0.7107740585774058,0.3677,0.3006304612321646,0.5008159461405708,4357.79,10,2026-09-18T18:12:33.378720+00:00
Llama-3.1-8B-Instruct,belief_bank_constraints,attn,13,25878,halu_eval,104,4282,10000,2141,2141,1912,8088,5.1078,4097,0.19296469695052512,0.7975941422594143,0.3235,0.3107488537952114,0.5036041501123624,4363.777,10,2026-09-18T18:12:33.378720+00:00
Llama-3.1-8B-Instruct,belief_bank_constraints,attn,13,25878,halu_eval,123,4282,10000,2141,2141,1912,8088,4.8931,4097,0.19229316207026823,0.7986401673640168,0.3201,0.30995635846950165,0.5040204650000621,4369.543,10,2026-09-18T18:12:33.378720+00:00
Llama-3.1-8B-Instruct,belief_bank_constraints,attn,13,25878,halu_eval,420,4282,10000,2141,2141,1912,8088,4.7681,4097,0.19391249207355737,0.7996861924686193,0.3261,0.3121363682760029,0.5085555684023855,4375.189,10,2026-09-18T18:12:33.378720+00:00
Llama-3.1-8B-Instruct,belief_bank_constraints,attn,13,25878,halu_eval,511,4282,10000,2141,2141,1912,8088,4.6468,4097,0.19083552055993,0.9126569037656904,0.2434,0.3156657018813314,0.5033747824660947,4380.721,10,2026-09-18T18:12:33.378720+00:00
Llama-3.1-8B-Instruct,belief_bank_constraints,attn,13,25878,halu_eval,mean,0,0,0,0,0,0,5.4658,4097.0,0.1918905427734417,0.750836820083682,0.34828,0.30489029083532204,0.5030300423117673,9471.354,10,2026-09-18T18:12:33.378720+00:00
Llama-3.1-8B-Instruct,belief_bank_constraints,attn,13,25878,halu_eval,std,0,0,0,0,0,0,0.5452369980109568,0.0,0.0024305350595175807,0.09815545326712534,0.05662069939518585,0.010109198550092445,0.004415853729004267,9471.354,10,2026-09-18T18:12:33.378720+00:00
Llama-3.1-8B-Instruct,belief_bank_constraints,attn,14,25878,belief_bank_constraints,2,4282,7764,2141,2141,917,6847,5.6755,4097,0.7460711331679074,0.9836423118865867,0.9585265327150954,0.8485418626528692,0.9888134468621605,4388.169,10,2026-09-18T18:12:33.378720+00:00
Llama-3.1-8B-Instruct,belief_bank_constraints,attn,14,25878,belief_bank_constraints,4,4282,7764,2141,2141,917,6847,5.8573,4097,0.7948490230905861,0.9760087241003271,0.9674137042761464,0.8761625061184533,0.9918889247597312,4394.83,10,2026-09-18T18:12:33.378720+00:00
Llama-3.1-8B-Instruct,belief_bank_constraints,attn,14,25878,belief_bank_constraints,24,4282,7764,2141,2141,917,6847,5.8629,4097,0.7605042016806722,0.9869138495092693,0.9617465224111282,0.8590412909349786,0.9906733863177707,4401.472,10,2026-09-18T18:12:33.378720+00:00
Llama-3.1-8B-Instruct,belief_bank_constraints,attn,14,25878,belief_bank_constraints,42,4282,7764,2141,2141,917,6847,5.6071,4097,0.7622673434856176,0.9825517993456925,0.9617465224111282,0.8585040495474036,0.9910406598564447,4407.882,10,2026-09-18T18:12:33.378720+00:00
Llama-3.1-8B-Instruct,belief_bank_constraints,attn,14,25878,belief_bank_constraints,64,4282,7764,2141,2141,917,6847,6.6786,4097,0.774442538593482,0.9847328244274809,0.9643225141679547,0.8670187229956793,0.9898935273055772,4415.363,10,2026-09-18T18:12:33.378720+00:00
Llama-3.1-8B-Instruct,belief_bank_constraints,attn,14,25878,belief_bank_constraints,67,4282,7764,2141,2141,917,6847,6.3852,4097,0.7633587786259542,0.9814612868047983,0.9618753219989696,0.8587786259541985,0.9882477245684177,4422.549,10,2026-09-18T18:12:33.378720+00:00
Llama-3.1-8B-Instruct,belief_bank_constraints,attn,14,25878,belief_bank_constraints,104,4282,7764,2141,2141,917,6847,6.517,4097,0.7672047578589635,0.9847328244274809,0.9629057187017002,0.8624641833810889,0.9901568780411356,4429.861,10,2026-09-18T18:12:33.378720+00:00
Llama-3.1-8B-Instruct,belief_bank_constraints,attn,14,25878,belief_bank_constraints,123,4282,7764,2141,2141,917,6847,6.9307,4097,0.75,0.9847328244274809,0.9594281298299846,0.8514851485148515,0.990871277632516,4437.587,10,2026-09-18T18:12:33.378720+00:00
Llama-3.1-8B-Instruct,belief_bank_constraints,attn,14,25878,belief_bank_constraints,420,4282,7764,2141,2141,917,6847,6.4149,4097,0.7614601018675722,0.9781897491821155,0.961231324059763,0.8563245823389022,0.9884162308146958,4444.796,10,2026-09-18T18:12:33.378720+00:00
Llama-3.1-8B-Instruct,belief_bank_constraints,attn,14,25878,belief_bank_constraints,511,4282,7764,2141,2141,917,6847,6.5885,4097,0.750206782464847,0.9890948745910578,0.9598145285935085,0.8532455315145814,0.9869484108093093,4452.18,10,2026-09-18T18:12:33.378720+00:00
Llama-3.1-8B-Instruct,belief_bank_constraints,attn,14,25878,belief_bank_constraints,mean,0,0,0,0,0,0,6.2517700000000005,4097.0,0.7630364660835603,0.9832061068702289,0.9619010819165379,0.8591566503953008,0.9896950466967759,9471.354,10,2026-09-18T18:12:33.378720+00:00
Llama-3.1-8B-Instruct,belief_bank_constraints,attn,14,25878,belief_bank_constraints,std,0,0,0,0,0,0,0.4388384419122828,0.0,0.013384608333784074,0.0036884480971183854,0.002441627122323094,0.007596188405173295,0.001458371162348708,9471.354,10,2026-09-18T18:12:33.378720+00:00
Llama-3.1-8B-Instruct,belief_bank_constraints,attn,14,25878,belief_bank_facts,2,4282,27416,2141,2141,1971,25445,6.5107,4097,0.10898672415749461,0.9746321664129883,0.42533557046979864,0.19605041587998162,0.7958510506889094,4460.408,10,2026-09-18T18:12:33.378720+00:00
Llama-3.1-8B-Instruct,belief_bank_constraints,attn,14,25878,belief_bank_facts,4,4282,27416,2141,2141,1971,25445,6.8099,4097,0.15407253527222367,0.9030948756976154,0.6365625911876277,0.26323572907423837,0.8037667818263624,4468.931,10,2026-09-18T18:12:33.378720+00:00
Llama-3.1-8B-Instruct,belief_bank_constraints,attn,14,25878,belief_bank_facts,24,4282,27416,2141,2141,1971,25445,6.6189,4097,0.12102233187828178,0.9705733130390665,0.4911000875401226,0.21520980987737653,0.8254352883962276,4477.232,10,2026-09-18T18:12:33.378720+00:00
Llama-3.1-8B-Instruct,belief_bank_constraints,attn,14,25878,belief_bank_facts,42,4282,27416,2141,2141,1971,25445,6.5029,4097,0.13046772749190605,0.960933536276002,0.536766851473592,0.2297428432799612,0.8325388301326198,4485.477,10,2026-09-18T18:12:33.378720+00:00
Llama-3.1-8B-Instruct,belief_bank_constraints,attn,14,25878,belief_bank_facts,64,4282,27416,2141,2141,1971,25445,6.7777,4097,0.17490137140710127,0.9446981227803145,0.6756273708783193,0.2951573274153919,0.8466317807860267,4493.956,10,2026-09-18T18:12:33.378720+00:00
Llama-3.1-8B-Instruct,belief_bank_constraints,attn,14,25878,belief_bank_facts,67,4282,27416,2141,2141,1971,25445,6.2657,4097,0.13340448239060831,0.8878741755454084,0.5772906332068864,0.23195705480813839,0.7276209398630307,4501.941,10,2026-09-18T18:12:33.378720+00:00
Llama-3.1-8B-Instruct,belief_bank_constraints,attn,14,25878,belief_bank_facts,104,4282,27416,2141,2141,1971,25445,6.7701,4097,0.15301948833106102,0.9680365296803652,0.6124890574846805,0.2642659279778393,0.8092804298604076,4510.421,10,2026-09-18T18:12:33.378720+00:00
Llama-3.1-8B-Instruct,belief_bank_constraints,attn,14,25878,belief_bank_facts,123,4282,27416,2141,2141,1971,25445,6.979,4097,0.16855536718122602,0.9583967529173009,0.657134519988328,0.2866899377750797,0.8331415965773713,4519.108,10,2026-09-18T18:12:33.378720+00:00
Llama-3.1-8B-Instruct,belief_bank_constraints,attn,14,25878,belief_bank_facts,420,4282,27416,2141,2141,1971,25445,6.6444,4097,0.16134453781512606,0.8767123287671232,0.6635176539247155,0.27253371185237757,0.822510814353817,4527.458,10,2026-09-18T18:12:33.378720+00:00
Llama-3.1-8B-Instruct,belief_bank_constraints,attn,14,25878,belief_bank_facts,511,4282,27416,2141,2141,1971,25445,6.9295,4097,0.14223555888972242,0.9619482496194824,0.5802086372920922,0.24782693941572445,0.8357951447491874,4536.096,10,2026-09-18T18:12:33.378720+00:00
Llama-3.1-8B-Instruct,belief_bank_constraints,attn,14,25878,belief_bank_facts,mean,0,0,0,0,0,0,6.680879999999999,4097.0,0.14480101248147512,0.9406900050735665,0.5856032973446164,0.2502669697356109,0.813257265723396,9471.354,10,2026-09-18T18:12:33.378720+00:00
Llama-3.1-8B-Instruct,belief_bank_constraints,attn,14,25878,belief_bank_facts,std,0,0,0,0,0,0,0.20563384351803574,0.0,0.020217537173170753,0.03504321750354437,0.07727301757115473,0.030220241291649567,0.032195268474529616,9471.354,10,2026-09-18T18:12:33.378720+00:00
Llama-3.1-8B-Instruct,belief_bank_constraints,attn,14,25878,halu_eval,2,4282,10000,2141,2141,1912,8088,6.4473,4097,0.18647710365349646,0.5899581589958159,0.4295,0.2833814847380982,0.4872093426285752,4543.408,10,2026-09-18T18:12:33.378720+00:00
Llama-3.1-8B-Instruct,belief_bank_constraints,attn,14,25878,halu_eval,4,4282,10000,2141,2141,1912,8088,6.8291,4097,0.1894894894894895,0.33002092050209203,0.602,0.240747806180847,0.49754824933058533,4551.097,10,2026-09-18T18:12:33.378720+00:00
Llama-3.1-8B-Instruct,belief_bank_constraints,attn,14,25878,halu_eval,24,4282,10000,2141,2141,1912,8088,7.0319,4097,0.18708053691275167,0.5831589958158996,0.4358,0.28328252032520324,0.4905537000939457,4558.982,10,2026-09-18T18:12:33.378720+00:00
Llama-3.1-8B-Instruct,belief_bank_constraints,attn,14,25878,halu_eval,42,4282,10000,2141,2141,1912,8088,6.8387,4097,0.18197438300531085,0.6093096234309623,0.4016,0.2802501804185711,0.48285963450165337,4566.68,10,2026-09-18T18:12:33.378720+00:00
Llama-3.1-8B-Instruct,belief_bank_constraints,attn,14,25878,halu_eval,64,4282,10000,2141,2141,1912,8088,6.902,4097,0.18882198548710824,0.6396443514644351,0.4057,0.2915722970556681,0.49984538538420464,4574.44,10,2026-09-18T18:12:33.378720+00:00
Llama-3.1-8B-Instruct,belief_bank_constraints,attn,14,25878,halu_eval,67,4282,10000,2141,2141,1912,8088,6.1343,4097,0.18822259904424232,0.6385983263598326,0.4043,0.2907488986784141,0.49095132672402736,4581.438,10,2026-09-18T18:12:33.378720+00:00
Llama-3.1-8B-Instruct,belief_bank_constraints,attn,14,25878,halu_eval,104,4282,10000,2141,2141,1912,8088,6.8209,4097,0.19052631578947368,0.5679916317991632,0.456,0.28533893851812925,0.4893042381088363,4589.118,10,2026-09-18T18:12:33.378720+00:00
Llama-3.1-8B-Instruct,belief_bank_constraints,attn,14,25878,halu_eval,123,4282,10000,2141,2141,1912,8088,6.893,4097,0.18455352190793123,0.6961297071129707,0.3538,0.2917580008768084,0.4827290106940806,4596.875,10,2026-09-18T18:12:33.378720+00:00
Llama-3.1-8B-Instruct,belief_bank_constraints,attn,14,25878,halu_eval,420,4282,10000,2141,2141,1912,8088,5.5659,4097,0.18794229722373434,0.7222803347280334,0.3502,0.29827213822894166,0.4935385834274859,4603.309,10,2026-09-18T18:12:33.378720+00:00
Llama-3.1-8B-Instruct,belief_bank_constraints,attn,14,25878,halu_eval,511,4282,10000,2141,2141,1912,8088,5.7953,4097,0.1870289567631892,0.4932008368200837,0.4932,0.27121081392004603,0.48890379854032423,4609.975,10,2026-09-18T18:12:33.378720+00:00
Llama-3.1-8B-Instruct,belief_bank_constraints,attn,14,25878,halu_eval,mean,0,0,0,0,0,0,6.52584,4097.0,0.18721171892767274,0.5870292887029288,0.43321000000000004,0.2816563078940727,0.4903443269433718,9471.354,10,2026-09-18T18:12:33.378720+00:00
Llama-3.1-8B-Instruct,belief_bank_constraints,attn,14,25878,halu_eval,std,0,0,0,0,0,0,0.4923366271160415,0.0,0.0023539189031912583,0.10552864069748008,0.06958240366644429,0.015371745797554397,0.00528943159172031,9471.354,10,2026-09-18T18:12:33.378720+00:00
Llama-3.1-8B-Instruct,belief_bank_constraints,attn,15,25878,belief_bank_constraints,2,4282,7764,2141,2141,917,6847,5.4755,4097,0.7336032388663968,0.9880043620501636,0.9562081401339516,0.8420074349442379,0.9873755693655646,4617.136,10,2026-09-18T18:12:33.378720+00:00
Llama-3.1-8B-Instruct,belief_bank_constraints,attn,15,25878,belief_bank_constraints,4,4282,7764,2141,2141,917,6847,6.3927,4097,0.7734375,0.9716466739367503,0.9630345182895415,0.861285645239246,0.9902892303007358,4624.322,10,2026-09-18T18:12:33.378720+00:00
Llama-3.1-8B-Instruct,belief_bank_constraints,attn,15,25878,belief_bank_constraints,24,4282,7764,2141,2141,917,6847,5.2543,4097,0.7670648464163823,0.9803707742639041,0.9625193199381762,0.8606988989947343,0.9902884339574171,4630.366,10,2026-09-18T18:12:33.378720+00:00
Llama-3.1-8B-Instruct,belief_bank_constraints,attn,15,25878,belief_bank_constraints,42,4282,7764,2141,2141,917,6847,5.6378,4097,0.7656514382402707,0.9869138495092693,0.9627769191138589,0.8623153882801334,0.9918962511182651,4636.796,10,2026-09-18T18:12:33.378720+00:00
Llama-3.1-8B-Instruct,belief_bank_constraints,attn,15,25878,belief_bank_constraints,64,4282,7764,2141,2141,917,6847,6.1928,4097,0.7808939526730938,0.9716466739367503,0.964451313755796,0.8658892128279884,0.9889837050637401,4643.778,10,2026-09-18T18:12:33.378720+00:00
Llama-3.1-8B-Instruct,belief_bank_constraints,attn,15,25878,belief_bank_constraints,67,4282,7764,2141,2141,917,6847,5.7278,4097,0.7690311418685121,0.9694656488549618,0.9620041215868109,0.8576941630487217,0.9882290901347558,4650.3,10,2026-09-18T18:12:33.378720+00:00
Llama-3.1-8B-Instruct,belief_bank_constraints,attn,15,25878,belief_bank_constraints,104,4282,7764,2141,2141,917,6847,6.3757,4097,0.75251677852349,0.9781897491821155,0.9594281298299846,0.8506401137980085,0.9885318598645993,4657.47,10,2026-09-18T18:12:33.378720+00:00
Llama-3.1-8B-Instruct,belief_bank_constraints,attn,15,25878,belief_bank_constraints,123,4282,7764,2141,2141,917,6847,7.0738,4097,0.7554257095158597,0.9869138495092693,0.9607161257083977,0.8557919621749409,0.9864748254375628,4665.335,10,2026-09-18T18:12:33.378720+00:00
Llama-3.1-8B-Instruct,belief_bank_constraints,attn,15,25878,belief_bank_constraints,420,4282,7764,2141,2141,917,6847,7.2844,4097,0.7614991482112436,0.9749182115594329,0.9609737248840804,0.8550932568149211,0.9881909452897805,4673.409,10,2026-09-18T18:12:33.378720+00:00
Llama-3.1-8B-Instruct,belief_bank_constraints,attn,15,25878,belief_bank_constraints,511,4282,7764,2141,2141,917,6847,6.5567,4097,0.7485572959604286,0.990185387131952,0.9595569294178259,0.8525821596244132,0.9873359114682835,4680.757,10,2026-09-18T18:12:33.378720+00:00
Llama-3.1-8B-Instruct,belief_bank_constraints,attn,15,25878,belief_bank_constraints,mean,0,0,0,0,0,0,6.19715,4097.0,0.7607681050275679,0.979825517993457,0.9611669242658424,0.8563998235747345,0.9887595822000705,9471.354,10,2026-09-18T18:12:33.378720+00:00
Llama-3.1-8B-Instruct,belief_bank_constraints,attn,15,25878,belief_bank_constraints,std,0,0,0,0,0,0,0.6397616356894182,0.0,0.012967385242532093,0.00736802439764836,0.0022325468301136824,0.0065271533541189355,0.0015615762722270444,9471.354,10,2026-09-18T18:12:33.378720+00:00
Llama-3.1-8B-Instruct,belief_bank_constraints,attn,15,25878,belief_bank_facts,2,4282,27416,2141,2141,1971,25445,6.5984,4097,0.2147523458843093,0.9173008625063419,0.7529180040852057,0.3480269489894129,0.8888385320692984,4689.067,10,2026-09-18T18:12:33.378720+00:00
Llama-3.1-8B-Instruct,belief_bank_constraints,attn,15,25878,belief_bank_facts,4,4282,27416,2141,2141,1971,25445,7.3768,4097,0.23242375601926163,0.7346524606798579,0.8064998540997957,0.3531276673576393,0.8326553058252102,4698.175,10,2026-09-18T18:12:33.378720+00:00
Llama-3.1-8B-Instruct,belief_bank_constraints,attn,15,25878,belief_bank_facts,24,4282,27416,2141,2141,1971,25445,6.0831,4097,0.15457202505219206,0.939117199391172,0.6263495768894076,0.26545245948659113,0.8369420758993219,4705.998,10,2026-09-18T18:12:33.378720+00:00
Llama-3.1-8B-Instruct,belief_bank_constraints,attn,15,25878,belief_bank_facts,42,4282,27416,2141,2141,1971,25445,6.5768,4097,0.2451208855228663,0.8538812785388128,0.8004449956229939,0.3808984949643544,0.8710249791160269,4714.321,10,2026-09-18T18:12:33.378720+00:00
Llama-3.1-8B-Instruct,belief_bank_constraints,attn,15,25878,belief_bank_facts,64,4282,27416,2141,2141,1971,25445,6.9473,4097,0.24371231063391674,0.8406900050735667,0.8009921213889699,0.37787913340935003,0.8830823418244043,4723.017,10,2026-09-18T18:12:33.378720+00:00
Llama-3.1-8B-Instruct,belief_bank_constraints,attn,15,25878,belief_bank_facts,67,4282,27416,2141,2141,1971,25445,6.7468,4097,0.23349331949669216,0.91324200913242,0.7782316895243654,0.371900826446281,0.8869539148863074,4731.509,10,2026-09-18T18:12:33.378720+00:00
Llama-3.1-8B-Instruct,belief_bank_constraints,attn,15,25878,belief_bank_facts,104,4282,27416,2141,2141,1971,25445,6.3499,4097,0.20525280573874813,0.900050735667174,0.7422672891742048,0.33427548520821554,0.8674169743058588,4739.577,10,2026-09-18T18:12:33.378720+00:00
Llama-3.1-8B-Instruct,belief_bank_constraints,attn,15,25878,belief_bank_facts,123,4282,27416,2141,2141,1971,25445,6.9568,4097,0.26145069274653626,0.8138001014713343,0.8213451998832798,0.39575622995312115,0.8760078018674993,4748.268,10,2026-09-18T18:12:33.378720+00:00
Llama-3.1-8B-Instruct,belief_bank_constraints,attn,15,25878,belief_bank_facts,420,4282,27416,2141,2141,1971,25445,7.1977,4097,0.18813105295693386,0.9264332825976661,0.7072877152028013,0.31275156290143014,0.8500878776848705,4757.203,10,2026-09-18T18:12:33.378720+00:00
Llama-3.1-8B-Instruct,belief_bank_constraints,attn,15,25878,belief_bank_facts,511,4282,27416,2141,2141,1971,25445,6.5537,4097,0.18361669242658424,0.9041095890410958,0.7041143857601401,0.3052415210688592,0.8050398094037746,4765.487,10,2026-09-18T18:12:33.378720+00:00
Llama-3.1-8B-Instruct,belief_bank_constraints,attn,15,25878,belief_bank_facts,mean,0,0,0,0,0,0,6.738729999999999,4097.0,0.21625258864780408,0.8743277524099442,0.7540450831631165,0.3445310329785255,0.8598049612882572,9471.354,10,2026-09-18T18:12:33.378720+00:00
Llama-3.1-8B-Instruct,belief_bank_constraints,attn,15,25878,belief_bank_facts,std,0,0,0,0,0,0,0.37014825151552466,0.0,0.03157957145710481,0.060452159541519175,0.0577479280745387,0.03847874160450327,0.026309072272162608,9471.354,10,2026-09-18T18:12:33.378720+00:00
Llama-3.1-8B-Instruct,belief_bank_constraints,attn,15,25878,halu_eval,2,4282,10000,2141,2141,1912,8088,6.4855,4097,0.19175965665236053,0.5842050209205021,0.4497,0.288742406617552,0.5019740037930049,4772.837,10,2026-09-18T18:12:33.378720+00:00
Llama-3.1-8B-Instruct,belief_bank_constraints,attn,15,25878,halu_eval,4,4282,10000,2141,2141,1912,8088,7.2593,4097,0.18932571930595213,0.45083682008368203,0.5259,0.26666666666666666,0.4961516738988283,4780.96,10,2026-09-18T18:12:33.378720+00:00
Llama-3.1-8B-Instruct,belief_bank_constraints,attn,15,25878,halu_eval,24,4282,10000,2141,2141,1912,8088,6.0002,4097,0.18956618775282466,0.7107740585774058,0.3637,0.2993062438057483,0.4947218605279167,4787.807,10,2026-09-18T18:12:33.378720+00:00
Llama-3.1-8B-Instruct,belief_bank_constraints,attn,15,25878,halu_eval,42,4282,10000,2141,2141,1912,8088,6.6837,4097,0.1885806192199437,0.7358786610878661,0.3441,0.30022404779686335,0.49914965194575156,4795.317,10,2026-09-18T18:12:33.378720+00:00
Llama-3.1-8B-Instruct,belief_bank_constraints,attn,15,25878,halu_eval,64,4282,10000,2141,2141,1912,8088,6.817,4097,0.1899092970521542,0.700836820083682,0.3712,0.2988403211418377,0.49335076320516164,4802.99,10,2026-09-18T18:12:33.378720+00:00
Llama-3.1-8B-Instruct,belief_bank_constraints,attn,15,25878,halu_eval,67,4282,10000,2141,2141,1912,8088,6.7076,4097,0.1883780332056194,0.6171548117154811,0.4184,0.28864970645792565,0.492061790751524,4810.561,10,2026-09-18T18:12:33.378720+00:00
Llama-3.1-8B-Instruct,belief_bank_constraints,attn,15,25878,halu_eval,104,4282,10000,2141,2141,1912,8088,6.4823,4097,0.18983846472456165,0.7191422594142259,0.3595,0.3003823047515019,0.4963974988515451,4817.908,10,2026-09-18T18:12:33.378720+00:00
Llama-3.1-8B-Instruct,belief_bank_constraints,attn,15,25878,halu_eval,123,4282,10000,2141,2141,1912,8088,7.051,4097,0.18758684576192683,0.6354602510460251,0.4041,0.28966503754917156,0.48994442409644534,4825.827,10,2026-09-18T18:12:33.378720+00:00
Llama-3.1-8B-Instruct,belief_bank_constraints,attn,15,25878,halu_eval,420,4282,10000,2141,2141,1912,8088,7.2417,4097,0.1908256880733945,0.7071129707112971,0.3707,0.30054462598643994,0.49935334748726357,4833.935,10,2026-09-18T18:12:33.378720+00:00
Llama-3.1-8B-Instruct,belief_bank_constraints,attn,15,25878,halu_eval,511,4282,10000,2141,2141,1912,8088,6.6282,4097,0.1903498590615155,0.600418410041841,0.4353,0.2890595492886819,0.4968662572580278,4841.411,10,2026-09-18T18:12:33.378720+00:00
Llama-3.1-8B-Instruct,belief_bank_constraints,attn,15,25878,halu_eval,mean,0,0,0,0,0,0,6.73565,4097.0,0.1896120370810253,0.6461820083682007,0.40426,0.2922080910062389,0.4959971271815469,9471.354,10,2026-09-18T18:12:33.378720+00:00
Llama-3.1-8B-Instruct,belief_bank_constraints,attn,15,25878,halu_eval,std,0,0,0,0,0,0,0.3631856859789492,0.0,0.0011636709618442107,0.08324258647118325,0.05245146709101663,0.00994162592757192,0.003444080213889624,9471.354,10,2026-09-18T18:12:33.378720+00:00
Llama-3.1-8B-Instruct,belief_bank_constraints,attn,16,25878,belief_bank_constraints,2,4282,7764,2141,2141,917,6847,7.3778,4097,0.7204472843450479,0.9836423118865867,0.9529881504379186,0.8317196864914708,0.9859450182275022,4850.472,10,2026-09-18T18:12:33.378720+00:00
Llama-3.1-8B-Instruct,belief_bank_constraints,attn,16,25878,belief_bank_constraints,4,4282,7764,2141,2141,917,6847,7.8236,4097,0.7780701754385965,0.9672846237731734,0.9635497166409067,0.8624210014584346,0.9893114003394652,4859.098,10,2026-09-18T18:12:33.378720+00:00
Llama-3.1-8B-Instruct,belief_bank_constraints,attn,16,25878,belief_bank_constraints,24,4282,7764,2141,2141,917,6847,6.271,4097,0.7603027754415476,0.9858233369683751,0.961617722823287,0.8584995251661919,0.9889852977503779,4866.171,10,2026-09-18T18:12:33.378720+00:00
Llama-3.1-8B-Instruct,belief_bank_constraints,attn,16,25878,belief_bank_constraints,42,4282,7764,2141,2141,917,6847,7.0383,4097,0.743421052631579,0.9858233369683751,0.9581401339515714,0.8476324425691514,0.9890998119196349,4874.013,10,2026-09-18T18:12:33.378720+00:00
Llama-3.1-8B-Instruct,belief_bank_constraints,attn,16,25878,belief_bank_constraints,64,4282,7764,2141,2141,917,6847,6.8889,4097,0.7700258397932817,0.9749182115594329,0.9626481195260175,0.8604427333974976,0.9882157912013301,4881.709,10,2026-09-18T18:12:33.378720+00:00
Llama-3.1-8B-Instruct,belief_bank_constraints,attn,16,25878,belief_bank_constraints,67,4282,7764,2141,2141,917,6847,6.363,4097,0.7514693534844669,0.9760087241003271,0.9590417310664606,0.849146110056926,0.9868060246238909,4888.884,10,2026-09-18T18:12:33.378720+00:00
Llama-3.1-8B-Instruct,belief_bank_constraints,attn,16,25878,belief_bank_constraints,104,4282,7764,2141,2141,917,6847,7.0278,4097,0.7442244224422442,0.9836423118865867,0.9581401339515714,0.8473461719116956,0.9886134850547861,4896.73,10,2026-09-18T18:12:33.378720+00:00
Llama-3.1-8B-Instruct,belief_bank_constraints,attn,16,25878,belief_bank_constraints,123,4282,7764,2141,2141,917,6847,6.6657,4097,0.7379591836734694,0.9858233369683751,0.9569809376609995,0.8440709617180205,0.9881166464581278,4904.203,10,2026-09-18T18:12:33.378720+00:00
Llama-3.1-8B-Instruct,belief_bank_constraints,attn,16,25878,belief_bank_constraints,420,4282,7764,2141,2141,917,6847,6.7775,4097,0.7437810945273632,0.9781897491821155,0.9576249356002061,0.8450306170513424,0.9860472687096483,4911.79,10,2026-09-18T18:12:33.378720+00:00
Llama-3.1-8B-Instruct,belief_bank_constraints,attn,16,25878,belief_bank_constraints,511,4282,7764,2141,2141,917,6847,7.889,4097,0.7389525368248773,0.9847328244274809,0.9571097372488409,0.844319775596073,0.9856740225960824,4920.488,10,2026-09-18T18:12:33.378720+00:00
Llama-3.1-8B-Instruct,belief_bank_constraints,attn,16,25878,belief_bank_constraints,mean,0,0,0,0,0,0,7.0122599999999995,4097.0,0.7488653718602474,0.9805888767720827,0.9587841318907779,0.8490629025416803,0.9876814766880846,9471.354,10,2026-09-18T18:12:33.378720+00:00
Llama-3.1-8B-Instruct,belief_bank_constraints,attn,16,25878,belief_bank_constraints,std,0,0,0,0,0,0,0.5218163857143622,0.0,0.0159377122347059,0.005949043270222835,0.0029590286234620466,0.008754728450744072,0.0013488510508800605,9471.354,10,2026-09-18T18:12:33.378720+00:00
Llama-3.1-8B-Instruct,belief_bank_constraints,attn,16,25878,belief_bank_facts,2,4282,27416,2141,2141,1971,25445,7.8275,4097,0.10692853246044735,0.6960933536276002,0.560183834257368,0.1853803540062154,0.6936914798873306,4930.06,10,2026-09-18T18:12:33.378720+00:00
Llama-3.1-8B-Instruct,belief_bank_constraints,attn,16,25878,belief_bank_facts,4,4282,27416,2141,2141,1971,25445,8.4621,4097,0.13442495126705653,0.8746829020801623,0.5860811205135688,0.2330359556636929,0.7342593564635734,4940.263,10,2026-09-18T18:12:33.378720+00:00
Llama-3.1-8B-Instruct,belief_bank_constraints,attn,16,25878,belief_bank_facts,24,4282,27416,2141,2141,1971,25445,7.3136,4097,0.14115031953320367,0.7732115677321156,0.6454625036475051,0.2387218045112782,0.748281671981998,4949.315,10,2026-09-18T18:12:33.378720+00:00
Llama-3.1-8B-Instruct,belief_bank_constraints,attn,16,25878,belief_bank_facts,42,4282,27416,2141,2141,1971,25445,7.9131,4097,0.11862888780328937,0.73921867072552,0.5864093959731543,0.20444818634673403,0.7316214905877809,4958.948,10,2026-09-18T18:12:33.378720+00:00
Llama-3.1-8B-Instruct,belief_bank_constraints,attn,16,25878,belief_bank_facts,64,4282,27416,2141,2141,1971,25445,7.6667,4097,0.18630093546852702,0.5961440892947742,0.7837758972862562,0.2838849963759362,0.7953971514051407,4968.347,10,2026-09-18T18:12:33.378720+00:00
Llama-3.1-8B-Instruct,belief_bank_constraints,attn,16,25878,belief_bank_facts,67,4282,27416,2141,2141,1971,25445,7.3341,4097,0.14359947212141208,0.8833079654997463,0.6128902830463963,0.24703795672224194,0.7148812826263787,4977.377,10,2026-09-18T18:12:33.378720+00:00
Llama-3.1-8B-Instruct,belief_bank_constraints,attn,16,25878,belief_bank_facts,104,4282,27416,2141,2141,1971,25445,7.7577,4097,0.16410068426197458,0.6813800101471335,0.7275678435949811,0.26450024618414575,0.7856370406859374,4986.879,10,2026-09-18T18:12:33.378720+00:00
Llama-3.1-8B-Instruct,belief_bank_constraints,attn,16,25878,belief_bank_facts,123,4282,27416,2141,2141,1971,25445,7.5541,4097,0.1296565070149976,0.5438863521055302,0.7047344616282463,0.20939544877429436,0.6912323403439078,4996.17,10,2026-09-18T18:12:33.378720+00:00
Llama-3.1-8B-Instruct,belief_bank_constraints,attn,16,25878,belief_bank_facts,420,4282,27416,2141,2141,1971,25445,6.8711,4097,0.13940155501452917,0.9005580923389143,0.5931572804201926,0.24143090315560392,0.7187041538344509,5004.732,10,2026-09-18T18:12:33.378720+00:00
Llama-3.1-8B-Instruct,belief_bank_constraints,attn,16,25878,belief_bank_facts,511,4282,27416,2141,2141,1971,25445,7.6994,4097,0.11087761433003102,0.5621511922881786,0.6444412022176831,0.1852223336676697,0.6664559576225081,5014.16,10,2026-09-18T18:12:33.378720+00:00
Llama-3.1-8B-Instruct,belief_bank_constraints,attn,16,25878,belief_bank_facts,mean,0,0,0,0,0,0,7.63994,4097.0,0.1375069459275468,0.7250634195839675,0.6444703822585351,0.22930581854078125,0.7280161925439007,9471.354,10,2026-09-18T18:12:33.378720+00:00
Llama-3.1-8B-Instruct,belief_bank_constraints,attn,16,25878,belief_bank_facts,std,0,0,0,0,0,0,0.4002974598970119,0.0,0.022833599708360155,0.12628441852072644,0.06889042189762805,0.031094501575244557,0.0386046121764079,9471.354,10,2026-09-18T18:12:33.378720+00:00
Llama-3.1-8B-Instruct,belief_bank_constraints,attn,16,25878,halu_eval,2,4282,10000,2141,2141,1912,8088,8.0817,4097,0.19192587690271343,0.606694560669456,0.4364,0.29160382101558574,0.4968930610046807,5023.121,10,2026-09-18T18:12:33.378720+00:00
Llama-3.1-8B-Instruct,belief_bank_constraints,attn,16,25878,halu_eval,4,4282,10000,2141,2141,1912,8088,8.4937,4097,0.19799294819636562,0.3817991631799163,0.5861,0.26076085015181283,0.5060229215036275,5032.493,10,2026-09-18T18:12:33.378720+00:00
Llama-3.1-8B-Instruct,belief_bank_constraints,attn,16,25878,halu_eval,24,4282,10000,2141,2141,1912,8088,7.3489,4097,0.1836734693877551,0.26830543933054396,0.6321,0.21806588735387886,0.501032801060717,5040.695,10,2026-09-18T18:12:33.378720+00:00
Llama-3.1-8B-Instruct,belief_bank_constraints,attn,16,25878,halu_eval,42,4282,10000,2141,2141,1912,8088,8.1478,4097,0.18948045681196718,0.6161087866108786,0.4227,0.2898265469307418,0.49277973670378966,5049.707,10,2026-09-18T18:12:33.378720+00:00
Llama-3.1-8B-Instruct,belief_bank_constraints,attn,16,25878,halu_eval,64,4282,10000,2141,2141,1912,8088,7.6127,4097,0.19676840215439856,0.5732217573221757,0.471,0.2929697941726811,0.5122993307922477,5058.164,10,2026-09-18T18:12:33.378720+00:00
Llama-3.1-8B-Instruct,belief_bank_constraints,attn,16,25878,halu_eval,67,4282,10000,2141,2141,1912,8088,7.8774,4097,0.19119318181818182,0.7039748953974896,0.374,0.3007149240393208,0.49589753946132287,5066.88,10,2026-09-18T18:12:33.378720+00:00
Llama-3.1-8B-Instruct,belief_bank_constraints,attn,16,25878,halu_eval,104,4282,10000,2141,2141,1912,8088,7.6943,4097,0.18807033162697528,0.4419456066945607,0.5285,0.26385636221701797,0.49433167040173154,5075.446,10,2026-09-18T18:12:33.378720+00:00
Llama-3.1-8B-Instruct,belief_bank_constraints,attn,16,25878,halu_eval,123,4282,10000,2141,2141,1912,8088,7.5649,4097,0.1947312210751157,0.2860878661087866,0.6373,0.23173056555814447,0.5003678482818701,5083.886,10,2026-09-18T18:12:33.378720+00:00
Llama-3.1-8B-Instruct,belief_bank_constraints,attn,16,25878,halu_eval,420,4282,10000,2141,2141,1912,8088,7.4811,4097,0.1904028175214616,0.4524058577405858,0.5275,0.26800929512006194,0.5001103512512985,5092.216,10,2026-09-18T18:12:33.378720+00:00
Llama-3.1-8B-Instruct,belief_bank_constraints,attn,16,25878,halu_eval,511,4282,10000,2141,2141,1912,8088,8.1591,4097,0.19047619047619047,0.41631799163179917,0.5501,0.2613692332950254,0.502292900479661,5101.25,10,2026-09-18T18:12:33.378720+00:00
Llama-3.1-8B-Instruct,belief_bank_constraints,attn,16,25878,halu_eval,mean,0,0,0,0,0,0,7.84616,4097.0,0.1914714895971125,0.47468619246861926,0.51657,0.26789072798542707,0.5002028160940947,9471.354,10,2026-09-18T18:12:33.378720+00:00
Llama-3.1-8B-Instruct,belief_bank_constraints,attn,16,25878,halu_eval,std,0,0,0,0,0,0,0.34668281526490474,0.0,0.0039996295312638465,0.13837437499905308,0.0847260414512563,0.025786829289837623,0.005516835623677622,9471.354,10,2026-09-18T18:12:33.378720+00:00
Llama-3.1-8B-Instruct,belief_bank_constraints,attn,17,25878,belief_bank_constraints,2,4282,7764,2141,2141,917,6847,7.3761,4097,0.7171474358974359,0.9760087241003271,0.9517001545595054,0.8267898383371824,0.9846822566267313,5110.402,10,2026-09-18T18:12:33.378720+00:00
Llama-3.1-8B-Instruct,belief_bank_constraints,attn,17,25878,belief_bank_constraints,4,4282,7764,2141,2141,917,6847,7.6598,4097,0.746407438715131,0.9629225736095965,0.9569809376609995,0.840952380952381,0.988622165196962,5118.872,10,2026-09-18T18:12:33.378720+00:00
Llama-3.1-8B-Instruct,belief_bank_constraints,attn,17,25878,belief_bank_constraints,24,4282,7764,2141,2141,917,6847,5.9499,4097,0.7470881863560732,0.9792802617230099,0.958397733127254,0.8475696083058046,0.9890091880499446,5125.634,10,2026-09-18T18:12:33.378720+00:00
Llama-3.1-8B-Instruct,belief_bank_constraints,attn,17,25878,belief_bank_constraints,42,4282,7764,2141,2141,917,6847,6.7079,4097,0.7370156636438582,0.9749182115594329,0.9559505409582689,0.8394366197183099,0.9888470525502179,5133.154,10,2026-09-18T18:12:33.378720+00:00
Llama-3.1-8B-Instruct,belief_bank_constraints,attn,17,25878,belief_bank_constraints,64,4282,7764,2141,2141,917,6847,6.0822,4097,0.7382328654004955,0.9749182115594329,0.9562081401339516,0.8402255639097744,0.9878828400597003,5140.049,10,2026-09-18T18:12:33.378720+00:00
Llama-3.1-8B-Instruct,belief_bank_constraints,attn,17,25878,belief_bank_constraints,67,4282,7764,2141,2141,917,6847,6.0223,4097,0.7290480065093572,0.9770992366412213,0.9544049459041731,0.8350419384902144,0.9882306828213935,5146.878,10,2026-09-18T18:12:33.378720+00:00
Llama-3.1-8B-Instruct,belief_bank_constraints,attn,17,25878,belief_bank_constraints,104,4282,7764,2141,2141,917,6847,6.7966,4097,0.7124702144559174,0.9781897491821155,0.9507985574446162,0.8244485294117647,0.9853859852176383,5154.496,10,2026-09-18T18:12:33.378720+00:00
Llama-3.1-8B-Instruct,belief_bank_constraints,attn,17,25878,belief_bank_constraints,123,4282,7764,2141,2141,917,6847,7.1089,4097,0.7330612244897959,0.9792802617230099,0.9554353426069037,0.838468720821662,0.987108635085071,5162.427,10,2026-09-18T18:12:33.378720+00:00
Llama-3.1-8B-Instruct,belief_bank_constraints,attn,17,25878,belief_bank_constraints,420,4282,7764,2141,2141,917,6847,6.4525,4097,0.7360197368421053,0.9760087241003271,0.9558217413704276,0.8391936240037506,0.9857877404220206,5169.689,10,2026-09-18T18:12:33.378720+00:00
Llama-3.1-8B-Instruct,belief_bank_constraints,attn,17,25878,belief_bank_constraints,511,4282,7764,2141,2141,917,6847,5.9547,4097,0.712707182320442,0.9847328244274809,0.9513137557959814,0.8269230769230769,0.9862310647476492,5176.465,10,2026-09-18T18:12:33.378720+00:00
Llama-3.1-8B-Instruct,belief_bank_constraints,attn,17,25878,belief_bank_constraints,mean,0,0,0,0,0,0,6.61109,4097.0,0.7309197954630612,0.9763358778625953,0.9547011849562083,0.8359049900873922,0.9871787610777328,9471.354,10,2026-09-18T18:12:33.378720+00:00
Llama-3.1-8B-Instruct,belief_bank_constraints,attn,17,25878,belief_bank_constraints,std,0,0,0,0,0,0,0.5912869886104377,0.0,0.012197489403234802,0.005253735864970942,0.002455347186543586,0.007112124660295456,0.0014867382274205581,9471.354,10,2026-09-18T18:12:33.378720+00:00
Llama-3.1-8B-Instruct,belief_bank_constraints,attn,17,25878,belief_bank_facts,2,4282,27416,2141,2141,1971,25445,7.2498,4097,0.16406978292715407,0.6250634195839675,0.7440910417274584,0.25991561181434597,0.7606065110540248,5185.499,10,2026-09-18T18:12:33.378720+00:00
Llama-3.1-8B-Instruct,belief_bank_constraints,attn,17,25878,belief_bank_facts,4,4282,27416,2141,2141,1971,25445,7.7112,4097,0.1361247669096457,0.8148148148148148,0.6149328859060402,0.23327765269808992,0.7428685082846489,5194.962,10,2026-09-18T18:12:33.378720+00:00
Llama-3.1-8B-Instruct,belief_bank_constraints,attn,17,25878,belief_bank_facts,24,4282,27416,2141,2141,1971,25445,6.7185,4097,0.11503267973856209,0.8036529680365296,0.5413991829588561,0.20125786163522014,0.7441849537890689,5203.457,10,2026-09-18T18:12:33.378720+00:00
Llama-3.1-8B-Instruct,belief_bank_constraints,attn,17,25878,belief_bank_facts,42,4282,27416,2141,2141,1971,25445,7.4677,4097,0.1627454991816694,0.8072044647387113,0.6875911876276627,0.2708776708946965,0.8015069858995921,5212.649,10,2026-09-18T18:12:33.378720+00:00
Llama-3.1-8B-Instruct,belief_bank_constraints,attn,17,25878,belief_bank_facts,64,4282,27416,2141,2141,1971,25445,7.0622,4097,0.15027322404371585,0.7534246575342466,0.6759921213889699,0.2505694760820046,0.7846818163827453,5221.469,10,2026-09-18T18:12:33.378720+00:00
Llama-3.1-8B-Instruct,belief_bank_constraints,attn,17,25878,belief_bank_facts,67,4282,27416,2141,2141,1971,25445,6.7188,4097,0.13389921235757438,0.8883815322171487,0.5788590604026845,0.23272195640616694,0.7772190274404289,5229.973,10,2026-09-18T18:12:33.378720+00:00
Llama-3.1-8B-Instruct,belief_bank_constraints,attn,17,25878,belief_bank_facts,104,4282,27416,2141,2141,1971,25445,7.7994,4097,0.1398263360486975,0.7924911212582445,0.6345929384301138,0.237711155075331,0.7334629390855956,5239.5,10,2026-09-18T18:12:33.378720+00:00
Llama-3.1-8B-Instruct,belief_bank_constraints,attn,17,25878,belief_bank_facts,123,4282,27416,2141,2141,1971,25445,7.9614,4097,0.12861656135683405,0.7848807711821411,0.6022395681353954,0.22101578684191728,0.7833393699704868,5249.196,10,2026-09-18T18:12:33.378720+00:00
Llama-3.1-8B-Instruct,belief_bank_constraints,attn,17,25878,belief_bank_facts,420,4282,27416,2141,2141,1971,25445,6.941,4097,0.137624950019992,0.8731608320649417,0.5975342865480011,0.2377728654324399,0.8095331810166655,5257.914,10,2026-09-18T18:12:33.378720+00:00
Llama-3.1-8B-Instruct,belief_bank_constraints,attn,17,25878,belief_bank_facts,511,4282,27416,2141,2141,1971,25445,6.9902,4097,0.1563116834288937,0.8437341451040081,0.6613656259118763,0.26375892149088026,0.7418230983172287,5266.65,10,2026-09-18T18:12:33.378720+00:00
Llama-3.1-8B-Instruct,belief_bank_constraints,attn,17,25878,belief_bank_facts,mean,0,0,0,0,0,0,7.26202,4097.0,0.1424524696012739,0.7986808726534754,0.6338597899037058,0.24088789583710923,0.7679226391240486,9471.354,10,2026-09-18T18:12:33.378720+00:00
Llama-3.1-8B-Instruct,belief_bank_constraints,attn,17,25878,belief_bank_facts,std,0,0,0,0,0,0,0.4277260637370607,0.0,0.014896422656419033,0.06957071821032705,0.05641089101722265,0.019970205768301257,0.025646995647112997,9471.354,10,2026-09-18T18:12:33.378720+00:00
Llama-3.1-8B-Instruct,belief_bank_constraints,attn,17,25878,halu_eval,2,4282,10000,2141,2141,1912,8088,7.2248,4097,0.19223793978962642,0.27719665271966526,0.6391,0.22702934247162132,0.5011970831315778,5274.771,10,2026-09-18T18:12:33.378720+00:00
Llama-3.1-8B-Instruct,belief_bank_constraints,attn,17,25878,halu_eval,4,4282,10000,2141,2141,1912,8088,7.4033,4097,0.1896097046413502,0.3760460251046025,0.5734,0.25210378681626927,0.4971692139602448,5283.068,10,2026-09-18T18:12:33.378720+00:00
Llama-3.1-8B-Instruct,belief_bank_constraints,attn,17,25878,halu_eval,24,4282,10000,2141,2141,1912,8088,6.995,4097,0.18826493880489562,0.2735355648535565,0.6356,0.2230277185501066,0.4965673421340154,5290.936,10,2026-09-18T18:12:33.378720+00:00
Llama-3.1-8B-Instruct,belief_bank_constraints,attn,17,25878,halu_eval,42,4282,10000,2141,2141,1912,8088,7.3486,4097,0.1898009271884374,0.36401673640167365,0.5813,0.24950708012188563,0.501984156237455,5299.133,10,2026-09-18T18:12:33.378720+00:00
Llama-3.1-8B-Instruct,belief_bank_constraints,attn,17,25878,halu_eval,64,4282,10000,2141,2141,1912,8088,6.9023,4097,0.18879381727849848,0.3577405857740586,0.5833,0.24715447154471545,0.49897896801501473,5306.923,10,2026-09-18T18:12:33.378720+00:00
Llama-3.1-8B-Instruct,belief_bank_constraints,attn,17,25878,halu_eval,67,4282,10000,2141,2141,1912,8088,6.9106,4097,0.19561855670103093,0.3969665271966527,0.5726,0.262085635359116,0.5002805178600251,5314.717,10,2026-09-18T18:12:33.378720+00:00
Llama-3.1-8B-Instruct,belief_bank_constraints,attn,17,25878,halu_eval,104,4282,10000,2141,2141,1912,8088,7.3032,4097,0.18993772533595543,0.6061715481171548,0.4304,0.2892438233092089,0.49870278272682506,5322.904,10,2026-09-18T18:12:33.378720+00:00
Llama-3.1-8B-Instruct,belief_bank_constraints,attn,17,25878,halu_eval,123,4282,10000,2141,2141,1912,8088,8.0398,4097,0.19272168118913377,0.19665271966527198,0.6889,0.1946673569764432,0.5013258316468636,5331.832,10,2026-09-18T18:12:33.378720+00:00
Llama-3.1-8B-Instruct,belief_bank_constraints,attn,17,25878,halu_eval,420,4282,10000,2141,2141,1912,8088,7.0833,4097,0.1950330371383003,0.4476987447698745,0.5411,0.2717029043009046,0.508033202502597,5339.801,10,2026-09-18T18:12:33.378720+00:00
Llama-3.1-8B-Instruct,belief_bank_constraints,attn,17,25878,halu_eval,511,4282,10000,2141,2141,1912,8088,6.607,4097,0.19357995693873556,0.5172594142259415,0.4957,0.2817262498219627,0.5014913746901242,5347.29,10,2026-09-18T18:12:33.378720+00:00
Llama-3.1-8B-Instruct,belief_bank_constraints,attn,17,25878,halu_eval,mean,0,0,0,0,0,0,7.1817899999999995,4097.0,0.1915598285005964,0.38132845188284514,0.5741400000000001,0.24982483692722335,0.5005730472904742,9471.354,10,2026-09-18T18:12:33.378720+00:00
Llama-3.1-8B-Instruct,belief_bank_constraints,attn,17,25878,halu_eval,std,0,0,0,0,0,0,0.36827933270820384,0.0,0.0024992430874053546,0.11451334452345842,0.07015036992062122,0.027373393634754467,0.0030528819394630615,9471.354,10,2026-09-18T18:12:33.378720+00:00
Llama-3.1-8B-Instruct,belief_bank_constraints,attn,18,25878,belief_bank_constraints,2,4282,7764,2141,2141,917,6847,9.6801,4097,0.6972049689440993,0.9792802617230099,0.9473209685729006,0.8145124716553288,0.9827085197108509,5358.657,10,2026-09-18T18:12:33.378720+00:00
Llama-3.1-8B-Instruct,belief_bank_constraints,attn,18,25878,belief_bank_constraints,4,4282,7764,2141,2141,917,6847,9.7981,4097,0.75,0.9749182115594329,0.9586553323029366,0.8477951635846372,0.9863900945084325,5369.239,10,2026-09-18T18:12:33.378720+00:00
Llama-3.1-8B-Instruct,belief_bank_constraints,attn,18,25878,belief_bank_constraints,24,4282,7764,2141,2141,917,6847,9.0399,4097,0.70141065830721,0.9760087241003271,0.9480937660999484,0.8162334701322389,0.9828806095020642,5379.034,10,2026-09-18T18:12:33.378720+00:00
Llama-3.1-8B-Instruct,belief_bank_constraints,attn,18,25878,belief_bank_constraints,42,4282,7764,2141,2141,917,6847,8.9728,4097,0.70078125,0.9781897491821155,0.9480937660999484,0.8165680473372781,0.9846374224978774,5388.806,10,2026-09-18T18:12:33.378720+00:00
Llama-3.1-8B-Instruct,belief_bank_constraints,attn,18,25878,belief_bank_constraints,64,4282,7764,2141,2141,917,6847,8.2947,4097,0.7286063569682152,0.9749182115594329,0.9541473467284904,0.8339552238805971,0.9839790058418152,5397.907,10,2026-09-18T18:12:33.378720+00:00
Llama-3.1-8B-Instruct,belief_bank_constraints,attn,18,25878,belief_bank_constraints,67,4282,7764,2141,2141,917,6847,7.6905,4097,0.6963309914129586,0.9727371864776445,0.9466769706336939,0.8116469517743403,0.983876834994001,5406.405,10,2026-09-18T18:12:33.378720+00:00
Llama-3.1-8B-Instruct,belief_bank_constraints,attn,18,25878,belief_bank_constraints,104,4282,7764,2141,2141,917,6847,7.1968,4097,0.6928406466512702,0.9814612868047983,0.9464193714580114,0.8122743682310469,0.9831579758800348,5414.414,10,2026-09-18T18:12:33.378720+00:00
Llama-3.1-8B-Instruct,belief_bank_constraints,attn,18,25878,belief_bank_constraints,123,4282,7764,2141,2141,917,6847,8.8033,4097,0.7104642014162077,0.9847328244274809,0.9507985574446162,0.8254113345521024,0.9855638883150794,5424.036,10,2026-09-18T18:12:33.378720+00:00
Llama-3.1-8B-Instruct,belief_bank_constraints,attn,18,25878,belief_bank_constraints,420,4282,7764,2141,2141,917,6847,8.6837,4097,0.7144,0.9738276990185387,0.9509273570324575,0.8241808952468851,0.9846754877085204,5433.539,10,2026-09-18T18:12:33.378720+00:00
Llama-3.1-8B-Instruct,belief_bank_constraints,attn,18,25878,belief_bank_constraints,511,4282,7764,2141,2141,917,6847,8.1662,4097,0.6990740740740741,0.9880043620501636,0.9483513652756311,0.8187980117487573,0.9826088175273255,5442.522,10,2026-09-18T18:12:33.378720+00:00
Llama-3.1-8B-Instruct,belief_bank_constraints,attn,18,25878,belief_bank_constraints,mean,0,0,0,0,0,0,8.632610000000001,4097.0,0.7091113147774035,0.9784078516902944,0.9499484801648634,0.8221375938143213,0.9840478656486,9471.354,10,2026-09-18T18:12:33.378720+00:00
Llama-3.1-8B-Instruct,belief_bank_constraints,attn,18,25878,belief_bank_constraints,std,0,0,0,0,0,0,0.7778049208509804,0.0,0.01697353943870371,0.004748427711467236,0.0036689574870074873,0.010748815451516229,0.0012074327472647957,9471.354,10,2026-09-18T18:12:33.378720+00:00
Llama-3.1-8B-Instruct,belief_bank_constraints,attn,18,25878,belief_bank_facts,2,4282,27416,2141,2141,1971,25445,8.9668,4097,0.15851634943875062,0.823947234906139,0.6728917420484388,0.26588081204977076,0.7280313414624054,5453.267,10,2026-09-18T18:12:33.378720+00:00
Llama-3.1-8B-Instruct,belief_bank_constraints,attn,18,25878,belief_bank_facts,4,4282,27416,2141,2141,1971,25445,8.8267,4097,0.16739571108503148,0.7960426179604262,0.7006857309600233,0.27662200282087446,0.7290934306931743,5463.871,10,2026-09-18T18:12:33.378720+00:00
Llama-3.1-8B-Instruct,belief_bank_constraints,attn,18,25878,belief_bank_facts,24,4282,27416,2141,2141,1971,25445,8.7662,4097,0.1452690819556806,0.8381532217148655,0.6338269623577473,0.24762047515551225,0.753302907884506,5474.404,10,2026-09-18T18:12:33.378720+00:00
Llama-3.1-8B-Instruct,belief_bank_constraints,attn,18,25878,belief_bank_facts,42,4282,27416,2141,2141,1971,25445,9.3554,4097,0.13389310220296136,0.7524099441907661,0.6322950102130143,0.22733195370583276,0.660926148748123,5485.519,10,2026-09-18T18:12:33.378720+00:00
Llama-3.1-8B-Instruct,belief_bank_constraints,attn,18,25878,belief_bank_facts,64,4282,27416,2141,2141,1971,25445,9.4354,4097,0.16183738734373485,0.8472856418061897,0.6735482929676102,0.27176566314076483,0.7583385200558419,5496.709,10,2026-09-18T18:12:33.378720+00:00
Llama-3.1-8B-Instruct,belief_bank_constraints,attn,18,25878,belief_bank_facts,67,4282,27416,2141,2141,1971,25445,8.4032,4097,0.14389444788807226,0.8244545915778793,0.6347388386343741,0.24502412545235222,0.6969722401427099,5506.813,10,2026-09-18T18:12:33.378720+00:00
Llama-3.1-8B-Instruct,belief_bank_constraints,attn,18,25878,belief_bank_facts,104,4282,27416,2141,2141,1971,25445,8.4823,4097,0.16286348949919224,0.8183663115169965,0.6845272833381967,0.27166315789473683,0.7115704937151678,5517.02,10,2026-09-18T18:12:33.378720+00:00
Llama-3.1-8B-Instruct,belief_bank_constraints,attn,18,25878,belief_bank_facts,123,4282,27416,2141,2141,1971,25445,9.8103,4097,0.15768987055309133,0.8838153221714865,0.6522468631456084,0.2676294361653096,0.7503321645885382,5528.544,10,2026-09-18T18:12:33.378720+00:00
Llama-3.1-8B-Instruct,belief_bank_constraints,attn,18,25878,belief_bank_facts,420,4282,27416,2141,2141,1971,25445,9.5161,4097,0.16545058277267127,0.8858447488584474,0.6705573387802742,0.2788246566592143,0.767163824362671,5539.769,10,2026-09-18T18:12:33.378720+00:00
Llama-3.1-8B-Instruct,belief_bank_constraints,attn,18,25878,belief_bank_facts,511,4282,27416,2141,2141,1971,25445,9.1224,4097,0.1535734815098678,0.8132927447995941,0.6643201050481471,0.2583608671125796,0.7187170944703307,5550.608,10,2026-09-18T18:12:33.378720+00:00
Llama-3.1-8B-Instruct,belief_bank_constraints,attn,18,25878,belief_bank_facts,mean,0,0,0,0,0,0,9.06848,4097.0,0.15503835042490538,0.8283612379502792,0.6619638167493435,0.2610723150156947,0.727444816612347,9471.354,10,2026-09-18T18:12:33.378720+00:00
Llama-3.1-8B-Instruct,belief_bank_constraints,attn,18,25878,belief_bank_facts,std,0,0,0,0,0,0,0.43782363755283915,0.0,0.010279096356754374,0.03742769170183194,0.02202057287566477,0.015600736739375624,0.03067414605640342,9471.354,10,2026-09-18T18:12:33.378720+00:00
Llama-3.1-8B-Instruct,belief_bank_constraints,attn,18,25878,halu_eval,2,4282,10000,2141,2141,1912,8088,9.5598,4097,0.187593423019432,0.6563807531380753,0.3908,0.2917926063706115,0.4923205164218699,5561.041,10,2026-09-18T18:12:33.378720+00:00
Llama-3.1-8B-Instruct,belief_bank_constraints,attn,18,25878,halu_eval,4,4282,10000,2141,2141,1912,8088,9.9822,4097,0.19058570990493715,0.6501046025104602,0.4052,0.2947593075646194,0.49789508140579153,5571.895,10,2026-09-18T18:12:33.378720+00:00
Llama-3.1-8B-Instruct,belief_bank_constraints,attn,18,25878,halu_eval,24,4282,10000,2141,2141,1912,8088,8.7387,4097,0.18839581036383682,0.7149581589958159,0.3566,0.2982111692844677,0.48744336617293454,5581.504,10,2026-09-18T18:12:33.378720+00:00
Llama-3.1-8B-Instruct,belief_bank_constraints,attn,18,25878,halu_eval,42,4282,10000,2141,2141,1912,8088,9.2332,4097,0.1875163912929452,0.747907949790795,0.3322,0.29985321870413084,0.48664239003803356,5591.605,10,2026-09-18T18:12:33.378720+00:00
Llama-3.1-8B-Instruct,belief_bank_constraints,attn,18,25878,halu_eval,64,4282,10000,2141,2141,1912,8088,9.6813,4097,0.19001280409731114,0.7761506276150628,0.3246,0.3052869779880683,0.49839432947824974,5602.169,10,2026-09-18T18:12:33.378720+00:00
Llama-3.1-8B-Instruct,belief_bank_constraints,attn,18,25878,halu_eval,67,4282,10000,2141,2141,1912,8088,8.3843,4097,0.18807157057654075,0.7421548117154811,0.3381,0.300095167600719,0.48938665397158454,5611.406,10,2026-09-18T18:12:33.378720+00:00
Llama-3.1-8B-Instruct,belief_bank_constraints,attn,18,25878,halu_eval,104,4282,10000,2141,2141,1912,8088,8.4235,4097,0.18945369558866493,0.678347280334728,0.3836,0.2961863439141357,0.4963602516668115,5620.708,10,2026-09-18T18:12:33.378720+00:00
Llama-3.1-8B-Instruct,belief_bank_constraints,attn,18,25878,halu_eval,123,4282,10000,2141,2141,1912,8088,9.7958,4097,0.19004961411245866,0.7212343096234309,0.359,0.3008289703315881,0.49505226762929944,5631.39,10,2026-09-18T18:12:33.378720+00:00
Llama-3.1-8B-Instruct,belief_bank_constraints,attn,18,25878,halu_eval,420,4282,10000,2141,2141,1912,8088,9.2949,4097,0.1874219725343321,0.6281380753138075,0.4082,0.28870192307692305,0.4847756335642659,5641.572,10,2026-09-18T18:12:33.378720+00:00
Llama-3.1-8B-Instruct,belief_bank_constraints,attn,18,25878,halu_eval,511,4282,10000,2141,2141,1912,8088,9.3946,4097,0.18890587464511902,0.4524058577405858,0.5239,0.2665228778308427,0.49313099834870816,5651.855,10,2026-09-18T18:12:33.378720+00:00
Llama-3.1-8B-Instruct,belief_bank_constraints,attn,18,25878,halu_eval,mean,0,0,0,0,0,0,9.24883,4097.0,0.18880068661355776,0.6767782426778243,0.38221999999999995,0.29422385626661063,0.49214014886975493,9471.354,10,2026-09-18T18:12:33.378720+00:00
Llama-3.1-8B-Instruct,belief_bank_constraints,attn,18,25878,halu_eval,std,0,0,0,0,0,0,0.5322753386171485,0.0,0.001111581280329061,0.08745357931019358,0.05505994551395779,0.010276020006494701,0.004622131345182363,9471.354,10,2026-09-18T18:12:33.378720+00:00
Llama-3.1-8B-Instruct,belief_bank_constraints,attn,19,25878,belief_bank_constraints,2,4282,7764,2141,2141,917,6847,10.0255,4097,0.6927803379416283,0.9836423118865867,0.9465481710458526,0.8129788192879676,0.9845407464189637,5663.695,10,2026-09-18T18:12:33.378720+00:00
Llama-3.1-8B-Instruct,belief_bank_constraints,attn,19,25878,belief_bank_constraints,4,4282,7764,2141,2141,917,6847,10.6133,4097,0.7447698744769874,0.9705561613958561,0.9572385368366821,0.8428030303030303,0.9870833113675301,5675.121,10,2026-09-18T18:12:33.378720+00:00
Llama-3.1-8B-Instruct,belief_bank_constraints,attn,19,25878,belief_bank_constraints,24,4282,7764,2141,2141,917,6847,9.6155,4097,0.6991426344505066,0.9781897491821155,0.9477073673364246,0.8154545454545454,0.9859461331081488,5685.533,10,2026-09-18T18:12:33.378720+00:00
Llama-3.1-8B-Instruct,belief_bank_constraints,attn,19,25878,belief_bank_constraints,42,4282,7764,2141,2141,917,6847,9.6857,4097,0.6948356807511737,0.9683751363140676,0.9460329726944874,0.8091116173120729,0.9818577065089439,5695.993,10,2026-09-18T18:12:33.378720+00:00
Llama-3.1-8B-Instruct,belief_bank_constraints,attn,19,25878,belief_bank_constraints,64,4282,7764,2141,2141,917,6847,9.5915,4097,0.7224919093851133,0.9738276990185387,0.9527305512622359,0.8295401764979099,0.9829134188468025,5706.39,10,2026-09-18T18:12:33.378720+00:00
Llama-3.1-8B-Instruct,belief_bank_constraints,attn,19,25878,belief_bank_constraints,67,4282,7764,2141,2141,917,6847,8.2528,4097,0.7038796516231196,0.9694656488549618,0.9482225656877898,0.8155963302752294,0.9829827803498782,5715.448,10,2026-09-18T18:12:33.378720+00:00
Llama-3.1-8B-Instruct,belief_bank_constraints,attn,19,25878,belief_bank_constraints,104,4282,7764,2141,2141,917,6847,8.7064,4097,0.7051482059282371,0.9858233369683751,0.9496393611540443,0.8221919054115507,0.9844560154898332,5724.971,10,2026-09-18T18:12:33.378720+00:00
Llama-3.1-8B-Instruct,belief_bank_constraints,attn,19,25878,belief_bank_constraints,123,4282,7764,2141,2141,917,6847,9.6245,4097,0.6904761904761905,0.9803707742639041,0.9457753735188047,0.8102748986029743,0.9834257065038475,5735.396,10,2026-09-18T18:12:33.378720+00:00
Llama-3.1-8B-Instruct,belief_bank_constraints,attn,19,25878,belief_bank_constraints,420,4282,7764,2141,2141,917,6847,8.3447,4097,0.7006220839813375,0.9825517993456925,0.9483513652756311,0.8179754879709487,0.9843875299644083,5744.549,10,2026-09-18T18:12:33.378720+00:00
Llama-3.1-8B-Instruct,belief_bank_constraints,attn,19,25878,belief_bank_constraints,511,4282,7764,2141,2141,917,6847,8.9785,4097,0.7084639498432602,0.9858233369683751,0.9504121586810922,0.8244414044687642,0.9846930072615362,5754.34,10,2026-09-18T18:12:33.378720+00:00
Llama-3.1-8B-Instruct,belief_bank_constraints,attn,19,25878,belief_bank_constraints,mean,0,0,0,0,0,0,9.34384,4097.0,0.7062610518857555,0.9778625954198473,0.9492658423493043,0.8200368215584992,0.9842286355819893,9471.354,10,2026-09-18T18:12:33.378720+00:00
Llama-3.1-8B-Instruct,belief_bank_constraints,attn,19,25878,belief_bank_constraints,std,0,0,0,0,0,0,0.7166180338227611,0.0,0.015498492942249784,0.00647088492874451,0.0033375997022151408,0.009706151089316798,0.0014504111474104996,9471.354,10,2026-09-18T18:12:33.378720+00:00
Llama-3.1-8B-Instruct,belief_bank_constraints,attn,19,25878,belief_bank_facts,2,4282,27416,2141,2141,1971,25445,9.3395,4097,0.1583232810615199,0.532724505327245,0.7628027429238401,0.24410089503661514,0.6070700934826352,5765.454,10,2026-09-18T18:12:33.378720+00:00
Llama-3.1-8B-Instruct,belief_bank_constraints,attn,19,25878,belief_bank_facts,4,4282,27416,2141,2141,1971,25445,9.6846,4097,0.17275344749204424,0.578386605783866,0.7705719288007004,0.2660443407234539,0.679135228548279,5776.908,10,2026-09-18T18:12:33.378720+00:00
Llama-3.1-8B-Instruct,belief_bank_constraints,attn,19,25878,belief_bank_facts,24,4282,27416,2141,2141,1971,25445,8.7024,4097,0.13489672977624784,0.6362252663622526,0.6805150277210388,0.22259696458684655,0.7260574857341453,5787.382,10,2026-09-18T18:12:33.378720+00:00
Llama-3.1-8B-Instruct,belief_bank_constraints,attn,19,25878,belief_bank_facts,42,4282,27416,2141,2141,1971,25445,8.8823,4097,0.1714619541404995,0.595636732623034,0.7640064196089874,0.26627353141301885,0.739331347972602,5798.037,10,2026-09-18T18:12:33.378720+00:00
Llama-3.1-8B-Instruct,belief_bank_constraints,attn,19,25878,belief_bank_facts,64,4282,27416,2141,2141,1971,25445,9.4037,4097,0.1830257029498016,0.5383054287163876,0.7940618616866063,0.2731719876416066,0.7373477518735757,5809.17,10,2026-09-18T18:12:33.378720+00:00
Llama-3.1-8B-Instruct,belief_bank_constraints,attn,19,25878,belief_bank_facts,67,4282,27416,2141,2141,1971,25445,8.4055,4097,0.14913657770800628,0.9157787924911213,0.6183250656550919,0.2565013500071053,0.737676123001442,5819.349,10,2026-09-18T18:12:33.378720+00:00
Llama-3.1-8B-Instruct,belief_bank_constraints,attn,19,25878,belief_bank_facts,104,4282,27416,2141,2141,1971,25445,9.6953,4097,0.1652764905776954,0.5428716387620497,0.7700248030347242,0.2534043812907046,0.6389133793912298,5830.823,10,2026-09-18T18:12:33.378720+00:00
Llama-3.1-8B-Instruct,belief_bank_constraints,attn,19,25878,belief_bank_facts,123,4282,27416,2141,2141,1971,25445,10.1829,4097,0.15108010197236013,0.5712836123795028,0.7384009337613072,0.23896434634974534,0.6384876942827613,5842.785,10,2026-09-18T18:12:33.378720+00:00
Llama-3.1-8B-Instruct,belief_bank_constraints,attn,19,25878,belief_bank_facts,420,4282,27416,2141,2141,1971,25445,9.3855,4097,0.13797313797313798,0.7453069507864029,0.646921505690108,0.23284197178633698,0.7707457285682682,5853.951,10,2026-09-18T18:12:33.378720+00:00
Llama-3.1-8B-Instruct,belief_bank_constraints,attn,19,25878,belief_bank_facts,511,4282,27416,2141,2141,1971,25445,9.9322,4097,0.15060240963855423,0.532724505327245,0.7504012255617157,0.23482053002348205,0.6065748699032414,5865.661,10,2026-09-18T18:12:33.378720+00:00
Llama-3.1-8B-Instruct,belief_bank_constraints,attn,19,25878,belief_bank_facts,mean,0,0,0,0,0,0,9.36139,4097.0,0.15745298332898675,0.6189244038559106,0.729603151444412,0.24887202988589152,0.6881339702758179,9471.354,10,2026-09-18T18:12:33.378720+00:00
Llama-3.1-8B-Instruct,belief_bank_constraints,attn,19,25878,belief_bank_facts,std,0,0,0,0,0,0,0.5288699905458806,0.0,0.014802836444313879,0.1166164469636417,0.05647277695420202,0.01591430043994567,0.05826845109127775,9471.354,10,2026-09-18T18:12:33.378720+00:00
Llama-3.1-8B-Instruct,belief_bank_constraints,attn,19,25878,halu_eval,2,4282,10000,2141,2141,1912,8088,10.3252,4097,0.19450267877940833,0.4367154811715481,0.5465,0.26913779210314265,0.5027942501727856,5876.871,10,2026-09-18T18:12:33.378720+00:00
Llama-3.1-8B-Instruct,belief_bank_constraints,attn,19,25878,halu_eval,4,4282,10000,2141,2141,1912,8088,10.6357,4097,0.18734968734968735,0.4074267782426778,0.5488,0.25667215815485994,0.4951508821374918,5888.392,10,2026-09-18T18:12:33.378720+00:00
Llama-3.1-8B-Instruct,belief_bank_constraints,attn,19,25878,halu_eval,24,4282,10000,2141,2141,1912,8088,9.3143,4097,0.18722680913064593,0.40324267782426776,0.5512,0.2557213930348259,0.4988209908061532,5898.589,10,2026-09-18T18:12:33.378720+00:00
Llama-3.1-8B-Instruct,belief_bank_constraints,attn,19,25878,halu_eval,42,4282,10000,2141,2141,1912,8088,9.8701,4097,0.18842936802973978,0.42416317991631797,0.5406,0.26093951093951095,0.4938244038381155,5909.335,10,2026-09-18T18:12:33.378720+00:00
Llama-3.1-8B-Instruct,belief_bank_constraints,attn,19,25878,halu_eval,64,4282,10000,2141,2141,1912,8088,9.4132,4097,0.19356846473029046,0.48797071129707115,0.5134,0.27718360071301246,0.4979929845962198,5919.623,10,2026-09-18T18:12:33.378720+00:00
Llama-3.1-8B-Instruct,belief_bank_constraints,attn,19,25878,halu_eval,67,4282,10000,2141,2141,1912,8088,8.2109,4097,0.18682588597842836,0.5073221757322176,0.4836,0.2730855855855856,0.49232446100219757,5928.696,10,2026-09-18T18:12:33.378720+00:00
Llama-3.1-8B-Instruct,belief_bank_constraints,attn,19,25878,halu_eval,104,4282,10000,2141,2141,1912,8088,9.9801,4097,0.18968133535660092,0.5230125523012552,0.4816,0.27839643652561247,0.49926081151269097,5939.51,10,2026-09-18T18:12:33.378720+00:00
Llama-3.1-8B-Instruct,belief_bank_constraints,attn,19,25878,halu_eval,123,4282,10000,2141,2141,1912,8088,10.0679,4097,0.1897725063192689,0.5104602510460251,0.4897,0.27668320340184266,0.49913891751404016,5950.453,10,2026-09-18T18:12:33.378720+00:00
Llama-3.1-8B-Instruct,belief_bank_constraints,attn,19,25878,halu_eval,420,4282,10000,2141,2141,1912,8088,9.281,4097,0.19002932551319648,0.5083682008368201,0.4917,0.2766472178739149,0.49919336565561256,5960.619,10,2026-09-18T18:12:33.378720+00:00
Llama-3.1-8B-Instruct,belief_bank_constraints,attn,19,25878,halu_eval,511,4282,10000,2141,2141,1912,8088,9.8442,4097,0.19083567415730338,0.5685146443514645,0.4566,0.28575184016824395,0.4973725538428748,5971.338,10,2026-09-18T18:12:33.378720+00:00
Llama-3.1-8B-Instruct,belief_bank_constraints,attn,19,25878,halu_eval,mean,0,0,0,0,0,0,9.694260000000002,4097.0,0.189822173534457,0.4777196652719665,0.51037,0.27102187385005516,0.4975873621078182,9471.354,10,2026-09-18T18:12:33.378720+00:00
Llama-3.1-8B-Instruct,belief_bank_constraints,attn,19,25878,halu_eval,std,0,0,0,0,0,0,0.6444852724461592,0.0,0.0024657853792704114,0.053221609299549444,0.03253266204908537,0.009604685698822056,0.002905608669416491,9471.354,10,2026-09-18T18:12:33.378720+00:00
Llama-3.1-8B-Instruct,belief_bank_constraints,attn,20,25878,belief_bank_constraints,2,4282,7764,2141,2141,917,6847,9.2584,4097,0.6861089792785878,0.9749182115594329,0.9443585780525502,0.8054054054054054,0.9818779336292438,5982.235,10,2026-09-18T18:12:33.378720+00:00
Llama-3.1-8B-Instruct,belief_bank_constraints,attn,20,25878,belief_bank_constraints,4,4282,7764,2141,2141,917,6847,10.1838,4097,0.7306122448979592,0.9760087241003271,0.9546625450798557,0.8356676003734828,0.9861502359007813,5993.194,10,2026-09-18T18:12:33.378720+00:00
Llama-3.1-8B-Instruct,belief_bank_constraints,attn,20,25878,belief_bank_constraints,24,4282,7764,2141,2141,917,6847,8.2833,4097,0.7159810126582279,0.9869138495092693,0.9522153529108707,0.8298945437872536,0.9864163738379558,6002.222,10,2026-09-18T18:12:33.378720+00:00
Llama-3.1-8B-Instruct,belief_bank_constraints,attn,20,25878,belief_bank_constraints,42,4282,7764,2141,2141,917,6847,8.9337,4097,0.7099841521394612,0.9770992366412213,0.9501545595054096,0.8223955943093162,0.9866291567727646,6011.937,10,2026-09-18T18:12:33.378720+00:00
Llama-3.1-8B-Instruct,belief_bank_constraints,attn,20,25878,belief_bank_constraints,64,4282,7764,2141,2141,917,6847,9.3765,4097,0.7334437086092715,0.9661941112322792,0.9545337454920144,0.8338823529411765,0.9819839269249888,6022.094,10,2026-09-18T18:12:33.378720+00:00
Llama-3.1-8B-Instruct,belief_bank_constraints,attn,20,25878,belief_bank_constraints,67,4282,7764,2141,2141,917,6847,8.8102,4097,0.7000783085356304,0.9749182115594329,0.9477073673364246,0.8149498632634458,0.9830562032038803,6031.673,10,2026-09-18T18:12:33.378720+00:00
Llama-3.1-8B-Instruct,belief_bank_constraints,attn,20,25878,belief_bank_constraints,104,4282,7764,2141,2141,917,6847,9.5655,4097,0.6968992248062016,0.9803707742639041,0.9473209685729006,0.8146805618486633,0.9860092034990051,6041.988,10,2026-09-18T18:12:33.378720+00:00
Llama-3.1-8B-Instruct,belief_bank_constraints,attn,20,25878,belief_bank_constraints,123,4282,7764,2141,2141,917,6847,10.5932,4097,0.7130365659777425,0.9781897491821155,0.9509273570324575,0.8248275862068966,0.9852907425566985,6053.368,10,2026-09-18T18:12:33.378720+00:00
Llama-3.1-8B-Instruct,belief_bank_constraints,attn,20,25878,belief_bank_constraints,420,4282,7764,2141,2141,917,6847,8.1822,4097,0.7083993660855784,0.9749182115594329,0.9496393611540443,0.8205598898577329,0.9844427961907395,6062.344,10,2026-09-18T18:12:33.378720+00:00
Llama-3.1-8B-Instruct,belief_bank_constraints,attn,20,25878,belief_bank_constraints,511,4282,7764,2141,2141,917,6847,8.9814,4097,0.70546875,0.9847328244274809,0.9496393611540443,0.8220300409649522,0.9826231517070655,6072.123,10,2026-09-18T18:12:33.378720+00:00
Llama-3.1-8B-Instruct,belief_bank_constraints,attn,20,25878,belief_bank_constraints,mean,0,0,0,0,0,0,9.216819999999998,4097.0,0.710001231298866,0.9774263904034897,0.9501159196290573,0.8224293438958326,0.9844479724223122,9471.354,10,2026-09-18T18:12:33.378720+00:00
Llama-3.1-8B-Instruct,belief_bank_constraints,attn,20,25878,belief_bank_constraints,std,0,0,0,0,0,0,0.7225713830480693,0.0,0.013723742176362427,0.005475415577157328,0.0030408979872921763,0.008816801019069353,0.0018061343480604815,9471.354,10,2026-09-18T18:12:33.378720+00:00
Llama-3.1-8B-Instruct,belief_bank_constraints,attn,20,25878,belief_bank_facts,2,4282,27416,2141,2141,1971,25445,8.5716,4097,0.12955586536546504,0.6600710299340437,0.6567332944266122,0.21659868475817864,0.7023331129038578,6082.415,10,2026-09-18T18:12:33.378720+00:00
Llama-3.1-8B-Instruct,belief_bank_constraints,attn,20,25878,belief_bank_facts,4,4282,27416,2141,2141,1971,25445,9.1393,4097,0.12781954887218044,0.9401319127346525,0.5345053983075576,0.22504250667962108,0.793178420562491,6093.289,10,2026-09-18T18:12:33.378720+00:00
Llama-3.1-8B-Instruct,belief_bank_constraints,attn,20,25878,belief_bank_facts,24,4282,27416,2141,2141,1971,25445,7.6203,4097,0.14904707607102133,0.928462709284627,0.613765684271958,0.2568601305354762,0.8060082136150044,6102.642,10,2026-09-18T18:12:33.378720+00:00
Llama-3.1-8B-Instruct,belief_bank_constraints,attn,20,25878,belief_bank_facts,42,4282,27416,2141,2141,1971,25445,8.1646,4097,0.1790847008459892,0.8914256722475901,0.6984242777939889,0.298251570191818,0.8537329497401852,6112.58,10,2026-09-18T18:12:33.378720+00:00
Llama-3.1-8B-Instruct,belief_bank_constraints,attn,20,25878,belief_bank_facts,64,4282,27416,2141,2141,1971,25445,8.5687,4097,0.17066065219434265,0.9213597158802638,0.672454041435658,0.28797970187123373,0.8587230403834576,6122.926,10,2026-09-18T18:12:33.378720+00:00
Llama-3.1-8B-Instruct,belief_bank_constraints,attn,20,25878,belief_bank_facts,67,4282,27416,2141,2141,1971,25445,7.8463,4097,0.14140106778838377,0.8868594622019279,0.6047198716078203,0.24391264913137514,0.7571092493743282,6132.549,10,2026-09-18T18:12:33.378720+00:00
Llama-3.1-8B-Instruct,belief_bank_constraints,attn,20,25878,belief_bank_facts,104,4282,27416,2141,2141,1971,25445,9.3482,4097,0.14280066418913576,0.9162861491628614,0.5985555879778232,0.24709262553016828,0.8402298149259766,6143.633,10,2026-09-18T18:12:33.378720+00:00
Llama-3.1-8B-Instruct,belief_bank_constraints,attn,20,25878,belief_bank_facts,123,4282,27416,2141,2141,1971,25445,10.7867,4097,0.12592796260654385,0.9294774226281075,0.531113218558506,0.22180519401900842,0.816801421755163,6156.166,10,2026-09-18T18:12:33.378720+00:00
Llama-3.1-8B-Instruct,belief_bank_constraints,attn,20,25878,belief_bank_facts,420,4282,27416,2141,2141,1971,25445,9.277,4097,0.16612845353426622,0.9396245560629122,0.6565873942223519,0.2823385928805549,0.8531935206295967,6167.194,10,2026-09-18T18:12:33.378720+00:00
Llama-3.1-8B-Instruct,belief_bank_constraints,attn,20,25878,belief_bank_facts,511,4282,27416,2141,2141,1971,25445,9.8089,4097,0.13636026960965855,0.9340436326737697,0.5699591479428071,0.23797828335056878,0.8269535499962664,6178.735,10,2026-09-18T18:12:33.378720+00:00
Llama-3.1-8B-Instruct,belief_bank_constraints,attn,20,25878,belief_bank_facts,mean,0,0,0,0,0,0,8.913160000000001,4097.0,0.1468786261076987,0.8947742262810756,0.6136817916545083,0.25178599389480033,0.8108263293886326,9471.354,10,2026-09-18T18:12:33.378720+00:00
Llama-3.1-8B-Instruct,belief_bank_constraints,attn,20,25878,belief_bank_facts,std,0,0,0,0,0,0,0.9105282073609798,0.0,0.017993332248201238,0.08017429860468621,0.054439924789008,0.02748658176978356,0.046990819802215006,9471.354,10,2026-09-18T18:12:33.378720+00:00
Llama-3.1-8B-Instruct,belief_bank_constraints,attn,20,25878,halu_eval,2,4282,10000,2141,2141,1912,8088,9.6576,4097,0.1917773237997957,0.39278242677824265,0.5674,0.2577213452299245,0.4970053198808918,6189.247,10,2026-09-18T18:12:33.378720+00:00
Llama-3.1-8B-Instruct,belief_bank_constraints,attn,20,25878,halu_eval,4,4282,10000,2141,2141,1912,8088,9.8713,4097,0.18925619834710744,0.4790794979079498,0.508,0.2713270142180095,0.4993527008347508,6200.011,10,2026-09-18T18:12:33.378720+00:00
Llama-3.1-8B-Instruct,belief_bank_constraints,attn,20,25878,halu_eval,24,4282,10000,2141,2141,1912,8088,8.5046,4097,0.19225806451612903,0.4675732217573222,0.5226,0.27247790307832975,0.4992281232281721,6209.405,10,2026-09-18T18:12:33.378720+00:00
Llama-3.1-8B-Instruct,belief_bank_constraints,attn,20,25878,halu_eval,42,4282,10000,2141,2141,1912,8088,9.0902,4097,0.18604157827747136,0.45868200836820083,0.5128,0.26471476003622096,0.4932806014075297,6219.384,10,2026-09-18T18:12:33.378720+00:00
Llama-3.1-8B-Instruct,belief_bank_constraints,attn,20,25878,halu_eval,64,4282,10000,2141,2141,1912,8088,9.2025,4097,0.19027845627747925,0.4074267782426778,0.5552,0.2594072594072594,0.502405515014754,6229.474,10,2026-09-18T18:12:33.378720+00:00
Llama-3.1-8B-Instruct,belief_bank_constraints,attn,20,25878,halu_eval,67,4282,10000,2141,2141,1912,8088,8.9933,4097,0.19376867264191208,0.47489539748953974,0.5218,0.2752349196726281,0.49956761579735876,6239.356,10,2026-09-18T18:12:33.378720+00:00
Llama-3.1-8B-Instruct,belief_bank_constraints,attn,20,25878,halu_eval,104,4282,10000,2141,2141,1912,8088,9.3831,4097,0.18732324072533688,0.5889121338912134,0.4329,0.2842357692793134,0.4946283222419494,6249.61,10,2026-09-18T18:12:33.378720+00:00
Llama-3.1-8B-Instruct,belief_bank_constraints,attn,20,25878,halu_eval,123,4282,10000,2141,2141,1912,8088,10.5705,4097,0.19170579029733958,0.6406903765690377,0.4148,0.2951096121416526,0.499262945465983,6261.017,10,2026-09-18T18:12:33.378720+00:00
Llama-3.1-8B-Instruct,belief_bank_constraints,attn,20,25878,halu_eval,420,4282,10000,2141,2141,1912,8088,9.4818,4097,0.19145262249082667,0.4639121338912134,0.5229,0.27104660045836515,0.49840551656672005,6271.347,10,2026-09-18T18:12:33.378720+00:00
Llama-3.1-8B-Instruct,belief_bank_constraints,attn,20,25878,halu_eval,511,4282,10000,2141,2141,1912,8088,9.73,4097,0.18837818528221004,0.41370292887029286,0.5471,0.2588774341351661,0.49569762683701046,6281.949,10,2026-09-18T18:12:33.378720+00:00
Llama-3.1-8B-Instruct,belief_bank_constraints,attn,20,25878,halu_eval,mean,0,0,0,0,0,0,9.44849,4097.0,0.19022401326556077,0.478765690376569,0.5105500000000001,0.27101526176568697,0.497883428727512,9471.354,10,2026-09-18T18:12:33.378720+00:00
Llama-3.1-8B-Instruct,belief_bank_constraints,attn,20,25878,halu_eval,std,0,0,0,0,0,0,0.5341389415685771,0.0,0.0023037761710316853,0.07472061253430072,0.047111447653410105,0.011286539152318632,0.002583774352865326,9471.354,10,2026-09-18T18:12:33.378720+00:00
Llama-3.1-8B-Instruct,belief_bank_constraints,attn,21,25878,belief_bank_constraints,2,4282,7764,2141,2141,917,6847,8.7089,4097,0.7050980392156863,0.9803707742639041,0.9492529623905204,0.8202554744525548,0.9824090946229467,6292.251,10,2026-09-18T18:12:33.378720+00:00
Llama-3.1-8B-Instruct,belief_bank_constraints,attn,21,25878,belief_bank_constraints,4,4282,7764,2141,2141,917,6847,8.6305,4097,0.7384105960264901,0.9727371864776445,0.9560793405461102,0.8395294117647059,0.9874156254345048,6301.672,10,2026-09-18T18:12:33.378720+00:00
Llama-3.1-8B-Instruct,belief_bank_constraints,attn,21,25878,belief_bank_constraints,24,4282,7764,2141,2141,917,6847,8.3292,4097,0.728744939271255,0.9814612868047983,0.9546625450798557,0.8364312267657993,0.9881447573772847,6310.791,10,2026-09-18T18:12:33.378720+00:00
Llama-3.1-8B-Instruct,belief_bank_constraints,attn,21,25878,belief_bank_constraints,42,4282,7764,2141,2141,917,6847,8.5442,4097,0.7324058919803601,0.9760087241003271,0.9550489438433797,0.8368396446937821,0.9856013164510672,6320.131,10,2026-09-18T18:12:33.378720+00:00
Llama-3.1-8B-Instruct,belief_bank_constraints,attn,21,25878,belief_bank_constraints,64,4282,7764,2141,2141,917,6847,7.8636,4097,0.7245557350565428,0.9781897491821155,0.9535033487892839,0.8324825986078886,0.9842171921284968,6328.769,10,2026-09-18T18:12:33.378720+00:00
Llama-3.1-8B-Instruct,belief_bank_constraints,attn,21,25878,belief_bank_constraints,67,4282,7764,2141,2141,917,6847,7.2423,4097,0.6957878315132605,0.9727371864776445,0.9465481710458526,0.8112778535698044,0.9833857300692389,6336.807,10,2026-09-18T18:12:33.378720+00:00
Llama-3.1-8B-Instruct,belief_bank_constraints,attn,21,25878,belief_bank_constraints,104,4282,7764,2141,2141,917,6847,8.336,4097,0.7193263833199679,0.9781897491821155,0.952344152498712,0.8290203327171903,0.9850629883674947,6345.925,10,2026-09-18T18:12:33.378720+00:00
Llama-3.1-8B-Instruct,belief_bank_constraints,attn,21,25878,belief_bank_constraints,123,4282,7764,2141,2141,917,6847,8.4368,4097,0.7150837988826816,0.9770992366412213,0.9513137557959814,0.8258064516129032,0.9851119634816067,6355.118,10,2026-09-18T18:12:33.378720+00:00
Llama-3.1-8B-Instruct,belief_bank_constraints,attn,21,25878,belief_bank_constraints,420,4282,7764,2141,2141,917,6847,8.4739,4097,0.7145135566188198,0.9770992366412213,0.9511849562081401,0.8254260709350529,0.9862235791204516,6364.386,10,2026-09-18T18:12:33.378720+00:00
Llama-3.1-8B-Instruct,belief_bank_constraints,attn,21,25878,belief_bank_constraints,511,4282,7764,2141,2141,917,6847,7.6751,4097,0.7227564102564102,0.9836423118865867,0.9535033487892839,0.833256351039261,0.9865446647466297,6372.837,10,2026-09-18T18:12:33.378720+00:00
Llama-3.1-8B-Instruct,belief_bank_constraints,attn,21,25878,belief_bank_constraints,mean,0,0,0,0,0,0,8.22405,4097.0,0.7196683182141475,0.977753544165758,0.9523441524987118,0.8290325416158943,0.9854116911799722,9471.354,10,2026-09-18T18:12:33.378720+00:00
Llama-3.1-8B-Instruct,belief_bank_constraints,attn,21,25878,belief_bank_constraints,std,0,0,0,0,0,0,0.4504616992597706,0.0,0.012081406987405188,0.003314871134911811,0.0027364987283025376,0.008193286488157528,0.0016799558043144344,9471.354,10,2026-09-18T18:12:33.378720+00:00
Llama-3.1-8B-Instruct,belief_bank_constraints,attn,21,25878,belief_bank_facts,2,4282,27416,2141,2141,1971,25445,7.9417,4097,0.1288495575221239,0.9233891425672247,0.5456667639334695,0.2261431411530815,0.7878562899515962,6382.49,10,2026-09-18T18:12:33.378720+00:00
Llama-3.1-8B-Instruct,belief_bank_constraints,attn,21,25878,belief_bank_facts,4,4282,27416,2141,2141,1971,25445,8.0855,4097,0.13922077922077922,0.9518011161846778,0.5734607528450539,0.24291078596400362,0.8301237366056193,6392.298,10,2026-09-18T18:12:33.378720+00:00
Llama-3.1-8B-Instruct,belief_bank_constraints,attn,21,25878,belief_bank_facts,24,4282,27416,2141,2141,1971,25445,7.269,4097,0.1223239531439343,0.9218670725520041,0.518857601400642,0.21598811292719167,0.7934297360858006,6401.317,10,2026-09-18T18:12:33.378720+00:00
Llama-3.1-8B-Instruct,belief_bank_constraints,attn,21,25878,belief_bank_facts,42,4282,27416,2141,2141,1971,25445,7.3719,4097,0.1869937786125132,0.8082191780821918,0.7335862270207179,0.3037178265014299,0.815698137834521,6410.401,10,2026-09-18T18:12:33.378720+00:00
Llama-3.1-8B-Instruct,belief_bank_constraints,attn,21,25878,belief_bank_facts,64,4282,27416,2141,2141,1971,25445,7.3118,4097,0.16372522400217215,0.9178082191780822,0.6570615698861978,0.27788018433179723,0.8536713471291679,6419.449,10,2026-09-18T18:12:33.378720+00:00
Llama-3.1-8B-Instruct,belief_bank_constraints,attn,21,25878,belief_bank_facts,67,4282,27416,2141,2141,1971,25445,6.3858,4097,0.13265159153103845,0.9345509893455098,0.5559892033848848,0.2323264173551113,0.7900311542319418,6427.605,10,2026-09-18T18:12:33.378720+00:00
Llama-3.1-8B-Instruct,belief_bank_constraints,attn,21,25878,belief_bank_facts,104,4282,27416,2141,2141,1971,25445,7.3346,4097,0.15409407665505226,0.8975139523084729,0.6384228187919463,0.2630287710950859,0.8182194183513171,6436.664,10,2026-09-18T18:12:33.378720+00:00
Llama-3.1-8B-Instruct,belief_bank_constraints,attn,21,25878,belief_bank_facts,123,4282,27416,2141,2141,1971,25445,7.7138,4097,0.16322844376841905,0.8711314053779807,0.6696819375547126,0.27493995196156923,0.8166842382157714,6446.145,10,2026-09-18T18:12:33.378720+00:00
Llama-3.1-8B-Instruct,belief_bank_constraints,attn,21,25878,belief_bank_facts,420,4282,27416,2141,2141,1971,25445,8.3494,4097,0.12920610792510193,0.9487569761542364,0.5366209512693317,0.22743857942106543,0.8382655500233839,6456.212,10,2026-09-18T18:12:33.378720+00:00
Llama-3.1-8B-Instruct,belief_bank_constraints,attn,21,25878,belief_bank_facts,511,4282,27416,2141,2141,1971,25445,7.8562,4097,0.1375036884036589,0.945712836123795,0.5696308724832215,0.24009789399111225,0.7744667396247356,6465.834,10,2026-09-18T18:12:33.378720+00:00
Llama-3.1-8B-Instruct,belief_bank_constraints,attn,21,25878,belief_bank_facts,mean,0,0,0,0,0,0,7.5619700000000005,4097.0,0.14577972007847934,0.9120750887874175,0.5998978698570178,0.2504471664701448,0.8118446348053855,9471.354,10,2026-09-18T18:12:33.378720+00:00
Llama-3.1-8B-Instruct,belief_bank_constraints,attn,21,25878,belief_bank_facts,std,0,0,0,0,0,0,0.5260764413086751,0.0,0.01946682924030202,0.041822964867976785,0.06674559378823917,0.02673630513250847,0.023765642145668668,9471.354,10,2026-09-18T18:12:33.378720+00:00
Llama-3.1-8B-Instruct,belief_bank_constraints,attn,21,25878,halu_eval,2,4282,10000,2141,2141,1912,8088,8.516,4097,0.1988326848249027,0.2672594142259414,0.654,0.22802320392681838,0.5010287594825125,6475.232,10,2026-09-18T18:12:33.378720+00:00
Llama-3.1-8B-Instruct,belief_bank_constraints,attn,21,25878,halu_eval,4,4282,10000,2141,2141,1912,8088,8.9012,4097,0.18940397350993377,0.2243723849372385,0.6681,0.20541058175724203,0.5036512587479152,6484.995,10,2026-09-18T18:12:33.378720+00:00
Llama-3.1-8B-Instruct,belief_bank_constraints,attn,21,25878,halu_eval,24,4282,10000,2141,2141,1912,8088,8.5122,4097,0.20213985479556745,0.276673640167364,0.6529,0.23360565246191212,0.5037718917741661,6494.349,10,2026-09-18T18:12:33.378720+00:00
Llama-3.1-8B-Instruct,belief_bank_constraints,attn,21,25878,halu_eval,42,4282,10000,2141,2141,1912,8088,8.1836,4097,0.19206460674157302,0.2860878661087866,0.6334,0.22983193277310923,0.5026139957848603,6503.415,10,2026-09-18T18:12:33.378720+00:00
Llama-3.1-8B-Instruct,belief_bank_constraints,attn,21,25878,halu_eval,64,4282,10000,2141,2141,1912,8088,8.1417,4097,0.19648972602739725,0.24006276150627615,0.667,0.21610169491525424,0.5035433001109137,6512.417,10,2026-09-18T18:12:33.378720+00:00
Llama-3.1-8B-Instruct,belief_bank_constraints,attn,21,25878,halu_eval,67,4282,10000,2141,2141,1912,8088,7.4673,4097,0.1927790659158662,0.3043933054393305,0.6233,0.2360575948083553,0.49985915908272593,6520.751,10,2026-09-18T18:12:33.378720+00:00
Llama-3.1-8B-Instruct,belief_bank_constraints,attn,21,25878,halu_eval,104,4282,10000,2141,2141,1912,8088,7.9481,4097,0.19141274238227146,0.36140167364016734,0.586,0.2502716407098877,0.499789094282971,6529.572,10,2026-09-18T18:12:33.378720+00:00
Llama-3.1-8B-Instruct,belief_bank_constraints,attn,21,25878,halu_eval,123,4282,10000,2141,2141,1912,8088,8.6652,4097,0.19376083188908147,0.29236401673640167,0.6321,0.23306233062330622,0.5022799027641549,6539.11,10,2026-09-18T18:12:33.378720+00:00
Llama-3.1-8B-Instruct,belief_bank_constraints,attn,21,25878,halu_eval,420,4282,10000,2141,2141,1912,8088,8.4447,4097,0.1935788479697828,0.42887029288702927,0.5492,0.2667534157449577,0.49976701109966104,6548.409,10,2026-09-18T18:12:33.378720+00:00
Llama-3.1-8B-Instruct,belief_bank_constraints,attn,21,25878,halu_eval,511,4282,10000,2141,2141,1912,8088,7.8076,4097,0.1930063578564941,0.22228033472803346,0.6736,0.2066115702479339,0.5049514829552745,6557.053,10,2026-09-18T18:12:33.378720+00:00
Llama-3.1-8B-Instruct,belief_bank_constraints,attn,21,25878,halu_eval,mean,0,0,0,0,0,0,8.258759999999999,4097.0,0.19434686919128702,0.29037656903765685,0.6339599999999999,0.23057296179687764,0.5021255856085156,9471.354,10,2026-09-18T18:12:33.378720+00:00
Llama-3.1-8B-Instruct,belief_bank_constraints,attn,21,25878,halu_eval,std,0,0,0,0,0,0,0.4109399644716974,0.0,0.003590032252644288,0.06057325369370225,0.03767049774027416,0.017794100641761568,0.0018071456279061893,9471.354,10,2026-09-18T18:12:33.378720+00:00
Llama-3.1-8B-Instruct,belief_bank_constraints,attn,22,25878,belief_bank_constraints,2,4282,7764,2141,2141,917,6847,8.7924,4097,0.6976024748646559,0.9836423118865867,0.9477073673364246,0.816289592760181,0.9813309254034953,6567.468,10,2026-09-18T18:12:33.378720+00:00
Llama-3.1-8B-Instruct,belief_bank_constraints,attn,22,25878,belief_bank_constraints,4,4282,7764,2141,2141,917,6847,9.2077,4097,0.7403685092127303,0.9640130861504908,0.9558217413704276,0.837517764092847,0.9854000804943828,6577.461,10,2026-09-18T18:12:33.378720+00:00
Llama-3.1-8B-Instruct,belief_bank_constraints,attn,22,25878,belief_bank_constraints,24,4282,7764,2141,2141,917,6847,8.5612,4097,0.725141471301536,0.9781897491821155,0.9536321483771252,0.8328690807799443,0.9846993780080875,6586.814,10,2026-09-18T18:12:33.378720+00:00
Llama-3.1-8B-Instruct,belief_bank_constraints,attn,22,25878,belief_bank_constraints,42,4282,7764,2141,2141,917,6847,8.0792,4097,0.6964006259780907,0.9705561613958561,0.9465481710458526,0.8109339407744874,0.9805542517645773,6595.693,10,2026-09-18T18:12:33.378720+00:00
Llama-3.1-8B-Instruct,belief_bank_constraints,attn,22,25878,belief_bank_constraints,64,4282,7764,2141,2141,917,6847,8.1094,4097,0.7283950617283951,0.965103598691385,0.9533745492014426,0.8302063789868668,0.9804013538473495,6604.599,10,2026-09-18T18:12:33.378720+00:00
Llama-3.1-8B-Instruct,belief_bank_constraints,attn,22,25878,belief_bank_constraints,67,4282,7764,2141,2141,917,6847,8.4424,4097,0.689601250977326,0.9618320610687023,0.9443585780525502,0.8032786885245902,0.9760732279091576,6613.844,10,2026-09-18T18:12:33.378720+00:00
Llama-3.1-8B-Instruct,belief_bank_constraints,attn,22,25878,belief_bank_constraints,104,4282,7764,2141,2141,917,6847,8.371,4097,0.6985121378230227,0.9727371864776445,0.9471921689850592,0.813126709206928,0.9836552922826847,6623.016,10,2026-09-18T18:12:33.378720+00:00
Llama-3.1-8B-Instruct,belief_bank_constraints,attn,22,25878,belief_bank_constraints,123,4282,7764,2141,2141,917,6847,9.3228,4097,0.7009345794392523,0.9814612868047983,0.9483513652756311,0.817810086324398,0.9846332815126192,6633.144,10,2026-09-18T18:12:33.378720+00:00
Llama-3.1-8B-Instruct,belief_bank_constraints,attn,22,25878,belief_bank_constraints,420,4282,7764,2141,2141,917,6847,9.0686,4097,0.6977290524667189,0.9716466739367503,0.9469345698093766,0.8122151321786691,0.981796467707721,6643.017,10,2026-09-18T18:12:33.378720+00:00
Llama-3.1-8B-Instruct,belief_bank_constraints,attn,22,25878,belief_bank_constraints,511,4282,7764,2141,2141,917,6847,7.9958,4097,0.6928406466512702,0.9814612868047983,0.9464193714580114,0.8122743682310469,0.9836612648575763,6651.817,10,2026-09-18T18:12:33.378720+00:00
Llama-3.1-8B-Instruct,belief_bank_constraints,attn,22,25878,belief_bank_constraints,mean,0,0,0,0,0,0,8.59505,4097.0,0.7067525810442998,0.9730643402399128,0.9490340030911902,0.8186521741859959,0.982220552378765,9471.354,10,2026-09-18T18:12:33.378720+00:00
Llama-3.1-8B-Instruct,belief_bank_constraints,attn,22,25878,belief_bank_constraints,std,0,0,0,0,0,0,0.4586786091589624,0.0,0.016728282802615596,0.007476972613488296,0.0036188100277902767,0.01051845681356922,0.0026656386023233324,9471.354,10,2026-09-18T18:12:33.378720+00:00
Llama-3.1-8B-Instruct,belief_bank_constraints,attn,22,25878,belief_bank_facts,2,4282,27416,2141,2141,1971,25445,8.8257,4097,0.13809043536728863,0.8335870116692035,0.6139845345783485,0.23693128560098062,0.7266697831865249,6662.402,10,2026-09-18T18:12:33.378720+00:00
Llama-3.1-8B-Instruct,belief_bank_constraints,attn,22,25878,belief_bank_facts,4,4282,27416,2141,2141,1971,25445,9.2182,4097,0.14168360433604335,0.8488077118214105,0.6194557922381091,0.24283329704622977,0.7391234005279341,6673.346,10,2026-09-18T18:12:33.378720+00:00
Llama-3.1-8B-Instruct,belief_bank_constraints,attn,22,25878,belief_bank_facts,24,4282,27416,2141,2141,1971,25445,7.5123,4097,0.1388269659466523,0.9162861491628614,0.5853516194922673,0.2411214953271028,0.7969476050801068,6682.624,10,2026-09-18T18:12:33.378720+00:00
Llama-3.1-8B-Instruct,belief_bank_constraints,attn,22,25878,belief_bank_facts,42,4282,27416,2141,2141,1971,25445,7.3306,4097,0.13201226031791288,0.9396245560629122,0.551502772103881,0.2315,0.802062685516926,6691.734,10,2026-09-18T18:12:33.378720+00:00
Llama-3.1-8B-Instruct,belief_bank_constraints,attn,22,25878,belief_bank_facts,64,4282,27416,2141,2141,1971,25445,7.1072,4097,0.15670031926827163,0.9213597158802638,0.6378756930259702,0.26784660766961654,0.7881525587315943,6700.614,10,2026-09-18T18:12:33.378720+00:00
Llama-3.1-8B-Instruct,belief_bank_constraints,attn,22,25878,belief_bank_facts,67,4282,27416,2141,2141,1971,25445,7.333,4097,0.14028038981022398,0.832572298325723,0.6211336445871024,0.24010534786743726,0.7035840277459996,6709.749,10,2026-09-18T18:12:33.378720+00:00
Llama-3.1-8B-Instruct,belief_bank_constraints,attn,22,25878,belief_bank_facts,104,4282,27416,2141,2141,1971,25445,7.5606,4097,0.13495450519365487,0.8503297818366311,0.5973883863437409,0.23293954134815845,0.6922409921260517,6719.106,10,2026-09-18T18:12:33.378720+00:00
Llama-3.1-8B-Instruct,belief_bank_constraints,attn,22,25878,belief_bank_facts,123,4282,27416,2141,2141,1971,25445,8.3507,4097,0.1239906225579578,0.9660071029934043,0.5068937846512985,0.21977260922260056,0.7478109737988012,6729.255,10,2026-09-18T18:12:33.378720+00:00
Llama-3.1-8B-Instruct,belief_bank_constraints,attn,22,25878,belief_bank_facts,420,4282,27416,2141,2141,1971,25445,8.1829,4097,0.1239917196088229,0.8812785388127854,0.543843011380216,0.2173967459324155,0.7151936923073702,6739.239,10,2026-09-18T18:12:33.378720+00:00
Llama-3.1-8B-Instruct,belief_bank_constraints,attn,22,25878,belief_bank_facts,511,4282,27416,2141,2141,1971,25445,7.1508,4097,0.10712207610846038,0.9340436326737697,0.43554858476801867,0.19220128412590698,0.6933826293796899,6748.124,10,2026-09-18T18:12:33.378720+00:00
Llama-3.1-8B-Instruct,belief_bank_constraints,attn,22,25878,belief_bank_facts,mean,0,0,0,0,0,0,7.857200000000001,4097.0,0.13376528985152886,0.8923896499238964,0.5712977823168953,0.23226482141404486,0.7405168348400999,9471.354,10,2026-09-18T18:12:33.378720+00:00
Llama-3.1-8B-Instruct,belief_bank_constraints,attn,22,25878,belief_bank_facts,std,0,0,0,0,0,0,0.7043051696530416,0.0,0.012573401428978496,0.046501363282237224,0.05971360019763801,0.018768827504637046,0.04005728001203763,9471.354,10,2026-09-18T18:12:33.378720+00:00
Llama-3.1-8B-Instruct,belief_bank_constraints,attn,22,25878,halu_eval,2,4282,10000,2141,2141,1912,8088,8.4925,4097,0.19728560188827696,0.524581589958159,0.501,0.28673527730131504,0.5072492656614065,6757.492,10,2026-09-18T18:12:33.378720+00:00
Llama-3.1-8B-Instruct,belief_bank_constraints,attn,22,25878,halu_eval,4,4282,10000,2141,2141,1912,8088,9.3507,4097,0.19221081185816702,0.5188284518828452,0.4911,0.28050332249399124,0.4963525888345356,6767.719,10,2026-09-18T18:12:33.378720+00:00
Llama-3.1-8B-Instruct,belief_bank_constraints,attn,22,25878,halu_eval,24,4282,10000,2141,2141,1912,8088,8.4096,4097,0.1891017666086091,0.39748953974895396,0.5589,0.25628055977069636,0.504898198788225,6776.993,10,2026-09-18T18:12:33.378720+00:00
Llama-3.1-8B-Instruct,belief_bank_constraints,attn,22,25878,halu_eval,42,4282,10000,2141,2141,1912,8088,8.1341,4097,0.19415609381007304,0.2641213389121339,0.6497,0.22379791712829603,0.5020145812381792,6786.007,10,2026-09-18T18:12:33.378720+00:00
Llama-3.1-8B-Instruct,belief_bank_constraints,attn,22,25878,halu_eval,64,4282,10000,2141,2141,1912,8088,8.1883,4097,0.19034738041002278,0.6992677824267782,0.3738,0.29923903312444045,0.4948443041812034,6795.072,10,2026-09-18T18:12:33.378720+00:00
Llama-3.1-8B-Instruct,belief_bank_constraints,attn,22,25878,halu_eval,67,4282,10000,2141,2141,1912,8088,8.1304,4097,0.1981957353745216,0.37918410041841005,0.588,0.26032315978456017,0.5085828894710486,6804.074,10,2026-09-18T18:12:33.378720+00:00
Llama-3.1-8B-Instruct,belief_bank_constraints,attn,22,25878,halu_eval,104,4282,10000,2141,2141,1912,8088,8.5886,4097,0.19507523939808483,0.74581589958159,0.363,0.30926046410756886,0.5059568012842002,6813.537,10,2026-09-18T18:12:33.378720+00:00
Llama-3.1-8B-Instruct,belief_bank_constraints,attn,22,25878,halu_eval,123,4282,10000,2141,2141,1912,8088,9.2239,4097,0.19427671304804411,0.38702928870292885,0.5759,0.2586960321622094,0.5045484244440858,6823.632,10,2026-09-18T18:12:33.378720+00:00
Llama-3.1-8B-Instruct,belief_bank_constraints,attn,22,25878,halu_eval,420,4282,10000,2141,2141,1912,8088,8.6823,4097,0.18217142857142857,0.4168410041841004,0.5307,0.25353904883092093,0.49245139889044776,6833.188,10,2026-09-18T18:12:33.378720+00:00
Llama-3.1-8B-Instruct,belief_bank_constraints,attn,22,25878,halu_eval,511,4282,10000,2141,2141,1912,8088,8.1934,4097,0.19579358196010407,0.4722803347280335,0.5282,0.27682403433476394,0.5065099801762205,6842.246,10,2026-09-18T18:12:33.378720+00:00
Llama-3.1-8B-Instruct,belief_bank_constraints,attn,22,25878,halu_eval,mean,0,0,0,0,0,0,8.53938,4097.0,0.1928614352927332,0.48054393305439336,0.51603,0.27051988490387624,0.5023408432969553,9471.354,10,2026-09-18T18:12:33.378720+00:00
Llama-3.1-8B-Instruct,belief_bank_constraints,attn,22,25878,halu_eval,std,0,0,0,0,0,0,0.4175132256587808,0.0,0.004476166965692249,0.14088870934312228,0.08563170032178503,0.023760888813217352,0.005430386123305664,9471.354,10,2026-09-18T18:12:33.378720+00:00
Llama-3.1-8B-Instruct,belief_bank_constraints,attn,23,25878,belief_bank_constraints,2,4282,7764,2141,2141,917,6847,10.5347,4097,0.6878834355828221,0.9781897491821155,0.9450025759917569,0.8077442593426385,0.9835687297639208,6854.48,10,2026-09-18T18:12:33.378720+00:00
Llama-3.1-8B-Instruct,belief_bank_constraints,attn,23,25878,belief_bank_constraints,4,4282,7764,2141,2141,917,6847,11.3223,4097,0.7212317666126418,0.9705561613958561,0.9522153529108707,0.8275220827522083,0.9876757907967877,6866.562,10,2026-09-18T18:12:33.378720+00:00
Llama-3.1-8B-Instruct,belief_bank_constraints,attn,23,25878,belief_bank_constraints,24,4282,7764,2141,2141,917,6847,10.4113,4097,0.6898395721925134,0.9847328244274809,0.9459041731066461,0.8113207547169812,0.9847938243257082,6877.772,10,2026-09-18T18:12:33.378720+00:00
Llama-3.1-8B-Instruct,belief_bank_constraints,attn,23,25878,belief_bank_constraints,42,4282,7764,2141,2141,917,6847,9.9434,4097,0.6861089792785878,0.9749182115594329,0.9443585780525502,0.8054054054054054,0.9823711886809673,6888.519,10,2026-09-18T18:12:33.378720+00:00
Llama-3.1-8B-Instruct,belief_bank_constraints,attn,23,25878,belief_bank_constraints,64,4282,7764,2141,2141,917,6847,10.7928,4097,0.7082334132693845,0.9661941112322792,0.9489953632148377,0.8173431734317343,0.9834331921310449,6900.114,10,2026-09-18T18:12:33.378720+00:00
Llama-3.1-8B-Instruct,belief_bank_constraints,attn,23,25878,belief_bank_constraints,67,4282,7764,2141,2141,917,6847,9.6323,4097,0.6840891621829363,0.9705561613958561,0.9435857805255023,0.8025247971145176,0.9831797956869727,6910.558,10,2026-09-18T18:12:33.378720+00:00
Llama-3.1-8B-Instruct,belief_bank_constraints,attn,23,25878,belief_bank_constraints,104,4282,7764,2141,2141,917,6847,10.541,4097,0.6862147753236862,0.9825517993456925,0.9448737764039155,0.8080717488789237,0.9861259474295551,6921.906,10,2026-09-18T18:12:33.378720+00:00
Llama-3.1-8B-Instruct,belief_bank_constraints,attn,23,25878,belief_bank_constraints,123,4282,7764,2141,2141,917,6847,10.7272,4097,0.6907692307692308,0.9792802617230099,0.9457753735188047,0.8101037437979252,0.9861531027367294,6933.443,10,2026-09-18T18:12:33.378720+00:00
Llama-3.1-8B-Instruct,belief_bank_constraints,attn,23,25878,belief_bank_constraints,420,4282,7764,2141,2141,917,6847,10.0013,4097,0.6962616822429907,0.9749182115594329,0.9468057702215353,0.8123580190822354,0.9852351577930397,6944.253,10,2026-09-18T18:12:33.378720+00:00
Llama-3.1-8B-Instruct,belief_bank_constraints,attn,23,25878,belief_bank_constraints,511,4282,7764,2141,2141,917,6847,9.2125,4097,0.6800911854103343,0.9760087241003271,0.9429417825862957,0.8016121809225257,0.9828347401268956,6954.273,10,2026-09-18T18:12:33.378720+00:00
Llama-3.1-8B-Instruct,belief_bank_constraints,attn,23,25878,belief_bank_constraints,mean,0,0,0,0,0,0,10.31188,4097.0,0.6930723202865128,0.9757906215921484,0.9460458526532716,0.8104006165445096,0.9845371469471621,9471.354,10,2026-09-18T18:12:33.378720+00:00
Llama-3.1-8B-Instruct,belief_bank_constraints,attn,23,25878,belief_bank_constraints,std,0,0,0,0,0,0,0.5864686859500683,0.0,0.011917993231446909,0.005404367150867544,0.0026159002868516115,0.0072305396651984955,0.0016470671641451479,9471.354,10,2026-09-18T18:12:33.378720+00:00
Llama-3.1-8B-Instruct,belief_bank_constraints,attn,23,25878,belief_bank_facts,2,4282,27416,2141,2141,1971,25445,10.9146,4097,0.16052934407364788,0.8493150684931506,0.6698643128100379,0.27002177594967336,0.7556830178280688,6966.915,10,2026-09-18T18:12:33.378720+00:00
Llama-3.1-8B-Instruct,belief_bank_constraints,attn,23,25878,belief_bank_facts,4,4282,27416,2141,2141,1971,25445,11.5054,4097,0.14857511758738356,0.817351598173516,0.6501313101838343,0.2514437334165756,0.751000810634132,6980.148,10,2026-09-18T18:12:33.378720+00:00
Llama-3.1-8B-Instruct,belief_bank_constraints,attn,23,25878,belief_bank_facts,24,4282,27416,2141,2141,1971,25445,10.5023,4097,0.15704109589041096,0.7270421106037545,0.6998103297344617,0.25829127613554437,0.746835122241653,6992.38,10,2026-09-18T18:12:33.378720+00:00
Llama-3.1-8B-Instruct,belief_bank_constraints,attn,23,25878,belief_bank_facts,42,4282,27416,2141,2141,1971,25445,10.0786,4097,0.1334631008801625,0.8001014713343481,0.6121607820250948,0.22876622905635743,0.7223270533364559,7004.185,10,2026-09-18T18:12:33.378720+00:00
Llama-3.1-8B-Instruct,belief_bank_constraints,attn,23,25878,belief_bank_facts,64,4282,27416,2141,2141,1971,25445,9.6899,4097,0.1571328741140062,0.7985794013191273,0.677560548584768,0.26259592926259595,0.7353260118046914,7015.617,10,2026-09-18T18:12:33.378720+00:00
Llama-3.1-8B-Instruct,belief_bank_constraints,attn,23,25878,belief_bank_facts,67,4282,27416,2141,2141,1971,25445,9.07,4097,0.1143222098036085,0.7265347539320142,0.5756857309600233,0.19755811547216665,0.6892028837479272,7026.437,10,2026-09-18T18:12:33.378720+00:00
Llama-3.1-8B-Instruct,belief_bank_constraints,attn,23,25878,belief_bank_facts,104,4282,27416,2141,2141,1971,25445,9.514,4097,0.1388239224858002,0.8432267884322678,0.6126714327400058,0.2383991967295417,0.6995619724360468,7037.709,10,2026-09-18T18:12:33.378720+00:00
Llama-3.1-8B-Instruct,belief_bank_constraints,attn,23,25878,belief_bank_facts,123,4282,27416,2141,2141,1971,25445,9.3724,4097,0.14870292887029288,0.9015728056823947,0.6218631456084038,0.2552977515983047,0.7773038793294678,7048.849,10,2026-09-18T18:12:33.378720+00:00
Llama-3.1-8B-Instruct,belief_bank_constraints,attn,23,25878,belief_bank_facts,420,4282,27416,2141,2141,1971,25445,9.4199,4097,0.12918447293447294,0.7361745306950787,0.6242704989786986,0.21979853063697644,0.7132284404071256,7060.031,10,2026-09-18T18:12:33.378720+00:00
Llama-3.1-8B-Instruct,belief_bank_constraints,attn,23,25878,belief_bank_facts,511,4282,27416,2141,2141,1971,25445,8.3009,4097,0.10766347355268638,0.5246067985794013,0.6532316895243654,0.1786609071274298,0.6646755634036824,7070.091,10,2026-09-18T18:12:33.378720+00:00
Llama-3.1-8B-Instruct,belief_bank_constraints,attn,23,25878,belief_bank_facts,mean,0,0,0,0,0,0,9.8368,4097.0,0.1395438540192472,0.7724505327245053,0.6397249781149693,0.23608334453851665,0.7255144755169252,9471.354,10,2026-09-18T18:12:33.378720+00:00
Llama-3.1-8B-Instruct,belief_bank_constraints,attn,23,25878,belief_bank_facts,std,0,0,0,0,0,0,0.8893514355978741,0.0,0.017374322720104085,0.09897779694613007,0.03520152376470832,0.028387831184094738,0.03263007270937541,9471.354,10,2026-09-18T18:12:33.378720+00:00
Llama-3.1-8B-Instruct,belief_bank_constraints,attn,23,25878,halu_eval,2,4282,10000,2141,2141,1912,8088,9.9853,4097,0.19878706199460916,0.30857740585774057,0.63,0.24180327868852458,0.5084936514242909,7080.959,10,2026-09-18T18:12:33.378720+00:00
Llama-3.1-8B-Instruct,belief_bank_constraints,attn,23,25878,halu_eval,4,4282,10000,2141,2141,1912,8088,10.5822,4097,0.19425207756232687,0.29341004184100417,0.6322,0.23375,0.5062117763699722,7092.416,10,2026-09-18T18:12:33.378720+00:00
Llama-3.1-8B-Instruct,belief_bank_constraints,attn,23,25878,halu_eval,24,4282,10000,2141,2141,1912,8088,10.3033,4097,0.19066503965832826,0.32688284518828453,0.606,0.24084778420038536,0.5051340329596199,7103.599,10,2026-09-18T18:12:33.378720+00:00
Llama-3.1-8B-Instruct,belief_bank_constraints,attn,23,25878,halu_eval,42,4282,10000,2141,2141,1912,8088,10.4731,4097,0.199222889438361,0.29497907949790797,0.6385,0.23782416192283365,0.5126748419063937,7114.943,10,2026-09-18T18:12:33.378720+00:00
Llama-3.1-8B-Instruct,belief_bank_constraints,attn,23,25878,halu_eval,64,4282,10000,2141,2141,1912,8088,10.6848,4097,0.1974007727432385,0.2939330543933054,0.6365,0.2361840722840933,0.5027933125266421,7126.495,10,2026-09-18T18:12:33.378720+00:00
Llama-3.1-8B-Instruct,belief_bank_constraints,attn,23,25878,halu_eval,67,4282,10000,2141,2141,1912,8088,9.8117,4097,0.18782051282051282,0.3064853556485356,0.614,0.2329093799682035,0.5036844643544443,7137.183,10,2026-09-18T18:12:33.378720+00:00
Llama-3.1-8B-Instruct,belief_bank_constraints,attn,23,25878,halu_eval,104,4282,10000,2141,2141,1912,8088,10.8062,4097,0.1877564979480164,0.2871338912133891,0.6262,0.22704714640198512,0.49995027242177054,7148.873,10,2026-09-18T18:12:33.378720+00:00
Llama-3.1-8B-Instruct,belief_bank_constraints,attn,23,25878,halu_eval,123,4282,10000,2141,2141,1912,8088,10.3242,4097,0.19830713422007254,0.34309623430962344,0.6092,0.25134099616858235,0.508783513413125,7160.053,10,2026-09-18T18:12:33.378720+00:00
Llama-3.1-8B-Instruct,belief_bank_constraints,attn,23,25878,halu_eval,420,4282,10000,2141,2141,1912,8088,10.2586,4097,0.19301423027166884,0.3901673640167364,0.5715,0.25826553574519645,0.507754268941228,7171.215,10,2026-09-18T18:12:33.378720+00:00
Llama-3.1-8B-Instruct,belief_bank_constraints,attn,23,25878,halu_eval,511,4282,10000,2141,2141,1912,8088,9.0687,4097,0.19778772715301554,0.39278242677824265,0.5793,0.2630933613592573,0.5071245263916997,7181.174,10,2026-09-18T18:12:33.378720+00:00
Llama-3.1-8B-Instruct,belief_bank_constraints,attn,23,25878,halu_eval,mean,0,0,0,0,0,0,10.22981,4097.0,0.194501394381015,0.323744769874477,0.61434,0.24230657167390618,0.5062604660709186,9471.354,10,2026-09-18T18:12:33.378720+00:00
Llama-3.1-8B-Instruct,belief_bank_constraints,attn,23,25878,halu_eval,std,0,0,0,0,0,0,0.48171845812673614,0.0,0.004259914741034391,0.03750623624201806,0.022223420078826734,0.011057714667472334,0.0033944344742442155,9471.354,10,2026-09-18T18:12:33.378720+00:00
Llama-3.1-8B-Instruct,belief_bank_constraints,attn,24,25878,belief_bank_constraints,2,4282,7764,2141,2141,917,6847,8.6119,4097,0.6457883369330454,0.9781897491821155,0.9340546110252447,0.7779705117085863,0.9761211677769552,7191.415,10,2026-09-18T18:12:33.378720+00:00
Llama-3.1-8B-Instruct,belief_bank_constraints,attn,24,25878,belief_bank_constraints,4,4282,7764,2141,2141,917,6847,11.0319,4097,0.6901081916537867,0.9738276990185387,0.9452601751674394,0.8077792853912257,0.9839434092954608,7203.25,10,2026-09-18T18:12:33.378720+00:00
Llama-3.1-8B-Instruct,belief_bank_constraints,attn,24,25878,belief_bank_constraints,24,4282,7764,2141,2141,917,6847,8.2976,4097,0.6600294985250738,0.9760087241003271,0.9377897990726429,0.7875054993400792,0.9826867795382451,7212.336,10,2026-09-18T18:12:33.378720+00:00
Llama-3.1-8B-Instruct,belief_bank_constraints,attn,24,25878,belief_bank_constraints,42,4282,7764,2141,2141,917,6847,9.1043,4097,0.6424460431654676,0.9738276990185387,0.9328954147346729,0.7741655830082358,0.9790074345019566,7222.215,10,2026-09-18T18:12:33.378720+00:00
Llama-3.1-8B-Instruct,belief_bank_constraints,attn,24,25878,belief_bank_constraints,64,4282,7764,2141,2141,917,6847,9.5136,4097,0.6661608497723824,0.9574700109051254,0.9383049974240082,0.7856823266219239,0.9760729093718301,7232.531,10,2026-09-18T18:12:33.378720+00:00
Llama-3.1-8B-Instruct,belief_bank_constraints,attn,24,25878,belief_bank_constraints,67,4282,7764,2141,2141,917,6847,7.5013,4097,0.6661642803315749,0.9640130861504908,0.9386913961875322,0.7878787878787878,0.9803603421664264,7240.835,10,2026-09-18T18:12:33.378720+00:00
Llama-3.1-8B-Instruct,belief_bank_constraints,attn,24,25878,belief_bank_constraints,104,4282,7764,2141,2141,917,6847,8.7013,4097,0.6530314097881665,0.9749182115594329,0.9358578052550232,0.7821522309711286,0.9797556786843898,7250.331,10,2026-09-18T18:12:33.378720+00:00
Llama-3.1-8B-Instruct,belief_bank_constraints,attn,24,25878,belief_bank_constraints,123,4282,7764,2141,2141,917,6847,9.1669,4097,0.6636771300448431,0.9683751363140676,0.9383049974240082,0.7875831485587583,0.9794189847291613,7260.3,10,2026-09-18T18:12:33.378720+00:00
Llama-3.1-8B-Instruct,belief_bank_constraints,attn,24,25878,belief_bank_constraints,420,4282,7764,2141,2141,917,6847,9.0914,4097,0.6636704119850187,0.9661941112322792,0.9381761978361669,0.7868561278863233,0.9799689394251898,7270.178,10,2026-09-18T18:12:33.378720+00:00
Llama-3.1-8B-Instruct,belief_bank_constraints,attn,24,25878,belief_bank_constraints,511,4282,7764,2141,2141,917,6847,9.379,4097,0.6545718432510885,0.9836423118865867,0.9367594023699124,0.7860566448801742,0.9806340453651307,7280.362,10,2026-09-18T18:12:33.378720+00:00
Llama-3.1-8B-Instruct,belief_bank_constraints,attn,24,25878,belief_bank_constraints,mean,0,0,0,0,0,0,9.039919999999999,4097.0,0.6605647995450448,0.9716466739367504,0.937609479649665,0.7863630146245224,0.9797969690854746,9471.354,10,2026-09-18T18:12:33.378720+00:00
Llama-3.1-8B-Instruct,belief_bank_constraints,attn,24,25878,belief_bank_constraints,std,0,0,0,0,0,0,0.8687062976633704,0.0,0.012626957764649208,0.007250063310183051,0.0031571403733872423,0.008375504293614921,0.002339651865810176,9471.354,10,2026-09-18T18:12:33.378720+00:00
Llama-3.1-8B-Instruct,belief_bank_constraints,attn,24,25878,belief_bank_facts,2,4282,27416,2141,2141,1971,25445,8.6714,4097,0.13243039879608728,0.6250634195839675,0.6786548001167202,0.21855596948731595,0.6732064134110449,7290.777,10,2026-09-18T18:12:33.378720+00:00
Llama-3.1-8B-Instruct,belief_bank_constraints,attn,24,25878,belief_bank_facts,4,4282,27416,2141,2141,1971,25445,10.6882,4097,0.11988857938718663,0.5459157787924911,0.6792384009337613,0.19660149826420611,0.6813861813748757,7303.207,10,2026-09-18T18:12:33.378720+00:00
Llama-3.1-8B-Instruct,belief_bank_constraints,attn,24,25878,belief_bank_facts,24,4282,27416,2141,2141,1971,25445,8.4507,4097,0.12443810985637539,0.5758498224251649,0.6782170995039393,0.20465200144248108,0.6229012965460367,7313.396,10,2026-09-18T18:12:33.378720+00:00
Llama-3.1-8B-Instruct,belief_bank_constraints,attn,24,25878,belief_bank_facts,42,4282,27416,2141,2141,1971,25445,8.9043,4097,0.13847334100498657,0.5494672754946728,0.7218412605777648,0.22120098039215685,0.6849165722787852,7324.035,10,2026-09-18T18:12:33.378720+00:00
Llama-3.1-8B-Instruct,belief_bank_constraints,attn,24,25878,belief_bank_facts,64,4282,27416,2141,2141,1971,25445,9.5408,4097,0.20106382978723406,0.5753424657534246,0.805113802159323,0.2979897516752069,0.7524756044587967,7335.307,10,2026-09-18T18:12:33.378720+00:00
Llama-3.1-8B-Instruct,belief_bank_constraints,attn,24,25878,belief_bank_facts,67,4282,27416,2141,2141,1971,25445,7.6437,4097,0.14855475264035575,0.5423642820903095,0.7436168660636124,0.2332278826224501,0.6831243639971569,7344.672,10,2026-09-18T18:12:33.378720+00:00
Llama-3.1-8B-Instruct,belief_bank_constraints,attn,24,25878,belief_bank_facts,104,4282,27416,2141,2141,1971,25445,7.607,4097,0.15571521881123448,0.6047691527143582,0.7358476801867523,0.24766258051111573,0.6793494568870951,7354.015,10,2026-09-18T18:12:33.378720+00:00
Llama-3.1-8B-Instruct,belief_bank_constraints,attn,24,25878,belief_bank_facts,123,4282,27416,2141,2141,1971,25445,8.4172,4097,0.11993865030674847,0.5951293759512938,0.6569521447330027,0.19964258360990553,0.6676503244779705,7364.147,10,2026-09-18T18:12:33.378720+00:00
Llama-3.1-8B-Instruct,belief_bank_constraints,attn,24,25878,belief_bank_facts,420,4282,27416,2141,2141,1971,25445,8.4024,4097,0.1294456904838193,0.6149162861491628,0.6750072950102131,0.2138697723663314,0.6322010974815707,7374.326,10,2026-09-18T18:12:33.378720+00:00
Llama-3.1-8B-Instruct,belief_bank_constraints,attn,24,25878,belief_bank_facts,511,4282,27416,2141,2141,1971,25445,8.246,4097,0.1401173285198556,0.6301369863013698,0.695396848555588,0.2292570373788648,0.6855087808395641,7384.328,10,2026-09-18T18:12:33.378720+00:00
Llama-3.1-8B-Instruct,belief_bank_constraints,attn,24,25878,belief_bank_facts,mean,0,0,0,0,0,0,8.657169999999999,4097.0,0.14100658995938836,0.5858954845256215,0.7069886197840677,0.22626600577500344,0.6762720091752896,9471.354,10,2026-09-18T18:12:33.378720+00:00
Llama-3.1-8B-Instruct,belief_bank_constraints,attn,24,25878,belief_bank_facts,std,0,0,0,0,0,0,0.8620512177939313,0.0,0.02293239444690509,0.031317348301154305,0.042526614772417565,0.028203268741448025,0.03305151148276142,9471.354,10,2026-09-18T18:12:33.378720+00:00
Llama-3.1-8B-Instruct,belief_bank_constraints,attn,24,25878,halu_eval,2,4282,10000,2141,2141,1912,8088,7.966,4097,0.19640141915864165,0.4053347280334728,0.5692,0.26459542505974737,0.5020121239586308,7393.184,10,2026-09-18T18:12:33.378720+00:00
Llama-3.1-8B-Instruct,belief_bank_constraints,attn,24,25878,halu_eval,4,4282,10000,2141,2141,1912,8088,9.7942,4097,0.19052631578947368,0.3786610878661088,0.5736,0.2535014005602241,0.5021745954024559,7403.867,10,2026-09-18T18:12:33.378720+00:00
Llama-3.1-8B-Instruct,belief_bank_constraints,attn,24,25878,halu_eval,24,4282,10000,2141,2141,1912,8088,7.6154,4097,0.19148936170212766,0.25889121338912136,0.6493,0.2201467645096731,0.507325085668525,7412.352,10,2026-09-18T18:12:33.378720+00:00
Llama-3.1-8B-Instruct,belief_bank_constraints,attn,24,25878,halu_eval,42,4282,10000,2141,2141,1912,8088,8.2404,4097,0.20133630289532295,0.23640167364016737,0.6747,0.21746451768101996,0.5065100771740975,7421.451,10,2026-09-18T18:12:33.378720+00:00
Llama-3.1-8B-Instruct,belief_bank_constraints,attn,24,25878,halu_eval,64,4282,10000,2141,2141,1912,8088,9.2729,4097,0.19440424505547516,0.21077405857740586,0.6821,0.20225846925972396,0.5033580988312661,7431.609,10,2026-09-18T18:12:33.378720+00:00
Llama-3.1-8B-Instruct,belief_bank_constraints,attn,24,25878,halu_eval,67,4282,10000,2141,2141,1912,8088,7.849,4097,0.18370044052863435,0.21809623430962344,0.6652,0.1994261119081779,0.4998061335766816,7440.345,10,2026-09-18T18:12:33.378720+00:00
Llama-3.1-8B-Instruct,belief_bank_constraints,attn,24,25878,halu_eval,104,4282,10000,2141,2141,1912,8088,8.5359,4097,0.18979833926453143,0.2510460251046025,0.6519,0.2161675298356226,0.49421469096217757,7449.752,10,2026-09-18T18:12:33.378720+00:00
Llama-3.1-8B-Instruct,belief_bank_constraints,attn,24,25878,halu_eval,123,4282,10000,2141,2141,1912,8088,9.1812,4097,0.19648093841642228,0.2803347280334728,0.6432,0.23103448275862068,0.5065728994657098,7459.78,10,2026-09-18T18:12:33.378720+00:00
Llama-3.1-8B-Instruct,belief_bank_constraints,attn,24,25878,halu_eval,420,4282,10000,2141,2141,1912,8088,9.4344,4097,0.18833883388338835,0.4476987447698745,0.5255,0.26513860926126687,0.5004349061474409,7470.042,10,2026-09-18T18:12:33.378720+00:00
Llama-3.1-8B-Instruct,belief_bank_constraints,attn,24,25878,halu_eval,511,4282,10000,2141,2141,1912,8088,9.069,4097,0.19426270759939607,0.40376569037656906,0.5658,0.26231736323479443,0.5042472137036531,7479.977,10,2026-09-18T18:12:33.378720+00:00
Llama-3.1-8B-Instruct,belief_bank_constraints,attn,24,25878,halu_eval,mean,0,0,0,0,0,0,8.69584,4097.0,0.19267389042934138,0.3091004184100419,0.6200500000000001,0.23320506740688707,0.5026655824890638,9471.354,10,2026-09-18T18:12:33.378720+00:00
Llama-3.1-8B-Instruct,belief_bank_constraints,attn,24,25878,halu_eval,std,0,0,0,0,0,0,0.714832002920966,0.0,0.004717451003290634,0.0849849532074291,0.05282740292689014,0.0246506706454083,0.0037413551073753526,9471.354,10,2026-09-18T18:12:33.378720+00:00
Llama-3.1-8B-Instruct,belief_bank_constraints,attn,25,25878,belief_bank_constraints,2,4282,7764,2141,2141,917,6847,9.0191,4097,0.6699101796407185,0.9760087241003271,0.9403657908294694,0.7944962272525522,0.9778784585787597,7490.801,10,2026-09-18T18:12:33.378720+00:00
Llama-3.1-8B-Instruct,belief_bank_constraints,attn,25,25878,belief_bank_constraints,4,4282,7764,2141,2141,917,6847,10.0076,4097,0.7133706965572458,0.9716466739367503,0.9505409582689336,0.8227146814404432,0.9831762917763694,7501.607,10,2026-09-18T18:12:33.378720+00:00
Llama-3.1-8B-Instruct,belief_bank_constraints,attn,25,25878,belief_bank_constraints,24,4282,7764,2141,2141,917,6847,9.5257,4097,0.6920122887864824,0.9825517993456925,0.94629057187017,0.8120775123929698,0.983402294010272,7511.923,10,2026-09-18T18:12:33.378720+00:00
Llama-3.1-8B-Instruct,belief_bank_constraints,attn,25,25878,belief_bank_constraints,42,4282,7764,2141,2141,917,6847,9.6164,4097,0.6819221967963387,0.9749182115594329,0.9433281813498197,0.8025134649910234,0.981110577207157,7522.32,10,2026-09-18T18:12:33.378720+00:00
Llama-3.1-8B-Instruct,belief_bank_constraints,attn,25,25878,belief_bank_constraints,64,4282,7764,2141,2141,917,6847,10.5275,4097,0.6988817891373802,0.9541984732824428,0.9460329726944874,0.8068234209313048,0.9800552630409582,7533.639,10,2026-09-18T18:12:33.378720+00:00
Llama-3.1-8B-Instruct,belief_bank_constraints,attn,25,25878,belief_bank_constraints,67,4282,7764,2141,2141,917,6847,8.1893,4097,0.6671709531013615,0.9618320610687023,0.9388201957753736,0.7878517195176418,0.9778754324741479,7542.643,10,2026-09-18T18:12:33.378720+00:00
Llama-3.1-8B-Instruct,belief_bank_constraints,attn,25,25878,belief_bank_constraints,104,4282,7764,2141,2141,917,6847,9.0917,4097,0.6724008975317876,0.9803707742639041,0.9412673879443586,0.7976929902395741,0.9837205128005022,7552.541,10,2026-09-18T18:12:33.378720+00:00
Llama-3.1-8B-Instruct,belief_bank_constraints,attn,25,25878,belief_bank_constraints,123,4282,7764,2141,2141,917,6847,9.4142,4097,0.6924265842349304,0.9770992366412213,0.9460329726944874,0.8104929895974672,0.9783827828026155,7562.763,10,2026-09-18T18:12:33.378720+00:00
Llama-3.1-8B-Instruct,belief_bank_constraints,attn,25,25878,belief_bank_constraints,420,4282,7764,2141,2141,917,6847,9.4539,4097,0.684331797235023,0.9716466739367503,0.9437145801133436,0.8030644434429923,0.9825834938097845,7573.023,10,2026-09-18T18:12:33.378720+00:00
Llama-3.1-8B-Instruct,belief_bank_constraints,attn,25,25878,belief_bank_constraints,511,4282,7764,2141,2141,917,6847,8.7987,4097,0.6634756995581738,0.9825517993456925,0.9390777949510561,0.7920879120879121,0.9807233154511787,7582.628,10,2026-09-18T18:12:33.378720+00:00
Llama-3.1-8B-Instruct,belief_bank_constraints,attn,25,25878,belief_bank_constraints,mean,0,0,0,0,0,0,9.36441,4097.0,0.6835903082579443,0.9732824427480915,0.9435471406491498,0.8029815361893882,0.9808908421951745,9471.354,10,2026-09-18T18:12:33.378720+00:00
Llama-3.1-8B-Instruct,belief_bank_constraints,attn,25,25878,belief_bank_constraints,std,0,0,0,0,0,0,0.6132694113519769,0.0,0.015031913996376814,0.00864536443859479,0.003556851398448137,0.009955367216373648,0.0021825404737130017,9471.354,10,2026-09-18T18:12:33.378720+00:00
Llama-3.1-8B-Instruct,belief_bank_constraints,attn,25,25878,belief_bank_facts,2,4282,27416,2141,2141,1971,25445,8.9096,4097,0.17962387087220494,0.6154236428209031,0.7702801283921797,0.2780834479596515,0.6988801365127418,7593.309,10,2026-09-18T18:12:33.378720+00:00
Llama-3.1-8B-Instruct,belief_bank_constraints,attn,25,25878,belief_bank_facts,4,4282,27416,2141,2141,1971,25445,10.3339,4097,0.1222366710013004,0.6676813800101471,0.6314196089874525,0.2066420664206642,0.6826817005351421,7605.408,10,2026-09-18T18:12:33.378720+00:00
Llama-3.1-8B-Instruct,belief_bank_constraints,attn,25,25878,belief_bank_facts,24,4282,27416,2141,2141,1971,25445,9.424,4097,0.1291959406713505,0.671740233384069,0.6508972862562008,0.21671167853343154,0.7220257299321194,7616.61,10,2026-09-18T18:12:33.378720+00:00
Llama-3.1-8B-Instruct,belief_bank_constraints,attn,25,25878,belief_bank_facts,42,4282,27416,2141,2141,1971,25445,9.3921,4097,0.12027667477904445,0.9528158295281582,0.49558651882112636,0.21359112880295705,0.7867124194911499,7627.778,10,2026-09-18T18:12:33.378720+00:00
Llama-3.1-8B-Instruct,belief_bank_constraints,attn,25,25878,belief_bank_facts,64,4282,27416,2141,2141,1971,25445,10.7275,4097,0.15412970855892177,0.6788432267884322,0.7090749927049897,0.2512204280886218,0.7638928044780583,7640.296,10,2026-09-18T18:12:33.378720+00:00
Llama-3.1-8B-Instruct,belief_bank_constraints,attn,25,25878,belief_bank_facts,67,4282,27416,2141,2141,1971,25445,8.1828,4097,0.16126327557294579,0.878234398782344,0.6628611030055442,0.27249114521841794,0.7357936692375462,7650.226,10,2026-09-18T18:12:33.378720+00:00
Llama-3.1-8B-Instruct,belief_bank_constraints,attn,25,25878,belief_bank_facts,104,4282,27416,2141,2141,1971,25445,9.1736,4097,0.14752630400716366,0.6686960933536276,0.6983878027429239,0.241723979825768,0.6911334910336248,7661.103,10,2026-09-18T18:12:33.378720+00:00
Llama-3.1-8B-Instruct,belief_bank_constraints,attn,25,25878,belief_bank_facts,123,4282,27416,2141,2141,1971,25445,9.4536,4097,0.18323586744639375,0.5722983257229832,0.7858549751969652,0.27759320782576596,0.6997248270486008,7672.252,10,2026-09-18T18:12:33.378720+00:00
Llama-3.1-8B-Instruct,belief_bank_constraints,attn,25,25878,belief_bank_facts,420,4282,27416,2141,2141,1971,25445,8.5145,4097,0.14178323341897422,0.7559614408929477,0.6534870148818208,0.2387820512820513,0.7406412533713697,7682.51,10,2026-09-18T18:12:33.378720+00:00
Llama-3.1-8B-Instruct,belief_bank_constraints,attn,25,25878,belief_bank_facts,511,4282,27416,2141,2141,1971,25445,8.1264,4097,0.14094313746175757,0.6778285134449518,0.6798220017508024,0.23336244541484716,0.7179159115885388,7692.414,10,2026-09-18T18:12:33.378720+00:00
Llama-3.1-8B-Instruct,belief_bank_constraints,attn,25,25878,belief_bank_facts,mean,0,0,0,0,0,0,9.2238,4097.0,0.1480214683790057,0.7139523084728564,0.6737671432740006,0.24302015793721762,0.7239401943228891,9471.354,10,2026-09-18T18:12:33.378720+00:00
Llama-3.1-8B-Instruct,belief_bank_constraints,attn,25,25878,belief_bank_facts,std,0,0,0,0,0,0,0.8066575853483308,0.0,0.020807967641765696,0.11139634741457996,0.07639556600316177,0.02520911746029855,0.031605196262744356,9471.354,10,2026-09-18T18:12:33.378720+00:00
Llama-3.1-8B-Instruct,belief_bank_constraints,attn,25,25878,halu_eval,2,4282,10000,2141,2141,1912,8088,7.9188,4097,0.19326980345443717,0.33943514644351463,0.6028,0.24629981024667932,0.5031957567179437,7701.243,10,2026-09-18T18:12:33.378720+00:00
Llama-3.1-8B-Instruct,belief_bank_constraints,attn,25,25878,halu_eval,4,4282,10000,2141,2141,1912,8088,9.139,4097,0.1962240792324358,0.33158995815899583,0.6125,0.24654870698036166,0.5115577173580157,7711.284,10,2026-09-18T18:12:33.378720+00:00
Llama-3.1-8B-Instruct,belief_bank_constraints,attn,25,25878,halu_eval,24,4282,10000,2141,2141,1912,8088,8.695,4097,0.20138043036946812,0.2594142259414226,0.6617,0.22674285714285713,0.5076573680621945,7720.878,10,2026-09-18T18:12:33.378720+00:00
Llama-3.1-8B-Instruct,belief_bank_constraints,attn,25,25878,halu_eval,42,4282,10000,2141,2141,1912,8088,8.4251,4097,0.2039045553145336,0.34414225941422594,0.6177,0.2560809496010897,0.5208609777282529,7730.192,10,2026-09-18T18:12:33.378720+00:00
Llama-3.1-8B-Instruct,belief_bank_constraints,attn,25,25878,halu_eval,64,4282,10000,2141,2141,1912,8088,9.9312,4097,0.20119003346969133,0.28294979079497906,0.6481,0.23516626820256467,0.5064430839737779,7740.974,10,2026-09-18T18:12:33.378720+00:00
Llama-3.1-8B-Instruct,belief_bank_constraints,attn,25,25878,halu_eval,67,4282,10000,2141,2141,1912,8088,7.3067,4097,0.19266528925619836,0.3901673640167364,0.5708,0.2579529737206086,0.510567272036883,7749.135,10,2026-09-18T18:12:33.378720+00:00
Llama-3.1-8B-Instruct,belief_bank_constraints,attn,25,25878,halu_eval,104,4282,10000,2141,2141,1912,8088,8.7999,4097,0.19750519750519752,0.44717573221757323,0.5469,0.2739945521551033,0.5085119193577757,7758.828,10,2026-09-18T18:12:33.378720+00:00
Llama-3.1-8B-Instruct,belief_bank_constraints,attn,25,25878,halu_eval,123,4282,10000,2141,2141,1912,8088,9.6369,4097,0.1968058968058968,0.4189330543933054,0.562,0.2678034102306921,0.5090171812986024,7769.357,10,2026-09-18T18:12:33.378720+00:00
Llama-3.1-8B-Instruct,belief_bank_constraints,attn,25,25878,halu_eval,420,4282,10000,2141,2141,1912,8088,9.2028,4097,0.19388589177701487,0.6202928870292888,0.4343,0.295429069622618,0.5073342681342058,7779.451,10,2026-09-18T18:12:33.378720+00:00
Llama-3.1-8B-Instruct,belief_bank_constraints,attn,25,25878,halu_eval,511,4282,10000,2141,2141,1912,8088,8.8714,4097,0.18764198091776466,0.4320083682008368,0.5338,0.2616407982261641,0.5056089992302248,7789.166,10,2026-09-18T18:12:33.378720+00:00
Llama-3.1-8B-Instruct,belief_bank_constraints,attn,25,25878,halu_eval,mean,0,0,0,0,0,0,8.792679999999999,4097.0,0.1964473158102638,0.3866108786610879,0.57906,0.2567659396128738,0.5090754543897876,9471.354,10,2026-09-18T18:12:33.378720+00:00
Llama-3.1-8B-Instruct,belief_bank_constraints,attn,25,25878,halu_eval,std,0,0,0,0,0,0,0.7361915087801543,0.0,0.004606865148125807,0.09765998711578056,0.06258452204818696,0.018764311792123182,0.004540549588809217,9471.354,10,2026-09-18T18:12:33.378720+00:00
Llama-3.1-8B-Instruct,belief_bank_constraints,attn,26,25878,belief_bank_constraints,2,4282,7764,2141,2141,917,6847,7.5513,4097,0.6793893129770993,0.9705561613958561,0.9424265842349304,0.7992815446789403,0.9800978674085189,7798.331,10,2026-09-18T18:12:33.378720+00:00
Llama-3.1-8B-Instruct,belief_bank_constraints,attn,26,25878,belief_bank_constraints,4,4282,7764,2141,2141,917,6847,7.7272,4097,0.7422852376980817,0.9705561613958561,0.9567233384853169,0.8412098298676749,0.9852705154363985,7806.857,10,2026-09-18T18:12:33.378720+00:00
Llama-3.1-8B-Instruct,belief_bank_constraints,attn,26,25878,belief_bank_constraints,24,4282,7764,2141,2141,917,6847,7.3747,4097,0.7017133956386293,0.9825517993456925,0.9486089644513137,0.8187187641980918,0.9847796494146318,7815.008,10,2026-09-18T18:12:33.378720+00:00
Llama-3.1-8B-Instruct,belief_bank_constraints,attn,26,25878,belief_bank_constraints,42,4282,7764,2141,2141,917,6847,7.5483,4097,0.6956181533646323,0.9694656488549618,0.94629057187017,0.8100227790432801,0.9806252059542908,7823.353,10,2026-09-18T18:12:33.378720+00:00
Llama-3.1-8B-Instruct,belief_bank_constraints,attn,26,25878,belief_bank_constraints,64,4282,7764,2141,2141,917,6847,7.201,4097,0.7211774325429272,0.9618320610687023,0.9515713549716641,0.8242990654205608,0.9826443344393481,7831.355,10,2026-09-18T18:12:33.378720+00:00
Llama-3.1-8B-Instruct,belief_bank_constraints,attn,26,25878,belief_bank_constraints,67,4282,7764,2141,2141,917,6847,7.079,4097,0.6927899686520376,0.9640130861504908,0.9452601751674394,0.8062015503875969,0.9807500725866934,7839.218,10,2026-09-18T18:12:33.378720+00:00
Llama-3.1-8B-Instruct,belief_bank_constraints,attn,26,25878,belief_bank_constraints,104,4282,7764,2141,2141,917,6847,6.9595,4097,0.7003891050583657,0.9814612868047983,0.9482225656877898,0.8174386920980926,0.9836000260563532,7846.951,10,2026-09-18T18:12:33.378720+00:00
Llama-3.1-8B-Instruct,belief_bank_constraints,attn,26,25878,belief_bank_constraints,123,4282,7764,2141,2141,917,6847,7.5929,4097,0.70078125,0.9781897491821155,0.9480937660999484,0.8165680473372781,0.9821650950300372,7855.352,10,2026-09-18T18:12:33.378720+00:00
Llama-3.1-8B-Instruct,belief_bank_constraints,attn,26,25878,belief_bank_constraints,420,4282,7764,2141,2141,917,6847,7.6846,4097,0.7224456958970233,0.9792802617230099,0.9531169500257599,0.8314814814814815,0.9850934883166083,7863.827,10,2026-09-18T18:12:33.378720+00:00
Llama-3.1-8B-Instruct,belief_bank_constraints,attn,26,25878,belief_bank_constraints,511,4282,7764,2141,2141,917,6847,7.2654,4097,0.7075098814229249,0.9760087241003271,0.949510561566203,0.8203483043079743,0.9810761751757808,7871.853,10,2026-09-18T18:12:33.378720+00:00
Llama-3.1-8B-Instruct,belief_bank_constraints,attn,26,25878,belief_bank_constraints,mean,0,0,0,0,0,0,7.398390000000001,4097.0,0.7064099433251722,0.9733914940021811,0.9489824832560536,0.8185570058820971,0.9826102429818662,9471.354,10,2026-09-18T18:12:33.378720+00:00
Llama-3.1-8B-Instruct,belief_bank_constraints,attn,26,25878,belief_bank_constraints,std,0,0,0,0,0,0,0.2501130882221081,0.0,0.01698688275027597,0.006831171107247897,0.0038676137888178403,0.011483200608746334,0.0018760296269398442,9471.354,10,2026-09-18T18:12:33.378720+00:00
Llama-3.1-8B-Instruct,belief_bank_constraints,attn,26,25878,belief_bank_facts,2,4282,27416,2141,2141,1971,25445,7.449,4097,0.18335717691940867,0.7803145611364789,0.7343522030930844,0.2969398590597548,0.7744291439869062,7881.047,10,2026-09-18T18:12:33.378720+00:00
Llama-3.1-8B-Instruct,belief_bank_constraints,attn,26,25878,belief_bank_facts,4,4282,27416,2141,2141,1971,25445,7.784,4097,0.1340552651232263,0.5464231354642314,0.7136343740881237,0.21529235382308845,0.7193899875967295,7890.585,10,2026-09-18T18:12:33.378720+00:00
Llama-3.1-8B-Instruct,belief_bank_constraints,attn,26,25878,belief_bank_facts,24,4282,27416,2141,2141,1971,25445,7.2325,4097,0.16884402216943784,0.8655504819888381,0.6840166326232857,0.2825672877846791,0.7567083987219277,7899.583,10,2026-09-18T18:12:33.378720+00:00
Llama-3.1-8B-Instruct,belief_bank_constraints,attn,26,25878,belief_bank_facts,42,4282,27416,2141,2141,1971,25445,7.6091,4097,0.158205874073379,0.8554033485540334,0.6623869273416982,0.26702565726955974,0.7700535540938019,7908.944,10,2026-09-18T18:12:33.378720+00:00
Llama-3.1-8B-Instruct,belief_bank_constraints,attn,26,25878,belief_bank_facts,64,4282,27416,2141,2141,1971,25445,7.1624,4097,0.22229516806722688,0.8589548452562151,0.7738182083454916,0.35318660686346093,0.822633331668398,7917.859,10,2026-09-18T18:12:33.378720+00:00
Llama-3.1-8B-Instruct,belief_bank_constraints,attn,26,25878,belief_bank_facts,67,4282,27416,2141,2141,1971,25445,7.061,4097,0.14444346523310125,0.8315575849822425,0.6337904873066822,0.2461330530109626,0.722294562171331,7926.649,10,2026-09-18T18:12:33.378720+00:00
Llama-3.1-8B-Instruct,belief_bank_constraints,attn,26,25878,belief_bank_facts,104,4282,27416,2141,2141,1971,25445,7.1257,4097,0.14520681265206814,0.7569761542364282,0.6621680770353079,0.2436714029070717,0.7508794597713214,7935.496,10,2026-09-18T18:12:33.378720+00:00
Llama-3.1-8B-Instruct,belief_bank_constraints,attn,26,25878,belief_bank_facts,123,4282,27416,2141,2141,1971,25445,7.6615,4097,0.16284635920095739,0.8975139523084729,0.6609279252990954,0.2756739909615085,0.792329433097461,7944.902,10,2026-09-18T18:12:33.378720+00:00
Llama-3.1-8B-Instruct,belief_bank_constraints,attn,26,25878,belief_bank_facts,420,4282,27416,2141,2141,1971,25445,7.6505,4097,0.18229549511708495,0.8807711821410451,0.7073971403559965,0.3020706455542022,0.8154878873953322,7954.296,10,2026-09-18T18:12:33.378720+00:00
Llama-3.1-8B-Instruct,belief_bank_constraints,attn,26,25878,belief_bank_facts,511,4282,27416,2141,2141,1971,25445,7.3405,4097,0.1641011544804838,0.908675799086758,0.66067259994164,0.2779976717112922,0.7925053479819736,7963.355,10,2026-09-18T18:12:33.378720+00:00
Llama-3.1-8B-Instruct,belief_bank_constraints,attn,26,25878,belief_bank_facts,mean,0,0,0,0,0,0,7.40762,4097.0,0.16656507930363743,0.8182141045154744,0.6893164575430406,0.27605585289455803,0.7716711106485182,9471.354,10,2026-09-18T18:12:33.378720+00:00
Llama-3.1-8B-Instruct,belief_bank_constraints,attn,26,25878,belief_bank_facts,std,0,0,0,0,0,0,0.2454268559061946,0.0,0.023942978921789666,0.10144140857549899,0.040356996220216476,0.03581375912680045,0.03348977116375608,9471.354,10,2026-09-18T18:12:33.378720+00:00
Llama-3.1-8B-Instruct,belief_bank_constraints,attn,26,25878,halu_eval,2,4282,10000,2141,2141,1912,8088,6.5055,4097,0.1933342748199407,0.7160041841004184,0.3745,0.3044590236850884,0.49993656338850057,7970.737,10,2026-09-18T18:12:33.378720+00:00
Llama-3.1-8B-Instruct,belief_bank_constraints,attn,26,25878,halu_eval,4,4282,10000,2141,2141,1912,8088,7.0408,4097,0.1890686001115449,0.7092050209205021,0.3628,0.2985468956406869,0.49759425865686646,7978.673,10,2026-09-18T18:12:33.378720+00:00
Llama-3.1-8B-Instruct,belief_bank_constraints,attn,26,25878,halu_eval,24,4282,10000,2141,2141,1912,8088,6.3373,4097,0.18899292948595453,0.5172594142259415,0.4833,0.2768369489153254,0.49657552228830154,7985.9,10,2026-09-18T18:12:33.378720+00:00
Llama-3.1-8B-Instruct,belief_bank_constraints,attn,26,25878,halu_eval,42,4282,10000,2141,2141,1912,8088,6.5622,4097,0.19287272727272728,0.6935146443514645,0.3865,0.30180949129395696,0.5003623517355118,7993.314,10,2026-09-18T18:12:33.378720+00:00
Llama-3.1-8B-Instruct,belief_bank_constraints,attn,26,25878,halu_eval,64,4282,10000,2141,2141,1912,8088,6.4838,4097,0.18728266269249877,0.5915271966527197,0.4311,0.2844925166645705,0.49457238679959775,8000.695,10,2026-09-18T18:12:33.378720+00:00
Llama-3.1-8B-Instruct,belief_bank_constraints,attn,26,25878,halu_eval,67,4282,10000,2141,2141,1912,8088,6.0697,4097,0.18955042527339003,0.7343096234309623,0.3489,0.30131988410773686,0.4934611144564601,8007.637,10,2026-09-18T18:12:33.378720+00:00
Llama-3.1-8B-Instruct,belief_bank_constraints,attn,26,25878,halu_eval,104,4282,10000,2141,2141,1912,8088,6.3228,4097,0.1915245609569865,0.7871338912133892,0.324,0.30808597748208805,0.4975624756858656,8014.815,10,2026-09-18T18:12:33.378720+00:00
Llama-3.1-8B-Instruct,belief_bank_constraints,attn,26,25878,halu_eval,123,4282,10000,2141,2141,1912,8088,6.7556,4097,0.1916563403552251,0.48535564853556484,0.5102,0.2748001184483269,0.502860532055341,8022.471,10,2026-09-18T18:12:33.378720+00:00
Llama-3.1-8B-Instruct,belief_bank_constraints,attn,26,25878,halu_eval,420,4282,10000,2141,2141,1912,8088,7.4254,4097,0.19280983916745506,0.5329497907949791,0.4841,0.2831735445324441,0.5078329665520281,8030.786,10,2026-09-18T18:12:33.378720+00:00
Llama-3.1-8B-Instruct,belief_bank_constraints,attn,26,25878,halu_eval,511,4282,10000,2141,2141,1912,8088,7.5224,4097,0.1893437296946069,0.7620292887029289,0.3307,0.30332049547205164,0.4999525033729395,8039.178,10,2026-09-18T18:12:33.378720+00:00
Llama-3.1-8B-Instruct,belief_bank_constraints,attn,26,25878,halu_eval,mean,0,0,0,0,0,0,6.7025500000000005,4097.0,0.19064360898303295,0.652928870292887,0.40361,0.29368448962422755,0.4990710674991412,9471.354,10,2026-09-18T18:12:33.378720+00:00
Llama-3.1-8B-Instruct,belief_bank_constraints,attn,26,25878,halu_eval,std,0,0,0,0,0,0,0.4578633688121381,0.0,0.001951640282495545,0.10487208986129815,0.06511426034287726,0.011831041268754498,0.003958770069623524,9471.354,10,2026-09-18T18:12:33.378720+00:00
Llama-3.1-8B-Instruct,belief_bank_constraints,attn,27,25878,belief_bank_constraints,2,4282,7764,2141,2141,917,6847,7.9066,4097,0.6848998459167951,0.9694656488549618,0.9437145801133436,0.8027088036117381,0.9769652120606513,8048.793,10,2026-09-18T18:12:33.378720+00:00
Llama-3.1-8B-Instruct,belief_bank_constraints,attn,27,25878,belief_bank_constraints,4,4282,7764,2141,2141,917,6847,9.2716,4097,0.7196110210696921,0.9683751363140676,0.9517001545595054,0.8256624825662483,0.9848138921773443,8058.806,10,2026-09-18T18:12:33.378720+00:00
Llama-3.1-8B-Instruct,belief_bank_constraints,attn,27,25878,belief_bank_constraints,24,4282,7764,2141,2141,917,6847,8.0727,4097,0.6989079563182528,0.9770992366412213,0.9475785677485832,0.8149158708503865,0.9843974046215626,8067.639,10,2026-09-18T18:12:33.378720+00:00
Llama-3.1-8B-Instruct,belief_bank_constraints,attn,27,25878,belief_bank_constraints,42,4282,7764,2141,2141,917,6847,8.142,4097,0.6933229813664596,0.9738276990185387,0.9460329726944874,0.8099773242630386,0.9825603202192048,8076.589,10,2026-09-18T18:12:33.378720+00:00
Llama-3.1-8B-Instruct,belief_bank_constraints,attn,27,25878,belief_bank_constraints,64,4282,7764,2141,2141,917,6847,8.8932,4097,0.7138263665594855,0.9683751363140676,0.9504121586810922,0.8218417399352151,0.9799332632445035,8086.284,10,2026-09-18T18:12:33.378720+00:00
Llama-3.1-8B-Instruct,belief_bank_constraints,attn,27,25878,belief_bank_constraints,67,4282,7764,2141,2141,917,6847,7.6773,4097,0.6977848101265823,0.9618320610687023,0.94629057187017,0.8088033012379643,0.9793524104277017,8094.769,10,2026-09-18T18:12:33.378720+00:00
Llama-3.1-8B-Instruct,belief_bank_constraints,attn,27,25878,belief_bank_constraints,104,4282,7764,2141,2141,917,6847,7.7775,4097,0.6826849733028223,0.9760087241003271,0.9435857805255023,0.803411131059246,0.9829916197607178,8103.353,10,2026-09-18T18:12:33.378720+00:00
Llama-3.1-8B-Instruct,belief_bank_constraints,attn,27,25878,belief_bank_constraints,123,4282,7764,2141,2141,917,6847,8.2031,4097,0.6939890710382514,0.9694656488549618,0.9459041731066461,0.8089171974522293,0.9810211478524453,8112.364,10,2026-09-18T18:12:33.378720+00:00
Llama-3.1-8B-Instruct,belief_bank_constraints,attn,27,25878,belief_bank_constraints,420,4282,7764,2141,2141,917,6847,8.2906,4097,0.7075697211155378,0.9683751363140676,0.9489953632148377,0.8176795580110497,0.9817344325631792,8121.463,10,2026-09-18T18:12:33.378720+00:00
Llama-3.1-8B-Instruct,belief_bank_constraints,attn,27,25878,belief_bank_constraints,511,4282,7764,2141,2141,917,6847,8.2242,4097,0.700701480904131,0.9803707742639041,0.9482225656877898,0.8172727272727273,0.9773684006830077,8130.507,10,2026-09-18T18:12:33.378720+00:00
Llama-3.1-8B-Instruct,belief_bank_constraints,attn,27,25878,belief_bank_constraints,mean,0,0,0,0,0,0,8.245879999999998,4097.0,0.6993298227718011,0.9713195201744819,0.9472436888201956,0.8131190136259843,0.9811138103610316,9471.354,10,2026-09-18T18:12:33.378720+00:00
Llama-3.1-8B-Instruct,belief_bank_constraints,attn,27,25878,belief_bank_constraints,std,0,0,0,0,0,0,0.4662596975935192,0.0,0.011152130787170486,0.0051623992927130324,0.002530641505823615,0.007235132800792048,0.0025733265750477194,9471.354,10,2026-09-18T18:12:33.378720+00:00
Llama-3.1-8B-Instruct,belief_bank_constraints,attn,27,25878,belief_bank_facts,2,4282,27416,2141,2141,1971,25445,8.0696,4097,0.19035101283439,0.6245560629122273,0.7820250948351327,0.2917753022043138,0.7648225662357673,8140.328,10,2026-09-18T18:12:33.378720+00:00
Llama-3.1-8B-Instruct,belief_bank_constraints,attn,27,25878,belief_bank_facts,4,4282,27416,2141,2141,1971,25445,9.1783,4097,0.14596546863988724,0.8406900050735667,0.6349212138896995,0.24874277565112962,0.7993612230954659,8151.241,10,2026-09-18T18:12:33.378720+00:00
Llama-3.1-8B-Instruct,belief_bank_constraints,attn,27,25878,belief_bank_facts,24,4282,27416,2141,2141,1971,25445,7.9562,4097,0.13288229681672303,0.7772704211060375,0.619346367084914,0.22696296296296295,0.706595237945693,8160.934,10,2026-09-18T18:12:33.378720+00:00
Llama-3.1-8B-Instruct,belief_bank_constraints,attn,27,25878,belief_bank_facts,42,4282,27416,2141,2141,1971,25445,8.2214,4097,0.17253078662980648,0.6966007102993405,0.7379997081995915,0.2765636015711552,0.7971136200790814,8170.895,10,2026-09-18T18:12:33.378720+00:00
Llama-3.1-8B-Instruct,belief_bank_constraints,attn,27,25878,belief_bank_facts,64,4282,27416,2141,2141,1971,25445,8.6544,4097,0.1870977398593025,0.6341958396752917,0.7756054858476802,0.28895053166897827,0.7845428590769737,8181.288,10,2026-09-18T18:12:33.378720+00:00
Llama-3.1-8B-Instruct,belief_bank_constraints,attn,27,25878,belief_bank_facts,67,4282,27416,2141,2141,1971,25445,7.7873,4097,0.2317891373801917,0.7361745306950787,0.805624452874234,0.3525695541246507,0.844117449131487,8190.809,10,2026-09-18T18:12:33.378720+00:00
Llama-3.1-8B-Instruct,belief_bank_constraints,attn,27,25878,belief_bank_facts,104,4282,27416,2141,2141,1971,25445,7.7575,4097,0.17100371747211895,0.6301369863013698,0.7537934053107674,0.26900584795321636,0.7638898634244491,8200.303,10,2026-09-18T18:12:33.378720+00:00
Llama-3.1-8B-Instruct,belief_bank_constraints,attn,27,25878,belief_bank_facts,123,4282,27416,2141,2141,1971,25445,7.9461,4097,0.16116870876531575,0.6073059360730594,0.7445287423402392,0.25473505001064056,0.7304495355577867,8209.981,10,2026-09-18T18:12:33.378720+00:00
Llama-3.1-8B-Instruct,belief_bank_constraints,attn,27,25878,belief_bank_facts,420,4282,27416,2141,2141,1971,25445,8.4793,4097,0.2066155904171227,0.8619989852866565,0.7521155529617741,0.3333333333333333,0.8176675072098185,8220.193,10,2026-09-18T18:12:33.378720+00:00
Llama-3.1-8B-Instruct,belief_bank_constraints,attn,27,25878,belief_bank_facts,511,4282,27416,2141,2141,1971,25445,8.2435,4097,0.14435237679895332,0.8396752917300863,0.630653632915086,0.24635308127418876,0.7585413530581324,8230.148,10,2026-09-18T18:12:33.378720+00:00
Llama-3.1-8B-Instruct,belief_bank_constraints,attn,27,25878,belief_bank_facts,mean,0,0,0,0,0,0,8.22936,4097.0,0.17437568356138117,0.7248604769152713,0.7236613656259119,0.278899204075457,0.7767101214814655,9471.354,10,2026-09-18T18:12:33.378720+00:00
Llama-3.1-8B-Instruct,belief_bank_constraints,attn,27,25878,belief_bank_facts,std,0,0,0,0,0,0,0.41741157195267126,0.0,0.028934782741429698,0.09494839540819891,0.06525944533176141,0.03743059082560659,0.038605567007667374,9471.354,10,2026-09-18T18:12:33.378720+00:00
Llama-3.1-8B-Instruct,belief_bank_constraints,attn,27,25878,halu_eval,2,4282,10000,2141,2141,1912,8088,8.0583,4097,0.1945000667467628,0.7620292887029289,0.3511,0.3099010953950867,0.5094573253313965,8239.039,10,2026-09-18T18:12:33.378720+00:00
Llama-3.1-8B-Instruct,belief_bank_constraints,attn,27,25878,halu_eval,4,4282,10000,2141,2141,1912,8088,9.0724,4097,0.19295713667195843,0.6992677824267782,0.3833,0.30245447347585114,0.5103585326057716,8248.982,10,2026-09-18T18:12:33.378720+00:00
Llama-3.1-8B-Instruct,belief_bank_constraints,attn,27,25878,halu_eval,24,4282,10000,2141,2141,1912,8088,6.6983,4097,0.1888134497251859,0.6108786610878661,0.4238,0.28846628797233886,0.49638152653448053,8256.563,10,2026-09-18T18:12:33.378720+00:00
Llama-3.1-8B-Instruct,belief_bank_constraints,attn,27,25878,halu_eval,42,4282,10000,2141,2141,1912,8088,7.506,4097,0.19460067491563554,0.8143305439330544,0.3201,0.3141329567234944,0.5155987135753572,8264.944,10,2026-09-18T18:12:33.378720+00:00
Llama-3.1-8B-Instruct,belief_bank_constraints,attn,27,25878,halu_eval,64,4282,10000,2141,2141,1912,8088,7.8817,4097,0.19613793103448277,0.7437238493723849,0.3682,0.3104125736738703,0.5136831995021294,8273.707,10,2026-09-18T18:12:33.378720+00:00
Llama-3.1-8B-Instruct,belief_bank_constraints,attn,27,25878,halu_eval,67,4282,10000,2141,2141,1912,8088,6.6612,4097,0.19261152416356878,0.8671548117154811,0.2796,0.3152091254752852,0.5133275406201242,8281.259,10,2026-09-18T18:12:33.378720+00:00
Llama-3.1-8B-Instruct,belief_bank_constraints,attn,27,25878,halu_eval,104,4282,10000,2141,2141,1912,8088,7.0402,4097,0.19326050161563318,0.6569037656903766,0.4101,0.29865652122220904,0.5019174863633918,8289.18,10,2026-09-18T18:12:33.378720+00:00
Llama-3.1-8B-Instruct,belief_bank_constraints,attn,27,25878,halu_eval,123,4282,10000,2141,2141,1912,8088,7.1215,4097,0.1925198439391901,0.7484309623430963,0.3517,0.30626003210272873,0.5019525349295821,8297.148,10,2026-09-18T18:12:33.378720+00:00
Llama-3.1-8B-Instruct,belief_bank_constraints,attn,27,25878,halu_eval,420,4282,10000,2141,2141,1912,8088,7.5221,4097,0.19560669456066945,0.8802301255230126,0.285,0.3200836820083682,0.5134682198742699,8305.548,10,2026-09-18T18:12:33.378720+00:00
Llama-3.1-8B-Instruct,belief_bank_constraints,attn,27,25878,halu_eval,511,4282,10000,2141,2141,1912,8088,7.2629,4097,0.1950007101264025,0.7180962343096234,0.3793,0.3067128336870323,0.513013914151447,8313.686,10,2026-09-18T18:12:33.378720+00:00
Llama-3.1-8B-Instruct,belief_bank_constraints,attn,27,25878,halu_eval,mean,0,0,0,0,0,0,7.482459999999999,4097.0,0.19360085334994895,0.7501046025104603,0.35522000000000004,0.3072289581736265,0.5089158993487951,9471.354,10,2026-09-18T18:12:33.378720+00:00
Llama-3.1-8B-Instruct,belief_bank_constraints,attn,27,25878,halu_eval,std,0,0,0,0,0,0,0.6844330839461226,0.0,0.001995614856301952,0.0816230755661217,0.04600419111341923,0.008622025810123482,0.0061750963226580614,9471.354,10,2026-09-18T18:12:33.378720+00:00
Llama-3.1-8B-Instruct,belief_bank_constraints,attn,28,25878,belief_bank_constraints,2,4282,7764,2141,2141,917,6847,7.5941,4097,0.6896551724137931,0.9814612868047983,0.9456465739309634,0.8100810081008101,0.9824699352525101,8323.04,10,2026-09-18T18:12:33.378720+00:00
Llama-3.1-8B-Instruct,belief_bank_constraints,attn,28,25878,belief_bank_constraints,4,4282,7764,2141,2141,917,6847,8.9001,4097,0.7479061976549414,0.9738276990185387,0.9581401339515714,0.8460445286594032,0.9864272041070928,8332.759,10,2026-09-18T18:12:33.378720+00:00
Llama-3.1-8B-Instruct,belief_bank_constraints,attn,28,25878,belief_bank_constraints,24,4282,7764,2141,2141,917,6847,8.4446,4097,0.7161084529505582,0.9792802617230099,0.9517001545595054,0.8272685398433901,0.9839541599302658,8342.021,10,2026-09-18T18:12:33.378720+00:00
Llama-3.1-8B-Instruct,belief_bank_constraints,attn,28,25878,belief_bank_constraints,42,4282,7764,2141,2141,917,6847,7.5424,4097,0.7086302454473475,0.9760087241003271,0.9497681607418856,0.8211009174311926,0.9850228526642223,8350.365,10,2026-09-18T18:12:33.378720+00:00
Llama-3.1-8B-Instruct,belief_bank_constraints,attn,28,25878,belief_bank_constraints,64,4282,7764,2141,2141,917,6847,8.1712,4097,0.7244224422442245,0.9574700109051254,0.9519577537351881,0.8248003757632691,0.9834667181847704,8359.359,10,2026-09-18T18:12:33.378720+00:00
Llama-3.1-8B-Instruct,belief_bank_constraints,attn,28,25878,belief_bank_constraints,67,4282,7764,2141,2141,917,6847,7.1426,4097,0.7018239492466296,0.965103598691385,0.9474497681607419,0.8126721763085399,0.983761126309766,8367.32,10,2026-09-18T18:12:33.378720+00:00
Llama-3.1-8B-Instruct,belief_bank_constraints,attn,28,25878,belief_bank_constraints,104,4282,7764,2141,2141,917,6847,8.5162,4097,0.6823351023502654,0.9814612868047983,0.9438433797011849,0.8050089445438283,0.985176546924769,8376.655,10,2026-09-18T18:12:33.378720+00:00
Llama-3.1-8B-Instruct,belief_bank_constraints,attn,28,25878,belief_bank_constraints,123,4282,7764,2141,2141,917,6847,8.3355,4097,0.70234375,0.9803707742639041,0.9486089644513137,0.8183887118798362,0.9832245501814945,8385.803,10,2026-09-18T18:12:33.378720+00:00
Llama-3.1-8B-Instruct,belief_bank_constraints,attn,28,25878,belief_bank_constraints,420,4282,7764,2141,2141,917,6847,8.5267,4097,0.6861989205859677,0.9705561613958561,0.9441009788768676,0.8039747064137308,0.9801125201255866,8395.126,10,2026-09-18T18:12:33.378720+00:00
Llama-3.1-8B-Instruct,belief_bank_constraints,attn,28,25878,belief_bank_constraints,511,4282,7764,2141,2141,917,6847,7.9704,4097,0.7096774193548387,0.9836423118865867,0.9505409582689336,0.8244972577696527,0.9816723974186373,8403.9,10,2026-09-18T18:12:33.378720+00:00
Llama-3.1-8B-Instruct,belief_bank_constraints,attn,28,25878,belief_bank_constraints,mean,0,0,0,0,0,0,8.11438,4097.0,0.7069101652248567,0.9749182115594331,0.9491756826378156,0.8193837166713653,0.9835288011099117,9471.354,10,2026-09-18T18:12:33.378720+00:00
Llama-3.1-8B-Instruct,belief_bank_constraints,attn,28,25878,belief_bank_constraints,std,0,0,0,0,0,0,0.5170038525968641,0.0,0.018600874381498805,0.007954016370255388,0.004082032639542521,0.011866142908338467,0.001729674293784024,9471.354,10,2026-09-18T18:12:33.378720+00:00
Llama-3.1-8B-Instruct,belief_bank_constraints,attn,28,25878,belief_bank_facts,2,4282,27416,2141,2141,1971,25445,7.4858,4097,0.15433958596559433,0.8056823947234906,0.6686606361248906,0.2590538336052202,0.7133640678420313,8413.131,10,2026-09-18T18:12:33.378720+00:00
Llama-3.1-8B-Instruct,belief_bank_constraints,attn,28,25878,belief_bank_facts,4,4282,27416,2141,2141,1971,25445,8.5242,4097,0.1461513211882488,0.9036022323693557,0.6135468339655675,0.2516069788797062,0.7477400993916604,8423.386,10,2026-09-18T18:12:33.378720+00:00
Llama-3.1-8B-Instruct,belief_bank_constraints,attn,28,25878,belief_bank_facts,24,4282,27416,2141,2141,1971,25445,8.4854,4097,0.15097508631146775,0.8209030948756976,0.6552378173329443,0.25504413619167715,0.7403534488439615,8433.607,10,2026-09-18T18:12:33.378720+00:00
Llama-3.1-8B-Instruct,belief_bank_constraints,attn,28,25878,belief_bank_facts,42,4282,27416,2141,2141,1971,25445,7.4561,4097,0.16544552115339164,0.7102993404363267,0.7215859352203093,0.2683791814434966,0.7462929115922275,8442.792,10,2026-09-18T18:12:33.378720+00:00
Llama-3.1-8B-Instruct,belief_bank_constraints,attn,28,25878,belief_bank_facts,64,4282,27416,2141,2141,1971,25445,8.1304,4097,0.15784408084696824,0.6656519533231862,0.7206375838926175,0.25517844986871535,0.7469830622230238,8452.672,10,2026-09-18T18:12:33.378720+00:00
Llama-3.1-8B-Instruct,belief_bank_constraints,attn,28,25878,belief_bank_facts,67,4282,27416,2141,2141,1971,25445,7.2921,4097,0.1282622950819672,0.4961948249619482,0.7213306098628538,0.20383493122134222,0.7274592018538807,8461.678,10,2026-09-18T18:12:33.378720+00:00
Llama-3.1-8B-Instruct,belief_bank_constraints,attn,28,25878,belief_bank_facts,104,4282,27416,2141,2141,1971,25445,8.1434,4097,0.11476548928778228,0.5027904616945713,0.6854391596148235,0.186875353573449,0.683868819438151,8471.535,10,2026-09-18T18:12:33.378720+00:00
Llama-3.1-8B-Instruct,belief_bank_constraints,attn,28,25878,belief_bank_facts,123,4282,27416,2141,2141,1971,25445,8.3948,4097,0.08712559117183395,0.42059868087265345,0.6415231981324774,0.14434964304370537,0.6290742590115128,8481.658,10,2026-09-18T18:12:33.378720+00:00
Llama-3.1-8B-Instruct,belief_bank_constraints,attn,28,25878,belief_bank_facts,420,4282,27416,2141,2141,1971,25445,8.3091,4097,0.1357566765578635,0.8356164383561644,0.6057411730376423,0.23356732610082961,0.7174036298982126,8491.693,10,2026-09-18T18:12:33.378720+00:00
Llama-3.1-8B-Instruct,belief_bank_constraints,attn,28,25878,belief_bank_facts,511,4282,27416,2141,2141,1971,25445,7.5837,4097,0.15671864137451583,0.8006088280060882,0.6759556463379048,0.2621262458471761,0.7385241434081666,8500.993,10,2026-09-18T18:12:33.378720+00:00
Llama-3.1-8B-Instruct,belief_bank_constraints,attn,28,25878,belief_bank_facts,mean,0,0,0,0,0,0,7.980500000000001,4097.0,0.13973842889396335,0.6961948249619482,0.6709658593522032,0.23200160797753178,0.719106364350283,9471.354,10,2026-09-18T18:12:33.378720+00:00
Llama-3.1-8B-Instruct,belief_bank_constraints,attn,28,25878,belief_bank_facts,std,0,0,0,0,0,0,0.4505808273772866,0.0,0.022796694258106123,0.15980878267799772,0.040584990611231116,0.03863961463349848,0.03552141029294732,9471.354,10,2026-09-18T18:12:33.378720+00:00
Llama-3.1-8B-Instruct,belief_bank_constraints,attn,28,25878,halu_eval,2,4282,10000,2141,2141,1912,8088,7.7257,4097,0.19574898785425102,0.5057531380753139,0.5082,0.2822533566841798,0.5170351228018988,8509.583,10,2026-09-18T18:12:33.378720+00:00
Llama-3.1-8B-Instruct,belief_bank_constraints,attn,28,25878,halu_eval,4,4282,10000,2141,2141,1912,8088,8.6987,4097,0.19107787519339867,0.7751046025104602,0.3296,0.3065784029788995,0.5045084613187987,8519.124,10,2026-09-18T18:12:33.378720+00:00
Llama-3.1-8B-Instruct,belief_bank_constraints,attn,28,25878,halu_eval,24,4282,10000,2141,2141,1912,8088,8.5624,4097,0.19361483007209063,0.5899581589958159,0.4518,0.291548203670199,0.5073143835694391,8528.514,10,2026-09-18T18:12:33.378720+00:00
Llama-3.1-8B-Instruct,belief_bank_constraints,attn,28,25878,halu_eval,42,4282,10000,2141,2141,1912,8088,7.4709,4097,0.197214734950584,0.4592050209205021,0.5392,0.27592708988057824,0.5130902514805756,8536.847,10,2026-09-18T18:12:33.378720+00:00
Llama-3.1-8B-Instruct,belief_bank_constraints,attn,28,25878,halu_eval,64,4282,10000,2141,2141,1912,8088,6.9709,4097,0.19134716848399577,0.5690376569037657,0.4578,0.28639115556725453,0.5038103029334227,8544.675,10,2026-09-18T18:12:33.378720+00:00
Llama-3.1-8B-Instruct,belief_bank_constraints,attn,28,25878,halu_eval,67,4282,10000,2141,2141,1912,8088,6.5426,4097,0.19298245614035087,0.5580543933054394,0.4693,0.2867894100255342,0.508056352662553,8552.08,10,2026-09-18T18:12:33.378720+00:00
Llama-3.1-8B-Instruct,belief_bank_constraints,attn,28,25878,halu_eval,104,4282,10000,2141,2141,1912,8088,7.2391,4097,0.19231476374333517,0.547071129707113,0.4741,0.2845871310025847,0.5046204938666302,8560.186,10,2026-09-18T18:12:33.378720+00:00
Llama-3.1-8B-Instruct,belief_bank_constraints,attn,28,25878,halu_eval,123,4282,10000,2141,2141,1912,8088,7.2813,4097,0.19575995896734485,0.5988493723849372,0.4529,0.29506506893441564,0.5192716351824491,8568.33,10,2026-09-18T18:12:33.378720+00:00
Llama-3.1-8B-Instruct,belief_bank_constraints,attn,28,25878,halu_eval,420,4282,10000,2141,2141,1912,8088,7.792,4097,0.1990478349580594,0.4592050209205021,0.5433,0.2777162739206073,0.5124924858978019,8576.985,10,2026-09-18T18:12:33.378720+00:00
Llama-3.1-8B-Instruct,belief_bank_constraints,attn,28,25878,halu_eval,511,4282,10000,2141,2141,1912,8088,6.7295,4097,0.19176052163604032,0.33838912133891214,0.6008,0.24479757850926978,0.5074896910656419,8584.566,10,2026-09-18T18:12:33.378720+00:00
Llama-3.1-8B-Instruct,belief_bank_constraints,attn,28,25878,halu_eval,mean,0,0,0,0,0,0,7.501310000000001,4097.0,0.19408691319994503,0.5400627615062761,0.4827,0.2831653671173523,0.5097689180779211,9471.354,10,2026-09-18T18:12:33.378720+00:00
Llama-3.1-8B-Instruct,belief_bank_constraints,attn,28,25878,halu_eval,std,0,0,0,0,0,0,0.6788770071964436,0.0,0.0025789803800121813,0.10831795777174143,0.0690061301624718,0.015299052750605223,0.005151550330177511,9471.354,10,2026-09-18T18:12:33.378720+00:00
Llama-3.1-8B-Instruct,belief_bank_constraints,attn,29,25878,belief_bank_constraints,2,4282,7764,2141,2141,917,6847,8.3434,4097,0.682370820668693,0.9792802617230099,0.9437145801133436,0.8042991491267353,0.9763715381164155,8594.628,10,2026-09-18T18:12:33.378720+00:00
Llama-3.1-8B-Instruct,belief_bank_constraints,attn,29,25878,belief_bank_constraints,4,4282,7764,2141,2141,917,6847,8.7807,4097,0.711755233494364,0.9640130861504908,0.9496393611540443,0.8188976377952756,0.9845147856267676,8604.218,10,2026-09-18T18:12:33.378720+00:00
Llama-3.1-8B-Instruct,belief_bank_constraints,attn,29,25878,belief_bank_constraints,24,4282,7764,2141,2141,917,6847,8.9184,4097,0.6871165644171779,0.9770992366412213,0.9447449768160742,0.8068437640702386,0.9795247391219105,8613.949,10,2026-09-18T18:12:33.378720+00:00
Llama-3.1-8B-Instruct,belief_bank_constraints,attn,29,25878,belief_bank_constraints,42,4282,7764,2141,2141,917,6847,9.3105,4097,0.6752460257380772,0.9727371864776445,0.9415249871200412,0.7971403038427167,0.9804766082909852,8624.073,10,2026-09-18T18:12:33.378720+00:00
Llama-3.1-8B-Instruct,belief_bank_constraints,attn,29,25878,belief_bank_constraints,64,4282,7764,2141,2141,917,6847,9.3301,4097,0.7096260938743039,0.9727371864776445,0.9497681607418856,0.8206071757129715,0.9797013680700413,8634.191,10,2026-09-18T18:12:33.378720+00:00
Llama-3.1-8B-Instruct,belief_bank_constraints,attn,29,25878,belief_bank_constraints,67,4282,7764,2141,2141,917,6847,8.4142,4097,0.6807044410413476,0.9694656488549618,0.9426841834106131,0.7998200629779577,0.9777934887466337,8643.422,10,2026-09-18T18:12:33.378720+00:00
Llama-3.1-8B-Instruct,belief_bank_constraints,attn,29,25878,belief_bank_constraints,104,4282,7764,2141,2141,917,6847,9.0867,4097,0.6850574712643678,0.9749182115594329,0.9441009788768676,0.8046804680468047,0.9801622119486856,8653.331,10,2026-09-18T18:12:33.378720+00:00
Llama-3.1-8B-Instruct,belief_bank_constraints,attn,29,25878,belief_bank_constraints,123,4282,7764,2141,2141,917,6847,10.2728,4097,0.6793602437166794,0.9727371864776445,0.9425553838227718,0.8,0.9771029794548202,8664.43,10,2026-09-18T18:12:33.378720+00:00
Llama-3.1-8B-Instruct,belief_bank_constraints,attn,29,25878,belief_bank_constraints,420,4282,7764,2141,2141,917,6847,8.3631,4097,0.675592960979342,0.9629225736095965,0.9410097887686759,0.7940647482014388,0.97859158402083,8673.618,10,2026-09-18T18:12:33.378720+00:00
Llama-3.1-8B-Instruct,belief_bank_constraints,attn,29,25878,belief_bank_constraints,511,4282,7764,2141,2141,917,6847,8.8861,4097,0.6921887084300077,0.9760087241003271,0.9459041731066461,0.8099547511312217,0.9792781912303806,8683.336,10,2026-09-18T18:12:33.378720+00:00
Llama-3.1-8B-Instruct,belief_bank_constraints,attn,29,25878,belief_bank_constraints,mean,0,0,0,0,0,0,8.9706,4097.0,0.6879018563624362,0.9721919302071973,0.9445646573930964,0.8056308060905361,0.979351749462747,9471.354,10,2026-09-18T18:12:33.378720+00:00
Llama-3.1-8B-Instruct,belief_bank_constraints,attn,29,25878,belief_bank_constraints,std,0,0,0,0,0,0,0.5542490829942799,0.0,0.012389687852520466,0.005074106924375934,0.002916222915628019,0.00833353302780671,0.002137318947599481,9471.354,10,2026-09-18T18:12:33.378720+00:00
Llama-3.1-8B-Instruct,belief_bank_constraints,attn,29,25878,belief_bank_facts,2,4282,27416,2141,2141,1971,25445,9.3281,4097,0.13331388564760793,0.69558599695586,0.6530128392179749,0.22374541003671972,0.6773089239841328,8694.412,10,2026-09-18T18:12:33.378720+00:00
Llama-3.1-8B-Instruct,belief_bank_constraints,attn,29,25878,belief_bank_facts,4,4282,27416,2141,2141,1971,25445,10.0472,4097,0.13062290190227527,0.8883815322171487,0.5668952436533411,0.22775754422476588,0.6990344969636861,8706.215,10,2026-09-18T18:12:33.378720+00:00
Llama-3.1-8B-Instruct,belief_bank_constraints,attn,29,25878,belief_bank_facts,24,4282,27416,2141,2141,1971,25445,8.8093,4097,0.11043530113297555,0.9396245560629122,0.45152465713452,0.19764153460327624,0.702466497162282,8716.782,10,2026-09-18T18:12:33.378720+00:00
Llama-3.1-8B-Instruct,belief_bank_constraints,attn,29,25878,belief_bank_facts,42,4282,27416,2141,2141,1971,25445,8.978,4097,0.11369589622053138,0.9249112125824455,0.47625474175663846,0.20249930574840322,0.7411769937028553,8727.514,10,2026-09-18T18:12:33.378720+00:00
Llama-3.1-8B-Instruct,belief_bank_constraints,attn,29,25878,belief_bank_facts,64,4282,27416,2141,2141,1971,25445,9.4325,4097,0.12559388556083453,0.9254185692541856,0.5314414940180916,0.22117133503092035,0.7090288351862469,8738.708,10,2026-09-18T18:12:33.378720+00:00
Llama-3.1-8B-Instruct,belief_bank_constraints,attn,29,25878,belief_bank_facts,67,4282,27416,2141,2141,1971,25445,8.3847,4097,0.11132227176375996,0.7727042110603755,0.5401955062737088,0.19460771786353182,0.6215067685607151,8748.823,10,2026-09-18T18:12:33.378720+00:00
Llama-3.1-8B-Instruct,belief_bank_constraints,attn,29,25878,belief_bank_facts,104,4282,27416,2141,2141,1971,25445,9.0987,4097,0.11318543323566346,0.6859462201927955,0.5910417274584184,0.19430870939925265,0.6522271402620369,8759.671,10,2026-09-18T18:12:33.378720+00:00
Llama-3.1-8B-Instruct,belief_bank_constraints,attn,29,25878,belief_bank_facts,123,4282,27416,2141,2141,1971,25445,10.2705,4097,0.1455647571074874,0.8650431253170979,0.6252553253574555,0.2491961414790997,0.7274018961720343,8771.674,10,2026-09-18T18:12:33.378720+00:00
Llama-3.1-8B-Instruct,belief_bank_constraints,attn,29,25878,belief_bank_facts,420,4282,27416,2141,2141,1971,25445,8.3777,4097,0.11761125388881374,0.8822932521562659,0.5156477969069156,0.20755505162021842,0.7005495084502452,8781.761,10,2026-09-18T18:12:33.378720+00:00
Llama-3.1-8B-Instruct,belief_bank_constraints,attn,29,25878,belief_bank_facts,511,4282,27416,2141,2141,1971,25445,9.1615,4097,0.11935194984938532,0.7437848807711821,0.5870294718412605,0.20569664655535289,0.6939375214534906,8792.642,10,2026-09-18T18:12:33.378720+00:00
Llama-3.1-8B-Instruct,belief_bank_constraints,attn,29,25878,belief_bank_facts,mean,0,0,0,0,0,0,9.18882,4097.0,0.12206975363093345,0.832369355657027,0.5538298803618326,0.21241793965615408,0.6924638581897724,9471.354,10,2026-09-18T18:12:33.378720+00:00
Llama-3.1-8B-Instruct,belief_bank_constraints,attn,29,25878,belief_bank_facts,std,0,0,0,0,0,0,0.5905505766655382,0.0,0.010914246240378164,0.09326292110164587,0.06018783930577401,0.016803470594314023,0.03310949124544248,9471.354,10,2026-09-18T18:12:33.378720+00:00
Llama-3.1-8B-Instruct,belief_bank_constraints,attn,29,25878,halu_eval,2,4282,10000,2141,2141,1912,8088,9.0059,4097,0.19202259089304624,0.5690376569037657,0.4598,0.28714700448667196,0.4932772711470892,8802.497,10,2026-09-18T18:12:33.378720+00:00
Llama-3.1-8B-Instruct,belief_bank_constraints,attn,29,25878,halu_eval,4,4282,10000,2141,2141,1912,8088,9.6568,4097,0.1915173434160776,0.6093096234309623,0.4335,0.29143214509068166,0.49650558681904905,8813.035,10,2026-09-18T18:12:33.378720+00:00
Llama-3.1-8B-Instruct,belief_bank_constraints,attn,29,25878,halu_eval,24,4282,10000,2141,2141,1912,8088,9.0004,4097,0.19061670109176748,0.6757322175732218,0.3894,0.29735327963176067,0.4997277269595124,8822.915,10,2026-09-18T18:12:33.378720+00:00
Llama-3.1-8B-Instruct,belief_bank_constraints,attn,29,25878,halu_eval,42,4282,10000,2141,2141,1912,8088,8.9025,4097,0.19394213381555153,0.448744769874477,0.538,0.2708333333333333,0.5013483674869325,8832.692,10,2026-09-18T18:12:33.378720+00:00
Llama-3.1-8B-Instruct,belief_bank_constraints,attn,29,25878,halu_eval,64,4282,10000,2141,2141,1912,8088,9.4473,4097,0.18885869565217392,0.6542887029288703,0.3966,0.2931115276476101,0.49069725695177313,8843.027,10,2026-09-18T18:12:33.378720+00:00
Llama-3.1-8B-Instruct,belief_bank_constraints,attn,29,25878,halu_eval,67,4282,10000,2141,2141,1912,8088,8.3391,4097,0.18823078397546483,0.5135983263598326,0.4835,0.27549445925094684,0.49383778954512914,8852.254,10,2026-09-18T18:12:33.378720+00:00
Llama-3.1-8B-Instruct,belief_bank_constraints,attn,29,25878,halu_eval,104,4282,10000,2141,2141,1912,8088,8.1807,4097,0.1874595992243051,0.606694560669456,0.422,0.28641975308641976,0.49131138284311904,8861.311,10,2026-09-18T18:12:33.378720+00:00
Llama-3.1-8B-Instruct,belief_bank_constraints,attn,29,25878,halu_eval,123,4282,10000,2141,2141,1912,8088,9.5618,4097,0.18694082561607284,0.622907949790795,0.4099,0.28757696486780154,0.4982956179721804,8871.775,10,2026-09-18T18:12:33.378720+00:00
Llama-3.1-8B-Instruct,belief_bank_constraints,attn,29,25878,halu_eval,420,4282,10000,2141,2141,1912,8088,7.1616,4097,0.19267548321464903,0.4952928870292887,0.5067,0.277427859967775,0.5021901150627615,8879.84,10,2026-09-18T18:12:33.378720+00:00
Llama-3.1-8B-Instruct,belief_bank_constraints,attn,29,25878,halu_eval,511,4282,10000,2141,2141,1912,8088,7.8686,4097,0.18919371027099363,0.5915271966527197,0.4372,0.28669201520912546,0.4977882867433131,8888.613,10,2026-09-18T18:12:33.378720+00:00
Llama-3.1-8B-Instruct,belief_bank_constraints,attn,29,25878,halu_eval,mean,0,0,0,0,0,0,8.71247,4097.0,0.1901457867170102,0.578713389121339,0.44766000000000006,0.2853488342572127,0.49649794015308596,9471.354,10,2026-09-18T18:12:33.378720+00:00
Llama-3.1-8B-Instruct,belief_bank_constraints,attn,29,25878,halu_eval,std,0,0,0,0,0,0,0.7679655461672745,0.0,0.0022395223838559747,0.06866230614627022,0.046340526539952055,0.007893491496479286,0.0038633293169062295,9471.354,10,2026-09-18T18:12:33.378720+00:00
Llama-3.1-8B-Instruct,belief_bank_constraints,attn,30,25878,belief_bank_constraints,2,4282,7764,2141,2141,917,6847,7.4475,4097,0.6768060836501901,0.9705561613958561,0.9417825862957239,0.7974910394265233,0.9767964669113776,8897.817,10,2026-09-18T18:12:33.378720+00:00
Llama-3.1-8B-Instruct,belief_bank_constraints,attn,30,25878,belief_bank_constraints,4,4282,7764,2141,2141,917,6847,8.4314,4097,0.7317275747508306,0.960741548527808,0.9537609479649665,0.8307402168788307,0.9857206086802378,8907.03,10,2026-09-18T18:12:33.378720+00:00
Llama-3.1-8B-Instruct,belief_bank_constraints,attn,30,25878,belief_bank_constraints,24,4282,7764,2141,2141,917,6847,7.2712,4097,0.7043137254901961,0.9792802617230099,0.9489953632148377,0.8193430656934306,0.9846552605882206,8915.119,10,2026-09-18T18:12:33.378720+00:00
Llama-3.1-8B-Instruct,belief_bank_constraints,attn,30,25878,belief_bank_constraints,42,4282,7764,2141,2141,917,6847,6.6976,4097,0.6858678955453149,0.9738276990185387,0.9442297784647089,0.8048670572329878,0.977093821506653,8922.622,10,2026-09-18T18:12:33.378720+00:00
Llama-3.1-8B-Instruct,belief_bank_constraints,attn,30,25878,belief_bank_constraints,64,4282,7764,2141,2141,917,6847,9.2284,4097,0.7234387672343877,0.9727371864776445,0.9528593508500772,0.8297674418604651,0.9805161069196023,8932.636,10,2026-09-18T18:12:33.378720+00:00
Llama-3.1-8B-Instruct,belief_bank_constraints,attn,30,25878,belief_bank_constraints,67,4282,7764,2141,2141,917,6847,7.8579,4097,0.6934594168636722,0.9596510359869138,0.9451313755795981,0.8051235132662397,0.9803502286062765,8941.283,10,2026-09-18T18:12:33.378720+00:00
Llama-3.1-8B-Instruct,belief_bank_constraints,attn,30,25878,belief_bank_constraints,104,4282,7764,2141,2141,917,6847,7.4076,4097,0.684732824427481,0.9781897491821155,0.9442297784647089,0.8055680287382129,0.9803378056505019,8949.505,10,2026-09-18T18:12:33.378720+00:00
Llama-3.1-8B-Instruct,belief_bank_constraints,attn,30,25878,belief_bank_constraints,123,4282,7764,2141,2141,917,6847,8.8583,4097,0.6967340590979783,0.9770992366412213,0.9470633693972179,0.8134362233318202,0.9789733510079079,8959.176,10,2026-09-18T18:12:33.378720+00:00
Llama-3.1-8B-Instruct,belief_bank_constraints,attn,30,25878,belief_bank_constraints,420,4282,7764,2141,2141,917,6847,8.3645,4097,0.7086677367576244,0.9629225736095965,0.9488665636269964,0.816458622283865,0.9802545081393453,8968.339,10,2026-09-18T18:12:33.378720+00:00
Llama-3.1-8B-Instruct,belief_bank_constraints,attn,30,25878,belief_bank_constraints,511,4282,7764,2141,2141,917,6847,7.6418,4097,0.7052797478329393,0.9760087241003271,0.9489953632148377,0.818847209515096,0.9804884738064367,8976.781,10,2026-09-18T18:12:33.378720+00:00
Llama-3.1-8B-Instruct,belief_bank_constraints,attn,30,25878,belief_bank_constraints,mean,0,0,0,0,0,0,7.920620000000001,4097.0,0.7011027831650614,0.9711014176663031,0.9475914477073673,0.8141642418227472,0.980518663181656,9471.354,10,2026-09-18T18:12:33.378720+00:00
Llama-3.1-8B-Instruct,belief_bank_constraints,attn,30,25878,belief_bank_constraints,std,0,0,0,0,0,0,0.7438876713590566,0.0,0.016400224104842393,0.007020902334926885,0.003661376076442305,0.010453852724523401,0.0026884145110798465,9471.354,10,2026-09-18T18:12:33.378720+00:00
Llama-3.1-8B-Instruct,belief_bank_constraints,attn,30,25878,belief_bank_facts,2,4282,27416,2141,2141,1971,25445,8.3233,4097,0.15221507004922377,0.8158295281582952,0.6600889991245987,0.25656162744315913,0.7558229820708388,8986.873,10,2026-09-18T18:12:33.378720+00:00
Llama-3.1-8B-Instruct,belief_bank_constraints,attn,30,25878,belief_bank_facts,4,4282,27416,2141,2141,1971,25445,9.2637,4097,0.12021747885622232,0.908675799086758,0.5153559964983951,0.21234216610350345,0.7199029871035297,8997.897,10,2026-09-18T18:12:33.378720+00:00
Llama-3.1-8B-Instruct,belief_bank_constraints,attn,30,25878,belief_bank_facts,24,4282,27416,2141,2141,1971,25445,8.1919,4097,0.12987387387387386,0.9142567224759005,0.5534724248613948,0.22743910135049855,0.7572828911733398,9007.859,10,2026-09-18T18:12:33.378720+00:00
Llama-3.1-8B-Instruct,belief_bank_constraints,attn,30,25878,belief_bank_facts,42,4282,27416,2141,2141,1971,25445,7.7778,4097,0.1238142785821268,0.8807711821410451,0.5433323606653049,0.21710855427713857,0.7451484529210594,9017.407,10,2026-09-18T18:12:33.378720+00:00
Llama-3.1-8B-Instruct,belief_bank_constraints,attn,30,25878,belief_bank_facts,64,4282,27416,2141,2141,1971,25445,8.8236,4097,0.12985630654603514,0.7427701674277016,0.6236868981616575,0.22106455266138164,0.7280500445694242,9027.993,10,2026-09-18T18:12:33.378720+00:00
Llama-3.1-8B-Instruct,belief_bank_constraints,attn,30,25878,belief_bank_facts,67,4282,27416,2141,2141,1971,25445,7.6764,4097,0.14408127208480564,0.8274987316083207,0.634191712868398,0.2454292378301106,0.7543280395365337,9037.427,10,2026-09-18T18:12:33.378720+00:00
Llama-3.1-8B-Instruct,belief_bank_constraints,attn,30,25878,belief_bank_facts,104,4282,27416,2141,2141,1971,25445,7.4729,4097,0.12267741213342288,0.8340943683409436,0.5592354829296761,0.21389539422326306,0.6552410323038349,9046.656,10,2026-09-18T18:12:33.378720+00:00
Llama-3.1-8B-Instruct,belief_bank_constraints,attn,30,25878,belief_bank_facts,123,4282,27416,2141,2141,1971,25445,8.8251,4097,0.1286872640849993,0.9340436326737697,0.5405967318354246,0.22620876082816244,0.7531963121381071,9057.234,10,2026-09-18T18:12:33.378720+00:00
Llama-3.1-8B-Instruct,belief_bank_constraints,attn,30,25878,belief_bank_facts,420,4282,27416,2141,2141,1971,25445,8.232,4097,0.1438806473364801,0.8660578386605784,0.61989349285089,0.24676544994578967,0.7440642708943664,9067.216,10,2026-09-18T18:12:33.378720+00:00
Llama-3.1-8B-Instruct,belief_bank_constraints,attn,30,25878,belief_bank_facts,511,4282,27416,2141,2141,1971,25445,7.4549,4097,0.1340981896744394,0.91324200913242,0.5698132477385468,0.2338573470183188,0.7490218803421872,9076.419,10,2026-09-18T18:12:33.378720+00:00
Llama-3.1-8B-Instruct,belief_bank_constraints,attn,30,25878,belief_bank_facts,mean,0,0,0,0,0,0,8.20416,4097.0,0.13294017932216293,0.8637239979705733,0.5819667347534286,0.23006721916813264,0.7362058893053222,9471.354,10,2026-09-18T18:12:33.378720+00:00
Llama-3.1-8B-Instruct,belief_bank_constraints,attn,30,25878,belief_bank_facts,std,0,0,0,0,0,0,0.588511879574236,0.0,0.010020746175228603,0.05601879386495437,0.04596408679610315,0.014413939085636296,0.029393436100022107,9471.354,10,2026-09-18T18:12:33.378720+00:00
Llama-3.1-8B-Instruct,belief_bank_constraints,attn,30,25878,halu_eval,2,4282,10000,2141,2141,1912,8088,8.3533,4097,0.19234894529853414,0.5627615062761506,0.4646,0.28670397015720755,0.503494316183074,9085.633,10,2026-09-18T18:12:33.378720+00:00
Llama-3.1-8B-Instruct,belief_bank_constraints,attn,30,25878,halu_eval,4,4282,10000,2141,2141,1912,8088,9.5402,4097,0.18776595744680852,0.5538702928870293,0.4566,0.2804555084745763,0.4980048506698285,9096.033,10,2026-09-18T18:12:33.378720+00:00
Llama-3.1-8B-Instruct,belief_bank_constraints,attn,30,25878,halu_eval,24,4282,10000,2141,2141,1912,8088,8.0551,4097,0.1851345189238486,0.4246861924686193,0.5326,0.2578596379803112,0.4953584575940802,9104.925,10,2026-09-18T18:12:33.378720+00:00
Llama-3.1-8B-Instruct,belief_bank_constraints,attn,30,25878,halu_eval,42,4282,10000,2141,2141,1912,8088,7.4305,4097,0.19087591240875912,0.547071129707113,0.47,0.283008658008658,0.5019437727880345,9113.227,10,2026-09-18T18:12:33.378720+00:00
Llama-3.1-8B-Instruct,belief_bank_constraints,attn,30,25878,halu_eval,64,4282,10000,2141,2141,1912,8088,8.7126,4097,0.18876920360233093,0.5591004184100419,0.4563,0.28224422442244224,0.4952963789528575,9122.811,10,2026-09-18T18:12:33.378720+00:00
Llama-3.1-8B-Instruct,belief_bank_constraints,attn,30,25878,halu_eval,67,4282,10000,2141,2141,1912,8088,7.5717,4097,0.1897258115348251,0.6297071129707112,0.415,0.2915960280939695,0.4957989572857563,9131.255,10,2026-09-18T18:12:33.378720+00:00
Llama-3.1-8B-Instruct,belief_bank_constraints,attn,30,25878,halu_eval,104,4282,10000,2141,2141,1912,8088,7.7544,4097,0.19147886165487746,0.608786610878661,0.4337,0.29132774371167564,0.5012988015718312,9139.856,10,2026-09-18T18:12:33.378720+00:00
Llama-3.1-8B-Instruct,belief_bank_constraints,attn,30,25878,halu_eval,123,4282,10000,2141,2141,1912,8088,8.9389,4097,0.18762575452716299,0.3901673640167364,0.5604,0.25339673913043476,0.5006552853237816,9149.622,10,2026-09-18T18:12:33.378720+00:00
Llama-3.1-8B-Instruct,belief_bank_constraints,attn,30,25878,halu_eval,420,4282,10000,2141,2141,1912,8088,7.5413,4097,0.19193003988953666,0.6542887029288703,0.4072,0.29679715302491105,0.49326116949952203,9158.051,10,2026-09-18T18:12:33.378720+00:00
Llama-3.1-8B-Instruct,belief_bank_constraints,attn,30,25878,halu_eval,511,4282,10000,2141,2141,1912,8088,6.8554,4097,0.18675252989880406,0.5308577405857741,0.4683,0.276303253028447,0.49023312211075654,9165.795,10,2026-09-18T18:12:33.378720+00:00
Llama-3.1-8B-Instruct,belief_bank_constraints,attn,30,25878,halu_eval,mean,0,0,0,0,0,0,8.07534,4097.0,0.18924075351854874,0.5461297071129707,0.46647000000000005,0.27996929160326334,0.49753451119795217,9471.354,10,2026-09-18T18:12:33.378720+00:00
Llama-3.1-8B-Instruct,belief_bank_constraints,attn,30,25878,halu_eval,std,0,0,0,0,0,0,0.7694965304665123,0.0,0.0022993324048316477,0.07900703161728519,0.045444626745083955,0.013474994962443247,0.004042518028436537,9471.354,10,2026-09-18T18:12:33.378720+00:00
Llama-3.1-8B-Instruct,belief_bank_constraints,attn,31,25878,belief_bank_constraints,2,4282,7764,2141,2141,917,6847,8.1446,4097,0.6790030211480362,0.9803707742639041,0.9429417825862957,0.8023203926818384,0.9810180421135016,9175.691,10,2026-09-18T18:12:33.378720+00:00
Llama-3.1-8B-Instruct,belief_bank_constraints,attn,31,25878,belief_bank_constraints,4,4282,7764,2141,2141,917,6847,9.0739,4097,0.7113985448666128,0.9596510359869138,0.9492529623905204,0.8170844939647168,0.984024556679656,9185.597,10,2026-09-18T18:12:33.378720+00:00
Llama-3.1-8B-Instruct,belief_bank_constraints,attn,31,25878,belief_bank_constraints,24,4282,7764,2141,2141,917,6847,8.4413,4097,0.7028704422032583,0.9880043620501636,0.9492529623905204,0.8213961922030825,0.985286760840104,9194.86,10,2026-09-18T18:12:33.378720+00:00
Llama-3.1-8B-Instruct,belief_bank_constraints,attn,31,25878,belief_bank_constraints,42,4282,7764,2141,2141,917,6847,8.1566,4097,0.6800606520090978,0.9781897491821155,0.9430705821741371,0.8023255813953488,0.9821052100124564,9203.839,10,2026-09-18T18:12:33.378720+00:00
Llama-3.1-8B-Instruct,belief_bank_constraints,attn,31,25878,belief_bank_constraints,64,4282,7764,2141,2141,917,6847,8.5831,4097,0.7149719775820657,0.9738276990185387,0.9510561566202989,0.8245614035087719,0.9840817341299527,9213.224,10,2026-09-18T18:12:33.378720+00:00
Llama-3.1-8B-Instruct,belief_bank_constraints,attn,31,25878,belief_bank_constraints,67,4282,7764,2141,2141,917,6847,7.4855,4097,0.6855828220858896,0.9749182115594329,0.9442297784647089,0.805042773525439,0.9831093989375825,9221.545,10,2026-09-18T18:12:33.378720+00:00
Llama-3.1-8B-Instruct,belief_bank_constraints,attn,31,25878,belief_bank_constraints,104,4282,7764,2141,2141,917,6847,9.2097,4097,0.6984375,0.9749182115594329,0.9473209685729006,0.813837050523441,0.9838587580006621,9231.587,10,2026-09-18T18:12:33.378720+00:00
Llama-3.1-8B-Instruct,belief_bank_constraints,attn,31,25878,belief_bank_constraints,123,4282,7764,2141,2141,917,6847,9.3944,4097,0.6944660950896336,0.9716466739367503,0.9461617722823287,0.81,0.9832860278857133,9241.811,10,2026-09-18T18:12:33.378720+00:00
Llama-3.1-8B-Instruct,belief_bank_constraints,attn,31,25878,belief_bank_constraints,420,4282,7764,2141,2141,917,6847,8.6573,4097,0.6981132075471698,0.9683751363140676,0.9468057702215353,0.8113293741434445,0.9842387730324388,9251.293,10,2026-09-18T18:12:33.378720+00:00
Llama-3.1-8B-Instruct,belief_bank_constraints,attn,31,25878,belief_bank_constraints,511,4282,7764,2141,2141,917,6847,8.8293,4097,0.6882217090069284,0.9749182115594329,0.9448737764039155,0.8068592057761733,0.9802244063618912,9260.949,10,2026-09-18T18:12:33.378720+00:00
Llama-3.1-8B-Instruct,belief_bank_constraints,attn,31,25878,belief_bank_constraints,mean,0,0,0,0,0,0,8.597570000000001,4097.0,0.6953125971538692,0.9744820065430753,0.946496651210716,0.8114756467722257,0.9831233667993959,9471.354,10,2026-09-18T18:12:33.378720+00:00
Llama-3.1-8B-Instruct,belief_bank_constraints,attn,31,25878,belief_bank_constraints,std,0,0,0,0,0,0,0.5435773782084753,0.0,0.011680189614560573,0.007053854581808623,0.0026271327423333904,0.007342508659422679,0.0014864547360667788,9471.354,10,2026-09-18T18:12:33.378720+00:00
Llama-3.1-8B-Instruct,belief_bank_constraints,attn,31,25878,belief_bank_facts,2,4282,27416,2141,2141,1971,25445,9.1318,4097,0.13265874489417007,0.7250126839167935,0.6394441202217683,0.22427999686102174,0.7096427676650396,9271.884,10,2026-09-18T18:12:33.378720+00:00
Llama-3.1-8B-Instruct,belief_bank_constraints,attn,31,25878,belief_bank_facts,4,4282,27416,2141,2141,1971,25445,10.0001,4097,0.14616384915474642,0.8554033485540334,0.6303618325065655,0.24966681474900043,0.7858134739934591,9283.654,10,2026-09-18T18:12:33.378720+00:00
Llama-3.1-8B-Instruct,belief_bank_constraints,attn,31,25878,belief_bank_facts,24,4282,27416,2141,2141,1971,25445,9.6536,4097,0.10061631073527304,0.7123287671232876,0.5215567551794572,0.1763265306122449,0.6663181368594872,9295.102,10,2026-09-18T18:12:33.378720+00:00
Llama-3.1-8B-Instruct,belief_bank_constraints,attn,31,25878,belief_bank_facts,42,4282,27416,2141,2141,1971,25445,9.02,4097,0.12834147743604485,0.9061390157280568,0.5508097461336446,0.2248379177944231,0.7864948014634283,9305.88,10,2026-09-18T18:12:33.378720+00:00
Llama-3.1-8B-Instruct,belief_bank_constraints,attn,31,25878,belief_bank_facts,64,4282,27416,2141,2141,1971,25445,9.1995,4097,0.1490888382687927,0.6641298833079655,0.7033484096877736,0.243512231420333,0.7590894657541225,9316.878,10,2026-09-18T18:12:33.378720+00:00
Llama-3.1-8B-Instruct,belief_bank_constraints,attn,31,25878,belief_bank_facts,67,4282,27416,2141,2141,1971,25445,8.6061,4097,0.11279735019572418,0.9502790461694571,0.4590749927049898,0.20165805340223944,0.639807220416216,9327.274,10,2026-09-18T18:12:33.378720+00:00
Llama-3.1-8B-Instruct,belief_bank_constraints,attn,31,25878,belief_bank_facts,104,4282,27416,2141,2141,1971,25445,9.0897,4097,0.1298771536738005,0.8528665651953323,0.5786402100962942,0.22542577444012338,0.7211972899636595,9338.151,10,2026-09-18T18:12:33.378720+00:00
Llama-3.1-8B-Instruct,belief_bank_constraints,attn,31,25878,belief_bank_facts,123,4282,27416,2141,2141,1971,25445,9.1297,4097,0.12090306834030684,0.7037037037037037,0.6108476801867523,0.20635274864241612,0.7192484581152591,9349.072,10,2026-09-18T18:12:33.378720+00:00
Llama-3.1-8B-Instruct,belief_bank_constraints,attn,31,25878,belief_bank_facts,420,4282,27416,2141,2141,1971,25445,8.7134,4097,0.1277790424159648,0.854388635210553,0.5702509483513277,0.22231023102310232,0.7579286867278426,9359.581,10,2026-09-18T18:12:33.378720+00:00
Llama-3.1-8B-Instruct,belief_bank_constraints,attn,31,25878,belief_bank_facts,511,4282,27416,2141,2141,1971,25445,8.897,4097,0.1617314313821938,0.8340943683409436,0.6772687481762475,0.27092946605141727,0.800100992790032,9370.284,10,2026-09-18T18:12:33.378720+00:00
Llama-3.1-8B-Instruct,belief_bank_constraints,attn,31,25878,belief_bank_facts,mean,0,0,0,0,0,0,9.144090000000002,4097.0,0.13099572664970174,0.8058346017250126,0.5941603443244821,0.22452997649963216,0.7345641293748546,9471.354,10,2026-09-18T18:12:33.378720+00:00
Llama-3.1-8B-Instruct,belief_bank_constraints,attn,31,25878,belief_bank_facts,std,0,0,0,0,0,0,0.3937155228080296,0.0,0.016969020814225584,0.09194390620448452,0.06977092318260297,0.025155705089445573,0.05043458029940947,9471.354,10,2026-09-18T18:12:33.378720+00:00
Llama-3.1-8B-Instruct,belief_bank_constraints,attn,31,25878,halu_eval,2,4282,10000,2141,2141,1912,8088,9.4778,4097,0.19434306569343066,0.4456066945606695,0.5408,0.27064803049555275,0.5000922126483163,9380.676,10,2026-09-18T18:12:33.378720+00:00
Llama-3.1-8B-Instruct,belief_bank_constraints,attn,31,25878,halu_eval,4,4282,10000,2141,2141,1912,8088,10.1545,4097,0.18605636787454968,0.4592050209205021,0.5125,0.26481676971799123,0.4907601762412624,9391.74,10,2026-09-18T18:12:33.378720+00:00
Llama-3.1-8B-Instruct,belief_bank_constraints,attn,31,25878,halu_eval,24,4282,10000,2141,2141,1912,8088,9.3687,4097,0.19134968140567676,0.518305439330544,0.4891,0.27950923706106334,0.4992764281708736,9402.022,10,2026-09-18T18:12:33.378720+00:00
Llama-3.1-8B-Instruct,belief_bank_constraints,attn,31,25878,halu_eval,42,4282,10000,2141,2141,1912,8088,9.0882,4097,0.19212630715603854,0.49006276150627615,0.5085,0.27603476211518635,0.5046023552636479,9412.008,10,2026-09-18T18:12:33.378720+00:00
Llama-3.1-8B-Instruct,belief_bank_constraints,attn,31,25878,halu_eval,64,4282,10000,2141,2141,1912,8088,9.0091,4097,0.19350399119185246,0.36767782426778245,0.5861,0.25356176735798014,0.4965330372182146,9421.914,10,2026-09-18T18:12:33.378720+00:00
Llama-3.1-8B-Instruct,belief_bank_constraints,attn,31,25878,halu_eval,67,4282,10000,2141,2141,1912,8088,8.3141,4097,0.18625384989463445,0.6009414225941423,0.4217,0.28437074619477787,0.491307729256422,9431.109,10,2026-09-18T18:12:33.378720+00:00
Llama-3.1-8B-Instruct,belief_bank_constraints,attn,31,25878,halu_eval,104,4282,10000,2141,2141,1912,8088,9.2155,4097,0.19124087591240876,0.3425732217573222,0.5973,0.2454562488289301,0.4883352939837519,9441.202,10,2026-09-18T18:12:33.378720+00:00
Llama-3.1-8B-Instruct,belief_bank_constraints,attn,31,25878,halu_eval,123,4282,10000,2141,2141,1912,8088,9.1028,4097,0.19266681849237074,0.4424686192468619,0.5389,0.26844359828653025,0.49503506667246067,9451.141,10,2026-09-18T18:12:33.378720+00:00
Llama-3.1-8B-Instruct,belief_bank_constraints,attn,31,25878,halu_eval,420,4282,10000,2141,2141,1912,8088,8.9154,4097,0.18998234774933803,0.4503138075313807,0.5278,0.2672253258845438,0.49952312610448246,9460.909,10,2026-09-18T18:12:33.378720+00:00
Llama-3.1-8B-Instruct,belief_bank_constraints,attn,31,25878,halu_eval,511,4282,10000,2141,2141,1912,8088,8.7092,4097,0.1921015514809591,0.3561715481171548,0.5905,0.24958768554150632,0.49829361334939104,9470.514,10,2026-09-18T18:12:33.378720+00:00
Llama-3.1-8B-Instruct,belief_bank_constraints,attn,31,25878,halu_eval,mean,0,0,0,0,0,0,9.135530000000001,4097.0,0.19096248568512592,0.44733263598326367,0.53132,0.26596541714840616,0.4963759038908823,9471.354,10,2026-09-18T18:12:33.378720+00:00
Llama-3.1-8B-Instruct,belief_bank_constraints,attn,31,25878,halu_eval,std,0,0,0,0,0,0,0.4626521069875293,0.0,0.002662209759787852,0.07500993803895431,0.05068551666896571,0.012236276065513276,0.004766317713544785,9471.354,10,2026-09-18T18:12:33.378720+00:00
